security_key,canonical_company_name,ticker_segment_count,latest_project_ticker,ticker_history_pipe,multiple_ticker_segments_flag,security_table_ticker,exact_legal_name_alias,suffix_stripped_alias_candidate,suffix_stripped_diff_flag,base_token_count,base_alias_length,exact_alias_security_count,duplicate_exact_alias_flag,ticker_like_exact_name_flag,structural_ambiguity_tier,current_name_point_in_time_validated,production_alias_status,production_aliases_pipe,historical_name_review_flag
AAPL,APPLE INC,1,AAPL,AAPL[?→OPEN],0,,apple inc,apple,1,1,5,1,0,0,HIGH,0,CANDIDATE_EXACT_NAME_ONLY_PENDING_PIT_NAME_HISTORY_REVIEW,apple inc,1
ABBV,ABBVIE INC,1,ABBV,ABBV[?→OPEN],0,,abbvie inc,abbvie,1,1,6,1,0,0,HIGH,0,CANDIDATE_EXACT_NAME_ONLY_PENDING_PIT_NAME_HISTORY_REVIEW,abbvie inc,1
ABMD,Abiomed,1,ABMD,ABMD[?→OPEN],0,,abiomed,abiomed,0,1,7,1,0,0,HIGH,0,CANDIDATE_EXACT_NAME_ONLY_PENDING_PIT_NAME_HISTORY_REVIEW,abiomed,1
ABNB,Airbnb,1,ABNB,ABNB[?→OPEN],0,,airbnb,airbnb,0,1,6,1,0,0,HIGH,0,CANDIDATE_EXACT_NAME_ONLY_PENDING_PIT_NAME_HISTORY_REVIEW,airbnb,1
ADBE,ADOBE INC,1,ADBE,ADBE[?→OPEN],0,,adobe inc,adobe,1,1,5,1,0,0,HIGH,0,CANDIDATE_EXACT_NAME_ONLY_PENDING_PIT_NAME_HISTORY_REVIEW,adobe inc,1
ADSK,AUTODESK INC,1,ADSK,ADSK[?→OPEN],0,,autodesk inc,autodesk,1,1,8,1,0,0,HIGH,0,CANDIDATE_EXACT_NAME_ONLY_PENDING_PIT_NAME_HISTORY_REVIEW,autodesk inc,1
AEE,AMEREN CORPORATION,1,AEE,AEE[?→OPEN],0,,ameren corporation,ameren,1,1,6,1,0,0,HIGH,0,CANDIDATE_EXACT_NAME_ONLY_PENDING_PIT_NAME_HISTORY_REVIEW,ameren corporation,1
AES,AES CORP,1,AES,AES[?→OPEN],0,,aes corp,aes,1,1,3,1,0,0,HIGH,0,CANDIDATE_EXACT_NAME_ONLY_PENDING_PIT_NAME_HISTORY_REVIEW,aes corp,1
AFL,AFLAC INC,1,AFL,AFL[?→OPEN],0,,aflac inc,aflac,1,1,5,1,0,0,HIGH,0,CANDIDATE_EXACT_NAME_ONLY_PENDING_PIT_NAME_HISTORY_REVIEW,aflac inc,1
AIZ,ASSURANT INC,1,AIZ,AIZ[?→OPEN],0,,assurant inc,assurant,1,1,8,1,0,0,HIGH,0,CANDIDATE_EXACT_NAME_ONLY_PENDING_PIT_NAME_HISTORY_REVIEW,assurant inc,1
ALB,ALBEMARLE CORP,1,ALB,ALB[?→OPEN],0,,albemarle corp,albemarle,1,1,9,1,0,0,HIGH,0,CANDIDATE_EXACT_NAME_ONLY_PENDING_PIT_NAME_HISTORY_REVIEW,albemarle corp,1
ALL,ALLSTATE CORP,1,ALL,ALL[?→OPEN],0,,allstate corp,allstate,1,1,8,1,0,0,HIGH,0,CANDIDATE_EXACT_NAME_ONLY_PENDING_PIT_NAME_HISTORY_REVIEW,allstate corp,1
ALLE,ALLEGION PLC,1,ALLE,ALLE[?→OPEN],0,,allegion plc,allegion,1,1,8,1,0,0,HIGH,0,CANDIDATE_EXACT_NAME_ONLY_PENDING_PIT_NAME_HISTORY_REVIEW,allegion plc,1
AMCR,AMCOR PLC,1,AMCR,AMCR[?→OPEN],0,,amcor plc,amcor,1,1,5,1,0,0,HIGH,0,CANDIDATE_EXACT_NAME_ONLY_PENDING_PIT_NAME_HISTORY_REVIEW,amcor plc,1
AME,AMETEK INC,1,AME,AME[?→OPEN],0,,ametek inc,ametek,1,1,6,1,0,0,HIGH,0,CANDIDATE_EXACT_NAME_ONLY_PENDING_PIT_NAME_HISTORY_REVIEW,ametek inc,1
AMGN,AMGEN INC,1,AMGN,AMGN[?→OPEN],0,,amgen inc,amgen,1,1,5,1,0,0,HIGH,0,CANDIDATE_EXACT_NAME_ONLY_PENDING_PIT_NAME_HISTORY_REVIEW,amgen inc,1
AMTM,Amentum,1,AMTM,AMTM[?→OPEN],0,,amentum,amentum,0,1,7,1,0,0,HIGH,0,CANDIDATE_EXACT_NAME_ONLY_PENDING_PIT_NAME_HISTORY_REVIEW,amentum,1
ANSS,ANSYS,1,ANSS,ANSS[?→OPEN],0,,ansys,ansys,0,1,5,1,0,0,HIGH,0,CANDIDATE_EXACT_NAME_ONLY_PENDING_PIT_NAME_HISTORY_REVIEW,ansys,1
APA,APA CORP,1,APA,APA[?→OPEN],0,,apa corp,apa,1,1,3,1,0,0,HIGH,0,CANDIDATE_EXACT_NAME_ONLY_PENDING_PIT_NAME_HISTORY_REVIEW,apa corp,1
APP,AppLovin,1,APP,APP[?→OPEN],0,,applovin,applovin,0,1,8,1,0,0,HIGH,0,CANDIDATE_EXACT_NAME_ONLY_PENDING_PIT_NAME_HISTORY_REVIEW,applovin,1
APTV,APTIV PLC,1,APTV,APTV[?→OPEN],0,,aptiv plc,aptiv,1,1,5,1,0,0,HIGH,0,CANDIDATE_EXACT_NAME_ONLY_PENDING_PIT_NAME_HISTORY_REVIEW,aptiv plc,1
AVGO,BROADCOM INC,1,AVGO,AVGO[?→OPEN],0,,broadcom inc,broadcom,1,1,8,1,0,0,HIGH,0,CANDIDATE_EXACT_NAME_ONLY_PENDING_PIT_NAME_HISTORY_REVIEW,broadcom inc,1
AZO,AUTOZONE INC,1,AZO,AZO[?→OPEN],0,,autozone inc,autozone,1,1,8,1,0,0,HIGH,0,CANDIDATE_EXACT_NAME_ONLY_PENDING_PIT_NAME_HISTORY_REVIEW,autozone inc,1
BALL,BALL CORP,1,BALL,BALL[?→OPEN],0,,ball corp,ball,1,1,4,1,0,0,HIGH,0,CANDIDATE_EXACT_NAME_ONLY_PENDING_PIT_NAME_HISTORY_REVIEW,ball corp,1
BBY,BEST BUY CO INC,1,BBY,BBY[?→OPEN],0,,best buy co inc,best buy,1,2,8,1,0,0,HIGH,0,CANDIDATE_EXACT_NAME_ONLY_PENDING_PIT_NAME_HISTORY_REVIEW,best buy co inc,1
BG,Bunge,1,BG,BG[?→OPEN],0,,bunge,bunge,0,1,5,1,0,0,HIGH,0,CANDIDATE_EXACT_NAME_ONLY_PENDING_PIT_NAME_HISTORY_REVIEW,bunge,1
BIIB,BIOGEN INC,1,BIIB,BIIB[?→OPEN],0,,biogen inc,biogen,1,1,6,1,0,0,HIGH,0,CANDIDATE_EXACT_NAME_ONLY_PENDING_PIT_NAME_HISTORY_REVIEW,biogen inc,1
BKNG,BOOKING HOLDINGS INC,1,BKNG,BKNG[?→OPEN],0,,booking holdings inc,booking,1,1,7,1,0,0,HIGH,0,CANDIDATE_EXACT_NAME_ONLY_PENDING_PIT_NAME_HISTORY_REVIEW,booking holdings inc,1
BLK,BLACKROCK INC,1,BLK,BLK[?→OPEN],0,,blackrock inc,blackrock,1,1,9,1,0,0,HIGH,0,CANDIDATE_EXACT_NAME_ONLY_PENDING_PIT_NAME_HISTORY_REVIEW,blackrock inc,1
BWA,Borgwarner,1,BWA,BWA[?→OPEN],0,,borgwarner,borgwarner,0,1,10,1,0,0,HIGH,0,CANDIDATE_EXACT_NAME_ONLY_PENDING_PIT_NAME_HISTORY_REVIEW,borgwarner,1
BX,Blackstone,1,BX,BX[?→OPEN],0,,blackstone,blackstone,0,1,10,1,0,0,HIGH,0,CANDIDATE_EXACT_NAME_ONLY_PENDING_PIT_NAME_HISTORY_REVIEW,blackstone,1
BXP,BXP INC,1,BXP,BXP[?→OPEN],0,,bxp inc,bxp,1,1,3,1,0,0,HIGH,0,CANDIDATE_EXACT_NAME_ONLY_PENDING_PIT_NAME_HISTORY_REVIEW,bxp inc,1
C,CITIGROUP INC,1,C,C[?→OPEN],0,,citigroup inc,citigroup,1,1,9,1,0,0,HIGH,0,CANDIDATE_EXACT_NAME_ONLY_PENDING_PIT_NAME_HISTORY_REVIEW,citigroup inc,1
CAT,CATERPILLAR INC,1,CAT,CAT[?→OPEN],0,,caterpillar inc,caterpillar,1,1,11,1,0,0,HIGH,0,CANDIDATE_EXACT_NAME_ONLY_PENDING_PIT_NAME_HISTORY_REVIEW,caterpillar inc,1
CB,CHUBB LTD,1,CB,CB[?→OPEN],0,,chubb ltd,chubb,1,1,5,1,0,0,HIGH,0,CANDIDATE_EXACT_NAME_ONLY_PENDING_PIT_NAME_HISTORY_REVIEW,chubb ltd,1
CCL,CARNIVAL CORP LTD,1,CCL,CCL[?→OPEN],0,,carnival corp ltd,carnival,1,1,8,1,0,0,HIGH,0,CANDIDATE_EXACT_NAME_ONLY_PENDING_PIT_NAME_HISTORY_REVIEW,carnival corp ltd,1
CE,Celanese,1,CE,CE[?→OPEN],0,,celanese,celanese,0,1,8,1,0,0,HIGH,0,CANDIDATE_EXACT_NAME_ONLY_PENDING_PIT_NAME_HISTORY_REVIEW,celanese,1
CERN,Cerner,1,CERN,CERN[?→OPEN],0,,cerner,cerner,0,1,6,1,0,0,HIGH,0,CANDIDATE_EXACT_NAME_ONLY_PENDING_PIT_NAME_HISTORY_REVIEW,cerner,1
CLX,CLOROX COMPANY,1,CLX,CLX[?→OPEN],0,,clorox company,clorox,1,1,6,1,0,0,HIGH,0,CANDIDATE_EXACT_NAME_ONLY_PENDING_PIT_NAME_HISTORY_REVIEW,clorox company,1
CMA,Comerica,1,CMA,CMA[?→OPEN],0,,comerica,comerica,0,1,8,1,0,0,HIGH,0,CANDIDATE_EXACT_NAME_ONLY_PENDING_PIT_NAME_HISTORY_REVIEW,comerica,1
CMI,CUMMINS INC,1,CMI,CMI[?→OPEN],0,,cummins inc,cummins,1,1,7,1,0,0,HIGH,0,CANDIDATE_EXACT_NAME_ONLY_PENDING_PIT_NAME_HISTORY_REVIEW,cummins inc,1
CNC,CENTENE CORP,1,CNC,CNC[?→OPEN],0,,centene corp,centene,1,1,7,1,0,0,HIGH,0,CANDIDATE_EXACT_NAME_ONLY_PENDING_PIT_NAME_HISTORY_REVIEW,centene corp,1
COP,CONOCOPHILLIPS,1,COP,COP[?→OPEN],0,,conocophillips,conocophillips,0,1,14,1,0,0,HIGH,0,CANDIDATE_EXACT_NAME_ONLY_PENDING_PIT_NAME_HISTORY_REVIEW,conocophillips,1
COR,CENCORA INC,1,COR,COR[?→OPEN],0,,cencora inc,cencora,1,1,7,1,0,0,HIGH,0,CANDIDATE_EXACT_NAME_ONLY_PENDING_PIT_NAME_HISTORY_REVIEW,cencora inc,1
CPAY,CORPAY INC,1,CPAY,CPAY[?→OPEN],0,,corpay inc,corpay,1,1,6,1,0,0,HIGH,0,CANDIDATE_EXACT_NAME_ONLY_PENDING_PIT_NAME_HISTORY_REVIEW,corpay inc,1
CPRT,COPART INC,1,CPRT,CPRT[?→OPEN],0,,copart inc,copart,1,1,6,1,0,0,HIGH,0,CANDIDATE_EXACT_NAME_ONLY_PENDING_PIT_NAME_HISTORY_REVIEW,copart inc,1
CRH,CRH,1,CRH,CRH[?→OPEN],0,,crh,crh,0,1,3,1,0,1,HIGH,0,CANDIDATE_EXACT_NAME_ONLY_PENDING_PIT_NAME_HISTORY_REVIEW,crh,1
CRM,SALESFORCE INC,1,CRM,CRM[?→OPEN],0,,salesforce inc,salesforce,1,1,10,1,0,0,HIGH,0,CANDIDATE_EXACT_NAME_ONLY_PENDING_PIT_NAME_HISTORY_REVIEW,salesforce inc,1
CRWD,CrowdStrike Holdings,1,CRWD,CRWD[?→OPEN],0,,crowdstrike holdings,crowdstrike,1,1,11,1,0,0,HIGH,0,CANDIDATE_EXACT_NAME_ONLY_PENDING_PIT_NAME_HISTORY_REVIEW,crowdstrike holdings,1
CSX,CSX CORP,1,CSX,CSX[?→OPEN],0,,csx corp,csx,1,1,3,1,0,0,HIGH,0,CANDIDATE_EXACT_NAME_ONLY_PENDING_PIT_NAME_HISTORY_REVIEW,csx corp,1
CTAS,CINTAS CORP,1,CTAS,CTAS[?→OPEN],0,,cintas corp,cintas,1,1,6,1,0,0,HIGH,0,CANDIDATE_EXACT_NAME_ONLY_PENDING_PIT_NAME_HISTORY_REVIEW,cintas corp,1
CTLT,Catalent,1,CTLT,CTLT[?→OPEN],0,,catalent,catalent,0,1,8,1,0,0,HIGH,0,CANDIDATE_EXACT_NAME_ONLY_PENDING_PIT_NAME_HISTORY_REVIEW,catalent,1
CTVA,CORTEVA INC,1,CTVA,CTVA[?→OPEN],0,,corteva inc,corteva,1,1,7,1,0,0,HIGH,0,CANDIDATE_EXACT_NAME_ONLY_PENDING_PIT_NAME_HISTORY_REVIEW,corteva inc,1
CVNA,Carvana,1,CVNA,CVNA[?→OPEN],0,,carvana,carvana,0,1,7,1,0,0,HIGH,0,CANDIDATE_EXACT_NAME_ONLY_PENDING_PIT_NAME_HISTORY_REVIEW,carvana,1
CVX,CHEVRON CORP,1,CVX,CVX[?→OPEN],0,,chevron corp,chevron,1,1,7,1,0,0,HIGH,0,CANDIDATE_EXACT_NAME_ONLY_PENDING_PIT_NAME_HISTORY_REVIEW,chevron corp,1
DASH,DoorDash,1,DASH,DASH[?→OPEN],0,,doordash,doordash,0,1,8,1,0,0,HIGH,0,CANDIDATE_EXACT_NAME_ONLY_PENDING_PIT_NAME_HISTORY_REVIEW,doordash,1
DDOG,Datadog,1,DDOG,DDOG[?→OPEN],0,,datadog,datadog,0,1,7,1,0,0,HIGH,0,CANDIDATE_EXACT_NAME_ONLY_PENDING_PIT_NAME_HISTORY_REVIEW,datadog,1
DE,DEERE + CO,1,DE,DE[?→OPEN],0,,deere co,deere,1,1,5,1,0,0,HIGH,0,CANDIDATE_EXACT_NAME_ONLY_PENDING_PIT_NAME_HISTORY_REVIEW,deere co,1
DHR,DANAHER CORP,1,DHR,DHR[?→OPEN],0,,danaher corp,danaher,1,1,7,1,0,0,HIGH,0,CANDIDATE_EXACT_NAME_ONLY_PENDING_PIT_NAME_HISTORY_REVIEW,danaher corp,1
DOV,DOVER CORP,1,DOV,DOV[?→OPEN],0,,dover corp,dover,1,1,5,1,0,0,HIGH,0,CANDIDATE_EXACT_NAME_ONLY_PENDING_PIT_NAME_HISTORY_REVIEW,dover corp,1
DOW,DOW INC,1,DOW,DOW[?→OPEN],0,,dow inc,dow,1,1,3,1,0,0,HIGH,0,CANDIDATE_EXACT_NAME_ONLY_PENDING_PIT_NAME_HISTORY_REVIEW,dow inc,1
DVA,DAVITA INC,1,DVA,DVA[?→OPEN],0,,davita inc,davita,1,1,6,1,0,0,HIGH,0,CANDIDATE_EXACT_NAME_ONLY_PENDING_PIT_NAME_HISTORY_REVIEW,davita inc,1
DXCM,DEXCOM INC,1,DXCM,DXCM[?→OPEN],0,,dexcom inc,dexcom,1,1,6,1,0,0,HIGH,0,CANDIDATE_EXACT_NAME_ONLY_PENDING_PIT_NAME_HISTORY_REVIEW,dexcom inc,1
EBAY,EBAY INC,1,EBAY,EBAY[?→OPEN],0,,ebay inc,ebay,1,1,4,1,0,0,HIGH,0,CANDIDATE_EXACT_NAME_ONLY_PENDING_PIT_NAME_HISTORY_REVIEW,ebay inc,1
ECL,ECOLAB INC,1,ECL,ECL[?→OPEN],0,,ecolab inc,ecolab,1,1,6,1,0,0,HIGH,0,CANDIDATE_EXACT_NAME_ONLY_PENDING_PIT_NAME_HISTORY_REVIEW,ecolab inc,1
EFX,EQUIFAX INC,1,EFX,EFX[?→OPEN],0,,equifax inc,equifax,1,1,7,1,0,0,HIGH,0,CANDIDATE_EXACT_NAME_ONLY_PENDING_PIT_NAME_HISTORY_REVIEW,equifax inc,1
EQIX,EQUINIX INC,1,EQIX,EQIX[?→OPEN],0,,equinix inc,equinix,1,1,7,1,0,0,HIGH,0,CANDIDATE_EXACT_NAME_ONLY_PENDING_PIT_NAME_HISTORY_REVIEW,equinix inc,1
EQT,EQT,1,EQT,EQT[?→OPEN],0,,eqt,eqt,0,1,3,1,0,1,HIGH,0,CANDIDATE_EXACT_NAME_ONLY_PENDING_PIT_NAME_HISTORY_REVIEW,eqt,1
ETN,EATON CORP PLC,1,ETN,ETN[?→OPEN],0,,eaton corp plc,eaton,1,1,5,1,0,0,HIGH,0,CANDIDATE_EXACT_NAME_ONLY_PENDING_PIT_NAME_HISTORY_REVIEW,eaton corp plc,1
ETR,ENTERGY CORP,1,ETR,ETR[?→OPEN],0,,entergy corp,entergy,1,1,7,1,0,0,HIGH,0,CANDIDATE_EXACT_NAME_ONLY_PENDING_PIT_NAME_HISTORY_REVIEW,entergy corp,1
ETSY,Etsy,1,ETSY,ETSY[?→OPEN],0,,etsy,etsy,0,1,4,1,0,1,HIGH,0,CANDIDATE_EXACT_NAME_ONLY_PENDING_PIT_NAME_HISTORY_REVIEW,etsy,1
EVRG,EVERGY INC,1,EVRG,EVRG[?→OPEN],0,,evergy inc,evergy,1,1,6,1,0,0,HIGH,0,CANDIDATE_EXACT_NAME_ONLY_PENDING_PIT_NAME_HISTORY_REVIEW,evergy inc,1
EXC,EXELON CORP,1,EXC,EXC[?→OPEN],0,,exelon corp,exelon,1,1,6,1,0,0,HIGH,0,CANDIDATE_EXACT_NAME_ONLY_PENDING_PIT_NAME_HISTORY_REVIEW,exelon corp,1
FAST,FASTENAL CO,1,FAST,FAST[?→OPEN],0,,fastenal co,fastenal,1,1,8,1,0,0,HIGH,0,CANDIDATE_EXACT_NAME_ONLY_PENDING_PIT_NAME_HISTORY_REVIEW,fastenal co,1
FDX,FEDEX CORP,1,FDX,FDX[?→OPEN],0,,fedex corp,fedex,1,1,5,1,0,0,HIGH,0,CANDIDATE_EXACT_NAME_ONLY_PENDING_PIT_NAME_HISTORY_REVIEW,fedex corp,1
FE,FIRSTENERGY CORP,1,FE,FE[?→OPEN],0,,firstenergy corp,firstenergy,1,1,11,1,0,0,HIGH,0,CANDIDATE_EXACT_NAME_ONLY_PENDING_PIT_NAME_HISTORY_REVIEW,firstenergy corp,1
FFIV,F5 INC,1,FFIV,FFIV[?→OPEN],0,,f5 inc,f5,1,1,2,1,0,0,HIGH,0,CANDIDATE_EXACT_NAME_ONLY_PENDING_PIT_NAME_HISTORY_REVIEW,f5 inc,1
FISV,FISERV INC,1,FISV,FISV[?→OPEN],0,,fiserv inc,fiserv,1,1,6,1,0,0,HIGH,0,CANDIDATE_EXACT_NAME_ONLY_PENDING_PIT_NAME_HISTORY_REVIEW,fiserv inc,1
FLS,Flowserve,1,FLS,FLS[?→OPEN],0,,flowserve,flowserve,0,1,9,1,0,0,HIGH,0,CANDIDATE_EXACT_NAME_ONLY_PENDING_PIT_NAME_HISTORY_REVIEW,flowserve,1
FMC,FMC,1,FMC,FMC[?→OPEN],0,,fmc,fmc,0,1,3,1,0,1,HIGH,0,CANDIDATE_EXACT_NAME_ONLY_PENDING_PIT_NAME_HISTORY_REVIEW,fmc,1
FTI,TechnipFMC,1,FTI,FTI[?→OPEN],0,,technipfmc,technipfmc,0,1,10,1,0,0,HIGH,0,CANDIDATE_EXACT_NAME_ONLY_PENDING_PIT_NAME_HISTORY_REVIEW,technipfmc,1
FTNT,FORTINET INC,1,FTNT,FTNT[?→OPEN],0,,fortinet inc,fortinet,1,1,8,1,0,0,HIGH,0,CANDIDATE_EXACT_NAME_ONLY_PENDING_PIT_NAME_HISTORY_REVIEW,fortinet inc,1
FTRE,Fortrea Holdings,1,FTRE,FTRE[?→OPEN],0,,fortrea holdings,fortrea,1,1,7,1,0,0,HIGH,0,CANDIDATE_EXACT_NAME_ONLY_PENDING_PIT_NAME_HISTORY_REVIEW,fortrea holdings,1
FTV,FORTIVE CORP,1,FTV,FTV[?→OPEN],0,,fortive corp,fortive,1,1,7,1,0,0,HIGH,0,CANDIDATE_EXACT_NAME_ONLY_PENDING_PIT_NAME_HISTORY_REVIEW,fortive corp,1
GDDY,GoDaddy,1,GDDY,GDDY[?→OPEN],0,,godaddy,godaddy,0,1,7,1,0,0,HIGH,0,CANDIDATE_EXACT_NAME_ONLY_PENDING_PIT_NAME_HISTORY_REVIEW,godaddy,1
GLW,CORNING INC,1,GLW,GLW[?→OPEN],0,,corning inc,corning,1,1,7,1,0,0,HIGH,0,CANDIDATE_EXACT_NAME_ONLY_PENDING_PIT_NAME_HISTORY_REVIEW,corning inc,1
GNRC,Generac Holdings,1,GNRC,GNRC[?→OPEN],0,,generac holdings,generac,1,1,7,1,0,0,HIGH,0,CANDIDATE_EXACT_NAME_ONLY_PENDING_PIT_NAME_HISTORY_REVIEW,generac holdings,1
GPS,Gap,1,GPS,GPS[?→OPEN],0,,gap,gap,0,1,3,1,0,0,HIGH,0,CANDIDATE_EXACT_NAME_ONLY_PENDING_PIT_NAME_HISTORY_REVIEW,gap,1
GRMN,GARMIN LTD,1,GRMN,GRMN[?→OPEN],0,,garmin ltd,garmin,1,1,6,1,0,0,HIGH,0,CANDIDATE_EXACT_NAME_ONLY_PENDING_PIT_NAME_HISTORY_REVIEW,garmin ltd,1
HAL,HALLIBURTON CO,1,HAL,HAL[?→OPEN],0,,halliburton co,halliburton,1,1,11,1,0,0,HIGH,0,CANDIDATE_EXACT_NAME_ONLY_PENDING_PIT_NAME_HISTORY_REVIEW,halliburton co,1
HAS,HASBRO INC,1,HAS,HAS[?→OPEN],0,,hasbro inc,hasbro,1,1,6,1,0,0,HIGH,0,CANDIDATE_EXACT_NAME_ONLY_PENDING_PIT_NAME_HISTORY_REVIEW,hasbro inc,1
HBI,Hanesbrands,1,HBI,HBI[?→OPEN],0,,hanesbrands,hanesbrands,0,1,11,1,0,0,HIGH,0,CANDIDATE_EXACT_NAME_ONLY_PENDING_PIT_NAME_HISTORY_REVIEW,hanesbrands,1
HES,Hess,1,HES,HES[?→OPEN],0,,hess,hess,0,1,4,1,0,0,HIGH,0,CANDIDATE_EXACT_NAME_ONLY_PENDING_PIT_NAME_HISTORY_REVIEW,hess,1
HFC,HollyFrontier,1,HFC,HFC[?→OPEN],0,,hollyfrontier,hollyfrontier,0,1,13,1,0,0,HIGH,0,CANDIDATE_EXACT_NAME_ONLY_PENDING_PIT_NAME_HISTORY_REVIEW,hollyfrontier,1
HOLX,Hologic,1,HOLX,HOLX[?→OPEN],0,,hologic,hologic,0,1,7,1,0,0,HIGH,0,CANDIDATE_EXACT_NAME_ONLY_PENDING_PIT_NAME_HISTORY_REVIEW,hologic,1
HPQ,HP INC,1,HPQ,HPQ[?→OPEN],0,,hp inc,hp,1,1,2,1,0,0,HIGH,0,CANDIDATE_EXACT_NAME_ONLY_PENDING_PIT_NAME_HISTORY_REVIEW,hp inc,1
HUBB,Hubbell,1,HUBB,HUBB[?→OPEN],0,,hubbell,hubbell,0,1,7,1,0,0,HIGH,0,CANDIDATE_EXACT_NAME_ONLY_PENDING_PIT_NAME_HISTORY_REVIEW,hubbell,1
HUM,HUMANA INC,1,HUM,HUM[?→OPEN],0,,humana inc,humana,1,1,6,1,0,0,HIGH,0,CANDIDATE_EXACT_NAME_ONLY_PENDING_PIT_NAME_HISTORY_REVIEW,humana inc,1
IEX,IDEX CORP,1,IEX,IEX[?→OPEN],0,,idex corp,idex,1,1,4,1,0,0,HIGH,0,CANDIDATE_EXACT_NAME_ONLY_PENDING_PIT_NAME_HISTORY_REVIEW,idex corp,1
ILMN,Illumina,1,ILMN,ILMN[?→OPEN],0,,illumina,illumina,0,1,8,1,0,0,HIGH,0,CANDIDATE_EXACT_NAME_ONLY_PENDING_PIT_NAME_HISTORY_REVIEW,illumina,1
INCY,INCYTE CORP,1,INCY,INCY[?→OPEN],0,,incyte corp,incyte,1,1,6,1,0,0,HIGH,0,CANDIDATE_EXACT_NAME_ONLY_PENDING_PIT_NAME_HISTORY_REVIEW,incyte corp,1
INTC,INTEL CORP,1,INTC,INTC[?→OPEN],0,,intel corp,intel,1,1,5,1,0,0,HIGH,0,CANDIDATE_EXACT_NAME_ONLY_PENDING_PIT_NAME_HISTORY_REVIEW,intel corp,1
INTU,INTUIT INC,1,INTU,INTU[?→OPEN],0,,intuit inc,intuit,1,1,6,1,0,0,HIGH,0,CANDIDATE_EXACT_NAME_ONLY_PENDING_PIT_NAME_HISTORY_REVIEW,intuit inc,1
IQV,IQVIA HOLDINGS INC,1,IQV,IQV[?→OPEN],0,,iqvia holdings inc,iqvia,1,1,5,1,0,0,HIGH,0,CANDIDATE_EXACT_NAME_ONLY_PENDING_PIT_NAME_HISTORY_REVIEW,iqvia holdings inc,1
IT,GARTNER INC,1,IT,IT[?→OPEN],0,,gartner inc,gartner,1,1,7,1,0,0,HIGH,0,CANDIDATE_EXACT_NAME_ONLY_PENDING_PIT_NAME_HISTORY_REVIEW,gartner inc,1
IVZ,INVESCO LTD,1,IVZ,IVZ[?→OPEN],0,,invesco ltd,invesco,1,1,7,1,0,0,HIGH,0,CANDIDATE_EXACT_NAME_ONLY_PENDING_PIT_NAME_HISTORY_REVIEW,invesco ltd,1
JBL,Jabil,1,JBL,JBL[?→OPEN],0,,jabil,jabil,0,1,5,1,0,0,HIGH,0,CANDIDATE_EXACT_NAME_ONLY_PENDING_PIT_NAME_HISTORY_REVIEW,jabil,1
K,Kellanova,1,K,K[?→OPEN],0,,kellanova,kellanova,0,1,9,1,0,0,HIGH,0,CANDIDATE_EXACT_NAME_ONLY_PENDING_PIT_NAME_HISTORY_REVIEW,kellanova,1
KEY,KEYCORP,1,KEY,KEY[?→OPEN],0,,keycorp,keycorp,0,1,7,1,0,0,HIGH,0,CANDIDATE_EXACT_NAME_ONLY_PENDING_PIT_NAME_HISTORY_REVIEW,keycorp,1
KKR,KKR & Co,1,KKR,KKR[?→OPEN],0,,kkr and co,kkr and,1,2,7,1,0,0,HIGH,0,CANDIDATE_EXACT_NAME_ONLY_PENDING_PIT_NAME_HISTORY_REVIEW,kkr and co,1
KLAC,KLA CORP,1,KLAC,KLAC[?→OPEN],0,,kla corp,kla,1,1,3,1,0,0,HIGH,0,CANDIDATE_EXACT_NAME_ONLY_PENDING_PIT_NAME_HISTORY_REVIEW,kla corp,1
KMX,CarMax,1,KMX,KMX[?→OPEN],0,,carmax,carmax,0,1,6,1,0,0,HIGH,0,CANDIDATE_EXACT_NAME_ONLY_PENDING_PIT_NAME_HISTORY_REVIEW,carmax,1
KR,KROGER CO,1,KR,KR[?→OPEN],0,,kroger co,kroger,1,1,6,1,0,0,HIGH,0,CANDIDATE_EXACT_NAME_ONLY_PENDING_PIT_NAME_HISTORY_REVIEW,kroger co,1
KVUE,Kenvue,1,KVUE,KVUE[?→OPEN],0,,kenvue,kenvue,0,1,6,1,0,0,HIGH,0,CANDIDATE_EXACT_NAME_ONLY_PENDING_PIT_NAME_HISTORY_REVIEW,kenvue,1
L,LOEWS CORP,1,L,L[?→OPEN],0,,loews corp,loews,1,1,5,1,0,0,HIGH,0,CANDIDATE_EXACT_NAME_ONLY_PENDING_PIT_NAME_HISTORY_REVIEW,loews corp,1
LDOS,LEIDOS HOLDINGS INC,1,LDOS,LDOS[?→OPEN],0,,leidos holdings inc,leidos,1,1,6,1,0,0,HIGH,0,CANDIDATE_EXACT_NAME_ONLY_PENDING_PIT_NAME_HISTORY_REVIEW,leidos holdings inc,1
LH,LABCORP HOLDINGS INC,1,LH,LH[?→OPEN],0,,labcorp holdings inc,labcorp,1,1,7,1,0,0,HIGH,0,CANDIDATE_EXACT_NAME_ONLY_PENDING_PIT_NAME_HISTORY_REVIEW,labcorp holdings inc,1
LIN,LINDE PLC,1,LIN,LIN[?→OPEN],0,,linde plc,linde,1,1,5,1,0,0,HIGH,0,CANDIDATE_EXACT_NAME_ONLY_PENDING_PIT_NAME_HISTORY_REVIEW,linde plc,1
LKQ,LKQ,1,LKQ,LKQ[?→OPEN],0,,lkq,lkq,0,1,3,1,0,1,HIGH,0,CANDIDATE_EXACT_NAME_ONLY_PENDING_PIT_NAME_HISTORY_REVIEW,lkq,1
MAS,MASCO CORP,1,MAS,MAS[?→OPEN],0,,masco corp,masco,1,1,5,1,0,0,HIGH,0,CANDIDATE_EXACT_NAME_ONLY_PENDING_PIT_NAME_HISTORY_REVIEW,masco corp,1
MBC,MasterBrand,1,MBC,MBC[?→OPEN],0,,masterbrand,masterbrand,0,1,11,1,0,0,HIGH,0,CANDIDATE_EXACT_NAME_ONLY_PENDING_PIT_NAME_HISTORY_REVIEW,masterbrand,1
MCK,MCKESSON CORP,1,MCK,MCK[?→OPEN],0,,mckesson corp,mckesson,1,1,8,1,0,0,HIGH,0,CANDIDATE_EXACT_NAME_ONLY_PENDING_PIT_NAME_HISTORY_REVIEW,mckesson corp,1
MCO,MOODY S CORP,1,MCO,MCO[?→OPEN],0,,moody s corp,moody s,1,2,7,1,0,0,HIGH,0,CANDIDATE_EXACT_NAME_ONLY_PENDING_PIT_NAME_HISTORY_REVIEW,moody s corp,1
MDT,MEDTRONIC PLC,1,MDT,MDT[?→OPEN],0,,medtronic plc,medtronic,1,1,9,1,0,0,HIGH,0,CANDIDATE_EXACT_NAME_ONLY_PENDING_PIT_NAME_HISTORY_REVIEW,medtronic plc,1
MET,METLIFE INC,1,MET,MET[?→OPEN],0,,metlife inc,metlife,1,1,7,1,0,0,HIGH,0,CANDIDATE_EXACT_NAME_ONLY_PENDING_PIT_NAME_HISTORY_REVIEW,metlife inc,1
MKTX,MarketAxess Holdings,1,MKTX,MKTX[?→OPEN],0,,marketaxess holdings,marketaxess,1,1,11,1,0,0,HIGH,0,CANDIDATE_EXACT_NAME_ONLY_PENDING_PIT_NAME_HISTORY_REVIEW,marketaxess holdings,1
MMM,3M CO,1,MMM,MMM[?→OPEN],0,,3m co,3m,1,1,2,1,0,0,HIGH,0,CANDIDATE_EXACT_NAME_ONLY_PENDING_PIT_NAME_HISTORY_REVIEW,3m co,1
MRK,MERCK + CO. INC.,1,MRK,MRK[?→OPEN],0,,merck co inc,merck,1,1,5,1,0,0,HIGH,0,CANDIDATE_EXACT_NAME_ONLY_PENDING_PIT_NAME_HISTORY_REVIEW,merck co inc,1
MRNA,Moderna,1,MRNA,MRNA[?→OPEN],0,,moderna,moderna,0,1,7,1,0,0,HIGH,0,CANDIDATE_EXACT_NAME_ONLY_PENDING_PIT_NAME_HISTORY_REVIEW,moderna,1
MSCI,MSCI INC,1,MSCI,MSCI[?→OPEN],0,,msci inc,msci,1,1,4,1,0,0,HIGH,0,CANDIDATE_EXACT_NAME_ONLY_PENDING_PIT_NAME_HISTORY_REVIEW,msci inc,1
MSFT,MICROSOFT CORP,1,MSFT,MSFT[?→OPEN],0,,microsoft corp,microsoft,1,1,9,1,0,0,HIGH,0,CANDIDATE_EXACT_NAME_ONLY_PENDING_PIT_NAME_HISTORY_REVIEW,microsoft corp,1
MTB,M + T BANK CORP,1,MTB,MTB[?→OPEN],0,,m t bank corp,m t bank,1,3,8,1,0,0,HIGH,0,CANDIDATE_EXACT_NAME_ONLY_PENDING_PIT_NAME_HISTORY_REVIEW,m t bank corp,1
NDAQ,NASDAQ INC,1,NDAQ,NDAQ[?→OPEN],0,,nasdaq inc,nasdaq,1,1,6,1,0,0,HIGH,0,CANDIDATE_EXACT_NAME_ONLY_PENDING_PIT_NAME_HISTORY_REVIEW,nasdaq inc,1
NDSN,Nordson,1,NDSN,NDSN[?→OPEN],0,,nordson,nordson,0,1,7,1,0,0,HIGH,0,CANDIDATE_EXACT_NAME_ONLY_PENDING_PIT_NAME_HISTORY_REVIEW,nordson,1
NEM,NEWMONT CORP,1,NEM,NEM[?→OPEN],0,,newmont corp,newmont,1,1,7,1,0,0,HIGH,0,CANDIDATE_EXACT_NAME_ONLY_PENDING_PIT_NAME_HISTORY_REVIEW,newmont corp,1
NFLX,NETFLIX INC,1,NFLX,NFLX[?→OPEN],0,,netflix inc,netflix,1,1,7,1,0,0,HIGH,0,CANDIDATE_EXACT_NAME_ONLY_PENDING_PIT_NAME_HISTORY_REVIEW,netflix inc,1
NI,NISOURCE INC,1,NI,NI[?→OPEN],0,,nisource inc,nisource,1,1,8,1,0,0,HIGH,0,CANDIDATE_EXACT_NAME_ONLY_PENDING_PIT_NAME_HISTORY_REVIEW,nisource inc,1
NLSN,Nielsen Holdings,1,NLSN,NLSN[?→OPEN],0,,nielsen holdings,nielsen,1,1,7,1,0,0,HIGH,0,CANDIDATE_EXACT_NAME_ONLY_PENDING_PIT_NAME_HISTORY_REVIEW,nielsen holdings,1
NOV,NOV,1,NOV,NOV[?→OPEN],0,,nov,nov,0,1,3,1,0,1,HIGH,0,CANDIDATE_EXACT_NAME_ONLY_PENDING_PIT_NAME_HISTORY_REVIEW,nov,1
NOW,SERVICENOW INC,1,NOW,NOW[?→OPEN],0,,servicenow inc,servicenow,1,1,10,1,0,0,HIGH,0,CANDIDATE_EXACT_NAME_ONLY_PENDING_PIT_NAME_HISTORY_REVIEW,servicenow inc,1
NTAP,NETAPP INC,1,NTAP,NTAP[?→OPEN],0,,netapp inc,netapp,1,1,6,1,0,0,HIGH,0,CANDIDATE_EXACT_NAME_ONLY_PENDING_PIT_NAME_HISTORY_REVIEW,netapp inc,1
NUE,NUCOR CORP,1,NUE,NUE[?→OPEN],0,,nucor corp,nucor,1,1,5,1,0,0,HIGH,0,CANDIDATE_EXACT_NAME_ONLY_PENDING_PIT_NAME_HISTORY_REVIEW,nucor corp,1
NVDA,NVIDIA CORP,1,NVDA,NVDA[?→OPEN],0,,nvidia corp,nvidia,1,1,6,1,0,0,HIGH,0,CANDIDATE_EXACT_NAME_ONLY_PENDING_PIT_NAME_HISTORY_REVIEW,nvidia corp,1
NVR,NVR INC,1,NVR,NVR[?→OPEN],0,,nvr inc,nvr,1,1,3,1,0,0,HIGH,0,CANDIDATE_EXACT_NAME_ONLY_PENDING_PIT_NAME_HISTORY_REVIEW,nvr inc,1
OGN,Organon,1,OGN,OGN[?→OPEN],0,,organon,organon,0,1,7,1,0,0,HIGH,0,CANDIDATE_EXACT_NAME_ONLY_PENDING_PIT_NAME_HISTORY_REVIEW,organon,1
OKE,ONEOK INC,1,OKE,OKE[?→OPEN],0,,oneok inc,oneok,1,1,5,1,0,0,HIGH,0,CANDIDATE_EXACT_NAME_ONLY_PENDING_PIT_NAME_HISTORY_REVIEW,oneok inc,1
ORCL,ORACLE CORP,1,ORCL,ORCL[?→OPEN],0,,oracle corp,oracle,1,1,6,1,0,0,HIGH,0,CANDIDATE_EXACT_NAME_ONLY_PENDING_PIT_NAME_HISTORY_REVIEW,oracle corp,1
PAYX,PAYCHEX INC,1,PAYX,PAYX[?→OPEN],0,,paychex inc,paychex,1,1,7,1,0,0,HIGH,0,CANDIDATE_EXACT_NAME_ONLY_PENDING_PIT_NAME_HISTORY_REVIEW,paychex inc,1
PCAR,PACCAR INC,1,PCAR,PCAR[?→OPEN],0,,paccar inc,paccar,1,1,6,1,0,0,HIGH,0,CANDIDATE_EXACT_NAME_ONLY_PENDING_PIT_NAME_HISTORY_REVIEW,paccar inc,1
PCG,PG&E,1,PCG,PCG[?→OPEN],0,,pg and e,pg and e,0,3,8,1,0,0,HIGH,0,CANDIDATE_EXACT_NAME_ONLY_PENDING_PIT_NAME_HISTORY_REVIEW,pg and e,1
PEP,PEPSICO INC,1,PEP,PEP[?→OPEN],0,,pepsico inc,pepsico,1,1,7,1,0,0,HIGH,0,CANDIDATE_EXACT_NAME_ONLY_PENDING_PIT_NAME_HISTORY_REVIEW,pepsico inc,1
PFE,PFIZER INC,1,PFE,PFE[?→OPEN],0,,pfizer inc,pfizer,1,1,6,1,0,0,HIGH,0,CANDIDATE_EXACT_NAME_ONLY_PENDING_PIT_NAME_HISTORY_REVIEW,pfizer inc,1
PGR,PROGRESSIVE CORP,1,PGR,PGR[?→OPEN],0,,progressive corp,progressive,1,1,11,1,0,0,HIGH,0,CANDIDATE_EXACT_NAME_ONLY_PENDING_PIT_NAME_HISTORY_REVIEW,progressive corp,1
PHIN,PHINIA,1,PHIN,PHIN[?→OPEN],0,,phinia,phinia,0,1,6,1,0,0,HIGH,0,CANDIDATE_EXACT_NAME_ONLY_PENDING_PIT_NAME_HISTORY_REVIEW,phinia,1
PHM,PULTEGROUP INC,1,PHM,PHM[?→OPEN],0,,pultegroup inc,pultegroup,1,1,10,1,0,0,HIGH,0,CANDIDATE_EXACT_NAME_ONLY_PENDING_PIT_NAME_HISTORY_REVIEW,pultegroup inc,1
PLD,PROLOGIS INC,1,PLD,PLD[?→OPEN],0,,prologis inc,prologis,1,1,8,1,0,0,HIGH,0,CANDIDATE_EXACT_NAME_ONLY_PENDING_PIT_NAME_HISTORY_REVIEW,prologis inc,1
PNR,PENTAIR PLC,1,PNR,PNR[?→OPEN],0,,pentair plc,pentair,1,1,7,1,0,0,HIGH,0,CANDIDATE_EXACT_NAME_ONLY_PENDING_PIT_NAME_HISTORY_REVIEW,pentair plc,1
PODD,Insulet,1,PODD,PODD[?→OPEN],0,,insulet,insulet,0,1,7,1,0,0,HIGH,0,CANDIDATE_EXACT_NAME_ONLY_PENDING_PIT_NAME_HISTORY_REVIEW,insulet,1
POOL,Pool Corp,1,POOL,POOL[?→OPEN],0,,pool corp,pool,1,1,4,1,0,0,HIGH,0,CANDIDATE_EXACT_NAME_ONLY_PENDING_PIT_NAME_HISTORY_REVIEW,pool corp,1
PPL,PPL CORP,1,PPL,PPL[?→OPEN],0,,ppl corp,ppl,1,1,3,1,0,0,HIGH,0,CANDIDATE_EXACT_NAME_ONLY_PENDING_PIT_NAME_HISTORY_REVIEW,ppl corp,1
PRGO,Perrigo Company,1,PRGO,PRGO[?→OPEN],0,,perrigo company,perrigo,1,1,7,1,0,0,HIGH,0,CANDIDATE_EXACT_NAME_ONLY_PENDING_PIT_NAME_HISTORY_REVIEW,perrigo company,1
PTC,PTC,1,PTC,PTC[?→OPEN],0,,ptc,ptc,0,1,3,1,0,1,HIGH,0,CANDIDATE_EXACT_NAME_ONLY_PENDING_PIT_NAME_HISTORY_REVIEW,ptc,1
PVH,PVH,1,PVH,PVH[?→OPEN],0,,pvh,pvh,0,1,3,1,0,1,HIGH,0,CANDIDATE_EXACT_NAME_ONLY_PENDING_PIT_NAME_HISTORY_REVIEW,pvh,1
PYPL,PAYPAL HOLDINGS INC,1,PYPL,PYPL[?→OPEN],0,,paypal holdings inc,paypal,1,1,6,1,0,0,HIGH,0,CANDIDATE_EXACT_NAME_ONLY_PENDING_PIT_NAME_HISTORY_REVIEW,paypal holdings inc,1
QCOM,QUALCOMM INC,1,QCOM,QCOM[?→OPEN],0,,qualcomm inc,qualcomm,1,1,8,1,0,0,HIGH,0,CANDIDATE_EXACT_NAME_ONLY_PENDING_PIT_NAME_HISTORY_REVIEW,qualcomm inc,1
QRVO,Qorvo,1,QRVO,QRVO[?→OPEN],0,,qorvo,qorvo,0,1,5,1,0,0,HIGH,0,CANDIDATE_EXACT_NAME_ONLY_PENDING_PIT_NAME_HISTORY_REVIEW,qorvo,1
RMD,RESMED INC,1,RMD,RMD[?→OPEN],0,,resmed inc,resmed,1,1,6,1,0,0,HIGH,0,CANDIDATE_EXACT_NAME_ONLY_PENDING_PIT_NAME_HISTORY_REVIEW,resmed inc,1
ROL,ROLLINS INC,1,ROL,ROL[?→OPEN],0,,rollins inc,rollins,1,1,7,1,0,0,HIGH,0,CANDIDATE_EXACT_NAME_ONLY_PENDING_PIT_NAME_HISTORY_REVIEW,rollins inc,1
RTX,RTX CORP,1,RTX,RTX[?→OPEN],0,,rtx corp,rtx,1,1,3,1,0,0,HIGH,0,CANDIDATE_EXACT_NAME_ONLY_PENDING_PIT_NAME_HISTORY_REVIEW,rtx corp,1
RVTY,REVVITY INC,1,RVTY,RVTY[?→OPEN],0,,revvity inc,revvity,1,1,7,1,0,0,HIGH,0,CANDIDATE_EXACT_NAME_ONLY_PENDING_PIT_NAME_HISTORY_REVIEW,revvity inc,1
SBUX,STARBUCKS CORP,1,SBUX,SBUX[?→OPEN],0,,starbucks corp,starbucks,1,1,9,1,0,0,HIGH,0,CANDIDATE_EXACT_NAME_ONLY_PENDING_PIT_NAME_HISTORY_REVIEW,starbucks corp,1
SLB,SLB LTD,1,SLB,SLB[?→OPEN],0,,slb ltd,slb,1,1,3,1,0,0,HIGH,0,CANDIDATE_EXACT_NAME_ONLY_PENDING_PIT_NAME_HISTORY_REVIEW,slb ltd,1
SNA,SNAP ON INC,1,SNA,SNA[?→OPEN],0,,snap on inc,snap on,1,2,7,1,0,0,HIGH,0,CANDIDATE_EXACT_NAME_ONLY_PENDING_PIT_NAME_HISTORY_REVIEW,snap on inc,1
SNDK,Sandisk,1,SNDK,SNDK[?→OPEN],0,,sandisk,sandisk,0,1,7,1,0,0,HIGH,0,CANDIDATE_EXACT_NAME_ONLY_PENDING_PIT_NAME_HISTORY_REVIEW,sandisk,1
SNPS,SYNOPSYS INC,1,SNPS,SNPS[?→OPEN],0,,synopsys inc,synopsys,1,1,8,1,0,0,HIGH,0,CANDIDATE_EXACT_NAME_ONLY_PENDING_PIT_NAME_HISTORY_REVIEW,synopsys inc,1
SOLV,Solventum,1,SOLV,SOLV[?→OPEN],0,,solventum,solventum,0,1,9,1,0,0,HIGH,0,CANDIDATE_EXACT_NAME_ONLY_PENDING_PIT_NAME_HISTORY_REVIEW,solventum,1
SRE,SEMPRA,1,SRE,SRE[?→OPEN],0,,sempra,sempra,0,1,6,1,0,0,HIGH,0,CANDIDATE_EXACT_NAME_ONLY_PENDING_PIT_NAME_HISTORY_REVIEW,sempra,1
STE,STERIS PLC,1,STE,STE[?→OPEN],0,,steris plc,steris,1,1,6,1,0,0,HIGH,0,CANDIDATE_EXACT_NAME_ONLY_PENDING_PIT_NAME_HISTORY_REVIEW,steris plc,1
SYK,STRYKER CORP,1,SYK,SYK[?→OPEN],0,,stryker corp,stryker,1,1,7,1,0,0,HIGH,0,CANDIDATE_EXACT_NAME_ONLY_PENDING_PIT_NAME_HISTORY_REVIEW,stryker corp,1
SYY,SYSCO CORP,1,SYY,SYY[?→OPEN],0,,sysco corp,sysco,1,1,5,1,0,0,HIGH,0,CANDIDATE_EXACT_NAME_ONLY_PENDING_PIT_NAME_HISTORY_REVIEW,sysco corp,1
T,AT+T INC,1,T,T[?→OPEN],0,,at t inc,at t,1,2,4,1,0,0,HIGH,0,CANDIDATE_EXACT_NAME_ONLY_PENDING_PIT_NAME_HISTORY_REVIEW,at t inc,1
TER,TERADYNE INC,1,TER,TER[?→OPEN],0,,teradyne inc,teradyne,1,1,8,1,0,0,HIGH,0,CANDIDATE_EXACT_NAME_ONLY_PENDING_PIT_NAME_HISTORY_REVIEW,teradyne inc,1
TFX,Teleflex,1,TFX,TFX[?→OPEN],0,,teleflex,teleflex,0,1,8,1,0,0,HIGH,0,CANDIDATE_EXACT_NAME_ONLY_PENDING_PIT_NAME_HISTORY_REVIEW,teleflex,1
TGT,TARGET CORP,1,TGT,TGT[?→OPEN],0,,target corp,target,1,1,6,1,0,0,HIGH,0,CANDIDATE_EXACT_NAME_ONLY_PENDING_PIT_NAME_HISTORY_REVIEW,target corp,1
TPR,TAPESTRY INC,1,TPR,TPR[?→OPEN],0,,tapestry inc,tapestry,1,1,8,1,0,0,HIGH,0,CANDIDATE_EXACT_NAME_ONLY_PENDING_PIT_NAME_HISTORY_REVIEW,tapestry inc,1
TRMB,Trimble,1,TRMB,TRMB[?→OPEN],0,,trimble,trimble,0,1,7,1,0,0,HIGH,0,CANDIDATE_EXACT_NAME_ONLY_PENDING_PIT_NAME_HISTORY_REVIEW,trimble,1
TSLA,TESLA INC,1,TSLA,TSLA[?→OPEN],0,,tesla inc,tesla,1,1,5,1,0,0,HIGH,0,CANDIDATE_EXACT_NAME_ONLY_PENDING_PIT_NAME_HISTORY_REVIEW,tesla inc,1
TWTR,Twitter,1,TWTR,TWTR[?→OPEN],0,,twitter,twitter,0,1,7,1,0,0,HIGH,0,CANDIDATE_EXACT_NAME_ONLY_PENDING_PIT_NAME_HISTORY_REVIEW,twitter,1
TXT,TEXTRON INC,1,TXT,TXT[?→OPEN],0,,textron inc,textron,1,1,7,1,0,0,HIGH,0,CANDIDATE_EXACT_NAME_ONLY_PENDING_PIT_NAME_HISTORY_REVIEW,textron inc,1
UDR,UDR INC,1,UDR,UDR[?→OPEN],0,,udr inc,udr,1,1,3,1,0,0,HIGH,0,CANDIDATE_EXACT_NAME_ONLY_PENDING_PIT_NAME_HISTORY_REVIEW,udr inc,1
VFC,V.F.,1,VFC,VFC[?→OPEN],0,,v f,v f,0,2,3,1,0,0,HIGH,0,CANDIDATE_EXACT_NAME_ONLY_PENDING_PIT_NAME_HISTORY_REVIEW,v f,1
VLTO,Veralto,1,VLTO,VLTO[?→OPEN],0,,veralto,veralto,0,1,7,1,0,0,HIGH,0,CANDIDATE_EXACT_NAME_ONLY_PENDING_PIT_NAME_HISTORY_REVIEW,veralto,1
VNT,Vontier,1,VNT,VNT[?→OPEN],0,,vontier,vontier,0,1,7,1,0,0,HIGH,0,CANDIDATE_EXACT_NAME_ONLY_PENDING_PIT_NAME_HISTORY_REVIEW,vontier,1
VRSN,VERISIGN INC,1,VRSN,VRSN[?→OPEN],0,,verisign inc,verisign,1,1,8,1,0,0,HIGH,0,CANDIDATE_EXACT_NAME_ONLY_PENDING_PIT_NAME_HISTORY_REVIEW,verisign inc,1
VST,Vistra,1,VST,VST[?→OPEN],0,,vistra,vistra,0,1,6,1,0,0,HIGH,0,CANDIDATE_EXACT_NAME_ONLY_PENDING_PIT_NAME_HISTORY_REVIEW,vistra,1
VTR,VENTAS INC,1,VTR,VTR[?→OPEN],0,,ventas inc,ventas,1,1,6,1,0,0,HIGH,0,CANDIDATE_EXACT_NAME_ONLY_PENDING_PIT_NAME_HISTORY_REVIEW,ventas inc,1
VTRS,VIATRIS INC,1,VTRS,VTRS[?→OPEN],0,,viatris inc,viatris,1,1,7,1,0,0,HIGH,0,CANDIDATE_EXACT_NAME_ONLY_PENDING_PIT_NAME_HISTORY_REVIEW,viatris inc,1
WAB,WABTEC CORP,1,WAB,WAB[?→OPEN],0,,wabtec corp,wabtec,1,1,6,1,0,0,HIGH,0,CANDIDATE_EXACT_NAME_ONLY_PENDING_PIT_NAME_HISTORY_REVIEW,wabtec corp,1
WAT,WATERS CORP,1,WAT,WAT[?→OPEN],0,,waters corp,waters,1,1,6,1,0,0,HIGH,0,CANDIDATE_EXACT_NAME_ONLY_PENDING_PIT_NAME_HISTORY_REVIEW,waters corp,1
WDAY,Workday,1,WDAY,WDAY[?→OPEN],0,,workday,workday,0,1,7,1,0,0,HIGH,0,CANDIDATE_EXACT_NAME_ONLY_PENDING_PIT_NAME_HISTORY_REVIEW,workday,1
WELL,WELLTOWER INC,1,WELL,WELL[?→OPEN],0,,welltower inc,welltower,1,1,9,1,0,0,HIGH,0,CANDIDATE_EXACT_NAME_ONLY_PENDING_PIT_NAME_HISTORY_REVIEW,welltower inc,1
WHR,Whirlpool,1,WHR,WHR[?→OPEN],0,,whirlpool,whirlpool,0,1,9,1,0,0,HIGH,0,CANDIDATE_EXACT_NAME_ONLY_PENDING_PIT_NAME_HISTORY_REVIEW,whirlpool,1
WMT,WALMART INC,1,WMT,WMT[?→OPEN],0,,walmart inc,walmart,1,1,7,1,0,0,HIGH,0,CANDIDATE_EXACT_NAME_ONLY_PENDING_PIT_NAME_HISTORY_REVIEW,walmart inc,1
WY,WEYERHAEUSER CO,1,WY,WY[?→OPEN],0,,weyerhaeuser co,weyerhaeuser,1,1,12,1,0,0,HIGH,0,CANDIDATE_EXACT_NAME_ONLY_PENDING_PIT_NAME_HISTORY_REVIEW,weyerhaeuser co,1
XLNX,Xilinx,1,XLNX,XLNX[?→OPEN],0,,xilinx,xilinx,0,1,6,1,0,0,HIGH,0,CANDIDATE_EXACT_NAME_ONLY_PENDING_PIT_NAME_HISTORY_REVIEW,xilinx,1
XOM,EXXONMOBIL HOLDINGS CORP,1,XOM,XOM[?→OPEN],0,,exxonmobil holdings corp,exxonmobil,1,1,10,1,0,0,HIGH,0,CANDIDATE_EXACT_NAME_ONLY_PENDING_PIT_NAME_HISTORY_REVIEW,exxonmobil holdings corp,1
XRX,Xerox Holdings,1,XRX,XRX[?→OPEN],0,,xerox holdings,xerox,1,1,5,1,0,0,HIGH,0,CANDIDATE_EXACT_NAME_ONLY_PENDING_PIT_NAME_HISTORY_REVIEW,xerox holdings,1
XYL,XYLEM INC,1,XYL,XYL[?→OPEN],0,,xylem inc,xylem,1,1,5,1,0,0,HIGH,0,CANDIDATE_EXACT_NAME_ONLY_PENDING_PIT_NAME_HISTORY_REVIEW,xylem inc,1
XYZ,Block,1,XYZ,XYZ[?→OPEN],0,,block,block,0,1,5,1,0,0,HIGH,0,CANDIDATE_EXACT_NAME_ONLY_PENDING_PIT_NAME_HISTORY_REVIEW,block,1
ZTS,ZOETIS INC,1,ZTS,ZTS[?→OPEN],0,,zoetis inc,zoetis,1,1,6,1,0,0,HIGH,0,CANDIDATE_EXACT_NAME_ONLY_PENDING_PIT_NAME_HISTORY_REVIEW,zoetis inc,1
AAL,American Airlines Group,1,AAL,AAL[?→OPEN],0,,american airlines group,american airlines group,0,3,23,1,0,0,LOW,0,CANDIDATE_EXACT_NAME_ONLY_PENDING_PIT_NAME_HISTORY_REVIEW,american airlines group,0
AAP,Advance Auto Parts,1,AAP,AAP[?→OPEN],0,,advance auto parts,advance auto parts,0,3,18,1,0,0,LOW,0,CANDIDATE_EXACT_NAME_ONLY_PENDING_PIT_NAME_HISTORY_REVIEW,advance auto parts,0
ACGL,Arch Capital Group,1,ACGL,ACGL[?→OPEN],0,,arch capital group,arch capital group,0,3,18,1,0,0,LOW,0,CANDIDATE_EXACT_NAME_ONLY_PENDING_PIT_NAME_HISTORY_REVIEW,arch capital group,0
ACN,ACCENTURE PLC CL A,1,ACN,ACN[?→OPEN],0,,accenture plc cl a,accenture plc cl a,0,4,18,1,0,0,LOW,0,CANDIDATE_EXACT_NAME_ONLY_PENDING_PIT_NAME_HISTORY_REVIEW,accenture plc cl a,0
ADM,ARCHER DANIELS MIDLAND CO,1,ADM,ADM[?→OPEN],0,,archer daniels midland co,archer daniels midland,1,3,22,1,0,0,LOW,0,CANDIDATE_EXACT_NAME_ONLY_PENDING_PIT_NAME_HISTORY_REVIEW,archer daniels midland co,0
ADP,AUTOMATIC DATA PROCESSING,1,ADP,ADP[?→OPEN],0,,automatic data processing,automatic data processing,0,3,25,1,0,0,LOW,0,CANDIDATE_EXACT_NAME_ONLY_PENDING_PIT_NAME_HISTORY_REVIEW,automatic data processing,0
AEP,AMERICAN ELECTRIC POWER,1,AEP,AEP[?→OPEN],0,,american electric power,american electric power,0,3,23,1,0,0,LOW,0,CANDIDATE_EXACT_NAME_ONLY_PENDING_PIT_NAME_HISTORY_REVIEW,american electric power,0
AIG,AMERICAN INTERNATIONAL GROUP,1,AIG,AIG[?→OPEN],0,,american international group,american international group,0,3,28,1,0,0,LOW,0,CANDIDATE_EXACT_NAME_ONLY_PENDING_PIT_NAME_HISTORY_REVIEW,american international group,0
AJG,ARTHUR J GALLAGHER + CO,1,AJG,AJG[?→OPEN],0,,arthur j gallagher co,arthur j gallagher,1,3,18,1,0,0,LOW,0,CANDIDATE_EXACT_NAME_ONLY_PENDING_PIT_NAME_HISTORY_REVIEW,arthur j gallagher co,0
ALK,Alaska Air Group,1,ALK,ALK[?→OPEN],0,,alaska air group,alaska air group,0,3,16,1,0,0,LOW,0,CANDIDATE_EXACT_NAME_ONLY_PENDING_PIT_NAME_HISTORY_REVIEW,alaska air group,0
AMD,ADVANCED MICRO DEVICES,1,AMD,AMD[?→OPEN],0,,advanced micro devices,advanced micro devices,0,3,22,1,0,0,LOW,0,CANDIDATE_EXACT_NAME_ONLY_PENDING_PIT_NAME_HISTORY_REVIEW,advanced micro devices,0
AON,AON PLC CLASS A,1,AON,AON[?→OPEN],0,,aon plc class a,aon plc class a,0,4,15,1,0,0,LOW,0,CANDIDATE_EXACT_NAME_ONLY_PENDING_PIT_NAME_HISTORY_REVIEW,aon plc class a,0
AOS,SMITH (A.O.) CORP,1,AOS,AOS[?→OPEN],0,,smith a o corp,smith a o,1,3,9,1,0,0,LOW,0,CANDIDATE_EXACT_NAME_ONLY_PENDING_PIT_NAME_HISTORY_REVIEW,smith a o corp,0
APD,AIR PRODUCTS + CHEMICALS INC,1,APD,APD[?→OPEN],0,,air products chemicals inc,air products chemicals,1,3,22,1,0,0,LOW,0,CANDIDATE_EXACT_NAME_ONLY_PENDING_PIT_NAME_HISTORY_REVIEW,air products chemicals inc,0
APH,AMPHENOL CORP CL A,1,APH,APH[?→OPEN],0,,amphenol corp cl a,amphenol corp cl a,0,4,18,1,0,0,LOW,0,CANDIDATE_EXACT_NAME_ONLY_PENDING_PIT_NAME_HISTORY_REVIEW,amphenol corp cl a,0
APO,Apollo Global Mgt,1,APO,APO[?→OPEN],0,,apollo global mgt,apollo global mgt,0,3,17,1,0,0,LOW,0,CANDIDATE_EXACT_NAME_ONLY_PENDING_PIT_NAME_HISTORY_REVIEW,apollo global mgt,0
ARE,ALEXANDRIA REAL ESTATE EQUIT,1,ARE,ARE[?→OPEN],0,,alexandria real estate equit,alexandria real estate equit,0,4,28,1,0,0,LOW,0,CANDIDATE_EXACT_NAME_ONLY_PENDING_PIT_NAME_HISTORY_REVIEW,alexandria real estate equit,0
AWK,AMERICAN WATER WORKS CO INC,1,AWK,AWK[?→OPEN],0,,american water works co inc,american water works,1,3,20,1,0,0,LOW,0,CANDIDATE_EXACT_NAME_ONLY_PENDING_PIT_NAME_HISTORY_REVIEW,american water works co inc,0
BA,BOEING CO/THE,1,BA,BA[?→OPEN],0,,boeing co the,boeing co the,0,3,13,1,0,0,LOW,0,CANDIDATE_EXACT_NAME_ONLY_PENDING_PIT_NAME_HISTORY_REVIEW,boeing co the,0
BAC,BANK OF AMERICA CORP,1,BAC,BAC[?→OPEN],0,,bank of america corp,bank of america,1,3,15,1,0,0,LOW,0,CANDIDATE_EXACT_NAME_ONLY_PENDING_PIT_NAME_HISTORY_REVIEW,bank of america corp,0
BBWI,Bath & Body Works,1,BBWI,BBWI[?→OPEN],0,,bath and body works,bath and body works,0,4,19,1,0,0,LOW,0,CANDIDATE_EXACT_NAME_ONLY_PENDING_PIT_NAME_HISTORY_REVIEW,bath and body works,0
BDX,BECTON DICKINSON AND CO,1,BDX,BDX[?→OPEN],0,,becton dickinson and co,becton dickinson and,1,3,20,1,0,0,LOW,0,CANDIDATE_EXACT_NAME_ONLY_PENDING_PIT_NAME_HISTORY_REVIEW,becton dickinson and co,0
BF.B,BROWN FORMAN CORP CLASS B,1,BF.B,BF.B[?→OPEN],0,,brown forman corp class b,brown forman corp class b,0,5,25,1,0,0,LOW,0,CANDIDATE_EXACT_NAME_ONLY_PENDING_PIT_NAME_HISTORY_REVIEW,brown forman corp class b,0
BIO,Bio-Rad Laboratories,1,BIO,BIO[?→OPEN],0,,bio rad laboratories,bio rad laboratories,0,3,20,1,0,0,LOW,0,CANDIDATE_EXACT_NAME_ONLY_PENDING_PIT_NAME_HISTORY_REVIEW,bio rad laboratories,0
BMY,BRISTOL MYERS SQUIBB CO,1,BMY,BMY[?→OPEN],0,,bristol myers squibb co,bristol myers squibb,1,3,20,1,0,0,LOW,0,CANDIDATE_EXACT_NAME_ONLY_PENDING_PIT_NAME_HISTORY_REVIEW,bristol myers squibb co,0
BNY,BANK OF NEW YORK MELLON CORP,1,BNY,BNY[?→OPEN],0,,bank of new york mellon corp,bank of new york mellon,1,5,23,1,0,0,LOW,0,CANDIDATE_EXACT_NAME_ONLY_PENDING_PIT_NAME_HISTORY_REVIEW,bank of new york mellon corp,0
BR,BROADRIDGE FINANCIAL SOLUTIO,1,BR,BR[?→OPEN],0,,broadridge financial solutio,broadridge financial solutio,0,3,28,1,0,0,LOW,0,CANDIDATE_EXACT_NAME_ONLY_PENDING_PIT_NAME_HISTORY_REVIEW,broadridge financial solutio,0
BRK.B,BERKSHIRE HATHAWAY INC CL B,1,BRK.B,BRK.B[?→OPEN],0,,berkshire hathaway inc cl b,berkshire hathaway inc cl b,0,5,27,1,0,0,LOW,0,CANDIDATE_EXACT_NAME_ONLY_PENDING_PIT_NAME_HISTORY_REVIEW,berkshire hathaway inc cl b,0
BRO,Brown & Brown,1,BRO,BRO[?→OPEN],0,,brown and brown,brown and brown,0,3,15,1,0,0,LOW,0,CANDIDATE_EXACT_NAME_ONLY_PENDING_PIT_NAME_HISTORY_REVIEW,brown and brown,0
CBOE,CBOE GLOBAL MARKETS INC,1,CBOE,CBOE[?→OPEN],0,,cboe global markets inc,cboe global markets,1,3,19,1,0,0,LOW,0,CANDIDATE_EXACT_NAME_ONLY_PENDING_PIT_NAME_HISTORY_REVIEW,cboe global markets inc,0
CBRE,CBRE GROUP INC   A,1,CBRE,CBRE[?→OPEN],0,,cbre group inc a,cbre group inc a,0,4,16,1,0,0,LOW,0,CANDIDATE_EXACT_NAME_ONLY_PENDING_PIT_NAME_HISTORY_REVIEW,cbre group inc a,0
CDNS,CADENCE DESIGN SYS INC,1,CDNS,CDNS[?→OPEN],0,,cadence design sys inc,cadence design sys,1,3,18,1,0,0,LOW,0,CANDIDATE_EXACT_NAME_ONLY_PENDING_PIT_NAME_HISTORY_REVIEW,cadence design sys inc,0
CDW,CDW CORP/DE,1,CDW,CDW[?→OPEN],0,,cdw corp de,cdw corp de,0,3,11,1,0,0,LOW,0,CANDIDATE_EXACT_NAME_ONLY_PENDING_PIT_NAME_HISTORY_REVIEW,cdw corp de,0
CFG,CITIZENS FINANCIAL GROUP,1,CFG,CFG[?→OPEN],0,,citizens financial group,citizens financial group,0,3,24,1,0,0,LOW,0,CANDIDATE_EXACT_NAME_ONLY_PENDING_PIT_NAME_HISTORY_REVIEW,citizens financial group,0
CHRW,C.H. ROBINSON WORLDWIDE INC,1,CHRW,CHRW[?→OPEN],0,,c h robinson worldwide inc,c h robinson worldwide,1,4,22,1,0,0,LOW,0,CANDIDATE_EXACT_NAME_ONLY_PENDING_PIT_NAME_HISTORY_REVIEW,c h robinson worldwide inc,0
CHTR,CHARTER COMMUNICATIONS INC A,1,CHTR,CHTR[?→OPEN],0,,charter communications inc a,charter communications inc a,0,4,28,1,0,0,LOW,0,CANDIDATE_EXACT_NAME_ONLY_PENDING_PIT_NAME_HISTORY_REVIEW,charter communications inc a,0
CI,THE CIGNA GROUP,1,CI,CI[?→OPEN],0,,the cigna group,the cigna group,0,3,15,1,0,0,LOW,0,CANDIDATE_EXACT_NAME_ONLY_PENDING_PIT_NAME_HISTORY_REVIEW,the cigna group,0
CMCSA,COMCAST CORP CLASS A,1,CMCSA,CMCSA[?→OPEN],0,,comcast corp class a,comcast corp class a,0,4,20,1,0,0,LOW,0,CANDIDATE_EXACT_NAME_ONLY_PENDING_PIT_NAME_HISTORY_REVIEW,comcast corp class a,0
CMG,CHIPOTLE MEXICAN GRILL INC,1,CMG,CMG[?→OPEN],0,,chipotle mexican grill inc,chipotle mexican grill,1,3,22,1,0,0,LOW,0,CANDIDATE_EXACT_NAME_ONLY_PENDING_PIT_NAME_HISTORY_REVIEW,chipotle mexican grill inc,0
COF,CAPITAL ONE FINANCIAL CORP,1,COF,COF[?→OPEN],0,,capital one financial corp,capital one financial,1,3,21,1,0,0,LOW,0,CANDIDATE_EXACT_NAME_ONLY_PENDING_PIT_NAME_HISTORY_REVIEW,capital one financial corp,0
COO,COOPER COS INC/THE,1,COO,COO[?→OPEN],0,,cooper cos inc the,cooper cos inc the,0,4,18,1,0,0,LOW,0,CANDIDATE_EXACT_NAME_ONLY_PENDING_PIT_NAME_HISTORY_REVIEW,cooper cos inc the,0
CPB,The Campbell's Company,1,CPB,CPB[?→OPEN],0,,the campbell s company,the campbell s,1,3,14,1,0,0,LOW,0,CANDIDATE_EXACT_NAME_ONLY_PENDING_PIT_NAME_HISTORY_REVIEW,the campbell s company,0
CPT,Camden Property Trust,1,CPT,CPT[?→OPEN],0,,camden property trust,camden property trust,0,3,21,1,0,0,LOW,0,CANDIDATE_EXACT_NAME_ONLY_PENDING_PIT_NAME_HISTORY_REVIEW,camden property trust,0
CRL,Charles River Laboratories Intl,1,CRL,CRL[?→OPEN],0,,charles river laboratories intl,charles river laboratories intl,0,4,31,1,0,0,LOW,0,CANDIDATE_EXACT_NAME_ONLY_PENDING_PIT_NAME_HISTORY_REVIEW,charles river laboratories intl,0
CTSH,COGNIZANT TECH SOLUTIONS A,1,CTSH,CTSH[?→OPEN],0,,cognizant tech solutions a,cognizant tech solutions a,0,4,26,1,0,0,LOW,0,CANDIDATE_EXACT_NAME_ONLY_PENDING_PIT_NAME_HISTORY_REVIEW,cognizant tech solutions a,0
DAL,DELTA AIR LINES INC,1,DAL,DAL[?→OPEN],0,,delta air lines inc,delta air lines,1,3,15,1,0,0,LOW,0,CANDIDATE_EXACT_NAME_ONLY_PENDING_PIT_NAME_HISTORY_REVIEW,delta air lines inc,0
DD,DUPONT DE NEMOURS INC,1,DD,DD[?→OPEN],0,,dupont de nemours inc,dupont de nemours,1,3,17,1,0,0,LOW,0,CANDIDATE_EXACT_NAME_ONLY_PENDING_PIT_NAME_HISTORY_REVIEW,dupont de nemours inc,0
DFS,Discover Financial Services,1,DFS,DFS[?→OPEN],0,,discover financial services,discover financial services,0,3,27,1,0,0,LOW,0,CANDIDATE_EXACT_NAME_ONLY_PENDING_PIT_NAME_HISTORY_REVIEW,discover financial services,0
DIS,WALT DISNEY CO/THE,1,DIS,DIS[?→OPEN],0,,walt disney co the,walt disney co the,0,4,18,1,0,0,LOW,0,CANDIDATE_EXACT_NAME_ONLY_PENDING_PIT_NAME_HISTORY_REVIEW,walt disney co the,0
DISCA,Discovery Inc Class A,1,DISCA,DISCA[?→OPEN],0,,discovery inc class a,discovery inc class a,0,4,21,1,0,0,LOW,0,CANDIDATE_EXACT_NAME_ONLY_PENDING_PIT_NAME_HISTORY_REVIEW,discovery inc class a,0
DISCK,Discovery Inc Class C,1,DISCK,DISCK[?→OPEN],0,,discovery inc class c,discovery inc class c,0,4,21,1,0,0,LOW,0,CANDIDATE_EXACT_NAME_ONLY_PENDING_PIT_NAME_HISTORY_REVIEW,discovery inc class c,0
DLR,DIGITAL REALTY TRUST INC,1,DLR,DLR[?→OPEN],0,,digital realty trust inc,digital realty trust,1,3,20,1,0,0,LOW,0,CANDIDATE_EXACT_NAME_ONLY_PENDING_PIT_NAME_HISTORY_REVIEW,digital realty trust inc,0
DPZ,DOMINO S PIZZA INC,1,DPZ,DPZ[?→OPEN],0,,domino s pizza inc,domino s pizza,1,3,14,1,0,0,LOW,0,CANDIDATE_EXACT_NAME_ONLY_PENDING_PIT_NAME_HISTORY_REVIEW,domino s pizza inc,0
EL,ESTEE LAUDER COMPANIES CL A,1,EL,EL[?→OPEN],0,,estee lauder companies cl a,estee lauder companies cl a,0,5,27,1,0,0,LOW,0,CANDIDATE_EXACT_NAME_ONLY_PENDING_PIT_NAME_HISTORY_REVIEW,estee lauder companies cl a,0
ESS,ESSEX PROPERTY TRUST INC,1,ESS,ESS[?→OPEN],0,,essex property trust inc,essex property trust,1,3,20,1,0,0,LOW,0,CANDIDATE_EXACT_NAME_ONLY_PENDING_PIT_NAME_HISTORY_REVIEW,essex property trust inc,0
EXPD,EXPEDITORS INTL WASH INC,1,EXPD,EXPD[?→OPEN],0,,expeditors intl wash inc,expeditors intl wash,1,3,20,1,0,0,LOW,0,CANDIDATE_EXACT_NAME_ONLY_PENDING_PIT_NAME_HISTORY_REVIEW,expeditors intl wash inc,0
EXR,EXTRA SPACE STORAGE INC,1,EXR,EXR[?→OPEN],0,,extra space storage inc,extra space storage,1,3,19,1,0,0,LOW,0,CANDIDATE_EXACT_NAME_ONLY_PENDING_PIT_NAME_HISTORY_REVIEW,extra space storage inc,0
FBHS,Fortune Brands Home & Security,1,FBHS,FBHS[?→OPEN],0,,fortune brands home and security,fortune brands home and security,0,5,32,1,0,0,LOW,0,CANDIDATE_EXACT_NAME_ONLY_PENDING_PIT_NAME_HISTORY_REVIEW,fortune brands home and security,0
FDS,FactSet Research Systems,1,FDS,FDS[?→OPEN],0,,factset research systems,factset research systems,0,3,24,1,0,0,LOW,0,CANDIDATE_EXACT_NAME_ONLY_PENDING_PIT_NAME_HISTORY_REVIEW,factset research systems,0
FICO,Fair Isaac & Co,1,FICO,FICO[?→OPEN],0,,fair isaac and co,fair isaac and,1,3,14,1,0,0,LOW,0,CANDIDATE_EXACT_NAME_ONLY_PENDING_PIT_NAME_HISTORY_REVIEW,fair isaac and co,0
FIS,FIDELITY NATIONAL INFO SERV,1,FIS,FIS[?→OPEN],0,,fidelity national info serv,fidelity national info serv,0,4,27,1,0,0,LOW,0,CANDIDATE_EXACT_NAME_ONLY_PENDING_PIT_NAME_HISTORY_REVIEW,fidelity national info serv,0
FITB,FIFTH THIRD BANCORP,1,FITB,FITB[?→OPEN],0,,fifth third bancorp,fifth third bancorp,0,3,19,1,0,0,LOW,0,CANDIDATE_EXACT_NAME_ONLY_PENDING_PIT_NAME_HISTORY_REVIEW,fifth third bancorp,0
FIX,Comfort Systems USA,1,FIX,FIX[?→OPEN],0,,comfort systems usa,comfort systems usa,0,3,19,1,0,0,LOW,0,CANDIDATE_EXACT_NAME_ONLY_PENDING_PIT_NAME_HISTORY_REVIEW,comfort systems usa,0
FOX,FOX CORP   CLASS B,1,FOX,FOX[?→OPEN],0,,fox corp class b,fox corp class b,0,4,16,1,0,0,LOW,0,CANDIDATE_EXACT_NAME_ONLY_PENDING_PIT_NAME_HISTORY_REVIEW,fox corp class b,0
FOXA,FOX CORP   CLASS A,1,FOXA,FOXA[?→OPEN],0,,fox corp class a,fox corp class a,0,4,16,1,0,0,LOW,0,CANDIDATE_EXACT_NAME_ONLY_PENDING_PIT_NAME_HISTORY_REVIEW,fox corp class a,0
FRC,First Republic Bank,1,FRC,FRC[?→OPEN],0,,first republic bank,first republic bank,0,3,19,1,0,0,LOW,0,CANDIDATE_EXACT_NAME_ONLY_PENDING_PIT_NAME_HISTORY_REVIEW,first republic bank,0
FRT,FEDERAL REALTY INVS TRUST,1,FRT,FRT[?→OPEN],0,,federal realty invs trust,federal realty invs trust,0,4,25,1,0,0,LOW,0,CANDIDATE_EXACT_NAME_ONLY_PENDING_PIT_NAME_HISTORY_REVIEW,federal realty invs trust,0
GEHC,GE HealthCare Technologies,1,GEHC,GEHC[?→OPEN],0,,ge healthcare technologies,ge healthcare technologies,0,3,26,1,0,0,LOW,0,CANDIDATE_EXACT_NAME_ONLY_PENDING_PIT_NAME_HISTORY_REVIEW,ge healthcare technologies,0
GOOG,ALPHABET INC CL C,1,GOOG,GOOG[?→OPEN],0,,alphabet inc cl c,alphabet inc cl c,0,4,17,1,0,0,LOW,0,CANDIDATE_EXACT_NAME_ONLY_PENDING_PIT_NAME_HISTORY_REVIEW,alphabet inc cl c,0
GOOGL,ALPHABET INC CL A,1,GOOGL,GOOGL[?→OPEN],0,,alphabet inc cl a,alphabet inc cl a,0,4,17,1,0,0,LOW,0,CANDIDATE_EXACT_NAME_ONLY_PENDING_PIT_NAME_HISTORY_REVIEW,alphabet inc cl a,0
GS,GOLDMAN SACHS GROUP INC,1,GS,GS[?→OPEN],0,,goldman sachs group inc,goldman sachs group,1,3,19,1,0,0,LOW,0,CANDIDATE_EXACT_NAME_ONLY_PENDING_PIT_NAME_HISTORY_REVIEW,goldman sachs group inc,0
HIG,HARTFORD INSURANCE GROUP INC,1,HIG,HIG[?→OPEN],0,,hartford insurance group inc,hartford insurance group,1,3,24,1,0,0,LOW,0,CANDIDATE_EXACT_NAME_ONLY_PENDING_PIT_NAME_HISTORY_REVIEW,hartford insurance group inc,0
HII,HUNTINGTON INGALLS INDUSTRIE,1,HII,HII[?→OPEN],0,,huntington ingalls industrie,huntington ingalls industrie,0,3,28,1,0,0,LOW,0,CANDIDATE_EXACT_NAME_ONLY_PENDING_PIT_NAME_HISTORY_REVIEW,huntington ingalls industrie,0
HLT,HILTON WORLDWIDE HOLDINGS IN,1,HLT,HLT[?→OPEN],0,,hilton worldwide holdings in,hilton worldwide holdings in,0,4,28,1,0,0,LOW,0,CANDIDATE_EXACT_NAME_ONLY_PENDING_PIT_NAME_HISTORY_REVIEW,hilton worldwide holdings in,0
HPE,HEWLETT PACKARD ENTERPRISE,1,HPE,HPE[?→OPEN],0,,hewlett packard enterprise,hewlett packard enterprise,0,3,26,1,0,0,LOW,0,CANDIDATE_EXACT_NAME_ONLY_PENDING_PIT_NAME_HISTORY_REVIEW,hewlett packard enterprise,0
HST,HOST HOTELS + RESORTS INC,1,HST,HST[?→OPEN],0,,host hotels resorts inc,host hotels resorts,1,3,19,1,0,0,LOW,0,CANDIDATE_EXACT_NAME_ONLY_PENDING_PIT_NAME_HISTORY_REVIEW,host hotels resorts inc,0
HSY,HERSHEY CO/THE,1,HSY,HSY[?→OPEN],0,,hershey co the,hershey co the,0,3,14,1,0,0,LOW,0,CANDIDATE_EXACT_NAME_ONLY_PENDING_PIT_NAME_HISTORY_REVIEW,hershey co the,0
IBKR,Interactive Brokers Group,1,IBKR,IBKR[?→OPEN],0,,interactive brokers group,interactive brokers group,0,3,25,1,0,0,LOW,0,CANDIDATE_EXACT_NAME_ONLY_PENDING_PIT_NAME_HISTORY_REVIEW,interactive brokers group,0
IBM,INTL BUSINESS MACHINES CORP,1,IBM,IBM[?→OPEN],0,,intl business machines corp,intl business machines,1,3,22,1,0,0,LOW,0,CANDIDATE_EXACT_NAME_ONLY_PENDING_PIT_NAME_HISTORY_REVIEW,intl business machines corp,0
ICE,INTERCONTINENTAL EXCHANGE IN,1,ICE,ICE[?→OPEN],0,,intercontinental exchange in,intercontinental exchange in,0,3,28,1,0,0,LOW,0,CANDIDATE_EXACT_NAME_ONLY_PENDING_PIT_NAME_HISTORY_REVIEW,intercontinental exchange in,0
IFF,INTL FLAVORS + FRAGRANCES,1,IFF,IFF[?→OPEN],0,,intl flavors fragrances,intl flavors fragrances,0,3,23,1,0,0,LOW,0,CANDIDATE_EXACT_NAME_ONLY_PENDING_PIT_NAME_HISTORY_REVIEW,intl flavors fragrances,0
ITW,ILLINOIS TOOL WORKS,1,ITW,ITW[?→OPEN],0,,illinois tool works,illinois tool works,0,3,19,1,0,0,LOW,0,CANDIDATE_EXACT_NAME_ONLY_PENDING_PIT_NAME_HISTORY_REVIEW,illinois tool works,0
JBHT,HUNT (JB) TRANSPRT SVCS INC,1,JBHT,JBHT[?→OPEN],0,,hunt jb transprt svcs inc,hunt jb transprt svcs,1,4,21,1,0,0,LOW,0,CANDIDATE_EXACT_NAME_ONLY_PENDING_PIT_NAME_HISTORY_REVIEW,hunt jb transprt svcs inc,0
JCI,JOHNSON CONTROLS INTERNATION,1,JCI,JCI[?→OPEN],0,,johnson controls internation,johnson controls internation,0,3,28,1,0,0,LOW,0,CANDIDATE_EXACT_NAME_ONLY_PENDING_PIT_NAME_HISTORY_REVIEW,johnson controls internation,0
JKHY,JACK HENRY + ASSOCIATES INC,1,JKHY,JKHY[?→OPEN],0,,jack henry associates inc,jack henry associates,1,3,21,1,0,0,LOW,0,CANDIDATE_EXACT_NAME_ONLY_PENDING_PIT_NAME_HISTORY_REVIEW,jack henry associates inc,0
KDP,Keurig Dr Pepper,1,KDP,KDP[?→OPEN],0,,keurig dr pepper,keurig dr pepper,0,3,16,1,0,0,LOW,0,CANDIDATE_EXACT_NAME_ONLY_PENDING_PIT_NAME_HISTORY_REVIEW,keurig dr pepper,0
KEYS,KEYSIGHT TECHNOLOGIES IN,1,KEYS,KEYS[?→OPEN],0,,keysight technologies in,keysight technologies in,0,3,24,1,0,0,LOW,0,CANDIDATE_EXACT_NAME_ONLY_PENDING_PIT_NAME_HISTORY_REVIEW,keysight technologies in,0
KHC,KRAFT HEINZ CO/THE,1,KHC,KHC[?→OPEN],0,,kraft heinz co the,kraft heinz co the,0,4,18,1,0,0,LOW,0,CANDIDATE_EXACT_NAME_ONLY_PENDING_PIT_NAME_HISTORY_REVIEW,kraft heinz co the,0
KO,COCA COLA CO/THE,1,KO,KO[?→OPEN],0,,coca cola co the,coca cola co the,0,4,16,1,0,0,LOW,0,CANDIDATE_EXACT_NAME_ONLY_PENDING_PIT_NAME_HISTORY_REVIEW,coca cola co the,0
KSU,Kansas City Southern,1,KSU,KSU[?→OPEN],0,,kansas city southern,kansas city southern,0,3,20,1,0,0,LOW,0,CANDIDATE_EXACT_NAME_ONLY_PENDING_PIT_NAME_HISTORY_REVIEW,kansas city southern,0
LEG,Leggett & Platt,1,LEG,LEG[?→OPEN],0,,leggett and platt,leggett and platt,0,3,17,1,0,0,LOW,0,CANDIDATE_EXACT_NAME_ONLY_PENDING_PIT_NAME_HISTORY_REVIEW,leggett and platt,0
LEN,LENNAR CORP A,1,LEN,LEN[?→OPEN],0,,lennar corp a,lennar corp a,0,3,13,1,0,0,LOW,0,CANDIDATE_EXACT_NAME_ONLY_PENDING_PIT_NAME_HISTORY_REVIEW,lennar corp a,0
LOW,LOWE S COS INC,1,LOW,LOW[?→OPEN],0,,lowe s cos inc,lowe s cos,1,3,10,1,0,0,LOW,0,CANDIDATE_EXACT_NAME_ONLY_PENDING_PIT_NAME_HISTORY_REVIEW,lowe s cos inc,0
LVS,LAS VEGAS SANDS CORP,1,LVS,LVS[?→OPEN],0,,las vegas sands corp,las vegas sands,1,3,15,1,0,0,LOW,0,CANDIDATE_EXACT_NAME_ONLY_PENDING_PIT_NAME_HISTORY_REVIEW,las vegas sands corp,0
LYB,LYONDELLBASELL INDU CL A,1,LYB,LYB[?→OPEN],0,,lyondellbasell indu cl a,lyondellbasell indu cl a,0,4,24,1,0,0,LOW,0,CANDIDATE_EXACT_NAME_ONLY_PENDING_PIT_NAME_HISTORY_REVIEW,lyondellbasell indu cl a,0
LYV,LIVE NATION ENTERTAINMENT IN,1,LYV,LYV[?→OPEN],0,,live nation entertainment in,live nation entertainment in,0,4,28,1,0,0,LOW,0,CANDIDATE_EXACT_NAME_ONLY_PENDING_PIT_NAME_HISTORY_REVIEW,live nation entertainment in,0
MA,MASTERCARD INC   A,1,MA,MA[?→OPEN],0,,mastercard inc a,mastercard inc a,0,3,16,1,0,0,LOW,0,CANDIDATE_EXACT_NAME_ONLY_PENDING_PIT_NAME_HISTORY_REVIEW,mastercard inc a,0
MAA,MID AMERICA APARTMENT COMM,1,MAA,MAA[?→OPEN],0,,mid america apartment comm,mid america apartment comm,0,4,26,1,0,0,LOW,0,CANDIDATE_EXACT_NAME_ONLY_PENDING_PIT_NAME_HISTORY_REVIEW,mid america apartment comm,0
MAR,MARRIOTT INTERNATIONAL  CL A,1,MAR,MAR[?→OPEN],0,,marriott international cl a,marriott international cl a,0,4,27,1,0,0,LOW,0,CANDIDATE_EXACT_NAME_ONLY_PENDING_PIT_NAME_HISTORY_REVIEW,marriott international cl a,0
MDLZ,MONDELEZ INTERNATIONAL INC A,1,MDLZ,MDLZ[?→OPEN],0,,mondelez international inc a,mondelez international inc a,0,4,28,1,0,0,LOW,0,CANDIDATE_EXACT_NAME_ONLY_PENDING_PIT_NAME_HISTORY_REVIEW,mondelez international inc a,0
META,META PLATFORMS INC CLASS A,1,META,META[?→OPEN],0,,meta platforms inc class a,meta platforms inc class a,0,5,26,1,0,0,LOW,0,CANDIDATE_EXACT_NAME_ONLY_PENDING_PIT_NAME_HISTORY_REVIEW,meta platforms inc class a,0
MGM,MGM RESORTS INTERNATIONAL,1,MGM,MGM[?→OPEN],0,,mgm resorts international,mgm resorts international,0,3,25,1,0,0,LOW,0,CANDIDATE_EXACT_NAME_ONLY_PENDING_PIT_NAME_HISTORY_REVIEW,mgm resorts international,0
MKC,MCCORMICK + CO NON VTG SHRS,1,MKC,MKC[?→OPEN],0,,mccormick co non vtg shrs,mccormick co non vtg shrs,0,5,25,1,0,0,LOW,0,CANDIDATE_EXACT_NAME_ONLY_PENDING_PIT_NAME_HISTORY_REVIEW,mccormick co non vtg shrs,0
MLM,MARTIN MARIETTA MATERIALS,1,MLM,MLM[?→OPEN],0,,martin marietta materials,martin marietta materials,0,3,25,1,0,0,LOW,0,CANDIDATE_EXACT_NAME_ONLY_PENDING_PIT_NAME_HISTORY_REVIEW,martin marietta materials,0
MOS,MOSAIC CO/THE,1,MOS,MOS[?→OPEN],0,,mosaic co the,mosaic co the,0,3,13,1,0,0,LOW,0,CANDIDATE_EXACT_NAME_ONLY_PENDING_PIT_NAME_HISTORY_REVIEW,mosaic co the,0
MPWR,Monolithic Power Systems,1,MPWR,MPWR[?→OPEN],0,,monolithic power systems,monolithic power systems,0,3,24,1,0,0,LOW,0,CANDIDATE_EXACT_NAME_ONLY_PENDING_PIT_NAME_HISTORY_REVIEW,monolithic power systems,0
MRSH,MARSH + MCLENNAN COS,1,MRSH,MRSH[?→OPEN],0,,marsh mclennan cos,marsh mclennan cos,0,3,18,1,0,0,LOW,0,CANDIDATE_EXACT_NAME_ONLY_PENDING_PIT_NAME_HISTORY_REVIEW,marsh mclennan cos,0
MTD,METTLER TOLEDO INTERNATIONAL,1,MTD,MTD[?→OPEN],0,,mettler toledo international,mettler toledo international,0,3,28,1,0,0,LOW,0,CANDIDATE_EXACT_NAME_ONLY_PENDING_PIT_NAME_HISTORY_REVIEW,mettler toledo international,0
MXIM,Maxim Integrated Products,1,MXIM,MXIM[?→OPEN],0,,maxim integrated products,maxim integrated products,0,3,25,1,0,0,LOW,0,CANDIDATE_EXACT_NAME_ONLY_PENDING_PIT_NAME_HISTORY_REVIEW,maxim integrated products,0
NCLH,NORWEGIAN CRUISE LINE HOLDIN,1,NCLH,NCLH[?→OPEN],0,,norwegian cruise line holdin,norwegian cruise line holdin,0,4,28,1,0,0,LOW,0,CANDIDATE_EXACT_NAME_ONLY_PENDING_PIT_NAME_HISTORY_REVIEW,norwegian cruise line holdin,0
NKE,NIKE INC  CL B,1,NKE,NKE[?→OPEN],0,,nike inc cl b,nike inc cl b,0,4,13,1,0,0,LOW,0,CANDIDATE_EXACT_NAME_ONLY_PENDING_PIT_NAME_HISTORY_REVIEW,nike inc cl b,0
NWS,NEWS CORP   CLASS B,1,NWS,NWS[?→OPEN],0,,news corp class b,news corp class b,0,4,17,1,0,0,LOW,0,CANDIDATE_EXACT_NAME_ONLY_PENDING_PIT_NAME_HISTORY_REVIEW,news corp class b,0
NWSA,NEWS CORP   CLASS A,1,NWSA,NWSA[?→OPEN],0,,news corp class a,news corp class a,0,4,17,1,0,0,LOW,0,CANDIDATE_EXACT_NAME_ONLY_PENDING_PIT_NAME_HISTORY_REVIEW,news corp class a,0
ODFL,OLD DOMINION FREIGHT LINE,1,ODFL,ODFL[?→OPEN],0,,old dominion freight line,old dominion freight line,0,4,25,1,0,0,LOW,0,CANDIDATE_EXACT_NAME_ONLY_PENDING_PIT_NAME_HISTORY_REVIEW,old dominion freight line,0
ORLY,O REILLY AUTOMOTIVE INC,1,ORLY,ORLY[?→OPEN],0,,o reilly automotive inc,o reilly automotive,1,3,19,1,0,0,LOW,0,CANDIDATE_EXACT_NAME_ONLY_PENDING_PIT_NAME_HISTORY_REVIEW,o reilly automotive inc,0
PANW,Palo Alto Networks,1,PANW,PANW[?→OPEN],0,,palo alto networks,palo alto networks,0,3,18,1,0,0,LOW,0,CANDIDATE_EXACT_NAME_ONLY_PENDING_PIT_NAME_HISTORY_REVIEW,palo alto networks,0
PBCT,People's United Financial,1,PBCT,PBCT[?→OPEN],0,,people s united financial,people s united financial,0,4,25,1,0,0,LOW,0,CANDIDATE_EXACT_NAME_ONLY_PENDING_PIT_NAME_HISTORY_REVIEW,people s united financial,0
PEG,PUBLIC SERVICE ENTERPRISE GP,1,PEG,PEG[?→OPEN],0,,public service enterprise gp,public service enterprise gp,0,4,28,1,0,0,LOW,0,CANDIDATE_EXACT_NAME_ONLY_PENDING_PIT_NAME_HISTORY_REVIEW,public service enterprise gp,0
PENN,Penn National Gaming,1,PENN,PENN[?→OPEN],0,,penn national gaming,penn national gaming,0,3,20,1,0,0,LOW,0,CANDIDATE_EXACT_NAME_ONLY_PENDING_PIT_NAME_HISTORY_REVIEW,penn national gaming,0
PFG,PRINCIPAL FINANCIAL GROUP,1,PFG,PFG[?→OPEN],0,,principal financial group,principal financial group,0,3,25,1,0,0,LOW,0,CANDIDATE_EXACT_NAME_ONLY_PENDING_PIT_NAME_HISTORY_REVIEW,principal financial group,0
PG,PROCTER + GAMBLE CO/THE,1,PG,PG[?→OPEN],0,,procter gamble co the,procter gamble co the,0,4,21,1,0,0,LOW,0,CANDIDATE_EXACT_NAME_ONLY_PENDING_PIT_NAME_HISTORY_REVIEW,procter gamble co the,0
PKG,PACKAGING CORP OF AMERICA,1,PKG,PKG[?→OPEN],0,,packaging corp of america,packaging corp of america,0,4,25,1,0,0,LOW,0,CANDIDATE_EXACT_NAME_ONLY_PENDING_PIT_NAME_HISTORY_REVIEW,packaging corp of america,0
PM,PHILIP MORRIS INTERNATIONAL,1,PM,PM[?→OPEN],0,,philip morris international,philip morris international,0,3,27,1,0,0,LOW,0,CANDIDATE_EXACT_NAME_ONLY_PENDING_PIT_NAME_HISTORY_REVIEW,philip morris international,0
PNC,PNC FINANCIAL SERVICES GROUP,1,PNC,PNC[?→OPEN],0,,pnc financial services group,pnc financial services group,0,4,28,1,0,0,LOW,0,CANDIDATE_EXACT_NAME_ONLY_PENDING_PIT_NAME_HISTORY_REVIEW,pnc financial services group,0
PNW,PINNACLE WEST CAPITAL,1,PNW,PNW[?→OPEN],0,,pinnacle west capital,pinnacle west capital,0,3,21,1,0,0,LOW,0,CANDIDATE_EXACT_NAME_ONLY_PENDING_PIT_NAME_HISTORY_REVIEW,pinnacle west capital,0
PSKY,PARAMOUNT SKYDANCE CL B,1,PSKY,PSKY[?→OPEN],0,,paramount skydance cl b,paramount skydance cl b,0,4,23,1,0,0,LOW,0,CANDIDATE_EXACT_NAME_ONLY_PENDING_PIT_NAME_HISTORY_REVIEW,paramount skydance cl b,0
PXD,Pioneer Natural Resources,1,PXD,PXD[?→OPEN],0,,pioneer natural resources,pioneer natural resources,0,3,25,1,0,0,LOW,0,CANDIDATE_EXACT_NAME_ONLY_PENDING_PIT_NAME_HISTORY_REVIEW,pioneer natural resources,0
RCL,ROYAL CARIBBEAN CRUISES LTD,1,RCL,RCL[?→OPEN],0,,royal caribbean cruises ltd,royal caribbean cruises,1,3,23,1,0,0,LOW,0,CANDIDATE_EXACT_NAME_ONLY_PENDING_PIT_NAME_HISTORY_REVIEW,royal caribbean cruises ltd,0
RJF,RAYMOND JAMES FINANCIAL INC,1,RJF,RJF[?→OPEN],0,,raymond james financial inc,raymond james financial,1,3,23,1,0,0,LOW,0,CANDIDATE_EXACT_NAME_ONLY_PENDING_PIT_NAME_HISTORY_REVIEW,raymond james financial inc,0
SHW,SHERWIN WILLIAMS CO/THE,1,SHW,SHW[?→OPEN],0,,sherwin williams co the,sherwin williams co the,0,4,23,1,0,0,LOW,0,CANDIDATE_EXACT_NAME_ONLY_PENDING_PIT_NAME_HISTORY_REVIEW,sherwin williams co the,0
SIVB,SVB Financial Group,1,SIVB,SIVB[?→OPEN],0,,svb financial group,svb financial group,0,3,19,1,0,0,LOW,0,CANDIDATE_EXACT_NAME_ONLY_PENDING_PIT_NAME_HISTORY_REVIEW,svb financial group,0
SJM,JM SMUCKER CO/THE,1,SJM,SJM[?→OPEN],0,,jm smucker co the,jm smucker co the,0,4,17,1,0,0,LOW,0,CANDIDATE_EXACT_NAME_ONLY_PENDING_PIT_NAME_HISTORY_REVIEW,jm smucker co the,0
SLG,SL Green Realty,1,SLG,SLG[?→OPEN],0,,sl green realty,sl green realty,0,3,15,1,0,0,LOW,0,CANDIDATE_EXACT_NAME_ONLY_PENDING_PIT_NAME_HISTORY_REVIEW,sl green realty,0
SMCI,Super Micro Computer,1,SMCI,SMCI[?→OPEN],0,,super micro computer,super micro computer,0,3,20,1,0,0,LOW,0,CANDIDATE_EXACT_NAME_ONLY_PENDING_PIT_NAME_HISTORY_REVIEW,super micro computer,0
SO,SOUTHERN CO/THE,1,SO,SO[?→OPEN],0,,southern co the,southern co the,0,3,15,1,0,0,LOW,0,CANDIDATE_EXACT_NAME_ONLY_PENDING_PIT_NAME_HISTORY_REVIEW,southern co the,0
SOLS,Solstice Advance Materials,1,SOLS,SOLS[?→OPEN],0,,solstice advance materials,solstice advance materials,0,3,26,1,0,0,LOW,0,CANDIDATE_EXACT_NAME_ONLY_PENDING_PIT_NAME_HISTORY_REVIEW,solstice advance materials,0
SPG,SIMON PROPERTY GROUP INC,1,SPG,SPG[?→OPEN],0,,simon property group inc,simon property group,1,3,20,1,0,0,LOW,0,CANDIDATE_EXACT_NAME_ONLY_PENDING_PIT_NAME_HISTORY_REVIEW,simon property group inc,0
SPGI,S+P GLOBAL INC,1,SPGI,SPGI[?→OPEN],0,,s p global inc,s p global,1,3,10,1,0,0,LOW,0,CANDIDATE_EXACT_NAME_ONLY_PENDING_PIT_NAME_HISTORY_REVIEW,s p global inc,0
STZ,CONSTELLATION BRANDS INC A,1,STZ,STZ[?→OPEN],0,,constellation brands inc a,constellation brands inc a,0,4,26,1,0,0,LOW,0,CANDIDATE_EXACT_NAME_ONLY_PENDING_PIT_NAME_HISTORY_REVIEW,constellation brands inc a,0
SWK,STANLEY BLACK + DECKER INC,1,SWK,SWK[?→OPEN],0,,stanley black decker inc,stanley black decker,1,3,20,1,0,0,LOW,0,CANDIDATE_EXACT_NAME_ONLY_PENDING_PIT_NAME_HISTORY_REVIEW,stanley black decker inc,0
TAP,MOLSON COORS BEVERAGE CO   B,1,TAP,TAP[?→OPEN],0,,molson coors beverage co b,molson coors beverage co b,0,5,26,1,0,0,LOW,0,CANDIDATE_EXACT_NAME_ONLY_PENDING_PIT_NAME_HISTORY_REVIEW,molson coors beverage co b,0
TMO,THERMO FISHER SCIENTIFIC INC,1,TMO,TMO[?→OPEN],0,,thermo fisher scientific inc,thermo fisher scientific,1,3,24,1,0,0,LOW,0,CANDIDATE_EXACT_NAME_ONLY_PENDING_PIT_NAME_HISTORY_REVIEW,thermo fisher scientific inc,0
TMUS,T MOBILE US INC,1,TMUS,TMUS[?→OPEN],0,,t mobile us inc,t mobile us,1,3,11,1,0,0,LOW,0,CANDIDATE_EXACT_NAME_ONLY_PENDING_PIT_NAME_HISTORY_REVIEW,t mobile us inc,0
TPL,Texas Pacific Land,1,TPL,TPL[?→OPEN],0,,texas pacific land,texas pacific land,0,3,18,1,0,0,LOW,0,CANDIDATE_EXACT_NAME_ONLY_PENDING_PIT_NAME_HISTORY_REVIEW,texas pacific land,0
TROW,T ROWE PRICE GROUP INC,1,TROW,TROW[?→OPEN],0,,t rowe price group inc,t rowe price group,1,4,18,1,0,0,LOW,0,CANDIDATE_EXACT_NAME_ONLY_PENDING_PIT_NAME_HISTORY_REVIEW,t rowe price group inc,0
TRV,TRAVELERS COS INC/THE,1,TRV,TRV[?→OPEN],0,,travelers cos inc the,travelers cos inc the,0,4,21,1,0,0,LOW,0,CANDIDATE_EXACT_NAME_ONLY_PENDING_PIT_NAME_HISTORY_REVIEW,travelers cos inc the,0
TSN,TYSON FOODS INC CL A,1,TSN,TSN[?→OPEN],0,,tyson foods inc cl a,tyson foods inc cl a,0,5,20,1,0,0,LOW,0,CANDIDATE_EXACT_NAME_ONLY_PENDING_PIT_NAME_HISTORY_REVIEW,tyson foods inc cl a,0
TTD,The Trade Desk,1,TTD,TTD[?→OPEN],0,,the trade desk,the trade desk,0,3,14,1,0,0,LOW,0,CANDIDATE_EXACT_NAME_ONLY_PENDING_PIT_NAME_HISTORY_REVIEW,the trade desk,0
TTWO,TAKE TWO INTERACTIVE SOFTWRE,1,TTWO,TTWO[?→OPEN],0,,take two interactive softwre,take two interactive softwre,0,4,28,1,0,0,LOW,0,CANDIDATE_EXACT_NAME_ONLY_PENDING_PIT_NAME_HISTORY_REVIEW,take two interactive softwre,0
UA,Under Armour Class C,1,UA,UA[?→OPEN],0,,under armour class c,under armour class c,0,4,20,1,0,0,LOW,0,CANDIDATE_EXACT_NAME_ONLY_PENDING_PIT_NAME_HISTORY_REVIEW,under armour class c,0
UAA,Under Armour Class A,1,UAA,UAA[?→OPEN],0,,under armour class a,under armour class a,0,4,20,1,0,0,LOW,0,CANDIDATE_EXACT_NAME_ONLY_PENDING_PIT_NAME_HISTORY_REVIEW,under armour class a,0
UHS,UNIVERSAL HEALTH SERVICES B,1,UHS,UHS[?→OPEN],0,,universal health services b,universal health services b,0,4,27,1,0,0,LOW,0,CANDIDATE_EXACT_NAME_ONLY_PENDING_PIT_NAME_HISTORY_REVIEW,universal health services b,0
UPS,UNITED PARCEL SERVICE CL B,1,UPS,UPS[?→OPEN],0,,united parcel service cl b,united parcel service cl b,0,5,26,1,0,0,LOW,0,CANDIDATE_EXACT_NAME_ONLY_PENDING_PIT_NAME_HISTORY_REVIEW,united parcel service cl b,0
V,VISA INC CLASS A SHARES,1,V,V[?→OPEN],0,,visa inc class a shares,visa inc class a shares,0,5,23,1,0,0,LOW,0,CANDIDATE_EXACT_NAME_ONLY_PENDING_PIT_NAME_HISTORY_REVIEW,visa inc class a shares,0
VAR,Varian Medical Systems,1,VAR,VAR[?→OPEN],0,,varian medical systems,varian medical systems,0,3,22,1,0,0,LOW,0,CANDIDATE_EXACT_NAME_ONLY_PENDING_PIT_NAME_HISTORY_REVIEW,varian medical systems,0
VNO,Vornado Realty Trust,1,VNO,VNO[?→OPEN],0,,vornado realty trust,vornado realty trust,0,3,20,1,0,0,LOW,0,CANDIDATE_EXACT_NAME_ONLY_PENDING_PIT_NAME_HISTORY_REVIEW,vornado realty trust,0
WBA,Walgreens Boots Alliance,1,WBA,WBA[?→OPEN],0,,walgreens boots alliance,walgreens boots alliance,0,3,24,1,0,0,LOW,0,CANDIDATE_EXACT_NAME_ONLY_PENDING_PIT_NAME_HISTORY_REVIEW,walgreens boots alliance,0
WBD,Warner Bros. Discovery,1,WBD,WBD[?→OPEN],0,,warner bros discovery,warner bros discovery,0,3,21,1,0,0,LOW,0,CANDIDATE_EXACT_NAME_ONLY_PENDING_PIT_NAME_HISTORY_REVIEW,warner bros discovery,0
WEC,WEC ENERGY GROUP INC,1,WEC,WEC[?→OPEN],0,,wec energy group inc,wec energy group,1,3,16,1,0,0,LOW,0,CANDIDATE_EXACT_NAME_ONLY_PENDING_PIT_NAME_HISTORY_REVIEW,wec energy group inc,0
WST,WEST PHARMACEUTICAL SERVICES,1,WST,WST[?→OPEN],0,,west pharmaceutical services,west pharmaceutical services,0,3,28,1,0,0,LOW,0,CANDIDATE_EXACT_NAME_ONLY_PENDING_PIT_NAME_HISTORY_REVIEW,west pharmaceutical services,0
WTW,WILLIS TOWERS WATSON PLC,1,WTW,WTW[?→OPEN],0,,willis towers watson plc,willis towers watson,1,3,20,1,0,0,LOW,0,CANDIDATE_EXACT_NAME_ONLY_PENDING_PIT_NAME_HISTORY_REVIEW,willis towers watson plc,0
WU,The Western Union,1,WU,WU[?→OPEN],0,,the western union,the western union,0,3,17,1,0,0,LOW,0,CANDIDATE_EXACT_NAME_ONLY_PENDING_PIT_NAME_HISTORY_REVIEW,the western union,0
ZBRA,ZEBRA TECHNOLOGIES CORP CL A,1,ZBRA,ZBRA[?→OPEN],0,,zebra technologies corp cl a,zebra technologies corp cl a,0,5,28,1,0,0,LOW,0,CANDIDATE_EXACT_NAME_ONLY_PENDING_PIT_NAME_HISTORY_REVIEW,zebra technologies corp cl a,0
DAY,Ceridian HCM Holding,2,DAY,CDAY[?→OPEN] | DAY[?→OPEN],1,,ceridian hcm holding,ceridian hcm,1,2,12,1,0,0,MEDIUM,0,CANDIDATE_EXACT_NAME_ONLY_PENDING_PIT_NAME_HISTORY_REVIEW,ceridian hcm holding,1
A,AGILENT TECHNOLOGIES INC,1,A,A[?→OPEN],0,,agilent technologies inc,agilent technologies,1,2,20,1,0,0,MEDIUM,0,CANDIDATE_EXACT_NAME_ONLY_PENDING_PIT_NAME_HISTORY_REVIEW,agilent technologies inc,0
ABT,ABBOTT LABORATORIES,1,ABT,ABT[?→OPEN],0,,abbott laboratories,abbott laboratories,0,2,19,1,0,0,MEDIUM,0,CANDIDATE_EXACT_NAME_ONLY_PENDING_PIT_NAME_HISTORY_REVIEW,abbott laboratories,0
ADI,ANALOG DEVICES INC,1,ADI,ADI[?→OPEN],0,,analog devices inc,analog devices,1,2,14,1,0,0,MEDIUM,0,CANDIDATE_EXACT_NAME_ONLY_PENDING_PIT_NAME_HISTORY_REVIEW,analog devices inc,0
AKAM,AKAMAI TECHNOLOGIES INC,1,AKAM,AKAM[?→OPEN],0,,akamai technologies inc,akamai technologies,1,2,19,1,0,0,MEDIUM,0,CANDIDATE_EXACT_NAME_ONLY_PENDING_PIT_NAME_HISTORY_REVIEW,akamai technologies inc,0
ALGN,ALIGN TECHNOLOGY INC,1,ALGN,ALGN[?→OPEN],0,,align technology inc,align technology,1,2,16,1,0,0,MEDIUM,0,CANDIDATE_EXACT_NAME_ONLY_PENDING_PIT_NAME_HISTORY_REVIEW,align technology inc,0
ALXN,Alexion Pharmaceuticals,1,ALXN,ALXN[?→OPEN],0,,alexion pharmaceuticals,alexion pharmaceuticals,0,2,23,1,0,0,MEDIUM,0,CANDIDATE_EXACT_NAME_ONLY_PENDING_PIT_NAME_HISTORY_REVIEW,alexion pharmaceuticals,0
AMAT,APPLIED MATERIALS INC,1,AMAT,AMAT[?→OPEN],0,,applied materials inc,applied materials,1,2,17,1,0,0,MEDIUM,0,CANDIDATE_EXACT_NAME_ONLY_PENDING_PIT_NAME_HISTORY_REVIEW,applied materials inc,0
AMP,AMERIPRISE FINANCIAL INC,1,AMP,AMP[?→OPEN],0,,ameriprise financial inc,ameriprise financial,1,2,20,1,0,0,MEDIUM,0,CANDIDATE_EXACT_NAME_ONLY_PENDING_PIT_NAME_HISTORY_REVIEW,ameriprise financial inc,0
AMT,AMERICAN TOWER CORP,1,AMT,AMT[?→OPEN],0,,american tower corp,american tower,1,2,14,1,0,0,MEDIUM,0,CANDIDATE_EXACT_NAME_ONLY_PENDING_PIT_NAME_HISTORY_REVIEW,american tower corp,0
AMZN,AMAZON.COM INC,1,AMZN,AMZN[?→OPEN],0,,amazon com inc,amazon com,1,2,10,1,0,0,MEDIUM,0,CANDIDATE_EXACT_NAME_ONLY_PENDING_PIT_NAME_HISTORY_REVIEW,amazon com inc,0
ANET,ARISTA NETWORKS INC,1,ANET,ANET[?→OPEN],0,,arista networks inc,arista networks,1,2,15,1,0,0,MEDIUM,0,CANDIDATE_EXACT_NAME_ONLY_PENDING_PIT_NAME_HISTORY_REVIEW,arista networks inc,0
ARES,Ares Management,1,ARES,ARES[?→OPEN],0,,ares management,ares management,0,2,15,1,0,0,MEDIUM,0,CANDIDATE_EXACT_NAME_ONLY_PENDING_PIT_NAME_HISTORY_REVIEW,ares management,0
ATO,ATMOS ENERGY CORP,1,ATO,ATO[?→OPEN],0,,atmos energy corp,atmos energy,1,2,12,1,0,0,MEDIUM,0,CANDIDATE_EXACT_NAME_ONLY_PENDING_PIT_NAME_HISTORY_REVIEW,atmos energy corp,0
ATVI,Activision Blizzard,1,ATVI,ATVI[?→OPEN],0,,activision blizzard,activision blizzard,0,2,19,1,0,0,MEDIUM,0,CANDIDATE_EXACT_NAME_ONLY_PENDING_PIT_NAME_HISTORY_REVIEW,activision blizzard,0
AVB,AVALONBAY COMMUNITIES INC,1,AVB,AVB[?→OPEN],0,,avalonbay communities inc,avalonbay communities,1,2,21,1,0,0,MEDIUM,0,CANDIDATE_EXACT_NAME_ONLY_PENDING_PIT_NAME_HISTORY_REVIEW,avalonbay communities inc,0
AVY,AVERY DENNISON CORP,1,AVY,AVY[?→OPEN],0,,avery dennison corp,avery dennison,1,2,14,1,0,0,MEDIUM,0,CANDIDATE_EXACT_NAME_ONLY_PENDING_PIT_NAME_HISTORY_REVIEW,avery dennison corp,0
AXON,Axon Enterprise,1,AXON,AXON[?→OPEN],0,,axon enterprise,axon enterprise,0,2,15,1,0,0,MEDIUM,0,CANDIDATE_EXACT_NAME_ONLY_PENDING_PIT_NAME_HISTORY_REVIEW,axon enterprise,0
AXP,AMERICAN EXPRESS CO,1,AXP,AXP[?→OPEN],0,,american express co,american express,1,2,16,1,0,0,MEDIUM,0,CANDIDATE_EXACT_NAME_ONLY_PENDING_PIT_NAME_HISTORY_REVIEW,american express co,0
BAX,BAXTER INTERNATIONAL INC,1,BAX,BAX[?→OPEN],0,,baxter international inc,baxter international,1,2,20,1,0,0,MEDIUM,0,CANDIDATE_EXACT_NAME_ONLY_PENDING_PIT_NAME_HISTORY_REVIEW,baxter international inc,0
BEN,FRANKLIN RESOURCES INC,1,BEN,BEN[?→OPEN],0,,franklin resources inc,franklin resources,1,2,18,1,0,0,MEDIUM,0,CANDIDATE_EXACT_NAME_ONLY_PENDING_PIT_NAME_HISTORY_REVIEW,franklin resources inc,0
BKR,BAKER HUGHES CO,1,BKR,BKR[?→OPEN],0,,baker hughes co,baker hughes,1,2,12,1,0,0,MEDIUM,0,CANDIDATE_EXACT_NAME_ONLY_PENDING_PIT_NAME_HISTORY_REVIEW,baker hughes co,0
BLDR,Builders FirstSource,1,BLDR,BLDR[?→OPEN],0,,builders firstsource,builders firstsource,0,2,20,1,0,0,MEDIUM,0,CANDIDATE_EXACT_NAME_ONLY_PENDING_PIT_NAME_HISTORY_REVIEW,builders firstsource,0
BSX,BOSTON SCIENTIFIC CORP,1,BSX,BSX[?→OPEN],0,,boston scientific corp,boston scientific,1,2,17,1,0,0,MEDIUM,0,CANDIDATE_EXACT_NAME_ONLY_PENDING_PIT_NAME_HISTORY_REVIEW,boston scientific corp,0
CAG,Conagra Brands,1,CAG,CAG[?→OPEN],0,,conagra brands,conagra brands,0,2,14,1,0,0,MEDIUM,0,CANDIDATE_EXACT_NAME_ONLY_PENDING_PIT_NAME_HISTORY_REVIEW,conagra brands,0
CAH,CARDINAL HEALTH INC,1,CAH,CAH[?→OPEN],0,,cardinal health inc,cardinal health,1,2,15,1,0,0,MEDIUM,0,CANDIDATE_EXACT_NAME_ONLY_PENDING_PIT_NAME_HISTORY_REVIEW,cardinal health inc,0
CARR,CARRIER GLOBAL CORP,1,CARR,CARR[?→OPEN],0,,carrier global corp,carrier global,1,2,14,1,0,0,MEDIUM,0,CANDIDATE_EXACT_NAME_ONLY_PENDING_PIT_NAME_HISTORY_REVIEW,carrier global corp,0
CCI,CROWN CASTLE INC,1,CCI,CCI[?→OPEN],0,,crown castle inc,crown castle,1,2,12,1,0,0,MEDIUM,0,CANDIDATE_EXACT_NAME_ONLY_PENDING_PIT_NAME_HISTORY_REVIEW,crown castle inc,0
CEG,Constellation Energy,1,CEG,CEG[?→OPEN],0,,constellation energy,constellation energy,0,2,20,1,0,0,MEDIUM,0,CANDIDATE_EXACT_NAME_ONLY_PENDING_PIT_NAME_HISTORY_REVIEW,constellation energy,0
CF,CF INDUSTRIES HOLDINGS INC,1,CF,CF[?→OPEN],0,,cf industries holdings inc,cf industries,1,2,13,1,0,0,MEDIUM,0,CANDIDATE_EXACT_NAME_ONLY_PENDING_PIT_NAME_HISTORY_REVIEW,cf industries holdings inc,0
CHD,CHURCH + DWIGHT CO INC,1,CHD,CHD[?→OPEN],0,,church dwight co inc,church dwight,1,2,13,1,0,0,MEDIUM,0,CANDIDATE_EXACT_NAME_ONLY_PENDING_PIT_NAME_HISTORY_REVIEW,church dwight co inc,0
CINF,CINCINNATI FINANCIAL CORP,1,CINF,CINF[?→OPEN],0,,cincinnati financial corp,cincinnati financial,1,2,20,1,0,0,MEDIUM,0,CANDIDATE_EXACT_NAME_ONLY_PENDING_PIT_NAME_HISTORY_REVIEW,cincinnati financial corp,0
CL,COLGATE PALMOLIVE CO,1,CL,CL[?→OPEN],0,,colgate palmolive co,colgate palmolive,1,2,17,1,0,0,MEDIUM,0,CANDIDATE_EXACT_NAME_ONLY_PENDING_PIT_NAME_HISTORY_REVIEW,colgate palmolive co,0
CME,CME GROUP INC,1,CME,CME[?→OPEN],0,,cme group inc,cme group,1,2,9,1,0,0,MEDIUM,0,CANDIDATE_EXACT_NAME_ONLY_PENDING_PIT_NAME_HISTORY_REVIEW,cme group inc,0
CMS,CMS ENERGY CORP,1,CMS,CMS[?→OPEN],0,,cms energy corp,cms energy,1,2,10,1,0,0,MEDIUM,0,CANDIDATE_EXACT_NAME_ONLY_PENDING_PIT_NAME_HISTORY_REVIEW,cms energy corp,0
CNP,CENTERPOINT ENERGY INC,1,CNP,CNP[?→OPEN],0,,centerpoint energy inc,centerpoint energy,1,2,18,1,0,0,MEDIUM,0,CANDIDATE_EXACT_NAME_ONLY_PENDING_PIT_NAME_HISTORY_REVIEW,centerpoint energy inc,0
COIN,Coinbase Global,1,COIN,COIN[?→OPEN],0,,coinbase global,coinbase global,0,2,15,1,0,0,MEDIUM,0,CANDIDATE_EXACT_NAME_ONLY_PENDING_PIT_NAME_HISTORY_REVIEW,coinbase global,0
COST,COSTCO WHOLESALE CORP,1,COST,COST[?→OPEN],0,,costco wholesale corp,costco wholesale,1,2,16,1,0,0,MEDIUM,0,CANDIDATE_EXACT_NAME_ONLY_PENDING_PIT_NAME_HISTORY_REVIEW,costco wholesale corp,0
CSCO,CISCO SYSTEMS INC,1,CSCO,CSCO[?→OPEN],0,,cisco systems inc,cisco systems,1,2,13,1,0,0,MEDIUM,0,CANDIDATE_EXACT_NAME_ONLY_PENDING_PIT_NAME_HISTORY_REVIEW,cisco systems inc,0
CSGP,CoStar Group,1,CSGP,CSGP[?→OPEN],0,,costar group,costar group,0,2,12,1,0,0,MEDIUM,0,CANDIDATE_EXACT_NAME_ONLY_PENDING_PIT_NAME_HISTORY_REVIEW,costar group,0
CTRA,Coterra Energy,1,CTRA,CTRA[?→OPEN],0,,coterra energy,coterra energy,0,2,14,1,0,0,MEDIUM,0,CANDIDATE_EXACT_NAME_ONLY_PENDING_PIT_NAME_HISTORY_REVIEW,coterra energy,0
CTXS,Citrix Systems,1,CTXS,CTXS[?→OPEN],0,,citrix systems,citrix systems,0,2,14,1,0,0,MEDIUM,0,CANDIDATE_EXACT_NAME_ONLY_PENDING_PIT_NAME_HISTORY_REVIEW,citrix systems,0
CVS,CVS HEALTH CORP,1,CVS,CVS[?→OPEN],0,,cvs health corp,cvs health,1,2,10,1,0,0,MEDIUM,0,CANDIDATE_EXACT_NAME_ONLY_PENDING_PIT_NAME_HISTORY_REVIEW,cvs health corp,0
CXO,Concho Resources,1,CXO,CXO[?→OPEN],0,,concho resources,concho resources,0,2,16,1,0,0,MEDIUM,0,CANDIDATE_EXACT_NAME_ONLY_PENDING_PIT_NAME_HISTORY_REVIEW,concho resources,0
CZR,Caesars Entertainment,1,CZR,CZR[?→OPEN],0,,caesars entertainment,caesars entertainment,0,2,21,1,0,0,MEDIUM,0,CANDIDATE_EXACT_NAME_ONLY_PENDING_PIT_NAME_HISTORY_REVIEW,caesars entertainment,0
D,DOMINION ENERGY INC,1,D,D[?→OPEN],0,,dominion energy inc,dominion energy,1,2,15,1,0,0,MEDIUM,0,CANDIDATE_EXACT_NAME_ONLY_PENDING_PIT_NAME_HISTORY_REVIEW,dominion energy inc,0
DECK,Deckers Outdoor,1,DECK,DECK[?→OPEN],0,,deckers outdoor,deckers outdoor,0,2,15,1,0,0,MEDIUM,0,CANDIDATE_EXACT_NAME_ONLY_PENDING_PIT_NAME_HISTORY_REVIEW,deckers outdoor,0
DELL,Dell Technologies,1,DELL,DELL[?→OPEN],0,,dell technologies,dell technologies,0,2,17,1,0,0,MEDIUM,0,CANDIDATE_EXACT_NAME_ONLY_PENDING_PIT_NAME_HISTORY_REVIEW,dell technologies,0
DG,DOLLAR GENERAL CORP,1,DG,DG[?→OPEN],0,,dollar general corp,dollar general,1,2,14,1,0,0,MEDIUM,0,CANDIDATE_EXACT_NAME_ONLY_PENDING_PIT_NAME_HISTORY_REVIEW,dollar general corp,0
DGX,QUEST DIAGNOSTICS INC,1,DGX,DGX[?→OPEN],0,,quest diagnostics inc,quest diagnostics,1,2,17,1,0,0,MEDIUM,0,CANDIDATE_EXACT_NAME_ONLY_PENDING_PIT_NAME_HISTORY_REVIEW,quest diagnostics inc,0
DHI,DR HORTON INC,1,DHI,DHI[?→OPEN],0,,dr horton inc,dr horton,1,2,9,1,0,0,MEDIUM,0,CANDIDATE_EXACT_NAME_ONLY_PENDING_PIT_NAME_HISTORY_REVIEW,dr horton inc,0
DISH,DISH Network,1,DISH,DISH[?→OPEN],0,,dish network,dish network,0,2,12,1,0,0,MEDIUM,0,CANDIDATE_EXACT_NAME_ONLY_PENDING_PIT_NAME_HISTORY_REVIEW,dish network,0
DLTR,DOLLAR TREE INC,1,DLTR,DLTR[?→OPEN],0,,dollar tree inc,dollar tree,1,2,11,1,0,0,MEDIUM,0,CANDIDATE_EXACT_NAME_ONLY_PENDING_PIT_NAME_HISTORY_REVIEW,dollar tree inc,0
DOC,HEALTHPEAK PROPERTIES INC,1,DOC,DOC[?→OPEN],0,,healthpeak properties inc,healthpeak properties,1,2,21,1,0,0,MEDIUM,0,CANDIDATE_EXACT_NAME_ONLY_PENDING_PIT_NAME_HISTORY_REVIEW,healthpeak properties inc,0
DRE,Duke Realty,1,DRE,DRE[?→OPEN],0,,duke realty,duke realty,0,2,11,1,0,0,MEDIUM,0,CANDIDATE_EXACT_NAME_ONLY_PENDING_PIT_NAME_HISTORY_REVIEW,duke realty,0
DRI,DARDEN RESTAURANTS INC,1,DRI,DRI[?→OPEN],0,,darden restaurants inc,darden restaurants,1,2,18,1,0,0,MEDIUM,0,CANDIDATE_EXACT_NAME_ONLY_PENDING_PIT_NAME_HISTORY_REVIEW,darden restaurants inc,0
DTE,DTE ENERGY COMPANY,1,DTE,DTE[?→OPEN],0,,dte energy company,dte energy,1,2,10,1,0,0,MEDIUM,0,CANDIDATE_EXACT_NAME_ONLY_PENDING_PIT_NAME_HISTORY_REVIEW,dte energy company,0
DUK,DUKE ENERGY CORP,1,DUK,DUK[?→OPEN],0,,duke energy corp,duke energy,1,2,11,1,0,0,MEDIUM,0,CANDIDATE_EXACT_NAME_ONLY_PENDING_PIT_NAME_HISTORY_REVIEW,duke energy corp,0
DVN,DEVON ENERGY CORP,1,DVN,DVN[?→OPEN],0,,devon energy corp,devon energy,1,2,12,1,0,0,MEDIUM,0,CANDIDATE_EXACT_NAME_ONLY_PENDING_PIT_NAME_HISTORY_REVIEW,devon energy corp,0
DXC,DXC Technologies,1,DXC,DXC[?→OPEN],0,,dxc technologies,dxc technologies,0,2,16,1,0,0,MEDIUM,0,CANDIDATE_EXACT_NAME_ONLY_PENDING_PIT_NAME_HISTORY_REVIEW,dxc technologies,0
EA,Electronic Arts,1,EA,EA[?→OPEN],0,,electronic arts,electronic arts,0,2,15,1,0,0,MEDIUM,0,CANDIDATE_EXACT_NAME_ONLY_PENDING_PIT_NAME_HISTORY_REVIEW,electronic arts,0
ED,CONSOLIDATED EDISON INC,1,ED,ED[?→OPEN],0,,consolidated edison inc,consolidated edison,1,2,19,1,0,0,MEDIUM,0,CANDIDATE_EXACT_NAME_ONLY_PENDING_PIT_NAME_HISTORY_REVIEW,consolidated edison inc,0
EG,EVEREST GROUP LTD,1,EG,EG[?→OPEN],0,,everest group ltd,everest group,1,2,13,1,0,0,MEDIUM,0,CANDIDATE_EXACT_NAME_ONLY_PENDING_PIT_NAME_HISTORY_REVIEW,everest group ltd,0
EIX,EDISON INTERNATIONAL,1,EIX,EIX[?→OPEN],0,,edison international,edison international,0,2,20,1,0,0,MEDIUM,0,CANDIDATE_EXACT_NAME_ONLY_PENDING_PIT_NAME_HISTORY_REVIEW,edison international,0
ELV,ELEVANCE HEALTH INC,1,ELV,ELV[?→OPEN],0,,elevance health inc,elevance health,1,2,15,1,0,0,MEDIUM,0,CANDIDATE_EXACT_NAME_ONLY_PENDING_PIT_NAME_HISTORY_REVIEW,elevance health inc,0
EME,Emcor Group,1,EME,EME[?→OPEN],0,,emcor group,emcor group,0,2,11,1,0,0,MEDIUM,0,CANDIDATE_EXACT_NAME_ONLY_PENDING_PIT_NAME_HISTORY_REVIEW,emcor group,0
EMN,Eastman Chemical Co,1,EMN,EMN[?→OPEN],0,,eastman chemical co,eastman chemical,1,2,16,1,0,0,MEDIUM,0,CANDIDATE_EXACT_NAME_ONLY_PENDING_PIT_NAME_HISTORY_REVIEW,eastman chemical co,0
EMR,EMERSON ELECTRIC CO,1,EMR,EMR[?→OPEN],0,,emerson electric co,emerson electric,1,2,16,1,0,0,MEDIUM,0,CANDIDATE_EXACT_NAME_ONLY_PENDING_PIT_NAME_HISTORY_REVIEW,emerson electric co,0
ENPH,Enphase Energy,1,ENPH,ENPH[?→OPEN],0,,enphase energy,enphase energy,0,2,14,1,0,0,MEDIUM,0,CANDIDATE_EXACT_NAME_ONLY_PENDING_PIT_NAME_HISTORY_REVIEW,enphase energy,0
EOG,EOG RESOURCES INC,1,EOG,EOG[?→OPEN],0,,eog resources inc,eog resources,1,2,13,1,0,0,MEDIUM,0,CANDIDATE_EXACT_NAME_ONLY_PENDING_PIT_NAME_HISTORY_REVIEW,eog resources inc,0
EPAM,EPAM Systems,1,EPAM,EPAM[?→OPEN],0,,epam systems,epam systems,0,2,12,1,0,0,MEDIUM,0,CANDIDATE_EXACT_NAME_ONLY_PENDING_PIT_NAME_HISTORY_REVIEW,epam systems,0
EQR,EQUITY RESIDENTIAL,1,EQR,EQR[?→OPEN],0,,equity residential,equity residential,0,2,18,1,0,0,MEDIUM,0,CANDIDATE_EXACT_NAME_ONLY_PENDING_PIT_NAME_HISTORY_REVIEW,equity residential,0
ERIE,Erie Indemnity,1,ERIE,ERIE[?→OPEN],0,,erie indemnity,erie indemnity,0,2,14,1,0,0,MEDIUM,0,CANDIDATE_EXACT_NAME_ONLY_PENDING_PIT_NAME_HISTORY_REVIEW,erie indemnity,0
ES,EVERSOURCE ENERGY,1,ES,ES[?→OPEN],0,,eversource energy,eversource energy,0,2,17,1,0,0,MEDIUM,0,CANDIDATE_EXACT_NAME_ONLY_PENDING_PIT_NAME_HISTORY_REVIEW,eversource energy,0
EW,EDWARDS LIFESCIENCES CORP,1,EW,EW[?→OPEN],0,,edwards lifesciences corp,edwards lifesciences,1,2,20,1,0,0,MEDIUM,0,CANDIDATE_EXACT_NAME_ONLY_PENDING_PIT_NAME_HISTORY_REVIEW,edwards lifesciences corp,0
EXE,Expand Energy,1,EXE,EXE[?→OPEN],0,,expand energy,expand energy,0,2,13,1,0,0,MEDIUM,0,CANDIDATE_EXACT_NAME_ONLY_PENDING_PIT_NAME_HISTORY_REVIEW,expand energy,0
EXPE,EXPEDIA GROUP INC,1,EXPE,EXPE[?→OPEN],0,,expedia group inc,expedia group,1,2,13,1,0,0,MEDIUM,0,CANDIDATE_EXACT_NAME_ONLY_PENDING_PIT_NAME_HISTORY_REVIEW,expedia group inc,0
F,FORD MOTOR CO,1,F,F[?→OPEN],0,,ford motor co,ford motor,1,2,10,1,0,0,MEDIUM,0,CANDIDATE_EXACT_NAME_ONLY_PENDING_PIT_NAME_HISTORY_REVIEW,ford motor co,0
FANG,DIAMONDBACK ENERGY INC,1,FANG,FANG[?→OPEN],0,,diamondback energy inc,diamondback energy,1,2,18,1,0,0,MEDIUM,0,CANDIDATE_EXACT_NAME_ONLY_PENDING_PIT_NAME_HISTORY_REVIEW,diamondback energy inc,0
FCX,FREEPORT MCMORAN INC,1,FCX,FCX[?→OPEN],0,,freeport mcmoran inc,freeport mcmoran,1,2,16,1,0,0,MEDIUM,0,CANDIDATE_EXACT_NAME_ONLY_PENDING_PIT_NAME_HISTORY_REVIEW,freeport mcmoran inc,0
FLIR,FLIR Systems,1,FLIR,FLIR[?→OPEN],0,,flir systems,flir systems,0,2,12,1,0,0,MEDIUM,0,CANDIDATE_EXACT_NAME_ONLY_PENDING_PIT_NAME_HISTORY_REVIEW,flir systems,0
FSLR,First Solar,1,FSLR,FSLR[?→OPEN],0,,first solar,first solar,0,2,11,1,0,0,MEDIUM,0,CANDIDATE_EXACT_NAME_ONLY_PENDING_PIT_NAME_HISTORY_REVIEW,first solar,0
GD,GENERAL DYNAMICS CORP,1,GD,GD[?→OPEN],0,,general dynamics corp,general dynamics,1,2,16,1,0,0,MEDIUM,0,CANDIDATE_EXACT_NAME_ONLY_PENDING_PIT_NAME_HISTORY_REVIEW,general dynamics corp,0
GE,GENERAL ELECTRIC,1,GE,GE[?→OPEN],0,,general electric,general electric,0,2,16,1,0,0,MEDIUM,0,CANDIDATE_EXACT_NAME_ONLY_PENDING_PIT_NAME_HISTORY_REVIEW,general electric,0
GEN,GEN DIGITAL INC,1,GEN,GEN[?→OPEN],0,,gen digital inc,gen digital,1,2,11,1,0,0,MEDIUM,0,CANDIDATE_EXACT_NAME_ONLY_PENDING_PIT_NAME_HISTORY_REVIEW,gen digital inc,0
GEV,GE Vernova,1,GEV,GEV[?→OPEN],0,,ge vernova,ge vernova,0,2,10,1,0,0,MEDIUM,0,CANDIDATE_EXACT_NAME_ONLY_PENDING_PIT_NAME_HISTORY_REVIEW,ge vernova,0
GILD,GILEAD SCIENCES INC,1,GILD,GILD[?→OPEN],0,,gilead sciences inc,gilead sciences,1,2,15,1,0,0,MEDIUM,0,CANDIDATE_EXACT_NAME_ONLY_PENDING_PIT_NAME_HISTORY_REVIEW,gilead sciences inc,0
GIS,GENERAL MILLS INC,1,GIS,GIS[?→OPEN],0,,general mills inc,general mills,1,2,13,1,0,0,MEDIUM,0,CANDIDATE_EXACT_NAME_ONLY_PENDING_PIT_NAME_HISTORY_REVIEW,general mills inc,0
GL,GLOBE LIFE INC,1,GL,GL[?→OPEN],0,,globe life inc,globe life,1,2,10,1,0,0,MEDIUM,0,CANDIDATE_EXACT_NAME_ONLY_PENDING_PIT_NAME_HISTORY_REVIEW,globe life inc,0
GM,GENERAL MOTORS CO,1,GM,GM[?→OPEN],0,,general motors co,general motors,1,2,14,1,0,0,MEDIUM,0,CANDIDATE_EXACT_NAME_ONLY_PENDING_PIT_NAME_HISTORY_REVIEW,general motors co,0
GPC,GENUINE PARTS CO,1,GPC,GPC[?→OPEN],0,,genuine parts co,genuine parts,1,2,13,1,0,0,MEDIUM,0,CANDIDATE_EXACT_NAME_ONLY_PENDING_PIT_NAME_HISTORY_REVIEW,genuine parts co,0
GPN,GLOBAL PAYMENTS INC,1,GPN,GPN[?→OPEN],0,,global payments inc,global payments,1,2,15,1,0,0,MEDIUM,0,CANDIDATE_EXACT_NAME_ONLY_PENDING_PIT_NAME_HISTORY_REVIEW,global payments inc,0
GWW,WW GRAINGER INC,1,GWW,GWW[?→OPEN],0,,ww grainger inc,ww grainger,1,2,11,1,0,0,MEDIUM,0,CANDIDATE_EXACT_NAME_ONLY_PENDING_PIT_NAME_HISTORY_REVIEW,ww grainger inc,0
HBAN,HUNTINGTON BANCSHARES INC,1,HBAN,HBAN[?→OPEN],0,,huntington bancshares inc,huntington bancshares,1,2,21,1,0,0,MEDIUM,0,CANDIDATE_EXACT_NAME_ONLY_PENDING_PIT_NAME_HISTORY_REVIEW,huntington bancshares inc,0
HCA,HCA HEALTHCARE INC,1,HCA,HCA[?→OPEN],0,,hca healthcare inc,hca healthcare,1,2,14,1,0,0,MEDIUM,0,CANDIDATE_EXACT_NAME_ONLY_PENDING_PIT_NAME_HISTORY_REVIEW,hca healthcare inc,0
HD,HOME DEPOT INC,1,HD,HD[?→OPEN],0,,home depot inc,home depot,1,2,10,1,0,0,MEDIUM,0,CANDIDATE_EXACT_NAME_ONLY_PENDING_PIT_NAME_HISTORY_REVIEW,home depot inc,0
HON,HONEYWELL INTERNATIONAL INC,1,HON,HON[?→OPEN],0,,honeywell international inc,honeywell international,1,2,23,1,0,0,MEDIUM,0,CANDIDATE_EXACT_NAME_ONLY_PENDING_PIT_NAME_HISTORY_REVIEW,honeywell international inc,0
HOOD,Robinhood Markets,1,HOOD,HOOD[?→OPEN],0,,robinhood markets,robinhood markets,0,2,17,1,0,0,MEDIUM,0,CANDIDATE_EXACT_NAME_ONLY_PENDING_PIT_NAME_HISTORY_REVIEW,robinhood markets,0
HRL,HORMEL FOODS CORP,1,HRL,HRL[?→OPEN],0,,hormel foods corp,hormel foods,1,2,12,1,0,0,MEDIUM,0,CANDIDATE_EXACT_NAME_ONLY_PENDING_PIT_NAME_HISTORY_REVIEW,hormel foods corp,0
HSIC,HENRY SCHEIN INC,1,HSIC,HSIC[?→OPEN],0,,henry schein inc,henry schein,1,2,12,1,0,0,MEDIUM,0,CANDIDATE_EXACT_NAME_ONLY_PENDING_PIT_NAME_HISTORY_REVIEW,henry schein inc,0
HWM,HOWMET AEROSPACE INC,1,HWM,HWM[?→OPEN],0,,howmet aerospace inc,howmet aerospace,1,2,16,1,0,0,MEDIUM,0,CANDIDATE_EXACT_NAME_ONLY_PENDING_PIT_NAME_HISTORY_REVIEW,howmet aerospace inc,0
IDXX,IDEXX LABORATORIES INC,1,IDXX,IDXX[?→OPEN],0,,idexx laboratories inc,idexx laboratories,1,2,18,1,0,0,MEDIUM,0,CANDIDATE_EXACT_NAME_ONLY_PENDING_PIT_NAME_HISTORY_REVIEW,idexx laboratories inc,0
INFO,IHS Markit,1,INFO,INFO[?→OPEN],0,,ihs markit,ihs markit,0,2,10,1,0,0,MEDIUM,0,CANDIDATE_EXACT_NAME_ONLY_PENDING_PIT_NAME_HISTORY_REVIEW,ihs markit,0
INVH,Invitation Homes,1,INVH,INVH[?→OPEN],0,,invitation homes,invitation homes,0,2,16,1,0,0,MEDIUM,0,CANDIDATE_EXACT_NAME_ONLY_PENDING_PIT_NAME_HISTORY_REVIEW,invitation homes,0
IP,INTERNATIONAL PAPER CO,1,IP,IP[?→OPEN],0,,international paper co,international paper,1,2,19,1,0,0,MEDIUM,0,CANDIDATE_EXACT_NAME_ONLY_PENDING_PIT_NAME_HISTORY_REVIEW,international paper co,0
IPG,Interpublic Group,1,IPG,IPG[?→OPEN],0,,interpublic group,interpublic group,0,2,17,1,0,0,MEDIUM,0,CANDIDATE_EXACT_NAME_ONLY_PENDING_PIT_NAME_HISTORY_REVIEW,interpublic group,0
IPGP,IPG Photonics,1,IPGP,IPGP[?→OPEN],0,,ipg photonics,ipg photonics,0,2,13,1,0,0,MEDIUM,0,CANDIDATE_EXACT_NAME_ONLY_PENDING_PIT_NAME_HISTORY_REVIEW,ipg photonics,0
IR,INGERSOLL RAND INC,1,IR,IR[?→OPEN],0,,ingersoll rand inc,ingersoll rand,1,2,14,1,0,0,MEDIUM,0,CANDIDATE_EXACT_NAME_ONLY_PENDING_PIT_NAME_HISTORY_REVIEW,ingersoll rand inc,0
IRM,IRON MOUNTAIN INC,1,IRM,IRM[?→OPEN],0,,iron mountain inc,iron mountain,1,2,13,1,0,0,MEDIUM,0,CANDIDATE_EXACT_NAME_ONLY_PENDING_PIT_NAME_HISTORY_REVIEW,iron mountain inc,0
ISRG,INTUITIVE SURGICAL INC,1,ISRG,ISRG[?→OPEN],0,,intuitive surgical inc,intuitive surgical,1,2,18,1,0,0,MEDIUM,0,CANDIDATE_EXACT_NAME_ONLY_PENDING_PIT_NAME_HISTORY_REVIEW,intuitive surgical inc,0
J,JACOBS SOLUTIONS INC,1,J,J[?→OPEN],0,,jacobs solutions inc,jacobs solutions,1,2,16,1,0,0,MEDIUM,0,CANDIDATE_EXACT_NAME_ONLY_PENDING_PIT_NAME_HISTORY_REVIEW,jacobs solutions inc,0
JNJ,JOHNSON + JOHNSON,1,JNJ,JNJ[?→OPEN],0,,johnson johnson,johnson johnson,0,2,15,1,0,0,MEDIUM,0,CANDIDATE_EXACT_NAME_ONLY_PENDING_PIT_NAME_HISTORY_REVIEW,johnson johnson,0
JNPR,Juniper Networks,1,JNPR,JNPR[?→OPEN],0,,juniper networks,juniper networks,0,2,16,1,0,0,MEDIUM,0,CANDIDATE_EXACT_NAME_ONLY_PENDING_PIT_NAME_HISTORY_REVIEW,juniper networks,0
JPM,JPMORGAN CHASE + CO,1,JPM,JPM[?→OPEN],0,,jpmorgan chase co,jpmorgan chase,1,2,14,1,0,0,MEDIUM,0,CANDIDATE_EXACT_NAME_ONLY_PENDING_PIT_NAME_HISTORY_REVIEW,jpmorgan chase co,0
KIM,KIMCO REALTY CORP,1,KIM,KIM[?→OPEN],0,,kimco realty corp,kimco realty,1,2,12,1,0,0,MEDIUM,0,CANDIDATE_EXACT_NAME_ONLY_PENDING_PIT_NAME_HISTORY_REVIEW,kimco realty corp,0
KMB,KIMBERLY CLARK CORP,1,KMB,KMB[?→OPEN],0,,kimberly clark corp,kimberly clark,1,2,14,1,0,0,MEDIUM,0,CANDIDATE_EXACT_NAME_ONLY_PENDING_PIT_NAME_HISTORY_REVIEW,kimberly clark corp,0
KMI,KINDER MORGAN INC,1,KMI,KMI[?→OPEN],0,,kinder morgan inc,kinder morgan,1,2,13,1,0,0,MEDIUM,0,CANDIDATE_EXACT_NAME_ONLY_PENDING_PIT_NAME_HISTORY_REVIEW,kinder morgan inc,0
LHX,L3HARRIS TECHNOLOGIES INC,1,LHX,LHX[?→OPEN],0,,l3harris technologies inc,l3harris technologies,1,2,21,1,0,0,MEDIUM,0,CANDIDATE_EXACT_NAME_ONLY_PENDING_PIT_NAME_HISTORY_REVIEW,l3harris technologies inc,0
LII,Lennox International,1,LII,LII[?→OPEN],0,,lennox international,lennox international,0,2,20,1,0,0,MEDIUM,0,CANDIDATE_EXACT_NAME_ONLY_PENDING_PIT_NAME_HISTORY_REVIEW,lennox international,0
LLY,ELI LILLY + CO,1,LLY,LLY[?→OPEN],0,,eli lilly co,eli lilly,1,2,9,1,0,0,MEDIUM,0,CANDIDATE_EXACT_NAME_ONLY_PENDING_PIT_NAME_HISTORY_REVIEW,eli lilly co,0
LMT,LOCKHEED MARTIN CORP,1,LMT,LMT[?→OPEN],0,,lockheed martin corp,lockheed martin,1,2,15,1,0,0,MEDIUM,0,CANDIDATE_EXACT_NAME_ONLY_PENDING_PIT_NAME_HISTORY_REVIEW,lockheed martin corp,0
LNC,Lincoln National,1,LNC,LNC[?→OPEN],0,,lincoln national,lincoln national,0,2,16,1,0,0,MEDIUM,0,CANDIDATE_EXACT_NAME_ONLY_PENDING_PIT_NAME_HISTORY_REVIEW,lincoln national,0
LNT,ALLIANT ENERGY CORP,1,LNT,LNT[?→OPEN],0,,alliant energy corp,alliant energy,1,2,14,1,0,0,MEDIUM,0,CANDIDATE_EXACT_NAME_ONLY_PENDING_PIT_NAME_HISTORY_REVIEW,alliant energy corp,0
LRCX,LAM RESEARCH CORP,1,LRCX,LRCX[?→OPEN],0,,lam research corp,lam research,1,2,12,1,0,0,MEDIUM,0,CANDIDATE_EXACT_NAME_ONLY_PENDING_PIT_NAME_HISTORY_REVIEW,lam research corp,0
LULU,Lululemon Athletica,1,LULU,LULU[?→OPEN],0,,lululemon athletica,lululemon athletica,0,2,19,1,0,0,MEDIUM,0,CANDIDATE_EXACT_NAME_ONLY_PENDING_PIT_NAME_HISTORY_REVIEW,lululemon athletica,0
LUMN,Lumen Technologies,1,LUMN,LUMN[?→OPEN],0,,lumen technologies,lumen technologies,0,2,18,1,0,0,MEDIUM,0,CANDIDATE_EXACT_NAME_ONLY_PENDING_PIT_NAME_HISTORY_REVIEW,lumen technologies,0
LUV,SOUTHWEST AIRLINES CO,1,LUV,LUV[?→OPEN],0,,southwest airlines co,southwest airlines,1,2,18,1,0,0,MEDIUM,0,CANDIDATE_EXACT_NAME_ONLY_PENDING_PIT_NAME_HISTORY_REVIEW,southwest airlines co,0
LW,Lamb Weston Holdings,1,LW,LW[?→OPEN],0,,lamb weston holdings,lamb weston,1,2,11,1,0,0,MEDIUM,0,CANDIDATE_EXACT_NAME_ONLY_PENDING_PIT_NAME_HISTORY_REVIEW,lamb weston holdings,0
MCD,MCDONALD S CORP,1,MCD,MCD[?→OPEN],0,,mcdonald s corp,mcdonald s,1,2,10,1,0,0,MEDIUM,0,CANDIDATE_EXACT_NAME_ONLY_PENDING_PIT_NAME_HISTORY_REVIEW,mcdonald s corp,0
MCHP,MICROCHIP TECHNOLOGY INC,1,MCHP,MCHP[?→OPEN],0,,microchip technology inc,microchip technology,1,2,20,1,0,0,MEDIUM,0,CANDIDATE_EXACT_NAME_ONLY_PENDING_PIT_NAME_HISTORY_REVIEW,microchip technology inc,0
MHK,Mohawk Industries,1,MHK,MHK[?→OPEN],0,,mohawk industries,mohawk industries,0,2,17,1,0,0,MEDIUM,0,CANDIDATE_EXACT_NAME_ONLY_PENDING_PIT_NAME_HISTORY_REVIEW,mohawk industries,0
MNST,MONSTER BEVERAGE CORP,1,MNST,MNST[?→OPEN],0,,monster beverage corp,monster beverage,1,2,16,1,0,0,MEDIUM,0,CANDIDATE_EXACT_NAME_ONLY_PENDING_PIT_NAME_HISTORY_REVIEW,monster beverage corp,0
MO,ALTRIA GROUP INC,1,MO,MO[?→OPEN],0,,altria group inc,altria group,1,2,12,1,0,0,MEDIUM,0,CANDIDATE_EXACT_NAME_ONLY_PENDING_PIT_NAME_HISTORY_REVIEW,altria group inc,0
MOH,Molina Healthcare,1,MOH,MOH[?→OPEN],0,,molina healthcare,molina healthcare,0,2,17,1,0,0,MEDIUM,0,CANDIDATE_EXACT_NAME_ONLY_PENDING_PIT_NAME_HISTORY_REVIEW,molina healthcare,0
MPC,MARATHON PETROLEUM CORP,1,MPC,MPC[?→OPEN],0,,marathon petroleum corp,marathon petroleum,1,2,18,1,0,0,MEDIUM,0,CANDIDATE_EXACT_NAME_ONLY_PENDING_PIT_NAME_HISTORY_REVIEW,marathon petroleum corp,0
MRO,Marathon Oil,1,MRO,MRO[?→OPEN],0,,marathon oil,marathon oil,0,2,12,1,0,0,MEDIUM,0,CANDIDATE_EXACT_NAME_ONLY_PENDING_PIT_NAME_HISTORY_REVIEW,marathon oil,0
MS,MORGAN STANLEY,1,MS,MS[?→OPEN],0,,morgan stanley,morgan stanley,0,2,14,1,0,0,MEDIUM,0,CANDIDATE_EXACT_NAME_ONLY_PENDING_PIT_NAME_HISTORY_REVIEW,morgan stanley,0
MSI,MOTOROLA SOLUTIONS INC,1,MSI,MSI[?→OPEN],0,,motorola solutions inc,motorola solutions,1,2,18,1,0,0,MEDIUM,0,CANDIDATE_EXACT_NAME_ONLY_PENDING_PIT_NAME_HISTORY_REVIEW,motorola solutions inc,0
MTCH,Match Group,1,MTCH,MTCH[?→OPEN],0,,match group,match group,0,2,11,1,0,0,MEDIUM,0,CANDIDATE_EXACT_NAME_ONLY_PENDING_PIT_NAME_HISTORY_REVIEW,match group,0
MU,MICRON TECHNOLOGY INC,1,MU,MU[?→OPEN],0,,micron technology inc,micron technology,1,2,17,1,0,0,MEDIUM,0,CANDIDATE_EXACT_NAME_ONLY_PENDING_PIT_NAME_HISTORY_REVIEW,micron technology inc,0
NEE,NEXTERA ENERGY INC,1,NEE,NEE[?→OPEN],0,,nextera energy inc,nextera energy,1,2,14,1,0,0,MEDIUM,0,CANDIDATE_EXACT_NAME_ONLY_PENDING_PIT_NAME_HISTORY_REVIEW,nextera energy inc,0
NOC,NORTHROP GRUMMAN CORP,1,NOC,NOC[?→OPEN],0,,northrop grumman corp,northrop grumman,1,2,16,1,0,0,MEDIUM,0,CANDIDATE_EXACT_NAME_ONLY_PENDING_PIT_NAME_HISTORY_REVIEW,northrop grumman corp,0
NRG,NRG ENERGY INC,1,NRG,NRG[?→OPEN],0,,nrg energy inc,nrg energy,1,2,10,1,0,0,MEDIUM,0,CANDIDATE_EXACT_NAME_ONLY_PENDING_PIT_NAME_HISTORY_REVIEW,nrg energy inc,0
NSC,NORFOLK SOUTHERN CORP,1,NSC,NSC[?→OPEN],0,,norfolk southern corp,norfolk southern,1,2,16,1,0,0,MEDIUM,0,CANDIDATE_EXACT_NAME_ONLY_PENDING_PIT_NAME_HISTORY_REVIEW,norfolk southern corp,0
NTRS,NORTHERN TRUST CORP,1,NTRS,NTRS[?→OPEN],0,,northern trust corp,northern trust,1,2,14,1,0,0,MEDIUM,0,CANDIDATE_EXACT_NAME_ONLY_PENDING_PIT_NAME_HISTORY_REVIEW,northern trust corp,0
NWL,Newell Brands,1,NWL,NWL[?→OPEN],0,,newell brands,newell brands,0,2,13,1,0,0,MEDIUM,0,CANDIDATE_EXACT_NAME_ONLY_PENDING_PIT_NAME_HISTORY_REVIEW,newell brands,0
NXPI,NXP Semiconductors,1,NXPI,NXPI[?→OPEN],0,,nxp semiconductors,nxp semiconductors,0,2,18,1,0,0,MEDIUM,0,CANDIDATE_EXACT_NAME_ONLY_PENDING_PIT_NAME_HISTORY_REVIEW,nxp semiconductors,0
O,REALTY INCOME CORP,1,O,O[?→OPEN],0,,realty income corp,realty income,1,2,13,1,0,0,MEDIUM,0,CANDIDATE_EXACT_NAME_ONLY_PENDING_PIT_NAME_HISTORY_REVIEW,realty income corp,0
OMC,OMNICOM GROUP,1,OMC,OMC[?→OPEN],0,,omnicom group,omnicom group,0,2,13,1,0,0,MEDIUM,0,CANDIDATE_EXACT_NAME_ONLY_PENDING_PIT_NAME_HISTORY_REVIEW,omnicom group,0
ON,ON Semiconductor,1,ON,ON[?→OPEN],0,,on semiconductor,on semiconductor,0,2,16,1,0,0,MEDIUM,0,CANDIDATE_EXACT_NAME_ONLY_PENDING_PIT_NAME_HISTORY_REVIEW,on semiconductor,0
OTIS,OTIS WORLDWIDE CORP,1,OTIS,OTIS[?→OPEN],0,,otis worldwide corp,otis worldwide,1,2,14,1,0,0,MEDIUM,0,CANDIDATE_EXACT_NAME_ONLY_PENDING_PIT_NAME_HISTORY_REVIEW,otis worldwide corp,0
OXY,OCCIDENTAL PETROLEUM CORP,1,OXY,OXY[?→OPEN],0,,occidental petroleum corp,occidental petroleum,1,2,20,1,0,0,MEDIUM,0,CANDIDATE_EXACT_NAME_ONLY_PENDING_PIT_NAME_HISTORY_REVIEW,occidental petroleum corp,0
PAYC,Paycom Software,1,PAYC,PAYC[?→OPEN],0,,paycom software,paycom software,0,2,15,1,0,0,MEDIUM,0,CANDIDATE_EXACT_NAME_ONLY_PENDING_PIT_NAME_HISTORY_REVIEW,paycom software,0
PH,PARKER HANNIFIN CORP,1,PH,PH[?→OPEN],0,,parker hannifin corp,parker hannifin,1,2,15,1,0,0,MEDIUM,0,CANDIDATE_EXACT_NAME_ONLY_PENDING_PIT_NAME_HISTORY_REVIEW,parker hannifin corp,0
PLTR,Palantir Technologies,1,PLTR,PLTR[?→OPEN],0,,palantir technologies,palantir technologies,0,2,21,1,0,0,MEDIUM,0,CANDIDATE_EXACT_NAME_ONLY_PENDING_PIT_NAME_HISTORY_REVIEW,palantir technologies,0
PPG,PPG INDUSTRIES INC,1,PPG,PPG[?→OPEN],0,,ppg industries inc,ppg industries,1,2,14,1,0,0,MEDIUM,0,CANDIDATE_EXACT_NAME_ONLY_PENDING_PIT_NAME_HISTORY_REVIEW,ppg industries inc,0
PRU,PRUDENTIAL FINANCIAL INC,1,PRU,PRU[?→OPEN],0,,prudential financial inc,prudential financial,1,2,20,1,0,0,MEDIUM,0,CANDIDATE_EXACT_NAME_ONLY_PENDING_PIT_NAME_HISTORY_REVIEW,prudential financial inc,0
PSA,PUBLIC STORAGE,1,PSA,PSA[?→OPEN],0,,public storage,public storage,0,2,14,1,0,0,MEDIUM,0,CANDIDATE_EXACT_NAME_ONLY_PENDING_PIT_NAME_HISTORY_REVIEW,public storage,0
PSX,PHILLIPS 66,1,PSX,PSX[?→OPEN],0,,phillips 66,phillips 66,0,2,11,1,0,0,MEDIUM,0,CANDIDATE_EXACT_NAME_ONLY_PENDING_PIT_NAME_HISTORY_REVIEW,phillips 66,0
PWR,QUANTA SERVICES INC,1,PWR,PWR[?→OPEN],0,,quanta services inc,quanta services,1,2,15,1,0,0,MEDIUM,0,CANDIDATE_EXACT_NAME_ONLY_PENDING_PIT_NAME_HISTORY_REVIEW,quanta services inc,0
Q,Qnity Electronics,1,Q,Q[?→OPEN],0,,qnity electronics,qnity electronics,0,2,17,1,0,0,MEDIUM,0,CANDIDATE_EXACT_NAME_ONLY_PENDING_PIT_NAME_HISTORY_REVIEW,qnity electronics,0
REG,REGENCY CENTERS CORP,1,REG,REG[?→OPEN],0,,regency centers corp,regency centers,1,2,15,1,0,0,MEDIUM,0,CANDIDATE_EXACT_NAME_ONLY_PENDING_PIT_NAME_HISTORY_REVIEW,regency centers corp,0
REGN,REGENERON PHARMACEUTICALS,1,REGN,REGN[?→OPEN],0,,regeneron pharmaceuticals,regeneron pharmaceuticals,0,2,25,1,0,0,MEDIUM,0,CANDIDATE_EXACT_NAME_ONLY_PENDING_PIT_NAME_HISTORY_REVIEW,regeneron pharmaceuticals,0
RF,REGIONS FINANCIAL CORP,1,RF,RF[?→OPEN],0,,regions financial corp,regions financial,1,2,17,1,0,0,MEDIUM,0,CANDIDATE_EXACT_NAME_ONLY_PENDING_PIT_NAME_HISTORY_REVIEW,regions financial corp,0
RHI,Robert Half,1,RHI,RHI[?→OPEN],0,,robert half,robert half,0,2,11,1,0,0,MEDIUM,0,CANDIDATE_EXACT_NAME_ONLY_PENDING_PIT_NAME_HISTORY_REVIEW,robert half,0
RL,RALPH LAUREN CORP,1,RL,RL[?→OPEN],0,,ralph lauren corp,ralph lauren,1,2,12,1,0,0,MEDIUM,0,CANDIDATE_EXACT_NAME_ONLY_PENDING_PIT_NAME_HISTORY_REVIEW,ralph lauren corp,0
ROK,ROCKWELL AUTOMATION INC,1,ROK,ROK[?→OPEN],0,,rockwell automation inc,rockwell automation,1,2,19,1,0,0,MEDIUM,0,CANDIDATE_EXACT_NAME_ONLY_PENDING_PIT_NAME_HISTORY_REVIEW,rockwell automation inc,0
ROP,ROPER TECHNOLOGIES INC,1,ROP,ROP[?→OPEN],0,,roper technologies inc,roper technologies,1,2,18,1,0,0,MEDIUM,0,CANDIDATE_EXACT_NAME_ONLY_PENDING_PIT_NAME_HISTORY_REVIEW,roper technologies inc,0
ROST,ROSS STORES INC,1,ROST,ROST[?→OPEN],0,,ross stores inc,ross stores,1,2,11,1,0,0,MEDIUM,0,CANDIDATE_EXACT_NAME_ONLY_PENDING_PIT_NAME_HISTORY_REVIEW,ross stores inc,0
RSG,REPUBLIC SERVICES INC,1,RSG,RSG[?→OPEN],0,,republic services inc,republic services,1,2,17,1,0,0,MEDIUM,0,CANDIDATE_EXACT_NAME_ONLY_PENDING_PIT_NAME_HISTORY_REVIEW,republic services inc,0
SBAC,SBA COMMUNICATIONS CORP,1,SBAC,SBAC[?→OPEN],0,,sba communications corp,sba communications,1,2,18,1,0,0,MEDIUM,0,CANDIDATE_EXACT_NAME_ONLY_PENDING_PIT_NAME_HISTORY_REVIEW,sba communications corp,0
SBNY,Signature Bank,1,SBNY,SBNY[?→OPEN],0,,signature bank,signature bank,0,2,14,1,0,0,MEDIUM,0,CANDIDATE_EXACT_NAME_ONLY_PENDING_PIT_NAME_HISTORY_REVIEW,signature bank,0
SCHW,SCHWAB (CHARLES) CORP,1,SCHW,SCHW[?→OPEN],0,,schwab charles corp,schwab charles,1,2,14,1,0,0,MEDIUM,0,CANDIDATE_EXACT_NAME_ONLY_PENDING_PIT_NAME_HISTORY_REVIEW,schwab charles corp,0
SEDG,SolarEdge Technologies,1,SEDG,SEDG[?→OPEN],0,,solaredge technologies,solaredge technologies,0,2,22,1,0,0,MEDIUM,0,CANDIDATE_EXACT_NAME_ONLY_PENDING_PIT_NAME_HISTORY_REVIEW,solaredge technologies,0
SEE,Sealed Air,1,SEE,SEE[?→OPEN],0,,sealed air,sealed air,0,2,10,1,0,0,MEDIUM,0,CANDIDATE_EXACT_NAME_ONLY_PENDING_PIT_NAME_HISTORY_REVIEW,sealed air,0
STLD,Steel Dynamics,1,STLD,STLD[?→OPEN],0,,steel dynamics,steel dynamics,0,2,14,1,0,0,MEDIUM,0,CANDIDATE_EXACT_NAME_ONLY_PENDING_PIT_NAME_HISTORY_REVIEW,steel dynamics,0
STT,STATE STREET CORP,1,STT,STT[?→OPEN],0,,state street corp,state street,1,2,12,1,0,0,MEDIUM,0,CANDIDATE_EXACT_NAME_ONLY_PENDING_PIT_NAME_HISTORY_REVIEW,state street corp,0
STX,SEAGATE TECHNOLOGY HOLDINGS,1,STX,STX[?→OPEN],0,,seagate technology holdings,seagate technology,1,2,18,1,0,0,MEDIUM,0,CANDIDATE_EXACT_NAME_ONLY_PENDING_PIT_NAME_HISTORY_REVIEW,seagate technology holdings,0
SW,SMURFIT WESTROCK PLC,1,SW,SW[?→OPEN],0,,smurfit westrock plc,smurfit westrock,1,2,16,1,0,0,MEDIUM,0,CANDIDATE_EXACT_NAME_ONLY_PENDING_PIT_NAME_HISTORY_REVIEW,smurfit westrock plc,0
SWKS,SKYWORKS SOLUTIONS INC,1,SWKS,SWKS[?→OPEN],0,,skyworks solutions inc,skyworks solutions,1,2,18,1,0,0,MEDIUM,0,CANDIDATE_EXACT_NAME_ONLY_PENDING_PIT_NAME_HISTORY_REVIEW,skyworks solutions inc,0
SYF,SYNCHRONY FINANCIAL,1,SYF,SYF[?→OPEN],0,,synchrony financial,synchrony financial,0,2,19,1,0,0,MEDIUM,0,CANDIDATE_EXACT_NAME_ONLY_PENDING_PIT_NAME_HISTORY_REVIEW,synchrony financial,0
TDG,TRANSDIGM GROUP INC,1,TDG,TDG[?→OPEN],0,,transdigm group inc,transdigm group,1,2,15,1,0,0,MEDIUM,0,CANDIDATE_EXACT_NAME_ONLY_PENDING_PIT_NAME_HISTORY_REVIEW,transdigm group inc,0
TDY,TELEDYNE TECHNOLOGIES INC,1,TDY,TDY[?→OPEN],0,,teledyne technologies inc,teledyne technologies,1,2,21,1,0,0,MEDIUM,0,CANDIDATE_EXACT_NAME_ONLY_PENDING_PIT_NAME_HISTORY_REVIEW,teledyne technologies inc,0
TECH,Bio-Techne,1,TECH,TECH[?→OPEN],0,,bio techne,bio techne,0,2,10,1,0,0,MEDIUM,0,CANDIDATE_EXACT_NAME_ONLY_PENDING_PIT_NAME_HISTORY_REVIEW,bio techne,0
TEL,TE CONNECTIVITY PLC,1,TEL,TEL[?→OPEN],0,,te connectivity plc,te connectivity,1,2,15,1,0,0,MEDIUM,0,CANDIDATE_EXACT_NAME_ONLY_PENDING_PIT_NAME_HISTORY_REVIEW,te connectivity plc,0
TFC,TRUIST FINANCIAL CORP,1,TFC,TFC[?→OPEN],0,,truist financial corp,truist financial,1,2,16,1,0,0,MEDIUM,0,CANDIDATE_EXACT_NAME_ONLY_PENDING_PIT_NAME_HISTORY_REVIEW,truist financial corp,0
TIF,Tiffany & Co,1,TIF,TIF[?→OPEN],0,,tiffany and co,tiffany and,1,2,11,1,0,0,MEDIUM,0,CANDIDATE_EXACT_NAME_ONLY_PENDING_PIT_NAME_HISTORY_REVIEW,tiffany and co,0
TJX,TJX COMPANIES INC,1,TJX,TJX[?→OPEN],0,,tjx companies inc,tjx companies,1,2,13,1,0,0,MEDIUM,0,CANDIDATE_EXACT_NAME_ONLY_PENDING_PIT_NAME_HISTORY_REVIEW,tjx companies inc,0
TKO,TKO Group Holdings,1,TKO,TKO[?→OPEN],0,,tko group holdings,tko group,1,2,9,1,0,0,MEDIUM,0,CANDIDATE_EXACT_NAME_ONLY_PENDING_PIT_NAME_HISTORY_REVIEW,tko group holdings,0
TRGP,Targa Resources,1,TRGP,TRGP[?→OPEN],0,,targa resources,targa resources,0,2,15,1,0,0,MEDIUM,0,CANDIDATE_EXACT_NAME_ONLY_PENDING_PIT_NAME_HISTORY_REVIEW,targa resources,0
TSCO,TRACTOR SUPPLY COMPANY,1,TSCO,TSCO[?→OPEN],0,,tractor supply company,tractor supply,1,2,14,1,0,0,MEDIUM,0,CANDIDATE_EXACT_NAME_ONLY_PENDING_PIT_NAME_HISTORY_REVIEW,tractor supply company,0
TT,TRANE TECHNOLOGIES PLC,1,TT,TT[?→OPEN],0,,trane technologies plc,trane technologies,1,2,18,1,0,0,MEDIUM,0,CANDIDATE_EXACT_NAME_ONLY_PENDING_PIT_NAME_HISTORY_REVIEW,trane technologies plc,0
TXN,TEXAS INSTRUMENTS INC,1,TXN,TXN[?→OPEN],0,,texas instruments inc,texas instruments,1,2,17,1,0,0,MEDIUM,0,CANDIDATE_EXACT_NAME_ONLY_PENDING_PIT_NAME_HISTORY_REVIEW,texas instruments inc,0
TYL,TYLER TECHNOLOGIES INC,1,TYL,TYL[?→OPEN],0,,tyler technologies inc,tyler technologies,1,2,18,1,0,0,MEDIUM,0,CANDIDATE_EXACT_NAME_ONLY_PENDING_PIT_NAME_HISTORY_REVIEW,tyler technologies inc,0
UAL,UNITED AIRLINES HOLDINGS INC,1,UAL,UAL[?→OPEN],0,,united airlines holdings inc,united airlines,1,2,15,1,0,0,MEDIUM,0,CANDIDATE_EXACT_NAME_ONLY_PENDING_PIT_NAME_HISTORY_REVIEW,united airlines holdings inc,0
UBER,Uber Technologies,1,UBER,UBER[?→OPEN],0,,uber technologies,uber technologies,0,2,17,1,0,0,MEDIUM,0,CANDIDATE_EXACT_NAME_ONLY_PENDING_PIT_NAME_HISTORY_REVIEW,uber technologies,0
ULTA,ULTA BEAUTY INC,1,ULTA,ULTA[?→OPEN],0,,ulta beauty inc,ulta beauty,1,2,11,1,0,0,MEDIUM,0,CANDIDATE_EXACT_NAME_ONLY_PENDING_PIT_NAME_HISTORY_REVIEW,ulta beauty inc,0
UNH,UNITEDHEALTH GROUP INC,1,UNH,UNH[?→OPEN],0,,unitedhealth group inc,unitedhealth group,1,2,18,1,0,0,MEDIUM,0,CANDIDATE_EXACT_NAME_ONLY_PENDING_PIT_NAME_HISTORY_REVIEW,unitedhealth group inc,0
UNM,Unum Group,1,UNM,UNM[?→OPEN],0,,unum group,unum group,0,2,10,1,0,0,MEDIUM,0,CANDIDATE_EXACT_NAME_ONLY_PENDING_PIT_NAME_HISTORY_REVIEW,unum group,0
UNP,UNION PACIFIC CORP,1,UNP,UNP[?→OPEN],0,,union pacific corp,union pacific,1,2,13,1,0,0,MEDIUM,0,CANDIDATE_EXACT_NAME_ONLY_PENDING_PIT_NAME_HISTORY_REVIEW,union pacific corp,0
URI,UNITED RENTALS INC,1,URI,URI[?→OPEN],0,,united rentals inc,united rentals,1,2,14,1,0,0,MEDIUM,0,CANDIDATE_EXACT_NAME_ONLY_PENDING_PIT_NAME_HISTORY_REVIEW,united rentals inc,0
USB,US BANCORP,1,USB,USB[?→OPEN],0,,us bancorp,us bancorp,0,2,10,1,0,0,MEDIUM,0,CANDIDATE_EXACT_NAME_ONLY_PENDING_PIT_NAME_HISTORY_REVIEW,us bancorp,0
VICI,VICI Properties,1,VICI,VICI[?→OPEN],0,,vici properties,vici properties,0,2,15,1,0,0,MEDIUM,0,CANDIDATE_EXACT_NAME_ONLY_PENDING_PIT_NAME_HISTORY_REVIEW,vici properties,0
VLO,VALERO ENERGY CORP,1,VLO,VLO[?→OPEN],0,,valero energy corp,valero energy,1,2,13,1,0,0,MEDIUM,0,CANDIDATE_EXACT_NAME_ONLY_PENDING_PIT_NAME_HISTORY_REVIEW,valero energy corp,0
VMC,VULCAN MATERIALS CO,1,VMC,VMC[?→OPEN],0,,vulcan materials co,vulcan materials,1,2,16,1,0,0,MEDIUM,0,CANDIDATE_EXACT_NAME_ONLY_PENDING_PIT_NAME_HISTORY_REVIEW,vulcan materials co,0
VRSK,VERISK ANALYTICS INC,1,VRSK,VRSK[?→OPEN],0,,verisk analytics inc,verisk analytics,1,2,16,1,0,0,MEDIUM,0,CANDIDATE_EXACT_NAME_ONLY_PENDING_PIT_NAME_HISTORY_REVIEW,verisk analytics inc,0
VRTX,VERTEX PHARMACEUTICALS INC,1,VRTX,VRTX[?→OPEN],0,,vertex pharmaceuticals inc,vertex pharmaceuticals,1,2,22,1,0,0,MEDIUM,0,CANDIDATE_EXACT_NAME_ONLY_PENDING_PIT_NAME_HISTORY_REVIEW,vertex pharmaceuticals inc,0
VZ,VERIZON COMMUNICATIONS INC,1,VZ,VZ[?→OPEN],0,,verizon communications inc,verizon communications,1,2,22,1,0,0,MEDIUM,0,CANDIDATE_EXACT_NAME_ONLY_PENDING_PIT_NAME_HISTORY_REVIEW,verizon communications inc,0
WDC,WESTERN DIGITAL CORP,1,WDC,WDC[?→OPEN],0,,western digital corp,western digital,1,2,15,1,0,0,MEDIUM,0,CANDIDATE_EXACT_NAME_ONLY_PENDING_PIT_NAME_HISTORY_REVIEW,western digital corp,0
WFC,WELLS FARGO + CO,1,WFC,WFC[?→OPEN],0,,wells fargo co,wells fargo,1,2,11,1,0,0,MEDIUM,0,CANDIDATE_EXACT_NAME_ONLY_PENDING_PIT_NAME_HISTORY_REVIEW,wells fargo co,0
WM,WASTE MANAGEMENT INC,1,WM,WM[?→OPEN],0,,waste management inc,waste management,1,2,16,1,0,0,MEDIUM,0,CANDIDATE_EXACT_NAME_ONLY_PENDING_PIT_NAME_HISTORY_REVIEW,waste management inc,0
WMB,WILLIAMS COS INC,1,WMB,WMB[?→OPEN],0,,williams cos inc,williams cos,1,2,12,1,0,0,MEDIUM,0,CANDIDATE_EXACT_NAME_ONLY_PENDING_PIT_NAME_HISTORY_REVIEW,williams cos inc,0
WRB,WR BERKLEY CORP,1,WRB,WRB[?→OPEN],0,,wr berkley corp,wr berkley,1,2,10,1,0,0,MEDIUM,0,CANDIDATE_EXACT_NAME_ONLY_PENDING_PIT_NAME_HISTORY_REVIEW,wr berkley corp,0
WSM,Williams-Sonoma,1,WSM,WSM[?→OPEN],0,,williams sonoma,williams sonoma,0,2,15,1,0,0,MEDIUM,0,CANDIDATE_EXACT_NAME_ONLY_PENDING_PIT_NAME_HISTORY_REVIEW,williams sonoma,0
WYNN,WYNN RESORTS LTD,1,WYNN,WYNN[?→OPEN],0,,wynn resorts ltd,wynn resorts,1,2,12,1,0,0,MEDIUM,0,CANDIDATE_EXACT_NAME_ONLY_PENDING_PIT_NAME_HISTORY_REVIEW,wynn resorts ltd,0
XEL,XCEL ENERGY INC,1,XEL,XEL[?→OPEN],0,,xcel energy inc,xcel energy,1,2,11,1,0,0,MEDIUM,0,CANDIDATE_EXACT_NAME_ONLY_PENDING_PIT_NAME_HISTORY_REVIEW,xcel energy inc,0
XRAY,Dentsply Sirona,1,XRAY,XRAY[?→OPEN],0,,dentsply sirona,dentsply sirona,0,2,15,1,0,0,MEDIUM,0,CANDIDATE_EXACT_NAME_ONLY_PENDING_PIT_NAME_HISTORY_REVIEW,dentsply sirona,0
YUM,YUM  BRANDS INC,1,YUM,YUM[?→OPEN],0,,yum brands inc,yum brands,1,2,10,1,0,0,MEDIUM,0,CANDIDATE_EXACT_NAME_ONLY_PENDING_PIT_NAME_HISTORY_REVIEW,yum brands inc,0
ZBH,ZIMMER BIOMET HOLDINGS INC,1,ZBH,ZBH[?→OPEN],0,,zimmer biomet holdings inc,zimmer biomet,1,2,13,1,0,0,MEDIUM,0,CANDIDATE_EXACT_NAME_ONLY_PENDING_PIT_NAME_HISTORY_REVIEW,zimmer biomet holdings inc,0
ZION,Zions Bancorporation,1,ZION,ZION[?→OPEN],0,,zions bancorporation,zions bancorporation,0,2,20,1,0,0,MEDIUM,0,CANDIDATE_EXACT_NAME_ONLY_PENDING_PIT_NAME_HISTORY_REVIEW,zions bancorporation,0
