security_key,latest_project_ticker,canonical_company_name,structural_ambiguity_tier,stage3b2_original_status,stage3b2_original_review_flag,stage3b2_nport_unique_name_count,stage3b2_nport_raw_names_pipe,stage3b2_candidate_sec_cik,later_resolution_evidence_layers_pipe,final_name_resolution_status,final_name_resolution_layer,original_review_reason,original_review_priority
A,A,AGILENT TECHNOLOGIES INC,MEDIUM,READY_STABLE_SEC_NPORT_NAME,0,1,Agilent Technologies Inc,0001090872,,RESOLVED_STAGE3B2_STABLE_NPORT_NAME,STAGE3B2,,
AAPL,AAPL,APPLE INC,HIGH,READY_STABLE_SEC_NPORT_NAME,0,1,Apple Inc,0000320193,,RESOLVED_STAGE3B2_STABLE_NPORT_NAME,STAGE3B2,,
ABBV,ABBV,ABBVIE INC,HIGH,READY_STABLE_SEC_NPORT_NAME,0,1,AbbVie Inc,0001551152,,RESOLVED_STAGE3B2_STABLE_NPORT_NAME,STAGE3B2,,
ABT,ABT,ABBOTT LABORATORIES,MEDIUM,READY_STABLE_SEC_NPORT_NAME,0,1,Abbott Laboratories,0000001800,,RESOLVED_STAGE3B2_STABLE_NPORT_NAME,STAGE3B2,,
ACGL,ACGL,Arch Capital Group,LOW,READY_STABLE_SEC_NPORT_NAME,0,1,Arch Capital Group Ltd,0000947484,,RESOLVED_STAGE3B2_STABLE_NPORT_NAME,STAGE3B2,,
ADBE,ADBE,ADOBE INC,HIGH,READY_STABLE_SEC_NPORT_NAME,0,1,Adobe Inc,0000796343,,RESOLVED_STAGE3B2_STABLE_NPORT_NAME,STAGE3B2,,
ADI,ADI,ANALOG DEVICES INC,MEDIUM,READY_STABLE_SEC_NPORT_NAME,0,1,Analog Devices Inc,0000006281,,RESOLVED_STAGE3B2_STABLE_NPORT_NAME,STAGE3B2,,
ADP,ADP,AUTOMATIC DATA PROCESSING,LOW,READY_STABLE_SEC_NPORT_NAME,0,1,Automatic Data Processing Inc,0000008670,,RESOLVED_STAGE3B2_STABLE_NPORT_NAME,STAGE3B2,,
ADSK,ADSK,AUTODESK INC,HIGH,READY_STABLE_SEC_NPORT_NAME,0,1,Autodesk Inc,0000769397,,RESOLVED_STAGE3B2_STABLE_NPORT_NAME,STAGE3B2,,
AEE,AEE,AMEREN CORPORATION,HIGH,READY_STABLE_SEC_NPORT_NAME,0,1,Ameren Corp,0001002910,,RESOLVED_STAGE3B2_STABLE_NPORT_NAME,STAGE3B2,,
AEP,AEP,AMERICAN ELECTRIC POWER,LOW,READY_STABLE_SEC_NPORT_NAME,0,1,American Electric Power Co Inc,0000004904,,RESOLVED_STAGE3B2_STABLE_NPORT_NAME,STAGE3B2,,
AES,AES,AES CORP,HIGH,READY_STABLE_SEC_NPORT_NAME,0,1,AES Corp/The,0000874761,,RESOLVED_STAGE3B2_STABLE_NPORT_NAME,STAGE3B2,,
AFL,AFL,AFLAC INC,HIGH,READY_STABLE_SEC_NPORT_NAME,0,1,Aflac Inc,0000004977,,RESOLVED_STAGE3B2_STABLE_NPORT_NAME,STAGE3B2,,
AIZ,AIZ,ASSURANT INC,HIGH,READY_STABLE_SEC_NPORT_NAME,0,1,Assurant Inc,0001267238,,RESOLVED_STAGE3B2_STABLE_NPORT_NAME,STAGE3B2,,
AKAM,AKAM,AKAMAI TECHNOLOGIES INC,MEDIUM,READY_STABLE_SEC_NPORT_NAME,0,1,Akamai Technologies Inc,0001086222,,RESOLVED_STAGE3B2_STABLE_NPORT_NAME,STAGE3B2,,
ALB,ALB,ALBEMARLE CORP,HIGH,READY_STABLE_SEC_NPORT_NAME,0,1,Albemarle Corp,0000915913,,RESOLVED_STAGE3B2_STABLE_NPORT_NAME,STAGE3B2,,
ALGN,ALGN,ALIGN TECHNOLOGY INC,MEDIUM,READY_STABLE_SEC_NPORT_NAME,0,1,Align Technology Inc,0001097149,,RESOLVED_STAGE3B2_STABLE_NPORT_NAME,STAGE3B2,,
ALL,ALL,ALLSTATE CORP,HIGH,READY_STABLE_SEC_NPORT_NAME,0,1,Allstate Corp/The,0000899051,,RESOLVED_STAGE3B2_STABLE_NPORT_NAME,STAGE3B2,,
ALLE,ALLE,ALLEGION PLC,HIGH,READY_STABLE_SEC_NPORT_NAME,0,1,Allegion PLC|Allegion plc,0001579241,,RESOLVED_STAGE3B2_STABLE_NPORT_NAME,STAGE3B2,,
AMAT,AMAT,APPLIED MATERIALS INC,MEDIUM,READY_STABLE_SEC_NPORT_NAME,0,1,Applied Materials Inc,,,RESOLVED_STAGE3B2_STABLE_NPORT_NAME,STAGE3B2,,
AMCR,AMCR,AMCOR PLC,HIGH,READY_STABLE_SEC_NPORT_NAME,0,1,Amcor PLC,0001748790,,RESOLVED_STAGE3B2_STABLE_NPORT_NAME,STAGE3B2,,
AMD,AMD,ADVANCED MICRO DEVICES,LOW,READY_STABLE_SEC_NPORT_NAME,0,1,Advanced Micro Devices Inc,0000002488,,RESOLVED_STAGE3B2_STABLE_NPORT_NAME,STAGE3B2,,
AME,AME,AMETEK INC,HIGH,READY_STABLE_SEC_NPORT_NAME,0,1,AMETEK Inc,0001037868,,RESOLVED_STAGE3B2_STABLE_NPORT_NAME,STAGE3B2,,
AMGN,AMGN,AMGEN INC,HIGH,READY_STABLE_SEC_NPORT_NAME,0,1,Amgen Inc,0000318154,,RESOLVED_STAGE3B2_STABLE_NPORT_NAME,STAGE3B2,,
AMP,AMP,AMERIPRISE FINANCIAL INC,MEDIUM,READY_STABLE_SEC_NPORT_NAME,0,1,Ameriprise Financial Inc,0000820027,,RESOLVED_STAGE3B2_STABLE_NPORT_NAME,STAGE3B2,,
AMT,AMT,AMERICAN TOWER CORP,MEDIUM,READY_STABLE_SEC_NPORT_NAME,0,1,American Tower Corp,,,RESOLVED_STAGE3B2_STABLE_NPORT_NAME,STAGE3B2,,
AMZN,AMZN,AMAZON.COM INC,MEDIUM,READY_STABLE_SEC_NPORT_NAME,0,1,Amazon.com Inc,0001018724,,RESOLVED_STAGE3B2_STABLE_NPORT_NAME,STAGE3B2,,
ANET,ANET,ARISTA NETWORKS INC,MEDIUM,READY_STABLE_SEC_NPORT_NAME,0,1,Arista Networks Inc,0001596532,,RESOLVED_STAGE3B2_STABLE_NPORT_NAME,STAGE3B2,,
AON,AON,AON PLC CLASS A,LOW,READY_STABLE_SEC_NPORT_NAME,0,1,Aon PLC,0000315293,,RESOLVED_STAGE3B2_STABLE_NPORT_NAME,STAGE3B2,,
APA,APA,APA CORP,HIGH,READY_STABLE_SEC_NPORT_NAME,0,1,APA Corp,0001841666,,RESOLVED_STAGE3B2_STABLE_NPORT_NAME,STAGE3B2,,
APH,APH,AMPHENOL CORP CL A,LOW,READY_STABLE_SEC_NPORT_NAME,0,1,Amphenol Corp,0000820313,,RESOLVED_STAGE3B2_STABLE_NPORT_NAME,STAGE3B2,,
APP,APP,AppLovin,HIGH,READY_STABLE_SEC_NPORT_NAME,0,1,AppLovin Corp,0001751008,,RESOLVED_STAGE3B2_STABLE_NPORT_NAME,STAGE3B2,,
APTV,APTV,APTIV PLC,HIGH,READY_STABLE_SEC_NPORT_NAME,0,1,Aptiv PLC,0001521332,,RESOLVED_STAGE3B2_STABLE_NPORT_NAME,STAGE3B2,,
ARES,ARES,Ares Management,MEDIUM,READY_STABLE_SEC_NPORT_NAME,0,1,Ares Management Corp,0001176948,,RESOLVED_STAGE3B2_STABLE_NPORT_NAME,STAGE3B2,,
ATO,ATO,ATMOS ENERGY CORP,MEDIUM,READY_STABLE_SEC_NPORT_NAME,0,1,Atmos Energy Corp,0000731802,,RESOLVED_STAGE3B2_STABLE_NPORT_NAME,STAGE3B2,,
AVB,AVB,AVALONBAY COMMUNITIES INC,MEDIUM,READY_STABLE_SEC_NPORT_NAME,0,1,AvalonBay Communities Inc,0000915912,,RESOLVED_STAGE3B2_STABLE_NPORT_NAME,STAGE3B2,,
AVGO,AVGO,BROADCOM INC,HIGH,READY_STABLE_SEC_NPORT_NAME,0,1,Broadcom Inc,0001730168,,RESOLVED_STAGE3B2_STABLE_NPORT_NAME,STAGE3B2,,
AVY,AVY,AVERY DENNISON CORP,MEDIUM,READY_STABLE_SEC_NPORT_NAME,0,1,Avery Dennison Corp,0000008818,,RESOLVED_STAGE3B2_STABLE_NPORT_NAME,STAGE3B2,,
AWK,AWK,AMERICAN WATER WORKS CO INC,LOW,READY_STABLE_SEC_NPORT_NAME,0,1,American Water Works Co Inc,,,RESOLVED_STAGE3B2_STABLE_NPORT_NAME,STAGE3B2,,
AXON,AXON,Axon Enterprise,MEDIUM,READY_STABLE_SEC_NPORT_NAME,0,1,Axon Enterprise Inc,0001069183,,RESOLVED_STAGE3B2_STABLE_NPORT_NAME,STAGE3B2,,
AXP,AXP,AMERICAN EXPRESS CO,MEDIUM,READY_STABLE_SEC_NPORT_NAME,0,1,American Express Co,0000004962,,RESOLVED_STAGE3B2_STABLE_NPORT_NAME,STAGE3B2,,
BA,BA,BOEING CO/THE,LOW,READY_STABLE_SEC_NPORT_NAME,0,1,Boeing Co/The,0000012927,,RESOLVED_STAGE3B2_STABLE_NPORT_NAME,STAGE3B2,,
BAC,BAC,BANK OF AMERICA CORP,LOW,READY_STABLE_SEC_NPORT_NAME,0,1,Bank of America Corp,,,RESOLVED_STAGE3B2_STABLE_NPORT_NAME,STAGE3B2,,
BALL,BALL,BALL CORP,HIGH,READY_STABLE_SEC_NPORT_NAME,0,1,Ball Corp,0000009389,,RESOLVED_STAGE3B2_STABLE_NPORT_NAME,STAGE3B2,,
BAX,BAX,BAXTER INTERNATIONAL INC,MEDIUM,READY_STABLE_SEC_NPORT_NAME,0,1,Baxter International Inc,0000010456,,RESOLVED_STAGE3B2_STABLE_NPORT_NAME,STAGE3B2,,
BBY,BBY,BEST BUY CO INC,HIGH,READY_STABLE_SEC_NPORT_NAME,0,1,Best Buy Co Inc,0000764478,,RESOLVED_STAGE3B2_STABLE_NPORT_NAME,STAGE3B2,,
BDX,BDX,BECTON DICKINSON AND CO,LOW,READY_STABLE_SEC_NPORT_NAME,0,1,Becton Dickinson & Co|Becton Dickinson and Co,0000010795,,RESOLVED_STAGE3B2_STABLE_NPORT_NAME,STAGE3B2,,
BEN,BEN,FRANKLIN RESOURCES INC,MEDIUM,READY_STABLE_SEC_NPORT_NAME,0,1,Franklin Resources Inc,0000038777,,RESOLVED_STAGE3B2_STABLE_NPORT_NAME,STAGE3B2,,
BF.B,BF.B,BROWN FORMAN CORP CLASS B,LOW,READY_STABLE_SEC_NPORT_NAME,0,1,Brown-Forman Corp,0000014693,,RESOLVED_STAGE3B2_STABLE_NPORT_NAME,STAGE3B2,,
BIIB,BIIB,BIOGEN INC,HIGH,READY_STABLE_SEC_NPORT_NAME,0,1,Biogen Inc,0000875045,,RESOLVED_STAGE3B2_STABLE_NPORT_NAME,STAGE3B2,,
BKNG,BKNG,BOOKING HOLDINGS INC,HIGH,READY_STABLE_SEC_NPORT_NAME,0,1,Booking Holdings Inc,0001075531,,RESOLVED_STAGE3B2_STABLE_NPORT_NAME,STAGE3B2,,
BKR,BKR,BAKER HUGHES CO,MEDIUM,READY_STABLE_SEC_NPORT_NAME,0,1,Baker Hughes Co,0001701605,,RESOLVED_STAGE3B2_STABLE_NPORT_NAME,STAGE3B2,,
BLDR,BLDR,Builders FirstSource,MEDIUM,READY_STABLE_SEC_NPORT_NAME,0,1,Builders FirstSource Inc,0001316835,,RESOLVED_STAGE3B2_STABLE_NPORT_NAME,STAGE3B2,,
BMY,BMY,BRISTOL MYERS SQUIBB CO,LOW,READY_STABLE_SEC_NPORT_NAME,0,1,Bristol-Myers Squibb Co,0000014272,,RESOLVED_STAGE3B2_STABLE_NPORT_NAME,STAGE3B2,,
BNY,BNY,BANK OF NEW YORK MELLON CORP,LOW,READY_STABLE_SEC_NPORT_NAME,0,1,Bank of New York Mellon Corp/The,0001390777,,RESOLVED_STAGE3B2_STABLE_NPORT_NAME,STAGE3B2,,
BRK.B,BRK.B,BERKSHIRE HATHAWAY INC CL B,LOW,READY_STABLE_SEC_NPORT_NAME,0,1,Berkshire Hathaway Inc,0001067983,,RESOLVED_STAGE3B2_STABLE_NPORT_NAME,STAGE3B2,,
BRO,BRO,Brown & Brown,LOW,READY_STABLE_SEC_NPORT_NAME,0,1,Brown & Brown Inc,0000079282,,RESOLVED_STAGE3B2_STABLE_NPORT_NAME,STAGE3B2,,
BSX,BSX,BOSTON SCIENTIFIC CORP,MEDIUM,READY_STABLE_SEC_NPORT_NAME,0,1,Boston Scientific Corp,0000885725,,RESOLVED_STAGE3B2_STABLE_NPORT_NAME,STAGE3B2,,
CAG,CAG,Conagra Brands,MEDIUM,READY_STABLE_SEC_NPORT_NAME,0,1,Conagra Brands Inc,0000023217,,RESOLVED_STAGE3B2_STABLE_NPORT_NAME,STAGE3B2,,
CARR,CARR,CARRIER GLOBAL CORP,MEDIUM,READY_STABLE_SEC_NPORT_NAME,0,1,Carrier Global Corp,0001783180,,RESOLVED_STAGE3B2_STABLE_NPORT_NAME,STAGE3B2,,
CAT,CAT,CATERPILLAR INC,HIGH,READY_STABLE_SEC_NPORT_NAME,0,1,Caterpillar Inc,0000018230,,RESOLVED_STAGE3B2_STABLE_NPORT_NAME,STAGE3B2,,
CB,CB,CHUBB LTD,HIGH,READY_STABLE_SEC_NPORT_NAME,0,1,Chubb Ltd,0000896159,,RESOLVED_STAGE3B2_STABLE_NPORT_NAME,STAGE3B2,,
CBOE,CBOE,CBOE GLOBAL MARKETS INC,LOW,READY_STABLE_SEC_NPORT_NAME,0,1,Cboe Global Markets Inc,0001374310,,RESOLVED_STAGE3B2_STABLE_NPORT_NAME,STAGE3B2,,
CDW,CDW,CDW CORP/DE,LOW,READY_STABLE_SEC_NPORT_NAME,0,1,CDW Corp/DE,0001402057,,RESOLVED_STAGE3B2_STABLE_NPORT_NAME,STAGE3B2,,
CF,CF,CF INDUSTRIES HOLDINGS INC,MEDIUM,READY_STABLE_SEC_NPORT_NAME,0,1,CF Industries Holdings Inc,0001324404,,RESOLVED_STAGE3B2_STABLE_NPORT_NAME,STAGE3B2,,
CFG,CFG,CITIZENS FINANCIAL GROUP,LOW,READY_STABLE_SEC_NPORT_NAME,0,1,Citizens Financial Group Inc,0000759944,,RESOLVED_STAGE3B2_STABLE_NPORT_NAME,STAGE3B2,,
CINF,CINF,CINCINNATI FINANCIAL CORP,MEDIUM,READY_STABLE_SEC_NPORT_NAME,0,1,Cincinnati Financial Corp,0000020286,,RESOLVED_STAGE3B2_STABLE_NPORT_NAME,STAGE3B2,,
CMCSA,CMCSA,COMCAST CORP CLASS A,LOW,READY_STABLE_SEC_NPORT_NAME,0,1,Comcast Corp,0001166691,,RESOLVED_STAGE3B2_STABLE_NPORT_NAME,STAGE3B2,,
CME,CME,CME GROUP INC,MEDIUM,READY_STABLE_SEC_NPORT_NAME,0,1,CME Group Inc,0001156375,,RESOLVED_STAGE3B2_STABLE_NPORT_NAME,STAGE3B2,,
CMG,CMG,CHIPOTLE MEXICAN GRILL INC,LOW,READY_STABLE_SEC_NPORT_NAME,0,1,Chipotle Mexican Grill Inc,0001058090,,RESOLVED_STAGE3B2_STABLE_NPORT_NAME,STAGE3B2,,
CMI,CMI,CUMMINS INC,HIGH,READY_STABLE_SEC_NPORT_NAME,0,1,Cummins Inc,0000026172,,RESOLVED_STAGE3B2_STABLE_NPORT_NAME,STAGE3B2,,
CMS,CMS,CMS ENERGY CORP,MEDIUM,READY_STABLE_SEC_NPORT_NAME,0,1,CMS Energy Corp,0000811156,,RESOLVED_STAGE3B2_STABLE_NPORT_NAME,STAGE3B2,,
CNC,CNC,CENTENE CORP,HIGH,READY_STABLE_SEC_NPORT_NAME,0,1,Centene Corp,0001071739,,RESOLVED_STAGE3B2_STABLE_NPORT_NAME,STAGE3B2,,
COF,COF,CAPITAL ONE FINANCIAL CORP,LOW,READY_STABLE_SEC_NPORT_NAME,0,1,Capital One Financial Corp,0000927628,,RESOLVED_STAGE3B2_STABLE_NPORT_NAME,STAGE3B2,,
COIN,COIN,Coinbase Global,MEDIUM,READY_STABLE_SEC_NPORT_NAME,0,1,Coinbase Global Inc,0001679788,,RESOLVED_STAGE3B2_STABLE_NPORT_NAME,STAGE3B2,,
COO,COO,COOPER COS INC/THE,LOW,READY_STABLE_SEC_NPORT_NAME,0,1,Cooper Cos Inc/The,0000711404,,RESOLVED_STAGE3B2_STABLE_NPORT_NAME,STAGE3B2,,
COP,COP,CONOCOPHILLIPS,HIGH,READY_STABLE_SEC_NPORT_NAME,0,1,ConocoPhillips,0001163165,,RESOLVED_STAGE3B2_STABLE_NPORT_NAME,STAGE3B2,,
COST,COST,COSTCO WHOLESALE CORP,MEDIUM,READY_STABLE_SEC_NPORT_NAME,0,1,Costco Wholesale Corp,0000909832,,RESOLVED_STAGE3B2_STABLE_NPORT_NAME,STAGE3B2,,
CPRT,CPRT,COPART INC,HIGH,READY_STABLE_SEC_NPORT_NAME,0,1,Copart Inc,0000900075,,RESOLVED_STAGE3B2_STABLE_NPORT_NAME,STAGE3B2,,
CPT,CPT,Camden Property Trust,LOW,READY_STABLE_SEC_NPORT_NAME,0,1,Camden Property Trust,0000906345,,RESOLVED_STAGE3B2_STABLE_NPORT_NAME,STAGE3B2,,
CRH,CRH,CRH,HIGH,READY_STABLE_SEC_NPORT_NAME,0,1,CRH PLC,0000849395,,RESOLVED_STAGE3B2_STABLE_NPORT_NAME,STAGE3B2,,
CRWD,CRWD,CrowdStrike Holdings,HIGH,READY_STABLE_SEC_NPORT_NAME,0,1,Crowdstrike Holdings Inc,0001535527,,RESOLVED_STAGE3B2_STABLE_NPORT_NAME,STAGE3B2,,
CSX,CSX,CSX CORP,HIGH,READY_STABLE_SEC_NPORT_NAME,0,1,CSX Corp,0000277948,,RESOLVED_STAGE3B2_STABLE_NPORT_NAME,STAGE3B2,,
CTAS,CTAS,CINTAS CORP,HIGH,READY_STABLE_SEC_NPORT_NAME,0,1,Cintas Corp,0000723254,,RESOLVED_STAGE3B2_STABLE_NPORT_NAME,STAGE3B2,,
CTVA,CTVA,CORTEVA INC,HIGH,READY_STABLE_SEC_NPORT_NAME,0,1,Corteva Inc,0001755672,,RESOLVED_STAGE3B2_STABLE_NPORT_NAME,STAGE3B2,,
CVNA,CVNA,Carvana,HIGH,READY_STABLE_SEC_NPORT_NAME,0,1,Carvana Co,0001690820,,RESOLVED_STAGE3B2_STABLE_NPORT_NAME,STAGE3B2,,
CVS,CVS,CVS HEALTH CORP,MEDIUM,READY_STABLE_SEC_NPORT_NAME,0,1,CVS Health Corp,0000064803,,RESOLVED_STAGE3B2_STABLE_NPORT_NAME,STAGE3B2,,
CVX,CVX,CHEVRON CORP,HIGH,READY_STABLE_SEC_NPORT_NAME,0,1,Chevron Corp,0000093410,,RESOLVED_STAGE3B2_STABLE_NPORT_NAME,STAGE3B2,,
D,D,DOMINION ENERGY INC,MEDIUM,READY_STABLE_SEC_NPORT_NAME,0,1,Dominion Energy Inc,0000715957,,RESOLVED_STAGE3B2_STABLE_NPORT_NAME,STAGE3B2,,
DAL,DAL,DELTA AIR LINES INC,LOW,READY_STABLE_SEC_NPORT_NAME,0,1,Delta Air Lines Inc,0000027904,,RESOLVED_STAGE3B2_STABLE_NPORT_NAME,STAGE3B2,,
DD,DD,DUPONT DE NEMOURS INC,LOW,READY_STABLE_SEC_NPORT_NAME,0,1,DuPont de Nemours Inc,0001666700,,RESOLVED_STAGE3B2_STABLE_NPORT_NAME,STAGE3B2,,
DDOG,DDOG,Datadog,HIGH,READY_STABLE_SEC_NPORT_NAME,0,1,Datadog Inc,0001561550,,RESOLVED_STAGE3B2_STABLE_NPORT_NAME,STAGE3B2,,
DECK,DECK,Deckers Outdoor,MEDIUM,READY_STABLE_SEC_NPORT_NAME,0,1,Deckers Outdoor Corp,0000910521,,RESOLVED_STAGE3B2_STABLE_NPORT_NAME,STAGE3B2,,
DELL,DELL,Dell Technologies,MEDIUM,READY_STABLE_SEC_NPORT_NAME,0,1,Dell Technologies Inc,0001571996,,RESOLVED_STAGE3B2_STABLE_NPORT_NAME,STAGE3B2,,
DG,DG,DOLLAR GENERAL CORP,MEDIUM,READY_STABLE_SEC_NPORT_NAME,0,1,Dollar General Corp,0000029534,,RESOLVED_STAGE3B2_STABLE_NPORT_NAME,STAGE3B2,,
DGX,DGX,QUEST DIAGNOSTICS INC,MEDIUM,READY_STABLE_SEC_NPORT_NAME,0,1,Quest Diagnostics Inc,0001022079,,RESOLVED_STAGE3B2_STABLE_NPORT_NAME,STAGE3B2,,
DHI,DHI,DR HORTON INC,MEDIUM,READY_STABLE_SEC_NPORT_NAME,0,1,DR Horton Inc,0000882184,,RESOLVED_STAGE3B2_STABLE_NPORT_NAME,STAGE3B2,,
DHR,DHR,DANAHER CORP,HIGH,READY_STABLE_SEC_NPORT_NAME,0,1,Danaher Corp,,,RESOLVED_STAGE3B2_STABLE_NPORT_NAME,STAGE3B2,,
DIS,DIS,WALT DISNEY CO/THE,LOW,READY_STABLE_SEC_NPORT_NAME,0,1,Walt Disney Co/The,0001744489,,RESOLVED_STAGE3B2_STABLE_NPORT_NAME,STAGE3B2,,
DLR,DLR,DIGITAL REALTY TRUST INC,LOW,READY_STABLE_SEC_NPORT_NAME,0,1,Digital Realty Trust Inc,0001297996,,RESOLVED_STAGE3B2_STABLE_NPORT_NAME,STAGE3B2,,
DLTR,DLTR,DOLLAR TREE INC,MEDIUM,READY_STABLE_SEC_NPORT_NAME,0,1,Dollar Tree Inc,0000935703,,RESOLVED_STAGE3B2_STABLE_NPORT_NAME,STAGE3B2,,
DOC,DOC,HEALTHPEAK PROPERTIES INC,MEDIUM,READY_STABLE_SEC_NPORT_NAME,0,1,Healthpeak Properties Inc,0000765880,,RESOLVED_STAGE3B2_STABLE_NPORT_NAME,STAGE3B2,,
DOV,DOV,DOVER CORP,HIGH,READY_STABLE_SEC_NPORT_NAME,0,1,Dover Corp,0000029905,,RESOLVED_STAGE3B2_STABLE_NPORT_NAME,STAGE3B2,,
DOW,DOW,DOW INC,HIGH,READY_STABLE_SEC_NPORT_NAME,0,1,Dow Inc,0001751788,,RESOLVED_STAGE3B2_STABLE_NPORT_NAME,STAGE3B2,,
DPZ,DPZ,DOMINO S PIZZA INC,LOW,READY_STABLE_SEC_NPORT_NAME,0,1,Domino's Pizza Inc,0001286681,,RESOLVED_STAGE3B2_STABLE_NPORT_NAME,STAGE3B2,,
DRI,DRI,DARDEN RESTAURANTS INC,MEDIUM,READY_STABLE_SEC_NPORT_NAME,0,1,Darden Restaurants Inc,0000940944,,RESOLVED_STAGE3B2_STABLE_NPORT_NAME,STAGE3B2,,
DTE,DTE,DTE ENERGY COMPANY,MEDIUM,READY_STABLE_SEC_NPORT_NAME,0,1,DTE Energy Co,0000936340,,RESOLVED_STAGE3B2_STABLE_NPORT_NAME,STAGE3B2,,
DUK,DUK,DUKE ENERGY CORP,MEDIUM,READY_STABLE_SEC_NPORT_NAME,0,1,Duke Energy Corp,0001326160,,RESOLVED_STAGE3B2_STABLE_NPORT_NAME,STAGE3B2,,
DVA,DVA,DAVITA INC,HIGH,READY_STABLE_SEC_NPORT_NAME,0,1,DaVita Inc,0000927066,,RESOLVED_STAGE3B2_STABLE_NPORT_NAME,STAGE3B2,,
DVN,DVN,DEVON ENERGY CORP,MEDIUM,READY_STABLE_SEC_NPORT_NAME,0,1,Devon Energy Corp,0001090012,,RESOLVED_STAGE3B2_STABLE_NPORT_NAME,STAGE3B2,,
DXCM,DXCM,DEXCOM INC,HIGH,READY_STABLE_SEC_NPORT_NAME,0,1,DexCom Inc|Dexcom Inc,0001093557,,RESOLVED_STAGE3B2_STABLE_NPORT_NAME,STAGE3B2,,
EA,EA,Electronic Arts,MEDIUM,READY_STABLE_SEC_NPORT_NAME,0,1,Electronic Arts Inc,,,RESOLVED_STAGE3B2_STABLE_NPORT_NAME,STAGE3B2,,
EBAY,EBAY,EBAY INC,HIGH,READY_STABLE_SEC_NPORT_NAME,0,1,eBay Inc,0001065088,,RESOLVED_STAGE3B2_STABLE_NPORT_NAME,STAGE3B2,,
ECL,ECL,ECOLAB INC,HIGH,READY_STABLE_SEC_NPORT_NAME,0,1,Ecolab Inc,0000031462,,RESOLVED_STAGE3B2_STABLE_NPORT_NAME,STAGE3B2,,
ED,ED,CONSOLIDATED EDISON INC,MEDIUM,READY_STABLE_SEC_NPORT_NAME,0,1,Consolidated Edison Inc,0001047862,,RESOLVED_STAGE3B2_STABLE_NPORT_NAME,STAGE3B2,,
EIX,EIX,EDISON INTERNATIONAL,MEDIUM,READY_STABLE_SEC_NPORT_NAME,0,1,Edison International,0000827052,,RESOLVED_STAGE3B2_STABLE_NPORT_NAME,STAGE3B2,,
EME,EME,Emcor Group,MEDIUM,READY_STABLE_SEC_NPORT_NAME,0,1,EMCOR Group Inc,0000105634,,RESOLVED_STAGE3B2_STABLE_NPORT_NAME,STAGE3B2,,
EMR,EMR,EMERSON ELECTRIC CO,MEDIUM,READY_STABLE_SEC_NPORT_NAME,0,1,Emerson Electric Co,0000032604,,RESOLVED_STAGE3B2_STABLE_NPORT_NAME,STAGE3B2,,
EOG,EOG,EOG RESOURCES INC,MEDIUM,READY_STABLE_SEC_NPORT_NAME,0,1,EOG Resources Inc,0000821189,,RESOLVED_STAGE3B2_STABLE_NPORT_NAME,STAGE3B2,,
EQIX,EQIX,EQUINIX INC,HIGH,READY_STABLE_SEC_NPORT_NAME,0,1,Equinix Inc,0001101239,,RESOLVED_STAGE3B2_STABLE_NPORT_NAME,STAGE3B2,,
EQR,EQR,EQUITY RESIDENTIAL,MEDIUM,READY_STABLE_SEC_NPORT_NAME,0,1,Equity Residential,,,RESOLVED_STAGE3B2_STABLE_NPORT_NAME,STAGE3B2,,
EQT,EQT,EQT,HIGH,READY_STABLE_SEC_NPORT_NAME,0,1,EQT Corp,0000033213,,RESOLVED_STAGE3B2_STABLE_NPORT_NAME,STAGE3B2,,
ERIE,ERIE,Erie Indemnity,MEDIUM,READY_STABLE_SEC_NPORT_NAME,0,1,Erie Indemnity Co,0000922621,,RESOLVED_STAGE3B2_STABLE_NPORT_NAME,STAGE3B2,,
ES,ES,EVERSOURCE ENERGY,MEDIUM,READY_STABLE_SEC_NPORT_NAME,0,1,Eversource Energy,0000072741,,RESOLVED_STAGE3B2_STABLE_NPORT_NAME,STAGE3B2,,
ESS,ESS,ESSEX PROPERTY TRUST INC,LOW,READY_STABLE_SEC_NPORT_NAME,0,1,Essex Property Trust Inc,0000920522,,RESOLVED_STAGE3B2_STABLE_NPORT_NAME,STAGE3B2,,
ETN,ETN,EATON CORP PLC,HIGH,READY_STABLE_SEC_NPORT_NAME,0,1,Eaton Corp PLC,0001551182,,RESOLVED_STAGE3B2_STABLE_NPORT_NAME,STAGE3B2,,
ETR,ETR,ENTERGY CORP,HIGH,READY_STABLE_SEC_NPORT_NAME,0,1,Entergy Corp,0000065984,,RESOLVED_STAGE3B2_STABLE_NPORT_NAME,STAGE3B2,,
EVRG,EVRG,EVERGY INC,HIGH,READY_STABLE_SEC_NPORT_NAME,0,1,Evergy Inc,0001711269,,RESOLVED_STAGE3B2_STABLE_NPORT_NAME,STAGE3B2,,
EW,EW,EDWARDS LIFESCIENCES CORP,MEDIUM,READY_STABLE_SEC_NPORT_NAME,0,1,Edwards Lifesciences Corp,0001099800,,RESOLVED_STAGE3B2_STABLE_NPORT_NAME,STAGE3B2,,
EXC,EXC,EXELON CORP,HIGH,READY_STABLE_SEC_NPORT_NAME,0,1,Exelon Corp,0001109357,,RESOLVED_STAGE3B2_STABLE_NPORT_NAME,STAGE3B2,,
EXPE,EXPE,EXPEDIA GROUP INC,MEDIUM,READY_STABLE_SEC_NPORT_NAME,0,1,Expedia Group Inc,0001324424,,RESOLVED_STAGE3B2_STABLE_NPORT_NAME,STAGE3B2,,
EXR,EXR,EXTRA SPACE STORAGE INC,LOW,READY_STABLE_SEC_NPORT_NAME,0,1,Extra Space Storage Inc,0001289490,,RESOLVED_STAGE3B2_STABLE_NPORT_NAME,STAGE3B2,,
F,F,FORD MOTOR CO,MEDIUM,READY_STABLE_SEC_NPORT_NAME,0,1,Ford Motor Co,0000037996,,RESOLVED_STAGE3B2_STABLE_NPORT_NAME,STAGE3B2,,
FAST,FAST,FASTENAL CO,HIGH,READY_STABLE_SEC_NPORT_NAME,0,1,Fastenal Co,0000815556,,RESOLVED_STAGE3B2_STABLE_NPORT_NAME,STAGE3B2,,
FCX,FCX,FREEPORT MCMORAN INC,MEDIUM,READY_STABLE_SEC_NPORT_NAME,0,1,Freeport-McMoRan Inc,0000831259,,RESOLVED_STAGE3B2_STABLE_NPORT_NAME,STAGE3B2,,
FDS,FDS,FactSet Research Systems,LOW,READY_STABLE_SEC_NPORT_NAME,0,1,FactSet Research Systems Inc,0001013237,,RESOLVED_STAGE3B2_STABLE_NPORT_NAME,STAGE3B2,,
FDX,FDX,FEDEX CORP,HIGH,READY_STABLE_SEC_NPORT_NAME,0,1,FedEx Corp,0001048911,,RESOLVED_STAGE3B2_STABLE_NPORT_NAME,STAGE3B2,,
FE,FE,FIRSTENERGY CORP,HIGH,READY_STABLE_SEC_NPORT_NAME,0,1,FirstEnergy Corp,0001031296,,RESOLVED_STAGE3B2_STABLE_NPORT_NAME,STAGE3B2,,
FISV,FISV,FISERV INC,HIGH,READY_STABLE_SEC_NPORT_NAME,0,1,Fiserv Inc,0000798354,,RESOLVED_STAGE3B2_STABLE_NPORT_NAME,STAGE3B2,,
FITB,FITB,FIFTH THIRD BANCORP,LOW,READY_STABLE_SEC_NPORT_NAME,0,1,Fifth Third Bancorp,0000035527,,RESOLVED_STAGE3B2_STABLE_NPORT_NAME,STAGE3B2,,
FOX,FOX,FOX CORP   CLASS B,LOW,READY_STABLE_SEC_NPORT_NAME,0,1,Fox Corp,0001754301,,RESOLVED_STAGE3B2_STABLE_NPORT_NAME,STAGE3B2,,
FOXA,FOXA,FOX CORP   CLASS A,LOW,READY_STABLE_SEC_NPORT_NAME,0,1,Fox Corp,0001754301,,RESOLVED_STAGE3B2_STABLE_NPORT_NAME,STAGE3B2,,
FSLR,FSLR,First Solar,MEDIUM,READY_STABLE_SEC_NPORT_NAME,0,1,First Solar Inc,0001274494,,RESOLVED_STAGE3B2_STABLE_NPORT_NAME,STAGE3B2,,
FTNT,FTNT,FORTINET INC,HIGH,READY_STABLE_SEC_NPORT_NAME,0,1,Fortinet Inc,0001262039,,RESOLVED_STAGE3B2_STABLE_NPORT_NAME,STAGE3B2,,
FTV,FTV,FORTIVE CORP,HIGH,READY_STABLE_SEC_NPORT_NAME,0,1,Fortive Corp,0001659166,,RESOLVED_STAGE3B2_STABLE_NPORT_NAME,STAGE3B2,,
GD,GD,GENERAL DYNAMICS CORP,MEDIUM,READY_STABLE_SEC_NPORT_NAME,0,1,General Dynamics Corp,0000040533,,RESOLVED_STAGE3B2_STABLE_NPORT_NAME,STAGE3B2,,
GDDY,GDDY,GoDaddy,HIGH,READY_STABLE_SEC_NPORT_NAME,0,1,GoDaddy Inc,0001609711,,RESOLVED_STAGE3B2_STABLE_NPORT_NAME,STAGE3B2,,
GE,GE,GENERAL ELECTRIC,MEDIUM,READY_STABLE_SEC_NPORT_NAME,0,1,General Electric Co,0000040545,,RESOLVED_STAGE3B2_STABLE_NPORT_NAME,STAGE3B2,,
GIS,GIS,GENERAL MILLS INC,MEDIUM,READY_STABLE_SEC_NPORT_NAME,0,1,General Mills Inc,0000040704,,RESOLVED_STAGE3B2_STABLE_NPORT_NAME,STAGE3B2,,
GL,GL,GLOBE LIFE INC,MEDIUM,READY_STABLE_SEC_NPORT_NAME,0,1,Globe Life Inc,0000320335,,RESOLVED_STAGE3B2_STABLE_NPORT_NAME,STAGE3B2,,
GLW,GLW,CORNING INC,HIGH,READY_STABLE_SEC_NPORT_NAME,0,1,Corning Inc,0000024741,,RESOLVED_STAGE3B2_STABLE_NPORT_NAME,STAGE3B2,,
GM,GM,GENERAL MOTORS CO,MEDIUM,READY_STABLE_SEC_NPORT_NAME,0,1,General Motors Co,0001467858,,RESOLVED_STAGE3B2_STABLE_NPORT_NAME,STAGE3B2,,
GNRC,GNRC,Generac Holdings,HIGH,READY_STABLE_SEC_NPORT_NAME,0,1,Generac Holdings Inc,0001474735,,RESOLVED_STAGE3B2_STABLE_NPORT_NAME,STAGE3B2,,
GOOG,GOOG,ALPHABET INC CL C,LOW,READY_STABLE_SEC_NPORT_NAME,0,1,Alphabet Inc,0001652044,,RESOLVED_STAGE3B2_STABLE_NPORT_NAME,STAGE3B2,,
GOOGL,GOOGL,ALPHABET INC CL A,LOW,READY_STABLE_SEC_NPORT_NAME,0,1,Alphabet Inc,0001652044,,RESOLVED_STAGE3B2_STABLE_NPORT_NAME,STAGE3B2,,
GPC,GPC,GENUINE PARTS CO,MEDIUM,READY_STABLE_SEC_NPORT_NAME,0,1,Genuine Parts Co,0000040987,,RESOLVED_STAGE3B2_STABLE_NPORT_NAME,STAGE3B2,,
GPN,GPN,GLOBAL PAYMENTS INC,MEDIUM,READY_STABLE_SEC_NPORT_NAME,0,1,Global Payments Inc,0001123360,,RESOLVED_STAGE3B2_STABLE_NPORT_NAME,STAGE3B2,,
GRMN,GRMN,GARMIN LTD,HIGH,READY_STABLE_SEC_NPORT_NAME,0,1,Garmin Ltd,0001121788,,RESOLVED_STAGE3B2_STABLE_NPORT_NAME,STAGE3B2,,
GS,GS,GOLDMAN SACHS GROUP INC,LOW,READY_STABLE_SEC_NPORT_NAME,0,1,Goldman Sachs Group Inc/The,0000886982,,RESOLVED_STAGE3B2_STABLE_NPORT_NAME,STAGE3B2,,
GWW,GWW,WW GRAINGER INC,MEDIUM,READY_STABLE_SEC_NPORT_NAME,0,1,WW Grainger Inc,,,RESOLVED_STAGE3B2_STABLE_NPORT_NAME,STAGE3B2,,
HAL,HAL,HALLIBURTON CO,HIGH,READY_STABLE_SEC_NPORT_NAME,0,1,Halliburton Co,0000045012,,RESOLVED_STAGE3B2_STABLE_NPORT_NAME,STAGE3B2,,
HAS,HAS,HASBRO INC,HIGH,READY_STABLE_SEC_NPORT_NAME,0,1,Hasbro Inc,0000046080,,RESOLVED_STAGE3B2_STABLE_NPORT_NAME,STAGE3B2,,
HCA,HCA,HCA HEALTHCARE INC,MEDIUM,READY_STABLE_SEC_NPORT_NAME,0,1,HCA Healthcare Inc,0000860730,,RESOLVED_STAGE3B2_STABLE_NPORT_NAME,STAGE3B2,,
HD,HD,HOME DEPOT INC,MEDIUM,READY_STABLE_SEC_NPORT_NAME,0,1,Home Depot Inc/The,0000354950,,RESOLVED_STAGE3B2_STABLE_NPORT_NAME,STAGE3B2,,
HOLX,HOLX,Hologic,HIGH,READY_STABLE_SEC_NPORT_NAME,0,1,Hologic Inc,,,RESOLVED_STAGE3B2_STABLE_NPORT_NAME,STAGE3B2,,
HON,HON,HONEYWELL INTERNATIONAL INC,MEDIUM,READY_STABLE_SEC_NPORT_NAME,0,1,Honeywell International Inc,0000773840,,RESOLVED_STAGE3B2_STABLE_NPORT_NAME,STAGE3B2,,
HOOD,HOOD,Robinhood Markets,MEDIUM,READY_STABLE_SEC_NPORT_NAME,0,1,Robinhood Markets Inc,0001783879,,RESOLVED_STAGE3B2_STABLE_NPORT_NAME,STAGE3B2,,
HPE,HPE,HEWLETT PACKARD ENTERPRISE,LOW,READY_STABLE_SEC_NPORT_NAME,0,1,Hewlett Packard Enterprise Co,0001645590,,RESOLVED_STAGE3B2_STABLE_NPORT_NAME,STAGE3B2,,
HPQ,HPQ,HP INC,HIGH,READY_STABLE_SEC_NPORT_NAME,0,1,HP Inc,0000047217,,RESOLVED_STAGE3B2_STABLE_NPORT_NAME,STAGE3B2,,
HRL,HRL,HORMEL FOODS CORP,MEDIUM,READY_STABLE_SEC_NPORT_NAME,0,1,Hormel Foods Corp,0000048465,,RESOLVED_STAGE3B2_STABLE_NPORT_NAME,STAGE3B2,,
HSIC,HSIC,HENRY SCHEIN INC,MEDIUM,READY_STABLE_SEC_NPORT_NAME,0,1,Henry Schein Inc,0001000228,,RESOLVED_STAGE3B2_STABLE_NPORT_NAME,STAGE3B2,,
HSY,HSY,HERSHEY CO/THE,LOW,READY_STABLE_SEC_NPORT_NAME,0,1,Hershey Co/The,0000047111,,RESOLVED_STAGE3B2_STABLE_NPORT_NAME,STAGE3B2,,
HUBB,HUBB,Hubbell,HIGH,READY_STABLE_SEC_NPORT_NAME,0,1,Hubbell Inc,0000048898,,RESOLVED_STAGE3B2_STABLE_NPORT_NAME,STAGE3B2,,
HUM,HUM,HUMANA INC,HIGH,READY_STABLE_SEC_NPORT_NAME,0,1,Humana Inc,0000049071,,RESOLVED_STAGE3B2_STABLE_NPORT_NAME,STAGE3B2,,
HWM,HWM,HOWMET AEROSPACE INC,MEDIUM,READY_STABLE_SEC_NPORT_NAME,0,1,Howmet Aerospace Inc,0000004281,,RESOLVED_STAGE3B2_STABLE_NPORT_NAME,STAGE3B2,,
IBKR,IBKR,Interactive Brokers Group,LOW,READY_STABLE_SEC_NPORT_NAME,0,1,Interactive Brokers Group Inc,0001381197,,RESOLVED_STAGE3B2_STABLE_NPORT_NAME,STAGE3B2,,
IDXX,IDXX,IDEXX LABORATORIES INC,MEDIUM,READY_STABLE_SEC_NPORT_NAME,0,1,IDEXX Laboratories Inc,0000874716,,RESOLVED_STAGE3B2_STABLE_NPORT_NAME,STAGE3B2,,
IEX,IEX,IDEX CORP,HIGH,READY_STABLE_SEC_NPORT_NAME,0,1,IDEX Corp,0000832101,,RESOLVED_STAGE3B2_STABLE_NPORT_NAME,STAGE3B2,,
INCY,INCY,INCYTE CORP,HIGH,READY_STABLE_SEC_NPORT_NAME,0,1,Incyte Corp,0000879169,,RESOLVED_STAGE3B2_STABLE_NPORT_NAME,STAGE3B2,,
INTC,INTC,INTEL CORP,HIGH,READY_STABLE_SEC_NPORT_NAME,0,1,Intel Corp,0000050863,,RESOLVED_STAGE3B2_STABLE_NPORT_NAME,STAGE3B2,,
INVH,INVH,Invitation Homes,MEDIUM,READY_STABLE_SEC_NPORT_NAME,0,1,Invitation Homes Inc,,,RESOLVED_STAGE3B2_STABLE_NPORT_NAME,STAGE3B2,,
IP,IP,INTERNATIONAL PAPER CO,MEDIUM,READY_STABLE_SEC_NPORT_NAME,0,1,International Paper Co,,,RESOLVED_STAGE3B2_STABLE_NPORT_NAME,STAGE3B2,,
IQV,IQV,IQVIA HOLDINGS INC,HIGH,READY_STABLE_SEC_NPORT_NAME,0,1,IQVIA Holdings Inc,0001478242,,RESOLVED_STAGE3B2_STABLE_NPORT_NAME,STAGE3B2,,
IR,IR,INGERSOLL RAND INC,MEDIUM,READY_STABLE_SEC_NPORT_NAME,0,1,Ingersoll Rand Inc,0001699150,,RESOLVED_STAGE3B2_STABLE_NPORT_NAME,STAGE3B2,,
IRM,IRM,IRON MOUNTAIN INC,MEDIUM,READY_STABLE_SEC_NPORT_NAME,0,1,Iron Mountain Inc,0001020569,,RESOLVED_STAGE3B2_STABLE_NPORT_NAME,STAGE3B2,,
ISRG,ISRG,INTUITIVE SURGICAL INC,MEDIUM,READY_STABLE_SEC_NPORT_NAME,0,1,Intuitive Surgical Inc,0001035267,,RESOLVED_STAGE3B2_STABLE_NPORT_NAME,STAGE3B2,,
IT,IT,GARTNER INC,HIGH,READY_STABLE_SEC_NPORT_NAME,0,1,Gartner Inc,0000749251,,RESOLVED_STAGE3B2_STABLE_NPORT_NAME,STAGE3B2,,
ITW,ITW,ILLINOIS TOOL WORKS,LOW,READY_STABLE_SEC_NPORT_NAME,0,1,Illinois Tool Works Inc,0000049826,,RESOLVED_STAGE3B2_STABLE_NPORT_NAME,STAGE3B2,,
JBL,JBL,Jabil,HIGH,READY_STABLE_SEC_NPORT_NAME,0,1,Jabil Inc,0000898293,,RESOLVED_STAGE3B2_STABLE_NPORT_NAME,STAGE3B2,,
KDP,KDP,Keurig Dr Pepper,LOW,READY_STABLE_SEC_NPORT_NAME,0,1,Keurig Dr Pepper Inc,0001418135,,RESOLVED_STAGE3B2_STABLE_NPORT_NAME,STAGE3B2,,
KEY,KEY,KEYCORP,HIGH,READY_STABLE_SEC_NPORT_NAME,0,1,KeyCorp,,,RESOLVED_STAGE3B2_STABLE_NPORT_NAME,STAGE3B2,,
KHC,KHC,KRAFT HEINZ CO/THE,LOW,READY_STABLE_SEC_NPORT_NAME,0,1,Kraft Heinz Co/The,0001637459,,RESOLVED_STAGE3B2_STABLE_NPORT_NAME,STAGE3B2,,
KIM,KIM,KIMCO REALTY CORP,MEDIUM,READY_STABLE_SEC_NPORT_NAME,0,1,Kimco Realty Corp,0000879101,,RESOLVED_STAGE3B2_STABLE_NPORT_NAME,STAGE3B2,,
KKR,KKR,KKR & Co,HIGH,READY_STABLE_SEC_NPORT_NAME,0,1,KKR & Co Inc,0001404912,,RESOLVED_STAGE3B2_STABLE_NPORT_NAME,STAGE3B2,,
KLAC,KLAC,KLA CORP,HIGH,READY_STABLE_SEC_NPORT_NAME,0,1,KLA Corp,0000319201,,RESOLVED_STAGE3B2_STABLE_NPORT_NAME,STAGE3B2,,
KMB,KMB,KIMBERLY CLARK CORP,MEDIUM,READY_STABLE_SEC_NPORT_NAME,0,1,Kimberly-Clark Corp,0000055785,,RESOLVED_STAGE3B2_STABLE_NPORT_NAME,STAGE3B2,,
KMI,KMI,KINDER MORGAN INC,MEDIUM,READY_STABLE_SEC_NPORT_NAME,0,1,Kinder Morgan Inc,0001506307,,RESOLVED_STAGE3B2_STABLE_NPORT_NAME,STAGE3B2,,
KO,KO,COCA COLA CO/THE,LOW,READY_STABLE_SEC_NPORT_NAME,0,1,Coca-Cola Co/The,0000021344,,RESOLVED_STAGE3B2_STABLE_NPORT_NAME,STAGE3B2,,
KR,KR,KROGER CO,HIGH,READY_STABLE_SEC_NPORT_NAME,0,1,Kroger Co/The,0000056873,,RESOLVED_STAGE3B2_STABLE_NPORT_NAME,STAGE3B2,,
L,L,LOEWS CORP,HIGH,READY_STABLE_SEC_NPORT_NAME,0,1,Loews Corp,0000060086,,RESOLVED_STAGE3B2_STABLE_NPORT_NAME,STAGE3B2,,
LDOS,LDOS,LEIDOS HOLDINGS INC,HIGH,READY_STABLE_SEC_NPORT_NAME,0,1,Leidos Holdings Inc,0001336920,,RESOLVED_STAGE3B2_STABLE_NPORT_NAME,STAGE3B2,,
LHX,LHX,L3HARRIS TECHNOLOGIES INC,MEDIUM,READY_STABLE_SEC_NPORT_NAME,0,1,L3Harris Technologies Inc,0000202058,,RESOLVED_STAGE3B2_STABLE_NPORT_NAME,STAGE3B2,,
LII,LII,Lennox International,MEDIUM,READY_STABLE_SEC_NPORT_NAME,0,1,Lennox International Inc,0001069202,,RESOLVED_STAGE3B2_STABLE_NPORT_NAME,STAGE3B2,,
LIN,LIN,LINDE PLC,HIGH,READY_STABLE_SEC_NPORT_NAME,0,1,Linde PLC,0001707925,,RESOLVED_STAGE3B2_STABLE_NPORT_NAME,STAGE3B2,,
LOW,LOW,LOWE S COS INC,LOW,READY_STABLE_SEC_NPORT_NAME,0,1,Lowe's Cos Inc,0000060667,,RESOLVED_STAGE3B2_STABLE_NPORT_NAME,STAGE3B2,,
LRCX,LRCX,LAM RESEARCH CORP,MEDIUM,READY_STABLE_SEC_NPORT_NAME,0,1,Lam Research Corp,0000707549,,RESOLVED_STAGE3B2_STABLE_NPORT_NAME,STAGE3B2,,
LULU,LULU,Lululemon Athletica,MEDIUM,READY_STABLE_SEC_NPORT_NAME,0,1,Lululemon Athletica Inc,0001397187,,RESOLVED_STAGE3B2_STABLE_NPORT_NAME,STAGE3B2,,
LUV,LUV,SOUTHWEST AIRLINES CO,MEDIUM,READY_STABLE_SEC_NPORT_NAME,0,1,Southwest Airlines Co,0000092380,,RESOLVED_STAGE3B2_STABLE_NPORT_NAME,STAGE3B2,,
LVS,LVS,LAS VEGAS SANDS CORP,LOW,READY_STABLE_SEC_NPORT_NAME,0,1,Las Vegas Sands Corp,0001300514,,RESOLVED_STAGE3B2_STABLE_NPORT_NAME,STAGE3B2,,
LW,LW,Lamb Weston Holdings,MEDIUM,READY_STABLE_SEC_NPORT_NAME,0,1,Lamb Weston Holdings Inc,0001679273,,RESOLVED_STAGE3B2_STABLE_NPORT_NAME,STAGE3B2,,
MAS,MAS,MASCO CORP,HIGH,READY_STABLE_SEC_NPORT_NAME,0,1,Masco Corp,0000062996,,RESOLVED_STAGE3B2_STABLE_NPORT_NAME,STAGE3B2,,
MCD,MCD,MCDONALD S CORP,MEDIUM,READY_STABLE_SEC_NPORT_NAME,0,1,McDonald's Corp,0000063908,,RESOLVED_STAGE3B2_STABLE_NPORT_NAME,STAGE3B2,,
MCHP,MCHP,MICROCHIP TECHNOLOGY INC,MEDIUM,READY_STABLE_SEC_NPORT_NAME,0,1,Microchip Technology Inc,0000827054,,RESOLVED_STAGE3B2_STABLE_NPORT_NAME,STAGE3B2,,
MCK,MCK,MCKESSON CORP,HIGH,READY_STABLE_SEC_NPORT_NAME,0,1,McKesson Corp,0000927653,,RESOLVED_STAGE3B2_STABLE_NPORT_NAME,STAGE3B2,,
MCO,MCO,MOODY S CORP,HIGH,READY_STABLE_SEC_NPORT_NAME,0,1,Moody's Corp,0001059556,,RESOLVED_STAGE3B2_STABLE_NPORT_NAME,STAGE3B2,,
MDT,MDT,MEDTRONIC PLC,HIGH,READY_STABLE_SEC_NPORT_NAME,0,1,Medtronic PLC,0001613103,,RESOLVED_STAGE3B2_STABLE_NPORT_NAME,STAGE3B2,,
MET,MET,METLIFE INC,HIGH,READY_STABLE_SEC_NPORT_NAME,0,1,MetLife Inc,0001099219,,RESOLVED_STAGE3B2_STABLE_NPORT_NAME,STAGE3B2,,
MGM,MGM,MGM RESORTS INTERNATIONAL,LOW,READY_STABLE_SEC_NPORT_NAME,0,1,MGM Resorts International,0000789570,,RESOLVED_STAGE3B2_STABLE_NPORT_NAME,STAGE3B2,,
MLM,MLM,MARTIN MARIETTA MATERIALS,LOW,READY_STABLE_SEC_NPORT_NAME,0,1,Martin Marietta Materials Inc,0000916076,,RESOLVED_STAGE3B2_STABLE_NPORT_NAME,STAGE3B2,,
MMM,MMM,3M CO,HIGH,READY_STABLE_SEC_NPORT_NAME,0,1,3M Co,0000066740,,RESOLVED_STAGE3B2_STABLE_NPORT_NAME,STAGE3B2,,
MNST,MNST,MONSTER BEVERAGE CORP,MEDIUM,READY_STABLE_SEC_NPORT_NAME,0,1,Monster Beverage Corp,0000865752,,RESOLVED_STAGE3B2_STABLE_NPORT_NAME,STAGE3B2,,
MO,MO,ALTRIA GROUP INC,MEDIUM,READY_STABLE_SEC_NPORT_NAME,0,1,Altria Group Inc,0000764180,,RESOLVED_STAGE3B2_STABLE_NPORT_NAME,STAGE3B2,,
MOS,MOS,MOSAIC CO/THE,LOW,READY_STABLE_SEC_NPORT_NAME,0,1,Mosaic Co/The,0001285785,,RESOLVED_STAGE3B2_STABLE_NPORT_NAME,STAGE3B2,,
MPC,MPC,MARATHON PETROLEUM CORP,MEDIUM,READY_STABLE_SEC_NPORT_NAME,0,1,Marathon Petroleum Corp,0001510295,,RESOLVED_STAGE3B2_STABLE_NPORT_NAME,STAGE3B2,,
MRNA,MRNA,Moderna,HIGH,READY_STABLE_SEC_NPORT_NAME,0,1,Moderna Inc,0001682852,,RESOLVED_STAGE3B2_STABLE_NPORT_NAME,STAGE3B2,,
MSCI,MSCI,MSCI INC,HIGH,READY_STABLE_SEC_NPORT_NAME,0,1,MSCI Inc,0001408198,,RESOLVED_STAGE3B2_STABLE_NPORT_NAME,STAGE3B2,,
MSFT,MSFT,MICROSOFT CORP,HIGH,READY_STABLE_SEC_NPORT_NAME,0,1,Microsoft Corp,0000789019,,RESOLVED_STAGE3B2_STABLE_NPORT_NAME,STAGE3B2,,
MSI,MSI,MOTOROLA SOLUTIONS INC,MEDIUM,READY_STABLE_SEC_NPORT_NAME,0,1,Motorola Solutions Inc,0000068505,,RESOLVED_STAGE3B2_STABLE_NPORT_NAME,STAGE3B2,,
MTD,MTD,METTLER TOLEDO INTERNATIONAL,LOW,READY_STABLE_SEC_NPORT_NAME,0,1,Mettler-Toledo International Inc,0001037646,,RESOLVED_STAGE3B2_STABLE_NPORT_NAME,STAGE3B2,,
MU,MU,MICRON TECHNOLOGY INC,MEDIUM,READY_STABLE_SEC_NPORT_NAME,0,1,Micron Technology Inc,0000723125,,RESOLVED_STAGE3B2_STABLE_NPORT_NAME,STAGE3B2,,
NDAQ,NDAQ,NASDAQ INC,HIGH,READY_STABLE_SEC_NPORT_NAME,0,1,Nasdaq Inc,0001120193,,RESOLVED_STAGE3B2_STABLE_NPORT_NAME,STAGE3B2,,
NDSN,NDSN,Nordson,HIGH,READY_STABLE_SEC_NPORT_NAME,0,1,Nordson Corp,0000072331,,RESOLVED_STAGE3B2_STABLE_NPORT_NAME,STAGE3B2,,
NEE,NEE,NEXTERA ENERGY INC,MEDIUM,READY_STABLE_SEC_NPORT_NAME,0,1,NextEra Energy Inc,0000753308,,RESOLVED_STAGE3B2_STABLE_NPORT_NAME,STAGE3B2,,
NEM,NEM,NEWMONT CORP,HIGH,READY_STABLE_SEC_NPORT_NAME,0,1,Newmont Corp,0001164727,,RESOLVED_STAGE3B2_STABLE_NPORT_NAME,STAGE3B2,,
NFLX,NFLX,NETFLIX INC,HIGH,READY_STABLE_SEC_NPORT_NAME,0,1,Netflix Inc,0001065280,,RESOLVED_STAGE3B2_STABLE_NPORT_NAME,STAGE3B2,,
NI,NI,NISOURCE INC,HIGH,READY_STABLE_SEC_NPORT_NAME,0,1,NiSource Inc,0001111711,,RESOLVED_STAGE3B2_STABLE_NPORT_NAME,STAGE3B2,,
NKE,NKE,NIKE INC  CL B,LOW,READY_STABLE_SEC_NPORT_NAME,0,1,NIKE Inc,0000320187,,RESOLVED_STAGE3B2_STABLE_NPORT_NAME,STAGE3B2,,
NOC,NOC,NORTHROP GRUMMAN CORP,MEDIUM,READY_STABLE_SEC_NPORT_NAME,0,1,Northrop Grumman Corp,,,RESOLVED_STAGE3B2_STABLE_NPORT_NAME,STAGE3B2,,
NOW,NOW,SERVICENOW INC,HIGH,READY_STABLE_SEC_NPORT_NAME,0,1,ServiceNow Inc,0001373715,,RESOLVED_STAGE3B2_STABLE_NPORT_NAME,STAGE3B2,,
NSC,NSC,NORFOLK SOUTHERN CORP,MEDIUM,READY_STABLE_SEC_NPORT_NAME,0,1,Norfolk Southern Corp,0000702165,,RESOLVED_STAGE3B2_STABLE_NPORT_NAME,STAGE3B2,,
NTAP,NTAP,NETAPP INC,HIGH,READY_STABLE_SEC_NPORT_NAME,0,1,NetApp Inc,0001002047,,RESOLVED_STAGE3B2_STABLE_NPORT_NAME,STAGE3B2,,
NTRS,NTRS,NORTHERN TRUST CORP,MEDIUM,READY_STABLE_SEC_NPORT_NAME,0,1,Northern Trust Corp,0000073124,,RESOLVED_STAGE3B2_STABLE_NPORT_NAME,STAGE3B2,,
NUE,NUE,NUCOR CORP,HIGH,READY_STABLE_SEC_NPORT_NAME,0,1,Nucor Corp,0000073309,,RESOLVED_STAGE3B2_STABLE_NPORT_NAME,STAGE3B2,,
NVDA,NVDA,NVIDIA CORP,HIGH,READY_STABLE_SEC_NPORT_NAME,0,1,NVIDIA Corp,0001045810,,RESOLVED_STAGE3B2_STABLE_NPORT_NAME,STAGE3B2,,
NVR,NVR,NVR INC,HIGH,READY_STABLE_SEC_NPORT_NAME,0,1,NVR Inc,0000906163,,RESOLVED_STAGE3B2_STABLE_NPORT_NAME,STAGE3B2,,
NWS,NWS,NEWS CORP   CLASS B,LOW,READY_STABLE_SEC_NPORT_NAME,0,1,News Corp,0001564708,,RESOLVED_STAGE3B2_STABLE_NPORT_NAME,STAGE3B2,,
NWSA,NWSA,NEWS CORP   CLASS A,LOW,READY_STABLE_SEC_NPORT_NAME,0,1,News Corp,0001564708,,RESOLVED_STAGE3B2_STABLE_NPORT_NAME,STAGE3B2,,
O,O,REALTY INCOME CORP,MEDIUM,READY_STABLE_SEC_NPORT_NAME,0,1,Realty Income Corp,0000726728,,RESOLVED_STAGE3B2_STABLE_NPORT_NAME,STAGE3B2,,
ODFL,ODFL,OLD DOMINION FREIGHT LINE,LOW,READY_STABLE_SEC_NPORT_NAME,0,1,Old Dominion Freight Line Inc,0000878927,,RESOLVED_STAGE3B2_STABLE_NPORT_NAME,STAGE3B2,,
OKE,OKE,ONEOK INC,HIGH,READY_STABLE_SEC_NPORT_NAME,0,1,ONEOK Inc,,,RESOLVED_STAGE3B2_STABLE_NPORT_NAME,STAGE3B2,,
OMC,OMC,OMNICOM GROUP,MEDIUM,READY_STABLE_SEC_NPORT_NAME,0,1,Omnicom Group Inc,0000029989,,RESOLVED_STAGE3B2_STABLE_NPORT_NAME,STAGE3B2,,
ON,ON,ON Semiconductor,MEDIUM,READY_STABLE_SEC_NPORT_NAME,0,1,ON Semiconductor Corp,0001097864,,RESOLVED_STAGE3B2_STABLE_NPORT_NAME,STAGE3B2,,
ORCL,ORCL,ORACLE CORP,HIGH,READY_STABLE_SEC_NPORT_NAME,0,1,Oracle Corp,0001341439,,RESOLVED_STAGE3B2_STABLE_NPORT_NAME,STAGE3B2,,
ORLY,ORLY,O REILLY AUTOMOTIVE INC,LOW,READY_STABLE_SEC_NPORT_NAME,0,1,O'Reilly Automotive Inc,0000898173,,RESOLVED_STAGE3B2_STABLE_NPORT_NAME,STAGE3B2,,
OTIS,OTIS,OTIS WORLDWIDE CORP,MEDIUM,READY_STABLE_SEC_NPORT_NAME,0,1,Otis Worldwide Corp,0001781335,,RESOLVED_STAGE3B2_STABLE_NPORT_NAME,STAGE3B2,,
OXY,OXY,OCCIDENTAL PETROLEUM CORP,MEDIUM,READY_STABLE_SEC_NPORT_NAME,0,1,Occidental Petroleum Corp,0000797468,,RESOLVED_STAGE3B2_STABLE_NPORT_NAME,STAGE3B2,,
PAYC,PAYC,Paycom Software,MEDIUM,READY_STABLE_SEC_NPORT_NAME,0,1,Paycom Software Inc,0001590955,,RESOLVED_STAGE3B2_STABLE_NPORT_NAME,STAGE3B2,,
PAYX,PAYX,PAYCHEX INC,HIGH,READY_STABLE_SEC_NPORT_NAME,0,1,Paychex Inc,0000723531,,RESOLVED_STAGE3B2_STABLE_NPORT_NAME,STAGE3B2,,
PCAR,PCAR,PACCAR INC,HIGH,READY_STABLE_SEC_NPORT_NAME,0,1,PACCAR Inc,0000075362,,RESOLVED_STAGE3B2_STABLE_NPORT_NAME,STAGE3B2,,
PEP,PEP,PEPSICO INC,HIGH,READY_STABLE_SEC_NPORT_NAME,0,1,PepsiCo Inc,0000077476,,RESOLVED_STAGE3B2_STABLE_NPORT_NAME,STAGE3B2,,
PFG,PFG,PRINCIPAL FINANCIAL GROUP,LOW,READY_STABLE_SEC_NPORT_NAME,0,1,Principal Financial Group Inc,0001126328,,RESOLVED_STAGE3B2_STABLE_NPORT_NAME,STAGE3B2,,
PGR,PGR,PROGRESSIVE CORP,HIGH,READY_STABLE_SEC_NPORT_NAME,0,1,Progressive Corp/The,0000080661,,RESOLVED_STAGE3B2_STABLE_NPORT_NAME,STAGE3B2,,
PHM,PHM,PULTEGROUP INC,HIGH,READY_STABLE_SEC_NPORT_NAME,0,1,PulteGroup Inc,0000822416,,RESOLVED_STAGE3B2_STABLE_NPORT_NAME,STAGE3B2,,
PKG,PKG,PACKAGING CORP OF AMERICA,LOW,READY_STABLE_SEC_NPORT_NAME,0,1,Packaging Corp of America,0000075677,,RESOLVED_STAGE3B2_STABLE_NPORT_NAME,STAGE3B2,,
PLD,PLD,PROLOGIS INC,HIGH,READY_STABLE_SEC_NPORT_NAME,0,1,Prologis Inc,0001045609,,RESOLVED_STAGE3B2_STABLE_NPORT_NAME,STAGE3B2,,
PLTR,PLTR,Palantir Technologies,MEDIUM,READY_STABLE_SEC_NPORT_NAME,0,1,Palantir Technologies Inc,0001321655,,RESOLVED_STAGE3B2_STABLE_NPORT_NAME,STAGE3B2,,
PM,PM,PHILIP MORRIS INTERNATIONAL,LOW,READY_STABLE_SEC_NPORT_NAME,0,1,Philip Morris International Inc,0001413329,,RESOLVED_STAGE3B2_STABLE_NPORT_NAME,STAGE3B2,,
PNC,PNC,PNC FINANCIAL SERVICES GROUP,LOW,READY_STABLE_SEC_NPORT_NAME,0,1,PNC Financial Services Group Inc/The,0000713676,,RESOLVED_STAGE3B2_STABLE_NPORT_NAME,STAGE3B2,,
PNR,PNR,PENTAIR PLC,HIGH,READY_STABLE_SEC_NPORT_NAME,0,1,Pentair PLC,0000077360,,RESOLVED_STAGE3B2_STABLE_NPORT_NAME,STAGE3B2,,
PNW,PNW,PINNACLE WEST CAPITAL,LOW,READY_STABLE_SEC_NPORT_NAME,0,1,Pinnacle West Capital Corp,0000764622,,RESOLVED_STAGE3B2_STABLE_NPORT_NAME,STAGE3B2,,
PODD,PODD,Insulet,HIGH,READY_STABLE_SEC_NPORT_NAME,0,1,Insulet Corp,0001145197,,RESOLVED_STAGE3B2_STABLE_NPORT_NAME,STAGE3B2,,
POOL,POOL,Pool Corp,HIGH,READY_STABLE_SEC_NPORT_NAME,0,1,Pool Corp,0000945841,,RESOLVED_STAGE3B2_STABLE_NPORT_NAME,STAGE3B2,,
PPG,PPG,PPG INDUSTRIES INC,MEDIUM,READY_STABLE_SEC_NPORT_NAME,0,1,PPG Industries Inc,0000079879,,RESOLVED_STAGE3B2_STABLE_NPORT_NAME,STAGE3B2,,
PPL,PPL,PPL CORP,HIGH,READY_STABLE_SEC_NPORT_NAME,0,1,PPL Corp,0000922224,,RESOLVED_STAGE3B2_STABLE_NPORT_NAME,STAGE3B2,,
PRU,PRU,PRUDENTIAL FINANCIAL INC,MEDIUM,READY_STABLE_SEC_NPORT_NAME,0,1,Prudential Financial Inc,0001137774,,RESOLVED_STAGE3B2_STABLE_NPORT_NAME,STAGE3B2,,
PSA,PSA,PUBLIC STORAGE,MEDIUM,READY_STABLE_SEC_NPORT_NAME,0,1,Public Storage,0001393311,,RESOLVED_STAGE3B2_STABLE_NPORT_NAME,STAGE3B2,,
PSX,PSX,PHILLIPS 66,MEDIUM,READY_STABLE_SEC_NPORT_NAME,0,1,Phillips 66,0001534701,,RESOLVED_STAGE3B2_STABLE_NPORT_NAME,STAGE3B2,,
PTC,PTC,PTC,HIGH,READY_STABLE_SEC_NPORT_NAME,0,1,PTC Inc,0000857005,,RESOLVED_STAGE3B2_STABLE_NPORT_NAME,STAGE3B2,,
PWR,PWR,QUANTA SERVICES INC,MEDIUM,READY_STABLE_SEC_NPORT_NAME,0,1,Quanta Services Inc,0001050915,,RESOLVED_STAGE3B2_STABLE_NPORT_NAME,STAGE3B2,,
PYPL,PYPL,PAYPAL HOLDINGS INC,HIGH,READY_STABLE_SEC_NPORT_NAME,0,1,PayPal Holdings Inc,0001633917,,RESOLVED_STAGE3B2_STABLE_NPORT_NAME,STAGE3B2,,
QCOM,QCOM,QUALCOMM INC,HIGH,READY_STABLE_SEC_NPORT_NAME,0,1,QUALCOMM Inc,0000804328,,RESOLVED_STAGE3B2_STABLE_NPORT_NAME,STAGE3B2,,
RCL,RCL,ROYAL CARIBBEAN CRUISES LTD,LOW,READY_STABLE_SEC_NPORT_NAME,0,1,Royal Caribbean Cruises Ltd,0000884887,,RESOLVED_STAGE3B2_STABLE_NPORT_NAME,STAGE3B2,,
REG,REG,REGENCY CENTERS CORP,MEDIUM,READY_STABLE_SEC_NPORT_NAME,0,1,Regency Centers Corp,0000910606,,RESOLVED_STAGE3B2_STABLE_NPORT_NAME,STAGE3B2,,
REGN,REGN,REGENERON PHARMACEUTICALS,MEDIUM,READY_STABLE_SEC_NPORT_NAME,0,1,Regeneron Pharmaceuticals Inc,0000872589,,RESOLVED_STAGE3B2_STABLE_NPORT_NAME,STAGE3B2,,
RF,RF,REGIONS FINANCIAL CORP,MEDIUM,READY_STABLE_SEC_NPORT_NAME,0,1,Regions Financial Corp,0001281761,,RESOLVED_STAGE3B2_STABLE_NPORT_NAME,STAGE3B2,,
RJF,RJF,RAYMOND JAMES FINANCIAL INC,LOW,READY_STABLE_SEC_NPORT_NAME,0,1,Raymond James Financial Inc,0000720005,,RESOLVED_STAGE3B2_STABLE_NPORT_NAME,STAGE3B2,,
RL,RL,RALPH LAUREN CORP,MEDIUM,READY_STABLE_SEC_NPORT_NAME,0,1,Ralph Lauren Corp,0001037038,,RESOLVED_STAGE3B2_STABLE_NPORT_NAME,STAGE3B2,,
RMD,RMD,RESMED INC,HIGH,READY_STABLE_SEC_NPORT_NAME,0,1,ResMed Inc,0000943819,,RESOLVED_STAGE3B2_STABLE_NPORT_NAME,STAGE3B2,,
ROK,ROK,ROCKWELL AUTOMATION INC,MEDIUM,READY_STABLE_SEC_NPORT_NAME,0,1,Rockwell Automation Inc,0001024478,,RESOLVED_STAGE3B2_STABLE_NPORT_NAME,STAGE3B2,,
ROL,ROL,ROLLINS INC,HIGH,READY_STABLE_SEC_NPORT_NAME,0,1,Rollins Inc,0000084839,,RESOLVED_STAGE3B2_STABLE_NPORT_NAME,STAGE3B2,,
ROST,ROST,ROSS STORES INC,MEDIUM,READY_STABLE_SEC_NPORT_NAME,0,1,Ross Stores Inc,0000745732,,RESOLVED_STAGE3B2_STABLE_NPORT_NAME,STAGE3B2,,
RSG,RSG,REPUBLIC SERVICES INC,MEDIUM,READY_STABLE_SEC_NPORT_NAME,0,1,Republic Services Inc,0001060391,,RESOLVED_STAGE3B2_STABLE_NPORT_NAME,STAGE3B2,,
SBAC,SBAC,SBA COMMUNICATIONS CORP,MEDIUM,READY_STABLE_SEC_NPORT_NAME,0,1,SBA Communications Corp,0001034054,,RESOLVED_STAGE3B2_STABLE_NPORT_NAME,STAGE3B2,,
SBUX,SBUX,STARBUCKS CORP,HIGH,READY_STABLE_SEC_NPORT_NAME,0,1,Starbucks Corp,0000829224,,RESOLVED_STAGE3B2_STABLE_NPORT_NAME,STAGE3B2,,
SHW,SHW,SHERWIN WILLIAMS CO/THE,LOW,READY_STABLE_SEC_NPORT_NAME,0,1,Sherwin-Williams Co/The,0000089800,,RESOLVED_STAGE3B2_STABLE_NPORT_NAME,STAGE3B2,,
SMCI,SMCI,Super Micro Computer,LOW,READY_STABLE_SEC_NPORT_NAME,0,1,Super Micro Computer Inc,0001375365,,RESOLVED_STAGE3B2_STABLE_NPORT_NAME,STAGE3B2,,
SNA,SNA,SNAP ON INC,HIGH,READY_STABLE_SEC_NPORT_NAME,0,1,Snap-on Inc,0000091440,,RESOLVED_STAGE3B2_STABLE_NPORT_NAME,STAGE3B2,,
SNPS,SNPS,SYNOPSYS INC,HIGH,READY_STABLE_SEC_NPORT_NAME,0,1,Synopsys Inc,0000883241,,RESOLVED_STAGE3B2_STABLE_NPORT_NAME,STAGE3B2,,
STE,STE,STERIS PLC,HIGH,READY_STABLE_SEC_NPORT_NAME,0,1,STERIS PLC,0001757898,,RESOLVED_STAGE3B2_STABLE_NPORT_NAME,STAGE3B2,,
SWKS,SWKS,SKYWORKS SOLUTIONS INC,MEDIUM,READY_STABLE_SEC_NPORT_NAME,0,1,Skyworks Solutions Inc,0000004127,,RESOLVED_STAGE3B2_STABLE_NPORT_NAME,STAGE3B2,,
SYK,SYK,STRYKER CORP,HIGH,READY_STABLE_SEC_NPORT_NAME,0,1,Stryker Corp,0000310764,,RESOLVED_STAGE3B2_STABLE_NPORT_NAME,STAGE3B2,,
SYY,SYY,SYSCO CORP,HIGH,READY_STABLE_SEC_NPORT_NAME,0,1,Sysco Corp,0000096021,,RESOLVED_STAGE3B2_STABLE_NPORT_NAME,STAGE3B2,,
TDG,TDG,TRANSDIGM GROUP INC,MEDIUM,READY_STABLE_SEC_NPORT_NAME,0,1,TransDigm Group Inc,0001260221,,RESOLVED_STAGE3B2_STABLE_NPORT_NAME,STAGE3B2,,
TDY,TDY,TELEDYNE TECHNOLOGIES INC,MEDIUM,READY_STABLE_SEC_NPORT_NAME,0,1,Teledyne Technologies Inc,0001094285,,RESOLVED_STAGE3B2_STABLE_NPORT_NAME,STAGE3B2,,
TECH,TECH,Bio-Techne,MEDIUM,READY_STABLE_SEC_NPORT_NAME,0,1,Bio-Techne Corp,0000842023,,RESOLVED_STAGE3B2_STABLE_NPORT_NAME,STAGE3B2,,
TER,TER,TERADYNE INC,HIGH,READY_STABLE_SEC_NPORT_NAME,0,1,Teradyne Inc,0000097210,,RESOLVED_STAGE3B2_STABLE_NPORT_NAME,STAGE3B2,,
TFC,TFC,TRUIST FINANCIAL CORP,MEDIUM,READY_STABLE_SEC_NPORT_NAME,0,1,Truist Financial Corp,0000092230,,RESOLVED_STAGE3B2_STABLE_NPORT_NAME,STAGE3B2,,
TGT,TGT,TARGET CORP,HIGH,READY_STABLE_SEC_NPORT_NAME,0,1,Target Corp,0000027419,,RESOLVED_STAGE3B2_STABLE_NPORT_NAME,STAGE3B2,,
TMO,TMO,THERMO FISHER SCIENTIFIC INC,LOW,READY_STABLE_SEC_NPORT_NAME,0,1,Thermo Fisher Scientific Inc,0000097745,,RESOLVED_STAGE3B2_STABLE_NPORT_NAME,STAGE3B2,,
TMUS,TMUS,T MOBILE US INC,LOW,READY_STABLE_SEC_NPORT_NAME,0,1,T-Mobile US Inc,0001283699,,RESOLVED_STAGE3B2_STABLE_NPORT_NAME,STAGE3B2,,
TPL,TPL,Texas Pacific Land,LOW,READY_STABLE_SEC_NPORT_NAME,0,1,Texas Pacific Land Corp,0001811074,,RESOLVED_STAGE3B2_STABLE_NPORT_NAME,STAGE3B2,,
TPR,TPR,TAPESTRY INC,HIGH,READY_STABLE_SEC_NPORT_NAME,0,1,Tapestry Inc,0001116132,,RESOLVED_STAGE3B2_STABLE_NPORT_NAME,STAGE3B2,,
TRMB,TRMB,Trimble,HIGH,READY_STABLE_SEC_NPORT_NAME,0,1,Trimble Inc,0000864749,,RESOLVED_STAGE3B2_STABLE_NPORT_NAME,STAGE3B2,,
TROW,TROW,T ROWE PRICE GROUP INC,LOW,READY_STABLE_SEC_NPORT_NAME,0,1,T Rowe Price Group Inc,,,RESOLVED_STAGE3B2_STABLE_NPORT_NAME,STAGE3B2,,
TRV,TRV,TRAVELERS COS INC/THE,LOW,READY_STABLE_SEC_NPORT_NAME,0,1,Travelers Cos Inc/The,0000086312,,RESOLVED_STAGE3B2_STABLE_NPORT_NAME,STAGE3B2,,
TSCO,TSCO,TRACTOR SUPPLY COMPANY,MEDIUM,READY_STABLE_SEC_NPORT_NAME,0,1,Tractor Supply Co,0000916365,,RESOLVED_STAGE3B2_STABLE_NPORT_NAME,STAGE3B2,,
TSLA,TSLA,TESLA INC,HIGH,READY_STABLE_SEC_NPORT_NAME,0,1,Tesla Inc,0001318605,,RESOLVED_STAGE3B2_STABLE_NPORT_NAME,STAGE3B2,,
TSN,TSN,TYSON FOODS INC CL A,LOW,READY_STABLE_SEC_NPORT_NAME,0,1,Tyson Foods Inc,0000100493,,RESOLVED_STAGE3B2_STABLE_NPORT_NAME,STAGE3B2,,
TT,TT,TRANE TECHNOLOGIES PLC,MEDIUM,READY_STABLE_SEC_NPORT_NAME,0,1,Trane Technologies PLC,0001466258,,RESOLVED_STAGE3B2_STABLE_NPORT_NAME,STAGE3B2,,
TTD,TTD,The Trade Desk,LOW,READY_STABLE_SEC_NPORT_NAME,0,1,Trade Desk Inc/The,0001671933,,RESOLVED_STAGE3B2_STABLE_NPORT_NAME,STAGE3B2,,
TXN,TXN,TEXAS INSTRUMENTS INC,MEDIUM,READY_STABLE_SEC_NPORT_NAME,0,1,Texas Instruments Inc,0000097476,,RESOLVED_STAGE3B2_STABLE_NPORT_NAME,STAGE3B2,,
TXT,TXT,TEXTRON INC,HIGH,READY_STABLE_SEC_NPORT_NAME,0,1,Textron Inc,0000217346,,RESOLVED_STAGE3B2_STABLE_NPORT_NAME,STAGE3B2,,
TYL,TYL,TYLER TECHNOLOGIES INC,MEDIUM,READY_STABLE_SEC_NPORT_NAME,0,1,Tyler Technologies Inc,0000860731,,RESOLVED_STAGE3B2_STABLE_NPORT_NAME,STAGE3B2,,
UAL,UAL,UNITED AIRLINES HOLDINGS INC,MEDIUM,READY_STABLE_SEC_NPORT_NAME,0,1,United Airlines Holdings Inc,0000100517,,RESOLVED_STAGE3B2_STABLE_NPORT_NAME,STAGE3B2,,
UBER,UBER,Uber Technologies,MEDIUM,READY_STABLE_SEC_NPORT_NAME,0,1,Uber Technologies Inc,0001543151,,RESOLVED_STAGE3B2_STABLE_NPORT_NAME,STAGE3B2,,
UDR,UDR,UDR INC,HIGH,READY_STABLE_SEC_NPORT_NAME,0,1,UDR Inc,0000074208,,RESOLVED_STAGE3B2_STABLE_NPORT_NAME,STAGE3B2,,
ULTA,ULTA,ULTA BEAUTY INC,MEDIUM,READY_STABLE_SEC_NPORT_NAME,0,1,Ulta Beauty Inc,0001403568,,RESOLVED_STAGE3B2_STABLE_NPORT_NAME,STAGE3B2,,
UNH,UNH,UNITEDHEALTH GROUP INC,MEDIUM,READY_STABLE_SEC_NPORT_NAME,0,1,UnitedHealth Group Inc,0000731766,,RESOLVED_STAGE3B2_STABLE_NPORT_NAME,STAGE3B2,,
UNP,UNP,UNION PACIFIC CORP,MEDIUM,READY_STABLE_SEC_NPORT_NAME,0,1,Union Pacific Corp,0000100885,,RESOLVED_STAGE3B2_STABLE_NPORT_NAME,STAGE3B2,,
UPS,UPS,UNITED PARCEL SERVICE CL B,LOW,READY_STABLE_SEC_NPORT_NAME,0,1,United Parcel Service Inc,0001090727,,RESOLVED_STAGE3B2_STABLE_NPORT_NAME,STAGE3B2,,
URI,URI,UNITED RENTALS INC,MEDIUM,READY_STABLE_SEC_NPORT_NAME,0,1,United Rentals Inc,0001067701,,RESOLVED_STAGE3B2_STABLE_NPORT_NAME,STAGE3B2,,
USB,USB,US BANCORP,MEDIUM,READY_STABLE_SEC_NPORT_NAME,0,1,US Bancorp,0000036104,,RESOLVED_STAGE3B2_STABLE_NPORT_NAME,STAGE3B2,,
VICI,VICI,VICI Properties,MEDIUM,READY_STABLE_SEC_NPORT_NAME,0,1,VICI Properties Inc,0001705696,,RESOLVED_STAGE3B2_STABLE_NPORT_NAME,STAGE3B2,,
VLO,VLO,VALERO ENERGY CORP,MEDIUM,READY_STABLE_SEC_NPORT_NAME,0,1,Valero Energy Corp,,,RESOLVED_STAGE3B2_STABLE_NPORT_NAME,STAGE3B2,,
VLTO,VLTO,Veralto,HIGH,READY_STABLE_SEC_NPORT_NAME,0,1,Veralto Corp,0001967680,,RESOLVED_STAGE3B2_STABLE_NPORT_NAME,STAGE3B2,,
VMC,VMC,VULCAN MATERIALS CO,MEDIUM,READY_STABLE_SEC_NPORT_NAME,0,1,Vulcan Materials Co,0001396009,,RESOLVED_STAGE3B2_STABLE_NPORT_NAME,STAGE3B2,,
VRSK,VRSK,VERISK ANALYTICS INC,MEDIUM,READY_STABLE_SEC_NPORT_NAME,0,1,Verisk Analytics Inc,0001442145,,RESOLVED_STAGE3B2_STABLE_NPORT_NAME,STAGE3B2,,
VRSN,VRSN,VERISIGN INC,HIGH,READY_STABLE_SEC_NPORT_NAME,0,1,VeriSign Inc,0001014473,,RESOLVED_STAGE3B2_STABLE_NPORT_NAME,STAGE3B2,,
VRTX,VRTX,VERTEX PHARMACEUTICALS INC,MEDIUM,READY_STABLE_SEC_NPORT_NAME,0,1,Vertex Pharmaceuticals Inc,0000875320,,RESOLVED_STAGE3B2_STABLE_NPORT_NAME,STAGE3B2,,
VST,VST,Vistra,HIGH,READY_STABLE_SEC_NPORT_NAME,0,1,Vistra Corp,0001692819,,RESOLVED_STAGE3B2_STABLE_NPORT_NAME,STAGE3B2,,
VTR,VTR,VENTAS INC,HIGH,READY_STABLE_SEC_NPORT_NAME,0,1,Ventas Inc,0000740260,,RESOLVED_STAGE3B2_STABLE_NPORT_NAME,STAGE3B2,,
VTRS,VTRS,VIATRIS INC,HIGH,READY_STABLE_SEC_NPORT_NAME,0,1,Viatris Inc,0001792044,,RESOLVED_STAGE3B2_STABLE_NPORT_NAME,STAGE3B2,,
VZ,VZ,VERIZON COMMUNICATIONS INC,MEDIUM,READY_STABLE_SEC_NPORT_NAME,0,1,Verizon Communications Inc,0000732712,,RESOLVED_STAGE3B2_STABLE_NPORT_NAME,STAGE3B2,,
WAT,WAT,WATERS CORP,HIGH,READY_STABLE_SEC_NPORT_NAME,0,1,Waters Corp,,,RESOLVED_STAGE3B2_STABLE_NPORT_NAME,STAGE3B2,,
WDAY,WDAY,Workday,HIGH,READY_STABLE_SEC_NPORT_NAME,0,1,Workday Inc,0001327811,,RESOLVED_STAGE3B2_STABLE_NPORT_NAME,STAGE3B2,,
WDC,WDC,WESTERN DIGITAL CORP,MEDIUM,READY_STABLE_SEC_NPORT_NAME,0,1,Western Digital Corp,0000106040,,RESOLVED_STAGE3B2_STABLE_NPORT_NAME,STAGE3B2,,
WEC,WEC,WEC ENERGY GROUP INC,LOW,READY_STABLE_SEC_NPORT_NAME,0,1,WEC Energy Group Inc,0000783325,,RESOLVED_STAGE3B2_STABLE_NPORT_NAME,STAGE3B2,,
WELL,WELL,WELLTOWER INC,HIGH,READY_STABLE_SEC_NPORT_NAME,0,1,Welltower Inc,0000766704,,RESOLVED_STAGE3B2_STABLE_NPORT_NAME,STAGE3B2,,
WM,WM,WASTE MANAGEMENT INC,MEDIUM,READY_STABLE_SEC_NPORT_NAME,0,1,Waste Management Inc,0000823768,,RESOLVED_STAGE3B2_STABLE_NPORT_NAME,STAGE3B2,,
WMB,WMB,WILLIAMS COS INC,MEDIUM,READY_STABLE_SEC_NPORT_NAME,0,1,Williams Cos Inc/The,,,RESOLVED_STAGE3B2_STABLE_NPORT_NAME,STAGE3B2,,
WSM,WSM,Williams-Sonoma,MEDIUM,READY_STABLE_SEC_NPORT_NAME,0,1,Williams-Sonoma Inc,0000719955,,RESOLVED_STAGE3B2_STABLE_NPORT_NAME,STAGE3B2,,
WST,WST,WEST PHARMACEUTICAL SERVICES,LOW,READY_STABLE_SEC_NPORT_NAME,0,1,West Pharmaceutical Services Inc,0000105770,,RESOLVED_STAGE3B2_STABLE_NPORT_NAME,STAGE3B2,,
WTW,WTW,WILLIS TOWERS WATSON PLC,LOW,READY_STABLE_SEC_NPORT_NAME,0,1,Willis Towers Watson PLC,0001140536,,RESOLVED_STAGE3B2_STABLE_NPORT_NAME,STAGE3B2,,
WY,WY,WEYERHAEUSER CO,HIGH,READY_STABLE_SEC_NPORT_NAME,0,1,Weyerhaeuser Co,0000106535,,RESOLVED_STAGE3B2_STABLE_NPORT_NAME,STAGE3B2,,
WYNN,WYNN,WYNN RESORTS LTD,MEDIUM,READY_STABLE_SEC_NPORT_NAME,0,1,Wynn Resorts Ltd,0001174922,,RESOLVED_STAGE3B2_STABLE_NPORT_NAME,STAGE3B2,,
XEL,XEL,XCEL ENERGY INC,MEDIUM,READY_STABLE_SEC_NPORT_NAME,0,1,Xcel Energy Inc,0000072903,,RESOLVED_STAGE3B2_STABLE_NPORT_NAME,STAGE3B2,,
YUM,YUM,YUM  BRANDS INC,MEDIUM,READY_STABLE_SEC_NPORT_NAME,0,1,Yum! Brands Inc,0001041061,,RESOLVED_STAGE3B2_STABLE_NPORT_NAME,STAGE3B2,,
ZBH,ZBH,ZIMMER BIOMET HOLDINGS INC,MEDIUM,READY_STABLE_SEC_NPORT_NAME,0,1,Zimmer Biomet Holdings Inc,0001136869,,RESOLVED_STAGE3B2_STABLE_NPORT_NAME,STAGE3B2,,
ZBRA,ZBRA,ZEBRA TECHNOLOGIES CORP CL A,LOW,READY_STABLE_SEC_NPORT_NAME,0,1,Zebra Technologies Corp,0000877212,,RESOLVED_STAGE3B2_STABLE_NPORT_NAME,STAGE3B2,,
ZTS,ZTS,ZOETIS INC,HIGH,READY_STABLE_SEC_NPORT_NAME,0,1,Zoetis Inc,0001555280,,RESOLVED_STAGE3B2_STABLE_NPORT_NAME,STAGE3B2,,
DAY,DAY,Ceridian HCM Holding,MEDIUM,REVIEW_MULTIPLE_SEC_NPORT_NAMES,1,2,Ceridian HCM Holding Inc|Dayforce Inc,,STAGE3C_AUTO_EXACT_TRANSITION,RESOLVED_STAGE3C_EXACT_ALIAS_EVENT,STAGE3C,REVIEW_MULTIPLE_SEC_NPORT_NAMES,1
BXP,BXP,BXP INC,HIGH,REVIEW_MULTIPLE_SEC_NPORT_NAMES,1,2,BXP Inc|Boston Properties Inc,0001037540,STAGE3D_AUTHORITATIVE_TRANSITION,RESOLVED_STAGE3D_TRANSITION_EVIDENCE,STAGE3D,REVIEW_MULTIPLE_SEC_NPORT_NAMES,1
CCI,CCI,CROWN CASTLE INC,MEDIUM,REVIEW_MULTIPLE_SEC_NPORT_NAMES,1,2,Crown Castle Inc|Crown Castle International Corp,0001051470,STAGE3D_AUTHORITATIVE_TRANSITION,RESOLVED_STAGE3D_TRANSITION_EVIDENCE,STAGE3D,REVIEW_MULTIPLE_SEC_NPORT_NAMES,1
CI,CI,THE CIGNA GROUP,LOW,REVIEW_MULTIPLE_SEC_NPORT_NAMES,1,2,Cigna Corp|Cigna Group/The,0001739940,STAGE3D_AUTHORITATIVE_TRANSITION,RESOLVED_STAGE3D_TRANSITION_EVIDENCE,STAGE3D,REVIEW_MULTIPLE_SEC_NPORT_NAMES,1
COR,COR,CENCORA INC,HIGH,REVIEW_MULTIPLE_SEC_NPORT_NAMES,1,2,AmerisourceBergen Corp|Cencora Inc,0001140859,STAGE3D_AUTHORITATIVE_TRANSITION,RESOLVED_STAGE3D_TRANSITION_EVIDENCE,STAGE3D,REVIEW_MULTIPLE_SEC_NPORT_NAMES,1
CPAY,CPAY,CORPAY INC,HIGH,REVIEW_MULTIPLE_SEC_NPORT_NAMES,1,2,Corpay Inc|FleetCor Technologies Inc,0001175454,STAGE3D_AUTHORITATIVE_TRANSITION,RESOLVED_STAGE3D_TRANSITION_EVIDENCE,STAGE3D,REVIEW_MULTIPLE_SEC_NPORT_NAMES,1
CPB,CPB,The Campbell's Company,LOW,REVIEW_MULTIPLE_SEC_NPORT_NAMES,1,2,Campbell Soup Co|Campbell's Company/The|The Campbell's Company,0000016732,STAGE3D_AUTHORITATIVE_TRANSITION,RESOLVED_STAGE3D_TRANSITION_EVIDENCE,STAGE3D,REVIEW_MULTIPLE_SEC_NPORT_NAMES,1
CRM,CRM,SALESFORCE INC,HIGH,REVIEW_MULTIPLE_SEC_NPORT_NAMES,1,2,Salesforce Inc|salesforce.com Inc,0001108524,STAGE3D_AUTHORITATIVE_TRANSITION,RESOLVED_STAGE3D_TRANSITION_EVIDENCE,STAGE3D,REVIEW_MULTIPLE_SEC_NPORT_NAMES,1
CSCO,CSCO,CISCO SYSTEMS INC,MEDIUM,REVIEW_MULTIPLE_SEC_NPORT_NAMES,1,2,Cisco Systems Inc|Cisco Systems Inc/Delaware,0000858877,STAGE3D_AUTHORITATIVE_TRANSITION,RESOLVED_STAGE3D_TRANSITION_EVIDENCE,STAGE3D,REVIEW_MULTIPLE_SEC_NPORT_NAMES,1
CTRA,CTRA,Coterra Energy,MEDIUM,REVIEW_MULTIPLE_SEC_NPORT_NAMES,1,2,Cabot Oil & Gas Corp|Coterra Energy Inc,,STAGE3D_AUTHORITATIVE_TRANSITION,RESOLVED_STAGE3D_TRANSITION_EVIDENCE,STAGE3D,REVIEW_MULTIPLE_SEC_NPORT_NAMES,1
EG,EG,EVEREST GROUP LTD,MEDIUM,REVIEW_MULTIPLE_SEC_NPORT_NAMES,1,2,Everest Group Ltd|Everest Re Group Ltd,0001095073,STAGE3D_AUTHORITATIVE_TRANSITION,RESOLVED_STAGE3D_TRANSITION_EVIDENCE,STAGE3D,REVIEW_MULTIPLE_SEC_NPORT_NAMES,1
ELV,ELV,ELEVANCE HEALTH INC,MEDIUM,REVIEW_MULTIPLE_SEC_NPORT_NAMES,1,2,Anthem Inc|Elevance Health Inc,0001156039,STAGE3D_AUTHORITATIVE_TRANSITION,RESOLVED_STAGE3D_TRANSITION_EVIDENCE,STAGE3D,REVIEW_MULTIPLE_SEC_NPORT_NAMES,1
FFIV,FFIV,F5 INC,HIGH,REVIEW_MULTIPLE_SEC_NPORT_NAMES,1,2,F5 Inc|F5 Networks Inc,0001048695,STAGE3D_AUTHORITATIVE_TRANSITION,RESOLVED_STAGE3D_TRANSITION_EVIDENCE,STAGE3D,REVIEW_MULTIPLE_SEC_NPORT_NAMES,1
FRT,FRT,FEDERAL REALTY INVS TRUST,LOW,REVIEW_MULTIPLE_SEC_NPORT_NAMES,1,2,Federal Realty Investment Trust|Federal Realty OP LP,0000034903,STAGE3D_AUTHORITATIVE_TRANSITION,RESOLVED_STAGE3D_TRANSITION_EVIDENCE,STAGE3D,REVIEW_MULTIPLE_SEC_NPORT_NAMES,1
GEN,GEN,GEN DIGITAL INC,MEDIUM,REVIEW_MULTIPLE_SEC_NPORT_NAMES,1,2,Gen Digital Inc|NortonLifeLock Inc,0000849399,STAGE3D_AUTHORITATIVE_TRANSITION,RESOLVED_STAGE3D_TRANSITION_EVIDENCE,STAGE3D,REVIEW_MULTIPLE_SEC_NPORT_NAMES,1
HIG,HIG,HARTFORD INSURANCE GROUP INC,LOW,REVIEW_MULTIPLE_SEC_NPORT_NAMES,1,2,Hartford Financial Services Group Inc/The|Hartford Insurance Group Inc/The,0000874766,STAGE3D_AUTHORITATIVE_TRANSITION,RESOLVED_STAGE3D_TRANSITION_EVIDENCE,STAGE3D,REVIEW_MULTIPLE_SEC_NPORT_NAMES,1
META,META,META PLATFORMS INC CLASS A,LOW,REVIEW_MULTIPLE_SEC_NPORT_NAMES,1,2,Facebook Inc|Meta Platforms Inc,0001326801,STAGE3D_AUTHORITATIVE_TRANSITION,RESOLVED_STAGE3D_TRANSITION_EVIDENCE,STAGE3D,REVIEW_MULTIPLE_SEC_NPORT_NAMES,1
RTX,RTX,RTX CORP,HIGH,REVIEW_MULTIPLE_SEC_NPORT_NAMES,1,2,RTX Corp|Raytheon Technologies Corp,0000101829,STAGE3D_AUTHORITATIVE_TRANSITION,RESOLVED_STAGE3D_TRANSITION_EVIDENCE,STAGE3D,REVIEW_MULTIPLE_SEC_NPORT_NAMES,1
RVTY,RVTY,REVVITY INC,HIGH,REVIEW_MULTIPLE_SEC_NPORT_NAMES,1,2,PerkinElmer Inc|Revvity Inc,0000031791,STAGE3D_AUTHORITATIVE_TRANSITION,RESOLVED_STAGE3D_TRANSITION_EVIDENCE,STAGE3D,REVIEW_MULTIPLE_SEC_NPORT_NAMES,1
SLB,SLB,SLB LTD,HIGH,REVIEW_MULTIPLE_SEC_NPORT_NAMES,1,2,SLB Ltd|Schlumberger NV,0000087347,STAGE3D_AUTHORITATIVE_TRANSITION,RESOLVED_STAGE3D_TRANSITION_EVIDENCE,STAGE3D,REVIEW_MULTIPLE_SEC_NPORT_NAMES,1
SRE,SRE,SEMPRA,HIGH,REVIEW_MULTIPLE_SEC_NPORT_NAMES,1,2,Sempra|Sempra Energy,0001032208,STAGE3D_AUTHORITATIVE_TRANSITION,RESOLVED_STAGE3D_TRANSITION_EVIDENCE,STAGE3D,REVIEW_MULTIPLE_SEC_NPORT_NAMES,1
NXPI,NXPI,NXP Semiconductors,MEDIUM,REVIEW_PROJECT_NAME_DIFFERS_FROM_SEC_NPORT,1,1,NXP Semiconductors NV,0001413447,STAGE3E_DETERMINISTIC_RESOLUTION,RESOLVED_STAGE3E_DETERMINISTIC,STAGE3E,REVIEW_PROJECT_NAME_DIFFERS_FROM_SEC_NPORT,2
ABNB,ABNB,Airbnb,HIGH,REVIEW_PROJECT_PERIOD_NAME_EVENT_EVIDENCE,1,1,Airbnb Inc,0001559720,STAGE3F_AUTHORITATIVE_CONVERGENCE,RESOLVED_STAGE3F_AUTHORITATIVE_CONVERGENCE,STAGE3F,REVIEW_PROJECT_PERIOD_NAME_EVENT_EVIDENCE,2
ACN,ACN,ACCENTURE PLC CL A,LOW,REVIEW_PROJECT_PERIOD_NAME_EVENT_EVIDENCE,1,1,Accenture PLC,0001467373,STAGE3F_AUTHORITATIVE_CONVERGENCE,RESOLVED_STAGE3F_AUTHORITATIVE_CONVERGENCE,STAGE3F,REVIEW_PROJECT_PERIOD_NAME_EVENT_EVIDENCE,2
ADM,ADM,ARCHER DANIELS MIDLAND CO,LOW,REVIEW_PROJECT_PERIOD_NAME_EVENT_EVIDENCE,1,1,Archer-Daniels-Midland Co,0000007084,STAGE3F_AUTHORITATIVE_CONVERGENCE,RESOLVED_STAGE3F_AUTHORITATIVE_CONVERGENCE,STAGE3F,REVIEW_PROJECT_PERIOD_NAME_EVENT_EVIDENCE,2
AIG,AIG,AMERICAN INTERNATIONAL GROUP,LOW,REVIEW_PROJECT_PERIOD_NAME_EVENT_EVIDENCE,1,1,American International Group Inc,0000005272,STAGE3F_AUTHORITATIVE_CONVERGENCE,RESOLVED_STAGE3F_AUTHORITATIVE_CONVERGENCE,STAGE3F,REVIEW_PROJECT_PERIOD_NAME_EVENT_EVIDENCE,2
AJG,AJG,ARTHUR J GALLAGHER + CO,LOW,REVIEW_PROJECT_NAME_DIFFERS_FROM_SEC_NPORT,1,1,Arthur J Gallagher & Co,0000354190,STAGE3F_AUTHORITATIVE_CONVERGENCE,RESOLVED_STAGE3F_AUTHORITATIVE_CONVERGENCE,STAGE3F,REVIEW_PROJECT_NAME_DIFFERS_FROM_SEC_NPORT,2
APD,APD,AIR PRODUCTS + CHEMICALS INC,LOW,REVIEW_PROJECT_NAME_DIFFERS_FROM_SEC_NPORT,1,1,Air Products and Chemicals Inc,0000002969,STAGE3F_AUTHORITATIVE_CONVERGENCE,RESOLVED_STAGE3F_AUTHORITATIVE_CONVERGENCE,STAGE3F,REVIEW_PROJECT_NAME_DIFFERS_FROM_SEC_NPORT,2
ARE,ARE,ALEXANDRIA REAL ESTATE EQUIT,LOW,REVIEW_PROJECT_NAME_DIFFERS_FROM_SEC_NPORT,1,1,Alexandria Real Estate Equities Inc,0001035443,STAGE3F_AUTHORITATIVE_CONVERGENCE,RESOLVED_STAGE3F_AUTHORITATIVE_CONVERGENCE,STAGE3F,REVIEW_PROJECT_NAME_DIFFERS_FROM_SEC_NPORT,2
AZO,AZO,AUTOZONE INC,HIGH,REVIEW_PROJECT_PERIOD_NAME_EVENT_EVIDENCE,1,1,AutoZone Inc,0000866787,STAGE3F_AUTHORITATIVE_CONVERGENCE,RESOLVED_STAGE3F_AUTHORITATIVE_CONVERGENCE,STAGE3F,REVIEW_PROJECT_PERIOD_NAME_EVENT_EVIDENCE,2
BG,BG,Bunge,HIGH,REVIEW_PROJECT_NAME_DIFFERS_FROM_SEC_NPORT,1,1,Bunge Global SA,0001996862,STAGE3F_AUTHORITATIVE_CONVERGENCE,RESOLVED_STAGE3F_AUTHORITATIVE_CONVERGENCE,STAGE3F,REVIEW_PROJECT_NAME_DIFFERS_FROM_SEC_NPORT,2
BR,BR,BROADRIDGE FINANCIAL SOLUTIO,LOW,REVIEW_PROJECT_NAME_DIFFERS_FROM_SEC_NPORT,1,1,Broadridge Financial Solutions Inc,0001383312,STAGE3F_AUTHORITATIVE_CONVERGENCE,RESOLVED_STAGE3F_AUTHORITATIVE_CONVERGENCE,STAGE3F,REVIEW_PROJECT_NAME_DIFFERS_FROM_SEC_NPORT,2
C,C,CITIGROUP INC,HIGH,REVIEW_PROJECT_PERIOD_NAME_EVENT_EVIDENCE,1,1,Citigroup Inc,0000831001,STAGE3F_AUTHORITATIVE_CONVERGENCE,RESOLVED_STAGE3F_AUTHORITATIVE_CONVERGENCE,STAGE3F,REVIEW_PROJECT_PERIOD_NAME_EVENT_EVIDENCE,2
CAH,CAH,CARDINAL HEALTH INC,MEDIUM,REVIEW_PROJECT_PERIOD_NAME_EVENT_EVIDENCE,1,1,Cardinal Health Inc,0000721371,STAGE3F_AUTHORITATIVE_CONVERGENCE,RESOLVED_STAGE3F_AUTHORITATIVE_CONVERGENCE,STAGE3F,REVIEW_PROJECT_PERIOD_NAME_EVENT_EVIDENCE,2
CBRE,CBRE,CBRE GROUP INC   A,LOW,REVIEW_PROJECT_NAME_DIFFERS_FROM_SEC_NPORT,1,1,CBRE Group Inc,0001138118,STAGE3F_AUTHORITATIVE_CONVERGENCE,RESOLVED_STAGE3F_AUTHORITATIVE_CONVERGENCE,STAGE3F,REVIEW_PROJECT_NAME_DIFFERS_FROM_SEC_NPORT,2
CCL,CCL,CARNIVAL CORP LTD,HIGH,REVIEW_PROJECT_PERIOD_NAME_EVENT_EVIDENCE,1,1,Carnival Corp,0000815097,STAGE3F_AUTHORITATIVE_CONVERGENCE,RESOLVED_STAGE3F_AUTHORITATIVE_CONVERGENCE,STAGE3F,REVIEW_PROJECT_PERIOD_NAME_EVENT_EVIDENCE,2
CDNS,CDNS,CADENCE DESIGN SYS INC,LOW,REVIEW_PROJECT_NAME_DIFFERS_FROM_SEC_NPORT,1,1,Cadence Design Systems Inc,0000813672,STAGE3F_AUTHORITATIVE_CONVERGENCE,RESOLVED_STAGE3F_AUTHORITATIVE_CONVERGENCE,STAGE3F,REVIEW_PROJECT_NAME_DIFFERS_FROM_SEC_NPORT,2
CHD,CHD,CHURCH + DWIGHT CO INC,MEDIUM,REVIEW_PROJECT_NAME_DIFFERS_FROM_SEC_NPORT,1,1,Church & Dwight Co Inc,0000313927,STAGE3F_AUTHORITATIVE_CONVERGENCE,RESOLVED_STAGE3F_AUTHORITATIVE_CONVERGENCE,STAGE3F,REVIEW_PROJECT_NAME_DIFFERS_FROM_SEC_NPORT,2
CHTR,CHTR,CHARTER COMMUNICATIONS INC A,LOW,REVIEW_PROJECT_NAME_DIFFERS_FROM_SEC_NPORT,1,1,Charter Communications Inc,0001091667,STAGE3F_AUTHORITATIVE_CONVERGENCE,RESOLVED_STAGE3F_AUTHORITATIVE_CONVERGENCE,STAGE3F,REVIEW_PROJECT_NAME_DIFFERS_FROM_SEC_NPORT,2
CL,CL,COLGATE PALMOLIVE CO,MEDIUM,REVIEW_PROJECT_PERIOD_NAME_EVENT_EVIDENCE,1,1,Colgate-Palmolive Co,0000021665,STAGE3F_AUTHORITATIVE_CONVERGENCE,RESOLVED_STAGE3F_AUTHORITATIVE_CONVERGENCE,STAGE3F,REVIEW_PROJECT_PERIOD_NAME_EVENT_EVIDENCE,2
CLX,CLX,CLOROX COMPANY,HIGH,REVIEW_PROJECT_PERIOD_NAME_EVENT_EVIDENCE,1,1,Clorox Co/The,0000021076,STAGE3F_AUTHORITATIVE_CONVERGENCE,RESOLVED_STAGE3F_AUTHORITATIVE_CONVERGENCE,STAGE3F,REVIEW_PROJECT_PERIOD_NAME_EVENT_EVIDENCE,2
CNP,CNP,CENTERPOINT ENERGY INC,MEDIUM,REVIEW_PROJECT_PERIOD_NAME_EVENT_EVIDENCE,1,1,CenterPoint Energy Inc,0001130310,STAGE3F_AUTHORITATIVE_CONVERGENCE,RESOLVED_STAGE3F_AUTHORITATIVE_CONVERGENCE,STAGE3F,REVIEW_PROJECT_PERIOD_NAME_EVENT_EVIDENCE,2
CRL,CRL,Charles River Laboratories Intl,LOW,REVIEW_PROJECT_NAME_DIFFERS_FROM_SEC_NPORT,1,1,Charles River Laboratories International Inc,0001100682,STAGE3F_AUTHORITATIVE_CONVERGENCE,RESOLVED_STAGE3F_AUTHORITATIVE_CONVERGENCE,STAGE3F,REVIEW_PROJECT_NAME_DIFFERS_FROM_SEC_NPORT,2
CSGP,CSGP,CoStar Group,MEDIUM,REVIEW_PROJECT_PERIOD_NAME_EVENT_EVIDENCE,1,1,CoStar Group Inc,0001057352,STAGE3F_AUTHORITATIVE_CONVERGENCE,RESOLVED_STAGE3F_AUTHORITATIVE_CONVERGENCE,STAGE3F,REVIEW_PROJECT_PERIOD_NAME_EVENT_EVIDENCE,2
CTSH,CTSH,COGNIZANT TECH SOLUTIONS A,LOW,REVIEW_PROJECT_NAME_DIFFERS_FROM_SEC_NPORT,1,1,Cognizant Technology Solutions Corp,0001058290,STAGE3F_AUTHORITATIVE_CONVERGENCE,RESOLVED_STAGE3F_AUTHORITATIVE_CONVERGENCE,STAGE3F,REVIEW_PROJECT_NAME_DIFFERS_FROM_SEC_NPORT,2
DASH,DASH,DoorDash,HIGH,REVIEW_PROJECT_PERIOD_NAME_EVENT_EVIDENCE,1,1,DoorDash Inc,0001792789,STAGE3F_AUTHORITATIVE_CONVERGENCE,RESOLVED_STAGE3F_AUTHORITATIVE_CONVERGENCE,STAGE3F,REVIEW_PROJECT_PERIOD_NAME_EVENT_EVIDENCE,2
DE,DE,DEERE + CO,HIGH,REVIEW_PROJECT_NAME_DIFFERS_FROM_SEC_NPORT,1,1,Deere & Co,0000315189,STAGE3F_AUTHORITATIVE_CONVERGENCE,RESOLVED_STAGE3F_AUTHORITATIVE_CONVERGENCE,STAGE3F,REVIEW_PROJECT_NAME_DIFFERS_FROM_SEC_NPORT,2
EFX,EFX,EQUIFAX INC,HIGH,REVIEW_PROJECT_PERIOD_NAME_EVENT_EVIDENCE,1,1,Equifax Inc,0000033185,STAGE3F_AUTHORITATIVE_CONVERGENCE,RESOLVED_STAGE3F_AUTHORITATIVE_CONVERGENCE,STAGE3F,REVIEW_PROJECT_PERIOD_NAME_EVENT_EVIDENCE,2
EXPD,EXPD,EXPEDITORS INTL WASH INC,LOW,REVIEW_PROJECT_NAME_DIFFERS_FROM_SEC_NPORT,1,1,Expeditors International of Washington Inc,0000746515,STAGE3F_AUTHORITATIVE_CONVERGENCE,RESOLVED_STAGE3F_AUTHORITATIVE_CONVERGENCE,STAGE3F,REVIEW_PROJECT_NAME_DIFFERS_FROM_SEC_NPORT,2
FANG,FANG,DIAMONDBACK ENERGY INC,MEDIUM,REVIEW_PROJECT_PERIOD_NAME_EVENT_EVIDENCE,1,1,Diamondback Energy Inc,0001539838,STAGE3F_AUTHORITATIVE_CONVERGENCE,RESOLVED_STAGE3F_AUTHORITATIVE_CONVERGENCE,STAGE3F,REVIEW_PROJECT_PERIOD_NAME_EVENT_EVIDENCE,2
FICO,FICO,Fair Isaac & Co,LOW,REVIEW_PROJECT_NAME_DIFFERS_FROM_SEC_NPORT,1,1,Fair Isaac Corp,0000814547,STAGE3F_AUTHORITATIVE_CONVERGENCE,RESOLVED_STAGE3F_AUTHORITATIVE_CONVERGENCE,STAGE3F,REVIEW_PROJECT_NAME_DIFFERS_FROM_SEC_NPORT,2
FIS,FIS,FIDELITY NATIONAL INFO SERV,LOW,REVIEW_PROJECT_NAME_DIFFERS_FROM_SEC_NPORT,1,1,Fidelity National Information Services Inc,0001136893,STAGE3F_AUTHORITATIVE_CONVERGENCE,RESOLVED_STAGE3F_AUTHORITATIVE_CONVERGENCE,STAGE3F,REVIEW_PROJECT_NAME_DIFFERS_FROM_SEC_NPORT,2
FIX,FIX,Comfort Systems USA,LOW,REVIEW_PROJECT_PERIOD_NAME_EVENT_EVIDENCE,1,1,Comfort Systems USA Inc,0001035983,STAGE3F_AUTHORITATIVE_CONVERGENCE,RESOLVED_STAGE3F_AUTHORITATIVE_CONVERGENCE,STAGE3F,REVIEW_PROJECT_PERIOD_NAME_EVENT_EVIDENCE,2
GEV,GEV,GE Vernova,MEDIUM,REVIEW_PROJECT_PERIOD_NAME_EVENT_EVIDENCE,1,1,GE Vernova Inc,0001996810,STAGE3F_AUTHORITATIVE_CONVERGENCE,RESOLVED_STAGE3F_AUTHORITATIVE_CONVERGENCE,STAGE3F,REVIEW_PROJECT_PERIOD_NAME_EVENT_EVIDENCE,2
GILD,GILD,GILEAD SCIENCES INC,MEDIUM,REVIEW_PROJECT_PERIOD_NAME_EVENT_EVIDENCE,1,1,Gilead Sciences Inc,0000882095,STAGE3F_AUTHORITATIVE_CONVERGENCE,RESOLVED_STAGE3F_AUTHORITATIVE_CONVERGENCE,STAGE3F,REVIEW_PROJECT_PERIOD_NAME_EVENT_EVIDENCE,2
HII,HII,HUNTINGTON INGALLS INDUSTRIE,LOW,REVIEW_PROJECT_NAME_DIFFERS_FROM_SEC_NPORT,1,1,Huntington Ingalls Industries Inc,0001501585,STAGE3F_AUTHORITATIVE_CONVERGENCE,RESOLVED_STAGE3F_AUTHORITATIVE_CONVERGENCE,STAGE3F,REVIEW_PROJECT_NAME_DIFFERS_FROM_SEC_NPORT,2
HLT,HLT,HILTON WORLDWIDE HOLDINGS IN,LOW,REVIEW_PROJECT_NAME_DIFFERS_FROM_SEC_NPORT,1,1,Hilton Worldwide Holdings Inc,0001585689,STAGE3F_AUTHORITATIVE_CONVERGENCE,RESOLVED_STAGE3F_AUTHORITATIVE_CONVERGENCE,STAGE3F,REVIEW_PROJECT_NAME_DIFFERS_FROM_SEC_NPORT,2
HST,HST,HOST HOTELS + RESORTS INC,LOW,REVIEW_PROJECT_NAME_DIFFERS_FROM_SEC_NPORT,1,1,Host Hotels & Resorts Inc,0001070750,STAGE3F_AUTHORITATIVE_CONVERGENCE,RESOLVED_STAGE3F_AUTHORITATIVE_CONVERGENCE,STAGE3F,REVIEW_PROJECT_NAME_DIFFERS_FROM_SEC_NPORT,2
IBM,IBM,INTL BUSINESS MACHINES CORP,LOW,REVIEW_PROJECT_NAME_DIFFERS_FROM_SEC_NPORT,1,1,International Business Machines Corp,0000051143,STAGE3F_AUTHORITATIVE_CONVERGENCE,RESOLVED_STAGE3F_AUTHORITATIVE_CONVERGENCE,STAGE3F,REVIEW_PROJECT_NAME_DIFFERS_FROM_SEC_NPORT,2
ICE,ICE,INTERCONTINENTAL EXCHANGE IN,LOW,REVIEW_PROJECT_NAME_DIFFERS_FROM_SEC_NPORT,1,1,Intercontinental Exchange Inc,0001571949,STAGE3F_AUTHORITATIVE_CONVERGENCE,RESOLVED_STAGE3F_AUTHORITATIVE_CONVERGENCE,STAGE3F,REVIEW_PROJECT_NAME_DIFFERS_FROM_SEC_NPORT,2
IFF,IFF,INTL FLAVORS + FRAGRANCES,LOW,REVIEW_PROJECT_NAME_DIFFERS_FROM_SEC_NPORT,1,1,International Flavors & Fragrances Inc,0000051253,STAGE3F_AUTHORITATIVE_CONVERGENCE,RESOLVED_STAGE3F_AUTHORITATIVE_CONVERGENCE,STAGE3F,REVIEW_PROJECT_NAME_DIFFERS_FROM_SEC_NPORT,2
INTU,INTU,INTUIT INC,HIGH,REVIEW_PROJECT_PERIOD_NAME_EVENT_EVIDENCE,1,1,Intuit Inc,0000896878,STAGE3F_AUTHORITATIVE_CONVERGENCE,RESOLVED_STAGE3F_AUTHORITATIVE_CONVERGENCE,STAGE3F,REVIEW_PROJECT_PERIOD_NAME_EVENT_EVIDENCE,2
JCI,JCI,JOHNSON CONTROLS INTERNATION,LOW,REVIEW_PROJECT_NAME_DIFFERS_FROM_SEC_NPORT,1,1,Johnson Controls International plc,0000833444,STAGE3F_AUTHORITATIVE_CONVERGENCE,RESOLVED_STAGE3F_AUTHORITATIVE_CONVERGENCE,STAGE3F,REVIEW_PROJECT_NAME_DIFFERS_FROM_SEC_NPORT,2
JNJ,JNJ,JOHNSON + JOHNSON,MEDIUM,REVIEW_PROJECT_NAME_DIFFERS_FROM_SEC_NPORT,1,1,Johnson & Johnson,0000200406,STAGE3F_AUTHORITATIVE_CONVERGENCE,RESOLVED_STAGE3F_AUTHORITATIVE_CONVERGENCE,STAGE3F,REVIEW_PROJECT_NAME_DIFFERS_FROM_SEC_NPORT,2
JPM,JPM,JPMORGAN CHASE + CO,MEDIUM,REVIEW_PROJECT_NAME_DIFFERS_FROM_SEC_NPORT,1,1,JPMorgan Chase & Co,0000019617,STAGE3F_AUTHORITATIVE_CONVERGENCE,RESOLVED_STAGE3F_AUTHORITATIVE_CONVERGENCE,STAGE3F,REVIEW_PROJECT_NAME_DIFFERS_FROM_SEC_NPORT,2
KEYS,KEYS,KEYSIGHT TECHNOLOGIES IN,LOW,REVIEW_PROJECT_NAME_DIFFERS_FROM_SEC_NPORT,1,1,Keysight Technologies Inc,0001601046,STAGE3F_AUTHORITATIVE_CONVERGENCE,RESOLVED_STAGE3F_AUTHORITATIVE_CONVERGENCE,STAGE3F,REVIEW_PROJECT_NAME_DIFFERS_FROM_SEC_NPORT,2
LEN,LEN,LENNAR CORP A,LOW,REVIEW_PROJECT_NAME_DIFFERS_FROM_SEC_NPORT,1,1,Lennar Corp,0000920760,STAGE3F_AUTHORITATIVE_CONVERGENCE,RESOLVED_STAGE3F_AUTHORITATIVE_CONVERGENCE,STAGE3F,REVIEW_PROJECT_NAME_DIFFERS_FROM_SEC_NPORT,2
LLY,LLY,ELI LILLY + CO,MEDIUM,REVIEW_PROJECT_NAME_DIFFERS_FROM_SEC_NPORT,1,1,Eli Lilly & Co|Eli Lilly and Co,0000059478,STAGE3F_AUTHORITATIVE_CONVERGENCE,RESOLVED_STAGE3F_AUTHORITATIVE_CONVERGENCE,STAGE3F,REVIEW_PROJECT_NAME_DIFFERS_FROM_SEC_NPORT,2
LMT,LMT,LOCKHEED MARTIN CORP,MEDIUM,REVIEW_PROJECT_PERIOD_NAME_EVENT_EVIDENCE,1,1,Lockheed Martin Corp,0000936468,STAGE3F_AUTHORITATIVE_CONVERGENCE,RESOLVED_STAGE3F_AUTHORITATIVE_CONVERGENCE,STAGE3F,REVIEW_PROJECT_PERIOD_NAME_EVENT_EVIDENCE,2
LNT,LNT,ALLIANT ENERGY CORP,MEDIUM,REVIEW_PROJECT_PERIOD_NAME_EVENT_EVIDENCE,1,1,Alliant Energy Corp,0000352541,STAGE3F_AUTHORITATIVE_CONVERGENCE,RESOLVED_STAGE3F_AUTHORITATIVE_CONVERGENCE,STAGE3F,REVIEW_PROJECT_PERIOD_NAME_EVENT_EVIDENCE,2
LYV,LYV,LIVE NATION ENTERTAINMENT IN,LOW,REVIEW_PROJECT_NAME_DIFFERS_FROM_SEC_NPORT,1,1,Live Nation Entertainment Inc,0001335258,STAGE3F_AUTHORITATIVE_CONVERGENCE,RESOLVED_STAGE3F_AUTHORITATIVE_CONVERGENCE,STAGE3F,REVIEW_PROJECT_NAME_DIFFERS_FROM_SEC_NPORT,2
MA,MA,MASTERCARD INC   A,LOW,REVIEW_PROJECT_NAME_DIFFERS_FROM_SEC_NPORT,1,1,Mastercard Inc,0001141391,STAGE3F_AUTHORITATIVE_CONVERGENCE,RESOLVED_STAGE3F_AUTHORITATIVE_CONVERGENCE,STAGE3F,REVIEW_PROJECT_NAME_DIFFERS_FROM_SEC_NPORT,2
MAA,MAA,MID AMERICA APARTMENT COMM,LOW,REVIEW_PROJECT_NAME_DIFFERS_FROM_SEC_NPORT,1,1,Mid-America Apartment Communities Inc,0000912595,STAGE3F_AUTHORITATIVE_CONVERGENCE,RESOLVED_STAGE3F_AUTHORITATIVE_CONVERGENCE,STAGE3F,REVIEW_PROJECT_NAME_DIFFERS_FROM_SEC_NPORT,2
MDLZ,MDLZ,MONDELEZ INTERNATIONAL INC A,LOW,REVIEW_PROJECT_NAME_DIFFERS_FROM_SEC_NPORT,1,1,Mondelez International Inc,0001103982,STAGE3F_AUTHORITATIVE_CONVERGENCE,RESOLVED_STAGE3F_AUTHORITATIVE_CONVERGENCE,STAGE3F,REVIEW_PROJECT_NAME_DIFFERS_FROM_SEC_NPORT,2
MPWR,MPWR,Monolithic Power Systems,LOW,REVIEW_PROJECT_PERIOD_NAME_EVENT_EVIDENCE,1,1,Monolithic Power Systems Inc,0001280452,STAGE3F_AUTHORITATIVE_CONVERGENCE,RESOLVED_STAGE3F_AUTHORITATIVE_CONVERGENCE,STAGE3F,REVIEW_PROJECT_PERIOD_NAME_EVENT_EVIDENCE,2
MRK,MRK,MERCK + CO. INC.,HIGH,REVIEW_PROJECT_NAME_DIFFERS_FROM_SEC_NPORT,1,1,Merck & Co Inc,0000310158,STAGE3F_AUTHORITATIVE_CONVERGENCE,RESOLVED_STAGE3F_AUTHORITATIVE_CONVERGENCE,STAGE3F,REVIEW_PROJECT_NAME_DIFFERS_FROM_SEC_NPORT,2
MS,MS,MORGAN STANLEY,MEDIUM,REVIEW_PROJECT_PERIOD_NAME_EVENT_EVIDENCE,1,1,Morgan Stanley,0000895421,STAGE3F_AUTHORITATIVE_CONVERGENCE,RESOLVED_STAGE3F_AUTHORITATIVE_CONVERGENCE,STAGE3F,REVIEW_PROJECT_PERIOD_NAME_EVENT_EVIDENCE,2
MTB,MTB,M + T BANK CORP,HIGH,REVIEW_PROJECT_NAME_DIFFERS_FROM_SEC_NPORT,1,1,M&T Bank Corp,0000036270,STAGE3F_AUTHORITATIVE_CONVERGENCE,RESOLVED_STAGE3F_AUTHORITATIVE_CONVERGENCE,STAGE3F,REVIEW_PROJECT_NAME_DIFFERS_FROM_SEC_NPORT,2
NCLH,NCLH,NORWEGIAN CRUISE LINE HOLDIN,LOW,REVIEW_PROJECT_NAME_DIFFERS_FROM_SEC_NPORT,1,1,Norwegian Cruise Line Holdings Ltd,0001513761,STAGE3F_AUTHORITATIVE_CONVERGENCE,RESOLVED_STAGE3F_AUTHORITATIVE_CONVERGENCE,STAGE3F,REVIEW_PROJECT_NAME_DIFFERS_FROM_SEC_NPORT,2
NRG,NRG,NRG ENERGY INC,MEDIUM,REVIEW_PROJECT_PERIOD_NAME_EVENT_EVIDENCE,1,1,NRG Energy Inc,0001013871,STAGE3F_AUTHORITATIVE_CONVERGENCE,RESOLVED_STAGE3F_AUTHORITATIVE_CONVERGENCE,STAGE3F,REVIEW_PROJECT_PERIOD_NAME_EVENT_EVIDENCE,2
PANW,PANW,Palo Alto Networks,LOW,REVIEW_PROJECT_PERIOD_NAME_EVENT_EVIDENCE,1,1,Palo Alto Networks Inc,0001327567,STAGE3F_AUTHORITATIVE_CONVERGENCE,RESOLVED_STAGE3F_AUTHORITATIVE_CONVERGENCE,STAGE3F,REVIEW_PROJECT_PERIOD_NAME_EVENT_EVIDENCE,2
PCG,PCG,PG&E,HIGH,REVIEW_PROJECT_PERIOD_NAME_EVENT_EVIDENCE,1,1,PG&E Corp,0001004980,STAGE3F_AUTHORITATIVE_CONVERGENCE,RESOLVED_STAGE3F_AUTHORITATIVE_CONVERGENCE,STAGE3F,REVIEW_PROJECT_PERIOD_NAME_EVENT_EVIDENCE,2
PEG,PEG,PUBLIC SERVICE ENTERPRISE GP,LOW,REVIEW_PROJECT_NAME_DIFFERS_FROM_SEC_NPORT,1,1,Public Service Enterprise Group Inc,0000788784,STAGE3F_AUTHORITATIVE_CONVERGENCE,RESOLVED_STAGE3F_AUTHORITATIVE_CONVERGENCE,STAGE3F,REVIEW_PROJECT_NAME_DIFFERS_FROM_SEC_NPORT,2
PFE,PFE,PFIZER INC,HIGH,REVIEW_PROJECT_PERIOD_NAME_EVENT_EVIDENCE,1,1,Pfizer Inc,0000078003,STAGE3F_AUTHORITATIVE_CONVERGENCE,RESOLVED_STAGE3F_AUTHORITATIVE_CONVERGENCE,STAGE3F,REVIEW_PROJECT_PERIOD_NAME_EVENT_EVIDENCE,2
PG,PG,PROCTER + GAMBLE CO/THE,LOW,REVIEW_PROJECT_NAME_DIFFERS_FROM_SEC_NPORT,1,1,Procter & Gamble Co/The,0000080424,STAGE3F_AUTHORITATIVE_CONVERGENCE,RESOLVED_STAGE3F_AUTHORITATIVE_CONVERGENCE,STAGE3F,REVIEW_PROJECT_NAME_DIFFERS_FROM_SEC_NPORT,2
PH,PH,PARKER HANNIFIN CORP,MEDIUM,REVIEW_PROJECT_PERIOD_NAME_EVENT_EVIDENCE,1,1,Parker-Hannifin Corp,0000076334,STAGE3F_AUTHORITATIVE_CONVERGENCE,RESOLVED_STAGE3F_AUTHORITATIVE_CONVERGENCE,STAGE3F,REVIEW_PROJECT_PERIOD_NAME_EVENT_EVIDENCE,2
ROP,ROP,ROPER TECHNOLOGIES INC,MEDIUM,REVIEW_PROJECT_PERIOD_NAME_EVENT_EVIDENCE,1,1,Roper Technologies Inc,0000882835,STAGE3F_AUTHORITATIVE_CONVERGENCE,RESOLVED_STAGE3F_AUTHORITATIVE_CONVERGENCE,STAGE3F,REVIEW_PROJECT_PERIOD_NAME_EVENT_EVIDENCE,2
SJM,SJM,JM SMUCKER CO/THE,LOW,REVIEW_PROJECT_NAME_DIFFERS_FROM_SEC_NPORT,1,1,J M Smucker Co/The,0000091419,STAGE3F_AUTHORITATIVE_CONVERGENCE,RESOLVED_STAGE3F_AUTHORITATIVE_CONVERGENCE,STAGE3F,REVIEW_PROJECT_NAME_DIFFERS_FROM_SEC_NPORT,2
SO,SO,SOUTHERN CO/THE,LOW,REVIEW_PROJECT_PERIOD_NAME_EVENT_EVIDENCE,1,1,Southern Co/The,0000092122,STAGE3F_AUTHORITATIVE_CONVERGENCE,RESOLVED_STAGE3F_AUTHORITATIVE_CONVERGENCE,STAGE3F,REVIEW_PROJECT_PERIOD_NAME_EVENT_EVIDENCE,2
SPG,SPG,SIMON PROPERTY GROUP INC,LOW,REVIEW_PROJECT_PERIOD_NAME_EVENT_EVIDENCE,1,1,Simon Property Group Inc,0001063761,STAGE3F_AUTHORITATIVE_CONVERGENCE,RESOLVED_STAGE3F_AUTHORITATIVE_CONVERGENCE,STAGE3F,REVIEW_PROJECT_PERIOD_NAME_EVENT_EVIDENCE,2
SPGI,SPGI,S+P GLOBAL INC,LOW,REVIEW_PROJECT_NAME_DIFFERS_FROM_SEC_NPORT,1,1,S&P Global Inc,0000064040,STAGE3F_AUTHORITATIVE_CONVERGENCE,RESOLVED_STAGE3F_AUTHORITATIVE_CONVERGENCE,STAGE3F,REVIEW_PROJECT_NAME_DIFFERS_FROM_SEC_NPORT,2
STLD,STLD,Steel Dynamics,MEDIUM,REVIEW_PROJECT_PERIOD_NAME_EVENT_EVIDENCE,1,1,Steel Dynamics Inc,0001022671,STAGE3F_AUTHORITATIVE_CONVERGENCE,RESOLVED_STAGE3F_AUTHORITATIVE_CONVERGENCE,STAGE3F,REVIEW_PROJECT_PERIOD_NAME_EVENT_EVIDENCE,2
STT,STT,STATE STREET CORP,MEDIUM,REVIEW_PROJECT_PERIOD_NAME_EVENT_EVIDENCE,1,1,State Street Corp,0000093751,STAGE3F_AUTHORITATIVE_CONVERGENCE,RESOLVED_STAGE3F_AUTHORITATIVE_CONVERGENCE,STAGE3F,REVIEW_PROJECT_PERIOD_NAME_EVENT_EVIDENCE,2
STZ,STZ,CONSTELLATION BRANDS INC A,LOW,REVIEW_PROJECT_NAME_DIFFERS_FROM_SEC_NPORT,1,1,Constellation Brands Inc,0000016918,STAGE3F_AUTHORITATIVE_CONVERGENCE,RESOLVED_STAGE3F_AUTHORITATIVE_CONVERGENCE,STAGE3F,REVIEW_PROJECT_NAME_DIFFERS_FROM_SEC_NPORT,2
SW,SW,SMURFIT WESTROCK PLC,MEDIUM,REVIEW_PROJECT_PERIOD_NAME_EVENT_EVIDENCE,1,1,Smurfit WestRock PLC,0002005951,STAGE3F_AUTHORITATIVE_CONVERGENCE,RESOLVED_STAGE3F_AUTHORITATIVE_CONVERGENCE,STAGE3F,REVIEW_PROJECT_PERIOD_NAME_EVENT_EVIDENCE,2
SWK,SWK,STANLEY BLACK + DECKER INC,LOW,REVIEW_PROJECT_NAME_DIFFERS_FROM_SEC_NPORT,1,1,Stanley Black & Decker Inc,0000093556,STAGE3F_AUTHORITATIVE_CONVERGENCE,RESOLVED_STAGE3F_AUTHORITATIVE_CONVERGENCE,STAGE3F,REVIEW_PROJECT_NAME_DIFFERS_FROM_SEC_NPORT,2
SYF,SYF,SYNCHRONY FINANCIAL,MEDIUM,REVIEW_PROJECT_PERIOD_NAME_EVENT_EVIDENCE,1,1,Synchrony Financial,0001601712,STAGE3F_AUTHORITATIVE_CONVERGENCE,RESOLVED_STAGE3F_AUTHORITATIVE_CONVERGENCE,STAGE3F,REVIEW_PROJECT_PERIOD_NAME_EVENT_EVIDENCE,2
T,T,AT+T INC,HIGH,REVIEW_PROJECT_NAME_DIFFERS_FROM_SEC_NPORT,1,1,AT&T Inc,0000732717,STAGE3F_AUTHORITATIVE_CONVERGENCE,RESOLVED_STAGE3F_AUTHORITATIVE_CONVERGENCE,STAGE3F,REVIEW_PROJECT_NAME_DIFFERS_FROM_SEC_NPORT,2
TAP,TAP,MOLSON COORS BEVERAGE CO   B,LOW,REVIEW_PROJECT_NAME_DIFFERS_FROM_SEC_NPORT,1,1,Molson Coors Beverage Co,0000024545,STAGE3F_AUTHORITATIVE_CONVERGENCE,RESOLVED_STAGE3F_AUTHORITATIVE_CONVERGENCE,STAGE3F,REVIEW_PROJECT_NAME_DIFFERS_FROM_SEC_NPORT,2
TEL,TEL,TE CONNECTIVITY PLC,MEDIUM,REVIEW_PROJECT_PERIOD_NAME_EVENT_EVIDENCE,1,1,TE Connectivity Ltd|TE Connectivity PLC,0001385157,STAGE3F_AUTHORITATIVE_CONVERGENCE,RESOLVED_STAGE3F_AUTHORITATIVE_CONVERGENCE,STAGE3F,REVIEW_PROJECT_PERIOD_NAME_EVENT_EVIDENCE,2
TRGP,TRGP,Targa Resources,MEDIUM,REVIEW_PROJECT_PERIOD_NAME_EVENT_EVIDENCE,1,1,Targa Resources Corp,0001389170,STAGE3F_AUTHORITATIVE_CONVERGENCE,RESOLVED_STAGE3F_AUTHORITATIVE_CONVERGENCE,STAGE3F,REVIEW_PROJECT_PERIOD_NAME_EVENT_EVIDENCE,2
TTWO,TTWO,TAKE TWO INTERACTIVE SOFTWRE,LOW,REVIEW_PROJECT_NAME_DIFFERS_FROM_SEC_NPORT,1,1,Take-Two Interactive Software Inc,0000946581,STAGE3F_AUTHORITATIVE_CONVERGENCE,RESOLVED_STAGE3F_AUTHORITATIVE_CONVERGENCE,STAGE3F,REVIEW_PROJECT_NAME_DIFFERS_FROM_SEC_NPORT,2
UHS,UHS,UNIVERSAL HEALTH SERVICES B,LOW,REVIEW_PROJECT_NAME_DIFFERS_FROM_SEC_NPORT,1,1,Universal Health Services Inc,0000352915,STAGE3F_AUTHORITATIVE_CONVERGENCE,RESOLVED_STAGE3F_AUTHORITATIVE_CONVERGENCE,STAGE3F,REVIEW_PROJECT_NAME_DIFFERS_FROM_SEC_NPORT,2
V,V,VISA INC CLASS A SHARES,LOW,REVIEW_PROJECT_NAME_DIFFERS_FROM_SEC_NPORT,1,1,Visa Inc,0001403161,STAGE3F_AUTHORITATIVE_CONVERGENCE,RESOLVED_STAGE3F_AUTHORITATIVE_CONVERGENCE,STAGE3F,REVIEW_PROJECT_NAME_DIFFERS_FROM_SEC_NPORT,2
WAB,WAB,WABTEC CORP,HIGH,REVIEW_PROJECT_NAME_DIFFERS_FROM_SEC_NPORT,1,1,Westinghouse Air Brake Technologies Corp,0000943452,STAGE3F_AUTHORITATIVE_CONVERGENCE,RESOLVED_STAGE3F_AUTHORITATIVE_CONVERGENCE,STAGE3F,REVIEW_PROJECT_NAME_DIFFERS_FROM_SEC_NPORT,2
WMT,WMT,WALMART INC,HIGH,REVIEW_PROJECT_PERIOD_NAME_EVENT_EVIDENCE,1,1,Walmart Inc,0000104169,STAGE3F_AUTHORITATIVE_CONVERGENCE,RESOLVED_STAGE3F_AUTHORITATIVE_CONVERGENCE,STAGE3F,REVIEW_PROJECT_PERIOD_NAME_EVENT_EVIDENCE,2
AOS,AOS,SMITH (A.O.) CORP,LOW,REVIEW_PROJECT_NAME_DIFFERS_FROM_SEC_NPORT,1,1,A O Smith Corp,0000091142,STAGE3G_PRIMARY_SOURCE_CLOSEOUT,RESOLVED_STAGE3G_PRIMARY_SOURCE_CLOSEOUT,STAGE3G,REVIEW_PROJECT_NAME_DIFFERS_FROM_SEC_NPORT,2
APO,APO,Apollo Global Mgt,LOW,REVIEW_PROJECT_NAME_DIFFERS_FROM_SEC_NPORT,1,1,Apollo Global Management Inc,0001858681,STAGE3G_PRIMARY_SOURCE_CLOSEOUT,RESOLVED_STAGE3G_PRIMARY_SOURCE_CLOSEOUT,STAGE3G,REVIEW_PROJECT_NAME_DIFFERS_FROM_SEC_NPORT,2
BLK,BLK,BLACKROCK INC,HIGH,REVIEW_PROJECT_PERIOD_NAME_EVENT_EVIDENCE,1,1,BlackRock Inc|Blackrock Inc,0002012383,STAGE3G_PRIMARY_SOURCE_CLOSEOUT,RESOLVED_STAGE3G_PRIMARY_SOURCE_CLOSEOUT,STAGE3G,REVIEW_PROJECT_PERIOD_NAME_EVENT_EVIDENCE,2
BX,BX,Blackstone,HIGH,REVIEW_PROJECT_PERIOD_NAME_EVENT_EVIDENCE,1,1,Blackstone Inc,0001393818,STAGE3G_PRIMARY_SOURCE_CLOSEOUT,RESOLVED_STAGE3G_PRIMARY_SOURCE_CLOSEOUT,STAGE3G,REVIEW_PROJECT_PERIOD_NAME_EVENT_EVIDENCE,2
CEG,CEG,Constellation Energy,MEDIUM,REVIEW_PROJECT_PERIOD_NAME_EVENT_EVIDENCE,1,1,Constellation Energy Corp,0001868275,STAGE3G_PRIMARY_SOURCE_CLOSEOUT,RESOLVED_STAGE3G_PRIMARY_SOURCE_CLOSEOUT,STAGE3G,REVIEW_PROJECT_PERIOD_NAME_EVENT_EVIDENCE,2
CHRW,CHRW,C.H. ROBINSON WORLDWIDE INC,LOW,REVIEW_PROJECT_NAME_DIFFERS_FROM_SEC_NPORT,1,1,CH Robinson Worldwide Inc,0001043277,STAGE3G_PRIMARY_SOURCE_CLOSEOUT,RESOLVED_STAGE3G_PRIMARY_SOURCE_CLOSEOUT,STAGE3G,REVIEW_PROJECT_NAME_DIFFERS_FROM_SEC_NPORT,2
EL,EL,ESTEE LAUDER COMPANIES CL A,LOW,REVIEW_PROJECT_NAME_DIFFERS_FROM_SEC_NPORT,1,1,Estee Lauder Cos Inc/The,0001001250,STAGE3G_PRIMARY_SOURCE_CLOSEOUT,RESOLVED_STAGE3G_PRIMARY_SOURCE_CLOSEOUT,STAGE3G,REVIEW_PROJECT_NAME_DIFFERS_FROM_SEC_NPORT,2
EXE,EXE,Expand Energy,MEDIUM,REVIEW_PROJECT_PERIOD_NAME_EVENT_EVIDENCE,1,1,Expand Energy Corp,0000895126,STAGE3G_PRIMARY_SOURCE_CLOSEOUT,RESOLVED_STAGE3G_PRIMARY_SOURCE_CLOSEOUT,STAGE3G,REVIEW_PROJECT_PERIOD_NAME_EVENT_EVIDENCE,2
GEHC,GEHC,GE HealthCare Technologies,LOW,REVIEW_PROJECT_PERIOD_NAME_EVENT_EVIDENCE,1,1,GE HealthCare Technologies Inc,0001932393,STAGE3G_PRIMARY_SOURCE_CLOSEOUT,RESOLVED_STAGE3G_PRIMARY_SOURCE_CLOSEOUT,STAGE3G,REVIEW_PROJECT_PERIOD_NAME_EVENT_EVIDENCE,2
HBAN,HBAN,HUNTINGTON BANCSHARES INC,MEDIUM,REVIEW_PROJECT_NAME_DIFFERS_FROM_SEC_NPORT,1,1,Huntington Bancshares Inc/OH,0000049196,STAGE3G_PRIMARY_SOURCE_CLOSEOUT,RESOLVED_STAGE3G_PRIMARY_SOURCE_CLOSEOUT,STAGE3G,REVIEW_PROJECT_NAME_DIFFERS_FROM_SEC_NPORT,2
IVZ,IVZ,INVESCO LTD,HIGH,REVIEW_PROJECT_PERIOD_NAME_EVENT_EVIDENCE,1,1,Invesco Ltd,0000914208,STAGE3G_PRIMARY_SOURCE_CLOSEOUT,RESOLVED_STAGE3G_PRIMARY_SOURCE_CLOSEOUT,STAGE3G,REVIEW_PROJECT_PERIOD_NAME_EVENT_EVIDENCE,2
J,J,JACOBS SOLUTIONS INC,MEDIUM,REVIEW_PROJECT_PERIOD_NAME_EVENT_EVIDENCE,1,1,Jacobs Solutions Inc,0000052988,STAGE3G_PRIMARY_SOURCE_CLOSEOUT,RESOLVED_STAGE3G_PRIMARY_SOURCE_CLOSEOUT,STAGE3G,REVIEW_PROJECT_PERIOD_NAME_EVENT_EVIDENCE,2
JBHT,JBHT,HUNT (JB) TRANSPRT SVCS INC,LOW,REVIEW_PROJECT_NAME_DIFFERS_FROM_SEC_NPORT,1,1,JB Hunt Transport Services Inc,0000728535,STAGE3G_PRIMARY_SOURCE_CLOSEOUT,RESOLVED_STAGE3G_PRIMARY_SOURCE_CLOSEOUT,STAGE3G,REVIEW_PROJECT_NAME_DIFFERS_FROM_SEC_NPORT,2
JKHY,JKHY,JACK HENRY + ASSOCIATES INC,LOW,REVIEW_PROJECT_NAME_DIFFERS_FROM_SEC_NPORT,1,1,Jack Henry & Associates Inc,0000779152,STAGE3G_PRIMARY_SOURCE_CLOSEOUT,RESOLVED_STAGE3G_PRIMARY_SOURCE_CLOSEOUT,STAGE3G,REVIEW_PROJECT_NAME_DIFFERS_FROM_SEC_NPORT,2
KVUE,KVUE,Kenvue,HIGH,REVIEW_PROJECT_PERIOD_NAME_EVENT_EVIDENCE,1,1,Kenvue Inc,0001944048,STAGE3G_PRIMARY_SOURCE_CLOSEOUT,RESOLVED_STAGE3G_PRIMARY_SOURCE_CLOSEOUT,STAGE3G,REVIEW_PROJECT_PERIOD_NAME_EVENT_EVIDENCE,2
LH,LH,LABCORP HOLDINGS INC,HIGH,REVIEW_PROJECT_PERIOD_NAME_EVENT_EVIDENCE,1,1,Labcorp Holdings Inc,0000920148,STAGE3G_PRIMARY_SOURCE_CLOSEOUT,RESOLVED_STAGE3G_PRIMARY_SOURCE_CLOSEOUT,STAGE3G,REVIEW_PROJECT_PERIOD_NAME_EVENT_EVIDENCE,2
LYB,LYB,LYONDELLBASELL INDU CL A,LOW,REVIEW_PROJECT_NAME_DIFFERS_FROM_SEC_NPORT,1,1,LyondellBasell Industries NV,0001489393,STAGE3G_PRIMARY_SOURCE_CLOSEOUT,RESOLVED_STAGE3G_PRIMARY_SOURCE_CLOSEOUT,STAGE3G,REVIEW_PROJECT_NAME_DIFFERS_FROM_SEC_NPORT,2
MAR,MAR,MARRIOTT INTERNATIONAL  CL A,LOW,REVIEW_PROJECT_NAME_DIFFERS_FROM_SEC_NPORT,1,1,Marriott International Inc/MD,0001048286,STAGE3G_PRIMARY_SOURCE_CLOSEOUT,RESOLVED_STAGE3G_PRIMARY_SOURCE_CLOSEOUT,STAGE3G,REVIEW_PROJECT_NAME_DIFFERS_FROM_SEC_NPORT,2
MKC,MKC,MCCORMICK + CO NON VTG SHRS,LOW,REVIEW_PROJECT_NAME_DIFFERS_FROM_SEC_NPORT,1,1,McCormick & Co Inc/MD,0000063754,STAGE3G_PRIMARY_SOURCE_CLOSEOUT,RESOLVED_STAGE3G_PRIMARY_SOURCE_CLOSEOUT,STAGE3G,REVIEW_PROJECT_NAME_DIFFERS_FROM_SEC_NPORT,2
MRSH,MRSH,MARSH + MCLENNAN COS,LOW,REVIEW_PROJECT_NAME_DIFFERS_FROM_SEC_NPORT,1,1,Marsh & McLennan Cos Inc,0000062709,STAGE3G_PRIMARY_SOURCE_CLOSEOUT,RESOLVED_STAGE3G_PRIMARY_SOURCE_CLOSEOUT,STAGE3G,REVIEW_PROJECT_NAME_DIFFERS_FROM_SEC_NPORT,2
PSKY,PSKY,PARAMOUNT SKYDANCE CL B,LOW,REVIEW_PROJECT_PERIOD_NAME_EVENT_EVIDENCE,1,1,Paramount Skydance Corp,0002041610,STAGE3G_PRIMARY_SOURCE_CLOSEOUT,RESOLVED_STAGE3G_PRIMARY_SOURCE_CLOSEOUT,STAGE3G,REVIEW_PROJECT_PERIOD_NAME_EVENT_EVIDENCE,2
Q,Q,Qnity Electronics,MEDIUM,REVIEW_PROJECT_PERIOD_NAME_EVENT_EVIDENCE,1,1,Qnity Electronics Inc,0002058873,STAGE3G_PRIMARY_SOURCE_CLOSEOUT,RESOLVED_STAGE3G_PRIMARY_SOURCE_CLOSEOUT,STAGE3G,REVIEW_PROJECT_PERIOD_NAME_EVENT_EVIDENCE,2
SCHW,SCHW,SCHWAB (CHARLES) CORP,MEDIUM,REVIEW_PROJECT_NAME_DIFFERS_FROM_SEC_NPORT,1,1,Charles Schwab Corp/The,0000316709,STAGE3G_PRIMARY_SOURCE_CLOSEOUT,RESOLVED_STAGE3G_PRIMARY_SOURCE_CLOSEOUT,STAGE3G,REVIEW_PROJECT_NAME_DIFFERS_FROM_SEC_NPORT,2
SNDK,SNDK,Sandisk,HIGH,REVIEW_PROJECT_NAME_DIFFERS_FROM_SEC_NPORT,1,1,Sandisk Corp/DE,0002023554,STAGE3G_PRIMARY_SOURCE_CLOSEOUT,RESOLVED_STAGE3G_PRIMARY_SOURCE_CLOSEOUT,STAGE3G,REVIEW_PROJECT_NAME_DIFFERS_FROM_SEC_NPORT,2
SOLV,SOLV,Solventum,HIGH,REVIEW_PROJECT_PERIOD_NAME_EVENT_EVIDENCE,1,1,Solventum Corp,0001964738,STAGE3G_PRIMARY_SOURCE_CLOSEOUT,RESOLVED_STAGE3G_PRIMARY_SOURCE_CLOSEOUT,STAGE3G,REVIEW_PROJECT_PERIOD_NAME_EVENT_EVIDENCE,2
STX,STX,SEAGATE TECHNOLOGY HOLDINGS,MEDIUM,REVIEW_PROJECT_PERIOD_NAME_EVENT_EVIDENCE,1,1,Seagate Technology Holdings PLC|Seagate Technology PLC,0001137789,STAGE3G_PRIMARY_SOURCE_CLOSEOUT,RESOLVED_STAGE3G_PRIMARY_SOURCE_CLOSEOUT,STAGE3G,REVIEW_PROJECT_PERIOD_NAME_EVENT_EVIDENCE,2
TJX,TJX,TJX COMPANIES INC,MEDIUM,REVIEW_PROJECT_NAME_DIFFERS_FROM_SEC_NPORT,1,1,TJX Cos Inc/The,,STAGE3G_PRIMARY_SOURCE_CLOSEOUT,RESOLVED_STAGE3G_PRIMARY_SOURCE_CLOSEOUT,STAGE3G,REVIEW_PROJECT_NAME_DIFFERS_FROM_SEC_NPORT,2
TKO,TKO,TKO Group Holdings,MEDIUM,REVIEW_PROJECT_PERIOD_NAME_EVENT_EVIDENCE,1,1,TKO Group Holdings Inc,0001973266,STAGE3G_PRIMARY_SOURCE_CLOSEOUT,RESOLVED_STAGE3G_PRIMARY_SOURCE_CLOSEOUT,STAGE3G,REVIEW_PROJECT_PERIOD_NAME_EVENT_EVIDENCE,2
WBD,WBD,Warner Bros. Discovery,LOW,REVIEW_PROJECT_PERIOD_NAME_EVENT_EVIDENCE,1,1,Warner Bros Discovery Inc,0001437107,STAGE3G_PRIMARY_SOURCE_CLOSEOUT,RESOLVED_STAGE3G_PRIMARY_SOURCE_CLOSEOUT,STAGE3G,REVIEW_PROJECT_PERIOD_NAME_EVENT_EVIDENCE,2
WFC,WFC,WELLS FARGO + CO,MEDIUM,REVIEW_PROJECT_NAME_DIFFERS_FROM_SEC_NPORT,1,1,Wells Fargo & Co,0000072971,STAGE3G_PRIMARY_SOURCE_CLOSEOUT,RESOLVED_STAGE3G_PRIMARY_SOURCE_CLOSEOUT,STAGE3G,REVIEW_PROJECT_NAME_DIFFERS_FROM_SEC_NPORT,2
WRB,WRB,WR BERKLEY CORP,MEDIUM,REVIEW_PROJECT_NAME_DIFFERS_FROM_SEC_NPORT,1,1,W R Berkley Corp,0000011544,STAGE3G_PRIMARY_SOURCE_CLOSEOUT,RESOLVED_STAGE3G_PRIMARY_SOURCE_CLOSEOUT,STAGE3G,REVIEW_PROJECT_NAME_DIFFERS_FROM_SEC_NPORT,2
XOM,XOM,EXXONMOBIL HOLDINGS CORP,HIGH,REVIEW_PROJECT_NAME_DIFFERS_FROM_SEC_NPORT,1,1,Exxon Mobil Corp,0002115436,STAGE3G_PRIMARY_SOURCE_CLOSEOUT,RESOLVED_STAGE3G_PRIMARY_SOURCE_CLOSEOUT,STAGE3G,REVIEW_PROJECT_NAME_DIFFERS_FROM_SEC_NPORT,2
XYL,XYL,XYLEM INC,HIGH,REVIEW_PROJECT_NAME_DIFFERS_FROM_SEC_NPORT,1,1,Xylem Inc/NY,0001524472,STAGE3G_PRIMARY_SOURCE_CLOSEOUT,RESOLVED_STAGE3G_PRIMARY_SOURCE_CLOSEOUT,STAGE3G,REVIEW_PROJECT_NAME_DIFFERS_FROM_SEC_NPORT,2
XYZ,XYZ,Block,HIGH,REVIEW_PROJECT_PERIOD_NAME_EVENT_EVIDENCE,1,1,Block Inc,0001512673,STAGE3G_PRIMARY_SOURCE_CLOSEOUT,RESOLVED_STAGE3G_PRIMARY_SOURCE_CLOSEOUT,STAGE3G,REVIEW_PROJECT_PERIOD_NAME_EVENT_EVIDENCE,2
AAL,AAL,American Airlines Group,LOW,REVIEW_NO_MAPPED_SEC_NPORT_NAME,1,0,,0000006201,STAGE3I_DEFINITIVE_NO_NPORT_CLOSURE,RESOLVED_STAGE3I_DEFINITIVE_NO_NPORT_CLOSURE,STAGE3I,REVIEW_NO_MAPPED_SEC_NPORT_NAME,1
AAP,AAP,Advance Auto Parts,LOW,REVIEW_NO_MAPPED_SEC_NPORT_NAME,1,0,,0001158449,STAGE3I_DEFINITIVE_NO_NPORT_CLOSURE,RESOLVED_STAGE3I_DEFINITIVE_NO_NPORT_CLOSURE,STAGE3I,REVIEW_NO_MAPPED_SEC_NPORT_NAME,1
ABMD,ABMD,Abiomed,HIGH,REVIEW_NO_MAPPED_SEC_NPORT_NAME,1,0,,,STAGE3I_DEFINITIVE_NO_NPORT_CLOSURE,RESOLVED_STAGE3I_DEFINITIVE_NO_NPORT_CLOSURE,STAGE3I,REVIEW_NO_MAPPED_SEC_NPORT_NAME,1
ALK,ALK,Alaska Air Group,LOW,REVIEW_NO_MAPPED_SEC_NPORT_NAME,1,0,,0000766421,STAGE3I_DEFINITIVE_NO_NPORT_CLOSURE,RESOLVED_STAGE3I_DEFINITIVE_NO_NPORT_CLOSURE,STAGE3I,REVIEW_NO_MAPPED_SEC_NPORT_NAME,1
ALXN,ALXN,Alexion Pharmaceuticals,MEDIUM,REVIEW_NO_MAPPED_SEC_NPORT_NAME,1,0,,,STAGE3I_DEFINITIVE_NO_NPORT_CLOSURE,RESOLVED_STAGE3I_DEFINITIVE_NO_NPORT_CLOSURE,STAGE3I,REVIEW_NO_MAPPED_SEC_NPORT_NAME,1
AMTM,AMTM,Amentum,HIGH,REVIEW_NO_MAPPED_SEC_NPORT_NAME,1,0,,0002011286,STAGE3I_DEFINITIVE_NO_NPORT_CLOSURE,RESOLVED_STAGE3I_DEFINITIVE_NO_NPORT_CLOSURE,STAGE3I,REVIEW_NO_MAPPED_SEC_NPORT_NAME,1
ANSS,ANSS,ANSYS,HIGH,REVIEW_NO_MAPPED_SEC_NPORT_NAME,1,0,,,STAGE3I_DEFINITIVE_NO_NPORT_CLOSURE,RESOLVED_STAGE3I_DEFINITIVE_NO_NPORT_CLOSURE,STAGE3I,REVIEW_NO_MAPPED_SEC_NPORT_NAME,1
ATVI,ATVI,Activision Blizzard,MEDIUM,REVIEW_NO_MAPPED_SEC_NPORT_NAME,1,0,,,STAGE3I_DEFINITIVE_NO_NPORT_CLOSURE,RESOLVED_STAGE3I_DEFINITIVE_NO_NPORT_CLOSURE,STAGE3I,REVIEW_NO_MAPPED_SEC_NPORT_NAME,1
BBWI,BBWI,Bath & Body Works,LOW,REVIEW_NO_MAPPED_SEC_NPORT_NAME,1,0,,0000701985,STAGE3I_DEFINITIVE_NO_NPORT_CLOSURE,RESOLVED_STAGE3I_DEFINITIVE_NO_NPORT_CLOSURE,STAGE3I,REVIEW_NO_MAPPED_SEC_NPORT_NAME,1
BIO,BIO,Bio-Rad Laboratories,LOW,REVIEW_NO_MAPPED_SEC_NPORT_NAME,1,0,,0000012208,STAGE3I_DEFINITIVE_NO_NPORT_CLOSURE,RESOLVED_STAGE3I_DEFINITIVE_NO_NPORT_CLOSURE,STAGE3I,REVIEW_NO_MAPPED_SEC_NPORT_NAME,1
BWA,BWA,Borgwarner,HIGH,REVIEW_NO_MAPPED_SEC_NPORT_NAME,1,0,,0000908255,STAGE3I_DEFINITIVE_NO_NPORT_CLOSURE,RESOLVED_STAGE3I_DEFINITIVE_NO_NPORT_CLOSURE,STAGE3I,REVIEW_NO_MAPPED_SEC_NPORT_NAME,1
CE,CE,Celanese,HIGH,REVIEW_NO_MAPPED_SEC_NPORT_NAME,1,0,,0001306830,STAGE3I_DEFINITIVE_NO_NPORT_CLOSURE,RESOLVED_STAGE3I_DEFINITIVE_NO_NPORT_CLOSURE,STAGE3I,REVIEW_NO_MAPPED_SEC_NPORT_NAME,1
CERN,CERN,Cerner,HIGH,REVIEW_NO_MAPPED_SEC_NPORT_NAME,1,0,,,STAGE3I_DEFINITIVE_NO_NPORT_CLOSURE,RESOLVED_STAGE3I_DEFINITIVE_NO_NPORT_CLOSURE,STAGE3I,REVIEW_NO_MAPPED_SEC_NPORT_NAME,1
CMA,CMA,Comerica,HIGH,REVIEW_NO_MAPPED_SEC_NPORT_NAME,1,0,,,STAGE3I_DEFINITIVE_NO_NPORT_CLOSURE,RESOLVED_STAGE3I_DEFINITIVE_NO_NPORT_CLOSURE,STAGE3I,REVIEW_NO_MAPPED_SEC_NPORT_NAME,1
CTLT,CTLT,Catalent,HIGH,REVIEW_NO_MAPPED_SEC_NPORT_NAME,1,0,,,STAGE3I_DEFINITIVE_NO_NPORT_CLOSURE,RESOLVED_STAGE3I_DEFINITIVE_NO_NPORT_CLOSURE,STAGE3I,REVIEW_NO_MAPPED_SEC_NPORT_NAME,1
CTXS,CTXS,Citrix Systems,MEDIUM,REVIEW_NO_MAPPED_SEC_NPORT_NAME,1,0,,,STAGE3I_DEFINITIVE_NO_NPORT_CLOSURE,RESOLVED_STAGE3I_DEFINITIVE_NO_NPORT_CLOSURE,STAGE3I,REVIEW_NO_MAPPED_SEC_NPORT_NAME,1
CXO,CXO,Concho Resources,MEDIUM,REVIEW_NO_MAPPED_SEC_NPORT_NAME,1,0,,,STAGE3I_DEFINITIVE_NO_NPORT_CLOSURE,RESOLVED_STAGE3I_DEFINITIVE_NO_NPORT_CLOSURE,STAGE3I,REVIEW_NO_MAPPED_SEC_NPORT_NAME,1
CZR,CZR,Caesars Entertainment,MEDIUM,REVIEW_NO_MAPPED_SEC_NPORT_NAME,1,0,,0001590895,STAGE3I_DEFINITIVE_NO_NPORT_CLOSURE,RESOLVED_STAGE3I_DEFINITIVE_NO_NPORT_CLOSURE,STAGE3I,REVIEW_NO_MAPPED_SEC_NPORT_NAME,1
DFS,DFS,Discover Financial Services,LOW,REVIEW_NO_MAPPED_SEC_NPORT_NAME,1,0,,0001393612,STAGE3I_DEFINITIVE_NO_NPORT_CLOSURE,RESOLVED_STAGE3I_DEFINITIVE_NO_NPORT_CLOSURE,STAGE3I,REVIEW_NO_MAPPED_SEC_NPORT_NAME,1
DISCA,DISCA,Discovery Inc Class A,LOW,REVIEW_NO_MAPPED_SEC_NPORT_NAME,1,0,,,STAGE3I_DEFINITIVE_NO_NPORT_CLOSURE,RESOLVED_STAGE3I_DEFINITIVE_NO_NPORT_CLOSURE,STAGE3I,REVIEW_NO_MAPPED_SEC_NPORT_NAME,1
DISCK,DISCK,Discovery Inc Class C,LOW,REVIEW_NO_MAPPED_SEC_NPORT_NAME,1,0,,,STAGE3I_DEFINITIVE_NO_NPORT_CLOSURE,RESOLVED_STAGE3I_DEFINITIVE_NO_NPORT_CLOSURE,STAGE3I,REVIEW_NO_MAPPED_SEC_NPORT_NAME,1
DISH,DISH,DISH Network,MEDIUM,REVIEW_NO_MAPPED_SEC_NPORT_NAME,1,0,,,STAGE3I_DEFINITIVE_NO_NPORT_CLOSURE,RESOLVED_STAGE3I_DEFINITIVE_NO_NPORT_CLOSURE,STAGE3I,REVIEW_NO_MAPPED_SEC_NPORT_NAME,1
DRE,DRE,Duke Realty,MEDIUM,REVIEW_NO_MAPPED_SEC_NPORT_NAME,1,0,,,STAGE3I_DEFINITIVE_NO_NPORT_CLOSURE,RESOLVED_STAGE3I_DEFINITIVE_NO_NPORT_CLOSURE,STAGE3I,REVIEW_NO_MAPPED_SEC_NPORT_NAME,1
DXC,DXC,DXC Technologies,MEDIUM,REVIEW_NO_MAPPED_SEC_NPORT_NAME,1,0,,0001688568,STAGE3I_DEFINITIVE_NO_NPORT_CLOSURE,RESOLVED_STAGE3I_DEFINITIVE_NO_NPORT_CLOSURE,STAGE3I,REVIEW_NO_MAPPED_SEC_NPORT_NAME,1
EMN,EMN,Eastman Chemical Co,MEDIUM,REVIEW_NO_MAPPED_SEC_NPORT_NAME,1,0,,0000915389,STAGE3I_DEFINITIVE_NO_NPORT_CLOSURE,RESOLVED_STAGE3I_DEFINITIVE_NO_NPORT_CLOSURE,STAGE3I,REVIEW_NO_MAPPED_SEC_NPORT_NAME,1
ENPH,ENPH,Enphase Energy,MEDIUM,REVIEW_NO_MAPPED_SEC_NPORT_NAME,1,0,,0001463101,STAGE3I_DEFINITIVE_NO_NPORT_CLOSURE,RESOLVED_STAGE3I_DEFINITIVE_NO_NPORT_CLOSURE,STAGE3I,REVIEW_NO_MAPPED_SEC_NPORT_NAME,1
EPAM,EPAM,EPAM Systems,MEDIUM,REVIEW_NO_MAPPED_SEC_NPORT_NAME,1,0,,0001352010,STAGE3I_DEFINITIVE_NO_NPORT_CLOSURE,RESOLVED_STAGE3I_DEFINITIVE_NO_NPORT_CLOSURE,STAGE3I,REVIEW_NO_MAPPED_SEC_NPORT_NAME,1
ETSY,ETSY,Etsy,HIGH,REVIEW_NO_MAPPED_SEC_NPORT_NAME,1,0,,0001370637,STAGE3I_DEFINITIVE_NO_NPORT_CLOSURE,RESOLVED_STAGE3I_DEFINITIVE_NO_NPORT_CLOSURE,STAGE3I,REVIEW_NO_MAPPED_SEC_NPORT_NAME,1
FBHS,FBHS,Fortune Brands Home & Security,LOW,REVIEW_NO_MAPPED_SEC_NPORT_NAME,1,0,,,STAGE3I_DEFINITIVE_NO_NPORT_CLOSURE,RESOLVED_STAGE3I_DEFINITIVE_NO_NPORT_CLOSURE,STAGE3I,REVIEW_NO_MAPPED_SEC_NPORT_NAME,1
FLIR,FLIR,FLIR Systems,MEDIUM,REVIEW_NO_MAPPED_SEC_NPORT_NAME,1,0,,,STAGE3I_DEFINITIVE_NO_NPORT_CLOSURE,RESOLVED_STAGE3I_DEFINITIVE_NO_NPORT_CLOSURE,STAGE3I,REVIEW_NO_MAPPED_SEC_NPORT_NAME,1
FLS,FLS,Flowserve,HIGH,REVIEW_NO_MAPPED_SEC_NPORT_NAME,1,0,,0000030625,STAGE3I_DEFINITIVE_NO_NPORT_CLOSURE,RESOLVED_STAGE3I_DEFINITIVE_NO_NPORT_CLOSURE,STAGE3I,REVIEW_NO_MAPPED_SEC_NPORT_NAME,1
FMC,FMC,FMC,HIGH,REVIEW_NO_MAPPED_SEC_NPORT_NAME,1,0,,0000037785,STAGE3I_DEFINITIVE_NO_NPORT_CLOSURE,RESOLVED_STAGE3I_DEFINITIVE_NO_NPORT_CLOSURE,STAGE3I,REVIEW_NO_MAPPED_SEC_NPORT_NAME,1
FRC,FRC,First Republic Bank,LOW,REVIEW_NO_MAPPED_SEC_NPORT_NAME,1,0,,0001132979,STAGE3I_DEFINITIVE_NO_NPORT_CLOSURE,RESOLVED_STAGE3I_DEFINITIVE_NO_NPORT_CLOSURE,STAGE3I,REVIEW_NO_MAPPED_SEC_NPORT_NAME,1
FTI,FTI,TechnipFMC,HIGH,REVIEW_NO_MAPPED_SEC_NPORT_NAME,1,0,,0001681459,STAGE3I_DEFINITIVE_NO_NPORT_CLOSURE,RESOLVED_STAGE3I_DEFINITIVE_NO_NPORT_CLOSURE,STAGE3I,REVIEW_NO_MAPPED_SEC_NPORT_NAME,1
FTRE,FTRE,Fortrea Holdings,HIGH,REVIEW_NO_MAPPED_SEC_NPORT_NAME,1,0,,0001965040,STAGE3I_DEFINITIVE_NO_NPORT_CLOSURE,RESOLVED_STAGE3I_DEFINITIVE_NO_NPORT_CLOSURE,STAGE3I,REVIEW_NO_MAPPED_SEC_NPORT_NAME,1
GPS,GPS,Gap,HIGH,REVIEW_NO_MAPPED_SEC_NPORT_NAME,1,0,,,STAGE3I_DEFINITIVE_NO_NPORT_CLOSURE,RESOLVED_STAGE3I_DEFINITIVE_NO_NPORT_CLOSURE,STAGE3I,REVIEW_NO_MAPPED_SEC_NPORT_NAME,1
HBI,HBI,Hanesbrands,HIGH,REVIEW_NO_MAPPED_SEC_NPORT_NAME,1,0,,,STAGE3I_DEFINITIVE_NO_NPORT_CLOSURE,RESOLVED_STAGE3I_DEFINITIVE_NO_NPORT_CLOSURE,STAGE3I,REVIEW_NO_MAPPED_SEC_NPORT_NAME,1
HES,HES,Hess,HIGH,REVIEW_NO_MAPPED_SEC_NPORT_NAME,1,0,,,STAGE3I_DEFINITIVE_NO_NPORT_CLOSURE,RESOLVED_STAGE3I_DEFINITIVE_NO_NPORT_CLOSURE,STAGE3I,REVIEW_NO_MAPPED_SEC_NPORT_NAME,1
HFC,HFC,HollyFrontier,HIGH,REVIEW_NO_MAPPED_SEC_NPORT_NAME,1,0,,,STAGE3I_DEFINITIVE_NO_NPORT_CLOSURE,RESOLVED_STAGE3I_DEFINITIVE_NO_NPORT_CLOSURE,STAGE3I,REVIEW_NO_MAPPED_SEC_NPORT_NAME,1
ILMN,ILMN,Illumina,HIGH,REVIEW_NO_MAPPED_SEC_NPORT_NAME,1,0,,0001110803,STAGE3I_DEFINITIVE_NO_NPORT_CLOSURE,RESOLVED_STAGE3I_DEFINITIVE_NO_NPORT_CLOSURE,STAGE3I,REVIEW_NO_MAPPED_SEC_NPORT_NAME,1
INFO,INFO,IHS Markit,MEDIUM,REVIEW_NO_MAPPED_SEC_NPORT_NAME,1,0,,,STAGE3I_DEFINITIVE_NO_NPORT_CLOSURE,RESOLVED_STAGE3I_DEFINITIVE_NO_NPORT_CLOSURE,STAGE3I,REVIEW_NO_MAPPED_SEC_NPORT_NAME,1
IPG,IPG,Interpublic Group,MEDIUM,REVIEW_NO_MAPPED_SEC_NPORT_NAME,1,0,,,STAGE3I_DEFINITIVE_NO_NPORT_CLOSURE,RESOLVED_STAGE3I_DEFINITIVE_NO_NPORT_CLOSURE,STAGE3I,REVIEW_NO_MAPPED_SEC_NPORT_NAME,1
IPGP,IPGP,IPG Photonics,MEDIUM,REVIEW_NO_MAPPED_SEC_NPORT_NAME,1,0,,0001111928,STAGE3I_DEFINITIVE_NO_NPORT_CLOSURE,RESOLVED_STAGE3I_DEFINITIVE_NO_NPORT_CLOSURE,STAGE3I,REVIEW_NO_MAPPED_SEC_NPORT_NAME,1
JNPR,JNPR,Juniper Networks,MEDIUM,REVIEW_NO_MAPPED_SEC_NPORT_NAME,1,0,,,STAGE3I_DEFINITIVE_NO_NPORT_CLOSURE,RESOLVED_STAGE3I_DEFINITIVE_NO_NPORT_CLOSURE,STAGE3I,REVIEW_NO_MAPPED_SEC_NPORT_NAME,1
K,K,Kellanova,HIGH,REVIEW_NO_MAPPED_SEC_NPORT_NAME,1,0,,0000055067,STAGE3I_DEFINITIVE_NO_NPORT_CLOSURE,RESOLVED_STAGE3I_DEFINITIVE_NO_NPORT_CLOSURE,STAGE3I,REVIEW_NO_MAPPED_SEC_NPORT_NAME,1
KMX,KMX,CarMax,HIGH,REVIEW_NO_MAPPED_SEC_NPORT_NAME,1,0,,0001170010,STAGE3I_DEFINITIVE_NO_NPORT_CLOSURE,RESOLVED_STAGE3I_DEFINITIVE_NO_NPORT_CLOSURE,STAGE3I,REVIEW_NO_MAPPED_SEC_NPORT_NAME,1
KSU,KSU,Kansas City Southern,LOW,REVIEW_NO_MAPPED_SEC_NPORT_NAME,1,0,,0000054480,STAGE3I_DEFINITIVE_NO_NPORT_CLOSURE,RESOLVED_STAGE3I_DEFINITIVE_NO_NPORT_CLOSURE,STAGE3I,REVIEW_NO_MAPPED_SEC_NPORT_NAME,1
LEG,LEG,Leggett & Platt,LOW,REVIEW_NO_MAPPED_SEC_NPORT_NAME,1,0,,0000058492,STAGE3I_DEFINITIVE_NO_NPORT_CLOSURE,RESOLVED_STAGE3I_DEFINITIVE_NO_NPORT_CLOSURE,STAGE3I,REVIEW_NO_MAPPED_SEC_NPORT_NAME,1
LKQ,LKQ,LKQ,HIGH,REVIEW_NO_MAPPED_SEC_NPORT_NAME,1,0,,0001065696,STAGE3I_DEFINITIVE_NO_NPORT_CLOSURE,RESOLVED_STAGE3I_DEFINITIVE_NO_NPORT_CLOSURE,STAGE3I,REVIEW_NO_MAPPED_SEC_NPORT_NAME,1
LNC,LNC,Lincoln National,MEDIUM,REVIEW_NO_MAPPED_SEC_NPORT_NAME,1,0,,0000059558,STAGE3I_DEFINITIVE_NO_NPORT_CLOSURE,RESOLVED_STAGE3I_DEFINITIVE_NO_NPORT_CLOSURE,STAGE3I,REVIEW_NO_MAPPED_SEC_NPORT_NAME,1
LUMN,LUMN,Lumen Technologies,MEDIUM,REVIEW_NO_MAPPED_SEC_NPORT_NAME,1,0,,0000018926,STAGE3I_DEFINITIVE_NO_NPORT_CLOSURE,RESOLVED_STAGE3I_DEFINITIVE_NO_NPORT_CLOSURE,STAGE3I,REVIEW_NO_MAPPED_SEC_NPORT_NAME,1
MBC,MBC,MasterBrand,HIGH,REVIEW_NO_MAPPED_SEC_NPORT_NAME,1,0,,0001941365,STAGE3I_DEFINITIVE_NO_NPORT_CLOSURE,RESOLVED_STAGE3I_DEFINITIVE_NO_NPORT_CLOSURE,STAGE3I,REVIEW_NO_MAPPED_SEC_NPORT_NAME,1
MHK,MHK,Mohawk Industries,MEDIUM,REVIEW_NO_MAPPED_SEC_NPORT_NAME,1,0,,0000851968,STAGE3I_DEFINITIVE_NO_NPORT_CLOSURE,RESOLVED_STAGE3I_DEFINITIVE_NO_NPORT_CLOSURE,STAGE3I,REVIEW_NO_MAPPED_SEC_NPORT_NAME,1
MKTX,MKTX,MarketAxess Holdings,HIGH,REVIEW_NO_MAPPED_SEC_NPORT_NAME,1,0,,0001278021,STAGE3I_DEFINITIVE_NO_NPORT_CLOSURE,RESOLVED_STAGE3I_DEFINITIVE_NO_NPORT_CLOSURE,STAGE3I,REVIEW_NO_MAPPED_SEC_NPORT_NAME,1
MOH,MOH,Molina Healthcare,MEDIUM,REVIEW_NO_MAPPED_SEC_NPORT_NAME,1,0,,0001179929,STAGE3I_DEFINITIVE_NO_NPORT_CLOSURE,RESOLVED_STAGE3I_DEFINITIVE_NO_NPORT_CLOSURE,STAGE3I,REVIEW_NO_MAPPED_SEC_NPORT_NAME,1
MRO,MRO,Marathon Oil,MEDIUM,REVIEW_NO_MAPPED_SEC_NPORT_NAME,1,0,,,STAGE3I_DEFINITIVE_NO_NPORT_CLOSURE,RESOLVED_STAGE3I_DEFINITIVE_NO_NPORT_CLOSURE,STAGE3I,REVIEW_NO_MAPPED_SEC_NPORT_NAME,1
MTCH,MTCH,Match Group,MEDIUM,REVIEW_NO_MAPPED_SEC_NPORT_NAME,1,0,,0000891103,STAGE3I_DEFINITIVE_NO_NPORT_CLOSURE,RESOLVED_STAGE3I_DEFINITIVE_NO_NPORT_CLOSURE,STAGE3I,REVIEW_NO_MAPPED_SEC_NPORT_NAME,1
MXIM,MXIM,Maxim Integrated Products,LOW,REVIEW_NO_MAPPED_SEC_NPORT_NAME,1,0,,,STAGE3I_DEFINITIVE_NO_NPORT_CLOSURE,RESOLVED_STAGE3I_DEFINITIVE_NO_NPORT_CLOSURE,STAGE3I,REVIEW_NO_MAPPED_SEC_NPORT_NAME,1
NLSN,NLSN,Nielsen Holdings,HIGH,REVIEW_NO_MAPPED_SEC_NPORT_NAME,1,0,,,STAGE3I_DEFINITIVE_NO_NPORT_CLOSURE,RESOLVED_STAGE3I_DEFINITIVE_NO_NPORT_CLOSURE,STAGE3I,REVIEW_NO_MAPPED_SEC_NPORT_NAME,1
NOV,NOV,NOV,HIGH,REVIEW_NO_MAPPED_SEC_NPORT_NAME,1,0,,0001021860,STAGE3I_DEFINITIVE_NO_NPORT_CLOSURE,RESOLVED_STAGE3I_DEFINITIVE_NO_NPORT_CLOSURE,STAGE3I,REVIEW_NO_MAPPED_SEC_NPORT_NAME,1
NWL,NWL,Newell Brands,MEDIUM,REVIEW_NO_MAPPED_SEC_NPORT_NAME,1,0,,0000814453,STAGE3I_DEFINITIVE_NO_NPORT_CLOSURE,RESOLVED_STAGE3I_DEFINITIVE_NO_NPORT_CLOSURE,STAGE3I,REVIEW_NO_MAPPED_SEC_NPORT_NAME,1
OGN,OGN,Organon,HIGH,REVIEW_NO_MAPPED_SEC_NPORT_NAME,1,0,,0001821825,STAGE3I_DEFINITIVE_NO_NPORT_CLOSURE,RESOLVED_STAGE3I_DEFINITIVE_NO_NPORT_CLOSURE,STAGE3I,REVIEW_NO_MAPPED_SEC_NPORT_NAME,1
PBCT,PBCT,People's United Financial,LOW,REVIEW_NO_MAPPED_SEC_NPORT_NAME,1,0,,,STAGE3I_DEFINITIVE_NO_NPORT_CLOSURE,RESOLVED_STAGE3I_DEFINITIVE_NO_NPORT_CLOSURE,STAGE3I,REVIEW_NO_MAPPED_SEC_NPORT_NAME,1
PENN,PENN,Penn National Gaming,LOW,REVIEW_NO_MAPPED_SEC_NPORT_NAME,1,0,,0000921738,STAGE3I_DEFINITIVE_NO_NPORT_CLOSURE,RESOLVED_STAGE3I_DEFINITIVE_NO_NPORT_CLOSURE,STAGE3I,REVIEW_NO_MAPPED_SEC_NPORT_NAME,1
PHIN,PHIN,PHINIA,HIGH,REVIEW_NO_MAPPED_SEC_NPORT_NAME,1,0,,0001968915,STAGE3I_DEFINITIVE_NO_NPORT_CLOSURE,RESOLVED_STAGE3I_DEFINITIVE_NO_NPORT_CLOSURE,STAGE3I,REVIEW_NO_MAPPED_SEC_NPORT_NAME,1
PRGO,PRGO,Perrigo Company,HIGH,REVIEW_NO_MAPPED_SEC_NPORT_NAME,1,0,,0001585364,STAGE3I_DEFINITIVE_NO_NPORT_CLOSURE,RESOLVED_STAGE3I_DEFINITIVE_NO_NPORT_CLOSURE,STAGE3I,REVIEW_NO_MAPPED_SEC_NPORT_NAME,1
PVH,PVH,PVH,HIGH,REVIEW_NO_MAPPED_SEC_NPORT_NAME,1,0,,0000078239,STAGE3I_DEFINITIVE_NO_NPORT_CLOSURE,RESOLVED_STAGE3I_DEFINITIVE_NO_NPORT_CLOSURE,STAGE3I,REVIEW_NO_MAPPED_SEC_NPORT_NAME,1
PXD,PXD,Pioneer Natural Resources,LOW,REVIEW_NO_MAPPED_SEC_NPORT_NAME,1,0,,,STAGE3I_DEFINITIVE_NO_NPORT_CLOSURE,RESOLVED_STAGE3I_DEFINITIVE_NO_NPORT_CLOSURE,STAGE3I,REVIEW_NO_MAPPED_SEC_NPORT_NAME,1
QRVO,QRVO,Qorvo,HIGH,REVIEW_NO_MAPPED_SEC_NPORT_NAME,1,0,,0001604778,STAGE3I_DEFINITIVE_NO_NPORT_CLOSURE,RESOLVED_STAGE3I_DEFINITIVE_NO_NPORT_CLOSURE,STAGE3I,REVIEW_NO_MAPPED_SEC_NPORT_NAME,1
RHI,RHI,Robert Half,MEDIUM,REVIEW_NO_MAPPED_SEC_NPORT_NAME,1,0,,0000315213,STAGE3I_DEFINITIVE_NO_NPORT_CLOSURE,RESOLVED_STAGE3I_DEFINITIVE_NO_NPORT_CLOSURE,STAGE3I,REVIEW_NO_MAPPED_SEC_NPORT_NAME,1
SBNY,SBNY,Signature Bank,MEDIUM,REVIEW_NO_MAPPED_SEC_NPORT_NAME,1,0,,,STAGE3I_DEFINITIVE_NO_NPORT_CLOSURE,RESOLVED_STAGE3I_DEFINITIVE_NO_NPORT_CLOSURE,STAGE3I,REVIEW_NO_MAPPED_SEC_NPORT_NAME,1
SEDG,SEDG,SolarEdge Technologies,MEDIUM,REVIEW_NO_MAPPED_SEC_NPORT_NAME,1,0,,0001419612,STAGE3I_DEFINITIVE_NO_NPORT_CLOSURE,RESOLVED_STAGE3I_DEFINITIVE_NO_NPORT_CLOSURE,STAGE3I,REVIEW_NO_MAPPED_SEC_NPORT_NAME,1
SEE,SEE,Sealed Air,MEDIUM,REVIEW_NO_MAPPED_SEC_NPORT_NAME,1,0,,,STAGE3I_DEFINITIVE_NO_NPORT_CLOSURE,RESOLVED_STAGE3I_DEFINITIVE_NO_NPORT_CLOSURE,STAGE3I,REVIEW_NO_MAPPED_SEC_NPORT_NAME,1
SIVB,SIVB,SVB Financial Group,LOW,REVIEW_NO_MAPPED_SEC_NPORT_NAME,1,0,,0000719739,STAGE3I_DEFINITIVE_NO_NPORT_CLOSURE,RESOLVED_STAGE3I_DEFINITIVE_NO_NPORT_CLOSURE,STAGE3I,REVIEW_NO_MAPPED_SEC_NPORT_NAME,1
SLG,SLG,SL Green Realty,LOW,REVIEW_NO_MAPPED_SEC_NPORT_NAME,1,0,,0001040971,STAGE3I_DEFINITIVE_NO_NPORT_CLOSURE,RESOLVED_STAGE3I_DEFINITIVE_NO_NPORT_CLOSURE,STAGE3I,REVIEW_NO_MAPPED_SEC_NPORT_NAME,1
SOLS,SOLS,Solstice Advance Materials,LOW,REVIEW_NO_MAPPED_SEC_NPORT_NAME,1,0,,0002064953,STAGE3I_DEFINITIVE_NO_NPORT_CLOSURE,RESOLVED_STAGE3I_DEFINITIVE_NO_NPORT_CLOSURE,STAGE3I,REVIEW_NO_MAPPED_SEC_NPORT_NAME,1
TFX,TFX,Teleflex,HIGH,REVIEW_NO_MAPPED_SEC_NPORT_NAME,1,0,,0000096943,STAGE3I_DEFINITIVE_NO_NPORT_CLOSURE,RESOLVED_STAGE3I_DEFINITIVE_NO_NPORT_CLOSURE,STAGE3I,REVIEW_NO_MAPPED_SEC_NPORT_NAME,1
TIF,TIF,Tiffany & Co,MEDIUM,REVIEW_NO_MAPPED_SEC_NPORT_NAME,1,0,,0000098246,STAGE3I_DEFINITIVE_NO_NPORT_CLOSURE,RESOLVED_STAGE3I_DEFINITIVE_NO_NPORT_CLOSURE,STAGE3I,REVIEW_NO_MAPPED_SEC_NPORT_NAME,1
TWTR,TWTR,Twitter,HIGH,REVIEW_NO_MAPPED_SEC_NPORT_NAME,1,0,,,STAGE3I_DEFINITIVE_NO_NPORT_CLOSURE,RESOLVED_STAGE3I_DEFINITIVE_NO_NPORT_CLOSURE,STAGE3I,REVIEW_NO_MAPPED_SEC_NPORT_NAME,1
UA,UA,Under Armour Class C,LOW,REVIEW_NO_MAPPED_SEC_NPORT_NAME,1,0,,0001336917,STAGE3I_DEFINITIVE_NO_NPORT_CLOSURE,RESOLVED_STAGE3I_DEFINITIVE_NO_NPORT_CLOSURE,STAGE3I,REVIEW_NO_MAPPED_SEC_NPORT_NAME,1
UAA,UAA,Under Armour Class A,LOW,REVIEW_NO_MAPPED_SEC_NPORT_NAME,1,0,,0001336917,STAGE3I_DEFINITIVE_NO_NPORT_CLOSURE,RESOLVED_STAGE3I_DEFINITIVE_NO_NPORT_CLOSURE,STAGE3I,REVIEW_NO_MAPPED_SEC_NPORT_NAME,1
UNM,UNM,Unum Group,MEDIUM,REVIEW_NO_MAPPED_SEC_NPORT_NAME,1,0,,0000005513,STAGE3I_DEFINITIVE_NO_NPORT_CLOSURE,RESOLVED_STAGE3I_DEFINITIVE_NO_NPORT_CLOSURE,STAGE3I,REVIEW_NO_MAPPED_SEC_NPORT_NAME,1
VAR,VAR,Varian Medical Systems,LOW,REVIEW_NO_MAPPED_SEC_NPORT_NAME,1,0,,,STAGE3I_DEFINITIVE_NO_NPORT_CLOSURE,RESOLVED_STAGE3I_DEFINITIVE_NO_NPORT_CLOSURE,STAGE3I,REVIEW_NO_MAPPED_SEC_NPORT_NAME,1
VFC,VFC,V.F.,HIGH,REVIEW_NO_MAPPED_SEC_NPORT_NAME,1,0,,0000103379,STAGE3I_DEFINITIVE_NO_NPORT_CLOSURE,RESOLVED_STAGE3I_DEFINITIVE_NO_NPORT_CLOSURE,STAGE3I,REVIEW_NO_MAPPED_SEC_NPORT_NAME,1
VNO,VNO,Vornado Realty Trust,LOW,REVIEW_NO_MAPPED_SEC_NPORT_NAME,1,0,,0000899689,STAGE3I_DEFINITIVE_NO_NPORT_CLOSURE,RESOLVED_STAGE3I_DEFINITIVE_NO_NPORT_CLOSURE,STAGE3I,REVIEW_NO_MAPPED_SEC_NPORT_NAME,1
VNT,VNT,Vontier,HIGH,REVIEW_NO_MAPPED_SEC_NPORT_NAME,1,0,,0001786842,STAGE3I_DEFINITIVE_NO_NPORT_CLOSURE,RESOLVED_STAGE3I_DEFINITIVE_NO_NPORT_CLOSURE,STAGE3I,REVIEW_NO_MAPPED_SEC_NPORT_NAME,1
WBA,WBA,Walgreens Boots Alliance,LOW,REVIEW_NO_MAPPED_SEC_NPORT_NAME,1,0,,,STAGE3I_DEFINITIVE_NO_NPORT_CLOSURE,RESOLVED_STAGE3I_DEFINITIVE_NO_NPORT_CLOSURE,STAGE3I,REVIEW_NO_MAPPED_SEC_NPORT_NAME,1
WHR,WHR,Whirlpool,HIGH,REVIEW_NO_MAPPED_SEC_NPORT_NAME,1,0,,0000106640,STAGE3I_DEFINITIVE_NO_NPORT_CLOSURE,RESOLVED_STAGE3I_DEFINITIVE_NO_NPORT_CLOSURE,STAGE3I,REVIEW_NO_MAPPED_SEC_NPORT_NAME,1
WU,WU,The Western Union,LOW,REVIEW_NO_MAPPED_SEC_NPORT_NAME,1,0,,0001365135,STAGE3I_DEFINITIVE_NO_NPORT_CLOSURE,RESOLVED_STAGE3I_DEFINITIVE_NO_NPORT_CLOSURE,STAGE3I,REVIEW_NO_MAPPED_SEC_NPORT_NAME,1
XLNX,XLNX,Xilinx,HIGH,REVIEW_NO_MAPPED_SEC_NPORT_NAME,1,0,,,STAGE3I_DEFINITIVE_NO_NPORT_CLOSURE,RESOLVED_STAGE3I_DEFINITIVE_NO_NPORT_CLOSURE,STAGE3I,REVIEW_NO_MAPPED_SEC_NPORT_NAME,1
XRAY,XRAY,Dentsply Sirona,MEDIUM,REVIEW_NO_MAPPED_SEC_NPORT_NAME,1,0,,0000818479,STAGE3I_DEFINITIVE_NO_NPORT_CLOSURE,RESOLVED_STAGE3I_DEFINITIVE_NO_NPORT_CLOSURE,STAGE3I,REVIEW_NO_MAPPED_SEC_NPORT_NAME,1
XRX,XRX,Xerox Holdings,HIGH,REVIEW_NO_MAPPED_SEC_NPORT_NAME,1,0,,0001770450,STAGE3I_DEFINITIVE_NO_NPORT_CLOSURE,RESOLVED_STAGE3I_DEFINITIVE_NO_NPORT_CLOSURE,STAGE3I,REVIEW_NO_MAPPED_SEC_NPORT_NAME,1
ZION,ZION,Zions Bancorporation,MEDIUM,REVIEW_NO_MAPPED_SEC_NPORT_NAME,1,0,,,STAGE3I_DEFINITIVE_NO_NPORT_CLOSURE,RESOLVED_STAGE3I_DEFINITIVE_NO_NPORT_CLOSURE,STAGE3I,REVIEW_NO_MAPPED_SEC_NPORT_NAME,1
