date,year,month,source_url,resolved_source_url,source_file_sha256,source_file_md5,source_file_bytes,parsed_rows,malformed_rows,malformed_row_rate,total_source_document_weight,active_security_count,unique_active_alias_count,status,catalog_listed_flag,catalog_md5,catalog_size_bytes,source_available_flag,source_gap_class,source_gap_policy_sha256,source_gap_error
2021-01-01,2021,2021-01,https://data.gdeltproject.org/gkg/20210101.gkg.csv.zip,https://data.gdeltproject.org/gkg/20210101.gkg.csv.zip,481c75c2328b5160f570a0eeeef066254bc3796871ebec600efa9f0725d01f75,,17614438,43634,1,2.2917382834880256e-05,69661,505,500,AVAILABLE_VALID_CACHE,1,fa7d95b3fa9f429fbfe829bf2ab07e66,17614438,1,,1284f9141657400869b7eaef1ce7a19eb6fdf6e26e34509f819c6e0920dfd135,
2021-01-02,2021,2021-01,https://data.gdeltproject.org/gkg/20210102.gkg.csv.zip,https://data.gdeltproject.org/gkg/20210102.gkg.csv.zip,ee68586913d0897b1054ccf6d42bd0733f5c1dc29d250d15a9591df6db3b2186,,14666993,36762,1,2.720126213856323e-05,58289,505,500,AVAILABLE_VALID_CACHE,1,bdd940e636ab45a0ed5c3d18b55b40e6,14666993,1,,1284f9141657400869b7eaef1ce7a19eb6fdf6e26e34509f819c6e0920dfd135,
2021-01-03,2021,2021-01,https://data.gdeltproject.org/gkg/20210103.gkg.csv.zip,https://data.gdeltproject.org/gkg/20210103.gkg.csv.zip,c47d193e4c05b82bf12fb76a96f034db6f3fac4729d82ddf5b034657c2366bc1,,14862559,36732,1,2.72234775270193e-05,56796,505,500,AVAILABLE_VALID_CACHE,1,2445315ce7f96a22680487b42e8172f6,14862559,1,,1284f9141657400869b7eaef1ce7a19eb6fdf6e26e34509f819c6e0920dfd135,
2021-01-04,2021,2021-01,https://data.gdeltproject.org/gkg/20210104.gkg.csv.zip,https://data.gdeltproject.org/gkg/20210104.gkg.csv.zip,270663c4ee684eb1697fb6eefd53f930ac6e5281dd092f8feac9a7a81c5d8b33,,26674780,68846,1,1.4524961145728934e-05,103779,505,500,AVAILABLE_VALID_CACHE,1,186950899372137df38ada436ae8fd8c,26674780,1,,1284f9141657400869b7eaef1ce7a19eb6fdf6e26e34509f819c6e0920dfd135,
2021-01-05,2021,2021-01,https://data.gdeltproject.org/gkg/20210105.gkg.csv.zip,https://data.gdeltproject.org/gkg/20210105.gkg.csv.zip,ddc306c75e9637fc0fd210580b4dad5ba14ba7c85c06d70bdb2ce03dc2b9ee60,,31165896,79908,1,1.2514234942246805e-05,119718,505,500,AVAILABLE_VALID_CACHE,1,4d77e4b7a601293f54101010bb265175,31165896,1,,1284f9141657400869b7eaef1ce7a19eb6fdf6e26e34509f819c6e0920dfd135,
2021-01-06,2021,2021-01,https://data.gdeltproject.org/gkg/20210106.gkg.csv.zip,https://data.gdeltproject.org/gkg/20210106.gkg.csv.zip,d27ccdef1ce88afd0c2cc6dcd9a515ce65eb92ce78be33f60781e1e4469284a8,,32340995,81799,1,1.2224938875305624e-05,124571,505,500,AVAILABLE_VALID_CACHE,1,ea64a62ab0d265d33960779d72953e06,32340995,1,,1284f9141657400869b7eaef1ce7a19eb6fdf6e26e34509f819c6e0920dfd135,
2021-01-07,2021,2021-01,https://data.gdeltproject.org/gkg/20210107.gkg.csv.zip,https://data.gdeltproject.org/gkg/20210107.gkg.csv.zip,d928bdebb95b075e7ce0025d499e9f0b4307d961e84d974529e9c86282a3aec2,,35727332,86575,1,1.1550545185732767e-05,132023,505,500,AVAILABLE_VALID_CACHE,1,c24381e774a1952246c1ea716a2e8d1f,35727332,1,,1284f9141657400869b7eaef1ce7a19eb6fdf6e26e34509f819c6e0920dfd135,
2021-01-08,2021,2021-01,https://data.gdeltproject.org/gkg/20210108.gkg.csv.zip,https://data.gdeltproject.org/gkg/20210108.gkg.csv.zip,ad7f0b1152ebf1a4f68b360bd4d6120f4e4b0d9b9b2f7e7baaf473f09ac2918d,,33066713,81586,1,1.2256854645960753e-05,123841,505,500,AVAILABLE_VALID_CACHE,1,f6571c4985923fc62e45da8b79294cde,33066713,1,,1284f9141657400869b7eaef1ce7a19eb6fdf6e26e34509f819c6e0920dfd135,
2021-01-09,2021,2021-01,https://data.gdeltproject.org/gkg/20210109.gkg.csv.zip,https://data.gdeltproject.org/gkg/20210109.gkg.csv.zip,d7cd44148ab9c8e450e4823b93b2afdb5a7441cb023516d2d14f4e56efdefa93,,19726321,47727,1,2.0952061682869596e-05,76204,505,500,AVAILABLE_VALID_CACHE,1,db24a10dc55709999aa63b0f900abf1b,19726321,1,,1284f9141657400869b7eaef1ce7a19eb6fdf6e26e34509f819c6e0920dfd135,
2021-01-10,2021,2021-01,https://data.gdeltproject.org/gkg/20210110.gkg.csv.zip,https://data.gdeltproject.org/gkg/20210110.gkg.csv.zip,5de3fdf4e967770353587bf200996ddca71cab393e9e739880b8bf0b7920c213,,16512914,39871,1,2.5080256821829855e-05,62039,505,500,AVAILABLE_VALID_CACHE,1,51f1bdbc7c79452c29068671c4b1d32c,16512914,1,,1284f9141657400869b7eaef1ce7a19eb6fdf6e26e34509f819c6e0920dfd135,
2021-01-11,2021,2021-01,https://data.gdeltproject.org/gkg/20210111.gkg.csv.zip,https://data.gdeltproject.org/gkg/20210111.gkg.csv.zip,47528f01cb16ecdc03696462830d769833ab2b476f8df70d310e88777ba1f3ba,,29355779,74168,1,1.3482721891895535e-05,108480,505,500,AVAILABLE_VALID_CACHE,1,b89b54afdc77d25c520ba6197e5acf07,29355779,1,,1284f9141657400869b7eaef1ce7a19eb6fdf6e26e34509f819c6e0920dfd135,
2021-01-12,2021,2021-01,https://data.gdeltproject.org/gkg/20210112.gkg.csv.zip,https://data.gdeltproject.org/gkg/20210112.gkg.csv.zip,cd379d543ba7ad7cb92f4a5cd9af68cb1bcddd8ac8a7d2095a75f801ae5caa32,,33869711,85655,1,1.1674605398337537e-05,128241,505,500,AVAILABLE_VALID_CACHE,1,bf878b4d32648522349ee53de934b770,33869711,1,,1284f9141657400869b7eaef1ce7a19eb6fdf6e26e34509f819c6e0920dfd135,
2021-01-13,2021,2021-01,https://data.gdeltproject.org/gkg/20210113.gkg.csv.zip,https://data.gdeltproject.org/gkg/20210113.gkg.csv.zip,a8b3ad0a309cf6793dbc3d8d53d8b5474395b64de3b91ba67e0f9dd6cf7f7a73,,35310595,89187,1,1.1212270709064e-05,133593,505,500,AVAILABLE_VALID_CACHE,1,07e0a11c8bba3fad96a7c680d58b0c8c,35310595,1,,1284f9141657400869b7eaef1ce7a19eb6fdf6e26e34509f819c6e0920dfd135,
2021-01-14,2021,2021-01,https://data.gdeltproject.org/gkg/20210114.gkg.csv.zip,https://data.gdeltproject.org/gkg/20210114.gkg.csv.zip,9bc5c653b1777f6e2631c58ea13bfce7896a5a9776a10be2aefc0b516f18cafd,,34311172,86832,1,1.1516358987942372e-05,130817,505,500,AVAILABLE_VALID_CACHE,1,ead6ddb9dd8698b3dfb5a3e57373633d,34311172,1,,1284f9141657400869b7eaef1ce7a19eb6fdf6e26e34509f819c6e0920dfd135,
2021-01-15,2021,2021-01,https://data.gdeltproject.org/gkg/20210115.gkg.csv.zip,https://data.gdeltproject.org/gkg/20210115.gkg.csv.zip,7a567a0d3ba02991f905b6cd5dd54969a9fe903c590953534f69fdbedf9b5709,,32472453,81481,1,1.2272649174050711e-05,126280,505,500,AVAILABLE_VALID_CACHE,1,d2b1ca8c6dd49bc83fe789e84d3ddd24,32472453,1,,1284f9141657400869b7eaef1ce7a19eb6fdf6e26e34509f819c6e0920dfd135,
2021-01-16,2021,2021-01,https://data.gdeltproject.org/gkg/20210116.gkg.csv.zip,https://data.gdeltproject.org/gkg/20210116.gkg.csv.zip,1e0d62ea887f8373f741fd2446a77905d90e2639b1eb3d8008de7191f2d614c3,,19589138,48347,1,2.0683378836766775e-05,76429,505,500,AVAILABLE_VALID_CACHE,1,8c515a543d11ac184d54b67702bf9955,19589138,1,,1284f9141657400869b7eaef1ce7a19eb6fdf6e26e34509f819c6e0920dfd135,
2021-01-17,2021,2021-01,https://data.gdeltproject.org/gkg/20210117.gkg.csv.zip,https://data.gdeltproject.org/gkg/20210117.gkg.csv.zip,843a972795f4463fb4d0bdf665a4d4a12fcb79be001eb677c9304f6c45c40b84,,17145708,41235,1,2.425065476767873e-05,65027,505,500,AVAILABLE_VALID_CACHE,1,b24c00b13cf79c9165f843f1b3349e6e,17145708,1,,1284f9141657400869b7eaef1ce7a19eb6fdf6e26e34509f819c6e0920dfd135,
2021-01-18,2021,2021-01,https://data.gdeltproject.org/gkg/20210118.gkg.csv.zip,https://data.gdeltproject.org/gkg/20210118.gkg.csv.zip,74ac178c24e3829473240265234e8bed9abdfe793a08f317651c38aa287da0bf,,26554167,67527,1,1.480867195829878e-05,100757,505,500,AVAILABLE_VALID_CACHE,1,16e4e149cab1321bea3b6a3aa988f700,26554167,1,,1284f9141657400869b7eaef1ce7a19eb6fdf6e26e34509f819c6e0920dfd135,
2021-01-19,2021,2021-01,https://data.gdeltproject.org/gkg/20210119.gkg.csv.zip,https://data.gdeltproject.org/gkg/20210119.gkg.csv.zip,e22882400710a4242f9b53b4ed85c5a9023d582e72ae1585658c0669a292838b,,32704702,82856,1,1.2068986325838493e-05,123310,505,500,AVAILABLE_VALID_CACHE,1,443d97b8863bf69c5de996ae76cd0de9,32704702,1,,1284f9141657400869b7eaef1ce7a19eb6fdf6e26e34509f819c6e0920dfd135,
2021-01-20,2021,2021-01,https://data.gdeltproject.org/gkg/20210120.gkg.csv.zip,https://data.gdeltproject.org/gkg/20210120.gkg.csv.zip,2b69858795eb20ae47d1096cb91ad1bdbdcc7a175c4e3c6b5dd563d075f0958d,,35691773,88765,1,1.1265574656963252e-05,131747,505,500,AVAILABLE_VALID_CACHE,1,b3805edd1e19f53452767eeeb3071439,35691773,1,,1284f9141657400869b7eaef1ce7a19eb6fdf6e26e34509f819c6e0920dfd135,
2021-01-21,2021,2021-01,https://data.gdeltproject.org/gkg/20210121.gkg.csv.zip,https://data.gdeltproject.org/gkg/20210121.gkg.csv.zip,e700149903fa3be64922516989592a1a29bd29ed2295c85e6dff404305ca5014,,34520398,88142,1,1.1345200412965295e-05,129724,505,500,AVAILABLE_VALID_CACHE,1,a195503f8ba9f681aceb42741d4483e1,34520398,1,,1284f9141657400869b7eaef1ce7a19eb6fdf6e26e34509f819c6e0920dfd135,
2021-01-22,2021,2021-01,https://data.gdeltproject.org/gkg/20210122.gkg.csv.zip,https://data.gdeltproject.org/gkg/20210122.gkg.csv.zip,eca6c26f17ea9bfb1bf2bc95058be597b1f0d3d1ab118f914c2f3caaf02eb6ae,,32392402,83416,1,1.1987964084059605e-05,127716,505,500,AVAILABLE_VALID_CACHE,1,2de421ba6b3b8f64ed8111207f13b767,32392402,1,,1284f9141657400869b7eaef1ce7a19eb6fdf6e26e34509f819c6e0920dfd135,
2021-01-23,2021,2021-01,https://data.gdeltproject.org/gkg/20210123.gkg.csv.zip,https://data.gdeltproject.org/gkg/20210123.gkg.csv.zip,c4e5808c28ef392c2c2086e7583b0a284abc86e429f11546b3f9c696d23b8743,,19697878,47941,1,2.0858537399357557e-05,75809,505,500,AVAILABLE_VALID_CACHE,1,93c9464a465f2c0f65aba46290be02dd,19697878,1,,1284f9141657400869b7eaef1ce7a19eb6fdf6e26e34509f819c6e0920dfd135,
2021-01-24,2021,2021-01,https://data.gdeltproject.org/gkg/20210124.gkg.csv.zip,https://data.gdeltproject.org/gkg/20210124.gkg.csv.zip,025455c3c6fa87bb3bcf714b7e3f669cdd2836325a59657769219b48a527fcd7,,16367245,40609,1,2.462447672986949e-05,63190,505,500,AVAILABLE_VALID_CACHE,1,0926344bfd7cef15d8fc65d23a4e810d,16367245,1,,1284f9141657400869b7eaef1ce7a19eb6fdf6e26e34509f819c6e0920dfd135,
2021-01-25,2021,2021-01,https://data.gdeltproject.org/gkg/20210125.gkg.csv.zip,https://data.gdeltproject.org/gkg/20210125.gkg.csv.zip,45286b07c44bb17ad85cdf851edd9b7e81a2c5a4fa689199dc4ed827301f0d8f,,28967434,74773,1,1.3373632546072164e-05,111291,505,500,AVAILABLE_VALID_CACHE,1,055c55c43d353bc4054f12788f012898,28967434,1,,1284f9141657400869b7eaef1ce7a19eb6fdf6e26e34509f819c6e0920dfd135,
2021-01-26,2021,2021-01,https://data.gdeltproject.org/gkg/20210126.gkg.csv.zip,https://data.gdeltproject.org/gkg/20210126.gkg.csv.zip,30ff94d06405a64a013d0f8062f888e2a1a083107452e1a79cc5f8c5e0630dbc,,33563226,84907,1,1.1777453243510624e-05,127685,505,500,AVAILABLE_VALID_CACHE,1,fa5c3b6a630dbf036490d282a378a6a6,33563226,1,,1284f9141657400869b7eaef1ce7a19eb6fdf6e26e34509f819c6e0920dfd135,
2021-01-27,2021,2021-01,https://data.gdeltproject.org/gkg/20210127.gkg.csv.zip,https://data.gdeltproject.org/gkg/20210127.gkg.csv.zip,946a6cfaf2e1f8fbd1802dcf13a2fed69f0503b14a44aad3e2689e86923105d7,,34357009,87845,1,1.1383557589417846e-05,134008,505,500,AVAILABLE_VALID_CACHE,1,6766d9e0b865ac167b876f03656ea6c0,34357009,1,,1284f9141657400869b7eaef1ce7a19eb6fdf6e26e34509f819c6e0920dfd135,
2021-01-28,2021,2021-01,https://data.gdeltproject.org/gkg/20210128.gkg.csv.zip,https://data.gdeltproject.org/gkg/20210128.gkg.csv.zip,16f1a2906f6dae7fa050a15d0ff329eb408ca3039ab56533497f4b506754bb46,,34830324,89471,1,1.1176680972818312e-05,133720,505,500,AVAILABLE_VALID_CACHE,1,33b5dc532d61ffb81e13db3bf04ce3b2,34830324,1,,1284f9141657400869b7eaef1ce7a19eb6fdf6e26e34509f819c6e0920dfd135,
2021-01-29,2021,2021-01,https://data.gdeltproject.org/gkg/20210129.gkg.csv.zip,https://data.gdeltproject.org/gkg/20210129.gkg.csv.zip,11fb93770c3a94876d1e76002e98d9a51c4dc6d60d0b348f920554d06444810b,,32638255,83600,1,1.1961579406944892e-05,128061,505,500,AVAILABLE_VALID_CACHE,1,fde330f704f8b9e62afce448ad2de6d6,32638255,1,,1284f9141657400869b7eaef1ce7a19eb6fdf6e26e34509f819c6e0920dfd135,
2021-01-30,2021,2021-01,https://data.gdeltproject.org/gkg/20210130.gkg.csv.zip,https://data.gdeltproject.org/gkg/20210130.gkg.csv.zip,6981524cc0346e4cd6192187de0a766df04dc56bf7da05faa8d5fd07aada0f20,,19002249,47743,1,2.0945040214477212e-05,73983,505,500,AVAILABLE_VALID_CACHE,1,a20cbbb6dc459f97ce31e155e1fbb1f4,19002249,1,,1284f9141657400869b7eaef1ce7a19eb6fdf6e26e34509f819c6e0920dfd135,
2021-01-31,2021,2021-01,https://data.gdeltproject.org/gkg/20210131.gkg.csv.zip,https://data.gdeltproject.org/gkg/20210131.gkg.csv.zip,93867822363853ca4282f5fa8dc1adb0751a56a7e49405eecfd24489ae1c2a5f,,16703097,40955,1,2.44164469186444e-05,65081,505,500,AVAILABLE_VALID_CACHE,1,ba44ad14c58f7e48484798f06c058922,16703097,1,,1284f9141657400869b7eaef1ce7a19eb6fdf6e26e34509f819c6e0920dfd135,
2021-02-01,2021,2021-02,https://data.gdeltproject.org/gkg/20210201.gkg.csv.zip,https://data.gdeltproject.org/gkg/20210201.gkg.csv.zip,9fe7601de94c4f86a88dcf9a658f73df1b2dc5d1ad8b4a66fdc0b45fa856f6b1,,30326336,76419,1,1.308557969118032e-05,114289,505,500,AVAILABLE_VALID_CACHE,1,939627ba27addde51c81a574af072642,30326336,1,,1284f9141657400869b7eaef1ce7a19eb6fdf6e26e34509f819c6e0920dfd135,
2021-02-02,2021,2021-02,https://data.gdeltproject.org/gkg/20210202.gkg.csv.zip,https://data.gdeltproject.org/gkg/20210202.gkg.csv.zip,9adc103e3dfcc19dff90b4ec894d2d3e45605cde26a485fb7f63102f6247961e,,34366410,87124,1,1.1477761836441893e-05,131716,505,500,AVAILABLE_VALID_CACHE,1,dade3d1a6d635124aa6e116d721f0446,34366410,1,,1284f9141657400869b7eaef1ce7a19eb6fdf6e26e34509f819c6e0920dfd135,
2021-02-03,2021,2021-02,https://data.gdeltproject.org/gkg/20210203.gkg.csv.zip,https://data.gdeltproject.org/gkg/20210203.gkg.csv.zip,2a8314bc727d8fe0a9c1e8aab21fc3d4fa48a9e24775502c96be7fdc785a251a,,34449847,88491,1,1.1300456538444153e-05,132422,505,500,AVAILABLE_VALID_CACHE,1,b33bda2e174c876bda2e95c25478d8db,34449847,1,,1284f9141657400869b7eaef1ce7a19eb6fdf6e26e34509f819c6e0920dfd135,
2021-02-04,2021,2021-02,https://data.gdeltproject.org/gkg/20210204.gkg.csv.zip,https://data.gdeltproject.org/gkg/20210204.gkg.csv.zip,c59c4b895358e045874e8040d4ba0f0417f691fdf570104aa85837fbc30966c6,,34937305,88894,1,1.1249226615670172e-05,133153,505,500,AVAILABLE_VALID_CACHE,1,d1b8be58ddfadc9c1c9184070632f75f,34937305,1,,1284f9141657400869b7eaef1ce7a19eb6fdf6e26e34509f819c6e0920dfd135,
2021-02-05,2021,2021-02,https://data.gdeltproject.org/gkg/20210205.gkg.csv.zip,https://data.gdeltproject.org/gkg/20210205.gkg.csv.zip,2f2893703b799746b2b572e0bd3e76009c92504b9b272783147d09b7865333e7,,32960079,83570,1,1.1965873329264937e-05,125954,505,500,AVAILABLE_VALID_CACHE,1,3051a5807e672146605bf8466ed909e3,32960079,1,,1284f9141657400869b7eaef1ce7a19eb6fdf6e26e34509f819c6e0920dfd135,
2021-02-06,2021,2021-02,https://data.gdeltproject.org/gkg/20210206.gkg.csv.zip,https://data.gdeltproject.org/gkg/20210206.gkg.csv.zip,5a0fc32b66d33057b56b79ea1381edb637f93878cdbc4406554a6b269a5bba46,,18542351,46263,1,2.1615078678886393e-05,74274,505,500,AVAILABLE_VALID_CACHE,1,e6d150b199ea34f127f6477bebcac1c1,18542351,1,,1284f9141657400869b7eaef1ce7a19eb6fdf6e26e34509f819c6e0920dfd135,
2021-02-07,2021,2021-02,https://data.gdeltproject.org/gkg/20210207.gkg.csv.zip,https://data.gdeltproject.org/gkg/20210207.gkg.csv.zip,db7fc1b67ae395c1c36608429878f9ece8b9ede13e20e512d939e6896ec334a3,,16281243,40587,1,2.4637823987385435e-05,64502,505,500,AVAILABLE_VALID_CACHE,1,9481ced7e23068e426de95f41a08fdf9,16281243,1,,1284f9141657400869b7eaef1ce7a19eb6fdf6e26e34509f819c6e0920dfd135,
2021-02-08,2021,2021-02,https://data.gdeltproject.org/gkg/20210208.gkg.csv.zip,https://data.gdeltproject.org/gkg/20210208.gkg.csv.zip,01c2e1b92636a7bc5b65da746d0c7c8d5a4c600c7e1e25069bc8e3159d1a535e,,28529165,74290,1,1.3460580689450943e-05,110842,505,500,AVAILABLE_VALID_CACHE,1,7c0d8c371835b4fb55678249f5b65770,28529165,1,,1284f9141657400869b7eaef1ce7a19eb6fdf6e26e34509f819c6e0920dfd135,
2021-02-09,2021,2021-02,https://data.gdeltproject.org/gkg/20210209.gkg.csv.zip,https://data.gdeltproject.org/gkg/20210209.gkg.csv.zip,6dd288b46fb7cd9307ba48bf02d9d2c64773e3daf23932ebe34d76a1315d5df0,,33168031,85210,1,1.173557404560444e-05,127172,505,500,AVAILABLE_VALID_CACHE,1,224dbf7183aa572a05516ed48bbf39cc,33168031,1,,1284f9141657400869b7eaef1ce7a19eb6fdf6e26e34509f819c6e0920dfd135,
2021-02-10,2021,2021-02,https://data.gdeltproject.org/gkg/20210210.gkg.csv.zip,https://data.gdeltproject.org/gkg/20210210.gkg.csv.zip,7b2b25e1f4442cf20fa8d10fbaf0ea7f71544b8d16bfbfda2a43a097a0eadbdf,,34301040,88434,1,1.1307740148131397e-05,132677,505,500,AVAILABLE_VALID_CACHE,1,ec6aa47b6eaf9ca000ba8ee0bbe30fa5,34301040,1,,1284f9141657400869b7eaef1ce7a19eb6fdf6e26e34509f819c6e0920dfd135,
2021-02-11,2021,2021-02,https://data.gdeltproject.org/gkg/20210211.gkg.csv.zip,https://data.gdeltproject.org/gkg/20210211.gkg.csv.zip,11294596678c881c2d162b1ec4f4367e6cc8da88cd24cee170aa26daa5764bdf,,33258980,85439,1,1.1704119850187266e-05,127320,505,500,AVAILABLE_VALID_CACHE,1,06e89979821bffac4024544c2f9beb26,33258980,1,,1284f9141657400869b7eaef1ce7a19eb6fdf6e26e34509f819c6e0920dfd135,
2021-02-12,2021,2021-02,https://data.gdeltproject.org/gkg/20210212.gkg.csv.zip,https://data.gdeltproject.org/gkg/20210212.gkg.csv.zip,5539fc6d7c4b4a05d45d6b0488bdc5171c2315ed60f6d85878b6c376c5df0695,,30294522,77905,1,1.2835981824249736e-05,117360,505,500,AVAILABLE_VALID_CACHE,1,ea4c79ee7a307622a041a5915265563f,30294522,1,,1284f9141657400869b7eaef1ce7a19eb6fdf6e26e34509f819c6e0920dfd135,
2021-02-13,2021,2021-02,https://data.gdeltproject.org/gkg/20210213.gkg.csv.zip,https://data.gdeltproject.org/gkg/20210213.gkg.csv.zip,4ed9cb49b72a33b3bf5bb2b3e095d9d7932b4f13676ae2dcc717af2c04174999,,19605648,48804,1,2.0489703923778303e-05,77062,505,500,AVAILABLE_VALID_CACHE,1,1d578d0a15c4e708fa3560120a009e54,19605648,1,,1284f9141657400869b7eaef1ce7a19eb6fdf6e26e34509f819c6e0920dfd135,
2021-02-14,2021,2021-02,https://data.gdeltproject.org/gkg/20210214.gkg.csv.zip,https://data.gdeltproject.org/gkg/20210214.gkg.csv.zip,d74748da91d704da906bdb1c79898e28c02abe95eb040341557ceca15702c5b9,,17016627,41917,1,2.385610000477122e-05,65731,505,500,AVAILABLE_VALID_CACHE,1,ddb185ebcaa07322531a44b7104d7f57,17016627,1,,1284f9141657400869b7eaef1ce7a19eb6fdf6e26e34509f819c6e0920dfd135,
2021-02-15,2021,2021-02,https://data.gdeltproject.org/gkg/20210215.gkg.csv.zip,https://data.gdeltproject.org/gkg/20210215.gkg.csv.zip,c40630d5d452da032c63b2ab65d74500776a6852a2baf11f6e13f876095ade70,,25892912,66693,1,1.4993852520466609e-05,97868,505,500,AVAILABLE_VALID_CACHE,1,76734dd89679715b3806075413d9ccf2,25892912,1,,1284f9141657400869b7eaef1ce7a19eb6fdf6e26e34509f819c6e0920dfd135,
2021-02-16,2021,2021-02,https://data.gdeltproject.org/gkg/20210216.gkg.csv.zip,https://data.gdeltproject.org/gkg/20210216.gkg.csv.zip,99e92192e580ea59c7c824f35c82130e788ccded009d9272bc6880728d08ccb7,,31684911,80761,1,1.2382060870211238e-05,119579,505,500,AVAILABLE_VALID_CACHE,1,ebad28dd94e9fe5500e1eb704f44ec72,31684911,1,,1284f9141657400869b7eaef1ce7a19eb6fdf6e26e34509f819c6e0920dfd135,
2021-02-17,2021,2021-02,https://data.gdeltproject.org/gkg/20210217.gkg.csv.zip,https://data.gdeltproject.org/gkg/20210217.gkg.csv.zip,0617a60fbfd5d79cdae6a11ca66aa9ae8fcc7fca7ff94048f920cf059f4df8a5,,34795964,88130,1,1.1346745186143355e-05,131663,505,500,AVAILABLE_VALID_CACHE,1,d5cd5bdbf2047bec240fb93851af73e3,34795964,1,,1284f9141657400869b7eaef1ce7a19eb6fdf6e26e34509f819c6e0920dfd135,
2021-02-18,2021,2021-02,https://data.gdeltproject.org/gkg/20210218.gkg.csv.zip,https://data.gdeltproject.org/gkg/20210218.gkg.csv.zip,006863c4d951742a65c489684467fed021c2c1c29191b410ae976a17ca920db0,,34773409,88356,1,1.1317722421539889e-05,132357,505,500,AVAILABLE_VALID_CACHE,1,e4e29b065df23886c97b5b25316321ca,34773409,1,,1284f9141657400869b7eaef1ce7a19eb6fdf6e26e34509f819c6e0920dfd135,
2021-02-19,2021,2021-02,https://data.gdeltproject.org/gkg/20210219.gkg.csv.zip,https://data.gdeltproject.org/gkg/20210219.gkg.csv.zip,655f2023b50e7e7fae296923ccc9322bf339fe2d9dac40f32b357868188d6faa,,32678288,82810,1,1.2075690427600199e-05,125910,505,500,AVAILABLE_VALID_CACHE,1,af375d694c85eaa0c844b8d1f5ebb509,32678288,1,,1284f9141657400869b7eaef1ce7a19eb6fdf6e26e34509f819c6e0920dfd135,
2021-02-20,2021,2021-02,https://data.gdeltproject.org/gkg/20210220.gkg.csv.zip,https://data.gdeltproject.org/gkg/20210220.gkg.csv.zip,c1246824c47e213f226bba1c06b24e22fd4132d273aa9f27b94e11150e053a75,,19542015,48677,1,2.054316118164263e-05,77139,505,500,AVAILABLE_VALID_CACHE,1,4b72b9ecf675a237fe34c5567bb73dd3,19542015,1,,1284f9141657400869b7eaef1ce7a19eb6fdf6e26e34509f819c6e0920dfd135,
2021-02-21,2021,2021-02,https://data.gdeltproject.org/gkg/20210221.gkg.csv.zip,https://data.gdeltproject.org/gkg/20210221.gkg.csv.zip,05860ed73c805f4b1645eff7409eb82804c386bd3ab286618a25b32ad8a1b5c7,,16597736,40591,1,2.4635396137169885e-05,63726,505,500,AVAILABLE_VALID_CACHE,1,d7062508a2578684028df10400d2a2a5,16597736,1,,1284f9141657400869b7eaef1ce7a19eb6fdf6e26e34509f819c6e0920dfd135,
2021-02-22,2021,2021-02,https://data.gdeltproject.org/gkg/20210222.gkg.csv.zip,https://data.gdeltproject.org/gkg/20210222.gkg.csv.zip,9a49a86d57d5791b25c91d8bdd11233b40a22a5bfda141ca7a868424c5f7cf13,,28821028,73342,1,1.3634566352617155e-05,110449,505,500,AVAILABLE_VALID_CACHE,1,8a4160873d724f04fa8a32148c70dada,28821028,1,,1284f9141657400869b7eaef1ce7a19eb6fdf6e26e34509f819c6e0920dfd135,
2021-02-23,2021,2021-02,https://data.gdeltproject.org/gkg/20210223.gkg.csv.zip,https://data.gdeltproject.org/gkg/20210223.gkg.csv.zip,666bae7611fbd00a8717385d2960b2ad9a275a9003e33340eaf85172432d923d,,33805732,85494,1,1.1696590443885607e-05,128303,505,500,AVAILABLE_VALID_CACHE,1,c888ee13b4149e9625bdfe430893ee32,33805732,1,,1284f9141657400869b7eaef1ce7a19eb6fdf6e26e34509f819c6e0920dfd135,
2021-02-24,2021,2021-02,https://data.gdeltproject.org/gkg/20210224.gkg.csv.zip,https://data.gdeltproject.org/gkg/20210224.gkg.csv.zip,a3083d6868d1111b881b46b0956f86ba2bfe29b9105f4c54f1ea608f006427d6,,34037086,86983,1,1.1496367147981239e-05,130278,505,500,AVAILABLE_VALID_CACHE,1,4a0f64a94bf4596cffaefb25d61b2d79,34037086,1,,1284f9141657400869b7eaef1ce7a19eb6fdf6e26e34509f819c6e0920dfd135,
2021-02-25,2021,2021-02,https://data.gdeltproject.org/gkg/20210225.gkg.csv.zip,https://data.gdeltproject.org/gkg/20210225.gkg.csv.zip,2e9f1bcb27b2b582a41244f8087cd617c226f9c6485ad6c059809eb143003e64,,33583749,86516,1,1.1558422044222522e-05,128637,505,500,AVAILABLE_VALID_CACHE,1,e82f91d6cf83fa5e6ce1783a226dc49d,33583749,1,,1284f9141657400869b7eaef1ce7a19eb6fdf6e26e34509f819c6e0920dfd135,
2021-02-26,2021,2021-02,https://data.gdeltproject.org/gkg/20210226.gkg.csv.zip,https://data.gdeltproject.org/gkg/20210226.gkg.csv.zip,52b4023175a795c3d0bd9f11cead680f048e2422e29294684adcbb0a267ab264,,32950459,82710,1,1.2090290287869811e-05,123694,505,500,AVAILABLE_VALID_CACHE,1,c5b80abb5ae295797d768a91d09a15ad,32950459,1,,1284f9141657400869b7eaef1ce7a19eb6fdf6e26e34509f819c6e0920dfd135,
2021-02-27,2021,2021-02,https://data.gdeltproject.org/gkg/20210227.gkg.csv.zip,https://data.gdeltproject.org/gkg/20210227.gkg.csv.zip,5963a3b9c15d5d40916a56d99f17adac36bcc070ce29518b39b773f2f83717ee,,19499243,48071,1,2.0802130138126145e-05,75546,505,500,AVAILABLE_VALID_CACHE,1,291c6e36569fe07b159f1a7dfa67c55a,19499243,1,,1284f9141657400869b7eaef1ce7a19eb6fdf6e26e34509f819c6e0920dfd135,
2021-02-28,2021,2021-02,https://data.gdeltproject.org/gkg/20210228.gkg.csv.zip,https://data.gdeltproject.org/gkg/20210228.gkg.csv.zip,91508bb01e4480c4f22ea562a943807e8c559062009c664030d91ff53ce29a28,,16098226,39208,1,2.5504348491417786e-05,60646,505,500,AVAILABLE_VALID_CACHE,1,d0b87d8c72196d9f57df1eaaca65e7d1,16098226,1,,1284f9141657400869b7eaef1ce7a19eb6fdf6e26e34509f819c6e0920dfd135,
2021-03-01,2021,2021-03,https://data.gdeltproject.org/gkg/20210301.gkg.csv.zip,https://data.gdeltproject.org/gkg/20210301.gkg.csv.zip,5e8d7e22b1ac22364f922226e7d6cecf0aa61db7979fe08a63c7dd41f903fa12,,29240976,73875,1,1.3536195787535871e-05,112536,505,500,AVAILABLE_VALID_CACHE,1,8a5f2add1af4c38e855295acbd669471,29240976,1,,1284f9141657400869b7eaef1ce7a19eb6fdf6e26e34509f819c6e0920dfd135,
2021-03-02,2021,2021-03,https://data.gdeltproject.org/gkg/20210302.gkg.csv.zip,https://data.gdeltproject.org/gkg/20210302.gkg.csv.zip,1fc91361d0bbf9058a93ddc2a078ccd72e38ca779c707a8a79586613c6e28ac2,,33370286,83918,1,1.191625257688962e-05,126404,505,500,AVAILABLE_VALID_CACHE,1,cbc86fac6f4851612e5b2a21e60ecbd0,33370286,1,,1284f9141657400869b7eaef1ce7a19eb6fdf6e26e34509f819c6e0920dfd135,
2021-03-03,2021,2021-03,https://data.gdeltproject.org/gkg/20210303.gkg.csv.zip,https://data.gdeltproject.org/gkg/20210303.gkg.csv.zip,bbb36d29f09e8ca820b181a240a9e1c044a4ea4be3f3c340ab543862b920a641,,34344458,86729,1,1.1530035743110804e-05,130339,505,500,AVAILABLE_VALID_CACHE,1,858f6eee3ca977ef50251edfcb8607eb,34344458,1,,1284f9141657400869b7eaef1ce7a19eb6fdf6e26e34509f819c6e0920dfd135,
2021-03-04,2021,2021-03,https://data.gdeltproject.org/gkg/20210304.gkg.csv.zip,https://data.gdeltproject.org/gkg/20210304.gkg.csv.zip,061e69612d23cf7cb5742b72f69878d17a02f5caaaea19fcb47a80b5ca13f2c5,,33054619,84517,1,1.1831799143377743e-05,126375,505,500,AVAILABLE_VALID_CACHE,1,96dfa1397672836349882fac79a3e57a,33054619,1,,1284f9141657400869b7eaef1ce7a19eb6fdf6e26e34509f819c6e0920dfd135,
2021-03-05,2021,2021-03,https://data.gdeltproject.org/gkg/20210305.gkg.csv.zip,https://data.gdeltproject.org/gkg/20210305.gkg.csv.zip,e3e46804096cd227bcc69a8dcd873dbcf06e96831018ef86af6ac4082158e0ac,,31563627,80327,1,1.2448959267005278e-05,120690,505,500,AVAILABLE_VALID_CACHE,1,b0968307c8ddc2dd699051f52b98da83,31563627,1,,1284f9141657400869b7eaef1ce7a19eb6fdf6e26e34509f819c6e0920dfd135,
2021-03-06,2021,2021-03,https://data.gdeltproject.org/gkg/20210306.gkg.csv.zip,https://data.gdeltproject.org/gkg/20210306.gkg.csv.zip,b5da3f23227ecfd1c2d60771dca477bdc5a5041177d5f08e537ade1bc905ecab,,19061931,47302,1,2.114030822569393e-05,74024,505,500,AVAILABLE_VALID_CACHE,1,2dec4f40781c6f7dbe6617576b3b803c,19061931,1,,1284f9141657400869b7eaef1ce7a19eb6fdf6e26e34509f819c6e0920dfd135,
2021-03-07,2021,2021-03,https://data.gdeltproject.org/gkg/20210307.gkg.csv.zip,https://data.gdeltproject.org/gkg/20210307.gkg.csv.zip,44b1740fc80f6d4c7a5906d3a4c3b99583711c7979c85ebedea759e542597911,,16167061,39522,1,2.5301723047339524e-05,62755,505,500,AVAILABLE_VALID_CACHE,1,f928815c6117079ddc135a61420a5b19,16167061,1,,1284f9141657400869b7eaef1ce7a19eb6fdf6e26e34509f819c6e0920dfd135,
2021-03-08,2021,2021-03,https://data.gdeltproject.org/gkg/20210308.gkg.csv.zip,https://data.gdeltproject.org/gkg/20210308.gkg.csv.zip,fa91a27ff6054c8d4fcf054010e100379bed17b5bbebe5f31f0c28073de445c7,,28944224,73395,1,1.3624720693225789e-05,111133,505,500,AVAILABLE_VALID_CACHE,1,fae82345a03f53c0b7dd2b4f9a3b6b0a,28944224,1,,1284f9141657400869b7eaef1ce7a19eb6fdf6e26e34509f819c6e0920dfd135,
2021-03-09,2021,2021-03,https://data.gdeltproject.org/gkg/20210309.gkg.csv.zip,https://data.gdeltproject.org/gkg/20210309.gkg.csv.zip,2239fa7b8432b3959282a79684b376430f75e5d67421c9b59b5a3976142327df,,32078806,82307,1,1.2149487291636294e-05,125134,505,500,AVAILABLE_VALID_CACHE,1,bd2cb84e785f06ef0352f1bd8049b606,32078806,1,,1284f9141657400869b7eaef1ce7a19eb6fdf6e26e34509f819c6e0920dfd135,
2021-03-10,2021,2021-03,https://data.gdeltproject.org/gkg/20210310.gkg.csv.zip,https://data.gdeltproject.org/gkg/20210310.gkg.csv.zip,4b4c3edd701b01dce01151fb1472fc9dd7bf7452e98c705323e93ed52c1be32d,,33481946,85203,1,1.1736538190695273e-05,127441,505,500,AVAILABLE_VALID_CACHE,1,b20c693a728542975f678feb1c782906,33481946,1,,1284f9141657400869b7eaef1ce7a19eb6fdf6e26e34509f819c6e0920dfd135,
2021-03-11,2021,2021-03,https://data.gdeltproject.org/gkg/20210311.gkg.csv.zip,https://data.gdeltproject.org/gkg/20210311.gkg.csv.zip,5c647cf0b2e680e73754c65cc5958c9503f645dd6f9a35e70ab73f05c74888c7,,33445782,85119,1,1.174812030075188e-05,128864,505,500,AVAILABLE_VALID_CACHE,1,442a7d556414eae2f658383d553f4760,33445782,1,,1284f9141657400869b7eaef1ce7a19eb6fdf6e26e34509f819c6e0920dfd135,
2021-03-12,2021,2021-03,https://data.gdeltproject.org/gkg/20210312.gkg.csv.zip,https://data.gdeltproject.org/gkg/20210312.gkg.csv.zip,3f3de3f1131fe74a43f9b984abb630d23d3f51a25630e97f57796c1adeac20d2,,31057902,79678,1,1.2550358312729829e-05,119714,505,500,AVAILABLE_VALID_CACHE,1,65d1abc4663179fb1bd468a12ebe97ea,31057902,1,,1284f9141657400869b7eaef1ce7a19eb6fdf6e26e34509f819c6e0920dfd135,
2021-03-13,2021,2021-03,https://data.gdeltproject.org/gkg/20210313.gkg.csv.zip,https://data.gdeltproject.org/gkg/20210313.gkg.csv.zip,de4ee0fd6eb6f9a07964f839774858385970e53a70df0f83cdf46341a3edea32,,18246932,45932,1,2.1770840136720877e-05,73209,505,500,AVAILABLE_VALID_CACHE,1,a8bc30688bee761693196fc1e8c5551c,18246932,1,,1284f9141657400869b7eaef1ce7a19eb6fdf6e26e34509f819c6e0920dfd135,
2021-03-14,2021,2021-03,https://data.gdeltproject.org/gkg/20210314.gkg.csv.zip,https://data.gdeltproject.org/gkg/20210314.gkg.csv.zip,6f5e21fe04f337127d186981a5866811c3c4e79b4e980670ed84ef0078a9d82c,,15881496,39289,1,2.5451768897938406e-05,61617,505,500,AVAILABLE_VALID_CACHE,1,5f558446ac8c065020fe28e3fc33f51e,15881496,1,,1284f9141657400869b7eaef1ce7a19eb6fdf6e26e34509f819c6e0920dfd135,
2021-03-15,2021,2021-03,https://data.gdeltproject.org/gkg/20210315.gkg.csv.zip,https://data.gdeltproject.org/gkg/20210315.gkg.csv.zip,52c6d6b5349dc26a462010c9f4baecc6aa4b10edbb5c7fc3c3181709ecbfc750,,29710772,74895,1,1.3351847895748772e-05,113265,505,500,AVAILABLE_VALID_CACHE,1,2e7145158e5f3aa24a6c80e154fe906d,29710772,1,,1284f9141657400869b7eaef1ce7a19eb6fdf6e26e34509f819c6e0920dfd135,
2021-03-16,2021,2021-03,https://data.gdeltproject.org/gkg/20210316.gkg.csv.zip,https://data.gdeltproject.org/gkg/20210316.gkg.csv.zip,abfcb0dfbc454d841d3d554c0a9f25cad9c313908338598efacdd7050d52d97b,,32045914,81241,1,1.2308904261342655e-05,123301,505,500,AVAILABLE_VALID_CACHE,1,88d0d0b34fca77539b67656ff6dd3f6a,32045914,1,,1284f9141657400869b7eaef1ce7a19eb6fdf6e26e34509f819c6e0920dfd135,
2021-03-17,2021,2021-03,https://data.gdeltproject.org/gkg/20210317.gkg.csv.zip,https://data.gdeltproject.org/gkg/20210317.gkg.csv.zip,d000e41fe5690fd809c0718eeedc132b78f669c879d7ceffee9e57d6965e8bb3,,33300944,83839,1,1.1927480916030534e-05,126546,505,500,AVAILABLE_VALID_CACHE,1,fa83123bd4d11631ebee77329e8541d0,33300944,1,,1284f9141657400869b7eaef1ce7a19eb6fdf6e26e34509f819c6e0920dfd135,
2021-03-18,2021,2021-03,https://data.gdeltproject.org/gkg/20210318.gkg.csv.zip,https://data.gdeltproject.org/gkg/20210318.gkg.csv.zip,c52cba987b801e4dfaeea1acac999a5a00fced70a2f371a1a44386c811706639,,33679600,84600,1,1.1820191250694437e-05,127667,505,500,AVAILABLE_VALID_CACHE,1,739ed17b92347bed938bd5febaaaf63f,33679600,1,,1284f9141657400869b7eaef1ce7a19eb6fdf6e26e34509f819c6e0920dfd135,
2021-03-19,2021,2021-03,https://data.gdeltproject.org/gkg/20210319.gkg.csv.zip,https://data.gdeltproject.org/gkg/20210319.gkg.csv.zip,f5a69ea51f1333d91e242a2c72268da2fd2db53c5954149747b26e0c5936d7b9,,31078737,78098,1,1.2804261258146711e-05,117405,505,500,AVAILABLE_VALID_CACHE,1,f5194819ee97d9a71084dd84eca58605,31078737,1,,1284f9141657400869b7eaef1ce7a19eb6fdf6e26e34509f819c6e0920dfd135,
2021-03-20,2021,2021-03,https://data.gdeltproject.org/gkg/20210320.gkg.csv.zip,https://data.gdeltproject.org/gkg/20210320.gkg.csv.zip,c63482ede10c4fc671937678179ec47d3e0bbbd464d4ab1645bc0ab29629fa6e,,18094693,45282,1,2.2083342534726056e-05,70252,505,500,AVAILABLE_VALID_CACHE,1,1fb34718d971fa230102b2f727e32b6c,18094693,1,,1284f9141657400869b7eaef1ce7a19eb6fdf6e26e34509f819c6e0920dfd135,
2021-03-21,2021,2021-03,https://data.gdeltproject.org/gkg/20210321.gkg.csv.zip,https://data.gdeltproject.org/gkg/20210321.gkg.csv.zip,834bd257984f41023b987f3d8f6c7b1ae8ee82bcb5577f80fc2ad97e20fd1493,,15411315,38257,1,2.6138324010664435e-05,58560,505,500,AVAILABLE_VALID_CACHE,1,767c9d596656e190ad20eb6cc7ca4e14,15411315,1,,1284f9141657400869b7eaef1ce7a19eb6fdf6e26e34509f819c6e0920dfd135,
2021-03-22,2021,2021-03,https://data.gdeltproject.org/gkg/20210322.gkg.csv.zip,https://data.gdeltproject.org/gkg/20210322.gkg.csv.zip,69579ee7591a4de14045ba04bae855e3c3666bf53c5dc5a4573d280d2354af97,,28758030,72502,1,1.3792532722783885e-05,108428,505,500,AVAILABLE_VALID_CACHE,1,72dda83113602efc92391d5f2c6de5a9,28758030,1,,1284f9141657400869b7eaef1ce7a19eb6fdf6e26e34509f819c6e0920dfd135,
2021-03-23,2021,2021-03,https://data.gdeltproject.org/gkg/20210323.gkg.csv.zip,https://data.gdeltproject.org/gkg/20210323.gkg.csv.zip,636dd4e8cd5a7ab16c282f8990a29bf8e6faa7562378422195b305b46f07baf6,,33362613,83629,1,1.1957431543704413e-05,125184,505,500,AVAILABLE_VALID_CACHE,1,fb2a401d2ece27c703c67ea2ee81ca64,33362613,1,,1284f9141657400869b7eaef1ce7a19eb6fdf6e26e34509f819c6e0920dfd135,
2021-03-24,2021,2021-03,https://data.gdeltproject.org/gkg/20210324.gkg.csv.zip,https://data.gdeltproject.org/gkg/20210324.gkg.csv.zip,6d1e40d15b6e6eb38e52f19b3a1f8cec9cf6e7a577109379624b129c7520a546,,33445605,83830,1,1.1928761436700028e-05,125826,505,500,AVAILABLE_VALID_CACHE,1,ba9fefc57338b1ab9b0f2637452db196,33445605,1,,1284f9141657400869b7eaef1ce7a19eb6fdf6e26e34509f819c6e0920dfd135,
2021-03-25,2021,2021-03,https://data.gdeltproject.org/gkg/20210325.gkg.csv.zip,https://data.gdeltproject.org/gkg/20210325.gkg.csv.zip,7f688b7a2e02b5cb260b8f16dbb03cb056e171b5912d64ca59d6e913d82c6fc0,,33642362,84513,1,1.1832359135764489e-05,128686,505,500,AVAILABLE_VALID_CACHE,1,fae25398efb5b35b3d4ac249fde9ce7c,33642362,1,,1284f9141657400869b7eaef1ce7a19eb6fdf6e26e34509f819c6e0920dfd135,
2021-03-26,2021,2021-03,https://data.gdeltproject.org/gkg/20210326.gkg.csv.zip,https://data.gdeltproject.org/gkg/20210326.gkg.csv.zip,755fbb16789420377382fab01bd95383deaac41dc55e72b2475b57e1ebb266bc,,32342027,80331,1,1.244833939152517e-05,122493,505,500,AVAILABLE_VALID_CACHE,1,e44fda4ecbe140cd41b5f2abc9b843de,32342027,1,,1284f9141657400869b7eaef1ce7a19eb6fdf6e26e34509f819c6e0920dfd135,
2021-03-27,2021,2021-03,https://data.gdeltproject.org/gkg/20210327.gkg.csv.zip,https://data.gdeltproject.org/gkg/20210327.gkg.csv.zip,498250dd519db87f75b7bfde1c65932cceaf0432dc2a54e3c425a07cfe5178c0,,18351191,45102,1,2.2171474181318317e-05,71807,505,500,AVAILABLE_VALID_CACHE,1,e2105faa3defb56bf126d58b6adc66e2,18351191,1,,1284f9141657400869b7eaef1ce7a19eb6fdf6e26e34509f819c6e0920dfd135,
2021-03-28,2021,2021-03,https://data.gdeltproject.org/gkg/20210328.gkg.csv.zip,https://data.gdeltproject.org/gkg/20210328.gkg.csv.zip,caa426edd847a44c78bf53b31ed3bbd6eccb7b7f79b771196782d94c565d4cb7,,16120329,38998,1,2.564168312008e-05,61519,505,500,AVAILABLE_VALID_CACHE,1,b3a968cff4d127f25f2ffd84eb8f798b,16120329,1,,1284f9141657400869b7eaef1ce7a19eb6fdf6e26e34509f819c6e0920dfd135,
2021-03-29,2021,2021-03,https://data.gdeltproject.org/gkg/20210329.gkg.csv.zip,https://data.gdeltproject.org/gkg/20210329.gkg.csv.zip,f932ccc8a852b1124e69bbc463d360c931f137b4e9a3b485d0830fdfbc5b2e76,,27465595,69892,1,1.4307584450517219e-05,105557,505,500,AVAILABLE_VALID_CACHE,1,2eb5c1083104df5952d114dce7767554,27465595,1,,1284f9141657400869b7eaef1ce7a19eb6fdf6e26e34509f819c6e0920dfd135,
2021-03-30,2021,2021-03,https://data.gdeltproject.org/gkg/20210330.gkg.csv.zip,https://data.gdeltproject.org/gkg/20210330.gkg.csv.zip,074910bc71e8629d4b6996b6b39a3aa87d6780fef0d34c2d449bba7341939c92,,31303877,80108,1,1.2482991923504226e-05,120854,505,500,AVAILABLE_VALID_CACHE,1,8cea72792d3457ce3757c187c53dd830,31303877,1,,1284f9141657400869b7eaef1ce7a19eb6fdf6e26e34509f819c6e0920dfd135,
2021-03-31,2021,2021-03,https://data.gdeltproject.org/gkg/20210331.gkg.csv.zip,https://data.gdeltproject.org/gkg/20210331.gkg.csv.zip,2abfcfd397d79670cfa4e390cddfb20bcda545b8e0bfb4706a07389720bccbd8,,33005913,84209,1,1.187507421921387e-05,126282,505,500,AVAILABLE_VALID_CACHE,1,b6266cba86d05146b08dc4f8ceb2ecaf,33005913,1,,1284f9141657400869b7eaef1ce7a19eb6fdf6e26e34509f819c6e0920dfd135,
2021-04-01,2021,2021-04,https://data.gdeltproject.org/gkg/20210401.gkg.csv.zip,https://data.gdeltproject.org/gkg/20210401.gkg.csv.zip,2d78a4342c500619f7b8bed3f415e05a72d332b96bf9cd540aae37a851eabd65,,31686384,81432,1,1.2280033892893545e-05,123318,505,500,AVAILABLE_VALID_CACHE,1,575987c8371c1dc361ccab2e7fd8ae9e,31686384,1,,1284f9141657400869b7eaef1ce7a19eb6fdf6e26e34509f819c6e0920dfd135,
2021-04-02,2021,2021-04,https://data.gdeltproject.org/gkg/20210402.gkg.csv.zip,https://data.gdeltproject.org/gkg/20210402.gkg.csv.zip,564f2c1e7ffee855a23f7ebf9f2e6de3a7b222de85fc77228062c558ef40774d,,25353942,64125,1,1.5594298724386363e-05,97878,505,500,AVAILABLE_VALID_CACHE,1,f082edbb2cebfc2c6cb011a710096b94,25353942,1,,1284f9141657400869b7eaef1ce7a19eb6fdf6e26e34509f819c6e0920dfd135,
2021-04-03,2021,2021-04,https://data.gdeltproject.org/gkg/20210403.gkg.csv.zip,https://data.gdeltproject.org/gkg/20210403.gkg.csv.zip,54e2ca25a32d31e241dcf775601922e5acf0c032a9ccbb9261331493cadc42fb,,15629374,39497,1,2.5317737606967443e-05,62771,505,500,AVAILABLE_VALID_CACHE,1,e6d17912e87e30eff8075e949949970d,15629374,1,,1284f9141657400869b7eaef1ce7a19eb6fdf6e26e34509f819c6e0920dfd135,
2021-04-04,2021,2021-04,https://data.gdeltproject.org/gkg/20210404.gkg.csv.zip,https://data.gdeltproject.org/gkg/20210404.gkg.csv.zip,a75271469b1312269dd34227312683d100f985344cc6c752fda72d6ccf170e56,,13816393,34703,1,2.8815122176118026e-05,54718,505,500,AVAILABLE_VALID_CACHE,1,1fcd562cb0e1f553b14b8810e0d9c3ee,13816393,1,,1284f9141657400869b7eaef1ce7a19eb6fdf6e26e34509f819c6e0920dfd135,
2021-04-05,2021,2021-04,https://data.gdeltproject.org/gkg/20210405.gkg.csv.zip,https://data.gdeltproject.org/gkg/20210405.gkg.csv.zip,97256a7e0938f0c8d06b8c9b4477e5d9d357eb6944f9cbbd9f32c1690df22b92,,23046528,58946,1,1.69643917417341e-05,91585,505,500,AVAILABLE_VALID_CACHE,1,2926c782316314ae3b7b193863cc59b7,23046528,1,,1284f9141657400869b7eaef1ce7a19eb6fdf6e26e34509f819c6e0920dfd135,
2021-04-06,2021,2021-04,https://data.gdeltproject.org/gkg/20210406.gkg.csv.zip,https://data.gdeltproject.org/gkg/20210406.gkg.csv.zip,5072c46ee83273fe711e916edc26ca1b4b38e35ee319b2dc992d2e109ce12c36,,29561780,76968,1,1.299224363055256e-05,115469,505,500,AVAILABLE_VALID_CACHE,1,5d984353ec73e7fe8f0566331c2e8dab,29561780,1,,1284f9141657400869b7eaef1ce7a19eb6fdf6e26e34509f819c6e0920dfd135,
2021-04-07,2021,2021-04,https://data.gdeltproject.org/gkg/20210407.gkg.csv.zip,https://data.gdeltproject.org/gkg/20210407.gkg.csv.zip,ca970ef9d968534513f89393840a70fd22de87fb44cf333f393d03a7524d9e26,,31899087,81819,1,1.2221950623319482e-05,122790,505,500,AVAILABLE_VALID_CACHE,1,6e0eb9c43cda27ed81f82b6d5bb876f8,31899087,1,,1284f9141657400869b7eaef1ce7a19eb6fdf6e26e34509f819c6e0920dfd135,
2021-04-08,2021,2021-04,https://data.gdeltproject.org/gkg/20210408.gkg.csv.zip,https://data.gdeltproject.org/gkg/20210408.gkg.csv.zip,0632f688921fc7fe6c740492905f009c3d46cb47b3cd34785ea110d0aaaa76de,,31528084,80679,1,1.2394645513138324e-05,120104,505,500,AVAILABLE_VALID_CACHE,1,2b5009e69da02c255b1a7548833945b6,31528084,1,,1284f9141657400869b7eaef1ce7a19eb6fdf6e26e34509f819c6e0920dfd135,
2021-04-09,2021,2021-04,https://data.gdeltproject.org/gkg/20210409.gkg.csv.zip,https://data.gdeltproject.org/gkg/20210409.gkg.csv.zip,73c2c4c90b9002373a8b05f889555a2569a517fd434c5944ec497411eb33921d,,30478207,76409,1,1.3087292239235702e-05,116789,505,500,AVAILABLE_VALID_CACHE,1,120113d62f47dfe8c351bf6d13cbac3a,30478207,1,,1284f9141657400869b7eaef1ce7a19eb6fdf6e26e34509f819c6e0920dfd135,
2021-04-10,2021,2021-04,https://data.gdeltproject.org/gkg/20210410.gkg.csv.zip,https://data.gdeltproject.org/gkg/20210410.gkg.csv.zip,47bf9fa6a14264cb9ecf1ad1fc4db80c73ef7cff99b449099b78c836e643f294,,17561050,43184,1,2.315618849137432e-05,67848,505,500,AVAILABLE_VALID_CACHE,1,e4037853b19561a8c5e8a330d03b5270,17561050,1,,1284f9141657400869b7eaef1ce7a19eb6fdf6e26e34509f819c6e0920dfd135,
2021-04-11,2021,2021-04,https://data.gdeltproject.org/gkg/20210411.gkg.csv.zip,https://data.gdeltproject.org/gkg/20210411.gkg.csv.zip,21c477fcc2a7471d56f78d9f5247e23a95f25c4bd0ad872b29d16b6fdd39dfda,,15240823,37666,1,2.65484376244458e-05,60506,505,500,AVAILABLE_VALID_CACHE,1,cb4fafbb5d53772f25672db0481f26e0,15240823,1,,1284f9141657400869b7eaef1ce7a19eb6fdf6e26e34509f819c6e0920dfd135,
2021-04-12,2021,2021-04,https://data.gdeltproject.org/gkg/20210412.gkg.csv.zip,https://data.gdeltproject.org/gkg/20210412.gkg.csv.zip,43aa7273c70285b3f005f631d55821cf7db4c0a1f66a917dd1ee2961b1382476,,27955832,71454,1,1.399482191589112e-05,108580,505,500,AVAILABLE_VALID_CACHE,1,6e2c7d5b06f4642ba7b2ffee081deaa6,27955832,1,,1284f9141657400869b7eaef1ce7a19eb6fdf6e26e34509f819c6e0920dfd135,
2021-04-13,2021,2021-04,https://data.gdeltproject.org/gkg/20210413.gkg.csv.zip,https://data.gdeltproject.org/gkg/20210413.gkg.csv.zip,609948658ed75b41fe09bb0b862a9bdce89118bbbd81e6422bbc66eda71c2f77,,30614452,78388,1,1.2756891910854839e-05,118855,505,500,AVAILABLE_VALID_CACHE,1,d358245786ec414bbfcc01f1bbe4d207,30614452,1,,1284f9141657400869b7eaef1ce7a19eb6fdf6e26e34509f819c6e0920dfd135,
2021-04-14,2021,2021-04,https://data.gdeltproject.org/gkg/20210414.gkg.csv.zip,https://data.gdeltproject.org/gkg/20210414.gkg.csv.zip,e6637e1b1cd467f1456663b9b0d69a675e8bceae3640e8e45ff61d446b88353e,,31642153,80218,1,1.2465874668096088e-05,118226,505,500,AVAILABLE_VALID_CACHE,1,30d7432722a362d797f08c2e9c732d6d,31642153,1,,1284f9141657400869b7eaef1ce7a19eb6fdf6e26e34509f819c6e0920dfd135,
2021-04-15,2021,2021-04,https://data.gdeltproject.org/gkg/20210415.gkg.csv.zip,https://data.gdeltproject.org/gkg/20210415.gkg.csv.zip,1a9d735c98c7e10b7194f2e623f5b3c6593c3d7ba74792ffbce1e74cd3cef45b,,32170822,81622,1,1.2251448733812773e-05,119157,505,500,AVAILABLE_VALID_CACHE,1,d9fc59c65d45978801a1766ad2a2b1af,32170822,1,,1284f9141657400869b7eaef1ce7a19eb6fdf6e26e34509f819c6e0920dfd135,
2021-04-16,2021,2021-04,https://data.gdeltproject.org/gkg/20210416.gkg.csv.zip,https://data.gdeltproject.org/gkg/20210416.gkg.csv.zip,b38cc701f9250ae32a558a547d52000db25eedeb810d16634c39daed7b1790f1,,29833607,75680,1,1.3213356060305757e-05,112288,505,500,AVAILABLE_VALID_CACHE,1,283527afdf342fc3011b3095e28faff0,29833607,1,,1284f9141657400869b7eaef1ce7a19eb6fdf6e26e34509f819c6e0920dfd135,
2021-04-17,2021,2021-04,https://data.gdeltproject.org/gkg/20210417.gkg.csv.zip,https://data.gdeltproject.org/gkg/20210417.gkg.csv.zip,7d89b2f3b6269fab6cf6f9ff348b0f76441e0bab4d7e5320aff9d12444a1749e,,17321901,42469,1,2.354603249352484e-05,64905,505,500,AVAILABLE_VALID_CACHE,1,fe7cc74302c3b415da232ddc972fe131,17321901,1,,1284f9141657400869b7eaef1ce7a19eb6fdf6e26e34509f819c6e0920dfd135,
2021-04-18,2021,2021-04,https://data.gdeltproject.org/gkg/20210418.gkg.csv.zip,https://data.gdeltproject.org/gkg/20210418.gkg.csv.zip,680b3cac251ff7dd1c329b4c7bd3416c123af21958ebfc49c525428584ae99ce,,15101729,37324,1,2.679169457468185e-05,57394,505,500,AVAILABLE_VALID_CACHE,1,ba4bc0f76eb2f62a69761cd77fe9472e,15101729,1,,1284f9141657400869b7eaef1ce7a19eb6fdf6e26e34509f819c6e0920dfd135,
2021-04-19,2021,2021-04,https://data.gdeltproject.org/gkg/20210419.gkg.csv.zip,https://data.gdeltproject.org/gkg/20210419.gkg.csv.zip,7c9ba37f55a0b3b62b1a3a580373779d1312a2927fdc804280f8d6bb42b86800,,27641602,71290,1,1.4027016032879325e-05,104874,505,500,AVAILABLE_VALID_CACHE,1,13f24519f85afe8d77fc41397ea098ad,27641602,1,,1284f9141657400869b7eaef1ce7a19eb6fdf6e26e34509f819c6e0920dfd135,
2021-04-20,2021,2021-04,https://data.gdeltproject.org/gkg/20210420.gkg.csv.zip,https://data.gdeltproject.org/gkg/20210420.gkg.csv.zip,fcab8e1cee3f1ce0c6ade59f65d6802642942dfc49311bad2821f67e7d2dc0f3,,31546897,79623,1,1.2559027428915906e-05,117588,505,500,AVAILABLE_VALID_CACHE,1,c48f71664bbe7db6592ac65161045c3d,31546897,1,,1284f9141657400869b7eaef1ce7a19eb6fdf6e26e34509f819c6e0920dfd135,
2021-04-21,2021,2021-04,https://data.gdeltproject.org/gkg/20210421.gkg.csv.zip,https://data.gdeltproject.org/gkg/20210421.gkg.csv.zip,4d88d96b496d05f43fefdd95aa3e055164c0cbff799dbaf353210a653fd055d1,,32140966,81298,1,1.2300274296116803e-05,119146,505,500,AVAILABLE_VALID_CACHE,1,bf8a596abcde069c1b9b8d92d743685b,32140966,1,,1284f9141657400869b7eaef1ce7a19eb6fdf6e26e34509f819c6e0920dfd135,
2021-04-22,2021,2021-04,https://data.gdeltproject.org/gkg/20210422.gkg.csv.zip,https://data.gdeltproject.org/gkg/20210422.gkg.csv.zip,5f00960fe88f7e421125b2a6bde6466adb77e33630fa13ccdf3ce8ffe1e1b67c,,32825064,82328,1,1.2146388271447485e-05,121894,505,500,AVAILABLE_VALID_CACHE,1,a3f4edabda41c0662d0d763d96a19707,32825064,1,,1284f9141657400869b7eaef1ce7a19eb6fdf6e26e34509f819c6e0920dfd135,
2021-04-23,2021,2021-04,https://data.gdeltproject.org/gkg/20210423.gkg.csv.zip,https://data.gdeltproject.org/gkg/20210423.gkg.csv.zip,93a03e5fa7c6309d6a427c2231dc409c562ed8f460de9804244dfe13c7a35eab,,28995667,72839,1,1.3728720483250961e-05,110202,505,500,AVAILABLE_VALID_CACHE,1,51f235670c881fc6b1c9558e9fab97a5,28995667,1,,1284f9141657400869b7eaef1ce7a19eb6fdf6e26e34509f819c6e0920dfd135,
2021-04-24,2021,2021-04,https://data.gdeltproject.org/gkg/20210424.gkg.csv.zip,https://data.gdeltproject.org/gkg/20210424.gkg.csv.zip,c877a0c6cee795a5ef9bff3f917a99058c7d0036af0ad67431f24f1c37bfd653,,17247841,42601,1,2.3473076381390545e-05,66622,505,500,AVAILABLE_VALID_CACHE,1,652973c2d3f7b26a796108586b1682f5,17247841,1,,1284f9141657400869b7eaef1ce7a19eb6fdf6e26e34509f819c6e0920dfd135,
2021-04-25,2021,2021-04,https://data.gdeltproject.org/gkg/20210425.gkg.csv.zip,https://data.gdeltproject.org/gkg/20210425.gkg.csv.zip,1be04cb3e635bd34e0d9b42ee808a7adbffb41c9b68dda318e17db24e8040b60,,15197989,36922,1,2.7083389757061994e-05,57676,505,500,AVAILABLE_VALID_CACHE,1,729e3a51483a950a6dbbdd151d48eab4,15197989,1,,1284f9141657400869b7eaef1ce7a19eb6fdf6e26e34509f819c6e0920dfd135,
2021-04-26,2021,2021-04,https://data.gdeltproject.org/gkg/20210426.gkg.csv.zip,https://data.gdeltproject.org/gkg/20210426.gkg.csv.zip,5bb2eb8c32a54ba4926327a9b255e050d4073ce1ac1d6930973eff1e1e7f67df,,27957968,70487,1,1.4186811939620929e-05,105354,505,500,AVAILABLE_VALID_CACHE,1,ba1679d0b621b9e92282a53356cb7ed0,27957968,1,,1284f9141657400869b7eaef1ce7a19eb6fdf6e26e34509f819c6e0920dfd135,
2021-04-27,2021,2021-04,https://data.gdeltproject.org/gkg/20210427.gkg.csv.zip,https://data.gdeltproject.org/gkg/20210427.gkg.csv.zip,92bdd976423a5485812174b9f07f1ba50ccb3fe059d4b8fdac4d9e551d3f23e1,,30861066,78461,1,1.2745023068491754e-05,115770,505,500,AVAILABLE_VALID_CACHE,1,f4e95f0fbb839b80d903e91402fbfc40,30861066,1,,1284f9141657400869b7eaef1ce7a19eb6fdf6e26e34509f819c6e0920dfd135,
2021-04-28,2021,2021-04,https://data.gdeltproject.org/gkg/20210428.gkg.csv.zip,https://data.gdeltproject.org/gkg/20210428.gkg.csv.zip,ba24ef8f72d2f6d31264b7c5051ca1eb4a4a2041f4a32d511d47353c8980df51,,32252675,81726,1,1.2235858406646518e-05,119886,505,500,AVAILABLE_VALID_CACHE,1,d1cd4b4ed37652b38db237457c1b0a19,32252675,1,,1284f9141657400869b7eaef1ce7a19eb6fdf6e26e34509f819c6e0920dfd135,
2021-04-29,2021,2021-04,https://data.gdeltproject.org/gkg/20210429.gkg.csv.zip,https://data.gdeltproject.org/gkg/20210429.gkg.csv.zip,f13bbdbaf37ca6cb8f6fa79abffb66ba182851296a12d95a5658cfe4536a88c0,,32525307,82180,1,1.216826273712902e-05,119496,505,500,AVAILABLE_VALID_CACHE,1,2860dd00b08651185b7a7a972ce888e0,32525307,1,,1284f9141657400869b7eaef1ce7a19eb6fdf6e26e34509f819c6e0920dfd135,
2021-04-30,2021,2021-04,https://data.gdeltproject.org/gkg/20210430.gkg.csv.zip,https://data.gdeltproject.org/gkg/20210430.gkg.csv.zip,cbc3c39070866d4ed16d8fe207149efd271ac731803dc977989b99d291ae9e1a,,29731701,75070,1,1.3320723048847091e-05,114418,505,500,AVAILABLE_VALID_CACHE,1,d90a81df2c7534ccbe28141708a5aa5d,29731701,1,,1284f9141657400869b7eaef1ce7a19eb6fdf6e26e34509f819c6e0920dfd135,
2021-05-01,2021,2021-05,https://data.gdeltproject.org/gkg/20210501.gkg.csv.zip,https://data.gdeltproject.org/gkg/20210501.gkg.csv.zip,e902f6a037c87fba75a7fb3e0ec474fb8697cb9fb3ccb3ad87d87dfc0fd7d40d,,17491792,43413,1,2.3034044317501268e-05,65922,505,500,AVAILABLE_VALID_CACHE,1,d0660cfa54c4762573b082f74d8781da,17491792,1,,1284f9141657400869b7eaef1ce7a19eb6fdf6e26e34509f819c6e0920dfd135,
2021-05-02,2021,2021-05,https://data.gdeltproject.org/gkg/20210502.gkg.csv.zip,https://data.gdeltproject.org/gkg/20210502.gkg.csv.zip,92b153fc3337e373f036b56fd4674d4816eaf4c06886aca207b3e8beaef1539b,,15134323,37520,1,2.6651741691319526e-05,57768,505,500,AVAILABLE_VALID_CACHE,1,fc90b826fe6d277d2bffcb5174c3f92c,15134323,1,,1284f9141657400869b7eaef1ce7a19eb6fdf6e26e34509f819c6e0920dfd135,
2021-05-03,2021,2021-05,https://data.gdeltproject.org/gkg/20210503.gkg.csv.zip,https://data.gdeltproject.org/gkg/20210503.gkg.csv.zip,4fd7e7ffac0f17cd6001a4a4b868d544bd5e3b077dab6999e4e1fd4d14b9dc71,,24880087,63483,1,1.5752000504064016e-05,94529,505,500,AVAILABLE_VALID_CACHE,1,d92bd14aa15dbe6d0e793a991e17e560,24880087,1,,1284f9141657400869b7eaef1ce7a19eb6fdf6e26e34509f819c6e0920dfd135,
2021-05-04,2021,2021-05,https://data.gdeltproject.org/gkg/20210504.gkg.csv.zip,https://data.gdeltproject.org/gkg/20210504.gkg.csv.zip,9bbf6e29e6a705c47a8581aba0225956b4bb0c576939f760574ac6d8f9484976,,29537598,76430,1,1.3083696405908597e-05,110741,505,500,AVAILABLE_VALID_CACHE,1,b834e2a1b0970e5d27705d6270447bb6,29537598,1,,1284f9141657400869b7eaef1ce7a19eb6fdf6e26e34509f819c6e0920dfd135,
2021-05-05,2021,2021-05,https://data.gdeltproject.org/gkg/20210505.gkg.csv.zip,https://data.gdeltproject.org/gkg/20210505.gkg.csv.zip,f9e3307e7f48ea836b7d91aeb218c0c15cb8497093254f0a0eb6f5fda516ae0c,,31506441,80467,1,1.2427300293284288e-05,115929,505,500,AVAILABLE_VALID_CACHE,1,b5bf31b0b44184d418c42bb6e2a920d6,31506441,1,,1284f9141657400869b7eaef1ce7a19eb6fdf6e26e34509f819c6e0920dfd135,
2021-05-06,2021,2021-05,https://data.gdeltproject.org/gkg/20210506.gkg.csv.zip,https://data.gdeltproject.org/gkg/20210506.gkg.csv.zip,5e1cf1b7ba31bf28a20e47c688ae6a7bb6d4865d40b4b5168beaae8427bfdaba,,31703057,80900,1,1.2360786640461798e-05,118113,505,500,AVAILABLE_VALID_CACHE,1,552e7421ec8b4b29c31b584b27bf8586,31703057,1,,1284f9141657400869b7eaef1ce7a19eb6fdf6e26e34509f819c6e0920dfd135,
2021-05-07,2021,2021-05,https://data.gdeltproject.org/gkg/20210507.gkg.csv.zip,https://data.gdeltproject.org/gkg/20210507.gkg.csv.zip,c317d749ee2c241dd4941d01974173b1273b7036533b3a51769a014c0a8c7f5d,,29377968,74641,1,1.3397283031001312e-05,110506,505,500,AVAILABLE_VALID_CACHE,1,98aa7697d9a75bc780d584a0453ed127,29377968,1,,1284f9141657400869b7eaef1ce7a19eb6fdf6e26e34509f819c6e0920dfd135,
2021-05-08,2021,2021-05,https://data.gdeltproject.org/gkg/20210508.gkg.csv.zip,https://data.gdeltproject.org/gkg/20210508.gkg.csv.zip,247b8e6114ace5c430a0444da6adf962e078d79c15d7f50c5ee5a0f2ba5e097e,,17008811,41782,1,2.3933178565445277e-05,64665,505,500,AVAILABLE_VALID_CACHE,1,09f693350323a97aa38db6b0c655da8c,17008811,1,,1284f9141657400869b7eaef1ce7a19eb6fdf6e26e34509f819c6e0920dfd135,
2021-05-09,2021,2021-05,https://data.gdeltproject.org/gkg/20210509.gkg.csv.zip,https://data.gdeltproject.org/gkg/20210509.gkg.csv.zip,b1e6e5dda67a29c88d8e1a577dd6303bbd03c4b5c6d8fff430f88c00e7e3ec94,,14931488,36328,1,2.7526218723333977e-05,57230,505,500,AVAILABLE_VALID_CACHE,1,602b34ce4e8bd5d513edadfb8b46ebfa,14931488,1,,1284f9141657400869b7eaef1ce7a19eb6fdf6e26e34509f819c6e0920dfd135,
2021-05-10,2021,2021-05,https://data.gdeltproject.org/gkg/20210510.gkg.csv.zip,https://data.gdeltproject.org/gkg/20210510.gkg.csv.zip,94621b5591126f97e26ab63aff5fc6176e87f33c0cfab1464a31346ef6a9e866,,27121547,68679,1,1.4560279557367501e-05,102515,505,500,AVAILABLE_VALID_CACHE,1,fbbe849ccf0bfb2740aa4fcacab6cf28,27121547,1,,1284f9141657400869b7eaef1ce7a19eb6fdf6e26e34509f819c6e0920dfd135,
2021-05-11,2021,2021-05,https://data.gdeltproject.org/gkg/20210511.gkg.csv.zip,https://data.gdeltproject.org/gkg/20210511.gkg.csv.zip,b91bc9ab974ffff499b26921ab1133906fd589a890284f92635d231cecc517fc,,31686681,79002,1,1.2657747174157944e-05,116626,505,500,AVAILABLE_VALID_CACHE,1,85eb536b415b4eb130ad3b2b843cfa02,31686681,1,,1284f9141657400869b7eaef1ce7a19eb6fdf6e26e34509f819c6e0920dfd135,
2021-05-12,2021,2021-05,https://data.gdeltproject.org/gkg/20210512.gkg.csv.zip,https://data.gdeltproject.org/gkg/20210512.gkg.csv.zip,1937df7c7f0108adfef3ceedb4bee83d9154b326f29d6b29bcb305ee342ba30c,,33266470,81888,1,1.2211652358680652e-05,120805,505,500,AVAILABLE_VALID_CACHE,1,1733143ae780a6c663ac32d98e994afb,33266470,1,,1284f9141657400869b7eaef1ce7a19eb6fdf6e26e34509f819c6e0920dfd135,
2021-05-13,2021,2021-05,https://data.gdeltproject.org/gkg/20210513.gkg.csv.zip,https://data.gdeltproject.org/gkg/20210513.gkg.csv.zip,650efcf84e845f205c5bbbb2738d3ddfb708da345709e2cf001a0a21fbdb5d6f,,31207865,78239,1,1.278118609406953e-05,115574,505,500,AVAILABLE_VALID_CACHE,1,652857d68fe8900303bc4208c80d0cf0,31207865,1,,1284f9141657400869b7eaef1ce7a19eb6fdf6e26e34509f819c6e0920dfd135,
2021-05-14,2021,2021-05,https://data.gdeltproject.org/gkg/20210514.gkg.csv.zip,https://data.gdeltproject.org/gkg/20210514.gkg.csv.zip,389cf92ce745b948bba7e8c90242d4f3bfd16040ae62ce8dbe30f6e17a317f34,,28711429,72280,1,1.383489437058148e-05,108228,505,500,AVAILABLE_VALID_CACHE,1,e950547b0ac2937256a7498f770ce8ae,28711429,1,,1284f9141657400869b7eaef1ce7a19eb6fdf6e26e34509f819c6e0920dfd135,
2021-05-15,2021,2021-05,https://data.gdeltproject.org/gkg/20210515.gkg.csv.zip,https://data.gdeltproject.org/gkg/20210515.gkg.csv.zip,8d1d2c62507b8984aa1630e7d07820b0faab661870482cf5828fb698eacc4c65,,16758740,40858,1,2.4474412002251648e-05,62743,505,500,AVAILABLE_VALID_CACHE,1,2739461059d32c46f23d56fbb1266230,16758740,1,,1284f9141657400869b7eaef1ce7a19eb6fdf6e26e34509f819c6e0920dfd135,
2021-05-16,2021,2021-05,https://data.gdeltproject.org/gkg/20210516.gkg.csv.zip,https://data.gdeltproject.org/gkg/20210516.gkg.csv.zip,554e94f19a7785cc355ad261a09f22b54553d2a5a18136b3b56ebc2199acaaf5,,15675917,36538,1,2.7368017734475492e-05,56188,505,500,AVAILABLE_VALID_CACHE,1,939ab3b0929b9d94102660ae7d8e7351,15675917,1,,1284f9141657400869b7eaef1ce7a19eb6fdf6e26e34509f819c6e0920dfd135,
2021-05-17,2021,2021-05,https://data.gdeltproject.org/gkg/20210517.gkg.csv.zip,https://data.gdeltproject.org/gkg/20210517.gkg.csv.zip,edaae63607107b63c490fd43cbb0ef82b35ba2041692678b33bddc73238139d2,,27453356,68539,1,1.4590020426028596e-05,100238,505,500,AVAILABLE_VALID_CACHE,1,4c1f64d6fd7eecb9e3a7b868faacaf12,27453356,1,,1284f9141657400869b7eaef1ce7a19eb6fdf6e26e34509f819c6e0920dfd135,
2021-05-18,2021,2021-05,https://data.gdeltproject.org/gkg/20210518.gkg.csv.zip,https://data.gdeltproject.org/gkg/20210518.gkg.csv.zip,d013ff61b4c3af63dca2d64e773b9ec70b72b1936108a7810af9c115d80828ea,,30428290,76898,1,1.300407027399576e-05,113200,505,500,AVAILABLE_VALID_CACHE,1,dc727d54436f417f653e7ca0441d68b7,30428290,1,,1284f9141657400869b7eaef1ce7a19eb6fdf6e26e34509f819c6e0920dfd135,
2021-05-19,2021,2021-05,https://data.gdeltproject.org/gkg/20210519.gkg.csv.zip,https://data.gdeltproject.org/gkg/20210519.gkg.csv.zip,6af35555e5b641a45da7860f206243231271fa9ca00d216efe58caf50fbc466d,,32122605,79655,1,1.2553982123129457e-05,118326,505,500,AVAILABLE_VALID_CACHE,1,0ce126e02d2a89cd788de5f17382fcc4,32122605,1,,1284f9141657400869b7eaef1ce7a19eb6fdf6e26e34509f819c6e0920dfd135,
2021-05-20,2021,2021-05,https://data.gdeltproject.org/gkg/20210520.gkg.csv.zip,https://data.gdeltproject.org/gkg/20210520.gkg.csv.zip,3c837c774548220ae90109b026fca88fefeb74a87c535d9ed4c405e0b6809c28,,31523546,78848,1,1.2682469023069411e-05,114834,505,500,AVAILABLE_VALID_CACHE,1,a40fc98d2f4ef648f4883e50dc6dd843,31523546,1,,1284f9141657400869b7eaef1ce7a19eb6fdf6e26e34509f819c6e0920dfd135,
2021-05-21,2021,2021-05,https://data.gdeltproject.org/gkg/20210521.gkg.csv.zip,https://data.gdeltproject.org/gkg/20210521.gkg.csv.zip,4ea89f24f51790699c6a6d18c47ca8759083e8f42529752f2a2335b04b436424,,28952719,72626,1,1.3768983986671624e-05,107489,505,500,AVAILABLE_VALID_CACHE,1,f858a4bf70a805948faa5a841dab6e07,28952719,1,,1284f9141657400869b7eaef1ce7a19eb6fdf6e26e34509f819c6e0920dfd135,
2021-05-22,2021,2021-05,https://data.gdeltproject.org/gkg/20210522.gkg.csv.zip,https://data.gdeltproject.org/gkg/20210522.gkg.csv.zip,f831e77f92c55cd849f87b2ffb02fbbdaf3aa88358bac4f7b29c9b4eacf96896,,16340600,40284,1,2.4823135161970957e-05,64425,505,500,AVAILABLE_VALID_CACHE,1,c7214536281b294885eef9d6fba326ba,16340600,1,,1284f9141657400869b7eaef1ce7a19eb6fdf6e26e34509f819c6e0920dfd135,
2021-05-23,2021,2021-05,https://data.gdeltproject.org/gkg/20210523.gkg.csv.zip,https://data.gdeltproject.org/gkg/20210523.gkg.csv.zip,35bd5554e46e27b355f764926fddfbe670a310ce1073ea30245fbd8119db150b,,14572439,35946,1,2.7818733134893038e-05,56172,505,500,AVAILABLE_VALID_CACHE,1,1c86df37d13e661504008b3c40051623,14572439,1,,1284f9141657400869b7eaef1ce7a19eb6fdf6e26e34509f819c6e0920dfd135,
2021-05-24,2021,2021-05,https://data.gdeltproject.org/gkg/20210524.gkg.csv.zip,https://data.gdeltproject.org/gkg/20210524.gkg.csv.zip,6241c3430362bfa33a2a421a8a8a764a5a233c8a4e332b864a01036ae8ed1e0a,,25752228,64975,1,1.5390297956168432e-05,96888,505,500,AVAILABLE_VALID_CACHE,1,570a3da2e4969d8908ce82837a7f6abf,25752228,1,,1284f9141657400869b7eaef1ce7a19eb6fdf6e26e34509f819c6e0920dfd135,
2021-05-25,2021,2021-05,https://data.gdeltproject.org/gkg/20210525.gkg.csv.zip,https://data.gdeltproject.org/gkg/20210525.gkg.csv.zip,c8d1b2dfd41d5a620458a0292919affa831dea9646533851ab6a0c9eb5698891,,30289681,75451,1,1.3253459152838892e-05,112945,505,500,AVAILABLE_VALID_CACHE,1,ec94afbf9174eba01e5285f857e5eb6e,30289681,1,,1284f9141657400869b7eaef1ce7a19eb6fdf6e26e34509f819c6e0920dfd135,
2021-05-26,2021,2021-05,https://data.gdeltproject.org/gkg/20210526.gkg.csv.zip,https://data.gdeltproject.org/gkg/20210526.gkg.csv.zip,f63fbb917f4fe6792771edd8220aca82aa681e6559024c0892ebb8a80cd51015,,30942105,78100,1,1.280393336833075e-05,115969,505,500,AVAILABLE_VALID_CACHE,1,84b8771e3c5ad40b26201c556257369e,30942105,1,,1284f9141657400869b7eaef1ce7a19eb6fdf6e26e34509f819c6e0920dfd135,
2021-05-27,2021,2021-05,https://data.gdeltproject.org/gkg/20210527.gkg.csv.zip,https://data.gdeltproject.org/gkg/20210527.gkg.csv.zip,63a5d4d7b661078382678c2191b4f1618bd87822153bc75f2b3a01a668b4c7b4,,31593850,79274,1,1.261431725007884e-05,118590,505,500,AVAILABLE_VALID_CACHE,1,ef2ee840abc0f95573f85cd738eba468,31593850,1,,1284f9141657400869b7eaef1ce7a19eb6fdf6e26e34509f819c6e0920dfd135,
2021-05-28,2021,2021-05,https://data.gdeltproject.org/gkg/20210528.gkg.csv.zip,https://data.gdeltproject.org/gkg/20210528.gkg.csv.zip,3b1be69938a92a7f5ebcfedb643da59366b4091ba0da701c64a85b98637d4476,,28722057,72066,1,1.3875976521847725e-05,107918,505,500,AVAILABLE_VALID_CACHE,1,2e1973c5b27816ff8a26048d0af935ea,28722057,1,,1284f9141657400869b7eaef1ce7a19eb6fdf6e26e34509f819c6e0920dfd135,
2021-05-29,2021,2021-05,https://data.gdeltproject.org/gkg/20210529.gkg.csv.zip,https://data.gdeltproject.org/gkg/20210529.gkg.csv.zip,9174d263c071456f6fb26c7ca628d45b5ca9db8bffb6f11e761c70911d61f930,,16185337,40634,1,2.460932693490833e-05,62235,505,500,AVAILABLE_VALID_CACHE,1,ff60e4ad702ea6a56675dd6311ef448d,16185337,1,,1284f9141657400869b7eaef1ce7a19eb6fdf6e26e34509f819c6e0920dfd135,
2021-05-30,2021,2021-05,https://data.gdeltproject.org/gkg/20210530.gkg.csv.zip,https://data.gdeltproject.org/gkg/20210530.gkg.csv.zip,d69def5532f38c8d6c192c976ebc7f7f3686c60bad40cf861661dee22ca8b210,,14555177,35723,1,2.799238607098869e-05,55883,505,500,AVAILABLE_VALID_CACHE,1,1951f46617f10ba153d6a70b3839a237,14555177,1,,1284f9141657400869b7eaef1ce7a19eb6fdf6e26e34509f819c6e0920dfd135,
2021-05-31,2021,2021-05,https://data.gdeltproject.org/gkg/20210531.gkg.csv.zip,https://data.gdeltproject.org/gkg/20210531.gkg.csv.zip,0fcd3ae152aeee4ec41d5375be9289a957a34743d8b4b4dfde27f25440fbe510,,20182479,51487,1,1.9422001243008078e-05,76466,505,500,AVAILABLE_VALID_CACHE,1,900995099df7c01f982c63157f079a7a,20182479,1,,1284f9141657400869b7eaef1ce7a19eb6fdf6e26e34509f819c6e0920dfd135,
2021-06-01,2021,2021-06,https://data.gdeltproject.org/gkg/20210601.gkg.csv.zip,https://data.gdeltproject.org/gkg/20210601.gkg.csv.zip,126639215eb03d1b728e8eced52d507cec5e419599857bb487564fa7f0a5191b,,27863271,71914,1,1.3905304873809358e-05,107594,505,500,AVAILABLE_VALID_CACHE,1,662f515d9413cbf5024e74d5ee91f750,27863271,1,,1284f9141657400869b7eaef1ce7a19eb6fdf6e26e34509f819c6e0920dfd135,
2021-06-02,2021,2021-06,https://data.gdeltproject.org/gkg/20210602.gkg.csv.zip,https://data.gdeltproject.org/gkg/20210602.gkg.csv.zip,68621be2734b9c7ff3ba075cdfcce695ac29dd8467029adf5069a28ae7feb0b3,,30153378,76716,1,1.3034920552159234e-05,114625,505,500,AVAILABLE_VALID_CACHE,1,2f0f85b9b169a7f17a9fecb510f3c6ae,30153378,1,,1284f9141657400869b7eaef1ce7a19eb6fdf6e26e34509f819c6e0920dfd135,
2021-06-03,2021,2021-06,https://data.gdeltproject.org/gkg/20210603.gkg.csv.zip,https://data.gdeltproject.org/gkg/20210603.gkg.csv.zip,78ca2f9ec4d4e6f9752db10c077a9bfaba8a7b03a69dae127117f750f26060e4,,30065464,76865,1,1.3009653162646684e-05,113830,506,501,AVAILABLE_VALID_CACHE,1,7c3328e1153e230ac657c9cd0b235511,30065464,1,,1284f9141657400869b7eaef1ce7a19eb6fdf6e26e34509f819c6e0920dfd135,
2021-06-04,2021,2021-06,https://data.gdeltproject.org/gkg/20210604.gkg.csv.zip,https://data.gdeltproject.org/gkg/20210604.gkg.csv.zip,a39ea63b9e56574b9a8240c01bfcdea776dee289ba73defa4ed82ae5a323c19f,,28200832,71885,1,1.3910914503519461e-05,108658,505,500,AVAILABLE_VALID_CACHE,1,b3971bc8956c19f424a2842c778cb324,28200832,1,,1284f9141657400869b7eaef1ce7a19eb6fdf6e26e34509f819c6e0920dfd135,
2021-06-05,2021,2021-06,https://data.gdeltproject.org/gkg/20210605.gkg.csv.zip,https://data.gdeltproject.org/gkg/20210605.gkg.csv.zip,6a152b6e1b67213755a9bd30179fe972b0afc06849c577f752ceaab476572765,,15880313,40073,1,2.4953835404501672e-05,64363,505,500,AVAILABLE_VALID_CACHE,1,cad7673adcfb5ccb1dbdeee9bc5926ba,15880313,1,,1284f9141657400869b7eaef1ce7a19eb6fdf6e26e34509f819c6e0920dfd135,
2021-06-06,2021,2021-06,https://data.gdeltproject.org/gkg/20210606.gkg.csv.zip,https://data.gdeltproject.org/gkg/20210606.gkg.csv.zip,fa8cc0c7dbda9581e62529015fc313ff13d1fd7bd97a5f1c39ebbb6b99c090f2,,14537133,35931,1,2.7830346209506846e-05,56308,505,500,AVAILABLE_VALID_CACHE,1,ccba952ee8e252a978515759dfbd7ea6,14537133,1,,1284f9141657400869b7eaef1ce7a19eb6fdf6e26e34509f819c6e0920dfd135,
2021-06-07,2021,2021-06,https://data.gdeltproject.org/gkg/20210607.gkg.csv.zip,https://data.gdeltproject.org/gkg/20210607.gkg.csv.zip,aad492f04d76a3d3e771c3b0facdd5c43677e55751019ac1969edc316f856c99,,25980807,66246,1,1.5095023170860567e-05,99899,505,500,AVAILABLE_VALID_CACHE,1,f08e67ecf33fd6793d58091283d3ae61,25980807,1,,1284f9141657400869b7eaef1ce7a19eb6fdf6e26e34509f819c6e0920dfd135,
2021-06-08,2021,2021-06,https://data.gdeltproject.org/gkg/20210608.gkg.csv.zip,https://data.gdeltproject.org/gkg/20210608.gkg.csv.zip,349c18ae651716790baeeb03a50b34478d4b7b77cb419807b0aec2a178177a41,,29678630,75491,1,1.3246436708525407e-05,111951,505,500,AVAILABLE_VALID_CACHE,1,fe62b354046deb75abe03dfc34d7976d,29678630,1,,1284f9141657400869b7eaef1ce7a19eb6fdf6e26e34509f819c6e0920dfd135,
2021-06-09,2021,2021-06,https://data.gdeltproject.org/gkg/20210609.gkg.csv.zip,https://data.gdeltproject.org/gkg/20210609.gkg.csv.zip,b994496d6b8d6b9f5b3558152bb00121d17517ee92dbd9c890789913987c0dc1,,30121514,77126,1,1.2965628119854266e-05,114874,505,500,AVAILABLE_VALID_CACHE,1,6f831d44d7f76c32da4b68753efff212,30121514,1,,1284f9141657400869b7eaef1ce7a19eb6fdf6e26e34509f819c6e0920dfd135,
2021-06-10,2021,2021-06,https://data.gdeltproject.org/gkg/20210610.gkg.csv.zip,https://data.gdeltproject.org/gkg/20210610.gkg.csv.zip,9f1256fb8ce701e3bd59553869fd7b8ea6f660766415c018b4ae5eed0c93d3f7,,30979466,78631,1,1.2717468715026961e-05,117469,505,500,AVAILABLE_VALID_CACHE,1,c5c1792d740b07469cef382f9b72a006,30979466,1,,1284f9141657400869b7eaef1ce7a19eb6fdf6e26e34509f819c6e0920dfd135,
2021-06-11,2021,2021-06,https://data.gdeltproject.org/gkg/20210611.gkg.csv.zip,https://data.gdeltproject.org/gkg/20210611.gkg.csv.zip,53b9490de607b4bfb94495edb668b6e953348a2054c6a7f227214edf530e96eb,,28656085,72432,1,1.3805861968992033e-05,109357,505,500,AVAILABLE_VALID_CACHE,1,01579f4a56b7c2898d801fcef177cc0d,28656085,1,,1284f9141657400869b7eaef1ce7a19eb6fdf6e26e34509f819c6e0920dfd135,
2021-06-12,2021,2021-06,https://data.gdeltproject.org/gkg/20210612.gkg.csv.zip,https://data.gdeltproject.org/gkg/20210612.gkg.csv.zip,fbb841e2ffdc7243ec7626a541bc1b3bf2947e26c0c51297769189e1d6d326fc,,16423219,40672,1,2.4586334915054214e-05,64209,505,500,AVAILABLE_VALID_CACHE,1,625e768a522e7000570cbe4aae67108e,16423219,1,,1284f9141657400869b7eaef1ce7a19eb6fdf6e26e34509f819c6e0920dfd135,
2021-06-13,2021,2021-06,https://data.gdeltproject.org/gkg/20210613.gkg.csv.zip,https://data.gdeltproject.org/gkg/20210613.gkg.csv.zip,b408799115da1d235f0ac57567565ec77e8c623be9551933cfaa535818ec839b,,14584668,35584,1,2.810172825628776e-05,55283,505,500,AVAILABLE_VALID_CACHE,1,617e17dc838471139bc5b9de0243ca4b,14584668,1,,1284f9141657400869b7eaef1ce7a19eb6fdf6e26e34509f819c6e0920dfd135,
2021-06-14,2021,2021-06,https://data.gdeltproject.org/gkg/20210614.gkg.csv.zip,https://data.gdeltproject.org/gkg/20210614.gkg.csv.zip,685edcea08be89321f40128ac0664ae1d1e516feb95dda161940e8d5f6d65a6c,,26045708,66074,1,1.513431706394249e-05,98391,505,500,AVAILABLE_VALID_CACHE,1,9cfdec0fca05880503d8295603bf5825,26045708,1,,1284f9141657400869b7eaef1ce7a19eb6fdf6e26e34509f819c6e0920dfd135,
2021-06-15,2021,2021-06,https://data.gdeltproject.org/gkg/20210615.gkg.csv.zip,https://data.gdeltproject.org/gkg/20210615.gkg.csv.zip,24d4be9d5914f1b05355e5957967efe4a6df8d9554a645a11669dd6ecdd0b06d,,30030326,76506,1,1.3070699413125596e-05,114079,505,500,AVAILABLE_VALID_CACHE,1,c64ee6257fc40ebd0f049ff0f7ff3a08,30030326,1,,1284f9141657400869b7eaef1ce7a19eb6fdf6e26e34509f819c6e0920dfd135,
2021-06-16,2021,2021-06,https://data.gdeltproject.org/gkg/20210616.gkg.csv.zip,https://data.gdeltproject.org/gkg/20210616.gkg.csv.zip,7478e4b059f98905402a1fb1723b3091df999a48d55b2677123c988ee0e43dbb,,30758561,77993,1,1.2821499089673565e-05,114710,505,500,AVAILABLE_VALID_CACHE,1,721e52bb17849aba5a06002d3cd9fe86,30758561,1,,1284f9141657400869b7eaef1ce7a19eb6fdf6e26e34509f819c6e0920dfd135,
2021-06-17,2021,2021-06,https://data.gdeltproject.org/gkg/20210617.gkg.csv.zip,https://data.gdeltproject.org/gkg/20210617.gkg.csv.zip,7468697ab8f592e0b901c8e139d1627bf462e438d698dda17aff42e9acf6e669,,30547888,77635,1,1.2880622391673966e-05,115006,505,500,AVAILABLE_VALID_CACHE,1,46e1a2d3c7418199329d422554b33eaf,30547888,1,,1284f9141657400869b7eaef1ce7a19eb6fdf6e26e34509f819c6e0920dfd135,
2021-06-18,2021,2021-06,https://data.gdeltproject.org/gkg/20210618.gkg.csv.zip,https://data.gdeltproject.org/gkg/20210618.gkg.csv.zip,15826f9608523ccf995a7122f35537c4e7fd40ee9ecc49e5fc35dce906691ac3,,27504568,69956,1,1.4294495189902369e-05,104291,505,500,AVAILABLE_VALID_CACHE,1,7ae91707df962bb6110251f1489dec3b,27504568,1,,1284f9141657400869b7eaef1ce7a19eb6fdf6e26e34509f819c6e0920dfd135,
2021-06-19,2021,2021-06,https://data.gdeltproject.org/gkg/20210619.gkg.csv.zip,https://data.gdeltproject.org/gkg/20210619.gkg.csv.zip,10f8b4fa179e9ceba8b26533297405ca1c253656834b49b66c90c74028b7e456,,15597275,39079,1,2.5588536335721596e-05,60336,505,500,AVAILABLE_VALID_CACHE,1,b5120a74f3a2f3fef1c131e1b9cab5af,15597275,1,,1284f9141657400869b7eaef1ce7a19eb6fdf6e26e34509f819c6e0920dfd135,
2021-06-20,2021,2021-06,https://data.gdeltproject.org/gkg/20210620.gkg.csv.zip,https://data.gdeltproject.org/gkg/20210620.gkg.csv.zip,29e05b58edec93365d4ea7116db93a2feefd845097b29814feb007c78b67e69e,,14290959,35315,1,2.8315777551251557e-05,53535,505,500,AVAILABLE_VALID_CACHE,1,5a2373219e632851144410705e4c12ba,14290959,1,,1284f9141657400869b7eaef1ce7a19eb6fdf6e26e34509f819c6e0920dfd135,
2021-06-21,2021,2021-06,https://data.gdeltproject.org/gkg/20210621.gkg.csv.zip,https://data.gdeltproject.org/gkg/20210621.gkg.csv.zip,1358bcd50ae678ddd7610ad20765f27d29a6d1db4acc7b3bb0fb38b88e1d0230,,25528719,65296,1,1.5314639263672145e-05,95586,505,500,AVAILABLE_VALID_CACHE,1,9c561f8cef8b152ba3512fee4a0da335,25528719,1,,1284f9141657400869b7eaef1ce7a19eb6fdf6e26e34509f819c6e0920dfd135,
2021-06-22,2021,2021-06,https://data.gdeltproject.org/gkg/20210622.gkg.csv.zip,https://data.gdeltproject.org/gkg/20210622.gkg.csv.zip,e92ba409dc68c3c0c3aa43f02e793a6baf94906afed0c1c26cebad71b5ddab76,,28716001,74194,1,1.3477997169620595e-05,110074,505,500,AVAILABLE_VALID_CACHE,1,2b1dcf73412fea4d2814a7308e8d5c84,28716001,1,,1284f9141657400869b7eaef1ce7a19eb6fdf6e26e34509f819c6e0920dfd135,
2021-06-23,2021,2021-06,https://data.gdeltproject.org/gkg/20210623.gkg.csv.zip,https://data.gdeltproject.org/gkg/20210623.gkg.csv.zip,714d8d6c0a51f84997aca71191b4aa18173349315b1fd937d975ec23edcdd010,,31010953,78752,1,1.2697928967785353e-05,117615,505,500,AVAILABLE_VALID_CACHE,1,960ec992fa1b4af58cea935b1df04fee,31010953,1,,1284f9141657400869b7eaef1ce7a19eb6fdf6e26e34509f819c6e0920dfd135,
2021-06-24,2021,2021-06,https://data.gdeltproject.org/gkg/20210624.gkg.csv.zip,https://data.gdeltproject.org/gkg/20210624.gkg.csv.zip,2e1dbd5f799ff7558b6a814986d806b5ab0b806408a62257542f86bd74e07b86,,31106859,78156,1,1.2794759266604399e-05,116492,505,500,AVAILABLE_VALID_CACHE,1,80e6d26c85d5bcf710b52e318c0f69fe,31106859,1,,1284f9141657400869b7eaef1ce7a19eb6fdf6e26e34509f819c6e0920dfd135,
2021-06-25,2021,2021-06,https://data.gdeltproject.org/gkg/20210625.gkg.csv.zip,https://data.gdeltproject.org/gkg/20210625.gkg.csv.zip,7f1411d6e5fe7c7be359f30eac5b889bfa2061be0bbe78a8ae80749c27b05f42,,29093198,72189,1,1.3852334118298933e-05,107861,505,500,AVAILABLE_VALID_CACHE,1,ca8a487ccb09573a72f769cd030c25a3,29093198,1,,1284f9141657400869b7eaef1ce7a19eb6fdf6e26e34509f819c6e0920dfd135,
2021-06-26,2021,2021-06,https://data.gdeltproject.org/gkg/20210626.gkg.csv.zip,https://data.gdeltproject.org/gkg/20210626.gkg.csv.zip,2259e20f1b37a6595a1a3afb00d1153c18e0d96c06ab6e570b76e1ce4cf41879,,16593259,41432,1,2.4135351048681e-05,65629,505,500,AVAILABLE_VALID_CACHE,1,a27c62cd01b87267f670fa949a36e97c,16593259,1,,1284f9141657400869b7eaef1ce7a19eb6fdf6e26e34509f819c6e0920dfd135,
2021-06-27,2021,2021-06,https://data.gdeltproject.org/gkg/20210627.gkg.csv.zip,https://data.gdeltproject.org/gkg/20210627.gkg.csv.zip,fec3923a4d7b3ad83deb84409dd239703dc9a0f95792bd8c0e64180ce6bcdf1c,,15141978,37492,1,2.667164537380311e-05,58579,505,500,AVAILABLE_VALID_CACHE,1,1cf4df536c5dc393149fdd42a3590ed3,15141978,1,,1284f9141657400869b7eaef1ce7a19eb6fdf6e26e34509f819c6e0920dfd135,
2021-06-28,2021,2021-06,https://data.gdeltproject.org/gkg/20210628.gkg.csv.zip,https://data.gdeltproject.org/gkg/20210628.gkg.csv.zip,99cc6b79c145fc55da584c07dd8f42170ea2dbcbec2beed3a477bcfc2ed76340,,26726753,68228,1,1.4656524351815211e-05,101843,505,500,AVAILABLE_VALID_CACHE,1,bc226defc433c65606faef543aee070c,26726753,1,,1284f9141657400869b7eaef1ce7a19eb6fdf6e26e34509f819c6e0920dfd135,
2021-06-29,2021,2021-06,https://data.gdeltproject.org/gkg/20210629.gkg.csv.zip,https://data.gdeltproject.org/gkg/20210629.gkg.csv.zip,9cd3b48a32dd8ec2a202607fa0331129d4b864d50bb1f1e6818cd8720e71490f,,29809574,75836,1,1.318617561348682e-05,111857,505,500,AVAILABLE_VALID_CACHE,1,d27ad4a2583ae9c63e9c94fb51507e61,29809574,1,,1284f9141657400869b7eaef1ce7a19eb6fdf6e26e34509f819c6e0920dfd135,
2021-06-30,2021,2021-06,https://data.gdeltproject.org/gkg/20210630.gkg.csv.zip,https://data.gdeltproject.org/gkg/20210630.gkg.csv.zip,dbd2641088b7408e513f7d9fb8c764d3d4ce414669752528819adf113460aa4f,,31598468,79993,1,1.2500937570317773e-05,119265,505,500,AVAILABLE_VALID_CACHE,1,35f5bbe6a36ab9e8776ad0cb545242b7,31598468,1,,1284f9141657400869b7eaef1ce7a19eb6fdf6e26e34509f819c6e0920dfd135,
2021-07-01,2021,2021-07,https://data.gdeltproject.org/gkg/20210701.gkg.csv.zip,https://data.gdeltproject.org/gkg/20210701.gkg.csv.zip,b49dcf39685bc7a65f05a5eaf4cf3dbc0bfd0ca3a4d11161ac14db3137b95498,,30900683,78251,1,1.2779226090067985e-05,116318,505,500,AVAILABLE_VALID_CACHE,1,1980a46d2cd3f98ea9565bd9c5a3ed3d,30900683,1,,1284f9141657400869b7eaef1ce7a19eb6fdf6e26e34509f819c6e0920dfd135,
2021-07-02,2021,2021-07,https://data.gdeltproject.org/gkg/20210702.gkg.csv.zip,https://data.gdeltproject.org/gkg/20210702.gkg.csv.zip,d80840d7887b11c4a2eb94c93bf108fea5f9c288c3b5c368d21ca8a95df7ce37,,27773952,70100,1,1.4265131738491606e-05,106123,505,500,AVAILABLE_VALID_CACHE,1,2e4781949fef7b60ea4d39b924298e23,27773952,1,,1284f9141657400869b7eaef1ce7a19eb6fdf6e26e34509f819c6e0920dfd135,
2021-07-03,2021,2021-07,https://data.gdeltproject.org/gkg/20210703.gkg.csv.zip,https://data.gdeltproject.org/gkg/20210703.gkg.csv.zip,bf06f020ee4d942764b0472acdfc76e57ed75a6be61f4696d81debe159ddc822,,15464676,38463,1,2.5998336106489185e-05,60107,505,500,AVAILABLE_VALID_CACHE,1,d0cacef85db5fb45efe194c10ac778c6,15464676,1,,1284f9141657400869b7eaef1ce7a19eb6fdf6e26e34509f819c6e0920dfd135,
2021-07-04,2021,2021-07,https://data.gdeltproject.org/gkg/20210704.gkg.csv.zip,https://data.gdeltproject.org/gkg/20210704.gkg.csv.zip,3786f9a40b97003e5d5af15999f838ac15f23297574d5ef3b0a723de4f4be0e4,,13924909,34501,1,2.898382702452032e-05,53982,505,500,AVAILABLE_VALID_CACHE,1,5a8f7494a12d0006b8e9bd412e78de92,13924909,1,,1284f9141657400869b7eaef1ce7a19eb6fdf6e26e34509f819c6e0920dfd135,
2021-07-05,2021,2021-07,https://data.gdeltproject.org/gkg/20210705.gkg.csv.zip,https://data.gdeltproject.org/gkg/20210705.gkg.csv.zip,17139cbad5dd891b34caa883116dfd70f0f6e2e5e93aa9256094f283b4397dde,,21509836,55208,1,1.8112988824285896e-05,82211,505,500,AVAILABLE_VALID_CACHE,1,4dbf7608904b5d11be9ccd225d4c1969,21509836,1,,1284f9141657400869b7eaef1ce7a19eb6fdf6e26e34509f819c6e0920dfd135,
2021-07-06,2021,2021-07,https://data.gdeltproject.org/gkg/20210706.gkg.csv.zip,https://data.gdeltproject.org/gkg/20210706.gkg.csv.zip,fb97bc252931bd813bc6463e9f7433b04479de41cbe9de23ec33ce29dceddcfb,,27265871,70005,1,1.428448990086564e-05,102889,505,500,AVAILABLE_VALID_CACHE,1,4b9805bb168c0350162e2424a671639e,27265871,1,,1284f9141657400869b7eaef1ce7a19eb6fdf6e26e34509f819c6e0920dfd135,
2021-07-07,2021,2021-07,https://data.gdeltproject.org/gkg/20210707.gkg.csv.zip,https://data.gdeltproject.org/gkg/20210707.gkg.csv.zip,b6990393556c81932a49c4f6d15398fe02edba4d6a98d4288082e7f74b769968,,30203461,76686,1,1.3040019820830128e-05,115169,505,500,AVAILABLE_VALID_CACHE,1,2ca9cee2d5fcfa6d0733c9b4be16d31f,30203461,1,,1284f9141657400869b7eaef1ce7a19eb6fdf6e26e34509f819c6e0920dfd135,
2021-07-08,2021,2021-07,https://data.gdeltproject.org/gkg/20210708.gkg.csv.zip,https://data.gdeltproject.org/gkg/20210708.gkg.csv.zip,1346eea8d49354202700fae9e9381f69db981fc18fe14862c8f089c0ce6f7ff1,,29889662,76189,1,1.3125082031762699e-05,112755,505,500,AVAILABLE_VALID_CACHE,1,a84755de71e9f5e4a80dea21501f378d,29889662,1,,1284f9141657400869b7eaef1ce7a19eb6fdf6e26e34509f819c6e0920dfd135,
2021-07-09,2021,2021-07,https://data.gdeltproject.org/gkg/20210709.gkg.csv.zip,https://data.gdeltproject.org/gkg/20210709.gkg.csv.zip,a5c2082ca60e1a324c23b3ac725fb01ae227e4be746a31c07a7bf71b3e3ffd87,,27686598,70593,1,1.4165509816698303e-05,105166,505,500,AVAILABLE_VALID_CACHE,1,20e1d4d187b6e1f341a32183c0d6f597,27686598,1,,1284f9141657400869b7eaef1ce7a19eb6fdf6e26e34509f819c6e0920dfd135,
2021-07-10,2021,2021-07,https://data.gdeltproject.org/gkg/20210710.gkg.csv.zip,https://data.gdeltproject.org/gkg/20210710.gkg.csv.zip,24b1f6f20a4cb3eea0463d626505c8cdd399080f9f0625be149bf0901f2d2111,,15865100,38982,1,2.56522073724444e-05,61608,505,500,AVAILABLE_VALID_CACHE,1,819d635addfcc13b488a16950699f852,15865100,1,,1284f9141657400869b7eaef1ce7a19eb6fdf6e26e34509f819c6e0920dfd135,
2021-07-11,2021,2021-07,https://data.gdeltproject.org/gkg/20210711.gkg.csv.zip,https://data.gdeltproject.org/gkg/20210711.gkg.csv.zip,22d2bebb6dcb65928965a76180eec09bd2ccab8d464e986706752edb6fae1a73,,13494629,33954,1,2.945074363127669e-05,53193,505,500,AVAILABLE_VALID_CACHE,1,01fafce0c435b4bef8d0cb4fbe478336,13494629,1,,1284f9141657400869b7eaef1ce7a19eb6fdf6e26e34509f819c6e0920dfd135,
2021-07-12,2021,2021-07,https://data.gdeltproject.org/gkg/20210712.gkg.csv.zip,https://data.gdeltproject.org/gkg/20210712.gkg.csv.zip,093392c56e2f47ec3eb2a7f1cb299a1ec1a271efd306fc8a0188ce419d6bd0d9,,25203320,64323,1,1.5546296872085068e-05,97511,505,500,AVAILABLE_VALID_CACHE,1,11f5455b1c9d45b7f086d509f69c515b,25203320,1,,1284f9141657400869b7eaef1ce7a19eb6fdf6e26e34509f819c6e0920dfd135,
2021-07-13,2021,2021-07,https://data.gdeltproject.org/gkg/20210713.gkg.csv.zip,https://data.gdeltproject.org/gkg/20210713.gkg.csv.zip,64834fc2101bce190cc47a1fd98728afe90123889dcea627cc73348e3f3e4528,,28941452,73621,1,1.3582896416831926e-05,109576,505,500,AVAILABLE_VALID_CACHE,1,2083f464ffe4424467c130c747ec4a67,28941452,1,,1284f9141657400869b7eaef1ce7a19eb6fdf6e26e34509f819c6e0920dfd135,
2021-07-14,2021,2021-07,https://data.gdeltproject.org/gkg/20210714.gkg.csv.zip,https://data.gdeltproject.org/gkg/20210714.gkg.csv.zip,8650ab2cc675f79575ace15d7768f70eca029d962422c03f0a964b2e05529c40,,30576070,76985,1,1.2989374691502352e-05,114378,505,500,AVAILABLE_VALID_CACHE,1,544754c629e650a98aa2428ed5ccaae0,30576070,1,,1284f9141657400869b7eaef1ce7a19eb6fdf6e26e34509f819c6e0920dfd135,
2021-07-15,2021,2021-07,https://data.gdeltproject.org/gkg/20210715.gkg.csv.zip,https://data.gdeltproject.org/gkg/20210715.gkg.csv.zip,be750821fc46a9ae518d84c3a22ad9ed1ef140464f76aec9953888cfa3c80f03,,30806536,76883,1,1.300660735653712e-05,114097,505,500,AVAILABLE_VALID_CACHE,1,75096a7a85d22de1e1eb05a52f3d7500,30806536,1,,1284f9141657400869b7eaef1ce7a19eb6fdf6e26e34509f819c6e0920dfd135,
2021-07-16,2021,2021-07,https://data.gdeltproject.org/gkg/20210716.gkg.csv.zip,https://data.gdeltproject.org/gkg/20210716.gkg.csv.zip,3483d1aa6905960d88cbde28d344a479565cc24039b6d36f9e4bcfc329773bad,,27874588,69701,1,1.4346790622937649e-05,106473,505,500,AVAILABLE_VALID_CACHE,1,b78c1780ac479151b00528935aad77fc,27874588,1,,1284f9141657400869b7eaef1ce7a19eb6fdf6e26e34509f819c6e0920dfd135,
2021-07-17,2021,2021-07,https://data.gdeltproject.org/gkg/20210717.gkg.csv.zip,https://data.gdeltproject.org/gkg/20210717.gkg.csv.zip,0de3844a18eaab86067449e837eeac79f362a6b60fc01814a41c9457b40a3dc4,,16146012,39677,1,2.5202883209839205e-05,63976,505,500,AVAILABLE_VALID_CACHE,1,d02b2891b334f156cc39a33b5a1c01be,16146012,1,,1284f9141657400869b7eaef1ce7a19eb6fdf6e26e34509f819c6e0920dfd135,
2021-07-18,2021,2021-07,https://data.gdeltproject.org/gkg/20210718.gkg.csv.zip,https://data.gdeltproject.org/gkg/20210718.gkg.csv.zip,310490748c030c3aa40a4e209432455c6afd060546abfce3d1ecfa6eba1560ab,,13955907,34387,1,2.9079911597068747e-05,53428,505,500,AVAILABLE_VALID_CACHE,1,95b2538913e5df2b4307bbe68746eed8,13955907,1,,1284f9141657400869b7eaef1ce7a19eb6fdf6e26e34509f819c6e0920dfd135,
2021-07-19,2021,2021-07,https://data.gdeltproject.org/gkg/20210719.gkg.csv.zip,https://data.gdeltproject.org/gkg/20210719.gkg.csv.zip,8f97444703d0505ace9856288f0e0a1509473476e12e963f6dec53f274e9887d,,25440178,65074,1,1.5366884364195158e-05,99042,505,500,AVAILABLE_VALID_CACHE,1,35af2028b3281c140053c7b5bf8881ff,25440178,1,,1284f9141657400869b7eaef1ce7a19eb6fdf6e26e34509f819c6e0920dfd135,
2021-07-20,2021,2021-07,https://data.gdeltproject.org/gkg/20210720.gkg.csv.zip,https://data.gdeltproject.org/gkg/20210720.gkg.csv.zip,a91a8634164d7d85372a22dcb92b36d9ed7b63a6fd695c78a11fc3dbdc266a45,,27816362,71508,1,1.3984253730299683e-05,109477,505,500,AVAILABLE_VALID_CACHE,1,f7a8f3fa08187832a486b38a5d0d8540,27816362,1,,1284f9141657400869b7eaef1ce7a19eb6fdf6e26e34509f819c6e0920dfd135,
2021-07-21,2021,2021-07,https://data.gdeltproject.org/gkg/20210721.gkg.csv.zip,https://data.gdeltproject.org/gkg/20210721.gkg.csv.zip,cda62e5b41adad8c4d02d4b9c0e33bfe5100e28402b532b2aa5cb565060fd344,,28386804,72996,1,1.3699193117525378e-05,110190,505,500,AVAILABLE_VALID_CACHE,1,ec1262f3d647884e4f4bfc8d17cb5080,28386804,1,,1284f9141657400869b7eaef1ce7a19eb6fdf6e26e34509f819c6e0920dfd135,
2021-07-22,2021,2021-07,https://data.gdeltproject.org/gkg/20210722.gkg.csv.zip,https://data.gdeltproject.org/gkg/20210722.gkg.csv.zip,25f83c13b7a887ae9db1c24c9a423c898abd6013a02fd24e27a60324060ae923,,28396182,72572,1,1.3779229189919116e-05,109025,505,500,AVAILABLE_VALID_CACHE,1,ae26a121eda14aee358677411d835ad0,28396182,1,,1284f9141657400869b7eaef1ce7a19eb6fdf6e26e34509f819c6e0920dfd135,
2021-07-23,2021,2021-07,https://data.gdeltproject.org/gkg/20210723.gkg.csv.zip,https://data.gdeltproject.org/gkg/20210723.gkg.csv.zip,a3e3c7af8492f125583e0572f9491e41bf2c5522e5fac155d40f5cbb0f5679d6,,26507572,68337,1,1.4633147004594809e-05,104286,505,500,AVAILABLE_VALID_CACHE,1,31af13c1f4f5efbae646b58ccfe130ef,26507572,1,,1284f9141657400869b7eaef1ce7a19eb6fdf6e26e34509f819c6e0920dfd135,
2021-07-24,2021,2021-07,https://data.gdeltproject.org/gkg/20210724.gkg.csv.zip,https://data.gdeltproject.org/gkg/20210724.gkg.csv.zip,bd24923e54d394a753f9533aa85ad4a20bb42e0ab2b11b914c233923bc5321a7,,15227223,38187,1,2.6186236514088194e-05,59667,505,500,AVAILABLE_VALID_CACHE,1,44eaf1d39c0fd6ee169c1a7e2cf8c675,15227223,1,,1284f9141657400869b7eaef1ce7a19eb6fdf6e26e34509f819c6e0920dfd135,
2021-07-25,2021,2021-07,https://data.gdeltproject.org/gkg/20210725.gkg.csv.zip,https://data.gdeltproject.org/gkg/20210725.gkg.csv.zip,46246d0b5e610d4f8137da27b31ed27276261f0aab838b915ac4db02e2021c49,,13609214,34371,1,2.9093448155475387e-05,53729,505,500,AVAILABLE_VALID_CACHE,1,49242a1f4cfe40d5f12c80ac43225d16,13609214,1,,1284f9141657400869b7eaef1ce7a19eb6fdf6e26e34509f819c6e0920dfd135,
2021-07-26,2021,2021-07,https://data.gdeltproject.org/gkg/20210726.gkg.csv.zip,https://data.gdeltproject.org/gkg/20210726.gkg.csv.zip,23493740fd10a396eac2bf37bbb6f1c2aca1d549cd06dd223123f3aab0cd38a1,,25133071,63870,1,1.5656557749213257e-05,97141,505,500,AVAILABLE_VALID_CACHE,1,b3c65a6a4d5439839750ebbcef5bd713,25133071,1,,1284f9141657400869b7eaef1ce7a19eb6fdf6e26e34509f819c6e0920dfd135,
2021-07-27,2021,2021-07,https://data.gdeltproject.org/gkg/20210727.gkg.csv.zip,https://data.gdeltproject.org/gkg/20210727.gkg.csv.zip,cad462243125a1fccd3ac56af54e489352ab04cadc7fd9fe05a91b0d9ceba30e,,27802071,71791,1,1.3929128593715178e-05,109039,505,500,AVAILABLE_VALID_CACHE,1,8cb4875a5940438e7d3c52863beec871,27802071,1,,1284f9141657400869b7eaef1ce7a19eb6fdf6e26e34509f819c6e0920dfd135,
2021-07-28,2021,2021-07,https://data.gdeltproject.org/gkg/20210728.gkg.csv.zip,https://data.gdeltproject.org/gkg/20210728.gkg.csv.zip,faab7bff4808249a10cbf03662a8ca1e0c3d53011a1a0a668734d6cc07364911,,29061514,74643,1,1.3396924066234393e-05,113439,505,500,AVAILABLE_VALID_CACHE,1,1be8dea94c6d6dbdbe23dcdb7ecaf6ac,29061514,1,,1284f9141657400869b7eaef1ce7a19eb6fdf6e26e34509f819c6e0920dfd135,
2021-07-29,2021,2021-07,https://data.gdeltproject.org/gkg/20210729.gkg.csv.zip,https://data.gdeltproject.org/gkg/20210729.gkg.csv.zip,dca0253f82cef5c4167e8fb94f7952b2880cae2c8b6ea11ae135319ab7e471bb,,28136744,71990,1,1.389062521704102e-05,109357,505,500,AVAILABLE_VALID_CACHE,1,257568e09c4009df48da072696ad30c7,28136744,1,,1284f9141657400869b7eaef1ce7a19eb6fdf6e26e34509f819c6e0920dfd135,
2021-07-30,2021,2021-07,https://data.gdeltproject.org/gkg/20210730.gkg.csv.zip,https://data.gdeltproject.org/gkg/20210730.gkg.csv.zip,9d92d151d3e243d289d0742f0eefb5d0d68735b61bbb61446477381f0177e19c,,24475448,62359,1,1.603592046183451e-05,93886,505,500,AVAILABLE_VALID_CACHE,1,a80bbe8307606d5d86d8d3d64faa76c6,24475448,1,,1284f9141657400869b7eaef1ce7a19eb6fdf6e26e34509f819c6e0920dfd135,
2021-07-31,2021,2021-07,https://data.gdeltproject.org/gkg/20210731.gkg.csv.zip,https://data.gdeltproject.org/gkg/20210731.gkg.csv.zip,379e2abd273b7882bc1071a553045f3307486c8df273362497d63fe5bd9125e6,,13120337,33124,1,3.018867924528302e-05,50240,505,500,AVAILABLE_VALID_CACHE,1,e8eef4db1750f3771ddf664b4b281907,13120337,1,,1284f9141657400869b7eaef1ce7a19eb6fdf6e26e34509f819c6e0920dfd135,
2021-08-01,2021,2021-08,https://data.gdeltproject.org/gkg/20210801.gkg.csv.zip,https://data.gdeltproject.org/gkg/20210801.gkg.csv.zip,6ddc6e126d3dbe693f5b2097c2fb98d941b52411854cfaaa8569ca0f0fab9eac,,12631447,31802,1,3.144357450554979e-05,48326,505,500,AVAILABLE_VALID_CACHE,1,cfd8477dc34a813e44251d80d06b6cb4,12631447,1,,1284f9141657400869b7eaef1ce7a19eb6fdf6e26e34509f819c6e0920dfd135,
2021-08-02,2021,2021-08,https://data.gdeltproject.org/gkg/20210802.gkg.csv.zip,https://data.gdeltproject.org/gkg/20210802.gkg.csv.zip,a10a0df819132d9ae75e3725234335861cd1083f15d27690bc201e7821003939,,21805978,56076,1,1.7832623000517146e-05,84536,505,500,AVAILABLE_VALID_CACHE,1,7cf249235aa14387a85a580bef75f939,21805978,1,,1284f9141657400869b7eaef1ce7a19eb6fdf6e26e34509f819c6e0920dfd135,
2021-08-03,2021,2021-08,https://data.gdeltproject.org/gkg/20210803.gkg.csv.zip,https://data.gdeltproject.org/gkg/20210803.gkg.csv.zip,fb0df885a7ad039479e1fb5317791c75aaf47190961b31f6afa0a918cf4ac4f7,,25040369,65062,1,1.5369718580452792e-05,97113,505,500,AVAILABLE_VALID_CACHE,1,1ae6057af16ebf2fc3269941d3bae930,25040369,1,,1284f9141657400869b7eaef1ce7a19eb6fdf6e26e34509f819c6e0920dfd135,
2021-08-04,2021,2021-08,https://data.gdeltproject.org/gkg/20210804.gkg.csv.zip,https://data.gdeltproject.org/gkg/20210804.gkg.csv.zip,666fe166c0728c724b3c7330fa7a540a99b8c54ef1a103c3c55f49e22f1866eb,,26905116,68635,1,1.4569613613846961e-05,100659,505,500,AVAILABLE_VALID_CACHE,1,ecad9d1656becbbc513355094b68870b,26905116,1,,1284f9141657400869b7eaef1ce7a19eb6fdf6e26e34509f819c6e0920dfd135,
2021-08-05,2021,2021-08,https://data.gdeltproject.org/gkg/20210805.gkg.csv.zip,https://data.gdeltproject.org/gkg/20210805.gkg.csv.zip,64a0b2b1da86c661be9bfc53b8180402c958865a846e0d2758a8f12a1ea9ae58,,26104829,66029,1,1.5144631228229593e-05,97609,505,500,AVAILABLE_VALID_CACHE,1,193aca7683fded89d8d24ba9823f383b,26104829,1,,1284f9141657400869b7eaef1ce7a19eb6fdf6e26e34509f819c6e0920dfd135,
2021-08-06,2021,2021-08,https://data.gdeltproject.org/gkg/20210806.gkg.csv.zip,https://data.gdeltproject.org/gkg/20210806.gkg.csv.zip,0c1deb474fe49e2565b0677aae94f1f873b611a3ab6ec5cea44330e8591e11bf,,23509261,60075,1,1.664558226246754e-05,87714,505,500,AVAILABLE_VALID_CACHE,1,be809084d4f3a6c891daa08c275ba574,23509261,1,,1284f9141657400869b7eaef1ce7a19eb6fdf6e26e34509f819c6e0920dfd135,
2021-08-07,2021,2021-08,https://data.gdeltproject.org/gkg/20210807.gkg.csv.zip,https://data.gdeltproject.org/gkg/20210807.gkg.csv.zip,9f52e94a7120c0ede01d3c2c852178d62c5834bfbe1ff5a3cdf581105d659ef3,,11130809,27862,1,3.588988981803826e-05,41932,505,500,AVAILABLE_VALID_CACHE,1,a357858a0889add8ff29decfc20d8fa3,11130809,1,,1284f9141657400869b7eaef1ce7a19eb6fdf6e26e34509f819c6e0920dfd135,
2021-08-08,2021,2021-08,https://data.gdeltproject.org/gkg/20210808.gkg.csv.zip,https://data.gdeltproject.org/gkg/20210808.gkg.csv.zip,6b4c380c484a58c8f451cc2152458c4800bfe711e673d2e2734307fecfe82cac,,10797508,26262,1,3.8076381220728785e-05,39163,505,500,AVAILABLE_VALID_CACHE,1,0f0979c91b8fc4087464803f139970d6,10797508,1,,1284f9141657400869b7eaef1ce7a19eb6fdf6e26e34509f819c6e0920dfd135,
2021-08-09,2021,2021-08,https://data.gdeltproject.org/gkg/20210809.gkg.csv.zip,https://data.gdeltproject.org/gkg/20210809.gkg.csv.zip,b9c4bf354af706dfab341c5b6f367a25532812877305482ea58c7617890dd2fe,,19707734,50214,1,1.9914368216668327e-05,74379,505,500,AVAILABLE_VALID_CACHE,1,7c64fc8d2c1130a5f987fd37097cced4,19707734,1,,1284f9141657400869b7eaef1ce7a19eb6fdf6e26e34509f819c6e0920dfd135,
2021-08-10,2021,2021-08,https://data.gdeltproject.org/gkg/20210810.gkg.csv.zip,https://data.gdeltproject.org/gkg/20210810.gkg.csv.zip,7d28378f0c8f80489b4f336ad7f1507911057d41dfdab7465989b14482f0bf83,,22378689,55950,1,1.7872781540991223e-05,81672,505,500,AVAILABLE_VALID_CACHE,1,8e92d139d3c26cf0065309097a6b8e3c,22378689,1,,1284f9141657400869b7eaef1ce7a19eb6fdf6e26e34509f819c6e0920dfd135,
2021-08-11,2021,2021-08,https://data.gdeltproject.org/gkg/20210811.gkg.csv.zip,https://data.gdeltproject.org/gkg/20210811.gkg.csv.zip,3547fa8ce768a52404c291ca3a71b891fb1c702e337270baa9f320210896b1d5,,22927782,57411,1,1.7417961401797534e-05,83590,505,500,AVAILABLE_VALID_CACHE,1,038492d9be646043357d32456fe79724,22927782,1,,1284f9141657400869b7eaef1ce7a19eb6fdf6e26e34509f819c6e0920dfd135,
2021-08-12,2021,2021-08,https://data.gdeltproject.org/gkg/20210812.gkg.csv.zip,https://data.gdeltproject.org/gkg/20210812.gkg.csv.zip,71810a3533edbb6152b4bf67ea698b58045d55e6a2fc775f963c0c46fa8288a9,,23378911,59133,1,1.6910745087428552e-05,84495,505,500,AVAILABLE_VALID_CACHE,1,82da4660ccd9717c23ecc78eee98b92e,23378911,1,,1284f9141657400869b7eaef1ce7a19eb6fdf6e26e34509f819c6e0920dfd135,
2021-08-13,2021,2021-08,https://data.gdeltproject.org/gkg/20210813.gkg.csv.zip,https://data.gdeltproject.org/gkg/20210813.gkg.csv.zip,fcb1ef844c72a13e66467c8d1a0df762e574c2af117830e3c820210d1e75bf5c,,21215388,52697,1,1.8976052222095716e-05,76804,505,500,AVAILABLE_VALID_CACHE,1,aa75edf5676da86d85c37ebfb3b53673,21215388,1,,1284f9141657400869b7eaef1ce7a19eb6fdf6e26e34509f819c6e0920dfd135,
2021-08-14,2021,2021-08,https://data.gdeltproject.org/gkg/20210814.gkg.csv.zip,https://data.gdeltproject.org/gkg/20210814.gkg.csv.zip,9836bf638af8721f69f04b58ac5776985487747c7616da40b026920d1292f816,,10245657,24810,1,4.030470355890533e-05,36152,505,500,AVAILABLE_VALID_CACHE,1,291172a6283c5e9d5c137749b33fe256,10245657,1,,1284f9141657400869b7eaef1ce7a19eb6fdf6e26e34509f819c6e0920dfd135,
2021-08-15,2021,2021-08,https://data.gdeltproject.org/gkg/20210815.gkg.csv.zip,https://data.gdeltproject.org/gkg/20210815.gkg.csv.zip,ccef01c9dd1504090fe33e6083e84606c1398e00a09262bc5976f7965f2cef83,,8614099,19653,1,5.0880227943421185e-05,28646,505,500,AVAILABLE_VALID_CACHE,1,6399269867fe0806273560d89aef1f0c,8614099,1,,1284f9141657400869b7eaef1ce7a19eb6fdf6e26e34509f819c6e0920dfd135,
2021-08-16,2021,2021-08,https://data.gdeltproject.org/gkg/20210816.gkg.csv.zip,https://data.gdeltproject.org/gkg/20210816.gkg.csv.zip,40874e1cc693d60790281c5eff22c783b6a945210ea9508ddc59a95fb05521f5,,17048014,41753,1,2.39498012166499e-05,59438,505,500,AVAILABLE_VALID_CACHE,1,f1ac25cb352ba240e75d569ffe8e62c3,17048014,1,,1284f9141657400869b7eaef1ce7a19eb6fdf6e26e34509f819c6e0920dfd135,
2021-08-17,2021,2021-08,https://data.gdeltproject.org/gkg/20210817.gkg.csv.zip,https://data.gdeltproject.org/gkg/20210817.gkg.csv.zip,ac338beac3cf317a8d3ded12d1e95e379e0ea6c71b7792d469b4093cf79d0153,,19145597,47855,1,2.089602139752591e-05,68966,505,500,AVAILABLE_VALID_CACHE,1,77c777b3af6cdcf9464fd623a41c4a50,19145597,1,,1284f9141657400869b7eaef1ce7a19eb6fdf6e26e34509f819c6e0920dfd135,
2021-08-18,2021,2021-08,https://data.gdeltproject.org/gkg/20210818.gkg.csv.zip,https://data.gdeltproject.org/gkg/20210818.gkg.csv.zip,c89d2f0969a06eb6db4aa783872000988793eea40e6a7eaea1f71e497da3b5a3,,19063413,47807,1,2.0917001338688085e-05,67205,505,500,AVAILABLE_VALID_CACHE,1,e0c936a429609efce29ed7978fdda59b,19063413,1,,1284f9141657400869b7eaef1ce7a19eb6fdf6e26e34509f819c6e0920dfd135,
2021-08-19,2021,2021-08,https://data.gdeltproject.org/gkg/20210819.gkg.csv.zip,https://data.gdeltproject.org/gkg/20210819.gkg.csv.zip,7758a406a9ba2e9fa460701b57257fdbeb3c14b18953b7af1dc935ff594a959c,,26252994,65677,1,1.522579859313621e-05,97495,505,500,AVAILABLE_VALID_CACHE,1,41093752d4e9b903023804b9b0475258,26252994,1,,1284f9141657400869b7eaef1ce7a19eb6fdf6e26e34509f819c6e0920dfd135,
2021-08-20,2021,2021-08,https://data.gdeltproject.org/gkg/20210820.gkg.csv.zip,https://data.gdeltproject.org/gkg/20210820.gkg.csv.zip,3f5a163b0c63c8399c20015a919eabadb0c1d4a494a968b79057f8176c567b76,,25638112,63468,1,1.5755723266476547e-05,97404,505,500,AVAILABLE_VALID_CACHE,1,47e1e499d22511313b444db9ea7860df,25638112,1,,1284f9141657400869b7eaef1ce7a19eb6fdf6e26e34509f819c6e0920dfd135,
2021-08-21,2021,2021-08,https://data.gdeltproject.org/gkg/20210821.gkg.csv.zip,https://data.gdeltproject.org/gkg/20210821.gkg.csv.zip,3c282f5072c93fb0664845377e97f0830d408253efd3c0b01469f3faf56e6438,,15985115,38598,1,2.5907406927640612e-05,60654,505,500,AVAILABLE_VALID_CACHE,1,1098bdf8545b6b4831c63470331e6624,15985115,1,,1284f9141657400869b7eaef1ce7a19eb6fdf6e26e34509f819c6e0920dfd135,
2021-08-22,2021,2021-08,https://data.gdeltproject.org/gkg/20210822.gkg.csv.zip,https://data.gdeltproject.org/gkg/20210822.gkg.csv.zip,ddd7802164448e6fd6ad585398b7aed99e57ba137018bd968b69e778e7269920,,14567874,34465,1,2.9014100853014566e-05,54239,505,500,AVAILABLE_VALID_CACHE,1,63d97216cada1647f5aeb541ff179d7f,14567874,1,,1284f9141657400869b7eaef1ce7a19eb6fdf6e26e34509f819c6e0920dfd135,
2021-08-23,2021,2021-08,https://data.gdeltproject.org/gkg/20210823.gkg.csv.zip,https://data.gdeltproject.org/gkg/20210823.gkg.csv.zip,f2bb31d0fe7489a14b0022d0819486331a1e501720afe7577db21f9ad1b974a4,,25258325,62246,1,1.6065031246485775e-05,92725,505,500,AVAILABLE_VALID_CACHE,1,4a41944869aa2cf39d22271435d48e2f,25258325,1,,1284f9141657400869b7eaef1ce7a19eb6fdf6e26e34509f819c6e0920dfd135,
2021-08-24,2021,2021-08,https://data.gdeltproject.org/gkg/20210824.gkg.csv.zip,https://data.gdeltproject.org/gkg/20210824.gkg.csv.zip,453d526bee5ee9dad9f09722b9d644dce52358e1bc5867c82b2db2ad8f9a752b,,27886745,69222,1,1.444606561403002e-05,107672,505,500,AVAILABLE_VALID_CACHE,1,46cd72c837b5f01395edf1d1044ff5fb,27886745,1,,1284f9141657400869b7eaef1ce7a19eb6fdf6e26e34509f819c6e0920dfd135,
2021-08-25,2021,2021-08,https://data.gdeltproject.org/gkg/20210825.gkg.csv.zip,https://data.gdeltproject.org/gkg/20210825.gkg.csv.zip,c18889d7d40ac6a1395e574eaf2990e52d6ff6c634bddfe3e44a66e3033efeb7,,29332164,73625,1,1.3582158476625106e-05,112126,505,500,AVAILABLE_VALID_CACHE,1,84a150e7634f68c79015d872838451a9,29332164,1,,1284f9141657400869b7eaef1ce7a19eb6fdf6e26e34509f819c6e0920dfd135,
2021-08-26,2021,2021-08,https://data.gdeltproject.org/gkg/20210826.gkg.csv.zip,https://data.gdeltproject.org/gkg/20210826.gkg.csv.zip,b987860698788183bfc7e4c053ee24fcf9c45b458b6148e4cfca470e6d7f6ec9,,28301219,69579,1,1.4371945961483185e-05,106764,505,500,AVAILABLE_VALID_CACHE,1,e5ddee73ac940bd62e0c1686fab63b2a,28301219,1,,1284f9141657400869b7eaef1ce7a19eb6fdf6e26e34509f819c6e0920dfd135,
2021-08-27,2021,2021-08,https://data.gdeltproject.org/gkg/20210827.gkg.csv.zip,https://data.gdeltproject.org/gkg/20210827.gkg.csv.zip,edb27c6c1ce6f6038e5e95a0a72fcd1caab7a7d79e69e9c1cf0315ecdd40aed4,,27378968,67778,1,1.4753832307941988e-05,103427,505,500,AVAILABLE_VALID_CACHE,1,b62e568f6038320a5f8d5e693ff9e547,27378968,1,,1284f9141657400869b7eaef1ce7a19eb6fdf6e26e34509f819c6e0920dfd135,
2021-08-28,2021,2021-08,https://data.gdeltproject.org/gkg/20210828.gkg.csv.zip,https://data.gdeltproject.org/gkg/20210828.gkg.csv.zip,585e2f690ddac576cc2b204b2cddca1ccb50a6287d6ec603bcfab54e477f379a,,16679739,39519,1,2.5303643724696355e-05,62166,505,500,AVAILABLE_VALID_CACHE,1,e7d5bb2fc3b7109485b77f451f0ce2a1,16679739,1,,1284f9141657400869b7eaef1ce7a19eb6fdf6e26e34509f819c6e0920dfd135,
2021-08-29,2021,2021-08,https://data.gdeltproject.org/gkg/20210829.gkg.csv.zip,https://data.gdeltproject.org/gkg/20210829.gkg.csv.zip,60da5824bc94357727705cfcd07c5d95e524ec417fbad9dca6b7dae195570c71,,14840165,34377,1,2.90883704694863e-05,54786,505,500,AVAILABLE_VALID_CACHE,1,7a9a03976a1b735da1dff7175893472e,14840165,1,,1284f9141657400869b7eaef1ce7a19eb6fdf6e26e34509f819c6e0920dfd135,
2021-08-30,2021,2021-08,https://data.gdeltproject.org/gkg/20210830.gkg.csv.zip,https://data.gdeltproject.org/gkg/20210830.gkg.csv.zip,a4463eaef23c0f1d3a94b8ec479901e864da5ca7dcbdad877d49dc5e9bccc24a,,24876900,60378,1,1.6562049719273256e-05,93381,505,500,AVAILABLE_VALID_CACHE,1,b172d9b6b4c9c1855964fc2017a96158,24876900,1,,1284f9141657400869b7eaef1ce7a19eb6fdf6e26e34509f819c6e0920dfd135,
2021-08-31,2021,2021-08,https://data.gdeltproject.org/gkg/20210831.gkg.csv.zip,https://data.gdeltproject.org/gkg/20210831.gkg.csv.zip,03293b8ad89ed0ade288bff2d37f1d1b4f38f6c6ea10a184307b115cc80e49be,,28889763,72049,1,1.3879250520471894e-05,109799,505,500,AVAILABLE_VALID_CACHE,1,bc6aa841e09aad293ae393f222dce561,28889763,1,,1284f9141657400869b7eaef1ce7a19eb6fdf6e26e34509f819c6e0920dfd135,
2021-09-01,2021,2021-09,https://data.gdeltproject.org/gkg/20210901.gkg.csv.zip,https://data.gdeltproject.org/gkg/20210901.gkg.csv.zip,05251e52620160c2f1b519ae256071ece5ac009a81ff45748748b76be6d2a991,,30134033,75340,1,1.3272985492626856e-05,113502,505,500,AVAILABLE_VALID_CACHE,1,6a2f5fcacf20d0c69cc3280a13c95feb,30134033,1,,1284f9141657400869b7eaef1ce7a19eb6fdf6e26e34509f819c6e0920dfd135,
2021-09-02,2021,2021-09,https://data.gdeltproject.org/gkg/20210902.gkg.csv.zip,https://data.gdeltproject.org/gkg/20210902.gkg.csv.zip,520545aee00500c2062ce4abbe825b9c8d59a1483ebc7384c9a5face230bd08a,,29968110,74045,1,1.3505118439888717e-05,111386,505,500,AVAILABLE_VALID_CACHE,1,e1d2dbb83eba69517efb2fb7887490e6,29968110,1,,1284f9141657400869b7eaef1ce7a19eb6fdf6e26e34509f819c6e0920dfd135,
2021-09-03,2021,2021-09,https://data.gdeltproject.org/gkg/20210903.gkg.csv.zip,https://data.gdeltproject.org/gkg/20210903.gkg.csv.zip,d4543f0c5ebbc545260b71bec31901d2a14e72700973c2e99de726c4fa4b4607,,26894866,66502,1,1.5036915627866412e-05,102554,505,500,AVAILABLE_VALID_CACHE,1,77d9cf3a7653819db5c7e143e8c06b0a,26894866,1,,1284f9141657400869b7eaef1ce7a19eb6fdf6e26e34509f819c6e0920dfd135,
2021-09-04,2021,2021-09,https://data.gdeltproject.org/gkg/20210904.gkg.csv.zip,https://data.gdeltproject.org/gkg/20210904.gkg.csv.zip,795b7a3dbf12c120a5c6bff5f74b95f366d9e76577fc6a2f738492ae2197d90f,,15320339,37167,1,2.6904864399483427e-05,58872,505,500,AVAILABLE_VALID_CACHE,1,9ee08422ba44dbe354e931d8c75dd4d0,15320339,1,,1284f9141657400869b7eaef1ce7a19eb6fdf6e26e34509f819c6e0920dfd135,
2021-09-05,2021,2021-09,https://data.gdeltproject.org/gkg/20210905.gkg.csv.zip,https://data.gdeltproject.org/gkg/20210905.gkg.csv.zip,931009876b2e119210ee2605bf173e664140d008bb77080ac0c9d9ce9a1a8c25,,13615079,33061,1,3.0246204101385276e-05,52340,505,500,AVAILABLE_VALID_CACHE,1,7a8cbd709db51bdbeeab108031ea5479,13615079,1,,1284f9141657400869b7eaef1ce7a19eb6fdf6e26e34509f819c6e0920dfd135,
2021-09-06,2021,2021-09,https://data.gdeltproject.org/gkg/20210906.gkg.csv.zip,https://data.gdeltproject.org/gkg/20210906.gkg.csv.zip,54f669d939d38192a70e6f4576c10232b6d8d82c777b6a95a98bf259b8619f39,,19934243,50679,1,1.9731649565903708e-05,74066,505,500,AVAILABLE_VALID_CACHE,1,7c937cc1f969a2c71268746f71c97757,19934243,1,,1284f9141657400869b7eaef1ce7a19eb6fdf6e26e34509f819c6e0920dfd135,
2021-09-07,2021,2021-09,https://data.gdeltproject.org/gkg/20210907.gkg.csv.zip,https://data.gdeltproject.org/gkg/20210907.gkg.csv.zip,1fe6973d7a350e37f1b44af24b72de3ebf0905b85945ee8101892ca53ee55b4e,,26766916,66809,1,1.49678191887442e-05,101670,505,500,AVAILABLE_VALID_CACHE,1,3b9ddf9644bb78801b5dfea70dbfb1ca,26766916,1,,1284f9141657400869b7eaef1ce7a19eb6fdf6e26e34509f819c6e0920dfd135,
2021-09-08,2021,2021-09,https://data.gdeltproject.org/gkg/20210908.gkg.csv.zip,https://data.gdeltproject.org/gkg/20210908.gkg.csv.zip,eca79e0538f2fd4d69d64d09b947939def48b6429210b1bf7a24549739eeaef9,,29254220,73312,1,1.3640145676755828e-05,109994,505,500,AVAILABLE_VALID_CACHE,1,90075120c12a5579b4687f2f0142869d,29254220,1,,1284f9141657400869b7eaef1ce7a19eb6fdf6e26e34509f819c6e0920dfd135,
2021-09-09,2021,2021-09,https://data.gdeltproject.org/gkg/20210909.gkg.csv.zip,https://data.gdeltproject.org/gkg/20210909.gkg.csv.zip,47797ca4455887d9eedf9a616f55ab2f206d7fdfa4c2916d97fca8a81e422dd6,,29904249,74218,1,1.347363882563764e-05,111880,505,500,AVAILABLE_VALID_CACHE,1,595b20b650793a75c58680c19cff4040,29904249,1,,1284f9141657400869b7eaef1ce7a19eb6fdf6e26e34509f819c6e0920dfd135,
2021-09-10,2021,2021-09,https://data.gdeltproject.org/gkg/20210910.gkg.csv.zip,https://data.gdeltproject.org/gkg/20210910.gkg.csv.zip,e93011edf0708866f36e4fac3cd66e250bfd90053e588667384356b059d22626,,27244448,68066,1,1.469140699604801e-05,103706,505,500,AVAILABLE_VALID_CACHE,1,bb6d2415c2178ebae0d44020be6e2ef5,27244448,1,,1284f9141657400869b7eaef1ce7a19eb6fdf6e26e34509f819c6e0920dfd135,
2021-09-11,2021,2021-09,https://data.gdeltproject.org/gkg/20210911.gkg.csv.zip,https://data.gdeltproject.org/gkg/20210911.gkg.csv.zip,eaac70f60ae8cb962648d1a36459e20382b464c65342418efc81078a9ad76e5c,,16786610,41029,1,2.4372410431391666e-05,64525,505,500,AVAILABLE_VALID_CACHE,1,d0e5e821bc5126b45cac5db1e9f55898,16786610,1,,1284f9141657400869b7eaef1ce7a19eb6fdf6e26e34509f819c6e0920dfd135,
2021-09-12,2021,2021-09,https://data.gdeltproject.org/gkg/20210912.gkg.csv.zip,https://data.gdeltproject.org/gkg/20210912.gkg.csv.zip,99e02cf1488612c1216816d783552d4160f4e40daf4d47de2725988c0d10a469,,13742860,34458,1,2.901999477640094e-05,52068,505,500,AVAILABLE_VALID_CACHE,1,413529322f9ae56037b2a4c4b848d8d5,13742860,1,,1284f9141657400869b7eaef1ce7a19eb6fdf6e26e34509f819c6e0920dfd135,
2021-09-13,2021,2021-09,https://data.gdeltproject.org/gkg/20210913.gkg.csv.zip,https://data.gdeltproject.org/gkg/20210913.gkg.csv.zip,7343292671c0eead798b198744064fb887db958f95e8aa797089d85e72a646ec,,25574487,64640,1,1.5470057703315233e-05,98838,505,500,AVAILABLE_VALID_CACHE,1,c5703ad01ba156d98371a809c715e1d1,25574487,1,,1284f9141657400869b7eaef1ce7a19eb6fdf6e26e34509f819c6e0920dfd135,
2021-09-14,2021,2021-09,https://data.gdeltproject.org/gkg/20210914.gkg.csv.zip,https://data.gdeltproject.org/gkg/20210914.gkg.csv.zip,a9dd98a0bba75717e5484d0a10a46df92618566c56952465d6704e424ffb1128,,29644559,74770,1,1.3374169129742815e-05,114761,505,500,AVAILABLE_VALID_CACHE,1,ddcf5a10389d5d54b986e43de2bd2dbc,29644559,1,,1284f9141657400869b7eaef1ce7a19eb6fdf6e26e34509f819c6e0920dfd135,
2021-09-15,2021,2021-09,https://data.gdeltproject.org/gkg/20210915.gkg.csv.zip,https://data.gdeltproject.org/gkg/20210915.gkg.csv.zip,ef6f9b957c7b1004e3193406da23db8bc3b62acece3c15848b3e27e80e12d9b8,,30723425,76949,1,1.299545159194282e-05,115872,505,500,AVAILABLE_VALID_CACHE,1,e3c7015272f687ac6d57be4db9525b19,30723425,1,,1284f9141657400869b7eaef1ce7a19eb6fdf6e26e34509f819c6e0920dfd135,
2021-09-16,2021,2021-09,https://data.gdeltproject.org/gkg/20210916.gkg.csv.zip,https://data.gdeltproject.org/gkg/20210916.gkg.csv.zip,6191805ebaa88d2382549af68456bb4b57fafff86141e1ef4d193195634c76cb,,29519167,73660,1,1.3575704918477891e-05,111469,505,500,AVAILABLE_VALID_CACHE,1,1637387d7232c42fb5dd66f356f269be,29519167,1,,1284f9141657400869b7eaef1ce7a19eb6fdf6e26e34509f819c6e0920dfd135,
2021-09-17,2021,2021-09,https://data.gdeltproject.org/gkg/20210917.gkg.csv.zip,https://data.gdeltproject.org/gkg/20210917.gkg.csv.zip,fcb81c6ba6e866575a4fc3f18f685dc8f5db1cf7b4e505bf657832181b9c1eb4,,28538382,70331,1,1.4218279019507479e-05,106418,505,500,AVAILABLE_VALID_CACHE,1,0d287ca947d1fa73085da4273e4837c9,28538382,1,,1284f9141657400869b7eaef1ce7a19eb6fdf6e26e34509f819c6e0920dfd135,
2021-09-18,2021,2021-09,https://data.gdeltproject.org/gkg/20210918.gkg.csv.zip,https://data.gdeltproject.org/gkg/20210918.gkg.csv.zip,49586e297c823f73c250a0f4d689231e71944d598bb02bb221d138818d167db0,,16551067,40124,1,2.4922118380062307e-05,64048,505,500,AVAILABLE_VALID_CACHE,1,249625d13a8421192f706f4ec009844c,16551067,1,,1284f9141657400869b7eaef1ce7a19eb6fdf6e26e34509f819c6e0920dfd135,
2021-09-19,2021,2021-09,https://data.gdeltproject.org/gkg/20210919.gkg.csv.zip,https://data.gdeltproject.org/gkg/20210919.gkg.csv.zip,4718bd2cfaeb3bb117b758ed38d1144a3b3885cd9e93f674073f1eca8223ffaf,,13830803,33874,1,2.952029520295203e-05,52549,505,500,AVAILABLE_VALID_CACHE,1,bcf3d4f19ecfd51d21f1a7595fa78388,13830803,1,,1284f9141657400869b7eaef1ce7a19eb6fdf6e26e34509f819c6e0920dfd135,
2021-09-20,2021,2021-09,https://data.gdeltproject.org/gkg/20210920.gkg.csv.zip,https://data.gdeltproject.org/gkg/20210920.gkg.csv.zip,50097c295606b252a16e49fcebf7745c09857e22445198e90f53ee618d640852,,26310816,65301,1,1.5313466662583075e-05,99487,505,500,AVAILABLE_VALID_CACHE,1,77c492cbbc0f9ea1db88a2bcdf354a9e,26310816,1,,1284f9141657400869b7eaef1ce7a19eb6fdf6e26e34509f819c6e0920dfd135,
2021-09-21,2021,2021-09,https://data.gdeltproject.org/gkg/20210921.gkg.csv.zip,https://data.gdeltproject.org/gkg/20210921.gkg.csv.zip,2b2dc14e14c1341ed7406df4db0a26e34207fae0027733a52aec787beb690076,,28540512,72026,1,1.3883682507948407e-05,109239,505,500,AVAILABLE_VALID_CACHE,1,86c0f0da00dc64e0c3f5e1f37505f269,28540512,1,,1284f9141657400869b7eaef1ce7a19eb6fdf6e26e34509f819c6e0920dfd135,
2021-09-22,2021,2021-09,https://data.gdeltproject.org/gkg/20210922.gkg.csv.zip,https://data.gdeltproject.org/gkg/20210922.gkg.csv.zip,03221af62bf2ecac27f4add67376830a939a181cbc0546ae9e7cadd345213fd8,,29961582,74609,1,1.3403029084573114e-05,113408,505,500,AVAILABLE_VALID_CACHE,1,ac804e2f2b1e36930b486deb9f34e9e9,29961582,1,,1284f9141657400869b7eaef1ce7a19eb6fdf6e26e34509f819c6e0920dfd135,
2021-09-23,2021,2021-09,https://data.gdeltproject.org/gkg/20210923.gkg.csv.zip,https://data.gdeltproject.org/gkg/20210923.gkg.csv.zip,832de6f95d8ccb70b08a5e320ad067c8144f3cab1d60ca5cc39f2f7d02a79ccd,,29648566,75394,1,1.3263479010544466e-05,111213,505,500,AVAILABLE_VALID_CACHE,1,dd1ac25eda4b636bf143ba2cb170c64c,29648566,1,,1284f9141657400869b7eaef1ce7a19eb6fdf6e26e34509f819c6e0920dfd135,
2021-09-24,2021,2021-09,https://data.gdeltproject.org/gkg/20210924.gkg.csv.zip,https://data.gdeltproject.org/gkg/20210924.gkg.csv.zip,b7f009ae57213359408951d4042b1b598c6c1c333318a3d68e39e8909282c3ba,,27962241,69292,1,1.4431472154474478e-05,102604,505,500,AVAILABLE_VALID_CACHE,1,0d6ec7ab1e81c981706d60a00d3d2897,27962241,1,,1284f9141657400869b7eaef1ce7a19eb6fdf6e26e34509f819c6e0920dfd135,
2021-09-25,2021,2021-09,https://data.gdeltproject.org/gkg/20210925.gkg.csv.zip,https://data.gdeltproject.org/gkg/20210925.gkg.csv.zip,44088d6798c6326bf4549b087ea6f67a0dfaa57c798446f497a4c571d469e3c7,,17925557,43518,1,2.29784691743836e-05,65031,505,500,AVAILABLE_VALID_CACHE,1,1ac4c51c937756b6387696e8b6887ef0,17925557,1,,1284f9141657400869b7eaef1ce7a19eb6fdf6e26e34509f819c6e0920dfd135,
2021-09-26,2021,2021-09,https://data.gdeltproject.org/gkg/20210926.gkg.csv.zip,https://data.gdeltproject.org/gkg/20210926.gkg.csv.zip,528d9564daa4a434fc778903f6122f731bd13eed746abe6da42b3183d5e8fea0,,19340292,47883,1,2.0883802522763345e-05,65932,505,500,AVAILABLE_VALID_CACHE,1,433e25fe7ede184b11025355ef70b603,19340292,1,,1284f9141657400869b7eaef1ce7a19eb6fdf6e26e34509f819c6e0920dfd135,
2021-09-27,2021,2021-09,https://data.gdeltproject.org/gkg/20210927.gkg.csv.zip,https://data.gdeltproject.org/gkg/20210927.gkg.csv.zip,41b9815a6fc170776f2a15ab1e1bcf82e16ee7ca3d3e2dd8c97389004255c648,,30517913,76057,1,1.3147860843040837e-05,107944,505,500,AVAILABLE_VALID_CACHE,1,421cca8ac68bcfc40bd7f917f17d8fbf,30517913,1,,1284f9141657400869b7eaef1ce7a19eb6fdf6e26e34509f819c6e0920dfd135,
2021-09-28,2021,2021-09,https://data.gdeltproject.org/gkg/20210928.gkg.csv.zip,https://data.gdeltproject.org/gkg/20210928.gkg.csv.zip,222f1ad421558590ef26fb29854cca9ba385455bf445215b54ec55e4ad5f05ad,,32344261,81620,1,1.225174893716078e-05,116533,505,500,AVAILABLE_VALID_CACHE,1,6abf29a8b3bfd3932343c5fac911c833,32344261,1,,1284f9141657400869b7eaef1ce7a19eb6fdf6e26e34509f819c6e0920dfd135,
2021-09-29,2021,2021-09,https://data.gdeltproject.org/gkg/20210929.gkg.csv.zip,https://data.gdeltproject.org/gkg/20210929.gkg.csv.zip,02840f86111058422f99f7023ac681a8cf6d3ff3a5d1492f47d85fbe6c0b3f3c,,32036045,80533,1,1.2417115752353044e-05,117380,505,500,AVAILABLE_VALID_CACHE,1,988df662354a08e27bca9dae2bf2873b,32036045,1,,1284f9141657400869b7eaef1ce7a19eb6fdf6e26e34509f819c6e0920dfd135,
2021-09-30,2021,2021-09,https://data.gdeltproject.org/gkg/20210930.gkg.csv.zip,https://data.gdeltproject.org/gkg/20210930.gkg.csv.zip,7b25b4f33d9ff359fde3439e7faa3a511973f7d2a1d494265c8fd407567cac98,,31735307,80065,1,1.248969600079934e-05,114258,505,500,AVAILABLE_VALID_CACHE,1,34f96ba0a1b8f39a38273bd91b642ba9,31735307,1,,1284f9141657400869b7eaef1ce7a19eb6fdf6e26e34509f819c6e0920dfd135,
2021-10-01,2021,2021-10,https://data.gdeltproject.org/gkg/20211001.gkg.csv.zip,https://data.gdeltproject.org/gkg/20211001.gkg.csv.zip,634f9ea63b9260692d3f9f391a2f85e5b8251800a18a1226d8f0eaac62b08404,,29688947,75595,1,1.3228213132969999e-05,108568,505,500,AVAILABLE_VALID_CACHE,1,310c948d4de1f87ef6ae6c208e7c7c53,29688947,1,,1284f9141657400869b7eaef1ce7a19eb6fdf6e26e34509f819c6e0920dfd135,
2021-10-02,2021,2021-10,https://data.gdeltproject.org/gkg/20211002.gkg.csv.zip,https://data.gdeltproject.org/gkg/20211002.gkg.csv.zip,abd39e4f4f84b13c0d4af4de6ab5f401fa755e267cc6d4224a44266453e0b5a8,,17053294,42986,1,2.3262846907204504e-05,65047,505,500,AVAILABLE_VALID_CACHE,1,0cdabd769c4f6f88d37a0d8acecb7b08,17053294,1,,1284f9141657400869b7eaef1ce7a19eb6fdf6e26e34509f819c6e0920dfd135,
2021-10-03,2021,2021-10,https://data.gdeltproject.org/gkg/20211003.gkg.csv.zip,https://data.gdeltproject.org/gkg/20211003.gkg.csv.zip,2419a3712c76a3a93391df92d760e96d197e2137fbdeddc5eeee4631f929c3a6,,15026480,37655,1,2.6556192904185255e-05,55077,505,500,AVAILABLE_VALID_CACHE,1,1f89f2ef6303b05a1e6f753fe9e399aa,15026480,1,,1284f9141657400869b7eaef1ce7a19eb6fdf6e26e34509f819c6e0920dfd135,
2021-10-04,2021,2021-10,https://data.gdeltproject.org/gkg/20211004.gkg.csv.zip,https://data.gdeltproject.org/gkg/20211004.gkg.csv.zip,e414496b848627730966bdbed8b5ebe95e4b3f7bd0da738831b4332ce9e16000,,26696723,67784,1,1.4752526370140887e-05,99713,505,500,AVAILABLE_VALID_CACHE,1,908c640b0f1132f3445fd2cfca7ca523,26696723,1,,1284f9141657400869b7eaef1ce7a19eb6fdf6e26e34509f819c6e0920dfd135,
2021-10-05,2021,2021-10,https://data.gdeltproject.org/gkg/20211005.gkg.csv.zip,https://data.gdeltproject.org/gkg/20211005.gkg.csv.zip,5f7417b6462223971fab5c765f62501ac85113197760105a790c44542993489b,,30085758,75985,1,1.3160319006132709e-05,111038,505,500,AVAILABLE_VALID_CACHE,1,c5b6aef1ccaadc10609d5e1452765cc7,30085758,1,,1284f9141657400869b7eaef1ce7a19eb6fdf6e26e34509f819c6e0920dfd135,
2021-10-06,2021,2021-10,https://data.gdeltproject.org/gkg/20211006.gkg.csv.zip,https://data.gdeltproject.org/gkg/20211006.gkg.csv.zip,962e0877104d676dfaa533114f385f245d798651a71def60960c2b125c0645b9,,29711153,75110,1,1.3313629162173316e-05,112340,505,500,AVAILABLE_VALID_CACHE,1,0ddfb12ce84f90d402851ef9819883f4,29711153,1,,1284f9141657400869b7eaef1ce7a19eb6fdf6e26e34509f819c6e0920dfd135,
2021-10-07,2021,2021-10,https://data.gdeltproject.org/gkg/20211007.gkg.csv.zip,https://data.gdeltproject.org/gkg/20211007.gkg.csv.zip,7ede5993368c2dd4309ccb246fa6d67d146b5bbd59f4124df76d7687738b8531,,30102769,75758,1,1.319975184466532e-05,111036,505,500,AVAILABLE_VALID_CACHE,1,35362604cb36ecae50e25ee6bbe6595b,30102769,1,,1284f9141657400869b7eaef1ce7a19eb6fdf6e26e34509f819c6e0920dfd135,
2021-10-08,2021,2021-10,https://data.gdeltproject.org/gkg/20211008.gkg.csv.zip,https://data.gdeltproject.org/gkg/20211008.gkg.csv.zip,6e00257bb53f152f11813b512ccb0112532537b21649c6cfcf78c8a95c7291f4,,28016121,70534,1,1.4177358758063372e-05,106598,505,500,AVAILABLE_VALID_CACHE,1,6d866c0fd53e23fa8d0f12c8339ede09,28016121,1,,1284f9141657400869b7eaef1ce7a19eb6fdf6e26e34509f819c6e0920dfd135,
2021-10-09,2021,2021-10,https://data.gdeltproject.org/gkg/20211009.gkg.csv.zip,https://data.gdeltproject.org/gkg/20211009.gkg.csv.zip,51c2410f25117629dce3c5c3546fbf0afb6acfd2fc8d1b924c38c586fcdf15d7,,16135155,40358,1,2.477762085284571e-05,60911,505,500,AVAILABLE_VALID_CACHE,1,8f2948e60d199b77f9237a4577be1ef3,16135155,1,,1284f9141657400869b7eaef1ce7a19eb6fdf6e26e34509f819c6e0920dfd135,
2021-10-10,2021,2021-10,https://data.gdeltproject.org/gkg/20211010.gkg.csv.zip,https://data.gdeltproject.org/gkg/20211010.gkg.csv.zip,ade145e0389a7857d15bd78b5f0812f935610d5d3269c3e7dc32eafbed2e9daf,,14542511,35662,1,2.804026582171999e-05,56132,505,500,AVAILABLE_VALID_CACHE,1,b34ec0d83854cf71a80c1d4a8d6eed28,14542511,1,,1284f9141657400869b7eaef1ce7a19eb6fdf6e26e34509f819c6e0920dfd135,
2021-10-11,2021,2021-10,https://data.gdeltproject.org/gkg/20211011.gkg.csv.zip,https://data.gdeltproject.org/gkg/20211011.gkg.csv.zip,61605d0ee8f79788abae057d4daf16de9e3c955238e428f296bc76dabaed1580,,24502731,62504,1,1.5998720102391807e-05,93893,505,500,AVAILABLE_VALID_CACHE,1,cd597ce35caac5d333f6ba8c94b11016,24502731,1,,1284f9141657400869b7eaef1ce7a19eb6fdf6e26e34509f819c6e0920dfd135,
2021-10-12,2021,2021-10,https://data.gdeltproject.org/gkg/20211012.gkg.csv.zip,https://data.gdeltproject.org/gkg/20211012.gkg.csv.zip,09c613d0d697b2287d72e1c70b1ce0063dfdb3c3d4e258c1b67ccec03e170646,,28282814,72411,1,1.3809865768104734e-05,109263,505,500,AVAILABLE_VALID_CACHE,1,d434cc8776e39005a0ef9af13bd7ef17,28282814,1,,1284f9141657400869b7eaef1ce7a19eb6fdf6e26e34509f819c6e0920dfd135,
2021-10-13,2021,2021-10,https://data.gdeltproject.org/gkg/20211013.gkg.csv.zip,https://data.gdeltproject.org/gkg/20211013.gkg.csv.zip,4bf320fd2d93b557700ff53b40c9000331af63d0155c4cbc81859ad2e88f73d1,,29352860,75427,1,1.3257676194516625e-05,113119,505,500,AVAILABLE_VALID_CACHE,1,9a716d6e60c308a1abae3326744d9fd1,29352860,1,,1284f9141657400869b7eaef1ce7a19eb6fdf6e26e34509f819c6e0920dfd135,
2021-10-14,2021,2021-10,https://data.gdeltproject.org/gkg/20211014.gkg.csv.zip,https://data.gdeltproject.org/gkg/20211014.gkg.csv.zip,6809772dc75d2a114575a72f6ddb9f91db215467b8f51df441eccaffa5edde6c,,29539356,74818,1,1.3365588954677287e-05,111436,505,500,AVAILABLE_VALID_CACHE,1,6591c187fa1f582a10ce3b13eb8b64eb,29539356,1,,1284f9141657400869b7eaef1ce7a19eb6fdf6e26e34509f819c6e0920dfd135,
2021-10-15,2021,2021-10,https://data.gdeltproject.org/gkg/20211015.gkg.csv.zip,https://data.gdeltproject.org/gkg/20211015.gkg.csv.zip,e5aabf714f5245b65afba948086bdb94d73965ec9483d5b9222f01ba17493fea,,26240044,66613,1,1.5011859368901431e-05,100623,505,500,AVAILABLE_VALID_CACHE,1,bd67b4c6df252326f988be2253c2a31f,26240044,1,,1284f9141657400869b7eaef1ce7a19eb6fdf6e26e34509f819c6e0920dfd135,
2021-10-16,2021,2021-10,https://data.gdeltproject.org/gkg/20211016.gkg.csv.zip,https://data.gdeltproject.org/gkg/20211016.gkg.csv.zip,104a654e04508444b7893d4822b2dbbdcbc79e914faab9e911cf210a238f6e58,,15540614,38618,1,2.5893990004919858e-05,59836,505,500,AVAILABLE_VALID_CACHE,1,2ef4019932ec85c1f8a2ccc6b31831c5,15540614,1,,1284f9141657400869b7eaef1ce7a19eb6fdf6e26e34509f819c6e0920dfd135,
2021-10-17,2021,2021-10,https://data.gdeltproject.org/gkg/20211017.gkg.csv.zip,https://data.gdeltproject.org/gkg/20211017.gkg.csv.zip,341b7d12a1b86d2bc7c8e73a208986052d3b51b4db890e756c00fda13bc70530,,13984718,34782,1,2.8749676566138632e-05,53029,505,500,AVAILABLE_VALID_CACHE,1,895c6717412120d509ef4544ae5b7621,13984718,1,,1284f9141657400869b7eaef1ce7a19eb6fdf6e26e34509f819c6e0920dfd135,
2021-10-18,2021,2021-10,https://data.gdeltproject.org/gkg/20211018.gkg.csv.zip,https://data.gdeltproject.org/gkg/20211018.gkg.csv.zip,86fc96b0b20f050f788c3669b1d75e03bf621bd31ab0b247c17c03a292e1fe3a,,24544222,62505,1,1.5998464147441847e-05,95644,505,500,AVAILABLE_VALID_CACHE,1,a60dde26734a9b18cc3ceafb6b3df0f6,24544222,1,,1284f9141657400869b7eaef1ce7a19eb6fdf6e26e34509f819c6e0920dfd135,
2021-10-19,2021,2021-10,https://data.gdeltproject.org/gkg/20211019.gkg.csv.zip,https://data.gdeltproject.org/gkg/20211019.gkg.csv.zip,5fdb019d76cd824d7c5a3aea802fe8719c8f11f8f102bcb34cde0880dab07066,,28704779,72821,1,1.3732113921617094e-05,108599,505,500,AVAILABLE_VALID_CACHE,1,5ed849e931f033a7e62d7d18d1339adc,28704779,1,,1284f9141657400869b7eaef1ce7a19eb6fdf6e26e34509f819c6e0920dfd135,
2021-10-20,2021,2021-10,https://data.gdeltproject.org/gkg/20211020.gkg.csv.zip,https://data.gdeltproject.org/gkg/20211020.gkg.csv.zip,56c33dc6856a84e687be5ca1343b8e8ea7711311c5f0eb3c865d3e793436b3c1,,29627954,75280,1,1.3283564245958475e-05,110886,505,500,AVAILABLE_VALID_CACHE,1,c7336c72b5a63abb8f2f8cc02fb0a20f,29627954,1,,1284f9141657400869b7eaef1ce7a19eb6fdf6e26e34509f819c6e0920dfd135,
2021-10-21,2021,2021-10,https://data.gdeltproject.org/gkg/20211021.gkg.csv.zip,https://data.gdeltproject.org/gkg/20211021.gkg.csv.zip,a20a6a9d81d278e287199055642c01d9564dd23650f143b68aed05de6cbdb59c,,29959867,76448,1,1.308061583539353e-05,111872,505,500,AVAILABLE_VALID_CACHE,1,ee66d3cab6eeb3f4231caee054f7b8c8,29959867,1,,1284f9141657400869b7eaef1ce7a19eb6fdf6e26e34509f819c6e0920dfd135,
2021-10-22,2021,2021-10,https://data.gdeltproject.org/gkg/20211022.gkg.csv.zip,https://data.gdeltproject.org/gkg/20211022.gkg.csv.zip,43b21debbead82d56c53237f429b63889884ff3f5cff10880d014f4f40ecffea,,28157514,71022,1,1.4079945933007617e-05,107046,505,500,AVAILABLE_VALID_CACHE,1,c880f95ade226230ad4a3a623ead85c2,28157514,1,,1284f9141657400869b7eaef1ce7a19eb6fdf6e26e34509f819c6e0920dfd135,
2021-10-23,2021,2021-10,https://data.gdeltproject.org/gkg/20211023.gkg.csv.zip,https://data.gdeltproject.org/gkg/20211023.gkg.csv.zip,254a0924f3b4e4a3c98c11528d0170f675e43e9a3cab71e04936cf1f16939e56,,15664483,38812,1,2.5764563419472856e-05,61145,505,500,AVAILABLE_VALID_CACHE,1,3cd6b1d75fb1b5c63810b0cbfd31a035,15664483,1,,1284f9141657400869b7eaef1ce7a19eb6fdf6e26e34509f819c6e0920dfd135,
2021-10-24,2021,2021-10,https://data.gdeltproject.org/gkg/20211024.gkg.csv.zip,https://data.gdeltproject.org/gkg/20211024.gkg.csv.zip,2cab617c2f2ba740b00e3a17b1061227712c6ec2f44b0ceb9bd5122efd930a9c,,13877860,34678,1,2.8835894921998903e-05,54741,505,500,AVAILABLE_VALID_CACHE,1,43274bec461d021a1bf0f6a2d4eff3c9,13877860,1,,1284f9141657400869b7eaef1ce7a19eb6fdf6e26e34509f819c6e0920dfd135,
2021-10-25,2021,2021-10,https://data.gdeltproject.org/gkg/20211025.gkg.csv.zip,https://data.gdeltproject.org/gkg/20211025.gkg.csv.zip,e06b253f1fbc6f7e23fb996a5bf5f55907ced5a23afabcd9621c78299a631554,,25582543,64424,1,1.5521924718665114e-05,92901,505,500,AVAILABLE_VALID_CACHE,1,f9978569d865abeed47e1db925b116c4,25582543,1,,1284f9141657400869b7eaef1ce7a19eb6fdf6e26e34509f819c6e0920dfd135,
2021-10-26,2021,2021-10,https://data.gdeltproject.org/gkg/20211026.gkg.csv.zip,https://data.gdeltproject.org/gkg/20211026.gkg.csv.zip,178e2ad93dded0e03bf06eb3bb3966c5d3e2281f448bb19bf515b3d53d52ff27,,28555222,71987,1,1.3891204089570484e-05,108554,505,500,AVAILABLE_VALID_CACHE,1,f4466331379787b8e599b58ac858d414,28555222,1,,1284f9141657400869b7eaef1ce7a19eb6fdf6e26e34509f819c6e0920dfd135,
2021-10-27,2021,2021-10,https://data.gdeltproject.org/gkg/20211027.gkg.csv.zip,https://data.gdeltproject.org/gkg/20211027.gkg.csv.zip,c43c74d4784d6dda0f0706f877eb6c784179bf268004e721fb1208498a6dc6ae,,29204598,74047,1,1.3504753673293e-05,108155,505,500,AVAILABLE_VALID_CACHE,1,1974b0ea11f408795fdc48872261f158,29204598,1,,1284f9141657400869b7eaef1ce7a19eb6fdf6e26e34509f819c6e0920dfd135,
2021-10-28,2021,2021-10,https://data.gdeltproject.org/gkg/20211028.gkg.csv.zip,https://data.gdeltproject.org/gkg/20211028.gkg.csv.zip,f87b910c3f4b0fde518d8145afb954b4c958bca5661e94ef10fd688fbec9b752,,29207024,73208,1,1.3659522736275594e-05,108476,505,500,AVAILABLE_VALID_CACHE,1,743e328f4c5971cca355c250a53af072,29207024,1,,1284f9141657400869b7eaef1ce7a19eb6fdf6e26e34509f819c6e0920dfd135,
2021-10-29,2021,2021-10,https://data.gdeltproject.org/gkg/20211029.gkg.csv.zip,https://data.gdeltproject.org/gkg/20211029.gkg.csv.zip,a15376fdae41d487d0d554175f86045eb8746ba182a834cab5014354b31565c3,,27655830,69954,1,1.4294903866771496e-05,104064,505,500,AVAILABLE_VALID_CACHE,1,ff3a247ab2a07b1601d21167c40962d4,27655830,1,,1284f9141657400869b7eaef1ce7a19eb6fdf6e26e34509f819c6e0920dfd135,
2021-10-30,2021,2021-10,https://data.gdeltproject.org/gkg/20211030.gkg.csv.zip,https://data.gdeltproject.org/gkg/20211030.gkg.csv.zip,33a0d2cc906a8b80c724e355170d32eb58a336cf77179a83690679941054395c,,16439500,40727,1,2.455313297976822e-05,62925,505,500,AVAILABLE_VALID_CACHE,1,722d28f99c6a83e58fadf50787866f2e,16439500,1,,1284f9141657400869b7eaef1ce7a19eb6fdf6e26e34509f819c6e0920dfd135,
2021-10-31,2021,2021-10,https://data.gdeltproject.org/gkg/20211031.gkg.csv.zip,https://data.gdeltproject.org/gkg/20211031.gkg.csv.zip,8dcd2d379c5a1f9e2528b9e2ae771d6f5e609391c7575a4219beff8583ae6fb2,,16398987,41243,1,2.4245950926195326e-05,62724,505,500,AVAILABLE_VALID_CACHE,1,61d521f0ebca2584e3b5e2620a1813ca,16398987,1,,1284f9141657400869b7eaef1ce7a19eb6fdf6e26e34509f819c6e0920dfd135,
2021-11-01,2021,2021-11,https://data.gdeltproject.org/gkg/20211101.gkg.csv.zip,https://data.gdeltproject.org/gkg/20211101.gkg.csv.zip,07dc4361c942371045eb599138e6abbdc5e372a26a5bf8a2dd64b3f820e004b0,,25738492,66163,1,1.5113959252765854e-05,98424,505,500,AVAILABLE_VALID_CACHE,1,56520992cec56d3371acbcfdf34867f5,25738492,1,,1284f9141657400869b7eaef1ce7a19eb6fdf6e26e34509f819c6e0920dfd135,
2021-11-02,2021,2021-11,https://data.gdeltproject.org/gkg/20211102.gkg.csv.zip,https://data.gdeltproject.org/gkg/20211102.gkg.csv.zip,86731c28c80daf282a1f4f6eb94168210377f63eac0265b24ee16a29d9070f44,,28349933,72741,1,1.3747216188721783e-05,107745,505,500,AVAILABLE_VALID_CACHE,1,ae9499aa822ebc76c6a71e968703fdb7,28349933,1,,1284f9141657400869b7eaef1ce7a19eb6fdf6e26e34509f819c6e0920dfd135,
2021-11-03,2021,2021-11,https://data.gdeltproject.org/gkg/20211103.gkg.csv.zip,https://data.gdeltproject.org/gkg/20211103.gkg.csv.zip,bd2fe28ecdf71ddc7bc80d8de42d3984533182c3c1daf7623885fae308befdb1,,30554758,77036,1,1.298077547152667e-05,112290,505,500,AVAILABLE_VALID_CACHE,1,a4552f71b3511daf67dcb7380b3b7a31,30554758,1,,1284f9141657400869b7eaef1ce7a19eb6fdf6e26e34509f819c6e0920dfd135,
2021-11-04,2021,2021-11,https://data.gdeltproject.org/gkg/20211104.gkg.csv.zip,https://data.gdeltproject.org/gkg/20211104.gkg.csv.zip,c654ca51c1a4866a4ab40c81d02705d612fee50f0dce32c6d064124c1f50fec8,,29159872,73621,1,1.3582896416831926e-05,108665,505,500,AVAILABLE_VALID_CACHE,1,08cbee2b96f1538fe9002d4b9a7eb007,29159872,1,,1284f9141657400869b7eaef1ce7a19eb6fdf6e26e34509f819c6e0920dfd135,
2021-11-05,2021,2021-11,https://data.gdeltproject.org/gkg/20211105.gkg.csv.zip,https://data.gdeltproject.org/gkg/20211105.gkg.csv.zip,86b46d5920678a0d4e4e6011e1d581ffe261340f5ae0b15ab42564065975165a,,27058903,68301,1,1.4640859711282247e-05,99971,505,500,AVAILABLE_VALID_CACHE,1,da62cb0c8bbda11ede7c1f6d49e8b0e3,27058903,1,,1284f9141657400869b7eaef1ce7a19eb6fdf6e26e34509f819c6e0920dfd135,
2021-11-06,2021,2021-11,https://data.gdeltproject.org/gkg/20211106.gkg.csv.zip,https://data.gdeltproject.org/gkg/20211106.gkg.csv.zip,a2db70d5c3d9ef8a5a64f96e387bdd5b374be3bb85ab74a7f5f89cdcee9aa627,,16018348,39244,1,2.548095298764174e-05,60670,505,500,AVAILABLE_VALID_CACHE,1,b7fdb76ba8b06fa00a100696cc3db694,16018348,1,,1284f9141657400869b7eaef1ce7a19eb6fdf6e26e34509f819c6e0920dfd135,
2021-11-07,2021,2021-11,https://data.gdeltproject.org/gkg/20211107.gkg.csv.zip,https://data.gdeltproject.org/gkg/20211107.gkg.csv.zip,86c74372ef7250f9c1e30d45e7120ebf92bb8dfa1f0713c3a9b7ba5d208860b3,,13549802,33558,1,2.9798265740933878e-05,51984,505,500,AVAILABLE_VALID_CACHE,1,f3db77f3d36bbbbbf1a3de9ffbe2de41,13549802,1,,1284f9141657400869b7eaef1ce7a19eb6fdf6e26e34509f819c6e0920dfd135,
2021-11-08,2021,2021-11,https://data.gdeltproject.org/gkg/20211108.gkg.csv.zip,https://data.gdeltproject.org/gkg/20211108.gkg.csv.zip,2f5a6d605a47f04619d1040d13a1e9eaaca617c02c9304d4ccb8e51b24f1fd7f,,25629066,64453,1,1.5514940888075216e-05,94650,505,500,AVAILABLE_VALID_CACHE,1,c59ae605aa6eaa0c962b2caf6839ba66,25629066,1,,1284f9141657400869b7eaef1ce7a19eb6fdf6e26e34509f819c6e0920dfd135,
2021-11-09,2021,2021-11,https://data.gdeltproject.org/gkg/20211109.gkg.csv.zip,https://data.gdeltproject.org/gkg/20211109.gkg.csv.zip,d3e7b6e35751e921738c2d691ffecba48912e8eefceeac9f8cd1d67ccac9051d,,29701913,74851,1,1.3359696467696254e-05,110319,505,500,AVAILABLE_VALID_CACHE,1,771944c04d8ee3b0b107e6c4ec4975aa,29701913,1,,1284f9141657400869b7eaef1ce7a19eb6fdf6e26e34509f819c6e0920dfd135,
2021-11-10,2021,2021-11,https://data.gdeltproject.org/gkg/20211110.gkg.csv.zip,https://data.gdeltproject.org/gkg/20211110.gkg.csv.zip,169b5037d7e1346036679e6fbc6b1eff461d0527361096cdb3046e0fa94f549e,,30200186,76047,1,1.3149589732800336e-05,109583,505,500,AVAILABLE_VALID_CACHE,1,6dbed2b6d239765e4888cebdcf81728d,30200186,1,,1284f9141657400869b7eaef1ce7a19eb6fdf6e26e34509f819c6e0920dfd135,
2021-11-11,2021,2021-11,https://data.gdeltproject.org/gkg/20211111.gkg.csv.zip,https://data.gdeltproject.org/gkg/20211111.gkg.csv.zip,f480c692b41deb76214480df47b4cbb6efd137048da10beff6ad3d160c7ee79c,,29477887,73726,1,1.3563552023003784e-05,109095,505,500,AVAILABLE_VALID_CACHE,1,2a51c424aee2089d963f718a8de6ee43,29477887,1,,1284f9141657400869b7eaef1ce7a19eb6fdf6e26e34509f819c6e0920dfd135,
2021-11-12,2021,2021-11,https://data.gdeltproject.org/gkg/20211112.gkg.csv.zip,https://data.gdeltproject.org/gkg/20211112.gkg.csv.zip,42b10e40360e5409888066e1b45846c8f9480906e62824494ef2d59c109a74c5,,27173152,68398,1,1.4620096785040717e-05,107427,505,500,AVAILABLE_VALID_CACHE,1,d8ff6cd789e1e5ea816e5f3694cef07d,27173152,1,,1284f9141657400869b7eaef1ce7a19eb6fdf6e26e34509f819c6e0920dfd135,
2021-11-13,2021,2021-11,https://data.gdeltproject.org/gkg/20211113.gkg.csv.zip,https://data.gdeltproject.org/gkg/20211113.gkg.csv.zip,d08aa85025b95fb9aebf154ae8cc5734617751bf78469a1da1aef6a4f13655a1,,15836261,39034,1,2.5618035096708083e-05,61345,505,500,AVAILABLE_VALID_CACHE,1,a8e7157b6e6de40730c2ecdd4d21f5df,15836261,1,,1284f9141657400869b7eaef1ce7a19eb6fdf6e26e34509f819c6e0920dfd135,
2021-11-14,2021,2021-11,https://data.gdeltproject.org/gkg/20211114.gkg.csv.zip,https://data.gdeltproject.org/gkg/20211114.gkg.csv.zip,054fe6c0dde9ef16d969728e19310277e5e75718c160e3368295b30fdf383bcc,,14028424,34409,1,2.906131938390003e-05,53451,505,500,AVAILABLE_VALID_CACHE,1,edb09e29d524d46fdcb2bde8ce4ff78d,14028424,1,,1284f9141657400869b7eaef1ce7a19eb6fdf6e26e34509f819c6e0920dfd135,
2021-11-15,2021,2021-11,https://data.gdeltproject.org/gkg/20211115.gkg.csv.zip,https://data.gdeltproject.org/gkg/20211115.gkg.csv.zip,aa230cf3ea03ce0322aa0fef3a11a9ab2ad4050f32965e8d039ef2ad745a2120,,25085504,63214,1,1.5819030293443012e-05,93852,505,500,AVAILABLE_VALID_CACHE,1,c2554f43642bbbe0f0bee0404136b753,25085504,1,,1284f9141657400869b7eaef1ce7a19eb6fdf6e26e34509f819c6e0920dfd135,
2021-11-16,2021,2021-11,https://data.gdeltproject.org/gkg/20211116.gkg.csv.zip,https://data.gdeltproject.org/gkg/20211116.gkg.csv.zip,15c722c1fcb9557bc1bf1f0bfcd4d6cfbc8ea5b185ee12e12d8c02e68ea5d226,,28199725,72448,1,1.3802813013292109e-05,107155,505,500,AVAILABLE_VALID_CACHE,1,0eba8911250e53f1169c070ca540b28a,28199725,1,,1284f9141657400869b7eaef1ce7a19eb6fdf6e26e34509f819c6e0920dfd135,
2021-11-17,2021,2021-11,https://data.gdeltproject.org/gkg/20211117.gkg.csv.zip,https://data.gdeltproject.org/gkg/20211117.gkg.csv.zip,bce7510afaf68c11eb5dea3518b923b91007fb68af7503b85b76459236c6a003,,29053703,74034,1,1.3507125008441954e-05,109097,505,500,AVAILABLE_VALID_CACHE,1,72a0bb805b5dc1ace82d21aad38bd64d,29053703,1,,1284f9141657400869b7eaef1ce7a19eb6fdf6e26e34509f819c6e0920dfd135,
2021-11-18,2021,2021-11,https://data.gdeltproject.org/gkg/20211118.gkg.csv.zip,https://data.gdeltproject.org/gkg/20211118.gkg.csv.zip,0ecd3e88d4763b5bc35f437c24dd5200b4276781a52e0dccd358e30db16cfd31,,29406059,74736,1,1.3380253421999813e-05,108818,505,500,AVAILABLE_VALID_CACHE,1,e9e210a83c0f63e74c8dbc9001e4d386,29406059,1,,1284f9141657400869b7eaef1ce7a19eb6fdf6e26e34509f819c6e0920dfd135,
2021-11-19,2021,2021-11,https://data.gdeltproject.org/gkg/20211119.gkg.csv.zip,https://data.gdeltproject.org/gkg/20211119.gkg.csv.zip,16d43f6c03830878ffba8c3ca5d75af9abaf6a97fa4670e0152a40badee54cea,,27320231,69225,1,1.4445439574726258e-05,103011,505,500,AVAILABLE_VALID_CACHE,1,0aee208467ac1c4fe3943deaee7e6057,27320231,1,,1284f9141657400869b7eaef1ce7a19eb6fdf6e26e34509f819c6e0920dfd135,
2021-11-20,2021,2021-11,https://data.gdeltproject.org/gkg/20211120.gkg.csv.zip,https://data.gdeltproject.org/gkg/20211120.gkg.csv.zip,4c538116fcd6286438897323dfaee42ee51306e57de7451336035229cb2fedc3,,15681521,39176,1,2.552518059065268e-05,59386,505,500,AVAILABLE_VALID_CACHE,1,e09a44d9061f879a2984c54181395951,15681521,1,,1284f9141657400869b7eaef1ce7a19eb6fdf6e26e34509f819c6e0920dfd135,
2021-11-21,2021,2021-11,https://data.gdeltproject.org/gkg/20211121.gkg.csv.zip,https://data.gdeltproject.org/gkg/20211121.gkg.csv.zip,bc94e55082ba419a386865adb8faa00967cfa5449a73af67ab84766bafeb9fde,,13406471,33481,1,2.9866794098321488e-05,50659,505,500,AVAILABLE_VALID_CACHE,1,f76b66e409050a11c1fc8a14e2706597,13406471,1,,1284f9141657400869b7eaef1ce7a19eb6fdf6e26e34509f819c6e0920dfd135,
2021-11-22,2021,2021-11,https://data.gdeltproject.org/gkg/20211122.gkg.csv.zip,https://data.gdeltproject.org/gkg/20211122.gkg.csv.zip,b92f045b3aebbc44c894b1a6283299f22b7c00b9ce88d7d8eb681a87c4e18456,,25029204,63423,1,1.5766902119071645e-05,97658,505,500,AVAILABLE_VALID_CACHE,1,0831c437ba8b01c91ce80d775258ee76,25029204,1,,1284f9141657400869b7eaef1ce7a19eb6fdf6e26e34509f819c6e0920dfd135,
2021-11-23,2021,2021-11,https://data.gdeltproject.org/gkg/20211123.gkg.csv.zip,https://data.gdeltproject.org/gkg/20211123.gkg.csv.zip,e07067368262fb36d4f49363c4643612594f9e3e90c38d95e3fa7b4441537305,,28000256,71309,1,1.4023278642546627e-05,105485,505,500,AVAILABLE_VALID_CACHE,1,396aa1e11e9d6b2f98cd4e35e1424b2f,28000256,1,,1284f9141657400869b7eaef1ce7a19eb6fdf6e26e34509f819c6e0920dfd135,
2021-11-24,2021,2021-11,https://data.gdeltproject.org/gkg/20211124.gkg.csv.zip,https://data.gdeltproject.org/gkg/20211124.gkg.csv.zip,c5f3fc565ed46672f14d1d032cabe920a6576508709ed2966791a970dc8eedd4,,27816099,71062,1,1.407202060143816e-05,103866,505,500,AVAILABLE_VALID_CACHE,1,1afc7f96e478fa49d38600b481de3f85,27816099,1,,1284f9141657400869b7eaef1ce7a19eb6fdf6e26e34509f819c6e0920dfd135,
2021-11-25,2021,2021-11,https://data.gdeltproject.org/gkg/20211125.gkg.csv.zip,https://data.gdeltproject.org/gkg/20211125.gkg.csv.zip,886dd1c9e5718a4b0f291fe68df489e97adbe1613c388d6c96451e3bda240b3a,,22014093,57024,1,1.7536168347216134e-05,82051,505,500,AVAILABLE_VALID_CACHE,1,db555a3e6dda1ea590987a7a3d13a0f3,22014093,1,,1284f9141657400869b7eaef1ce7a19eb6fdf6e26e34509f819c6e0920dfd135,
2021-11-26,2021,2021-11,https://data.gdeltproject.org/gkg/20211126.gkg.csv.zip,https://data.gdeltproject.org/gkg/20211126.gkg.csv.zip,8b00ed6c67f19e46b0e30b45f9a637e5a15d01eca363eccc8e6c6b10df1fe12c,,21133013,54676,1,1.8289225817071162e-05,78805,505,500,AVAILABLE_VALID_CACHE,1,ed257db04d16aca60545039bc3fba0a2,21133013,1,,1284f9141657400869b7eaef1ce7a19eb6fdf6e26e34509f819c6e0920dfd135,
2021-11-27,2021,2021-11,https://data.gdeltproject.org/gkg/20211127.gkg.csv.zip,https://data.gdeltproject.org/gkg/20211127.gkg.csv.zip,a6725a378dad98721cb7f56e182f4cfc0645d1124b6f503b441e7c4430b3e710,,14174814,35680,1,2.802612034416076e-05,55381,505,500,AVAILABLE_VALID_CACHE,1,ba8d8a867f774502612598b326573e46,14174814,1,,1284f9141657400869b7eaef1ce7a19eb6fdf6e26e34509f819c6e0920dfd135,
2021-11-28,2021,2021-11,https://data.gdeltproject.org/gkg/20211128.gkg.csv.zip,https://data.gdeltproject.org/gkg/20211128.gkg.csv.zip,94fac25b09e2948bde8a0d9af75b396b3f1b77a64e38372c1c960658ba458a00,,13430767,33346,1,2.9987705040933217e-05,51190,505,500,AVAILABLE_VALID_CACHE,1,25b338eb0c558c34eb93fbf78cb1722f,13430767,1,,1284f9141657400869b7eaef1ce7a19eb6fdf6e26e34509f819c6e0920dfd135,
2021-11-29,2021,2021-11,https://data.gdeltproject.org/gkg/20211129.gkg.csv.zip,https://data.gdeltproject.org/gkg/20211129.gkg.csv.zip,4f1f0a6b1e1270436346b9f625b66b972963fef36e77475a93c7a16ea312a997,,23923340,61651,1,1.6220073963537274e-05,93097,505,500,AVAILABLE_VALID_CACHE,1,ba25a92aea57b3ca6c9d4e7173f4a446,23923340,1,,1284f9141657400869b7eaef1ce7a19eb6fdf6e26e34509f819c6e0920dfd135,
2021-11-30,2021,2021-11,https://data.gdeltproject.org/gkg/20211130.gkg.csv.zip,https://data.gdeltproject.org/gkg/20211130.gkg.csv.zip,63084ffaf1c94c4db12045ad281aa81b48dfdae5131fd162074492a00b5d2de2,,27754854,71683,1,1.3950114390938006e-05,106982,505,500,AVAILABLE_VALID_CACHE,1,19a9047d8463106d690fe93d991f0394,27754854,1,,1284f9141657400869b7eaef1ce7a19eb6fdf6e26e34509f819c6e0920dfd135,
2021-12-01,2021,2021-12,https://data.gdeltproject.org/gkg/20211201.gkg.csv.zip,https://data.gdeltproject.org/gkg/20211201.gkg.csv.zip,c785a6acc45d68af84e242b8001637ad1b899aae7a8a0472cdaed40c8fb4af1a,,29652363,76056,1,1.3148033711558437e-05,112504,505,500,AVAILABLE_VALID_CACHE,1,b198e9cf206c3c4e91721d68bf7291f3,29652363,1,,1284f9141657400869b7eaef1ce7a19eb6fdf6e26e34509f819c6e0920dfd135,
2021-12-02,2021,2021-12,https://data.gdeltproject.org/gkg/20211202.gkg.csv.zip,https://data.gdeltproject.org/gkg/20211202.gkg.csv.zip,cc299c813d067bef1edaf3bf60b54562739e6242f5f750351bb62ac4812e61ac,,29528550,75668,1,1.3215451505900699e-05,113327,505,500,AVAILABLE_VALID_CACHE,1,b04eead6af00aa00c1f64e3665072216,29528550,1,,1284f9141657400869b7eaef1ce7a19eb6fdf6e26e34509f819c6e0920dfd135,
2021-12-03,2021,2021-12,https://data.gdeltproject.org/gkg/20211203.gkg.csv.zip,https://data.gdeltproject.org/gkg/20211203.gkg.csv.zip,8359f139772db5f3d89f16562d4cd56a2651f4d9f356f7f6fc18f0a67d65ca21,,27427435,69711,1,1.4344732614184072e-05,104070,505,500,AVAILABLE_VALID_CACHE,1,36d76db70c375fb8ecd0b5bf476dfabf,27427435,1,,1284f9141657400869b7eaef1ce7a19eb6fdf6e26e34509f819c6e0920dfd135,
2021-12-04,2021,2021-12,https://data.gdeltproject.org/gkg/20211204.gkg.csv.zip,https://data.gdeltproject.org/gkg/20211204.gkg.csv.zip,9b65bc8109aa65cf375b49cfd920c43c770939d0c9ba44fc0167d76c3e013744,,16045528,39890,1,2.506831114787797e-05,62449,505,500,AVAILABLE_VALID_CACHE,1,cef3f6721a705e2fc451b74a4809a07b,16045528,1,,1284f9141657400869b7eaef1ce7a19eb6fdf6e26e34509f819c6e0920dfd135,
2021-12-05,2021,2021-12,https://data.gdeltproject.org/gkg/20211205.gkg.csv.zip,https://data.gdeltproject.org/gkg/20211205.gkg.csv.zip,825959506bbc2c4ef80ac6f62bdb741492f3ace4e97a03f6c6f4a0b0918f2b13,,14321118,34660,1,2.885086985372609e-05,53000,505,500,AVAILABLE_VALID_CACHE,1,eb8ddcdedf1f08731d7cc25efde05599,14321118,1,,1284f9141657400869b7eaef1ce7a19eb6fdf6e26e34509f819c6e0920dfd135,
2021-12-06,2021,2021-12,https://data.gdeltproject.org/gkg/20211206.gkg.csv.zip,https://data.gdeltproject.org/gkg/20211206.gkg.csv.zip,c5b0d0eceb8a4dc9dd2d2a9d6f9b02e8be4b0d2ee81d56330b7bf64052976aff,,24832189,63665,1,1.5706970753620458e-05,95070,505,500,AVAILABLE_VALID_CACHE,1,ab00c918633e81b2c28edc071b7514d1,24832189,1,,1284f9141657400869b7eaef1ce7a19eb6fdf6e26e34509f819c6e0920dfd135,
2021-12-07,2021,2021-12,https://data.gdeltproject.org/gkg/20211207.gkg.csv.zip,https://data.gdeltproject.org/gkg/20211207.gkg.csv.zip,52abc56e4fc16e8e5e776b842c0c0c4be5cb32668695ea0ad0ce2f4334b64872,,27405087,70168,1,1.4251307557468398e-05,104414,505,500,AVAILABLE_VALID_CACHE,1,1a3ad68a09ba236e775240321ae4b10a,27405087,1,,1284f9141657400869b7eaef1ce7a19eb6fdf6e26e34509f819c6e0920dfd135,
2021-12-08,2021,2021-12,https://data.gdeltproject.org/gkg/20211208.gkg.csv.zip,https://data.gdeltproject.org/gkg/20211208.gkg.csv.zip,f5d974e16160464bbf40dc87d9f845eb8a46ae9fcb6ee5a5d5202f9c0ab0fe95,,28904937,73243,1,1.3652995467205506e-05,106880,505,500,AVAILABLE_VALID_CACHE,1,375029a254a92d9c082ed7cc477d1586,28904937,1,,1284f9141657400869b7eaef1ce7a19eb6fdf6e26e34509f819c6e0920dfd135,
2021-12-09,2021,2021-12,https://data.gdeltproject.org/gkg/20211209.gkg.csv.zip,https://data.gdeltproject.org/gkg/20211209.gkg.csv.zip,7ded9caf5c6350404a127624ceff249f05747508557759768c632813ef56ee27,,28889603,73348,1,1.3633451035460606e-05,106884,505,500,AVAILABLE_VALID_CACHE,1,c5ccdd688dd57a8a7746eeb41389609a,28889603,1,,1284f9141657400869b7eaef1ce7a19eb6fdf6e26e34509f819c6e0920dfd135,
2021-12-10,2021,2021-12,https://data.gdeltproject.org/gkg/20211210.gkg.csv.zip,https://data.gdeltproject.org/gkg/20211210.gkg.csv.zip,196e73cbd4c77ebf824e797de708f8c60e5f80d9c48a877ad2173a76e6d3101e,,27285883,68732,1,1.4549052129253778e-05,104033,505,500,AVAILABLE_VALID_CACHE,1,9afe7428c774ae168efca69c265bc2c0,27285883,1,,1284f9141657400869b7eaef1ce7a19eb6fdf6e26e34509f819c6e0920dfd135,
2021-12-11,2021,2021-12,https://data.gdeltproject.org/gkg/20211211.gkg.csv.zip,https://data.gdeltproject.org/gkg/20211211.gkg.csv.zip,4435d5f931b02ef794cd556be97399889dd1f7c86f160299ff6bd0564b6c54e9,,16204387,40300,1,2.481328006749212e-05,63329,505,500,AVAILABLE_VALID_CACHE,1,90be6764ee15ed55082c8afcba8014d6,16204387,1,,1284f9141657400869b7eaef1ce7a19eb6fdf6e26e34509f819c6e0920dfd135,
2021-12-12,2021,2021-12,https://data.gdeltproject.org/gkg/20211212.gkg.csv.zip,https://data.gdeltproject.org/gkg/20211212.gkg.csv.zip,1947f20bd6b2a2c3d0043f41291d92b35b8a39a5ed5818231356aa49ad58d7be,,14158805,35476,1,2.8187276263494658e-05,54925,505,500,AVAILABLE_VALID_CACHE,1,80bda39d26a8b4cb6e64ee846ad8249a,14158805,1,,1284f9141657400869b7eaef1ce7a19eb6fdf6e26e34509f819c6e0920dfd135,
2021-12-13,2021,2021-12,https://data.gdeltproject.org/gkg/20211213.gkg.csv.zip,https://data.gdeltproject.org/gkg/20211213.gkg.csv.zip,35c03b4f5c6af366175a0eaf916e96d1956bdc75ea218548b7883744daca1f9a,,24414910,62238,1,1.6067096193704912e-05,92223,505,500,AVAILABLE_VALID_CACHE,1,8a4a6ecbc32607970fd61a5346c9ae3c,24414910,1,,1284f9141657400869b7eaef1ce7a19eb6fdf6e26e34509f819c6e0920dfd135,
2021-12-14,2021,2021-12,https://data.gdeltproject.org/gkg/20211214.gkg.csv.zip,https://data.gdeltproject.org/gkg/20211214.gkg.csv.zip,93262fddb152a5c0d8c5f12781d03551b48ba93152ee6d3e5dc1f5a876810557,,27650141,70642,1,1.4155684214996532e-05,106563,505,500,AVAILABLE_VALID_CACHE,1,6d423a91eeba2cdeebaa8afa1f66496d,27650141,1,,1284f9141657400869b7eaef1ce7a19eb6fdf6e26e34509f819c6e0920dfd135,
2021-12-15,2021,2021-12,https://data.gdeltproject.org/gkg/20211215.gkg.csv.zip,https://data.gdeltproject.org/gkg/20211215.gkg.csv.zip,5fcfb1ddb0dd2439ce372b957bd6ef74c1af64ba43ac76b002c80b9877dd3910,,28937580,73289,1,1.3644426251876108e-05,111841,505,500,AVAILABLE_VALID_CACHE,1,51d3d9136b4715e3f0360b48a829b264,28937580,1,,1284f9141657400869b7eaef1ce7a19eb6fdf6e26e34509f819c6e0920dfd135,
2021-12-16,2021,2021-12,https://data.gdeltproject.org/gkg/20211216.gkg.csv.zip,https://data.gdeltproject.org/gkg/20211216.gkg.csv.zip,7b5ccd0881d5ac61eaaef5a0562be88f316f735736bcfdedd914addb7fb9d24f,,28408025,71611,1,1.3964140088253366e-05,108826,505,500,AVAILABLE_VALID_CACHE,1,309ad162ec2bc48442c41231dcd73709,28408025,1,,1284f9141657400869b7eaef1ce7a19eb6fdf6e26e34509f819c6e0920dfd135,
2021-12-17,2021,2021-12,https://data.gdeltproject.org/gkg/20211217.gkg.csv.zip,https://data.gdeltproject.org/gkg/20211217.gkg.csv.zip,44508f84549a8238fabd2f0e1aab39cfd419114e94ec40b63cb6ac4f6c2dd17c,,26915635,67844,1,1.4739479696366719e-05,103950,505,500,AVAILABLE_VALID_CACHE,1,f7ea8eaa8ac806891a79ca24f653e3b8,26915635,1,,1284f9141657400869b7eaef1ce7a19eb6fdf6e26e34509f819c6e0920dfd135,
2021-12-18,2021,2021-12,https://data.gdeltproject.org/gkg/20211218.gkg.csv.zip,https://data.gdeltproject.org/gkg/20211218.gkg.csv.zip,f84a89faf84ae9fbd3ab3ed2f20e450833017d932161f434ed3bbac8650bd7b2,,15498219,39006,1,2.5636424231548182e-05,61505,505,500,AVAILABLE_VALID_CACHE,1,7c5a813da40fae3e285bf7058c66a766,15498219,1,,1284f9141657400869b7eaef1ce7a19eb6fdf6e26e34509f819c6e0920dfd135,
2021-12-19,2021,2021-12,https://data.gdeltproject.org/gkg/20211219.gkg.csv.zip,https://data.gdeltproject.org/gkg/20211219.gkg.csv.zip,c3c668aef201ec1cc3e6a7f9a165193350a301190d9c64144f781040662d523f,,13500324,33748,1,2.9630507570594685e-05,53396,505,500,AVAILABLE_VALID_CACHE,1,ebcb6aeb7936b819795df35d34f9126d,13500324,1,,1284f9141657400869b7eaef1ce7a19eb6fdf6e26e34509f819c6e0920dfd135,
2021-12-20,2021,2021-12,https://data.gdeltproject.org/gkg/20211220.gkg.csv.zip,https://data.gdeltproject.org/gkg/20211220.gkg.csv.zip,90fc5d660322ee62425cec0e2498b02fbdc508fd9df975d288d827fc831fdc2c,,23011520,59026,1,1.6941399698443084e-05,90481,505,500,AVAILABLE_VALID_CACHE,1,59e158232fdee495e730090ec07af274,23011520,1,,1284f9141657400869b7eaef1ce7a19eb6fdf6e26e34509f819c6e0920dfd135,
2021-12-21,2021,2021-12,https://data.gdeltproject.org/gkg/20211221.gkg.csv.zip,https://data.gdeltproject.org/gkg/20211221.gkg.csv.zip,c9f7b721ab4646d495f4073b402d0311e131ca9d822fa3db60bcfa9d38e393ce,,25740788,66619,1,1.5010507355148605e-05,101550,505,500,AVAILABLE_VALID_CACHE,1,cfa6d1aa3b29526fda5ecfceabd44822,25740788,1,,1284f9141657400869b7eaef1ce7a19eb6fdf6e26e34509f819c6e0920dfd135,
2021-12-22,2021,2021-12,https://data.gdeltproject.org/gkg/20211222.gkg.csv.zip,https://data.gdeltproject.org/gkg/20211222.gkg.csv.zip,1823f278f1b09bedce0d760c8ffec9a8d899cbf430488b99f598e1f2ff9dc0fb,,24964447,65301,1,1.5313466662583075e-05,98841,505,500,AVAILABLE_VALID_CACHE,1,ead1e0b8ad1d6fffd267abbc5b6c6704,24964447,1,,1284f9141657400869b7eaef1ce7a19eb6fdf6e26e34509f819c6e0920dfd135,
2021-12-23,2021,2021-12,https://data.gdeltproject.org/gkg/20211223.gkg.csv.zip,https://data.gdeltproject.org/gkg/20211223.gkg.csv.zip,98877a3fe553022c5bce599a28b23edb15dda9e2e0a2caa69c3741a487a747f8,,24105494,61992,1,1.613085348345781e-05,96594,505,500,AVAILABLE_VALID_CACHE,1,d11cfc712433f1d35f75d318e8278808,24105494,1,,1284f9141657400869b7eaef1ce7a19eb6fdf6e26e34509f819c6e0920dfd135,
2021-12-24,2021,2021-12,https://data.gdeltproject.org/gkg/20211224.gkg.csv.zip,https://data.gdeltproject.org/gkg/20211224.gkg.csv.zip,0f57ab2befb08546683848d977e05446454e8f4a8312a4181b0430af53cd0933,,17695503,46011,1,2.1733460836303573e-05,72397,505,500,AVAILABLE_VALID_CACHE,1,36ad5325f7bc36e8a3fef68786a8bc23,17695503,1,,1284f9141657400869b7eaef1ce7a19eb6fdf6e26e34509f819c6e0920dfd135,
2021-12-25,2021,2021-12,https://data.gdeltproject.org/gkg/20211225.gkg.csv.zip,https://data.gdeltproject.org/gkg/20211225.gkg.csv.zip,095a6869dd31fe8a87cec600c48888863da10cd4f4a2637dfb393049de9a9cbf,,10135544,26097,1,3.831711242240785e-05,42606,505,500,AVAILABLE_VALID_CACHE,1,ff7b2a650ae14a72f10f9020b86cad14,10135544,1,,1284f9141657400869b7eaef1ce7a19eb6fdf6e26e34509f819c6e0920dfd135,
2021-12-26,2021,2021-12,https://data.gdeltproject.org/gkg/20211226.gkg.csv.zip,https://data.gdeltproject.org/gkg/20211226.gkg.csv.zip,affa5d8c19154d9e4c0528254b8d081412f53dcbd37091d78288e6dc3ada0408,,11343794,28492,1,3.5096339451795175e-05,46416,505,500,AVAILABLE_VALID_CACHE,1,4c33462d83f51cf9da0a638076e6ca29,11343794,1,,1284f9141657400869b7eaef1ce7a19eb6fdf6e26e34509f819c6e0920dfd135,
2021-12-27,2021,2021-12,https://data.gdeltproject.org/gkg/20211227.gkg.csv.zip,https://data.gdeltproject.org/gkg/20211227.gkg.csv.zip,d0ba75337b75e60a8cdbb7da77d101219d514834fc723bab3328192f8ad440e8,,17634574,44571,1,2.243560979987436e-05,68513,505,500,AVAILABLE_VALID_CACHE,1,3544a804db36ef85fe4661c1bfa7bd9b,17634574,1,,1284f9141657400869b7eaef1ce7a19eb6fdf6e26e34509f819c6e0920dfd135,
2021-12-28,2021,2021-12,https://data.gdeltproject.org/gkg/20211228.gkg.csv.zip,https://data.gdeltproject.org/gkg/20211228.gkg.csv.zip,c0240a1e7d2eabde1d8389c4af9fb3fb85bd09ea90c36a3e4eeedd1fb06a7fcc,,19917744,50511,1,1.979727589483687e-05,79376,505,500,AVAILABLE_VALID_CACHE,1,bacae3ae6fc9729f92cb9465831d8a89,19917744,1,,1284f9141657400869b7eaef1ce7a19eb6fdf6e26e34509f819c6e0920dfd135,
2021-12-29,2021,2021-12,https://data.gdeltproject.org/gkg/20211229.gkg.csv.zip,https://data.gdeltproject.org/gkg/20211229.gkg.csv.zip,24f2c5fd62dd506ef9f414a4f59f2c4b5defc665a44147c33dbc017ac22c9456,,21406505,54690,1,1.8284544074893492e-05,85646,505,500,AVAILABLE_VALID_CACHE,1,a6d57518ab42b61559fd4e1888621123,21406505,1,,1284f9141657400869b7eaef1ce7a19eb6fdf6e26e34509f819c6e0920dfd135,
2021-12-30,2021,2021-12,https://data.gdeltproject.org/gkg/20211230.gkg.csv.zip,https://data.gdeltproject.org/gkg/20211230.gkg.csv.zip,5f319c8129b0054e71f76a35fd8c3159ab05eba76ff603b534eb463d3601a10b,,22149464,55462,1,1.8030038043380273e-05,87044,505,500,AVAILABLE_VALID_CACHE,1,f39956e34e61616a9893c86377ea38df,22149464,1,,1284f9141657400869b7eaef1ce7a19eb6fdf6e26e34509f819c6e0920dfd135,
2021-12-31,2021,2021-12,https://data.gdeltproject.org/gkg/20211231.gkg.csv.zip,https://data.gdeltproject.org/gkg/20211231.gkg.csv.zip,a57adfee7ea701da286b26047fc9436e8526dc6d35ae7ebaa8a10566e1915c1d,,19164530,47059,1,2.1249468763280918e-05,74627,505,500,AVAILABLE_VALID_CACHE,1,25d02c3c39042ce238b4df89de8011ae,19164530,1,,1284f9141657400869b7eaef1ce7a19eb6fdf6e26e34509f819c6e0920dfd135,
2022-01-01,2022,2022-01,https://data.gdeltproject.org/gkg/20220101.gkg.csv.zip,https://data.gdeltproject.org/gkg/20220101.gkg.csv.zip,6afe6f337f015d3a2811ad35950109709dab1fe4e91dc8d437532645130f47de,,12567708,31421,1,3.182483610209407e-05,52281,505,500,AVAILABLE_VALID_CACHE,1,256d2245c11de2815b8f5246c88a8cee,12567708,1,,1284f9141657400869b7eaef1ce7a19eb6fdf6e26e34509f819c6e0920dfd135,
2022-01-02,2022,2022-01,https://data.gdeltproject.org/gkg/20220102.gkg.csv.zip,https://data.gdeltproject.org/gkg/20220102.gkg.csv.zip,992dcebf4861e1957c9786394ecb4d756baaf8043738d82f58fb6f15a2afe61e,,11974006,30337,1,3.2961961895972045e-05,50125,505,500,AVAILABLE_VALID_CACHE,1,0ebcc6fbb11bb3ec2f2e9a4cdc088cc5,11974006,1,,1284f9141657400869b7eaef1ce7a19eb6fdf6e26e34509f819c6e0920dfd135,
2022-01-03,2022,2022-01,https://data.gdeltproject.org/gkg/20220103.gkg.csv.zip,https://data.gdeltproject.org/gkg/20220103.gkg.csv.zip,bd02e4c68031aacc46c0e74c243be29d49e42bfd001a7975ed9a8f60d7be388b,,19461159,50251,1,1.9899705484358832e-05,76251,505,500,AVAILABLE_VALID_CACHE,1,4480ff30f0caafa7387a4dd6de51dd66,19461159,1,,1284f9141657400869b7eaef1ce7a19eb6fdf6e26e34509f819c6e0920dfd135,
2022-01-04,2022,2022-01,https://data.gdeltproject.org/gkg/20220104.gkg.csv.zip,https://data.gdeltproject.org/gkg/20220104.gkg.csv.zip,8b232160c10e73434152281d499484463550a20a03bea69d51c08923ef10f0e0,,24159960,62726,1,1.5942098298978113e-05,97668,505,500,AVAILABLE_VALID_CACHE,1,2b663e226a7303ab158611a86e2017f3,24159960,1,,1284f9141657400869b7eaef1ce7a19eb6fdf6e26e34509f819c6e0920dfd135,
2022-01-05,2022,2022-01,https://data.gdeltproject.org/gkg/20220105.gkg.csv.zip,https://data.gdeltproject.org/gkg/20220105.gkg.csv.zip,4658af6798600852b65f84482de3fe3b0bc2626c2fafa419f3e60a4738e675f7,,25749980,67703,1,1.4770176060498641e-05,104001,505,500,AVAILABLE_VALID_CACHE,1,c66c3789f4db336bc19bc6bb7d9086a3,25749980,1,,1284f9141657400869b7eaef1ce7a19eb6fdf6e26e34509f819c6e0920dfd135,
2022-01-06,2022,2022-01,https://data.gdeltproject.org/gkg/20220106.gkg.csv.zip,https://data.gdeltproject.org/gkg/20220106.gkg.csv.zip,4309aeadbf0afcc456baac0d94e243d40e237513a14d8553bb40dd0262178c42,,26664144,68338,1,1.4632932878736885e-05,104565,505,500,AVAILABLE_VALID_CACHE,1,cf56d33486c3821c29389a08f3ca8db1,26664144,1,,1284f9141657400869b7eaef1ce7a19eb6fdf6e26e34509f819c6e0920dfd135,
2022-01-07,2022,2022-01,https://data.gdeltproject.org/gkg/20220107.gkg.csv.zip,https://data.gdeltproject.org/gkg/20220107.gkg.csv.zip,645bae00222e48e2df1b3df116a5d66355b1ca22d8e7ad7de4da0c2fc36b25d0,,25636537,65261,1,1.5322852502221814e-05,101173,505,500,AVAILABLE_VALID_CACHE,1,e5d765659d44ae813ab7b6b6d0a198f9,25636537,1,,1284f9141657400869b7eaef1ce7a19eb6fdf6e26e34509f819c6e0920dfd135,
2022-01-08,2022,2022-01,https://data.gdeltproject.org/gkg/20220108.gkg.csv.zip,https://data.gdeltproject.org/gkg/20220108.gkg.csv.zip,a0a65ffa94e3449ef9445e0cf7df97672ec679b0ab24f630d50d626e0e5b9642,,15007805,37805,1,2.6450827910913612e-05,62477,505,500,AVAILABLE_VALID_CACHE,1,330dd85d573d5032f21ead1f5373abfe,15007805,1,,1284f9141657400869b7eaef1ce7a19eb6fdf6e26e34509f819c6e0920dfd135,
2022-01-09,2022,2022-01,https://data.gdeltproject.org/gkg/20220109.gkg.csv.zip,https://data.gdeltproject.org/gkg/20220109.gkg.csv.zip,1ca52df5e786eaecf4730e2272c720e44d549e6dc28437432d44f055f6f3a3c5,,13053696,32842,1,3.044788843893676e-05,53130,505,500,AVAILABLE_VALID_CACHE,1,32149ae7fdc385dd49f66d0798f1614c,13053696,1,,1284f9141657400869b7eaef1ce7a19eb6fdf6e26e34509f819c6e0920dfd135,
2022-01-10,2022,2022-01,https://data.gdeltproject.org/gkg/20220110.gkg.csv.zip,https://data.gdeltproject.org/gkg/20220110.gkg.csv.zip,f69e37a329cc6c42c6f018ae3f85fd2e42222ef0c714dd08b6e94fb6acc77485,,24071687,61981,1,1.613371624019877e-05,95857,505,500,AVAILABLE_VALID_CACHE,1,ba6a36e6de280012944990bbe064441f,24071687,1,,1284f9141657400869b7eaef1ce7a19eb6fdf6e26e34509f819c6e0920dfd135,
2022-01-11,2022,2022-01,https://data.gdeltproject.org/gkg/20220111.gkg.csv.zip,https://data.gdeltproject.org/gkg/20220111.gkg.csv.zip,34c6c86a646724a047d8baa91851cdd063bc1cb871c7bf1415b4e08c89998f63,,27115681,70169,1,1.4251104460595696e-05,107068,505,500,AVAILABLE_VALID_CACHE,1,113908e8eadf22677ef5a946436708da,27115681,1,,1284f9141657400869b7eaef1ce7a19eb6fdf6e26e34509f819c6e0920dfd135,
2022-01-12,2022,2022-01,https://data.gdeltproject.org/gkg/20220112.gkg.csv.zip,https://data.gdeltproject.org/gkg/20220112.gkg.csv.zip,2274dba6916f90fe39199eeb0f8f25ac1b611bea1b35d08438095c2505d8c0f0,,27394779,71188,1,1.4047114020424503e-05,109479,505,500,AVAILABLE_VALID_CACHE,1,faf9b43ebe4f398e7c91b537f7a97cd1,27394779,1,,1284f9141657400869b7eaef1ce7a19eb6fdf6e26e34509f819c6e0920dfd135,
2022-01-13,2022,2022-01,https://data.gdeltproject.org/gkg/20220113.gkg.csv.zip,https://data.gdeltproject.org/gkg/20220113.gkg.csv.zip,e326c870b296bcf00b28f58ae8368ecc75e93710d3178a9c54855cc788d69fea,,28023493,72372,1,1.3817307559448966e-05,108495,505,500,AVAILABLE_VALID_CACHE,1,1bf0bb0e2b66bfafb2ed38d1cef01311,28023493,1,,1284f9141657400869b7eaef1ce7a19eb6fdf6e26e34509f819c6e0920dfd135,
2022-01-14,2022,2022-01,https://data.gdeltproject.org/gkg/20220114.gkg.csv.zip,https://data.gdeltproject.org/gkg/20220114.gkg.csv.zip,8492bf3663eb4acc5aa4cf65dc63676da1ce69a2171391a3184e835fbf0b775c,,26474982,68452,1,1.4608563539947117e-05,105909,505,500,AVAILABLE_VALID_CACHE,1,24977dd8f62549ac20138b96134e27e1,26474982,1,,1284f9141657400869b7eaef1ce7a19eb6fdf6e26e34509f819c6e0920dfd135,
2022-01-15,2022,2022-01,https://data.gdeltproject.org/gkg/20220115.gkg.csv.zip,https://data.gdeltproject.org/gkg/20220115.gkg.csv.zip,1ef4188181871812053af0518468b6e40cd909814e3cc181377b275f20b453f9,,15865795,40299,1,2.4813895781637717e-05,65431,505,500,AVAILABLE_VALID_CACHE,1,76fc705d4d6e4cf721424baeb21335ff,15865795,1,,1284f9141657400869b7eaef1ce7a19eb6fdf6e26e34509f819c6e0920dfd135,
2022-01-16,2022,2022-01,https://data.gdeltproject.org/gkg/20220116.gkg.csv.zip,https://data.gdeltproject.org/gkg/20220116.gkg.csv.zip,2ab5754561d3499216163c1d192f5d8258999928a220ac15a133e0ec37a2a637,,13723267,34168,1,2.9266294009189618e-05,55162,505,500,AVAILABLE_VALID_CACHE,1,f9dee7914c9f40c800577ed398431be4,13723267,1,,1284f9141657400869b7eaef1ce7a19eb6fdf6e26e34509f819c6e0920dfd135,
2022-01-17,2022,2022-01,https://data.gdeltproject.org/gkg/20220117.gkg.csv.zip,https://data.gdeltproject.org/gkg/20220117.gkg.csv.zip,aeb34ee80646159af1ae7b10ae82285f7dc82078653e51011898c9c01a465292,,21632411,55856,1,1.790285908659613e-05,82533,505,500,AVAILABLE_VALID_CACHE,1,42455da563a45fee5b44101f98e3c71f,21632411,1,,1284f9141657400869b7eaef1ce7a19eb6fdf6e26e34509f819c6e0920dfd135,
2022-01-18,2022,2022-01,https://data.gdeltproject.org/gkg/20220118.gkg.csv.zip,https://data.gdeltproject.org/gkg/20220118.gkg.csv.zip,9bce5c7a2315a6fda0ef7c2ddee0d9e9755fcfeae3a45b855bdfb0e2d620426a,,26615744,68259,1,1.4649868151186639e-05,103462,505,500,AVAILABLE_VALID_CACHE,1,6461b69f9cf8560a2472c6bb6b5fe1d9,26615744,1,,1284f9141657400869b7eaef1ce7a19eb6fdf6e26e34509f819c6e0920dfd135,
2022-01-19,2022,2022-01,https://data.gdeltproject.org/gkg/20220119.gkg.csv.zip,https://data.gdeltproject.org/gkg/20220119.gkg.csv.zip,6688af80b66d6c4df4027e024c99aae9d6e18b2b068c90e957fb8a5bedcd28c2,,28890922,74396,1,1.3441402207078243e-05,114344,505,500,AVAILABLE_VALID_CACHE,1,d402ea12d4f8d282ff03ea116bb5062f,28890922,1,,1284f9141657400869b7eaef1ce7a19eb6fdf6e26e34509f819c6e0920dfd135,
2022-01-20,2022,2022-01,https://data.gdeltproject.org/gkg/20220120.gkg.csv.zip,https://data.gdeltproject.org/gkg/20220120.gkg.csv.zip,184fe63f46d53bd793409cb973639755cbcf62d1dd6eb909692187927f2db0ad,,29221150,75268,1,1.3285682020486521e-05,114696,505,500,AVAILABLE_VALID_CACHE,1,aad6b5b6872b5163a4b0dc00884881c7,29221150,1,,1284f9141657400869b7eaef1ce7a19eb6fdf6e26e34509f819c6e0920dfd135,
2022-01-21,2022,2022-01,https://data.gdeltproject.org/gkg/20220121.gkg.csv.zip,https://data.gdeltproject.org/gkg/20220121.gkg.csv.zip,012b686b4384108dd30c78f3131336d6097a1d90b29e0ed08bd6d991e8571213,,27052092,69372,1,1.441482997708042e-05,107885,505,500,AVAILABLE_VALID_CACHE,1,577408515b4ea0d398954a5f5ca24b18,27052092,1,,1284f9141657400869b7eaef1ce7a19eb6fdf6e26e34509f819c6e0920dfd135,
2022-01-22,2022,2022-01,https://data.gdeltproject.org/gkg/20220122.gkg.csv.zip,https://data.gdeltproject.org/gkg/20220122.gkg.csv.zip,71e0419222621821e862dcc3a8c2f381b18d71533d13eec956e0359489ac52a9,,15832836,39667,1,2.5209236664313806e-05,64056,505,500,AVAILABLE_VALID_CACHE,1,cfae305d5e659e9dabb8f268c89adad6,15832836,1,,1284f9141657400869b7eaef1ce7a19eb6fdf6e26e34509f819c6e0920dfd135,
2022-01-23,2022,2022-01,https://data.gdeltproject.org/gkg/20220123.gkg.csv.zip,https://data.gdeltproject.org/gkg/20220123.gkg.csv.zip,d1f5892a5b82821be6c6abd141a0e605ad4c840f74f6fad1a4633d32d476785f,,13292839,33699,1,2.967359050445104e-05,53797,505,500,AVAILABLE_VALID_CACHE,1,000576eda80764d8efd2b4859382562d,13292839,1,,1284f9141657400869b7eaef1ce7a19eb6fdf6e26e34509f819c6e0920dfd135,
2022-01-24,2022,2022-01,https://data.gdeltproject.org/gkg/20220124.gkg.csv.zip,https://data.gdeltproject.org/gkg/20220124.gkg.csv.zip,8d15989472d021b3299d2efb8492dd33b89c80dddde7ae25ccb367fd3da86ae6,,24248380,62708,1,1.5946674321070342e-05,94499,505,500,AVAILABLE_VALID_CACHE,1,43a3c4ac297566f8f9b4c6a0a25c8ea5,24248380,1,,1284f9141657400869b7eaef1ce7a19eb6fdf6e26e34509f819c6e0920dfd135,
2022-01-25,2022,2022-01,https://data.gdeltproject.org/gkg/20220125.gkg.csv.zip,https://data.gdeltproject.org/gkg/20220125.gkg.csv.zip,f30f12fb1e6655ed507c90ffa72d8f152047ec1255bf2807af7236f8ebffdd4f,,27997622,72970,1,1.3704074221265982e-05,109726,505,500,AVAILABLE_VALID_CACHE,1,25dbf89851d0a8880253d5e2affd0a40,27997622,1,,1284f9141657400869b7eaef1ce7a19eb6fdf6e26e34509f819c6e0920dfd135,
2022-01-26,2022,2022-01,https://data.gdeltproject.org/gkg/20220126.gkg.csv.zip,https://data.gdeltproject.org/gkg/20220126.gkg.csv.zip,17785334998f0975022bd6b445aac1a04c623c8b0693ae3a24ac6566a746e8db,,28220655,72476,1,1.3797480580046084e-05,108992,505,500,AVAILABLE_VALID_CACHE,1,9173f47b76bb661612975402752d1194,28220655,1,,1284f9141657400869b7eaef1ce7a19eb6fdf6e26e34509f819c6e0920dfd135,
2022-01-27,2022,2022-01,https://data.gdeltproject.org/gkg/20220127.gkg.csv.zip,https://data.gdeltproject.org/gkg/20220127.gkg.csv.zip,5ea3df1df7e2f219d5a04a790ed5acf185bea7a18f5872def08d36a7662f63e2,,28913735,73619,1,1.3583265417006248e-05,111007,505,500,AVAILABLE_VALID_CACHE,1,36abfdc92a251e83002695a5b4f596b7,28913735,1,,1284f9141657400869b7eaef1ce7a19eb6fdf6e26e34509f819c6e0920dfd135,
2022-01-28,2022,2022-01,https://data.gdeltproject.org/gkg/20220128.gkg.csv.zip,https://data.gdeltproject.org/gkg/20220128.gkg.csv.zip,5a18e36e5aeb607d8a98e4a869d0b87a3ada88c5491f8428f6e1ea7e7b9244d4,,26863375,68730,1,1.4549475491408534e-05,103967,505,500,AVAILABLE_VALID_CACHE,1,d9b44a7df5f230fbbc79866a5ea69b81,26863375,1,,1284f9141657400869b7eaef1ce7a19eb6fdf6e26e34509f819c6e0920dfd135,
2022-01-29,2022,2022-01,https://data.gdeltproject.org/gkg/20220129.gkg.csv.zip,https://data.gdeltproject.org/gkg/20220129.gkg.csv.zip,c02e76eb16078209afaeb756f1d6f2fd49389ae51feb0eeccb48797d85e45cdb,,16169811,40681,1,2.458089572784032e-05,65539,505,500,AVAILABLE_VALID_CACHE,1,f5cbee43d4625a4175eda3a83f85b206,16169811,1,,1284f9141657400869b7eaef1ce7a19eb6fdf6e26e34509f819c6e0920dfd135,
2022-01-30,2022,2022-01,https://data.gdeltproject.org/gkg/20220130.gkg.csv.zip,https://data.gdeltproject.org/gkg/20220130.gkg.csv.zip,2fece4b21a3830047be8feb1ef243e24b889b2ae41e146538a1d11d2d5ecd008,,13581185,33624,1,2.9739776951672864e-05,54560,505,500,AVAILABLE_VALID_CACHE,1,ceaa93ba8b8c884e8236cb4449d2a388,13581185,1,,1284f9141657400869b7eaef1ce7a19eb6fdf6e26e34509f819c6e0920dfd135,
2022-01-31,2022,2022-01,https://data.gdeltproject.org/gkg/20220131.gkg.csv.zip,https://data.gdeltproject.org/gkg/20220131.gkg.csv.zip,dcfe95471b5e4e9a3aa3ddad1f3d31987b14c288231d801770b9c177844b7e37,,23627943,61607,1,1.6231658226204388e-05,92054,505,500,AVAILABLE_VALID_CACHE,1,c0686ba2c4d5d4385ba67f1ed1dc3dda,23627943,1,,1284f9141657400869b7eaef1ce7a19eb6fdf6e26e34509f819c6e0920dfd135,
2022-02-01,2022,2022-02,https://data.gdeltproject.org/gkg/20220201.gkg.csv.zip,https://data.gdeltproject.org/gkg/20220201.gkg.csv.zip,535e53d0817aba517ff3f71783f646818130c06f52bf67130a8a53633363422d,,28318475,73333,1,1.3636239670548449e-05,108800,505,500,AVAILABLE_VALID_CACHE,1,0adc3b21f54e91da314dd5d3eaadbc6a,28318475,1,,1284f9141657400869b7eaef1ce7a19eb6fdf6e26e34509f819c6e0920dfd135,
2022-02-02,2022,2022-02,https://data.gdeltproject.org/gkg/20220202.gkg.csv.zip,https://data.gdeltproject.org/gkg/20220202.gkg.csv.zip,2f115a96cb468436e6f92291d422ec8c04e3e1fce28cce8b7c293e80c8e23031,,28837522,74025,1,1.3508767189906249e-05,109292,506,501,AVAILABLE_VALID_CACHE,1,7dd760f1ee8a15225b57553884af0569,28837522,1,,1284f9141657400869b7eaef1ce7a19eb6fdf6e26e34509f819c6e0920dfd135,
2022-02-03,2022,2022-02,https://data.gdeltproject.org/gkg/20220203.gkg.csv.zip,https://data.gdeltproject.org/gkg/20220203.gkg.csv.zip,ad9c0256b298c8e9e34124853f58ac0caa7c6d681d6736c18bdb96b7fceb2e79,,29613694,75394,1,1.3263479010544466e-05,110303,505,500,AVAILABLE_VALID_CACHE,1,484e729e6933555e09d7feb7ad9675e6,29613694,1,,1284f9141657400869b7eaef1ce7a19eb6fdf6e26e34509f819c6e0920dfd135,
2022-02-04,2022,2022-02,https://data.gdeltproject.org/gkg/20220204.gkg.csv.zip,https://data.gdeltproject.org/gkg/20220204.gkg.csv.zip,b881052bb8d2d3c1a6c589d18e1a0fa94254f99a74172b7b3a9877cbae3f64c7,,26876306,69159,1,1.4459224985540775e-05,103174,505,500,AVAILABLE_VALID_CACHE,1,95dfc891ae102d06abb719665314856f,26876306,1,,1284f9141657400869b7eaef1ce7a19eb6fdf6e26e34509f819c6e0920dfd135,
2022-02-05,2022,2022-02,https://data.gdeltproject.org/gkg/20220205.gkg.csv.zip,https://data.gdeltproject.org/gkg/20220205.gkg.csv.zip,026e60324c7b1c98d22cd85292cd2525528f162dc8eac94e4aca9c376463bc46,,16202625,41093,1,2.433445271815837e-05,65029,505,500,AVAILABLE_VALID_CACHE,1,c1ee7c29f8f694cf4b5eab5542c477d1,16202625,1,,1284f9141657400869b7eaef1ce7a19eb6fdf6e26e34509f819c6e0920dfd135,
2022-02-06,2022,2022-02,https://data.gdeltproject.org/gkg/20220206.gkg.csv.zip,https://data.gdeltproject.org/gkg/20220206.gkg.csv.zip,9c724456a443529fafe7f28c24c066813d36f25df3afb819d8d1475081555f3f,,13722552,34792,1,2.8741413502716065e-05,54782,505,500,AVAILABLE_VALID_CACHE,1,575b6a54c9b77330e688662091979a83,13722552,1,,1284f9141657400869b7eaef1ce7a19eb6fdf6e26e34509f819c6e0920dfd135,
2022-02-07,2022,2022-02,https://data.gdeltproject.org/gkg/20220207.gkg.csv.zip,https://data.gdeltproject.org/gkg/20220207.gkg.csv.zip,5c54ef50d87b2cd590b5607935ee06a5519017af03e2e9680d0b484cde729b21,,24200123,62502,1,1.5999232036862232e-05,92637,505,500,AVAILABLE_VALID_CACHE,1,b6196ac77c552c790788d7ef7f656709,24200123,1,,1284f9141657400869b7eaef1ce7a19eb6fdf6e26e34509f819c6e0920dfd135,
2022-02-08,2022,2022-02,https://data.gdeltproject.org/gkg/20220208.gkg.csv.zip,https://data.gdeltproject.org/gkg/20220208.gkg.csv.zip,c33e933c28cd9d291c524a93fedf604c188b59aaeefb3b3839978aabdcc464e7,,28692304,74491,1,1.3424260323256189e-05,109789,505,500,AVAILABLE_VALID_CACHE,1,fd85c94af01a0d92239d5f4728d9c246,28692304,1,,1284f9141657400869b7eaef1ce7a19eb6fdf6e26e34509f819c6e0920dfd135,
2022-02-09,2022,2022-02,https://data.gdeltproject.org/gkg/20220209.gkg.csv.zip,https://data.gdeltproject.org/gkg/20220209.gkg.csv.zip,1ff3931adbaa030445bf725cdc4ba6caa21253890b41da88ff8e25616182c87a,,28819823,75074,1,1.332001332001332e-05,109151,505,500,AVAILABLE_VALID_CACHE,1,955981d685e34e2b66da29ef7c1baca0,28819823,1,,1284f9141657400869b7eaef1ce7a19eb6fdf6e26e34509f819c6e0920dfd135,
2022-02-10,2022,2022-02,https://data.gdeltproject.org/gkg/20220210.gkg.csv.zip,https://data.gdeltproject.org/gkg/20220210.gkg.csv.zip,cd82476180f35b9d776c05ef0afda5d3c6b84e13046fcf98034c4d951a96aecc,,29651069,76759,1,1.3027618551328817e-05,114493,505,500,AVAILABLE_VALID_CACHE,1,befa236cbea43e85d17209138c44936c,29651069,1,,1284f9141657400869b7eaef1ce7a19eb6fdf6e26e34509f819c6e0920dfd135,
2022-02-11,2022,2022-02,https://data.gdeltproject.org/gkg/20220211.gkg.csv.zip,https://data.gdeltproject.org/gkg/20220211.gkg.csv.zip,4c76cd92c035b543db0874b00eb981d205086f8c61ffec1ee08c207528476b72,,26610067,69235,1,1.4443353168871686e-05,102442,505,500,AVAILABLE_VALID_CACHE,1,bade418ddc4326bc91ec52ba8d209187,26610067,1,,1284f9141657400869b7eaef1ce7a19eb6fdf6e26e34509f819c6e0920dfd135,
2022-02-12,2022,2022-02,https://data.gdeltproject.org/gkg/20220212.gkg.csv.zip,https://data.gdeltproject.org/gkg/20220212.gkg.csv.zip,620f8657ac421dc2a0600ac3fa8dd17895f39623a83f28eda53c015231fbfad4,,15718010,39844,1,2.5097251850922323e-05,62201,505,500,AVAILABLE_VALID_CACHE,1,369b38bd722bf1267dbf081bce0a2eba,15718010,1,,1284f9141657400869b7eaef1ce7a19eb6fdf6e26e34509f819c6e0920dfd135,
2022-02-13,2022,2022-02,https://data.gdeltproject.org/gkg/20220213.gkg.csv.zip,https://data.gdeltproject.org/gkg/20220213.gkg.csv.zip,04cc287310f8802f07b4d047f60dcbe674057cfb4a3a9e042e284e171f962a48,,13120065,33062,1,3.0245289296192117e-05,51559,505,500,AVAILABLE_VALID_CACHE,1,7744cf405197e6e7a3655ff79c93414e,13120065,1,,1284f9141657400869b7eaef1ce7a19eb6fdf6e26e34509f819c6e0920dfd135,
2022-02-14,2022,2022-02,https://data.gdeltproject.org/gkg/20220214.gkg.csv.zip,https://data.gdeltproject.org/gkg/20220214.gkg.csv.zip,ca8544311184b1396db8342aa91d18c0dbaea0e16b2a583fb3bfe7125894cbaa,,24148180,62574,1,1.5980823012385137e-05,95630,505,500,AVAILABLE_VALID_CACHE,1,9169315340a2acf60f46c947492282ed,24148180,1,,1284f9141657400869b7eaef1ce7a19eb6fdf6e26e34509f819c6e0920dfd135,
2022-02-15,2022,2022-02,https://data.gdeltproject.org/gkg/20220215.gkg.csv.zip,https://data.gdeltproject.org/gkg/20220215.gkg.csv.zip,3d70a0f18da493c719e4e16cb484622d9695ae6150ad9bd23fed5856660476fc,,27382730,70581,1,1.4167918166104673e-05,104555,505,500,AVAILABLE_VALID_CACHE,1,b51029650de64cd589e444febb9bdbb0,27382730,1,,1284f9141657400869b7eaef1ce7a19eb6fdf6e26e34509f819c6e0920dfd135,
2022-02-16,2022,2022-02,https://data.gdeltproject.org/gkg/20220216.gkg.csv.zip,https://data.gdeltproject.org/gkg/20220216.gkg.csv.zip,8a7d2c4dd518fa3da752239843bcd52e785e4ab1474de803b4d0c7842edfd844,,28276772,73385,1,1.3626577276319733e-05,106692,505,500,AVAILABLE_VALID_CACHE,1,33d4c07fed50661ead59af3af4779c64,28276772,1,,1284f9141657400869b7eaef1ce7a19eb6fdf6e26e34509f819c6e0920dfd135,
2022-02-17,2022,2022-02,https://data.gdeltproject.org/gkg/20220217.gkg.csv.zip,https://data.gdeltproject.org/gkg/20220217.gkg.csv.zip,d000eef50f21582e95273e8dce74046a8cb0b078d0a41a2788ec9a1a647f0807,,28637441,73163,1,1.366792411568531e-05,106456,505,500,AVAILABLE_VALID_CACHE,1,4451cafcfa5f913d0622f5bec302c961,28637441,1,,1284f9141657400869b7eaef1ce7a19eb6fdf6e26e34509f819c6e0920dfd135,
2022-02-18,2022,2022-02,https://data.gdeltproject.org/gkg/20220218.gkg.csv.zip,https://data.gdeltproject.org/gkg/20220218.gkg.csv.zip,8cbe12d42e0a5a1b7c4ce26c471d736924f823f5c169814327767a55e3e91c3a,,26893842,68354,1,1.462950771706532e-05,100362,505,500,AVAILABLE_VALID_CACHE,1,d72f72b9676aa27400123ce020afdab2,26893842,1,,1284f9141657400869b7eaef1ce7a19eb6fdf6e26e34509f819c6e0920dfd135,
2022-02-19,2022,2022-02,https://data.gdeltproject.org/gkg/20220219.gkg.csv.zip,https://data.gdeltproject.org/gkg/20220219.gkg.csv.zip,2a68488bbc583149d0ef4ef980b820136926f93701d507e22d4c99251df44b2b,,16018340,39329,1,2.5425883549453343e-05,60819,505,500,AVAILABLE_VALID_CACHE,1,5e0e01b317e95d5c2fcbf7dc6799566b,16018340,1,,1284f9141657400869b7eaef1ce7a19eb6fdf6e26e34509f819c6e0920dfd135,
2022-02-20,2022,2022-02,https://data.gdeltproject.org/gkg/20220220.gkg.csv.zip,https://data.gdeltproject.org/gkg/20220220.gkg.csv.zip,92a6e3b17d03ff37dc6de2a51efc6d188f43e1fb931f3d5c8f1482706e555ac5,,13392091,33092,1,3.0217870848819992e-05,52261,505,500,AVAILABLE_VALID_CACHE,1,fcbfc3d4e80ea85cd53dedc35716233e,13392091,1,,1284f9141657400869b7eaef1ce7a19eb6fdf6e26e34509f819c6e0920dfd135,
2022-02-21,2022,2022-02,https://data.gdeltproject.org/gkg/20220221.gkg.csv.zip,https://data.gdeltproject.org/gkg/20220221.gkg.csv.zip,766254f863d2d5bbf9204d88eb15e9a9c1d43d0128816813b9c597fc4046ab11,,21500244,55173,1,1.8124478921231013e-05,80128,505,500,AVAILABLE_VALID_CACHE,1,123ad7c2e88cfc20e7dde33684d9f3e4,21500244,1,,1284f9141657400869b7eaef1ce7a19eb6fdf6e26e34509f819c6e0920dfd135,
2022-02-22,2022,2022-02,https://data.gdeltproject.org/gkg/20220222.gkg.csv.zip,https://data.gdeltproject.org/gkg/20220222.gkg.csv.zip,eca60ecc8edb03047ad108c7ee89bde0e56574afea9d630aa90e9f5755f8400f,,27561592,69494,1,1.4389524426217713e-05,102028,505,500,AVAILABLE_VALID_CACHE,1,d226a766fccc048c521f45d74eb16203,27561592,1,,1284f9141657400869b7eaef1ce7a19eb6fdf6e26e34509f819c6e0920dfd135,
2022-02-23,2022,2022-02,https://data.gdeltproject.org/gkg/20220223.gkg.csv.zip,https://data.gdeltproject.org/gkg/20220223.gkg.csv.zip,7daac5f02eb54764e24c5bdee29278fad569d29b128d36964c4e826e1a0d299e,,28975903,73295,1,1.3643309321108928e-05,107078,505,500,AVAILABLE_VALID_CACHE,1,e175e92a27e867cedcc2a1e6ec03bf9e,28975903,1,,1284f9141657400869b7eaef1ce7a19eb6fdf6e26e34509f819c6e0920dfd135,
2022-02-24,2022,2022-02,https://data.gdeltproject.org/gkg/20220224.gkg.csv.zip,https://data.gdeltproject.org/gkg/20220224.gkg.csv.zip,73194d4b471782fdf15588c9e644295cdd009a957a2da300dfa982300022b4f4,,31639392,77241,1,1.294632453846353e-05,114092,505,500,AVAILABLE_VALID_CACHE,1,12cb77202418f038037fadc9f8c142e5,31639392,1,,1284f9141657400869b7eaef1ce7a19eb6fdf6e26e34509f819c6e0920dfd135,
2022-02-25,2022,2022-02,https://data.gdeltproject.org/gkg/20220225.gkg.csv.zip,https://data.gdeltproject.org/gkg/20220225.gkg.csv.zip,4b0ff2058857f4dbcb19a531a2d317357bf3053e515513de7b43829fae234eeb,,29614518,71216,1,1.4041591193114003e-05,107115,505,500,AVAILABLE_VALID_CACHE,1,3c9eb1d473f0ee690407ca2f52faceb8,29614518,1,,1284f9141657400869b7eaef1ce7a19eb6fdf6e26e34509f819c6e0920dfd135,
2022-02-26,2022,2022-02,https://data.gdeltproject.org/gkg/20220226.gkg.csv.zip,https://data.gdeltproject.org/gkg/20220226.gkg.csv.zip,2f52f7e34763c8690260282e4da1757ebf1ad0ef6654713ceadfe66bf38c7ce6,,18061122,42218,1,2.3686018143489898e-05,66261,505,500,AVAILABLE_VALID_CACHE,1,b40f2af81a26b572e1a5e66e8e2e13bd,18061122,1,,1284f9141657400869b7eaef1ce7a19eb6fdf6e26e34509f819c6e0920dfd135,
2022-02-27,2022,2022-02,https://data.gdeltproject.org/gkg/20220227.gkg.csv.zip,https://data.gdeltproject.org/gkg/20220227.gkg.csv.zip,df81e2bb74d2e632677d91a46421fb1cc882810f5e0d17ab87a4f507f00d2d4a,,15330718,36144,1,2.7666343892654586e-05,56176,505,500,AVAILABLE_VALID_CACHE,1,b2a90a661a2b117b76ec75e8530921c7,15330718,1,,1284f9141657400869b7eaef1ce7a19eb6fdf6e26e34509f819c6e0920dfd135,
2022-02-28,2022,2022-02,https://data.gdeltproject.org/gkg/20220228.gkg.csv.zip,https://data.gdeltproject.org/gkg/20220228.gkg.csv.zip,0c1b29310e314a9a5c9be445836d9f73219529acdaabc76c31766a87f73b6790,,26624439,65219,1,1.5332720024532352e-05,97462,505,500,AVAILABLE_VALID_CACHE,1,5c7007e131092e9ec73513aec345cead,26624439,1,,1284f9141657400869b7eaef1ce7a19eb6fdf6e26e34509f819c6e0920dfd135,
2022-03-01,2022,2022-03,https://data.gdeltproject.org/gkg/20220301.gkg.csv.zip,https://data.gdeltproject.org/gkg/20220301.gkg.csv.zip,0e4b29fade7bcaff0bad4922d41d67984f8dae7596ca13268060ab8290daeaae,,30356235,74793,1,1.3370056421638099e-05,110723,505,500,AVAILABLE_VALID_CACHE,1,8b7540e4c2f78cbfe088198d7d002b47,30356235,1,,1284f9141657400869b7eaef1ce7a19eb6fdf6e26e34509f819c6e0920dfd135,
2022-03-02,2022,2022-03,https://data.gdeltproject.org/gkg/20220302.gkg.csv.zip,https://data.gdeltproject.org/gkg/20220302.gkg.csv.zip,ad34fafa46cd7957d87f4e2566d5a1fa0b9bb30a363e628345dc78c0549ebede,,31415105,76888,1,1.3005761552367698e-05,113789,505,500,AVAILABLE_VALID_CACHE,1,dbd42d80a8fceee4ed192df726af32ff,31415105,1,,1284f9141657400869b7eaef1ce7a19eb6fdf6e26e34509f819c6e0920dfd135,
2022-03-03,2022,2022-03,https://data.gdeltproject.org/gkg/20220303.gkg.csv.zip,https://data.gdeltproject.org/gkg/20220303.gkg.csv.zip,12e79e78f7c217544ca5cb3493ceb7a3cf21a34f5f02b21b19e6287730244349,,30604227,75595,1,1.3228213132969999e-05,110298,505,500,AVAILABLE_VALID_CACHE,1,8a597aad95d3b51f170e39c56542fe7e,30604227,1,,1284f9141657400869b7eaef1ce7a19eb6fdf6e26e34509f819c6e0920dfd135,
2022-03-04,2022,2022-03,https://data.gdeltproject.org/gkg/20220304.gkg.csv.zip,https://data.gdeltproject.org/gkg/20220304.gkg.csv.zip,d7f0bd47243745d778adfdd1f47f395558f09dc578ba2f2a89a209998cc52ce0,,28071017,69717,1,1.4343498092314753e-05,103701,505,500,AVAILABLE_VALID_CACHE,1,71f5cc824acda1bf559f28c586c8b5fb,28071017,1,,1284f9141657400869b7eaef1ce7a19eb6fdf6e26e34509f819c6e0920dfd135,
2022-03-05,2022,2022-03,https://data.gdeltproject.org/gkg/20220305.gkg.csv.zip,https://data.gdeltproject.org/gkg/20220305.gkg.csv.zip,1987614a21dce94ed558ad6448a4a9186237a90cc1416f5f99bc2962de2b14c9,,17233940,40978,1,2.4402742868298398e-05,63921,505,500,AVAILABLE_VALID_CACHE,1,28ae91c1708c3804520983aa561e58d5,17233940,1,,1284f9141657400869b7eaef1ce7a19eb6fdf6e26e34509f819c6e0920dfd135,
2022-03-06,2022,2022-03,https://data.gdeltproject.org/gkg/20220306.gkg.csv.zip,https://data.gdeltproject.org/gkg/20220306.gkg.csv.zip,35317cfde85beace305b4af48627156b199db4b6f2184442c5c5535079ce9ba8,,15028801,34983,1,2.8584495769494626e-05,54170,505,500,AVAILABLE_VALID_CACHE,1,85f0e63fc48a4123fb699919d9cd24dd,15028801,1,,1284f9141657400869b7eaef1ce7a19eb6fdf6e26e34509f819c6e0920dfd135,
2022-03-07,2022,2022-03,https://data.gdeltproject.org/gkg/20220307.gkg.csv.zip,https://data.gdeltproject.org/gkg/20220307.gkg.csv.zip,1fd967270efdf8a091c9216f143f7592c9d131d38a76e1b498dbaad4ab14e8d8,,25720055,63496,1,1.5748775532702333e-05,94301,505,500,AVAILABLE_VALID_CACHE,1,85bff90735b9ebd4ea0adb2ec79d92ae,25720055,1,,1284f9141657400869b7eaef1ce7a19eb6fdf6e26e34509f819c6e0920dfd135,
2022-03-08,2022,2022-03,https://data.gdeltproject.org/gkg/20220308.gkg.csv.zip,https://data.gdeltproject.org/gkg/20220308.gkg.csv.zip,4ff41105d19eeef73b3da3282b36d25592488b6e7f53369b6d3e4c88828b680b,,29875621,74083,1,1.3498191242373522e-05,109442,505,500,AVAILABLE_VALID_CACHE,1,1b2fbeccd5a5e2df201507920ad75f0b,29875621,1,,1284f9141657400869b7eaef1ce7a19eb6fdf6e26e34509f819c6e0920dfd135,
2022-03-09,2022,2022-03,https://data.gdeltproject.org/gkg/20220309.gkg.csv.zip,https://data.gdeltproject.org/gkg/20220309.gkg.csv.zip,cd9c0cbd69ae80c9656eb11ad6dffc022b5f7790660b1605581d140b97b1f348,,30351508,74844,1,1.3360945954973613e-05,111188,505,500,AVAILABLE_VALID_CACHE,1,f2faaccd9092f8e93e3304050fd3db95,30351508,1,,1284f9141657400869b7eaef1ce7a19eb6fdf6e26e34509f819c6e0920dfd135,
2022-03-10,2022,2022-03,https://data.gdeltproject.org/gkg/20220310.gkg.csv.zip,https://data.gdeltproject.org/gkg/20220310.gkg.csv.zip,411ee148b1949b8875a38b294aa2352c32837934f02d8e66d91a155c3401c562,,29899143,74624,1,1.340033500837521e-05,110217,505,500,AVAILABLE_VALID_CACHE,1,2c648d00a518ffa1147803d8e33f7bf2,29899143,1,,1284f9141657400869b7eaef1ce7a19eb6fdf6e26e34509f819c6e0920dfd135,
2022-03-11,2022,2022-03,https://data.gdeltproject.org/gkg/20220311.gkg.csv.zip,https://data.gdeltproject.org/gkg/20220311.gkg.csv.zip,83c0a016517f41f6a6a405f925d639771cd99f7f766c4f5a4c0a03d6b755b728,,28767245,71388,1,1.400776029920576e-05,105758,505,500,AVAILABLE_VALID_CACHE,1,92c5a6230f31f0e44cd02ff7321b4e82,28767245,1,,1284f9141657400869b7eaef1ce7a19eb6fdf6e26e34509f819c6e0920dfd135,
2022-03-12,2022,2022-03,https://data.gdeltproject.org/gkg/20220312.gkg.csv.zip,https://data.gdeltproject.org/gkg/20220312.gkg.csv.zip,d5f7916fb3d5be98a976f53b25fa5d10bee0ffb0d389c1e7e9a55436252727e0,,17359645,41197,1,2.427302296227972e-05,65227,505,500,AVAILABLE_VALID_CACHE,1,2aa9b2b3f804eab7034d861a33761733,17359645,1,,1284f9141657400869b7eaef1ce7a19eb6fdf6e26e34509f819c6e0920dfd135,
2022-03-13,2022,2022-03,https://data.gdeltproject.org/gkg/20220313.gkg.csv.zip,https://data.gdeltproject.org/gkg/20220313.gkg.csv.zip,57829064660a1a9a9c446f4c554585e4d11b5b304e0451642cc440ef9d3b19b3,,15220472,35940,1,2.7823377201524723e-05,56360,505,500,AVAILABLE_VALID_CACHE,1,62e29103aec68e7c5d1dc11e5b493279,15220472,1,,1284f9141657400869b7eaef1ce7a19eb6fdf6e26e34509f819c6e0920dfd135,
2022-03-14,2022,2022-03,https://data.gdeltproject.org/gkg/20220314.gkg.csv.zip,https://data.gdeltproject.org/gkg/20220314.gkg.csv.zip,27ecc7fa9a26be3d9185a5cfeee3d31c1ac4346d0b3d14dba30c813ef01695a8,,25803578,64187,1,1.557923599426684e-05,95076,505,500,AVAILABLE_VALID_CACHE,1,65eb314af2a79714ff67ac39b5493ddf,25803578,1,,1284f9141657400869b7eaef1ce7a19eb6fdf6e26e34509f819c6e0920dfd135,
2022-03-15,2022,2022-03,https://data.gdeltproject.org/gkg/20220315.gkg.csv.zip,https://data.gdeltproject.org/gkg/20220315.gkg.csv.zip,954855ef068e413e5e1bb3e98f92bd7477c16d3feeb8f2ac6728c691ff4645cd,,30078767,74633,1,1.3398719082455718e-05,110703,505,500,AVAILABLE_VALID_CACHE,1,5e8e3d3e44e7e35bff2900fae1e22b0e,30078767,1,,1284f9141657400869b7eaef1ce7a19eb6fdf6e26e34509f819c6e0920dfd135,
2022-03-16,2022,2022-03,https://data.gdeltproject.org/gkg/20220316.gkg.csv.zip,https://data.gdeltproject.org/gkg/20220316.gkg.csv.zip,de40847902356d900c16e5397daaccb7417cc5d510e0b089216adc5edd6272a9,,30059426,74768,1,1.3374526876111758e-05,108225,505,500,AVAILABLE_VALID_CACHE,1,f40a1a2a0647e6d41a2950aabc4cb852,30059426,1,,1284f9141657400869b7eaef1ce7a19eb6fdf6e26e34509f819c6e0920dfd135,
2022-03-17,2022,2022-03,https://data.gdeltproject.org/gkg/20220317.gkg.csv.zip,https://data.gdeltproject.org/gkg/20220317.gkg.csv.zip,8d6f965d22fb62a137fdfc7489be4f2cdfb3c35d0a82fb328b0a03447d991c6c,,29415811,73098,1,1.3680077702841351e-05,107232,505,500,AVAILABLE_VALID_CACHE,1,2c87c8de51e5098c55068ae52333e44a,29415811,1,,1284f9141657400869b7eaef1ce7a19eb6fdf6e26e34509f819c6e0920dfd135,
2022-03-18,2022,2022-03,https://data.gdeltproject.org/gkg/20220318.gkg.csv.zip,https://data.gdeltproject.org/gkg/20220318.gkg.csv.zip,09faa5dabcc2e75f5bca2cceec7be39d64dccd5acc434da49fa63d3603eb9dec,,26128796,65845,1,1.5186951371381709e-05,99767,505,500,AVAILABLE_VALID_CACHE,1,2058c2d2ff234ce3441be4d81c08db7f,26128796,1,,1284f9141657400869b7eaef1ce7a19eb6fdf6e26e34509f819c6e0920dfd135,
2022-03-19,2022,2022-03,https://data.gdeltproject.org/gkg/20220319.gkg.csv.zip,https://data.gdeltproject.org/gkg/20220319.gkg.csv.zip,8c2b97870a6f92076a9ee3aa31bfb4040783fd612c3c2dec11fae0153bf66fc3,,15855379,38741,1,2.5811780496618657e-05,62041,505,500,AVAILABLE_VALID_CACHE,1,24713b95beb024653a1482521cbae47f,15855379,1,,1284f9141657400869b7eaef1ce7a19eb6fdf6e26e34509f819c6e0920dfd135,
2022-03-20,2022,2022-03,https://data.gdeltproject.org/gkg/20220320.gkg.csv.zip,https://data.gdeltproject.org/gkg/20220320.gkg.csv.zip,4ae7f1daf8beb7bd14e72ac52821482d0b06d2fe87d3eda0397dc3aca100ec3a,,14422038,34608,1,2.889421826692479e-05,53449,505,500,AVAILABLE_VALID_CACHE,1,c0c5ab4c967994510be3005f5e973a76,14422038,1,,1284f9141657400869b7eaef1ce7a19eb6fdf6e26e34509f819c6e0920dfd135,
2022-03-21,2022,2022-03,https://data.gdeltproject.org/gkg/20220321.gkg.csv.zip,https://data.gdeltproject.org/gkg/20220321.gkg.csv.zip,623f54f42d1ebd4b1c258c7a9cb9c00fb8951eff601e2aca0b763baea1127b5f,,25460472,63201,1,1.5822284104933388e-05,93200,505,500,AVAILABLE_VALID_CACHE,1,0a8ad6d48fcb55fe5582012cf35eafca,25460472,1,,1284f9141657400869b7eaef1ce7a19eb6fdf6e26e34509f819c6e0920dfd135,
2022-03-22,2022,2022-03,https://data.gdeltproject.org/gkg/20220322.gkg.csv.zip,https://data.gdeltproject.org/gkg/20220322.gkg.csv.zip,4a88bd65a34b224574d5725e8611f5ddbb3f2fd5c459f64662cf372b9fba127c,,28671230,71519,1,1.3982102908277405e-05,103796,505,500,AVAILABLE_VALID_CACHE,1,059f15630561f094238dda75b7e5529f,28671230,1,,1284f9141657400869b7eaef1ce7a19eb6fdf6e26e34509f819c6e0920dfd135,
2022-03-23,2022,2022-03,https://data.gdeltproject.org/gkg/20220323.gkg.csv.zip,https://data.gdeltproject.org/gkg/20220323.gkg.csv.zip,2141bc0e2aefc87c21625db9adf5692ef27067232ae611740a2de498ffcca863,,29673442,74002,1,1.3512965690580112e-05,109628,505,500,AVAILABLE_VALID_CACHE,1,a340320817b3199734e893578d7ecd64,29673442,1,,1284f9141657400869b7eaef1ce7a19eb6fdf6e26e34509f819c6e0920dfd135,
2022-03-24,2022,2022-03,https://data.gdeltproject.org/gkg/20220324.gkg.csv.zip,https://data.gdeltproject.org/gkg/20220324.gkg.csv.zip,165ef2ade05a6d5bdc332e18a5c5d305218c4330df81cf122e6ae234d2ac6496,,30301345,75139,1,1.3308490817141337e-05,110745,505,500,AVAILABLE_VALID_CACHE,1,a627bb96099d9bf14b3bd295308bab7a,30301345,1,,1284f9141657400869b7eaef1ce7a19eb6fdf6e26e34509f819c6e0920dfd135,
2022-03-25,2022,2022-03,https://data.gdeltproject.org/gkg/20220325.gkg.csv.zip,https://data.gdeltproject.org/gkg/20220325.gkg.csv.zip,99171a2fc10343037d7bec6c7bdb130567aa0f06e339ada8bd871581b7ff5dc6,,27214981,67208,1,1.4878959663140353e-05,99731,505,500,AVAILABLE_VALID_CACHE,1,2bfbfc1b536b0e332603e6710c014a04,27214981,1,,1284f9141657400869b7eaef1ce7a19eb6fdf6e26e34509f819c6e0920dfd135,
2022-03-26,2022,2022-03,https://data.gdeltproject.org/gkg/20220326.gkg.csv.zip,https://data.gdeltproject.org/gkg/20220326.gkg.csv.zip,d7bded58c8d8bbc3ad0bf36cb6f2ab947d716fd353e096a0cd6a41b073b6a41b,,16342358,39884,1,2.5072082236429736e-05,62804,505,500,AVAILABLE_VALID_CACHE,1,3a6ee94c1ece630e7cbb540cf5c21137,16342358,1,,1284f9141657400869b7eaef1ce7a19eb6fdf6e26e34509f819c6e0920dfd135,
2022-03-27,2022,2022-03,https://data.gdeltproject.org/gkg/20220327.gkg.csv.zip,https://data.gdeltproject.org/gkg/20220327.gkg.csv.zip,84bdf554744b33eb8563292716903ddb5f4776a75d143a9c90fec745b3d9ef2f,,14194225,34290,1,2.9162170831996735e-05,53238,505,500,AVAILABLE_VALID_CACHE,1,0860f42cdbda66a90c3c3dd0243d7ce5,14194225,1,,1284f9141657400869b7eaef1ce7a19eb6fdf6e26e34509f819c6e0920dfd135,
2022-03-28,2022,2022-03,https://data.gdeltproject.org/gkg/20220328.gkg.csv.zip,https://data.gdeltproject.org/gkg/20220328.gkg.csv.zip,20ebb23358cbd04b7d99f8225f6e929dc50e456c880d66399ed720bced7f208a,,26027223,64856,1,1.5418536164176574e-05,98155,505,500,AVAILABLE_VALID_CACHE,1,6f85e9079a29089d26c60be55460ae0e,26027223,1,,1284f9141657400869b7eaef1ce7a19eb6fdf6e26e34509f819c6e0920dfd135,
2022-03-29,2022,2022-03,https://data.gdeltproject.org/gkg/20220329.gkg.csv.zip,https://data.gdeltproject.org/gkg/20220329.gkg.csv.zip,6b60a58fd0ba60efa5e277ef980aaaa75338ce20f290363e9ad184d79269c572,,29116804,72676,1,1.3759511262159968e-05,110177,505,500,AVAILABLE_VALID_CACHE,1,cca67257439c8d8f4b65a3258bb904f6,29116804,1,,1284f9141657400869b7eaef1ce7a19eb6fdf6e26e34509f819c6e0920dfd135,
2022-03-30,2022,2022-03,https://data.gdeltproject.org/gkg/20220330.gkg.csv.zip,https://data.gdeltproject.org/gkg/20220330.gkg.csv.zip,c47562f00594b8e065f90a75224b940e0d20f2a823c569b04bffeb637e3455b4,,29505626,73299,1,1.364256480218281e-05,107777,505,500,AVAILABLE_VALID_CACHE,1,63f664bbb6f9a6875791e6aaa2413967,29505626,1,,1284f9141657400869b7eaef1ce7a19eb6fdf6e26e34509f819c6e0920dfd135,
2022-03-31,2022,2022-03,https://data.gdeltproject.org/gkg/20220331.gkg.csv.zip,https://data.gdeltproject.org/gkg/20220331.gkg.csv.zip,9c6140e4d79a1034a98391f9dc76002bc3f1ac01b4c3de533dd5899c942a9b02,,30022760,74833,1,1.3362909907261405e-05,111706,505,500,AVAILABLE_VALID_CACHE,1,bde243c1f26e7487803856152c281cad,30022760,1,,1284f9141657400869b7eaef1ce7a19eb6fdf6e26e34509f819c6e0920dfd135,
2022-04-01,2022,2022-04,https://data.gdeltproject.org/gkg/20220401.gkg.csv.zip,https://data.gdeltproject.org/gkg/20220401.gkg.csv.zip,8c78723a9796e4f0b5f10b2ee91cb8898c15b3cab5e9fed324036a0bf179af8b,,27559438,68847,1,1.4524750174297002e-05,102768,505,500,AVAILABLE_VALID_CACHE,1,b6d7d09db097ffe22d0b909992f61201,27559438,1,,1284f9141657400869b7eaef1ce7a19eb6fdf6e26e34509f819c6e0920dfd135,
2022-04-02,2022,2022-04,https://data.gdeltproject.org/gkg/20220402.gkg.csv.zip,https://data.gdeltproject.org/gkg/20220402.gkg.csv.zip,d7748cf4f1aea1d7712fda8c17151724648998aff5c6a62b69fcf074abacf360,,15971160,38894,1,2.571024553284484e-05,61180,505,500,AVAILABLE_VALID_CACHE,1,6fd0ca309aa59f137aa7c17bc9a3c39c,15971160,1,,1284f9141657400869b7eaef1ce7a19eb6fdf6e26e34509f819c6e0920dfd135,
2022-04-03,2022,2022-04,https://data.gdeltproject.org/gkg/20220403.gkg.csv.zip,https://data.gdeltproject.org/gkg/20220403.gkg.csv.zip,81e231e70b7a110b08840054d38ad07866fe391a62d6b1a2a39aef39ba7093c5,,14393773,34680,1,2.8834232000230674e-05,53485,505,500,AVAILABLE_VALID_CACHE,1,14490a7b75a210ef686f8d24db7a0d47,14393773,1,,1284f9141657400869b7eaef1ce7a19eb6fdf6e26e34509f819c6e0920dfd135,
2022-04-04,2022,2022-04,https://data.gdeltproject.org/gkg/20220404.gkg.csv.zip,https://data.gdeltproject.org/gkg/20220404.gkg.csv.zip,3f72eacbb384024475c7b9baf5865f7ab1a4e2fe116e279d5a71551c081033c2,,25295648,63269,1,1.58052789631737e-05,95255,505,500,AVAILABLE_VALID_CACHE,1,5266cbc54279860340ada7ff7303683a,25295648,1,,1284f9141657400869b7eaef1ce7a19eb6fdf6e26e34509f819c6e0920dfd135,
2022-04-05,2022,2022-04,https://data.gdeltproject.org/gkg/20220405.gkg.csv.zip,https://data.gdeltproject.org/gkg/20220405.gkg.csv.zip,924bf8bb9d98149823c0968e47c7dc7ca677cdf87bbcfd008d420399aeb0ac62,,27441144,69477,1,1.4393045280520452e-05,101083,505,500,AVAILABLE_VALID_CACHE,1,35030306ca328cecc8a68e472fef7142,27441144,1,,1284f9141657400869b7eaef1ce7a19eb6fdf6e26e34509f819c6e0920dfd135,
2022-04-06,2022,2022-04,https://data.gdeltproject.org/gkg/20220406.gkg.csv.zip,https://data.gdeltproject.org/gkg/20220406.gkg.csv.zip,cc247a811575cc6106aa573701746d485e4a6e516f6dc3808a7926fb217fd2e6,,28784027,72195,1,1.3851182891018893e-05,106734,505,500,AVAILABLE_VALID_CACHE,1,911214500bab655dff2b3335f347c1b3,28784027,1,,1284f9141657400869b7eaef1ce7a19eb6fdf6e26e34509f819c6e0920dfd135,
2022-04-07,2022,2022-04,https://data.gdeltproject.org/gkg/20220407.gkg.csv.zip,https://data.gdeltproject.org/gkg/20220407.gkg.csv.zip,b5ad56f19c376821817694e0a40d0f21fa0897087f385d6b5295f0acbd09adbd,,29285474,73255,1,1.365075898219941e-05,107950,505,500,AVAILABLE_VALID_CACHE,1,0441aa60c4f590ffe2889c224672a2c1,29285474,1,,1284f9141657400869b7eaef1ce7a19eb6fdf6e26e34509f819c6e0920dfd135,
2022-04-08,2022,2022-04,https://data.gdeltproject.org/gkg/20220408.gkg.csv.zip,https://data.gdeltproject.org/gkg/20220408.gkg.csv.zip,833708c962d26f80fcaca9e9bc5b7569479209efa7fd1b9a91b9f421bf8f19bd,,26977999,67297,1,1.4859282593836369e-05,100286,505,500,AVAILABLE_VALID_CACHE,1,6aa5441c0b1344b780a006baa984c7f7,26977999,1,,1284f9141657400869b7eaef1ce7a19eb6fdf6e26e34509f819c6e0920dfd135,
2022-04-09,2022,2022-04,https://data.gdeltproject.org/gkg/20220409.gkg.csv.zip,https://data.gdeltproject.org/gkg/20220409.gkg.csv.zip,dbff2877ff25e2268656e9a0c3195cbd7cb8d8af7f9c992415d339507bf8fd37,,16028169,39227,1,2.549199551340879e-05,61924,505,500,AVAILABLE_VALID_CACHE,1,f1864fb5d90fbbf74f04a195d3a467fc,16028169,1,,1284f9141657400869b7eaef1ce7a19eb6fdf6e26e34509f819c6e0920dfd135,
2022-04-10,2022,2022-04,https://data.gdeltproject.org/gkg/20220410.gkg.csv.zip,https://data.gdeltproject.org/gkg/20220410.gkg.csv.zip,8bf58609ebe3dac230fe1c46262afcd59a03438c7124fbf885ebc738241c91a5,,13788492,33583,1,2.977608384945212e-05,52255,505,500,AVAILABLE_VALID_CACHE,1,223422ccccb415a8fa53e206ecdb607d,13788492,1,,1284f9141657400869b7eaef1ce7a19eb6fdf6e26e34509f819c6e0920dfd135,
2022-04-11,2022,2022-04,https://data.gdeltproject.org/gkg/20220411.gkg.csv.zip,https://data.gdeltproject.org/gkg/20220411.gkg.csv.zip,c24364e54e9d0091d6a2c6c3e810056ecc7f35a474795afee315ba53e33bb0e1,,25058571,62694,1,1.5950235265970173e-05,92410,504,500,AVAILABLE_VALID_CACHE,1,06880f3e175349fa8bc1b9c9b2bccc12,25058571,1,,1284f9141657400869b7eaef1ce7a19eb6fdf6e26e34509f819c6e0920dfd135,
2022-04-12,2022,2022-04,https://data.gdeltproject.org/gkg/20220412.gkg.csv.zip,https://data.gdeltproject.org/gkg/20220412.gkg.csv.zip,303b76f5f86356db2475e1fcd172ccd4ad9c919abab870e67a0e769b0454f1c0,,27767300,70039,1,1.4277555682467162e-05,104748,504,500,AVAILABLE_VALID_CACHE,1,483176a3f0b27029a5825837911b8ee6,27767300,1,,1284f9141657400869b7eaef1ce7a19eb6fdf6e26e34509f819c6e0920dfd135,
2022-04-13,2022,2022-04,https://data.gdeltproject.org/gkg/20220413.gkg.csv.zip,https://data.gdeltproject.org/gkg/20220413.gkg.csv.zip,ee71728a2379dcd74d17e1adcf6b1ae94e7429306d670077ada7c1d751097464,,28779672,71820,1,1.3923504267554058e-05,104597,504,500,AVAILABLE_VALID_CACHE,1,96bd054a981143ebba42cc0108fea279,28779672,1,,1284f9141657400869b7eaef1ce7a19eb6fdf6e26e34509f819c6e0920dfd135,
2022-04-14,2022,2022-04,https://data.gdeltproject.org/gkg/20220414.gkg.csv.zip,https://data.gdeltproject.org/gkg/20220414.gkg.csv.zip,846f32f1a7951143c2d58cdbdc6bcdc232d5343edab7f232c77e0ae1391d20d7,,27916390,69578,1,1.4372152517282514e-05,101187,504,500,AVAILABLE_VALID_CACHE,1,74fe5377d7025e527384f8b6f0b9c022,27916390,1,,1284f9141657400869b7eaef1ce7a19eb6fdf6e26e34509f819c6e0920dfd135,
2022-04-15,2022,2022-04,https://data.gdeltproject.org/gkg/20220415.gkg.csv.zip,https://data.gdeltproject.org/gkg/20220415.gkg.csv.zip,8895bc7d2dc903318b960d5fbd1da475d36e84713c96194d21ec1e2979871000,,22131781,54622,1,1.83073064460026e-05,83390,504,500,AVAILABLE_VALID_CACHE,1,9c51377a73312791402a9d50ab0c3d31,22131781,1,,1284f9141657400869b7eaef1ce7a19eb6fdf6e26e34509f819c6e0920dfd135,
2022-04-16,2022,2022-04,https://data.gdeltproject.org/gkg/20220416.gkg.csv.zip,https://data.gdeltproject.org/gkg/20220416.gkg.csv.zip,5fee27d6f96b2921f14a6b39f2fdf41cc32ebecb0712eb8e895c470e6a5fa88a,,14410522,35130,1,2.8464888559961287e-05,55414,504,500,AVAILABLE_VALID_CACHE,1,b7516a7fed8de005c973b2a442041fb5,14410522,1,,1284f9141657400869b7eaef1ce7a19eb6fdf6e26e34509f819c6e0920dfd135,
2022-04-17,2022,2022-04,https://data.gdeltproject.org/gkg/20220417.gkg.csv.zip,https://data.gdeltproject.org/gkg/20220417.gkg.csv.zip,360f125f5acf3a9a921589a1100b18c05b79c89014b18ca26b89defaed5fec17,,12846537,31425,1,3.1820785336982115e-05,47870,504,500,AVAILABLE_VALID_CACHE,1,305de0bee24e2e5a21ca967934628ff0,12846537,1,,1284f9141657400869b7eaef1ce7a19eb6fdf6e26e34509f819c6e0920dfd135,
2022-04-18,2022,2022-04,https://data.gdeltproject.org/gkg/20220418.gkg.csv.zip,https://data.gdeltproject.org/gkg/20220418.gkg.csv.zip,677f867a71819cea0bc124af7e725b988ed9d0cf2d279dcf6175f449082e5395,,21565684,53161,1,1.8810428501561265e-05,80287,504,500,AVAILABLE_VALID_CACHE,1,94e10b0b92b09e8260b29031d351d72f,21565684,1,,1284f9141657400869b7eaef1ce7a19eb6fdf6e26e34509f819c6e0920dfd135,
2022-04-19,2022,2022-04,https://data.gdeltproject.org/gkg/20220419.gkg.csv.zip,https://data.gdeltproject.org/gkg/20220419.gkg.csv.zip,df9c79dfe5feb13c255b4026794466752f1946cabe671348a40d97b7d386315a,,26548203,67147,1,1.489247632096265e-05,99152,504,500,AVAILABLE_VALID_CACHE,1,2e2379a2de9b1019dd1a55d89e39e2e4,26548203,1,,1284f9141657400869b7eaef1ce7a19eb6fdf6e26e34509f819c6e0920dfd135,
2022-04-20,2022,2022-04,https://data.gdeltproject.org/gkg/20220420.gkg.csv.zip,https://data.gdeltproject.org/gkg/20220420.gkg.csv.zip,27c8e74280ec37e5859af54d4722327522d6525760d91a3bb44c15f626c2f1fe,,28468153,71842,1,1.3919240566234707e-05,106227,504,500,AVAILABLE_VALID_CACHE,1,09f130d33aed82f5a8372ea71cf3edc7,28468153,1,,1284f9141657400869b7eaef1ce7a19eb6fdf6e26e34509f819c6e0920dfd135,
2022-04-21,2022,2022-04,https://data.gdeltproject.org/gkg/20220421.gkg.csv.zip,https://data.gdeltproject.org/gkg/20220421.gkg.csv.zip,b4b982471c2e1e5a6e736039d7c192d92bae057cb97b3bd3a12fd66c45ac06f6,,29757616,74677,1,1.3390824606979298e-05,109623,504,500,AVAILABLE_VALID_CACHE,1,1cd2643554c8cb393159345bdb972d2e,29757616,1,,1284f9141657400869b7eaef1ce7a19eb6fdf6e26e34509f819c6e0920dfd135,
2022-04-22,2022,2022-04,https://data.gdeltproject.org/gkg/20220422.gkg.csv.zip,https://data.gdeltproject.org/gkg/20220422.gkg.csv.zip,4643bf3064c4db5cae186563dfedd2962cfc9a4e3396f9e26b435997ccb9f68f,,27801955,68624,1,1.4571948998178506e-05,101872,504,500,AVAILABLE_VALID_CACHE,1,011e08442a125f59132dd64220ad6e7f,27801955,1,,1284f9141657400869b7eaef1ce7a19eb6fdf6e26e34509f819c6e0920dfd135,
2022-04-23,2022,2022-04,https://data.gdeltproject.org/gkg/20220423.gkg.csv.zip,https://data.gdeltproject.org/gkg/20220423.gkg.csv.zip,bcb6a6bf36d6c122ff3cdb22790328105f17196d12e3246359f14fb7cdfb04fb,,15814274,38586,1,2.5915463757223936e-05,60468,504,500,AVAILABLE_VALID_CACHE,1,5fb0cd7c3c96398504eaa77ec61644fb,15814274,1,,1284f9141657400869b7eaef1ce7a19eb6fdf6e26e34509f819c6e0920dfd135,
2022-04-24,2022,2022-04,https://data.gdeltproject.org/gkg/20220424.gkg.csv.zip,https://data.gdeltproject.org/gkg/20220424.gkg.csv.zip,f2c2cc6c2d25b059e64dc45a7c5e1b29b6a981b19e95b11c67d1ab35046ca082,,14347245,34515,1,2.897207092362962e-05,54465,504,500,AVAILABLE_VALID_CACHE,1,635890b0065d6f0c567d07156153d126,14347245,1,,1284f9141657400869b7eaef1ce7a19eb6fdf6e26e34509f819c6e0920dfd135,
2022-04-25,2022,2022-04,https://data.gdeltproject.org/gkg/20220425.gkg.csv.zip,https://data.gdeltproject.org/gkg/20220425.gkg.csv.zip,20bd9e4a15910dd8cabff976d70b2d236a4b769678a1fd4194e0924be69597d0,,25130678,62996,1,1.5873771766909537e-05,93010,504,500,AVAILABLE_VALID_CACHE,1,97231c1700bef94c8c44d46595e542e8,25130678,1,,1284f9141657400869b7eaef1ce7a19eb6fdf6e26e34509f819c6e0920dfd135,
2022-04-26,2022,2022-04,https://data.gdeltproject.org/gkg/20220426.gkg.csv.zip,https://data.gdeltproject.org/gkg/20220426.gkg.csv.zip,91089c7f9943b33e2346fc65429c022ced2b0f38a6cef9dbb1c4d0dfb9f1ae9d,,28452095,71221,1,1.404060543090618e-05,106534,504,500,AVAILABLE_VALID_CACHE,1,ba3e4f096a37a9eb5f52764cb6643d6b,28452095,1,,1284f9141657400869b7eaef1ce7a19eb6fdf6e26e34509f819c6e0920dfd135,
2022-04-27,2022,2022-04,https://data.gdeltproject.org/gkg/20220427.gkg.csv.zip,https://data.gdeltproject.org/gkg/20220427.gkg.csv.zip,3dd387c888f18593fdb9f31d0a07237e91e64d42fa310009c5068685a19df67b,,29791668,74252,1,1.3467469327838606e-05,109247,504,500,AVAILABLE_VALID_CACHE,1,e205de2a2b6b94a6c5e26421a54c0e4b,29791668,1,,1284f9141657400869b7eaef1ce7a19eb6fdf6e26e34509f819c6e0920dfd135,
2022-04-28,2022,2022-04,https://data.gdeltproject.org/gkg/20220428.gkg.csv.zip,https://data.gdeltproject.org/gkg/20220428.gkg.csv.zip,35975e7158107f5d79387499ce0fa80b4d8499f3e41209b476225f4d859066b9,,29659981,74122,1,1.349108913562592e-05,106602,504,500,AVAILABLE_VALID_CACHE,1,22f44cdc7eaee9f7be49648b35bb8746,29659981,1,,1284f9141657400869b7eaef1ce7a19eb6fdf6e26e34509f819c6e0920dfd135,
2022-04-29,2022,2022-04,https://data.gdeltproject.org/gkg/20220429.gkg.csv.zip,https://data.gdeltproject.org/gkg/20220429.gkg.csv.zip,9e50d01f27ee94a73a1c68005e4928c310594b4c95c4edf0d7ebe4b56034b90a,,27855252,69431,1,1.4402580942504897e-05,104799,504,500,AVAILABLE_VALID_CACHE,1,fb5d2b3e8d5cf589671f5ce20bc12520,27855252,1,,1284f9141657400869b7eaef1ce7a19eb6fdf6e26e34509f819c6e0920dfd135,
2022-04-30,2022,2022-04,https://data.gdeltproject.org/gkg/20220430.gkg.csv.zip,https://data.gdeltproject.org/gkg/20220430.gkg.csv.zip,2af9166e1af12f6024e43461472b12b8b7f628a681981cf4a6f683174672b1b2,,15981794,40005,1,2.4996250562415636e-05,62308,504,500,AVAILABLE_VALID_CACHE,1,7c87cf282e960c95f0a723d8cec1567e,15981794,1,,1284f9141657400869b7eaef1ce7a19eb6fdf6e26e34509f819c6e0920dfd135,
2022-05-01,2022,2022-05,https://data.gdeltproject.org/gkg/20220501.gkg.csv.zip,https://data.gdeltproject.org/gkg/20220501.gkg.csv.zip,5bf6116cd8e85dcf36fa0f02b78c85a890ef934799d54c5d3b4cb7da716af5a4,,14304302,34381,1,2.9084986330056425e-05,53701,504,500,AVAILABLE_VALID_CACHE,1,a0bc3dbbf62b95ba7103263cee652d93,14304302,1,,1284f9141657400869b7eaef1ce7a19eb6fdf6e26e34509f819c6e0920dfd135,
2022-05-02,2022,2022-05,https://data.gdeltproject.org/gkg/20220502.gkg.csv.zip,https://data.gdeltproject.org/gkg/20220502.gkg.csv.zip,eb35cad1f1b9fd9aa9c30a009c7c27d53823bb983beccad7f3bf44ba5167be76,,22872411,56496,1,1.7700054870170097e-05,83908,504,500,AVAILABLE_VALID_CACHE,1,49f130a7bd7907e622b9659096b8212d,22872411,1,,1284f9141657400869b7eaef1ce7a19eb6fdf6e26e34509f819c6e0920dfd135,
2022-05-03,2022,2022-05,https://data.gdeltproject.org/gkg/20220503.gkg.csv.zip,https://data.gdeltproject.org/gkg/20220503.gkg.csv.zip,ccd33a521036e8a00426e82294ed91679772b27ab115bd604686c80a3375f2a9,,27997346,69303,1,1.4429181576820962e-05,105111,504,500,AVAILABLE_VALID_CACHE,1,2b07e3705d880785ce85f49b00242c11,27997346,1,,1284f9141657400869b7eaef1ce7a19eb6fdf6e26e34509f819c6e0920dfd135,
2022-05-04,2022,2022-05,https://data.gdeltproject.org/gkg/20220504.gkg.csv.zip,https://data.gdeltproject.org/gkg/20220504.gkg.csv.zip,8d5dce038b5c89e9df4c69e4ae9b758f0aec0011303d85f0ae8d9da0bd145cd3,,28791210,71561,1,1.397389676085073e-05,105856,504,500,AVAILABLE_VALID_CACHE,1,6f10b6e33baf136089f3c4bc690b6e36,28791210,1,,1284f9141657400869b7eaef1ce7a19eb6fdf6e26e34509f819c6e0920dfd135,
2022-05-05,2022,2022-05,https://data.gdeltproject.org/gkg/20220505.gkg.csv.zip,https://data.gdeltproject.org/gkg/20220505.gkg.csv.zip,ab4bc43c6c917bd0cea979802d73120a37e7e1f3e45078b44f52628db477dc6f,,28980540,71877,1,1.3912462784162053e-05,106033,504,500,AVAILABLE_VALID_CACHE,1,6101de0bb425cb76d7354e1d1a72caf8,28980540,1,,1284f9141657400869b7eaef1ce7a19eb6fdf6e26e34509f819c6e0920dfd135,
2022-05-06,2022,2022-05,https://data.gdeltproject.org/gkg/20220506.gkg.csv.zip,https://data.gdeltproject.org/gkg/20220506.gkg.csv.zip,79248414ddda0d008cbc59ca51ae6d5b3cc5a2ec9830ee8b2338f5451396554c,,27314067,67396,1,1.4837455673101176e-05,100629,504,500,AVAILABLE_VALID_CACHE,1,3587183184c2a93b224d1e75c1037314,27314067,1,,1284f9141657400869b7eaef1ce7a19eb6fdf6e26e34509f819c6e0920dfd135,
2022-05-07,2022,2022-05,https://data.gdeltproject.org/gkg/20220507.gkg.csv.zip,https://data.gdeltproject.org/gkg/20220507.gkg.csv.zip,19f77522666b4c2c554df6bb4cc631a9c91fdb24d0be27fdb2397f7ee579d914,,15812878,38686,1,2.5848476232326104e-05,60647,504,500,AVAILABLE_VALID_CACHE,1,49e123ec457342bac5604eee9fcaa9ce,15812878,1,,1284f9141657400869b7eaef1ce7a19eb6fdf6e26e34509f819c6e0920dfd135,
2022-05-08,2022,2022-05,https://data.gdeltproject.org/gkg/20220508.gkg.csv.zip,https://data.gdeltproject.org/gkg/20220508.gkg.csv.zip,cee237a81f76532e3d5f4f7d85a0f2b8d9423c5b66e7ef83173444cca8f8fb5a,,14417229,34452,1,2.9025048616956432e-05,55292,504,500,AVAILABLE_VALID_CACHE,1,d0d4d7e35349601c9122f337eafa25b1,14417229,1,,1284f9141657400869b7eaef1ce7a19eb6fdf6e26e34509f819c6e0920dfd135,
2022-05-09,2022,2022-05,https://data.gdeltproject.org/gkg/20220509.gkg.csv.zip,https://data.gdeltproject.org/gkg/20220509.gkg.csv.zip,14c5879273d1cfd3c700c10a8c07871fd106add41bec332d739abed46107b734,,25510429,63471,1,1.575497857322914e-05,94222,504,500,AVAILABLE_VALID_CACHE,1,a2531d94c3468b908087d4b3ff910da9,25510429,1,,1284f9141657400869b7eaef1ce7a19eb6fdf6e26e34509f819c6e0920dfd135,
2022-05-10,2022,2022-05,https://data.gdeltproject.org/gkg/20220510.gkg.csv.zip,https://data.gdeltproject.org/gkg/20220510.gkg.csv.zip,d831d0d5406319cc6a5d322d72081ef3802f6d5b80b8ab4a70050b321cf08fae,,29354550,72929,1,1.371177841766077e-05,106567,504,500,AVAILABLE_VALID_CACHE,1,7f7e0c0e2c8a601eb54903061a02e3d5,29354550,1,,1284f9141657400869b7eaef1ce7a19eb6fdf6e26e34509f819c6e0920dfd135,
2022-05-11,2022,2022-05,https://data.gdeltproject.org/gkg/20220511.gkg.csv.zip,https://data.gdeltproject.org/gkg/20220511.gkg.csv.zip,4950ea67967ffc89a658ccd41d1ce81baf600dea5b6d3d7388e5b824216b2d7e,,29375395,73074,1,1.3684570646595964e-05,105957,504,500,AVAILABLE_VALID_CACHE,1,de24c5aea86e8ceb62ece311b957b0d6,29375395,1,,1284f9141657400869b7eaef1ce7a19eb6fdf6e26e34509f819c6e0920dfd135,
2022-05-12,2022,2022-05,https://data.gdeltproject.org/gkg/20220512.gkg.csv.zip,https://data.gdeltproject.org/gkg/20220512.gkg.csv.zip,be1dd8cb671a61b3a8867ad2f330d174bbdfc38530c7cb3816dd3a42ec89ee9a,,29985528,74308,1,1.3457320109273439e-05,109735,504,500,AVAILABLE_VALID_CACHE,1,77455024d58734f608c00ddb73cb83ff,29985528,1,,1284f9141657400869b7eaef1ce7a19eb6fdf6e26e34509f819c6e0920dfd135,
2022-05-13,2022,2022-05,https://data.gdeltproject.org/gkg/20220513.gkg.csv.zip,https://data.gdeltproject.org/gkg/20220513.gkg.csv.zip,2bfd0e0a4858565b978c382fe03eb3cb49c999d2bbb097adbd66d0a1850c188f,,27748205,68136,1,1.467631389700163e-05,102345,504,500,AVAILABLE_VALID_CACHE,1,19a4da67ded7c709bd7bd9626d811538,27748205,1,,1284f9141657400869b7eaef1ce7a19eb6fdf6e26e34509f819c6e0920dfd135,
2022-05-14,2022,2022-05,https://data.gdeltproject.org/gkg/20220514.gkg.csv.zip,https://data.gdeltproject.org/gkg/20220514.gkg.csv.zip,8a00e7fdf0d7cb78d126956b20f9c61850e2f818e016672256d05e3a10822616,,15720849,38502,1,2.5972002181648184e-05,58918,504,500,AVAILABLE_VALID_CACHE,1,fbfea50ee34d1a01d943d3f536b43033,15720849,1,,1284f9141657400869b7eaef1ce7a19eb6fdf6e26e34509f819c6e0920dfd135,
2022-05-15,2022,2022-05,https://data.gdeltproject.org/gkg/20220515.gkg.csv.zip,https://data.gdeltproject.org/gkg/20220515.gkg.csv.zip,cad407bbaa8f0946ce907752fa0ad9b6e3a7f99ac53f1b97d4e45b56d6d2f43f,,14250591,34015,1,2.9397930385700848e-05,53243,504,500,AVAILABLE_VALID_CACHE,1,27426c4ec9c5441a6218783ed62fa8ac,14250591,1,,1284f9141657400869b7eaef1ce7a19eb6fdf6e26e34509f819c6e0920dfd135,
2022-05-16,2022,2022-05,https://data.gdeltproject.org/gkg/20220516.gkg.csv.zip,https://data.gdeltproject.org/gkg/20220516.gkg.csv.zip,9fecfe21551708739e1413fe870c3ac14b50c4d6cf86e40a779ce57709f13a3c,,26804341,66137,1,1.5119900813450663e-05,98423,504,500,AVAILABLE_VALID_CACHE,1,c7ea8328f2c700e9e3f3d54d55b0ef08,26804341,1,,1284f9141657400869b7eaef1ce7a19eb6fdf6e26e34509f819c6e0920dfd135,
2022-05-17,2022,2022-05,https://data.gdeltproject.org/gkg/20220517.gkg.csv.zip,https://data.gdeltproject.org/gkg/20220517.gkg.csv.zip,91596697978c9c229027abdf2924c5aedee8d202c15bf342e181011295aa97a0,,29680018,73189,1,1.3663068725235688e-05,108516,504,500,AVAILABLE_VALID_CACHE,1,0bea8811a88fe35a5f5c5aefea2daae1,29680018,1,,1284f9141657400869b7eaef1ce7a19eb6fdf6e26e34509f819c6e0920dfd135,
2022-05-18,2022,2022-05,https://data.gdeltproject.org/gkg/20220518.gkg.csv.zip,https://data.gdeltproject.org/gkg/20220518.gkg.csv.zip,90a8a16c40f03eb034fd330e83919be125c151ccd41671718e2c93ccd64ab161,,30572319,75540,1,1.323784434942614e-05,111096,504,500,AVAILABLE_VALID_CACHE,1,f8aebf4bf29464919bac72c595a2a95f,30572319,1,,1284f9141657400869b7eaef1ce7a19eb6fdf6e26e34509f819c6e0920dfd135,
2022-05-19,2022,2022-05,https://data.gdeltproject.org/gkg/20220519.gkg.csv.zip,https://data.gdeltproject.org/gkg/20220519.gkg.csv.zip,5ffa74d88b0ada301946f3beb544ff9c0ee3a23fd80a0f8d999b1c4813c2567f,,29439765,73662,1,1.357533632895755e-05,108595,504,500,AVAILABLE_VALID_CACHE,1,e9f6da69cce3ec2bedb67f04af99750f,29439765,1,,1284f9141657400869b7eaef1ce7a19eb6fdf6e26e34509f819c6e0920dfd135,
2022-05-20,2022,2022-05,https://data.gdeltproject.org/gkg/20220520.gkg.csv.zip,https://data.gdeltproject.org/gkg/20220520.gkg.csv.zip,3c824f9571df5a0f49d383416aee52c4e358d9869e3cdcbedc51245cc2bcec03,,27187267,68118,1,1.468019201691158e-05,102305,504,500,AVAILABLE_VALID_CACHE,1,716139ecbf40ddeb4cb39a694cbe0a90,27187267,1,,1284f9141657400869b7eaef1ce7a19eb6fdf6e26e34509f819c6e0920dfd135,
2022-05-21,2022,2022-05,https://data.gdeltproject.org/gkg/20220521.gkg.csv.zip,https://data.gdeltproject.org/gkg/20220521.gkg.csv.zip,7c110940fad7e07584ef1aa9fa2fd6b526259561f219851ce0d45ac6bb01a497,,15843390,38939,1,2.5680534155110427e-05,59338,504,500,AVAILABLE_VALID_CACHE,1,c65fa77825edddb898e92043bdf54fcb,15843390,1,,1284f9141657400869b7eaef1ce7a19eb6fdf6e26e34509f819c6e0920dfd135,
2022-05-22,2022,2022-05,https://data.gdeltproject.org/gkg/20220522.gkg.csv.zip,https://data.gdeltproject.org/gkg/20220522.gkg.csv.zip,10e390b7874b90ebd3298cc2c1634a9308eea9170254a087979b5da46224c414,,14044952,34025,1,2.9389290542526303e-05,51401,504,500,AVAILABLE_VALID_CACHE,1,9452aa64dbd56c2d267b3a62322c8561,14044952,1,,1284f9141657400869b7eaef1ce7a19eb6fdf6e26e34509f819c6e0920dfd135,
2022-05-23,2022,2022-05,https://data.gdeltproject.org/gkg/20220523.gkg.csv.zip,https://data.gdeltproject.org/gkg/20220523.gkg.csv.zip,b8a3752e349ebb1526c5bac172cff1d04dd4e81a2864f2c25f80ad488540c656,,25675754,64347,1,1.5540498539193137e-05,93397,504,500,AVAILABLE_VALID_CACHE,1,68741a526c9b471bf06d62f8b2704624,25675754,1,,1284f9141657400869b7eaef1ce7a19eb6fdf6e26e34509f819c6e0920dfd135,
2022-05-24,2022,2022-05,https://data.gdeltproject.org/gkg/20220524.gkg.csv.zip,https://data.gdeltproject.org/gkg/20220524.gkg.csv.zip,2bf446954f1e48cb1b137f48eeb3a9d5496630a8bab65d1cf3cfa91da1da9fa6,,28912913,71835,1,1.3920596915195724e-05,106882,504,500,AVAILABLE_VALID_CACHE,1,623e8e9256364e15e731f81dc9962b7f,28912913,1,,1284f9141657400869b7eaef1ce7a19eb6fdf6e26e34509f819c6e0920dfd135,
2022-05-25,2022,2022-05,https://data.gdeltproject.org/gkg/20220525.gkg.csv.zip,https://data.gdeltproject.org/gkg/20220525.gkg.csv.zip,7fca794177a2d361010c3f892648a5a5e1fb1626f2736929d1b8ff0dd605609c,,32386638,77742,1,1.2862894408499801e-05,113975,504,500,AVAILABLE_VALID_CACHE,1,2ce1c4fbce4c6ddab9d08559ad86dae5,32386638,1,,1284f9141657400869b7eaef1ce7a19eb6fdf6e26e34509f819c6e0920dfd135,
2022-05-26,2022,2022-05,https://data.gdeltproject.org/gkg/20220526.gkg.csv.zip,https://data.gdeltproject.org/gkg/20220526.gkg.csv.zip,e86c7ae5d7ce884f6bac66ae22d4cea2b5c18c49d5baf30cfd09bb1fbb1b41c9,,30415168,74431,1,1.3435081685296647e-05,109709,504,500,AVAILABLE_VALID_CACHE,1,b0f84796f6bdd4d1aaa827584ff5e13f,30415168,1,,1284f9141657400869b7eaef1ce7a19eb6fdf6e26e34509f819c6e0920dfd135,
2022-05-27,2022,2022-05,https://data.gdeltproject.org/gkg/20220527.gkg.csv.zip,https://data.gdeltproject.org/gkg/20220527.gkg.csv.zip,230ef0aca68d900322fb878a1552c67da2690411999539080ee3cf4cb78c8783,,27017449,65928,1,1.5167832061763411e-05,97673,504,500,AVAILABLE_VALID_CACHE,1,3a84af61c1b92ae40a300556472b56cd,27017449,1,,1284f9141657400869b7eaef1ce7a19eb6fdf6e26e34509f819c6e0920dfd135,
2022-05-28,2022,2022-05,https://data.gdeltproject.org/gkg/20220528.gkg.csv.zip,https://data.gdeltproject.org/gkg/20220528.gkg.csv.zip,5d81dba72abc97b7fb57d90fa98022fa8096b493dcacf39c58985847ae8f1037,,16346940,38924,1,2.5690430314707772e-05,60429,504,500,AVAILABLE_VALID_CACHE,1,3b99fc5ec52232570cb9af3b226ffeea,16346940,1,,1284f9141657400869b7eaef1ce7a19eb6fdf6e26e34509f819c6e0920dfd135,
2022-05-29,2022,2022-05,https://data.gdeltproject.org/gkg/20220529.gkg.csv.zip,https://data.gdeltproject.org/gkg/20220529.gkg.csv.zip,f8e0c6c72455e09e970b872a8c5726dc6c7a4a25fe83c6bb8f11dbd550567744,,14519520,34599,1,2.8901734104046242e-05,51643,504,500,AVAILABLE_VALID_CACHE,1,ef9528b16bde2af40dbe49c7b99ef1fd,14519520,1,,1284f9141657400869b7eaef1ce7a19eb6fdf6e26e34509f819c6e0920dfd135,
2022-05-30,2022,2022-05,https://data.gdeltproject.org/gkg/20220530.gkg.csv.zip,https://data.gdeltproject.org/gkg/20220530.gkg.csv.zip,ac1bb7c4a0832408474f6db86ca6df3ea519734f1337092b513838b19976a458,,21026012,52705,1,1.8973171934884074e-05,76238,504,500,AVAILABLE_VALID_CACHE,1,4b27582295ff4b72fa253085f66eebe3,21026012,1,,1284f9141657400869b7eaef1ce7a19eb6fdf6e26e34509f819c6e0920dfd135,
2022-05-31,2022,2022-05,https://data.gdeltproject.org/gkg/20220531.gkg.csv.zip,https://data.gdeltproject.org/gkg/20220531.gkg.csv.zip,b09d21dd4f2a134b28428670ca6608674edf0f6ada4e3839b97b9e06c7b30839,,26533146,66805,1,1.4968715384845673e-05,97848,504,500,AVAILABLE_VALID_CACHE,1,5218318d900b9600c545a7115139d209,26533146,1,,1284f9141657400869b7eaef1ce7a19eb6fdf6e26e34509f819c6e0920dfd135,
2022-06-01,2022,2022-06,https://data.gdeltproject.org/gkg/20220601.gkg.csv.zip,https://data.gdeltproject.org/gkg/20220601.gkg.csv.zip,3d7ba6e71d4996ed306e3ad117722ed3dde21d34dd88cb7f735cc644bb14fd40,,29222397,73773,1,1.3554910944235096e-05,110459,504,500,AVAILABLE_VALID_CACHE,1,8f4a91faf079a27976cf00047bcf927f,29222397,1,,1284f9141657400869b7eaef1ce7a19eb6fdf6e26e34509f819c6e0920dfd135,
2022-06-02,2022,2022-06,https://data.gdeltproject.org/gkg/20220602.gkg.csv.zip,https://data.gdeltproject.org/gkg/20220602.gkg.csv.zip,b672b720a6ee0304327a6942e98ad6ab509f0318c15a8d0a8cee45120d550d90,,28094973,69617,1,1.4364101238185527e-05,103226,504,500,AVAILABLE_VALID_CACHE,1,86248d078fc71167b1d1dae9be178a97,28094973,1,,1284f9141657400869b7eaef1ce7a19eb6fdf6e26e34509f819c6e0920dfd135,
2022-06-03,2022,2022-06,https://data.gdeltproject.org/gkg/20220603.gkg.csv.zip,https://data.gdeltproject.org/gkg/20220603.gkg.csv.zip,9ff574831908664abed142a6c23c63832de8872e2ec1fa74394bcf33632ce716,,24658016,60817,1,1.644250057548752e-05,90304,504,500,AVAILABLE_VALID_CACHE,1,64e656e03efb9ecd2b6942cc896db474,24658016,1,,1284f9141657400869b7eaef1ce7a19eb6fdf6e26e34509f819c6e0920dfd135,
2022-06-04,2022,2022-06,https://data.gdeltproject.org/gkg/20220604.gkg.csv.zip,https://data.gdeltproject.org/gkg/20220604.gkg.csv.zip,5f71f4ea0c928e6e191392e6d09c43e0b72566f05434fd4668837c07b1fee673,,14775524,36177,1,2.7641107855602852e-05,58128,504,500,AVAILABLE_VALID_CACHE,1,0e3037513208cbe6c9a880179ef7f9c6,14775524,1,,1284f9141657400869b7eaef1ce7a19eb6fdf6e26e34509f819c6e0920dfd135,
2022-06-05,2022,2022-06,https://data.gdeltproject.org/gkg/20220605.gkg.csv.zip,https://data.gdeltproject.org/gkg/20220605.gkg.csv.zip,05fea424337c75dcac0f6665fbd8c5170005b0bab53ff1e984913f582a443282,,13296062,32646,1,3.0630685821055535e-05,51184,504,500,AVAILABLE_VALID_CACHE,1,c409c62208729b99b74f5a53352ba5f3,13296062,1,,1284f9141657400869b7eaef1ce7a19eb6fdf6e26e34509f819c6e0920dfd135,
2022-06-06,2022,2022-06,https://data.gdeltproject.org/gkg/20220606.gkg.csv.zip,https://data.gdeltproject.org/gkg/20220606.gkg.csv.zip,a6646e3a9dad33565b9c338488bf6a8ff3ab598dd18136c3a56ab9ac61a8f950,,23901474,59933,1,1.6685020188874427e-05,88384,504,500,AVAILABLE_VALID_CACHE,1,e2168cc79e831f1f8aa9c0286662a1fd,23901474,1,,1284f9141657400869b7eaef1ce7a19eb6fdf6e26e34509f819c6e0920dfd135,
2022-06-07,2022,2022-06,https://data.gdeltproject.org/gkg/20220607.gkg.csv.zip,https://data.gdeltproject.org/gkg/20220607.gkg.csv.zip,555fdc10da5952c6a037bb4c890bec15f82d8830f707cf0543bd4128049c21fe,,26804612,67936,1,1.4719519554881728e-05,99115,504,500,AVAILABLE_VALID_CACHE,1,3ba29ad2a57ca0c297a392f86a31ef78,26804612,1,,1284f9141657400869b7eaef1ce7a19eb6fdf6e26e34509f819c6e0920dfd135,
2022-06-08,2022,2022-06,https://data.gdeltproject.org/gkg/20220608.gkg.csv.zip,https://data.gdeltproject.org/gkg/20220608.gkg.csv.zip,5c474bbdd2daf0d4602401aed1d0201ea11b0ac7539dca64504a4baf94de2d1c,,28059679,70148,1,1.4255370710915337e-05,101411,504,500,AVAILABLE_VALID_CACHE,1,3b1763cca71f9cfaf81f544cb2c8669b,28059679,1,,1284f9141657400869b7eaef1ce7a19eb6fdf6e26e34509f819c6e0920dfd135,
2022-06-09,2022,2022-06,https://data.gdeltproject.org/gkg/20220609.gkg.csv.zip,https://data.gdeltproject.org/gkg/20220609.gkg.csv.zip,34822e5f32df5c04485ca9eee6736250abc0bbca8b427b611af4da405b085b71,,27667478,69638,1,1.4359769669294504e-05,100536,504,500,AVAILABLE_VALID_CACHE,1,6efe48914a2928fd8abbe2a724d19475,27667478,1,,1284f9141657400869b7eaef1ce7a19eb6fdf6e26e34509f819c6e0920dfd135,
2022-06-10,2022,2022-06,https://data.gdeltproject.org/gkg/20220610.gkg.csv.zip,https://data.gdeltproject.org/gkg/20220610.gkg.csv.zip,4085bba5b646bdb9ba1a4e39b94f5261f983b047d3a95045d5eb6d8922fc18e8,,25772711,64858,1,1.54180607163231e-05,95985,504,500,AVAILABLE_VALID_CACHE,1,8f79d95883f18e20ad77a7ab223dfc9f,25772711,1,,1284f9141657400869b7eaef1ce7a19eb6fdf6e26e34509f819c6e0920dfd135,
2022-06-11,2022,2022-06,https://data.gdeltproject.org/gkg/20220611.gkg.csv.zip,https://data.gdeltproject.org/gkg/20220611.gkg.csv.zip,f59e7da792e3a95dadcf448ae5430f396e0499851c32263e06f240b109fb6b00,,14721251,36533,1,2.7371763288991077e-05,55728,504,500,AVAILABLE_VALID_CACHE,1,e32beb6f0a6f2abbab6b37928ee14ca9,14721251,1,,1284f9141657400869b7eaef1ce7a19eb6fdf6e26e34509f819c6e0920dfd135,
2022-06-12,2022,2022-06,https://data.gdeltproject.org/gkg/20220612.gkg.csv.zip,https://data.gdeltproject.org/gkg/20220612.gkg.csv.zip,4f5e5e3a597b06c27c41bea766b26aef4dd53ae121e231151fbc798432fa8518,,13307238,32788,1,3.049803287687944e-05,50074,504,500,AVAILABLE_VALID_CACHE,1,c494a1f6c241f806a10d26b2a5d8d903,13307238,1,,1284f9141657400869b7eaef1ce7a19eb6fdf6e26e34509f819c6e0920dfd135,
2022-06-13,2022,2022-06,https://data.gdeltproject.org/gkg/20220613.gkg.csv.zip,https://data.gdeltproject.org/gkg/20220613.gkg.csv.zip,f4480ef96874e58db80c9730c1a24821bf9d09d4e39a93b5a1f318435da9e38f,,24363915,60738,1,1.646388646503894e-05,90946,504,500,AVAILABLE_VALID_CACHE,1,6cbb194fd90eedcb8e9e881e2398f206,24363915,1,,1284f9141657400869b7eaef1ce7a19eb6fdf6e26e34509f819c6e0920dfd135,
2022-06-14,2022,2022-06,https://data.gdeltproject.org/gkg/20220614.gkg.csv.zip,https://data.gdeltproject.org/gkg/20220614.gkg.csv.zip,ad3d5478b074060c0b709cf9c215e6ee8e1d476b7cf7f2e067745d9b25bbf476,,27503663,69555,1,1.4376904939904537e-05,103703,504,500,AVAILABLE_VALID_CACHE,1,57883f32e21401366f3add192d4f834d,27503663,1,,1284f9141657400869b7eaef1ce7a19eb6fdf6e26e34509f819c6e0920dfd135,
2022-06-15,2022,2022-06,https://data.gdeltproject.org/gkg/20220615.gkg.csv.zip,https://data.gdeltproject.org/gkg/20220615.gkg.csv.zip,9132a7461b8543c530bc657fd3b7fdaf16ab495935985c297d8992f1b2b6a643,,28579859,71910,1,1.3906078346845406e-05,102842,504,500,AVAILABLE_VALID_CACHE,1,5eab64d5228799bbe6c3e01be8c68167,28579859,1,,1284f9141657400869b7eaef1ce7a19eb6fdf6e26e34509f819c6e0920dfd135,
2022-06-16,2022,2022-06,https://data.gdeltproject.org/gkg/20220616.gkg.csv.zip,https://data.gdeltproject.org/gkg/20220616.gkg.csv.zip,6a3a74018ed395ed77721e6ac92b8cc18bb306dd356027f55625fb72611e1eab,,28017861,69957,1,1.4294290860230424e-05,104161,504,500,AVAILABLE_VALID_CACHE,1,ed06ba91a801588472c7d6a23e89a3cf,28017861,1,,1284f9141657400869b7eaef1ce7a19eb6fdf6e26e34509f819c6e0920dfd135,
2022-06-17,2022,2022-06,https://data.gdeltproject.org/gkg/20220617.gkg.csv.zip,https://data.gdeltproject.org/gkg/20220617.gkg.csv.zip,c2bdaf5799ef26b83ec7056e45a0f2a4ad0aafd5c1e032a65ddb2ab7263c8cc8,,26073535,65516,1,1.5263214127630997e-05,96251,504,500,AVAILABLE_VALID_CACHE,1,56575524b17eb5a5bd19cc3302a4a80b,26073535,1,,1284f9141657400869b7eaef1ce7a19eb6fdf6e26e34509f819c6e0920dfd135,
2022-06-18,2022,2022-06,https://data.gdeltproject.org/gkg/20220618.gkg.csv.zip,https://data.gdeltproject.org/gkg/20220618.gkg.csv.zip,80333ea11519ae978819172a09c466d05ea3812718f99266d147fcb16e7503da,,14626750,36358,1,2.7503506697103882e-05,54852,504,500,AVAILABLE_VALID_CACHE,1,7f472f7d08e9a050bda44a01346b7f4a,14626750,1,,1284f9141657400869b7eaef1ce7a19eb6fdf6e26e34509f819c6e0920dfd135,
2022-06-19,2022,2022-06,https://data.gdeltproject.org/gkg/20220619.gkg.csv.zip,https://data.gdeltproject.org/gkg/20220619.gkg.csv.zip,179eb233af416d2d486c9172289c712658f318add641ea39072e5900d2993d71,,12964913,32204,1,3.105107902499612e-05,49352,504,500,AVAILABLE_VALID_CACHE,1,3d0301af3a690deba7c96b0a96def171,12964913,1,,1284f9141657400869b7eaef1ce7a19eb6fdf6e26e34509f819c6e0920dfd135,
2022-06-20,2022,2022-06,https://data.gdeltproject.org/gkg/20220620.gkg.csv.zip,https://data.gdeltproject.org/gkg/20220620.gkg.csv.zip,3a2a86b65b75879073478072c2f40c5f47ae6386aa62ac1a2155752f9877a44d,,21642453,55340,1,1.8069785511645976e-05,80435,504,500,AVAILABLE_VALID_CACHE,1,b04397038b6f0664c5e77cb3b0fbc7c9,21642453,1,,1284f9141657400869b7eaef1ce7a19eb6fdf6e26e34509f819c6e0920dfd135,
2022-06-21,2022,2022-06,https://data.gdeltproject.org/gkg/20220621.gkg.csv.zip,https://data.gdeltproject.org/gkg/20220621.gkg.csv.zip,39f017de03a319b96bd71ff670a8131a45bcf923998143693b8ed17d4fd824b0,,25620322,65301,1,1.5313466662583075e-05,96727,503,500,AVAILABLE_VALID_CACHE,1,702670d999bafc99e1c2f381d2ac8260,25620322,1,,1284f9141657400869b7eaef1ce7a19eb6fdf6e26e34509f819c6e0920dfd135,
2022-06-22,2022,2022-06,https://data.gdeltproject.org/gkg/20220622.gkg.csv.zip,https://data.gdeltproject.org/gkg/20220622.gkg.csv.zip,465a0a60b0261ab40a30d28de872fe2e8cb0ba98c2cd999597b298d052ecc6cf,,28321183,70303,1,1.4223941738734638e-05,102892,503,500,AVAILABLE_VALID_CACHE,1,424a79cf47133a69a8b6e84ad9cfd281,28321183,1,,1284f9141657400869b7eaef1ce7a19eb6fdf6e26e34509f819c6e0920dfd135,
2022-06-23,2022,2022-06,https://data.gdeltproject.org/gkg/20220623.gkg.csv.zip,https://data.gdeltproject.org/gkg/20220623.gkg.csv.zip,5b4e923b4ec567f5975a96c79bfd2dd10dd076cb76a66d64c5f2fa4b0eaaba92,,28453326,71100,1,1.4064499796064753e-05,102901,503,500,AVAILABLE_VALID_CACHE,1,99eaae93192e80f506a8c44923e6105f,28453326,1,,1284f9141657400869b7eaef1ce7a19eb6fdf6e26e34509f819c6e0920dfd135,
2022-06-24,2022,2022-06,https://data.gdeltproject.org/gkg/20220624.gkg.csv.zip,https://data.gdeltproject.org/gkg/20220624.gkg.csv.zip,a26669ae3b754882ea982b33cfad79b3749bd2e2142f1e80dfab9850e38d656e,,27322428,66714,1,1.498913287866297e-05,97327,503,500,AVAILABLE_VALID_CACHE,1,756b2406a0c649670cf3bded8786d85e,27322428,1,,1284f9141657400869b7eaef1ce7a19eb6fdf6e26e34509f819c6e0920dfd135,
2022-06-25,2022,2022-06,https://data.gdeltproject.org/gkg/20220625.gkg.csv.zip,https://data.gdeltproject.org/gkg/20220625.gkg.csv.zip,148fb51a68bd0fed15a3f87e771aadb64d8bdbc335f5d95fe7b9f02bf726729e,,15856680,37651,1,2.6559014129395517e-05,58811,503,500,AVAILABLE_VALID_CACHE,1,7aa56d081544297e2c0327cbe14a59ea,15856680,1,,1284f9141657400869b7eaef1ce7a19eb6fdf6e26e34509f819c6e0920dfd135,
2022-06-26,2022,2022-06,https://data.gdeltproject.org/gkg/20220626.gkg.csv.zip,https://data.gdeltproject.org/gkg/20220626.gkg.csv.zip,e630968fe96a34f1129a821c55e1c89fb777b5b48757157de75c2e878bc1ad7e,,13509134,32732,1,3.055020926893349e-05,49995,503,500,AVAILABLE_VALID_CACHE,1,13f46225ed14844d31c56291b3f3251c,13509134,1,,1284f9141657400869b7eaef1ce7a19eb6fdf6e26e34509f819c6e0920dfd135,
2022-06-27,2022,2022-06,https://data.gdeltproject.org/gkg/20220627.gkg.csv.zip,https://data.gdeltproject.org/gkg/20220627.gkg.csv.zip,731d2fc867b2e7e3c9e9051302c0ab4e38fb0c250c9690d0f9989c02df8eacdd,,24310168,61019,1,1.6388069485414618e-05,89737,503,500,AVAILABLE_VALID_CACHE,1,20d7f7060235cd951272caa5822f37a5,24310168,1,,1284f9141657400869b7eaef1ce7a19eb6fdf6e26e34509f819c6e0920dfd135,
2022-06-28,2022,2022-06,https://data.gdeltproject.org/gkg/20220628.gkg.csv.zip,https://data.gdeltproject.org/gkg/20220628.gkg.csv.zip,8aaf6018c1c655c31bc5736c8700a0930c0d14dbe6556287bc0d53327ea41284,,28257390,69729,1,1.434102968593145e-05,101824,503,500,AVAILABLE_VALID_CACHE,1,6ce886acca1a770429d27a488d1da587,28257390,1,,1284f9141657400869b7eaef1ce7a19eb6fdf6e26e34509f819c6e0920dfd135,
2022-06-29,2022,2022-06,https://data.gdeltproject.org/gkg/20220629.gkg.csv.zip,https://data.gdeltproject.org/gkg/20220629.gkg.csv.zip,95c62fe376ffdabbd1f9723cc2dc55538bfd862f5b4a6b29f9d34585f304c6d9,,29142234,71911,1,1.3905884970519524e-05,104244,503,500,AVAILABLE_VALID_CACHE,1,11193c1719af76629eb3d9333421acb9,29142234,1,,1284f9141657400869b7eaef1ce7a19eb6fdf6e26e34509f819c6e0920dfd135,
2022-06-30,2022,2022-06,https://data.gdeltproject.org/gkg/20220630.gkg.csv.zip,https://data.gdeltproject.org/gkg/20220630.gkg.csv.zip,4754f5726abba6fd12faf6a3d9427988e7ebc1d04d38c25926e4c7c85734d535,,28642781,71223,1,1.4040211164775918e-05,104397,503,500,AVAILABLE_VALID_CACHE,1,9549ed08e4e5ca8a20ecaf5e245a435d,28642781,1,,1284f9141657400869b7eaef1ce7a19eb6fdf6e26e34509f819c6e0920dfd135,
2022-07-01,2022,2022-07,https://data.gdeltproject.org/gkg/20220701.gkg.csv.zip,https://data.gdeltproject.org/gkg/20220701.gkg.csv.zip,dbce9f3a0563fe765135d3159d4f1f841294e0f83f46da6cb7b0b5b6597bb9fc,,25306256,64142,1,1.559016572346164e-05,95644,503,500,AVAILABLE_VALID_CACHE,1,0acef7b026248b10cafe72958fa037c0,25306256,1,,1284f9141657400869b7eaef1ce7a19eb6fdf6e26e34509f819c6e0920dfd135,
2022-07-02,2022,2022-07,https://data.gdeltproject.org/gkg/20220702.gkg.csv.zip,https://data.gdeltproject.org/gkg/20220702.gkg.csv.zip,cce3aa6d7902e8b8bd39ed6ae8ff3de111754301cfa0147370f057cccde3902a,,14415775,35692,1,2.8016697951979378e-05,55607,503,500,AVAILABLE_VALID_CACHE,1,12679683279468de3a9525fe3fcaa487,14415775,1,,1284f9141657400869b7eaef1ce7a19eb6fdf6e26e34509f819c6e0920dfd135,
2022-07-03,2022,2022-07,https://data.gdeltproject.org/gkg/20220703.gkg.csv.zip,https://data.gdeltproject.org/gkg/20220703.gkg.csv.zip,a9cf6deb7ef5c533a278f0566cf9405a66ea0c3c3d71654b618510b6bd0305ab,,12554705,31064,1,3.219056816352809e-05,47707,503,500,AVAILABLE_VALID_CACHE,1,87761bd154623b28db53591af9edadb6,12554705,1,,1284f9141657400869b7eaef1ce7a19eb6fdf6e26e34509f819c6e0920dfd135,
2022-07-04,2022,2022-07,https://data.gdeltproject.org/gkg/20220704.gkg.csv.zip,https://data.gdeltproject.org/gkg/20220704.gkg.csv.zip,1087dd77f0e6ab0a24825ff36ea8dd9726bd1f4565f9d2b84c5f3fce1985c817,,18610511,47762,1,2.0936708330716246e-05,70121,503,500,AVAILABLE_VALID_CACHE,1,25de0d79dcc4c997c08d2bd7f104b5f4,18610511,1,,1284f9141657400869b7eaef1ce7a19eb6fdf6e26e34509f819c6e0920dfd135,
2022-07-05,2022,2022-07,https://data.gdeltproject.org/gkg/20220705.gkg.csv.zip,https://data.gdeltproject.org/gkg/20220705.gkg.csv.zip,c6b8aaa08b329a5434f619c4ed81a80c6d576f5639addc5c04d3b6c8037fcdee,,24520612,62237,1,1.6067354349432823e-05,90451,503,500,AVAILABLE_VALID_CACHE,1,7a97ac66e87e25c18b3ccda423650af0,24520612,1,,1284f9141657400869b7eaef1ce7a19eb6fdf6e26e34509f819c6e0920dfd135,
2022-07-06,2022,2022-07,https://data.gdeltproject.org/gkg/20220706.gkg.csv.zip,https://data.gdeltproject.org/gkg/20220706.gkg.csv.zip,b820d552e42a0b55e707b1c70e4787c3cb43e17f34067d164347af7e4d41aa86,,25888069,65776,1,1.5202882466515651e-05,97650,503,500,AVAILABLE_VALID_CACHE,1,93ba3ebcae5967079269361a14fc6c23,25888069,1,,1284f9141657400869b7eaef1ce7a19eb6fdf6e26e34509f819c6e0920dfd135,
2022-07-07,2022,2022-07,https://data.gdeltproject.org/gkg/20220707.gkg.csv.zip,https://data.gdeltproject.org/gkg/20220707.gkg.csv.zip,5973dc8096563a6bbfbe43df318c193f811f59204e026eb14774d33cd9f3ad4a,,27087083,69242,1,1.4441893043340122e-05,101159,503,500,AVAILABLE_VALID_CACHE,1,24f5b789126f8bfb0f5985395bdc59cc,27087083,1,,1284f9141657400869b7eaef1ce7a19eb6fdf6e26e34509f819c6e0920dfd135,
2022-07-08,2022,2022-07,https://data.gdeltproject.org/gkg/20220708.gkg.csv.zip,https://data.gdeltproject.org/gkg/20220708.gkg.csv.zip,dcc8796827e7cce31707e595c853b89502d21dc316c0a447e5c9862c619be093,,24793370,63186,1,1.5826040166489943e-05,95265,503,500,AVAILABLE_VALID_CACHE,1,9a71a810d438ebb1c7a3fd6a3ac01150,24793370,1,,1284f9141657400869b7eaef1ce7a19eb6fdf6e26e34509f819c6e0920dfd135,
2022-07-09,2022,2022-07,https://data.gdeltproject.org/gkg/20220709.gkg.csv.zip,https://data.gdeltproject.org/gkg/20220709.gkg.csv.zip,51bde3c06075fee8267a6b6f67aea56c486a1d9dbffa43c5316d5ddb8d61dc60,,14478681,36008,1,2.7770835069010526e-05,56808,503,500,AVAILABLE_VALID_CACHE,1,71c7d5d348d676d2ef1a4b205c707257,14478681,1,,1284f9141657400869b7eaef1ce7a19eb6fdf6e26e34509f819c6e0920dfd135,
2022-07-10,2022,2022-07,https://data.gdeltproject.org/gkg/20220710.gkg.csv.zip,https://data.gdeltproject.org/gkg/20220710.gkg.csv.zip,bd4278eee2fbea44abcebc690d43eb2546e7f98f203f9fd3373d806880571e8b,,12407280,30217,1,3.309285856112251e-05,48068,503,500,AVAILABLE_VALID_CACHE,1,6abd9b60340b1562130c7bcd43c43a19,12407280,1,,1284f9141657400869b7eaef1ce7a19eb6fdf6e26e34509f819c6e0920dfd135,
2022-07-11,2022,2022-07,https://data.gdeltproject.org/gkg/20220711.gkg.csv.zip,https://data.gdeltproject.org/gkg/20220711.gkg.csv.zip,82aa993f0e6bdfb4caa9bf8ecb103c53c11bb3b4203758c5f88bdd3908f63afc,,21897036,56243,1,1.7779674276367258e-05,85653,503,500,AVAILABLE_VALID_CACHE,1,77238b13146d4a906d6446cfd9541da1,21897036,1,,1284f9141657400869b7eaef1ce7a19eb6fdf6e26e34509f819c6e0920dfd135,
2022-07-12,2022,2022-07,https://data.gdeltproject.org/gkg/20220712.gkg.csv.zip,https://data.gdeltproject.org/gkg/20220712.gkg.csv.zip,2dd7541195c841ed2f4c13ecedaaef4d781ceaacbd4042ff5306cab68b7fdd9c,,25487095,65458,1,1.5276738110878564e-05,98961,503,500,AVAILABLE_VALID_CACHE,1,af6b5bdaf390e3f58821eb6e32f0a21b,25487095,1,,1284f9141657400869b7eaef1ce7a19eb6fdf6e26e34509f819c6e0920dfd135,
2022-07-13,2022,2022-07,https://data.gdeltproject.org/gkg/20220713.gkg.csv.zip,https://data.gdeltproject.org/gkg/20220713.gkg.csv.zip,019346fba93f261e2994bff5a9e042217ff93717c9194676da362fea4650395a,,26818249,68375,1,1.4625014625014625e-05,100759,503,500,AVAILABLE_VALID_CACHE,1,2b3d1009058c3d76138a3c9182784b8f,26818249,1,,1284f9141657400869b7eaef1ce7a19eb6fdf6e26e34509f819c6e0920dfd135,
2022-07-14,2022,2022-07,https://data.gdeltproject.org/gkg/20220714.gkg.csv.zip,https://data.gdeltproject.org/gkg/20220714.gkg.csv.zip,6b3033b3d6143e704099976a9e14a0e865044fcadfbaa7f527d85007ed0bb30a,,27169976,69188,1,1.4453164520371736e-05,101766,503,500,AVAILABLE_VALID_CACHE,1,f04117fa41486b38e4a3fae47abb0e07,27169976,1,,1284f9141657400869b7eaef1ce7a19eb6fdf6e26e34509f819c6e0920dfd135,
2022-07-15,2022,2022-07,https://data.gdeltproject.org/gkg/20220715.gkg.csv.zip,https://data.gdeltproject.org/gkg/20220715.gkg.csv.zip,4766e4ba508ed15a548a5d54e17edb03b5e8060bde5fa3686a4764b5e57343e1,,25411120,63854,1,1.5660480776759847e-05,96778,503,500,AVAILABLE_VALID_CACHE,1,4a5802f5f464569884e362df0166e8b3,25411120,1,,1284f9141657400869b7eaef1ce7a19eb6fdf6e26e34509f819c6e0920dfd135,
2022-07-16,2022,2022-07,https://data.gdeltproject.org/gkg/20220716.gkg.csv.zip,https://data.gdeltproject.org/gkg/20220716.gkg.csv.zip,f6692c8eedd5eacbf7ee30a0f3bed579fc2b842e6a44da8acf626117d3dc49d5,,14682450,35921,1,2.783809364734703e-05,56236,503,500,AVAILABLE_VALID_CACHE,1,f8dd6bc394a9c0f3d024e5a377458a85,14682450,1,,1284f9141657400869b7eaef1ce7a19eb6fdf6e26e34509f819c6e0920dfd135,
2022-07-17,2022,2022-07,https://data.gdeltproject.org/gkg/20220717.gkg.csv.zip,https://data.gdeltproject.org/gkg/20220717.gkg.csv.zip,eafb57af9b5636ee8321bfaf95323d112b34e244eabaa09d92183bf23446fb46,,12731643,31338,1,3.1909122818213725e-05,48136,503,500,AVAILABLE_VALID_CACHE,1,6c2d48f1dc4499e164e39d499dbfc95d,12731643,1,,1284f9141657400869b7eaef1ce7a19eb6fdf6e26e34509f819c6e0920dfd135,
2022-07-18,2022,2022-07,https://data.gdeltproject.org/gkg/20220718.gkg.csv.zip,https://data.gdeltproject.org/gkg/20220718.gkg.csv.zip,0f135b073f5e9eba0cce3072059db44822357abca6742af40999e44824329cad,,23301237,58988,1,1.695231314312838e-05,86644,503,500,AVAILABLE_VALID_CACHE,1,72a4ce56436a666ebc0c2f4f5afee81d,23301237,1,,1284f9141657400869b7eaef1ce7a19eb6fdf6e26e34509f819c6e0920dfd135,
2022-07-19,2022,2022-07,https://data.gdeltproject.org/gkg/20220719.gkg.csv.zip,https://data.gdeltproject.org/gkg/20220719.gkg.csv.zip,2695bf89a7999ddd4059abb433f0ecc2311341c4fed2c4eb27266e536dec4193,,26233664,66899,1,1.4947683109118087e-05,99357,503,500,AVAILABLE_VALID_CACHE,1,9406ec64f3cda317a92d35be04d2954a,26233664,1,,1284f9141657400869b7eaef1ce7a19eb6fdf6e26e34509f819c6e0920dfd135,
2022-07-20,2022,2022-07,https://data.gdeltproject.org/gkg/20220720.gkg.csv.zip,https://data.gdeltproject.org/gkg/20220720.gkg.csv.zip,28f36167a596c9df0a326be7cc688ebe66df41f39b2a0572d3acf48ec528ceb0,,26561429,67516,1,1.4811084615726409e-05,99349,503,500,AVAILABLE_VALID_CACHE,1,5f98144a29ac47b40f1bbdad473a7602,26561429,1,,1284f9141657400869b7eaef1ce7a19eb6fdf6e26e34509f819c6e0920dfd135,
2022-07-21,2022,2022-07,https://data.gdeltproject.org/gkg/20220721.gkg.csv.zip,https://data.gdeltproject.org/gkg/20220721.gkg.csv.zip,ae2da3071392bd67d2bb1c4167df5e0f4e119f1ab8b0835c450fd7d05f9f9ff9,,27074943,68553,1,1.4587040872888525e-05,101911,503,500,AVAILABLE_VALID_CACHE,1,67c83f58500c4b7dd3b80425772d2479,27074943,1,,1284f9141657400869b7eaef1ce7a19eb6fdf6e26e34509f819c6e0920dfd135,
2022-07-22,2022,2022-07,https://data.gdeltproject.org/gkg/20220722.gkg.csv.zip,https://data.gdeltproject.org/gkg/20220722.gkg.csv.zip,e196567f082ff6702f313b71d9082b82b31b2fd327954efb9b8aaf3b76376486,,24679761,62144,1,1.6091399147155844e-05,93080,503,500,AVAILABLE_VALID_CACHE,1,3b03caaf669b46db09c37e2137071d10,24679761,1,,1284f9141657400869b7eaef1ce7a19eb6fdf6e26e34509f819c6e0920dfd135,
2022-07-23,2022,2022-07,https://data.gdeltproject.org/gkg/20220723.gkg.csv.zip,https://data.gdeltproject.org/gkg/20220723.gkg.csv.zip,0b0f1ede16b5d127cddbf48380eb06125f8bf92086b6dd2ad79a9733fecfc942,,14034941,35118,1,2.8474614880833738e-05,54757,503,500,AVAILABLE_VALID_CACHE,1,695fce4a3322a0014deb9d963c56aec4,14034941,1,,1284f9141657400869b7eaef1ce7a19eb6fdf6e26e34509f819c6e0920dfd135,
2022-07-24,2022,2022-07,https://data.gdeltproject.org/gkg/20220724.gkg.csv.zip,https://data.gdeltproject.org/gkg/20220724.gkg.csv.zip,fdb3a91364b6aa3d66f4170545627dbddffb15c17062d01f7b68e47f1844d806,,12741744,31290,1,3.1958071010833784e-05,47898,503,500,AVAILABLE_VALID_CACHE,1,27da6ab731b943ef7e06dadfab8f400a,12741744,1,,1284f9141657400869b7eaef1ce7a19eb6fdf6e26e34509f819c6e0920dfd135,
2022-07-25,2022,2022-07,https://data.gdeltproject.org/gkg/20220725.gkg.csv.zip,https://data.gdeltproject.org/gkg/20220725.gkg.csv.zip,58b1a972050fd6603be639359d0081d4a081cd71149a71aca086a99ad5d947bc,,23089873,58307,1,1.7150305275433902e-05,86188,503,500,AVAILABLE_VALID_CACHE,1,e3413959388e212b09093686f1dbef65,23089873,1,,1284f9141657400869b7eaef1ce7a19eb6fdf6e26e34509f819c6e0920dfd135,
2022-07-26,2022,2022-07,https://data.gdeltproject.org/gkg/20220726.gkg.csv.zip,https://data.gdeltproject.org/gkg/20220726.gkg.csv.zip,5ac2b84027ca2b83868cca54e93287e0f6aad2991f2614229625c20b795de016,,25627172,65795,1,1.5198492309562892e-05,97724,503,500,AVAILABLE_VALID_CACHE,1,47fb51722a8e40b5bde6f475ebee4559,25627172,1,,1284f9141657400869b7eaef1ce7a19eb6fdf6e26e34509f819c6e0920dfd135,
2022-07-27,2022,2022-07,https://data.gdeltproject.org/gkg/20220727.gkg.csv.zip,https://data.gdeltproject.org/gkg/20220727.gkg.csv.zip,4a8694f0d9c75a150db0e70eb9ab71a33266f858e57f51cc8604462d9a10bc1d,,26565213,67870,1,1.4733833301410028e-05,99001,503,500,AVAILABLE_VALID_CACHE,1,41fea64d1ad39c43e745a15fd105d067,26565213,1,,1284f9141657400869b7eaef1ce7a19eb6fdf6e26e34509f819c6e0920dfd135,
2022-07-28,2022,2022-07,https://data.gdeltproject.org/gkg/20220728.gkg.csv.zip,https://data.gdeltproject.org/gkg/20220728.gkg.csv.zip,ee2d47b4f6230f5e1143a51324eedc9618168549e00dce676c53af4dc8959621,,26801027,67532,1,1.4807575555654273e-05,98175,503,500,AVAILABLE_VALID_CACHE,1,80fa76a67da2e25cb577e2542364ecd8,26801027,1,,1284f9141657400869b7eaef1ce7a19eb6fdf6e26e34509f819c6e0920dfd135,
2022-07-29,2022,2022-07,https://data.gdeltproject.org/gkg/20220729.gkg.csv.zip,https://data.gdeltproject.org/gkg/20220729.gkg.csv.zip,1a1c04f98ff565eb1556dd689cff40f583fc9998e0338d78996b81105a3c75d0,,24668460,62554,1,1.5985932379506034e-05,91139,503,500,AVAILABLE_VALID_CACHE,1,6652c4b0a7f4242d4bc09c01055c2b93,24668460,1,,1284f9141657400869b7eaef1ce7a19eb6fdf6e26e34509f819c6e0920dfd135,
2022-07-30,2022,2022-07,https://data.gdeltproject.org/gkg/20220730.gkg.csv.zip,https://data.gdeltproject.org/gkg/20220730.gkg.csv.zip,2d5e418d672b5f326eb99befcf169ff5c4609868beff71929f6e73411458a72f,,14609366,36200,1,2.762354631087539e-05,54518,503,500,AVAILABLE_VALID_CACHE,1,04a0f743e7cc16a95917efff9a0aadf7,14609366,1,,1284f9141657400869b7eaef1ce7a19eb6fdf6e26e34509f819c6e0920dfd135,
2022-07-31,2022,2022-07,https://data.gdeltproject.org/gkg/20220731.gkg.csv.zip,https://data.gdeltproject.org/gkg/20220731.gkg.csv.zip,f8ed253d2895505187db4a2bb4b0693a13f8df79b66230192eddcf569552ef86,,12759983,31473,1,3.177225646565419e-05,46566,503,500,AVAILABLE_VALID_CACHE,1,6cf8858f604a96437c82a450d86cea09,12759983,1,,1284f9141657400869b7eaef1ce7a19eb6fdf6e26e34509f819c6e0920dfd135,
2022-08-01,2022,2022-08,https://data.gdeltproject.org/gkg/20220801.gkg.csv.zip,https://data.gdeltproject.org/gkg/20220801.gkg.csv.zip,ce038cc11912e0de66ad05af8a5bd3fc2a0d34aaa292f49318499dc88789e1f0,,23092197,58031,1,1.7231872070581748e-05,84106,503,500,AVAILABLE_VALID_CACHE,1,770641ab8f50774bed8d988282af8914,23092197,1,,1284f9141657400869b7eaef1ce7a19eb6fdf6e26e34509f819c6e0920dfd135,
2022-08-02,2022,2022-08,https://data.gdeltproject.org/gkg/20220802.gkg.csv.zip,https://data.gdeltproject.org/gkg/20220802.gkg.csv.zip,9b31e5e283b07c6f368ec407ff55a33b15c5ee0059cba4f80d27a89a3de3f94d,,26718517,66611,1,1.5012310094277307e-05,97051,503,500,AVAILABLE_VALID_CACHE,1,c55f117bb0b3ab9d8c30896d56669f36,26718517,1,,1284f9141657400869b7eaef1ce7a19eb6fdf6e26e34509f819c6e0920dfd135,
2022-08-03,2022,2022-08,https://data.gdeltproject.org/gkg/20220803.gkg.csv.zip,https://data.gdeltproject.org/gkg/20220803.gkg.csv.zip,8148da33b76e4f8687ecbc68000a20b5df136c32d107f9b13ec37d3e9165e9b4,,27163569,68442,1,1.4610697953041217e-05,99288,503,500,AVAILABLE_VALID_CACHE,1,aee9777d29b066debcc314dd8b64cc78,27163569,1,,1284f9141657400869b7eaef1ce7a19eb6fdf6e26e34509f819c6e0920dfd135,
2022-08-04,2022,2022-08,https://data.gdeltproject.org/gkg/20220804.gkg.csv.zip,https://data.gdeltproject.org/gkg/20220804.gkg.csv.zip,e8680435de0f6f67ea5a0172971c39e44d022e1e7b099879794be7e715152f50,,26954356,67935,1,1.4719736222326896e-05,98667,503,500,AVAILABLE_VALID_CACHE,1,72866b93473ba43b1c2120d513286838,26954356,1,,1284f9141657400869b7eaef1ce7a19eb6fdf6e26e34509f819c6e0920dfd135,
2022-08-05,2022,2022-08,https://data.gdeltproject.org/gkg/20220805.gkg.csv.zip,https://data.gdeltproject.org/gkg/20220805.gkg.csv.zip,c5ef791b15ed0991d29c72c45bce3801008484e35bbd2126f1dbd7fc266c80b5,,24794734,61974,1,1.6135538523598226e-05,93059,503,500,AVAILABLE_VALID_CACHE,1,4bd8ec0f43ddaf05644bef9d22bc8ca3,24794734,1,,1284f9141657400869b7eaef1ce7a19eb6fdf6e26e34509f819c6e0920dfd135,
2022-08-06,2022,2022-08,https://data.gdeltproject.org/gkg/20220806.gkg.csv.zip,https://data.gdeltproject.org/gkg/20220806.gkg.csv.zip,40723848baa3081df1bbb6014d312942775af5537c15a5d7caf90ea8217c8bbb,,14239295,34989,1,2.857959416976279e-05,53039,503,500,AVAILABLE_VALID_CACHE,1,0fc7671204bc21b725fa16b379badaa7,14239295,1,,1284f9141657400869b7eaef1ce7a19eb6fdf6e26e34509f819c6e0920dfd135,
2022-08-07,2022,2022-08,https://data.gdeltproject.org/gkg/20220807.gkg.csv.zip,https://data.gdeltproject.org/gkg/20220807.gkg.csv.zip,21359b9f2f5101a122b80a7d3a0de89eb74bdf8a99cb4f97508da3b3b78506b7,,12454278,29989,1,3.334444814938313e-05,44763,503,500,AVAILABLE_VALID_CACHE,1,5416c85277bf31aa6480ade5e407565d,12454278,1,,1284f9141657400869b7eaef1ce7a19eb6fdf6e26e34509f819c6e0920dfd135,
2022-08-08,2022,2022-08,https://data.gdeltproject.org/gkg/20220808.gkg.csv.zip,https://data.gdeltproject.org/gkg/20220808.gkg.csv.zip,0ac9dec359085fe2fed35c5fb6f89b85ecf316e9dcfa2db05e7c2dcaf3226d30,,22453378,56541,1,1.768596795302607e-05,86205,503,500,AVAILABLE_VALID_CACHE,1,2a568312c04ac9c60bf6903ab5db3e43,22453378,1,,1284f9141657400869b7eaef1ce7a19eb6fdf6e26e34509f819c6e0920dfd135,
2022-08-09,2022,2022-08,https://data.gdeltproject.org/gkg/20220809.gkg.csv.zip,https://data.gdeltproject.org/gkg/20220809.gkg.csv.zip,01e17b0c6759982eea7f6d7d1402cc212b30bae3a4e0b2a26b9e1da0543ddcc5,,25484713,63981,1,1.5629395767559626e-05,96900,503,500,AVAILABLE_VALID_CACHE,1,01d3c66686ea21054ce6b326e3098edf,25484713,1,,1284f9141657400869b7eaef1ce7a19eb6fdf6e26e34509f819c6e0920dfd135,
2022-08-10,2022,2022-08,https://data.gdeltproject.org/gkg/20220810.gkg.csv.zip,https://data.gdeltproject.org/gkg/20220810.gkg.csv.zip,2671b20b3ddeeccfb60453f0fb5e5b16da0753a4fb268930fb91c21cbdaf2548,,26145775,66168,1,1.511281718025057e-05,98015,503,500,AVAILABLE_VALID_CACHE,1,d6dbb54f8dd370c7f78b31f5b00eb0db,26145775,1,,1284f9141657400869b7eaef1ce7a19eb6fdf6e26e34509f819c6e0920dfd135,
2022-08-11,2022,2022-08,https://data.gdeltproject.org/gkg/20220811.gkg.csv.zip,https://data.gdeltproject.org/gkg/20220811.gkg.csv.zip,d8ed1d48fac9191609684c7bb23f7dcc1a2fe424b72e2c1e281cdee4c570f554,,25081132,64110,1,1.5597947310133985e-05,93841,503,500,AVAILABLE_VALID_CACHE,1,4367bbccef069dcbdbf28f4d1c477f48,25081132,1,,1284f9141657400869b7eaef1ce7a19eb6fdf6e26e34509f819c6e0920dfd135,
2022-08-12,2022,2022-08,https://data.gdeltproject.org/gkg/20220812.gkg.csv.zip,https://data.gdeltproject.org/gkg/20220812.gkg.csv.zip,6ab4157bd37eaf35779e3e3a891cf8f1afc64ee9e7df2303c1b3edea2494f7a9,,23616502,59998,1,1.6666944449074153e-05,89381,503,500,AVAILABLE_VALID_CACHE,1,02a736987e78cf96086d26b3771ec3cc,23616502,1,,1284f9141657400869b7eaef1ce7a19eb6fdf6e26e34509f819c6e0920dfd135,
2022-08-13,2022,2022-08,https://data.gdeltproject.org/gkg/20220813.gkg.csv.zip,https://data.gdeltproject.org/gkg/20220813.gkg.csv.zip,3f31d0608ee5317d632434356c6644b938eea46414278e68bad8964455cbad97,,13638796,33933,1,2.9468969175458244e-05,51410,503,500,AVAILABLE_VALID_CACHE,1,a44269c951d78e727c50262f2aa3e69f,13638796,1,,1284f9141657400869b7eaef1ce7a19eb6fdf6e26e34509f819c6e0920dfd135,
2022-08-14,2022,2022-08,https://data.gdeltproject.org/gkg/20220814.gkg.csv.zip,https://data.gdeltproject.org/gkg/20220814.gkg.csv.zip,c6c91133d3235fef8ebad981605c1098faa76ec8c569665b234cb35ddb11aeb6,,11987320,29794,1,3.356267830172848e-05,44989,503,500,AVAILABLE_VALID_CACHE,1,eceb812b4cddd91a358572797976b9b8,11987320,1,,1284f9141657400869b7eaef1ce7a19eb6fdf6e26e34509f819c6e0920dfd135,
2022-08-15,2022,2022-08,https://data.gdeltproject.org/gkg/20220815.gkg.csv.zip,https://data.gdeltproject.org/gkg/20220815.gkg.csv.zip,e8a77ce70363b24d93d7b8e9b4942e789c67e37730decd9b46638ade522a3b3e,,21498926,55308,1,1.8080240105588603e-05,83010,503,500,AVAILABLE_VALID_CACHE,1,2f5a17a9720946058a6acebced699048,21498926,1,,1284f9141657400869b7eaef1ce7a19eb6fdf6e26e34509f819c6e0920dfd135,
2022-08-16,2022,2022-08,https://data.gdeltproject.org/gkg/20220816.gkg.csv.zip,https://data.gdeltproject.org/gkg/20220816.gkg.csv.zip,a74c909343d6bdb120a20e0041734c4f7764fa44b0303da5952d7c8f39640952,,24625554,63256,1,1.5808527119528275e-05,94965,503,500,AVAILABLE_VALID_CACHE,1,9e49156d4b6bdb22072be87716846684,24625554,1,,1284f9141657400869b7eaef1ce7a19eb6fdf6e26e34509f819c6e0920dfd135,
2022-08-17,2022,2022-08,https://data.gdeltproject.org/gkg/20220817.gkg.csv.zip,https://data.gdeltproject.org/gkg/20220817.gkg.csv.zip,6ed91c16516a12250c3971fa7089906aa815ef476332f249cb10054f838e1f17,,25655590,65697,1,1.5221163505738378e-05,94452,503,500,AVAILABLE_VALID_CACHE,1,663edfacdf15a4ab160bc50ec7368dfe,25655590,1,,1284f9141657400869b7eaef1ce7a19eb6fdf6e26e34509f819c6e0920dfd135,
2022-08-18,2022,2022-08,https://data.gdeltproject.org/gkg/20220818.gkg.csv.zip,https://data.gdeltproject.org/gkg/20220818.gkg.csv.zip,dcbe1831f87d77d51f3c2ff368a9be04fdc79e13ea726f28e618fff4796112b9,,25329950,64804,1,1.543090810894221e-05,94658,503,500,AVAILABLE_VALID_CACHE,1,6a101f4ac5bb6788c6aeb159cd69b8bc,25329950,1,,1284f9141657400869b7eaef1ce7a19eb6fdf6e26e34509f819c6e0920dfd135,
2022-08-19,2022,2022-08,https://data.gdeltproject.org/gkg/20220819.gkg.csv.zip,https://data.gdeltproject.org/gkg/20220819.gkg.csv.zip,f121e81a1af3263a4958ec29218654e8d892e90a4d016d80d2d8c71c5572f53b,,23166710,59005,1,1.694742907500932e-05,85631,503,500,AVAILABLE_VALID_CACHE,1,4dd46ad06452b6ac51fbd9a60c2ad916,23166710,1,,1284f9141657400869b7eaef1ce7a19eb6fdf6e26e34509f819c6e0920dfd135,
2022-08-20,2022,2022-08,https://data.gdeltproject.org/gkg/20220820.gkg.csv.zip,https://data.gdeltproject.org/gkg/20220820.gkg.csv.zip,8f31ce651818ab920a8209efca92d5bff2192977c027112e6566450755b2bab9,,13216796,33277,1,3.004988280545706e-05,50966,503,500,AVAILABLE_VALID_CACHE,1,74c0d739f7c8b49559fac236b359b0e0,13216796,1,,1284f9141657400869b7eaef1ce7a19eb6fdf6e26e34509f819c6e0920dfd135,
2022-08-21,2022,2022-08,https://data.gdeltproject.org/gkg/20220821.gkg.csv.zip,https://data.gdeltproject.org/gkg/20220821.gkg.csv.zip,f44943bbfaac67b358bd18eee3ca2f087181f5c46d01e1b604759297e3d7acd4,,11729858,29566,1,3.3821490174857105e-05,44391,503,500,AVAILABLE_VALID_CACHE,1,a442fd8516a6621bfc1c8a9815574aa6,11729858,1,,1284f9141657400869b7eaef1ce7a19eb6fdf6e26e34509f819c6e0920dfd135,
2022-08-22,2022,2022-08,https://data.gdeltproject.org/gkg/20220822.gkg.csv.zip,https://data.gdeltproject.org/gkg/20220822.gkg.csv.zip,64afd10b2f1c71e8f500a09bb287063e1fe777430d278441ede8ed4204ee7ab4,,21771001,55882,1,1.7894529642288352e-05,82416,503,500,AVAILABLE_VALID_CACHE,1,efc055d05141f398636ee60f1f139d3a,21771001,1,,1284f9141657400869b7eaef1ce7a19eb6fdf6e26e34509f819c6e0920dfd135,
2022-08-23,2022,2022-08,https://data.gdeltproject.org/gkg/20220823.gkg.csv.zip,https://data.gdeltproject.org/gkg/20220823.gkg.csv.zip,c666adc56c6258862e883e7db0f079e5d837f1aafb47bdd5ccb27ca14dd39241,,24892463,64174,1,1.5582391897156214e-05,95915,503,500,AVAILABLE_VALID_CACHE,1,0d8b4e96e17d48cd7f768f00e4adb606,24892463,1,,1284f9141657400869b7eaef1ce7a19eb6fdf6e26e34509f819c6e0920dfd135,
2022-08-24,2022,2022-08,https://data.gdeltproject.org/gkg/20220824.gkg.csv.zip,https://data.gdeltproject.org/gkg/20220824.gkg.csv.zip,f5103f6ad15dce32cd293e23b74cc5a30b7d16a4bf10934e7f33727fc62f584c,,25547369,65700,1,1.5220468486019999e-05,96256,503,500,AVAILABLE_VALID_CACHE,1,9bba26df409e121ddd30fc0c7ee34838,25547369,1,,1284f9141657400869b7eaef1ce7a19eb6fdf6e26e34509f819c6e0920dfd135,
2022-08-25,2022,2022-08,https://data.gdeltproject.org/gkg/20220825.gkg.csv.zip,https://data.gdeltproject.org/gkg/20220825.gkg.csv.zip,046ce1e5f9fe59030633498091372248ddacb2f7d6108fabcab78fc2339a09d0,,25496245,64791,1,1.5434004198049143e-05,96380,503,500,AVAILABLE_VALID_CACHE,1,bd30171c3c2ffe6528572907e7e63c45,25496245,1,,1284f9141657400869b7eaef1ce7a19eb6fdf6e26e34509f819c6e0920dfd135,
2022-08-26,2022,2022-08,https://data.gdeltproject.org/gkg/20220826.gkg.csv.zip,https://data.gdeltproject.org/gkg/20220826.gkg.csv.zip,8d6e597f5f1c797c7a6d94fd99aa76d6953681859a94fedadd48a82a27e28d61,,23501023,60310,1,1.6580723251148215e-05,89827,503,500,AVAILABLE_VALID_CACHE,1,69400822ff5929ed17ac52a5acd109b6,23501023,1,,1284f9141657400869b7eaef1ce7a19eb6fdf6e26e34509f819c6e0920dfd135,
2022-08-27,2022,2022-08,https://data.gdeltproject.org/gkg/20220827.gkg.csv.zip,https://data.gdeltproject.org/gkg/20220827.gkg.csv.zip,fc18eb4b8c01359711bb575383e658165af92ca0e2befd05a0b6cb1d0ef682b3,,13337351,33794,1,2.9590176061547566e-05,52457,503,500,AVAILABLE_VALID_CACHE,1,513ef774677e2372aa5a4c19f02234ec,13337351,1,,1284f9141657400869b7eaef1ce7a19eb6fdf6e26e34509f819c6e0920dfd135,
2022-08-28,2022,2022-08,https://data.gdeltproject.org/gkg/20220828.gkg.csv.zip,https://data.gdeltproject.org/gkg/20220828.gkg.csv.zip,5888e16c46cff83f8172acf59e9818a269b9163687657054c7a7142c992b52f6,,11615431,29923,1,3.34179922470258e-05,44817,503,500,AVAILABLE_VALID_CACHE,1,e4a6feb9fd8869d428d3fc73474636ae,11615431,1,,1284f9141657400869b7eaef1ce7a19eb6fdf6e26e34509f819c6e0920dfd135,
2022-08-29,2022,2022-08,https://data.gdeltproject.org/gkg/20220829.gkg.csv.zip,https://data.gdeltproject.org/gkg/20220829.gkg.csv.zip,6973a49abebb8731e7512e8b17df3aa58ddd002782fa4486474d85cbb612fb67,,20489186,53171,1,1.8806890844805536e-05,78880,503,500,AVAILABLE_VALID_CACHE,1,6156fcbc0102cf02fc0d17d6fab3b6f3,20489186,1,,1284f9141657400869b7eaef1ce7a19eb6fdf6e26e34509f819c6e0920dfd135,
2022-08-30,2022,2022-08,https://data.gdeltproject.org/gkg/20220830.gkg.csv.zip,https://data.gdeltproject.org/gkg/20220830.gkg.csv.zip,8f37f95148bb4716c6a0e595c35fff09ba3c2b4616afbb2c50d27b582643b735,,24483900,63138,1,1.583807155640729e-05,93377,503,500,AVAILABLE_VALID_CACHE,1,f55b7fe3dff2f4e5075f464469ab9dea,24483900,1,,1284f9141657400869b7eaef1ce7a19eb6fdf6e26e34509f819c6e0920dfd135,
2022-08-31,2022,2022-08,https://data.gdeltproject.org/gkg/20220831.gkg.csv.zip,https://data.gdeltproject.org/gkg/20220831.gkg.csv.zip,6ea20517166212b87a6863ce797fdb55ab28516436d6c647cfb94a39d8aeccaa,,25448140,65564,1,1.5252039960344696e-05,96684,503,500,AVAILABLE_VALID_CACHE,1,a6930586374add3a9206a3871663a898,25448140,1,,1284f9141657400869b7eaef1ce7a19eb6fdf6e26e34509f819c6e0920dfd135,
2022-09-01,2022,2022-09,https://data.gdeltproject.org/gkg/20220901.gkg.csv.zip,https://data.gdeltproject.org/gkg/20220901.gkg.csv.zip,cbd21499566c8cd694cb31b69a30d6d9792bd9b66c2f35ce6e487c31c12eda43,,26283893,67730,1,1.4764288139847338e-05,99017,503,500,AVAILABLE_VALID_CACHE,1,1aa4f91d4f49e57d61c4a8c2178d82f7,26283893,1,,1284f9141657400869b7eaef1ce7a19eb6fdf6e26e34509f819c6e0920dfd135,
2022-09-02,2022,2022-09,https://data.gdeltproject.org/gkg/20220902.gkg.csv.zip,https://data.gdeltproject.org/gkg/20220902.gkg.csv.zip,bf59e9bf1769662f658b10dfd5d95baec79e4669bdcff81113e2e4ada9282d82,,23529958,60723,1,1.6467953362756077e-05,89726,503,500,AVAILABLE_VALID_CACHE,1,01f7289d3f3899ba2154b85e2d540f0d,23529958,1,,1284f9141657400869b7eaef1ce7a19eb6fdf6e26e34509f819c6e0920dfd135,
2022-09-03,2022,2022-09,https://data.gdeltproject.org/gkg/20220903.gkg.csv.zip,https://data.gdeltproject.org/gkg/20220903.gkg.csv.zip,587b77f7279644bda62c79d207bbd16641e5a913f59656b82f1dcf35047823f0,,13428111,34015,1,2.9397930385700848e-05,52903,503,500,AVAILABLE_VALID_CACHE,1,0468a7c1e2afdefea6995fd99bc15df6,13428111,1,,1284f9141657400869b7eaef1ce7a19eb6fdf6e26e34509f819c6e0920dfd135,
2022-09-04,2022,2022-09,https://data.gdeltproject.org/gkg/20220904.gkg.csv.zip,https://data.gdeltproject.org/gkg/20220904.gkg.csv.zip,5ff53fc953c4e8fd5129c36b4329423271917ad3f96f5263ecdd1ef2b662cb8b,,12066033,30469,1,3.281916639317361e-05,47371,503,500,AVAILABLE_VALID_CACHE,1,aca09b2d2e5db51b46f847165a6365c4,12066033,1,,1284f9141657400869b7eaef1ce7a19eb6fdf6e26e34509f819c6e0920dfd135,
2022-09-05,2022,2022-09,https://data.gdeltproject.org/gkg/20220905.gkg.csv.zip,https://data.gdeltproject.org/gkg/20220905.gkg.csv.zip,d852ef2fe06bf3fbc35677873a985511f59eefcc57fb325e78fd2a394a963914,,18233338,47363,1,2.1113081665399882e-05,67561,503,500,AVAILABLE_VALID_CACHE,1,46fa18b3e16fdcb4d650aa3eb2911c65,18233338,1,,1284f9141657400869b7eaef1ce7a19eb6fdf6e26e34509f819c6e0920dfd135,
2022-09-06,2022,2022-09,https://data.gdeltproject.org/gkg/20220906.gkg.csv.zip,https://data.gdeltproject.org/gkg/20220906.gkg.csv.zip,59a0075ce3b78f2fa551387ac978d6e8218cd1ffede14c8eec24ab83b25d4a8b,,23770250,60581,1,1.6506553101581328e-05,89260,503,500,AVAILABLE_VALID_CACHE,1,2e3950f1b673915c165cdc95f78473c3,23770250,1,,1284f9141657400869b7eaef1ce7a19eb6fdf6e26e34509f819c6e0920dfd135,
2022-09-07,2022,2022-09,https://data.gdeltproject.org/gkg/20220907.gkg.csv.zip,https://data.gdeltproject.org/gkg/20220907.gkg.csv.zip,f40ce82aa1b9ebd1f11c3a56b0934a832e89fbc54cec36c85d63847e553c22c7,,26058643,67206,1,1.4879402443197881e-05,97387,503,500,AVAILABLE_VALID_CACHE,1,222dcbc2975a7ebb7ae2900bfd412d9e,26058643,1,,1284f9141657400869b7eaef1ce7a19eb6fdf6e26e34509f819c6e0920dfd135,
2022-09-08,2022,2022-09,https://data.gdeltproject.org/gkg/20220908.gkg.csv.zip,https://data.gdeltproject.org/gkg/20220908.gkg.csv.zip,9fe98d4e89676eac596afb54eece13a6e90f1f1cda2976246e7644462c10804f,,27681862,70038,1,1.4277759533973929e-05,105478,503,500,AVAILABLE_VALID_CACHE,1,a79ff91034de3508d933a494f8b073a9,27681862,1,,1284f9141657400869b7eaef1ce7a19eb6fdf6e26e34509f819c6e0920dfd135,
2022-09-09,2022,2022-09,https://data.gdeltproject.org/gkg/20220909.gkg.csv.zip,https://data.gdeltproject.org/gkg/20220909.gkg.csv.zip,9e4c125f8503de979efad150c5a978941a8a940a6d963e762f074d46e318758a,,24302484,61157,1,1.6351090617744204e-05,96718,503,500,AVAILABLE_VALID_CACHE,1,41638f406ce0f52ef03ad4f1a3795b7c,24302484,1,,1284f9141657400869b7eaef1ce7a19eb6fdf6e26e34509f819c6e0920dfd135,
2022-09-10,2022,2022-09,https://data.gdeltproject.org/gkg/20220910.gkg.csv.zip,https://data.gdeltproject.org/gkg/20220910.gkg.csv.zip,c860f2a0bacc951e6180ce595928aab6d75f60adbd96f590175bab18564e87e5,,14153698,35309,1,2.832058906825262e-05,55954,503,500,AVAILABLE_VALID_CACHE,1,6bffc82c74005dc6c56f45b130491a45,14153698,1,,1284f9141657400869b7eaef1ce7a19eb6fdf6e26e34509f819c6e0920dfd135,
2022-09-11,2022,2022-09,https://data.gdeltproject.org/gkg/20220911.gkg.csv.zip,https://data.gdeltproject.org/gkg/20220911.gkg.csv.zip,aa42502a11910452b9d64de49d8a59f3ea3f088d38cb6fddeffcd4265b11412f,,12765350,31365,1,3.188165529554294e-05,48841,503,500,AVAILABLE_VALID_CACHE,1,a685552401ade19f882009dba27dc643,12765350,1,,1284f9141657400869b7eaef1ce7a19eb6fdf6e26e34509f819c6e0920dfd135,
2022-09-12,2022,2022-09,https://data.gdeltproject.org/gkg/20220912.gkg.csv.zip,https://data.gdeltproject.org/gkg/20220912.gkg.csv.zip,b0b4c86c5ce98a1d00153dae1191ef8821cc30a38aab4c7c2e39d16f7d38aeb5,,22710387,57412,1,1.7417658021702403e-05,86604,503,500,AVAILABLE_VALID_CACHE,1,e029a80abfdf5c75098cccb8dca87e97,22710387,1,,1284f9141657400869b7eaef1ce7a19eb6fdf6e26e34509f819c6e0920dfd135,
2022-09-13,2022,2022-09,https://data.gdeltproject.org/gkg/20220913.gkg.csv.zip,https://data.gdeltproject.org/gkg/20220913.gkg.csv.zip,992502e035b5e64e962e9ca0265b8b8bd19f7ee3cd0ecafa8504d310bac8e663,,26239132,66132,1,1.5121043956874783e-05,98400,503,500,AVAILABLE_VALID_CACHE,1,407cfaa7365978d6175afd5e083fc032,26239132,1,,1284f9141657400869b7eaef1ce7a19eb6fdf6e26e34509f819c6e0920dfd135,
2022-09-14,2022,2022-09,https://data.gdeltproject.org/gkg/20220914.gkg.csv.zip,https://data.gdeltproject.org/gkg/20220914.gkg.csv.zip,893d73a1f08d6e726c42ab0802f67a6e466b42ea5c98c99977529a82ce0c89ad,,26450385,66708,1,1.499048104453672e-05,99721,503,500,AVAILABLE_VALID_CACHE,1,3fa8a8c6926872ff6a122f35dfd91f34,26450385,1,,1284f9141657400869b7eaef1ce7a19eb6fdf6e26e34509f819c6e0920dfd135,
2022-09-15,2022,2022-09,https://data.gdeltproject.org/gkg/20220915.gkg.csv.zip,https://data.gdeltproject.org/gkg/20220915.gkg.csv.zip,e3d4f565dfa5d4b4bbd776cfa50a41936924752076c29d786243b6fe7f3c8758,,27134813,67748,1,1.4760365466648954e-05,102540,503,500,AVAILABLE_VALID_CACHE,1,eb7ffe328ad15afbeedeba52ea70990e,27134813,1,,1284f9141657400869b7eaef1ce7a19eb6fdf6e26e34509f819c6e0920dfd135,
2022-09-16,2022,2022-09,https://data.gdeltproject.org/gkg/20220916.gkg.csv.zip,https://data.gdeltproject.org/gkg/20220916.gkg.csv.zip,2b8fdd31ca6e4c7cbd3ceb833fa79305cfd99e62f457069cf669be897da1f5c0,,24372764,61415,1,1.6282401979940082e-05,90073,503,500,AVAILABLE_VALID_CACHE,1,eeb841ad2da8eae313b79f4de26b41cd,24372764,1,,1284f9141657400869b7eaef1ce7a19eb6fdf6e26e34509f819c6e0920dfd135,
2022-09-17,2022,2022-09,https://data.gdeltproject.org/gkg/20220917.gkg.csv.zip,https://data.gdeltproject.org/gkg/20220917.gkg.csv.zip,2f3f7885972c8f9a81a40e48bec64f8f63f6228b25788464f3adecda7001cc3f,,13821152,34457,1,2.9020836960937954e-05,52773,503,500,AVAILABLE_VALID_CACHE,1,b4d6b15c0ebd60a09f9c0d7d56a0bd49,13821152,1,,1284f9141657400869b7eaef1ce7a19eb6fdf6e26e34509f819c6e0920dfd135,
2022-09-18,2022,2022-09,https://data.gdeltproject.org/gkg/20220918.gkg.csv.zip,https://data.gdeltproject.org/gkg/20220918.gkg.csv.zip,e24fb57d9eca927d3fa425aaa6b367fc17a1db9ddc297fd88a95aa405901e9d6,,12380431,30561,1,3.272037170342255e-05,46554,503,500,AVAILABLE_VALID_CACHE,1,7a42f3931e95e2c63aeab01ec84ea908,12380431,1,,1284f9141657400869b7eaef1ce7a19eb6fdf6e26e34509f819c6e0920dfd135,
2022-09-19,2022,2022-09,https://data.gdeltproject.org/gkg/20220919.gkg.csv.zip,https://data.gdeltproject.org/gkg/20220919.gkg.csv.zip,85da186a6a1f621d8e1ab99ee01be6cdbfabe768b4ef105b29b8311e3c13526d,,22041035,55141,1,1.8134996917050524e-05,82993,503,500,AVAILABLE_VALID_CACHE,1,affa1fa66e41e5fb578e0f48ac4de771,22041035,1,,1284f9141657400869b7eaef1ce7a19eb6fdf6e26e34509f819c6e0920dfd135,
2022-09-20,2022,2022-09,https://data.gdeltproject.org/gkg/20220920.gkg.csv.zip,https://data.gdeltproject.org/gkg/20220920.gkg.csv.zip,90989b86f0dab981a3c606e4507b016870b58de63a671bb96132b0001d7e3532,,25357453,64307,1,1.5550164831747215e-05,94799,503,500,AVAILABLE_VALID_CACHE,1,0e27c5dbdfd7be871239e173d107c002,25357453,1,,1284f9141657400869b7eaef1ce7a19eb6fdf6e26e34509f819c6e0920dfd135,
2022-09-21,2022,2022-09,https://data.gdeltproject.org/gkg/20220921.gkg.csv.zip,https://data.gdeltproject.org/gkg/20220921.gkg.csv.zip,fc106180ff72d1ca0a432bed2a54302f85350034fd692d780307565cc5124ca9,,26249360,66698,1,1.4992728526664568e-05,98321,503,500,AVAILABLE_VALID_CACHE,1,d261f09b2e4ab0b56dee44b30ba68d43,26249360,1,,1284f9141657400869b7eaef1ce7a19eb6fdf6e26e34509f819c6e0920dfd135,
2022-09-22,2022,2022-09,https://data.gdeltproject.org/gkg/20220922.gkg.csv.zip,https://data.gdeltproject.org/gkg/20220922.gkg.csv.zip,13c63128fe83c44cdfcbb0de28b53ac174d9ce7e55bc40044f509a8b017d87e2,,26239300,66160,1,1.5114644579132721e-05,96588,503,500,AVAILABLE_VALID_CACHE,1,d3221aa64323096025934804bab08e0d,26239300,1,,1284f9141657400869b7eaef1ce7a19eb6fdf6e26e34509f819c6e0920dfd135,
2022-09-23,2022,2022-09,https://data.gdeltproject.org/gkg/20220923.gkg.csv.zip,https://data.gdeltproject.org/gkg/20220923.gkg.csv.zip,076b08e0e0d56f7ce7e9e57f059acc562d790af368321bb0b75bde28e885badf,,24359604,61210,1,1.6336932904216562e-05,89305,503,500,AVAILABLE_VALID_CACHE,1,e3653cc29e299c256759fd596c075919,24359604,1,,1284f9141657400869b7eaef1ce7a19eb6fdf6e26e34509f819c6e0920dfd135,
2022-09-24,2022,2022-09,https://data.gdeltproject.org/gkg/20220924.gkg.csv.zip,https://data.gdeltproject.org/gkg/20220924.gkg.csv.zip,926eee6065ae6b079346249b72f4a0815be6d1900b6377fd252fad15ff6fa8ea,,14091087,34859,1,2.8686173264486518e-05,53338,503,500,AVAILABLE_VALID_CACHE,1,abac4f913b7467845c7354ed6071829b,14091087,1,,1284f9141657400869b7eaef1ce7a19eb6fdf6e26e34509f819c6e0920dfd135,
2022-09-25,2022,2022-09,https://data.gdeltproject.org/gkg/20220925.gkg.csv.zip,https://data.gdeltproject.org/gkg/20220925.gkg.csv.zip,2de34b509409d093e649882994f87f0ae32be33f3e599fda8a6836ca0de15e07,,12379405,30572,1,3.270859909070094e-05,47156,503,500,AVAILABLE_VALID_CACHE,1,ab8c53677f32eba38ff44d6be9febe57,12379405,1,,1284f9141657400869b7eaef1ce7a19eb6fdf6e26e34509f819c6e0920dfd135,
2022-09-26,2022,2022-09,https://data.gdeltproject.org/gkg/20220926.gkg.csv.zip,https://data.gdeltproject.org/gkg/20220926.gkg.csv.zip,9a2fdfc2d1bd2c3e97e15791d2c5e2ba950914c700ea85259cbdecdb1701894f,,22540869,57597,1,1.7361713948400987e-05,84594,503,500,AVAILABLE_VALID_CACHE,1,5b82cceb2504198bb4e333fdd78094e2,22540869,1,,1284f9141657400869b7eaef1ce7a19eb6fdf6e26e34509f819c6e0920dfd135,
2022-09-27,2022,2022-09,https://data.gdeltproject.org/gkg/20220927.gkg.csv.zip,https://data.gdeltproject.org/gkg/20220927.gkg.csv.zip,839446cfc4feeaaf98b0f4e5df33d37680f91e8ae1c98187f202b65cc83eb7f2,,25287588,64104,1,1.5599407222525544e-05,93550,503,500,AVAILABLE_VALID_CACHE,1,b39f88fbd651afe1e62b5fffdeab766f,25287588,1,,1284f9141657400869b7eaef1ce7a19eb6fdf6e26e34509f819c6e0920dfd135,
2022-09-28,2022,2022-09,https://data.gdeltproject.org/gkg/20220928.gkg.csv.zip,https://data.gdeltproject.org/gkg/20220928.gkg.csv.zip,5bf06203e0cfb337a2fe8df43e7160e52358d126dab8a8948596156a45c1f22f,,26085355,65014,1,1.5381065907867414e-05,96235,503,500,AVAILABLE_VALID_CACHE,1,2ef1a500b716d2f6e14297b6e18dc668,26085355,1,,1284f9141657400869b7eaef1ce7a19eb6fdf6e26e34509f819c6e0920dfd135,
2022-09-29,2022,2022-09,https://data.gdeltproject.org/gkg/20220929.gkg.csv.zip,https://data.gdeltproject.org/gkg/20220929.gkg.csv.zip,a0cf72526e7bfb814c3a6c8f031e681be3579b9765e686e458839ab5cfb6198d,,27385863,67839,1,1.474056603773585e-05,99225,503,500,AVAILABLE_VALID_CACHE,1,ebe81a6ced22ddc610c36f9bb6077f97,27385863,1,,1284f9141657400869b7eaef1ce7a19eb6fdf6e26e34509f819c6e0920dfd135,
2022-09-30,2022,2022-09,https://data.gdeltproject.org/gkg/20220930.gkg.csv.zip,https://data.gdeltproject.org/gkg/20220930.gkg.csv.zip,83e4f3de128d7906d1abfcf496eb5ec7ae5aa30bc51b9b6702615695ed628d49,,25417949,63405,1,1.5771378103018643e-05,93551,503,500,AVAILABLE_VALID_CACHE,1,0440b50e612d54f3724d603febc1a864,25417949,1,,1284f9141657400869b7eaef1ce7a19eb6fdf6e26e34509f819c6e0920dfd135,
2022-10-01,2022,2022-10,https://data.gdeltproject.org/gkg/20221001.gkg.csv.zip,https://data.gdeltproject.org/gkg/20221001.gkg.csv.zip,58539cca052b441b07d85326f7e3f7c74356e06d8274774d5c257993fb65be3c,,14959080,36177,1,2.7641107855602852e-05,55062,503,500,AVAILABLE_VALID_CACHE,1,5096db229aa0d1c05792a996600c76d0,14959080,1,,1284f9141657400869b7eaef1ce7a19eb6fdf6e26e34509f819c6e0920dfd135,
2022-10-02,2022,2022-10,https://data.gdeltproject.org/gkg/20221002.gkg.csv.zip,https://data.gdeltproject.org/gkg/20221002.gkg.csv.zip,e4e04644a410fa2d5a3c11a79864cde3a64ce96902369a30acb3e1ca8a07ba57,,12303684,30234,1,3.30742516950554e-05,45276,503,500,AVAILABLE_VALID_CACHE,1,ed465cecf7a9367818fb74681fb27040,12303684,1,,1284f9141657400869b7eaef1ce7a19eb6fdf6e26e34509f819c6e0920dfd135,
2022-10-03,2022,2022-10,https://data.gdeltproject.org/gkg/20221003.gkg.csv.zip,https://data.gdeltproject.org/gkg/20221003.gkg.csv.zip,682deb44153ba422509339ffd9a291a863696e7be2608f464503c449407431bc,,22843355,57511,1,1.7387675615523716e-05,84936,503,500,AVAILABLE_VALID_CACHE,1,f5e38da272956f819aef9af5a2d7f095,22843355,1,,1284f9141657400869b7eaef1ce7a19eb6fdf6e26e34509f819c6e0920dfd135,
2022-10-04,2022,2022-10,https://data.gdeltproject.org/gkg/20221004.gkg.csv.zip,https://data.gdeltproject.org/gkg/20221004.gkg.csv.zip,37f44b1be470eca4356fb9edc1682884b5b0458a90241bcae072a769de1a4d2e,,25444724,64507,1,1.550195324610901e-05,95075,503,500,AVAILABLE_VALID_CACHE,1,3144294838c264e75679ab4c3ad5e447,25444724,1,,1284f9141657400869b7eaef1ce7a19eb6fdf6e26e34509f819c6e0920dfd135,
2022-10-05,2022,2022-10,https://data.gdeltproject.org/gkg/20221005.gkg.csv.zip,https://data.gdeltproject.org/gkg/20221005.gkg.csv.zip,82939a8bedc6e9c87c7e4ceaf34f87c53aa6048c4a2ee87bc7eaa257fed46891,,25361830,64229,1,1.5569048731122527e-05,95825,503,500,AVAILABLE_VALID_CACHE,1,2eceed7158ce28abb3c0d8a03165f004,25361830,1,,1284f9141657400869b7eaef1ce7a19eb6fdf6e26e34509f819c6e0920dfd135,
2022-10-06,2022,2022-10,https://data.gdeltproject.org/gkg/20221006.gkg.csv.zip,https://data.gdeltproject.org/gkg/20221006.gkg.csv.zip,6336175b10e8722d9f5aa082544690019ee9f164dfa37cbb2e09801afb49805f,,26460717,66225,1,1.5099809742397246e-05,99083,503,500,AVAILABLE_VALID_CACHE,1,36ce656e26d983aca44998d6d0e36fd8,26460717,1,,1284f9141657400869b7eaef1ce7a19eb6fdf6e26e34509f819c6e0920dfd135,
2022-10-07,2022,2022-10,https://data.gdeltproject.org/gkg/20221007.gkg.csv.zip,https://data.gdeltproject.org/gkg/20221007.gkg.csv.zip,45d2e78aa81751acd479322569d66a5b66242cc2e6de3db613be5236620ccd3b,,24977060,62492,1,1.600179220072648e-05,91335,503,500,AVAILABLE_VALID_CACHE,1,09ea5603fee75a9a85b1954387c36eea,24977060,1,,1284f9141657400869b7eaef1ce7a19eb6fdf6e26e34509f819c6e0920dfd135,
2022-10-08,2022,2022-10,https://data.gdeltproject.org/gkg/20221008.gkg.csv.zip,https://data.gdeltproject.org/gkg/20221008.gkg.csv.zip,02d74cdc54b7c50c36fe4aef1a6a72b9a75890d71d27d929df44426b4d5357a6,,13793093,34170,1,2.9264581077521874e-05,53392,503,500,AVAILABLE_VALID_CACHE,1,7d772bfb78ca802c0c594085cabdef20,13793093,1,,1284f9141657400869b7eaef1ce7a19eb6fdf6e26e34509f819c6e0920dfd135,
2022-10-09,2022,2022-10,https://data.gdeltproject.org/gkg/20221009.gkg.csv.zip,https://data.gdeltproject.org/gkg/20221009.gkg.csv.zip,729052cb49f5495dc673cf8389cb1d2f0e57b45c9e98ab7cc9f4a24910149c5c,,12195920,30365,1,3.293156820127774e-05,45333,503,500,AVAILABLE_VALID_CACHE,1,2ef7b13114519752c147901100efd833,12195920,1,,1284f9141657400869b7eaef1ce7a19eb6fdf6e26e34509f819c6e0920dfd135,
2022-10-10,2022,2022-10,https://data.gdeltproject.org/gkg/20221010.gkg.csv.zip,https://data.gdeltproject.org/gkg/20221010.gkg.csv.zip,f81c6ffcd58bf8673b6b63db0ff2061ea262f08889d531b7ca58316606585228,,21638003,54535,1,1.8336511662021415e-05,80791,503,500,AVAILABLE_VALID_CACHE,1,2d092d7adbc637e3a9a787d311a7593f,21638003,1,,1284f9141657400869b7eaef1ce7a19eb6fdf6e26e34509f819c6e0920dfd135,
2022-10-11,2022,2022-10,https://data.gdeltproject.org/gkg/20221011.gkg.csv.zip,https://data.gdeltproject.org/gkg/20221011.gkg.csv.zip,be5ffe3a441833f68baa68a0bccbe65c38c6637e925d1c2c6e336a7e2290cbc8,,25373605,64307,1,1.5550164831747215e-05,95149,503,500,AVAILABLE_VALID_CACHE,1,8f866277362c87ebaa04e8dae9083080,25373605,1,,1284f9141657400869b7eaef1ce7a19eb6fdf6e26e34509f819c6e0920dfd135,
2022-10-12,2022,2022-10,https://data.gdeltproject.org/gkg/20221012.gkg.csv.zip,https://data.gdeltproject.org/gkg/20221012.gkg.csv.zip,c9b251310b2736710c0b3d254610d0caaefab29897904b858fff11fe1c7e47b8,,26126057,66017,1,1.5147384046775122e-05,96708,503,500,AVAILABLE_VALID_CACHE,1,8265aca79bb90d138c53db0740dc5d76,26126057,1,,1284f9141657400869b7eaef1ce7a19eb6fdf6e26e34509f819c6e0920dfd135,
2022-10-13,2022,2022-10,https://data.gdeltproject.org/gkg/20221013.gkg.csv.zip,https://data.gdeltproject.org/gkg/20221013.gkg.csv.zip,f09893fb7922855bdc1ec888f81f49e9b5cd2ac24a2e959c44c913d9f545ee50,,26283487,66336,1,1.5074543618191959e-05,97002,503,500,AVAILABLE_VALID_CACHE,1,2244039e8085f3b9040c835c8468cd67,26283487,1,,1284f9141657400869b7eaef1ce7a19eb6fdf6e26e34509f819c6e0920dfd135,
2022-10-14,2022,2022-10,https://data.gdeltproject.org/gkg/20221014.gkg.csv.zip,https://data.gdeltproject.org/gkg/20221014.gkg.csv.zip,5952c3ce8bb8793e92dd577a1d649463dcf0d652635757c3671f38b5c42662d3,,24135026,60773,1,1.6454404844176787e-05,89180,503,500,AVAILABLE_VALID_CACHE,1,4e5308bbb29b10017f380b5227f52046,24135026,1,,1284f9141657400869b7eaef1ce7a19eb6fdf6e26e34509f819c6e0920dfd135,
2022-10-15,2022,2022-10,https://data.gdeltproject.org/gkg/20221015.gkg.csv.zip,https://data.gdeltproject.org/gkg/20221015.gkg.csv.zip,d340d87ff4f33e8b60b9f5bea4cf743a3efa791b37d8e3467ac89e262a6553e9,,13884209,34400,1,2.9068922415046075e-05,53435,503,500,AVAILABLE_VALID_CACHE,1,bd6de33a6f50bac1b578000c1d1a2f4b,13884209,1,,1284f9141657400869b7eaef1ce7a19eb6fdf6e26e34509f819c6e0920dfd135,
2022-10-16,2022,2022-10,https://data.gdeltproject.org/gkg/20221016.gkg.csv.zip,https://data.gdeltproject.org/gkg/20221016.gkg.csv.zip,247c4fd5321b3bd22ddc31612dc6d03f2eda30ca949e4e0f1f6540710dfd21fc,,12242797,30223,1,3.308628904182107e-05,46237,503,500,AVAILABLE_VALID_CACHE,1,bc244376e0472f9aabdbc9281768ae3c,12242797,1,,1284f9141657400869b7eaef1ce7a19eb6fdf6e26e34509f819c6e0920dfd135,
2022-10-17,2022,2022-10,https://data.gdeltproject.org/gkg/20221017.gkg.csv.zip,https://data.gdeltproject.org/gkg/20221017.gkg.csv.zip,42ea4e1d5037929d08c4b511e95e3c9be88b55fe1833e58a283440a0412eaa74,,22664587,57941,1,1.725863794829312e-05,85377,503,500,AVAILABLE_VALID_CACHE,1,3668b178d80dc41b12f78db32faaf343,22664587,1,,1284f9141657400869b7eaef1ce7a19eb6fdf6e26e34509f819c6e0920dfd135,
2022-10-18,2022,2022-10,https://data.gdeltproject.org/gkg/20221018.gkg.csv.zip,https://data.gdeltproject.org/gkg/20221018.gkg.csv.zip,e5f3bb4c3b12284faf8c3023b4c01d858b99fb29c08182a7d25a14c2405d9976,,25155380,64212,1,1.5573170541790604e-05,96733,503,500,AVAILABLE_VALID_CACHE,1,39450f254f41f4d78cb615ef1db30e26,25155380,1,,1284f9141657400869b7eaef1ce7a19eb6fdf6e26e34509f819c6e0920dfd135,
2022-10-19,2022,2022-10,https://data.gdeltproject.org/gkg/20221019.gkg.csv.zip,https://data.gdeltproject.org/gkg/20221019.gkg.csv.zip,f500b26c801f476b1b6b0fc832346f1606f7dd3b4d3d560e4a9688394b6a91ad,,26113000,66228,1,1.509912576061846e-05,97889,503,500,AVAILABLE_VALID_CACHE,1,5f89c797ae7b9ac1f7254da2ace0c8cb,26113000,1,,1284f9141657400869b7eaef1ce7a19eb6fdf6e26e34509f819c6e0920dfd135,
2022-10-20,2022,2022-10,https://data.gdeltproject.org/gkg/20221020.gkg.csv.zip,https://data.gdeltproject.org/gkg/20221020.gkg.csv.zip,f7d705afac011e19924c324e3a539fb90804f02ecd5ff2a7613f6e05a2fdaf75,,26841115,68414,1,1.4616677629174888e-05,100053,503,500,AVAILABLE_VALID_CACHE,1,e21c8513a5ed20a2bd9e4b5df31849b2,26841115,1,,1284f9141657400869b7eaef1ce7a19eb6fdf6e26e34509f819c6e0920dfd135,
2022-10-21,2022,2022-10,https://data.gdeltproject.org/gkg/20221021.gkg.csv.zip,https://data.gdeltproject.org/gkg/20221021.gkg.csv.zip,34261fbb62aaec713131eb72e6e6d786759525dac86b8530d9f94ff8b82e7e06,,24500769,62342,1,1.604029321656e-05,91542,503,500,AVAILABLE_VALID_CACHE,1,025b6f3dc6dc0b0689821cb3963f0a4c,24500769,1,,1284f9141657400869b7eaef1ce7a19eb6fdf6e26e34509f819c6e0920dfd135,
2022-10-22,2022,2022-10,https://data.gdeltproject.org/gkg/20221022.gkg.csv.zip,https://data.gdeltproject.org/gkg/20221022.gkg.csv.zip,e2ebe60d15eba85a43b7fde0a9091a711045cfb70eb4a1f3697940a16e4111af,,13783115,34507,1,2.897878752752985e-05,51955,503,500,AVAILABLE_VALID_CACHE,1,57ad3d8b71a18b832045e05682967568,13783115,1,,1284f9141657400869b7eaef1ce7a19eb6fdf6e26e34509f819c6e0920dfd135,
2022-10-23,2022,2022-10,https://data.gdeltproject.org/gkg/20221023.gkg.csv.zip,https://data.gdeltproject.org/gkg/20221023.gkg.csv.zip,3a961e010d89f757fcf6231f5df90c994667231b43f3b9958fba8f2c438c65b1,,11933627,29880,1,3.346608212576554e-05,44949,503,500,AVAILABLE_VALID_CACHE,1,be2fc278c38b2171abd55f5dd6d928e0,11933627,1,,1284f9141657400869b7eaef1ce7a19eb6fdf6e26e34509f819c6e0920dfd135,
2022-10-24,2022,2022-10,https://data.gdeltproject.org/gkg/20221024.gkg.csv.zip,https://data.gdeltproject.org/gkg/20221024.gkg.csv.zip,8a22f73c5c051371c8be9bca919432c81b061fcc5b98145b315434e0045226ee,,21256017,54423,1,1.837424665588711e-05,81160,503,500,AVAILABLE_VALID_CACHE,1,f2be4f772da7f461142e7b5b140b25ee,21256017,1,,1284f9141657400869b7eaef1ce7a19eb6fdf6e26e34509f819c6e0920dfd135,
2022-10-25,2022,2022-10,https://data.gdeltproject.org/gkg/20221025.gkg.csv.zip,https://data.gdeltproject.org/gkg/20221025.gkg.csv.zip,46480598e6d661877c9f32912f9d708afda4a12d3cb3cf6139ee2f82fb0030f3,,24982051,63890,1,1.5651656727864645e-05,95769,503,500,AVAILABLE_VALID_CACHE,1,11bcd7afac16e3e079055b8d22d2c897,24982051,1,,1284f9141657400869b7eaef1ce7a19eb6fdf6e26e34509f819c6e0920dfd135,
2022-10-26,2022,2022-10,https://data.gdeltproject.org/gkg/20221026.gkg.csv.zip,https://data.gdeltproject.org/gkg/20221026.gkg.csv.zip,6952d0dbd6039edfed4cbcf9794a1f24cd3b010f9cc3f86aef378c2ae9ca1fda,,25899226,65404,1,1.5289350967051447e-05,95081,503,500,AVAILABLE_VALID_CACHE,1,6dab9c82ef36421642296fcffc249c04,25899226,1,,1284f9141657400869b7eaef1ce7a19eb6fdf6e26e34509f819c6e0920dfd135,
2022-10-27,2022,2022-10,https://data.gdeltproject.org/gkg/20221027.gkg.csv.zip,https://data.gdeltproject.org/gkg/20221027.gkg.csv.zip,b63ba625c8932b837a126b616c4591441b989c3e5a5ca5e75390d52e25960a11,,26343364,66819,1,1.4965579167913798e-05,97992,503,500,AVAILABLE_VALID_CACHE,1,f6c9a4bce15a1965432450ffbadd73d0,26343364,1,,1284f9141657400869b7eaef1ce7a19eb6fdf6e26e34509f819c6e0920dfd135,
2022-10-28,2022,2022-10,https://data.gdeltproject.org/gkg/20221028.gkg.csv.zip,https://data.gdeltproject.org/gkg/20221028.gkg.csv.zip,bd97ce236fe4d94b51d12ee2d3b80011dd53b153f55de210d3df9074e1e16fa5,,24395470,61764,1,1.619039909333765e-05,95004,503,500,AVAILABLE_VALID_CACHE,1,545d0526560106353d73e3651a6288b2,24395470,1,,1284f9141657400869b7eaef1ce7a19eb6fdf6e26e34509f819c6e0920dfd135,
2022-10-29,2022,2022-10,https://data.gdeltproject.org/gkg/20221029.gkg.csv.zip,https://data.gdeltproject.org/gkg/20221029.gkg.csv.zip,f31503c2907fd45cda3103be91b653c13597b9acca4fbe553a220391cfa7675b,,13443828,33167,1,3.014954172696575e-05,51307,503,500,AVAILABLE_VALID_CACHE,1,4339e340fd231e7d6b25e0c2e0c6b2d1,13443828,1,,1284f9141657400869b7eaef1ce7a19eb6fdf6e26e34509f819c6e0920dfd135,
2022-10-30,2022,2022-10,https://data.gdeltproject.org/gkg/20221030.gkg.csv.zip,https://data.gdeltproject.org/gkg/20221030.gkg.csv.zip,1ab77839e47666c5980f68d06f43c576859b93b1986e78b212ab531cb6741628,,12447876,31140,1,3.211200667929739e-05,45988,503,500,AVAILABLE_VALID_CACHE,1,9109bbe9879465e91965eaa758ac7d48,12447876,1,,1284f9141657400869b7eaef1ce7a19eb6fdf6e26e34509f819c6e0920dfd135,
2022-10-31,2022,2022-10,https://data.gdeltproject.org/gkg/20221031.gkg.csv.zip,https://data.gdeltproject.org/gkg/20221031.gkg.csv.zip,51222be6492bd968bf697387fa77b5f7f121fc873e95892ac55dba7bbe47bb40,,22698788,57223,1,1.7475185236963512e-05,85410,503,500,AVAILABLE_VALID_CACHE,1,b9abaf884b00adc00c0a5612fcff53fc,22698788,1,,1284f9141657400869b7eaef1ce7a19eb6fdf6e26e34509f819c6e0920dfd135,
2022-11-01,2022,2022-11,https://data.gdeltproject.org/gkg/20221101.gkg.csv.zip,https://data.gdeltproject.org/gkg/20221101.gkg.csv.zip,cd8922e6b538454ba813e9e88027ad04c0c638e3705f5e9f144cea4d2b2bb7e1,,24640391,63314,1,1.5794045644791913e-05,93009,503,500,AVAILABLE_VALID_CACHE,1,38e41944f15a7a434c037fb3841acfa3,24640391,1,,1284f9141657400869b7eaef1ce7a19eb6fdf6e26e34509f819c6e0920dfd135,
2022-11-02,2022,2022-11,https://data.gdeltproject.org/gkg/20221102.gkg.csv.zip,https://data.gdeltproject.org/gkg/20221102.gkg.csv.zip,28c80a7d7795f22530902a6467a18167a2d128a158332976e6294cb41b00d585,,26305942,66558,1,1.5024264186661458e-05,98049,503,500,AVAILABLE_VALID_CACHE,1,ed0f78f19ccd717120e8e8f447b0f3a2,26305942,1,,1284f9141657400869b7eaef1ce7a19eb6fdf6e26e34509f819c6e0920dfd135,
2022-11-03,2022,2022-11,https://data.gdeltproject.org/gkg/20221103.gkg.csv.zip,https://data.gdeltproject.org/gkg/20221103.gkg.csv.zip,618dd4f55174f12604644b33f15bff5938e39ccb38ee69e4650318e50735d243,,27094793,67923,1,1.4722336729285672e-05,100944,503,500,AVAILABLE_VALID_CACHE,1,4418c449b15c0d24a4d2c66ff282e191,27094793,1,,1284f9141657400869b7eaef1ce7a19eb6fdf6e26e34509f819c6e0920dfd135,
2022-11-04,2022,2022-11,https://data.gdeltproject.org/gkg/20221104.gkg.csv.zip,https://data.gdeltproject.org/gkg/20221104.gkg.csv.zip,ca5c3d338e5045f91bea8ebadc2500281d97ba5dbdcefef8d48ef61e29ba8849,,24710620,62046,1,1.6116814672748078e-05,91971,503,500,AVAILABLE_VALID_CACHE,1,d717c15eeda9152386e6892982ed6a47,24710620,1,,1284f9141657400869b7eaef1ce7a19eb6fdf6e26e34509f819c6e0920dfd135,
2022-11-05,2022,2022-11,https://data.gdeltproject.org/gkg/20221105.gkg.csv.zip,https://data.gdeltproject.org/gkg/20221105.gkg.csv.zip,8c8a1d3c0af00b70deafe4710968151052adf3460025b2442b5f7f73a383ff7b,,13639336,34254,1,2.919281856663261e-05,52414,503,500,AVAILABLE_VALID_CACHE,1,f1ef42b32e09eb02d0e104199dc9e1a4,13639336,1,,1284f9141657400869b7eaef1ce7a19eb6fdf6e26e34509f819c6e0920dfd135,
2022-11-06,2022,2022-11,https://data.gdeltproject.org/gkg/20221106.gkg.csv.zip,https://data.gdeltproject.org/gkg/20221106.gkg.csv.zip,9d15a976e484c9ba8ea4a431e542c3d718e76a749d4c4101644ed0c84261d6d1,,12390898,31181,1,3.2069783849656855e-05,47779,503,500,AVAILABLE_VALID_CACHE,1,59b4fa4870c08405d98f7f0740b67703,12390898,1,,1284f9141657400869b7eaef1ce7a19eb6fdf6e26e34509f819c6e0920dfd135,
2022-11-07,2022,2022-11,https://data.gdeltproject.org/gkg/20221107.gkg.csv.zip,https://data.gdeltproject.org/gkg/20221107.gkg.csv.zip,7e507654dc8c9378ea88b07cd387f026e8de26304caaf08f29eb879a794f8bde,,21909514,56120,1,1.7818641863117193e-05,83023,503,500,AVAILABLE_VALID_CACHE,1,85069f10c93e90a8f61acc2494a6dd4c,21909514,1,,1284f9141657400869b7eaef1ce7a19eb6fdf6e26e34509f819c6e0920dfd135,
2022-11-08,2022,2022-11,https://data.gdeltproject.org/gkg/20221108.gkg.csv.zip,https://data.gdeltproject.org/gkg/20221108.gkg.csv.zip,e936c5bfd080c9ea20060da29e16d5e22b3ac8e5acd0f08280a16c45edc7d530,,25129244,64710,1,1.545332323716215e-05,95605,503,500,AVAILABLE_VALID_CACHE,1,5c99da925f560106324821fcf56ee3cc,25129244,1,,1284f9141657400869b7eaef1ce7a19eb6fdf6e26e34509f819c6e0920dfd135,
2022-11-09,2022,2022-11,https://data.gdeltproject.org/gkg/20221109.gkg.csv.zip,https://data.gdeltproject.org/gkg/20221109.gkg.csv.zip,da6ecf35461c83dba35bf9e38bfacb12e3167503796cb3bc265aa423eeb44fb3,,29528321,73431,1,1.3618041180956532e-05,109556,503,500,AVAILABLE_VALID_CACHE,1,b9bafb00453b603bffb88989925e6e0a,29528321,1,,1284f9141657400869b7eaef1ce7a19eb6fdf6e26e34509f819c6e0920dfd135,
2022-11-10,2022,2022-11,https://data.gdeltproject.org/gkg/20221110.gkg.csv.zip,,,,,,,,,503,500,DOCUMENTED_SOURCE_GAP,1,267bc1d89adeee67d4d8b0ed8a49c67e,24613876,0,CATALOG_LISTED_BUT_UNDELIVERABLE_AFTER_RETRIES,1284f9141657400869b7eaef1ce7a19eb6fdf6e26e34509f819c6e0920dfd135,Download failed after 6 attempts per endpoint: https://data.gdeltproject.org/gkg/20221110.gkg.csv.zip | HTTP Error 404: Not Found | history=url=http://data.gdeltproject.org/gkg/20221110.gkg.csv.zip attempt=1 http=404 error=HTTP Error 404: Not Found || url=http://data.gdeltproject.org/gkg/20221110.gkg.csv.zip attempt=2 http=404 error=HTTP Error 404: Not Found || url=http://data.gdeltproject.org/gkg/20221110.gkg.csv.zip attempt=3 http=404 error=HTTP Error 404: Not Found || url=http://data.gdeltproject.org/gkg/20221110.gkg.csv.zip attempt=4 http=404 error=HTTP Error 404: Not Found || url=http://data.gdeltproject.org/gkg/20221110.gkg.csv.zip attempt=5 http=404 error=HTTP Error 404: Not Found || url=http://data.gdeltproject.org/gkg/20221110.gkg.csv.zip attempt=6 http=404 error=HTTP Error 404: Not Found
2022-11-11,2022,2022-11,https://data.gdeltproject.org/gkg/20221111.gkg.csv.zip,https://data.gdeltproject.org/gkg/20221111.gkg.csv.zip,c035854dbcccf208f9f601a1fce3520cd1c05d658e61454c3390c4d8894955be,9039e9af0971785ee03d1ed4010e77ce,7223039,18205,1,5.4926947160276834e-05,26236,503,500,AVAILABLE_VALID_CACHE,1,9039e9af0971785ee03d1ed4010e77ce,7223039,1,,1284f9141657400869b7eaef1ce7a19eb6fdf6e26e34509f819c6e0920dfd135,
2022-11-12,2022,2022-11,https://data.gdeltproject.org/gkg/20221112.gkg.csv.zip,https://data.gdeltproject.org/gkg/20221112.gkg.csv.zip,f27d371314ae45c7b8cdc18d9fc50281a9144ed482f464d155e3368f2813f13d,bf0f699ca581c837e423d3fd7ccca88c,14715666,36907,1,2.709439687872548e-05,55835,503,500,AVAILABLE_VALID_CACHE,1,bf0f699ca581c837e423d3fd7ccca88c,14715666,1,,1284f9141657400869b7eaef1ce7a19eb6fdf6e26e34509f819c6e0920dfd135,
2022-11-13,2022,2022-11,https://data.gdeltproject.org/gkg/20221113.gkg.csv.zip,https://data.gdeltproject.org/gkg/20221113.gkg.csv.zip,6683aa30c7dc5e910252b84e7f9a777be43809282df8b2525fc5828d3016936b,944d8da99f2aeab429ff819bf8e351b0,12635206,31566,1,3.167865175658124e-05,48946,503,500,AVAILABLE_VALID_CACHE,1,944d8da99f2aeab429ff819bf8e351b0,12635206,1,,1284f9141657400869b7eaef1ce7a19eb6fdf6e26e34509f819c6e0920dfd135,
2022-11-14,2022,2022-11,https://data.gdeltproject.org/gkg/20221114.gkg.csv.zip,https://data.gdeltproject.org/gkg/20221114.gkg.csv.zip,604a54dbe529cda1d7c49000886603ab9d5df56037acfe45b93548d3f2f9cb4b,079aae921c12257f73dfcdc491ee3359,22657321,58357,1,1.7135611227252478e-05,84135,503,500,AVAILABLE_VALID_CACHE,1,079aae921c12257f73dfcdc491ee3359,22657321,1,,1284f9141657400869b7eaef1ce7a19eb6fdf6e26e34509f819c6e0920dfd135,
2022-11-15,2022,2022-11,https://data.gdeltproject.org/gkg/20221115.gkg.csv.zip,https://data.gdeltproject.org/gkg/20221115.gkg.csv.zip,77211cde472cea58ff4d14b384234cc283c34bb5af7d24e8d2e4593ce5e199e2,42180c9c284cdce4040a7ac1592ebfc3,25786547,65878,1,1.5179343948754535e-05,96916,503,500,AVAILABLE_VALID_CACHE,1,42180c9c284cdce4040a7ac1592ebfc3,25786547,1,,1284f9141657400869b7eaef1ce7a19eb6fdf6e26e34509f819c6e0920dfd135,
2022-11-16,2022,2022-11,https://data.gdeltproject.org/gkg/20221116.gkg.csv.zip,https://data.gdeltproject.org/gkg/20221116.gkg.csv.zip,0f1baf984658cea3fa843089a954ae23e0d6b3a66da7f01de255decb3da7137c,8731b0e7a485301fa93ab896612714c3,26384407,66861,1,1.4956178397295922e-05,98588,503,500,AVAILABLE_VALID_CACHE,1,8731b0e7a485301fa93ab896612714c3,26384407,1,,1284f9141657400869b7eaef1ce7a19eb6fdf6e26e34509f819c6e0920dfd135,
2022-11-17,2022,2022-11,https://data.gdeltproject.org/gkg/20221117.gkg.csv.zip,https://data.gdeltproject.org/gkg/20221117.gkg.csv.zip,2fabf764a08a08e784f471a2a55b6c322470f685cb25ea90f171574159ebf8b4,78e0691270c28395dde4365a7686bc93,26680687,67314,1,1.4855529971031716e-05,99977,503,500,AVAILABLE_VALID_CACHE,1,78e0691270c28395dde4365a7686bc93,26680687,1,,1284f9141657400869b7eaef1ce7a19eb6fdf6e26e34509f819c6e0920dfd135,
2022-11-18,2022,2022-11,https://data.gdeltproject.org/gkg/20221118.gkg.csv.zip,https://data.gdeltproject.org/gkg/20221118.gkg.csv.zip,13f995d07a202ca53238a5024ea0a433346e0a4d11243fa5876ab0a43d1a98a5,adcd16a698293de61709e7ce55024de3,24344987,61957,1,1.613996578327254e-05,92705,503,500,AVAILABLE_VALID_CACHE,1,adcd16a698293de61709e7ce55024de3,24344987,1,,1284f9141657400869b7eaef1ce7a19eb6fdf6e26e34509f819c6e0920dfd135,
2022-11-19,2022,2022-11,https://data.gdeltproject.org/gkg/20221119.gkg.csv.zip,https://data.gdeltproject.org/gkg/20221119.gkg.csv.zip,676d5d661c80c51678b99bd422241d7b7afcb9944ae1bf2f59ef246f663c721e,da556f7d4b5e0ea593af06a0ebba3899,13899648,35268,1,2.8353511582409482e-05,55485,503,500,AVAILABLE_VALID_CACHE,1,da556f7d4b5e0ea593af06a0ebba3899,13899648,1,,1284f9141657400869b7eaef1ce7a19eb6fdf6e26e34509f819c6e0920dfd135,
2022-11-20,2022,2022-11,https://data.gdeltproject.org/gkg/20221120.gkg.csv.zip,https://data.gdeltproject.org/gkg/20221120.gkg.csv.zip,bf890b4e9653b861d0ac953fa5f60bc221d37e942e3dacc190139c7f655b2b0c,2fb8d0212ba20fc8af6186685828a808,12122866,30508,1,3.277721328132682e-05,47426,503,500,AVAILABLE_VALID_CACHE,1,2fb8d0212ba20fc8af6186685828a808,12122866,1,,1284f9141657400869b7eaef1ce7a19eb6fdf6e26e34509f819c6e0920dfd135,
2022-11-21,2022,2022-11,https://data.gdeltproject.org/gkg/20221121.gkg.csv.zip,https://data.gdeltproject.org/gkg/20221121.gkg.csv.zip,8353a5f2020e41f38f6a1a9e66ba42192ba8dee9c2f9c46e1d2f9ad5e93c85d7,29ee78e9ddc9fd637a85ccb9fa2a167a,21616212,55677,1,1.796041524480046e-05,86219,503,500,AVAILABLE_VALID_CACHE,1,29ee78e9ddc9fd637a85ccb9fa2a167a,21616212,1,,1284f9141657400869b7eaef1ce7a19eb6fdf6e26e34509f819c6e0920dfd135,
2022-11-22,2022,2022-11,https://data.gdeltproject.org/gkg/20221122.gkg.csv.zip,https://data.gdeltproject.org/gkg/20221122.gkg.csv.zip,6e117584b5b21b64c0f33037963dee83e8164396be9c6c5386877cbf0070f44c,f735d9437a522264cd191e2c6c19fd77,23998790,62041,1,1.611811353599175e-05,92106,503,500,AVAILABLE_VALID_CACHE,1,f735d9437a522264cd191e2c6c19fd77,23998790,1,,1284f9141657400869b7eaef1ce7a19eb6fdf6e26e34509f819c6e0920dfd135,
2022-11-23,2022,2022-11,https://data.gdeltproject.org/gkg/20221123.gkg.csv.zip,https://data.gdeltproject.org/gkg/20221123.gkg.csv.zip,a6217824361aeb1da1c1e3e3ed1154dacb2e1840a421899cd56c15c03551c78c,e075390596aeb26277c91b8301c09def,23907606,61678,1,1.6212973621491917e-05,91305,503,500,AVAILABLE_VALID_CACHE,1,e075390596aeb26277c91b8301c09def,23907606,1,,1284f9141657400869b7eaef1ce7a19eb6fdf6e26e34509f819c6e0920dfd135,
2022-11-24,2022,2022-11,https://data.gdeltproject.org/gkg/20221124.gkg.csv.zip,https://data.gdeltproject.org/gkg/20221124.gkg.csv.zip,d3577e83e1704dda202496b012339131c9ab0be73832c942c3a4ecfde28257c3,a3d4815beae05335865333794171fcea,18531154,49058,1,2.0383619723190443e-05,70736,503,500,AVAILABLE_VALID_CACHE,1,a3d4815beae05335865333794171fcea,18531154,1,,1284f9141657400869b7eaef1ce7a19eb6fdf6e26e34509f819c6e0920dfd135,
2022-11-25,2022,2022-11,https://data.gdeltproject.org/gkg/20221125.gkg.csv.zip,https://data.gdeltproject.org/gkg/20221125.gkg.csv.zip,52bef9fbdedafa9c519d375e9d9b2e47269838098564b37cde06d8146f9bed0c,c0bdea59413c171cd91ffe2565a3a69d,17088372,45496,1,2.1979471173923554e-05,66006,503,500,AVAILABLE_VALID_CACHE,1,c0bdea59413c171cd91ffe2565a3a69d,17088372,1,,1284f9141657400869b7eaef1ce7a19eb6fdf6e26e34509f819c6e0920dfd135,
2022-11-26,2022,2022-11,https://data.gdeltproject.org/gkg/20221126.gkg.csv.zip,https://data.gdeltproject.org/gkg/20221126.gkg.csv.zip,a1b75dd59310daa7134924cf7b63d75e5dd79c6ec57fdbbca79ff3bf26482f1f,c56c83699b207adabd60bc59720f8715,11597070,30442,1,3.284827382321059e-05,47722,503,500,AVAILABLE_VALID_CACHE,1,c56c83699b207adabd60bc59720f8715,11597070,1,,1284f9141657400869b7eaef1ce7a19eb6fdf6e26e34509f819c6e0920dfd135,
2022-11-27,2022,2022-11,https://data.gdeltproject.org/gkg/20221127.gkg.csv.zip,https://data.gdeltproject.org/gkg/20221127.gkg.csv.zip,75b89ed6bdf26bced7afc2eb42b2c2b1a5bcdb6242ef0b16fcfca0b1f26f4df2,f5efd0d691675f4061102f3806481837,10979237,28261,1,3.538320005661312e-05,42717,503,500,AVAILABLE_VALID_CACHE,1,f5efd0d691675f4061102f3806481837,10979237,1,,1284f9141657400869b7eaef1ce7a19eb6fdf6e26e34509f819c6e0920dfd135,
2022-11-28,2022,2022-11,https://data.gdeltproject.org/gkg/20221128.gkg.csv.zip,https://data.gdeltproject.org/gkg/20221128.gkg.csv.zip,2a4f29ef634876b84ef171ec338f33f6e7e0b9956efa8d1ec2e8b956792b939f,7638e5349b6fbe76078014da3214524d,20144303,52743,1,1.895950250265433e-05,80412,503,500,AVAILABLE_VALID_CACHE,1,7638e5349b6fbe76078014da3214524d,20144303,1,,1284f9141657400869b7eaef1ce7a19eb6fdf6e26e34509f819c6e0920dfd135,
2022-11-29,2022,2022-11,https://data.gdeltproject.org/gkg/20221129.gkg.csv.zip,https://data.gdeltproject.org/gkg/20221129.gkg.csv.zip,12dceb5e5d50f8979686ac925b108b0492030705131c52c83c16b6654216ae95,12c096c355b5ab7d04fb62629f92cab2,24197807,62580,1,1.5979290839072563e-05,92122,503,500,AVAILABLE_VALID_CACHE,1,12c096c355b5ab7d04fb62629f92cab2,24197807,1,,1284f9141657400869b7eaef1ce7a19eb6fdf6e26e34509f819c6e0920dfd135,
2022-11-30,2022,2022-11,https://data.gdeltproject.org/gkg/20221130.gkg.csv.zip,https://data.gdeltproject.org/gkg/20221130.gkg.csv.zip,a354c35ded195bc17c26aaaf5502d7e7da321afb12afd439c91ee4dec2ac8c8b,44a3f9470d570bb03d74c9dfb292fd99,25368566,64994,1,1.5385798907608277e-05,96179,503,500,AVAILABLE_VALID_CACHE,1,44a3f9470d570bb03d74c9dfb292fd99,25368566,1,,1284f9141657400869b7eaef1ce7a19eb6fdf6e26e34509f819c6e0920dfd135,
2022-12-01,2022,2022-12,https://data.gdeltproject.org/gkg/20221201.gkg.csv.zip,https://data.gdeltproject.org/gkg/20221201.gkg.csv.zip,d3abfe9ce469559d69c2f59b59d53cde00489a61dfdfd46cf856640df5407967,7b66d7c3349c2eb2d3d9a5e50d416899,24890475,64507,1,1.550195324610901e-05,94424,503,500,AVAILABLE_VALID_CACHE,1,7b66d7c3349c2eb2d3d9a5e50d416899,24890475,1,,1284f9141657400869b7eaef1ce7a19eb6fdf6e26e34509f819c6e0920dfd135,
2022-12-02,2022,2022-12,https://data.gdeltproject.org/gkg/20221202.gkg.csv.zip,https://data.gdeltproject.org/gkg/20221202.gkg.csv.zip,a7873e56b8dd2c088f298c5cedc836fff8a154f16395cad31aa0d973687f3d49,40d92812095ae3c58f0dd96add565981,22898031,58862,1,1.6988600648964544e-05,87812,503,500,AVAILABLE_VALID_CACHE,1,40d92812095ae3c58f0dd96add565981,22898031,1,,1284f9141657400869b7eaef1ce7a19eb6fdf6e26e34509f819c6e0920dfd135,
2022-12-03,2022,2022-12,https://data.gdeltproject.org/gkg/20221203.gkg.csv.zip,https://data.gdeltproject.org/gkg/20221203.gkg.csv.zip,daafb71955bb6976e08b8a7f0821f17f440f0f109f2eec9be1df9014f994fd8f,ba3307be40eafb6bd80d3c23fb7a7894,13426688,34160,1,2.9273147741576652e-05,52798,503,500,AVAILABLE_VALID_CACHE,1,ba3307be40eafb6bd80d3c23fb7a7894,13426688,1,,1284f9141657400869b7eaef1ce7a19eb6fdf6e26e34509f819c6e0920dfd135,
2022-12-04,2022,2022-12,https://data.gdeltproject.org/gkg/20221204.gkg.csv.zip,https://data.gdeltproject.org/gkg/20221204.gkg.csv.zip,e9f4e85e9e6917e1e01020b9392bc51fe281ca4307bc70727af48537da266097,748923c6f6c0a189f2058a5e9e41eff1,11092632,28744,1,3.478865889719951e-05,41898,503,500,AVAILABLE_VALID_CACHE,1,748923c6f6c0a189f2058a5e9e41eff1,11092632,1,,1284f9141657400869b7eaef1ce7a19eb6fdf6e26e34509f819c6e0920dfd135,
2022-12-05,2022,2022-12,https://data.gdeltproject.org/gkg/20221205.gkg.csv.zip,https://data.gdeltproject.org/gkg/20221205.gkg.csv.zip,bec6c70df4d20257cc06ffc3afd311d09f081a35364c995e20701e6d8912b20d,d5839936877cf01b0e50290e67abbed1,20912121,54397,1,1.838302878782308e-05,82270,503,500,AVAILABLE_VALID_CACHE,1,d5839936877cf01b0e50290e67abbed1,20912121,1,,1284f9141657400869b7eaef1ce7a19eb6fdf6e26e34509f819c6e0920dfd135,
2022-12-06,2022,2022-12,https://data.gdeltproject.org/gkg/20221206.gkg.csv.zip,https://data.gdeltproject.org/gkg/20221206.gkg.csv.zip,88a8cc5fc661290db155987a27efac3e0b456ab79ef21c70c536de11f809d1b6,5d0fdf05010ea25281cc7af481d09951,23982654,61886,1,1.615848239533343e-05,93948,503,500,AVAILABLE_VALID_CACHE,1,5d0fdf05010ea25281cc7af481d09951,23982654,1,,1284f9141657400869b7eaef1ce7a19eb6fdf6e26e34509f819c6e0920dfd135,
2022-12-07,2022,2022-12,https://data.gdeltproject.org/gkg/20221207.gkg.csv.zip,https://data.gdeltproject.org/gkg/20221207.gkg.csv.zip,465dff28803e4a111dc66afa01871e82568889dd88d2d21d7100d523ff8957eb,557fc657021a8f8219e6ed37b1cbe62d,25252707,64915,1,1.5404522767884652e-05,97869,503,500,AVAILABLE_VALID_CACHE,1,557fc657021a8f8219e6ed37b1cbe62d,25252707,1,,1284f9141657400869b7eaef1ce7a19eb6fdf6e26e34509f819c6e0920dfd135,
2022-12-08,2022,2022-12,https://data.gdeltproject.org/gkg/20221208.gkg.csv.zip,https://data.gdeltproject.org/gkg/20221208.gkg.csv.zip,c1742c8394c1c91a106f6d519db5f1ba55e34d30e98906b9d48ce9032c2bccfe,99c33613975dad57ac189c5c839044d1,25423401,64679,1,1.5460729746444033e-05,95833,503,500,AVAILABLE_VALID_CACHE,1,99c33613975dad57ac189c5c839044d1,25423401,1,,1284f9141657400869b7eaef1ce7a19eb6fdf6e26e34509f819c6e0920dfd135,
2022-12-09,2022,2022-12,https://data.gdeltproject.org/gkg/20221209.gkg.csv.zip,https://data.gdeltproject.org/gkg/20221209.gkg.csv.zip,9f9bdff3e0e7e35fc122f4b36a550d7eed78d82a81d5e0a6f59b4a7726c7b959,3475bf88ac1bff42da34bf69ea638224,22632244,58100,1,1.7211407721037503e-05,86377,503,500,AVAILABLE_VALID_CACHE,1,3475bf88ac1bff42da34bf69ea638224,22632244,1,,1284f9141657400869b7eaef1ce7a19eb6fdf6e26e34509f819c6e0920dfd135,
2022-12-10,2022,2022-12,https://data.gdeltproject.org/gkg/20221210.gkg.csv.zip,https://data.gdeltproject.org/gkg/20221210.gkg.csv.zip,00e35c91facb358409abcca410694d8acabda13d4960666148dd805d80c27d0f,b75b5dfdd1f38e7e597f817e668e5d06,12987489,32924,1,3.0372057706909645e-05,52954,503,500,AVAILABLE_VALID_CACHE,1,b75b5dfdd1f38e7e597f817e668e5d06,12987489,1,,1284f9141657400869b7eaef1ce7a19eb6fdf6e26e34509f819c6e0920dfd135,
2022-12-11,2022,2022-12,https://data.gdeltproject.org/gkg/20221211.gkg.csv.zip,https://data.gdeltproject.org/gkg/20221211.gkg.csv.zip,5cea9535f2efbe4c47fe06a7233165339de26ad4a5e064711c1faf10de483b44,087f6c64cfeed0eb7a5f3f9fdb9e971b,11267656,28439,1,3.516174402250352e-05,43366,503,500,AVAILABLE_VALID_CACHE,1,087f6c64cfeed0eb7a5f3f9fdb9e971b,11267656,1,,1284f9141657400869b7eaef1ce7a19eb6fdf6e26e34509f819c6e0920dfd135,
2022-12-12,2022,2022-12,https://data.gdeltproject.org/gkg/20221212.gkg.csv.zip,https://data.gdeltproject.org/gkg/20221212.gkg.csv.zip,863ae936f724f41ee466890c31815b93b8c46a3332679bc3eae8d0847e458a5b,c24c897e282d6f9742d2d00b2ad73a4f,21082552,54153,1,1.8465856631089116e-05,80597,503,500,AVAILABLE_VALID_CACHE,1,c24c897e282d6f9742d2d00b2ad73a4f,21082552,1,,1284f9141657400869b7eaef1ce7a19eb6fdf6e26e34509f819c6e0920dfd135,
2022-12-13,2022,2022-12,https://data.gdeltproject.org/gkg/20221213.gkg.csv.zip,https://data.gdeltproject.org/gkg/20221213.gkg.csv.zip,fe9d0be521d4f3123fbe2bdb30fa9380467ae82a54adc44875daca452985efa9,a6a5cddd0db9ba6f54030cd77fe203f7,24300946,62303,1,1.6050333846944017e-05,92064,503,500,AVAILABLE_VALID_CACHE,1,a6a5cddd0db9ba6f54030cd77fe203f7,24300946,1,,1284f9141657400869b7eaef1ce7a19eb6fdf6e26e34509f819c6e0920dfd135,
2022-12-14,2022,2022-12,https://data.gdeltproject.org/gkg/20221214.gkg.csv.zip,https://data.gdeltproject.org/gkg/20221214.gkg.csv.zip,e88f1ef61a4d0ba1bdfdb63e68e9fd58406f214d08e0c402d239a35ca57a2c84,80c4cf0de8fbb062cdac8fab9657079c,24411704,62276,1,1.6057292419352247e-05,92789,503,500,AVAILABLE_VALID_CACHE,1,80c4cf0de8fbb062cdac8fab9657079c,24411704,1,,1284f9141657400869b7eaef1ce7a19eb6fdf6e26e34509f819c6e0920dfd135,
2022-12-15,2022,2022-12,https://data.gdeltproject.org/gkg/20221215.gkg.csv.zip,https://data.gdeltproject.org/gkg/20221215.gkg.csv.zip,e5c4e04c470a6cff22c49bf8c33739e57bb17fd2092d372fc3719c88e5d7aa2b,ba79bd208bd0e2d39b50bfa19da3598e,25243860,64472,1,1.5510368681463558e-05,95843,504,501,AVAILABLE_VALID_CACHE,1,ba79bd208bd0e2d39b50bfa19da3598e,25243860,1,,1284f9141657400869b7eaef1ce7a19eb6fdf6e26e34509f819c6e0920dfd135,
2022-12-16,2022,2022-12,https://data.gdeltproject.org/gkg/20221216.gkg.csv.zip,https://data.gdeltproject.org/gkg/20221216.gkg.csv.zip,fe58f0b291bcdedf0253fd4824b40d317b3a7a7a32b548d0e49de6d593ca7877,f08e0acb31c559c404a793a0e3a9d610,22802220,57836,1,1.7289970088351747e-05,87455,504,501,AVAILABLE_VALID_CACHE,1,f08e0acb31c559c404a793a0e3a9d610,22802220,1,,1284f9141657400869b7eaef1ce7a19eb6fdf6e26e34509f819c6e0920dfd135,
2022-12-17,2022,2022-12,https://data.gdeltproject.org/gkg/20221217.gkg.csv.zip,https://data.gdeltproject.org/gkg/20221217.gkg.csv.zip,368f23667da04ecdf448319a2cc1aca2e57da8e36d7f2893c2d07a8bc4496d90,65b382b161558415766ff8b51b03660d,13538430,34285,1,2.9166423613136558e-05,54164,504,501,AVAILABLE_VALID_CACHE,1,65b382b161558415766ff8b51b03660d,13538430,1,,1284f9141657400869b7eaef1ce7a19eb6fdf6e26e34509f819c6e0920dfd135,
2022-12-18,2022,2022-12,https://data.gdeltproject.org/gkg/20221218.gkg.csv.zip,https://data.gdeltproject.org/gkg/20221218.gkg.csv.zip,b5bcee6f5656473126b5a8a4c721bb9177c95f43bf7a9a8984a48d2e17f5daa2,5cfe17a6810e88b9d8aa063c423f1414,11107591,28576,1,3.499317633061553e-05,44186,504,501,AVAILABLE_VALID_CACHE,1,5cfe17a6810e88b9d8aa063c423f1414,11107591,1,,1284f9141657400869b7eaef1ce7a19eb6fdf6e26e34509f819c6e0920dfd135,
2022-12-19,2022,2022-12,https://data.gdeltproject.org/gkg/20221219.gkg.csv.zip,https://data.gdeltproject.org/gkg/20221219.gkg.csv.zip,8b379a492a16ee0a065c16d810c4009a30919e8308027b655e1182a03ca5dd80,fb95e30409a01c5b0da0cf928f41ce4e,20482987,52781,1,1.8945852752832404e-05,78579,503,500,AVAILABLE_VALID_CACHE,1,fb95e30409a01c5b0da0cf928f41ce4e,20482987,1,,1284f9141657400869b7eaef1ce7a19eb6fdf6e26e34509f819c6e0920dfd135,
2022-12-20,2022,2022-12,https://data.gdeltproject.org/gkg/20221220.gkg.csv.zip,https://data.gdeltproject.org/gkg/20221220.gkg.csv.zip,c9c5c385fee2bf688b9bd058fced0718975493e90fe2079fde0702f108936dc3,0ef18b47c4623f8dbda745c10a1ee9e5,23016992,58797,1,1.7007381203442295e-05,87024,503,500,AVAILABLE_VALID_CACHE,1,0ef18b47c4623f8dbda745c10a1ee9e5,23016992,1,,1284f9141657400869b7eaef1ce7a19eb6fdf6e26e34509f819c6e0920dfd135,
2022-12-21,2022,2022-12,https://data.gdeltproject.org/gkg/20221221.gkg.csv.zip,https://data.gdeltproject.org/gkg/20221221.gkg.csv.zip,3a72f78a346599a123275e1802345cc396576e3829e997811a9ce59ee089d47e,bbe0510409b9f26e015edd21684bc09c,23719707,60063,1,1.6648907831646243e-05,88647,503,500,AVAILABLE_VALID_CACHE,1,bbe0510409b9f26e015edd21684bc09c,23719707,1,,1284f9141657400869b7eaef1ce7a19eb6fdf6e26e34509f819c6e0920dfd135,
2022-12-22,2022,2022-12,https://data.gdeltproject.org/gkg/20221222.gkg.csv.zip,https://data.gdeltproject.org/gkg/20221222.gkg.csv.zip,e5a88c6c59f5234e9bbf77d4e5acd66bdf4eabeab7b57c5db84631d5f7292cdb,6813772f903983d96903823f28ba812c,22900882,57982,1,1.7246434299708535e-05,86209,503,500,AVAILABLE_VALID_CACHE,1,6813772f903983d96903823f28ba812c,22900882,1,,1284f9141657400869b7eaef1ce7a19eb6fdf6e26e34509f819c6e0920dfd135,
2022-12-23,2022,2022-12,https://data.gdeltproject.org/gkg/20221223.gkg.csv.zip,https://data.gdeltproject.org/gkg/20221223.gkg.csv.zip,845c9741c633e08e579e647937d04449d069db81d3b72fead39b7f68c894cc4e,f12c25ebf8ede5cb49d6e5d8542c19bf,20112571,51067,1,1.9581734158377067e-05,76341,503,500,AVAILABLE_VALID_CACHE,1,f12c25ebf8ede5cb49d6e5d8542c19bf,20112571,1,,1284f9141657400869b7eaef1ce7a19eb6fdf6e26e34509f819c6e0920dfd135,
2022-12-24,2022,2022-12,https://data.gdeltproject.org/gkg/20221224.gkg.csv.zip,https://data.gdeltproject.org/gkg/20221224.gkg.csv.zip,1f0b579226034aa9b44503c33cf78bef66f8ddb4f83fee9c310ed513224d6696,79ad4fe9ed3908c70e052bfda6c7d415,12068648,30441,1,3.2849352867748506e-05,47823,503,500,AVAILABLE_VALID_CACHE,1,79ad4fe9ed3908c70e052bfda6c7d415,12068648,1,,1284f9141657400869b7eaef1ce7a19eb6fdf6e26e34509f819c6e0920dfd135,
2022-12-25,2022,2022-12,https://data.gdeltproject.org/gkg/20221225.gkg.csv.zip,https://data.gdeltproject.org/gkg/20221225.gkg.csv.zip,53ffbec73a708efc530e92596e145503d89eccdbebed7781c14ceebb39911ee7,b34358bf19051814a825227af7fcb245,9168839,22928,1,4.361289197086659e-05,35918,503,500,AVAILABLE_VALID_CACHE,1,b34358bf19051814a825227af7fcb245,9168839,1,,1284f9141657400869b7eaef1ce7a19eb6fdf6e26e34509f819c6e0920dfd135,
2022-12-26,2022,2022-12,https://data.gdeltproject.org/gkg/20221226.gkg.csv.zip,https://data.gdeltproject.org/gkg/20221226.gkg.csv.zip,0ef65c03a3a40b48b3ba0c5d13fdf24ff7295e69867b7b8bcbd0b64be0eeee6c,a11f4ae010dc18149e0dcc0273d37eda,12663868,31876,1,3.137058066944819e-05,49396,503,500,AVAILABLE_VALID_CACHE,1,a11f4ae010dc18149e0dcc0273d37eda,12663868,1,,1284f9141657400869b7eaef1ce7a19eb6fdf6e26e34509f819c6e0920dfd135,
2022-12-27,2022,2022-12,https://data.gdeltproject.org/gkg/20221227.gkg.csv.zip,https://data.gdeltproject.org/gkg/20221227.gkg.csv.zip,ac501b50c6b6c96d67ba57b26d6f39a301ab05e1c83ebc095a4b3c20b914afd4,ae891dee0052c48c141272e75a2c2688,16738868,42031,1,2.3791397030833652e-05,64278,503,500,AVAILABLE_VALID_CACHE,1,ae891dee0052c48c141272e75a2c2688,16738868,1,,1284f9141657400869b7eaef1ce7a19eb6fdf6e26e34509f819c6e0920dfd135,
2022-12-28,2022,2022-12,https://data.gdeltproject.org/gkg/20221228.gkg.csv.zip,https://data.gdeltproject.org/gkg/20221228.gkg.csv.zip,9e807dfe33aee7a9d62d0f2ebc35a2613987d9d70dea7aaa5d52a155f4e4c743,fed64f15bdfeea9d7a8b39cc26450766,18393821,46995,1,2.1278406672908333e-05,69580,503,500,AVAILABLE_VALID_CACHE,1,fed64f15bdfeea9d7a8b39cc26450766,18393821,1,,1284f9141657400869b7eaef1ce7a19eb6fdf6e26e34509f819c6e0920dfd135,
2022-12-29,2022,2022-12,https://data.gdeltproject.org/gkg/20221229.gkg.csv.zip,https://data.gdeltproject.org/gkg/20221229.gkg.csv.zip,9e7b37d4391e7efe8f063bb3b43ad8a4519ef8430173868e339ff5be488db514,d0c0105cfa93ba8372ce79d370b0a20b,18864630,47633,1,2.0993408069866062e-05,70987,503,500,AVAILABLE_VALID_CACHE,1,d0c0105cfa93ba8372ce79d370b0a20b,18864630,1,,1284f9141657400869b7eaef1ce7a19eb6fdf6e26e34509f819c6e0920dfd135,
2022-12-30,2022,2022-12,https://data.gdeltproject.org/gkg/20221230.gkg.csv.zip,https://data.gdeltproject.org/gkg/20221230.gkg.csv.zip,7377acea29501ed9d4280d1fc8d6d9a41cc652ad8762ab4b3dae35fc96243596,a43644380fb2b75040a42051db53f5d0,18059560,44926,1,2.2258330180069893e-05,68932,503,500,AVAILABLE_VALID_CACHE,1,a43644380fb2b75040a42051db53f5d0,18059560,1,,1284f9141657400869b7eaef1ce7a19eb6fdf6e26e34509f819c6e0920dfd135,
2022-12-31,2022,2022-12,https://data.gdeltproject.org/gkg/20221231.gkg.csv.zip,https://data.gdeltproject.org/gkg/20221231.gkg.csv.zip,4dfa8e1f0fdd84890d86954905b4e357adeb8a1efedd8a9634f89713499a2624,f46beb057f52d8ac4e5233a7a24bf915,13383652,31836,1,3.1409994660300905e-05,50911,503,500,AVAILABLE_VALID_CACHE,1,f46beb057f52d8ac4e5233a7a24bf915,13383652,1,,1284f9141657400869b7eaef1ce7a19eb6fdf6e26e34509f819c6e0920dfd135,
2023-01-01,2023,2023-01,https://data.gdeltproject.org/gkg/20230101.gkg.csv.zip,https://data.gdeltproject.org/gkg/20230101.gkg.csv.zip,308cff0d832b7242631a4acec7eff9a90575e480d42d01313fb0bef6b8be739e,e4a751bf23e58787b7bd57e38b02773a,10168016,25439,1,3.930817610062893e-05,38385,503,500,AVAILABLE_VALID_CACHE,1,e4a751bf23e58787b7bd57e38b02773a,10168016,1,,1284f9141657400869b7eaef1ce7a19eb6fdf6e26e34509f819c6e0920dfd135,
2023-01-02,2023,2023-01,https://data.gdeltproject.org/gkg/20230102.gkg.csv.zip,https://data.gdeltproject.org/gkg/20230102.gkg.csv.zip,d140b862c238abb80fa86d5e8c172028fad267cd99938d02870c30b33842dcc1,44c4b8db6c14eb6acfdd607efbb241b1,13175367,34085,1,2.9337557941676933e-05,49902,503,500,AVAILABLE_VALID_CACHE,1,44c4b8db6c14eb6acfdd607efbb241b1,13175367,1,,1284f9141657400869b7eaef1ce7a19eb6fdf6e26e34509f819c6e0920dfd135,
2023-01-03,2023,2023-01,https://data.gdeltproject.org/gkg/20230103.gkg.csv.zip,https://data.gdeltproject.org/gkg/20230103.gkg.csv.zip,b67a8ba317688277cc3e524cf7e42b8aa98f05a35e1df2eae5d3165a92e7a61b,c84481ca5b342cebe5eba50c4fdc8ee3,19653750,51447,1,1.943710153941844e-05,76829,503,500,AVAILABLE_VALID_CACHE,1,c84481ca5b342cebe5eba50c4fdc8ee3,19653750,1,,1284f9141657400869b7eaef1ce7a19eb6fdf6e26e34509f819c6e0920dfd135,
2023-01-04,2023,2023-01,https://data.gdeltproject.org/gkg/20230104.gkg.csv.zip,https://data.gdeltproject.org/gkg/20230104.gkg.csv.zip,39eff8b4779f4ecdd279f22624ff37b3ee5cffeffc28fc6ee6788b78f8b6f7fe,0e545e33ccdd421821901506096558b7,22438153,58251,1,1.7166792556478747e-05,88423,504,501,AVAILABLE_VALID_CACHE,1,0e545e33ccdd421821901506096558b7,22438153,1,,1284f9141657400869b7eaef1ce7a19eb6fdf6e26e34509f819c6e0920dfd135,
2023-01-05,2023,2023-01,https://data.gdeltproject.org/gkg/20230105.gkg.csv.zip,https://data.gdeltproject.org/gkg/20230105.gkg.csv.zip,da097e7f5b83e89680cf6e8d4cdf3d02adf26e9529f0846895ff6ee5f8bb37ff,4040281996c2bc3ee46504694b7d6883,23648129,60426,1,1.6548893706455725e-05,90141,503,500,AVAILABLE_VALID_CACHE,1,4040281996c2bc3ee46504694b7d6883,23648129,1,,1284f9141657400869b7eaef1ce7a19eb6fdf6e26e34509f819c6e0920dfd135,
2023-01-06,2023,2023-01,https://data.gdeltproject.org/gkg/20230106.gkg.csv.zip,https://data.gdeltproject.org/gkg/20230106.gkg.csv.zip,caa381ff64c168f3deabaead8a10ec0d83af92d9da46b351832db3d18a06d124,686fbdf55ca888d4d6f11391539f91ab,22011385,55917,1,1.788332916055653e-05,85441,503,500,AVAILABLE_VALID_CACHE,1,686fbdf55ca888d4d6f11391539f91ab,22011385,1,,1284f9141657400869b7eaef1ce7a19eb6fdf6e26e34509f819c6e0920dfd135,
2023-01-07,2023,2023-01,https://data.gdeltproject.org/gkg/20230107.gkg.csv.zip,https://data.gdeltproject.org/gkg/20230107.gkg.csv.zip,7f829eac4c76e1181eb023eb24f69c1a210697307ccdd5a111cf14371fc440b5,287b32af8606ea5639501e9243c28546,13385360,33548,1,2.9807147754031416e-05,54139,503,500,AVAILABLE_VALID_CACHE,1,287b32af8606ea5639501e9243c28546,13385360,1,,1284f9141657400869b7eaef1ce7a19eb6fdf6e26e34509f819c6e0920dfd135,
2023-01-08,2023,2023-01,https://data.gdeltproject.org/gkg/20230108.gkg.csv.zip,https://data.gdeltproject.org/gkg/20230108.gkg.csv.zip,9caf73409bc0159ea4dd2134f4e6fd51fe50edda3e28a5ea82bee56a43b637b2,62787b149c6e7ce324e87dd9762992a7,11581157,29267,1,3.416700833675003e-05,44078,503,500,AVAILABLE_VALID_CACHE,1,62787b149c6e7ce324e87dd9762992a7,11581157,1,,1284f9141657400869b7eaef1ce7a19eb6fdf6e26e34509f819c6e0920dfd135,
2023-01-09,2023,2023-01,https://data.gdeltproject.org/gkg/20230109.gkg.csv.zip,https://data.gdeltproject.org/gkg/20230109.gkg.csv.zip,e3aa9157878b5eb68d9fde91f47d5a4b23b5d26f3d16f40e9df3c5999ce9f656,93af5afe482aa9567969b721e67c5d8d,21415761,54426,1,1.8373233872893967e-05,82014,503,500,AVAILABLE_VALID_CACHE,1,93af5afe482aa9567969b721e67c5d8d,21415761,1,,1284f9141657400869b7eaef1ce7a19eb6fdf6e26e34509f819c6e0920dfd135,
2023-01-10,2023,2023-01,https://data.gdeltproject.org/gkg/20230110.gkg.csv.zip,https://data.gdeltproject.org/gkg/20230110.gkg.csv.zip,df307dd3def7ad86ce56a77b9ac5bc525a0b9ce2a3ab6b89a92543a282303e74,baf9e7b9b9e7a8a6f7bd5c2df622fa28,24658116,62718,1,1.5944131762304882e-05,93716,503,500,AVAILABLE_VALID_CACHE,1,baf9e7b9b9e7a8a6f7bd5c2df622fa28,24658116,1,,1284f9141657400869b7eaef1ce7a19eb6fdf6e26e34509f819c6e0920dfd135,
2023-01-11,2023,2023-01,https://data.gdeltproject.org/gkg/20230111.gkg.csv.zip,https://data.gdeltproject.org/gkg/20230111.gkg.csv.zip,82b42209e3bc8c94dbefff161d1aed77f2b750a928dc64652288103493f1f7ff,2faebbedbf481bf1026db5686e29ea02,25839322,65325,1,1.5307840675994243e-05,98006,503,500,AVAILABLE_VALID_CACHE,1,2faebbedbf481bf1026db5686e29ea02,25839322,1,,1284f9141657400869b7eaef1ce7a19eb6fdf6e26e34509f819c6e0920dfd135,
2023-01-12,2023,2023-01,https://data.gdeltproject.org/gkg/20230112.gkg.csv.zip,https://data.gdeltproject.org/gkg/20230112.gkg.csv.zip,663fb375260874a9a8c08ded923cbf0605ee9403cceb0a2aec726e517f1a2606,02e04eec0f3063e08b11d2d02f30e3c5,25049637,64045,1,1.5613777597351903e-05,94032,503,500,AVAILABLE_VALID_CACHE,1,02e04eec0f3063e08b11d2d02f30e3c5,25049637,1,,1284f9141657400869b7eaef1ce7a19eb6fdf6e26e34509f819c6e0920dfd135,
2023-01-13,2023,2023-01,https://data.gdeltproject.org/gkg/20230113.gkg.csv.zip,https://data.gdeltproject.org/gkg/20230113.gkg.csv.zip,2222224ccb6bca67e1fbefc76659dc3a32f344c917014ddc1048d88a0f9cf5dc,d8830372642b9cb8dd796ded1c54ad82,23468855,59610,1,1.6775427354011843e-05,93420,503,500,AVAILABLE_VALID_CACHE,1,d8830372642b9cb8dd796ded1c54ad82,23468855,1,,1284f9141657400869b7eaef1ce7a19eb6fdf6e26e34509f819c6e0920dfd135,
2023-01-14,2023,2023-01,https://data.gdeltproject.org/gkg/20230114.gkg.csv.zip,https://data.gdeltproject.org/gkg/20230114.gkg.csv.zip,05a15323a5f2718ee988711bcbc7bff57e7f8e2e61849adaab2a40eb164c4146,5d900f877286013e21b46f748b3bb200,13649849,34080,1,2.9341862034564715e-05,55173,503,500,AVAILABLE_VALID_CACHE,1,5d900f877286013e21b46f748b3bb200,13649849,1,,1284f9141657400869b7eaef1ce7a19eb6fdf6e26e34509f819c6e0920dfd135,
2023-01-15,2023,2023-01,https://data.gdeltproject.org/gkg/20230115.gkg.csv.zip,https://data.gdeltproject.org/gkg/20230115.gkg.csv.zip,51074ea316859fd59bcd2a048705bcc870c3b0602f51a81415148ba23457b011,47a8482840e18fed9ad7643128d2e962,11977065,29947,1,3.339121143315079e-05,46193,503,500,AVAILABLE_VALID_CACHE,1,47a8482840e18fed9ad7643128d2e962,11977065,1,,1284f9141657400869b7eaef1ce7a19eb6fdf6e26e34509f819c6e0920dfd135,
2023-01-16,2023,2023-01,https://data.gdeltproject.org/gkg/20230116.gkg.csv.zip,https://data.gdeltproject.org/gkg/20230116.gkg.csv.zip,f92fe06c8160ade7edfdf34442b4ff5533ddd8f85767758f0faa6db307539616,0501718cebb948c0aadc62875d097581,19236719,49858,1,2.005655949778375e-05,72508,503,500,AVAILABLE_VALID_CACHE,1,0501718cebb948c0aadc62875d097581,19236719,1,,1284f9141657400869b7eaef1ce7a19eb6fdf6e26e34509f819c6e0920dfd135,
2023-01-17,2023,2023-01,https://data.gdeltproject.org/gkg/20230117.gkg.csv.zip,https://data.gdeltproject.org/gkg/20230117.gkg.csv.zip,46370c901db1b5e4382779c31fcdc5799c91b70c4d6193c7012632b88deb7c75,0ad82dfcef437fa64aa248a0c58371b7,23780932,60623,1,1.649511744523621e-05,89607,503,500,AVAILABLE_VALID_CACHE,1,0ad82dfcef437fa64aa248a0c58371b7,23780932,1,,1284f9141657400869b7eaef1ce7a19eb6fdf6e26e34509f819c6e0920dfd135,
2023-01-18,2023,2023-01,https://data.gdeltproject.org/gkg/20230118.gkg.csv.zip,https://data.gdeltproject.org/gkg/20230118.gkg.csv.zip,6c88f4889e5f7ecedf0ade91cbfa6b35f5016a43ba3a1f060ef39c528be86dc4,a72938712fc4cd1bb7c9b82e3d1a10cb,25329890,65050,1,1.537255384236983e-05,96713,503,500,AVAILABLE_VALID_CACHE,1,a72938712fc4cd1bb7c9b82e3d1a10cb,25329890,1,,1284f9141657400869b7eaef1ce7a19eb6fdf6e26e34509f819c6e0920dfd135,
2023-01-19,2023,2023-01,https://data.gdeltproject.org/gkg/20230119.gkg.csv.zip,https://data.gdeltproject.org/gkg/20230119.gkg.csv.zip,3a0a2f916eebae23d3c1fcf775b5ab9ed8744419115e7e3f369dff81a8980372,3229c778834211b555111f4cfc5159e1,25558818,65360,1,1.5299643518306023e-05,98271,503,500,AVAILABLE_VALID_CACHE,1,3229c778834211b555111f4cfc5159e1,25558818,1,,1284f9141657400869b7eaef1ce7a19eb6fdf6e26e34509f819c6e0920dfd135,
2023-01-20,2023,2023-01,https://data.gdeltproject.org/gkg/20230120.gkg.csv.zip,https://data.gdeltproject.org/gkg/20230120.gkg.csv.zip,3c850448e66e53c8709c2c38e4000bc51fb8692ff252a84bea502ab275790c3f,6b03d375c4a36d5d402ba9ca8282daf5,23530896,60416,1,1.6551632818577553e-05,89306,503,500,AVAILABLE_VALID_CACHE,1,6b03d375c4a36d5d402ba9ca8282daf5,23530896,1,,1284f9141657400869b7eaef1ce7a19eb6fdf6e26e34509f819c6e0920dfd135,
2023-01-21,2023,2023-01,https://data.gdeltproject.org/gkg/20230121.gkg.csv.zip,https://data.gdeltproject.org/gkg/20230121.gkg.csv.zip,49da904c95451c39fe370dcf0926c704dbc5abcd5b4677e35c738da9a9c42f5a,e9ee5c30094db4e03185ed8405a9b49d,13918491,35281,1,2.8343064452128563e-05,55329,503,500,AVAILABLE_VALID_CACHE,1,e9ee5c30094db4e03185ed8405a9b49d,13918491,1,,1284f9141657400869b7eaef1ce7a19eb6fdf6e26e34509f819c6e0920dfd135,
2023-01-22,2023,2023-01,https://data.gdeltproject.org/gkg/20230122.gkg.csv.zip,https://data.gdeltproject.org/gkg/20230122.gkg.csv.zip,272e3794bf62dfd26d56e5fcbeaf83b0e710931d375bc4097fbc2289f927112e,931d66addc9e6c389161f4c071542e91,12555232,31155,1,3.209654641160611e-05,49352,503,500,AVAILABLE_VALID_CACHE,1,931d66addc9e6c389161f4c071542e91,12555232,1,,1284f9141657400869b7eaef1ce7a19eb6fdf6e26e34509f819c6e0920dfd135,
2023-01-23,2023,2023-01,https://data.gdeltproject.org/gkg/20230123.gkg.csv.zip,https://data.gdeltproject.org/gkg/20230123.gkg.csv.zip,5d53b6b0230f279150002a91b5b703117ab5c0bc47905baf7e87ac7f7a60d5eb,e475814ce7b0a23e8fcdd94d46a5083e,21318711,54430,1,1.8371883669232606e-05,81784,503,500,AVAILABLE_VALID_CACHE,1,e475814ce7b0a23e8fcdd94d46a5083e,21318711,1,,1284f9141657400869b7eaef1ce7a19eb6fdf6e26e34509f819c6e0920dfd135,
2023-01-24,2023,2023-01,https://data.gdeltproject.org/gkg/20230124.gkg.csv.zip,https://data.gdeltproject.org/gkg/20230124.gkg.csv.zip,929d412e2c950e3ee87989bc726063614e6f1555d062c28c8f6daeb2ecaeefae,ee76a5fd7a6f0f9071c1cfd76999ef5b,25002680,63218,1,1.5818029389898606e-05,95086,503,500,AVAILABLE_VALID_CACHE,1,ee76a5fd7a6f0f9071c1cfd76999ef5b,25002680,1,,1284f9141657400869b7eaef1ce7a19eb6fdf6e26e34509f819c6e0920dfd135,
2023-01-25,2023,2023-01,https://data.gdeltproject.org/gkg/20230125.gkg.csv.zip,https://data.gdeltproject.org/gkg/20230125.gkg.csv.zip,de1f9f7398afc5f0af40b6c72ac9e8fed98d8108c99ab851f009aad0d51b840f,041c43eeee075b83378dac937696eba9,25233842,63939,1,1.563966218329684e-05,95072,503,500,AVAILABLE_VALID_CACHE,1,041c43eeee075b83378dac937696eba9,25233842,1,,1284f9141657400869b7eaef1ce7a19eb6fdf6e26e34509f819c6e0920dfd135,
2023-01-26,2023,2023-01,https://data.gdeltproject.org/gkg/20230126.gkg.csv.zip,https://data.gdeltproject.org/gkg/20230126.gkg.csv.zip,56ba783dc9c7a49eaf09634343303fd0df65cb3291b505db098d824e1b652109,79e2363247694b0cc0f610fcde9120ce,25633321,64491,1,1.5505799168889165e-05,96933,503,500,AVAILABLE_VALID_CACHE,1,79e2363247694b0cc0f610fcde9120ce,25633321,1,,1284f9141657400869b7eaef1ce7a19eb6fdf6e26e34509f819c6e0920dfd135,
2023-01-27,2023,2023-01,https://data.gdeltproject.org/gkg/20230127.gkg.csv.zip,https://data.gdeltproject.org/gkg/20230127.gkg.csv.zip,9b557d9be54cb372a4978d2f3eeddf5df8b9b1da438ba7d3bf5e2a13817641f5,9b6dc24c0c8ee1e43d674fb561b47940,23817171,59738,1,1.673948341954167e-05,89825,503,500,AVAILABLE_VALID_CACHE,1,9b6dc24c0c8ee1e43d674fb561b47940,23817171,1,,1284f9141657400869b7eaef1ce7a19eb6fdf6e26e34509f819c6e0920dfd135,
2023-01-28,2023,2023-01,https://data.gdeltproject.org/gkg/20230128.gkg.csv.zip,https://data.gdeltproject.org/gkg/20230128.gkg.csv.zip,dc857c61592596d18cea05df0a29171b900eacebaba0645c89cfde01dc63a507,3ce6609ca0276696a01bf6cd305587d1,14278617,35758,1,2.796498783523029e-05,53391,503,500,AVAILABLE_VALID_CACHE,1,3ce6609ca0276696a01bf6cd305587d1,14278617,1,,1284f9141657400869b7eaef1ce7a19eb6fdf6e26e34509f819c6e0920dfd135,
2023-01-29,2023,2023-01,https://data.gdeltproject.org/gkg/20230129.gkg.csv.zip,https://data.gdeltproject.org/gkg/20230129.gkg.csv.zip,90c376f6f39824b0f5d5abaa3a04e0f515651a1074aef2dd844a3219558f967e,d1a646ade6d09c63afd6adef541d69cc,12371832,30808,1,3.245804797299491e-05,47337,503,500,AVAILABLE_VALID_CACHE,1,d1a646ade6d09c63afd6adef541d69cc,12371832,1,,1284f9141657400869b7eaef1ce7a19eb6fdf6e26e34509f819c6e0920dfd135,
2023-01-30,2023,2023-01,https://data.gdeltproject.org/gkg/20230130.gkg.csv.zip,https://data.gdeltproject.org/gkg/20230130.gkg.csv.zip,0ab8352137b0248d8b8704a405dc8b47487d2498e78873f2779a4bf26f8ec7c2,3091d27abe178777feecb99dc948edfd,21711265,55338,1,1.8070438569544083e-05,81684,503,500,AVAILABLE_VALID_CACHE,1,3091d27abe178777feecb99dc948edfd,21711265,1,,1284f9141657400869b7eaef1ce7a19eb6fdf6e26e34509f819c6e0920dfd135,
2023-01-31,2023,2023-01,https://data.gdeltproject.org/gkg/20230131.gkg.csv.zip,https://data.gdeltproject.org/gkg/20230131.gkg.csv.zip,f7f95df114f4ff828ba4de86d25acf373c417ea240d439064b234db43444b965,7479404963ee26168273fa9993634c51,25679663,64828,1,1.5425195514353143e-05,97549,503,500,AVAILABLE_VALID_CACHE,1,7479404963ee26168273fa9993634c51,25679663,1,,1284f9141657400869b7eaef1ce7a19eb6fdf6e26e34509f819c6e0920dfd135,
2023-02-01,2023,2023-02,https://data.gdeltproject.org/gkg/20230201.gkg.csv.zip,https://data.gdeltproject.org/gkg/20230201.gkg.csv.zip,8c0e8acf0c7b5344d247f2d6935f2ae929bfabfe80c4596597cd7b58009b7a4d,696a2e542a27186320d856095cd0bdc6,26427715,66926,1,1.4941652845637784e-05,99629,503,500,AVAILABLE_VALID_CACHE,1,696a2e542a27186320d856095cd0bdc6,26427715,1,,1284f9141657400869b7eaef1ce7a19eb6fdf6e26e34509f819c6e0920dfd135,
2023-02-02,2023,2023-02,https://data.gdeltproject.org/gkg/20230202.gkg.csv.zip,https://data.gdeltproject.org/gkg/20230202.gkg.csv.zip,e62f23448c5cc97ae4f3e18a6cd828ecc2ad7cc3f3c64e32609c141e17d01ac5,d292380b63b253f79dbf4fc4455ea571,26279888,66254,1,1.5093200513168817e-05,97899,503,500,AVAILABLE_VALID_CACHE,1,d292380b63b253f79dbf4fc4455ea571,26279888,1,,1284f9141657400869b7eaef1ce7a19eb6fdf6e26e34509f819c6e0920dfd135,
2023-02-03,2023,2023-02,https://data.gdeltproject.org/gkg/20230203.gkg.csv.zip,https://data.gdeltproject.org/gkg/20230203.gkg.csv.zip,79cb5a7b79709726121929f03989a81246c9b2b06e26be13d3469269e65f1a29,d478b245daac93a7f784c229e876bb51,23622614,59878,1,1.6700345697155932e-05,90987,503,500,AVAILABLE_VALID_CACHE,1,d478b245daac93a7f784c229e876bb51,23622614,1,,1284f9141657400869b7eaef1ce7a19eb6fdf6e26e34509f819c6e0920dfd135,
2023-02-04,2023,2023-02,https://data.gdeltproject.org/gkg/20230204.gkg.csv.zip,https://data.gdeltproject.org/gkg/20230204.gkg.csv.zip,ef7442c15d460d92fd5cf87ab304935cc823265e10df4ef602c493a611a5aef8,9fb7117f07c9545616f698fb8fdf6ba1,13442201,33128,1,3.0185034260013886e-05,53785,503,500,AVAILABLE_VALID_CACHE,1,9fb7117f07c9545616f698fb8fdf6ba1,13442201,1,,1284f9141657400869b7eaef1ce7a19eb6fdf6e26e34509f819c6e0920dfd135,
2023-02-05,2023,2023-02,https://data.gdeltproject.org/gkg/20230205.gkg.csv.zip,https://data.gdeltproject.org/gkg/20230205.gkg.csv.zip,5c2b49120a65c85d11b518054a76c8e9f6d62f234fe4ffbcab493fd48ba7aecb,5a36114101589af04ff9eef39646e1bd,11451229,28027,1,3.5678607107178535e-05,43529,503,500,AVAILABLE_VALID_CACHE,1,5a36114101589af04ff9eef39646e1bd,11451229,1,,1284f9141657400869b7eaef1ce7a19eb6fdf6e26e34509f819c6e0920dfd135,
2023-02-06,2023,2023-02,https://data.gdeltproject.org/gkg/20230206.gkg.csv.zip,https://data.gdeltproject.org/gkg/20230206.gkg.csv.zip,a488d98dbbb1d80abda311de5aebc5c7fb0b1c27f1e361dd3a58718f385eb131,692c2307628af29c7c52c79cfa4293d4,21986069,54263,1,1.842842400117942e-05,83189,503,500,AVAILABLE_VALID_CACHE,1,692c2307628af29c7c52c79cfa4293d4,21986069,1,,1284f9141657400869b7eaef1ce7a19eb6fdf6e26e34509f819c6e0920dfd135,
2023-02-07,2023,2023-02,https://data.gdeltproject.org/gkg/20230207.gkg.csv.zip,https://data.gdeltproject.org/gkg/20230207.gkg.csv.zip,ecfce3cc21a89c6488ebeb584e46ef0eec376e44341c65edc2cd675575fde2fd,ac1270c4727adb19449bc346c78a7f6b,25326574,63405,1,1.5771378103018643e-05,94363,503,500,AVAILABLE_VALID_CACHE,1,ac1270c4727adb19449bc346c78a7f6b,25326574,1,,1284f9141657400869b7eaef1ce7a19eb6fdf6e26e34509f819c6e0920dfd135,
2023-02-08,2023,2023-02,https://data.gdeltproject.org/gkg/20230208.gkg.csv.zip,https://data.gdeltproject.org/gkg/20230208.gkg.csv.zip,1df818d8b5317922070475300ff4725b6753c5ebf3b0197e58b68584de2041bc,d1642b3d4a8f685cc51dc4b504ef5355,26098164,65267,1,1.5321443892872466e-05,97272,503,500,AVAILABLE_VALID_CACHE,1,d1642b3d4a8f685cc51dc4b504ef5355,26098164,1,,1284f9141657400869b7eaef1ce7a19eb6fdf6e26e34509f819c6e0920dfd135,
2023-02-09,2023,2023-02,https://data.gdeltproject.org/gkg/20230209.gkg.csv.zip,https://data.gdeltproject.org/gkg/20230209.gkg.csv.zip,fc56cc489bc09355413aef686e2c1825db7813c03f79068e0a59e8003016e1cf,092f0ce4224bd45a0810c8d65a0dfe7d,25745854,64916,1,1.540428547221837e-05,98291,503,500,AVAILABLE_VALID_CACHE,1,092f0ce4224bd45a0810c8d65a0dfe7d,25745854,1,,1284f9141657400869b7eaef1ce7a19eb6fdf6e26e34509f819c6e0920dfd135,
2023-02-10,2023,2023-02,https://data.gdeltproject.org/gkg/20230210.gkg.csv.zip,https://data.gdeltproject.org/gkg/20230210.gkg.csv.zip,a19ab59aff65445e564acbc646e82bae837dce779b9c1d19f95c71193315107c,f92f3e2c233167199475c0602f58388d,23480367,59704,1,1.6749015995310276e-05,89978,503,500,AVAILABLE_VALID_CACHE,1,f92f3e2c233167199475c0602f58388d,23480367,1,,1284f9141657400869b7eaef1ce7a19eb6fdf6e26e34509f819c6e0920dfd135,
2023-02-11,2023,2023-02,https://data.gdeltproject.org/gkg/20230211.gkg.csv.zip,https://data.gdeltproject.org/gkg/20230211.gkg.csv.zip,8be485c3559fc4a0fb583cc83d0dc427b674cff47aa565283a266965d21ab995,012d0ee521595b2212765968d586154d,13833272,34366,1,2.9097680914831087e-05,53716,503,500,AVAILABLE_VALID_CACHE,1,012d0ee521595b2212765968d586154d,13833272,1,,1284f9141657400869b7eaef1ce7a19eb6fdf6e26e34509f819c6e0920dfd135,
2023-02-12,2023,2023-02,https://data.gdeltproject.org/gkg/20230212.gkg.csv.zip,https://data.gdeltproject.org/gkg/20230212.gkg.csv.zip,696501fefcf76681df92282f00875fbe689b3f7cc68a15a526b659b034747bde,52fe8ed1b723d54df9b9538e23993c69,11771830,29219,1,3.4223134839151266e-05,45480,503,500,AVAILABLE_VALID_CACHE,1,52fe8ed1b723d54df9b9538e23993c69,11771830,1,,1284f9141657400869b7eaef1ce7a19eb6fdf6e26e34509f819c6e0920dfd135,
2023-02-13,2023,2023-02,https://data.gdeltproject.org/gkg/20230213.gkg.csv.zip,https://data.gdeltproject.org/gkg/20230213.gkg.csv.zip,8b8e496fa3ad52a4d1499163f58bb7194412d4d19af2316bf9060053eeb573d1,14df7dbf741cb0ca76a6a4c4c7c8a19d,21437564,54982,1,1.8187439754105814e-05,84215,503,500,AVAILABLE_VALID_CACHE,1,14df7dbf741cb0ca76a6a4c4c7c8a19d,21437564,1,,1284f9141657400869b7eaef1ce7a19eb6fdf6e26e34509f819c6e0920dfd135,
2023-02-14,2023,2023-02,https://data.gdeltproject.org/gkg/20230214.gkg.csv.zip,https://data.gdeltproject.org/gkg/20230214.gkg.csv.zip,cf391152f6e166fe4dff2c04a16b23e7cc13599ee7e06d8cc047dabbace6c181,2016d0b26b4ffe91a077d74800a15d12,25352797,63818,1,1.566931478086463e-05,98148,503,500,AVAILABLE_VALID_CACHE,1,2016d0b26b4ffe91a077d74800a15d12,25352797,1,,1284f9141657400869b7eaef1ce7a19eb6fdf6e26e34509f819c6e0920dfd135,
2023-02-15,2023,2023-02,https://data.gdeltproject.org/gkg/20230215.gkg.csv.zip,https://data.gdeltproject.org/gkg/20230215.gkg.csv.zip,34d020ffacff2eec27a03adebfa7dc376a57c50a859136c7cfc4e506cf178f1a,54a9363a3afa9806733188f68d730400,25281285,64037,1,1.5615728161404168e-05,95281,503,500,AVAILABLE_VALID_CACHE,1,54a9363a3afa9806733188f68d730400,25281285,1,,1284f9141657400869b7eaef1ce7a19eb6fdf6e26e34509f819c6e0920dfd135,
2023-02-16,2023,2023-02,https://data.gdeltproject.org/gkg/20230216.gkg.csv.zip,https://data.gdeltproject.org/gkg/20230216.gkg.csv.zip,fb5542451aeec1757601e112d5201098f1efed754e3b985f8b1944314d2c89ea,97ad0490259fa6f54baac2cac6ac00b5,25670479,65325,1,1.5307840675994243e-05,97504,503,500,AVAILABLE_VALID_CACHE,1,97ad0490259fa6f54baac2cac6ac00b5,25670479,1,,1284f9141657400869b7eaef1ce7a19eb6fdf6e26e34509f819c6e0920dfd135,
2023-02-17,2023,2023-02,https://data.gdeltproject.org/gkg/20230217.gkg.csv.zip,https://data.gdeltproject.org/gkg/20230217.gkg.csv.zip,869f4fc3b336ee4beb9fca8e493c4ee2e6828469372b958c58b82e4e0a2d12f7,5b43d11bcc714bb128f0285427f5ad73,23944398,60252,1,1.659668398254029e-05,90892,503,500,AVAILABLE_VALID_CACHE,1,5b43d11bcc714bb128f0285427f5ad73,23944398,1,,1284f9141657400869b7eaef1ce7a19eb6fdf6e26e34509f819c6e0920dfd135,
2023-02-18,2023,2023-02,https://data.gdeltproject.org/gkg/20230218.gkg.csv.zip,https://data.gdeltproject.org/gkg/20230218.gkg.csv.zip,4550ee109a7f64c22626087e527ecc853e24600eab524a0584f2b73038d3f5f9,333fbe872d0935e5338bbc797ff447aa,13828372,34071,1,2.9349612585113877e-05,54168,503,500,AVAILABLE_VALID_CACHE,1,333fbe872d0935e5338bbc797ff447aa,13828372,1,,1284f9141657400869b7eaef1ce7a19eb6fdf6e26e34509f819c6e0920dfd135,
2023-02-19,2023,2023-02,https://data.gdeltproject.org/gkg/20230219.gkg.csv.zip,https://data.gdeltproject.org/gkg/20230219.gkg.csv.zip,9920c25deddd09c95973bcca8d7f44eeda977cd709f5fdf51b4651ce2c601e19,74481d442d985991c4f1ec7671f443ad,11751684,28585,1,3.498215909885958e-05,46283,503,500,AVAILABLE_VALID_CACHE,1,74481d442d985991c4f1ec7671f443ad,11751684,1,,1284f9141657400869b7eaef1ce7a19eb6fdf6e26e34509f819c6e0920dfd135,
2023-02-20,2023,2023-02,https://data.gdeltproject.org/gkg/20230220.gkg.csv.zip,https://data.gdeltproject.org/gkg/20230220.gkg.csv.zip,1588fda8675676f02dd74e31c4639dbb5b4ca73efddaadeb6a07ecad69a394a4,8345948ccbf2b3173c66a1dc6dae6317,19727354,49650,1,2.0140581257175083e-05,73407,503,500,AVAILABLE_VALID_CACHE,1,8345948ccbf2b3173c66a1dc6dae6317,19727354,1,,1284f9141657400869b7eaef1ce7a19eb6fdf6e26e34509f819c6e0920dfd135,
2023-02-21,2023,2023-02,https://data.gdeltproject.org/gkg/20230221.gkg.csv.zip,https://data.gdeltproject.org/gkg/20230221.gkg.csv.zip,7b9747694a410d6ce42c39d4bcebf8c14baaa38cc7b7578259c500ab52e99aae,ca3867f44ec935e551cbd0669d7096cf,24193400,61190,1,1.6342272556421697e-05,89774,503,500,AVAILABLE_VALID_CACHE,1,ca3867f44ec935e551cbd0669d7096cf,24193400,1,,1284f9141657400869b7eaef1ce7a19eb6fdf6e26e34509f819c6e0920dfd135,
2023-02-22,2023,2023-02,https://data.gdeltproject.org/gkg/20230222.gkg.csv.zip,https://data.gdeltproject.org/gkg/20230222.gkg.csv.zip,1b297d1526ec61d2982e11983e543082b1eaffce141c8c0d7350f6bd20ede2d0,b7661eeaea248fbd71cdf18618b58c5d,25678860,64579,1,1.548467017652524e-05,94087,503,500,AVAILABLE_VALID_CACHE,1,b7661eeaea248fbd71cdf18618b58c5d,25678860,1,,1284f9141657400869b7eaef1ce7a19eb6fdf6e26e34509f819c6e0920dfd135,
2023-02-23,2023,2023-02,https://data.gdeltproject.org/gkg/20230223.gkg.csv.zip,https://data.gdeltproject.org/gkg/20230223.gkg.csv.zip,714c39223442db44a985f3dd3aee994cff6b6bc565ae2392829240466e389f64,ed1fedc4be030628e3f7ec9289e3486c,25976872,64416,1,1.552385239921139e-05,94821,503,500,AVAILABLE_VALID_CACHE,1,ed1fedc4be030628e3f7ec9289e3486c,25976872,1,,1284f9141657400869b7eaef1ce7a19eb6fdf6e26e34509f819c6e0920dfd135,
2023-02-24,2023,2023-02,https://data.gdeltproject.org/gkg/20230224.gkg.csv.zip,https://data.gdeltproject.org/gkg/20230224.gkg.csv.zip,a0da9ca5ecb8ac07bd49fc4fc4bdab7a8d8623e6d26c3933901a9df1c7285bf0,334d688ed4aba7827971ae7aa743e47e,23887893,59571,1,1.678640972268851e-05,89372,503,500,AVAILABLE_VALID_CACHE,1,334d688ed4aba7827971ae7aa743e47e,23887893,1,,1284f9141657400869b7eaef1ce7a19eb6fdf6e26e34509f819c6e0920dfd135,
2023-02-25,2023,2023-02,https://data.gdeltproject.org/gkg/20230225.gkg.csv.zip,https://data.gdeltproject.org/gkg/20230225.gkg.csv.zip,ec0866fa1e393225ac6f0a7b1ad161d4330c015eb654898c3cd1738d6d56f303,9d161e854c97c358af8d3deb419ab178,14049747,34452,1,2.9025048616956432e-05,54702,503,500,AVAILABLE_VALID_CACHE,1,9d161e854c97c358af8d3deb419ab178,14049747,1,,1284f9141657400869b7eaef1ce7a19eb6fdf6e26e34509f819c6e0920dfd135,
2023-02-26,2023,2023-02,https://data.gdeltproject.org/gkg/20230226.gkg.csv.zip,https://data.gdeltproject.org/gkg/20230226.gkg.csv.zip,7779ae83dccaeda917a627f9e0e5ca4d529dc81660ebecfce3303c9eef537e7f,edfe720baef6f30c27172c7af9d49720,11546363,28299,1,3.53356890459364e-05,46116,503,500,AVAILABLE_VALID_CACHE,1,edfe720baef6f30c27172c7af9d49720,11546363,1,,1284f9141657400869b7eaef1ce7a19eb6fdf6e26e34509f819c6e0920dfd135,
2023-02-27,2023,2023-02,https://data.gdeltproject.org/gkg/20230227.gkg.csv.zip,https://data.gdeltproject.org/gkg/20230227.gkg.csv.zip,a84698432c1ef58f4be3da4b0fbb219dc30ae916c6e8f1f0a9b10564b3487544,97c806677c45ba28e598c2eb0f02bb7c,21690543,54068,1,1.849488616397566e-05,80800,503,500,AVAILABLE_VALID_CACHE,1,97c806677c45ba28e598c2eb0f02bb7c,21690543,1,,1284f9141657400869b7eaef1ce7a19eb6fdf6e26e34509f819c6e0920dfd135,
2023-02-28,2023,2023-02,https://data.gdeltproject.org/gkg/20230228.gkg.csv.zip,https://data.gdeltproject.org/gkg/20230228.gkg.csv.zip,035b6170afd5a8bd52701d53ff00020ce9ac73d855c49d93cd94b04cf02a50ad,52e2eaf57f04e00080ad61c4ef645dac,25431629,64333,1,1.554388037429664e-05,94770,503,500,AVAILABLE_VALID_CACHE,1,52e2eaf57f04e00080ad61c4ef645dac,25431629,1,,1284f9141657400869b7eaef1ce7a19eb6fdf6e26e34509f819c6e0920dfd135,
2023-03-01,2023,2023-03,https://data.gdeltproject.org/gkg/20230301.gkg.csv.zip,https://data.gdeltproject.org/gkg/20230301.gkg.csv.zip,ea4a2ff464a1ff556ab45e5a7b1116d37749a23e81368a4a6dcbea8d9b08c7b4,bb7b5ce11c8eef9016c3f74ed7446e54,26482629,66931,1,1.4940536664076974e-05,96915,503,500,AVAILABLE_VALID_CACHE,1,bb7b5ce11c8eef9016c3f74ed7446e54,26482629,1,,1284f9141657400869b7eaef1ce7a19eb6fdf6e26e34509f819c6e0920dfd135,
2023-03-02,2023,2023-03,https://data.gdeltproject.org/gkg/20230302.gkg.csv.zip,https://data.gdeltproject.org/gkg/20230302.gkg.csv.zip,ca999e7ebf1b9c68420903ac4cfa4fe0f60b20bd2b3d52ea8fbe5fc17b02da8d,a24c786e2ec1b106231a6ff807339108,25445551,64336,1,1.5543155571444114e-05,93447,503,500,AVAILABLE_VALID_CACHE,1,a24c786e2ec1b106231a6ff807339108,25445551,1,,1284f9141657400869b7eaef1ce7a19eb6fdf6e26e34509f819c6e0920dfd135,
2023-03-03,2023,2023-03,https://data.gdeltproject.org/gkg/20230303.gkg.csv.zip,https://data.gdeltproject.org/gkg/20230303.gkg.csv.zip,04f72b825c8386f01d77ad6dcc74b8fa031655708fe5b0af8a30f3579e82075c,8e3825c6647e2af764b0240ca313ad04,24155948,61043,1,1.6381626367865803e-05,90157,503,500,AVAILABLE_VALID_CACHE,1,8e3825c6647e2af764b0240ca313ad04,24155948,1,,1284f9141657400869b7eaef1ce7a19eb6fdf6e26e34509f819c6e0920dfd135,
2023-03-04,2023,2023-03,https://data.gdeltproject.org/gkg/20230304.gkg.csv.zip,https://data.gdeltproject.org/gkg/20230304.gkg.csv.zip,e43d1a5005320c9af1733c4ac40e3679cd3b5fc8c18e2c47a0a90b4e4915c9ae,8693450354fd9c43d2a1c37ab249b53c,13753889,33829,1,2.9559562518474725e-05,54933,503,500,AVAILABLE_VALID_CACHE,1,8693450354fd9c43d2a1c37ab249b53c,13753889,1,,1284f9141657400869b7eaef1ce7a19eb6fdf6e26e34509f819c6e0920dfd135,
2023-03-05,2023,2023-03,https://data.gdeltproject.org/gkg/20230305.gkg.csv.zip,https://data.gdeltproject.org/gkg/20230305.gkg.csv.zip,5eccfd85cb7aeec6e91123d10d8a1b344b734b13632737f8e779d981c31750fe,2ca67bce835d749ae9628bccf60cd72e,11898113,29385,1,3.402981011365957e-05,46902,503,500,AVAILABLE_VALID_CACHE,1,2ca67bce835d749ae9628bccf60cd72e,11898113,1,,1284f9141657400869b7eaef1ce7a19eb6fdf6e26e34509f819c6e0920dfd135,
2023-03-06,2023,2023-03,https://data.gdeltproject.org/gkg/20230306.gkg.csv.zip,https://data.gdeltproject.org/gkg/20230306.gkg.csv.zip,d80a23424b58ae9c482512365ed7e983806ac821775ff35b6703bd0d949a7680,04f751d587a1acc43e4a2f290c23cfee,21689836,55103,1,1.8147502903600465e-05,81801,503,500,AVAILABLE_VALID_CACHE,1,04f751d587a1acc43e4a2f290c23cfee,21689836,1,,1284f9141657400869b7eaef1ce7a19eb6fdf6e26e34509f819c6e0920dfd135,
2023-03-07,2023,2023-03,https://data.gdeltproject.org/gkg/20230307.gkg.csv.zip,https://data.gdeltproject.org/gkg/20230307.gkg.csv.zip,33adf8f1a83149bc21c84657adc870d8830fecdfa83e64936146d9456fb7b4d2,b5b4629c18d052ceea27b6738f142892,24299943,61322,1,1.6307095217128973e-05,91153,503,500,AVAILABLE_VALID_CACHE,1,b5b4629c18d052ceea27b6738f142892,24299943,1,,1284f9141657400869b7eaef1ce7a19eb6fdf6e26e34509f819c6e0920dfd135,
2023-03-08,2023,2023-03,https://data.gdeltproject.org/gkg/20230308.gkg.csv.zip,https://data.gdeltproject.org/gkg/20230308.gkg.csv.zip,cc397d04f53afbde64991a9932ee38477e32989bc1b9487ec28e80f510a03026,b9e576d2df5e5e20c7d7b0f12e9d735e,24596015,61300,1,1.6312947586499405e-05,90705,503,500,AVAILABLE_VALID_CACHE,1,b9e576d2df5e5e20c7d7b0f12e9d735e,24596015,1,,1284f9141657400869b7eaef1ce7a19eb6fdf6e26e34509f819c6e0920dfd135,
2023-03-09,2023,2023-03,https://data.gdeltproject.org/gkg/20230309.gkg.csv.zip,https://data.gdeltproject.org/gkg/20230309.gkg.csv.zip,0c70588c2b33a3dd602a9068d6b8d1e4efb8564163aab4144f2e99827610d928,444bdb39e9ec1e70b39a2e0198e71961,25685728,63814,1,1.5670296952127243e-05,94603,503,500,AVAILABLE_VALID_CACHE,1,444bdb39e9ec1e70b39a2e0198e71961,25685728,1,,1284f9141657400869b7eaef1ce7a19eb6fdf6e26e34509f819c6e0920dfd135,
2023-03-10,2023,2023-03,https://data.gdeltproject.org/gkg/20230310.gkg.csv.zip,https://data.gdeltproject.org/gkg/20230310.gkg.csv.zip,aa1cedac0304c0c97ad7279059ceb3523edc139209a18978db497d4e8c1d0e57,327350a51bdf2adc31fa855536b750b3,24421200,61286,1,1.631667400916997e-05,92860,503,500,AVAILABLE_VALID_CACHE,1,327350a51bdf2adc31fa855536b750b3,24421200,1,,1284f9141657400869b7eaef1ce7a19eb6fdf6e26e34509f819c6e0920dfd135,
2023-03-11,2023,2023-03,https://data.gdeltproject.org/gkg/20230311.gkg.csv.zip,https://data.gdeltproject.org/gkg/20230311.gkg.csv.zip,bc34412a527136ca06d8e8f8d4092f552f04efe5d93d871f001fc8c786ba63aa,14fe560cfa0c3253976e9e7e2e20e29a,13967524,34700,1,2.88176133252644e-05,53783,503,500,AVAILABLE_VALID_CACHE,1,14fe560cfa0c3253976e9e7e2e20e29a,13967524,1,,1284f9141657400869b7eaef1ce7a19eb6fdf6e26e34509f819c6e0920dfd135,
2023-03-12,2023,2023-03,https://data.gdeltproject.org/gkg/20230312.gkg.csv.zip,https://data.gdeltproject.org/gkg/20230312.gkg.csv.zip,57af0dcfd87998a77352f586c4714bbd360c7932569715ddb33d28a2301674d3,b0538e8a042276f28165ac114dea7623,12103524,29990,1,3.3343336334233605e-05,47465,503,500,AVAILABLE_VALID_CACHE,1,b0538e8a042276f28165ac114dea7623,12103524,1,,1284f9141657400869b7eaef1ce7a19eb6fdf6e26e34509f819c6e0920dfd135,
2023-03-13,2023,2023-03,https://data.gdeltproject.org/gkg/20230313.gkg.csv.zip,https://data.gdeltproject.org/gkg/20230313.gkg.csv.zip,09dd1302e2c50b84f9719b4a4c134c9c51b4a4a6aba3b74540433032d43f83a1,0b43b682b47a7b4a928ddf4d9fc2e427,22679614,57148,1,1.7498118952212637e-05,86678,503,500,AVAILABLE_VALID_CACHE,1,0b43b682b47a7b4a928ddf4d9fc2e427,22679614,1,,1284f9141657400869b7eaef1ce7a19eb6fdf6e26e34509f819c6e0920dfd135,
2023-03-14,2023,2023-03,https://data.gdeltproject.org/gkg/20230314.gkg.csv.zip,https://data.gdeltproject.org/gkg/20230314.gkg.csv.zip,54e5d510a0d49c29e429a39bc284be5b884595d5164d3784f581b2e432f2a510,5dd88782d62151ffacd9cd78d2a30ae3,24731128,62613,1,1.597086913469831e-05,93113,503,500,AVAILABLE_VALID_CACHE,1,5dd88782d62151ffacd9cd78d2a30ae3,24731128,1,,1284f9141657400869b7eaef1ce7a19eb6fdf6e26e34509f819c6e0920dfd135,
2023-03-15,2023,2023-03,https://data.gdeltproject.org/gkg/20230315.gkg.csv.zip,https://data.gdeltproject.org/gkg/20230315.gkg.csv.zip,08a3e61b7fa9f10044f01d6d627cc646edf8073bba046a9694cdc6b3aac70190,de4ca1f68dfe4dd6139285919c0da44a,26180177,65644,1,1.5233452662045852e-05,96878,503,500,AVAILABLE_VALID_CACHE,1,de4ca1f68dfe4dd6139285919c0da44a,26180177,1,,1284f9141657400869b7eaef1ce7a19eb6fdf6e26e34509f819c6e0920dfd135,
2023-03-16,2023,2023-03,https://data.gdeltproject.org/gkg/20230316.gkg.csv.zip,https://data.gdeltproject.org/gkg/20230316.gkg.csv.zip,f940ee5d3058858d1a4413da6eeae289271ab71c1ad42090d80472e4199321b8,934baa3b4b29b9f0d39604dc9183832e,25684093,64748,1,1.5444253965312206e-05,95971,503,500,AVAILABLE_VALID_CACHE,1,934baa3b4b29b9f0d39604dc9183832e,25684093,1,,1284f9141657400869b7eaef1ce7a19eb6fdf6e26e34509f819c6e0920dfd135,
2023-03-17,2023,2023-03,https://data.gdeltproject.org/gkg/20230317.gkg.csv.zip,https://data.gdeltproject.org/gkg/20230317.gkg.csv.zip,c1d2519c06dce407763ba7fcd80479d8a482404def88331f35dababc040561bc,ea1174cf138a3076eebba9d9df418cd4,23665927,59719,1,1.6744809109176154e-05,89301,503,500,AVAILABLE_VALID_CACHE,1,ea1174cf138a3076eebba9d9df418cd4,23665927,1,,1284f9141657400869b7eaef1ce7a19eb6fdf6e26e34509f819c6e0920dfd135,
2023-03-18,2023,2023-03,https://data.gdeltproject.org/gkg/20230318.gkg.csv.zip,https://data.gdeltproject.org/gkg/20230318.gkg.csv.zip,c10445ae4798d6585408364e5a2c0415cd038ce4c11c0e1257214fe02ac22f55,1b6d3b3df78e75f8b80b492c0246e03a,13863631,34515,1,2.897207092362962e-05,53489,503,500,AVAILABLE_VALID_CACHE,1,1b6d3b3df78e75f8b80b492c0246e03a,13863631,1,,1284f9141657400869b7eaef1ce7a19eb6fdf6e26e34509f819c6e0920dfd135,
2023-03-19,2023,2023-03,https://data.gdeltproject.org/gkg/20230319.gkg.csv.zip,https://data.gdeltproject.org/gkg/20230319.gkg.csv.zip,415fcc31d921c8bb57278134960b0dfca2f592e6dfe1ac9390c491c0d5b377ec,34616accf84edb2e97778ac59697732f,12287291,30249,1,3.305785123966942e-05,47608,503,500,AVAILABLE_VALID_CACHE,1,34616accf84edb2e97778ac59697732f,12287291,1,,1284f9141657400869b7eaef1ce7a19eb6fdf6e26e34509f819c6e0920dfd135,
2023-03-20,2023,2023-03,https://data.gdeltproject.org/gkg/20230320.gkg.csv.zip,https://data.gdeltproject.org/gkg/20230320.gkg.csv.zip,48dff4ec935c4e64a256d683dc5cd74644ecccd1672b5391c5bb975b56625f80,c5802a2a5c11b5af97b66d1ae45b18be,22540044,56494,1,1.7700681476236834e-05,84310,503,500,AVAILABLE_VALID_CACHE,1,c5802a2a5c11b5af97b66d1ae45b18be,22540044,1,,1284f9141657400869b7eaef1ce7a19eb6fdf6e26e34509f819c6e0920dfd135,
2023-03-21,2023,2023-03,https://data.gdeltproject.org/gkg/20230321.gkg.csv.zip,https://data.gdeltproject.org/gkg/20230321.gkg.csv.zip,add6dfdf0d2dcf820083dbcd075f44757f44d29db6bd2436b1b16059fa5b5112,8413821e5de14a3f0ea397206b1a431f,23003023,57972,1,1.7249409207734636e-05,85816,503,500,AVAILABLE_VALID_CACHE,1,8413821e5de14a3f0ea397206b1a431f,23003023,1,,1284f9141657400869b7eaef1ce7a19eb6fdf6e26e34509f819c6e0920dfd135,
2023-03-22,2023,2023-03,https://data.gdeltproject.org/gkg/20230322.gkg.csv.zip,,,,,,,,,503,500,DOCUMENTED_SOURCE_GAP,1,bd71df3ff8229c29898729ff5f210145,12132067,0,CATALOG_LISTED_BUT_UNDELIVERABLE_AFTER_RETRIES,1284f9141657400869b7eaef1ce7a19eb6fdf6e26e34509f819c6e0920dfd135,"Download failed after 6 attempts per endpoint: https://data.gdeltproject.org/gkg/20230322.gkg.csv.zip | Catalog size mismatch: observed=12133692, expected=12132067 | history=url=http://data.gdeltproject.org/gkg/20230322.gkg.csv.zip attempt=1 http= error=Catalog size mismatch: observed=12133692, expected=12132067 || url=http://data.gdeltproject.org/gkg/20230322.gkg.csv.zip attempt=2 http= error=Catalog size mismatch: observed=12133692, expected=12132067 || url=http://data.gdeltproject.org/gkg/20230322.gkg.csv.zip attempt=3 http= error=Catalog size mismatch: observed=12133692, expected=12132067 || url=http://data.gdeltproject.org/gkg/20230322.gkg.csv.zip attempt=4 http= error=Catalog size mismatch: observed=12133692, expected=12132067 || url=http://data.gdeltproject.org/gkg/20230322.gkg.csv.zip attempt=5 http= error=Catalog size mismatch: observed=12133692, expected=12132067 || url=http://data.gdeltproject.org/gkg/20230322.gkg.csv.zip attempt=6 http= error=Catalog size mismatch: observed=12133692, expected=12132067"
2023-03-23,2023,2023-03,https://data.gdeltproject.org/gkg/20230323.gkg.csv.zip,,,,,,,,,503,500,DOCUMENTED_SOURCE_GAP,1,273b5057d29cce6804ba2d9c9872b31b,38583688,0,CATALOG_LISTED_BUT_UNDELIVERABLE_AFTER_RETRIES,1284f9141657400869b7eaef1ce7a19eb6fdf6e26e34509f819c6e0920dfd135,Download failed after 6 attempts per endpoint: https://data.gdeltproject.org/gkg/20230323.gkg.csv.zip | HTTP Error 404: Not Found | history=url=http://data.gdeltproject.org/gkg/20230323.gkg.csv.zip attempt=1 http=404 error=HTTP Error 404: Not Found || url=http://data.gdeltproject.org/gkg/20230323.gkg.csv.zip attempt=2 http=404 error=HTTP Error 404: Not Found || url=http://data.gdeltproject.org/gkg/20230323.gkg.csv.zip attempt=3 http=404 error=HTTP Error 404: Not Found || url=http://data.gdeltproject.org/gkg/20230323.gkg.csv.zip attempt=4 http=404 error=HTTP Error 404: Not Found || url=http://data.gdeltproject.org/gkg/20230323.gkg.csv.zip attempt=5 http=404 error=HTTP Error 404: Not Found || url=http://data.gdeltproject.org/gkg/20230323.gkg.csv.zip attempt=6 http=404 error=HTTP Error 404: Not Found
2023-03-24,2023,2023-03,https://data.gdeltproject.org/gkg/20230324.gkg.csv.zip,https://data.gdeltproject.org/gkg/20230324.gkg.csv.zip,e356169adafeef8ac0f10e418826cb94769771d8e055dcda73b3cb5aa4078b5f,d717f7e327571c757d87d25358bdfd30,64441533,157564,1,6.346587122774728e-06,173291,503,500,AVAILABLE_VALID_CACHE,1,d717f7e327571c757d87d25358bdfd30,64441533,1,,1284f9141657400869b7eaef1ce7a19eb6fdf6e26e34509f819c6e0920dfd135,
2023-03-25,2023,2023-03,https://data.gdeltproject.org/gkg/20230325.gkg.csv.zip,https://data.gdeltproject.org/gkg/20230325.gkg.csv.zip,42f1bf4acee9de42713a54f4f1d6d80bd55b9a8837af100669ea54289da17c58,358b1ab64a5b0e2d2b6e8f6a1adecaae,38854533,93578,1,1.0686158219258595e-05,103707,503,500,AVAILABLE_VALID_CACHE,1,358b1ab64a5b0e2d2b6e8f6a1adecaae,38854533,1,,1284f9141657400869b7eaef1ce7a19eb6fdf6e26e34509f819c6e0920dfd135,
2023-03-26,2023,2023-03,https://data.gdeltproject.org/gkg/20230326.gkg.csv.zip,https://data.gdeltproject.org/gkg/20230326.gkg.csv.zip,fe671a6a5e460b862db263c2b22a27fa288886cc0f81c04c618c98f843dce2ab,a039932df1e67812149c457ed8832a37,32971632,79389,1,1.2596044841919638e-05,87505,503,500,AVAILABLE_VALID_CACHE,1,a039932df1e67812149c457ed8832a37,32971632,1,,1284f9141657400869b7eaef1ce7a19eb6fdf6e26e34509f819c6e0920dfd135,
2023-03-27,2023,2023-03,https://data.gdeltproject.org/gkg/20230327.gkg.csv.zip,https://data.gdeltproject.org/gkg/20230327.gkg.csv.zip,cd7690c30be609bde2ef3caa42ca21f1f19873267377cf3dd065fb760ae61c97,e3695749685755ddf48f92e238c38862,55017396,136776,1,7.311170737770239e-06,150181,503,500,AVAILABLE_VALID_CACHE,1,e3695749685755ddf48f92e238c38862,55017396,1,,1284f9141657400869b7eaef1ce7a19eb6fdf6e26e34509f819c6e0920dfd135,
2023-03-28,2023,2023-03,https://data.gdeltproject.org/gkg/20230328.gkg.csv.zip,https://data.gdeltproject.org/gkg/20230328.gkg.csv.zip,1cae9264a9fde693b28f8d5e8360a4b45a189e790ce8c55a0dc2eebc7418443c,ed47ed64b48862ec1d84cbf29ad33520,61181859,151669,1,6.593261686556339e-06,168370,503,500,AVAILABLE_VALID_CACHE,1,ed47ed64b48862ec1d84cbf29ad33520,61181859,1,,1284f9141657400869b7eaef1ce7a19eb6fdf6e26e34509f819c6e0920dfd135,
2023-03-29,2023,2023-03,https://data.gdeltproject.org/gkg/20230329.gkg.csv.zip,https://data.gdeltproject.org/gkg/20230329.gkg.csv.zip,5da5c0945951bce895c4b89c4aaf9e20ba849e066f5884e0d177373691827c62,a6cc35ab3db95fb662cca62d1f1d2d86,60974842,151634,1,6.594783526230752e-06,166877,503,500,AVAILABLE_VALID_CACHE,1,a6cc35ab3db95fb662cca62d1f1d2d86,60974842,1,,1284f9141657400869b7eaef1ce7a19eb6fdf6e26e34509f819c6e0920dfd135,
2023-03-30,2023,2023-03,https://data.gdeltproject.org/gkg/20230330.gkg.csv.zip,https://data.gdeltproject.org/gkg/20230330.gkg.csv.zip,a8a36a4c8d89a5c08ee2787059df4f6d4ce00d38e804f904f35f1ee7984c485a,1199ed27ed914530578a69a7a7733826,62054737,152546,1,6.5553567097353605e-06,167895,503,500,AVAILABLE_VALID_CACHE,1,1199ed27ed914530578a69a7a7733826,62054737,1,,1284f9141657400869b7eaef1ce7a19eb6fdf6e26e34509f819c6e0920dfd135,
2023-03-31,2023,2023-03,https://data.gdeltproject.org/gkg/20230331.gkg.csv.zip,https://data.gdeltproject.org/gkg/20230331.gkg.csv.zip,1afea78d8628563f6fd8880943e240756ffd2e000d36643132f7b9da270e8fb3,0c5708357b6c79c640c8ad1c05c8f3c9,60905378,148288,1,6.743588533202058e-06,162260,503,500,AVAILABLE_VALID_CACHE,1,0c5708357b6c79c640c8ad1c05c8f3c9,60905378,1,,1284f9141657400869b7eaef1ce7a19eb6fdf6e26e34509f819c6e0920dfd135,
2023-04-01,2023,2023-04,https://data.gdeltproject.org/gkg/20230401.gkg.csv.zip,https://data.gdeltproject.org/gkg/20230401.gkg.csv.zip,a87202c38ef1dfcbc2525a1c86b9b195604427bbf6c4263ed6ca01746f70a709,4f7355f3e11e87a1235e1ce223bc2ef1,34973466,82476,1,1.2124592310583557e-05,91594,503,500,AVAILABLE_VALID_CACHE,1,4f7355f3e11e87a1235e1ce223bc2ef1,34973466,1,,1284f9141657400869b7eaef1ce7a19eb6fdf6e26e34509f819c6e0920dfd135,
2023-04-02,2023,2023-04,https://data.gdeltproject.org/gkg/20230402.gkg.csv.zip,https://data.gdeltproject.org/gkg/20230402.gkg.csv.zip,4f94648a8c04cc9a0d9881621dd5ee954747da8a330fe33457111e01cf0be746,aadd6f5917b5788c9c0cb01ab36b685f,30541997,72207,1,1.3848881010414358e-05,79753,503,500,AVAILABLE_VALID_CACHE,1,aadd6f5917b5788c9c0cb01ab36b685f,30541997,1,,1284f9141657400869b7eaef1ce7a19eb6fdf6e26e34509f819c6e0920dfd135,
2023-04-03,2023,2023-04,https://data.gdeltproject.org/gkg/20230403.gkg.csv.zip,https://data.gdeltproject.org/gkg/20230403.gkg.csv.zip,fce7cdd251eb54727eca07c176f7f5b4c30f8eed2f059ca93540ede1a31a6027,33aa50f7e514f00e2a3a905580ae9d71,53542362,132487,1,7.547853390495743e-06,146536,503,500,AVAILABLE_VALID_CACHE,1,33aa50f7e514f00e2a3a905580ae9d71,53542362,1,,1284f9141657400869b7eaef1ce7a19eb6fdf6e26e34509f819c6e0920dfd135,
2023-04-04,2023,2023-04,https://data.gdeltproject.org/gkg/20230404.gkg.csv.zip,https://data.gdeltproject.org/gkg/20230404.gkg.csv.zip,27428c18b9fff5eca4bd41f673f8201bc9796428a6c81d6f5bcf9cf35faa8829,2c82e9ab1fc036323f944c4c18388da6,59563718,148289,1,6.7435430575224225e-06,163266,503,500,AVAILABLE_VALID_CACHE,1,2c82e9ab1fc036323f944c4c18388da6,59563718,1,,1284f9141657400869b7eaef1ce7a19eb6fdf6e26e34509f819c6e0920dfd135,
2023-04-05,2023,2023-04,https://data.gdeltproject.org/gkg/20230405.gkg.csv.zip,https://data.gdeltproject.org/gkg/20230405.gkg.csv.zip,855a5e101c38d440aeec0a01a81323a1a8d834168942ac615aa09120ac98f6b2,24b35709630e600c73051234fddde39d,59865674,148265,1,6.744634643141381e-06,163982,503,500,AVAILABLE_VALID_CACHE,1,24b35709630e600c73051234fddde39d,59865674,1,,1284f9141657400869b7eaef1ce7a19eb6fdf6e26e34509f819c6e0920dfd135,
2023-04-06,2023,2023-04,https://data.gdeltproject.org/gkg/20230406.gkg.csv.zip,https://data.gdeltproject.org/gkg/20230406.gkg.csv.zip,e25c2b26719e370f0eacf6cd4132d3070e69f948e27f3dbaec39492ed411eaa0,9d0d8fdd8f4688d8b9f715550be78a12,56586771,141698,1,7.057212824367145e-06,155231,503,500,AVAILABLE_VALID_CACHE,1,9d0d8fdd8f4688d8b9f715550be78a12,56586771,1,,1284f9141657400869b7eaef1ce7a19eb6fdf6e26e34509f819c6e0920dfd135,
2023-04-07,2023,2023-04,https://data.gdeltproject.org/gkg/20230407.gkg.csv.zip,https://data.gdeltproject.org/gkg/20230407.gkg.csv.zip,a8687e6006a2ec6fcc37db3c9b44dc47e86fdc670e5625efa6a75c315dd6af4a,23a9ef8059cf090ed38903d187e7fec6,46972270,115242,1,8.677316626606388e-06,128429,503,500,AVAILABLE_VALID_CACHE,1,23a9ef8059cf090ed38903d187e7fec6,46972270,1,,1284f9141657400869b7eaef1ce7a19eb6fdf6e26e34509f819c6e0920dfd135,
2023-04-08,2023,2023-04,https://data.gdeltproject.org/gkg/20230408.gkg.csv.zip,https://data.gdeltproject.org/gkg/20230408.gkg.csv.zip,ec5d7b4cd69e1acedc0ff0bf90f8a0f53c0fc7b2b89fea2057cde5da98c26e52,3a9b17d544b75f30f067ecf7f8cf947b,29887033,73145,1,1.3671287561862577e-05,80161,503,500,AVAILABLE_VALID_CACHE,1,3a9b17d544b75f30f067ecf7f8cf947b,29887033,1,,1284f9141657400869b7eaef1ce7a19eb6fdf6e26e34509f819c6e0920dfd135,
2023-04-09,2023,2023-04,https://data.gdeltproject.org/gkg/20230409.gkg.csv.zip,https://data.gdeltproject.org/gkg/20230409.gkg.csv.zip,1f4871b3136d566c6184cd095aa8a9ea5a1959de1da796940a131faeb35fa513,2fa5b989e820ff2dd491d9dcde95a8f3,24924885,61552,1,1.6246161844264292e-05,69372,503,500,AVAILABLE_VALID_CACHE,1,2fa5b989e820ff2dd491d9dcde95a8f3,24924885,1,,1284f9141657400869b7eaef1ce7a19eb6fdf6e26e34509f819c6e0920dfd135,
2023-04-10,2023,2023-04,https://data.gdeltproject.org/gkg/20230410.gkg.csv.zip,https://data.gdeltproject.org/gkg/20230410.gkg.csv.zip,1e5d803cc3df93106535d7d3b2a919f1f8ef61c9234ff135445d4831ad422feb,7ebb8a17e15c6a691b57e53ce78e127c,44092086,108784,1,9.192443811187204e-06,122695,503,500,AVAILABLE_VALID_CACHE,1,7ebb8a17e15c6a691b57e53ce78e127c,44092086,1,,1284f9141657400869b7eaef1ce7a19eb6fdf6e26e34509f819c6e0920dfd135,
2023-04-11,2023,2023-04,https://data.gdeltproject.org/gkg/20230411.gkg.csv.zip,https://data.gdeltproject.org/gkg/20230411.gkg.csv.zip,358cee6f147bcbbaa037a711d71cc0452d94980b89b57610546b1f78d7b82eda,ee75852663059a34f25094a1918a9203,53735633,133689,1,7.479991024010771e-06,149808,503,500,AVAILABLE_VALID_CACHE,1,ee75852663059a34f25094a1918a9203,53735633,1,,1284f9141657400869b7eaef1ce7a19eb6fdf6e26e34509f819c6e0920dfd135,
2023-04-12,2023,2023-04,https://data.gdeltproject.org/gkg/20230412.gkg.csv.zip,https://data.gdeltproject.org/gkg/20230412.gkg.csv.zip,65d84f2a489d95478ff91332c43f4166a81784aecb34205a8e8fa7a27e304eca,a0c6e8836eb439191f758b0aea805bd6,56040466,140778,1,7.1033321731224115e-06,154366,503,500,AVAILABLE_VALID_CACHE,1,a0c6e8836eb439191f758b0aea805bd6,56040466,1,,1284f9141657400869b7eaef1ce7a19eb6fdf6e26e34509f819c6e0920dfd135,
2023-04-13,2023,2023-04,https://data.gdeltproject.org/gkg/20230413.gkg.csv.zip,https://data.gdeltproject.org/gkg/20230413.gkg.csv.zip,15c259ad3e424e81bae345f12bd9f30af938ab6d79edd5652feb4b2a2b93f281,3e7c92d19e9626eaca5c123730ef6b81,57248730,144097,1,6.939721578370276e-06,158659,503,500,AVAILABLE_VALID_CACHE,1,3e7c92d19e9626eaca5c123730ef6b81,57248730,1,,1284f9141657400869b7eaef1ce7a19eb6fdf6e26e34509f819c6e0920dfd135,
2023-04-14,2023,2023-04,https://data.gdeltproject.org/gkg/20230414.gkg.csv.zip,https://data.gdeltproject.org/gkg/20230414.gkg.csv.zip,d089430d778dfdc746c62c9e33e8aac379b8aec50580408af3fb7cc6c0b60188,0a4bd28f8a19d9732ed15092ee5c4da1,53706009,134383,1,7.441362066912728e-06,147468,503,500,AVAILABLE_VALID_CACHE,1,0a4bd28f8a19d9732ed15092ee5c4da1,53706009,1,,1284f9141657400869b7eaef1ce7a19eb6fdf6e26e34509f819c6e0920dfd135,
2023-04-15,2023,2023-04,https://data.gdeltproject.org/gkg/20230415.gkg.csv.zip,https://data.gdeltproject.org/gkg/20230415.gkg.csv.zip,aee5c77b19fdf6bf2c83ebe1239c5bf4d87147da2a13b93ee0cda2a2ec3c92df,6a17633b5bd625218d03dbbe0558ea5e,31101204,76465,1,1.3077707739387441e-05,84232,503,500,AVAILABLE_VALID_CACHE,1,6a17633b5bd625218d03dbbe0558ea5e,31101204,1,,1284f9141657400869b7eaef1ce7a19eb6fdf6e26e34509f819c6e0920dfd135,
2023-04-16,2023,2023-04,https://data.gdeltproject.org/gkg/20230416.gkg.csv.zip,https://data.gdeltproject.org/gkg/20230416.gkg.csv.zip,00b56f589404aaa2257398de64f64369a4b59e49ff00cbbccb4ccd7bcf01b618,35dbeac2d21dfc93249bc29f04155b34,28441783,68329,1,1.4634860237084735e-05,75801,503,500,AVAILABLE_VALID_CACHE,1,35dbeac2d21dfc93249bc29f04155b34,28441783,1,,1284f9141657400869b7eaef1ce7a19eb6fdf6e26e34509f819c6e0920dfd135,
2023-04-17,2023,2023-04,https://data.gdeltproject.org/gkg/20230417.gkg.csv.zip,https://data.gdeltproject.org/gkg/20230417.gkg.csv.zip,60e6868eb08b8f75656612f8ecb2a695e3ec6df2124d39071cd0253a7ef29cd6,8e12d78b94d16f39de23d4b36a21fc97,49588252,123319,1,8.10898475510866e-06,137536,503,500,AVAILABLE_VALID_CACHE,1,8e12d78b94d16f39de23d4b36a21fc97,49588252,1,,1284f9141657400869b7eaef1ce7a19eb6fdf6e26e34509f819c6e0920dfd135,
2023-04-18,2023,2023-04,https://data.gdeltproject.org/gkg/20230418.gkg.csv.zip,https://data.gdeltproject.org/gkg/20230418.gkg.csv.zip,7ec38c73cf7cae4c73ba6d46f9634180bf6720ff9299c33371b565612daa5751,49c06654f7579aaaf1ccafb9c86dfe64,55725189,139618,1,7.162348963966222e-06,155588,503,500,AVAILABLE_VALID_CACHE,1,49c06654f7579aaaf1ccafb9c86dfe64,55725189,1,,1284f9141657400869b7eaef1ce7a19eb6fdf6e26e34509f819c6e0920dfd135,
2023-04-19,2023,2023-04,https://data.gdeltproject.org/gkg/20230419.gkg.csv.zip,https://data.gdeltproject.org/gkg/20230419.gkg.csv.zip,bccdae5137e6d0b3a702a541244d1ffa7271a5d01cdfac16289b66a7b2523375,cfdc1483b8c4b4bc1ec6666b6285793a,57572285,143094,1,6.988364373318425e-06,157642,503,500,AVAILABLE_VALID_CACHE,1,cfdc1483b8c4b4bc1ec6666b6285793a,57572285,1,,1284f9141657400869b7eaef1ce7a19eb6fdf6e26e34509f819c6e0920dfd135,
2023-04-20,2023,2023-04,https://data.gdeltproject.org/gkg/20230420.gkg.csv.zip,https://data.gdeltproject.org/gkg/20230420.gkg.csv.zip,6a83e1c9f3f5b5dbf655f6771d1ea6154ae0ab2204bdf67172efc0c8d3996904,730c862d33641310b27f40689f32a582,56493174,142198,1,7.032398258778191e-06,156252,503,500,AVAILABLE_VALID_CACHE,1,730c862d33641310b27f40689f32a582,56493174,1,,1284f9141657400869b7eaef1ce7a19eb6fdf6e26e34509f819c6e0920dfd135,
2023-04-21,2023,2023-04,https://data.gdeltproject.org/gkg/20230421.gkg.csv.zip,https://data.gdeltproject.org/gkg/20230421.gkg.csv.zip,68be438ad756f29f2031719169957ff0ce333d66e57bb79c0afcbfba80fbde4c,3881ce5cfd39bd705898a546f41ef6d0,52955454,132459,1,7.549448890231013e-06,146318,503,500,AVAILABLE_VALID_CACHE,1,3881ce5cfd39bd705898a546f41ef6d0,52955454,1,,1284f9141657400869b7eaef1ce7a19eb6fdf6e26e34509f819c6e0920dfd135,
2023-04-22,2023,2023-04,https://data.gdeltproject.org/gkg/20230422.gkg.csv.zip,https://data.gdeltproject.org/gkg/20230422.gkg.csv.zip,3f2f848821c5bddd19dfb0a240db05f9e9e94d010d11afd684e09cfb1887651a,0b5447e2dcbcd2efc29039c3845e099a,30098518,73767,1,1.355601344756534e-05,80566,503,500,AVAILABLE_VALID_CACHE,1,0b5447e2dcbcd2efc29039c3845e099a,30098518,1,,1284f9141657400869b7eaef1ce7a19eb6fdf6e26e34509f819c6e0920dfd135,
2023-04-23,2023,2023-04,https://data.gdeltproject.org/gkg/20230423.gkg.csv.zip,https://data.gdeltproject.org/gkg/20230423.gkg.csv.zip,ba32eb81cd5205f24f9c7978460d4830a469cf230ad7613145ed2210202d192e,60aa974bd09ceaea60a1e26143c431f9,27051134,64447,1,1.551638530287984e-05,71230,503,500,AVAILABLE_VALID_CACHE,1,60aa974bd09ceaea60a1e26143c431f9,27051134,1,,1284f9141657400869b7eaef1ce7a19eb6fdf6e26e34509f819c6e0920dfd135,
2023-04-24,2023,2023-04,https://data.gdeltproject.org/gkg/20230424.gkg.csv.zip,https://data.gdeltproject.org/gkg/20230424.gkg.csv.zip,cb2ef0cee474301743e6258f1621c427a5855b27c271ef6efb821af84e06f0e2,8d014e5b194ed98bfc18782f2971f850,49174819,121530,1,8.228353259662143e-06,134786,503,500,AVAILABLE_VALID_CACHE,1,8d014e5b194ed98bfc18782f2971f850,49174819,1,,1284f9141657400869b7eaef1ce7a19eb6fdf6e26e34509f819c6e0920dfd135,
2023-04-25,2023,2023-04,https://data.gdeltproject.org/gkg/20230425.gkg.csv.zip,https://data.gdeltproject.org/gkg/20230425.gkg.csv.zip,9d32c981ee55e1558fd717897acfb455019e5d31af844ac6d8e4874551d338ea,7fde9ba70b3c233e0ed2f2412e2d3bfe,56194035,138959,1,7.196315486470927e-06,154475,503,500,AVAILABLE_VALID_CACHE,1,7fde9ba70b3c233e0ed2f2412e2d3bfe,56194035,1,,1284f9141657400869b7eaef1ce7a19eb6fdf6e26e34509f819c6e0920dfd135,
2023-04-26,2023,2023-04,https://data.gdeltproject.org/gkg/20230426.gkg.csv.zip,https://data.gdeltproject.org/gkg/20230426.gkg.csv.zip,a0814576b5615fdbf2e211c5baed45058af974cd9b7dd56bcaa4444896e7e126,cfcb133f3413842d2bec2b603a714312,56742746,140096,1,7.137911589827048e-06,154318,503,500,AVAILABLE_VALID_CACHE,1,cfcb133f3413842d2bec2b603a714312,56742746,1,,1284f9141657400869b7eaef1ce7a19eb6fdf6e26e34509f819c6e0920dfd135,
2023-04-27,2023,2023-04,https://data.gdeltproject.org/gkg/20230427.gkg.csv.zip,https://data.gdeltproject.org/gkg/20230427.gkg.csv.zip,95006768ea41608ca76684718c88751cf0dc0b6bb8efc27e59ad4dcd9f972fc8,f9b95f92f446196a1a3f4fb70384a9d6,58938641,145823,1,6.857581742374369e-06,160118,503,500,AVAILABLE_VALID_CACHE,1,f9b95f92f446196a1a3f4fb70384a9d6,58938641,1,,1284f9141657400869b7eaef1ce7a19eb6fdf6e26e34509f819c6e0920dfd135,
2023-04-28,2023,2023-04,https://data.gdeltproject.org/gkg/20230428.gkg.csv.zip,https://data.gdeltproject.org/gkg/20230428.gkg.csv.zip,4c73e13c83a92c142015064291dcbe44e429fc0c48daad5d9757b62d6211b28d,a6bc1d75c9a37030c082e9d05c83c27b,55383667,136766,1,7.311705309029225e-06,150751,503,500,AVAILABLE_VALID_CACHE,1,a6bc1d75c9a37030c082e9d05c83c27b,55383667,1,,1284f9141657400869b7eaef1ce7a19eb6fdf6e26e34509f819c6e0920dfd135,
2023-04-29,2023,2023-04,https://data.gdeltproject.org/gkg/20230429.gkg.csv.zip,https://data.gdeltproject.org/gkg/20230429.gkg.csv.zip,1c5b596b624e6e36d9f188d8534734f41ae40b614498b9697ee9f05adbc404b4,f61e504858d44fe51acd8d81a8b0a43f,31591164,77286,1,1.2938786600592596e-05,84872,503,500,AVAILABLE_VALID_CACHE,1,f61e504858d44fe51acd8d81a8b0a43f,31591164,1,,1284f9141657400869b7eaef1ce7a19eb6fdf6e26e34509f819c6e0920dfd135,
2023-04-30,2023,2023-04,https://data.gdeltproject.org/gkg/20230430.gkg.csv.zip,https://data.gdeltproject.org/gkg/20230430.gkg.csv.zip,21074f4088d1607cb420ab02330d30b26d743bd186fc1561d46352199524bfd4,3f5d06bacd0c81e9d9eb136d04ce1641,29702896,71508,1,1.3984253730299683e-05,78745,503,500,AVAILABLE_VALID_CACHE,1,3f5d06bacd0c81e9d9eb136d04ce1641,29702896,1,,1284f9141657400869b7eaef1ce7a19eb6fdf6e26e34509f819c6e0920dfd135,
2023-05-01,2023,2023-05,https://data.gdeltproject.org/gkg/20230501.gkg.csv.zip,https://data.gdeltproject.org/gkg/20230501.gkg.csv.zip,5ce53996f2b396eb373628397e60617c2c0cd39af2e1151b508225d60bfcf9c6,7310278f361b51a6acf3ab9c337c4e91,47731357,117364,1,8.520427725471818e-06,129529,503,500,AVAILABLE_VALID_CACHE,1,7310278f361b51a6acf3ab9c337c4e91,47731357,1,,1284f9141657400869b7eaef1ce7a19eb6fdf6e26e34509f819c6e0920dfd135,
2023-05-02,2023,2023-05,https://data.gdeltproject.org/gkg/20230502.gkg.csv.zip,https://data.gdeltproject.org/gkg/20230502.gkg.csv.zip,fbe7393685eb5dd16d86b314e27e3a22e6d70ef81f220c81bf6cd8e30f9225e4,7f8d41912c113294f97ffdb809765f0d,57408419,142940,1,6.995893410567996e-06,158716,503,500,AVAILABLE_VALID_CACHE,1,7f8d41912c113294f97ffdb809765f0d,57408419,1,,1284f9141657400869b7eaef1ce7a19eb6fdf6e26e34509f819c6e0920dfd135,
2023-05-03,2023,2023-05,https://data.gdeltproject.org/gkg/20230503.gkg.csv.zip,https://data.gdeltproject.org/gkg/20230503.gkg.csv.zip,fa23c8409659529921168194ff517b71e656e8b787df4eb184ac18206b7d210f,2d40888a404a2041eb69accc4d71e4cb,57552095,144055,1,6.941744876992281e-06,158276,503,500,AVAILABLE_VALID_CACHE,1,2d40888a404a2041eb69accc4d71e4cb,57552095,1,,1284f9141657400869b7eaef1ce7a19eb6fdf6e26e34509f819c6e0920dfd135,
2023-05-04,2023,2023-05,https://data.gdeltproject.org/gkg/20230504.gkg.csv.zip,https://data.gdeltproject.org/gkg/20230504.gkg.csv.zip,681ca9af739a1ba75af18395c8028fb216f73c49423ab1c33750660cd7c494eb,09f13a8f9d5c452e59f37ed1d4ff6ff8,59082436,146582,1,6.8220735010199e-06,160558,503,500,AVAILABLE_VALID_CACHE,1,09f13a8f9d5c452e59f37ed1d4ff6ff8,59082436,1,,1284f9141657400869b7eaef1ce7a19eb6fdf6e26e34509f819c6e0920dfd135,
2023-05-05,2023,2023-05,https://data.gdeltproject.org/gkg/20230505.gkg.csv.zip,https://data.gdeltproject.org/gkg/20230505.gkg.csv.zip,b0c9e3ad8c7dd32d52c2de2afd1674dfc91ffeb202d77cb70296b6d5698454ca,d7628a28a7c00597ed849104c648cb1d,55226748,136319,1,7.335680751173709e-06,150089,503,500,AVAILABLE_VALID_CACHE,1,d7628a28a7c00597ed849104c648cb1d,55226748,1,,1284f9141657400869b7eaef1ce7a19eb6fdf6e26e34509f819c6e0920dfd135,
2023-05-06,2023,2023-05,https://data.gdeltproject.org/gkg/20230506.gkg.csv.zip,https://data.gdeltproject.org/gkg/20230506.gkg.csv.zip,3047b8c3edc10a3a9b73761caba37844118db5f3699c933c21fca963ea09a849,3af45c3317b4b060391011e7050a4d73,32925655,82108,1,1.2178932881900888e-05,90112,503,500,AVAILABLE_VALID_CACHE,1,3af45c3317b4b060391011e7050a4d73,32925655,1,,1284f9141657400869b7eaef1ce7a19eb6fdf6e26e34509f819c6e0920dfd135,
2023-05-07,2023,2023-05,https://data.gdeltproject.org/gkg/20230507.gkg.csv.zip,https://data.gdeltproject.org/gkg/20230507.gkg.csv.zip,2d018bdc584af2c081026d505b363e9b691945e194f13b0051bd30535c95ef2b,e68a7228605a07a0143d20cd7b759969,29131564,70759,1,1.4132278123233465e-05,76690,503,500,AVAILABLE_VALID_CACHE,1,e68a7228605a07a0143d20cd7b759969,29131564,1,,1284f9141657400869b7eaef1ce7a19eb6fdf6e26e34509f819c6e0920dfd135,
2023-05-08,2023,2023-05,https://data.gdeltproject.org/gkg/20230508.gkg.csv.zip,https://data.gdeltproject.org/gkg/20230508.gkg.csv.zip,06f08379054ae78778e0393a1b075af02412105f66bd6ca8c412d856ac425aa3,c56aa10a69d7fde46fe9f144c91f8c26,48580674,119686,1,8.35512628773384e-06,133383,503,500,AVAILABLE_VALID_CACHE,1,c56aa10a69d7fde46fe9f144c91f8c26,48580674,1,,1284f9141657400869b7eaef1ce7a19eb6fdf6e26e34509f819c6e0920dfd135,
2023-05-09,2023,2023-05,https://data.gdeltproject.org/gkg/20230509.gkg.csv.zip,https://data.gdeltproject.org/gkg/20230509.gkg.csv.zip,e655893ec020b3317d71d5238ed022ba99f6a5829c19d5175826f413c46394b0,c81eefab7676c83f44fbea7d7d55fc7f,56428276,139426,1,7.172211981897337e-06,153896,503,500,AVAILABLE_VALID_CACHE,1,c81eefab7676c83f44fbea7d7d55fc7f,56428276,1,,1284f9141657400869b7eaef1ce7a19eb6fdf6e26e34509f819c6e0920dfd135,
2023-05-10,2023,2023-05,https://data.gdeltproject.org/gkg/20230510.gkg.csv.zip,https://data.gdeltproject.org/gkg/20230510.gkg.csv.zip,7e9cd670b1ffd9a0d403ed4aa9d54bd2405242721ea8e15b05ee0b10b006cc5f,b8304ef56c6af23f16f78bb407349bb7,56512250,141720,1,7.05611730089401e-06,156529,503,500,AVAILABLE_VALID_CACHE,1,b8304ef56c6af23f16f78bb407349bb7,56512250,1,,1284f9141657400869b7eaef1ce7a19eb6fdf6e26e34509f819c6e0920dfd135,
2023-05-11,2023,2023-05,https://data.gdeltproject.org/gkg/20230511.gkg.csv.zip,https://data.gdeltproject.org/gkg/20230511.gkg.csv.zip,ab05efefe13652693b64c7741923cc8c1b151992e4a1b5eb1979417d05eb23f6,3b5fd8d6bd5f62663c2f4a5b97520a5a,55511152,137508,1,7.27225127082591e-06,152187,503,500,AVAILABLE_VALID_CACHE,1,3b5fd8d6bd5f62663c2f4a5b97520a5a,55511152,1,,1284f9141657400869b7eaef1ce7a19eb6fdf6e26e34509f819c6e0920dfd135,
2023-05-12,2023,2023-05,https://data.gdeltproject.org/gkg/20230512.gkg.csv.zip,https://data.gdeltproject.org/gkg/20230512.gkg.csv.zip,ad0d81f1b106795dc2ec39273f38fc167c2fa05439d84fe5ac274c71e78da931,68433044b11333a82f07ea67061a48f9,54743103,133848,1,7.471105499480758e-06,147331,503,500,AVAILABLE_VALID_CACHE,1,68433044b11333a82f07ea67061a48f9,54743103,1,,1284f9141657400869b7eaef1ce7a19eb6fdf6e26e34509f819c6e0920dfd135,
2023-05-13,2023,2023-05,https://data.gdeltproject.org/gkg/20230513.gkg.csv.zip,https://data.gdeltproject.org/gkg/20230513.gkg.csv.zip,a799e533a8412cdf0af5b76d0e70f4c37b6b7b25c864b429cff6d17a636816db,0182de5a49667104d4191a044e9f1f53,32485474,77356,1,1.2927078351021885e-05,86190,503,500,AVAILABLE_VALID_CACHE,1,0182de5a49667104d4191a044e9f1f53,32485474,1,,1284f9141657400869b7eaef1ce7a19eb6fdf6e26e34509f819c6e0920dfd135,
2023-05-14,2023,2023-05,https://data.gdeltproject.org/gkg/20230514.gkg.csv.zip,https://data.gdeltproject.org/gkg/20230514.gkg.csv.zip,2b5d5f34fdd9995d1fe4e2f6b4722565a79efed43b22c2da734f01d088ddeb3e,35a301d299ba21d7f819345494a274de,28053385,66629,1,1.5008254539996998e-05,73317,503,500,AVAILABLE_VALID_CACHE,1,35a301d299ba21d7f819345494a274de,28053385,1,,1284f9141657400869b7eaef1ce7a19eb6fdf6e26e34509f819c6e0920dfd135,
2023-05-15,2023,2023-05,https://data.gdeltproject.org/gkg/20230515.gkg.csv.zip,https://data.gdeltproject.org/gkg/20230515.gkg.csv.zip,c6d0728ef3da7acac7a1d3ff69538e06f71d57644152b550dc3ca8f6577e6748,24645e605368a4cd9856ae5fe2f477dd,49263436,122341,1,8.17380785012506e-06,137072,503,500,AVAILABLE_VALID_CACHE,1,24645e605368a4cd9856ae5fe2f477dd,49263436,1,,1284f9141657400869b7eaef1ce7a19eb6fdf6e26e34509f819c6e0920dfd135,
2023-05-16,2023,2023-05,https://data.gdeltproject.org/gkg/20230516.gkg.csv.zip,https://data.gdeltproject.org/gkg/20230516.gkg.csv.zip,eb5a06c210b1d1a1095151da3676bf226325529091e4e700b3b0fb0a211d41c7,f81917eb0a9dae87a228cdf2b01bd564,54502055,137556,1,7.269713645979485e-06,154085,503,500,AVAILABLE_VALID_CACHE,1,f81917eb0a9dae87a228cdf2b01bd564,54502055,1,,1284f9141657400869b7eaef1ce7a19eb6fdf6e26e34509f819c6e0920dfd135,
2023-05-17,2023,2023-05,https://data.gdeltproject.org/gkg/20230517.gkg.csv.zip,https://data.gdeltproject.org/gkg/20230517.gkg.csv.zip,6538bfc0f7acb172ede047fbf39c2547ae30e133e3d262ffdfc9fc1b63f6bc01,c43b4429052e47569879ba382701b59f,57022911,141689,1,7.057661091114404e-06,157034,503,500,AVAILABLE_VALID_CACHE,1,c43b4429052e47569879ba382701b59f,57022911,1,,1284f9141657400869b7eaef1ce7a19eb6fdf6e26e34509f819c6e0920dfd135,
2023-05-18,2023,2023-05,https://data.gdeltproject.org/gkg/20230518.gkg.csv.zip,https://data.gdeltproject.org/gkg/20230518.gkg.csv.zip,2ce94844266390b663abe9ed50b5231ebc9851f63227f84d894867f53e6c096f,34feecf7d40a177b01f1156c8e5daf2a,55530355,138177,1,7.23704207616263e-06,155138,503,500,AVAILABLE_VALID_CACHE,1,34feecf7d40a177b01f1156c8e5daf2a,55530355,1,,1284f9141657400869b7eaef1ce7a19eb6fdf6e26e34509f819c6e0920dfd135,
2023-05-19,2023,2023-05,https://data.gdeltproject.org/gkg/20230519.gkg.csv.zip,https://data.gdeltproject.org/gkg/20230519.gkg.csv.zip,04a683fbdf7364ff8d2b9b7ef3fc3c23a5679afe22313aff1126c164049df84b,3acc6dbcb2961e6093048d3f3bfd33f7,53399453,130652,1,7.653861755948965e-06,145345,503,500,AVAILABLE_VALID_CACHE,1,3acc6dbcb2961e6093048d3f3bfd33f7,53399453,1,,1284f9141657400869b7eaef1ce7a19eb6fdf6e26e34509f819c6e0920dfd135,
2023-05-20,2023,2023-05,https://data.gdeltproject.org/gkg/20230520.gkg.csv.zip,https://data.gdeltproject.org/gkg/20230520.gkg.csv.zip,fe35d87d356e514309e396684bf9dcf0116a6b84822f6b007f184e7b05a32bba,a31a61dd2a3a3f4b9b101dbe43a085cd,31669632,76028,1,1.3152875876310355e-05,84163,503,500,AVAILABLE_VALID_CACHE,1,a31a61dd2a3a3f4b9b101dbe43a085cd,31669632,1,,1284f9141657400869b7eaef1ce7a19eb6fdf6e26e34509f819c6e0920dfd135,
2023-05-21,2023,2023-05,https://data.gdeltproject.org/gkg/20230521.gkg.csv.zip,https://data.gdeltproject.org/gkg/20230521.gkg.csv.zip,04e2f0715262a020a46216ed65b8478a4430e60c52c13643e87977389a1e1713,208f9302b7691956937bb8f51d33cbda,27740378,66600,1,1.5014789567724208e-05,74119,503,500,AVAILABLE_VALID_CACHE,1,208f9302b7691956937bb8f51d33cbda,27740378,1,,1284f9141657400869b7eaef1ce7a19eb6fdf6e26e34509f819c6e0920dfd135,
2023-05-22,2023,2023-05,https://data.gdeltproject.org/gkg/20230522.gkg.csv.zip,https://data.gdeltproject.org/gkg/20230522.gkg.csv.zip,2e364d2f7422936a8a71b2b3c491183c89b3716a922b9b99e64ffa760ca178be,a3213aedc17b848c3e6db365d7a42db5,47294925,117892,1,8.482267819124121e-06,131444,503,500,AVAILABLE_VALID_CACHE,1,a3213aedc17b848c3e6db365d7a42db5,47294925,1,,1284f9141657400869b7eaef1ce7a19eb6fdf6e26e34509f819c6e0920dfd135,
2023-05-23,2023,2023-05,https://data.gdeltproject.org/gkg/20230523.gkg.csv.zip,https://data.gdeltproject.org/gkg/20230523.gkg.csv.zip,e339eb6d1e9ea4786e5c7759d477b57ba4045999dd259c1955159e1ceff0f778,83f3d8411a47f37f53ed0aaae21b6ee5,51421964,130234,1,7.67842745805659e-06,145860,503,500,AVAILABLE_VALID_CACHE,1,83f3d8411a47f37f53ed0aaae21b6ee5,51421964,1,,1284f9141657400869b7eaef1ce7a19eb6fdf6e26e34509f819c6e0920dfd135,
2023-05-24,2023,2023-05,https://data.gdeltproject.org/gkg/20230524.gkg.csv.zip,https://data.gdeltproject.org/gkg/20230524.gkg.csv.zip,c9f00ae31c8f72636988095ca8260f0cd051d2061e338d48884171b2d6c01e43,0751cd9b0f98105769583aa309db9307,54535298,137935,1,7.2497390093956615e-06,153639,503,500,AVAILABLE_VALID_CACHE,1,0751cd9b0f98105769583aa309db9307,54535298,1,,1284f9141657400869b7eaef1ce7a19eb6fdf6e26e34509f819c6e0920dfd135,
2023-05-25,2023,2023-05,https://data.gdeltproject.org/gkg/20230525.gkg.csv.zip,https://data.gdeltproject.org/gkg/20230525.gkg.csv.zip,1a3d92910f4c705786ad0b91a1ccac131166c9253454a26917fa053f4ebaf27c,f39354697e8ffc0e3aa55570707e6650,54965216,136599,1,7.320644216691069e-06,151359,503,500,AVAILABLE_VALID_CACHE,1,f39354697e8ffc0e3aa55570707e6650,54965216,1,,1284f9141657400869b7eaef1ce7a19eb6fdf6e26e34509f819c6e0920dfd135,
2023-05-26,2023,2023-05,https://data.gdeltproject.org/gkg/20230526.gkg.csv.zip,https://data.gdeltproject.org/gkg/20230526.gkg.csv.zip,20713b5e10168d7df5a07c5a9046c5e80b6ef2cf291317434afde4e5f4753956,a87b39f6e4ebb31f3fb8ce4c165286e5,48843551,123031,1,8.127966707848364e-06,137174,503,500,AVAILABLE_VALID_CACHE,1,a87b39f6e4ebb31f3fb8ce4c165286e5,48843551,1,,1284f9141657400869b7eaef1ce7a19eb6fdf6e26e34509f819c6e0920dfd135,
2023-05-27,2023,2023-05,https://data.gdeltproject.org/gkg/20230527.gkg.csv.zip,https://data.gdeltproject.org/gkg/20230527.gkg.csv.zip,6dfff9d169a1246a9c4efd25fdcc34e31d29fcf496c74a0ca7eb0c2023980964,c09ea7d34b45bb6298561f4478cd0a84,28263456,69951,1,1.4295516925892041e-05,78357,503,500,AVAILABLE_VALID_CACHE,1,c09ea7d34b45bb6298561f4478cd0a84,28263456,1,,1284f9141657400869b7eaef1ce7a19eb6fdf6e26e34509f819c6e0920dfd135,
2023-05-28,2023,2023-05,https://data.gdeltproject.org/gkg/20230528.gkg.csv.zip,https://data.gdeltproject.org/gkg/20230528.gkg.csv.zip,993cceed8cea9b2dbe47211ef1a986f4f20fead18e7bc0142ffc638b18f7bd27,88acf6bdff60298611667588f72355af,26174800,63495,1,1.5749023560539246e-05,70262,503,500,AVAILABLE_VALID_CACHE,1,88acf6bdff60298611667588f72355af,26174800,1,,1284f9141657400869b7eaef1ce7a19eb6fdf6e26e34509f819c6e0920dfd135,
2023-05-29,2023,2023-05,https://data.gdeltproject.org/gkg/20230529.gkg.csv.zip,https://data.gdeltproject.org/gkg/20230529.gkg.csv.zip,8d8009927595223cf92285329617d4d73546d7bbefa64251a5265a4b0768048b,886736d9fa9ac1f308efb42731ab6c44,35980700,88533,1,1.129509566946032e-05,98359,503,500,AVAILABLE_VALID_CACHE,1,886736d9fa9ac1f308efb42731ab6c44,35980700,1,,1284f9141657400869b7eaef1ce7a19eb6fdf6e26e34509f819c6e0920dfd135,
2023-05-30,2023,2023-05,https://data.gdeltproject.org/gkg/20230530.gkg.csv.zip,https://data.gdeltproject.org/gkg/20230530.gkg.csv.zip,a5b8fe564f003ce6d1033bcfc451ac56890f308bb0c8d3c705fcc885cdfb2853,30591634d14489012843bd3ab63c892f,47535407,118493,1,8.439245868989148e-06,132877,503,500,AVAILABLE_VALID_CACHE,1,30591634d14489012843bd3ab63c892f,47535407,1,,1284f9141657400869b7eaef1ce7a19eb6fdf6e26e34509f819c6e0920dfd135,
2023-05-31,2023,2023-05,https://data.gdeltproject.org/gkg/20230531.gkg.csv.zip,https://data.gdeltproject.org/gkg/20230531.gkg.csv.zip,099faf21991a40410d3ced60b16c7607b7981ec733217f2bb9004e375278eac2,96a193d9d5f1b0836ff11a8526971483,53129485,134427,1,7.4389264141399116e-06,148582,503,500,AVAILABLE_VALID_CACHE,1,96a193d9d5f1b0836ff11a8526971483,53129485,1,,1284f9141657400869b7eaef1ce7a19eb6fdf6e26e34509f819c6e0920dfd135,
2023-06-01,2023,2023-06,https://data.gdeltproject.org/gkg/20230601.gkg.csv.zip,https://data.gdeltproject.org/gkg/20230601.gkg.csv.zip,7a0db575ff2079f2750de41f815e80049a0427d63df3608593c2a47f0bdcde0e,7612eb6e1f4bbbfcd2e3f69f01e57284,54482882,136749,1,7.3126142595978065e-06,151536,503,500,AVAILABLE_VALID_CACHE,1,7612eb6e1f4bbbfcd2e3f69f01e57284,54482882,1,,1284f9141657400869b7eaef1ce7a19eb6fdf6e26e34509f819c6e0920dfd135,
2023-06-02,2023,2023-06,https://data.gdeltproject.org/gkg/20230602.gkg.csv.zip,https://data.gdeltproject.org/gkg/20230602.gkg.csv.zip,2a57fccaf755258188bbe878dd43b7e44a75de20e04fe8b702ba0c9d1e9d918f,9604ba73be52bf024113c3a8c5f1668d,50843175,127219,1,7.86039930828486e-06,141810,503,500,AVAILABLE_VALID_CACHE,1,9604ba73be52bf024113c3a8c5f1668d,50843175,1,,1284f9141657400869b7eaef1ce7a19eb6fdf6e26e34509f819c6e0920dfd135,
2023-06-03,2023,2023-06,https://data.gdeltproject.org/gkg/20230603.gkg.csv.zip,https://data.gdeltproject.org/gkg/20230603.gkg.csv.zip,e81c14406c94d1d60de0637499336221e66da34b8af39644918029cf91e6377f,9d33596994e07f30756610851b18a9d6,29874620,73079,1,1.3683634373289546e-05,81654,503,500,AVAILABLE_VALID_CACHE,1,9d33596994e07f30756610851b18a9d6,29874620,1,,1284f9141657400869b7eaef1ce7a19eb6fdf6e26e34509f819c6e0920dfd135,
2023-06-04,2023,2023-06,https://data.gdeltproject.org/gkg/20230604.gkg.csv.zip,https://data.gdeltproject.org/gkg/20230604.gkg.csv.zip,6c0625793f690fa390c846108f26fc873e6516e3beaa57e3a20394aa027efc53,cafea646921ce629742edcad8c3470dd,26139875,64347,1,1.5540498539193137e-05,71904,503,500,AVAILABLE_VALID_CACHE,1,cafea646921ce629742edcad8c3470dd,26139875,1,,1284f9141657400869b7eaef1ce7a19eb6fdf6e26e34509f819c6e0920dfd135,
2023-06-05,2023,2023-06,https://data.gdeltproject.org/gkg/20230605.gkg.csv.zip,https://data.gdeltproject.org/gkg/20230605.gkg.csv.zip,abb0ed94b070976bf8d129ebae840ed71c47a4873c7c6435b24da15b0afac674,4e57157485c7dbace7b442199b5973f1,45936224,116263,1,8.6011147044657e-06,129945,503,500,AVAILABLE_VALID_CACHE,1,4e57157485c7dbace7b442199b5973f1,45936224,1,,1284f9141657400869b7eaef1ce7a19eb6fdf6e26e34509f819c6e0920dfd135,
2023-06-06,2023,2023-06,https://data.gdeltproject.org/gkg/20230606.gkg.csv.zip,https://data.gdeltproject.org/gkg/20230606.gkg.csv.zip,c943a344a1329c1b2e3d7c59f23803cf264f8cb6215ddae2cb7466f3fc9bb4ff,c3d6c714510a1077fa340c81855a7da5,52860988,132962,1,7.520889269947279e-06,145985,503,500,AVAILABLE_VALID_CACHE,1,c3d6c714510a1077fa340c81855a7da5,52860988,1,,1284f9141657400869b7eaef1ce7a19eb6fdf6e26e34509f819c6e0920dfd135,
2023-06-07,2023,2023-06,https://data.gdeltproject.org/gkg/20230607.gkg.csv.zip,https://data.gdeltproject.org/gkg/20230607.gkg.csv.zip,fc104693b288513bc7386f016f15df736682db3f961096c7819696ae70162c2b,6bc604ecfa263d5c7b0eb6badfb2db79,53505590,134448,1,7.437764505500227e-06,149007,503,500,AVAILABLE_VALID_CACHE,1,6bc604ecfa263d5c7b0eb6badfb2db79,53505590,1,,1284f9141657400869b7eaef1ce7a19eb6fdf6e26e34509f819c6e0920dfd135,
2023-06-08,2023,2023-06,https://data.gdeltproject.org/gkg/20230608.gkg.csv.zip,https://data.gdeltproject.org/gkg/20230608.gkg.csv.zip,91faa40790166704deb47e5490575de9cda747d4d115e698a83323d23adcf9b8,ece7224616ffb0bf1fcf13fd7adc3d7a,53555821,134482,1,7.4358840894388135e-06,146782,503,500,AVAILABLE_VALID_CACHE,1,ece7224616ffb0bf1fcf13fd7adc3d7a,53555821,1,,1284f9141657400869b7eaef1ce7a19eb6fdf6e26e34509f819c6e0920dfd135,
2023-06-09,2023,2023-06,https://data.gdeltproject.org/gkg/20230609.gkg.csv.zip,https://data.gdeltproject.org/gkg/20230609.gkg.csv.zip,e7552429fa892d1c46d49598a2dd2104ac3e5621acf4c7d088d51a470ef9f0cf,e50e65ed838be3fc7bb5b321fbefb66f,51205810,129124,1,7.744433688286544e-06,143586,503,500,AVAILABLE_VALID_CACHE,1,e50e65ed838be3fc7bb5b321fbefb66f,51205810,1,,1284f9141657400869b7eaef1ce7a19eb6fdf6e26e34509f819c6e0920dfd135,
2023-06-10,2023,2023-06,https://data.gdeltproject.org/gkg/20230610.gkg.csv.zip,https://data.gdeltproject.org/gkg/20230610.gkg.csv.zip,9b5ae344f2c1ec551d37e3b01655f47a130d26ff9ca6aada8f878323a382485b,16699c956cfc5a690a92160235c4ca5e,30210699,73894,1,1.3532715339332836e-05,81090,503,500,AVAILABLE_VALID_CACHE,1,16699c956cfc5a690a92160235c4ca5e,30210699,1,,1284f9141657400869b7eaef1ce7a19eb6fdf6e26e34509f819c6e0920dfd135,
2023-06-11,2023,2023-06,https://data.gdeltproject.org/gkg/20230611.gkg.csv.zip,https://data.gdeltproject.org/gkg/20230611.gkg.csv.zip,5361acd7e41e70ee2210d5b47820fec369fc38c0fe5d4564da591569b3ae73d7,69fbbc634283dd724e1b21411c3a8993,26033183,64929,1,1.540120129370091e-05,71541,503,500,AVAILABLE_VALID_CACHE,1,69fbbc634283dd724e1b21411c3a8993,26033183,1,,1284f9141657400869b7eaef1ce7a19eb6fdf6e26e34509f819c6e0920dfd135,
2023-06-12,2023,2023-06,https://data.gdeltproject.org/gkg/20230612.gkg.csv.zip,https://data.gdeltproject.org/gkg/20230612.gkg.csv.zip,828c309340dd0688e48087d61b350089b0235d28604a8b47d16bc55e92a9ede0,e0d98b38a3f0f0d9fc2128bfe6a1e1e3,46440281,116360,1,8.593944706559758e-06,128377,503,500,AVAILABLE_VALID_CACHE,1,e0d98b38a3f0f0d9fc2128bfe6a1e1e3,46440281,1,,1284f9141657400869b7eaef1ce7a19eb6fdf6e26e34509f819c6e0920dfd135,
2023-06-13,2023,2023-06,https://data.gdeltproject.org/gkg/20230613.gkg.csv.zip,https://data.gdeltproject.org/gkg/20230613.gkg.csv.zip,574d3740293c64e541bcd3cbd55e111ed527c8493caa728e32176998df93b0bc,b3932bc6fc3718371669d9d589624e48,51754643,133039,1,7.5165363800360796e-06,149330,503,500,AVAILABLE_VALID_CACHE,1,b3932bc6fc3718371669d9d589624e48,51754643,1,,1284f9141657400869b7eaef1ce7a19eb6fdf6e26e34509f819c6e0920dfd135,
2023-06-14,2023,2023-06,https://data.gdeltproject.org/gkg/20230614.gkg.csv.zip,https://data.gdeltproject.org/gkg/20230614.gkg.csv.zip,3fadc454735218d1ba5b25b8d9d0ac1e0bc35e4e5f844c605d3304a57282f41f,7213650663e367b7c497ffc99feec261,51758017,132421,1,7.551615290510641e-06,146794,503,500,AVAILABLE_VALID_CACHE,1,7213650663e367b7c497ffc99feec261,51758017,1,,1284f9141657400869b7eaef1ce7a19eb6fdf6e26e34509f819c6e0920dfd135,
2023-06-15,2023,2023-06,https://data.gdeltproject.org/gkg/20230615.gkg.csv.zip,https://data.gdeltproject.org/gkg/20230615.gkg.csv.zip,25b3aa038f1ae9ea6a2a9b58d20d58f62773dc7ca5e13358ca3b347d42dfee1c,1e7cb47ef5a7ab03ba44fdb8d6dd47ad,52036333,131812,1,7.586505124684212e-06,145654,503,500,AVAILABLE_VALID_CACHE,1,1e7cb47ef5a7ab03ba44fdb8d6dd47ad,52036333,1,,1284f9141657400869b7eaef1ce7a19eb6fdf6e26e34509f819c6e0920dfd135,
2023-06-16,2023,2023-06,https://data.gdeltproject.org/gkg/20230616.gkg.csv.zip,https://data.gdeltproject.org/gkg/20230616.gkg.csv.zip,c8f494d8a1ab705b0aa23b8867c59fc4a3327ea072af5b7c23b3030c15be47fa,788e5dadbd1bc619f3ef23a84835d885,50813583,126436,1,7.909077247957481e-06,140788,503,500,AVAILABLE_VALID_CACHE,1,788e5dadbd1bc619f3ef23a84835d885,50813583,1,,1284f9141657400869b7eaef1ce7a19eb6fdf6e26e34509f819c6e0920dfd135,
2023-06-17,2023,2023-06,https://data.gdeltproject.org/gkg/20230617.gkg.csv.zip,https://data.gdeltproject.org/gkg/20230617.gkg.csv.zip,e28b0a2f34b8b79e6e8dcfc69a03ccec3ba2b6d5a7836d3e4999765984c64cdd,b5db03776dd71f7951893e390d179fc9,29586277,72757,1,1.3744193078424365e-05,80615,503,500,AVAILABLE_VALID_CACHE,1,b5db03776dd71f7951893e390d179fc9,29586277,1,,1284f9141657400869b7eaef1ce7a19eb6fdf6e26e34509f819c6e0920dfd135,
2023-06-18,2023,2023-06,https://data.gdeltproject.org/gkg/20230618.gkg.csv.zip,https://data.gdeltproject.org/gkg/20230618.gkg.csv.zip,391d244bcf85c53f1bf24530861e957d76111a225390363026c7aa0d37453c5d,3fb8c67aeedb802498f8a22bc8fefcc8,25559560,62643,1,1.5963220739416386e-05,70011,503,500,AVAILABLE_VALID_CACHE,1,3fb8c67aeedb802498f8a22bc8fefcc8,25559560,1,,1284f9141657400869b7eaef1ce7a19eb6fdf6e26e34509f819c6e0920dfd135,
2023-06-19,2023,2023-06,https://data.gdeltproject.org/gkg/20230619.gkg.csv.zip,https://data.gdeltproject.org/gkg/20230619.gkg.csv.zip,f9eff83a0f504e7c7d7e9e5e442f6661059095977fa39bda92b4f965467b6ab7,85b7de18ae8a55689668ed97b5f36548,44182474,108206,1,9.241546295526167e-06,119839,503,500,AVAILABLE_VALID_CACHE,1,85b7de18ae8a55689668ed97b5f36548,44182474,1,,1284f9141657400869b7eaef1ce7a19eb6fdf6e26e34509f819c6e0920dfd135,
2023-06-20,2023,2023-06,https://data.gdeltproject.org/gkg/20230620.gkg.csv.zip,https://data.gdeltproject.org/gkg/20230620.gkg.csv.zip,6bceaeff6b99aad5dfff9187183a76f6182629c5be96abe93cf3629a7cf9df31,ef33f6c16be4fceb4fb989127ef80a7e,52012131,130559,1,7.659313725490196e-06,144077,503,500,AVAILABLE_VALID_CACHE,1,ef33f6c16be4fceb4fb989127ef80a7e,52012131,1,,1284f9141657400869b7eaef1ce7a19eb6fdf6e26e34509f819c6e0920dfd135,
2023-06-21,2023,2023-06,https://data.gdeltproject.org/gkg/20230621.gkg.csv.zip,https://data.gdeltproject.org/gkg/20230621.gkg.csv.zip,396e85f2a1963be95fb3977e83b7f14089cff31385593df42a80b7a81c744627,0d6d0e254a06e17e031d182b545e1856,53540707,133314,1,7.5010313918163745e-06,147478,503,500,AVAILABLE_VALID_CACHE,1,0d6d0e254a06e17e031d182b545e1856,53540707,1,,1284f9141657400869b7eaef1ce7a19eb6fdf6e26e34509f819c6e0920dfd135,
2023-06-22,2023,2023-06,https://data.gdeltproject.org/gkg/20230622.gkg.csv.zip,https://data.gdeltproject.org/gkg/20230622.gkg.csv.zip,c5c5b354d8f622c761619e6a24a1a5c062e68f97f90b85a2c6fd014712c2549d,75e8b0acf9b5f4919a09d9cd13418e0d,53471518,132472,1,7.54870803861919e-06,145781,503,500,AVAILABLE_VALID_CACHE,1,75e8b0acf9b5f4919a09d9cd13418e0d,53471518,1,,1284f9141657400869b7eaef1ce7a19eb6fdf6e26e34509f819c6e0920dfd135,
2023-06-23,2023,2023-06,https://data.gdeltproject.org/gkg/20230623.gkg.csv.zip,https://data.gdeltproject.org/gkg/20230623.gkg.csv.zip,b1e7c27cbb145396eadac610911ccde953c3ad2c1d48c6b4e82d3482b9bd699e,e0d68298f8764a66793ca5d41af8e3a8,48880180,120654,1,8.288094152749574e-06,133244,503,500,AVAILABLE_VALID_CACHE,1,e0d68298f8764a66793ca5d41af8e3a8,48880180,1,,1284f9141657400869b7eaef1ce7a19eb6fdf6e26e34509f819c6e0920dfd135,
2023-06-24,2023,2023-06,https://data.gdeltproject.org/gkg/20230624.gkg.csv.zip,https://data.gdeltproject.org/gkg/20230624.gkg.csv.zip,b515cbd35685bef88ba6b1df8490d23a4d474527a8e76fbd83dc0ac5a0e3478f,926edc9faa6152ce58739c48e7a7aa36,30392882,71304,1,1.402426197321366e-05,77886,503,500,AVAILABLE_VALID_CACHE,1,926edc9faa6152ce58739c48e7a7aa36,30392882,1,,1284f9141657400869b7eaef1ce7a19eb6fdf6e26e34509f819c6e0920dfd135,
2023-06-25,2023,2023-06,https://data.gdeltproject.org/gkg/20230625.gkg.csv.zip,https://data.gdeltproject.org/gkg/20230625.gkg.csv.zip,8e85f0456f2bf4699afac31318da1275435b4dc4c12191cfa78d68569bde78ef,e39577e5ac56cf3af8dc4945681742b6,24674969,59837,1,1.67117884956048e-05,66922,503,500,AVAILABLE_VALID_CACHE,1,e39577e5ac56cf3af8dc4945681742b6,24674969,1,,1284f9141657400869b7eaef1ce7a19eb6fdf6e26e34509f819c6e0920dfd135,
2023-06-26,2023,2023-06,https://data.gdeltproject.org/gkg/20230626.gkg.csv.zip,https://data.gdeltproject.org/gkg/20230626.gkg.csv.zip,a7fd70b76060fd9c08eed577bec04dde2937a5e1525a8cf5e22adec031a2fa7e,8821a24987a16cde96355a19e920543d,44477978,110916,1,9.015750516151718e-06,122826,503,500,AVAILABLE_VALID_CACHE,1,8821a24987a16cde96355a19e920543d,44477978,1,,1284f9141657400869b7eaef1ce7a19eb6fdf6e26e34509f819c6e0920dfd135,
2023-06-27,2023,2023-06,https://data.gdeltproject.org/gkg/20230627.gkg.csv.zip,https://data.gdeltproject.org/gkg/20230627.gkg.csv.zip,7faf6c084c92eb7e0b044f5b7c86135dd9bd30a7c10c0f0e25d021940b8c31a5,a87d884ea5496063522bb1512506edbc,49960902,124885,1,8.007302660025944e-06,138615,503,500,AVAILABLE_VALID_CACHE,1,a87d884ea5496063522bb1512506edbc,49960902,1,,1284f9141657400869b7eaef1ce7a19eb6fdf6e26e34509f819c6e0920dfd135,
2023-06-28,2023,2023-06,https://data.gdeltproject.org/gkg/20230628.gkg.csv.zip,https://data.gdeltproject.org/gkg/20230628.gkg.csv.zip,69f1e062506ba515d4c4a00a22732ac1058228ae4d152707d5f403f0b60c9771,607c14d2a4d56b03207a94a7dc9b323c,49057905,125469,1,7.970032677133977e-06,138889,503,500,AVAILABLE_VALID_CACHE,1,607c14d2a4d56b03207a94a7dc9b323c,49057905,1,,1284f9141657400869b7eaef1ce7a19eb6fdf6e26e34509f819c6e0920dfd135,
2023-06-29,2023,2023-06,https://data.gdeltproject.org/gkg/20230629.gkg.csv.zip,https://data.gdeltproject.org/gkg/20230629.gkg.csv.zip,f98b0a5f88b7f0a9766d7e8f4195c649f8bcaa42434ed06b5ae57c27ceb8ffbc,9d6e572b991c5515142fde8d5fb029a3,49979442,125449,1,7.971303308090873e-06,139729,503,500,AVAILABLE_VALID_CACHE,1,9d6e572b991c5515142fde8d5fb029a3,49979442,1,,1284f9141657400869b7eaef1ce7a19eb6fdf6e26e34509f819c6e0920dfd135,
2023-06-30,2023,2023-06,https://data.gdeltproject.org/gkg/20230630.gkg.csv.zip,https://data.gdeltproject.org/gkg/20230630.gkg.csv.zip,10c562eeaa5315dde6a98f8c3462892aa62db1b5835b19879fddc05d6dc5ba8f,84e2df7ff18d759973e50e2328caaf64,48454940,121474,1,8.232146532208273e-06,135366,503,500,AVAILABLE_VALID_CACHE,1,84e2df7ff18d759973e50e2328caaf64,48454940,1,,1284f9141657400869b7eaef1ce7a19eb6fdf6e26e34509f819c6e0920dfd135,
2023-07-01,2023,2023-07,https://data.gdeltproject.org/gkg/20230701.gkg.csv.zip,https://data.gdeltproject.org/gkg/20230701.gkg.csv.zip,0d40361f0d77287156bdfa8117dcc4b8fe51773ecd3525d53597b3d99aa84de4,c5db8effbe15ea9fa23955dc97c5991e,27307343,68768,1,1.4541435821373002e-05,77077,503,500,AVAILABLE_VALID_CACHE,1,c5db8effbe15ea9fa23955dc97c5991e,27307343,1,,1284f9141657400869b7eaef1ce7a19eb6fdf6e26e34509f819c6e0920dfd135,
2023-07-02,2023,2023-07,https://data.gdeltproject.org/gkg/20230702.gkg.csv.zip,https://data.gdeltproject.org/gkg/20230702.gkg.csv.zip,23ae4f8d909b0deac6409b0a751710b5896a89776d4021d4750a2c618c29f66c,ebc4aa790c3fa0dd0d5756a5b2dd9875,23676790,58667,1,1.70450671575646e-05,64091,503,500,AVAILABLE_VALID_CACHE,1,ebc4aa790c3fa0dd0d5756a5b2dd9875,23676790,1,,1284f9141657400869b7eaef1ce7a19eb6fdf6e26e34509f819c6e0920dfd135,
2023-07-03,2023,2023-07,https://data.gdeltproject.org/gkg/20230703.gkg.csv.zip,https://data.gdeltproject.org/gkg/20230703.gkg.csv.zip,2938a751de23cbb963803a527b4252326d904cd1a03bd385ea75c0a6789acd7b,e3932447e4fbc10ec504acdbad8e59b9,39786886,100668,1,9.933544586714877e-06,112276,504,501,AVAILABLE_VALID_CACHE,1,e3932447e4fbc10ec504acdbad8e59b9,39786886,1,,1284f9141657400869b7eaef1ce7a19eb6fdf6e26e34509f819c6e0920dfd135,
2023-07-04,2023,2023-07,https://data.gdeltproject.org/gkg/20230704.gkg.csv.zip,https://data.gdeltproject.org/gkg/20230704.gkg.csv.zip,db89487847aa510dbf293d33e6dc37da853a6a2f13c6dbf3c7ee1b8cd6d8cf18,62b4f2047c08c63a9a20b2bd3ae152d6,38295819,97946,1,1.0209603152725454e-05,110227,504,501,AVAILABLE_VALID_CACHE,1,62b4f2047c08c63a9a20b2bd3ae152d6,38295819,1,,1284f9141657400869b7eaef1ce7a19eb6fdf6e26e34509f819c6e0920dfd135,
2023-07-05,2023,2023-07,https://data.gdeltproject.org/gkg/20230705.gkg.csv.zip,https://data.gdeltproject.org/gkg/20230705.gkg.csv.zip,8c245c1f28e57659cc24f90d3d6ef29ebf5e61d401c96ea2cf446593af689ef9,ea1b556f33098adc480ad63b49295e5d,47311623,119146,1,8.39299352900199e-06,132382,505,502,AVAILABLE_VALID_CACHE,1,ea1b556f33098adc480ad63b49295e5d,47311623,1,,1284f9141657400869b7eaef1ce7a19eb6fdf6e26e34509f819c6e0920dfd135,
2023-07-06,2023,2023-07,https://data.gdeltproject.org/gkg/20230706.gkg.csv.zip,https://data.gdeltproject.org/gkg/20230706.gkg.csv.zip,e15db0bb6a32ca5f117977f7cb95945dd1e55c03390489e485484fa1754bb5b2,62faca3b5b5541c1d2304c3ffe5a92c1,48114896,123715,1,8.083028872579133e-06,137894,503,500,AVAILABLE_VALID_CACHE,1,62faca3b5b5541c1d2304c3ffe5a92c1,48114896,1,,1284f9141657400869b7eaef1ce7a19eb6fdf6e26e34509f819c6e0920dfd135,
2023-07-07,2023,2023-07,https://data.gdeltproject.org/gkg/20230707.gkg.csv.zip,https://data.gdeltproject.org/gkg/20230707.gkg.csv.zip,0218b9a66883de6297b9d99e035fa4f5d6fef34b1bf1c390a02635a3840e54e7,5757e8477834544879517777a04e8340,45759440,115996,1,8.620912609808875e-06,130454,503,500,AVAILABLE_VALID_CACHE,1,5757e8477834544879517777a04e8340,45759440,1,,1284f9141657400869b7eaef1ce7a19eb6fdf6e26e34509f819c6e0920dfd135,
2023-07-08,2023,2023-07,https://data.gdeltproject.org/gkg/20230708.gkg.csv.zip,https://data.gdeltproject.org/gkg/20230708.gkg.csv.zip,ce427d9e1df22b3bb45798649704e8a2cbeb3b119225862af78140faf8a4fbda,e003ca7efbfaea081f2501f7ba488e38,27130525,67591,1,1.4794650254467985e-05,74776,503,500,AVAILABLE_VALID_CACHE,1,e003ca7efbfaea081f2501f7ba488e38,27130525,1,,1284f9141657400869b7eaef1ce7a19eb6fdf6e26e34509f819c6e0920dfd135,
2023-07-09,2023,2023-07,https://data.gdeltproject.org/gkg/20230709.gkg.csv.zip,https://data.gdeltproject.org/gkg/20230709.gkg.csv.zip,9142d20cf1c6e67ab9753cf8eef6f6068c5766dd51dc47514c8c296574bf93dc,400c2f51fa6d3c1578e3cafc1e0919fa,23984252,58636,1,1.7054078482869176e-05,65190,503,500,AVAILABLE_VALID_CACHE,1,400c2f51fa6d3c1578e3cafc1e0919fa,23984252,1,,1284f9141657400869b7eaef1ce7a19eb6fdf6e26e34509f819c6e0920dfd135,
2023-07-10,2023,2023-07,https://data.gdeltproject.org/gkg/20230710.gkg.csv.zip,https://data.gdeltproject.org/gkg/20230710.gkg.csv.zip,3122f99c13d980c088d4a66dccfd780bdcc891faee182d73804527c1281e23a4,bf6968f4b146cd32279709f7455b4911,43318776,109152,1,9.161452273414382e-06,122328,503,500,AVAILABLE_VALID_CACHE,1,bf6968f4b146cd32279709f7455b4911,43318776,1,,1284f9141657400869b7eaef1ce7a19eb6fdf6e26e34509f819c6e0920dfd135,
2023-07-11,2023,2023-07,https://data.gdeltproject.org/gkg/20230711.gkg.csv.zip,https://data.gdeltproject.org/gkg/20230711.gkg.csv.zip,1771f128aee027b63a070f96fb7bc7ceecfb3a5f09d1fe456876741d136f58f8,50e66aff85da9ee248a12dd980d2523f,49402606,123669,1,8.086035416835126e-06,138665,503,500,AVAILABLE_VALID_CACHE,1,50e66aff85da9ee248a12dd980d2523f,49402606,1,,1284f9141657400869b7eaef1ce7a19eb6fdf6e26e34509f819c6e0920dfd135,
2023-07-12,2023,2023-07,https://data.gdeltproject.org/gkg/20230712.gkg.csv.zip,https://data.gdeltproject.org/gkg/20230712.gkg.csv.zip,b2a562108775600ac58758778736059f90e70ce24c4f9db52aa2df011662d7b7,d0553d9318fb50cac73fabebeac53383,50241083,126930,1,7.878296082123359e-06,141201,503,500,AVAILABLE_VALID_CACHE,1,d0553d9318fb50cac73fabebeac53383,50241083,1,,1284f9141657400869b7eaef1ce7a19eb6fdf6e26e34509f819c6e0920dfd135,
2023-07-13,2023,2023-07,https://data.gdeltproject.org/gkg/20230713.gkg.csv.zip,https://data.gdeltproject.org/gkg/20230713.gkg.csv.zip,d1fce6cfeb698e48a66be59b2e33e618ca5b245e040c362870e3a8c86f804a75,fd99f59ef27efef9c1a4d9a222c5c652,49718439,125176,1,7.988688017766842e-06,138610,503,500,AVAILABLE_VALID_CACHE,1,fd99f59ef27efef9c1a4d9a222c5c652,49718439,1,,1284f9141657400869b7eaef1ce7a19eb6fdf6e26e34509f819c6e0920dfd135,
2023-07-14,2023,2023-07,https://data.gdeltproject.org/gkg/20230714.gkg.csv.zip,https://data.gdeltproject.org/gkg/20230714.gkg.csv.zip,21638fc91c509357761d09f622c837be401b0f05011d39c268bd3afe9e9fd9f6,4a5706a747a90a296df72ab6c6020477,46881063,118343,1,8.449942540390725e-06,132395,503,500,AVAILABLE_VALID_CACHE,1,4a5706a747a90a296df72ab6c6020477,46881063,1,,1284f9141657400869b7eaef1ce7a19eb6fdf6e26e34509f819c6e0920dfd135,
2023-07-15,2023,2023-07,https://data.gdeltproject.org/gkg/20230715.gkg.csv.zip,https://data.gdeltproject.org/gkg/20230715.gkg.csv.zip,0ef6d50b0241f84a19a47657542a679ed35330dc0eaaaa1b3c9b77c0636fcbb8,d6cd9fa67493758a6fcaa21fb66a96aa,28048027,69996,1,1.4286326556852436e-05,78053,503,500,AVAILABLE_VALID_CACHE,1,d6cd9fa67493758a6fcaa21fb66a96aa,28048027,1,,1284f9141657400869b7eaef1ce7a19eb6fdf6e26e34509f819c6e0920dfd135,
2023-07-16,2023,2023-07,https://data.gdeltproject.org/gkg/20230716.gkg.csv.zip,https://data.gdeltproject.org/gkg/20230716.gkg.csv.zip,369efd38572b77ca40fcdc382f5bae95f6f5fa1546d5ce09cdddfe0f69bd9b2d,26eea0a5f3fa968a5a934299b485adbc,24081745,59759,1,1.673360107095047e-05,67093,503,500,AVAILABLE_VALID_CACHE,1,26eea0a5f3fa968a5a934299b485adbc,24081745,1,,1284f9141657400869b7eaef1ce7a19eb6fdf6e26e34509f819c6e0920dfd135,
2023-07-17,2023,2023-07,https://data.gdeltproject.org/gkg/20230717.gkg.csv.zip,https://data.gdeltproject.org/gkg/20230717.gkg.csv.zip,90a4804fb89dbd8fbd46f5408e7ba126d25d9fda4b4bfa4b2da3b973a84b54cc,0d1cc2a1cbe57f66889245e95d8562c4,44658776,111698,1,8.952631626066483e-06,125316,503,500,AVAILABLE_VALID_CACHE,1,0d1cc2a1cbe57f66889245e95d8562c4,44658776,1,,1284f9141657400869b7eaef1ce7a19eb6fdf6e26e34509f819c6e0920dfd135,
2023-07-18,2023,2023-07,https://data.gdeltproject.org/gkg/20230718.gkg.csv.zip,https://data.gdeltproject.org/gkg/20230718.gkg.csv.zip,0b72fd2297d4686afb174e4735c2eb5a8685a2a589619bc5e8b3331cf9b312af,25e75896782f41997c2e1eee6123ec4b,50747877,127205,1,7.861264405767024e-06,142198,503,500,AVAILABLE_VALID_CACHE,1,25e75896782f41997c2e1eee6123ec4b,50747877,1,,1284f9141657400869b7eaef1ce7a19eb6fdf6e26e34509f819c6e0920dfd135,
2023-07-19,2023,2023-07,https://data.gdeltproject.org/gkg/20230719.gkg.csv.zip,https://data.gdeltproject.org/gkg/20230719.gkg.csv.zip,eed3705ddf380cf646ce9c2d0a2867eef4ed70342a4ae93cd87fba1f32adff2f,b8cbcc8a418c58332e8927ce77ea7374,52250990,130896,1,7.639594490324453e-06,145833,503,500,AVAILABLE_VALID_CACHE,1,b8cbcc8a418c58332e8927ce77ea7374,52250990,1,,1284f9141657400869b7eaef1ce7a19eb6fdf6e26e34509f819c6e0920dfd135,
2023-07-20,2023,2023-07,https://data.gdeltproject.org/gkg/20230720.gkg.csv.zip,https://data.gdeltproject.org/gkg/20230720.gkg.csv.zip,b006af394043979441b1b7f5d6d4ae237ec680a18564cc496a7912baf4262902,5da02d70484b76fe7bbc7c1262028df6,52695867,132191,1,7.56475429678044e-06,145344,503,500,AVAILABLE_VALID_CACHE,1,5da02d70484b76fe7bbc7c1262028df6,52695867,1,,1284f9141657400869b7eaef1ce7a19eb6fdf6e26e34509f819c6e0920dfd135,
2023-07-21,2023,2023-07,https://data.gdeltproject.org/gkg/20230721.gkg.csv.zip,https://data.gdeltproject.org/gkg/20230721.gkg.csv.zip,a0fc112b0625392bf9a689e6f17689ec5937554ce1d41670f9fe6e65e64236e6,4c14caecf21b6167a810f05798a55d33,47961021,121483,1,8.231536663264298e-06,134448,503,500,AVAILABLE_VALID_CACHE,1,4c14caecf21b6167a810f05798a55d33,47961021,1,,1284f9141657400869b7eaef1ce7a19eb6fdf6e26e34509f819c6e0920dfd135,
2023-07-22,2023,2023-07,https://data.gdeltproject.org/gkg/20230722.gkg.csv.zip,https://data.gdeltproject.org/gkg/20230722.gkg.csv.zip,7a2571e7ac0948f5fa83c38a12b9d14eb1a59b1b08ae73271cef3dae7e079f15,698f46643b5285c1493e6d5e2ab6424b,27035257,67577,1,1.479771523276806e-05,74951,503,500,AVAILABLE_VALID_CACHE,1,698f46643b5285c1493e6d5e2ab6424b,27035257,1,,1284f9141657400869b7eaef1ce7a19eb6fdf6e26e34509f819c6e0920dfd135,
2023-07-23,2023,2023-07,https://data.gdeltproject.org/gkg/20230723.gkg.csv.zip,https://data.gdeltproject.org/gkg/20230723.gkg.csv.zip,4cb80ea13771f4099a86af0c3ac7fd7913d929ad3a6a578a8bd14c15bb78c561,6a1dabffb2dfb69b767783b39f3773fa,24039708,59820,1,1.671653767071764e-05,67794,503,500,AVAILABLE_VALID_CACHE,1,6a1dabffb2dfb69b767783b39f3773fa,24039708,1,,1284f9141657400869b7eaef1ce7a19eb6fdf6e26e34509f819c6e0920dfd135,
2023-07-24,2023,2023-07,https://data.gdeltproject.org/gkg/20230724.gkg.csv.zip,https://data.gdeltproject.org/gkg/20230724.gkg.csv.zip,354953686ff4ad430fd0458abc76fa473a9a659cf2a9fd175485f179f4b3945e,30950482e7ff8fa419d5ad03cae04b3d,42341747,106777,1,9.365225046357864e-06,118687,503,500,AVAILABLE_VALID_CACHE,1,30950482e7ff8fa419d5ad03cae04b3d,42341747,1,,1284f9141657400869b7eaef1ce7a19eb6fdf6e26e34509f819c6e0920dfd135,
2023-07-25,2023,2023-07,https://data.gdeltproject.org/gkg/20230725.gkg.csv.zip,https://data.gdeltproject.org/gkg/20230725.gkg.csv.zip,5d305b9e9852a21da4957b6560221cddefe5eb16af4e8e7fbe715d748809e60f,255ad0f82dfda7109432d16f2873fa3d,47607770,122737,1,8.147436001890206e-06,137663,503,500,AVAILABLE_VALID_CACHE,1,255ad0f82dfda7109432d16f2873fa3d,47607770,1,,1284f9141657400869b7eaef1ce7a19eb6fdf6e26e34509f819c6e0920dfd135,
2023-07-26,2023,2023-07,https://data.gdeltproject.org/gkg/20230726.gkg.csv.zip,https://data.gdeltproject.org/gkg/20230726.gkg.csv.zip,a10b5a75b3a5a62543c2065b0c6ce34135151cc1e41a7f950e76d5f92b813bb6,49a3493c18031e1a0d09b4092da6dfa7,49161119,126071,1,7.931975379148423e-06,140796,503,500,AVAILABLE_VALID_CACHE,1,49a3493c18031e1a0d09b4092da6dfa7,49161119,1,,1284f9141657400869b7eaef1ce7a19eb6fdf6e26e34509f819c6e0920dfd135,
2023-07-27,2023,2023-07,https://data.gdeltproject.org/gkg/20230727.gkg.csv.zip,https://data.gdeltproject.org/gkg/20230727.gkg.csv.zip,88fe1439f82c90dca07cabc3589989cad6355a69c565e0fd953b44a47b976323,437d552fe26387646fcd7b65dcb096ac,50006790,126715,1,7.891663246945927e-06,140254,503,500,AVAILABLE_VALID_CACHE,1,437d552fe26387646fcd7b65dcb096ac,50006790,1,,1284f9141657400869b7eaef1ce7a19eb6fdf6e26e34509f819c6e0920dfd135,
2023-07-28,2023,2023-07,https://data.gdeltproject.org/gkg/20230728.gkg.csv.zip,https://data.gdeltproject.org/gkg/20230728.gkg.csv.zip,b01017d8abc32db4cecad0cd9f2e97590f2d87fdb08aa6a602d40cd7dc30ad7c,e1e442571173e46eef5d0235e5cb3421,46238695,117659,1,8.499065102838687e-06,131257,503,500,AVAILABLE_VALID_CACHE,1,e1e442571173e46eef5d0235e5cb3421,46238695,1,,1284f9141657400869b7eaef1ce7a19eb6fdf6e26e34509f819c6e0920dfd135,
2023-07-29,2023,2023-07,https://data.gdeltproject.org/gkg/20230729.gkg.csv.zip,https://data.gdeltproject.org/gkg/20230729.gkg.csv.zip,adb14ad6c06dae28fe6fd58286ccd45d1b62f7a398a5df1c9241a04c85101a87,b8a0f02214185b71a3bfb4e1cae95cb6,26681570,67690,1,1.477301266047185e-05,75568,503,500,AVAILABLE_VALID_CACHE,1,b8a0f02214185b71a3bfb4e1cae95cb6,26681570,1,,1284f9141657400869b7eaef1ce7a19eb6fdf6e26e34509f819c6e0920dfd135,
2023-07-30,2023,2023-07,https://data.gdeltproject.org/gkg/20230730.gkg.csv.zip,https://data.gdeltproject.org/gkg/20230730.gkg.csv.zip,3fa361c925316feff7d59863ffd55e78f3f4ff8ab917b5646991cf52a2ec3ae0,326c763ae86a52ab7747fc81dea9dbba,24898474,61282,1,1.631773901408221e-05,68685,503,500,AVAILABLE_VALID_CACHE,1,326c763ae86a52ab7747fc81dea9dbba,24898474,1,,1284f9141657400869b7eaef1ce7a19eb6fdf6e26e34509f819c6e0920dfd135,
2023-07-31,2023,2023-07,https://data.gdeltproject.org/gkg/20230731.gkg.csv.zip,https://data.gdeltproject.org/gkg/20230731.gkg.csv.zip,36a3bfd26c995b9b1027580c224d1f4b24c5753b578336ebdb1c2d25ef7209ee,5ec650dc282eeafa9288155a8c7c83f6,42666562,109380,1,9.142355619348881e-06,123270,503,500,AVAILABLE_VALID_CACHE,1,5ec650dc282eeafa9288155a8c7c83f6,42666562,1,,1284f9141657400869b7eaef1ce7a19eb6fdf6e26e34509f819c6e0920dfd135,
2023-08-01,2023,2023-08,https://data.gdeltproject.org/gkg/20230801.gkg.csv.zip,https://data.gdeltproject.org/gkg/20230801.gkg.csv.zip,1034dcf56f4f113c2f130d6e164a4d33ec5dd40be86249dc873eba879b10c4ee,eb0c829d48db04c6d161f2b495450289,46806750,120603,1,8.291598951941893e-06,134842,503,500,AVAILABLE_VALID_CACHE,1,eb0c829d48db04c6d161f2b495450289,46806750,1,,1284f9141657400869b7eaef1ce7a19eb6fdf6e26e34509f819c6e0920dfd135,
2023-08-02,2023,2023-08,https://data.gdeltproject.org/gkg/20230802.gkg.csv.zip,https://data.gdeltproject.org/gkg/20230802.gkg.csv.zip,9b906922ce374df4e7f3f438684b89efeb8d0ff182b4f40498ee83c0693d4876,0c998d2ef93bcf047d6e873de54b6b58,50078224,127276,1,7.856879090487676e-06,141662,503,500,AVAILABLE_VALID_CACHE,1,0c998d2ef93bcf047d6e873de54b6b58,50078224,1,,1284f9141657400869b7eaef1ce7a19eb6fdf6e26e34509f819c6e0920dfd135,
2023-08-03,2023,2023-08,https://data.gdeltproject.org/gkg/20230803.gkg.csv.zip,https://data.gdeltproject.org/gkg/20230803.gkg.csv.zip,899f4b71275639791979719b4051c00607c420204714da4d7ff7c47f4015f848,5978184c7a80f00e9115840c62683841,47801208,124190,1,8.052113277129583e-06,137951,503,500,AVAILABLE_VALID_CACHE,1,5978184c7a80f00e9115840c62683841,47801208,1,,1284f9141657400869b7eaef1ce7a19eb6fdf6e26e34509f819c6e0920dfd135,
2023-08-04,2023,2023-08,https://data.gdeltproject.org/gkg/20230804.gkg.csv.zip,https://data.gdeltproject.org/gkg/20230804.gkg.csv.zip,2443a024529aa07f6bce954df2b0ac179e20be823f715f980f9b751939fa0b77,c474fdbdca896cce91e75187ed159184,46479416,119088,1,8.397081174583715e-06,135258,503,500,AVAILABLE_VALID_CACHE,1,c474fdbdca896cce91e75187ed159184,46479416,1,,1284f9141657400869b7eaef1ce7a19eb6fdf6e26e34509f819c6e0920dfd135,
2023-08-05,2023,2023-08,https://data.gdeltproject.org/gkg/20230805.gkg.csv.zip,https://data.gdeltproject.org/gkg/20230805.gkg.csv.zip,dcc1d350369c48f72fe3e10d92add514c9534f65ad2871022a711e0c98c04d4a,968f3fce2f7c353df9beaff87113b557,27942474,70253,1,1.4234064964272497e-05,79247,503,500,AVAILABLE_VALID_CACHE,1,968f3fce2f7c353df9beaff87113b557,27942474,1,,1284f9141657400869b7eaef1ce7a19eb6fdf6e26e34509f819c6e0920dfd135,
2023-08-06,2023,2023-08,https://data.gdeltproject.org/gkg/20230806.gkg.csv.zip,https://data.gdeltproject.org/gkg/20230806.gkg.csv.zip,94176889aae8267e4f0c69fef50ce07400d2b98c27a2862e6619bb3cca0821ef,63f7da97b3721191021c13e83c0cd14b,23825341,59029,1,1.694053870913095e-05,66082,503,500,AVAILABLE_VALID_CACHE,1,63f7da97b3721191021c13e83c0cd14b,23825341,1,,1284f9141657400869b7eaef1ce7a19eb6fdf6e26e34509f819c6e0920dfd135,
2023-08-07,2023,2023-08,https://data.gdeltproject.org/gkg/20230807.gkg.csv.zip,https://data.gdeltproject.org/gkg/20230807.gkg.csv.zip,ca5b326b122908d0ce36ceff01e4ad20b026a2bc987405e2186d1edbc2f35c73,672ea683b2cf0d26e4a24017cdb3aeab,40609346,104329,1,9.584970765839164e-06,116572,503,500,AVAILABLE_VALID_CACHE,1,672ea683b2cf0d26e4a24017cdb3aeab,40609346,1,,1284f9141657400869b7eaef1ce7a19eb6fdf6e26e34509f819c6e0920dfd135,
2023-08-08,2023,2023-08,https://data.gdeltproject.org/gkg/20230808.gkg.csv.zip,https://data.gdeltproject.org/gkg/20230808.gkg.csv.zip,48fce1e5608102de8746b12a86e9fd0c3a1767d012b45b420a6573a9bc323ea5,0ead02fde026b2ed92bc68aaa0ec9a2c,46106534,118774,1,8.419280151547043e-06,134090,503,500,AVAILABLE_VALID_CACHE,1,0ead02fde026b2ed92bc68aaa0ec9a2c,46106534,1,,1284f9141657400869b7eaef1ce7a19eb6fdf6e26e34509f819c6e0920dfd135,
2023-08-09,2023,2023-08,https://data.gdeltproject.org/gkg/20230809.gkg.csv.zip,https://data.gdeltproject.org/gkg/20230809.gkg.csv.zip,c76f04b8b0156dfcb719c565d93861807c6bb6083c4fb982570e3f41b3812aa4,ab24b9c0d1520b4fdff5f9e202688cdd,47564815,121244,1,8.247762794342035e-06,136699,503,500,AVAILABLE_VALID_CACHE,1,ab24b9c0d1520b4fdff5f9e202688cdd,47564815,1,,1284f9141657400869b7eaef1ce7a19eb6fdf6e26e34509f819c6e0920dfd135,
2023-08-10,2023,2023-08,https://data.gdeltproject.org/gkg/20230810.gkg.csv.zip,https://data.gdeltproject.org/gkg/20230810.gkg.csv.zip,a45bfc9b22a43405efbdac19f9e7fc9aac6c9ce2f12e7c4c697e1b1f82331b17,9953c10ae42c10ba2afd2d6dfd8b8bee,49872667,124176,1,8.053021090862237e-06,140358,503,500,AVAILABLE_VALID_CACHE,1,9953c10ae42c10ba2afd2d6dfd8b8bee,49872667,1,,1284f9141657400869b7eaef1ce7a19eb6fdf6e26e34509f819c6e0920dfd135,
2023-08-11,2023,2023-08,https://data.gdeltproject.org/gkg/20230811.gkg.csv.zip,https://data.gdeltproject.org/gkg/20230811.gkg.csv.zip,c2b6dc1a88fbd9a343ee06e55478a8e35b0d4dad21344d298da1e34db9942294,703d6204f007f60254afea6cd4d94b66,46363186,116936,1,8.551613261841847e-06,130428,503,500,AVAILABLE_VALID_CACHE,1,703d6204f007f60254afea6cd4d94b66,46363186,1,,1284f9141657400869b7eaef1ce7a19eb6fdf6e26e34509f819c6e0920dfd135,
2023-08-12,2023,2023-08,https://data.gdeltproject.org/gkg/20230812.gkg.csv.zip,https://data.gdeltproject.org/gkg/20230812.gkg.csv.zip,33e629869979acaac5c4ea2628fe37b1bf9d6a82a30973f7fd39004eb909ccea,3c238dfe8b2d4b3744c423c0bc6723f7,27687008,67789,1,1.475143826523086e-05,75473,503,500,AVAILABLE_VALID_CACHE,1,3c238dfe8b2d4b3744c423c0bc6723f7,27687008,1,,1284f9141657400869b7eaef1ce7a19eb6fdf6e26e34509f819c6e0920dfd135,
2023-08-13,2023,2023-08,https://data.gdeltproject.org/gkg/20230813.gkg.csv.zip,https://data.gdeltproject.org/gkg/20230813.gkg.csv.zip,b4d679bd4451d2b742e6a8ef5d9bc82a35d9e42e0fd23b613d9246f352148439,a356e7c826981fa7f167caff9959268e,23905924,57684,1,1.7335529167027822e-05,65004,503,500,AVAILABLE_VALID_CACHE,1,a356e7c826981fa7f167caff9959268e,23905924,1,,1284f9141657400869b7eaef1ce7a19eb6fdf6e26e34509f819c6e0920dfd135,
2023-08-14,2023,2023-08,https://data.gdeltproject.org/gkg/20230814.gkg.csv.zip,https://data.gdeltproject.org/gkg/20230814.gkg.csv.zip,8bc9c77ab5d04f73488fae65ffaf60894538d51386a3edb9991b12ea5b754da9,beea23f693b6f4003b8c8a7b811a87f5,41593323,105165,1,9.50877660080254e-06,120247,503,500,AVAILABLE_VALID_CACHE,1,beea23f693b6f4003b8c8a7b811a87f5,41593323,1,,1284f9141657400869b7eaef1ce7a19eb6fdf6e26e34509f819c6e0920dfd135,
2023-08-15,2023,2023-08,https://data.gdeltproject.org/gkg/20230815.gkg.csv.zip,https://data.gdeltproject.org/gkg/20230815.gkg.csv.zip,76706ba9fffc28a7e607084f33644fb94b6febc129340453bf6982b006b07aeb,d2490e314d97c54dc74d68ecc7df3506,47059856,118993,1,8.403785064793184e-06,133263,503,500,AVAILABLE_VALID_CACHE,1,d2490e314d97c54dc74d68ecc7df3506,47059856,1,,1284f9141657400869b7eaef1ce7a19eb6fdf6e26e34509f819c6e0920dfd135,
2023-08-16,2023,2023-08,https://data.gdeltproject.org/gkg/20230816.gkg.csv.zip,https://data.gdeltproject.org/gkg/20230816.gkg.csv.zip,3970254616945d51b820901eadfd7825716dd4aeab416fa3c621af8fa206244f,9566c5eff6bd1dcab24dbfd9f53bbf3d,46128819,117307,1,8.524567804412315e-06,131692,503,500,AVAILABLE_VALID_CACHE,1,9566c5eff6bd1dcab24dbfd9f53bbf3d,46128819,1,,1284f9141657400869b7eaef1ce7a19eb6fdf6e26e34509f819c6e0920dfd135,
2023-08-17,2023,2023-08,https://data.gdeltproject.org/gkg/20230817.gkg.csv.zip,https://data.gdeltproject.org/gkg/20230817.gkg.csv.zip,2d44030557f1d6a439309cf71fe17bcf46c2d0c852c9e46fecc7ef0cd4cd8b7d,40413aaf7e81a096354b2a47f5cf07a4,47392697,121431,1,8.235061598260755e-06,134477,503,500,AVAILABLE_VALID_CACHE,1,40413aaf7e81a096354b2a47f5cf07a4,47392697,1,,1284f9141657400869b7eaef1ce7a19eb6fdf6e26e34509f819c6e0920dfd135,
2023-08-18,2023,2023-08,https://data.gdeltproject.org/gkg/20230818.gkg.csv.zip,https://data.gdeltproject.org/gkg/20230818.gkg.csv.zip,8142005d198059d1d1fa7a1e9dc98a196e6f89e002d644c58276887370ab7054,b9efd32479e20fe1489baaf8e21e4a89,45770076,115758,1,8.638637168600282e-06,129448,503,500,AVAILABLE_VALID_CACHE,1,b9efd32479e20fe1489baaf8e21e4a89,45770076,1,,1284f9141657400869b7eaef1ce7a19eb6fdf6e26e34509f819c6e0920dfd135,
2023-08-19,2023,2023-08,https://data.gdeltproject.org/gkg/20230819.gkg.csv.zip,https://data.gdeltproject.org/gkg/20230819.gkg.csv.zip,2c5fcccbf7fb53f2af4885c3b34ef245d8f67ec6beb9c6ba53920450d4543778,f20b544c148107aecc004f6e74c95247,26945931,66518,1,1.5033298756746193e-05,74262,503,500,AVAILABLE_VALID_CACHE,1,f20b544c148107aecc004f6e74c95247,26945931,1,,1284f9141657400869b7eaef1ce7a19eb6fdf6e26e34509f819c6e0920dfd135,
2023-08-20,2023,2023-08,https://data.gdeltproject.org/gkg/20230820.gkg.csv.zip,https://data.gdeltproject.org/gkg/20230820.gkg.csv.zip,0122ffb652399d7880ee143251055af2d37fe007ba65c7b2fc655f2e419b084a,aa2bb8aeb9fbebec099f0e1a0b4837a5,24934421,60706,1,1.6472564943087287e-05,66332,503,500,AVAILABLE_VALID_CACHE,1,aa2bb8aeb9fbebec099f0e1a0b4837a5,24934421,1,,1284f9141657400869b7eaef1ce7a19eb6fdf6e26e34509f819c6e0920dfd135,
2023-08-21,2023,2023-08,https://data.gdeltproject.org/gkg/20230821.gkg.csv.zip,https://data.gdeltproject.org/gkg/20230821.gkg.csv.zip,ee16599e58f6cea10f1f355249d8d519778af3103c44f60850dd9a19725f6992,bdc46f4893d50cc4d96b2a85235a3432,44678675,109883,1,9.10050598813294e-06,122412,503,500,AVAILABLE_VALID_CACHE,1,bdc46f4893d50cc4d96b2a85235a3432,44678675,1,,1284f9141657400869b7eaef1ce7a19eb6fdf6e26e34509f819c6e0920dfd135,
2023-08-22,2023,2023-08,https://data.gdeltproject.org/gkg/20230822.gkg.csv.zip,https://data.gdeltproject.org/gkg/20230822.gkg.csv.zip,59729054b8352c135fed250aba38421dde3ff9ff89124a01aba756597f36821a,753ffaacda75a8cc495124ed6cec9c76,49040205,121528,1,8.22848867348534e-06,135790,503,500,AVAILABLE_VALID_CACHE,1,753ffaacda75a8cc495124ed6cec9c76,49040205,1,,1284f9141657400869b7eaef1ce7a19eb6fdf6e26e34509f819c6e0920dfd135,
2023-08-23,2023,2023-08,https://data.gdeltproject.org/gkg/20230823.gkg.csv.zip,https://data.gdeltproject.org/gkg/20230823.gkg.csv.zip,e8892e08a01f7f56ec70edeb1e6be6fffbc704af44543a3d23e98ad123230a73,ec6ebd3bcbd07c36a1f3d223cb712549,48340684,123065,1,8.125721157752751e-06,136719,503,500,AVAILABLE_VALID_CACHE,1,ec6ebd3bcbd07c36a1f3d223cb712549,48340684,1,,1284f9141657400869b7eaef1ce7a19eb6fdf6e26e34509f819c6e0920dfd135,
2023-08-24,2023,2023-08,https://data.gdeltproject.org/gkg/20230824.gkg.csv.zip,https://data.gdeltproject.org/gkg/20230824.gkg.csv.zip,45b93b7cf62ef22cef2bfd4cced46aa37a436702e6554ca01567ad578e87bd35,9eb24acc567581b0b2d74e9660a323b0,49707195,125268,1,7.982820969274122e-06,140065,503,500,AVAILABLE_VALID_CACHE,1,9eb24acc567581b0b2d74e9660a323b0,49707195,1,,1284f9141657400869b7eaef1ce7a19eb6fdf6e26e34509f819c6e0920dfd135,
2023-08-25,2023,2023-08,https://data.gdeltproject.org/gkg/20230825.gkg.csv.zip,https://data.gdeltproject.org/gkg/20230825.gkg.csv.zip,4d51cb504738ef124520cf7c19f0323c76bab8d0e3c93931c61c1d160b542da5,3b401b08d41a73cf145483c2c2e67679,45770396,115959,1,8.623663332183512e-06,129560,503,500,AVAILABLE_VALID_CACHE,1,3b401b08d41a73cf145483c2c2e67679,45770396,1,,1284f9141657400869b7eaef1ce7a19eb6fdf6e26e34509f819c6e0920dfd135,
2023-08-26,2023,2023-08,https://data.gdeltproject.org/gkg/20230826.gkg.csv.zip,https://data.gdeltproject.org/gkg/20230826.gkg.csv.zip,c385e74f013ece82bd33c60ccea836896035d43aea2c5d4f1ab2e5487c027340,e0ee439b29a27020a1894595a2c8fedd,27543559,68704,1,1.4554981442398661e-05,76135,503,500,AVAILABLE_VALID_CACHE,1,e0ee439b29a27020a1894595a2c8fedd,27543559,1,,1284f9141657400869b7eaef1ce7a19eb6fdf6e26e34509f819c6e0920dfd135,
2023-08-27,2023,2023-08,https://data.gdeltproject.org/gkg/20230827.gkg.csv.zip,https://data.gdeltproject.org/gkg/20230827.gkg.csv.zip,2c36ea25ae84db0d4e7c1442b0aee7139ae11c6650ebe842af91984a82f75d44,e871a7ec5f619cde94eea179b9aefcca,24549448,60775,1,1.6453863367118598e-05,67450,503,500,AVAILABLE_VALID_CACHE,1,e871a7ec5f619cde94eea179b9aefcca,24549448,1,,1284f9141657400869b7eaef1ce7a19eb6fdf6e26e34509f819c6e0920dfd135,
2023-08-28,2023,2023-08,https://data.gdeltproject.org/gkg/20230828.gkg.csv.zip,https://data.gdeltproject.org/gkg/20230828.gkg.csv.zip,733b1126a96a0f4515b4c413b0f3e018cc94628be70af352d52d38580b7c13b5,fd9956bc4b3f3b9d3ba7a633a4a43651,41028679,103484,1,9.663236217809345e-06,116524,503,500,AVAILABLE_VALID_CACHE,1,fd9956bc4b3f3b9d3ba7a633a4a43651,41028679,1,,1284f9141657400869b7eaef1ce7a19eb6fdf6e26e34509f819c6e0920dfd135,
2023-08-29,2023,2023-08,https://data.gdeltproject.org/gkg/20230829.gkg.csv.zip,https://data.gdeltproject.org/gkg/20230829.gkg.csv.zip,a7a38ccf19f448ee1b3f3ccfd31004735a53e76540255c35df9df9e0bb62b097,d03caf4b5172cece6081ef3bb4e0f5c4,48891126,122547,1,8.16006789176486e-06,137932,503,500,AVAILABLE_VALID_CACHE,1,d03caf4b5172cece6081ef3bb4e0f5c4,48891126,1,,1284f9141657400869b7eaef1ce7a19eb6fdf6e26e34509f819c6e0920dfd135,
2023-08-30,2023,2023-08,https://data.gdeltproject.org/gkg/20230830.gkg.csv.zip,https://data.gdeltproject.org/gkg/20230830.gkg.csv.zip,effe81a793924cb71fbbee3ff4469dfeb1667d283b9e9101223be0598ea605bb,b557aca567bc4b16744bd65048593d5f,50216105,124610,1,8.024973718211072e-06,139440,503,500,AVAILABLE_VALID_CACHE,1,b557aca567bc4b16744bd65048593d5f,50216105,1,,1284f9141657400869b7eaef1ce7a19eb6fdf6e26e34509f819c6e0920dfd135,
2023-08-31,2023,2023-08,https://data.gdeltproject.org/gkg/20230831.gkg.csv.zip,https://data.gdeltproject.org/gkg/20230831.gkg.csv.zip,e603ca9cd0c1fe54d64c00dcb13777bf6daf2b0f6a3932ba91d672b529527c99,343d2f8361ab41b51d6800e803ed3b3b,49523978,124145,1,8.055031978476955e-06,138556,503,500,AVAILABLE_VALID_CACHE,1,343d2f8361ab41b51d6800e803ed3b3b,49523978,1,,1284f9141657400869b7eaef1ce7a19eb6fdf6e26e34509f819c6e0920dfd135,
2023-09-01,2023,2023-09,https://data.gdeltproject.org/gkg/20230901.gkg.csv.zip,https://data.gdeltproject.org/gkg/20230901.gkg.csv.zip,08dc7f62709810174bb39839dee940be1363ec1383f0030880dab32effdb0cd6,aebb399272a258e4a0ddea273016c511,47654671,118550,1,8.43518823122538e-06,132861,503,500,AVAILABLE_VALID_CACHE,1,aebb399272a258e4a0ddea273016c511,47654671,1,,1284f9141657400869b7eaef1ce7a19eb6fdf6e26e34509f819c6e0920dfd135,
2023-09-02,2023,2023-09,https://data.gdeltproject.org/gkg/20230902.gkg.csv.zip,https://data.gdeltproject.org/gkg/20230902.gkg.csv.zip,43f9807edd1f9cce784c0db5097129b04786ad32e5a0b923eee7543afdcee588,6585b1797969b4bded7c105daf688c08,26707048,66939,1,1.4938751120406334e-05,74357,503,500,AVAILABLE_VALID_CACHE,1,6585b1797969b4bded7c105daf688c08,26707048,1,,1284f9141657400869b7eaef1ce7a19eb6fdf6e26e34509f819c6e0920dfd135,
2023-09-03,2023,2023-09,https://data.gdeltproject.org/gkg/20230903.gkg.csv.zip,https://data.gdeltproject.org/gkg/20230903.gkg.csv.zip,fb80ccc4fd8b67122138aa1e17fa657501a56374f88da4ce77847036118b18f7,9ee03e4a3908bf67e063716e539d3482,22429564,56209,1,1.779042874933286e-05,62982,503,500,AVAILABLE_VALID_CACHE,1,9ee03e4a3908bf67e063716e539d3482,22429564,1,,1284f9141657400869b7eaef1ce7a19eb6fdf6e26e34509f819c6e0920dfd135,
2023-09-04,2023,2023-09,https://data.gdeltproject.org/gkg/20230904.gkg.csv.zip,https://data.gdeltproject.org/gkg/20230904.gkg.csv.zip,9edfdafae12b25ee3ab24782fec128c550f2261999d87c0ab927d96af35eaed0,ec4e96880fbc7de0ca877603590d4231,34875336,87914,1,1.1374623215605983e-05,98428,503,500,AVAILABLE_VALID_CACHE,1,ec4e96880fbc7de0ca877603590d4231,34875336,1,,1284f9141657400869b7eaef1ce7a19eb6fdf6e26e34509f819c6e0920dfd135,
2023-09-05,2023,2023-09,https://data.gdeltproject.org/gkg/20230905.gkg.csv.zip,https://data.gdeltproject.org/gkg/20230905.gkg.csv.zip,fc91a708683d06f6680d02dbbe7d64e4285e461fc814940a5d916eb2ae01bc3c,8b7914ab614c8ac8af738843794bba01,44773543,114573,1,8.727983661214587e-06,129544,503,500,AVAILABLE_VALID_CACHE,1,8b7914ab614c8ac8af738843794bba01,44773543,1,,1284f9141657400869b7eaef1ce7a19eb6fdf6e26e34509f819c6e0920dfd135,
2023-09-06,2023,2023-09,https://data.gdeltproject.org/gkg/20230906.gkg.csv.zip,https://data.gdeltproject.org/gkg/20230906.gkg.csv.zip,7de63ac4896ce0e3b136401a194a0a71548739346160a74dca867d839d0e3122,283fd68f2467604af02ed2d6947a9dd1,48783094,125613,1,7.960896078462592e-06,141836,503,500,AVAILABLE_VALID_CACHE,1,283fd68f2467604af02ed2d6947a9dd1,48783094,1,,1284f9141657400869b7eaef1ce7a19eb6fdf6e26e34509f819c6e0920dfd135,
2023-09-07,2023,2023-09,https://data.gdeltproject.org/gkg/20230907.gkg.csv.zip,https://data.gdeltproject.org/gkg/20230907.gkg.csv.zip,f477447f9881b0edf3c4e3c040900f231b20785cf100207e62bf5a3af3413574,50aae528471e7433c5eb5dfca08cf28a,50974921,129949,1,7.695267410542516e-06,143457,503,500,AVAILABLE_VALID_CACHE,1,50aae528471e7433c5eb5dfca08cf28a,50974921,1,,1284f9141657400869b7eaef1ce7a19eb6fdf6e26e34509f819c6e0920dfd135,
2023-09-08,2023,2023-09,https://data.gdeltproject.org/gkg/20230908.gkg.csv.zip,https://data.gdeltproject.org/gkg/20230908.gkg.csv.zip,1e549b525136dc78ee5b828187724e7bca2c267210ac92b4f123a7ee4bbb3125,80b84cc5cac28934185f35f6fd1e971a,46976904,119674,1,8.355964069354501e-06,133914,503,500,AVAILABLE_VALID_CACHE,1,80b84cc5cac28934185f35f6fd1e971a,46976904,1,,1284f9141657400869b7eaef1ce7a19eb6fdf6e26e34509f819c6e0920dfd135,
2023-09-09,2023,2023-09,https://data.gdeltproject.org/gkg/20230909.gkg.csv.zip,https://data.gdeltproject.org/gkg/20230909.gkg.csv.zip,a5d6d61ed25903c0026e0c502359926edaeb4c5abfac5f9e1f88f3cc335e9dbc,cd96742d05088c36f37b69fb4a5f06a1,29693822,72755,1,1.3744570894496674e-05,81405,503,500,AVAILABLE_VALID_CACHE,1,cd96742d05088c36f37b69fb4a5f06a1,29693822,1,,1284f9141657400869b7eaef1ce7a19eb6fdf6e26e34509f819c6e0920dfd135,
2023-09-10,2023,2023-09,https://data.gdeltproject.org/gkg/20230910.gkg.csv.zip,https://data.gdeltproject.org/gkg/20230910.gkg.csv.zip,26422250ce8cbd4a5252dd834e7f636e861fd185759eacb3c7f303eaad2bdfb6,fab96e2364ded4c5b93a5c3e39aecd7b,26260614,63784,1,1.5677667163126125e-05,71375,503,500,AVAILABLE_VALID_CACHE,1,fab96e2364ded4c5b93a5c3e39aecd7b,26260614,1,,1284f9141657400869b7eaef1ce7a19eb6fdf6e26e34509f819c6e0920dfd135,
2023-09-11,2023,2023-09,https://data.gdeltproject.org/gkg/20230911.gkg.csv.zip,https://data.gdeltproject.org/gkg/20230911.gkg.csv.zip,08a24d2dc9f6c1a7659856af20841d7e18fd0aa268c297579a89d56e7eb8c53f,8b47aa1842659708edc6e9285884f583,46181273,114692,1,8.718927920622881e-06,127505,503,500,AVAILABLE_VALID_CACHE,1,8b47aa1842659708edc6e9285884f583,46181273,1,,1284f9141657400869b7eaef1ce7a19eb6fdf6e26e34509f819c6e0920dfd135,
2023-09-12,2023,2023-09,https://data.gdeltproject.org/gkg/20230912.gkg.csv.zip,https://data.gdeltproject.org/gkg/20230912.gkg.csv.zip,cb6f81b8c9cabe6030322193dab0adf7f2801bea63c20597f8109359e547bb97,77e69bb1e167b829df0b360ca9293158,50708358,127292,1,7.855891525849811e-06,144253,503,500,AVAILABLE_VALID_CACHE,1,77e69bb1e167b829df0b360ca9293158,50708358,1,,1284f9141657400869b7eaef1ce7a19eb6fdf6e26e34509f819c6e0920dfd135,
2023-09-13,2023,2023-09,https://data.gdeltproject.org/gkg/20230913.gkg.csv.zip,https://data.gdeltproject.org/gkg/20230913.gkg.csv.zip,eaae25701c51a5514612515ae1691e237427a714a538a0efa6dfb78e8e94dd97,1efa3898c84049dc11aadbb2c7bf2643,51099212,128157,1,7.802868334399726e-06,143789,503,500,AVAILABLE_VALID_CACHE,1,1efa3898c84049dc11aadbb2c7bf2643,51099212,1,,1284f9141657400869b7eaef1ce7a19eb6fdf6e26e34509f819c6e0920dfd135,
2023-09-14,2023,2023-09,https://data.gdeltproject.org/gkg/20230914.gkg.csv.zip,https://data.gdeltproject.org/gkg/20230914.gkg.csv.zip,d5d6af075e8f3f06e585e6ccac53c38aba2069fbe682a2d263dc142bb63f8d49,fe1a9c937c7216cb4df7cfde3081c21b,51008435,129000,1,7.751877892419439e-06,144377,503,500,AVAILABLE_VALID_CACHE,1,fe1a9c937c7216cb4df7cfde3081c21b,51008435,1,,1284f9141657400869b7eaef1ce7a19eb6fdf6e26e34509f819c6e0920dfd135,
2023-09-15,2023,2023-09,https://data.gdeltproject.org/gkg/20230915.gkg.csv.zip,https://data.gdeltproject.org/gkg/20230915.gkg.csv.zip,e69bd8518f95989cf8fadf8e0ba9e84144f428541620f369c8697e9c51eaa010,df5239a04736bcf7047ae99b2fa0c7d7,47732692,121209,1,8.250144377526608e-06,134217,503,500,AVAILABLE_VALID_CACHE,1,df5239a04736bcf7047ae99b2fa0c7d7,47732692,1,,1284f9141657400869b7eaef1ce7a19eb6fdf6e26e34509f819c6e0920dfd135,
2023-09-16,2023,2023-09,https://data.gdeltproject.org/gkg/20230916.gkg.csv.zip,https://data.gdeltproject.org/gkg/20230916.gkg.csv.zip,ed57364ed190bf54b92c191a8ad76e917da07d7e3aa8efeff2deb181d70ddf18,3a7fa895f4e24c36e37f4131f703112c,29104560,71545,1,1.3977021776199928e-05,79969,503,500,AVAILABLE_VALID_CACHE,1,3a7fa895f4e24c36e37f4131f703112c,29104560,1,,1284f9141657400869b7eaef1ce7a19eb6fdf6e26e34509f819c6e0920dfd135,
2023-09-17,2023,2023-09,https://data.gdeltproject.org/gkg/20230917.gkg.csv.zip,https://data.gdeltproject.org/gkg/20230917.gkg.csv.zip,fe6632b7addd74bf18fb2251e6da67776b04fef63bf4f0f7f540234f9a3eb5a6,e166d41b9d8c602524bd9705856ace46,25849820,63426,1,1.5766156368738864e-05,71396,503,500,AVAILABLE_VALID_CACHE,1,e166d41b9d8c602524bd9705856ace46,25849820,1,,1284f9141657400869b7eaef1ce7a19eb6fdf6e26e34509f819c6e0920dfd135,
2023-09-18,2023,2023-09,https://data.gdeltproject.org/gkg/20230918.gkg.csv.zip,https://data.gdeltproject.org/gkg/20230918.gkg.csv.zip,7bc8c1f43711e8ac302f0445f39b129754af7d87738ddbfbed9d34300b221d48,2db9a337eb111e793957dc80c0d7e73f,44780847,113466,1,8.813135096547895e-06,126034,503,500,AVAILABLE_VALID_CACHE,1,2db9a337eb111e793957dc80c0d7e73f,44780847,1,,1284f9141657400869b7eaef1ce7a19eb6fdf6e26e34509f819c6e0920dfd135,
2023-09-19,2023,2023-09,https://data.gdeltproject.org/gkg/20230919.gkg.csv.zip,https://data.gdeltproject.org/gkg/20230919.gkg.csv.zip,16a2b46cff0efbff9a732b2a39c6ed67ac5ab4bee158574748302adc82975450,add3295e1940367f06437cfc7bffde9f,48863005,121889,1,8.204118467470671e-06,135861,503,500,AVAILABLE_VALID_CACHE,1,add3295e1940367f06437cfc7bffde9f,48863005,1,,1284f9141657400869b7eaef1ce7a19eb6fdf6e26e34509f819c6e0920dfd135,
2023-09-20,2023,2023-09,https://data.gdeltproject.org/gkg/20230920.gkg.csv.zip,https://data.gdeltproject.org/gkg/20230920.gkg.csv.zip,a3f367b442850f2e31bf918dfaf8bce227fffd444dfbceaecdbd3f96b02bb5e0,d9d565080d52da5076ac97250bf3ccaf,49773111,126815,1,7.885440322987636e-06,141895,503,500,AVAILABLE_VALID_CACHE,1,d9d565080d52da5076ac97250bf3ccaf,49773111,1,,1284f9141657400869b7eaef1ce7a19eb6fdf6e26e34509f819c6e0920dfd135,
2023-09-21,2023,2023-09,https://data.gdeltproject.org/gkg/20230921.gkg.csv.zip,https://data.gdeltproject.org/gkg/20230921.gkg.csv.zip,635fc589785c4d1c2b7587dee07a7f8c2725c57fb3b1e6adb162c5e5143c9745,56e89d65824a2a333d3a4b046245081c,51086445,128147,1,7.803477229453444e-06,143064,503,500,AVAILABLE_VALID_CACHE,1,56e89d65824a2a333d3a4b046245081c,51086445,1,,1284f9141657400869b7eaef1ce7a19eb6fdf6e26e34509f819c6e0920dfd135,
2023-09-22,2023,2023-09,https://data.gdeltproject.org/gkg/20230922.gkg.csv.zip,https://data.gdeltproject.org/gkg/20230922.gkg.csv.zip,268dddf807e3b5477715fbfbb8a08705a3872ed36391b62f125cee708680562e,c06b26da0254adc3e70844d1b2f73ba9,49033965,120744,1,8.281916435463167e-06,134477,503,500,AVAILABLE_VALID_CACHE,1,c06b26da0254adc3e70844d1b2f73ba9,49033965,1,,1284f9141657400869b7eaef1ce7a19eb6fdf6e26e34509f819c6e0920dfd135,
2023-09-23,2023,2023-09,https://data.gdeltproject.org/gkg/20230923.gkg.csv.zip,https://data.gdeltproject.org/gkg/20230923.gkg.csv.zip,254ec482a700e99bf4e2c9dd546d3c5b4abfb329d944ef3e8f6ff68bfdb99f60,bec1e5c48d6fff9e6f9e23067d0ef580,27250817,67838,1,1.4740783325225903e-05,76962,503,500,AVAILABLE_VALID_CACHE,1,bec1e5c48d6fff9e6f9e23067d0ef580,27250817,1,,1284f9141657400869b7eaef1ce7a19eb6fdf6e26e34509f819c6e0920dfd135,
2023-09-24,2023,2023-09,https://data.gdeltproject.org/gkg/20230924.gkg.csv.zip,https://data.gdeltproject.org/gkg/20230924.gkg.csv.zip,4021ef955c5e545723e0f74c6fc8e9385811a66455b7c7e4c0adf6253d9a0cda,f4ee6f80376e6a140243346d3219d1c2,24355223,61638,1,1.6223494865263876e-05,69589,503,500,AVAILABLE_VALID_CACHE,1,f4ee6f80376e6a140243346d3219d1c2,24355223,1,,1284f9141657400869b7eaef1ce7a19eb6fdf6e26e34509f819c6e0920dfd135,
2023-09-25,2023,2023-09,https://data.gdeltproject.org/gkg/20230925.gkg.csv.zip,https://data.gdeltproject.org/gkg/20230925.gkg.csv.zip,85c3a1b6913ef7ae3dc55d566bc87592739f9d8db56e36e3685cc590a8f13d90,dca1d811337f856d043d8c232521021d,42195932,107636,1,9.290485613683027e-06,120732,503,500,AVAILABLE_VALID_CACHE,1,dca1d811337f856d043d8c232521021d,42195932,1,,1284f9141657400869b7eaef1ce7a19eb6fdf6e26e34509f819c6e0920dfd135,
2023-09-26,2023,2023-09,https://data.gdeltproject.org/gkg/20230926.gkg.csv.zip,https://data.gdeltproject.org/gkg/20230926.gkg.csv.zip,cd596ea7ebaff6874e4c5c510f718ec4dc328e9e7f9e5e27e3de6d662354c06c,a5cb474458d1703655879aa80b39580c,48939763,124618,1,8.024458549659362e-06,138341,503,500,AVAILABLE_VALID_CACHE,1,a5cb474458d1703655879aa80b39580c,48939763,1,,1284f9141657400869b7eaef1ce7a19eb6fdf6e26e34509f819c6e0920dfd135,
2023-09-27,2023,2023-09,https://data.gdeltproject.org/gkg/20230927.gkg.csv.zip,https://data.gdeltproject.org/gkg/20230927.gkg.csv.zip,d1418fb5692406b7ab4d570bcb31be9e94a43e5ae0d89e893fb242e75f32efc8,92b19d103c4860662b826ff7d254c0df,49239594,126119,1,7.92895654931811e-06,140635,503,500,AVAILABLE_VALID_CACHE,1,92b19d103c4860662b826ff7d254c0df,49239594,1,,1284f9141657400869b7eaef1ce7a19eb6fdf6e26e34509f819c6e0920dfd135,
2023-09-28,2023,2023-09,https://data.gdeltproject.org/gkg/20230928.gkg.csv.zip,https://data.gdeltproject.org/gkg/20230928.gkg.csv.zip,f3b5d064e6f8c62d2290ce9fcad40124d1c9746f6011e85e72c7996ea62993c6,121d8594c1e7284bd108becd58b1d2be,49391157,126853,1,7.883078184369432e-06,140713,503,500,AVAILABLE_VALID_CACHE,1,121d8594c1e7284bd108becd58b1d2be,49391157,1,,1284f9141657400869b7eaef1ce7a19eb6fdf6e26e34509f819c6e0920dfd135,
2023-09-29,2023,2023-09,https://data.gdeltproject.org/gkg/20230929.gkg.csv.zip,https://data.gdeltproject.org/gkg/20230929.gkg.csv.zip,714b46b4e7257ce1e95feac6704001bea20ba53e69d9cd53235eab76d7b2e3e5,eea018b3af948eec6aaf38ecade7a78d,47766019,118774,1,8.419280151547043e-06,130742,503,500,AVAILABLE_VALID_CACHE,1,eea018b3af948eec6aaf38ecade7a78d,47766019,1,,1284f9141657400869b7eaef1ce7a19eb6fdf6e26e34509f819c6e0920dfd135,
2023-09-30,2023,2023-09,https://data.gdeltproject.org/gkg/20230930.gkg.csv.zip,https://data.gdeltproject.org/gkg/20230930.gkg.csv.zip,13f8be236506a0c93bb080c91f93377d2fcdf57ec6c52a3aa2c36eb58856c1ba,889dbd9fa166e8ebc5a30107c563d484,28367185,70189,1,1.4247043738424277e-05,77292,503,500,AVAILABLE_VALID_CACHE,1,889dbd9fa166e8ebc5a30107c563d484,28367185,1,,1284f9141657400869b7eaef1ce7a19eb6fdf6e26e34509f819c6e0920dfd135,
2023-10-01,2023,2023-10,https://data.gdeltproject.org/gkg/20231001.gkg.csv.zip,https://data.gdeltproject.org/gkg/20231001.gkg.csv.zip,81232f1697eb2caeeadaaa1187a05ab8bfd43ab7c3a55f59100bae417c7aa874,a2eae7d803fdab94edc31a44c7ebc4bb,25612137,63287,1,1.5800783718872457e-05,70042,503,500,AVAILABLE_VALID_CACHE,1,a2eae7d803fdab94edc31a44c7ebc4bb,25612137,1,,1284f9141657400869b7eaef1ce7a19eb6fdf6e26e34509f819c6e0920dfd135,
2023-10-02,2023,2023-10,https://data.gdeltproject.org/gkg/20231002.gkg.csv.zip,https://data.gdeltproject.org/gkg/20231002.gkg.csv.zip,242e26abe9d4b01c35060b5f1c53ffbf0f1305bca44fc3eb0976c91fa594302f,97cbc4f2a6293c5a8ab90745d87dc6f9,41104814,107363,1,9.31410901233188e-06,119298,504,501,AVAILABLE_VALID_CACHE,1,97cbc4f2a6293c5a8ab90745d87dc6f9,41104814,1,,1284f9141657400869b7eaef1ce7a19eb6fdf6e26e34509f819c6e0920dfd135,
2023-10-03,2023,2023-10,https://data.gdeltproject.org/gkg/20231003.gkg.csv.zip,https://data.gdeltproject.org/gkg/20231003.gkg.csv.zip,147cf531e0745f893841e83baa91f1aea480ee685b47239a166a32e202fc383b,984137dd31260ed89deab4935d9f2994,47513362,122640,1,8.153880023809329e-06,134787,503,500,AVAILABLE_VALID_CACHE,1,984137dd31260ed89deab4935d9f2994,47513362,1,,1284f9141657400869b7eaef1ce7a19eb6fdf6e26e34509f819c6e0920dfd135,
2023-10-04,2023,2023-10,https://data.gdeltproject.org/gkg/20231004.gkg.csv.zip,https://data.gdeltproject.org/gkg/20231004.gkg.csv.zip,ced1ace841e2a4e07eb53b81964a069a1f4b2a8de1fea7d27d7a14aabae1908d,78c0fbff03b520431e2aec4d88c4ad2e,48492008,125344,1,7.977980773066336e-06,137939,503,500,AVAILABLE_VALID_CACHE,1,78c0fbff03b520431e2aec4d88c4ad2e,48492008,1,,1284f9141657400869b7eaef1ce7a19eb6fdf6e26e34509f819c6e0920dfd135,
2023-10-05,2023,2023-10,https://data.gdeltproject.org/gkg/20231005.gkg.csv.zip,https://data.gdeltproject.org/gkg/20231005.gkg.csv.zip,7508d059be7af2719a684f6c7f2eb5b47bf78decbc719f010e7100224ba5724b,619eff23566cd841302e864de09b4bd7,49377963,125731,1,7.953424744695065e-06,139493,503,500,AVAILABLE_VALID_CACHE,1,619eff23566cd841302e864de09b4bd7,49377963,1,,1284f9141657400869b7eaef1ce7a19eb6fdf6e26e34509f819c6e0920dfd135,
2023-10-06,2023,2023-10,https://data.gdeltproject.org/gkg/20231006.gkg.csv.zip,https://data.gdeltproject.org/gkg/20231006.gkg.csv.zip,451cb40081660c72ebe66c80d22549d5d0f86ed69dc87fb939202f9d27831ad8,7abd8cff076dab491563067403276f64,45848024,115611,1,8.64962114659378e-06,130162,503,500,AVAILABLE_VALID_CACHE,1,7abd8cff076dab491563067403276f64,45848024,1,,1284f9141657400869b7eaef1ce7a19eb6fdf6e26e34509f819c6e0920dfd135,
2023-10-07,2023,2023-10,https://data.gdeltproject.org/gkg/20231007.gkg.csv.zip,https://data.gdeltproject.org/gkg/20231007.gkg.csv.zip,c574a631c1f6ddaba5ff030ba95befcf7c67534976bd30646bc554f3931c9190,0fc075e6409dcd754597454acb94a498,30191570,71454,1,1.399482191589112e-05,78737,503,500,AVAILABLE_VALID_CACHE,1,0fc075e6409dcd754597454acb94a498,30191570,1,,1284f9141657400869b7eaef1ce7a19eb6fdf6e26e34509f819c6e0920dfd135,
2023-10-08,2023,2023-10,https://data.gdeltproject.org/gkg/20231008.gkg.csv.zip,https://data.gdeltproject.org/gkg/20231008.gkg.csv.zip,cd0c3a57079c6220ece1f1a02d8d590d99c499a09d1dcddde85f834f2f2463fb,79f7fa8de10aab21d6786ff5d9135282,28080009,64758,1,1.5441869083833907e-05,71405,503,500,AVAILABLE_VALID_CACHE,1,79f7fa8de10aab21d6786ff5d9135282,28080009,1,,1284f9141657400869b7eaef1ce7a19eb6fdf6e26e34509f819c6e0920dfd135,
2023-10-09,2023,2023-10,https://data.gdeltproject.org/gkg/20231009.gkg.csv.zip,https://data.gdeltproject.org/gkg/20231009.gkg.csv.zip,e53b5a0bf1d213ff36f2da9fd8dd8043d5e33a3a7517cfe2977bbd71e7151941,7ca8ae5a9b7241df1551a959fade35ef,45049392,107059,1,9.340556697179152e-06,118573,503,500,AVAILABLE_VALID_CACHE,1,7ca8ae5a9b7241df1551a959fade35ef,45049392,1,,1284f9141657400869b7eaef1ce7a19eb6fdf6e26e34509f819c6e0920dfd135,
2023-10-10,2023,2023-10,https://data.gdeltproject.org/gkg/20231010.gkg.csv.zip,https://data.gdeltproject.org/gkg/20231010.gkg.csv.zip,7f83cd0590c4488c88eebf4bb09478b0eea6918c111dc9187b59a0bb46eda0a3,137fa5bd3eb274be68d7170bd60176c5,51104786,123737,1,8.081591750311142e-06,137266,503,500,AVAILABLE_VALID_CACHE,1,137fa5bd3eb274be68d7170bd60176c5,51104786,1,,1284f9141657400869b7eaef1ce7a19eb6fdf6e26e34509f819c6e0920dfd135,
2023-10-11,2023,2023-10,https://data.gdeltproject.org/gkg/20231011.gkg.csv.zip,https://data.gdeltproject.org/gkg/20231011.gkg.csv.zip,8255bc93026dccb14add385d845dcbbaec1928aa68ae61c21e6b5ef56c562f93,d5da79af69faa7a9c9428c75077688a8,52617298,128583,1,7.777017358302743e-06,141550,503,500,AVAILABLE_VALID_CACHE,1,d5da79af69faa7a9c9428c75077688a8,52617298,1,,1284f9141657400869b7eaef1ce7a19eb6fdf6e26e34509f819c6e0920dfd135,
2023-10-12,2023,2023-10,https://data.gdeltproject.org/gkg/20231012.gkg.csv.zip,https://data.gdeltproject.org/gkg/20231012.gkg.csv.zip,dc1c61b907ff49453ba5a56c9fa553295c466b16c60ce016ebc696244985a142,1a4319b3b2710e88a62da4f4eddd814f,52692600,129575,1,7.717478545409644e-06,143019,503,500,AVAILABLE_VALID_CACHE,1,1a4319b3b2710e88a62da4f4eddd814f,52692600,1,,1284f9141657400869b7eaef1ce7a19eb6fdf6e26e34509f819c6e0920dfd135,
2023-10-13,2023,2023-10,https://data.gdeltproject.org/gkg/20231013.gkg.csv.zip,https://data.gdeltproject.org/gkg/20231013.gkg.csv.zip,2027e6ccbd566e11c6c701ad55737d48e7e6dc43a0edbf1933a516e5a43f4fc5,037289378b5111ce80634323a373fb99,50720821,123251,1,8.113458605134196e-06,135201,503,500,AVAILABLE_VALID_CACHE,1,037289378b5111ce80634323a373fb99,50720821,1,,1284f9141657400869b7eaef1ce7a19eb6fdf6e26e34509f819c6e0920dfd135,
2023-10-14,2023,2023-10,https://data.gdeltproject.org/gkg/20231014.gkg.csv.zip,https://data.gdeltproject.org/gkg/20231014.gkg.csv.zip,b876df24b53598b43e326eae296e77e88bd38d80b49b69801ab92f66b2ba372d,a4934c30cc7f6378027d56b8c61a3e16,30316712,71169,1,1.405086412814388e-05,78969,503,500,AVAILABLE_VALID_CACHE,1,a4934c30cc7f6378027d56b8c61a3e16,30316712,1,,1284f9141657400869b7eaef1ce7a19eb6fdf6e26e34509f819c6e0920dfd135,
2023-10-15,2023,2023-10,https://data.gdeltproject.org/gkg/20231015.gkg.csv.zip,https://data.gdeltproject.org/gkg/20231015.gkg.csv.zip,1afa853d698a9d1163e86d0a0fd2bd3ce334d2362e198e2fe89990c9c6581f80,61ffb0a6e7983724ac92667155bb7bce,26867322,63269,1,1.58052789631737e-05,70798,503,500,AVAILABLE_VALID_CACHE,1,61ffb0a6e7983724ac92667155bb7bce,26867322,1,,1284f9141657400869b7eaef1ce7a19eb6fdf6e26e34509f819c6e0920dfd135,
2023-10-16,2023,2023-10,https://data.gdeltproject.org/gkg/20231016.gkg.csv.zip,https://data.gdeltproject.org/gkg/20231016.gkg.csv.zip,f151bfbe823e29b0df78768d60482b8441af91c2f6701c7800f5011de1802404,9c33a9c32d72bd5550667fca81285bfb,45812167,112631,1,8.878471482349599e-06,125928,503,500,AVAILABLE_VALID_CACHE,1,9c33a9c32d72bd5550667fca81285bfb,45812167,1,,1284f9141657400869b7eaef1ce7a19eb6fdf6e26e34509f819c6e0920dfd135,
2023-10-17,2023,2023-10,https://data.gdeltproject.org/gkg/20231017.gkg.csv.zip,https://data.gdeltproject.org/gkg/20231017.gkg.csv.zip,021736a23c9e758da2e81c110d2f4d2989d29b4dfeb6b1de5625b6e9e8e7bb82,19e59150a925a69377c65d3afc310af8,50586093,122765,1,8.14557776583093e-06,135424,503,500,AVAILABLE_VALID_CACHE,1,19e59150a925a69377c65d3afc310af8,50586093,1,,1284f9141657400869b7eaef1ce7a19eb6fdf6e26e34509f819c6e0920dfd135,
2023-10-18,2023,2023-10,https://data.gdeltproject.org/gkg/20231018.gkg.csv.zip,https://data.gdeltproject.org/gkg/20231018.gkg.csv.zip,caea75173416adb4e2a50e7bfd672b03227cf9eff95db2c51cf8a149173270a2,0569acf34a0f178bb3a0ba089f83af24,53264401,127356,1,7.851943748674984e-06,141337,503,500,AVAILABLE_VALID_CACHE,1,0569acf34a0f178bb3a0ba089f83af24,53264401,1,,1284f9141657400869b7eaef1ce7a19eb6fdf6e26e34509f819c6e0920dfd135,
2023-10-19,2023,2023-10,https://data.gdeltproject.org/gkg/20231019.gkg.csv.zip,https://data.gdeltproject.org/gkg/20231019.gkg.csv.zip,2ec9d04bdbf1d60dddc03e83a2c23b9a2be288cff0e686f371088bbe91487969,46e1b89b62bac64b4a22cfa577b06442,51811019,127365,1,7.851388910698303e-06,142303,503,500,AVAILABLE_VALID_CACHE,1,46e1b89b62bac64b4a22cfa577b06442,51811019,1,,1284f9141657400869b7eaef1ce7a19eb6fdf6e26e34509f819c6e0920dfd135,
2023-10-20,2023,2023-10,https://data.gdeltproject.org/gkg/20231020.gkg.csv.zip,https://data.gdeltproject.org/gkg/20231020.gkg.csv.zip,061e0cec9f6d275ff3bb27b6575c8a343f9b05937dc75b9b107143a995a4acb8,4855e9fcc8be430f9f82439f120d1847,49252378,118070,1,8.469480227998407e-06,130747,503,500,AVAILABLE_VALID_CACHE,1,4855e9fcc8be430f9f82439f120d1847,49252378,1,,1284f9141657400869b7eaef1ce7a19eb6fdf6e26e34509f819c6e0920dfd135,
2023-10-21,2023,2023-10,https://data.gdeltproject.org/gkg/20231021.gkg.csv.zip,https://data.gdeltproject.org/gkg/20231021.gkg.csv.zip,83a24d9bb75f683d3d0e0e7f9538b26ff5f8e496e74491db6710d2184ddc044f,48b6563c4bf8aa04e191d0e42a4431a4,28473452,66624,1,1.50093808630394e-05,73621,503,500,AVAILABLE_VALID_CACHE,1,48b6563c4bf8aa04e191d0e42a4431a4,28473452,1,,1284f9141657400869b7eaef1ce7a19eb6fdf6e26e34509f819c6e0920dfd135,
2023-10-22,2023,2023-10,https://data.gdeltproject.org/gkg/20231022.gkg.csv.zip,https://data.gdeltproject.org/gkg/20231022.gkg.csv.zip,6248fc7e7b50cf9169662dac2356b40aea1328cb237753bb85d9e8615e058d99,184facd7ab0373c93615cfc8868e2268,25081138,58185,1,1.7186264737222014e-05,64449,503,500,AVAILABLE_VALID_CACHE,1,184facd7ab0373c93615cfc8868e2268,25081138,1,,1284f9141657400869b7eaef1ce7a19eb6fdf6e26e34509f819c6e0920dfd135,
2023-10-23,2023,2023-10,https://data.gdeltproject.org/gkg/20231023.gkg.csv.zip,https://data.gdeltproject.org/gkg/20231023.gkg.csv.zip,2866a412999b964cdf65fb4b5aa01bcdf1ccbc5d6bbc785ec8d9af39b74701ea,713d25b50dc47441bf6cf2857dfbf19f,43557337,105512,1,9.47750514154654e-06,118348,503,500,AVAILABLE_VALID_CACHE,1,713d25b50dc47441bf6cf2857dfbf19f,43557337,1,,1284f9141657400869b7eaef1ce7a19eb6fdf6e26e34509f819c6e0920dfd135,
2023-10-24,2023,2023-10,https://data.gdeltproject.org/gkg/20231024.gkg.csv.zip,https://data.gdeltproject.org/gkg/20231024.gkg.csv.zip,5ee975b46320c5d2386b7ea12d5813de4b03f568bd6dbdf9db2483e6b270ca72,f5566e77b25d4bbbcacfa16fadcbf9bc,48594836,119478,1,8.369671657780865e-06,132913,503,500,AVAILABLE_VALID_CACHE,1,f5566e77b25d4bbbcacfa16fadcbf9bc,48594836,1,,1284f9141657400869b7eaef1ce7a19eb6fdf6e26e34509f819c6e0920dfd135,
2023-10-25,2023,2023-10,https://data.gdeltproject.org/gkg/20231025.gkg.csv.zip,https://data.gdeltproject.org/gkg/20231025.gkg.csv.zip,88a08d7dc365924c599732c585b159a4cada281fdd4998830cf7d40f7d6e93df,20f149ddfd5fd7c79653509e99e9fd62,51935549,127604,1,7.836683515536225e-06,141166,503,500,AVAILABLE_VALID_CACHE,1,20f149ddfd5fd7c79653509e99e9fd62,51935549,1,,1284f9141657400869b7eaef1ce7a19eb6fdf6e26e34509f819c6e0920dfd135,
2023-10-26,2023,2023-10,https://data.gdeltproject.org/gkg/20231026.gkg.csv.zip,https://data.gdeltproject.org/gkg/20231026.gkg.csv.zip,d122a0c17f4f612f21f6dca8263aa34a10312acd0dd2a6c08e184eea434f1f70,e77524c199495879b2f3333bb8c3eedd,52882778,129110,1,7.745273446879041e-06,142779,503,500,AVAILABLE_VALID_CACHE,1,e77524c199495879b2f3333bb8c3eedd,52882778,1,,1284f9141657400869b7eaef1ce7a19eb6fdf6e26e34509f819c6e0920dfd135,
2023-10-27,2023,2023-10,https://data.gdeltproject.org/gkg/20231027.gkg.csv.zip,https://data.gdeltproject.org/gkg/20231027.gkg.csv.zip,bbc7fd055c3eef1404827351910468f8415993163f0d3b0ab127afb5d4a5d1b0,4bc3bdd8043ad98f9e9ea885cc23bb0c,48656060,117582,1,8.504630771455057e-06,131117,503,500,AVAILABLE_VALID_CACHE,1,4bc3bdd8043ad98f9e9ea885cc23bb0c,48656060,1,,1284f9141657400869b7eaef1ce7a19eb6fdf6e26e34509f819c6e0920dfd135,
2023-10-28,2023,2023-10,https://data.gdeltproject.org/gkg/20231028.gkg.csv.zip,https://data.gdeltproject.org/gkg/20231028.gkg.csv.zip,321baf96f5fa41e75b6adbc96e6583bcf57b5d6438a1c691917fb62ad9943940,69d6ca2955dc83729642af4c8908b4b2,30533819,71329,1,1.4019346698443853e-05,78231,503,500,AVAILABLE_VALID_CACHE,1,69d6ca2955dc83729642af4c8908b4b2,30533819,1,,1284f9141657400869b7eaef1ce7a19eb6fdf6e26e34509f819c6e0920dfd135,
2023-10-29,2023,2023-10,https://data.gdeltproject.org/gkg/20231029.gkg.csv.zip,https://data.gdeltproject.org/gkg/20231029.gkg.csv.zip,f233a21c87f1a22258cddac8bcfedeeb322acaa8363925a89609a1c8dd277f74,54c62074a6d065993641b7c121761102,25990976,62520,1,1.5994625805729276e-05,68961,503,500,AVAILABLE_VALID_CACHE,1,54c62074a6d065993641b7c121761102,25990976,1,,1284f9141657400869b7eaef1ce7a19eb6fdf6e26e34509f819c6e0920dfd135,
2023-10-30,2023,2023-10,https://data.gdeltproject.org/gkg/20231030.gkg.csv.zip,https://data.gdeltproject.org/gkg/20231030.gkg.csv.zip,945d2b4a7168a6f1be72d76fb65f2638e3b2339831c3b6672b90cc2bd41b70a4,e1194e6fc858939841efc053636c9a44,45134433,110283,1,9.067498458525262e-06,122470,503,500,AVAILABLE_VALID_CACHE,1,e1194e6fc858939841efc053636c9a44,45134433,1,,1284f9141657400869b7eaef1ce7a19eb6fdf6e26e34509f819c6e0920dfd135,
2023-10-31,2023,2023-10,https://data.gdeltproject.org/gkg/20231031.gkg.csv.zip,https://data.gdeltproject.org/gkg/20231031.gkg.csv.zip,fc6169a746a1b93b2a0781c04d3fa28151f8251b165113b6419f4dc7bbf2f15f,7ddc0777f0f7a26d0ceec0cd6faf450d,51099942,126072,1,7.931912463414054e-06,140642,503,500,AVAILABLE_VALID_CACHE,1,7ddc0777f0f7a26d0ceec0cd6faf450d,51099942,1,,1284f9141657400869b7eaef1ce7a19eb6fdf6e26e34509f819c6e0920dfd135,
2023-11-01,2023,2023-11,https://data.gdeltproject.org/gkg/20231101.gkg.csv.zip,https://data.gdeltproject.org/gkg/20231101.gkg.csv.zip,0847427303d216264ef0d9ce1a787166114a06ac12521752facbee2287e632a9,ed156016b860e4c375a1eed2f08357a7,51129049,126043,1,7.93373742502618e-06,140318,503,500,AVAILABLE_VALID_CACHE,1,ed156016b860e4c375a1eed2f08357a7,51129049,1,,1284f9141657400869b7eaef1ce7a19eb6fdf6e26e34509f819c6e0920dfd135,
2023-11-02,2023,2023-11,https://data.gdeltproject.org/gkg/20231102.gkg.csv.zip,https://data.gdeltproject.org/gkg/20231102.gkg.csv.zip,91c8325979f3fe5c9837f89b93b0b672269b02ebbe82a988298187373adcfbd2,3fa3ba567a38f14fe8c39ff3a80dbb75,50845017,124378,1,8.039942434012173e-06,138278,503,500,AVAILABLE_VALID_CACHE,1,3fa3ba567a38f14fe8c39ff3a80dbb75,50845017,1,,1284f9141657400869b7eaef1ce7a19eb6fdf6e26e34509f819c6e0920dfd135,
2023-11-03,2023,2023-11,https://data.gdeltproject.org/gkg/20231103.gkg.csv.zip,https://data.gdeltproject.org/gkg/20231103.gkg.csv.zip,f83055eaea8db5faa005b351d9d949248c1aec2238978a54d4ba1250f54f9c9b,7bbaab78ba554430c634e758b85c3982,47982672,116353,1,8.594461728861921e-06,128960,503,500,AVAILABLE_VALID_CACHE,1,7bbaab78ba554430c634e758b85c3982,47982672,1,,1284f9141657400869b7eaef1ce7a19eb6fdf6e26e34509f819c6e0920dfd135,
2023-11-04,2023,2023-11,https://data.gdeltproject.org/gkg/20231104.gkg.csv.zip,https://data.gdeltproject.org/gkg/20231104.gkg.csv.zip,ef6aa0231cef8bb4c6225c14f1254fc31b89c80754786e05929f5b42c86d6db8,6ffa3e027fbf55cd0369e37f2a423970,28954987,67596,1,1.4793555927038183e-05,75280,503,500,AVAILABLE_VALID_CACHE,1,6ffa3e027fbf55cd0369e37f2a423970,28954987,1,,1284f9141657400869b7eaef1ce7a19eb6fdf6e26e34509f819c6e0920dfd135,
2023-11-05,2023,2023-11,https://data.gdeltproject.org/gkg/20231105.gkg.csv.zip,https://data.gdeltproject.org/gkg/20231105.gkg.csv.zip,e2a2047eaf4e1bdf5bfd1a4041b37951d1f2414d6608cdc02c9c6ee1f5357b5b,674b67b0e23ebcd98044d2816946afa6,26088946,60116,1,1.6634229918325932e-05,67028,503,500,AVAILABLE_VALID_CACHE,1,674b67b0e23ebcd98044d2816946afa6,26088946,1,,1284f9141657400869b7eaef1ce7a19eb6fdf6e26e34509f819c6e0920dfd135,
2023-11-06,2023,2023-11,https://data.gdeltproject.org/gkg/20231106.gkg.csv.zip,https://data.gdeltproject.org/gkg/20231106.gkg.csv.zip,711086769eb99baf8cf88c5357f53e9c0016de70609084914b67d75880c70dda,9809c8bffa6af4a70930a8de238e1460,42676198,105088,1,9.51574379811398e-06,116035,503,500,AVAILABLE_VALID_CACHE,1,9809c8bffa6af4a70930a8de238e1460,42676198,1,,1284f9141657400869b7eaef1ce7a19eb6fdf6e26e34509f819c6e0920dfd135,
2023-11-07,2023,2023-11,https://data.gdeltproject.org/gkg/20231107.gkg.csv.zip,https://data.gdeltproject.org/gkg/20231107.gkg.csv.zip,166b0d009384a454122be3ec9c7297cc434c1d71f707d632df84bab620a78ec2,601c03a85bfd657933e8a46d35ac793e,48743986,121719,1,8.21557673348669e-06,136656,503,500,AVAILABLE_VALID_CACHE,1,601c03a85bfd657933e8a46d35ac793e,48743986,1,,1284f9141657400869b7eaef1ce7a19eb6fdf6e26e34509f819c6e0920dfd135,
2023-11-08,2023,2023-11,https://data.gdeltproject.org/gkg/20231108.gkg.csv.zip,https://data.gdeltproject.org/gkg/20231108.gkg.csv.zip,5de67a37d84ba5a261e3bbc5211cec38ae15e8b535ab17c95e559c663e5829b1,d278e06ddecbc7ecc18472ef734ad9a9,50889166,126215,1,7.92292577803131e-06,139919,503,500,AVAILABLE_VALID_CACHE,1,d278e06ddecbc7ecc18472ef734ad9a9,50889166,1,,1284f9141657400869b7eaef1ce7a19eb6fdf6e26e34509f819c6e0920dfd135,
2023-11-09,2023,2023-11,https://data.gdeltproject.org/gkg/20231109.gkg.csv.zip,https://data.gdeltproject.org/gkg/20231109.gkg.csv.zip,8ea24a49807903497289b5bfac19fe56bab6deb55c79bdc1ae5d43643f0a452a,60484433a731e15e89247198f5f95c46,51603594,127451,1,7.846091077425226e-06,142058,503,500,AVAILABLE_VALID_CACHE,1,60484433a731e15e89247198f5f95c46,51603594,1,,1284f9141657400869b7eaef1ce7a19eb6fdf6e26e34509f819c6e0920dfd135,
2023-11-10,2023,2023-11,https://data.gdeltproject.org/gkg/20231110.gkg.csv.zip,https://data.gdeltproject.org/gkg/20231110.gkg.csv.zip,e5c4e1b4096ee87b901404058084898716e9af89c06360703dadb3d9e938457f,798e80536c65c166379e67d441ff217d,47765952,117277,1,8.526748409761421e-06,131258,503,500,AVAILABLE_VALID_CACHE,1,798e80536c65c166379e67d441ff217d,47765952,1,,1284f9141657400869b7eaef1ce7a19eb6fdf6e26e34509f819c6e0920dfd135,
2023-11-11,2023,2023-11,https://data.gdeltproject.org/gkg/20231111.gkg.csv.zip,https://data.gdeltproject.org/gkg/20231111.gkg.csv.zip,83a640a25c9eb8d0628aca8ad830e4a3b5b1aa906598ee0b19fad3856779d18d,2e6098edc8f163eddcf90e4aa87e3eb8,28641247,68828,1,1.4528759679786136e-05,76919,503,500,AVAILABLE_VALID_CACHE,1,2e6098edc8f163eddcf90e4aa87e3eb8,28641247,1,,1284f9141657400869b7eaef1ce7a19eb6fdf6e26e34509f819c6e0920dfd135,
2023-11-12,2023,2023-11,https://data.gdeltproject.org/gkg/20231112.gkg.csv.zip,https://data.gdeltproject.org/gkg/20231112.gkg.csv.zip,442b3ee894b5299e5d982d4f591531421bb5d625733fbe9f7ba491e04ef23ea8,5dcd4f87ed9c7a4e9229cc7470854719,25133925,59145,1,1.6907314104081425e-05,64780,503,500,AVAILABLE_VALID_CACHE,1,5dcd4f87ed9c7a4e9229cc7470854719,25133925,1,,1284f9141657400869b7eaef1ce7a19eb6fdf6e26e34509f819c6e0920dfd135,
2023-11-13,2023,2023-11,https://data.gdeltproject.org/gkg/20231113.gkg.csv.zip,https://data.gdeltproject.org/gkg/20231113.gkg.csv.zip,046ccbcf60e231b50680754cb6749ae7686a17cd0a71bc1df5a6193e0927c69f,4db9900709c14c55fdcfe31eef2b7ad7,41791505,103570,1,9.655212366395999e-06,114664,503,500,AVAILABLE_VALID_CACHE,1,4db9900709c14c55fdcfe31eef2b7ad7,41791505,1,,1284f9141657400869b7eaef1ce7a19eb6fdf6e26e34509f819c6e0920dfd135,
2023-11-14,2023,2023-11,https://data.gdeltproject.org/gkg/20231114.gkg.csv.zip,https://data.gdeltproject.org/gkg/20231114.gkg.csv.zip,f1b60e258eeb140d89dd23211675084b2aec9e9ecf3385a15db6e71b00a97510,0e9f514396958ce82d6c098aa80ba61b,47946726,119447,1,8.37184381488179e-06,132309,503,500,AVAILABLE_VALID_CACHE,1,0e9f514396958ce82d6c098aa80ba61b,47946726,1,,1284f9141657400869b7eaef1ce7a19eb6fdf6e26e34509f819c6e0920dfd135,
2023-11-15,2023,2023-11,https://data.gdeltproject.org/gkg/20231115.gkg.csv.zip,https://data.gdeltproject.org/gkg/20231115.gkg.csv.zip,7e46d30d080ad56af09757337de64febf503346f034465c9817aa9da17dc99f6,0118f787912f3493629e25ce00736611,48066377,121204,1,8.250484715977063e-06,134460,503,500,AVAILABLE_VALID_CACHE,1,0118f787912f3493629e25ce00736611,48066377,1,,1284f9141657400869b7eaef1ce7a19eb6fdf6e26e34509f819c6e0920dfd135,
2023-11-16,2023,2023-11,https://data.gdeltproject.org/gkg/20231116.gkg.csv.zip,https://data.gdeltproject.org/gkg/20231116.gkg.csv.zip,3b6f045d43927deabcc803fe11dbc7b28482c325033fe823de521ab475d8dd94,311c022ed7df2d99f804b6bda615a608,49229788,124544,1,8.029226384037898e-06,137968,503,500,AVAILABLE_VALID_CACHE,1,311c022ed7df2d99f804b6bda615a608,49229788,1,,1284f9141657400869b7eaef1ce7a19eb6fdf6e26e34509f819c6e0920dfd135,
2023-11-17,2023,2023-11,https://data.gdeltproject.org/gkg/20231117.gkg.csv.zip,https://data.gdeltproject.org/gkg/20231117.gkg.csv.zip,2e8c75f9ebe0afa389464b6dcf36f7b3174362ed5a89fbb8f2d7ff2ba3ba21d6,596572d06240561f7b15d8d4e61e92ec,47055166,118999,1,8.403361344537815e-06,132058,503,500,AVAILABLE_VALID_CACHE,1,596572d06240561f7b15d8d4e61e92ec,47055166,1,,1284f9141657400869b7eaef1ce7a19eb6fdf6e26e34509f819c6e0920dfd135,
2023-11-18,2023,2023-11,https://data.gdeltproject.org/gkg/20231118.gkg.csv.zip,https://data.gdeltproject.org/gkg/20231118.gkg.csv.zip,aa8bbc2b9c83bb1da6049a1cf907717bb3dc9dcbfb6b184485ff7cf69026c0ec,f1c53b8080a167518161abe3bde4ebd7,29023628,70984,1,1.4087483271113615e-05,78806,503,500,AVAILABLE_VALID_CACHE,1,f1c53b8080a167518161abe3bde4ebd7,29023628,1,,1284f9141657400869b7eaef1ce7a19eb6fdf6e26e34509f819c6e0920dfd135,
2023-11-19,2023,2023-11,https://data.gdeltproject.org/gkg/20231119.gkg.csv.zip,https://data.gdeltproject.org/gkg/20231119.gkg.csv.zip,f0d42c3857cd2c6ef45341ab02fc91c9ce1332fde35d0a3a6b63506040d8efb5,a1f9b6c2843dbe3c27b30ae764b7e607,25012643,59743,1,1.6738082485270487e-05,66448,503,500,AVAILABLE_VALID_CACHE,1,a1f9b6c2843dbe3c27b30ae764b7e607,25012643,1,,1284f9141657400869b7eaef1ce7a19eb6fdf6e26e34509f819c6e0920dfd135,
2023-11-20,2023,2023-11,https://data.gdeltproject.org/gkg/20231120.gkg.csv.zip,https://data.gdeltproject.org/gkg/20231120.gkg.csv.zip,964b9a643f1599ff52cf167114b6bccba399388da5fe0adf92f4acbf17d9d860,996c3e4d0ca139df4f1da5dce8d74f90,41674015,104178,1,9.598863494562244e-06,118256,503,500,AVAILABLE_VALID_CACHE,1,996c3e4d0ca139df4f1da5dce8d74f90,41674015,1,,1284f9141657400869b7eaef1ce7a19eb6fdf6e26e34509f819c6e0920dfd135,
2023-11-21,2023,2023-11,https://data.gdeltproject.org/gkg/20231121.gkg.csv.zip,https://data.gdeltproject.org/gkg/20231121.gkg.csv.zip,f32bda97acc6f9209549c0c8edfc47c64b46662a3b897ac7f7ba92da91828d98,39f5807a4e94cd31352297dae1d8c29b,47097534,118539,1,8.435970980259829e-06,132584,503,500,AVAILABLE_VALID_CACHE,1,39f5807a4e94cd31352297dae1d8c29b,47097534,1,,1284f9141657400869b7eaef1ce7a19eb6fdf6e26e34509f819c6e0920dfd135,
2023-11-22,2023,2023-11,https://data.gdeltproject.org/gkg/20231122.gkg.csv.zip,https://data.gdeltproject.org/gkg/20231122.gkg.csv.zip,ffc39fb21855ef943a93720c0dcb66d936a461f8a7b3d31ac73a57905c5fae6c,0fc587d66066e1f73793c25987a68ce8,47054218,115582,1,8.651791353399721e-06,129995,503,500,AVAILABLE_VALID_CACHE,1,0fc587d66066e1f73793c25987a68ce8,47054218,1,,1284f9141657400869b7eaef1ce7a19eb6fdf6e26e34509f819c6e0920dfd135,
2023-11-23,2023,2023-11,https://data.gdeltproject.org/gkg/20231123.gkg.csv.zip,https://data.gdeltproject.org/gkg/20231123.gkg.csv.zip,4213f0f4f2b30c984f6acb5ff5dc80a9073cc8d4eb1a37fe776a88b03684f8bd,c20431b075a90e82c10ffdc83f911bec,37396346,93114,1,1.073940825860495e-05,104035,503,500,AVAILABLE_VALID_CACHE,1,c20431b075a90e82c10ffdc83f911bec,37396346,1,,1284f9141657400869b7eaef1ce7a19eb6fdf6e26e34509f819c6e0920dfd135,
2023-11-24,2023,2023-11,https://data.gdeltproject.org/gkg/20231124.gkg.csv.zip,https://data.gdeltproject.org/gkg/20231124.gkg.csv.zip,1dfe835d4d7df70b8bbbe7174070fef060c08c3f144802ae7faf6db1647a9d15,8aca6b4111c238522c5c365d2ce419b5,36509753,90322,1,1.1071377168606004e-05,101259,503,500,AVAILABLE_VALID_CACHE,1,8aca6b4111c238522c5c365d2ce419b5,36509753,1,,1284f9141657400869b7eaef1ce7a19eb6fdf6e26e34509f819c6e0920dfd135,
2023-11-25,2023,2023-11,https://data.gdeltproject.org/gkg/20231125.gkg.csv.zip,https://data.gdeltproject.org/gkg/20231125.gkg.csv.zip,962a294e95ada7757ba01347b1b40e1ac3e0bde6e9933cc316d64b0854de8465,877eddc0c8750f137d8bc957194f8f25,24952562,59753,1,1.673528132007899e-05,67865,503,500,AVAILABLE_VALID_CACHE,1,877eddc0c8750f137d8bc957194f8f25,24952562,1,,1284f9141657400869b7eaef1ce7a19eb6fdf6e26e34509f819c6e0920dfd135,
2023-11-26,2023,2023-11,https://data.gdeltproject.org/gkg/20231126.gkg.csv.zip,https://data.gdeltproject.org/gkg/20231126.gkg.csv.zip,10b5f17596eebcb1c81c99d17644f4fa671a4ccdeafb9fa5d020619a6f847ba8,79e9315c9d8ddad70d01dd1a14365590,23271846,55890,1,1.789196829543218e-05,63107,503,500,AVAILABLE_VALID_CACHE,1,79e9315c9d8ddad70d01dd1a14365590,23271846,1,,1284f9141657400869b7eaef1ce7a19eb6fdf6e26e34509f819c6e0920dfd135,
2023-11-27,2023,2023-11,https://data.gdeltproject.org/gkg/20231127.gkg.csv.zip,https://data.gdeltproject.org/gkg/20231127.gkg.csv.zip,eb6f97f8f9de6d4200c09d6b98388db2a3575baf04a77dab31aa05439abc27f3,efcdcac65985d2690a11f8f9aa0c7bae,40359477,100540,1,9.946191106115913e-06,113401,503,500,AVAILABLE_VALID_CACHE,1,efcdcac65985d2690a11f8f9aa0c7bae,40359477,1,,1284f9141657400869b7eaef1ce7a19eb6fdf6e26e34509f819c6e0920dfd135,
2023-11-28,2023,2023-11,https://data.gdeltproject.org/gkg/20231128.gkg.csv.zip,https://data.gdeltproject.org/gkg/20231128.gkg.csv.zip,ee7a171bc537a08695596059f4bbf8a0cf3585e5c091c381964e542f65a8f956,4ef87e3bcc1a6473a522464ba446a035,45578315,115251,1,8.676639017110332e-06,128954,503,500,AVAILABLE_VALID_CACHE,1,4ef87e3bcc1a6473a522464ba446a035,45578315,1,,1284f9141657400869b7eaef1ce7a19eb6fdf6e26e34509f819c6e0920dfd135,
2023-11-29,2023,2023-11,https://data.gdeltproject.org/gkg/20231129.gkg.csv.zip,https://data.gdeltproject.org/gkg/20231129.gkg.csv.zip,336e5ac1cbf1fbf4c61827da8251f62cd3819b3ed7b1913c8fd9be916f324b5a,9a003187add0f50ee0b2668ae54fb859,46661714,117942,1,8.478671900833454e-06,130995,503,500,AVAILABLE_VALID_CACHE,1,9a003187add0f50ee0b2668ae54fb859,46661714,1,,1284f9141657400869b7eaef1ce7a19eb6fdf6e26e34509f819c6e0920dfd135,
2023-11-30,2023,2023-11,https://data.gdeltproject.org/gkg/20231130.gkg.csv.zip,https://data.gdeltproject.org/gkg/20231130.gkg.csv.zip,a5c894337bab8c15ff13b3f87904ad24a2cdbda3066a6d90adb95cee6652125e,a1d2823daa8b506810dafdee9e59f055,48929677,121507,1,8.229910787767061e-06,134715,503,500,AVAILABLE_VALID_CACHE,1,a1d2823daa8b506810dafdee9e59f055,48929677,1,,1284f9141657400869b7eaef1ce7a19eb6fdf6e26e34509f819c6e0920dfd135,
2023-12-01,2023,2023-12,https://data.gdeltproject.org/gkg/20231201.gkg.csv.zip,https://data.gdeltproject.org/gkg/20231201.gkg.csv.zip,fe5e64f76099870642c84ac82a7710b52fa4f6c8f03367aadef22f9bb51f99c7,f4267a9e1ac16b70b228bfbaf243fe40,46765973,115606,1,8.649995242502617e-06,128904,503,500,AVAILABLE_VALID_CACHE,1,f4267a9e1ac16b70b228bfbaf243fe40,46765973,1,,1284f9141657400869b7eaef1ce7a19eb6fdf6e26e34509f819c6e0920dfd135,
2023-12-02,2023,2023-12,https://data.gdeltproject.org/gkg/20231202.gkg.csv.zip,https://data.gdeltproject.org/gkg/20231202.gkg.csv.zip,06438f1ca0dfa27b009cc64f234955132f8d8613b21c380c8cf3008c30543f65,dc2b1df351d0763ad04c78c88d6d040d,27590034,66770,1,1.4976561680969283e-05,74352,503,500,AVAILABLE_VALID_CACHE,1,dc2b1df351d0763ad04c78c88d6d040d,27590034,1,,1284f9141657400869b7eaef1ce7a19eb6fdf6e26e34509f819c6e0920dfd135,
2023-12-03,2023,2023-12,https://data.gdeltproject.org/gkg/20231203.gkg.csv.zip,https://data.gdeltproject.org/gkg/20231203.gkg.csv.zip,8c82dbd1202ab1a06961262fcfea1618be60beb480405fcf055509596af7b61e,e33559d1edcadf8ad1a3aa9b11aa328a,24600669,57989,1,1.724435247456458e-05,64408,503,500,AVAILABLE_VALID_CACHE,1,e33559d1edcadf8ad1a3aa9b11aa328a,24600669,1,,1284f9141657400869b7eaef1ce7a19eb6fdf6e26e34509f819c6e0920dfd135,
2023-12-04,2023,2023-12,https://data.gdeltproject.org/gkg/20231204.gkg.csv.zip,https://data.gdeltproject.org/gkg/20231204.gkg.csv.zip,62896b5548bbe8fbdc052a30f70985992816134f2b1dcf86ebe58eb37901cc80,4f8f5ada6853583b543b5530d257502f,41100562,102834,1,9.72431565128604e-06,115032,503,500,AVAILABLE_VALID_CACHE,1,4f8f5ada6853583b543b5530d257502f,41100562,1,,1284f9141657400869b7eaef1ce7a19eb6fdf6e26e34509f819c6e0920dfd135,
2023-12-05,2023,2023-12,https://data.gdeltproject.org/gkg/20231205.gkg.csv.zip,https://data.gdeltproject.org/gkg/20231205.gkg.csv.zip,79857637f5d121e78e4648f50eb08b2ba12302e3350c32cb52897887f65798bd,7b49b75e6f29c6c47409e2600446dd8a,46389158,117055,1,8.542919628212137e-06,131699,503,500,AVAILABLE_VALID_CACHE,1,7b49b75e6f29c6c47409e2600446dd8a,46389158,1,,1284f9141657400869b7eaef1ce7a19eb6fdf6e26e34509f819c6e0920dfd135,
2023-12-06,2023,2023-12,https://data.gdeltproject.org/gkg/20231206.gkg.csv.zip,https://data.gdeltproject.org/gkg/20231206.gkg.csv.zip,edef83ef42e7aee66a36d2782ea01f6f2594ad1f2ae80dbe81b40561b6851c66,5623e9058c53cf75962b17c908bd8a77,48592141,121395,1,8.237503706876667e-06,134300,503,500,AVAILABLE_VALID_CACHE,1,5623e9058c53cf75962b17c908bd8a77,48592141,1,,1284f9141657400869b7eaef1ce7a19eb6fdf6e26e34509f819c6e0920dfd135,
2023-12-07,2023,2023-12,https://data.gdeltproject.org/gkg/20231207.gkg.csv.zip,https://data.gdeltproject.org/gkg/20231207.gkg.csv.zip,15bbd0752184750c4d58957e65cc1a7b51cee4e99dbe767b2002529332ec3c81,669b8cc125512dfac6eb96311cb6b2c0,49140029,122051,1,8.193229115458984e-06,136390,503,500,AVAILABLE_VALID_CACHE,1,669b8cc125512dfac6eb96311cb6b2c0,49140029,1,,1284f9141657400869b7eaef1ce7a19eb6fdf6e26e34509f819c6e0920dfd135,
2023-12-08,2023,2023-12,https://data.gdeltproject.org/gkg/20231208.gkg.csv.zip,https://data.gdeltproject.org/gkg/20231208.gkg.csv.zip,2ef14e18242f13d5ef7724e917abcf5ba9ab236a0210c3256c40eae9a6a8bf6f,9f3fdf745306a18ba86c6c3bbe844c0e,45536056,113402,1,8.818108868372089e-06,127103,503,500,AVAILABLE_VALID_CACHE,1,9f3fdf745306a18ba86c6c3bbe844c0e,45536056,1,,1284f9141657400869b7eaef1ce7a19eb6fdf6e26e34509f819c6e0920dfd135,
2023-12-09,2023,2023-12,https://data.gdeltproject.org/gkg/20231209.gkg.csv.zip,https://data.gdeltproject.org/gkg/20231209.gkg.csv.zip,be9b04072c0b99d720020a4f1196c472d284361262b083eae32ee002f349a1ef,a60bcf831019b217f4c3a199cff72ac3,27808561,68762,1,1.4542704652211219e-05,76060,503,500,AVAILABLE_VALID_CACHE,1,a60bcf831019b217f4c3a199cff72ac3,27808561,1,,1284f9141657400869b7eaef1ce7a19eb6fdf6e26e34509f819c6e0920dfd135,
2023-12-10,2023,2023-12,https://data.gdeltproject.org/gkg/20231210.gkg.csv.zip,https://data.gdeltproject.org/gkg/20231210.gkg.csv.zip,f04291ee3a13072483957852d449cbb844e667c2fbc803fbe1715b59cd93f213,e462a076729bbc0ebed2e56d0c902e53,24408924,58787,1,1.7010274205620193e-05,65977,503,500,AVAILABLE_VALID_CACHE,1,e462a076729bbc0ebed2e56d0c902e53,24408924,1,,1284f9141657400869b7eaef1ce7a19eb6fdf6e26e34509f819c6e0920dfd135,
2023-12-11,2023,2023-12,https://data.gdeltproject.org/gkg/20231211.gkg.csv.zip,https://data.gdeltproject.org/gkg/20231211.gkg.csv.zip,826359977ec65e08446f261cfc20341185604a45415f2c9b129a298760be6c26,ccead6fa4b7707b2b462c876d43a0101,40273158,101413,1,9.860571518725226e-06,112108,503,500,AVAILABLE_VALID_CACHE,1,ccead6fa4b7707b2b462c876d43a0101,40273158,1,,1284f9141657400869b7eaef1ce7a19eb6fdf6e26e34509f819c6e0920dfd135,
2023-12-12,2023,2023-12,https://data.gdeltproject.org/gkg/20231212.gkg.csv.zip,https://data.gdeltproject.org/gkg/20231212.gkg.csv.zip,2140187cf8da09179f5895c092a8bd3790fa367bedc67a6839f468da9951c8ff,205e806ac15083344f57be49355b9458,43110571,110263,1,9.069143147355437e-06,122078,503,500,AVAILABLE_VALID_CACHE,1,205e806ac15083344f57be49355b9458,43110571,1,,1284f9141657400869b7eaef1ce7a19eb6fdf6e26e34509f819c6e0920dfd135,
2023-12-13,2023,2023-12,https://data.gdeltproject.org/gkg/20231213.gkg.csv.zip,https://data.gdeltproject.org/gkg/20231213.gkg.csv.zip,e3ab961034ba41dfbe97f13eb85506adc5386f5e8bf26157590adc7adba9be35,3cd6bfea0cfe4727eb1ab6cd1349fc10,46564553,118340,1,8.45015675040772e-06,131944,503,500,AVAILABLE_VALID_CACHE,1,3cd6bfea0cfe4727eb1ab6cd1349fc10,46564553,1,,1284f9141657400869b7eaef1ce7a19eb6fdf6e26e34509f819c6e0920dfd135,
2023-12-14,2023,2023-12,https://data.gdeltproject.org/gkg/20231214.gkg.csv.zip,https://data.gdeltproject.org/gkg/20231214.gkg.csv.zip,c0283e6cbeb0c1a2ea80b99e1b25db3dae975d6984e985cd436c6b8ceb2a6c59,6101a1d7beb39c4760f087d0a128290b,46799662,117535,1,8.508031581813232e-06,130681,503,500,AVAILABLE_VALID_CACHE,1,6101a1d7beb39c4760f087d0a128290b,46799662,1,,1284f9141657400869b7eaef1ce7a19eb6fdf6e26e34509f819c6e0920dfd135,
2023-12-15,2023,2023-12,https://data.gdeltproject.org/gkg/20231215.gkg.csv.zip,https://data.gdeltproject.org/gkg/20231215.gkg.csv.zip,44de52d918ff072dc87c1e4b9f6be1873822f15cef6d5bef88b74a455466203f,d1bbb108b6a3a2b398d8d32347359554,44289661,111127,1,8.9986322079044e-06,124030,503,500,AVAILABLE_VALID_CACHE,1,d1bbb108b6a3a2b398d8d32347359554,44289661,1,,1284f9141657400869b7eaef1ce7a19eb6fdf6e26e34509f819c6e0920dfd135,
2023-12-16,2023,2023-12,https://data.gdeltproject.org/gkg/20231216.gkg.csv.zip,https://data.gdeltproject.org/gkg/20231216.gkg.csv.zip,0695432ea7bb226fa304e6382b5a3f1fd06f307b3efbedbcdb0a9446aafeee41,2951e5bbaff7c334e14fcf98583adef2,26913175,66127,1,1.512218727316719e-05,73078,503,500,AVAILABLE_VALID_CACHE,1,2951e5bbaff7c334e14fcf98583adef2,26913175,1,,1284f9141657400869b7eaef1ce7a19eb6fdf6e26e34509f819c6e0920dfd135,
2023-12-17,2023,2023-12,https://data.gdeltproject.org/gkg/20231217.gkg.csv.zip,https://data.gdeltproject.org/gkg/20231217.gkg.csv.zip,b9ea6842371cf36c4185011483c6286f68e8c6784f711db0d81d436ca5d0cdca,a9b65a3250c4f50879980c8bd1dbaa65,22364769,55772,1,1.7929822674053755e-05,61953,503,500,AVAILABLE_VALID_CACHE,1,a9b65a3250c4f50879980c8bd1dbaa65,22364769,1,,1284f9141657400869b7eaef1ce7a19eb6fdf6e26e34509f819c6e0920dfd135,
2023-12-18,2023,2023-12,https://data.gdeltproject.org/gkg/20231218.gkg.csv.zip,https://data.gdeltproject.org/gkg/20231218.gkg.csv.zip,8c0733feb6292bae6a13573f848bbe64532083da23a6447f5ffe850db44f770b,0ec93ec25dd7ee85f922fecdb83b95da,38952855,98502,1,1.0151975066749236e-05,110797,503,500,AVAILABLE_VALID_CACHE,1,0ec93ec25dd7ee85f922fecdb83b95da,38952855,1,,1284f9141657400869b7eaef1ce7a19eb6fdf6e26e34509f819c6e0920dfd135,
2023-12-19,2023,2023-12,https://data.gdeltproject.org/gkg/20231219.gkg.csv.zip,https://data.gdeltproject.org/gkg/20231219.gkg.csv.zip,dfdba1c5d6190655042b3aa96cd7093606998bc4935310b57013c6d261d18dc0,18b736f1134d2a98f851c7aa7e646f70,45982544,114730,1,8.716040128648752e-06,127333,503,500,AVAILABLE_VALID_CACHE,1,18b736f1134d2a98f851c7aa7e646f70,45982544,1,,1284f9141657400869b7eaef1ce7a19eb6fdf6e26e34509f819c6e0920dfd135,
2023-12-20,2023,2023-12,https://data.gdeltproject.org/gkg/20231220.gkg.csv.zip,https://data.gdeltproject.org/gkg/20231220.gkg.csv.zip,f17c325dccdca3da49022665216fcf641369e071b13883c617cb76b1cf84667a,48c19d8945d53c57ad9ac1c8f320a6c2,45251251,113195,1,8.834234425244708e-06,126078,503,500,AVAILABLE_VALID_CACHE,1,48c19d8945d53c57ad9ac1c8f320a6c2,45251251,1,,1284f9141657400869b7eaef1ce7a19eb6fdf6e26e34509f819c6e0920dfd135,
2023-12-21,2023,2023-12,https://data.gdeltproject.org/gkg/20231221.gkg.csv.zip,https://data.gdeltproject.org/gkg/20231221.gkg.csv.zip,a76ce5f80ae11962238418f3cde07bd6eb730ddbd6f6a9d135c2dfd51f9429c8,d3dbf6063a3262d0959d068298126bdf,42807734,107498,1,9.30241211546154e-06,120353,503,500,AVAILABLE_VALID_CACHE,1,d3dbf6063a3262d0959d068298126bdf,42807734,1,,1284f9141657400869b7eaef1ce7a19eb6fdf6e26e34509f819c6e0920dfd135,
2023-12-22,2023,2023-12,https://data.gdeltproject.org/gkg/20231222.gkg.csv.zip,https://data.gdeltproject.org/gkg/20231222.gkg.csv.zip,2f7114ccb101d30af7bcb188d604beabae1656d4eea3adf9fa86fcc17373a44e,44e8ba19a19a9d0f02e2086a3852b005,38581302,97061,1,1.030269312398261e-05,107755,503,500,AVAILABLE_VALID_CACHE,1,44e8ba19a19a9d0f02e2086a3852b005,38581302,1,,1284f9141657400869b7eaef1ce7a19eb6fdf6e26e34509f819c6e0920dfd135,
2023-12-23,2023,2023-12,https://data.gdeltproject.org/gkg/20231223.gkg.csv.zip,https://data.gdeltproject.org/gkg/20231223.gkg.csv.zip,3ba1f4a8a4122a8f2788c2db972ccf18bbc4d845ef8c71327214bbce2a5fac85,e8757548bca1d381661c9ba3e36f248a,22917701,57282,1,1.745718625072011e-05,64326,503,500,AVAILABLE_VALID_CACHE,1,e8757548bca1d381661c9ba3e36f248a,22917701,1,,1284f9141657400869b7eaef1ce7a19eb6fdf6e26e34509f819c6e0920dfd135,
2023-12-24,2023,2023-12,https://data.gdeltproject.org/gkg/20231224.gkg.csv.zip,https://data.gdeltproject.org/gkg/20231224.gkg.csv.zip,4c7dad1164c863ade831eee8e2a724636a51cfeb643b98581585d3f2804a583b,48f54798bde24a5b0b5aa0ae38c45926,18771145,47647,1,2.0987239758227e-05,53637,503,500,AVAILABLE_VALID_CACHE,1,48f54798bde24a5b0b5aa0ae38c45926,18771145,1,,1284f9141657400869b7eaef1ce7a19eb6fdf6e26e34509f819c6e0920dfd135,
2023-12-25,2023,2023-12,https://data.gdeltproject.org/gkg/20231225.gkg.csv.zip,https://data.gdeltproject.org/gkg/20231225.gkg.csv.zip,cf33a633ed19071c09dc5a6090f425b5a8efa1a09347f65dfd6ac42b1af494e4,e50475ec8717280c1ad5121046f0db58,19515516,48204,1,2.0744736023234104e-05,52682,503,500,AVAILABLE_VALID_CACHE,1,e50475ec8717280c1ad5121046f0db58,19515516,1,,1284f9141657400869b7eaef1ce7a19eb6fdf6e26e34509f819c6e0920dfd135,
2023-12-26,2023,2023-12,https://data.gdeltproject.org/gkg/20231226.gkg.csv.zip,https://data.gdeltproject.org/gkg/20231226.gkg.csv.zip,f008076fdb72052e0957c7dec5f30afb90aa44ac16b2eeb386f0b4296cb83f97,92918b780dd10efa54763fa9bd6e5a5d,27720521,68934,1,1.4506419090447522e-05,77960,503,500,AVAILABLE_VALID_CACHE,1,92918b780dd10efa54763fa9bd6e5a5d,27720521,1,,1284f9141657400869b7eaef1ce7a19eb6fdf6e26e34509f819c6e0920dfd135,
2023-12-27,2023,2023-12,https://data.gdeltproject.org/gkg/20231227.gkg.csv.zip,https://data.gdeltproject.org/gkg/20231227.gkg.csv.zip,c82b91ce0d2cedcc36a6d8c21b372a95c8b9180502bde5ac2d7d3e22e0cd2ab9,a5a70a0a3c9d455dd16bcb399bd40d40,34264212,85162,1,1.1742188509094324e-05,96257,503,500,AVAILABLE_VALID_CACHE,1,a5a70a0a3c9d455dd16bcb399bd40d40,34264212,1,,1284f9141657400869b7eaef1ce7a19eb6fdf6e26e34509f819c6e0920dfd135,
2023-12-28,2023,2023-12,https://data.gdeltproject.org/gkg/20231228.gkg.csv.zip,https://data.gdeltproject.org/gkg/20231228.gkg.csv.zip,6b729a9bf39fca1a846a6d05725a4bc2240f5bae86243a7739924bd7c8f84c2c,6ecf16a788198eb3773cc609e1bf2b32,35388969,87603,1,1.141500388110132e-05,98429,503,500,AVAILABLE_VALID_CACHE,1,6ecf16a788198eb3773cc609e1bf2b32,35388969,1,,1284f9141657400869b7eaef1ce7a19eb6fdf6e26e34509f819c6e0920dfd135,
2023-12-29,2023,2023-12,https://data.gdeltproject.org/gkg/20231229.gkg.csv.zip,https://data.gdeltproject.org/gkg/20231229.gkg.csv.zip,3e18c0c3a0a9de40bc8b9b86a740fe552385191db4d73b7c9a6e66fae8d00d64,a4c45ec933e53d0f3033236cc9378c5c,34619692,85741,1,1.1662895663735393e-05,96124,503,500,AVAILABLE_VALID_CACHE,1,a4c45ec933e53d0f3033236cc9378c5c,34619692,1,,1284f9141657400869b7eaef1ce7a19eb6fdf6e26e34509f819c6e0920dfd135,
2023-12-30,2023,2023-12,https://data.gdeltproject.org/gkg/20231230.gkg.csv.zip,https://data.gdeltproject.org/gkg/20231230.gkg.csv.zip,2d55a9632b4aaae01a78d7e5f8ae168c6996603170be38380a7278d05da85d3d,a7c8e7e3629c72d54340cf2c30753609,23644500,57547,1,1.737679849864461e-05,63300,503,500,AVAILABLE_VALID_CACHE,1,a7c8e7e3629c72d54340cf2c30753609,23644500,1,,1284f9141657400869b7eaef1ce7a19eb6fdf6e26e34509f819c6e0920dfd135,
2023-12-31,2023,2023-12,https://data.gdeltproject.org/gkg/20231231.gkg.csv.zip,https://data.gdeltproject.org/gkg/20231231.gkg.csv.zip,e1cb591b63cde39b10bcb3669ba7c826519af65e823435156f28417d86b8f308,5f435af8723f8da282007b5e729950ad,21113571,50884,1,1.9652156824211458e-05,55957,503,500,AVAILABLE_VALID_CACHE,1,5f435af8723f8da282007b5e729950ad,21113571,1,,1284f9141657400869b7eaef1ce7a19eb6fdf6e26e34509f819c6e0920dfd135,
2024-01-01,2024,2024-01,https://data.gdeltproject.org/gkg/20240101.gkg.csv.zip,https://data.gdeltproject.org/gkg/20240101.gkg.csv.zip,9645ff3b7c2d7817446bb8f696b9fba53d1291a3bb67016ae193fd83992145de,3696d13138890d6ca895cc8739a64547,21381087,53795,1,1.858874265744665e-05,60623,503,500,AVAILABLE_VALID_CACHE,1,3696d13138890d6ca895cc8739a64547,21381087,1,,1284f9141657400869b7eaef1ce7a19eb6fdf6e26e34509f819c6e0920dfd135,
2024-01-02,2024,2024-01,https://data.gdeltproject.org/gkg/20240102.gkg.csv.zip,https://data.gdeltproject.org/gkg/20240102.gkg.csv.zip,1c88755580697cb413f391fbb9ffa9fa614ac33c1d2a63bac333e494ac8eda64,a1c6a3dfd3996f2bf83d9a685b407f45,33924470,86951,1,1.1500598031097618e-05,96693,503,500,AVAILABLE_VALID_CACHE,1,a1c6a3dfd3996f2bf83d9a685b407f45,33924470,1,,1284f9141657400869b7eaef1ce7a19eb6fdf6e26e34509f819c6e0920dfd135,
2024-01-03,2024,2024-01,https://data.gdeltproject.org/gkg/20240103.gkg.csv.zip,https://data.gdeltproject.org/gkg/20240103.gkg.csv.zip,6b6869005a40907c9e96f2caad85eed321ba2aff4da8312fb5bfa10c5617f0bc,e1e1001c9dc8e413bbd2e5d93866f72e,40129231,102150,1,9.78942937416178e-06,113951,503,500,AVAILABLE_VALID_CACHE,1,e1e1001c9dc8e413bbd2e5d93866f72e,40129231,1,,1284f9141657400869b7eaef1ce7a19eb6fdf6e26e34509f819c6e0920dfd135,
2024-01-04,2024,2024-01,https://data.gdeltproject.org/gkg/20240104.gkg.csv.zip,https://data.gdeltproject.org/gkg/20240104.gkg.csv.zip,31d173653aefb77c2190d066395626d0912518a6100ca4bb3ac3cbd4960ec13f,4c737902f1f11f2698fd32f962f17a65,41534786,106052,1,9.429247640330779e-06,117797,503,500,AVAILABLE_VALID_CACHE,1,4c737902f1f11f2698fd32f962f17a65,41534786,1,,1284f9141657400869b7eaef1ce7a19eb6fdf6e26e34509f819c6e0920dfd135,
2024-01-05,2024,2024-01,https://data.gdeltproject.org/gkg/20240105.gkg.csv.zip,https://data.gdeltproject.org/gkg/20240105.gkg.csv.zip,83db4e2b6591e402537e1b48cff5ab9562f899d69dfb1aaf1abff6c1af96c1c5,6a550cdc6b928688ccda60e61e2a6ed7,40636100,103258,1,9.684385864670391e-06,115334,503,500,AVAILABLE_VALID_CACHE,1,6a550cdc6b928688ccda60e61e2a6ed7,40636100,1,,1284f9141657400869b7eaef1ce7a19eb6fdf6e26e34509f819c6e0920dfd135,
2024-01-06,2024,2024-01,https://data.gdeltproject.org/gkg/20240106.gkg.csv.zip,https://data.gdeltproject.org/gkg/20240106.gkg.csv.zip,b925cb60d3b2696d5ca5ef0fecec2f5fd505dcda54ae731a3f2658597f740fab,e76f8b7364a5c25efb526c57b95c868c,26546204,65330,1,1.5306669115733726e-05,71609,503,500,AVAILABLE_VALID_CACHE,1,e76f8b7364a5c25efb526c57b95c868c,26546204,1,,1284f9141657400869b7eaef1ce7a19eb6fdf6e26e34509f819c6e0920dfd135,
2024-01-07,2024,2024-01,https://data.gdeltproject.org/gkg/20240107.gkg.csv.zip,https://data.gdeltproject.org/gkg/20240107.gkg.csv.zip,683efdf17fba6da7fff249de7909d30a6724c231408c65dcfe4e3fb659d20f73,27cea9a93a71ca56ec198cc08e6648f3,21858726,53059,1,1.8846588767433094e-05,58809,503,500,AVAILABLE_VALID_CACHE,1,27cea9a93a71ca56ec198cc08e6648f3,21858726,1,,1284f9141657400869b7eaef1ce7a19eb6fdf6e26e34509f819c6e0920dfd135,
2024-01-08,2024,2024-01,https://data.gdeltproject.org/gkg/20240108.gkg.csv.zip,https://data.gdeltproject.org/gkg/20240108.gkg.csv.zip,94a4eedf7424fe1b92c9e4dfa4ad2babae3e47cf57314a29a14ea7be903a3678,f271f0fa26dc01ac1a0949bc62754e37,38927794,99174,1,1.008318628686665e-05,110276,503,500,AVAILABLE_VALID_CACHE,1,f271f0fa26dc01ac1a0949bc62754e37,38927794,1,,1284f9141657400869b7eaef1ce7a19eb6fdf6e26e34509f819c6e0920dfd135,
2024-01-09,2024,2024-01,https://data.gdeltproject.org/gkg/20240109.gkg.csv.zip,https://data.gdeltproject.org/gkg/20240109.gkg.csv.zip,02347f1352c3e432f889db274c01e14856f9998d96351cf62b62509ca951acea,2bdcaf46bc2b2698134dfb3141683bc0,43290481,110693,1,9.033913310567871e-06,123887,503,500,AVAILABLE_VALID_CACHE,1,2bdcaf46bc2b2698134dfb3141683bc0,43290481,1,,1284f9141657400869b7eaef1ce7a19eb6fdf6e26e34509f819c6e0920dfd135,
2024-01-10,2024,2024-01,https://data.gdeltproject.org/gkg/20240110.gkg.csv.zip,https://data.gdeltproject.org/gkg/20240110.gkg.csv.zip,45219939c2901fad044e215ea6345e6c969336bf8f5af2a63dd667f1a5f22ab6,9f715d577c09d971b66bba625fb99f89,44025451,111074,1,9.002925950934054e-06,122407,503,500,AVAILABLE_VALID_CACHE,1,9f715d577c09d971b66bba625fb99f89,44025451,1,,1284f9141657400869b7eaef1ce7a19eb6fdf6e26e34509f819c6e0920dfd135,
2024-01-11,2024,2024-01,https://data.gdeltproject.org/gkg/20240111.gkg.csv.zip,https://data.gdeltproject.org/gkg/20240111.gkg.csv.zip,f7a2a784795359096c0af6f6a665941087a2267c494983483acf9617795cbb81,b55d50ca33167950afe814a6b0a95c80,44342327,113867,1,8.782098570274352e-06,124638,503,500,AVAILABLE_VALID_CACHE,1,b55d50ca33167950afe814a6b0a95c80,44342327,1,,1284f9141657400869b7eaef1ce7a19eb6fdf6e26e34509f819c6e0920dfd135,
2024-01-12,2024,2024-01,https://data.gdeltproject.org/gkg/20240112.gkg.csv.zip,https://data.gdeltproject.org/gkg/20240112.gkg.csv.zip,154cf183ba2e88946d5c807e7bbb4e6d1aa867f14df127c859c1df32d5903623,650939b9993315aac896704316ae0e44,42792378,108343,1,9.229860444510079e-06,120232,503,500,AVAILABLE_VALID_CACHE,1,650939b9993315aac896704316ae0e44,42792378,1,,1284f9141657400869b7eaef1ce7a19eb6fdf6e26e34509f819c6e0920dfd135,
2024-01-13,2024,2024-01,https://data.gdeltproject.org/gkg/20240113.gkg.csv.zip,https://data.gdeltproject.org/gkg/20240113.gkg.csv.zip,8b91fbd0bf2a01a8d7633506fcf6d73204e2bf36dc9bab008ad856723b6095a7,31ad48f75cbecd25b686d7d9843af90e,25518216,62856,1,1.590912706619788e-05,68856,503,500,AVAILABLE_VALID_CACHE,1,31ad48f75cbecd25b686d7d9843af90e,25518216,1,,1284f9141657400869b7eaef1ce7a19eb6fdf6e26e34509f819c6e0920dfd135,
2024-01-14,2024,2024-01,https://data.gdeltproject.org/gkg/20240114.gkg.csv.zip,https://data.gdeltproject.org/gkg/20240114.gkg.csv.zip,cb92f9ee9523faceb9ec9f46cf4a08197bf9a15076fa47813648657692e2f2dc,a845d10c044f504608c2382cef52c3f8,23584514,57697,1,1.733162327983639e-05,63294,503,500,AVAILABLE_VALID_CACHE,1,a845d10c044f504608c2382cef52c3f8,23584514,1,,1284f9141657400869b7eaef1ce7a19eb6fdf6e26e34509f819c6e0920dfd135,
2024-01-15,2024,2024-01,https://data.gdeltproject.org/gkg/20240115.gkg.csv.zip,https://data.gdeltproject.org/gkg/20240115.gkg.csv.zip,d49b79ced72472fe16a5e54aa8854e6e710b219aceffed05faf5aaffa8de5b5b,445637e104f708aa04e66178ebefc633,35702915,90055,1,1.110420182997246e-05,99796,503,500,AVAILABLE_VALID_CACHE,1,445637e104f708aa04e66178ebefc633,35702915,1,,1284f9141657400869b7eaef1ce7a19eb6fdf6e26e34509f819c6e0920dfd135,
2024-01-16,2024,2024-01,https://data.gdeltproject.org/gkg/20240116.gkg.csv.zip,https://data.gdeltproject.org/gkg/20240116.gkg.csv.zip,2662fc325160ca46c9b5c514f8947f7b554c4b31eb6fabe336d2ce135ccd64e2,e7a14abd894a0f5f865814d79c6b3654,43260330,112294,1,8.905115989135758e-06,123955,503,500,AVAILABLE_VALID_CACHE,1,e7a14abd894a0f5f865814d79c6b3654,43260330,1,,1284f9141657400869b7eaef1ce7a19eb6fdf6e26e34509f819c6e0920dfd135,
2024-01-17,2024,2024-01,https://data.gdeltproject.org/gkg/20240117.gkg.csv.zip,https://data.gdeltproject.org/gkg/20240117.gkg.csv.zip,1ea8cf07c2286e4032d0530bf5ae341812fc6aea1a9d4d9328233ac178ee33f4,c301f796070bd79cbd580787261a608f,44467482,114562,1,8.728821696359209e-06,127132,503,500,AVAILABLE_VALID_CACHE,1,c301f796070bd79cbd580787261a608f,44467482,1,,1284f9141657400869b7eaef1ce7a19eb6fdf6e26e34509f819c6e0920dfd135,
2024-01-18,2024,2024-01,https://data.gdeltproject.org/gkg/20240118.gkg.csv.zip,https://data.gdeltproject.org/gkg/20240118.gkg.csv.zip,e961a3ef9ee615620e56de05d84da6f3e6ad9974bdfabf345973dcc1a5e546f6,666298a1b545bb4ec106d0dd7ff856d0,44635435,114516,1,8.732327951308539e-06,126615,503,500,AVAILABLE_VALID_CACHE,1,666298a1b545bb4ec106d0dd7ff856d0,44635435,1,,1284f9141657400869b7eaef1ce7a19eb6fdf6e26e34509f819c6e0920dfd135,
2024-01-19,2024,2024-01,https://data.gdeltproject.org/gkg/20240119.gkg.csv.zip,https://data.gdeltproject.org/gkg/20240119.gkg.csv.zip,456c6b9913d891b94b5861a236f9d252095bd90bd2ca4480c55743cba40f3254,d59016d2b4f1883709839bbcd6f07916,40925744,106516,1,9.388172779931842e-06,119495,503,500,AVAILABLE_VALID_CACHE,1,d59016d2b4f1883709839bbcd6f07916,40925744,1,,1284f9141657400869b7eaef1ce7a19eb6fdf6e26e34509f819c6e0920dfd135,
2024-01-20,2024,2024-01,https://data.gdeltproject.org/gkg/20240120.gkg.csv.zip,https://data.gdeltproject.org/gkg/20240120.gkg.csv.zip,0e02dd4f5f8f372416e76accc0fb12a133c1a869ca41691bdfb72ccdaeb558da,7bfbec85acbd43182472300ecaf8b1e1,25444154,63558,1,1.5733413049292784e-05,70347,503,500,AVAILABLE_VALID_CACHE,1,7bfbec85acbd43182472300ecaf8b1e1,25444154,1,,1284f9141657400869b7eaef1ce7a19eb6fdf6e26e34509f819c6e0920dfd135,
2024-01-21,2024,2024-01,https://data.gdeltproject.org/gkg/20240121.gkg.csv.zip,https://data.gdeltproject.org/gkg/20240121.gkg.csv.zip,f503c706101c5347a1cebaefb817cdd0d9d4344f65401cc680eb20e467b9ecc5,b463841a8e3137c4f678c3e8a5ca70f1,21723739,55111,1,1.814486863115111e-05,60959,503,500,AVAILABLE_VALID_CACHE,1,b463841a8e3137c4f678c3e8a5ca70f1,21723739,1,,1284f9141657400869b7eaef1ce7a19eb6fdf6e26e34509f819c6e0920dfd135,
2024-01-22,2024,2024-01,https://data.gdeltproject.org/gkg/20240122.gkg.csv.zip,https://data.gdeltproject.org/gkg/20240122.gkg.csv.zip,a16d2c1078026826b2ea7df6462114a79af371bc4af0176635c687938be5d60c,a32173cfe32244f5b0f32d031ef98a7f,38639310,98296,1,1.0173250455252958e-05,108306,503,500,AVAILABLE_VALID_CACHE,1,a32173cfe32244f5b0f32d031ef98a7f,38639310,1,,1284f9141657400869b7eaef1ce7a19eb6fdf6e26e34509f819c6e0920dfd135,
2024-01-23,2024,2024-01,https://data.gdeltproject.org/gkg/20240123.gkg.csv.zip,https://data.gdeltproject.org/gkg/20240123.gkg.csv.zip,02847c16fd8d40b12410cebc7c3bf10c40af5ce8a6afaaca004d4efdf855af87,8b1602154b7c91df897e8783d3740208,45384241,115524,1,8.656135035706558e-06,127542,503,500,AVAILABLE_VALID_CACHE,1,8b1602154b7c91df897e8783d3740208,45384241,1,,1284f9141657400869b7eaef1ce7a19eb6fdf6e26e34509f819c6e0920dfd135,
2024-01-24,2024,2024-01,https://data.gdeltproject.org/gkg/20240124.gkg.csv.zip,https://data.gdeltproject.org/gkg/20240124.gkg.csv.zip,8dbd1f9abb6518f9a1ec27be877ad5b37be0a504cb448c454d0de57cb4dbf870,20be79c6c8c739cac5021fb493d885ed,43665982,114064,1,8.76693113575593e-06,124298,503,500,AVAILABLE_VALID_CACHE,1,20be79c6c8c739cac5021fb493d885ed,43665982,1,,1284f9141657400869b7eaef1ce7a19eb6fdf6e26e34509f819c6e0920dfd135,
2024-01-25,2024,2024-01,https://data.gdeltproject.org/gkg/20240125.gkg.csv.zip,https://data.gdeltproject.org/gkg/20240125.gkg.csv.zip,4ba5e98ca5f408f4dd79964bd3dbc6c4fa853ff000436e77fe2e519b214581a7,f01eeb61820c748fd44679492ad58a96,44563480,116035,1,8.618015098762453e-06,128222,503,500,AVAILABLE_VALID_CACHE,1,f01eeb61820c748fd44679492ad58a96,44563480,1,,1284f9141657400869b7eaef1ce7a19eb6fdf6e26e34509f819c6e0920dfd135,
2024-01-26,2024,2024-01,https://data.gdeltproject.org/gkg/20240126.gkg.csv.zip,https://data.gdeltproject.org/gkg/20240126.gkg.csv.zip,8a46c869b4a406ef837e78810bba5ce207efbe658becc3e8b3a5cb5b25cc8a28,8ff04fd6928186d5677fba821ef45779,40814333,104455,1,9.573408899440913e-06,114776,503,500,AVAILABLE_VALID_CACHE,1,8ff04fd6928186d5677fba821ef45779,40814333,1,,1284f9141657400869b7eaef1ce7a19eb6fdf6e26e34509f819c6e0920dfd135,
2024-01-27,2024,2024-01,https://data.gdeltproject.org/gkg/20240127.gkg.csv.zip,https://data.gdeltproject.org/gkg/20240127.gkg.csv.zip,c075eb71ddafe2e83965f214eaa86a90e2d86d4d515831d4285d52a77c21cab8,6ace680b8f6b517c3cd65815da4df8e5,25707735,64288,1,1.5554760534461574e-05,70335,503,500,AVAILABLE_VALID_CACHE,1,6ace680b8f6b517c3cd65815da4df8e5,25707735,1,,1284f9141657400869b7eaef1ce7a19eb6fdf6e26e34509f819c6e0920dfd135,
2024-01-28,2024,2024-01,https://data.gdeltproject.org/gkg/20240128.gkg.csv.zip,https://data.gdeltproject.org/gkg/20240128.gkg.csv.zip,93d9b78b8961906580a3f85648037bf55cec4b72f1f5bae77ec25243bec8e28e,aacb1bca1c956f60691c4b58e2d0cd43,22560863,56773,1,1.761369641032867e-05,63251,503,500,AVAILABLE_VALID_CACHE,1,aacb1bca1c956f60691c4b58e2d0cd43,22560863,1,,1284f9141657400869b7eaef1ce7a19eb6fdf6e26e34509f819c6e0920dfd135,
2024-01-29,2024,2024-01,https://data.gdeltproject.org/gkg/20240129.gkg.csv.zip,https://data.gdeltproject.org/gkg/20240129.gkg.csv.zip,1f390dff8120bf4fa19d24a6e6938ad48bca27d714edb2903733b7522240ca4a,0aeb6d6b58df053a9e1e5e6773ff1302,39021010,99990,1,1.0000900081007291e-05,111442,503,500,AVAILABLE_VALID_CACHE,1,0aeb6d6b58df053a9e1e5e6773ff1302,39021010,1,,1284f9141657400869b7eaef1ce7a19eb6fdf6e26e34509f819c6e0920dfd135,
2024-01-30,2024,2024-01,https://data.gdeltproject.org/gkg/20240130.gkg.csv.zip,https://data.gdeltproject.org/gkg/20240130.gkg.csv.zip,4b3d3afb27a97f79f4b86395bb27a4c0119c6eeb53fef052d6861451b30e1384,1ad1c2e8e200f555d0ecb3d505d2ecf3,44221135,113848,1,8.783564194678917e-06,126537,503,500,AVAILABLE_VALID_CACHE,1,1ad1c2e8e200f555d0ecb3d505d2ecf3,44221135,1,,1284f9141657400869b7eaef1ce7a19eb6fdf6e26e34509f819c6e0920dfd135,
2024-01-31,2024,2024-01,https://data.gdeltproject.org/gkg/20240131.gkg.csv.zip,https://data.gdeltproject.org/gkg/20240131.gkg.csv.zip,c983f91d384a31e608f79f1fb0487a80dcdec6123866b195c255920a2c2adf0e,264be8a48c1345052216bd1bcaedae0f,44452622,114777,1,8.712471031033823e-06,126717,503,500,AVAILABLE_VALID_CACHE,1,264be8a48c1345052216bd1bcaedae0f,44452622,1,,1284f9141657400869b7eaef1ce7a19eb6fdf6e26e34509f819c6e0920dfd135,
2024-02-01,2024,2024-02,https://data.gdeltproject.org/gkg/20240201.gkg.csv.zip,https://data.gdeltproject.org/gkg/20240201.gkg.csv.zip,f06669bd67a47d0aa29dfd85aa8e6e7bf66a6cafbbddc8a52c45050b3d56ea8f,be76b909ec7c049e3a9fc28bdbdd3c8c,45651455,117833,1,8.486514927779759e-06,130420,503,500,AVAILABLE_VALID_CACHE,1,be76b909ec7c049e3a9fc28bdbdd3c8c,45651455,1,,1284f9141657400869b7eaef1ce7a19eb6fdf6e26e34509f819c6e0920dfd135,
2024-02-02,2024,2024-02,https://data.gdeltproject.org/gkg/20240202.gkg.csv.zip,https://data.gdeltproject.org/gkg/20240202.gkg.csv.zip,a3c7735dc0e9a407e191cc097819e467f9c475d8aa2f120a889eac2043541c9b,c1dfd1ec3524eae5bfab58697a104f1b,42810792,109996,1,9.091157031555405e-06,121181,503,500,AVAILABLE_VALID_CACHE,1,c1dfd1ec3524eae5bfab58697a104f1b,42810792,1,,1284f9141657400869b7eaef1ce7a19eb6fdf6e26e34509f819c6e0920dfd135,
2024-02-03,2024,2024-02,https://data.gdeltproject.org/gkg/20240203.gkg.csv.zip,https://data.gdeltproject.org/gkg/20240203.gkg.csv.zip,5d42612cac3ef5bd3911a6b269d600a645e06b176817b974ed0af58ff6849eb1,a2fab8e7a736415f65fbe0d911a41ee0,26800714,66125,1,1.5122644648096059e-05,71872,503,500,AVAILABLE_VALID_CACHE,1,a2fab8e7a736415f65fbe0d911a41ee0,26800714,1,,1284f9141657400869b7eaef1ce7a19eb6fdf6e26e34509f819c6e0920dfd135,
2024-02-04,2024,2024-02,https://data.gdeltproject.org/gkg/20240204.gkg.csv.zip,https://data.gdeltproject.org/gkg/20240204.gkg.csv.zip,94152e209262eefcdb55dd06f67579e79ad856fa80928c6d4d18b07593add734,9aaa2e6a534df01746b696b8d8d4cb23,22677089,56521,1,1.7692226035879835e-05,62937,503,500,AVAILABLE_VALID_CACHE,1,9aaa2e6a534df01746b696b8d8d4cb23,22677089,1,,1284f9141657400869b7eaef1ce7a19eb6fdf6e26e34509f819c6e0920dfd135,
2024-02-05,2024,2024-02,https://data.gdeltproject.org/gkg/20240205.gkg.csv.zip,https://data.gdeltproject.org/gkg/20240205.gkg.csv.zip,a9746194f68c4614a93fb0d4a2becbe6c8cb3e9928653ca11b1591a2b7e40632,7f4cedb5e04760a31f1ffc69b07c482f,39052044,101800,1,9.82308621722773e-06,113203,503,500,AVAILABLE_VALID_CACHE,1,7f4cedb5e04760a31f1ffc69b07c482f,39052044,1,,1284f9141657400869b7eaef1ce7a19eb6fdf6e26e34509f819c6e0920dfd135,
2024-02-06,2024,2024-02,https://data.gdeltproject.org/gkg/20240206.gkg.csv.zip,https://data.gdeltproject.org/gkg/20240206.gkg.csv.zip,d190d42c8449716a34c9dcc66726266469de3e2e42f4131a026e27d6c25e1cea,9c1de6433973a9f0f8e3d91de9595bb6,45287524,116243,1,8.602594542514021e-06,129291,503,500,AVAILABLE_VALID_CACHE,1,9c1de6433973a9f0f8e3d91de9595bb6,45287524,1,,1284f9141657400869b7eaef1ce7a19eb6fdf6e26e34509f819c6e0920dfd135,
2024-02-07,2024,2024-02,https://data.gdeltproject.org/gkg/20240207.gkg.csv.zip,https://data.gdeltproject.org/gkg/20240207.gkg.csv.zip,417b186613cc9cdbdb7ca4386b5c8f63bea7071fe85fb2b2da37dde21b161bc9,624d931f97ba0cf7d142bada4806217d,47630583,122073,1,8.191752543539164e-06,133763,503,500,AVAILABLE_VALID_CACHE,1,624d931f97ba0cf7d142bada4806217d,47630583,1,,1284f9141657400869b7eaef1ce7a19eb6fdf6e26e34509f819c6e0920dfd135,
2024-02-08,2024,2024-02,https://data.gdeltproject.org/gkg/20240208.gkg.csv.zip,https://data.gdeltproject.org/gkg/20240208.gkg.csv.zip,857cf9a089e695c187ea34ad83f4381f793e10cfe1c046b0a4854d92fa816b54,fd3aed968581e30bf01a5c5715a85fb9,47858361,122074,1,8.191685439279132e-06,133816,503,500,AVAILABLE_VALID_CACHE,1,fd3aed968581e30bf01a5c5715a85fb9,47858361,1,,1284f9141657400869b7eaef1ce7a19eb6fdf6e26e34509f819c6e0920dfd135,
2024-02-09,2024,2024-02,https://data.gdeltproject.org/gkg/20240209.gkg.csv.zip,https://data.gdeltproject.org/gkg/20240209.gkg.csv.zip,305480cb357ca990b7a53fa25b41fd896344009175c4ba6a43774437347ecabf,4fa7a2293d4ab1f4b6155027e59021ec,43826677,112346,1,8.900994241056726e-06,124354,503,500,AVAILABLE_VALID_CACHE,1,4fa7a2293d4ab1f4b6155027e59021ec,43826677,1,,1284f9141657400869b7eaef1ce7a19eb6fdf6e26e34509f819c6e0920dfd135,
2024-02-10,2024,2024-02,https://data.gdeltproject.org/gkg/20240210.gkg.csv.zip,https://data.gdeltproject.org/gkg/20240210.gkg.csv.zip,f348925cf7566b4792b7b79a3ad3c148e2f2ee9f25f3eb7409c20be5f6c138b0,448f130b570f6dec61c415120930f3eb,26084223,66524,1,1.5031942878617062e-05,73037,503,500,AVAILABLE_VALID_CACHE,1,448f130b570f6dec61c415120930f3eb,26084223,1,,1284f9141657400869b7eaef1ce7a19eb6fdf6e26e34509f819c6e0920dfd135,
2024-02-11,2024,2024-02,https://data.gdeltproject.org/gkg/20240211.gkg.csv.zip,https://data.gdeltproject.org/gkg/20240211.gkg.csv.zip,e19b31ba039f811c2c9e020e4f61b9cd880311f77832d54e344a8353cea55b80,ac7915353d67193cc62039f7789164a0,22688098,57604,1,1.7359604201024215e-05,64147,503,500,AVAILABLE_VALID_CACHE,1,ac7915353d67193cc62039f7789164a0,22688098,1,,1284f9141657400869b7eaef1ce7a19eb6fdf6e26e34509f819c6e0920dfd135,
2024-02-12,2024,2024-02,https://data.gdeltproject.org/gkg/20240212.gkg.csv.zip,https://data.gdeltproject.org/gkg/20240212.gkg.csv.zip,aee5787119fd143bc210b0c67f1156559c4a85c845920ac39f3acbaaca592eb2,3ab8f7a55af251ee945ebc2115a9ec81,38755008,102631,1,9.743549770052226e-06,113661,503,500,AVAILABLE_VALID_CACHE,1,3ab8f7a55af251ee945ebc2115a9ec81,38755008,1,,1284f9141657400869b7eaef1ce7a19eb6fdf6e26e34509f819c6e0920dfd135,
2024-02-13,2024,2024-02,https://data.gdeltproject.org/gkg/20240213.gkg.csv.zip,https://data.gdeltproject.org/gkg/20240213.gkg.csv.zip,573662a7926147b760d5e066cf7a0167653a2223a61f518afea1888b25db76ca,a8bca7118e7e6a9219cb8e385b893d84,44540938,115172,1,8.682590537712832e-06,126341,503,500,AVAILABLE_VALID_CACHE,1,a8bca7118e7e6a9219cb8e385b893d84,44540938,1,,1284f9141657400869b7eaef1ce7a19eb6fdf6e26e34509f819c6e0920dfd135,
2024-02-14,2024,2024-02,https://data.gdeltproject.org/gkg/20240214.gkg.csv.zip,https://data.gdeltproject.org/gkg/20240214.gkg.csv.zip,a1059951af9b99c95013e6e6e4b00891037e07242885ab49aedd3b9713ea1ad0,ef8f3d4714f01f6d4a15bea13c0ef188,45573669,118429,1,8.443806467955754e-06,131554,503,500,AVAILABLE_VALID_CACHE,1,ef8f3d4714f01f6d4a15bea13c0ef188,45573669,1,,1284f9141657400869b7eaef1ce7a19eb6fdf6e26e34509f819c6e0920dfd135,
2024-02-15,2024,2024-02,https://data.gdeltproject.org/gkg/20240215.gkg.csv.zip,https://data.gdeltproject.org/gkg/20240215.gkg.csv.zip,1b75599ffbc9fe8710128a42ea1fdf36f190cf2074e4b7d873165fae780a6c3f,d66a2fa77d5ce46915378268e1408152,46458883,120503,1,8.298479718515568e-06,132875,503,500,AVAILABLE_VALID_CACHE,1,d66a2fa77d5ce46915378268e1408152,46458883,1,,1284f9141657400869b7eaef1ce7a19eb6fdf6e26e34509f819c6e0920dfd135,
2024-02-16,2024,2024-02,https://data.gdeltproject.org/gkg/20240216.gkg.csv.zip,https://data.gdeltproject.org/gkg/20240216.gkg.csv.zip,47f70883dba5520aa42eca0a3c6e66a18df8a534ff4a9f33524feed7f2ec0110,671c67f9290c568799eca1199076ef8d,45066796,114521,1,8.731946700197342e-06,125791,503,500,AVAILABLE_VALID_CACHE,1,671c67f9290c568799eca1199076ef8d,45066796,1,,1284f9141657400869b7eaef1ce7a19eb6fdf6e26e34509f819c6e0920dfd135,
2024-02-17,2024,2024-02,https://data.gdeltproject.org/gkg/20240217.gkg.csv.zip,https://data.gdeltproject.org/gkg/20240217.gkg.csv.zip,88b3148e5b9e1a3e3c5740c7cac34bf62c07e1ae6ebd8c5dc3b7c84df124e728,a68c59218e3ff49b296fd93bd10f0e5f,27062936,67142,1,1.4893585332797164e-05,72777,503,500,AVAILABLE_VALID_CACHE,1,a68c59218e3ff49b296fd93bd10f0e5f,27062936,1,,1284f9141657400869b7eaef1ce7a19eb6fdf6e26e34509f819c6e0920dfd135,
2024-02-18,2024,2024-02,https://data.gdeltproject.org/gkg/20240218.gkg.csv.zip,https://data.gdeltproject.org/gkg/20240218.gkg.csv.zip,dddbb0743440d6e40122f8b155a29ac11a8be9a64d9cff1fdedb14b5b4901912,3e6b4f6053219c07cbf7858fdc785f0a,22922354,56948,1,1.755957084408857e-05,62226,503,500,AVAILABLE_VALID_CACHE,1,3e6b4f6053219c07cbf7858fdc785f0a,22922354,1,,1284f9141657400869b7eaef1ce7a19eb6fdf6e26e34509f819c6e0920dfd135,
2024-02-19,2024,2024-02,https://data.gdeltproject.org/gkg/20240219.gkg.csv.zip,https://data.gdeltproject.org/gkg/20240219.gkg.csv.zip,8792cf10ab51fa0230f6f8fb4fa57973510bf503c6f6828a8aa5b099586e85e5,22ed86253faa6522f6a694f0ba561f1a,36427564,92117,1,1.0855641676979527e-05,99694,503,500,AVAILABLE_VALID_CACHE,1,22ed86253faa6522f6a694f0ba561f1a,36427564,1,,1284f9141657400869b7eaef1ce7a19eb6fdf6e26e34509f819c6e0920dfd135,
2024-02-20,2024,2024-02,https://data.gdeltproject.org/gkg/20240220.gkg.csv.zip,https://data.gdeltproject.org/gkg/20240220.gkg.csv.zip,36ef597ae7ee0f74814bcd30a2a7d8a0392668aa04752f91b9d8092ddda61400,46427f2f56f3b4544d6659b469168b09,45248208,115595,1,8.650818367417557e-06,126914,503,500,AVAILABLE_VALID_CACHE,1,46427f2f56f3b4544d6659b469168b09,45248208,1,,1284f9141657400869b7eaef1ce7a19eb6fdf6e26e34509f819c6e0920dfd135,
2024-02-21,2024,2024-02,https://data.gdeltproject.org/gkg/20240221.gkg.csv.zip,https://data.gdeltproject.org/gkg/20240221.gkg.csv.zip,ed34cb0b6583734ebf41e17156dcb1a7b27aa58e60e7bd4fad06e96b32eafd5a,b12387d42a9d16b8c652aa028d67a70f,45835157,118523,1,8.437109783672505e-06,131940,503,500,AVAILABLE_VALID_CACHE,1,b12387d42a9d16b8c652aa028d67a70f,45835157,1,,1284f9141657400869b7eaef1ce7a19eb6fdf6e26e34509f819c6e0920dfd135,
2024-02-22,2024,2024-02,https://data.gdeltproject.org/gkg/20240222.gkg.csv.zip,https://data.gdeltproject.org/gkg/20240222.gkg.csv.zip,c3b3261687d04f401154ffe30bc03e32f41563cd16a743ed88e06609e3164d53,5558d65af43da1cbfe6d9692511a134e,46515834,120571,1,8.293799555452344e-06,132792,503,500,AVAILABLE_VALID_CACHE,1,5558d65af43da1cbfe6d9692511a134e,46515834,1,,1284f9141657400869b7eaef1ce7a19eb6fdf6e26e34509f819c6e0920dfd135,
2024-02-23,2024,2024-02,https://data.gdeltproject.org/gkg/20240223.gkg.csv.zip,https://data.gdeltproject.org/gkg/20240223.gkg.csv.zip,c73abf507d9a1b7fb66d0ae4c8fb87a3ac0ac60709dc3a296b9d178aa1801b7a,14684f0935fce4771e5a7dcbf5daacfa,45187170,115345,1,8.669568082118148e-06,125215,503,500,AVAILABLE_VALID_CACHE,1,14684f0935fce4771e5a7dcbf5daacfa,45187170,1,,1284f9141657400869b7eaef1ce7a19eb6fdf6e26e34509f819c6e0920dfd135,
2024-02-24,2024,2024-02,https://data.gdeltproject.org/gkg/20240224.gkg.csv.zip,https://data.gdeltproject.org/gkg/20240224.gkg.csv.zip,80858a7d026a7313f062662cab64bdd17ae93d4c2db3a1212979569c0b0dd90f,49c1617c9264e747740acad2703ebe6b,27592416,67793,1,1.475056789686403e-05,74211,503,500,AVAILABLE_VALID_CACHE,1,49c1617c9264e747740acad2703ebe6b,27592416,1,,1284f9141657400869b7eaef1ce7a19eb6fdf6e26e34509f819c6e0920dfd135,
2024-02-25,2024,2024-02,https://data.gdeltproject.org/gkg/20240225.gkg.csv.zip,https://data.gdeltproject.org/gkg/20240225.gkg.csv.zip,e904befcae639f1f0a87adc87b701f17be0555ecc5f9f63c39aab12c18ac512d,287863c2f3f5dd40e9ede35629adde40,23081269,57726,1,1.732291648621962e-05,62890,503,500,AVAILABLE_VALID_CACHE,1,287863c2f3f5dd40e9ede35629adde40,23081269,1,,1284f9141657400869b7eaef1ce7a19eb6fdf6e26e34509f819c6e0920dfd135,
2024-02-26,2024,2024-02,https://data.gdeltproject.org/gkg/20240226.gkg.csv.zip,https://data.gdeltproject.org/gkg/20240226.gkg.csv.zip,5090b74747e1485318e25db7d5226d2d4342febec9bd6fc67e8109bc04136326,a2df708886c5a8a3dfcf670ee1a5f53f,41225466,106463,1,9.392846408175533e-06,118068,503,500,AVAILABLE_VALID_CACHE,1,a2df708886c5a8a3dfcf670ee1a5f53f,41225466,1,,1284f9141657400869b7eaef1ce7a19eb6fdf6e26e34509f819c6e0920dfd135,
2024-02-27,2024,2024-02,https://data.gdeltproject.org/gkg/20240227.gkg.csv.zip,https://data.gdeltproject.org/gkg/20240227.gkg.csv.zip,b370851c9cd3609222feb10a5e1866088ebc7df17d36e9b9ca409e1f1eefec17,c6a678d686abdb5336e303191ece78d6,47631239,121990,1,8.19732603224828e-06,135540,503,500,AVAILABLE_VALID_CACHE,1,c6a678d686abdb5336e303191ece78d6,47631239,1,,1284f9141657400869b7eaef1ce7a19eb6fdf6e26e34509f819c6e0920dfd135,
2024-02-28,2024,2024-02,https://data.gdeltproject.org/gkg/20240228.gkg.csv.zip,https://data.gdeltproject.org/gkg/20240228.gkg.csv.zip,69005790e8ef3e6ea76e9eef15bc40bd68587e983436030ca740ad09266c1346,1bea6521184329dc146fc0ff0fd19db2,49073184,125607,1,7.961276351824725e-06,137355,503,500,AVAILABLE_VALID_CACHE,1,1bea6521184329dc146fc0ff0fd19db2,49073184,1,,1284f9141657400869b7eaef1ce7a19eb6fdf6e26e34509f819c6e0920dfd135,
2024-02-29,2024,2024-02,https://data.gdeltproject.org/gkg/20240229.gkg.csv.zip,https://data.gdeltproject.org/gkg/20240229.gkg.csv.zip,3e666f1e6d7ba679dcb9d8415ef37838cd0d673e88bba2a2a001fcafe161dd4a,749e34638b67d5a39f70218100d026fb,49164331,125915,1,7.94180247148893e-06,137689,503,500,AVAILABLE_VALID_CACHE,1,749e34638b67d5a39f70218100d026fb,49164331,1,,1284f9141657400869b7eaef1ce7a19eb6fdf6e26e34509f819c6e0920dfd135,
2024-03-01,2024,2024-03,https://data.gdeltproject.org/gkg/20240301.gkg.csv.zip,https://data.gdeltproject.org/gkg/20240301.gkg.csv.zip,376c1c25a18c9f4c6fb64154762a3aae71ce12d06e1bb855904d3eb6e8a7ee6d,228ef94e77b7ba8b79de07a98d2e2fb9,47050683,118338,1,8.450299563119513e-06,130300,503,500,AVAILABLE_VALID_CACHE,1,228ef94e77b7ba8b79de07a98d2e2fb9,47050683,1,,1284f9141657400869b7eaef1ce7a19eb6fdf6e26e34509f819c6e0920dfd135,
2024-03-02,2024,2024-03,https://data.gdeltproject.org/gkg/20240302.gkg.csv.zip,https://data.gdeltproject.org/gkg/20240302.gkg.csv.zip,aa05a9c7420077d83172a4e9ef3a4d136b7652078e9b01b5db508d37e7c0a840,789199381a7e7d91d4ee78e49bb32416,28049842,69477,1,1.4393045280520452e-05,75702,503,500,AVAILABLE_VALID_CACHE,1,789199381a7e7d91d4ee78e49bb32416,28049842,1,,1284f9141657400869b7eaef1ce7a19eb6fdf6e26e34509f819c6e0920dfd135,
2024-03-03,2024,2024-03,https://data.gdeltproject.org/gkg/20240303.gkg.csv.zip,https://data.gdeltproject.org/gkg/20240303.gkg.csv.zip,53ce3c94a15bc73def9b3693c1be26f9a505b61fdd84cf9caff5b435cbe9ecd4,fa668084989c7e7999e8621e22e0e1a0,23617275,58699,1,1.7035775127768312e-05,63997,503,500,AVAILABLE_VALID_CACHE,1,fa668084989c7e7999e8621e22e0e1a0,23617275,1,,1284f9141657400869b7eaef1ce7a19eb6fdf6e26e34509f819c6e0920dfd135,
2024-03-04,2024,2024-03,https://data.gdeltproject.org/gkg/20240304.gkg.csv.zip,https://data.gdeltproject.org/gkg/20240304.gkg.csv.zip,fa6229ceb36d01a076388e90867e3fa557e46107e8efdec8a58211d7789dc08a,058e47add36894e7d4e022dd17f32d3c,40241910,105091,1,9.515472157728467e-06,116628,503,500,AVAILABLE_VALID_CACHE,1,058e47add36894e7d4e022dd17f32d3c,40241910,1,,1284f9141657400869b7eaef1ce7a19eb6fdf6e26e34509f819c6e0920dfd135,
2024-03-05,2024,2024-03,https://data.gdeltproject.org/gkg/20240305.gkg.csv.zip,https://data.gdeltproject.org/gkg/20240305.gkg.csv.zip,3b3261b7f6e1bf39a603577106489218e2d5cd4ed0a51662781a03b51426246a,8390b281440babb695f502b2bd6447f3,47055802,121495,1,8.230723645222887e-06,133188,503,500,AVAILABLE_VALID_CACHE,1,8390b281440babb695f502b2bd6447f3,47055802,1,,1284f9141657400869b7eaef1ce7a19eb6fdf6e26e34509f819c6e0920dfd135,
2024-03-06,2024,2024-03,https://data.gdeltproject.org/gkg/20240306.gkg.csv.zip,https://data.gdeltproject.org/gkg/20240306.gkg.csv.zip,acf6894ab047d521ccef33c1d9b7bdc92f991d153b611f6408f1b25994df4a5e,c5621eaf0835f4f7ba2ed1f03b59aeda,49544159,126020,1,7.935185405607003e-06,138307,503,500,AVAILABLE_VALID_CACHE,1,c5621eaf0835f4f7ba2ed1f03b59aeda,49544159,1,,1284f9141657400869b7eaef1ce7a19eb6fdf6e26e34509f819c6e0920dfd135,
2024-03-07,2024,2024-03,https://data.gdeltproject.org/gkg/20240307.gkg.csv.zip,https://data.gdeltproject.org/gkg/20240307.gkg.csv.zip,74c5b50b4437e8605d5ea48195afde74b6f4adfad0835d31c0080e71e9db9c5b,1869c9bb9b2258434bed2decc87b1f40,48909662,124377,1,8.040007075206226e-06,135287,503,500,AVAILABLE_VALID_CACHE,1,1869c9bb9b2258434bed2decc87b1f40,48909662,1,,1284f9141657400869b7eaef1ce7a19eb6fdf6e26e34509f819c6e0920dfd135,
2024-03-08,2024,2024-03,https://data.gdeltproject.org/gkg/20240308.gkg.csv.zip,https://data.gdeltproject.org/gkg/20240308.gkg.csv.zip,bdd0073313c1a489ba13d4b7b7c4eef121bc29de21a52b53f98c3b87ab84982d,8974809f9ba7a6804e91f9bc4c1405cc,47135196,117957,1,8.477593719798572e-06,129411,503,500,AVAILABLE_VALID_CACHE,1,8974809f9ba7a6804e91f9bc4c1405cc,47135196,1,,1284f9141657400869b7eaef1ce7a19eb6fdf6e26e34509f819c6e0920dfd135,
2024-03-09,2024,2024-03,https://data.gdeltproject.org/gkg/20240309.gkg.csv.zip,https://data.gdeltproject.org/gkg/20240309.gkg.csv.zip,3527b895252285a2cf431768cce44c08dbe22f82bb309452a8a09922b2c815f9,3867c552350f6d0f7392a9d7074e6283,26949278,67790,1,1.4751220663509905e-05,73689,503,500,AVAILABLE_VALID_CACHE,1,3867c552350f6d0f7392a9d7074e6283,26949278,1,,1284f9141657400869b7eaef1ce7a19eb6fdf6e26e34509f819c6e0920dfd135,
2024-03-10,2024,2024-03,https://data.gdeltproject.org/gkg/20240310.gkg.csv.zip,https://data.gdeltproject.org/gkg/20240310.gkg.csv.zip,c199dc34e3b741171af0836d1ce3957510a43f7ae69ffa90b4d6bf4c73a38cc9,70733cf0715060fe7383c9186ea2678d,23446673,58468,1,1.7103080264755683e-05,64504,503,500,AVAILABLE_VALID_CACHE,1,70733cf0715060fe7383c9186ea2678d,23446673,1,,1284f9141657400869b7eaef1ce7a19eb6fdf6e26e34509f819c6e0920dfd135,
2024-03-11,2024,2024-03,https://data.gdeltproject.org/gkg/20240311.gkg.csv.zip,https://data.gdeltproject.org/gkg/20240311.gkg.csv.zip,5a63cdbfdedc93ec2f34b59c7e417ba9a2ec18a36d629b017b0a5bcf66d6f83b,a28269afa6e98a5cf4d3a25cc2e29c41,42412593,110856,1,9.020630181224461e-06,123097,503,500,AVAILABLE_VALID_CACHE,1,a28269afa6e98a5cf4d3a25cc2e29c41,42412593,1,,1284f9141657400869b7eaef1ce7a19eb6fdf6e26e34509f819c6e0920dfd135,
2024-03-12,2024,2024-03,https://data.gdeltproject.org/gkg/20240312.gkg.csv.zip,https://data.gdeltproject.org/gkg/20240312.gkg.csv.zip,986df6d4beb3d1b2e152d2c7e6859eeff8ebf71aacdf9c8f84d690364b4f2981,0d574bfc4423900d121143b81053256f,46768707,120718,1,8.283700163188893e-06,134663,503,500,AVAILABLE_VALID_CACHE,1,0d574bfc4423900d121143b81053256f,46768707,1,,1284f9141657400869b7eaef1ce7a19eb6fdf6e26e34509f819c6e0920dfd135,
2024-03-13,2024,2024-03,https://data.gdeltproject.org/gkg/20240313.gkg.csv.zip,https://data.gdeltproject.org/gkg/20240313.gkg.csv.zip,82282be8cf6eed8af49748a7e4b2af580089dd21f464532ed07b07fd77280e00,8868f368a04b8743929ce7cfbf760590,46482419,120460,1,8.301441960468533e-06,131904,503,500,AVAILABLE_VALID_CACHE,1,8868f368a04b8743929ce7cfbf760590,46482419,1,,1284f9141657400869b7eaef1ce7a19eb6fdf6e26e34509f819c6e0920dfd135,
2024-03-14,2024,2024-03,https://data.gdeltproject.org/gkg/20240314.gkg.csv.zip,https://data.gdeltproject.org/gkg/20240314.gkg.csv.zip,7a7fcc0f52f811762dd953259f989b47d579e5969665bf7cdc239796da8ba13b,3befadf47aaa83b888b6e057784be134,46151851,120498,1,8.298824056631176e-06,132833,503,500,AVAILABLE_VALID_CACHE,1,3befadf47aaa83b888b6e057784be134,46151851,1,,1284f9141657400869b7eaef1ce7a19eb6fdf6e26e34509f819c6e0920dfd135,
2024-03-15,2024,2024-03,https://data.gdeltproject.org/gkg/20240315.gkg.csv.zip,https://data.gdeltproject.org/gkg/20240315.gkg.csv.zip,f5caf155eb0c45ed6a4beb4a4928e3396e467fccfd59a82c398d1e93b34e86bb,a1d4e7a36e833a2a41f2d6285a01638f,44847371,115610,1,8.649695963186895e-06,128260,503,500,AVAILABLE_VALID_CACHE,1,a1d4e7a36e833a2a41f2d6285a01638f,44847371,1,,1284f9141657400869b7eaef1ce7a19eb6fdf6e26e34509f819c6e0920dfd135,
2024-03-16,2024,2024-03,https://data.gdeltproject.org/gkg/20240316.gkg.csv.zip,https://data.gdeltproject.org/gkg/20240316.gkg.csv.zip,568235e4aa0169982c526d3ee630770998516bfdba7637b5bd8efed9320a5dab,755dfc06805e95d7f18154d4b799c2af,25833529,65808,1,1.5195489978574359e-05,72433,503,500,AVAILABLE_VALID_CACHE,1,755dfc06805e95d7f18154d4b799c2af,25833529,1,,1284f9141657400869b7eaef1ce7a19eb6fdf6e26e34509f819c6e0920dfd135,
2024-03-17,2024,2024-03,https://data.gdeltproject.org/gkg/20240317.gkg.csv.zip,https://data.gdeltproject.org/gkg/20240317.gkg.csv.zip,3699c38d12004e67ef84d01a765afd7445c54e2dd9cace326418d504f1f3c137,28787578d28cc1994db22c5088ececa4,23175767,57856,1,1.7283993293810603e-05,63147,503,500,AVAILABLE_VALID_CACHE,1,28787578d28cc1994db22c5088ececa4,23175767,1,,1284f9141657400869b7eaef1ce7a19eb6fdf6e26e34509f819c6e0920dfd135,
2024-03-18,2024,2024-03,https://data.gdeltproject.org/gkg/20240318.gkg.csv.zip,https://data.gdeltproject.org/gkg/20240318.gkg.csv.zip,6f133c6e8cdc251ad47e1bcb4012ef079c7c738c34fe59a1d4119327eb700c64,1ad2a2f0479e0570ed82279998455cfc,41482977,107094,1,9.337504085158037e-06,117918,503,500,AVAILABLE_VALID_CACHE,1,1ad2a2f0479e0570ed82279998455cfc,41482977,1,,1284f9141657400869b7eaef1ce7a19eb6fdf6e26e34509f819c6e0920dfd135,
2024-03-19,2024,2024-03,https://data.gdeltproject.org/gkg/20240319.gkg.csv.zip,https://data.gdeltproject.org/gkg/20240319.gkg.csv.zip,1e70ef289c9ee45c7859a0b720f6648b026097363cb4bd03b93f4ff82f6d08e7,994b7dd5f51fd0df13719762d619c345,45866036,118715,1,8.423464402439436e-06,131082,503,500,AVAILABLE_VALID_CACHE,1,994b7dd5f51fd0df13719762d619c345,45866036,1,,1284f9141657400869b7eaef1ce7a19eb6fdf6e26e34509f819c6e0920dfd135,
2024-03-20,2024,2024-03,https://data.gdeltproject.org/gkg/20240320.gkg.csv.zip,https://data.gdeltproject.org/gkg/20240320.gkg.csv.zip,4b5b6c155c290f3b8dd6741c17fea416c6cca1ce257708bb17c589d4ddab5d19,80c7185bbf9c5343b21956816713b560,47876109,122838,1,8.140737062333623e-06,136312,503,500,AVAILABLE_VALID_CACHE,1,80c7185bbf9c5343b21956816713b560,47876109,1,,1284f9141657400869b7eaef1ce7a19eb6fdf6e26e34509f819c6e0920dfd135,
2024-03-21,2024,2024-03,https://data.gdeltproject.org/gkg/20240321.gkg.csv.zip,https://data.gdeltproject.org/gkg/20240321.gkg.csv.zip,ed123e9f2998fc5fb63914802938df8c893753ca2a91ed341df9e41552e5aa03,c4313192d8ed93d61bdf1d8cd3f8d22b,47305664,121387,1,8.238046594391538e-06,135624,503,500,AVAILABLE_VALID_CACHE,1,c4313192d8ed93d61bdf1d8cd3f8d22b,47305664,1,,1284f9141657400869b7eaef1ce7a19eb6fdf6e26e34509f819c6e0920dfd135,
2024-03-22,2024,2024-03,https://data.gdeltproject.org/gkg/20240322.gkg.csv.zip,https://data.gdeltproject.org/gkg/20240322.gkg.csv.zip,7d73d5303dc521e891976d44139045002b1b594767f6eb1564e4a9794455ac63,3bee526cbdec7a926de3079885e0cfca,45081487,115340,1,8.669943905462932e-06,126945,503,500,AVAILABLE_VALID_CACHE,1,3bee526cbdec7a926de3079885e0cfca,45081487,1,,1284f9141657400869b7eaef1ce7a19eb6fdf6e26e34509f819c6e0920dfd135,
2024-03-23,2024,2024-03,https://data.gdeltproject.org/gkg/20240323.gkg.csv.zip,https://data.gdeltproject.org/gkg/20240323.gkg.csv.zip,ae26dd8b888c19c943f681a4dd1dd02e541809f853c429b36c61531309f8b314,ec2ecb459483b6323342c5755a933d60,27141437,67030,1,1.4918470558398353e-05,72659,503,500,AVAILABLE_VALID_CACHE,1,ec2ecb459483b6323342c5755a933d60,27141437,1,,1284f9141657400869b7eaef1ce7a19eb6fdf6e26e34509f819c6e0920dfd135,
2024-03-24,2024,2024-03,https://data.gdeltproject.org/gkg/20240324.gkg.csv.zip,https://data.gdeltproject.org/gkg/20240324.gkg.csv.zip,8e41c5ca2d65e27456330043802014659f36852b662b2b672eeb3b5f131d3b80,30d94f56b85f0e8cc74663311bd31a06,22889361,57772,1,1.7309123639070153e-05,62230,503,500,AVAILABLE_VALID_CACHE,1,30d94f56b85f0e8cc74663311bd31a06,22889361,1,,1284f9141657400869b7eaef1ce7a19eb6fdf6e26e34509f819c6e0920dfd135,
2024-03-25,2024,2024-03,https://data.gdeltproject.org/gkg/20240325.gkg.csv.zip,https://data.gdeltproject.org/gkg/20240325.gkg.csv.zip,c46f886ae989131cdbc8f6c19b6845d13f92c9ba26581cd35e6e2ee627da8fbf,81a5ec5c1d3790c5d088e5aacf5dbfca,40345396,103399,1,9.67117988394584e-06,114462,503,500,AVAILABLE_VALID_CACHE,1,81a5ec5c1d3790c5d088e5aacf5dbfca,40345396,1,,1284f9141657400869b7eaef1ce7a19eb6fdf6e26e34509f819c6e0920dfd135,
2024-03-26,2024,2024-03,https://data.gdeltproject.org/gkg/20240326.gkg.csv.zip,https://data.gdeltproject.org/gkg/20240326.gkg.csv.zip,f3d5c81fc51e5d0e0e9fc031ac1046abc4d1a8d525582f0f1e64a0889bc59693,b9e2cb2920a07bf4398ac8f82d98ed73,46998243,120396,1,8.305854797046438e-06,133355,503,500,AVAILABLE_VALID_CACHE,1,b9e2cb2920a07bf4398ac8f82d98ed73,46998243,1,,1284f9141657400869b7eaef1ce7a19eb6fdf6e26e34509f819c6e0920dfd135,
2024-03-27,2024,2024-03,https://data.gdeltproject.org/gkg/20240327.gkg.csv.zip,https://data.gdeltproject.org/gkg/20240327.gkg.csv.zip,b804a4848df826536111bd8ba197bc8ef83715ba38aa84da9e511028f88287ee,fc1494b363f2a53b481bf2bf76fcb35c,46710260,119503,1,8.367920739054759e-06,131665,503,500,AVAILABLE_VALID_CACHE,1,fc1494b363f2a53b481bf2bf76fcb35c,46710260,1,,1284f9141657400869b7eaef1ce7a19eb6fdf6e26e34509f819c6e0920dfd135,
2024-03-28,2024,2024-03,https://data.gdeltproject.org/gkg/20240328.gkg.csv.zip,https://data.gdeltproject.org/gkg/20240328.gkg.csv.zip,41f51a59cc680fc17b54e587343d895ef891203474405f394e1088224b4cf5fe,e6da0557e495f5a2577e78851277ef46,46385481,118206,1,8.459735887045607e-06,130163,503,500,AVAILABLE_VALID_CACHE,1,e6da0557e495f5a2577e78851277ef46,46385481,1,,1284f9141657400869b7eaef1ce7a19eb6fdf6e26e34509f819c6e0920dfd135,
2024-03-29,2024,2024-03,https://data.gdeltproject.org/gkg/20240329.gkg.csv.zip,https://data.gdeltproject.org/gkg/20240329.gkg.csv.zip,94569d4581f31ec5095512168b1b8476785098d2253b0f3e4f117182181dcc6f,81624238d8cab3b339e303c5a2896a7a,37452606,95727,1,1.0446264415844895e-05,106657,503,500,AVAILABLE_VALID_CACHE,1,81624238d8cab3b339e303c5a2896a7a,37452606,1,,1284f9141657400869b7eaef1ce7a19eb6fdf6e26e34509f819c6e0920dfd135,
2024-03-30,2024,2024-03,https://data.gdeltproject.org/gkg/20240330.gkg.csv.zip,https://data.gdeltproject.org/gkg/20240330.gkg.csv.zip,ed37bd2e44dbdb20ccd8544a82aeafbfbe23c3640890b91ab27178842275ce08,01f34d6fef7639649e33726fa7aecbee,23028040,59233,1,1.688219603606037e-05,65788,503,500,AVAILABLE_VALID_CACHE,1,01f34d6fef7639649e33726fa7aecbee,23028040,1,,1284f9141657400869b7eaef1ce7a19eb6fdf6e26e34509f819c6e0920dfd135,
2024-03-31,2024,2024-03,https://data.gdeltproject.org/gkg/20240331.gkg.csv.zip,https://data.gdeltproject.org/gkg/20240331.gkg.csv.zip,21567d8486365b00c9ef591eaee2e6ee66c2f8f9286fa9b3b725bc2df1f32610,d95739af72f979d938cbaaefe26e1fce,21005219,53593,1,1.8658805090122027e-05,59569,503,500,AVAILABLE_VALID_CACHE,1,d95739af72f979d938cbaaefe26e1fce,21005219,1,,1284f9141657400869b7eaef1ce7a19eb6fdf6e26e34509f819c6e0920dfd135,
2024-04-01,2024,2024-04,https://data.gdeltproject.org/gkg/20240401.gkg.csv.zip,https://data.gdeltproject.org/gkg/20240401.gkg.csv.zip,d527a3485f67fbea39a546563772bfb8b67c4c6d86481a71aaa1c2e1d1260a3a,39ec9a540682ea383f29fc2911c5b45f,36854628,93552,1,1.0689128087821876e-05,103602,504,501,AVAILABLE_VALID_CACHE,1,39ec9a540682ea383f29fc2911c5b45f,36854628,1,,1284f9141657400869b7eaef1ce7a19eb6fdf6e26e34509f819c6e0920dfd135,
2024-04-02,2024,2024-04,https://data.gdeltproject.org/gkg/20240402.gkg.csv.zip,https://data.gdeltproject.org/gkg/20240402.gkg.csv.zip,6ab64abeb84abc260a4920f91e3b33586d26dc5aa100b507ad88e0a544ffe267,759987fcb014e585dd0e8673c51ba53c,45797104,116825,1,8.559738414394057e-06,127945,505,502,AVAILABLE_VALID_CACHE,1,759987fcb014e585dd0e8673c51ba53c,45797104,1,,1284f9141657400869b7eaef1ce7a19eb6fdf6e26e34509f819c6e0920dfd135,
2024-04-03,2024,2024-04,https://data.gdeltproject.org/gkg/20240403.gkg.csv.zip,https://data.gdeltproject.org/gkg/20240403.gkg.csv.zip,57379507ced293c9f7c38e17bc5a4d34efb29610d7b3a63508444bb6840abd5a,97473e3238c7962c5bbca77c6338f05d,47350257,120752,1,8.281367750697705e-06,131999,503,500,AVAILABLE_VALID_CACHE,1,97473e3238c7962c5bbca77c6338f05d,47350257,1,,1284f9141657400869b7eaef1ce7a19eb6fdf6e26e34509f819c6e0920dfd135,
2024-04-04,2024,2024-04,https://data.gdeltproject.org/gkg/20240404.gkg.csv.zip,https://data.gdeltproject.org/gkg/20240404.gkg.csv.zip,86e84db3355760e7a97e75412801507cd3978b035e466630d0e2914cfd435686,5ef06cd79766f1506d84d187d75750aa,45681421,116973,1,8.548908304409527e-06,128138,503,500,AVAILABLE_VALID_CACHE,1,5ef06cd79766f1506d84d187d75750aa,45681421,1,,1284f9141657400869b7eaef1ce7a19eb6fdf6e26e34509f819c6e0920dfd135,
2024-04-05,2024,2024-04,https://data.gdeltproject.org/gkg/20240405.gkg.csv.zip,https://data.gdeltproject.org/gkg/20240405.gkg.csv.zip,9a8a66e5ea38d4955e7f00815a60ebe0e4b97c687feec946c7f9896325c3965a,f5293dc914afd069fd81083c19829b2a,43670589,112429,1,8.894423196655697e-06,123647,503,500,AVAILABLE_VALID_CACHE,1,f5293dc914afd069fd81083c19829b2a,43670589,1,,1284f9141657400869b7eaef1ce7a19eb6fdf6e26e34509f819c6e0920dfd135,
2024-04-06,2024,2024-04,https://data.gdeltproject.org/gkg/20240406.gkg.csv.zip,https://data.gdeltproject.org/gkg/20240406.gkg.csv.zip,877f5d13133fdd9639472561dd01db78b0f0db30bebfd548de21747a66ec4b52,57e7285cf67efe21cae639aa4d8583bd,25699686,64692,1,1.5457622926746326e-05,70980,503,500,AVAILABLE_VALID_CACHE,1,57e7285cf67efe21cae639aa4d8583bd,25699686,1,,1284f9141657400869b7eaef1ce7a19eb6fdf6e26e34509f819c6e0920dfd135,
2024-04-07,2024,2024-04,https://data.gdeltproject.org/gkg/20240407.gkg.csv.zip,https://data.gdeltproject.org/gkg/20240407.gkg.csv.zip,731a01d1fded4b957ce732c70081d69793ad01ebb849b9201feb6f99641ab10e,243f87af9d83fabca6abe352ff6354c8,23054584,58079,1,1.721763085399449e-05,62437,503,500,AVAILABLE_VALID_CACHE,1,243f87af9d83fabca6abe352ff6354c8,23054584,1,,1284f9141657400869b7eaef1ce7a19eb6fdf6e26e34509f819c6e0920dfd135,
2024-04-08,2024,2024-04,https://data.gdeltproject.org/gkg/20240408.gkg.csv.zip,https://data.gdeltproject.org/gkg/20240408.gkg.csv.zip,8fca8716cea824d9216d3cf17fc287cfdae5a322697b9740b2783636baf03e99,fbff44c7b74873da2b278ce4c059a635,40040269,105468,1,9.481459006911984e-06,115755,503,500,AVAILABLE_VALID_CACHE,1,fbff44c7b74873da2b278ce4c059a635,40040269,1,,1284f9141657400869b7eaef1ce7a19eb6fdf6e26e34509f819c6e0920dfd135,
2024-04-09,2024,2024-04,https://data.gdeltproject.org/gkg/20240409.gkg.csv.zip,https://data.gdeltproject.org/gkg/20240409.gkg.csv.zip,3a67c663db47ae3529ed885fa3945428df54ff58c6bf441ec39961cdacc819a1,fad3891cc0f56fcdc3a972b866033ff1,45123533,117322,1,8.523477919930449e-06,129455,503,500,AVAILABLE_VALID_CACHE,1,fad3891cc0f56fcdc3a972b866033ff1,45123533,1,,1284f9141657400869b7eaef1ce7a19eb6fdf6e26e34509f819c6e0920dfd135,
2024-04-10,2024,2024-04,https://data.gdeltproject.org/gkg/20240410.gkg.csv.zip,https://data.gdeltproject.org/gkg/20240410.gkg.csv.zip,19e121c9736885668c23e5048b231eeb4b3b9cc81dde6d4d3734be7ce0e40e93,67bc7de1748a7c036175602ad1040280,43851976,113794,1,8.78773232567336e-06,124845,503,500,AVAILABLE_VALID_CACHE,1,67bc7de1748a7c036175602ad1040280,43851976,1,,1284f9141657400869b7eaef1ce7a19eb6fdf6e26e34509f819c6e0920dfd135,
2024-04-11,2024,2024-04,https://data.gdeltproject.org/gkg/20240411.gkg.csv.zip,https://data.gdeltproject.org/gkg/20240411.gkg.csv.zip,b1477744e1b1c4a395263fa90da8acec96b7e2c57b506fd57cefd3d0a00d77c8,74a70038537b8d5d5bce55f99012af74,43826890,112941,1,8.854102105505481e-06,125176,503,500,AVAILABLE_VALID_CACHE,1,74a70038537b8d5d5bce55f99012af74,43826890,1,,1284f9141657400869b7eaef1ce7a19eb6fdf6e26e34509f819c6e0920dfd135,
2024-04-12,2024,2024-04,https://data.gdeltproject.org/gkg/20240412.gkg.csv.zip,https://data.gdeltproject.org/gkg/20240412.gkg.csv.zip,f85f2166e7fb48221db764a27974fa65301d8373b02d9f3c36befb48d10b9512,3d0dbcb1a97381c0cc983772758f5b0d,41541389,107913,1,9.266638248976037e-06,119277,503,500,AVAILABLE_VALID_CACHE,1,3d0dbcb1a97381c0cc983772758f5b0d,41541389,1,,1284f9141657400869b7eaef1ce7a19eb6fdf6e26e34509f819c6e0920dfd135,
2024-04-13,2024,2024-04,https://data.gdeltproject.org/gkg/20240413.gkg.csv.zip,https://data.gdeltproject.org/gkg/20240413.gkg.csv.zip,20b97c4881b125aaa7e5ca5b57b4c5f60a33947a8bc7e36803cf5edadb1f3a9e,2a42182c38ee735de146d029969b546b,24852883,62953,1,1.5884614162721987e-05,69036,503,500,AVAILABLE_VALID_CACHE,1,2a42182c38ee735de146d029969b546b,24852883,1,,1284f9141657400869b7eaef1ce7a19eb6fdf6e26e34509f819c6e0920dfd135,
2024-04-14,2024,2024-04,https://data.gdeltproject.org/gkg/20240414.gkg.csv.zip,https://data.gdeltproject.org/gkg/20240414.gkg.csv.zip,e67df9f867df081f901011bf6686805b8f7acb1682cd72818497a782d2c2105e,9cef583e1ba199be6d92e3b3a6af98d9,23169469,56827,1,1.7596959245442388e-05,61681,503,500,AVAILABLE_VALID_CACHE,1,9cef583e1ba199be6d92e3b3a6af98d9,23169469,1,,1284f9141657400869b7eaef1ce7a19eb6fdf6e26e34509f819c6e0920dfd135,
2024-04-15,2024,2024-04,https://data.gdeltproject.org/gkg/20240415.gkg.csv.zip,https://data.gdeltproject.org/gkg/20240415.gkg.csv.zip,6adfe1dd9555e09b0d36699b0dc24a82cdc69dff6e07322bd796e056af303b76,df88240b0acaae1e555f9fffdc641236,38715720,100148,1,9.985122167969726e-06,109658,503,500,AVAILABLE_VALID_CACHE,1,df88240b0acaae1e555f9fffdc641236,38715720,1,,1284f9141657400869b7eaef1ce7a19eb6fdf6e26e34509f819c6e0920dfd135,
2024-04-16,2024,2024-04,https://data.gdeltproject.org/gkg/20240416.gkg.csv.zip,https://data.gdeltproject.org/gkg/20240416.gkg.csv.zip,bd7f19daad8b4d4a48dcc18a76debc4e1921fe904abb97d00bbabe8a69300f92,c3a34285f0bc21ef38fcd7348113f3a4,43992480,113653,1,8.79863445193306e-06,124463,503,500,AVAILABLE_VALID_CACHE,1,c3a34285f0bc21ef38fcd7348113f3a4,43992480,1,,1284f9141657400869b7eaef1ce7a19eb6fdf6e26e34509f819c6e0920dfd135,
2024-04-17,2024,2024-04,https://data.gdeltproject.org/gkg/20240417.gkg.csv.zip,https://data.gdeltproject.org/gkg/20240417.gkg.csv.zip,f7b31cf30553955199e9321151e16897548570477c24cdd234913468563a03e4,813ebecf08c203bbaf8251cda6e0ab1f,44428891,114958,1,8.698753468627946e-06,125429,503,500,AVAILABLE_VALID_CACHE,1,813ebecf08c203bbaf8251cda6e0ab1f,44428891,1,,1284f9141657400869b7eaef1ce7a19eb6fdf6e26e34509f819c6e0920dfd135,
2024-04-18,2024,2024-04,https://data.gdeltproject.org/gkg/20240418.gkg.csv.zip,https://data.gdeltproject.org/gkg/20240418.gkg.csv.zip,e41253b99355f7723e20a31bf8908385d68056acc7c8bb36edde1f7d3ed84bf8,43981db9c26adb03c9bab189ecb8e323,45202477,116203,1,8.605555746790128e-06,127437,503,500,AVAILABLE_VALID_CACHE,1,43981db9c26adb03c9bab189ecb8e323,45202477,1,,1284f9141657400869b7eaef1ce7a19eb6fdf6e26e34509f819c6e0920dfd135,
2024-04-19,2024,2024-04,https://data.gdeltproject.org/gkg/20240419.gkg.csv.zip,https://data.gdeltproject.org/gkg/20240419.gkg.csv.zip,0dedce416abd125328cd3f0cbbcbb9dfe6b993ed1ee515524118fc633d222b08,7b48ba234ce08ab31f1e5c1d73ae488d,42695944,109285,1,9.150302875025163e-06,120331,503,500,AVAILABLE_VALID_CACHE,1,7b48ba234ce08ab31f1e5c1d73ae488d,42695944,1,,1284f9141657400869b7eaef1ce7a19eb6fdf6e26e34509f819c6e0920dfd135,
2024-04-20,2024,2024-04,https://data.gdeltproject.org/gkg/20240420.gkg.csv.zip,https://data.gdeltproject.org/gkg/20240420.gkg.csv.zip,54dda0d06b9fb1d1fe73a0e38a61bbe6881ca8e4f231a160f5e52bfef19a047a,9bd2ff0b24052c2f7cc0e61eeae66eed,25560865,64132,1,1.5592596635117646e-05,69941,503,500,AVAILABLE_VALID_CACHE,1,9bd2ff0b24052c2f7cc0e61eeae66eed,25560865,1,,1284f9141657400869b7eaef1ce7a19eb6fdf6e26e34509f819c6e0920dfd135,
2024-04-21,2024,2024-04,https://data.gdeltproject.org/gkg/20240421.gkg.csv.zip,https://data.gdeltproject.org/gkg/20240421.gkg.csv.zip,86cbfb65d7a977a211bee6877b9d2770214174ea816f718f8a8a6ed31a16d433,bc622f990171669eb85e525814aae58e,22341140,55123,1,1.8140918656120747e-05,60095,503,500,AVAILABLE_VALID_CACHE,1,bc622f990171669eb85e525814aae58e,22341140,1,,1284f9141657400869b7eaef1ce7a19eb6fdf6e26e34509f819c6e0920dfd135,
2024-04-22,2024,2024-04,https://data.gdeltproject.org/gkg/20240422.gkg.csv.zip,https://data.gdeltproject.org/gkg/20240422.gkg.csv.zip,d51927ac090c31663cd35b704003dce0896edb35da638a471b144d9a0f267aa1,e7143dc18e6863155e1fd825185c8496,41111841,104406,1,9.577901864817493e-06,113542,503,500,AVAILABLE_VALID_CACHE,1,e7143dc18e6863155e1fd825185c8496,41111841,1,,1284f9141657400869b7eaef1ce7a19eb6fdf6e26e34509f819c6e0920dfd135,
2024-04-23,2024,2024-04,https://data.gdeltproject.org/gkg/20240423.gkg.csv.zip,https://data.gdeltproject.org/gkg/20240423.gkg.csv.zip,0053e3fd43d131c110e53953e42b5d858d76d55879ff48288265cbdbee0b0012,fd0069c3abd4f1b89f695f5b51b0554c,45252031,116267,1,8.600818797949565e-06,128309,503,500,AVAILABLE_VALID_CACHE,1,fd0069c3abd4f1b89f695f5b51b0554c,45252031,1,,1284f9141657400869b7eaef1ce7a19eb6fdf6e26e34509f819c6e0920dfd135,
2024-04-24,2024,2024-04,https://data.gdeltproject.org/gkg/20240424.gkg.csv.zip,https://data.gdeltproject.org/gkg/20240424.gkg.csv.zip,032167d7d4c283b1d2da4741d0ffe328012238107f90a9f51aee970028bc3e93,4312eca870043535dbcd23ebefedf64c,46827463,118295,1,8.45337120443633e-06,128630,503,500,AVAILABLE_VALID_CACHE,1,4312eca870043535dbcd23ebefedf64c,46827463,1,,1284f9141657400869b7eaef1ce7a19eb6fdf6e26e34509f819c6e0920dfd135,
2024-04-25,2024,2024-04,https://data.gdeltproject.org/gkg/20240425.gkg.csv.zip,https://data.gdeltproject.org/gkg/20240425.gkg.csv.zip,edbbf17f77975c48309c9b4e67d633c3c1d36e8c44b836eab9f408d2ed568270,ede230537dd8b0f223bfb3deac5c8dd4,47494511,118410,1,8.445161344807492e-06,127685,503,500,AVAILABLE_VALID_CACHE,1,ede230537dd8b0f223bfb3deac5c8dd4,47494511,1,,1284f9141657400869b7eaef1ce7a19eb6fdf6e26e34509f819c6e0920dfd135,
2024-04-26,2024,2024-04,https://data.gdeltproject.org/gkg/20240426.gkg.csv.zip,https://data.gdeltproject.org/gkg/20240426.gkg.csv.zip,bd6d075913172a842ff8d1e8fc67f0b759d073fbe0c8711ebe4fa6f0355aab8d,a8ffdbf8a7e68f84455c3d69e5926123,44221765,111335,1,8.981820794711504e-06,122082,503,500,AVAILABLE_VALID_CACHE,1,a8ffdbf8a7e68f84455c3d69e5926123,44221765,1,,1284f9141657400869b7eaef1ce7a19eb6fdf6e26e34509f819c6e0920dfd135,
2024-04-27,2024,2024-04,https://data.gdeltproject.org/gkg/20240427.gkg.csv.zip,https://data.gdeltproject.org/gkg/20240427.gkg.csv.zip,b8568fbe95249c6564ed4ca805c0a8c03355ccaa99354442146b2584473698af,7ee3fa63dfa88dc773a6988f21eb73c9,26556446,66026,1,1.5145319339058264e-05,71662,503,500,AVAILABLE_VALID_CACHE,1,7ee3fa63dfa88dc773a6988f21eb73c9,26556446,1,,1284f9141657400869b7eaef1ce7a19eb6fdf6e26e34509f819c6e0920dfd135,
2024-04-28,2024,2024-04,https://data.gdeltproject.org/gkg/20240428.gkg.csv.zip,https://data.gdeltproject.org/gkg/20240428.gkg.csv.zip,9953483657691ebfe10181e206e0ea795fb82e0667a041a61ef194eaadae0dbf,bacb3e781b46281a1bb436aacc5ae4b8,23037015,55961,1,1.7869268432150386e-05,61346,503,500,AVAILABLE_VALID_CACHE,1,bacb3e781b46281a1bb436aacc5ae4b8,23037015,1,,1284f9141657400869b7eaef1ce7a19eb6fdf6e26e34509f819c6e0920dfd135,
2024-04-29,2024,2024-04,https://data.gdeltproject.org/gkg/20240429.gkg.csv.zip,https://data.gdeltproject.org/gkg/20240429.gkg.csv.zip,e90fa048eb826e51660515b032a59c6a5906611438b4cc41b6568b37ae88043e,d42e558373e50e4bb0efb4055d944f84,40183298,102101,1,9.794127441186264e-06,111608,503,500,AVAILABLE_VALID_CACHE,1,d42e558373e50e4bb0efb4055d944f84,40183298,1,,1284f9141657400869b7eaef1ce7a19eb6fdf6e26e34509f819c6e0920dfd135,
2024-04-30,2024,2024-04,https://data.gdeltproject.org/gkg/20240430.gkg.csv.zip,https://data.gdeltproject.org/gkg/20240430.gkg.csv.zip,cefdbc491ea12009e2f5f1950b40a1f095319f9e78431cd1500382ce30d3577c,f56ea6f9ff41730591a91268a62581da,44865525,114328,1,8.746687192225945e-06,124111,503,500,AVAILABLE_VALID_CACHE,1,f56ea6f9ff41730591a91268a62581da,44865525,1,,1284f9141657400869b7eaef1ce7a19eb6fdf6e26e34509f819c6e0920dfd135,
2024-05-01,2024,2024-05,https://data.gdeltproject.org/gkg/20240501.gkg.csv.zip,https://data.gdeltproject.org/gkg/20240501.gkg.csv.zip,fa59728aa48f19fc4a032b258c90ea5b5300f960510990f6aace5f6ca6acc9eb,6e8be2b2009264cfc6118e942620cf49,44069129,110404,1,9.057560798876863e-06,121199,503,500,AVAILABLE_VALID_CACHE,1,6e8be2b2009264cfc6118e942620cf49,44069129,1,,1284f9141657400869b7eaef1ce7a19eb6fdf6e26e34509f819c6e0920dfd135,
2024-05-02,2024,2024-05,https://data.gdeltproject.org/gkg/20240502.gkg.csv.zip,https://data.gdeltproject.org/gkg/20240502.gkg.csv.zip,58715a1f8a7dcea223072e3fb3255b217542a528cb724edb209a72e165f112bc,3f870f65f31acc1f63914fdd29ec4c10,46979444,117340,1,8.522170426364186e-06,126647,503,500,AVAILABLE_VALID_CACHE,1,3f870f65f31acc1f63914fdd29ec4c10,46979444,1,,1284f9141657400869b7eaef1ce7a19eb6fdf6e26e34509f819c6e0920dfd135,
2024-05-03,2024,2024-05,https://data.gdeltproject.org/gkg/20240503.gkg.csv.zip,https://data.gdeltproject.org/gkg/20240503.gkg.csv.zip,e42303698941a16f588249113fcce954971f57ae286249ad5af7aea6add8337a,330cd838afa2ec00c1e819f84e9974f9,42396038,105548,1,9.474272612720158e-06,116705,503,500,AVAILABLE_VALID_CACHE,1,330cd838afa2ec00c1e819f84e9974f9,42396038,1,,1284f9141657400869b7eaef1ce7a19eb6fdf6e26e34509f819c6e0920dfd135,
2024-05-04,2024,2024-05,https://data.gdeltproject.org/gkg/20240504.gkg.csv.zip,https://data.gdeltproject.org/gkg/20240504.gkg.csv.zip,c530deec1b8f715c4c03447d8848a5047be27e0d15f0349d2ef49f6109f2c550,fad514b2108aaa8d2b11d2e13baae0e4,25470021,63513,1,1.5744560254432094e-05,70168,503,500,AVAILABLE_VALID_CACHE,1,fad514b2108aaa8d2b11d2e13baae0e4,25470021,1,,1284f9141657400869b7eaef1ce7a19eb6fdf6e26e34509f819c6e0920dfd135,
2024-05-05,2024,2024-05,https://data.gdeltproject.org/gkg/20240505.gkg.csv.zip,https://data.gdeltproject.org/gkg/20240505.gkg.csv.zip,b41ab621a344db9ebbc1d2e567b0278407d75109851bbf36c37c5275e94e2c8a,bb7c456e24a2ea317b2db3fab6996beb,23070902,56439,1,1.771793054571226e-05,61783,503,500,AVAILABLE_VALID_CACHE,1,bb7c456e24a2ea317b2db3fab6996beb,23070902,1,,1284f9141657400869b7eaef1ce7a19eb6fdf6e26e34509f819c6e0920dfd135,
2024-05-06,2024,2024-05,https://data.gdeltproject.org/gkg/20240506.gkg.csv.zip,https://data.gdeltproject.org/gkg/20240506.gkg.csv.zip,40616585818bd8823076ba3b235e65b66ad1455e6395e7bcf7c1fd954cc63a3d,8340d98fa99312cb0ffd112315f37862,38509259,95139,1,1.0510826150935463e-05,105688,503,500,AVAILABLE_VALID_CACHE,1,8340d98fa99312cb0ffd112315f37862,38509259,1,,1284f9141657400869b7eaef1ce7a19eb6fdf6e26e34509f819c6e0920dfd135,
2024-05-07,2024,2024-05,https://data.gdeltproject.org/gkg/20240507.gkg.csv.zip,https://data.gdeltproject.org/gkg/20240507.gkg.csv.zip,8826923511a4b46119f32238fd4e4599226a190400c4f7b9fbce53170118cb57,c1b5ffe37ba47ffd0f96e77cabfa3340,45051837,114863,1,8.705947903607744e-06,126507,503,500,AVAILABLE_VALID_CACHE,1,c1b5ffe37ba47ffd0f96e77cabfa3340,45051837,1,,1284f9141657400869b7eaef1ce7a19eb6fdf6e26e34509f819c6e0920dfd135,
2024-05-08,2024,2024-05,https://data.gdeltproject.org/gkg/20240508.gkg.csv.zip,https://data.gdeltproject.org/gkg/20240508.gkg.csv.zip,3f5b1cab592950d2d9abf1380a005b2f2bffbb410be95f28ab89422b0b012623,a4ab54dba7fff7323d95b88f3b377b21,44616513,114302,1,8.74867676263965e-06,125285,503,500,AVAILABLE_VALID_CACHE,1,a4ab54dba7fff7323d95b88f3b377b21,44616513,1,,1284f9141657400869b7eaef1ce7a19eb6fdf6e26e34509f819c6e0920dfd135,
2024-05-09,2024,2024-05,https://data.gdeltproject.org/gkg/20240509.gkg.csv.zip,https://data.gdeltproject.org/gkg/20240509.gkg.csv.zip,bb4a4fa4edadb6db76838c7fe8f55896ab777eb13057715605fbaebb5d487645,cbba62bab273e2423078a582be849975,45355928,115307,1,8.672425156970896e-06,126753,503,500,AVAILABLE_VALID_CACHE,1,cbba62bab273e2423078a582be849975,45355928,1,,1284f9141657400869b7eaef1ce7a19eb6fdf6e26e34509f819c6e0920dfd135,
2024-05-10,2024,2024-05,https://data.gdeltproject.org/gkg/20240510.gkg.csv.zip,https://data.gdeltproject.org/gkg/20240510.gkg.csv.zip,5d94dcee7a2817810ab594b608ebcf3addeb386a63e0d367f8c35c085672bcc2,651443430397ef423bc8fb9b7d3264b1,41524511,107097,1,9.337242525537358e-06,117942,503,500,AVAILABLE_VALID_CACHE,1,651443430397ef423bc8fb9b7d3264b1,41524511,1,,1284f9141657400869b7eaef1ce7a19eb6fdf6e26e34509f819c6e0920dfd135,
2024-05-11,2024,2024-05,https://data.gdeltproject.org/gkg/20240511.gkg.csv.zip,https://data.gdeltproject.org/gkg/20240511.gkg.csv.zip,ea8359a593138b51e6b3fea70e03daf8d76fb114d2d903e6827e26a877b1ce2f,1af378ad19f8f9480fb10932809fcb64,25111893,63821,1,1.566857823321112e-05,70717,503,500,AVAILABLE_VALID_CACHE,1,1af378ad19f8f9480fb10932809fcb64,25111893,1,,1284f9141657400869b7eaef1ce7a19eb6fdf6e26e34509f819c6e0920dfd135,
2024-05-12,2024,2024-05,https://data.gdeltproject.org/gkg/20240512.gkg.csv.zip,https://data.gdeltproject.org/gkg/20240512.gkg.csv.zip,31400bceb647a032c920d9b135d5555f88033689353f4f2ff96187478f4a0ef2,cc4c5de3f4b230a0ae9e1c40318ce676,21477492,53557,1,1.8671346950969044e-05,59095,503,500,AVAILABLE_VALID_CACHE,1,cc4c5de3f4b230a0ae9e1c40318ce676,21477492,1,,1284f9141657400869b7eaef1ce7a19eb6fdf6e26e34509f819c6e0920dfd135,
2024-05-13,2024,2024-05,https://data.gdeltproject.org/gkg/20240513.gkg.csv.zip,https://data.gdeltproject.org/gkg/20240513.gkg.csv.zip,6377d23c472f4a656032657f07a17b97249980b3c954f45dc329e699163b8802,dc724652a87b7604d30e1f852ab606ce,38103192,97255,1,1.0282141975816402e-05,108028,503,500,AVAILABLE_VALID_CACHE,1,dc724652a87b7604d30e1f852ab606ce,38103192,1,,1284f9141657400869b7eaef1ce7a19eb6fdf6e26e34509f819c6e0920dfd135,
2024-05-14,2024,2024-05,https://data.gdeltproject.org/gkg/20240514.gkg.csv.zip,https://data.gdeltproject.org/gkg/20240514.gkg.csv.zip,6f701a58517c161b6333400f1beb561d7267e1337e54eb9f3b54b46c47e51ce7,4b3047e589d80fb2f700e882934403c4,43833741,112415,1,8.895530885283234e-06,124644,503,500,AVAILABLE_VALID_CACHE,1,4b3047e589d80fb2f700e882934403c4,43833741,1,,1284f9141657400869b7eaef1ce7a19eb6fdf6e26e34509f819c6e0920dfd135,
2024-05-15,2024,2024-05,https://data.gdeltproject.org/gkg/20240515.gkg.csv.zip,https://data.gdeltproject.org/gkg/20240515.gkg.csv.zip,021e0b59217c4a6d505077227eb69dac84df39b1b7853ab38428cb3ad0025308,0daa86b1b7d161b3997163ef6c7463a5,45407899,116326,1,8.596456540613958e-06,128527,503,500,AVAILABLE_VALID_CACHE,1,0daa86b1b7d161b3997163ef6c7463a5,45407899,1,,1284f9141657400869b7eaef1ce7a19eb6fdf6e26e34509f819c6e0920dfd135,
2024-05-16,2024,2024-05,https://data.gdeltproject.org/gkg/20240516.gkg.csv.zip,https://data.gdeltproject.org/gkg/20240516.gkg.csv.zip,aaa2d67b3c1f2097495161ed9a7e8f32158fe14d3bb7de747ea85341fb73e739,3ba7fbfa50693e42dcedae01aae2eb3e,44073600,111944,1,8.93295814909107e-06,122962,503,500,AVAILABLE_VALID_CACHE,1,3ba7fbfa50693e42dcedae01aae2eb3e,44073600,1,,1284f9141657400869b7eaef1ce7a19eb6fdf6e26e34509f819c6e0920dfd135,
2024-05-17,2024,2024-05,https://data.gdeltproject.org/gkg/20240517.gkg.csv.zip,https://data.gdeltproject.org/gkg/20240517.gkg.csv.zip,a3b25415992608732f0ae2cacb4b16f32bae0c181c37a7b8b95118ea4b8d4112,e38f8a00756ebd2daa5ba07f5cd208f4,42174369,107381,1,9.3125477268071e-06,118552,503,500,AVAILABLE_VALID_CACHE,1,e38f8a00756ebd2daa5ba07f5cd208f4,42174369,1,,1284f9141657400869b7eaef1ce7a19eb6fdf6e26e34509f819c6e0920dfd135,
2024-05-18,2024,2024-05,https://data.gdeltproject.org/gkg/20240518.gkg.csv.zip,https://data.gdeltproject.org/gkg/20240518.gkg.csv.zip,4a00617b97dd133bba0fdbb1c3d3fac9f833701e6c4fa63836647b5becba54cf,5cb1903f3f5afbcf032c97113eb5c993,24278910,60253,1,1.6596408537192552e-05,65620,503,500,AVAILABLE_VALID_CACHE,1,5cb1903f3f5afbcf032c97113eb5c993,24278910,1,,1284f9141657400869b7eaef1ce7a19eb6fdf6e26e34509f819c6e0920dfd135,
2024-05-19,2024,2024-05,https://data.gdeltproject.org/gkg/20240519.gkg.csv.zip,https://data.gdeltproject.org/gkg/20240519.gkg.csv.zip,e13bd927bd0b1ba0eb1e656d7313d6e8ce13c2c10e92a8c3bf7fb338728e6ca9,29a3d5fb1f1716beb6d7fa6186cd248f,21850262,53012,1,1.8863297681700716e-05,58606,503,500,AVAILABLE_VALID_CACHE,1,29a3d5fb1f1716beb6d7fa6186cd248f,21850262,1,,1284f9141657400869b7eaef1ce7a19eb6fdf6e26e34509f819c6e0920dfd135,
2024-05-20,2024,2024-05,https://data.gdeltproject.org/gkg/20240520.gkg.csv.zip,https://data.gdeltproject.org/gkg/20240520.gkg.csv.zip,506488e750b16401514e36e5b6b8adcb65395b618da7325a8c16a81e98703636,0d81e438f917e667a35cabded334f359,39582143,98828,1,1.011848748849022e-05,109322,503,500,AVAILABLE_VALID_CACHE,1,0d81e438f917e667a35cabded334f359,39582143,1,,1284f9141657400869b7eaef1ce7a19eb6fdf6e26e34509f819c6e0920dfd135,
2024-05-21,2024,2024-05,https://data.gdeltproject.org/gkg/20240521.gkg.csv.zip,https://data.gdeltproject.org/gkg/20240521.gkg.csv.zip,36979210119a24553064813560428629f040835476b03c1644b90769ba7717c1,cf9f60a881e74d004e80569a61ef32a7,43033553,108252,1,9.237619280758963e-06,119494,503,500,AVAILABLE_VALID_CACHE,1,cf9f60a881e74d004e80569a61ef32a7,43033553,1,,1284f9141657400869b7eaef1ce7a19eb6fdf6e26e34509f819c6e0920dfd135,
2024-05-22,2024,2024-05,https://data.gdeltproject.org/gkg/20240522.gkg.csv.zip,https://data.gdeltproject.org/gkg/20240522.gkg.csv.zip,34ee55e2fe552feff1410d0f8a248d9bcc4ada6df2bf41f4f519763d3e754af9,9d3e40dec2b21caecd77418396ec54ce,45058006,113425,1,8.816320773015006e-06,126042,503,500,AVAILABLE_VALID_CACHE,1,9d3e40dec2b21caecd77418396ec54ce,45058006,1,,1284f9141657400869b7eaef1ce7a19eb6fdf6e26e34509f819c6e0920dfd135,
2024-05-23,2024,2024-05,https://data.gdeltproject.org/gkg/20240523.gkg.csv.zip,https://data.gdeltproject.org/gkg/20240523.gkg.csv.zip,5e200b4ba2c33388b54beeca782e261ccb33dc368aa919e5499e4e3409367184,b8308af2e6f378096c4b28f8b92a8c71,43433544,111463,1,8.971506495370702e-06,123435,503,500,AVAILABLE_VALID_CACHE,1,b8308af2e6f378096c4b28f8b92a8c71,43433544,1,,1284f9141657400869b7eaef1ce7a19eb6fdf6e26e34509f819c6e0920dfd135,
2024-05-24,2024,2024-05,https://data.gdeltproject.org/gkg/20240524.gkg.csv.zip,https://data.gdeltproject.org/gkg/20240524.gkg.csv.zip,07f22094582e53cc9a771463e06a021453318b25e01dd6d4412d3bdfbe91dccd,af31089b4c1dd07146dd498e4efb070f,40573490,103884,1,9.626028781826058e-06,115435,503,500,AVAILABLE_VALID_CACHE,1,af31089b4c1dd07146dd498e4efb070f,40573490,1,,1284f9141657400869b7eaef1ce7a19eb6fdf6e26e34509f819c6e0920dfd135,
2024-05-25,2024,2024-05,https://data.gdeltproject.org/gkg/20240525.gkg.csv.zip,https://data.gdeltproject.org/gkg/20240525.gkg.csv.zip,4aa861c0b2482d902756962db9150d64d3d7b954cb4ecc44eb5432b5df0e2300,d44e0d143ed5e3b3ca6e5eb518c8e43d,24135988,61431,1,1.6278161218908712e-05,67639,503,500,AVAILABLE_VALID_CACHE,1,d44e0d143ed5e3b3ca6e5eb518c8e43d,24135988,1,,1284f9141657400869b7eaef1ce7a19eb6fdf6e26e34509f819c6e0920dfd135,
2024-05-26,2024,2024-05,https://data.gdeltproject.org/gkg/20240526.gkg.csv.zip,https://data.gdeltproject.org/gkg/20240526.gkg.csv.zip,97d5dafad84001c3e2b3693d06b154f23dbb5a0990a095c138acee24e2480c1d,be4736faf415c218b13a898ebcfc7b6a,22921333,56719,1,1.7630465444287728e-05,62804,503,500,AVAILABLE_VALID_CACHE,1,be4736faf415c218b13a898ebcfc7b6a,22921333,1,,1284f9141657400869b7eaef1ce7a19eb6fdf6e26e34509f819c6e0920dfd135,
2024-05-27,2024,2024-05,https://data.gdeltproject.org/gkg/20240527.gkg.csv.zip,https://data.gdeltproject.org/gkg/20240527.gkg.csv.zip,08df4e3b7779eee7df0621f44e7941e23654f060b3ebd1d6885a3eb43eb957e1,d31ae1303a9cf59f344d20a375d61071,31276450,77697,1,1.2870344153002651e-05,86921,503,500,AVAILABLE_VALID_CACHE,1,d31ae1303a9cf59f344d20a375d61071,31276450,1,,1284f9141657400869b7eaef1ce7a19eb6fdf6e26e34509f819c6e0920dfd135,
2024-05-28,2024,2024-05,https://data.gdeltproject.org/gkg/20240528.gkg.csv.zip,https://data.gdeltproject.org/gkg/20240528.gkg.csv.zip,84832ee83d9e5c1a9643c9782070cbf43b5cd4b7f9b0b93a025b1006c1e30151,d13f87475bbc17eae6874a866ca4021c,40256182,102567,1,9.749629514078465e-06,113789,503,500,AVAILABLE_VALID_CACHE,1,d13f87475bbc17eae6874a866ca4021c,40256182,1,,1284f9141657400869b7eaef1ce7a19eb6fdf6e26e34509f819c6e0920dfd135,
2024-05-29,2024,2024-05,https://data.gdeltproject.org/gkg/20240529.gkg.csv.zip,https://data.gdeltproject.org/gkg/20240529.gkg.csv.zip,97647529ee5181fb9ece7e4d2b495e0f7d2c237952bb8b4077e2ed4cd83a243e,14b67dc48c399c7293fa51843802e471,43513167,112380,1,8.898301314279104e-06,123157,503,500,AVAILABLE_VALID_CACHE,1,14b67dc48c399c7293fa51843802e471,43513167,1,,1284f9141657400869b7eaef1ce7a19eb6fdf6e26e34509f819c6e0920dfd135,
2024-05-30,2024,2024-05,https://data.gdeltproject.org/gkg/20240530.gkg.csv.zip,https://data.gdeltproject.org/gkg/20240530.gkg.csv.zip,861890aeaf62ea922ee8ef52e7fafccc0f4dd6364615882aaf5f4c4101d788a3,da106a1aed53eb3f0f533fa37f9932f2,43885431,113900,1,8.779554174239032e-06,125521,503,500,AVAILABLE_VALID_CACHE,1,da106a1aed53eb3f0f533fa37f9932f2,43885431,1,,1284f9141657400869b7eaef1ce7a19eb6fdf6e26e34509f819c6e0920dfd135,
2024-05-31,2024,2024-05,https://data.gdeltproject.org/gkg/20240531.gkg.csv.zip,https://data.gdeltproject.org/gkg/20240531.gkg.csv.zip,5534d0c70cce10e4698172ea21b19f857b28f974ac033e83cb78a1c70d780aae,9b7e1219db728c3d25c063275d26ea11,44263551,112060,1,8.923711193010949e-06,124023,503,500,AVAILABLE_VALID_CACHE,1,9b7e1219db728c3d25c063275d26ea11,44263551,1,,1284f9141657400869b7eaef1ce7a19eb6fdf6e26e34509f819c6e0920dfd135,
2024-06-01,2024,2024-06,https://data.gdeltproject.org/gkg/20240601.gkg.csv.zip,https://data.gdeltproject.org/gkg/20240601.gkg.csv.zip,3cca29f9b629f193a57332efb77c47feffa80a69fbc73c318f7db8d4322620df,3182dbed34cb89b45a3d8ff7a5e7ad55,25857473,66233,1,1.5097985928677114e-05,72478,503,500,AVAILABLE_VALID_CACHE,1,3182dbed34cb89b45a3d8ff7a5e7ad55,25857473,1,,1284f9141657400869b7eaef1ce7a19eb6fdf6e26e34509f819c6e0920dfd135,
2024-06-02,2024,2024-06,https://data.gdeltproject.org/gkg/20240602.gkg.csv.zip,https://data.gdeltproject.org/gkg/20240602.gkg.csv.zip,5fd800127bc48509c1763a7397058bed76a2c919dffa8ebe86dde3b1b8e28693,9307773d00aa0fdd04cfe375f7092346,21396250,54343,1,1.8401295451199766e-05,59439,503,500,AVAILABLE_VALID_CACHE,1,9307773d00aa0fdd04cfe375f7092346,21396250,1,,1284f9141657400869b7eaef1ce7a19eb6fdf6e26e34509f819c6e0920dfd135,
2024-06-03,2024,2024-06,https://data.gdeltproject.org/gkg/20240603.gkg.csv.zip,https://data.gdeltproject.org/gkg/20240603.gkg.csv.zip,d3d6bf83675c35e3e6f944aaadbe7dea979dfb2d65985850e61366bd18fc7461,0723a929481b8e075807274092fb50c7,38339648,98714,1,1.0130172719444866e-05,109605,503,500,AVAILABLE_VALID_CACHE,1,0723a929481b8e075807274092fb50c7,38339648,1,,1284f9141657400869b7eaef1ce7a19eb6fdf6e26e34509f819c6e0920dfd135,
2024-06-04,2024,2024-06,https://data.gdeltproject.org/gkg/20240604.gkg.csv.zip,https://data.gdeltproject.org/gkg/20240604.gkg.csv.zip,eb073ef7bf7974e246746101b01b4b36cd39379dc7baa8238bcaa9151a2f72a3,37157e44bd77b41fc03198eedd5636f7,42956508,109729,1,9.113278046113186e-06,122267,503,500,AVAILABLE_VALID_CACHE,1,37157e44bd77b41fc03198eedd5636f7,42956508,1,,1284f9141657400869b7eaef1ce7a19eb6fdf6e26e34509f819c6e0920dfd135,
2024-06-05,2024,2024-06,https://data.gdeltproject.org/gkg/20240605.gkg.csv.zip,https://data.gdeltproject.org/gkg/20240605.gkg.csv.zip,5f2ad52fd530d7272046b0a69dc3841a10e29ef34ddfefb59d3cd1448d07c6e5,da89081ee1cf0a64b684b22e80c03cd3,44344165,113680,1,8.79654471723507e-06,124440,503,500,AVAILABLE_VALID_CACHE,1,da89081ee1cf0a64b684b22e80c03cd3,44344165,1,,1284f9141657400869b7eaef1ce7a19eb6fdf6e26e34509f819c6e0920dfd135,
2024-06-06,2024,2024-06,https://data.gdeltproject.org/gkg/20240606.gkg.csv.zip,https://data.gdeltproject.org/gkg/20240606.gkg.csv.zip,afbcbfd7e2fdcfc6092cd0d8f2d01a5723a7862314fdc57ecbb4a7da7d31c9f3,a3abcbc0f5139a2f7b5a63fde1037c6e,45422948,114221,1,8.754880846071685e-06,125607,503,500,AVAILABLE_VALID_CACHE,1,a3abcbc0f5139a2f7b5a63fde1037c6e,45422948,1,,1284f9141657400869b7eaef1ce7a19eb6fdf6e26e34509f819c6e0920dfd135,
2024-06-07,2024,2024-06,https://data.gdeltproject.org/gkg/20240607.gkg.csv.zip,https://data.gdeltproject.org/gkg/20240607.gkg.csv.zip,c1e4b74b40d2c8dc5a72c48039b6cffdc4061327abf5b234b4f36da0a69b18d6,4ee01266daf2626b4742c9da2bfe76a6,41289342,106177,1,9.418146885418825e-06,116818,503,500,AVAILABLE_VALID_CACHE,1,4ee01266daf2626b4742c9da2bfe76a6,41289342,1,,1284f9141657400869b7eaef1ce7a19eb6fdf6e26e34509f819c6e0920dfd135,
2024-06-08,2024,2024-06,https://data.gdeltproject.org/gkg/20240608.gkg.csv.zip,https://data.gdeltproject.org/gkg/20240608.gkg.csv.zip,05c591add4bfe7afe437cd8b9cceab257abc3e5d13518b8eff5f6e99f9939f1a,6d451b486a4b3d96cbf6e5621c8bf9fa,25633176,63061,1,1.5857410167771398e-05,68779,503,500,AVAILABLE_VALID_CACHE,1,6d451b486a4b3d96cbf6e5621c8bf9fa,25633176,1,,1284f9141657400869b7eaef1ce7a19eb6fdf6e26e34509f819c6e0920dfd135,
2024-06-09,2024,2024-06,https://data.gdeltproject.org/gkg/20240609.gkg.csv.zip,https://data.gdeltproject.org/gkg/20240609.gkg.csv.zip,45e822b6bcb0b7c7d9a8f8d0a8edf4a65b4ef3a36116faffde64432d49dc3c20,94e7f7022c21a1cb9ec1a458a2687f3c,23086598,56071,1,1.7834213154515623e-05,61363,503,500,AVAILABLE_VALID_CACHE,1,94e7f7022c21a1cb9ec1a458a2687f3c,23086598,1,,1284f9141657400869b7eaef1ce7a19eb6fdf6e26e34509f819c6e0920dfd135,
2024-06-10,2024,2024-06,https://data.gdeltproject.org/gkg/20240610.gkg.csv.zip,https://data.gdeltproject.org/gkg/20240610.gkg.csv.zip,d7708e46cba1047ed37efed76b46ed2b85bafd5ac3fd867ea13f01fbcf1c9b2c,751462fe159db0348307cb79d51e4165,37773132,95988,1,1.0417860379835189e-05,105375,503,500,AVAILABLE_VALID_CACHE,1,751462fe159db0348307cb79d51e4165,37773132,1,,1284f9141657400869b7eaef1ce7a19eb6fdf6e26e34509f819c6e0920dfd135,
2024-06-11,2024,2024-06,https://data.gdeltproject.org/gkg/20240611.gkg.csv.zip,https://data.gdeltproject.org/gkg/20240611.gkg.csv.zip,41bcc593af8970feecb961b8ed78e2f905f12a2e7edeef1f4f8e2a3ac1016811,92331cc75922eb790eaf50a19d211c6e,42579960,109220,1,9.155748436655954e-06,122709,503,500,AVAILABLE_VALID_CACHE,1,92331cc75922eb790eaf50a19d211c6e,42579960,1,,1284f9141657400869b7eaef1ce7a19eb6fdf6e26e34509f819c6e0920dfd135,
2024-06-12,2024,2024-06,https://data.gdeltproject.org/gkg/20240612.gkg.csv.zip,https://data.gdeltproject.org/gkg/20240612.gkg.csv.zip,94a6cb7d7f987eb3ac3c5e4b516012e5f7852accf57539a9ea5187d4173bb235,e21ba350d293a66bfb8d353f749e4414,43334605,111483,1,8.969897025582147e-06,123332,503,500,AVAILABLE_VALID_CACHE,1,e21ba350d293a66bfb8d353f749e4414,43334605,1,,1284f9141657400869b7eaef1ce7a19eb6fdf6e26e34509f819c6e0920dfd135,
2024-06-13,2024,2024-06,https://data.gdeltproject.org/gkg/20240613.gkg.csv.zip,https://data.gdeltproject.org/gkg/20240613.gkg.csv.zip,dd98ac3b4522b4136709c44f0ad08d6a18115016b15c9db797e69049ca7e2245,cd9505688f728301226430f0934da853,43763322,112120,1,8.918935792581229e-06,123579,503,500,AVAILABLE_VALID_CACHE,1,cd9505688f728301226430f0934da853,43763322,1,,1284f9141657400869b7eaef1ce7a19eb6fdf6e26e34509f819c6e0920dfd135,
2024-06-14,2024,2024-06,https://data.gdeltproject.org/gkg/20240614.gkg.csv.zip,https://data.gdeltproject.org/gkg/20240614.gkg.csv.zip,6b62b57815846295befac24c9029a50f194e5529893a8fd327f3f0c2bfa1de60,212abdd1775be8d00840fc521193b756,41791916,106772,1,9.365663604094668e-06,118078,503,500,AVAILABLE_VALID_CACHE,1,212abdd1775be8d00840fc521193b756,41791916,1,,1284f9141657400869b7eaef1ce7a19eb6fdf6e26e34509f819c6e0920dfd135,
2024-06-15,2024,2024-06,https://data.gdeltproject.org/gkg/20240615.gkg.csv.zip,https://data.gdeltproject.org/gkg/20240615.gkg.csv.zip,c6c0ae8b44d17012fdf91cce7497fb1d48fe6b2400ae00f62960e81ff17f0c43,29770011e7e145f32db7fa987bb72bb8,26682436,66826,1,1.4964011552216919e-05,73595,503,500,AVAILABLE_VALID_CACHE,1,29770011e7e145f32db7fa987bb72bb8,26682436,1,,1284f9141657400869b7eaef1ce7a19eb6fdf6e26e34509f819c6e0920dfd135,
2024-06-16,2024,2024-06,https://data.gdeltproject.org/gkg/20240616.gkg.csv.zip,https://data.gdeltproject.org/gkg/20240616.gkg.csv.zip,080d67e55cc8c6377b042769e005919899975dd0fefa9563b6afed57b37bdeb1,a34f42e6dd98e576047540480982911b,23230516,58288,1,1.7155895623531028e-05,64421,503,500,AVAILABLE_VALID_CACHE,1,a34f42e6dd98e576047540480982911b,23230516,1,,1284f9141657400869b7eaef1ce7a19eb6fdf6e26e34509f819c6e0920dfd135,
2024-06-17,2024,2024-06,https://data.gdeltproject.org/gkg/20240617.gkg.csv.zip,https://data.gdeltproject.org/gkg/20240617.gkg.csv.zip,647644cfcc60f1c2920bd1e3eeea4d01f5b973d33e0a6d5389e04f4ac001dafe,f965b9c74c9df9a52a4dd9830e62cfcf,37637971,97030,1,1.0305984685306758e-05,108834,503,500,AVAILABLE_VALID_CACHE,1,f965b9c74c9df9a52a4dd9830e62cfcf,37637971,1,,1284f9141657400869b7eaef1ce7a19eb6fdf6e26e34509f819c6e0920dfd135,
2024-06-18,2024,2024-06,https://data.gdeltproject.org/gkg/20240618.gkg.csv.zip,https://data.gdeltproject.org/gkg/20240618.gkg.csv.zip,488ffc6d81a44cdb88320e898e1bca4431e1c15f3b61dea8910bc82d301852cd,abba59e5fc0f8e6353e010f4c546ccca,42297126,110703,1,9.033097268391387e-06,122757,503,500,AVAILABLE_VALID_CACHE,1,abba59e5fc0f8e6353e010f4c546ccca,42297126,1,,1284f9141657400869b7eaef1ce7a19eb6fdf6e26e34509f819c6e0920dfd135,
2024-06-19,2024,2024-06,https://data.gdeltproject.org/gkg/20240619.gkg.csv.zip,https://data.gdeltproject.org/gkg/20240619.gkg.csv.zip,81efd58d66995411ca190b348cd531f2f0efd78efaa85075f035f047e55e1541,e6676db8bfb2fa10a3630ff7f057d3e4,40623037,103752,1,9.638275519744008e-06,113899,503,500,AVAILABLE_VALID_CACHE,1,e6676db8bfb2fa10a3630ff7f057d3e4,40623037,1,,1284f9141657400869b7eaef1ce7a19eb6fdf6e26e34509f819c6e0920dfd135,
2024-06-20,2024,2024-06,https://data.gdeltproject.org/gkg/20240620.gkg.csv.zip,https://data.gdeltproject.org/gkg/20240620.gkg.csv.zip,6b59130fc59921fa5124952e30311644fc3393605050bcd5db64e817368d38ee,9c6c68557623261b88b408fbb05bcef0,42511946,110212,1,9.073339805649062e-06,122422,503,500,AVAILABLE_VALID_CACHE,1,9c6c68557623261b88b408fbb05bcef0,42511946,1,,1284f9141657400869b7eaef1ce7a19eb6fdf6e26e34509f819c6e0920dfd135,
2024-06-21,2024,2024-06,https://data.gdeltproject.org/gkg/20240621.gkg.csv.zip,https://data.gdeltproject.org/gkg/20240621.gkg.csv.zip,a6c3f55631e612481cff0a6f6a0c1ae4ccf2d1d209aa606418ff19e147dfa279,aff6e9848dcb8706cd1dc9ce8691b827,40718569,105167,1,9.508595770576601e-06,118833,503,500,AVAILABLE_VALID_CACHE,1,aff6e9848dcb8706cd1dc9ce8691b827,40718569,1,,1284f9141657400869b7eaef1ce7a19eb6fdf6e26e34509f819c6e0920dfd135,
2024-06-22,2024,2024-06,https://data.gdeltproject.org/gkg/20240622.gkg.csv.zip,https://data.gdeltproject.org/gkg/20240622.gkg.csv.zip,dac530bcb17b26531d71591620519c0ab29b31c4e5d90adaa3de2aadf9b2ec62,c75123cc3d9040c2bfc6ccc070149c18,23763597,60782,1,1.6451968478028397e-05,67245,503,500,AVAILABLE_VALID_CACHE,1,c75123cc3d9040c2bfc6ccc070149c18,23763597,1,,1284f9141657400869b7eaef1ce7a19eb6fdf6e26e34509f819c6e0920dfd135,
2024-06-23,2024,2024-06,https://data.gdeltproject.org/gkg/20240623.gkg.csv.zip,https://data.gdeltproject.org/gkg/20240623.gkg.csv.zip,5f2b878206ba8e96c7fac91efa51c489fea4fe2ebcb28bd184656c254a428ac3,54edb23d0d67831ed8f3ee02abd30de7,20961941,52586,1,1.901610664232605e-05,58115,503,500,AVAILABLE_VALID_CACHE,1,54edb23d0d67831ed8f3ee02abd30de7,20961941,1,,1284f9141657400869b7eaef1ce7a19eb6fdf6e26e34509f819c6e0920dfd135,
2024-06-24,2024,2024-06,https://data.gdeltproject.org/gkg/20240624.gkg.csv.zip,https://data.gdeltproject.org/gkg/20240624.gkg.csv.zip,cbe147bf729bfdd5f1b272f5f7f21c11bfb666980142e8ace6c44cfd8e31259e,6d669c0fed287cd46a3e8fd33b464925,38043712,98119,1,1.019160211985324e-05,110019,503,500,AVAILABLE_VALID_CACHE,1,6d669c0fed287cd46a3e8fd33b464925,38043712,1,,1284f9141657400869b7eaef1ce7a19eb6fdf6e26e34509f819c6e0920dfd135,
2024-06-25,2024,2024-06,https://data.gdeltproject.org/gkg/20240625.gkg.csv.zip,https://data.gdeltproject.org/gkg/20240625.gkg.csv.zip,e2863413d7e31b532367be83961c09076ccd72a8de1c184cfffacc816be19a6a,23eafca47a6f9d1660a6404c7e884e49,44416056,112204,1,8.9122588119959e-06,122813,503,500,AVAILABLE_VALID_CACHE,1,23eafca47a6f9d1660a6404c7e884e49,44416056,1,,1284f9141657400869b7eaef1ce7a19eb6fdf6e26e34509f819c6e0920dfd135,
2024-06-26,2024,2024-06,https://data.gdeltproject.org/gkg/20240626.gkg.csv.zip,https://data.gdeltproject.org/gkg/20240626.gkg.csv.zip,da3827890dde59bd1f86e22cf7ac332b231f914850feb0cdab83bd126f67d22f,0fd04480bb37c660ce3dde1f9d0888b6,44858118,114602,1,8.725775066970323e-06,125959,503,500,AVAILABLE_VALID_CACHE,1,0fd04480bb37c660ce3dde1f9d0888b6,44858118,1,,1284f9141657400869b7eaef1ce7a19eb6fdf6e26e34509f819c6e0920dfd135,
2024-06-27,2024,2024-06,https://data.gdeltproject.org/gkg/20240627.gkg.csv.zip,https://data.gdeltproject.org/gkg/20240627.gkg.csv.zip,d0002626179a8fc897d14851b75a123d8f2959be1a3f74994ba23ff1b79b4f1c,c078ab051bfe8ce337ff89e43cc45917,43746504,112828,1,8.86296962660309e-06,124601,503,500,AVAILABLE_VALID_CACHE,1,c078ab051bfe8ce337ff89e43cc45917,43746504,1,,1284f9141657400869b7eaef1ce7a19eb6fdf6e26e34509f819c6e0920dfd135,
2024-06-28,2024,2024-06,https://data.gdeltproject.org/gkg/20240628.gkg.csv.zip,https://data.gdeltproject.org/gkg/20240628.gkg.csv.zip,20311f6927ecf4164273ffeba12cf2bcb42d3ae1f9a995aed64e68619e9f3776,4f72642be4f604da284e049e59d63bc8,43288151,110912,1,9.016075662906963e-06,121634,503,500,AVAILABLE_VALID_CACHE,1,4f72642be4f604da284e049e59d63bc8,43288151,1,,1284f9141657400869b7eaef1ce7a19eb6fdf6e26e34509f819c6e0920dfd135,
2024-06-29,2024,2024-06,https://data.gdeltproject.org/gkg/20240629.gkg.csv.zip,https://data.gdeltproject.org/gkg/20240629.gkg.csv.zip,21fd1e00fbe2114e9ec122dddf42a909a4f97436cda54e979b78a12246b05122,cce18b6b9307230b0f53d8f6ce780408,24181473,62123,1,1.6096838580902712e-05,67363,503,500,AVAILABLE_VALID_CACHE,1,cce18b6b9307230b0f53d8f6ce780408,24181473,1,,1284f9141657400869b7eaef1ce7a19eb6fdf6e26e34509f819c6e0920dfd135,
2024-06-30,2024,2024-06,https://data.gdeltproject.org/gkg/20240630.gkg.csv.zip,https://data.gdeltproject.org/gkg/20240630.gkg.csv.zip,02989db601fb6c63ae3e662a7324b7b249dbbf272dd8f1dc9c253a817ad67213,7f5fe7e3b66ce76bf83b20a4d947b6ce,20788798,53738,1,1.8608459405645807e-05,58270,503,500,AVAILABLE_VALID_CACHE,1,7f5fe7e3b66ce76bf83b20a4d947b6ce,20788798,1,,1284f9141657400869b7eaef1ce7a19eb6fdf6e26e34509f819c6e0920dfd135,
2024-07-01,2024,2024-07,https://data.gdeltproject.org/gkg/20240701.gkg.csv.zip,https://data.gdeltproject.org/gkg/20240701.gkg.csv.zip,4de6bdba54725f28f98e5eb66b07210574ea99a7f06843d14619942cf02b30e2,dab3ae03d6f25042151b8dd091007aee,37501539,98463,1,1.0155996100097498e-05,110337,503,500,AVAILABLE_VALID_CACHE,1,dab3ae03d6f25042151b8dd091007aee,37501539,1,,1284f9141657400869b7eaef1ce7a19eb6fdf6e26e34509f819c6e0920dfd135,
2024-07-02,2024,2024-07,https://data.gdeltproject.org/gkg/20240702.gkg.csv.zip,https://data.gdeltproject.org/gkg/20240702.gkg.csv.zip,bda07a62f7acc7bce3f4ed46db7befe32c291f629a6d41640eab8a6a7ba4aa42,a9fc9e07c417893f52541249b48dd24b,40704595,106290,1,9.408134272892342e-06,119049,503,500,AVAILABLE_VALID_CACHE,1,a9fc9e07c417893f52541249b48dd24b,40704595,1,,1284f9141657400869b7eaef1ce7a19eb6fdf6e26e34509f819c6e0920dfd135,
2024-07-03,2024,2024-07,https://data.gdeltproject.org/gkg/20240703.gkg.csv.zip,https://data.gdeltproject.org/gkg/20240703.gkg.csv.zip,a32a7b9997e550d612cb52928f7b64f664d89e20e2e874d2ca0d26757f8cf6bf,26022d5b767afd2ca55bd5be71a02174,41748536,107351,1,9.315150160220583e-06,119260,503,500,AVAILABLE_VALID_CACHE,1,26022d5b767afd2ca55bd5be71a02174,41748536,1,,1284f9141657400869b7eaef1ce7a19eb6fdf6e26e34509f819c6e0920dfd135,
2024-07-04,2024,2024-07,https://data.gdeltproject.org/gkg/20240704.gkg.csv.zip,https://data.gdeltproject.org/gkg/20240704.gkg.csv.zip,2f3f2dd643750d095d9cf2b41415bd53e63bbcfe57c5eb83ec0258dafe6a4c91,3aed939c04f3ee5eb941ffa4e0f2c0e9,35124015,90504,1,1.1049113308656981e-05,99070,503,500,AVAILABLE_VALID_CACHE,1,3aed939c04f3ee5eb941ffa4e0f2c0e9,35124015,1,,1284f9141657400869b7eaef1ce7a19eb6fdf6e26e34509f819c6e0920dfd135,
2024-07-05,2024,2024-07,https://data.gdeltproject.org/gkg/20240705.gkg.csv.zip,https://data.gdeltproject.org/gkg/20240705.gkg.csv.zip,100fcd8da42bfede5877348a3c578ec7ed00b7636648734d822618a480909c01,be6d95541711e1cc9bf1cb8682b3a0da,37627313,94325,1,1.0601530861056337e-05,105005,503,500,AVAILABLE_VALID_CACHE,1,be6d95541711e1cc9bf1cb8682b3a0da,37627313,1,,1284f9141657400869b7eaef1ce7a19eb6fdf6e26e34509f819c6e0920dfd135,
2024-07-06,2024,2024-07,https://data.gdeltproject.org/gkg/20240706.gkg.csv.zip,https://data.gdeltproject.org/gkg/20240706.gkg.csv.zip,b5345a04236f49ebe00b7ba2d32a46de4c5af5e8df4fc308dda73bc2ceff188b,8760bab843e1b504e5042f14cce7ebed,22721907,57231,1,1.74727425216662e-05,62632,503,500,AVAILABLE_VALID_CACHE,1,8760bab843e1b504e5042f14cce7ebed,22721907,1,,1284f9141657400869b7eaef1ce7a19eb6fdf6e26e34509f819c6e0920dfd135,
2024-07-07,2024,2024-07,https://data.gdeltproject.org/gkg/20240707.gkg.csv.zip,https://data.gdeltproject.org/gkg/20240707.gkg.csv.zip,76720c7ac7046fe2c58cde07d53c8d1dc8e8a9a9e42b11ffb7a90316302df96a,6de893f6ac2a5da5adb0fb39f1b5b815,19774984,50743,1,1.970676336118556e-05,57336,503,500,AVAILABLE_VALID_CACHE,1,6de893f6ac2a5da5adb0fb39f1b5b815,19774984,1,,1284f9141657400869b7eaef1ce7a19eb6fdf6e26e34509f819c6e0920dfd135,
2024-07-08,2024,2024-07,https://data.gdeltproject.org/gkg/20240708.gkg.csv.zip,https://data.gdeltproject.org/gkg/20240708.gkg.csv.zip,69df4d72caeac42867393ef93da771b3cedc45a8eff50e366ce484de2663fece,2b2791125925012faf40e0b8ed790a60,37887057,95976,1,1.041916292445065e-05,106696,503,500,AVAILABLE_VALID_CACHE,1,2b2791125925012faf40e0b8ed790a60,37887057,1,,1284f9141657400869b7eaef1ce7a19eb6fdf6e26e34509f819c6e0920dfd135,
2024-07-09,2024,2024-07,https://data.gdeltproject.org/gkg/20240709.gkg.csv.zip,https://data.gdeltproject.org/gkg/20240709.gkg.csv.zip,760458191307f1eb1c62b7642973b65bc71f4f6ed0389090a56d6ce38e5e2fda,cf2f7de379ed0d13830bfc27023471f8,41441851,106865,1,9.357513147305972e-06,120393,503,500,AVAILABLE_VALID_CACHE,1,cf2f7de379ed0d13830bfc27023471f8,41441851,1,,1284f9141657400869b7eaef1ce7a19eb6fdf6e26e34509f819c6e0920dfd135,
2024-07-10,2024,2024-07,https://data.gdeltproject.org/gkg/20240710.gkg.csv.zip,https://data.gdeltproject.org/gkg/20240710.gkg.csv.zip,133f6b54125affd3417eb1bcbe321fff2b2014fe4e40e1dc8dc444b993f95d8d,9c8c511856d00faf6ddaac91339b496a,41976994,110446,1,9.054116454045832e-06,122233,503,500,AVAILABLE_VALID_CACHE,1,9c8c511856d00faf6ddaac91339b496a,41976994,1,,1284f9141657400869b7eaef1ce7a19eb6fdf6e26e34509f819c6e0920dfd135,
2024-07-11,2024,2024-07,https://data.gdeltproject.org/gkg/20240711.gkg.csv.zip,https://data.gdeltproject.org/gkg/20240711.gkg.csv.zip,9abb65e8fa785291e78e7a1d3799e2232ae16306042cae66dbe39ce971996bfb,0a05abf7e3fdfe27d822e841608d1bad,41477182,108821,1,9.189318336365809e-06,120706,503,500,AVAILABLE_VALID_CACHE,1,0a05abf7e3fdfe27d822e841608d1bad,41477182,1,,1284f9141657400869b7eaef1ce7a19eb6fdf6e26e34509f819c6e0920dfd135,
2024-07-12,2024,2024-07,https://data.gdeltproject.org/gkg/20240712.gkg.csv.zip,https://data.gdeltproject.org/gkg/20240712.gkg.csv.zip,4c8f64d52402886d394eb40f834cb3c7057f7657daeca1dc010492153f33b42f,60dbf98353d35f409ef152361ceb03c6,39493074,104023,1,9.613166192417134e-06,115105,503,500,AVAILABLE_VALID_CACHE,1,60dbf98353d35f409ef152361ceb03c6,39493074,1,,1284f9141657400869b7eaef1ce7a19eb6fdf6e26e34509f819c6e0920dfd135,
2024-07-13,2024,2024-07,https://data.gdeltproject.org/gkg/20240713.gkg.csv.zip,https://data.gdeltproject.org/gkg/20240713.gkg.csv.zip,d638b9c3751194ac75943eab2d8a735ff1815e5104ee451d62face08db6649d2,93ecdf4656b45876465aa0df618ec339,24087141,61566,1,1.6242467555671058e-05,68082,503,500,AVAILABLE_VALID_CACHE,1,93ecdf4656b45876465aa0df618ec339,24087141,1,,1284f9141657400869b7eaef1ce7a19eb6fdf6e26e34509f819c6e0920dfd135,
2024-07-14,2024,2024-07,https://data.gdeltproject.org/gkg/20240714.gkg.csv.zip,https://data.gdeltproject.org/gkg/20240714.gkg.csv.zip,a1d6c3f146a7985de108d65f20dd8ecebf7ea3378f154ca5f461eaf6fb207242,4d536b0dec4ec5eaf8d26b87da6aea6b,25851732,64910,1,1.540570935588729e-05,71920,503,500,AVAILABLE_VALID_CACHE,1,4d536b0dec4ec5eaf8d26b87da6aea6b,25851732,1,,1284f9141657400869b7eaef1ce7a19eb6fdf6e26e34509f819c6e0920dfd135,
2024-07-15,2024,2024-07,https://data.gdeltproject.org/gkg/20240715.gkg.csv.zip,https://data.gdeltproject.org/gkg/20240715.gkg.csv.zip,c1453e450be0695f62263884ec0ac66616b2e6e6305c423ac4812c0c3f92f7e7,3f68fe27785a3975b113da4eec5e6c66,37967989,97902,1,1.0214191597805991e-05,108275,503,500,AVAILABLE_VALID_CACHE,1,3f68fe27785a3975b113da4eec5e6c66,37967989,1,,1284f9141657400869b7eaef1ce7a19eb6fdf6e26e34509f819c6e0920dfd135,
2024-07-16,2024,2024-07,https://data.gdeltproject.org/gkg/20240716.gkg.csv.zip,https://data.gdeltproject.org/gkg/20240716.gkg.csv.zip,a67f9f52f96f8491fb8847ff01a331ceeef726329d4902a392c1dd1685e0b134,e7a454901500e393b1ef31671896952b,40735890,106236,1,9.412916403889417e-06,118569,503,500,AVAILABLE_VALID_CACHE,1,e7a454901500e393b1ef31671896952b,40735890,1,,1284f9141657400869b7eaef1ce7a19eb6fdf6e26e34509f819c6e0920dfd135,
2024-07-17,2024,2024-07,https://data.gdeltproject.org/gkg/20240717.gkg.csv.zip,https://data.gdeltproject.org/gkg/20240717.gkg.csv.zip,f0fb0400971ff72e81919f2bd9d40a97884258e6a6425ba7adbddb68ab1f4256,939a2dda37434ac6aba2c5b7faf49768,42206750,108805,1,9.190669632189402e-06,118143,503,500,AVAILABLE_VALID_CACHE,1,939a2dda37434ac6aba2c5b7faf49768,42206750,1,,1284f9141657400869b7eaef1ce7a19eb6fdf6e26e34509f819c6e0920dfd135,
2024-07-18,2024,2024-07,https://data.gdeltproject.org/gkg/20240718.gkg.csv.zip,https://data.gdeltproject.org/gkg/20240718.gkg.csv.zip,27cde691a6a01bfc67fccf70432aa117bfee1fed14cc8335817530aee9826876,8fa4ce569e7fcb3819bcf19617d950ce,42525288,109089,1,9.166743056192134e-06,119945,503,500,AVAILABLE_VALID_CACHE,1,8fa4ce569e7fcb3819bcf19617d950ce,42525288,1,,1284f9141657400869b7eaef1ce7a19eb6fdf6e26e34509f819c6e0920dfd135,
2024-07-19,2024,2024-07,https://data.gdeltproject.org/gkg/20240719.gkg.csv.zip,https://data.gdeltproject.org/gkg/20240719.gkg.csv.zip,a66f5d10154c06f7c6463a89aa6770d88535b2582fa63c2e324061a1475a11b2,18985519bdb4db7425803c43e51f4478,40966129,103991,1,9.616124317255174e-06,113936,503,500,AVAILABLE_VALID_CACHE,1,18985519bdb4db7425803c43e51f4478,40966129,1,,1284f9141657400869b7eaef1ce7a19eb6fdf6e26e34509f819c6e0920dfd135,
2024-07-20,2024,2024-07,https://data.gdeltproject.org/gkg/20240720.gkg.csv.zip,https://data.gdeltproject.org/gkg/20240720.gkg.csv.zip,6b27933b3481cf9a007859ff611d4a8c66f60206f91b5f812ad721b03fa4fd0a,488bfe4519e61792e1947da32b837db1,24758254,61257,1,1.6324398445917266e-05,66278,503,500,AVAILABLE_VALID_CACHE,1,488bfe4519e61792e1947da32b837db1,24758254,1,,1284f9141657400869b7eaef1ce7a19eb6fdf6e26e34509f819c6e0920dfd135,
2024-07-21,2024,2024-07,https://data.gdeltproject.org/gkg/20240721.gkg.csv.zip,https://data.gdeltproject.org/gkg/20240721.gkg.csv.zip,fbfae5c41a4a828a668b700fe05720a45015d9cb4ce5786491516c827329ff94,9345c899b0bdaf4df8b5e53b731ea6e6,23025896,56662,1,1.7648200765931912e-05,61555,503,500,AVAILABLE_VALID_CACHE,1,9345c899b0bdaf4df8b5e53b731ea6e6,23025896,1,,1284f9141657400869b7eaef1ce7a19eb6fdf6e26e34509f819c6e0920dfd135,
2024-07-22,2024,2024-07,https://data.gdeltproject.org/gkg/20240722.gkg.csv.zip,https://data.gdeltproject.org/gkg/20240722.gkg.csv.zip,b578d3a5242da920b49109805c4ba8a61f45a2ee27a83108a3fdfd609c110aa8,aae021fd6399df00ca47796024617ad6,38602860,97915,1,1.02128354916459e-05,108612,503,500,AVAILABLE_VALID_CACHE,1,aae021fd6399df00ca47796024617ad6,38602860,1,,1284f9141657400869b7eaef1ce7a19eb6fdf6e26e34509f819c6e0920dfd135,
2024-07-23,2024,2024-07,https://data.gdeltproject.org/gkg/20240723.gkg.csv.zip,https://data.gdeltproject.org/gkg/20240723.gkg.csv.zip,93ae19ea031f14a104ab8862253e25b05a98866595cf6d6f189e2f18fb6fe323,2b8c2763c80c90a67c594892426e2dc1,41485439,107658,1,9.28858711301424e-06,119463,503,500,AVAILABLE_VALID_CACHE,1,2b8c2763c80c90a67c594892426e2dc1,41485439,1,,1284f9141657400869b7eaef1ce7a19eb6fdf6e26e34509f819c6e0920dfd135,
2024-07-24,2024,2024-07,https://data.gdeltproject.org/gkg/20240724.gkg.csv.zip,https://data.gdeltproject.org/gkg/20240724.gkg.csv.zip,03d572408f6b1cc5565e6b8fcdc0f033751c8912c336665b22f9c8eefd15305d,ee646f08d1845c00045fcfbec7f75c92,42369456,110036,1,9.087852267873533e-06,121106,503,500,AVAILABLE_VALID_CACHE,1,ee646f08d1845c00045fcfbec7f75c92,42369456,1,,1284f9141657400869b7eaef1ce7a19eb6fdf6e26e34509f819c6e0920dfd135,
2024-07-25,2024,2024-07,https://data.gdeltproject.org/gkg/20240725.gkg.csv.zip,https://data.gdeltproject.org/gkg/20240725.gkg.csv.zip,3145ada2cdf27c8dc999ebfa26e8c7a6941b9a70145effbedfd9b2baa5e048f9,abeb51ef3116d8fb8f78f2761d7a9ae7,43154089,111812,1,8.943503885952439e-06,123783,503,500,AVAILABLE_VALID_CACHE,1,abeb51ef3116d8fb8f78f2761d7a9ae7,43154089,1,,1284f9141657400869b7eaef1ce7a19eb6fdf6e26e34509f819c6e0920dfd135,
2024-07-26,2024,2024-07,https://data.gdeltproject.org/gkg/20240726.gkg.csv.zip,https://data.gdeltproject.org/gkg/20240726.gkg.csv.zip,51a9c8795e54325be0ebf405a92957e60c6068678724692d06a2e17dc94c2eae,31a61333cf1d5388770ab63552babe47,40880236,107399,1,9.31098696461825e-06,119175,503,500,AVAILABLE_VALID_CACHE,1,31a61333cf1d5388770ab63552babe47,40880236,1,,1284f9141657400869b7eaef1ce7a19eb6fdf6e26e34509f819c6e0920dfd135,
2024-07-27,2024,2024-07,https://data.gdeltproject.org/gkg/20240727.gkg.csv.zip,https://data.gdeltproject.org/gkg/20240727.gkg.csv.zip,6927faa8655b6a8492809a536040ffa7ffce6cd7e450f1088bd2a5ab36d17183,ff853bff1f5e45c114e9729ab28fba82,24839502,63971,1,1.563183892953167e-05,69551,503,500,AVAILABLE_VALID_CACHE,1,ff853bff1f5e45c114e9729ab28fba82,24839502,1,,1284f9141657400869b7eaef1ce7a19eb6fdf6e26e34509f819c6e0920dfd135,
2024-07-28,2024,2024-07,https://data.gdeltproject.org/gkg/20240728.gkg.csv.zip,https://data.gdeltproject.org/gkg/20240728.gkg.csv.zip,3ebe175e80a4de3e4c18777895bf81fe7826df93a8dec9f0f350f681ed9b6fe1,4942107fa50b424293b7ba8a0f208bf5,22188593,57164,1,1.7493221376716522e-05,63047,503,500,AVAILABLE_VALID_CACHE,1,4942107fa50b424293b7ba8a0f208bf5,22188593,1,,1284f9141657400869b7eaef1ce7a19eb6fdf6e26e34509f819c6e0920dfd135,
2024-07-29,2024,2024-07,https://data.gdeltproject.org/gkg/20240729.gkg.csv.zip,https://data.gdeltproject.org/gkg/20240729.gkg.csv.zip,c8a9b53246bb9b8914d2248b480800a674d17161d23cbbc2645ccddea28107b0,4bc5d95020b50859e7fd2c02252b2f74,37379681,99507,1,1.0049443260843349e-05,110830,503,500,AVAILABLE_VALID_CACHE,1,4bc5d95020b50859e7fd2c02252b2f74,37379681,1,,1284f9141657400869b7eaef1ce7a19eb6fdf6e26e34509f819c6e0920dfd135,
2024-07-30,2024,2024-07,https://data.gdeltproject.org/gkg/20240730.gkg.csv.zip,https://data.gdeltproject.org/gkg/20240730.gkg.csv.zip,2a3fdf22cd91535dadc1f4e6fad72d5d917fe5a150ac6d3c274ff6065c2f11fa,2cb39b535dcdb6bf58b8a1fefc3c6533,42251109,110511,1,9.04879108151151e-06,122302,503,500,AVAILABLE_VALID_CACHE,1,2cb39b535dcdb6bf58b8a1fefc3c6533,42251109,1,,1284f9141657400869b7eaef1ce7a19eb6fdf6e26e34509f819c6e0920dfd135,
2024-07-31,2024,2024-07,https://data.gdeltproject.org/gkg/20240731.gkg.csv.zip,https://data.gdeltproject.org/gkg/20240731.gkg.csv.zip,305cfc6c8c93fbeae060f429021e7d8bc1edee2975a323d757831bd751283f34,7a8b553394ab05876661c8a50039255f,44351322,113073,1,8.843766029325928e-06,124970,503,500,AVAILABLE_VALID_CACHE,1,7a8b553394ab05876661c8a50039255f,44351322,1,,1284f9141657400869b7eaef1ce7a19eb6fdf6e26e34509f819c6e0920dfd135,
2024-08-01,2024,2024-08,https://data.gdeltproject.org/gkg/20240801.gkg.csv.zip,https://data.gdeltproject.org/gkg/20240801.gkg.csv.zip,5ff72cfcbf563cdeb7d5d88ff1786742510a9301f0ecccc1800a78d01f467740,6a28a98c9ce39a67e6a3f57df19c9438,44406595,111794,1,8.944943870477212e-06,122785,503,500,AVAILABLE_VALID_CACHE,1,6a28a98c9ce39a67e6a3f57df19c9438,44406595,1,,1284f9141657400869b7eaef1ce7a19eb6fdf6e26e34509f819c6e0920dfd135,
2024-08-02,2024,2024-08,https://data.gdeltproject.org/gkg/20240802.gkg.csv.zip,https://data.gdeltproject.org/gkg/20240802.gkg.csv.zip,973fa954346f2dc704674501173b254368f39a03fcb50a8f5e800f25516db84d,53223496e94a0d63abde4f6cf1131a0d,40238080,103543,1,9.657730047129722e-06,115110,503,500,AVAILABLE_VALID_CACHE,1,53223496e94a0d63abde4f6cf1131a0d,40238080,1,,1284f9141657400869b7eaef1ce7a19eb6fdf6e26e34509f819c6e0920dfd135,
2024-08-03,2024,2024-08,https://data.gdeltproject.org/gkg/20240803.gkg.csv.zip,https://data.gdeltproject.org/gkg/20240803.gkg.csv.zip,c356556db9cc910fe4b3c379e8df5f0916752b046f08c6fd8d167e813abae495,b33d589889c6b9eb6883ae06468dda32,24452258,61976,1,1.61350178291947e-05,68195,503,500,AVAILABLE_VALID_CACHE,1,b33d589889c6b9eb6883ae06468dda32,24452258,1,,1284f9141657400869b7eaef1ce7a19eb6fdf6e26e34509f819c6e0920dfd135,
2024-08-04,2024,2024-08,https://data.gdeltproject.org/gkg/20240804.gkg.csv.zip,https://data.gdeltproject.org/gkg/20240804.gkg.csv.zip,030565a7342e7433cbb7a2d4503e513cb3e4514eb41f959be489bb084383d7fd,b4b0e2a52da246df1f347e21c6078e2a,22314551,53953,1,1.8534307002261184e-05,58291,503,500,AVAILABLE_VALID_CACHE,1,b4b0e2a52da246df1f347e21c6078e2a,22314551,1,,1284f9141657400869b7eaef1ce7a19eb6fdf6e26e34509f819c6e0920dfd135,
2024-08-05,2024,2024-08,https://data.gdeltproject.org/gkg/20240805.gkg.csv.zip,https://data.gdeltproject.org/gkg/20240805.gkg.csv.zip,31374e10df8ef0c9aa7f68366cd993bb7a3bb302113b073622569e47cd0b394b,0290365954a50bb40ff7b301fe3f7480,37765097,95407,1,1.0481301358376657e-05,105718,503,500,AVAILABLE_VALID_CACHE,1,0290365954a50bb40ff7b301fe3f7480,37765097,1,,1284f9141657400869b7eaef1ce7a19eb6fdf6e26e34509f819c6e0920dfd135,
2024-08-06,2024,2024-08,https://data.gdeltproject.org/gkg/20240806.gkg.csv.zip,https://data.gdeltproject.org/gkg/20240806.gkg.csv.zip,4de604e6f7aceabb0debcab93c5fe8dde432a204ae00178353cb672a474f3174,d32963c1d01542dd8f22f85925f5c73d,42197580,108072,1,9.253004913345609e-06,119252,503,500,AVAILABLE_VALID_CACHE,1,d32963c1d01542dd8f22f85925f5c73d,42197580,1,,1284f9141657400869b7eaef1ce7a19eb6fdf6e26e34509f819c6e0920dfd135,
2024-08-07,2024,2024-08,https://data.gdeltproject.org/gkg/20240807.gkg.csv.zip,https://data.gdeltproject.org/gkg/20240807.gkg.csv.zip,e21fd01a4b0114779d676392eb2813ddc4864be48d72c437d4527816853dd6b5,051b6b9094cd18c42bc04c3dff925db3,43176630,111721,1,8.95078856447253e-06,124375,503,500,AVAILABLE_VALID_CACHE,1,051b6b9094cd18c42bc04c3dff925db3,43176630,1,,1284f9141657400869b7eaef1ce7a19eb6fdf6e26e34509f819c6e0920dfd135,
2024-08-08,2024,2024-08,https://data.gdeltproject.org/gkg/20240808.gkg.csv.zip,https://data.gdeltproject.org/gkg/20240808.gkg.csv.zip,65769d63f686e13210d3270bb89db2b5930754bb271618f38cca411acdad2c86,55053ae18fcbe1c0bc806af99be946b2,42831555,111313,1,8.983595953788382e-06,123102,503,500,AVAILABLE_VALID_CACHE,1,55053ae18fcbe1c0bc806af99be946b2,42831555,1,,1284f9141657400869b7eaef1ce7a19eb6fdf6e26e34509f819c6e0920dfd135,
2024-08-09,2024,2024-08,https://data.gdeltproject.org/gkg/20240809.gkg.csv.zip,https://data.gdeltproject.org/gkg/20240809.gkg.csv.zip,e74c07365d6fbb78b6f8c18b1bca2c1df1c0aa534183af44c6bc6aa042e02d1c,f0023cd08074e4afa8f2316ba86ada7b,39497950,102901,1,9.71798410137801e-06,114328,503,500,AVAILABLE_VALID_CACHE,1,f0023cd08074e4afa8f2316ba86ada7b,39497950,1,,1284f9141657400869b7eaef1ce7a19eb6fdf6e26e34509f819c6e0920dfd135,
2024-08-10,2024,2024-08,https://data.gdeltproject.org/gkg/20240810.gkg.csv.zip,https://data.gdeltproject.org/gkg/20240810.gkg.csv.zip,a98389de3fd23edd2a73f07b654e4b22634639629efd560ee53bfd5242be653f,317661b56d2cd7b6b146037d5af4baa3,25534592,64789,1,1.543448062972681e-05,70255,503,500,AVAILABLE_VALID_CACHE,1,317661b56d2cd7b6b146037d5af4baa3,25534592,1,,1284f9141657400869b7eaef1ce7a19eb6fdf6e26e34509f819c6e0920dfd135,
2024-08-11,2024,2024-08,https://data.gdeltproject.org/gkg/20240811.gkg.csv.zip,https://data.gdeltproject.org/gkg/20240811.gkg.csv.zip,092620891002cc8b4db6cce21a348a588f09c766e7ae8354f2b838c1d5200e83,087d401ccecfd5f6df430692d46ac4da,21205281,54290,1,1.8419259177395885e-05,58996,503,500,AVAILABLE_VALID_CACHE,1,087d401ccecfd5f6df430692d46ac4da,21205281,1,,1284f9141657400869b7eaef1ce7a19eb6fdf6e26e34509f819c6e0920dfd135,
2024-08-12,2024,2024-08,https://data.gdeltproject.org/gkg/20240812.gkg.csv.zip,https://data.gdeltproject.org/gkg/20240812.gkg.csv.zip,526384c168ac72814bba470d17765b5991cf1dc6a86bf6b6fc677bc2c589cb6d,adba7811496c6d4fb486ef4d95b4ef3d,36177171,94152,1,1.0621010482937347e-05,105373,503,500,AVAILABLE_VALID_CACHE,1,adba7811496c6d4fb486ef4d95b4ef3d,36177171,1,,1284f9141657400869b7eaef1ce7a19eb6fdf6e26e34509f819c6e0920dfd135,
2024-08-13,2024,2024-08,https://data.gdeltproject.org/gkg/20240813.gkg.csv.zip,https://data.gdeltproject.org/gkg/20240813.gkg.csv.zip,f7cdd41b8b5a42b3c1fe5aa708e050bab65df3df9d0b6d5980b8d9eee4a596fc,a87a89c69f6da9ddb0ae20a31b5135b1,39394283,103027,1,9.706099312808169e-06,115640,503,500,AVAILABLE_VALID_CACHE,1,a87a89c69f6da9ddb0ae20a31b5135b1,39394283,1,,1284f9141657400869b7eaef1ce7a19eb6fdf6e26e34509f819c6e0920dfd135,
2024-08-14,2024,2024-08,https://data.gdeltproject.org/gkg/20240814.gkg.csv.zip,https://data.gdeltproject.org/gkg/20240814.gkg.csv.zip,0d6e13ab265d3e5207c0a2c3711bb72680236872209b86da74a422745308e522,7ce6618104276120e7aedd19ab6244ed,41429099,107009,1,9.344921035417251e-06,119307,503,500,AVAILABLE_VALID_CACHE,1,7ce6618104276120e7aedd19ab6244ed,41429099,1,,1284f9141657400869b7eaef1ce7a19eb6fdf6e26e34509f819c6e0920dfd135,
2024-08-15,2024,2024-08,https://data.gdeltproject.org/gkg/20240815.gkg.csv.zip,https://data.gdeltproject.org/gkg/20240815.gkg.csv.zip,d173f4f2e8b6aa87add8e0cc42fe77436ad0f1ad4271c9de2efb20e12f79c6f7,0c07ffd645be7464d02f534acafa51f8,41595561,106561,1,9.38420825434958e-06,117807,503,500,AVAILABLE_VALID_CACHE,1,0c07ffd645be7464d02f534acafa51f8,41595561,1,,1284f9141657400869b7eaef1ce7a19eb6fdf6e26e34509f819c6e0920dfd135,
2024-08-16,2024,2024-08,https://data.gdeltproject.org/gkg/20240816.gkg.csv.zip,https://data.gdeltproject.org/gkg/20240816.gkg.csv.zip,3c339c07e73622e87c77710c87907697fb94462521c4028e9fc4d838cefc72a0,736e7dc069a58348f11ac1c02d31a0ae,39808022,102004,1,9.803441007793735e-06,113338,503,500,AVAILABLE_VALID_CACHE,1,736e7dc069a58348f11ac1c02d31a0ae,39808022,1,,1284f9141657400869b7eaef1ce7a19eb6fdf6e26e34509f819c6e0920dfd135,
2024-08-17,2024,2024-08,https://data.gdeltproject.org/gkg/20240817.gkg.csv.zip,https://data.gdeltproject.org/gkg/20240817.gkg.csv.zip,baf72bc42538a56551b08c3959431389d3c18d689e28d1a08dedba98779399ec,8e24be220daa929863872faea3677cb2,24109993,60703,1,1.6473379019504482e-05,66818,503,500,AVAILABLE_VALID_CACHE,1,8e24be220daa929863872faea3677cb2,24109993,1,,1284f9141657400869b7eaef1ce7a19eb6fdf6e26e34509f819c6e0920dfd135,
2024-08-18,2024,2024-08,https://data.gdeltproject.org/gkg/20240818.gkg.csv.zip,https://data.gdeltproject.org/gkg/20240818.gkg.csv.zip,f714efbd192e9a79b81fe8729246d3699d47a5ef9fdb270d926526731e9735de,8464d5cab05cb9d0cecb2e73f4d49822,20817299,52150,1,1.9175087726026345e-05,57599,503,500,AVAILABLE_VALID_CACHE,1,8464d5cab05cb9d0cecb2e73f4d49822,20817299,1,,1284f9141657400869b7eaef1ce7a19eb6fdf6e26e34509f819c6e0920dfd135,
2024-08-19,2024,2024-08,https://data.gdeltproject.org/gkg/20240819.gkg.csv.zip,https://data.gdeltproject.org/gkg/20240819.gkg.csv.zip,022ee10012c25d453f35836beeaacbb202e7910ffb371b5f1b5ccfd345460f30,a97404e7aefee7c327a042d11b7b7152,36488621,93301,1,1.0717883861010481e-05,103669,503,500,AVAILABLE_VALID_CACHE,1,a97404e7aefee7c327a042d11b7b7152,36488621,1,,1284f9141657400869b7eaef1ce7a19eb6fdf6e26e34509f819c6e0920dfd135,
2024-08-20,2024,2024-08,https://data.gdeltproject.org/gkg/20240820.gkg.csv.zip,https://data.gdeltproject.org/gkg/20240820.gkg.csv.zip,ed969f1f82ba2c4477229493f43054e3678568c7cd8f955e6711e1df0b204548,c5c17ad2203f2221781f81617bd99a7a,42065961,106293,1,9.407868741415319e-06,118422,503,500,AVAILABLE_VALID_CACHE,1,c5c17ad2203f2221781f81617bd99a7a,42065961,1,,1284f9141657400869b7eaef1ce7a19eb6fdf6e26e34509f819c6e0920dfd135,
2024-08-21,2024,2024-08,https://data.gdeltproject.org/gkg/20240821.gkg.csv.zip,https://data.gdeltproject.org/gkg/20240821.gkg.csv.zip,bbb07e7d6e4025e59b2959ce599785feddb2adb0bee4f06d206f1d128aa24d95,965c94c4a8d44eeebeaac00aecd0842b,41580475,107978,1,9.261060020929995e-06,120022,503,500,AVAILABLE_VALID_CACHE,1,965c94c4a8d44eeebeaac00aecd0842b,41580475,1,,1284f9141657400869b7eaef1ce7a19eb6fdf6e26e34509f819c6e0920dfd135,
2024-08-22,2024,2024-08,https://data.gdeltproject.org/gkg/20240822.gkg.csv.zip,https://data.gdeltproject.org/gkg/20240822.gkg.csv.zip,271f7ad203ebd3c4012b706846beea6609778bb14ef261ba6058f27161c5f5eb,36b51a508201c8cc71e0fb8a3ac031d5,41552853,108485,1,9.217779252622458e-06,120125,503,500,AVAILABLE_VALID_CACHE,1,36b51a508201c8cc71e0fb8a3ac031d5,41552853,1,,1284f9141657400869b7eaef1ce7a19eb6fdf6e26e34509f819c6e0920dfd135,
2024-08-23,2024,2024-08,https://data.gdeltproject.org/gkg/20240823.gkg.csv.zip,https://data.gdeltproject.org/gkg/20240823.gkg.csv.zip,a3d5bd5276a8d661e327e0baae9a3f4ac6d1694e85f28a291696d783a26ef0d4,c6afa0f7c6f663106e9e42f1d476a1e7,40165830,103632,1,9.649435990466357e-06,115951,503,500,AVAILABLE_VALID_CACHE,1,c6afa0f7c6f663106e9e42f1d476a1e7,40165830,1,,1284f9141657400869b7eaef1ce7a19eb6fdf6e26e34509f819c6e0920dfd135,
2024-08-24,2024,2024-08,https://data.gdeltproject.org/gkg/20240824.gkg.csv.zip,https://data.gdeltproject.org/gkg/20240824.gkg.csv.zip,d7915a92329bd1a27c7f20f3521fbeca11d57b3c4455034017535d012e93cf7f,1b9f080daf56050237489ec494647957,23122634,58458,1,1.710600591867805e-05,63161,503,500,AVAILABLE_VALID_CACHE,1,1b9f080daf56050237489ec494647957,23122634,1,,1284f9141657400869b7eaef1ce7a19eb6fdf6e26e34509f819c6e0920dfd135,
2024-08-25,2024,2024-08,https://data.gdeltproject.org/gkg/20240825.gkg.csv.zip,https://data.gdeltproject.org/gkg/20240825.gkg.csv.zip,bcd2dca1ac6deb1b4380ef60b4db27f766075d70c7c973896c699410918432bd,6db56655e6e7f48c7bee1659539feacb,21091896,52250,1,1.9138389695890986e-05,56524,503,500,AVAILABLE_VALID_CACHE,1,6db56655e6e7f48c7bee1659539feacb,21091896,1,,1284f9141657400869b7eaef1ce7a19eb6fdf6e26e34509f819c6e0920dfd135,
2024-08-26,2024,2024-08,https://data.gdeltproject.org/gkg/20240826.gkg.csv.zip,https://data.gdeltproject.org/gkg/20240826.gkg.csv.zip,3ed874abf9201db9e7c23a83b3cf945ae5545c43b2dde2015df6b23059eaf7c7,f3993aa489672792e12f86ad0fbce38f,34293156,87189,1,1.1469205184080743e-05,97556,503,500,AVAILABLE_VALID_CACHE,1,f3993aa489672792e12f86ad0fbce38f,34293156,1,,1284f9141657400869b7eaef1ce7a19eb6fdf6e26e34509f819c6e0920dfd135,
2024-08-27,2024,2024-08,https://data.gdeltproject.org/gkg/20240827.gkg.csv.zip,https://data.gdeltproject.org/gkg/20240827.gkg.csv.zip,751d9c78dcf23d3b3c2f3cde68dac01ccf2cf078e8a1f62427524b4864485447,b0d8e51a2525b4b1c4edf10257e9c346,40136769,104002,1,9.615107256521446e-06,114602,503,500,AVAILABLE_VALID_CACHE,1,b0d8e51a2525b4b1c4edf10257e9c346,40136769,1,,1284f9141657400869b7eaef1ce7a19eb6fdf6e26e34509f819c6e0920dfd135,
2024-08-28,2024,2024-08,https://data.gdeltproject.org/gkg/20240828.gkg.csv.zip,https://data.gdeltproject.org/gkg/20240828.gkg.csv.zip,7e269a004dc3587039bc5f18187092783078c289eff25d283484162048c06d61,8f4102a292714fed3e024ea51d4a51a2,41106956,106484,1,9.390994036718787e-06,118473,503,500,AVAILABLE_VALID_CACHE,1,8f4102a292714fed3e024ea51d4a51a2,41106956,1,,1284f9141657400869b7eaef1ce7a19eb6fdf6e26e34509f819c6e0920dfd135,
2024-08-29,2024,2024-08,https://data.gdeltproject.org/gkg/20240829.gkg.csv.zip,https://data.gdeltproject.org/gkg/20240829.gkg.csv.zip,dc912a54d59f01511dded16038fd412d4e51884026e7368968c26d64db42c308,5baade2b4fdd059c07a0bf7b1e2af18c,42291512,109642,1,9.12050928923871e-06,121968,503,500,AVAILABLE_VALID_CACHE,1,5baade2b4fdd059c07a0bf7b1e2af18c,42291512,1,,1284f9141657400869b7eaef1ce7a19eb6fdf6e26e34509f819c6e0920dfd135,
2024-08-30,2024,2024-08,https://data.gdeltproject.org/gkg/20240830.gkg.csv.zip,https://data.gdeltproject.org/gkg/20240830.gkg.csv.zip,1bcd9ce3cab071760266dddc7d48891392f71b9ec81ea3e3a91f4ffc37f5f249,b450c25b45df5ff36a07524de2b253c8,38447871,100533,1,9.946883641355163e-06,111619,503,500,AVAILABLE_VALID_CACHE,1,b450c25b45df5ff36a07524de2b253c8,38447871,1,,1284f9141657400869b7eaef1ce7a19eb6fdf6e26e34509f819c6e0920dfd135,
2024-08-31,2024,2024-08,https://data.gdeltproject.org/gkg/20240831.gkg.csv.zip,https://data.gdeltproject.org/gkg/20240831.gkg.csv.zip,4b39b1ab6a19b389055ee6bd94ef65306c5ceeb5b1297549b3066e45faff9dd8,f1e2a4c84ab262bc6ef050b5ed34f52a,23762645,61343,1,1.630151278038602e-05,67551,503,500,AVAILABLE_VALID_CACHE,1,f1e2a4c84ab262bc6ef050b5ed34f52a,23762645,1,,1284f9141657400869b7eaef1ce7a19eb6fdf6e26e34509f819c6e0920dfd135,
2024-09-01,2024,2024-09,https://data.gdeltproject.org/gkg/20240901.gkg.csv.zip,https://data.gdeltproject.org/gkg/20240901.gkg.csv.zip,167e3e06d82501f8a7c52aab240977b2169607f599f508fb603c87126d88a44e,4a33c6ddc0c5a7388fbcccc512ed8659,21401474,54314,1,1.841112031667127e-05,59899,503,500,AVAILABLE_VALID_CACHE,1,4a33c6ddc0c5a7388fbcccc512ed8659,21401474,1,,1284f9141657400869b7eaef1ce7a19eb6fdf6e26e34509f819c6e0920dfd135,
2024-09-02,2024,2024-09,https://data.gdeltproject.org/gkg/20240902.gkg.csv.zip,https://data.gdeltproject.org/gkg/20240902.gkg.csv.zip,1e931b7c3f3d49f9ccd91fa745633c9a93d5ddca9f114fbb0339f2ad7d5242f6,b4b3a0fc97bc5ec314c5c44399cdf74f,30661505,79546,1,1.257118433127585e-05,86870,503,500,AVAILABLE_VALID_CACHE,1,b4b3a0fc97bc5ec314c5c44399cdf74f,30661505,1,,1284f9141657400869b7eaef1ce7a19eb6fdf6e26e34509f819c6e0920dfd135,
2024-09-03,2024,2024-09,https://data.gdeltproject.org/gkg/20240903.gkg.csv.zip,https://data.gdeltproject.org/gkg/20240903.gkg.csv.zip,3188ad6be24cbbbf8c6a48273e9f9970045a82d376dfe769d8f50a94965051cc,b425791525aff56ce5c8f180e41c7858,38363872,99210,1,1.0079527471752125e-05,111306,503,500,AVAILABLE_VALID_CACHE,1,b425791525aff56ce5c8f180e41c7858,38363872,1,,1284f9141657400869b7eaef1ce7a19eb6fdf6e26e34509f819c6e0920dfd135,
2024-09-04,2024,2024-09,https://data.gdeltproject.org/gkg/20240904.gkg.csv.zip,https://data.gdeltproject.org/gkg/20240904.gkg.csv.zip,6bf6c6453c2c18140acfbc532a4ff1fa604353c06a59896dd83dfff503adf358,17c5a6dd456306c6b87fe371264d1698,42579445,110326,1,9.063964396747849e-06,122604,503,500,AVAILABLE_VALID_CACHE,1,17c5a6dd456306c6b87fe371264d1698,42579445,1,,1284f9141657400869b7eaef1ce7a19eb6fdf6e26e34509f819c6e0920dfd135,
2024-09-05,2024,2024-09,https://data.gdeltproject.org/gkg/20240905.gkg.csv.zip,https://data.gdeltproject.org/gkg/20240905.gkg.csv.zip,38b7d2110aefd8817f0bf91602906e399543e15e4b2975b7bbd26de74f2f7702,b9f303875a46465182af04951f27acc3,42690234,111004,1,9.008603216071348e-06,122321,503,500,AVAILABLE_VALID_CACHE,1,b9f303875a46465182af04951f27acc3,42690234,1,,1284f9141657400869b7eaef1ce7a19eb6fdf6e26e34509f819c6e0920dfd135,
2024-09-06,2024,2024-09,https://data.gdeltproject.org/gkg/20240906.gkg.csv.zip,https://data.gdeltproject.org/gkg/20240906.gkg.csv.zip,895de56acc59c63aa64f1a8c94a9e49f34b5b230b5711819775b23d2faa17388,4754b9c209533777f8b28ada7bfd199d,41058404,106717,1,9.37049045147023e-06,117787,503,500,AVAILABLE_VALID_CACHE,1,4754b9c209533777f8b28ada7bfd199d,41058404,1,,1284f9141657400869b7eaef1ce7a19eb6fdf6e26e34509f819c6e0920dfd135,
2024-09-07,2024,2024-09,https://data.gdeltproject.org/gkg/20240907.gkg.csv.zip,https://data.gdeltproject.org/gkg/20240907.gkg.csv.zip,ba7179bc33c5ddf43e8f83bc267307fece3534ddebe0136e911a360f051f8bfc,d6cb676ddb8fa5bc04be293724ab774b,24727513,63125,1,1.5841333206602666e-05,68894,503,500,AVAILABLE_VALID_CACHE,1,d6cb676ddb8fa5bc04be293724ab774b,24727513,1,,1284f9141657400869b7eaef1ce7a19eb6fdf6e26e34509f819c6e0920dfd135,
2024-09-08,2024,2024-09,https://data.gdeltproject.org/gkg/20240908.gkg.csv.zip,https://data.gdeltproject.org/gkg/20240908.gkg.csv.zip,14e828dfaedbef5348d54ae348a34882e4ce7477bcded9bbf28cd5c67c885134,491706c8987bae936a8cbea47daad842,21904627,55201,1,1.8115285678055144e-05,62436,503,500,AVAILABLE_VALID_CACHE,1,491706c8987bae936a8cbea47daad842,21904627,1,,1284f9141657400869b7eaef1ce7a19eb6fdf6e26e34509f819c6e0920dfd135,
2024-09-09,2024,2024-09,https://data.gdeltproject.org/gkg/20240909.gkg.csv.zip,https://data.gdeltproject.org/gkg/20240909.gkg.csv.zip,070e94b7cb27e87ad5bccfc7fc475a64b57f6dd69cfdd48d342b009a1998453f,64e634f62089221f23f5e2d8a29226ae,38822216,101195,1,9.881813510415432e-06,111938,503,500,AVAILABLE_VALID_CACHE,1,64e634f62089221f23f5e2d8a29226ae,38822216,1,,1284f9141657400869b7eaef1ce7a19eb6fdf6e26e34509f819c6e0920dfd135,
2024-09-10,2024,2024-09,https://data.gdeltproject.org/gkg/20240910.gkg.csv.zip,https://data.gdeltproject.org/gkg/20240910.gkg.csv.zip,9fbdb2d1cfcf8a13faefc4f3bfa9796fa8ee72a21db25d3218ca12a45457d0a5,284572e544c893fa63cf1b3e67aacc21,43102507,111393,1,8.977144190889994e-06,123279,503,500,AVAILABLE_VALID_CACHE,1,284572e544c893fa63cf1b3e67aacc21,43102507,1,,1284f9141657400869b7eaef1ce7a19eb6fdf6e26e34509f819c6e0920dfd135,
2024-09-11,2024,2024-09,https://data.gdeltproject.org/gkg/20240911.gkg.csv.zip,https://data.gdeltproject.org/gkg/20240911.gkg.csv.zip,1ea919cd646a5ff78553bb5f86f98c997df66a8ed28de680f47e483067daa4c2,6c359f776178172da3c5343fa28ffdbb,44833861,114213,1,8.755494072530513e-06,128060,503,500,AVAILABLE_VALID_CACHE,1,6c359f776178172da3c5343fa28ffdbb,44833861,1,,1284f9141657400869b7eaef1ce7a19eb6fdf6e26e34509f819c6e0920dfd135,
2024-09-12,2024,2024-09,https://data.gdeltproject.org/gkg/20240912.gkg.csv.zip,https://data.gdeltproject.org/gkg/20240912.gkg.csv.zip,d3fd829eeb8bd6ff8ad803a59d2d2ac4e0741493d628d64240616df01ea1285b,2db5d79efe0459f3a76e8975391712ad,43563210,111940,1,8.93327735146193e-06,124299,503,500,AVAILABLE_VALID_CACHE,1,2db5d79efe0459f3a76e8975391712ad,43563210,1,,1284f9141657400869b7eaef1ce7a19eb6fdf6e26e34509f819c6e0920dfd135,
2024-09-13,2024,2024-09,https://data.gdeltproject.org/gkg/20240913.gkg.csv.zip,https://data.gdeltproject.org/gkg/20240913.gkg.csv.zip,f9e07b4821a99c94f23e4f4978b482430ca3576fb7b404d3cad70f51271eb383,e047cd771c221a951f4e7895af4616aa,41072816,105714,1,9.459395544624698e-06,118661,503,500,AVAILABLE_VALID_CACHE,1,e047cd771c221a951f4e7895af4616aa,41072816,1,,1284f9141657400869b7eaef1ce7a19eb6fdf6e26e34509f819c6e0920dfd135,
2024-09-14,2024,2024-09,https://data.gdeltproject.org/gkg/20240914.gkg.csv.zip,https://data.gdeltproject.org/gkg/20240914.gkg.csv.zip,b9fe7aecccb9a5fa99f26df68137ada5a1a0cc83155b3044007565899045ea18,d5726426eb87061a59ef60c37fec31a3,24220649,61575,1,1.6240093542938807e-05,67285,503,500,AVAILABLE_VALID_CACHE,1,d5726426eb87061a59ef60c37fec31a3,24220649,1,,1284f9141657400869b7eaef1ce7a19eb6fdf6e26e34509f819c6e0920dfd135,
2024-09-15,2024,2024-09,https://data.gdeltproject.org/gkg/20240915.gkg.csv.zip,https://data.gdeltproject.org/gkg/20240915.gkg.csv.zip,9f274658019a4fe1b77537394096f0f0ecd2fd5a437c40854c37128d9af1e3cc,d4c4e1c79583079614450b8f4310aa3e,22021567,55071,1,1.8158047646717024e-05,59913,503,500,AVAILABLE_VALID_CACHE,1,d4c4e1c79583079614450b8f4310aa3e,22021567,1,,1284f9141657400869b7eaef1ce7a19eb6fdf6e26e34509f819c6e0920dfd135,
2024-09-16,2024,2024-09,https://data.gdeltproject.org/gkg/20240916.gkg.csv.zip,https://data.gdeltproject.org/gkg/20240916.gkg.csv.zip,c720eaf526d506718dbf1483517f42044af5d87840a47daf8355bc00ba81c217,70d439e8ca0aa860fae2ba02fdfad2b9,38072856,98018,1,1.0202103673777533e-05,108471,503,500,AVAILABLE_VALID_CACHE,1,70d439e8ca0aa860fae2ba02fdfad2b9,38072856,1,,1284f9141657400869b7eaef1ce7a19eb6fdf6e26e34509f819c6e0920dfd135,
2024-09-17,2024,2024-09,https://data.gdeltproject.org/gkg/20240917.gkg.csv.zip,https://data.gdeltproject.org/gkg/20240917.gkg.csv.zip,07048fdce257b8fa10998091af7245753eddd27fd44982342ddeadbe7b7e557f,ebea3f327e7cfdc815ec026ff5db3a82,42103770,108046,1,9.255231519616463e-06,120347,503,500,AVAILABLE_VALID_CACHE,1,ebea3f327e7cfdc815ec026ff5db3a82,42103770,1,,1284f9141657400869b7eaef1ce7a19eb6fdf6e26e34509f819c6e0920dfd135,
2024-09-18,2024,2024-09,https://data.gdeltproject.org/gkg/20240918.gkg.csv.zip,https://data.gdeltproject.org/gkg/20240918.gkg.csv.zip,f99cd9b71ebdf5da9f9981890cfcd19515e7a966f5081e3488b517a8bbfe416e,8522267e67955cfb7f705b8d6b57427f,43461281,110724,1,9.031384059607134e-06,122390,503,500,AVAILABLE_VALID_CACHE,1,8522267e67955cfb7f705b8d6b57427f,43461281,1,,1284f9141657400869b7eaef1ce7a19eb6fdf6e26e34509f819c6e0920dfd135,
2024-09-19,2024,2024-09,https://data.gdeltproject.org/gkg/20240919.gkg.csv.zip,https://data.gdeltproject.org/gkg/20240919.gkg.csv.zip,cea80a55869bb8b99649fbb065a9f4cdade4f9f799529650a8e3e04283a38555,0b35d369edb19f53e5010f87da61dff5,42050522,107644,1,9.289795160016721e-06,118589,503,500,AVAILABLE_VALID_CACHE,1,0b35d369edb19f53e5010f87da61dff5,42050522,1,,1284f9141657400869b7eaef1ce7a19eb6fdf6e26e34509f819c6e0920dfd135,
2024-09-20,2024,2024-09,https://data.gdeltproject.org/gkg/20240920.gkg.csv.zip,https://data.gdeltproject.org/gkg/20240920.gkg.csv.zip,f623e228a5de3a65493ec4f99c5ac6f5accbc0e948d4496a1f3bf04e592f4074,4387024e53432b454ea5f1372854f56c,38953966,100636,1,9.9367032006121e-06,111604,503,500,AVAILABLE_VALID_CACHE,1,4387024e53432b454ea5f1372854f56c,38953966,1,,1284f9141657400869b7eaef1ce7a19eb6fdf6e26e34509f819c6e0920dfd135,
2024-09-21,2024,2024-09,https://data.gdeltproject.org/gkg/20240921.gkg.csv.zip,https://data.gdeltproject.org/gkg/20240921.gkg.csv.zip,6767dd53a26120124c67d0be84db191247e8c7ee730f88685dc53f8f3b43e1b5,2dd98ff0057d52bbcff8f301e4488bc8,24845673,62043,1,1.611759396557282e-05,67762,503,500,AVAILABLE_VALID_CACHE,1,2dd98ff0057d52bbcff8f301e4488bc8,24845673,1,,1284f9141657400869b7eaef1ce7a19eb6fdf6e26e34509f819c6e0920dfd135,
2024-09-22,2024,2024-09,https://data.gdeltproject.org/gkg/20240922.gkg.csv.zip,https://data.gdeltproject.org/gkg/20240922.gkg.csv.zip,25fdeaadd8c10de01ba80c4838da9a4f0ffdbc78ce5a5a12b77ccf10f5215728,370e1330ee5c9501e2acc7090b4ea83d,21342585,53472,1,1.8701026686365082e-05,58637,503,500,AVAILABLE_VALID_CACHE,1,370e1330ee5c9501e2acc7090b4ea83d,21342585,1,,1284f9141657400869b7eaef1ce7a19eb6fdf6e26e34509f819c6e0920dfd135,
2024-09-23,2024,2024-09,https://data.gdeltproject.org/gkg/20240923.gkg.csv.zip,https://data.gdeltproject.org/gkg/20240923.gkg.csv.zip,3c58c3bc5d00d17ee258a8d728b8ecf359eae618ac12c46d49368beb5dda3c56,5a50d3c8ae7a0fc01b23301493cad1bb,37626048,96663,1,1.0345112968633617e-05,107157,503,500,AVAILABLE_VALID_CACHE,1,5a50d3c8ae7a0fc01b23301493cad1bb,37626048,1,,1284f9141657400869b7eaef1ce7a19eb6fdf6e26e34509f819c6e0920dfd135,
2024-09-24,2024,2024-09,https://data.gdeltproject.org/gkg/20240924.gkg.csv.zip,https://data.gdeltproject.org/gkg/20240924.gkg.csv.zip,71ffd47456f74eb3f9d637d42bc9c5d42261230458a0a95c242b37ef6e65fb3f,8eb7fb69c4d056666c2365d1fd07a899,42991949,109130,1,9.163299154227488e-06,120645,503,500,AVAILABLE_VALID_CACHE,1,8eb7fb69c4d056666c2365d1fd07a899,42991949,1,,1284f9141657400869b7eaef1ce7a19eb6fdf6e26e34509f819c6e0920dfd135,
2024-09-25,2024,2024-09,https://data.gdeltproject.org/gkg/20240925.gkg.csv.zip,https://data.gdeltproject.org/gkg/20240925.gkg.csv.zip,8d0b6b921799c68b728fe798347376c60eecd4c63c42dc726031e604e9e42d7e,67942752e4aee83c3ee5d51a72eeafc2,43983593,111708,1,8.951830201684735e-06,124916,503,500,AVAILABLE_VALID_CACHE,1,67942752e4aee83c3ee5d51a72eeafc2,43983593,1,,1284f9141657400869b7eaef1ce7a19eb6fdf6e26e34509f819c6e0920dfd135,
2024-09-26,2024,2024-09,https://data.gdeltproject.org/gkg/20240926.gkg.csv.zip,https://data.gdeltproject.org/gkg/20240926.gkg.csv.zip,50b62396e43f649478167485ce7c202bec6dfd355450bca6e23efafde1aca881,a1b0d92317844c87fcfdce4bd0e72b6f,44091942,111177,1,8.994585259673677e-06,122667,503,500,AVAILABLE_VALID_CACHE,1,a1b0d92317844c87fcfdce4bd0e72b6f,44091942,1,,1284f9141657400869b7eaef1ce7a19eb6fdf6e26e34509f819c6e0920dfd135,
2024-09-27,2024,2024-09,https://data.gdeltproject.org/gkg/20240927.gkg.csv.zip,https://data.gdeltproject.org/gkg/20240927.gkg.csv.zip,7e8c048a4d50e5eeac8acb55013e68ded34a9fdc2e218d329d308c67616d5839,66bedbb547747da344aab10624a5d890,42737629,105525,1,9.47633758505013e-06,116290,503,500,AVAILABLE_VALID_CACHE,1,66bedbb547747da344aab10624a5d890,42737629,1,,1284f9141657400869b7eaef1ce7a19eb6fdf6e26e34509f819c6e0920dfd135,
2024-09-28,2024,2024-09,https://data.gdeltproject.org/gkg/20240928.gkg.csv.zip,https://data.gdeltproject.org/gkg/20240928.gkg.csv.zip,25bab141044ae640f774fdf9e7a42b1aaca965a7d1d414c99ecd8a883e4b0746,af39cfae2615a9081666e52fa7489138,25683993,61829,1,1.6173378618793465e-05,66353,503,500,AVAILABLE_VALID_CACHE,1,af39cfae2615a9081666e52fa7489138,25683993,1,,1284f9141657400869b7eaef1ce7a19eb6fdf6e26e34509f819c6e0920dfd135,
2024-09-29,2024,2024-09,https://data.gdeltproject.org/gkg/20240929.gkg.csv.zip,https://data.gdeltproject.org/gkg/20240929.gkg.csv.zip,60ea516130e7080cc1e9a616b5080d33924da7ec326de0ae3e7e8e6cd7f3295c,121af946ee3460a3e95bd2e9d85c346b,22237681,53606,1,1.8654280224597532e-05,59122,503,500,AVAILABLE_VALID_CACHE,1,121af946ee3460a3e95bd2e9d85c346b,22237681,1,,1284f9141657400869b7eaef1ce7a19eb6fdf6e26e34509f819c6e0920dfd135,
2024-09-30,2024,2024-09,https://data.gdeltproject.org/gkg/20240930.gkg.csv.zip,https://data.gdeltproject.org/gkg/20240930.gkg.csv.zip,07a26b76434106aace79a2460357df26d3b246107ef4db8d981cf24d08d28d53,74a3984c7e96f37f9a5fe78177ffe3fc,40464947,100380,1,9.962044610035764e-06,110145,504,501,AVAILABLE_VALID_CACHE,1,74a3984c7e96f37f9a5fe78177ffe3fc,40464947,1,,1284f9141657400869b7eaef1ce7a19eb6fdf6e26e34509f819c6e0920dfd135,
2024-10-01,2024,2024-10,https://data.gdeltproject.org/gkg/20241001.gkg.csv.zip,https://data.gdeltproject.org/gkg/20241001.gkg.csv.zip,9d114f837cd692ddb46bc0624c091ef56732118a0a1ff094f9d3940772dda854,bf085304992be130a9072e0401c2c91e,44343306,110745,1,9.02967150055081e-06,122628,503,500,AVAILABLE_VALID_CACHE,1,bf085304992be130a9072e0401c2c91e,44343306,1,,1284f9141657400869b7eaef1ce7a19eb6fdf6e26e34509f819c6e0920dfd135,
2024-10-02,2024,2024-10,https://data.gdeltproject.org/gkg/20241002.gkg.csv.zip,https://data.gdeltproject.org/gkg/20241002.gkg.csv.zip,a9dde15c7e2b99b2c3713dea2748e3cbd966df6840746443ff527fe9a924848a,f30d94530b3d68e51575e9065915321a,43487014,108073,1,9.2529192960379e-06,119854,503,500,AVAILABLE_VALID_CACHE,1,f30d94530b3d68e51575e9065915321a,43487014,1,,1284f9141657400869b7eaef1ce7a19eb6fdf6e26e34509f819c6e0920dfd135,
2024-10-03,2024,2024-10,https://data.gdeltproject.org/gkg/20241003.gkg.csv.zip,https://data.gdeltproject.org/gkg/20241003.gkg.csv.zip,7d1670f354c37c48c8d8efd8469519087eb0e0fee2fed7582f3155674da3d539,22ff2826fa15c61919b4c0b68ab612fc,41365515,104447,1,9.574142156862745e-06,116738,503,500,AVAILABLE_VALID_CACHE,1,22ff2826fa15c61919b4c0b68ab612fc,41365515,1,,1284f9141657400869b7eaef1ce7a19eb6fdf6e26e34509f819c6e0920dfd135,
2024-10-04,2024,2024-10,https://data.gdeltproject.org/gkg/20241004.gkg.csv.zip,https://data.gdeltproject.org/gkg/20241004.gkg.csv.zip,6c2c60cdb3264db76423a211afd1eaaa187c5b4ddd0d0cb807dee8a710c931a5,2605743fc1af811ae386fa449a3267c6,40239136,102655,1,9.741271820448878e-06,114295,503,500,AVAILABLE_VALID_CACHE,1,2605743fc1af811ae386fa449a3267c6,40239136,1,,1284f9141657400869b7eaef1ce7a19eb6fdf6e26e34509f819c6e0920dfd135,
2024-10-05,2024,2024-10,https://data.gdeltproject.org/gkg/20241005.gkg.csv.zip,https://data.gdeltproject.org/gkg/20241005.gkg.csv.zip,878b8dc7b93513655d5c4a629a36e55e4961a7fe048532c498eceb87f761290d,c9dc9c1b1022345a1ea68de74a0a4406,23599969,58391,1,1.7125633648444993e-05,63156,503,500,AVAILABLE_VALID_CACHE,1,c9dc9c1b1022345a1ea68de74a0a4406,23599969,1,,1284f9141657400869b7eaef1ce7a19eb6fdf6e26e34509f819c6e0920dfd135,
2024-10-06,2024,2024-10,https://data.gdeltproject.org/gkg/20241006.gkg.csv.zip,https://data.gdeltproject.org/gkg/20241006.gkg.csv.zip,bc791f7fd9dee4c5578dd72fe6c24132a91542725a338e2b3c1b125004bf8d6d,433b2181ed41b6ba83ca3d7bfe8fce37,21490862,52304,1,1.911863110601281e-05,57300,503,500,AVAILABLE_VALID_CACHE,1,433b2181ed41b6ba83ca3d7bfe8fce37,21490862,1,,1284f9141657400869b7eaef1ce7a19eb6fdf6e26e34509f819c6e0920dfd135,
2024-10-07,2024,2024-10,https://data.gdeltproject.org/gkg/20241007.gkg.csv.zip,https://data.gdeltproject.org/gkg/20241007.gkg.csv.zip,0065dda18034727a0cf387e0dd19f54511a7d119ae89d6e50d206563970c820f,562e2985b68c1dee7ea66ad48f450820,38493978,95287,1,1.0494500881538074e-05,105360,503,500,AVAILABLE_VALID_CACHE,1,562e2985b68c1dee7ea66ad48f450820,38493978,1,,1284f9141657400869b7eaef1ce7a19eb6fdf6e26e34509f819c6e0920dfd135,
2024-10-08,2024,2024-10,https://data.gdeltproject.org/gkg/20241008.gkg.csv.zip,https://data.gdeltproject.org/gkg/20241008.gkg.csv.zip,e8eee2d87efab3e71b3f2cc12b3b083e9356f49a2b3873095bd7ae0a551122dc,d35b41088f4228416be8c98d291a7b88,42375165,108284,1,9.234889412199289e-06,120581,503,500,AVAILABLE_VALID_CACHE,1,d35b41088f4228416be8c98d291a7b88,42375165,1,,1284f9141657400869b7eaef1ce7a19eb6fdf6e26e34509f819c6e0920dfd135,
2024-10-09,2024,2024-10,https://data.gdeltproject.org/gkg/20241009.gkg.csv.zip,https://data.gdeltproject.org/gkg/20241009.gkg.csv.zip,33866611c5e937458fc9b9e7cef85b4134c59d4eca0a4851237fb1e905693260,a8151093082f2131e1d4a0a01965b910,42841932,108974,1,9.176416609314063e-06,119764,503,500,AVAILABLE_VALID_CACHE,1,a8151093082f2131e1d4a0a01965b910,42841932,1,,1284f9141657400869b7eaef1ce7a19eb6fdf6e26e34509f819c6e0920dfd135,
2024-10-10,2024,2024-10,https://data.gdeltproject.org/gkg/20241010.gkg.csv.zip,https://data.gdeltproject.org/gkg/20241010.gkg.csv.zip,edde2f07fd8143edf2341e9d49c8cd912ba97ca43631f7943f11c883cde818b6,849f24e4ccde4aa0101af6fd81baeff6,42481793,106783,1,9.364698831285586e-06,118509,503,500,AVAILABLE_VALID_CACHE,1,849f24e4ccde4aa0101af6fd81baeff6,42481793,1,,1284f9141657400869b7eaef1ce7a19eb6fdf6e26e34509f819c6e0920dfd135,
2024-10-11,2024,2024-10,https://data.gdeltproject.org/gkg/20241011.gkg.csv.zip,https://data.gdeltproject.org/gkg/20241011.gkg.csv.zip,385e38ad89c43ee0060f876b600e979b7aadeb5eb5a33a224f8362406efac6ab,8066f85c153698d97ff3e820444a0680,39699943,100077,1,9.99220607925818e-06,112517,503,500,AVAILABLE_VALID_CACHE,1,8066f85c153698d97ff3e820444a0680,39699943,1,,1284f9141657400869b7eaef1ce7a19eb6fdf6e26e34509f819c6e0920dfd135,
2024-10-12,2024,2024-10,https://data.gdeltproject.org/gkg/20241012.gkg.csv.zip,https://data.gdeltproject.org/gkg/20241012.gkg.csv.zip,73444e88ae9e1aef6630a80c3f7f277663b0479061db01cdc66d0d2faf6e0204,0607cc17bb0b4fec632a68d71939ea87,22500122,56576,1,1.7675026954416105e-05,62304,503,500,AVAILABLE_VALID_CACHE,1,0607cc17bb0b4fec632a68d71939ea87,22500122,1,,1284f9141657400869b7eaef1ce7a19eb6fdf6e26e34509f819c6e0920dfd135,
2024-10-13,2024,2024-10,https://data.gdeltproject.org/gkg/20241013.gkg.csv.zip,https://data.gdeltproject.org/gkg/20241013.gkg.csv.zip,ff2c523416cec6b3cc996b5655b272bec28a95754f3605662ba5c18a5c3a0ceb,b41444350e9d69abbf825861f7e3cc97,20966741,52652,1,1.8992270146050556e-05,57270,503,500,AVAILABLE_VALID_CACHE,1,b41444350e9d69abbf825861f7e3cc97,20966741,1,,1284f9141657400869b7eaef1ce7a19eb6fdf6e26e34509f819c6e0920dfd135,
2024-10-14,2024,2024-10,https://data.gdeltproject.org/gkg/20241014.gkg.csv.zip,https://data.gdeltproject.org/gkg/20241014.gkg.csv.zip,0b41b9bdac21c83ff0b9536decb0a81f8047917e3036b5f749b41af8cc4c4856,d1bf792cd1c6fd2c745c3d8e576a72cd,35641277,91848,1,1.0887434811484067e-05,103301,503,500,AVAILABLE_VALID_CACHE,1,d1bf792cd1c6fd2c745c3d8e576a72cd,35641277,1,,1284f9141657400869b7eaef1ce7a19eb6fdf6e26e34509f819c6e0920dfd135,
2024-10-15,2024,2024-10,https://data.gdeltproject.org/gkg/20241015.gkg.csv.zip,https://data.gdeltproject.org/gkg/20241015.gkg.csv.zip,89eabf29b64025e57adc35897fc2ea2e5c20cca1a6996e1a0a0abac9f020ceb7,69293e76ddde2b0c1797e3b34932cd44,40899912,105300,1,9.496585977341145e-06,118179,503,500,AVAILABLE_VALID_CACHE,1,69293e76ddde2b0c1797e3b34932cd44,40899912,1,,1284f9141657400869b7eaef1ce7a19eb6fdf6e26e34509f819c6e0920dfd135,
2024-10-16,2024,2024-10,https://data.gdeltproject.org/gkg/20241016.gkg.csv.zip,https://data.gdeltproject.org/gkg/20241016.gkg.csv.zip,af5c285324710066dacb0a67d5293775b622147ffe67558923d453d77563607e,22fdd627f92d4c4200ec7567b7515cde,43471783,112767,1,8.867763904653802e-06,124484,503,500,AVAILABLE_VALID_CACHE,1,22fdd627f92d4c4200ec7567b7515cde,43471783,1,,1284f9141657400869b7eaef1ce7a19eb6fdf6e26e34509f819c6e0920dfd135,
2024-10-17,2024,2024-10,https://data.gdeltproject.org/gkg/20241017.gkg.csv.zip,https://data.gdeltproject.org/gkg/20241017.gkg.csv.zip,7f116dda658433cfa3098293c129003693f76008646b7f4d59820c89ad5c0fdd,0f2d0dad99d1013ec0ee7e9e566ff589,44037922,113298,1,8.826203232155624e-06,126250,503,500,AVAILABLE_VALID_CACHE,1,0f2d0dad99d1013ec0ee7e9e566ff589,44037922,1,,1284f9141657400869b7eaef1ce7a19eb6fdf6e26e34509f819c6e0920dfd135,
2024-10-18,2024,2024-10,https://data.gdeltproject.org/gkg/20241018.gkg.csv.zip,https://data.gdeltproject.org/gkg/20241018.gkg.csv.zip,f7f18d4d5679fcbb0d65ac09ac56e4ac63e467ef4c843c84b43695fb84082e5f,cbf8af8a7bf4bde615c1e36cf5af73c5,40711015,103971,1,9.617974069941908e-06,114015,503,500,AVAILABLE_VALID_CACHE,1,cbf8af8a7bf4bde615c1e36cf5af73c5,40711015,1,,1284f9141657400869b7eaef1ce7a19eb6fdf6e26e34509f819c6e0920dfd135,
2024-10-19,2024,2024-10,https://data.gdeltproject.org/gkg/20241019.gkg.csv.zip,https://data.gdeltproject.org/gkg/20241019.gkg.csv.zip,961d97446fa2f802b98796647ac06ba9659bf7a94751fd5b5b89f401012ccf5f,b957f1866e51b24b67abe20aae706e5e,23583862,59149,1,1.69061707523246e-05,65339,503,500,AVAILABLE_VALID_CACHE,1,b957f1866e51b24b67abe20aae706e5e,23583862,1,,1284f9141657400869b7eaef1ce7a19eb6fdf6e26e34509f819c6e0920dfd135,
2024-10-20,2024,2024-10,https://data.gdeltproject.org/gkg/20241020.gkg.csv.zip,https://data.gdeltproject.org/gkg/20241020.gkg.csv.zip,057a254467538fa87d5b6082e6e87eb760ea92952efb3984a2edb71819501aaa,50ec3bf51588595fec03edf6b629961c,21657664,54170,1,1.8460061656605934e-05,59204,503,500,AVAILABLE_VALID_CACHE,1,50ec3bf51588595fec03edf6b629961c,21657664,1,,1284f9141657400869b7eaef1ce7a19eb6fdf6e26e34509f819c6e0920dfd135,
2024-10-21,2024,2024-10,https://data.gdeltproject.org/gkg/20241021.gkg.csv.zip,https://data.gdeltproject.org/gkg/20241021.gkg.csv.zip,33f4fecf7a11d1d1dc667c4b38089b78c55785844567477dc04b5077e02b163a,beb2d8214f6fd2da0694263231139966,37607251,95583,1,1.0462002008704386e-05,106222,503,500,AVAILABLE_VALID_CACHE,1,beb2d8214f6fd2da0694263231139966,37607251,1,,1284f9141657400869b7eaef1ce7a19eb6fdf6e26e34509f819c6e0920dfd135,
2024-10-22,2024,2024-10,https://data.gdeltproject.org/gkg/20241022.gkg.csv.zip,https://data.gdeltproject.org/gkg/20241022.gkg.csv.zip,28fedc4f7041a61172ab2078bf5d89113e6c9611763e20a2666b5ffb365319cb,5ef39855417fa34dd0491ce1c66f55c7,41820746,106991,1,9.346493195752953e-06,117759,503,500,AVAILABLE_VALID_CACHE,1,5ef39855417fa34dd0491ce1c66f55c7,41820746,1,,1284f9141657400869b7eaef1ce7a19eb6fdf6e26e34509f819c6e0920dfd135,
2024-10-23,2024,2024-10,https://data.gdeltproject.org/gkg/20241023.gkg.csv.zip,https://data.gdeltproject.org/gkg/20241023.gkg.csv.zip,43d05b6ed8f1b5f16ad96ff716696b0a29ae03bb5b39105ba37f5665672e7e81,9dc7302a96e6487bb04f451ac5835c0b,43289087,111050,1,9.004871635554836e-06,123494,503,500,AVAILABLE_VALID_CACHE,1,9dc7302a96e6487bb04f451ac5835c0b,43289087,1,,1284f9141657400869b7eaef1ce7a19eb6fdf6e26e34509f819c6e0920dfd135,
2024-10-24,2024,2024-10,https://data.gdeltproject.org/gkg/20241024.gkg.csv.zip,https://data.gdeltproject.org/gkg/20241024.gkg.csv.zip,18036b9982331c6cfef49096945bbe65da2562f4fcadd99c682f4a7fe97b1141,fd010322c8ba24acb8cfbbf5c67964cf,43660806,111516,1,8.967242662553692e-06,122425,503,500,AVAILABLE_VALID_CACHE,1,fd010322c8ba24acb8cfbbf5c67964cf,43660806,1,,1284f9141657400869b7eaef1ce7a19eb6fdf6e26e34509f819c6e0920dfd135,
2024-10-25,2024,2024-10,https://data.gdeltproject.org/gkg/20241025.gkg.csv.zip,https://data.gdeltproject.org/gkg/20241025.gkg.csv.zip,18d9e705e9b12c0c89e264eaf244cd3e4f8b1d288605a861f105f035f4b8b742,7c0fbfd79104bc81411a0c8c127e88e0,40680086,102821,1,9.725545116803797e-06,114546,503,500,AVAILABLE_VALID_CACHE,1,7c0fbfd79104bc81411a0c8c127e88e0,40680086,1,,1284f9141657400869b7eaef1ce7a19eb6fdf6e26e34509f819c6e0920dfd135,
2024-10-26,2024,2024-10,https://data.gdeltproject.org/gkg/20241026.gkg.csv.zip,https://data.gdeltproject.org/gkg/20241026.gkg.csv.zip,bafea1dc532675c83a40d2ae3b8bf0819736f3263a460bb8154b692b86db9952,75efbd6daa0c6f1f5a184e74e5489501,24270785,60482,1,1.6533571416761736e-05,65768,503,500,AVAILABLE_VALID_CACHE,1,75efbd6daa0c6f1f5a184e74e5489501,24270785,1,,1284f9141657400869b7eaef1ce7a19eb6fdf6e26e34509f819c6e0920dfd135,
2024-10-27,2024,2024-10,https://data.gdeltproject.org/gkg/20241027.gkg.csv.zip,https://data.gdeltproject.org/gkg/20241027.gkg.csv.zip,337fb4954e0e265ad76143eebf322f83bc0a5ae71d0afc6dd464dff8b20f6132,12cd4b94f17d853c540820d6f76c39f8,21127601,53423,1,1.8718179095537587e-05,58038,503,500,AVAILABLE_VALID_CACHE,1,12cd4b94f17d853c540820d6f76c39f8,21127601,1,,1284f9141657400869b7eaef1ce7a19eb6fdf6e26e34509f819c6e0920dfd135,
2024-10-28,2024,2024-10,https://data.gdeltproject.org/gkg/20241028.gkg.csv.zip,https://data.gdeltproject.org/gkg/20241028.gkg.csv.zip,1a93723e5a6d9c7a7cb379999a94b6938c61258d6011f5665917d2f6a4bcacae,e9de4998da1b90dcff77b6a747b60b8c,37159789,95264,1,1.0497034587728967e-05,105307,503,500,AVAILABLE_VALID_CACHE,1,e9de4998da1b90dcff77b6a747b60b8c,37159789,1,,1284f9141657400869b7eaef1ce7a19eb6fdf6e26e34509f819c6e0920dfd135,
2024-10-29,2024,2024-10,https://data.gdeltproject.org/gkg/20241029.gkg.csv.zip,https://data.gdeltproject.org/gkg/20241029.gkg.csv.zip,8cba0a252642f86169b3b7e536203df118f00f73d4c73d482006d6a114f547a2,9b6d016552ea2060b168d2d922b70046,41967073,106432,1,9.395582197250852e-06,118393,503,500,AVAILABLE_VALID_CACHE,1,9b6d016552ea2060b168d2d922b70046,41967073,1,,1284f9141657400869b7eaef1ce7a19eb6fdf6e26e34509f819c6e0920dfd135,
2024-10-30,2024,2024-10,https://data.gdeltproject.org/gkg/20241030.gkg.csv.zip,https://data.gdeltproject.org/gkg/20241030.gkg.csv.zip,6b5fe8e389f5474e8dc5dd7b6bdc9a037a4cfc19424b0131aabb82d4f7b8c1a9,0e150403a48398bc1678c335acef05c8,42133964,107746,1,9.28100086313308e-06,118887,503,500,AVAILABLE_VALID_CACHE,1,0e150403a48398bc1678c335acef05c8,42133964,1,,1284f9141657400869b7eaef1ce7a19eb6fdf6e26e34509f819c6e0920dfd135,
2024-10-31,2024,2024-10,https://data.gdeltproject.org/gkg/20241031.gkg.csv.zip,https://data.gdeltproject.org/gkg/20241031.gkg.csv.zip,49a23f6f4f854d153a22443c615b8b572b88c049328089c79ed5f7daf3c6947e,125d020d339df76c381eba965a949f55,40868109,104916,1,9.531343824165769e-06,115902,503,500,AVAILABLE_VALID_CACHE,1,125d020d339df76c381eba965a949f55,40868109,1,,1284f9141657400869b7eaef1ce7a19eb6fdf6e26e34509f819c6e0920dfd135,
2024-11-01,2024,2024-11,https://data.gdeltproject.org/gkg/20241101.gkg.csv.zip,https://data.gdeltproject.org/gkg/20241101.gkg.csv.zip,93c4c71030a5b3f505ac2663f694f6fddc38626d32770863ffb89d0e1a55102b,23949dcc64b7b1ce91ce27de2a2d64e0,39608008,100227,1,9.977251865746098e-06,110707,503,500,AVAILABLE_VALID_CACHE,1,23949dcc64b7b1ce91ce27de2a2d64e0,39608008,1,,1284f9141657400869b7eaef1ce7a19eb6fdf6e26e34509f819c6e0920dfd135,
2024-11-02,2024,2024-11,https://data.gdeltproject.org/gkg/20241102.gkg.csv.zip,https://data.gdeltproject.org/gkg/20241102.gkg.csv.zip,7350ccee8c3ec40cdb5af107eb556df9cd7aa9e50f5630a0d56a7c941a0d0c50,2ca760b163007c4f0b11597bad1f75cc,23709338,60078,1,1.6644751077747633e-05,65485,503,500,AVAILABLE_VALID_CACHE,1,2ca760b163007c4f0b11597bad1f75cc,23709338,1,,1284f9141657400869b7eaef1ce7a19eb6fdf6e26e34509f819c6e0920dfd135,
2024-11-03,2024,2024-11,https://data.gdeltproject.org/gkg/20241103.gkg.csv.zip,https://data.gdeltproject.org/gkg/20241103.gkg.csv.zip,4e0d7e6e372a9a401f75360e4b648bcfedbfa517173f7457c7b41fabcebeeea9,745540e000b4db65fcf68ca1dd200365,20453784,51371,1,1.9465856887020166e-05,56541,503,500,AVAILABLE_VALID_CACHE,1,745540e000b4db65fcf68ca1dd200365,20453784,1,,1284f9141657400869b7eaef1ce7a19eb6fdf6e26e34509f819c6e0920dfd135,
2024-11-04,2024,2024-11,https://data.gdeltproject.org/gkg/20241104.gkg.csv.zip,https://data.gdeltproject.org/gkg/20241104.gkg.csv.zip,1a636b7ab9003523060365cd3b74ee05df03d59ba629780f4dcb566dd816bc85,b8ebea1e90f91bab4749a9a90a045d5a,37315314,94869,1,1.0540739959945187e-05,104714,503,500,AVAILABLE_VALID_CACHE,1,b8ebea1e90f91bab4749a9a90a045d5a,37315314,1,,1284f9141657400869b7eaef1ce7a19eb6fdf6e26e34509f819c6e0920dfd135,
2024-11-05,2024,2024-11,https://data.gdeltproject.org/gkg/20241105.gkg.csv.zip,https://data.gdeltproject.org/gkg/20241105.gkg.csv.zip,c3db3fbb3826fc96ec15d2283b4137b602d676a2f5729a519a0d0d9a82e9d6c0,08dd7903d09e37e23a5ac4da808c8fbb,41851055,107605,1,9.293162091333197e-06,119059,503,500,AVAILABLE_VALID_CACHE,1,08dd7903d09e37e23a5ac4da808c8fbb,41851055,1,,1284f9141657400869b7eaef1ce7a19eb6fdf6e26e34509f819c6e0920dfd135,
2024-11-06,2024,2024-11,https://data.gdeltproject.org/gkg/20241106.gkg.csv.zip,https://data.gdeltproject.org/gkg/20241106.gkg.csv.zip,b215495af4abb8597916ecae17fb48ef88b3984e15450a335f0d7e1039b0035a,b4735677da26a1b29a9d464bb0c7b335,48033447,123432,1,8.10156117083762e-06,135330,503,500,AVAILABLE_VALID_CACHE,1,b4735677da26a1b29a9d464bb0c7b335,48033447,1,,1284f9141657400869b7eaef1ce7a19eb6fdf6e26e34509f819c6e0920dfd135,
2024-11-07,2024,2024-11,https://data.gdeltproject.org/gkg/20241107.gkg.csv.zip,https://data.gdeltproject.org/gkg/20241107.gkg.csv.zip,fbc1ddbb0a2c057c86af25fdbfca70231ec041359ae2504bc6ad8f4380ddcfa9,46b2be113869059c742bbc19ba0f1354,42636953,109781,1,9.108961396221603e-06,121221,503,500,AVAILABLE_VALID_CACHE,1,46b2be113869059c742bbc19ba0f1354,42636953,1,,1284f9141657400869b7eaef1ce7a19eb6fdf6e26e34509f819c6e0920dfd135,
2024-11-08,2024,2024-11,https://data.gdeltproject.org/gkg/20241108.gkg.csv.zip,https://data.gdeltproject.org/gkg/20241108.gkg.csv.zip,9bfafbcf024784f0afea1b43587ff88b775f3517605326c76c10b41251a282e1,236abf2b74659ca59e7b2fe404abb0a9,39639920,103928,1,9.621953448989214e-06,115111,503,500,AVAILABLE_VALID_CACHE,1,236abf2b74659ca59e7b2fe404abb0a9,39639920,1,,1284f9141657400869b7eaef1ce7a19eb6fdf6e26e34509f819c6e0920dfd135,
2024-11-09,2024,2024-11,https://data.gdeltproject.org/gkg/20241109.gkg.csv.zip,https://data.gdeltproject.org/gkg/20241109.gkg.csv.zip,e4b14739f166f86efb7e9ca1c798efe9fbc97547c6533879e32241c13ca46698,7034d7a08d18bcc166a890767e760e2b,23764261,61058,1,1.6377601991516402e-05,66647,503,500,AVAILABLE_VALID_CACHE,1,7034d7a08d18bcc166a890767e760e2b,23764261,1,,1284f9141657400869b7eaef1ce7a19eb6fdf6e26e34509f819c6e0920dfd135,
2024-11-10,2024,2024-11,https://data.gdeltproject.org/gkg/20241110.gkg.csv.zip,https://data.gdeltproject.org/gkg/20241110.gkg.csv.zip,acc340c1e0065da0200587f16315cd5203c4f960601e12485745027bd468a2e5,9ab3291c584aed8cfbd0ae2f91c71922,19974103,51263,1,1.9506866416978777e-05,55728,503,500,AVAILABLE_VALID_CACHE,1,9ab3291c584aed8cfbd0ae2f91c71922,19974103,1,,1284f9141657400869b7eaef1ce7a19eb6fdf6e26e34509f819c6e0920dfd135,
2024-11-11,2024,2024-11,https://data.gdeltproject.org/gkg/20241111.gkg.csv.zip,https://data.gdeltproject.org/gkg/20241111.gkg.csv.zip,f2335acaf6d5e46efbf5a7055e0e63e842fa6aed18fd639986f19c0f1e70edae,d0c821a621e473f5b8465623e44ef878,35038086,91337,1,1.094834570496398e-05,101928,503,500,AVAILABLE_VALID_CACHE,1,d0c821a621e473f5b8465623e44ef878,35038086,1,,1284f9141657400869b7eaef1ce7a19eb6fdf6e26e34509f819c6e0920dfd135,
2024-11-12,2024,2024-11,https://data.gdeltproject.org/gkg/20241112.gkg.csv.zip,https://data.gdeltproject.org/gkg/20241112.gkg.csv.zip,cead7bc36f4c5ee2ee73138fa6b17a4693d80ad19388abb6808433dbbe2f964d,7e086fd7e60b07b82cef45bcadc8e7e4,41821113,108405,1,9.224581665221482e-06,119769,503,500,AVAILABLE_VALID_CACHE,1,7e086fd7e60b07b82cef45bcadc8e7e4,41821113,1,,1284f9141657400869b7eaef1ce7a19eb6fdf6e26e34509f819c6e0920dfd135,
2024-11-13,2024,2024-11,https://data.gdeltproject.org/gkg/20241113.gkg.csv.zip,https://data.gdeltproject.org/gkg/20241113.gkg.csv.zip,503c4198bf87579cc0118cae3eef9d74a4c36fc2143e2d0923bb0bee8002bfc4,234322ef860bd0aab72952d00b38bfa1,43728180,112726,1,8.870989204006139e-06,125074,503,500,AVAILABLE_VALID_CACHE,1,234322ef860bd0aab72952d00b38bfa1,43728180,1,,1284f9141657400869b7eaef1ce7a19eb6fdf6e26e34509f819c6e0920dfd135,
2024-11-14,2024,2024-11,https://data.gdeltproject.org/gkg/20241114.gkg.csv.zip,https://data.gdeltproject.org/gkg/20241114.gkg.csv.zip,ef0e8354fe1a03b991de0407eccdf7c40adcd29dc3a1215c5b333a0933603740,22077acf816d746ebca3538961785fcb,43193308,111203,1,8.992482284809899e-06,121493,503,500,AVAILABLE_VALID_CACHE,1,22077acf816d746ebca3538961785fcb,43193308,1,,1284f9141657400869b7eaef1ce7a19eb6fdf6e26e34509f819c6e0920dfd135,
2024-11-15,2024,2024-11,https://data.gdeltproject.org/gkg/20241115.gkg.csv.zip,https://data.gdeltproject.org/gkg/20241115.gkg.csv.zip,d02b1c3ddd29b6310e25ae3dbf2c2ceac4268e4c23d6ee3138a988684fc2ced4,7dafbd249762bca375a52f8174de4d3a,40440572,104025,1,9.612981370042105e-06,115019,503,500,AVAILABLE_VALID_CACHE,1,7dafbd249762bca375a52f8174de4d3a,40440572,1,,1284f9141657400869b7eaef1ce7a19eb6fdf6e26e34509f819c6e0920dfd135,
2024-11-16,2024,2024-11,https://data.gdeltproject.org/gkg/20241116.gkg.csv.zip,https://data.gdeltproject.org/gkg/20241116.gkg.csv.zip,75c12cf5d7707b77036bfb66281ca48edff6fc49e905b7aa9c3db8b10c854559,ab73f46ab724ed624c0c17aa652d8137,24125567,61710,1,1.6204566446824714e-05,68351,503,500,AVAILABLE_VALID_CACHE,1,ab73f46ab724ed624c0c17aa652d8137,24125567,1,,1284f9141657400869b7eaef1ce7a19eb6fdf6e26e34509f819c6e0920dfd135,
2024-11-17,2024,2024-11,https://data.gdeltproject.org/gkg/20241117.gkg.csv.zip,https://data.gdeltproject.org/gkg/20241117.gkg.csv.zip,74fd12e8eef2550acca34611eab18d2ea2bbafe952f306431fee147d69b0b685,f10665e47ab0e5eac09a68bf5aa58038,20942886,52026,1,1.9220789205604784e-05,56909,503,500,AVAILABLE_VALID_CACHE,1,f10665e47ab0e5eac09a68bf5aa58038,20942886,1,,1284f9141657400869b7eaef1ce7a19eb6fdf6e26e34509f819c6e0920dfd135,
2024-11-18,2024,2024-11,https://data.gdeltproject.org/gkg/20241118.gkg.csv.zip,https://data.gdeltproject.org/gkg/20241118.gkg.csv.zip,cb85e35adf382fb9510e05f0a2659aa715d95787ecaaebe587d239267d6434cb,407f9617f48d4c9c9dbf7078e27700af,36918126,95623,1,1.0457625700660922e-05,106312,503,500,AVAILABLE_VALID_CACHE,1,407f9617f48d4c9c9dbf7078e27700af,36918126,1,,1284f9141657400869b7eaef1ce7a19eb6fdf6e26e34509f819c6e0920dfd135,
2024-11-19,2024,2024-11,https://data.gdeltproject.org/gkg/20241119.gkg.csv.zip,https://data.gdeltproject.org/gkg/20241119.gkg.csv.zip,eae6caca0d7389a0d8fd5416033660c432c299686d261ab375e655dca6b15363,06413e93b2d2a8b17fe8033f47f9d66f,42266868,109319,1,9.147457006952068e-06,122150,503,500,AVAILABLE_VALID_CACHE,1,06413e93b2d2a8b17fe8033f47f9d66f,42266868,1,,1284f9141657400869b7eaef1ce7a19eb6fdf6e26e34509f819c6e0920dfd135,
2024-11-20,2024,2024-11,https://data.gdeltproject.org/gkg/20241120.gkg.csv.zip,https://data.gdeltproject.org/gkg/20241120.gkg.csv.zip,ecf0546a5c94bc3930b367f919ab3b60e5755d0fd79040889b0affe362b5acca,35c81dd6e8f4b49d76c74c7579cf971c,42825336,110308,1,9.06544343616568e-06,122050,503,500,AVAILABLE_VALID_CACHE,1,35c81dd6e8f4b49d76c74c7579cf971c,42825336,1,,1284f9141657400869b7eaef1ce7a19eb6fdf6e26e34509f819c6e0920dfd135,
2024-11-21,2024,2024-11,https://data.gdeltproject.org/gkg/20241121.gkg.csv.zip,https://data.gdeltproject.org/gkg/20241121.gkg.csv.zip,b493a430401753e43db8c296216c3e994b1d0fe7a4e86cd027cf9251b4219010,ab4b7f174c0c6455f64f2e14d070d387,44069853,112956,1,8.852926334799968e-06,123609,503,500,AVAILABLE_VALID_CACHE,1,ab4b7f174c0c6455f64f2e14d070d387,44069853,1,,1284f9141657400869b7eaef1ce7a19eb6fdf6e26e34509f819c6e0920dfd135,
2024-11-22,2024,2024-11,https://data.gdeltproject.org/gkg/20241122.gkg.csv.zip,https://data.gdeltproject.org/gkg/20241122.gkg.csv.zip,405129a6790de595333d01e6760765896da20b585cc641e680a7db868c5de65d,06570a1bf4797c2d9c993d4c0c79c4c7,40267159,104750,1,9.546448243930846e-06,116526,503,500,AVAILABLE_VALID_CACHE,1,06570a1bf4797c2d9c993d4c0c79c4c7,40267159,1,,1284f9141657400869b7eaef1ce7a19eb6fdf6e26e34509f819c6e0920dfd135,
2024-11-23,2024,2024-11,https://data.gdeltproject.org/gkg/20241123.gkg.csv.zip,https://data.gdeltproject.org/gkg/20241123.gkg.csv.zip,97310940ba7d10b6757dcbd4bce42e3623f4ee974ac2bc5c1dd4d08efaf922f8,d43e3298ba543ad6832074e8570e5480,24909124,61202,1,1.633906834632289e-05,66669,503,500,AVAILABLE_VALID_CACHE,1,d43e3298ba543ad6832074e8570e5480,24909124,1,,1284f9141657400869b7eaef1ce7a19eb6fdf6e26e34509f819c6e0920dfd135,
2024-11-24,2024,2024-11,https://data.gdeltproject.org/gkg/20241124.gkg.csv.zip,https://data.gdeltproject.org/gkg/20241124.gkg.csv.zip,dd703d18d55bfbe039bbb6f53a5f9e776f24ccb8e596171176065811fc461ec9,c25dbf2a646b47112301b0b9992e8c2d,20462303,50433,1,1.9827893881111947e-05,55222,503,500,AVAILABLE_VALID_CACHE,1,c25dbf2a646b47112301b0b9992e8c2d,20462303,1,,1284f9141657400869b7eaef1ce7a19eb6fdf6e26e34509f819c6e0920dfd135,
2024-11-25,2024,2024-11,https://data.gdeltproject.org/gkg/20241125.gkg.csv.zip,https://data.gdeltproject.org/gkg/20241125.gkg.csv.zip,badd8405c7e68bd1b94494c7af1800bc1174d65058d55d079cc4e0c1171d753d,5974a73520d736a3fb55f58c04f01fe8,36791469,94149,1,1.0621348911311737e-05,103841,503,500,AVAILABLE_VALID_CACHE,1,5974a73520d736a3fb55f58c04f01fe8,36791469,1,,1284f9141657400869b7eaef1ce7a19eb6fdf6e26e34509f819c6e0920dfd135,
2024-11-26,2024,2024-11,https://data.gdeltproject.org/gkg/20241126.gkg.csv.zip,https://data.gdeltproject.org/gkg/20241126.gkg.csv.zip,edb893a8d31931bcaed6e8aa6131b37bb1fefd50546cb4ace2d22b5202654b90,ca4742f6e38ad4402a3223d98d2ff7f5,40653201,104686,1,9.552284428821153e-06,119227,503,500,AVAILABLE_VALID_CACHE,1,ca4742f6e38ad4402a3223d98d2ff7f5,40653201,1,,1284f9141657400869b7eaef1ce7a19eb6fdf6e26e34509f819c6e0920dfd135,
2024-11-27,2024,2024-11,https://data.gdeltproject.org/gkg/20241127.gkg.csv.zip,https://data.gdeltproject.org/gkg/20241127.gkg.csv.zip,c0ad0483c49b3c4158500371185eb592f54dfdac17150c404c24ffe16af516c6,ec3e16cbe5dd164bf4f4763ef79daa0e,40555576,104943,1,9.528891599329166e-06,116382,503,500,AVAILABLE_VALID_CACHE,1,ec3e16cbe5dd164bf4f4763ef79daa0e,40555576,1,,1284f9141657400869b7eaef1ce7a19eb6fdf6e26e34509f819c6e0920dfd135,
2024-11-28,2024,2024-11,https://data.gdeltproject.org/gkg/20241128.gkg.csv.zip,https://data.gdeltproject.org/gkg/20241128.gkg.csv.zip,26ee3164c26410aafb7097c6db3c73ee94cc83dfd7f96f6c772a93c0d1dd6d53,e2c4cd9ab180ee785d14c1b3e143af86,32980157,86594,1,1.1548010855130204e-05,94653,503,500,AVAILABLE_VALID_CACHE,1,e2c4cd9ab180ee785d14c1b3e143af86,32980157,1,,1284f9141657400869b7eaef1ce7a19eb6fdf6e26e34509f819c6e0920dfd135,
2024-11-29,2024,2024-11,https://data.gdeltproject.org/gkg/20241129.gkg.csv.zip,https://data.gdeltproject.org/gkg/20241129.gkg.csv.zip,d38fe51a8826c513658c818de7c6eab0b8521c7cd4548d15f1731c09237924de,117859946a559760f92ad02bf4d95aad,31339900,81347,1,1.2292865221025717e-05,89348,503,500,AVAILABLE_VALID_CACHE,1,117859946a559760f92ad02bf4d95aad,31339900,1,,1284f9141657400869b7eaef1ce7a19eb6fdf6e26e34509f819c6e0920dfd135,
2024-11-30,2024,2024-11,https://data.gdeltproject.org/gkg/20241130.gkg.csv.zip,https://data.gdeltproject.org/gkg/20241130.gkg.csv.zip,98f34bf84355617cf3b3fdbb57f46e31ce7b4e4c34cb5b5c4b294d1c618daadb,05f7a7702dfe8432f45d1b46bd454b39,22652038,57700,1,1.7330722171192874e-05,62470,503,500,AVAILABLE_VALID_CACHE,1,05f7a7702dfe8432f45d1b46bd454b39,22652038,1,,1284f9141657400869b7eaef1ce7a19eb6fdf6e26e34509f819c6e0920dfd135,
2024-12-01,2024,2024-12,https://data.gdeltproject.org/gkg/20241201.gkg.csv.zip,https://data.gdeltproject.org/gkg/20241201.gkg.csv.zip,382ee2ea99fa7ba7630698a877b81206cb4804ecdb382eca428dd5461c7e509b,5aa0bd6be8dd6f67c4fe52bfe5528f8b,21182507,53085,1,1.8837358248879177e-05,57688,503,500,AVAILABLE_VALID_CACHE,1,5aa0bd6be8dd6f67c4fe52bfe5528f8b,21182507,1,,1284f9141657400869b7eaef1ce7a19eb6fdf6e26e34509f819c6e0920dfd135,
2024-12-02,2024,2024-12,https://data.gdeltproject.org/gkg/20241202.gkg.csv.zip,https://data.gdeltproject.org/gkg/20241202.gkg.csv.zip,9999592bea9634b275f1ca12afead16f32e3a6577f52309faad59d2809250700,c0aac8e407f49e1c7dd3595e9f110792,37191586,95406,1,1.0481411217206284e-05,106998,503,500,AVAILABLE_VALID_CACHE,1,c0aac8e407f49e1c7dd3595e9f110792,37191586,1,,1284f9141657400869b7eaef1ce7a19eb6fdf6e26e34509f819c6e0920dfd135,
2024-12-03,2024,2024-12,https://data.gdeltproject.org/gkg/20241203.gkg.csv.zip,https://data.gdeltproject.org/gkg/20241203.gkg.csv.zip,3207276dbd4a0479eec8da0d94160881a532c8f28e84a5ad9817d02c90d80f71,f034a5fc0f9920183f3da268ba0dfbf6,41620741,107431,1,9.308213567652097e-06,119986,503,500,AVAILABLE_VALID_CACHE,1,f034a5fc0f9920183f3da268ba0dfbf6,41620741,1,,1284f9141657400869b7eaef1ce7a19eb6fdf6e26e34509f819c6e0920dfd135,
2024-12-04,2024,2024-12,https://data.gdeltproject.org/gkg/20241204.gkg.csv.zip,https://data.gdeltproject.org/gkg/20241204.gkg.csv.zip,670a65446574eb1fa30a6898e485d78ebcf3b658c3dc06f97b719d7d3d9ab35f,df7408684bde384cbb35d3b37167fd39,42280983,110735,1,9.030486923854934e-06,121215,503,500,AVAILABLE_VALID_CACHE,1,df7408684bde384cbb35d3b37167fd39,42280983,1,,1284f9141657400869b7eaef1ce7a19eb6fdf6e26e34509f819c6e0920dfd135,
2024-12-05,2024,2024-12,https://data.gdeltproject.org/gkg/20241205.gkg.csv.zip,https://data.gdeltproject.org/gkg/20241205.gkg.csv.zip,16c8adcfbc23dc1c331d5405ce44291a957df890b3d0f6f8587cd9e4ac3123a3,6c2e0bdbc1ca7116e0881eb7f02a2531,41168432,106814,1,9.36198099517858e-06,118885,503,500,AVAILABLE_VALID_CACHE,1,6c2e0bdbc1ca7116e0881eb7f02a2531,41168432,1,,1284f9141657400869b7eaef1ce7a19eb6fdf6e26e34509f819c6e0920dfd135,
2024-12-06,2024,2024-12,https://data.gdeltproject.org/gkg/20241206.gkg.csv.zip,https://data.gdeltproject.org/gkg/20241206.gkg.csv.zip,7a7f1c7304701f1777c03e85716eee152e7b15e8edc3f67d91915b515582f6ac,32ce1a9a08b6e81fb4c843be82acc029,38567198,99555,1,1.0044598015187433e-05,109306,503,500,AVAILABLE_VALID_CACHE,1,32ce1a9a08b6e81fb4c843be82acc029,38567198,1,,1284f9141657400869b7eaef1ce7a19eb6fdf6e26e34509f819c6e0920dfd135,
2024-12-07,2024,2024-12,https://data.gdeltproject.org/gkg/20241207.gkg.csv.zip,https://data.gdeltproject.org/gkg/20241207.gkg.csv.zip,4f2cdf8824b9b39385aa94a6992097aede8b2e956b54da8c44a874ada6b73d09,9d2beeff6596eef758a6afe01e2f41b6,24165206,59781,1,1.672744304305644e-05,64425,503,500,AVAILABLE_VALID_CACHE,1,9d2beeff6596eef758a6afe01e2f41b6,24165206,1,,1284f9141657400869b7eaef1ce7a19eb6fdf6e26e34509f819c6e0920dfd135,
2024-12-08,2024,2024-12,https://data.gdeltproject.org/gkg/20241208.gkg.csv.zip,https://data.gdeltproject.org/gkg/20241208.gkg.csv.zip,26b37c32a02225592660d0317ab29b034b24cc27e3e21c6b9e8d34f839ea801e,daa836cc6ec720acb1204fe0a6f2f0f7,21031027,50699,1,1.972386587771203e-05,54005,503,500,AVAILABLE_VALID_CACHE,1,daa836cc6ec720acb1204fe0a6f2f0f7,21031027,1,,1284f9141657400869b7eaef1ce7a19eb6fdf6e26e34509f819c6e0920dfd135,
2024-12-09,2024,2024-12,https://data.gdeltproject.org/gkg/20241209.gkg.csv.zip,https://data.gdeltproject.org/gkg/20241209.gkg.csv.zip,0f6acd6dc3ea876b8d80729ce093a92bc9a1df7b89239b8084af3db1d6454c01,5e6ad1cb126c48d400f2da4f2f33be41,36703162,93847,1,1.065552808797204e-05,103161,503,500,AVAILABLE_VALID_CACHE,1,5e6ad1cb126c48d400f2da4f2f33be41,36703162,1,,1284f9141657400869b7eaef1ce7a19eb6fdf6e26e34509f819c6e0920dfd135,
2024-12-10,2024,2024-12,https://data.gdeltproject.org/gkg/20241210.gkg.csv.zip,https://data.gdeltproject.org/gkg/20241210.gkg.csv.zip,1f839f89e4421cc3df6e1589cff56235117c061544ca0793a4c5e7ab9c116bc2,2fad9023b7ce70ce3379e48df9a97e46,42056432,107270,1,9.322184001267817e-06,118890,503,500,AVAILABLE_VALID_CACHE,1,2fad9023b7ce70ce3379e48df9a97e46,42056432,1,,1284f9141657400869b7eaef1ce7a19eb6fdf6e26e34509f819c6e0920dfd135,
2024-12-11,2024,2024-12,https://data.gdeltproject.org/gkg/20241211.gkg.csv.zip,https://data.gdeltproject.org/gkg/20241211.gkg.csv.zip,8e235141df3c30ef8ed50c36e0fc4e77c73cf2615b2f0e02d98c6cb07aa97e84,bf331b047a2d184f3092dc494e0288ac,42368778,108683,1,9.200986345736263e-06,119745,503,500,AVAILABLE_VALID_CACHE,1,bf331b047a2d184f3092dc494e0288ac,42368778,1,,1284f9141657400869b7eaef1ce7a19eb6fdf6e26e34509f819c6e0920dfd135,
2024-12-12,2024,2024-12,https://data.gdeltproject.org/gkg/20241212.gkg.csv.zip,https://data.gdeltproject.org/gkg/20241212.gkg.csv.zip,2b34895e275b6686024c3d7120805c77dc01ab0620c22d7de26380c6e072e084,d09cd69d4a87883fe0f2bc8a3c82e09d,42641582,109349,1,9.144947416552355e-06,120700,503,500,AVAILABLE_VALID_CACHE,1,d09cd69d4a87883fe0f2bc8a3c82e09d,42641582,1,,1284f9141657400869b7eaef1ce7a19eb6fdf6e26e34509f819c6e0920dfd135,
2024-12-13,2024,2024-12,https://data.gdeltproject.org/gkg/20241213.gkg.csv.zip,https://data.gdeltproject.org/gkg/20241213.gkg.csv.zip,3d9dc47a4b616faf8db907c2b48c37e1bf33454228a9caea64fd9361b16c2d25,9d40f13a3cf0e5055f51c1d63239c9f0,38760692,100711,1,9.929303360076257e-06,111203,503,500,AVAILABLE_VALID_CACHE,1,9d40f13a3cf0e5055f51c1d63239c9f0,38760692,1,,1284f9141657400869b7eaef1ce7a19eb6fdf6e26e34509f819c6e0920dfd135,
2024-12-14,2024,2024-12,https://data.gdeltproject.org/gkg/20241214.gkg.csv.zip,https://data.gdeltproject.org/gkg/20241214.gkg.csv.zip,b58e326d697c120fad207a2dbf739788e0f26840f130fc059461f4005cb7bb82,dc02191cd986df7d1be9afe6b3068b28,23000000,59715,1,1.6745930738830465e-05,66388,503,500,AVAILABLE_VALID_CACHE,1,dc02191cd986df7d1be9afe6b3068b28,23000000,1,,1284f9141657400869b7eaef1ce7a19eb6fdf6e26e34509f819c6e0920dfd135,
2024-12-15,2024,2024-12,https://data.gdeltproject.org/gkg/20241215.gkg.csv.zip,https://data.gdeltproject.org/gkg/20241215.gkg.csv.zip,16beb01cd9881d193b5b09d32dce7de3a9f3a5fea45890142a38b93d6325f82b,ea4c4e4c053b7f61c3882c7bd6025837,20178364,50904,1,1.9644435713584126e-05,54901,503,500,AVAILABLE_VALID_CACHE,1,ea4c4e4c053b7f61c3882c7bd6025837,20178364,1,,1284f9141657400869b7eaef1ce7a19eb6fdf6e26e34509f819c6e0920dfd135,
2024-12-16,2024,2024-12,https://data.gdeltproject.org/gkg/20241216.gkg.csv.zip,https://data.gdeltproject.org/gkg/20241216.gkg.csv.zip,167287eb6947165c266d7cfe1e47bca43653eaa27e59d611748bf55283dee84c,244d9f042a976698c2b4f606a7e3b456,36017777,92053,1,1.0863188997762183e-05,102242,503,500,AVAILABLE_VALID_CACHE,1,244d9f042a976698c2b4f606a7e3b456,36017777,1,,1284f9141657400869b7eaef1ce7a19eb6fdf6e26e34509f819c6e0920dfd135,
2024-12-17,2024,2024-12,https://data.gdeltproject.org/gkg/20241217.gkg.csv.zip,https://data.gdeltproject.org/gkg/20241217.gkg.csv.zip,9e4efc988d5d3964825cfdf93bdb52e4e294d2272af93961565a7ecae6018d25,fc67a2751e49f9dc6b84bd7e4c7dee9a,40113476,103191,1,9.69067369563532e-06,114767,503,500,AVAILABLE_VALID_CACHE,1,fc67a2751e49f9dc6b84bd7e4c7dee9a,40113476,1,,1284f9141657400869b7eaef1ce7a19eb6fdf6e26e34509f819c6e0920dfd135,
2024-12-18,2024,2024-12,https://data.gdeltproject.org/gkg/20241218.gkg.csv.zip,https://data.gdeltproject.org/gkg/20241218.gkg.csv.zip,ad3cd47506b16ea52b66b374e8623e2393274cc258a396c82b3aee007db53b8a,1ebad05de3db653e0502474e29921df0,40856386,105473,1,9.481009537895596e-06,117541,503,500,AVAILABLE_VALID_CACHE,1,1ebad05de3db653e0502474e29921df0,40856386,1,,1284f9141657400869b7eaef1ce7a19eb6fdf6e26e34509f819c6e0920dfd135,
2024-12-19,2024,2024-12,https://data.gdeltproject.org/gkg/20241219.gkg.csv.zip,https://data.gdeltproject.org/gkg/20241219.gkg.csv.zip,c21425304eec32d61346768686703161ffcd21af88d2e6d7ff13bbb176b8d923,267e233b3db64d67015c88987012b020,41592394,105796,1,9.452063858143425e-06,116899,503,500,AVAILABLE_VALID_CACHE,1,267e233b3db64d67015c88987012b020,41592394,1,,1284f9141657400869b7eaef1ce7a19eb6fdf6e26e34509f819c6e0920dfd135,
2024-12-20,2024,2024-12,https://data.gdeltproject.org/gkg/20241220.gkg.csv.zip,https://data.gdeltproject.org/gkg/20241220.gkg.csv.zip,59a405984a944137689803ed8c5b4e60affaa1b94b58c195648bcdc7e43c3166,3716e25ac69f8bf9c9259d26385310b8,38987215,98710,1,1.0130583217675842e-05,108869,503,500,AVAILABLE_VALID_CACHE,1,3716e25ac69f8bf9c9259d26385310b8,38987215,1,,1284f9141657400869b7eaef1ce7a19eb6fdf6e26e34509f819c6e0920dfd135,
2024-12-21,2024,2024-12,https://data.gdeltproject.org/gkg/20241221.gkg.csv.zip,https://data.gdeltproject.org/gkg/20241221.gkg.csv.zip,bd15167c5acafbe032970403559b0696dd1f5aab81836b4e8c80a31e567e876f,87a403b2c563aa0df85752868871219d,23338477,58959,1,1.69606512890095e-05,65037,503,500,AVAILABLE_VALID_CACHE,1,87a403b2c563aa0df85752868871219d,23338477,1,,1284f9141657400869b7eaef1ce7a19eb6fdf6e26e34509f819c6e0920dfd135,
2024-12-22,2024,2024-12,https://data.gdeltproject.org/gkg/20241222.gkg.csv.zip,https://data.gdeltproject.org/gkg/20241222.gkg.csv.zip,69718cf966d5a0528e768c1b1066162398a33a786494cf612185f7a976fac4bb,825f991836325c0f592dec519d64f402,19130373,48643,1,2.0557519940794344e-05,53824,503,500,AVAILABLE_VALID_CACHE,1,825f991836325c0f592dec519d64f402,19130373,1,,1284f9141657400869b7eaef1ce7a19eb6fdf6e26e34509f819c6e0920dfd135,
2024-12-23,2024,2024-12,https://data.gdeltproject.org/gkg/20241223.gkg.csv.zip,https://data.gdeltproject.org/gkg/20241223.gkg.csv.zip,3a1dd2300d4ba4453bf7b621f3bb64355893005f0b8b2848fed7bc47fc3cbbfe,3b10a1c63c5b7eb1f0500d74616bc1ac,31404789,80347,1,1.244586050679544e-05,89366,503,500,AVAILABLE_VALID_CACHE,1,3b10a1c63c5b7eb1f0500d74616bc1ac,31404789,1,,1284f9141657400869b7eaef1ce7a19eb6fdf6e26e34509f819c6e0920dfd135,
2024-12-24,2024,2024-12,https://data.gdeltproject.org/gkg/20241224.gkg.csv.zip,https://data.gdeltproject.org/gkg/20241224.gkg.csv.zip,598f65173feaea57dab502123903b1d9140b9b02432858e14e9482c1f9aa2128,5a94a9d9736e4f63e3fda98c53c739b3,28167863,73681,1,1.3571835726500366e-05,81325,503,500,AVAILABLE_VALID_CACHE,1,5a94a9d9736e4f63e3fda98c53c739b3,28167863,1,,1284f9141657400869b7eaef1ce7a19eb6fdf6e26e34509f819c6e0920dfd135,
2024-12-25,2024,2024-12,https://data.gdeltproject.org/gkg/20241225.gkg.csv.zip,https://data.gdeltproject.org/gkg/20241225.gkg.csv.zip,2276d40015622b8e9832e97972adcf07736462a55af27752952a54c9810cf830,134408eae945396538d59d56cfd5ebf5,19215821,47779,1,2.092925910422771e-05,52160,503,500,AVAILABLE_VALID_CACHE,1,134408eae945396538d59d56cfd5ebf5,19215821,1,,1284f9141657400869b7eaef1ce7a19eb6fdf6e26e34509f819c6e0920dfd135,
2024-12-26,2024,2024-12,https://data.gdeltproject.org/gkg/20241226.gkg.csv.zip,https://data.gdeltproject.org/gkg/20241226.gkg.csv.zip,aa6b2329158f752d05409987eefa8f9b05026db91b612ae2395a9f3ba1ecb292,bbca3ac27674836b77f0801f0ab2a33c,25456508,63568,1,1.5730938035835077e-05,70843,503,500,AVAILABLE_VALID_CACHE,1,bbca3ac27674836b77f0801f0ab2a33c,25456508,1,,1284f9141657400869b7eaef1ce7a19eb6fdf6e26e34509f819c6e0920dfd135,
2024-12-27,2024,2024-12,https://data.gdeltproject.org/gkg/20241227.gkg.csv.zip,https://data.gdeltproject.org/gkg/20241227.gkg.csv.zip,ab6c1560881596a6814a7e9ca56af37ac11a675f6a01e5dab819719fbe6847cd,27342dc1194a19edca826be93a5b962f,28838818,72443,1,1.3803765667274032e-05,78483,503,500,AVAILABLE_VALID_CACHE,1,27342dc1194a19edca826be93a5b962f,28838818,1,,1284f9141657400869b7eaef1ce7a19eb6fdf6e26e34509f819c6e0920dfd135,
2024-12-28,2024,2024-12,https://data.gdeltproject.org/gkg/20241228.gkg.csv.zip,https://data.gdeltproject.org/gkg/20241228.gkg.csv.zip,e75d1279f6b79f71d889b57868f15d2fc45a96a7e7ceec45ad67b7e0c4a3d5dc,0e9471cf3dd03551f2dacf17f481f790,19252610,49488,1,2.0206510537695245e-05,53987,503,500,AVAILABLE_VALID_CACHE,1,0e9471cf3dd03551f2dacf17f481f790,19252610,1,,1284f9141657400869b7eaef1ce7a19eb6fdf6e26e34509f819c6e0920dfd135,
2024-12-29,2024,2024-12,https://data.gdeltproject.org/gkg/20241229.gkg.csv.zip,https://data.gdeltproject.org/gkg/20241229.gkg.csv.zip,6c00c598ea4efe4b2acdd5359aad491635b3ea7ea8ff6f7a850121aa38d2bc68,240a88d79bf5da48921c4ae25a391515,20391305,48299,1,2.0703933747412007e-05,52308,503,500,AVAILABLE_VALID_CACHE,1,240a88d79bf5da48921c4ae25a391515,20391305,1,,1284f9141657400869b7eaef1ce7a19eb6fdf6e26e34509f819c6e0920dfd135,
2024-12-30,2024,2024-12,https://data.gdeltproject.org/gkg/20241230.gkg.csv.zip,https://data.gdeltproject.org/gkg/20241230.gkg.csv.zip,9ce2cc89d3f0012186dfcafdb3bcd10b54d090beb021927645ce763f5959ea4b,46190259940a3c085ea5a2fad639e6ed,32173774,76617,1,1.3051763293220914e-05,85360,503,500,AVAILABLE_VALID_CACHE,1,46190259940a3c085ea5a2fad639e6ed,32173774,1,,1284f9141657400869b7eaef1ce7a19eb6fdf6e26e34509f819c6e0920dfd135,
2024-12-31,2024,2024-12,https://data.gdeltproject.org/gkg/20241231.gkg.csv.zip,https://data.gdeltproject.org/gkg/20241231.gkg.csv.zip,72805e03067fb15b1da6fff9a6da5956921c1d1a815a269e44ae0fac450efdce,f252d3bf5e1972542e5b7fa5f396f363,30696806,76535,1,1.3065746838089265e-05,84500,503,500,AVAILABLE_VALID_CACHE,1,f252d3bf5e1972542e5b7fa5f396f363,30696806,1,,1284f9141657400869b7eaef1ce7a19eb6fdf6e26e34509f819c6e0920dfd135,
2025-01-01,2025,2025-01,https://data.gdeltproject.org/gkg/20250101.gkg.csv.zip,https://data.gdeltproject.org/gkg/20250101.gkg.csv.zip,2ec4408afd7b7c7159375fd263ee99372ecbc84cc83ad6c5d225152e705f9d67,bd8f4f4f13165548f7386f5cca6e9005,23208004,58446,1,1.7109518024877238e-05,63744,503,500,AVAILABLE_VALID_CACHE,1,bd8f4f4f13165548f7386f5cca6e9005,23208004,1,,1284f9141657400869b7eaef1ce7a19eb6fdf6e26e34509f819c6e0920dfd135,
2025-01-02,2025,2025-01,https://data.gdeltproject.org/gkg/20250102.gkg.csv.zip,https://data.gdeltproject.org/gkg/20250102.gkg.csv.zip,68cace6d7fc22cec6c96ae30522f1002232238db5c1e45f304342e1ca9e90ea2,c84bbb734ac2ff5795124bcf22269a39,31723202,82388,1,1.2137542633118498e-05,92919,503,500,AVAILABLE_VALID_CACHE,1,c84bbb734ac2ff5795124bcf22269a39,31723202,1,,1284f9141657400869b7eaef1ce7a19eb6fdf6e26e34509f819c6e0920dfd135,
2025-01-03,2025,2025-01,https://data.gdeltproject.org/gkg/20250103.gkg.csv.zip,https://data.gdeltproject.org/gkg/20250103.gkg.csv.zip,3b1ef3490e6316aa0ec3a7f7985a2ea0d75badf3e7a5871e4b4f7d7f85d1fa4b,c1bb57387b244f442e0b22127ddcf631,33400260,87580,1,1.141800162135623e-05,97999,503,500,AVAILABLE_VALID_CACHE,1,c1bb57387b244f442e0b22127ddcf631,33400260,1,,1284f9141657400869b7eaef1ce7a19eb6fdf6e26e34509f819c6e0920dfd135,
2025-01-04,2025,2025-01,https://data.gdeltproject.org/gkg/20250104.gkg.csv.zip,https://data.gdeltproject.org/gkg/20250104.gkg.csv.zip,14d876621b9cd9148aa6ca770275e9e40805164c84e7d3fb2e0cd3c5fe70f90a,ba5ffdc68f47548f3873daa2ad7f097a,22286932,56664,1,1.7647577869937352e-05,62051,503,500,AVAILABLE_VALID_CACHE,1,ba5ffdc68f47548f3873daa2ad7f097a,22286932,1,,1284f9141657400869b7eaef1ce7a19eb6fdf6e26e34509f819c6e0920dfd135,
2025-01-05,2025,2025-01,https://data.gdeltproject.org/gkg/20250105.gkg.csv.zip,https://data.gdeltproject.org/gkg/20250105.gkg.csv.zip,bd0c020ce246f508a536ecf82448d2f7361d418d046f5cca2645ed48b824c9ba,e3b33e0fe60b80cfbfa3c8b72c3ba72a,19264096,47694,1,2.096655833944858e-05,51519,503,500,AVAILABLE_VALID_CACHE,1,e3b33e0fe60b80cfbfa3c8b72c3ba72a,19264096,1,,1284f9141657400869b7eaef1ce7a19eb6fdf6e26e34509f819c6e0920dfd135,
2025-01-06,2025,2025-01,https://data.gdeltproject.org/gkg/20250106.gkg.csv.zip,https://data.gdeltproject.org/gkg/20250106.gkg.csv.zip,55a223d0e6d5da08595c5554d3177c2d69f541836b4d9c53632246a9808241ab,013b61ff460e663149963183356c8a73,35324555,90552,1,1.1043256435457688e-05,101668,503,500,AVAILABLE_VALID_CACHE,1,013b61ff460e663149963183356c8a73,35324555,1,,1284f9141657400869b7eaef1ce7a19eb6fdf6e26e34509f819c6e0920dfd135,
2025-01-07,2025,2025-01,https://data.gdeltproject.org/gkg/20250107.gkg.csv.zip,https://data.gdeltproject.org/gkg/20250107.gkg.csv.zip,d1a700b111ebf92411380cfbd29935e0a518132b4165b58209c7416ca8bbc903,5cce88c3148022cd2deafddab4ad0cef,40357316,103679,1,9.645061728395062e-06,115264,503,500,AVAILABLE_VALID_CACHE,1,5cce88c3148022cd2deafddab4ad0cef,40357316,1,,1284f9141657400869b7eaef1ce7a19eb6fdf6e26e34509f819c6e0920dfd135,
2025-01-08,2025,2025-01,https://data.gdeltproject.org/gkg/20250108.gkg.csv.zip,https://data.gdeltproject.org/gkg/20250108.gkg.csv.zip,ffcdf76d9171d8ce6e863bced822b10d0a997d8212244d7e3e41b05927d24013,72a273f83e4173bbbb3988068c0af433,41620275,106040,1,9.430314689601191e-06,119118,503,500,AVAILABLE_VALID_CACHE,1,72a273f83e4173bbbb3988068c0af433,41620275,1,,1284f9141657400869b7eaef1ce7a19eb6fdf6e26e34509f819c6e0920dfd135,
2025-01-09,2025,2025-01,https://data.gdeltproject.org/gkg/20250109.gkg.csv.zip,https://data.gdeltproject.org/gkg/20250109.gkg.csv.zip,4e23884f36c45e3fd9678486e79322d6222c1f297bc06802a6adad16cd3ca3c1,ca6c959f2593f3d44ea1acd44a95561a,41751637,106761,1,9.366628575710458e-06,117403,503,500,AVAILABLE_VALID_CACHE,1,ca6c959f2593f3d44ea1acd44a95561a,41751637,1,,1284f9141657400869b7eaef1ce7a19eb6fdf6e26e34509f819c6e0920dfd135,
2025-01-10,2025,2025-01,https://data.gdeltproject.org/gkg/20250110.gkg.csv.zip,https://data.gdeltproject.org/gkg/20250110.gkg.csv.zip,d110ceef86b24c7db47907c99df19536781bef78d3ac292261abb57069cc304f,3ec5ef82b42908d1cdc30a828d134f52,40055515,102391,1,9.766387999062427e-06,112942,503,500,AVAILABLE_VALID_CACHE,1,3ec5ef82b42908d1cdc30a828d134f52,40055515,1,,1284f9141657400869b7eaef1ce7a19eb6fdf6e26e34509f819c6e0920dfd135,
2025-01-11,2025,2025-01,https://data.gdeltproject.org/gkg/20250111.gkg.csv.zip,https://data.gdeltproject.org/gkg/20250111.gkg.csv.zip,9708d4cc891eb455761faa3683939ad5d14d4ca9de6b17ec773078850e985689,c34e5720dd6bfd975b359cb22cf5cbd0,24204606,60552,1,1.65144584083365e-05,65798,503,500,AVAILABLE_VALID_CACHE,1,c34e5720dd6bfd975b359cb22cf5cbd0,24204606,1,,1284f9141657400869b7eaef1ce7a19eb6fdf6e26e34509f819c6e0920dfd135,
2025-01-12,2025,2025-01,https://data.gdeltproject.org/gkg/20250112.gkg.csv.zip,https://data.gdeltproject.org/gkg/20250112.gkg.csv.zip,e98e88226bf1cff5de537505b41570fc68653abe07b3547cf10099c5aa76cbdd,5ddc5d34675f1051b6ad74a7e2e582fe,18794971,47515,1,2.1045542554087045e-05,52290,503,500,AVAILABLE_VALID_CACHE,1,5ddc5d34675f1051b6ad74a7e2e582fe,18794971,1,,1284f9141657400869b7eaef1ce7a19eb6fdf6e26e34509f819c6e0920dfd135,
2025-01-13,2025,2025-01,https://data.gdeltproject.org/gkg/20250113.gkg.csv.zip,https://data.gdeltproject.org/gkg/20250113.gkg.csv.zip,d02567d35a8f8a5f8539e6d7a78d14574988fed9df4106b2a0a6b5f2bf63cb98,6594a5c716362d2a56ebfa59a3078bc7,35677720,92071,1,1.0861065253280042e-05,101257,503,500,AVAILABLE_VALID_CACHE,1,6594a5c716362d2a56ebfa59a3078bc7,35677720,1,,1284f9141657400869b7eaef1ce7a19eb6fdf6e26e34509f819c6e0920dfd135,
2025-01-14,2025,2025-01,https://data.gdeltproject.org/gkg/20250114.gkg.csv.zip,https://data.gdeltproject.org/gkg/20250114.gkg.csv.zip,87881a3b2ed97119212e20047d353366d6b8ebf2990224b78da136f963aab031,71e4ab5f8b085f09394f6bcf717eb0b0,41218670,106379,1,9.400263207369806e-06,119251,503,500,AVAILABLE_VALID_CACHE,1,71e4ab5f8b085f09394f6bcf717eb0b0,41218670,1,,1284f9141657400869b7eaef1ce7a19eb6fdf6e26e34509f819c6e0920dfd135,
2025-01-15,2025,2025-01,https://data.gdeltproject.org/gkg/20250115.gkg.csv.zip,https://data.gdeltproject.org/gkg/20250115.gkg.csv.zip,013564a3424bd28b6216da98a1957a0401ca606f28581dc7fc2bc40719fd602b,aeb45d40d8cca9c46134711c4b5309d0,43825873,109810,1,9.106555809527279e-06,120959,503,500,AVAILABLE_VALID_CACHE,1,aeb45d40d8cca9c46134711c4b5309d0,43825873,1,,1284f9141657400869b7eaef1ce7a19eb6fdf6e26e34509f819c6e0920dfd135,
2025-01-16,2025,2025-01,https://data.gdeltproject.org/gkg/20250116.gkg.csv.zip,https://data.gdeltproject.org/gkg/20250116.gkg.csv.zip,9e98a9e376c5f5eddb24d8a32a2ec6b403c5836b551b78271e5fcb14930b8005,6ff89444eaa4ef316d85e3985170461c,42045613,108929,1,9.180207472688882e-06,118683,503,500,AVAILABLE_VALID_CACHE,1,6ff89444eaa4ef316d85e3985170461c,42045613,1,,1284f9141657400869b7eaef1ce7a19eb6fdf6e26e34509f819c6e0920dfd135,
2025-01-17,2025,2025-01,https://data.gdeltproject.org/gkg/20250117.gkg.csv.zip,https://data.gdeltproject.org/gkg/20250117.gkg.csv.zip,b152cf6e43ceaab98fda3e4fab47b354a7da3d5870bfecc25de760029afe91d9,65e8b35aca26836d28a8de6113fa999f,41371582,106948,1,9.350251054240807e-06,117346,503,500,AVAILABLE_VALID_CACHE,1,65e8b35aca26836d28a8de6113fa999f,41371582,1,,1284f9141657400869b7eaef1ce7a19eb6fdf6e26e34509f819c6e0920dfd135,
2025-01-18,2025,2025-01,https://data.gdeltproject.org/gkg/20250118.gkg.csv.zip,https://data.gdeltproject.org/gkg/20250118.gkg.csv.zip,53d1c2c7a338f91f31d1e0e06fd821a25a30eee6a8581b15871adc5e8572e1bc,8b1f3e0db7e526b2e6576a7f9c422adf,24682616,62559,1,1.59846547314578e-05,67283,503,500,AVAILABLE_VALID_CACHE,1,8b1f3e0db7e526b2e6576a7f9c422adf,24682616,1,,1284f9141657400869b7eaef1ce7a19eb6fdf6e26e34509f819c6e0920dfd135,
2025-01-19,2025,2025-01,https://data.gdeltproject.org/gkg/20250119.gkg.csv.zip,https://data.gdeltproject.org/gkg/20250119.gkg.csv.zip,a312e9b7912da6580d206b3379a53e00f38b4b35ff0997efe36b76ccda523306,f58f52dd5715e9a211b437ee081021a4,21709415,54742,1,1.8267175711963175e-05,58813,503,500,AVAILABLE_VALID_CACHE,1,f58f52dd5715e9a211b437ee081021a4,21709415,1,,1284f9141657400869b7eaef1ce7a19eb6fdf6e26e34509f819c6e0920dfd135,
2025-01-20,2025,2025-01,https://data.gdeltproject.org/gkg/20250120.gkg.csv.zip,https://data.gdeltproject.org/gkg/20250120.gkg.csv.zip,74478628185a0c24b97b16474d8cbafc59195d4b380d4270e2dbba64a0c11903,e1b8dcf09c16e4544490eb389f2560fc,34773897,88565,1,1.1291014610572906e-05,96060,503,500,AVAILABLE_VALID_CACHE,1,e1b8dcf09c16e4544490eb389f2560fc,34773897,1,,1284f9141657400869b7eaef1ce7a19eb6fdf6e26e34509f819c6e0920dfd135,
2025-01-21,2025,2025-01,https://data.gdeltproject.org/gkg/20250121.gkg.csv.zip,https://data.gdeltproject.org/gkg/20250121.gkg.csv.zip,0fd56a2cc0ab405de2d101248fa31437f91431bde41a80386a4b705fca72d027,a030e6ea69f3ed23ac10ebea60ac72c6,43310903,109561,1,9.127252149467881e-06,119151,503,500,AVAILABLE_VALID_CACHE,1,a030e6ea69f3ed23ac10ebea60ac72c6,43310903,1,,1284f9141657400869b7eaef1ce7a19eb6fdf6e26e34509f819c6e0920dfd135,
2025-01-22,2025,2025-01,https://data.gdeltproject.org/gkg/20250122.gkg.csv.zip,https://data.gdeltproject.org/gkg/20250122.gkg.csv.zip,b876806dd1da57321aea12af0163162bffab8a2382a804e349f44d9cee25dd77,32b1ceea60b6a59bd19b0168845f5c53,43602239,110117,1,9.081167474890572e-06,121580,503,500,AVAILABLE_VALID_CACHE,1,32b1ceea60b6a59bd19b0168845f5c53,43602239,1,,1284f9141657400869b7eaef1ce7a19eb6fdf6e26e34509f819c6e0920dfd135,
2025-01-23,2025,2025-01,https://data.gdeltproject.org/gkg/20250123.gkg.csv.zip,https://data.gdeltproject.org/gkg/20250123.gkg.csv.zip,999104a8f171aa2d87d356a7c4d10e6d5285e4904a92d986bbf0ffaf307cf219,c7a4a8b998c9c063b86072d5d4ab6d8e,43855285,110565,1,9.044371687498869e-06,121789,503,500,AVAILABLE_VALID_CACHE,1,c7a4a8b998c9c063b86072d5d4ab6d8e,43855285,1,,1284f9141657400869b7eaef1ce7a19eb6fdf6e26e34509f819c6e0920dfd135,
2025-01-24,2025,2025-01,https://data.gdeltproject.org/gkg/20250124.gkg.csv.zip,https://data.gdeltproject.org/gkg/20250124.gkg.csv.zip,700d328e8546bf9d1ca4f0cae37fad93745ef1a2402e32f43e671c702e5aecc2,bc7c76b3d3f32f202edeeed4d132f598,40794654,102285,1,9.776509004164793e-06,113192,503,500,AVAILABLE_VALID_CACHE,1,bc7c76b3d3f32f202edeeed4d132f598,40794654,1,,1284f9141657400869b7eaef1ce7a19eb6fdf6e26e34509f819c6e0920dfd135,
2025-01-25,2025,2025-01,https://data.gdeltproject.org/gkg/20250125.gkg.csv.zip,https://data.gdeltproject.org/gkg/20250125.gkg.csv.zip,ea3a476db9081cbdfc2179fa3788a279ba88f4c1d6f129562529fb7e2a1129ad,2bad270046bc8c1fcf0b48b8b7ac9e77,26557067,64135,1,1.5591867282025697e-05,69154,503,500,AVAILABLE_VALID_CACHE,1,2bad270046bc8c1fcf0b48b8b7ac9e77,26557067,1,,1284f9141657400869b7eaef1ce7a19eb6fdf6e26e34509f819c6e0920dfd135,
2025-01-26,2025,2025-01,https://data.gdeltproject.org/gkg/20250126.gkg.csv.zip,https://data.gdeltproject.org/gkg/20250126.gkg.csv.zip,e17e53c0660a17ed1a2e2d32acd6a11e25cd912d197d44ba3fd91d95aaf58d55,88340ad22be8463ddff16d20e3711ec8,21180863,51398,1,1.9455631432518142e-05,55242,503,500,AVAILABLE_VALID_CACHE,1,88340ad22be8463ddff16d20e3711ec8,21180863,1,,1284f9141657400869b7eaef1ce7a19eb6fdf6e26e34509f819c6e0920dfd135,
2025-01-27,2025,2025-01,https://data.gdeltproject.org/gkg/20250127.gkg.csv.zip,https://data.gdeltproject.org/gkg/20250127.gkg.csv.zip,4d4fdf5e40a7d99c647f3ae38761232a92f32482f8bf4bc8767284a7fbaa716f,72cbf24a22ff4bb9248fe6140393222d,35774747,89567,1,1.1164701679171132e-05,99227,503,500,AVAILABLE_VALID_CACHE,1,72cbf24a22ff4bb9248fe6140393222d,35774747,1,,1284f9141657400869b7eaef1ce7a19eb6fdf6e26e34509f819c6e0920dfd135,
2025-01-28,2025,2025-01,https://data.gdeltproject.org/gkg/20250128.gkg.csv.zip,https://data.gdeltproject.org/gkg/20250128.gkg.csv.zip,32c6ac12fa8e3170ea65f48d4b9b979fe72f528af7db4184dcb5d6170e0ce6b6,0b03874a4755f72f0489711bc943280c,40652562,104162,1,9.600337931895203e-06,115786,503,500,AVAILABLE_VALID_CACHE,1,0b03874a4755f72f0489711bc943280c,40652562,1,,1284f9141657400869b7eaef1ce7a19eb6fdf6e26e34509f819c6e0920dfd135,
2025-01-29,2025,2025-01,https://data.gdeltproject.org/gkg/20250129.gkg.csv.zip,https://data.gdeltproject.org/gkg/20250129.gkg.csv.zip,051fca43ee65ba16f743dfee55ce0672342273029224357081abc2d54b0488a8,2f1bd5c2a31848e3a0b06def53fcb2ac,41889568,106383,1,9.399909760866296e-06,117864,503,500,AVAILABLE_VALID_CACHE,1,2f1bd5c2a31848e3a0b06def53fcb2ac,41889568,1,,1284f9141657400869b7eaef1ce7a19eb6fdf6e26e34509f819c6e0920dfd135,
2025-01-30,2025,2025-01,https://data.gdeltproject.org/gkg/20250130.gkg.csv.zip,https://data.gdeltproject.org/gkg/20250130.gkg.csv.zip,d20983f111f62910b57f5ef6dedbe822de82b849a7694601f55ec97985ca0b97,1d67c71266aee3e21a6b3fdf3cf2685a,43289782,107432,1,9.308126925618758e-06,117299,503,500,AVAILABLE_VALID_CACHE,1,1d67c71266aee3e21a6b3fdf3cf2685a,43289782,1,,1284f9141657400869b7eaef1ce7a19eb6fdf6e26e34509f819c6e0920dfd135,
2025-01-31,2025,2025-01,https://data.gdeltproject.org/gkg/20250131.gkg.csv.zip,https://data.gdeltproject.org/gkg/20250131.gkg.csv.zip,a5a8aa36d02d4176a0ad709788e7c3ee617e3377379d66bbdd9613a2746f7c9e,243e18dd1c77e7f66e4d51406ca7cc44,40533132,102874,1,9.720534629404617e-06,112818,503,500,AVAILABLE_VALID_CACHE,1,243e18dd1c77e7f66e4d51406ca7cc44,40533132,1,,1284f9141657400869b7eaef1ce7a19eb6fdf6e26e34509f819c6e0920dfd135,
2025-02-01,2025,2025-02,https://data.gdeltproject.org/gkg/20250201.gkg.csv.zip,https://data.gdeltproject.org/gkg/20250201.gkg.csv.zip,5a6cd7dca9ca3fd6b5f587ffbf58271fba482c0034580a6ff190a6f5da6e64b5,9d6c3c1515c262cb949098fc9ff9053d,27028587,65238,1,1.5328254571651926e-05,70380,503,500,AVAILABLE_VALID_CACHE,1,9d6c3c1515c262cb949098fc9ff9053d,27028587,1,,1284f9141657400869b7eaef1ce7a19eb6fdf6e26e34509f819c6e0920dfd135,
2025-02-02,2025,2025-02,https://data.gdeltproject.org/gkg/20250202.gkg.csv.zip,https://data.gdeltproject.org/gkg/20250202.gkg.csv.zip,e11704b778f9d62d38eddb73991c1721930707c21017c4923e40d444f515fd97,fb79de987383ad1dc83af6cfa9f64533,21538820,53365,1,1.873852265487389e-05,57819,503,500,AVAILABLE_VALID_CACHE,1,fb79de987383ad1dc83af6cfa9f64533,21538820,1,,1284f9141657400869b7eaef1ce7a19eb6fdf6e26e34509f819c6e0920dfd135,
2025-02-03,2025,2025-02,https://data.gdeltproject.org/gkg/20250203.gkg.csv.zip,https://data.gdeltproject.org/gkg/20250203.gkg.csv.zip,d7e370910835cae4ac24c17076f840a59573d07fcf9abd897683e8caf58e50ae,e27a93ee2e6a38cea57a39ad24682f18,37069293,95983,1,1.0418403067177863e-05,106410,503,500,AVAILABLE_VALID_CACHE,1,e27a93ee2e6a38cea57a39ad24682f18,37069293,1,,1284f9141657400869b7eaef1ce7a19eb6fdf6e26e34509f819c6e0920dfd135,
2025-02-04,2025,2025-02,https://data.gdeltproject.org/gkg/20250204.gkg.csv.zip,https://data.gdeltproject.org/gkg/20250204.gkg.csv.zip,f12c92dea8ff595a1281a3e688b0e4f9fcd9211ceb645a082369de557546ec37,730ee27e6c8a62a820e3dd192c85fafa,41134489,105597,1,9.469876323415216e-06,115858,503,500,AVAILABLE_VALID_CACHE,1,730ee27e6c8a62a820e3dd192c85fafa,41134489,1,,1284f9141657400869b7eaef1ce7a19eb6fdf6e26e34509f819c6e0920dfd135,
2025-02-05,2025,2025-02,https://data.gdeltproject.org/gkg/20250205.gkg.csv.zip,https://data.gdeltproject.org/gkg/20250205.gkg.csv.zip,766746fff61a4d49ff853adce7c152f9732a1e26488f7db1663e47aeba286cce,07ecfde3d4b7b8eff66aef73fd4ad6e5,43119363,109057,1,9.169432778888298e-06,118842,503,500,AVAILABLE_VALID_CACHE,1,07ecfde3d4b7b8eff66aef73fd4ad6e5,43119363,1,,1284f9141657400869b7eaef1ce7a19eb6fdf6e26e34509f819c6e0920dfd135,
2025-02-06,2025,2025-02,https://data.gdeltproject.org/gkg/20250206.gkg.csv.zip,https://data.gdeltproject.org/gkg/20250206.gkg.csv.zip,c83f53282d99485a1e645520ad2aa0e15481721770925753a2547138c272e645,c4887fcdce1b16b75402b41cc42f7f92,40881198,106288,1,9.408311302204367e-06,117155,503,500,AVAILABLE_VALID_CACHE,1,c4887fcdce1b16b75402b41cc42f7f92,40881198,1,,1284f9141657400869b7eaef1ce7a19eb6fdf6e26e34509f819c6e0920dfd135,
2025-02-07,2025,2025-02,https://data.gdeltproject.org/gkg/20250207.gkg.csv.zip,https://data.gdeltproject.org/gkg/20250207.gkg.csv.zip,fc1483d7c1aa672af9a9ba65145ecadc8e61c9cee552ef0d6bbcf6dc25de984c,37424f351df7b37b323c70fb9bd071de,38812756,100925,1,9.90824960862414e-06,109857,503,500,AVAILABLE_VALID_CACHE,1,37424f351df7b37b323c70fb9bd071de,38812756,1,,1284f9141657400869b7eaef1ce7a19eb6fdf6e26e34509f819c6e0920dfd135,
2025-02-08,2025,2025-02,https://data.gdeltproject.org/gkg/20250208.gkg.csv.zip,https://data.gdeltproject.org/gkg/20250208.gkg.csv.zip,791f3d992e88c57d74e14a179f915749c1be4b9a6f4509b810dc3e825e257c1c,28f4b0f4624d8db8d2247b6588eec5c9,25581221,64306,1,1.555040664313372e-05,69693,503,500,AVAILABLE_VALID_CACHE,1,28f4b0f4624d8db8d2247b6588eec5c9,25581221,1,,1284f9141657400869b7eaef1ce7a19eb6fdf6e26e34509f819c6e0920dfd135,
2025-02-09,2025,2025-02,https://data.gdeltproject.org/gkg/20250209.gkg.csv.zip,https://data.gdeltproject.org/gkg/20250209.gkg.csv.zip,676ac336b9976e44c01110759ac5ae49f00accd15de58887072338a8ac06841b,7245efa172ad2e8271e57fcf0b554fff,18842582,48714,1,2.0527558246946525e-05,54110,503,500,AVAILABLE_VALID_CACHE,1,7245efa172ad2e8271e57fcf0b554fff,18842582,1,,1284f9141657400869b7eaef1ce7a19eb6fdf6e26e34509f819c6e0920dfd135,
2025-02-10,2025,2025-02,https://data.gdeltproject.org/gkg/20250210.gkg.csv.zip,https://data.gdeltproject.org/gkg/20250210.gkg.csv.zip,90a466fcdd06e85e9d0e6c37fc33624a3cbf113f1c9c201345c48f7491d4e18d,832fff81849973437bc0ea11426309d4,33371684,89381,1,1.1187934930970441e-05,100875,503,500,AVAILABLE_VALID_CACHE,1,832fff81849973437bc0ea11426309d4,33371684,1,,1284f9141657400869b7eaef1ce7a19eb6fdf6e26e34509f819c6e0920dfd135,
2025-02-11,2025,2025-02,https://data.gdeltproject.org/gkg/20250211.gkg.csv.zip,https://data.gdeltproject.org/gkg/20250211.gkg.csv.zip,63c0e3b36a855e802fa794076be57075356a85fc77a1a436415828721261e24b,06c9fb2bfc8576cd01a4215f6da4fad9,39351514,101627,1,9.839807926949265e-06,112118,503,500,AVAILABLE_VALID_CACHE,1,06c9fb2bfc8576cd01a4215f6da4fad9,39351514,1,,1284f9141657400869b7eaef1ce7a19eb6fdf6e26e34509f819c6e0920dfd135,
2025-02-12,2025,2025-02,https://data.gdeltproject.org/gkg/20250212.gkg.csv.zip,https://data.gdeltproject.org/gkg/20250212.gkg.csv.zip,7d5c05fe98c5cbb12de3f23fb2f16464ba3689d1c95a5c941675535ab5c721da,8e34fc46516f6da6ed06d1e1b8ff17fd,41067351,105326,1,9.494241742383245e-06,116711,503,500,AVAILABLE_VALID_CACHE,1,8e34fc46516f6da6ed06d1e1b8ff17fd,41067351,1,,1284f9141657400869b7eaef1ce7a19eb6fdf6e26e34509f819c6e0920dfd135,
2025-02-13,2025,2025-02,https://data.gdeltproject.org/gkg/20250213.gkg.csv.zip,https://data.gdeltproject.org/gkg/20250213.gkg.csv.zip,2cf7971d0ce339863dce3ca8bb7510dbd51ac4ba3bb06a6240564612a4a2237f,7cd5abf1f7fc01b02e7203b1d35effbe,41349229,106716,1,9.370578258384325e-06,116346,503,500,AVAILABLE_VALID_CACHE,1,7cd5abf1f7fc01b02e7203b1d35effbe,41349229,1,,1284f9141657400869b7eaef1ce7a19eb6fdf6e26e34509f819c6e0920dfd135,
2025-02-14,2025,2025-02,https://data.gdeltproject.org/gkg/20250214.gkg.csv.zip,https://data.gdeltproject.org/gkg/20250214.gkg.csv.zip,b4f3d181b4abcd0b61d956153f38e6b2fe23f9cbc02fda471f2ff0eb3cb70b1b,addb235456e091142b38f76890041840,38960633,99923,1,1.0007605780393099e-05,110162,503,500,AVAILABLE_VALID_CACHE,1,addb235456e091142b38f76890041840,38960633,1,,1284f9141657400869b7eaef1ce7a19eb6fdf6e26e34509f819c6e0920dfd135,
2025-02-15,2025,2025-02,https://data.gdeltproject.org/gkg/20250215.gkg.csv.zip,https://data.gdeltproject.org/gkg/20250215.gkg.csv.zip,f3d3247313b55b1cc61b22303b6d930b18c06f63f99cd734768e8edcb78673a5,f75797fad4f0816b88f41cc8946817c0,23670348,58673,1,1.7043324129938302e-05,64644,503,500,AVAILABLE_VALID_CACHE,1,f75797fad4f0816b88f41cc8946817c0,23670348,1,,1284f9141657400869b7eaef1ce7a19eb6fdf6e26e34509f819c6e0920dfd135,
2025-02-16,2025,2025-02,https://data.gdeltproject.org/gkg/20250216.gkg.csv.zip,https://data.gdeltproject.org/gkg/20250216.gkg.csv.zip,9dc182189ff1792529d7b1103e7baa66da24912071781478680318a4828da59a,6105d0cec8201feed13201f06e3668ff,20225140,49722,1,2.0111417251573717e-05,54884,503,500,AVAILABLE_VALID_CACHE,1,6105d0cec8201feed13201f06e3668ff,20225140,1,,1284f9141657400869b7eaef1ce7a19eb6fdf6e26e34509f819c6e0920dfd135,
2025-02-17,2025,2025-02,https://data.gdeltproject.org/gkg/20250217.gkg.csv.zip,https://data.gdeltproject.org/gkg/20250217.gkg.csv.zip,9362fe3f05681c6b675b43b86f592fab27ec3d8c0731335e228d499c3f16e138,1027e3631582bbbbba8766a027f76bed,31204328,77677,1,1.2873657921161719e-05,86139,503,500,AVAILABLE_VALID_CACHE,1,1027e3631582bbbbba8766a027f76bed,31204328,1,,1284f9141657400869b7eaef1ce7a19eb6fdf6e26e34509f819c6e0920dfd135,
2025-02-18,2025,2025-02,https://data.gdeltproject.org/gkg/20250218.gkg.csv.zip,https://data.gdeltproject.org/gkg/20250218.gkg.csv.zip,9aa9445a62295f46965a614290c7eceb411f6b27e111855d7f56b8dbb551f38f,779312407dca42720e60a5af9e5ec1fd,38592187,96260,1,1.0388423141251389e-05,105913,503,500,AVAILABLE_VALID_CACHE,1,779312407dca42720e60a5af9e5ec1fd,38592187,1,,1284f9141657400869b7eaef1ce7a19eb6fdf6e26e34509f819c6e0920dfd135,
2025-02-19,2025,2025-02,https://data.gdeltproject.org/gkg/20250219.gkg.csv.zip,https://data.gdeltproject.org/gkg/20250219.gkg.csv.zip,ad53006aabea59c16e42da5511d9d08b6cb49bab6aebbb1f993111954fad2123,856ee90a78f16d019aa6a1dde07652e1,39799490,101782,1,9.824823398799406e-06,113566,503,500,AVAILABLE_VALID_CACHE,1,856ee90a78f16d019aa6a1dde07652e1,39799490,1,,1284f9141657400869b7eaef1ce7a19eb6fdf6e26e34509f819c6e0920dfd135,
2025-02-20,2025,2025-02,https://data.gdeltproject.org/gkg/20250220.gkg.csv.zip,https://data.gdeltproject.org/gkg/20250220.gkg.csv.zip,685af4f634f3c611e9bad41f3225d474461994bb3ccba8cddd6590d244156d55,43077497ed63d8230d9280c987f64a76,40747867,103603,1,9.652136983128064e-06,114732,503,500,AVAILABLE_VALID_CACHE,1,43077497ed63d8230d9280c987f64a76,40747867,1,,1284f9141657400869b7eaef1ce7a19eb6fdf6e26e34509f819c6e0920dfd135,
2025-02-21,2025,2025-02,https://data.gdeltproject.org/gkg/20250221.gkg.csv.zip,https://data.gdeltproject.org/gkg/20250221.gkg.csv.zip,4567e104b1f9a6ff765ed481ea295127504c8706fcd4c21b6215011ffcb5b3e0,a20e931b1b1c9ff1f1fbfa478e3321db,39381060,100028,1,9.99710084075618e-06,111502,503,500,AVAILABLE_VALID_CACHE,1,a20e931b1b1c9ff1f1fbfa478e3321db,39381060,1,,1284f9141657400869b7eaef1ce7a19eb6fdf6e26e34509f819c6e0920dfd135,
2025-02-22,2025,2025-02,https://data.gdeltproject.org/gkg/20250222.gkg.csv.zip,https://data.gdeltproject.org/gkg/20250222.gkg.csv.zip,772b1d05d683580370cb05daeceeb5b87d287fa837a7d0aa5b133f8a0a06dfbf,a5df794823f8b4721ca3846537f500b4,24165149,60998,1,1.639371137231758e-05,66672,503,500,AVAILABLE_VALID_CACHE,1,a5df794823f8b4721ca3846537f500b4,24165149,1,,1284f9141657400869b7eaef1ce7a19eb6fdf6e26e34509f819c6e0920dfd135,
2025-02-23,2025,2025-02,https://data.gdeltproject.org/gkg/20250223.gkg.csv.zip,https://data.gdeltproject.org/gkg/20250223.gkg.csv.zip,927977575fc7a81cf3c8d53a86a22337656e13ad45b716d04ccd6eeeaca50a68,6c47e05d5592a8306c95a2740e2a0d41,19891301,50337,1,1.9865707815169456e-05,55475,503,500,AVAILABLE_VALID_CACHE,1,6c47e05d5592a8306c95a2740e2a0d41,19891301,1,,1284f9141657400869b7eaef1ce7a19eb6fdf6e26e34509f819c6e0920dfd135,
2025-02-24,2025,2025-02,https://data.gdeltproject.org/gkg/20250224.gkg.csv.zip,https://data.gdeltproject.org/gkg/20250224.gkg.csv.zip,e1a0082c18e27d83db082a7428752bee6fa8d9597da341d11c74c7b4d33b3a20,5ddb0bb6fa8794d42481bb7bad97db4e,34717538,88903,1,1.1248087825069738e-05,98060,503,500,AVAILABLE_VALID_CACHE,1,5ddb0bb6fa8794d42481bb7bad97db4e,34717538,1,,1284f9141657400869b7eaef1ce7a19eb6fdf6e26e34509f819c6e0920dfd135,
2025-02-25,2025,2025-02,https://data.gdeltproject.org/gkg/20250225.gkg.csv.zip,https://data.gdeltproject.org/gkg/20250225.gkg.csv.zip,e15e4d751620aa4f72fb2bece50ea72f799c93e8e85402f85b5c9a5587621b6f,bada711d3b94e79ae28b38eb036d3c4e,39910471,103286,1,9.681760531335018e-06,115162,503,500,AVAILABLE_VALID_CACHE,1,bada711d3b94e79ae28b38eb036d3c4e,39910471,1,,1284f9141657400869b7eaef1ce7a19eb6fdf6e26e34509f819c6e0920dfd135,
2025-02-26,2025,2025-02,https://data.gdeltproject.org/gkg/20250226.gkg.csv.zip,https://data.gdeltproject.org/gkg/20250226.gkg.csv.zip,b4e26759a400470057636136153889f5d8417a6bfeb1da5ff6feb2430fb5a610,06c8d67bf422644d0aa4f401a3c02218,40069869,105636,1,9.4663801508941e-06,119090,503,500,AVAILABLE_VALID_CACHE,1,06c8d67bf422644d0aa4f401a3c02218,40069869,1,,1284f9141657400869b7eaef1ce7a19eb6fdf6e26e34509f819c6e0920dfd135,
2025-02-27,2025,2025-02,https://data.gdeltproject.org/gkg/20250227.gkg.csv.zip,https://data.gdeltproject.org/gkg/20250227.gkg.csv.zip,907af41bfff3f16a2e87a34fe42a5127ceb5d77f523eec518de96685dc4bffd3,911bce045fd5ada51ae3ab3f7eb28498,41055836,107260,1,9.323053113433587e-06,118546,503,500,AVAILABLE_VALID_CACHE,1,911bce045fd5ada51ae3ab3f7eb28498,41055836,1,,1284f9141657400869b7eaef1ce7a19eb6fdf6e26e34509f819c6e0920dfd135,
2025-02-28,2025,2025-02,https://data.gdeltproject.org/gkg/20250228.gkg.csv.zip,https://data.gdeltproject.org/gkg/20250228.gkg.csv.zip,9b305c0d4465713712c34e3f4d5d2bd85477ecd6256357944591f7beff33f253,efdfc6ca07231d7ea8c33c3bf50ebee8,41136123,104691,1,9.551828219921294e-06,116940,503,500,AVAILABLE_VALID_CACHE,1,efdfc6ca07231d7ea8c33c3bf50ebee8,41136123,1,,1284f9141657400869b7eaef1ce7a19eb6fdf6e26e34509f819c6e0920dfd135,
2025-03-01,2025,2025-03,https://data.gdeltproject.org/gkg/20250301.gkg.csv.zip,https://data.gdeltproject.org/gkg/20250301.gkg.csv.zip,b887c5943a10c63bb6ac1d66c68f85e271f4ec50a1ae892fce50f6d98f59dc9f,132daf7f019557656e35fe93b747aa33,24197370,60689,1,1.647717910693689e-05,66566,503,500,AVAILABLE_VALID_CACHE,1,132daf7f019557656e35fe93b747aa33,24197370,1,,1284f9141657400869b7eaef1ce7a19eb6fdf6e26e34509f819c6e0920dfd135,
2025-03-02,2025,2025-03,https://data.gdeltproject.org/gkg/20250302.gkg.csv.zip,https://data.gdeltproject.org/gkg/20250302.gkg.csv.zip,fd5dde7be6ca4216997c6d137f8bb80c6e059489074c5d65c9e43caf2060ff3b,3d2c4adaed51cb84f39c0c0bfc86ce26,19752155,50807,1,1.9681939851991812e-05,54954,503,500,AVAILABLE_VALID_CACHE,1,3d2c4adaed51cb84f39c0c0bfc86ce26,19752155,1,,1284f9141657400869b7eaef1ce7a19eb6fdf6e26e34509f819c6e0920dfd135,
2025-03-03,2025,2025-03,https://data.gdeltproject.org/gkg/20250303.gkg.csv.zip,https://data.gdeltproject.org/gkg/20250303.gkg.csv.zip,96d8f99d7cb850f1ee64b0bcfc3afdbc0558c669d8142e6301348ee827868370,a40a2700de3e307003f9d3ee57d899b6,35126378,91661,1,1.0909646309266654e-05,100495,503,500,AVAILABLE_VALID_CACHE,1,a40a2700de3e307003f9d3ee57d899b6,35126378,1,,1284f9141657400869b7eaef1ce7a19eb6fdf6e26e34509f819c6e0920dfd135,
2025-03-04,2025,2025-03,https://data.gdeltproject.org/gkg/20250304.gkg.csv.zip,https://data.gdeltproject.org/gkg/20250304.gkg.csv.zip,815443fdc0c49ed7a77e3e6928b7d56fc9f81121cd1731af2d46ce38b52f3d26,9882fe32d26bc19e8c2b73b733799c5d,41456979,106765,1,9.366277653934773e-06,117351,503,500,AVAILABLE_VALID_CACHE,1,9882fe32d26bc19e8c2b73b733799c5d,41456979,1,,1284f9141657400869b7eaef1ce7a19eb6fdf6e26e34509f819c6e0920dfd135,
2025-03-05,2025,2025-03,https://data.gdeltproject.org/gkg/20250305.gkg.csv.zip,https://data.gdeltproject.org/gkg/20250305.gkg.csv.zip,980ae16f24f28212318739588e5b7aadff849c3ec640fa2f8c7a3d927f0c9e13,4c3a317497b618d5c5f7bf8da91c7ce2,42009147,108538,1,9.213278176507983e-06,120932,503,500,AVAILABLE_VALID_CACHE,1,4c3a317497b618d5c5f7bf8da91c7ce2,42009147,1,,1284f9141657400869b7eaef1ce7a19eb6fdf6e26e34509f819c6e0920dfd135,
2025-03-06,2025,2025-03,https://data.gdeltproject.org/gkg/20250306.gkg.csv.zip,https://data.gdeltproject.org/gkg/20250306.gkg.csv.zip,c6499347ab1f263578096c7e3ef40d57450c6192fa4d5d0d73d840b35b92d20e,957f34a8689caaef81de68102d278a79,40530705,105469,1,9.481369109699441e-06,116425,503,500,AVAILABLE_VALID_CACHE,1,957f34a8689caaef81de68102d278a79,40530705,1,,1284f9141657400869b7eaef1ce7a19eb6fdf6e26e34509f819c6e0920dfd135,
2025-03-07,2025,2025-03,https://data.gdeltproject.org/gkg/20250307.gkg.csv.zip,https://data.gdeltproject.org/gkg/20250307.gkg.csv.zip,2f7502d136a8cd46268e4f4d8d842d429e9ceec29fb4127cd71412d9550606bd,3d62b63b606f3d4d5b829bb894835cb3,39814798,102265,1,9.778420980580055e-06,113915,503,500,AVAILABLE_VALID_CACHE,1,3d62b63b606f3d4d5b829bb894835cb3,39814798,1,,1284f9141657400869b7eaef1ce7a19eb6fdf6e26e34509f819c6e0920dfd135,
2025-03-08,2025,2025-03,https://data.gdeltproject.org/gkg/20250308.gkg.csv.zip,https://data.gdeltproject.org/gkg/20250308.gkg.csv.zip,18e767a90e2ed246b6af034f4a0229cc285f09581df46af46738124ff74f852b,5c9bc5f651446c696b5452702a55868a,25569253,63834,1,1.5665387326701653e-05,70167,503,500,AVAILABLE_VALID_CACHE,1,5c9bc5f651446c696b5452702a55868a,25569253,1,,1284f9141657400869b7eaef1ce7a19eb6fdf6e26e34509f819c6e0920dfd135,
2025-03-09,2025,2025-03,https://data.gdeltproject.org/gkg/20250309.gkg.csv.zip,https://data.gdeltproject.org/gkg/20250309.gkg.csv.zip,ac38a022cb5598835807d55c8ee574896ec720ae13298b8cbbbb3bd6f11368d2,567b952fd23f0c27b21fe1c5f19b49dd,19972830,50885,1,1.965177062453327e-05,56553,503,500,AVAILABLE_VALID_CACHE,1,567b952fd23f0c27b21fe1c5f19b49dd,19972830,1,,1284f9141657400869b7eaef1ce7a19eb6fdf6e26e34509f819c6e0920dfd135,
2025-03-10,2025,2025-03,https://data.gdeltproject.org/gkg/20250310.gkg.csv.zip,https://data.gdeltproject.org/gkg/20250310.gkg.csv.zip,8e1a1cd661e243b5fb1c2f47d6a835278a0dd903de99d5fa45c4dcda542c2aef,3814b0bd592d39605d3fd56b77ad0033,35001839,90184,1,1.108831845650607e-05,99448,503,500,AVAILABLE_VALID_CACHE,1,3814b0bd592d39605d3fd56b77ad0033,35001839,1,,1284f9141657400869b7eaef1ce7a19eb6fdf6e26e34509f819c6e0920dfd135,
2025-03-11,2025,2025-03,https://data.gdeltproject.org/gkg/20250311.gkg.csv.zip,https://data.gdeltproject.org/gkg/20250311.gkg.csv.zip,c4ce1253ae8a4a10c82890decada3ed61c5f1ea9eac8e8db1aa6bfbf8e3c9b79,de0bc3de78a7374a1f7cb248727c2fdb,40544278,102987,1,9.709869110964384e-06,115855,503,500,AVAILABLE_VALID_CACHE,1,de0bc3de78a7374a1f7cb248727c2fdb,40544278,1,,1284f9141657400869b7eaef1ce7a19eb6fdf6e26e34509f819c6e0920dfd135,
2025-03-12,2025,2025-03,https://data.gdeltproject.org/gkg/20250312.gkg.csv.zip,https://data.gdeltproject.org/gkg/20250312.gkg.csv.zip,c8dd08aa3759452728298872d765bcc5a1bc5063bec727be07729d09993ad312,4b6d6ded3d8db2389b50fe8b5751f375,41674042,106764,1,9.366365381913549e-06,117741,503,500,AVAILABLE_VALID_CACHE,1,4b6d6ded3d8db2389b50fe8b5751f375,41674042,1,,1284f9141657400869b7eaef1ce7a19eb6fdf6e26e34509f819c6e0920dfd135,
2025-03-13,2025,2025-03,https://data.gdeltproject.org/gkg/20250313.gkg.csv.zip,https://data.gdeltproject.org/gkg/20250313.gkg.csv.zip,ca489fd47f18eb5633573edba88227597f65570f035ab9cded43e58abced6700,7f39ddd1771975b369e6002ac497847d,41034035,106623,1,9.37875150060024e-06,116902,503,500,AVAILABLE_VALID_CACHE,1,7f39ddd1771975b369e6002ac497847d,41034035,1,,1284f9141657400869b7eaef1ce7a19eb6fdf6e26e34509f819c6e0920dfd135,
2025-03-14,2025,2025-03,https://data.gdeltproject.org/gkg/20250314.gkg.csv.zip,https://data.gdeltproject.org/gkg/20250314.gkg.csv.zip,cc372846627e7959759607a87a13edc1c62c9ac39616b5aaf5176cafb528d1f2,714686990a9ff63fe90d1de64955b95c,38953889,99103,1,1.0090410074265418e-05,107908,503,500,AVAILABLE_VALID_CACHE,1,714686990a9ff63fe90d1de64955b95c,38953889,1,,1284f9141657400869b7eaef1ce7a19eb6fdf6e26e34509f819c6e0920dfd135,
2025-03-15,2025,2025-03,https://data.gdeltproject.org/gkg/20250315.gkg.csv.zip,https://data.gdeltproject.org/gkg/20250315.gkg.csv.zip,f3cb307bb5e22a2e5db72a3672bddb48e0226ef7b4150ad188aec8c8a50f6fac,ef56d176b926ebbb5fb7186ca05b55c6,24145925,59848,1,1.670871693762636e-05,64373,503,500,AVAILABLE_VALID_CACHE,1,ef56d176b926ebbb5fb7186ca05b55c6,24145925,1,,1284f9141657400869b7eaef1ce7a19eb6fdf6e26e34509f819c6e0920dfd135,
2025-03-16,2025,2025-03,https://data.gdeltproject.org/gkg/20250316.gkg.csv.zip,https://data.gdeltproject.org/gkg/20250316.gkg.csv.zip,85113ea7971016b2ce680a353457e745716b75f8dc96a7b8d78b513299c04e40,a215c225acbde4d7bfc3e77b2b430100,20051397,49589,1,2.0165355918531963e-05,54409,503,500,AVAILABLE_VALID_CACHE,1,a215c225acbde4d7bfc3e77b2b430100,20051397,1,,1284f9141657400869b7eaef1ce7a19eb6fdf6e26e34509f819c6e0920dfd135,
2025-03-17,2025,2025-03,https://data.gdeltproject.org/gkg/20250317.gkg.csv.zip,https://data.gdeltproject.org/gkg/20250317.gkg.csv.zip,2bce59bcb02435b175a69fd7bda77b5841bc9f5c24888a2ea2b07d9a297f970d,268c198c64a1a9a97e2f65058212bf9d,35266236,90655,1,1.1030709495234734e-05,99780,503,500,AVAILABLE_VALID_CACHE,1,268c198c64a1a9a97e2f65058212bf9d,35266236,1,,1284f9141657400869b7eaef1ce7a19eb6fdf6e26e34509f819c6e0920dfd135,
2025-03-18,2025,2025-03,https://data.gdeltproject.org/gkg/20250318.gkg.csv.zip,https://data.gdeltproject.org/gkg/20250318.gkg.csv.zip,fb8b2b7d1bc99e63eab9abce09a780924e9ea6928d2b1b1b98a7d1c537be67ca,87f99f4a794cee42125838c1058f42d3,41710323,106167,1,9.419033983874614e-06,115324,503,500,AVAILABLE_VALID_CACHE,1,87f99f4a794cee42125838c1058f42d3,41710323,1,,1284f9141657400869b7eaef1ce7a19eb6fdf6e26e34509f819c6e0920dfd135,
2025-03-19,2025,2025-03,https://data.gdeltproject.org/gkg/20250319.gkg.csv.zip,https://data.gdeltproject.org/gkg/20250319.gkg.csv.zip,f3a42cb804742aa711f6e9f9033764e7b9858067d3370b25ab4c7c2386ac76ef,98f3727f489992b72d94b9535b6e9b50,41405521,106167,1,9.419033983874614e-06,115909,503,500,AVAILABLE_VALID_CACHE,1,98f3727f489992b72d94b9535b6e9b50,41405521,1,,1284f9141657400869b7eaef1ce7a19eb6fdf6e26e34509f819c6e0920dfd135,
2025-03-20,2025,2025-03,https://data.gdeltproject.org/gkg/20250320.gkg.csv.zip,https://data.gdeltproject.org/gkg/20250320.gkg.csv.zip,90af7388cb850a2ee812a4f658ccead5064c2507e821e9d093b2d7f2d12d0390,6562da5109fb6e78a9cfba9260236ba4,41499877,106386,1,9.399644693430587e-06,116064,503,500,AVAILABLE_VALID_CACHE,1,6562da5109fb6e78a9cfba9260236ba4,41499877,1,,1284f9141657400869b7eaef1ce7a19eb6fdf6e26e34509f819c6e0920dfd135,
2025-03-21,2025,2025-03,https://data.gdeltproject.org/gkg/20250321.gkg.csv.zip,https://data.gdeltproject.org/gkg/20250321.gkg.csv.zip,90661f46750d3978a8d8d761bb452b089b259a64846eed945df6837419986c30,038adbca9390bce29353c8703ac99219,39716335,100633,1,9.936999423654034e-06,111899,503,500,AVAILABLE_VALID_CACHE,1,038adbca9390bce29353c8703ac99219,39716335,1,,1284f9141657400869b7eaef1ce7a19eb6fdf6e26e34509f819c6e0920dfd135,
2025-03-22,2025,2025-03,https://data.gdeltproject.org/gkg/20250322.gkg.csv.zip,https://data.gdeltproject.org/gkg/20250322.gkg.csv.zip,de93e06a5b106643cc2495bce89b2d548c77c607c2d348d7c00d94e08c41215e,564c92586d86dadf7b1918139a775568,23161876,57902,1,1.7270262335284872e-05,62744,503,500,AVAILABLE_VALID_CACHE,1,564c92586d86dadf7b1918139a775568,23161876,1,,1284f9141657400869b7eaef1ce7a19eb6fdf6e26e34509f819c6e0920dfd135,
2025-03-23,2025,2025-03,https://data.gdeltproject.org/gkg/20250323.gkg.csv.zip,https://data.gdeltproject.org/gkg/20250323.gkg.csv.zip,fc5acb221a66d3cf20abc4e4cfa55764336eeef8d3de852d27d4a5c42b28b30d,941cebe0ae1b11d053c7cfa58ecce3a7,19360026,48436,1,2.0645374403864814e-05,53130,503,500,AVAILABLE_VALID_CACHE,1,941cebe0ae1b11d053c7cfa58ecce3a7,19360026,1,,1284f9141657400869b7eaef1ce7a19eb6fdf6e26e34509f819c6e0920dfd135,
2025-03-24,2025,2025-03,https://data.gdeltproject.org/gkg/20250324.gkg.csv.zip,https://data.gdeltproject.org/gkg/20250324.gkg.csv.zip,3c8bf6b9cc4ca530fbf8e1baf71006e62c1e397998bf4bb021a6b83f873b90bf,b7c44fc1223a02de2fe6ba48c286e46f,34972612,89692,1,1.1149142073517443e-05,99221,503,500,AVAILABLE_VALID_CACHE,1,b7c44fc1223a02de2fe6ba48c286e46f,34972612,1,,1284f9141657400869b7eaef1ce7a19eb6fdf6e26e34509f819c6e0920dfd135,
2025-03-25,2025,2025-03,https://data.gdeltproject.org/gkg/20250325.gkg.csv.zip,https://data.gdeltproject.org/gkg/20250325.gkg.csv.zip,d722e7751feded2aaf2a4b6e4e91ab15fcc8fe3bd5bf052e85376b419f0f22f8,db9196949df51c1b9da91e9d6f7a28f4,40163701,103100,1,9.699226971610363e-06,113037,503,500,AVAILABLE_VALID_CACHE,1,db9196949df51c1b9da91e9d6f7a28f4,40163701,1,,1284f9141657400869b7eaef1ce7a19eb6fdf6e26e34509f819c6e0920dfd135,
2025-03-26,2025,2025-03,https://data.gdeltproject.org/gkg/20250326.gkg.csv.zip,https://data.gdeltproject.org/gkg/20250326.gkg.csv.zip,3396ee903dfbd90bc74d2c59e132300b5937b2abb8d6e27ac757b67b903f7bef,126bd67d995d09027beddd6f03f04425,42011119,106851,1,9.358739190656234e-06,117511,503,500,AVAILABLE_VALID_CACHE,1,126bd67d995d09027beddd6f03f04425,42011119,1,,1284f9141657400869b7eaef1ce7a19eb6fdf6e26e34509f819c6e0920dfd135,
2025-03-27,2025,2025-03,https://data.gdeltproject.org/gkg/20250327.gkg.csv.zip,https://data.gdeltproject.org/gkg/20250327.gkg.csv.zip,e7f733a5b16e1c1d094e8bdf6e9e0c6e11b553e9a4ccde13b5f9c1f17c98c3a9,230af82a5b278538c55704ff57e17cf1,42489722,107429,1,9.308386856557759e-06,118170,503,500,AVAILABLE_VALID_CACHE,1,230af82a5b278538c55704ff57e17cf1,42489722,1,,1284f9141657400869b7eaef1ce7a19eb6fdf6e26e34509f819c6e0920dfd135,
2025-03-28,2025,2025-03,https://data.gdeltproject.org/gkg/20250328.gkg.csv.zip,https://data.gdeltproject.org/gkg/20250328.gkg.csv.zip,08f92baeefd18edf3a3cc1ce1a6e7df1a51982a2062ac0e3e067048426313e45,2ee00c836b2288b50354ab47cd7b553f,41059203,103079,1,9.701202949165697e-06,112591,503,500,AVAILABLE_VALID_CACHE,1,2ee00c836b2288b50354ab47cd7b553f,41059203,1,,1284f9141657400869b7eaef1ce7a19eb6fdf6e26e34509f819c6e0920dfd135,
2025-03-29,2025,2025-03,https://data.gdeltproject.org/gkg/20250329.gkg.csv.zip,https://data.gdeltproject.org/gkg/20250329.gkg.csv.zip,19982950263eac30d41c7dda756ed523ceca6d7cd0bf73d9d96560628a6d299b,9d3b40c89169e21861bd5342fbde3076,24882729,61732,1,1.6198791570148868e-05,66477,503,500,AVAILABLE_VALID_CACHE,1,9d3b40c89169e21861bd5342fbde3076,24882729,1,,1284f9141657400869b7eaef1ce7a19eb6fdf6e26e34509f819c6e0920dfd135,
2025-03-30,2025,2025-03,https://data.gdeltproject.org/gkg/20250330.gkg.csv.zip,https://data.gdeltproject.org/gkg/20250330.gkg.csv.zip,f90bffb0a03af8776ac579812018ea2eff0cb011551f02d9d1ac51035f834ddb,14e564e4a17e90ca8727728d0377a8ce,20734849,51775,1,1.9313967861557477e-05,56666,503,500,AVAILABLE_VALID_CACHE,1,14e564e4a17e90ca8727728d0377a8ce,20734849,1,,1284f9141657400869b7eaef1ce7a19eb6fdf6e26e34509f819c6e0920dfd135,
2025-03-31,2025,2025-03,https://data.gdeltproject.org/gkg/20250331.gkg.csv.zip,https://data.gdeltproject.org/gkg/20250331.gkg.csv.zip,26929759ea63e3345c0926f71016dd9abbed5ee1bfa0143c4a5d48eca5bbc1d1,2a5c359ca4af59d9bfe64df917cc6c8f,34245754,88904,1,1.1247961307013104e-05,98741,503,500,AVAILABLE_VALID_CACHE,1,2a5c359ca4af59d9bfe64df917cc6c8f,34245754,1,,1284f9141657400869b7eaef1ce7a19eb6fdf6e26e34509f819c6e0920dfd135,
2025-04-01,2025,2025-04,https://data.gdeltproject.org/gkg/20250401.gkg.csv.zip,https://data.gdeltproject.org/gkg/20250401.gkg.csv.zip,2419be543a3b3506f30a8cfa11728f992dc4e79b79ef92b50a09c6ed459120d6,3b1e617ea32e6443d285752c07111781,40839098,104365,1,9.581664526761589e-06,114773,503,500,AVAILABLE_VALID_CACHE,1,3b1e617ea32e6443d285752c07111781,40839098,1,,1284f9141657400869b7eaef1ce7a19eb6fdf6e26e34509f819c6e0920dfd135,
2025-04-02,2025,2025-04,https://data.gdeltproject.org/gkg/20250402.gkg.csv.zip,https://data.gdeltproject.org/gkg/20250402.gkg.csv.zip,67c1f6fb0c1d460bc32802dae987c7bc644ae287141e8accb7e3e721d7a94f54,5df3ddf5f3a12f55f33035ea75d39aa3,40945157,106357,1,9.402207638353486e-06,116800,503,500,AVAILABLE_VALID_CACHE,1,5df3ddf5f3a12f55f33035ea75d39aa3,40945157,1,,1284f9141657400869b7eaef1ce7a19eb6fdf6e26e34509f819c6e0920dfd135,
2025-04-03,2025,2025-04,https://data.gdeltproject.org/gkg/20250403.gkg.csv.zip,https://data.gdeltproject.org/gkg/20250403.gkg.csv.zip,99a512493040630c8a1956c0aef29b7c01aafcb110d606481c2b59dbc166401d,c90898bb4150a0dd06ddc10a5a5bdb88,41036472,107421,1,9.30908007670682e-06,117667,503,500,AVAILABLE_VALID_CACHE,1,c90898bb4150a0dd06ddc10a5a5bdb88,41036472,1,,1284f9141657400869b7eaef1ce7a19eb6fdf6e26e34509f819c6e0920dfd135,
2025-04-04,2025,2025-04,https://data.gdeltproject.org/gkg/20250404.gkg.csv.zip,https://data.gdeltproject.org/gkg/20250404.gkg.csv.zip,90758227264f783410281fb3c962ef4271411e04987bf323966a27661df044f0,dfa0b4cc489725d445d7a36a10531332,40451266,103481,1,9.663516360333198e-06,114024,503,500,AVAILABLE_VALID_CACHE,1,dfa0b4cc489725d445d7a36a10531332,40451266,1,,1284f9141657400869b7eaef1ce7a19eb6fdf6e26e34509f819c6e0920dfd135,
2025-04-05,2025,2025-04,https://data.gdeltproject.org/gkg/20250405.gkg.csv.zip,https://data.gdeltproject.org/gkg/20250405.gkg.csv.zip,8a4a729fc1c91256868b13ba5a14d224632075c081112e1d087947b0641d42a2,a016c4a40ed5401131cb40aae5b0c668,24053103,60641,1,1.649022129876983e-05,65985,503,500,AVAILABLE_VALID_CACHE,1,a016c4a40ed5401131cb40aae5b0c668,24053103,1,,1284f9141657400869b7eaef1ce7a19eb6fdf6e26e34509f819c6e0920dfd135,
2025-04-06,2025,2025-04,https://data.gdeltproject.org/gkg/20250406.gkg.csv.zip,https://data.gdeltproject.org/gkg/20250406.gkg.csv.zip,63a96ffd132a62909a9892c0e805f3ac162d002ea9ed18a989590e5907348e90,a8f900cee8ee8138bc3177f060349de8,19829540,49401,1,2.0242095461722196e-05,53730,503,500,AVAILABLE_VALID_CACHE,1,a8f900cee8ee8138bc3177f060349de8,19829540,1,,1284f9141657400869b7eaef1ce7a19eb6fdf6e26e34509f819c6e0920dfd135,
2025-04-07,2025,2025-04,https://data.gdeltproject.org/gkg/20250407.gkg.csv.zip,https://data.gdeltproject.org/gkg/20250407.gkg.csv.zip,545fdd02f40fd09335b4c944fa89c3fcba78a1028adf460094739f1f4afe8b89,80cfb88a85817a9ef28521fa022ab9e3,34654334,88945,1,1.1242776516088413e-05,98522,503,500,AVAILABLE_VALID_CACHE,1,80cfb88a85817a9ef28521fa022ab9e3,34654334,1,,1284f9141657400869b7eaef1ce7a19eb6fdf6e26e34509f819c6e0920dfd135,
2025-04-08,2025,2025-04,https://data.gdeltproject.org/gkg/20250408.gkg.csv.zip,https://data.gdeltproject.org/gkg/20250408.gkg.csv.zip,212f7a72d95c37b626c90359d5900b5e972dc9ac34aa1d57f65009e3c98cbb0e,d6a05972aa0a48d77a737b9c10c46371,39796197,102831,1,9.724599346506924e-06,113280,503,500,AVAILABLE_VALID_CACHE,1,d6a05972aa0a48d77a737b9c10c46371,39796197,1,,1284f9141657400869b7eaef1ce7a19eb6fdf6e26e34509f819c6e0920dfd135,
2025-04-09,2025,2025-04,https://data.gdeltproject.org/gkg/20250409.gkg.csv.zip,https://data.gdeltproject.org/gkg/20250409.gkg.csv.zip,7570dd177b3cabf20560a061e2e7c4a81b98b1c94637e3545bc6b1a3f41a17bd,60356767f4df984459b74cf6e8a78847,40313651,105112,1,9.513571109187255e-06,114041,503,500,AVAILABLE_VALID_CACHE,1,60356767f4df984459b74cf6e8a78847,40313651,1,,1284f9141657400869b7eaef1ce7a19eb6fdf6e26e34509f819c6e0920dfd135,
2025-04-10,2025,2025-04,https://data.gdeltproject.org/gkg/20250410.gkg.csv.zip,https://data.gdeltproject.org/gkg/20250410.gkg.csv.zip,3b1cb8c4f6ea637885b7529a52c4175184cc66c5f4a58a687a17c13c8b2b0ebc,61073e5d826afbd253e37aa83a61d434,40543446,106136,1,9.421785051395837e-06,115676,503,500,AVAILABLE_VALID_CACHE,1,61073e5d826afbd253e37aa83a61d434,40543446,1,,1284f9141657400869b7eaef1ce7a19eb6fdf6e26e34509f819c6e0920dfd135,
2025-04-11,2025,2025-04,https://data.gdeltproject.org/gkg/20250411.gkg.csv.zip,https://data.gdeltproject.org/gkg/20250411.gkg.csv.zip,5aa02cef596d80b50f8ffc51f1213a6b58199c0caa39e6ac611b62396c3dcda0,042572009cf6f71d4ea088b8b1c9470c,39695997,101212,1,9.88015373519212e-06,110916,503,500,AVAILABLE_VALID_CACHE,1,042572009cf6f71d4ea088b8b1c9470c,39695997,1,,1284f9141657400869b7eaef1ce7a19eb6fdf6e26e34509f819c6e0920dfd135,
2025-04-12,2025,2025-04,https://data.gdeltproject.org/gkg/20250412.gkg.csv.zip,https://data.gdeltproject.org/gkg/20250412.gkg.csv.zip,25312044924e6bab597bae0241728d436acca9b2696f8cf5a0ffaa1a9a8dd6ce,e90346b66880b064b22970a6a8f99069,23062156,58733,1,1.702591344025607e-05,62658,503,500,AVAILABLE_VALID_CACHE,1,e90346b66880b064b22970a6a8f99069,23062156,1,,1284f9141657400869b7eaef1ce7a19eb6fdf6e26e34509f819c6e0920dfd135,
2025-04-13,2025,2025-04,https://data.gdeltproject.org/gkg/20250413.gkg.csv.zip,https://data.gdeltproject.org/gkg/20250413.gkg.csv.zip,f8d0478381a0021e621d7fae185e2d6b7fd46cf2184cb4b4884930d76b6c2f63,7f53aa9420fe789b024752583d4b38af,19012453,48923,1,2.04398659144796e-05,52947,503,500,AVAILABLE_VALID_CACHE,1,7f53aa9420fe789b024752583d4b38af,19012453,1,,1284f9141657400869b7eaef1ce7a19eb6fdf6e26e34509f819c6e0920dfd135,
2025-04-14,2025,2025-04,https://data.gdeltproject.org/gkg/20250414.gkg.csv.zip,https://data.gdeltproject.org/gkg/20250414.gkg.csv.zip,3328ea5f023787ccd74f19be147ec9d7ce03103fd040f6fcba1b0334283a45a4,8cfda5ba2ff3df38e29671a409a2de73,34501170,88394,1,1.131285706205102e-05,97393,503,500,AVAILABLE_VALID_CACHE,1,8cfda5ba2ff3df38e29671a409a2de73,34501170,1,,1284f9141657400869b7eaef1ce7a19eb6fdf6e26e34509f819c6e0920dfd135,
2025-04-15,2025,2025-04,https://data.gdeltproject.org/gkg/20250415.gkg.csv.zip,https://data.gdeltproject.org/gkg/20250415.gkg.csv.zip,55b53905ffe51095257c908a3bb41f7110c2d3c5051296b8a93861ddf9be5e8b,efa2d30dd8e4376a5745bacf871e34d0,39385911,101906,1,9.812868595876633e-06,112050,503,500,AVAILABLE_VALID_CACHE,1,efa2d30dd8e4376a5745bacf871e34d0,39385911,1,,1284f9141657400869b7eaef1ce7a19eb6fdf6e26e34509f819c6e0920dfd135,
2025-04-16,2025,2025-04,https://data.gdeltproject.org/gkg/20250416.gkg.csv.zip,https://data.gdeltproject.org/gkg/20250416.gkg.csv.zip,529cc05c0aa1a4dc999adcd85a0bf1a142d3ed776a09ded9ecc765b6be88e789,5b706aebe740708bb93db06346d94583,40129827,104785,1,9.543259595747523e-06,116392,503,500,AVAILABLE_VALID_CACHE,1,5b706aebe740708bb93db06346d94583,40129827,1,,1284f9141657400869b7eaef1ce7a19eb6fdf6e26e34509f819c6e0920dfd135,
2025-04-17,2025,2025-04,https://data.gdeltproject.org/gkg/20250417.gkg.csv.zip,https://data.gdeltproject.org/gkg/20250417.gkg.csv.zip,75365dbeaf9345940ffde37208528a43ab296001e2244746fe2de913135b6bff,909fce5746bec5195be2bddbf5d63178,38572135,100742,1,9.926247977526975e-06,111536,503,500,AVAILABLE_VALID_CACHE,1,909fce5746bec5195be2bddbf5d63178,38572135,1,,1284f9141657400869b7eaef1ce7a19eb6fdf6e26e34509f819c6e0920dfd135,
2025-04-18,2025,2025-04,https://data.gdeltproject.org/gkg/20250418.gkg.csv.zip,https://data.gdeltproject.org/gkg/20250418.gkg.csv.zip,5b2c018a7084103cbcabee02322f975979a3507a25093fc2abe29d344c741652,d4baa12a1c937c689d5097bbc7dc2ee9,34248394,85675,1,1.1671880106447546e-05,95123,503,500,AVAILABLE_VALID_CACHE,1,d4baa12a1c937c689d5097bbc7dc2ee9,34248394,1,,1284f9141657400869b7eaef1ce7a19eb6fdf6e26e34509f819c6e0920dfd135,
2025-04-19,2025,2025-04,https://data.gdeltproject.org/gkg/20250419.gkg.csv.zip,https://data.gdeltproject.org/gkg/20250419.gkg.csv.zip,6f4e15697b07e6f28c3305dc6d52f50c18817649c4eaaf9301ccfbfab58edd99,5e0b800ed3e786f1d7fc593fd0c181d3,21609740,53584,1,1.866193897545955e-05,58195,503,500,AVAILABLE_VALID_CACHE,1,5e0b800ed3e786f1d7fc593fd0c181d3,21609740,1,,1284f9141657400869b7eaef1ce7a19eb6fdf6e26e34509f819c6e0920dfd135,
2025-04-20,2025,2025-04,https://data.gdeltproject.org/gkg/20250420.gkg.csv.zip,https://data.gdeltproject.org/gkg/20250420.gkg.csv.zip,e49a8463700488d8fa46f279893d34d1c39ce9fda7fe0070d99160e2e06dab11,cbc1479cc4c64d5b8e2e1589399fcc96,18193955,45539,1,2.1958717610891526e-05,49068,503,500,AVAILABLE_VALID_CACHE,1,cbc1479cc4c64d5b8e2e1589399fcc96,18193955,1,,1284f9141657400869b7eaef1ce7a19eb6fdf6e26e34509f819c6e0920dfd135,
2025-04-21,2025,2025-04,https://data.gdeltproject.org/gkg/20250421.gkg.csv.zip,https://data.gdeltproject.org/gkg/20250421.gkg.csv.zip,44f6ae709e9d54303a3470b619a66d08f2a05e5d8a35030349977c05b0f5448a,afa058992d2cbf33195427d12948dd18,33725285,83194,1,1.2019953122182824e-05,92684,503,500,AVAILABLE_VALID_CACHE,1,afa058992d2cbf33195427d12948dd18,33725285,1,,1284f9141657400869b7eaef1ce7a19eb6fdf6e26e34509f819c6e0920dfd135,
2025-04-22,2025,2025-04,https://data.gdeltproject.org/gkg/20250422.gkg.csv.zip,https://data.gdeltproject.org/gkg/20250422.gkg.csv.zip,a267d2628f59f20bdb0a7a36e4acd81161925bfec40adff940bc829c98f2cf8a,a4e06ca5b0ad1c0232b66fa08202b9bb,38568060,98180,1,1.0185270062435705e-05,107205,503,500,AVAILABLE_VALID_CACHE,1,a4e06ca5b0ad1c0232b66fa08202b9bb,38568060,1,,1284f9141657400869b7eaef1ce7a19eb6fdf6e26e34509f819c6e0920dfd135,
2025-04-23,2025,2025-04,https://data.gdeltproject.org/gkg/20250423.gkg.csv.zip,https://data.gdeltproject.org/gkg/20250423.gkg.csv.zip,27695b442f7a10bb7b19faa5058fe6a024fb913f5f2018ce9612e795b9998887,da65a40018af7840ef8e72a06c74d904,41125428,103187,1,9.691049346823275e-06,113187,503,500,AVAILABLE_VALID_CACHE,1,da65a40018af7840ef8e72a06c74d904,41125428,1,,1284f9141657400869b7eaef1ce7a19eb6fdf6e26e34509f819c6e0920dfd135,
2025-04-24,2025,2025-04,https://data.gdeltproject.org/gkg/20250424.gkg.csv.zip,https://data.gdeltproject.org/gkg/20250424.gkg.csv.zip,bb2e83e6bf34fab46533bc10baf83896e46c0b0c9d844711ff7eefbeb77e1182,ddde1d8772af7e6c33f9605b9107ca8d,40142739,101947,1,9.808922195629144e-06,110863,503,500,AVAILABLE_VALID_CACHE,1,ddde1d8772af7e6c33f9605b9107ca8d,40142739,1,,1284f9141657400869b7eaef1ce7a19eb6fdf6e26e34509f819c6e0920dfd135,
2025-04-25,2025,2025-04,https://data.gdeltproject.org/gkg/20250425.gkg.csv.zip,https://data.gdeltproject.org/gkg/20250425.gkg.csv.zip,93f3d1b38757d3b6fb32ef9b794ac32ce80ca2b2ddc8e831e69d5f1699206827,b2a871fd7a6e13aa1bc6226b187001da,39236186,97033,1,1.0305666055197147e-05,106091,503,500,AVAILABLE_VALID_CACHE,1,b2a871fd7a6e13aa1bc6226b187001da,39236186,1,,1284f9141657400869b7eaef1ce7a19eb6fdf6e26e34509f819c6e0920dfd135,
2025-04-26,2025,2025-04,https://data.gdeltproject.org/gkg/20250426.gkg.csv.zip,https://data.gdeltproject.org/gkg/20250426.gkg.csv.zip,57a130bb99c4f30f0fe74b7baf37e9a698371120ca88fa662c75b07d9863098a,78a0923234234bac20942aa351a55f06,24564712,59098,1,1.6920760080542818e-05,63400,503,500,AVAILABLE_VALID_CACHE,1,78a0923234234bac20942aa351a55f06,24564712,1,,1284f9141657400869b7eaef1ce7a19eb6fdf6e26e34509f819c6e0920dfd135,
2025-04-27,2025,2025-04,https://data.gdeltproject.org/gkg/20250427.gkg.csv.zip,https://data.gdeltproject.org/gkg/20250427.gkg.csv.zip,7bd2c8ae1e3e73d72ad9594adb6cccd15ce42afc5b35b49db122cd660acc05da,d9f17fb250d40ca938ff9539e3289238,19980872,49678,1,2.0129229654381127e-05,54078,503,500,AVAILABLE_VALID_CACHE,1,d9f17fb250d40ca938ff9539e3289238,19980872,1,,1284f9141657400869b7eaef1ce7a19eb6fdf6e26e34509f819c6e0920dfd135,
2025-04-28,2025,2025-04,https://data.gdeltproject.org/gkg/20250428.gkg.csv.zip,https://data.gdeltproject.org/gkg/20250428.gkg.csv.zip,33763c6ee2e979a9ccdb96141117c71a9faeb6be5a771ffaf9e4ea56434ee734,70b3d8c74917e0707223bfd2b74dc32e,35323813,88701,1,1.1273702960474397e-05,97990,503,500,AVAILABLE_VALID_CACHE,1,70b3d8c74917e0707223bfd2b74dc32e,35323813,1,,1284f9141657400869b7eaef1ce7a19eb6fdf6e26e34509f819c6e0920dfd135,
2025-04-29,2025,2025-04,https://data.gdeltproject.org/gkg/20250429.gkg.csv.zip,https://data.gdeltproject.org/gkg/20250429.gkg.csv.zip,953fa5b663bf59946b81e0660cdf7871467c91ae3f5fbc2fdbcd563a35f7129d,6b3f0449abea78b46b9342405e2d744f,40256617,102755,1,9.73179181750944e-06,114874,503,500,AVAILABLE_VALID_CACHE,1,6b3f0449abea78b46b9342405e2d744f,40256617,1,,1284f9141657400869b7eaef1ce7a19eb6fdf6e26e34509f819c6e0920dfd135,
2025-04-30,2025,2025-04,https://data.gdeltproject.org/gkg/20250430.gkg.csv.zip,https://data.gdeltproject.org/gkg/20250430.gkg.csv.zip,f1655f32f8187537c71d73445d38d3cb70c95d52cf1f286a526337d1de4d375c,44aa761b7a3fcd5af0b7cacc5d9d7fd9,41836595,106394,1,9.398937920015038e-06,115575,503,500,AVAILABLE_VALID_CACHE,1,44aa761b7a3fcd5af0b7cacc5d9d7fd9,41836595,1,,1284f9141657400869b7eaef1ce7a19eb6fdf6e26e34509f819c6e0920dfd135,
2025-05-01,2025,2025-05,https://data.gdeltproject.org/gkg/20250501.gkg.csv.zip,https://data.gdeltproject.org/gkg/20250501.gkg.csv.zip,fd46d14ef657b19b83bd888a6713a0e17f9ec539c4250c5e2917ff47a5770afb,9157da4f89e69e9fb7772052a1040f5e,38104330,96730,1,1.0337947503902575e-05,106150,503,500,AVAILABLE_VALID_CACHE,1,9157da4f89e69e9fb7772052a1040f5e,38104330,1,,1284f9141657400869b7eaef1ce7a19eb6fdf6e26e34509f819c6e0920dfd135,
2025-05-02,2025,2025-05,https://data.gdeltproject.org/gkg/20250502.gkg.csv.zip,https://data.gdeltproject.org/gkg/20250502.gkg.csv.zip,e73a5a2f7180d54382f9c679298a728667c1488e6752bab230f1295264cb83f9,c42231427fa275c0979a6a722326e11d,37685638,96906,1,1.0319171989639552e-05,108437,503,500,AVAILABLE_VALID_CACHE,1,c42231427fa275c0979a6a722326e11d,37685638,1,,1284f9141657400869b7eaef1ce7a19eb6fdf6e26e34509f819c6e0920dfd135,
2025-05-03,2025,2025-05,https://data.gdeltproject.org/gkg/20250503.gkg.csv.zip,https://data.gdeltproject.org/gkg/20250503.gkg.csv.zip,e8094452be739e0b39af03b72b8833fa2edd3e242c7c586df1389d8320f67176,2c1a3e65c8c41823b516561b6c364464,22265304,56374,1,1.7738359201773837e-05,61850,503,500,AVAILABLE_VALID_CACHE,1,2c1a3e65c8c41823b516561b6c364464,22265304,1,,1284f9141657400869b7eaef1ce7a19eb6fdf6e26e34509f819c6e0920dfd135,
2025-05-04,2025,2025-05,https://data.gdeltproject.org/gkg/20250504.gkg.csv.zip,https://data.gdeltproject.org/gkg/20250504.gkg.csv.zip,2baec5f1291662c88c926251a9230d90e539198eda7f95eecc8f84dbe057d970,0b7d3f9d5bfe075e114306eb75f0f289,18793298,47467,1,2.1066823965618945e-05,51632,503,500,AVAILABLE_VALID_CACHE,1,0b7d3f9d5bfe075e114306eb75f0f289,18793298,1,,1284f9141657400869b7eaef1ce7a19eb6fdf6e26e34509f819c6e0920dfd135,
2025-05-05,2025,2025-05,https://data.gdeltproject.org/gkg/20250505.gkg.csv.zip,https://data.gdeltproject.org/gkg/20250505.gkg.csv.zip,81ea94eecbd38d3f2f20a342061b35b47fb37ff624e2be76b6fd3a85ea5f1e4f,c183ae4dba6072680e8a88bce6ddbcff,32083820,81611,1,1.225310003430868e-05,92184,503,500,AVAILABLE_VALID_CACHE,1,c183ae4dba6072680e8a88bce6ddbcff,32083820,1,,1284f9141657400869b7eaef1ce7a19eb6fdf6e26e34509f819c6e0920dfd135,
2025-05-06,2025,2025-05,https://data.gdeltproject.org/gkg/20250506.gkg.csv.zip,https://data.gdeltproject.org/gkg/20250506.gkg.csv.zip,164ed22fe0b2f2866bf6bb31a5aeede9d1edebe056554e43fd6236227226689c,4e46d42bc3a08006a48dbf7177b14d46,37254250,95331,1,1.0489657198002769e-05,103990,503,500,AVAILABLE_VALID_CACHE,1,4e46d42bc3a08006a48dbf7177b14d46,37254250,1,,1284f9141657400869b7eaef1ce7a19eb6fdf6e26e34509f819c6e0920dfd135,
2025-05-07,2025,2025-05,https://data.gdeltproject.org/gkg/20250507.gkg.csv.zip,https://data.gdeltproject.org/gkg/20250507.gkg.csv.zip,ca9464e1687745aee8d428eef8b4f4e27b8c96661a230bc028f7aa05c50c1ffb,c310c2233e53e8c09f78881b3ede3b8e,39428707,99095,1,1.0091224671026075e-05,109969,503,500,AVAILABLE_VALID_CACHE,1,c310c2233e53e8c09f78881b3ede3b8e,39428707,1,,1284f9141657400869b7eaef1ce7a19eb6fdf6e26e34509f819c6e0920dfd135,
2025-05-08,2025,2025-05,https://data.gdeltproject.org/gkg/20250508.gkg.csv.zip,https://data.gdeltproject.org/gkg/20250508.gkg.csv.zip,4e4056d0f026e3b55b68509fd510b2bb2d6e56c4f19736a85fe427b643f83fcc,6351c1bc7314fcc2354b6fcb544a16a5,40205381,101359,1,9.865824782951854e-06,111143,503,500,AVAILABLE_VALID_CACHE,1,6351c1bc7314fcc2354b6fcb544a16a5,40205381,1,,1284f9141657400869b7eaef1ce7a19eb6fdf6e26e34509f819c6e0920dfd135,
2025-05-09,2025,2025-05,https://data.gdeltproject.org/gkg/20250509.gkg.csv.zip,https://data.gdeltproject.org/gkg/20250509.gkg.csv.zip,7bf8345615c909c3f21a5443cfa420d1735aa4884435831160677575be87b7a7,10002ecebfc9a266de4f759c4db73bb4,38827425,98010,1,1.0202936405097387e-05,108454,503,500,AVAILABLE_VALID_CACHE,1,10002ecebfc9a266de4f759c4db73bb4,38827425,1,,1284f9141657400869b7eaef1ce7a19eb6fdf6e26e34509f819c6e0920dfd135,
2025-05-10,2025,2025-05,https://data.gdeltproject.org/gkg/20250510.gkg.csv.zip,https://data.gdeltproject.org/gkg/20250510.gkg.csv.zip,b03c60b63dd16c841c04654837719f95f8a2ca391ddb5f3bb7fd05563ce1a3b4,f92e9efa5209f78fa1147d048d476110,22327115,55109,1,1.8145527127563055e-05,59729,503,500,AVAILABLE_VALID_CACHE,1,f92e9efa5209f78fa1147d048d476110,22327115,1,,1284f9141657400869b7eaef1ce7a19eb6fdf6e26e34509f819c6e0920dfd135,
2025-05-11,2025,2025-05,https://data.gdeltproject.org/gkg/20250511.gkg.csv.zip,https://data.gdeltproject.org/gkg/20250511.gkg.csv.zip,82af32c293947b3936767da6bb6e10cdaea549893e29b1b8ac4bb9a739fd6736,5dac662fcb93fbe6a03b6fa0a87c3d0e,18460176,46293,1,2.160107141314209e-05,51199,503,500,AVAILABLE_VALID_CACHE,1,5dac662fcb93fbe6a03b6fa0a87c3d0e,18460176,1,,1284f9141657400869b7eaef1ce7a19eb6fdf6e26e34509f819c6e0920dfd135,
2025-05-12,2025,2025-05,https://data.gdeltproject.org/gkg/20250512.gkg.csv.zip,https://data.gdeltproject.org/gkg/20250512.gkg.csv.zip,a82732fa21122e92614b15f26dac7d24085ec3c3434021d37a20d4cadd8fe53e,8a5ef9cd174f98cfc1096b6d74ee369d,33606365,85979,1,1.1630611770179112e-05,95269,503,500,AVAILABLE_VALID_CACHE,1,8a5ef9cd174f98cfc1096b6d74ee369d,33606365,1,,1284f9141657400869b7eaef1ce7a19eb6fdf6e26e34509f819c6e0920dfd135,
2025-05-13,2025,2025-05,https://data.gdeltproject.org/gkg/20250513.gkg.csv.zip,https://data.gdeltproject.org/gkg/20250513.gkg.csv.zip,e146e1490fb98b4fbde14bf31f2de5bafd0b78ae2d9b36426a49ba7c5831c170,458b4de2c2a30dabfbbdfe745aaf5d4b,37735609,97718,1,1.023342441081059e-05,107645,503,500,AVAILABLE_VALID_CACHE,1,458b4de2c2a30dabfbbdfe745aaf5d4b,37735609,1,,1284f9141657400869b7eaef1ce7a19eb6fdf6e26e34509f819c6e0920dfd135,
2025-05-14,2025,2025-05,https://data.gdeltproject.org/gkg/20250514.gkg.csv.zip,https://data.gdeltproject.org/gkg/20250514.gkg.csv.zip,1d04b92c676800cdc75e85ae6824182949194d78d392eb17ca5eecbd4085fb46,cc713a41d29193eece7e8bb20de85e73,38731892,100250,1,9.97496284326341e-06,109835,503,500,AVAILABLE_VALID_CACHE,1,cc713a41d29193eece7e8bb20de85e73,38731892,1,,1284f9141657400869b7eaef1ce7a19eb6fdf6e26e34509f819c6e0920dfd135,
2025-05-15,2025,2025-05,https://data.gdeltproject.org/gkg/20250515.gkg.csv.zip,https://data.gdeltproject.org/gkg/20250515.gkg.csv.zip,31005846cf41d8d64d9224dc946321c775115995981ba3ae5825200f738e876c,88755c66d7cc0e82f07bc0c8143e8aa7,39471344,102141,1,9.790291946505844e-06,111083,503,500,AVAILABLE_VALID_CACHE,1,88755c66d7cc0e82f07bc0c8143e8aa7,39471344,1,,1284f9141657400869b7eaef1ce7a19eb6fdf6e26e34509f819c6e0920dfd135,
2025-05-16,2025,2025-05,https://data.gdeltproject.org/gkg/20250516.gkg.csv.zip,https://data.gdeltproject.org/gkg/20250516.gkg.csv.zip,bc6e903750e02b37c1da622ac5b3c95b1b155aa4b5208b068e559d5f90cd1ddc,2f4ea7a10afadff5135de24dde38152c,36701188,95029,1,1.052299273913501e-05,103459,503,500,AVAILABLE_VALID_CACHE,1,2f4ea7a10afadff5135de24dde38152c,36701188,1,,1284f9141657400869b7eaef1ce7a19eb6fdf6e26e34509f819c6e0920dfd135,
2025-05-17,2025,2025-05,https://data.gdeltproject.org/gkg/20250517.gkg.csv.zip,https://data.gdeltproject.org/gkg/20250517.gkg.csv.zip,e4f086b385546cb4a07a5dc6bf3801fee511ab95755204caf84e6523920575b1,1da093b8c7cd576527776e3d4f1731eb,21540007,53944,1,1.8537399202891835e-05,57102,503,500,AVAILABLE_VALID_CACHE,1,1da093b8c7cd576527776e3d4f1731eb,21540007,1,,1284f9141657400869b7eaef1ce7a19eb6fdf6e26e34509f819c6e0920dfd135,
2025-05-18,2025,2025-05,https://data.gdeltproject.org/gkg/20250518.gkg.csv.zip,https://data.gdeltproject.org/gkg/20250518.gkg.csv.zip,790f345909b8803af2f9fd0ce77f2da07d04a02f5c21463fde191f2fc3227d52,ae57088d4bfef1789abbf0365ceaf3cf,18820298,48297,1,2.0704791088657916e-05,51025,503,500,AVAILABLE_VALID_CACHE,1,ae57088d4bfef1789abbf0365ceaf3cf,18820298,1,,1284f9141657400869b7eaef1ce7a19eb6fdf6e26e34509f819c6e0920dfd135,
2025-05-19,2025,2025-05,https://data.gdeltproject.org/gkg/20250519.gkg.csv.zip,https://data.gdeltproject.org/gkg/20250519.gkg.csv.zip,a799c912dc50ffd131a1f8ff2654e6e488a588fb413ffbfbfff7c81730053263,6a01d4743a01efdb101bf20fc368d585,33862381,88333,1,1.1320669277967714e-05,96640,503,500,AVAILABLE_VALID_CACHE,1,6a01d4743a01efdb101bf20fc368d585,33862381,1,,1284f9141657400869b7eaef1ce7a19eb6fdf6e26e34509f819c6e0920dfd135,
2025-05-20,2025,2025-05,https://data.gdeltproject.org/gkg/20250520.gkg.csv.zip,https://data.gdeltproject.org/gkg/20250520.gkg.csv.zip,b1d076c3f5e55818c35cd645f6688bb42dc38aedf0a2fdca7bd93941cb4aa43b,12d51785c2938058f9d47e32bec2e759,38605756,100530,1,9.947180471695298e-06,110550,503,500,AVAILABLE_VALID_CACHE,1,12d51785c2938058f9d47e32bec2e759,38605756,1,,1284f9141657400869b7eaef1ce7a19eb6fdf6e26e34509f819c6e0920dfd135,
2025-05-21,2025,2025-05,https://data.gdeltproject.org/gkg/20250521.gkg.csv.zip,https://data.gdeltproject.org/gkg/20250521.gkg.csv.zip,c8f9d9d61cd86b1c82ad9b848815731d466ef079603620cbac61bd13562c7b0b,76ceb999f9408084c7bb158f4c9a1092,39782435,101337,1,9.867966606801003e-06,109774,503,500,AVAILABLE_VALID_CACHE,1,76ceb999f9408084c7bb158f4c9a1092,39782435,1,,1284f9141657400869b7eaef1ce7a19eb6fdf6e26e34509f819c6e0920dfd135,
2025-05-22,2025,2025-05,https://data.gdeltproject.org/gkg/20250522.gkg.csv.zip,https://data.gdeltproject.org/gkg/20250522.gkg.csv.zip,34a17068fe36cb9fbdc7ee0452168506df0fb4108e14d1dd4a4314faeec7cd81,54a788bd1d59052ee5c786d0e7c2ad3a,40107917,100653,1,9.935024936912592e-06,109628,503,500,AVAILABLE_VALID_CACHE,1,54a788bd1d59052ee5c786d0e7c2ad3a,40107917,1,,1284f9141657400869b7eaef1ce7a19eb6fdf6e26e34509f819c6e0920dfd135,
2025-05-23,2025,2025-05,https://data.gdeltproject.org/gkg/20250523.gkg.csv.zip,https://data.gdeltproject.org/gkg/20250523.gkg.csv.zip,06e41669079407247567d9f41843cbfa764070bee397320d078bf12f76ef81bd,f65690548d10b46e9e23cc8d9e5890f9,36676537,92189,1,1.0847163466753444e-05,100986,503,500,AVAILABLE_VALID_CACHE,1,f65690548d10b46e9e23cc8d9e5890f9,36676537,1,,1284f9141657400869b7eaef1ce7a19eb6fdf6e26e34509f819c6e0920dfd135,
2025-05-24,2025,2025-05,https://data.gdeltproject.org/gkg/20250524.gkg.csv.zip,https://data.gdeltproject.org/gkg/20250524.gkg.csv.zip,2118e5fff40336d213f905a76cec810bc70d964346520cad95295a8dfa441ad5,d409881587f0887072a96f441ce68f60,20770553,52494,1,1.9049433279359938e-05,56900,503,500,AVAILABLE_VALID_CACHE,1,d409881587f0887072a96f441ce68f60,20770553,1,,1284f9141657400869b7eaef1ce7a19eb6fdf6e26e34509f819c6e0920dfd135,
2025-05-25,2025,2025-05,https://data.gdeltproject.org/gkg/20250525.gkg.csv.zip,https://data.gdeltproject.org/gkg/20250525.gkg.csv.zip,d888736e20b231be34617b02346c9ea186f9ce43a4df6c86cfa9f506f0a111c9,6903e1de100584b44ffecc49d4837a32,17476660,44832,1,2.2304998550175094e-05,49090,503,500,AVAILABLE_VALID_CACHE,1,6903e1de100584b44ffecc49d4837a32,17476660,1,,1284f9141657400869b7eaef1ce7a19eb6fdf6e26e34509f819c6e0920dfd135,
2025-05-26,2025,2025-05,https://data.gdeltproject.org/gkg/20250526.gkg.csv.zip,https://data.gdeltproject.org/gkg/20250526.gkg.csv.zip,233f8cbcbd65910ab8cf42228bca57a0b268ce9fc05c7a1dbad389461d4fd82b,5e77b5182d4c5f4336d3915233e05bae,25343148,65546,1,1.525622835522602e-05,71682,503,500,AVAILABLE_VALID_CACHE,1,5e77b5182d4c5f4336d3915233e05bae,25343148,1,,1284f9141657400869b7eaef1ce7a19eb6fdf6e26e34509f819c6e0920dfd135,
2025-05-27,2025,2025-05,https://data.gdeltproject.org/gkg/20250527.gkg.csv.zip,https://data.gdeltproject.org/gkg/20250527.gkg.csv.zip,926712543ed3ff89f787c46a3a63bbc1389bcc6c7dbb4f00cd81d0a68cad204f,80b4db52224edec401fc6d0bdfe755e1,34181833,89746,1,1.114243373037539e-05,100673,503,500,AVAILABLE_VALID_CACHE,1,80b4db52224edec401fc6d0bdfe755e1,34181833,1,,1284f9141657400869b7eaef1ce7a19eb6fdf6e26e34509f819c6e0920dfd135,
2025-05-28,2025,2025-05,https://data.gdeltproject.org/gkg/20250528.gkg.csv.zip,https://data.gdeltproject.org/gkg/20250528.gkg.csv.zip,89645e02e2e51235f45bd647f5ae13ab694951a628777b76beac575729db8361,7d56256c0b3ffa672a1b4edb6c8a4b75,37441789,98303,1,1.0172526041666666e-05,110114,503,500,AVAILABLE_VALID_CACHE,1,7d56256c0b3ffa672a1b4edb6c8a4b75,37441789,1,,1284f9141657400869b7eaef1ce7a19eb6fdf6e26e34509f819c6e0920dfd135,
2025-05-29,2025,2025-05,https://data.gdeltproject.org/gkg/20250529.gkg.csv.zip,https://data.gdeltproject.org/gkg/20250529.gkg.csv.zip,f43b15542243433ef001e0b0d6650812d1ba9f5438d87e73f228c63dbe4e9a9f,7472e9772fbb79ca4dfe3510c4e68672,38451479,98680,1,1.0133663015170094e-05,107988,503,500,AVAILABLE_VALID_CACHE,1,7472e9772fbb79ca4dfe3510c4e68672,38451479,1,,1284f9141657400869b7eaef1ce7a19eb6fdf6e26e34509f819c6e0920dfd135,
2025-05-30,2025,2025-05,https://data.gdeltproject.org/gkg/20250530.gkg.csv.zip,https://data.gdeltproject.org/gkg/20250530.gkg.csv.zip,15fb27bf9c2a5f3ffd87c2cad252aeb15dc8593b0e90c559a85788afdece2078,08c687ddb7eca8619f658061b5c8550a,35531368,91511,1,1.0927528630125011e-05,99286,503,500,AVAILABLE_VALID_CACHE,1,08c687ddb7eca8619f658061b5c8550a,35531368,1,,1284f9141657400869b7eaef1ce7a19eb6fdf6e26e34509f819c6e0920dfd135,
2025-05-31,2025,2025-05,https://data.gdeltproject.org/gkg/20250531.gkg.csv.zip,https://data.gdeltproject.org/gkg/20250531.gkg.csv.zip,72a22d1add7d265f9462601fc1c4e60f757aa5b9ff005e2f7277b084f4472dd6,d633a7298d4052bd6e56c0396da805a9,21447575,54399,1,1.838235294117647e-05,60003,503,500,AVAILABLE_VALID_CACHE,1,d633a7298d4052bd6e56c0396da805a9,21447575,1,,1284f9141657400869b7eaef1ce7a19eb6fdf6e26e34509f819c6e0920dfd135,
2025-06-01,2025,2025-06,https://data.gdeltproject.org/gkg/20250601.gkg.csv.zip,https://data.gdeltproject.org/gkg/20250601.gkg.csv.zip,a6e7f9e1716c7bd8cd62ed759e0649ef40a023d0cae6594fe5ca8975dd5560f2,2b285d65751519435849b86376c12ba3,19168210,48999,1,2.0408163265306123e-05,53887,503,500,AVAILABLE_VALID_CACHE,1,2b285d65751519435849b86376c12ba3,19168210,1,,1284f9141657400869b7eaef1ce7a19eb6fdf6e26e34509f819c6e0920dfd135,
2025-06-02,2025,2025-06,https://data.gdeltproject.org/gkg/20250602.gkg.csv.zip,https://data.gdeltproject.org/gkg/20250602.gkg.csv.zip,1fac395271baf67d40c5d8999d071315d2cc29edeb19ba288af9fe7545a2f306,74d4b7ac614142ea1f7c435481483778,34516513,86918,1,1.1504964392135206e-05,96023,503,500,AVAILABLE_VALID_CACHE,1,74d4b7ac614142ea1f7c435481483778,34516513,1,,1284f9141657400869b7eaef1ce7a19eb6fdf6e26e34509f819c6e0920dfd135,
2025-06-03,2025,2025-06,https://data.gdeltproject.org/gkg/20250603.gkg.csv.zip,https://data.gdeltproject.org/gkg/20250603.gkg.csv.zip,227352634eba7328dfbd486f017e1a242a9c3976a3ca38eeb26be9a2c3b58353,e578d314a0f055daf294e4069fe196b5,38022776,97527,1,1.0253465671396932e-05,107491,503,500,AVAILABLE_VALID_CACHE,1,e578d314a0f055daf294e4069fe196b5,38022776,1,,1284f9141657400869b7eaef1ce7a19eb6fdf6e26e34509f819c6e0920dfd135,
2025-06-04,2025,2025-06,https://data.gdeltproject.org/gkg/20250604.gkg.csv.zip,https://data.gdeltproject.org/gkg/20250604.gkg.csv.zip,43718f20e2e4e926dc849165150ab254dc031c1d6c413bac349687ace277641c,d7873be72afbd26ec2c51ef90528dcf8,39096873,99817,1,1.00182331843956e-05,108859,503,500,AVAILABLE_VALID_CACHE,1,d7873be72afbd26ec2c51ef90528dcf8,39096873,1,,1284f9141657400869b7eaef1ce7a19eb6fdf6e26e34509f819c6e0920dfd135,
2025-06-05,2025,2025-06,https://data.gdeltproject.org/gkg/20250605.gkg.csv.zip,https://data.gdeltproject.org/gkg/20250605.gkg.csv.zip,78340e959dcd60af75aa6c2916496ff9a86e36bacac201b6a088201cd1f8fa64,47e79ab809dc8b95e7ef8f4d2a4ef748,39408864,99411,1,1.0059147788999315e-05,110554,503,500,AVAILABLE_VALID_CACHE,1,47e79ab809dc8b95e7ef8f4d2a4ef748,39408864,1,,1284f9141657400869b7eaef1ce7a19eb6fdf6e26e34509f819c6e0920dfd135,
2025-06-06,2025,2025-06,https://data.gdeltproject.org/gkg/20250606.gkg.csv.zip,https://data.gdeltproject.org/gkg/20250606.gkg.csv.zip,ca22c80a12ce203b9e99d2559fe973aba6f7bd564b62d948dbc557c5e2e46035,883939483f73b32b691d21ebcd6803e5,36090823,92692,1,1.0788301166215356e-05,103030,503,500,AVAILABLE_VALID_CACHE,1,883939483f73b32b691d21ebcd6803e5,36090823,1,,1284f9141657400869b7eaef1ce7a19eb6fdf6e26e34509f819c6e0920dfd135,
2025-06-07,2025,2025-06,https://data.gdeltproject.org/gkg/20250607.gkg.csv.zip,https://data.gdeltproject.org/gkg/20250607.gkg.csv.zip,13d6b663a9601c7daa9f05bf7c9bf82e18584f9fc1f29fc616932a5d594b805f,88623a9f694e913b3bba7c1de10804e7,20887535,52656,1,1.899082743035114e-05,57482,503,500,AVAILABLE_VALID_CACHE,1,88623a9f694e913b3bba7c1de10804e7,20887535,1,,1284f9141657400869b7eaef1ce7a19eb6fdf6e26e34509f819c6e0920dfd135,
2025-06-08,2025,2025-06,https://data.gdeltproject.org/gkg/20250608.gkg.csv.zip,https://data.gdeltproject.org/gkg/20250608.gkg.csv.zip,ce2d7903d015dfe71ac4af6485be0deae386418d45819c43c33b6b34f651cb9e,4c6a3656a2e84f0a0d0de9862bb157b9,18228492,45541,1,2.1957753282684117e-05,49792,503,500,AVAILABLE_VALID_CACHE,1,4c6a3656a2e84f0a0d0de9862bb157b9,18228492,1,,1284f9141657400869b7eaef1ce7a19eb6fdf6e26e34509f819c6e0920dfd135,
2025-06-09,2025,2025-06,https://data.gdeltproject.org/gkg/20250609.gkg.csv.zip,https://data.gdeltproject.org/gkg/20250609.gkg.csv.zip,4c3f3220b557957c39bfd24010a58886115d9a3d0ff68e79ca4fd1cd0abf86bf,d375647a2615f3628f0877ed0fa69fb5,33041334,83791,1,1.1934313538285278e-05,92485,503,500,AVAILABLE_VALID_CACHE,1,d375647a2615f3628f0877ed0fa69fb5,33041334,1,,1284f9141657400869b7eaef1ce7a19eb6fdf6e26e34509f819c6e0920dfd135,
2025-06-10,2025,2025-06,https://data.gdeltproject.org/gkg/20250610.gkg.csv.zip,https://data.gdeltproject.org/gkg/20250610.gkg.csv.zip,3d2cb684ebfeaefe1d7eef1477374f57391041f789ee82001b97b36b09e70cb6,9137eb2e63a688a70ce3a22b5d61a464,38572851,97719,1,1.0233319688907081e-05,108618,503,500,AVAILABLE_VALID_CACHE,1,9137eb2e63a688a70ce3a22b5d61a464,38572851,1,,1284f9141657400869b7eaef1ce7a19eb6fdf6e26e34509f819c6e0920dfd135,
2025-06-11,2025,2025-06,https://data.gdeltproject.org/gkg/20250611.gkg.csv.zip,https://data.gdeltproject.org/gkg/20250611.gkg.csv.zip,c9f59e33578818db2a2915f80bd477990021be03b52994a18d74e1ea48ef66db,7b676dd63ae3d22bd0e7040174211a63,40005673,101946,1,9.809018411527559e-06,114070,503,500,AVAILABLE_VALID_CACHE,1,7b676dd63ae3d22bd0e7040174211a63,40005673,1,,1284f9141657400869b7eaef1ce7a19eb6fdf6e26e34509f819c6e0920dfd135,
2025-06-12,2025,2025-06,https://data.gdeltproject.org/gkg/20250612.gkg.csv.zip,https://data.gdeltproject.org/gkg/20250612.gkg.csv.zip,ab2512f8855ffd3a9c320f9eb9aef203efe5c5fa54fb5f8d260bb44350cf6e1b,3f018f0a65cd5fabe548f2656b2dbea3,37187323,92074,1,1.0860711376595168e-05,101517,503,500,AVAILABLE_VALID_CACHE,1,3f018f0a65cd5fabe548f2656b2dbea3,37187323,1,,1284f9141657400869b7eaef1ce7a19eb6fdf6e26e34509f819c6e0920dfd135,
2025-06-13,2025,2025-06,https://data.gdeltproject.org/gkg/20250613.gkg.csv.zip,https://data.gdeltproject.org/gkg/20250613.gkg.csv.zip,613473147d990206d426dc66d0560d0d06b049a8a16a1a12321964c038546227,99e14557e01d4818270fc09e28f282e5,39797408,99349,1,1.0065425264217413e-05,108988,503,500,AVAILABLE_VALID_CACHE,1,99e14557e01d4818270fc09e28f282e5,39797408,1,,1284f9141657400869b7eaef1ce7a19eb6fdf6e26e34509f819c6e0920dfd135,
2025-06-14,2025,2025-06,https://data.gdeltproject.org/gkg/20250614.gkg.csv.zip,,,,,,,,,503,500,DOCUMENTED_SOURCE_GAP,0,,,0,OFFICIAL_CATALOG_ABSENT_AND_DIRECT_UNAVAILABLE,1284f9141657400869b7eaef1ce7a19eb6fdf6e26e34509f819c6e0920dfd135,Download failed after 2 attempts per endpoint: https://data.gdeltproject.org/gkg/20250614.gkg.csv.zip | HTTP Error 404: Not Found | history=url=https://data.gdeltproject.org/gkg/20250614.gkg.csv.zip attempt=1 http=404 error=HTTP Error 404: Not Found || url=https://data.gdeltproject.org/gkg/20250614.gkg.csv.zip attempt=2 http=404 error=HTTP Error 404: Not Found || url=http://data.gdeltproject.org/gkg/20250614.gkg.csv.zip attempt=1 http=404 error=HTTP Error 404: Not Found || url=http://data.gdeltproject.org/gkg/20250614.gkg.csv.zip attempt=2 http=404 error=HTTP Error 404: Not Found
2025-06-15,2025,2025-06,https://data.gdeltproject.org/gkg/20250615.gkg.csv.zip,,,,,,,,,503,500,DOCUMENTED_SOURCE_GAP,0,,,0,OFFICIAL_CATALOG_ABSENT_AND_DIRECT_UNAVAILABLE,1284f9141657400869b7eaef1ce7a19eb6fdf6e26e34509f819c6e0920dfd135,Download failed after 2 attempts per endpoint: https://data.gdeltproject.org/gkg/20250615.gkg.csv.zip | HTTP Error 404: Not Found | history=url=https://data.gdeltproject.org/gkg/20250615.gkg.csv.zip attempt=1 http=404 error=HTTP Error 404: Not Found || url=https://data.gdeltproject.org/gkg/20250615.gkg.csv.zip attempt=2 http=404 error=HTTP Error 404: Not Found || url=http://data.gdeltproject.org/gkg/20250615.gkg.csv.zip attempt=1 http=404 error=HTTP Error 404: Not Found || url=http://data.gdeltproject.org/gkg/20250615.gkg.csv.zip attempt=2 http=404 error=HTTP Error 404: Not Found
2025-06-16,2025,2025-06,https://data.gdeltproject.org/gkg/20250616.gkg.csv.zip,,,,,,,,,503,500,DOCUMENTED_SOURCE_GAP,0,,,0,OFFICIAL_CATALOG_ABSENT_AND_DIRECT_UNAVAILABLE,1284f9141657400869b7eaef1ce7a19eb6fdf6e26e34509f819c6e0920dfd135,Download failed after 2 attempts per endpoint: https://data.gdeltproject.org/gkg/20250616.gkg.csv.zip | HTTP Error 404: Not Found | history=url=https://data.gdeltproject.org/gkg/20250616.gkg.csv.zip attempt=1 http=404 error=HTTP Error 404: Not Found || url=https://data.gdeltproject.org/gkg/20250616.gkg.csv.zip attempt=2 http=404 error=HTTP Error 404: Not Found || url=http://data.gdeltproject.org/gkg/20250616.gkg.csv.zip attempt=1 http=404 error=HTTP Error 404: Not Found || url=http://data.gdeltproject.org/gkg/20250616.gkg.csv.zip attempt=2 http=404 error=HTTP Error 404: Not Found
2025-06-17,2025,2025-06,https://data.gdeltproject.org/gkg/20250617.gkg.csv.zip,,,,,,,,,503,500,DOCUMENTED_SOURCE_GAP,0,,,0,OFFICIAL_CATALOG_ABSENT_AND_DIRECT_UNAVAILABLE,1284f9141657400869b7eaef1ce7a19eb6fdf6e26e34509f819c6e0920dfd135,Download failed after 2 attempts per endpoint: https://data.gdeltproject.org/gkg/20250617.gkg.csv.zip | HTTP Error 404: Not Found | history=url=https://data.gdeltproject.org/gkg/20250617.gkg.csv.zip attempt=1 http=404 error=HTTP Error 404: Not Found || url=https://data.gdeltproject.org/gkg/20250617.gkg.csv.zip attempt=2 http=404 error=HTTP Error 404: Not Found || url=http://data.gdeltproject.org/gkg/20250617.gkg.csv.zip attempt=1 http=404 error=HTTP Error 404: Not Found || url=http://data.gdeltproject.org/gkg/20250617.gkg.csv.zip attempt=2 http=404 error=HTTP Error 404: Not Found
2025-06-18,2025,2025-06,https://data.gdeltproject.org/gkg/20250618.gkg.csv.zip,,,,,,,,,503,500,DOCUMENTED_SOURCE_GAP,0,,,0,OFFICIAL_CATALOG_ABSENT_AND_DIRECT_UNAVAILABLE,1284f9141657400869b7eaef1ce7a19eb6fdf6e26e34509f819c6e0920dfd135,Download failed after 2 attempts per endpoint: https://data.gdeltproject.org/gkg/20250618.gkg.csv.zip | HTTP Error 404: Not Found | history=url=https://data.gdeltproject.org/gkg/20250618.gkg.csv.zip attempt=1 http=404 error=HTTP Error 404: Not Found || url=https://data.gdeltproject.org/gkg/20250618.gkg.csv.zip attempt=2 http=404 error=HTTP Error 404: Not Found || url=http://data.gdeltproject.org/gkg/20250618.gkg.csv.zip attempt=1 http=404 error=HTTP Error 404: Not Found || url=http://data.gdeltproject.org/gkg/20250618.gkg.csv.zip attempt=2 http=404 error=HTTP Error 404: Not Found
2025-06-19,2025,2025-06,https://data.gdeltproject.org/gkg/20250619.gkg.csv.zip,,,,,,,,,503,500,DOCUMENTED_SOURCE_GAP,0,,,0,OFFICIAL_CATALOG_ABSENT_AND_DIRECT_UNAVAILABLE,1284f9141657400869b7eaef1ce7a19eb6fdf6e26e34509f819c6e0920dfd135,Download failed after 2 attempts per endpoint: https://data.gdeltproject.org/gkg/20250619.gkg.csv.zip | HTTP Error 404: Not Found | history=url=https://data.gdeltproject.org/gkg/20250619.gkg.csv.zip attempt=1 http=404 error=HTTP Error 404: Not Found || url=https://data.gdeltproject.org/gkg/20250619.gkg.csv.zip attempt=2 http=404 error=HTTP Error 404: Not Found || url=http://data.gdeltproject.org/gkg/20250619.gkg.csv.zip attempt=1 http=404 error=HTTP Error 404: Not Found || url=http://data.gdeltproject.org/gkg/20250619.gkg.csv.zip attempt=2 http=404 error=HTTP Error 404: Not Found
2025-06-20,2025,2025-06,https://data.gdeltproject.org/gkg/20250620.gkg.csv.zip,,,,,,,,,503,500,DOCUMENTED_SOURCE_GAP,0,,,0,OFFICIAL_CATALOG_ABSENT_AND_DIRECT_UNAVAILABLE,1284f9141657400869b7eaef1ce7a19eb6fdf6e26e34509f819c6e0920dfd135,Download failed after 2 attempts per endpoint: https://data.gdeltproject.org/gkg/20250620.gkg.csv.zip | HTTP Error 404: Not Found | history=url=https://data.gdeltproject.org/gkg/20250620.gkg.csv.zip attempt=1 http=404 error=HTTP Error 404: Not Found || url=https://data.gdeltproject.org/gkg/20250620.gkg.csv.zip attempt=2 http=404 error=HTTP Error 404: Not Found || url=http://data.gdeltproject.org/gkg/20250620.gkg.csv.zip attempt=1 http=404 error=HTTP Error 404: Not Found || url=http://data.gdeltproject.org/gkg/20250620.gkg.csv.zip attempt=2 http=404 error=HTTP Error 404: Not Found
2025-06-21,2025,2025-06,https://data.gdeltproject.org/gkg/20250621.gkg.csv.zip,,,,,,,,,503,500,DOCUMENTED_SOURCE_GAP,0,,,0,OFFICIAL_CATALOG_ABSENT_AND_DIRECT_UNAVAILABLE,1284f9141657400869b7eaef1ce7a19eb6fdf6e26e34509f819c6e0920dfd135,Download failed after 2 attempts per endpoint: https://data.gdeltproject.org/gkg/20250621.gkg.csv.zip | HTTP Error 404: Not Found | history=url=https://data.gdeltproject.org/gkg/20250621.gkg.csv.zip attempt=1 http=404 error=HTTP Error 404: Not Found || url=https://data.gdeltproject.org/gkg/20250621.gkg.csv.zip attempt=2 http=404 error=HTTP Error 404: Not Found || url=http://data.gdeltproject.org/gkg/20250621.gkg.csv.zip attempt=1 http=404 error=HTTP Error 404: Not Found || url=http://data.gdeltproject.org/gkg/20250621.gkg.csv.zip attempt=2 http=404 error=HTTP Error 404: Not Found
2025-06-22,2025,2025-06,https://data.gdeltproject.org/gkg/20250622.gkg.csv.zip,,,,,,,,,503,500,DOCUMENTED_SOURCE_GAP,0,,,0,OFFICIAL_CATALOG_ABSENT_AND_DIRECT_UNAVAILABLE,1284f9141657400869b7eaef1ce7a19eb6fdf6e26e34509f819c6e0920dfd135,Download failed after 2 attempts per endpoint: https://data.gdeltproject.org/gkg/20250622.gkg.csv.zip | HTTP Error 404: Not Found | history=url=https://data.gdeltproject.org/gkg/20250622.gkg.csv.zip attempt=1 http=404 error=HTTP Error 404: Not Found || url=https://data.gdeltproject.org/gkg/20250622.gkg.csv.zip attempt=2 http=404 error=HTTP Error 404: Not Found || url=http://data.gdeltproject.org/gkg/20250622.gkg.csv.zip attempt=1 http=404 error=HTTP Error 404: Not Found || url=http://data.gdeltproject.org/gkg/20250622.gkg.csv.zip attempt=2 http=404 error=HTTP Error 404: Not Found
2025-06-23,2025,2025-06,https://data.gdeltproject.org/gkg/20250623.gkg.csv.zip,,,,,,,,,503,500,DOCUMENTED_SOURCE_GAP,0,,,0,OFFICIAL_CATALOG_ABSENT_AND_DIRECT_UNAVAILABLE,1284f9141657400869b7eaef1ce7a19eb6fdf6e26e34509f819c6e0920dfd135,Download failed after 2 attempts per endpoint: https://data.gdeltproject.org/gkg/20250623.gkg.csv.zip | HTTP Error 404: Not Found | history=url=https://data.gdeltproject.org/gkg/20250623.gkg.csv.zip attempt=1 http=404 error=HTTP Error 404: Not Found || url=https://data.gdeltproject.org/gkg/20250623.gkg.csv.zip attempt=2 http=404 error=HTTP Error 404: Not Found || url=http://data.gdeltproject.org/gkg/20250623.gkg.csv.zip attempt=1 http=404 error=HTTP Error 404: Not Found || url=http://data.gdeltproject.org/gkg/20250623.gkg.csv.zip attempt=2 http=404 error=HTTP Error 404: Not Found
2025-06-24,2025,2025-06,https://data.gdeltproject.org/gkg/20250624.gkg.csv.zip,,,,,,,,,503,500,DOCUMENTED_SOURCE_GAP,0,,,0,OFFICIAL_CATALOG_ABSENT_AND_DIRECT_UNAVAILABLE,1284f9141657400869b7eaef1ce7a19eb6fdf6e26e34509f819c6e0920dfd135,Download failed after 2 attempts per endpoint: https://data.gdeltproject.org/gkg/20250624.gkg.csv.zip | HTTP Error 404: Not Found | history=url=https://data.gdeltproject.org/gkg/20250624.gkg.csv.zip attempt=1 http=404 error=HTTP Error 404: Not Found || url=https://data.gdeltproject.org/gkg/20250624.gkg.csv.zip attempt=2 http=404 error=HTTP Error 404: Not Found || url=http://data.gdeltproject.org/gkg/20250624.gkg.csv.zip attempt=1 http=404 error=HTTP Error 404: Not Found || url=http://data.gdeltproject.org/gkg/20250624.gkg.csv.zip attempt=2 http=404 error=HTTP Error 404: Not Found
2025-06-25,2025,2025-06,https://data.gdeltproject.org/gkg/20250625.gkg.csv.zip,,,,,,,,,503,500,DOCUMENTED_SOURCE_GAP,0,,,0,OFFICIAL_CATALOG_ABSENT_AND_DIRECT_UNAVAILABLE,1284f9141657400869b7eaef1ce7a19eb6fdf6e26e34509f819c6e0920dfd135,Download failed after 2 attempts per endpoint: https://data.gdeltproject.org/gkg/20250625.gkg.csv.zip | HTTP Error 404: Not Found | history=url=https://data.gdeltproject.org/gkg/20250625.gkg.csv.zip attempt=1 http=404 error=HTTP Error 404: Not Found || url=https://data.gdeltproject.org/gkg/20250625.gkg.csv.zip attempt=2 http=404 error=HTTP Error 404: Not Found || url=http://data.gdeltproject.org/gkg/20250625.gkg.csv.zip attempt=1 http=404 error=HTTP Error 404: Not Found || url=http://data.gdeltproject.org/gkg/20250625.gkg.csv.zip attempt=2 http=404 error=HTTP Error 404: Not Found
2025-06-26,2025,2025-06,https://data.gdeltproject.org/gkg/20250626.gkg.csv.zip,,,,,,,,,503,500,DOCUMENTED_SOURCE_GAP,0,,,0,OFFICIAL_CATALOG_ABSENT_AND_DIRECT_UNAVAILABLE,1284f9141657400869b7eaef1ce7a19eb6fdf6e26e34509f819c6e0920dfd135,Download failed after 2 attempts per endpoint: https://data.gdeltproject.org/gkg/20250626.gkg.csv.zip | HTTP Error 404: Not Found | history=url=https://data.gdeltproject.org/gkg/20250626.gkg.csv.zip attempt=1 http=404 error=HTTP Error 404: Not Found || url=https://data.gdeltproject.org/gkg/20250626.gkg.csv.zip attempt=2 http=404 error=HTTP Error 404: Not Found || url=http://data.gdeltproject.org/gkg/20250626.gkg.csv.zip attempt=1 http=404 error=HTTP Error 404: Not Found || url=http://data.gdeltproject.org/gkg/20250626.gkg.csv.zip attempt=2 http=404 error=HTTP Error 404: Not Found
2025-06-27,2025,2025-06,https://data.gdeltproject.org/gkg/20250627.gkg.csv.zip,,,,,,,,,503,500,DOCUMENTED_SOURCE_GAP,0,,,0,OFFICIAL_CATALOG_ABSENT_AND_DIRECT_UNAVAILABLE,1284f9141657400869b7eaef1ce7a19eb6fdf6e26e34509f819c6e0920dfd135,Download failed after 2 attempts per endpoint: https://data.gdeltproject.org/gkg/20250627.gkg.csv.zip | HTTP Error 404: Not Found | history=url=https://data.gdeltproject.org/gkg/20250627.gkg.csv.zip attempt=1 http=404 error=HTTP Error 404: Not Found || url=https://data.gdeltproject.org/gkg/20250627.gkg.csv.zip attempt=2 http=404 error=HTTP Error 404: Not Found || url=http://data.gdeltproject.org/gkg/20250627.gkg.csv.zip attempt=1 http=404 error=HTTP Error 404: Not Found || url=http://data.gdeltproject.org/gkg/20250627.gkg.csv.zip attempt=2 http=404 error=HTTP Error 404: Not Found
2025-06-28,2025,2025-06,https://data.gdeltproject.org/gkg/20250628.gkg.csv.zip,,,,,,,,,503,500,DOCUMENTED_SOURCE_GAP,0,,,0,OFFICIAL_CATALOG_ABSENT_AND_DIRECT_UNAVAILABLE,1284f9141657400869b7eaef1ce7a19eb6fdf6e26e34509f819c6e0920dfd135,Download failed after 2 attempts per endpoint: https://data.gdeltproject.org/gkg/20250628.gkg.csv.zip | HTTP Error 404: Not Found | history=url=https://data.gdeltproject.org/gkg/20250628.gkg.csv.zip attempt=1 http=404 error=HTTP Error 404: Not Found || url=https://data.gdeltproject.org/gkg/20250628.gkg.csv.zip attempt=2 http=404 error=HTTP Error 404: Not Found || url=http://data.gdeltproject.org/gkg/20250628.gkg.csv.zip attempt=1 http=404 error=HTTP Error 404: Not Found || url=http://data.gdeltproject.org/gkg/20250628.gkg.csv.zip attempt=2 http=404 error=HTTP Error 404: Not Found
2025-06-29,2025,2025-06,https://data.gdeltproject.org/gkg/20250629.gkg.csv.zip,,,,,,,,,503,500,DOCUMENTED_SOURCE_GAP,0,,,0,OFFICIAL_CATALOG_ABSENT_AND_DIRECT_UNAVAILABLE,1284f9141657400869b7eaef1ce7a19eb6fdf6e26e34509f819c6e0920dfd135,Download failed after 2 attempts per endpoint: https://data.gdeltproject.org/gkg/20250629.gkg.csv.zip | HTTP Error 404: Not Found | history=url=https://data.gdeltproject.org/gkg/20250629.gkg.csv.zip attempt=1 http=404 error=HTTP Error 404: Not Found || url=https://data.gdeltproject.org/gkg/20250629.gkg.csv.zip attempt=2 http=404 error=HTTP Error 404: Not Found || url=http://data.gdeltproject.org/gkg/20250629.gkg.csv.zip attempt=1 http=404 error=HTTP Error 404: Not Found || url=http://data.gdeltproject.org/gkg/20250629.gkg.csv.zip attempt=2 http=404 error=HTTP Error 404: Not Found
2025-06-30,2025,2025-06,https://data.gdeltproject.org/gkg/20250630.gkg.csv.zip,,,,,,,,,503,500,DOCUMENTED_SOURCE_GAP,0,,,0,OFFICIAL_CATALOG_ABSENT_AND_DIRECT_UNAVAILABLE,1284f9141657400869b7eaef1ce7a19eb6fdf6e26e34509f819c6e0920dfd135,Download failed after 2 attempts per endpoint: https://data.gdeltproject.org/gkg/20250630.gkg.csv.zip | HTTP Error 404: Not Found | history=url=https://data.gdeltproject.org/gkg/20250630.gkg.csv.zip attempt=1 http=404 error=HTTP Error 404: Not Found || url=https://data.gdeltproject.org/gkg/20250630.gkg.csv.zip attempt=2 http=404 error=HTTP Error 404: Not Found || url=http://data.gdeltproject.org/gkg/20250630.gkg.csv.zip attempt=1 http=404 error=HTTP Error 404: Not Found || url=http://data.gdeltproject.org/gkg/20250630.gkg.csv.zip attempt=2 http=404 error=HTTP Error 404: Not Found
2025-07-01,2025,2025-07,https://data.gdeltproject.org/gkg/20250701.gkg.csv.zip,,,,,,,,,503,500,DOCUMENTED_SOURCE_GAP,0,,,0,OFFICIAL_CATALOG_ABSENT_AND_DIRECT_UNAVAILABLE,1284f9141657400869b7eaef1ce7a19eb6fdf6e26e34509f819c6e0920dfd135,Download failed after 2 attempts per endpoint: https://data.gdeltproject.org/gkg/20250701.gkg.csv.zip | HTTP Error 404: Not Found | history=url=https://data.gdeltproject.org/gkg/20250701.gkg.csv.zip attempt=1 http=404 error=HTTP Error 404: Not Found || url=https://data.gdeltproject.org/gkg/20250701.gkg.csv.zip attempt=2 http=404 error=HTTP Error 404: Not Found || url=http://data.gdeltproject.org/gkg/20250701.gkg.csv.zip attempt=1 http=404 error=HTTP Error 404: Not Found || url=http://data.gdeltproject.org/gkg/20250701.gkg.csv.zip attempt=2 http=404 error=HTTP Error 404: Not Found
2025-07-02,2025,2025-07,https://data.gdeltproject.org/gkg/20250702.gkg.csv.zip,https://data.gdeltproject.org/gkg/20250702.gkg.csv.zip,67a4bc316758779afe3c254dc53006f9877c261ae55a222783c517ec91fc1d01,73620e536cb8fec1fbe37e45c00bad60,36039376,91820,1,1.0890754838217836e-05,101163,503,500,AVAILABLE_VALID_CACHE,1,73620e536cb8fec1fbe37e45c00bad60,36039376,1,,1284f9141657400869b7eaef1ce7a19eb6fdf6e26e34509f819c6e0920dfd135,
2025-07-03,2025,2025-07,https://data.gdeltproject.org/gkg/20250703.gkg.csv.zip,https://data.gdeltproject.org/gkg/20250703.gkg.csv.zip,810de1a131cf46b46a895bd12a78e17ad461221b1679c0355d1c528efb60037c,cd9cb8ce206639f6b3b09bbada37b613,39758412,101063,1,9.894720177313386e-06,113317,503,500,AVAILABLE_VALID_CACHE,1,cd9cb8ce206639f6b3b09bbada37b613,39758412,1,,1284f9141657400869b7eaef1ce7a19eb6fdf6e26e34509f819c6e0920dfd135,
2025-07-04,2025,2025-07,https://data.gdeltproject.org/gkg/20250704.gkg.csv.zip,https://data.gdeltproject.org/gkg/20250704.gkg.csv.zip,016da48e19b30a4c122a131f4ad99c5ba8f0156d074cf221a1394659fd2e0f15,ed3030c49a0b91734bd18f8987c034ae,31704624,80388,1,1.2439512868676063e-05,87999,503,500,AVAILABLE_VALID_CACHE,1,ed3030c49a0b91734bd18f8987c034ae,31704624,1,,1284f9141657400869b7eaef1ce7a19eb6fdf6e26e34509f819c6e0920dfd135,
2025-07-05,2025,2025-07,https://data.gdeltproject.org/gkg/20250705.gkg.csv.zip,https://data.gdeltproject.org/gkg/20250705.gkg.csv.zip,386c393e512655224eff1d890466695776b2275113f116875d0c76b8d829f7d9,9fd13573371c5d27cb885a3a283dcd4d,21004263,53598,1,1.8657064497471967e-05,57840,503,500,AVAILABLE_VALID_CACHE,1,9fd13573371c5d27cb885a3a283dcd4d,21004263,1,,1284f9141657400869b7eaef1ce7a19eb6fdf6e26e34509f819c6e0920dfd135,
2025-07-06,2025,2025-07,https://data.gdeltproject.org/gkg/20250706.gkg.csv.zip,https://data.gdeltproject.org/gkg/20250706.gkg.csv.zip,c081a43da42728ef57ea878c57df4745ae278b4ffafd842eb5366177b19935ff,523797ce3c334f98d2cb98a7471702ba,19369735,48068,1,2.0803428405001145e-05,51967,503,500,AVAILABLE_VALID_CACHE,1,523797ce3c334f98d2cb98a7471702ba,19369735,1,,1284f9141657400869b7eaef1ce7a19eb6fdf6e26e34509f819c6e0920dfd135,
2025-07-07,2025,2025-07,https://data.gdeltproject.org/gkg/20250707.gkg.csv.zip,https://data.gdeltproject.org/gkg/20250707.gkg.csv.zip,91588760e3242492805776b7cf7301150c3049b0478de479af07257fe16f0182,376c76a40d91065c23e2a4beb2771843,35248704,88812,1,1.1259612894508687e-05,98695,503,500,AVAILABLE_VALID_CACHE,1,376c76a40d91065c23e2a4beb2771843,35248704,1,,1284f9141657400869b7eaef1ce7a19eb6fdf6e26e34509f819c6e0920dfd135,
2025-07-08,2025,2025-07,https://data.gdeltproject.org/gkg/20250708.gkg.csv.zip,https://data.gdeltproject.org/gkg/20250708.gkg.csv.zip,a5bfd511e3d62d4b279b020165d2faf8c488a3b9f5fdbb196355e6fb84a85bdc,fdc39c8d4135ff4de244af626e43479f,39013679,99543,1,1.0045808888531705e-05,110718,503,500,AVAILABLE_VALID_CACHE,1,fdc39c8d4135ff4de244af626e43479f,39013679,1,,1284f9141657400869b7eaef1ce7a19eb6fdf6e26e34509f819c6e0920dfd135,
2025-07-09,2025,2025-07,https://data.gdeltproject.org/gkg/20250709.gkg.csv.zip,https://data.gdeltproject.org/gkg/20250709.gkg.csv.zip,86f6f56e469bd9eb8760f8385a715346f6e7bb814bc91c6c6111d54c93fd1b5b,789ebb6340d5522b654296199aa27e6c,39013733,99342,1,1.0066134503689238e-05,109296,503,500,AVAILABLE_VALID_CACHE,1,789ebb6340d5522b654296199aa27e6c,39013733,1,,1284f9141657400869b7eaef1ce7a19eb6fdf6e26e34509f819c6e0920dfd135,
2025-07-10,2025,2025-07,https://data.gdeltproject.org/gkg/20250710.gkg.csv.zip,https://data.gdeltproject.org/gkg/20250710.gkg.csv.zip,df6dc30f386424d26a7b4409e69e841766128417ddc309da399d781a1b5d0141,56f6d904b3a9b1c9e6b3ebbe2e15f70b,39052231,100000,1,9.99990000099999e-06,110614,503,500,AVAILABLE_VALID_CACHE,1,56f6d904b3a9b1c9e6b3ebbe2e15f70b,39052231,1,,1284f9141657400869b7eaef1ce7a19eb6fdf6e26e34509f819c6e0920dfd135,
2025-07-11,2025,2025-07,https://data.gdeltproject.org/gkg/20250711.gkg.csv.zip,https://data.gdeltproject.org/gkg/20250711.gkg.csv.zip,302768e79bbbc9380036585b234e09d83226b65b06c53c7f0123843226064844,b306e962ced9abbeae431af5a715278b,37526203,95987,1,1.0417968912780764e-05,108690,503,500,AVAILABLE_VALID_CACHE,1,b306e962ced9abbeae431af5a715278b,37526203,1,,1284f9141657400869b7eaef1ce7a19eb6fdf6e26e34509f819c6e0920dfd135,
2025-07-12,2025,2025-07,https://data.gdeltproject.org/gkg/20250712.gkg.csv.zip,https://data.gdeltproject.org/gkg/20250712.gkg.csv.zip,dfa1f0c1cb8aee4b8134f612e5a328f42719d38e17455925e8d00c58774c08d5,9bddfa477690a952db454f517e56a10d,22596770,56627,1,1.7659108568199476e-05,62092,503,500,AVAILABLE_VALID_CACHE,1,9bddfa477690a952db454f517e56a10d,22596770,1,,1284f9141657400869b7eaef1ce7a19eb6fdf6e26e34509f819c6e0920dfd135,
2025-07-13,2025,2025-07,https://data.gdeltproject.org/gkg/20250713.gkg.csv.zip,https://data.gdeltproject.org/gkg/20250713.gkg.csv.zip,e8b2efd8d8d14777c8677b0ddd2dc066ae901dbb19022e492ad1d5f9e3e8839d,100807aaf014164bb9b34981ce6c8406,19118638,48239,1,2.0729684908789386e-05,54052,503,500,AVAILABLE_VALID_CACHE,1,100807aaf014164bb9b34981ce6c8406,19118638,1,,1284f9141657400869b7eaef1ce7a19eb6fdf6e26e34509f819c6e0920dfd135,
2025-07-14,2025,2025-07,https://data.gdeltproject.org/gkg/20250714.gkg.csv.zip,https://data.gdeltproject.org/gkg/20250714.gkg.csv.zip,4050146d44ea2f96016204b879808e24e13f7613c1d7c318d08f0e06838f8210,5c7a25959ecebda47d06ac0fac319f82,34471672,88282,1,1.1327209088952573e-05,97513,503,500,AVAILABLE_VALID_CACHE,1,5c7a25959ecebda47d06ac0fac319f82,34471672,1,,1284f9141657400869b7eaef1ce7a19eb6fdf6e26e34509f819c6e0920dfd135,
2025-07-15,2025,2025-07,https://data.gdeltproject.org/gkg/20250715.gkg.csv.zip,https://data.gdeltproject.org/gkg/20250715.gkg.csv.zip,ff0540e786757ca570c09069610e27cd61d57e865333a46473737e69080f5817,69e12c5b8dfb5479bda03112f89123a4,38650254,99295,1,1.0070899129874316e-05,110091,503,500,AVAILABLE_VALID_CACHE,1,69e12c5b8dfb5479bda03112f89123a4,38650254,1,,1284f9141657400869b7eaef1ce7a19eb6fdf6e26e34509f819c6e0920dfd135,
2025-07-16,2025,2025-07,https://data.gdeltproject.org/gkg/20250716.gkg.csv.zip,https://data.gdeltproject.org/gkg/20250716.gkg.csv.zip,cb86cdacc98cd479249783f4e7aecbe06319815cae691fbef4c7b6fb85315490,407871e2767afef5db77260c7be27600,39645422,101864,1,9.816914543758897e-06,112940,503,500,AVAILABLE_VALID_CACHE,1,407871e2767afef5db77260c7be27600,39645422,1,,1284f9141657400869b7eaef1ce7a19eb6fdf6e26e34509f819c6e0920dfd135,
2025-07-17,2025,2025-07,https://data.gdeltproject.org/gkg/20250717.gkg.csv.zip,https://data.gdeltproject.org/gkg/20250717.gkg.csv.zip,8edf1c16835b450fceb5392b1763cc33ee319c2c65e23bd3ef3b022537ba257b,7d03210763c40558a000e552a95a662f,39327447,100854,1,9.915224827722968e-06,113021,503,500,AVAILABLE_VALID_CACHE,1,7d03210763c40558a000e552a95a662f,39327447,1,,1284f9141657400869b7eaef1ce7a19eb6fdf6e26e34509f819c6e0920dfd135,
2025-07-18,2025,2025-07,https://data.gdeltproject.org/gkg/20250718.gkg.csv.zip,https://data.gdeltproject.org/gkg/20250718.gkg.csv.zip,cf22d58902e7345084d1d539c28c54a73a30c219fac9fe8f21fd78d763bf6440,e758560dc9b20e927be4e71ec502b8a5,36787715,93248,1,1.0723975592231551e-05,102829,503,500,AVAILABLE_VALID_CACHE,1,e758560dc9b20e927be4e71ec502b8a5,36787715,1,,1284f9141657400869b7eaef1ce7a19eb6fdf6e26e34509f819c6e0920dfd135,
2025-07-19,2025,2025-07,https://data.gdeltproject.org/gkg/20250719.gkg.csv.zip,https://data.gdeltproject.org/gkg/20250719.gkg.csv.zip,c448575e40675b3f039d4cffc559ef8197e77033833d766cd8de2ebb705cb6d7,61f8dcec5f668ad34dadd9235de7ea62,21303378,53909,1,1.8549434242255613e-05,59476,503,500,AVAILABLE_VALID_CACHE,1,61f8dcec5f668ad34dadd9235de7ea62,21303378,1,,1284f9141657400869b7eaef1ce7a19eb6fdf6e26e34509f819c6e0920dfd135,
2025-07-20,2025,2025-07,https://data.gdeltproject.org/gkg/20250720.gkg.csv.zip,https://data.gdeltproject.org/gkg/20250720.gkg.csv.zip,421699b2f0b72db4cd9590edf2aeb0aeab4084c11efa922b059969be1c96e897,fe86117f30a42afb6aea3612996df36f,18110970,45282,1,2.2083342534726056e-05,49444,503,500,AVAILABLE_VALID_CACHE,1,fe86117f30a42afb6aea3612996df36f,18110970,1,,1284f9141657400869b7eaef1ce7a19eb6fdf6e26e34509f819c6e0920dfd135,
2025-07-21,2025,2025-07,https://data.gdeltproject.org/gkg/20250721.gkg.csv.zip,https://data.gdeltproject.org/gkg/20250721.gkg.csv.zip,9f80f3835125050b9db450eb5340e47ba98df9223e07730d856d1587634a09b7,e2b874608d1bbf201efc38f3ec38188b,33691075,86869,1,1.1511453896627144e-05,97798,503,500,AVAILABLE_VALID_CACHE,1,e2b874608d1bbf201efc38f3ec38188b,33691075,1,,1284f9141657400869b7eaef1ce7a19eb6fdf6e26e34509f819c6e0920dfd135,
2025-07-22,2025,2025-07,https://data.gdeltproject.org/gkg/20250722.gkg.csv.zip,https://data.gdeltproject.org/gkg/20250722.gkg.csv.zip,c3dd55f04d0aaf24e6ab4fb9ee06d56c714a4b09a8a2cc68b27917fdd5f85ddc,edfb2d6caee4fb9592a026a66902cbd8,38060036,98534,1,1.014867813467296e-05,109518,503,500,AVAILABLE_VALID_CACHE,1,edfb2d6caee4fb9592a026a66902cbd8,38060036,1,,1284f9141657400869b7eaef1ce7a19eb6fdf6e26e34509f819c6e0920dfd135,
2025-07-23,2025,2025-07,https://data.gdeltproject.org/gkg/20250723.gkg.csv.zip,https://data.gdeltproject.org/gkg/20250723.gkg.csv.zip,bfae42f683690066639eb57c6eb58e4d3f09bd982d5baeff51be2959571d545b,f8d86c7b4bdd73bd503cdb780a4f4c5f,38690671,100162,1,9.983726525763007e-06,110590,503,500,AVAILABLE_VALID_CACHE,1,f8d86c7b4bdd73bd503cdb780a4f4c5f,38690671,1,,1284f9141657400869b7eaef1ce7a19eb6fdf6e26e34509f819c6e0920dfd135,
2025-07-24,2025,2025-07,https://data.gdeltproject.org/gkg/20250724.gkg.csv.zip,https://data.gdeltproject.org/gkg/20250724.gkg.csv.zip,749c085d23c48f213988cdb9135b0f346ee6ab8282397bc0cf463d759c37d0a1,e9cc2392f29f84961b53cc15115b3ed1,39527519,101504,1,9.851731441800897e-06,113566,503,500,AVAILABLE_VALID_CACHE,1,e9cc2392f29f84961b53cc15115b3ed1,39527519,1,,1284f9141657400869b7eaef1ce7a19eb6fdf6e26e34509f819c6e0920dfd135,
2025-07-25,2025,2025-07,https://data.gdeltproject.org/gkg/20250725.gkg.csv.zip,https://data.gdeltproject.org/gkg/20250725.gkg.csv.zip,6fcf192bca918d4c78b91e3246e381494ab2aa0f21e5619336576b0f235f7b2d,e98d969934f257cc0e126f0083b01878,36630717,92975,1,1.0755463775598005e-05,103807,503,500,AVAILABLE_VALID_CACHE,1,e98d969934f257cc0e126f0083b01878,36630717,1,,1284f9141657400869b7eaef1ce7a19eb6fdf6e26e34509f819c6e0920dfd135,
2025-07-26,2025,2025-07,https://data.gdeltproject.org/gkg/20250726.gkg.csv.zip,https://data.gdeltproject.org/gkg/20250726.gkg.csv.zip,05c6a4d9b59ed2dfdec09fe8d3b0badbad7db425dfb44da1122b8b30e4828cba,385899d508a6759dcbcef00043b19e4f,22032189,55339,1,1.8070112034694616e-05,60132,503,500,AVAILABLE_VALID_CACHE,1,385899d508a6759dcbcef00043b19e4f,22032189,1,,1284f9141657400869b7eaef1ce7a19eb6fdf6e26e34509f819c6e0920dfd135,
2025-07-27,2025,2025-07,https://data.gdeltproject.org/gkg/20250727.gkg.csv.zip,https://data.gdeltproject.org/gkg/20250727.gkg.csv.zip,001c9e2a29376e144c63c8aa094b74fef9568d9eb04e76d59df6cba2b40b940e,a1ce9f401a6acfd05f65a56187f20317,19275117,49046,1,2.038860684649418e-05,52888,503,500,AVAILABLE_VALID_CACHE,1,a1ce9f401a6acfd05f65a56187f20317,19275117,1,,1284f9141657400869b7eaef1ce7a19eb6fdf6e26e34509f819c6e0920dfd135,
2025-07-28,2025,2025-07,https://data.gdeltproject.org/gkg/20250728.gkg.csv.zip,https://data.gdeltproject.org/gkg/20250728.gkg.csv.zip,527552fa0487cef8c3843f56d810f42c07a0fbb75fdd2fa60b1dd1a4b1549974,41ef3220e45827f1195e8bb034579da3,33799724,87836,1,1.1384723977367168e-05,97596,503,500,AVAILABLE_VALID_CACHE,1,41ef3220e45827f1195e8bb034579da3,33799724,1,,1284f9141657400869b7eaef1ce7a19eb6fdf6e26e34509f819c6e0920dfd135,
2025-07-29,2025,2025-07,https://data.gdeltproject.org/gkg/20250729.gkg.csv.zip,https://data.gdeltproject.org/gkg/20250729.gkg.csv.zip,bb071ad1feb4947692fd745065761836440c51f8aed3c66ff7d70a3134c4acb8,94a86937d4c1fd0fba722ad6b534a719,38220159,99618,1,1.003824571617864e-05,110546,503,500,AVAILABLE_VALID_CACHE,1,94a86937d4c1fd0fba722ad6b534a719,38220159,1,,1284f9141657400869b7eaef1ce7a19eb6fdf6e26e34509f819c6e0920dfd135,
2025-07-30,2025,2025-07,https://data.gdeltproject.org/gkg/20250730.gkg.csv.zip,https://data.gdeltproject.org/gkg/20250730.gkg.csv.zip,1d820df63db8b2daf24b7df1a55667906995c9b372cb1e22eec8aaa1ba99a7af,49161f590be3ac351f7bb9fb976de4ac,39930492,100871,1,9.913553810770085e-06,111467,503,500,AVAILABLE_VALID_CACHE,1,49161f590be3ac351f7bb9fb976de4ac,39930492,1,,1284f9141657400869b7eaef1ce7a19eb6fdf6e26e34509f819c6e0920dfd135,
2025-07-31,2025,2025-07,https://data.gdeltproject.org/gkg/20250731.gkg.csv.zip,https://data.gdeltproject.org/gkg/20250731.gkg.csv.zip,63fc3c88e2350ad5911ff22195d73820c69acc4047d366abbf1305e7f343a137,04cdd6ed30e6528851cd9f48dcb15805,39473913,100420,1,9.958076497943658e-06,111668,503,500,AVAILABLE_VALID_CACHE,1,04cdd6ed30e6528851cd9f48dcb15805,39473913,1,,1284f9141657400869b7eaef1ce7a19eb6fdf6e26e34509f819c6e0920dfd135,
2025-08-01,2025,2025-08,https://data.gdeltproject.org/gkg/20250801.gkg.csv.zip,https://data.gdeltproject.org/gkg/20250801.gkg.csv.zip,74f18454fac985016b7a057cbb3ce1f822dbb46f6a5e33c6ba57e870cfa011e6,442b1470c05e896e65bfb8af4ed75bf4,40763731,101187,1,9.882594774083884e-06,110377,503,500,AVAILABLE_VALID_CACHE,1,442b1470c05e896e65bfb8af4ed75bf4,40763731,1,,1284f9141657400869b7eaef1ce7a19eb6fdf6e26e34509f819c6e0920dfd135,
2025-08-02,2025,2025-08,https://data.gdeltproject.org/gkg/20250802.gkg.csv.zip,https://data.gdeltproject.org/gkg/20250802.gkg.csv.zip,db79dc781b338ed775bdfb5ad56eeb77475c687b513aff72d78b642f94426a11,223dd4460d3d2072f352771dac171e42,21133937,54378,1,1.838945181044153e-05,59900,503,500,AVAILABLE_VALID_CACHE,1,223dd4460d3d2072f352771dac171e42,21133937,1,,1284f9141657400869b7eaef1ce7a19eb6fdf6e26e34509f819c6e0920dfd135,
2025-08-03,2025,2025-08,https://data.gdeltproject.org/gkg/20250803.gkg.csv.zip,https://data.gdeltproject.org/gkg/20250803.gkg.csv.zip,836f5da1952ce9ac16159c131761b3f418f4330aac45bade36ad961655b600fa,2cc914382e68f4df5819024da04ec6c8,18376075,46933,1,2.1306515532449825e-05,51936,503,500,AVAILABLE_VALID_CACHE,1,2cc914382e68f4df5819024da04ec6c8,18376075,1,,1284f9141657400869b7eaef1ce7a19eb6fdf6e26e34509f819c6e0920dfd135,
2025-08-04,2025,2025-08,https://data.gdeltproject.org/gkg/20250804.gkg.csv.zip,https://data.gdeltproject.org/gkg/20250804.gkg.csv.zip,c9246090aafbf6888b2c70ed024bb3003d7db5a2e48dfa40a9a74a65dde159da,8c38311240f7a9682e099f43b19f428c,31917766,82715,1,1.2089559456453407e-05,93766,503,500,AVAILABLE_VALID_CACHE,1,8c38311240f7a9682e099f43b19f428c,31917766,1,,1284f9141657400869b7eaef1ce7a19eb6fdf6e26e34509f819c6e0920dfd135,
2025-08-05,2025,2025-08,https://data.gdeltproject.org/gkg/20250805.gkg.csv.zip,https://data.gdeltproject.org/gkg/20250805.gkg.csv.zip,8629e1a428459986f14994b5f591f8b431404013c928a23d95f2c5dfe20435e2,c7c561861011c82056473aa68ffb50a5,36761419,94919,1,1.0535187526337969e-05,104421,503,500,AVAILABLE_VALID_CACHE,1,c7c561861011c82056473aa68ffb50a5,36761419,1,,1284f9141657400869b7eaef1ce7a19eb6fdf6e26e34509f819c6e0920dfd135,
2025-08-06,2025,2025-08,https://data.gdeltproject.org/gkg/20250806.gkg.csv.zip,https://data.gdeltproject.org/gkg/20250806.gkg.csv.zip,74a4b983ce478906fd1d8d501425dc4889a904462305d0ec9b41de4bcd1ffb99,470c1e02d2ec985390c834af008b1087,39031793,99977,1,1.0002200484106503e-05,110238,503,500,AVAILABLE_VALID_CACHE,1,470c1e02d2ec985390c834af008b1087,39031793,1,,1284f9141657400869b7eaef1ce7a19eb6fdf6e26e34509f819c6e0920dfd135,
2025-08-07,2025,2025-08,https://data.gdeltproject.org/gkg/20250807.gkg.csv.zip,https://data.gdeltproject.org/gkg/20250807.gkg.csv.zip,4aeb34696b686fe9ccf0d8c13ea5719aeb5a6d69b00b5cf3c42c1aa1c92d4510,ba8c349315ea22a56294a464f0d48a65,39374339,100030,1,9.996900960702183e-06,111472,503,500,AVAILABLE_VALID_CACHE,1,ba8c349315ea22a56294a464f0d48a65,39374339,1,,1284f9141657400869b7eaef1ce7a19eb6fdf6e26e34509f819c6e0920dfd135,
2025-08-08,2025,2025-08,https://data.gdeltproject.org/gkg/20250808.gkg.csv.zip,https://data.gdeltproject.org/gkg/20250808.gkg.csv.zip,62d918f3cb35bfb06c0013d30cc29d86ac3b5c1d2aa501a3e8860576bbea24e8,652bda4d4511a259f1524ffd1b028e7c,36579038,91999,1,1.0869565217391305e-05,101544,503,500,AVAILABLE_VALID_CACHE,1,652bda4d4511a259f1524ffd1b028e7c,36579038,1,,1284f9141657400869b7eaef1ce7a19eb6fdf6e26e34509f819c6e0920dfd135,
2025-08-09,2025,2025-08,https://data.gdeltproject.org/gkg/20250809.gkg.csv.zip,https://data.gdeltproject.org/gkg/20250809.gkg.csv.zip,2288a343a884e403e471de19765eb2fa61879c56108b5180d100f58719ed0368,4cdeb1d4db8bc36765ad55715910450a,22338851,54547,1,1.833247781770184e-05,58410,503,500,AVAILABLE_VALID_CACHE,1,4cdeb1d4db8bc36765ad55715910450a,22338851,1,,1284f9141657400869b7eaef1ce7a19eb6fdf6e26e34509f819c6e0920dfd135,
2025-08-10,2025,2025-08,https://data.gdeltproject.org/gkg/20250810.gkg.csv.zip,https://data.gdeltproject.org/gkg/20250810.gkg.csv.zip,12233733cb2691bea2b7d60792fa32d41e9e651f38726456dc43c78df77d5ff1,f44e05b1204fa135042cef30dc08f3ef,17579881,44275,1,2.2585599421808655e-05,48639,503,500,AVAILABLE_VALID_CACHE,1,f44e05b1204fa135042cef30dc08f3ef,17579881,1,,1284f9141657400869b7eaef1ce7a19eb6fdf6e26e34509f819c6e0920dfd135,
2025-08-11,2025,2025-08,https://data.gdeltproject.org/gkg/20250811.gkg.csv.zip,https://data.gdeltproject.org/gkg/20250811.gkg.csv.zip,8571bf671c713f9e041a3b08f8229e229e9a965b4a2aac8ce211beb880099de6,89637cebb9891a81d5fc2492d35f7dbf,33182914,85618,1,1.1679650544855698e-05,95806,503,500,AVAILABLE_VALID_CACHE,1,89637cebb9891a81d5fc2492d35f7dbf,33182914,1,,1284f9141657400869b7eaef1ce7a19eb6fdf6e26e34509f819c6e0920dfd135,
2025-08-12,2025,2025-08,https://data.gdeltproject.org/gkg/20250812.gkg.csv.zip,https://data.gdeltproject.org/gkg/20250812.gkg.csv.zip,af3d810f7885c8a488883c2e0a0ffd10ce65c2c6b8eb6fafa0da0cf8aaa127f3,881acb3156bec87490e56c3304a003a8,36967506,94438,1,1.0588845709929161e-05,107355,503,500,AVAILABLE_VALID_CACHE,1,881acb3156bec87490e56c3304a003a8,36967506,1,,1284f9141657400869b7eaef1ce7a19eb6fdf6e26e34509f819c6e0920dfd135,
2025-08-13,2025,2025-08,https://data.gdeltproject.org/gkg/20250813.gkg.csv.zip,https://data.gdeltproject.org/gkg/20250813.gkg.csv.zip,bfbfa55f2ac7b9cc7c77db5f221ac15e791bfbb86fe3e4f06e292265d4167960,da6b40b783a4aceb11a096f710e569f4,37609630,97465,1,1.0259988098413806e-05,108347,503,500,AVAILABLE_VALID_CACHE,1,da6b40b783a4aceb11a096f710e569f4,37609630,1,,1284f9141657400869b7eaef1ce7a19eb6fdf6e26e34509f819c6e0920dfd135,
2025-08-14,2025,2025-08,https://data.gdeltproject.org/gkg/20250814.gkg.csv.zip,https://data.gdeltproject.org/gkg/20250814.gkg.csv.zip,ecd5dccd5ff53bd8b5362e6238fa5ae04fda622091cdf3110eb11e91bff05100,9e190fc3c3a29d8b8de48aa0372d9ce7,38312593,97628,1,1.024285816714296e-05,109297,503,500,AVAILABLE_VALID_CACHE,1,9e190fc3c3a29d8b8de48aa0372d9ce7,38312593,1,,1284f9141657400869b7eaef1ce7a19eb6fdf6e26e34509f819c6e0920dfd135,
2025-08-15,2025,2025-08,https://data.gdeltproject.org/gkg/20250815.gkg.csv.zip,https://data.gdeltproject.org/gkg/20250815.gkg.csv.zip,858c556b592aa69b6582e69b22f51036fac49594b7d5a15fbdc6f5093ea1ed0b,8fd74a2494cd81ec06f8722d11758173,35597250,90076,1,1.1101613064378254e-05,99271,503,500,AVAILABLE_VALID_CACHE,1,8fd74a2494cd81ec06f8722d11758173,35597250,1,,1284f9141657400869b7eaef1ce7a19eb6fdf6e26e34509f819c6e0920dfd135,
2025-08-16,2025,2025-08,https://data.gdeltproject.org/gkg/20250816.gkg.csv.zip,https://data.gdeltproject.org/gkg/20250816.gkg.csv.zip,5d451279fd6f9df78755915b19f52851eb43398df8fdac75b3ce2d81f9fd977c,befff57e60fa6dabd1f081b2235a3d55,21622385,54133,1,1.8472678907895222e-05,58501,503,500,AVAILABLE_VALID_CACHE,1,befff57e60fa6dabd1f081b2235a3d55,21622385,1,,1284f9141657400869b7eaef1ce7a19eb6fdf6e26e34509f819c6e0920dfd135,
2025-08-17,2025,2025-08,https://data.gdeltproject.org/gkg/20250817.gkg.csv.zip,https://data.gdeltproject.org/gkg/20250817.gkg.csv.zip,dc39a72918b04bc4b4b694859940ccde8e13e644ca0411715e0a9860df7d3b49,20e1942e5ad66f9cf38fd49374625982,18375393,46533,1,2.148966347187003e-05,51951,503,500,AVAILABLE_VALID_CACHE,1,20e1942e5ad66f9cf38fd49374625982,18375393,1,,1284f9141657400869b7eaef1ce7a19eb6fdf6e26e34509f819c6e0920dfd135,
2025-08-18,2025,2025-08,https://data.gdeltproject.org/gkg/20250818.gkg.csv.zip,https://data.gdeltproject.org/gkg/20250818.gkg.csv.zip,221902080b1c5757189879d5fd5dfd4becd9e9c0a1c8a1f4bed692090edf5ba0,b906c529bf8323112208a82e9c642cfa,33313951,84948,1,1.1771768943719174e-05,96047,503,500,AVAILABLE_VALID_CACHE,1,b906c529bf8323112208a82e9c642cfa,33313951,1,,1284f9141657400869b7eaef1ce7a19eb6fdf6e26e34509f819c6e0920dfd135,
2025-08-19,2025,2025-08,https://data.gdeltproject.org/gkg/20250819.gkg.csv.zip,https://data.gdeltproject.org/gkg/20250819.gkg.csv.zip,30ecc8ded83f3e98c2e72b9aaba094628c1f8726035cdff8f1cdd6562cb1baf0,9eed6ef87ff6d42b71c3a095af316093,36762901,94438,1,1.0588845709929161e-05,103388,503,500,AVAILABLE_VALID_CACHE,1,9eed6ef87ff6d42b71c3a095af316093,36762901,1,,1284f9141657400869b7eaef1ce7a19eb6fdf6e26e34509f819c6e0920dfd135,
2025-08-20,2025,2025-08,https://data.gdeltproject.org/gkg/20250820.gkg.csv.zip,https://data.gdeltproject.org/gkg/20250820.gkg.csv.zip,0f47997bff21889267ba9c56399d269662d216f6e8af583c1eff7a71a68d9d51,8dfa2e69b09c1293ebb723e7d0ff2b13,37007449,95431,1,1.0478665437169922e-05,106294,503,500,AVAILABLE_VALID_CACHE,1,8dfa2e69b09c1293ebb723e7d0ff2b13,37007449,1,,1284f9141657400869b7eaef1ce7a19eb6fdf6e26e34509f819c6e0920dfd135,
2025-08-21,2025,2025-08,https://data.gdeltproject.org/gkg/20250821.gkg.csv.zip,https://data.gdeltproject.org/gkg/20250821.gkg.csv.zip,0280c0346d4eb1fd7aeb8bff064f1d50e03157eec334ff238b1a37abc242aab4,fc2e4aa02c38abb4e703d139c3a4f7b3,37696796,96277,1,1.0386588836494318e-05,107090,503,500,AVAILABLE_VALID_CACHE,1,fc2e4aa02c38abb4e703d139c3a4f7b3,37696796,1,,1284f9141657400869b7eaef1ce7a19eb6fdf6e26e34509f819c6e0920dfd135,
2025-08-22,2025,2025-08,https://data.gdeltproject.org/gkg/20250822.gkg.csv.zip,https://data.gdeltproject.org/gkg/20250822.gkg.csv.zip,aa094233234e04e3e584fef9add50670e91279a2572733074300b7e1ba307d1d,9c5d394398ede342d2d5571db3c410f0,35974344,92683,1,1.0789348754909154e-05,103422,503,500,AVAILABLE_VALID_CACHE,1,9c5d394398ede342d2d5571db3c410f0,35974344,1,,1284f9141657400869b7eaef1ce7a19eb6fdf6e26e34509f819c6e0920dfd135,
2025-08-23,2025,2025-08,https://data.gdeltproject.org/gkg/20250823.gkg.csv.zip,https://data.gdeltproject.org/gkg/20250823.gkg.csv.zip,f1f8804c93e84eef8c2f43a4a706d1c9b25f7cf2a296a371b726bb1dda4d99f9,3bb6d6a6e0c39ada3204cf89e510507e,21647000,54436,1,1.836985873578632e-05,59238,503,500,AVAILABLE_VALID_CACHE,1,3bb6d6a6e0c39ada3204cf89e510507e,21647000,1,,1284f9141657400869b7eaef1ce7a19eb6fdf6e26e34509f819c6e0920dfd135,
2025-08-24,2025,2025-08,https://data.gdeltproject.org/gkg/20250824.gkg.csv.zip,https://data.gdeltproject.org/gkg/20250824.gkg.csv.zip,ae3b831001f6d2bf486eb796efe38323d19ce2f089765d1a319e787179019a6b,d384c20e30e51d68320c6a7d7ac2d179,17992172,45388,1,2.2031769812069003e-05,50086,503,500,AVAILABLE_VALID_CACHE,1,d384c20e30e51d68320c6a7d7ac2d179,17992172,1,,1284f9141657400869b7eaef1ce7a19eb6fdf6e26e34509f819c6e0920dfd135,
2025-08-25,2025,2025-08,https://data.gdeltproject.org/gkg/20250825.gkg.csv.zip,https://data.gdeltproject.org/gkg/20250825.gkg.csv.zip,3d63c445b2f1620432623b490a92bf4ba177a22883fdaa916b0e747426cd81c1,97f0fe51d1bd2fb04dd0aafbe703695c,31777283,81588,1,1.2256554192354362e-05,92073,503,500,AVAILABLE_VALID_CACHE,1,97f0fe51d1bd2fb04dd0aafbe703695c,31777283,1,,1284f9141657400869b7eaef1ce7a19eb6fdf6e26e34509f819c6e0920dfd135,
2025-08-26,2025,2025-08,https://data.gdeltproject.org/gkg/20250826.gkg.csv.zip,https://data.gdeltproject.org/gkg/20250826.gkg.csv.zip,94186558c571df16274697f00a331c3d80eb841f8f49617693f308e4458748f8,c021307d07d6f6b9bef5b9ca4a79858a,37252010,95719,1,1.0447137484329294e-05,106591,503,500,AVAILABLE_VALID_CACHE,1,c021307d07d6f6b9bef5b9ca4a79858a,37252010,1,,1284f9141657400869b7eaef1ce7a19eb6fdf6e26e34509f819c6e0920dfd135,
2025-08-27,2025,2025-08,https://data.gdeltproject.org/gkg/20250827.gkg.csv.zip,https://data.gdeltproject.org/gkg/20250827.gkg.csv.zip,ca764413e2897d824728c1d75d486274968b9653d5b0f898a0d1850c2a9de3b5,95e3496c9e0adf0c7316db8d2ab52a92,38589702,97855,1,1.0219097449313277e-05,107054,503,500,AVAILABLE_VALID_CACHE,1,95e3496c9e0adf0c7316db8d2ab52a92,38589702,1,,1284f9141657400869b7eaef1ce7a19eb6fdf6e26e34509f819c6e0920dfd135,
2025-08-28,2025,2025-08,https://data.gdeltproject.org/gkg/20250828.gkg.csv.zip,https://data.gdeltproject.org/gkg/20250828.gkg.csv.zip,9e380fb50d11a1049da152b1c0a4ce5f6c02bdace370d00e18f4c198bc5eab83,20922a13c2b42c7171672ad57b4a9c8f,38594815,96011,1,1.0415364746073408e-05,106791,503,500,AVAILABLE_VALID_CACHE,1,20922a13c2b42c7171672ad57b4a9c8f,38594815,1,,1284f9141657400869b7eaef1ce7a19eb6fdf6e26e34509f819c6e0920dfd135,
2025-08-29,2025,2025-08,https://data.gdeltproject.org/gkg/20250829.gkg.csv.zip,https://data.gdeltproject.org/gkg/20250829.gkg.csv.zip,e7d3978ec5276ee2c10d8075a0fd5257d0d986e09664f5a2bf8df315f63107a6,ff2cd72426a98783c47b8672244fbb21,36165267,90135,1,1.109434632111476e-05,99003,503,500,AVAILABLE_VALID_CACHE,1,ff2cd72426a98783c47b8672244fbb21,36165267,1,,1284f9141657400869b7eaef1ce7a19eb6fdf6e26e34509f819c6e0920dfd135,
2025-08-30,2025,2025-08,https://data.gdeltproject.org/gkg/20250830.gkg.csv.zip,https://data.gdeltproject.org/gkg/20250830.gkg.csv.zip,be2a1411bd1476f2587c1a299ac2168d924a0148831c775b28913aafa6e4f135,a1dca8ff8c48805da299222eb1cb0e4c,21799121,54080,1,1.8490782345001015e-05,58702,503,500,AVAILABLE_VALID_CACHE,1,a1dca8ff8c48805da299222eb1cb0e4c,21799121,1,,1284f9141657400869b7eaef1ce7a19eb6fdf6e26e34509f819c6e0920dfd135,
2025-08-31,2025,2025-08,https://data.gdeltproject.org/gkg/20250831.gkg.csv.zip,https://data.gdeltproject.org/gkg/20250831.gkg.csv.zip,204021ac9023dd21ab80ed19e7d195d7626230f09e6dc9c5dd8a2bd4a9494db2,68ac30c8040d7b6896a79c40c69dcf9b,18761667,46495,1,2.1507226428079834e-05,50901,503,500,AVAILABLE_VALID_CACHE,1,68ac30c8040d7b6896a79c40c69dcf9b,18761667,1,,1284f9141657400869b7eaef1ce7a19eb6fdf6e26e34509f819c6e0920dfd135,
2025-09-01,2025,2025-09,https://data.gdeltproject.org/gkg/20250901.gkg.csv.zip,https://data.gdeltproject.org/gkg/20250901.gkg.csv.zip,26580bb4a186011bcb55e3e1835f8ad68c69193e27d08f834d766faee0a93ee4,8ab9e623e5153e105c0dbab354888ec0,27890131,69806,1,1.4325210938731073e-05,76089,503,500,AVAILABLE_VALID_CACHE,1,8ab9e623e5153e105c0dbab354888ec0,27890131,1,,1284f9141657400869b7eaef1ce7a19eb6fdf6e26e34509f819c6e0920dfd135,
2025-09-02,2025,2025-09,https://data.gdeltproject.org/gkg/20250902.gkg.csv.zip,https://data.gdeltproject.org/gkg/20250902.gkg.csv.zip,f106f7f75306e2e231897bb89e9ae6720d721bdd4417075a152ab817b53c12c9,1d2c2296109e63d4b994940393d2245e,35485827,90538,1,1.1044964048642022e-05,100945,503,500,AVAILABLE_VALID_CACHE,1,1d2c2296109e63d4b994940393d2245e,35485827,1,,1284f9141657400869b7eaef1ce7a19eb6fdf6e26e34509f819c6e0920dfd135,
2025-09-03,2025,2025-09,https://data.gdeltproject.org/gkg/20250903.gkg.csv.zip,https://data.gdeltproject.org/gkg/20250903.gkg.csv.zip,6bb8cf45e365da70541d1e2e26f757d5097d727438ddc5db7c7edb3a3a19d7ac,79f606a8177ba24928354ff999112806,39413380,99264,1,1.0074044225054148e-05,109611,503,500,AVAILABLE_VALID_CACHE,1,79f606a8177ba24928354ff999112806,39413380,1,,1284f9141657400869b7eaef1ce7a19eb6fdf6e26e34509f819c6e0920dfd135,
2025-09-04,2025,2025-09,https://data.gdeltproject.org/gkg/20250904.gkg.csv.zip,https://data.gdeltproject.org/gkg/20250904.gkg.csv.zip,def18f3aee92daa280b8d0f319c35f26b4c1423ba338d6a98076da7f3682dce6,e48a44b91842edcf0ffa8597a4edb244,40608342,103339,1,9.676795045480936e-06,116160,503,500,AVAILABLE_VALID_CACHE,1,e48a44b91842edcf0ffa8597a4edb244,40608342,1,,1284f9141657400869b7eaef1ce7a19eb6fdf6e26e34509f819c6e0920dfd135,
2025-09-05,2025,2025-09,https://data.gdeltproject.org/gkg/20250905.gkg.csv.zip,https://data.gdeltproject.org/gkg/20250905.gkg.csv.zip,145d153c35cd221ca9c1e387f8a645aa05c06a7e7c254f9bc732580fe8c473df,5f8050f6d99e8917bb2213c24f3eff68,36744150,93507,1,1.0694272147837617e-05,105661,503,500,AVAILABLE_VALID_CACHE,1,5f8050f6d99e8917bb2213c24f3eff68,36744150,1,,1284f9141657400869b7eaef1ce7a19eb6fdf6e26e34509f819c6e0920dfd135,
2025-09-06,2025,2025-09,https://data.gdeltproject.org/gkg/20250906.gkg.csv.zip,https://data.gdeltproject.org/gkg/20250906.gkg.csv.zip,396d2fc11a779b567fe110856ff83d31bc9ebd6f2bd724ac27aa3152790292fc,afcb168b8919819a87c59af38e424139,21502219,54971,1,1.8191079094811903e-05,60304,503,500,AVAILABLE_VALID_CACHE,1,afcb168b8919819a87c59af38e424139,21502219,1,,1284f9141657400869b7eaef1ce7a19eb6fdf6e26e34509f819c6e0920dfd135,
2025-09-07,2025,2025-09,https://data.gdeltproject.org/gkg/20250907.gkg.csv.zip,https://data.gdeltproject.org/gkg/20250907.gkg.csv.zip,5c2ff6036e240babdcc74fbf761a76d62fb29e79b657b644f6eb508fc0afc091,30497546dd00cc0972e2fdbc61c2c4a8,18677545,47673,1,2.0975793933800394e-05,52865,503,500,AVAILABLE_VALID_CACHE,1,30497546dd00cc0972e2fdbc61c2c4a8,18677545,1,,1284f9141657400869b7eaef1ce7a19eb6fdf6e26e34509f819c6e0920dfd135,
2025-09-08,2025,2025-09,https://data.gdeltproject.org/gkg/20250908.gkg.csv.zip,https://data.gdeltproject.org/gkg/20250908.gkg.csv.zip,0b677b33a190727f0e2807128891a33e8d3c83ebcc4bc78b9607b201207b7d73,95a08c2a84e3174d8f66ccbf917e3f35,33918223,88049,1,1.1357183418512209e-05,97432,503,500,AVAILABLE_VALID_CACHE,1,95a08c2a84e3174d8f66ccbf917e3f35,33918223,1,,1284f9141657400869b7eaef1ce7a19eb6fdf6e26e34509f819c6e0920dfd135,
2025-09-09,2025,2025-09,https://data.gdeltproject.org/gkg/20250909.gkg.csv.zip,https://data.gdeltproject.org/gkg/20250909.gkg.csv.zip,a6e9e88757fb90c50152bd00c8840d8c9f5075b41f5458b13bff5d0d822d829f,2c8e874b2fbe2da328f382167914134f,39360810,99835,1,1.0016426940181898e-05,110940,503,500,AVAILABLE_VALID_CACHE,1,2c8e874b2fbe2da328f382167914134f,39360810,1,,1284f9141657400869b7eaef1ce7a19eb6fdf6e26e34509f819c6e0920dfd135,
2025-09-10,2025,2025-09,https://data.gdeltproject.org/gkg/20250910.gkg.csv.zip,https://data.gdeltproject.org/gkg/20250910.gkg.csv.zip,db8ff794da07c7cb1bb900c4f2452a93a3fee3c2d58386b7d35906643a8d420e,fceafd0c3a1e3f8261158987105a1bad,38854465,97685,1,1.0236881436439203e-05,106710,503,500,AVAILABLE_VALID_CACHE,1,fceafd0c3a1e3f8261158987105a1bad,38854465,1,,1284f9141657400869b7eaef1ce7a19eb6fdf6e26e34509f819c6e0920dfd135,
2025-09-11,2025,2025-09,https://data.gdeltproject.org/gkg/20250911.gkg.csv.zip,https://data.gdeltproject.org/gkg/20250911.gkg.csv.zip,1154a101c72e407500da9fcc4e44cc95d9a240cf51afaf0b8f9dc443d15176b0,a1ace0b0ac77558945e92db1ef32cd83,39230969,98206,1,1.0182573543637419e-05,107424,503,500,AVAILABLE_VALID_CACHE,1,a1ace0b0ac77558945e92db1ef32cd83,39230969,1,,1284f9141657400869b7eaef1ce7a19eb6fdf6e26e34509f819c6e0920dfd135,
2025-09-12,2025,2025-09,https://data.gdeltproject.org/gkg/20250912.gkg.csv.zip,https://data.gdeltproject.org/gkg/20250912.gkg.csv.zip,8596ed0cd634d278147294353b605bdfd4c18ad76665536b3c43640c8cefd12f,ec61c0ef88528f115d7ab878ec1fb9b1,36136315,91453,1,1.0934458853631334e-05,102675,503,500,AVAILABLE_VALID_CACHE,1,ec61c0ef88528f115d7ab878ec1fb9b1,36136315,1,,1284f9141657400869b7eaef1ce7a19eb6fdf6e26e34509f819c6e0920dfd135,
2025-09-13,2025,2025-09,https://data.gdeltproject.org/gkg/20250913.gkg.csv.zip,https://data.gdeltproject.org/gkg/20250913.gkg.csv.zip,2b6e03271f397c073bffa79738f0d4570ef1df2917a8ac521be20e0c9762d689,8114983e0da2e32b3301d8aaa8aec99d,21373699,54648,1,1.829859649764863e-05,59586,503,500,AVAILABLE_VALID_CACHE,1,8114983e0da2e32b3301d8aaa8aec99d,21373699,1,,1284f9141657400869b7eaef1ce7a19eb6fdf6e26e34509f819c6e0920dfd135,
2025-09-14,2025,2025-09,https://data.gdeltproject.org/gkg/20250914.gkg.csv.zip,https://data.gdeltproject.org/gkg/20250914.gkg.csv.zip,195c1036b0b7e1e4a196c9136cfcd8ac9fd6ff67e4fb13bad4ddaf950c3225d3,cc01aef7e21179b1faf2918b34e55b3b,18860215,47169,1,2.1199915200339197e-05,50902,503,500,AVAILABLE_VALID_CACHE,1,cc01aef7e21179b1faf2918b34e55b3b,18860215,1,,1284f9141657400869b7eaef1ce7a19eb6fdf6e26e34509f819c6e0920dfd135,
2025-09-15,2025,2025-09,https://data.gdeltproject.org/gkg/20250915.gkg.csv.zip,https://data.gdeltproject.org/gkg/20250915.gkg.csv.zip,06e2d3de994d645c5917c3a5a82bbb71ac5cc2b7483eb8478de448f03fe349b6,48119fe99b1ec378d9c9723c737f69a5,33595689,85868,1,1.1645646275140038e-05,96055,503,500,AVAILABLE_VALID_CACHE,1,48119fe99b1ec378d9c9723c737f69a5,33595689,1,,1284f9141657400869b7eaef1ce7a19eb6fdf6e26e34509f819c6e0920dfd135,
2025-09-16,2025,2025-09,https://data.gdeltproject.org/gkg/20250916.gkg.csv.zip,https://data.gdeltproject.org/gkg/20250916.gkg.csv.zip,04d3e5d4d74991307da6c9d6cb240169048add667a650f6a00b0515f56a9513a,fb13966c6deea6396def075146b593c2,39145225,98050,1,1.0198774107352297e-05,108243,503,500,AVAILABLE_VALID_CACHE,1,fb13966c6deea6396def075146b593c2,39145225,1,,1284f9141657400869b7eaef1ce7a19eb6fdf6e26e34509f819c6e0920dfd135,
2025-09-17,2025,2025-09,https://data.gdeltproject.org/gkg/20250917.gkg.csv.zip,https://data.gdeltproject.org/gkg/20250917.gkg.csv.zip,68683a49717c8ec60cb68022c98a9f6e3263b0eea9c16f7d4d35c301d8391b3e,d468d0144a6b7a83b9429e29ed2a558d,37691442,95647,1,1.0455001672800267e-05,105621,503,500,AVAILABLE_VALID_CACHE,1,d468d0144a6b7a83b9429e29ed2a558d,37691442,1,,1284f9141657400869b7eaef1ce7a19eb6fdf6e26e34509f819c6e0920dfd135,
2025-09-18,2025,2025-09,https://data.gdeltproject.org/gkg/20250918.gkg.csv.zip,https://data.gdeltproject.org/gkg/20250918.gkg.csv.zip,95ef6b48c0d1a7f722a8e8711ef512c74fffb0b4a7304012acf762f523106edc,cffaa4ac3914eca555b60a2fde69b7d1,38038605,97853,1,1.0219306313487441e-05,108586,503,500,AVAILABLE_VALID_CACHE,1,cffaa4ac3914eca555b60a2fde69b7d1,38038605,1,,1284f9141657400869b7eaef1ce7a19eb6fdf6e26e34509f819c6e0920dfd135,
2025-09-19,2025,2025-09,https://data.gdeltproject.org/gkg/20250919.gkg.csv.zip,https://data.gdeltproject.org/gkg/20250919.gkg.csv.zip,e0cbb371d1786d15555608ef28596dc8a4b5fa697d58da98f03d0f90e1bced19,896e3c58dfac231708e51ea43074a2c8,35559888,91609,1,1.0915838882218098e-05,99924,503,500,AVAILABLE_VALID_CACHE,1,896e3c58dfac231708e51ea43074a2c8,35559888,1,,1284f9141657400869b7eaef1ce7a19eb6fdf6e26e34509f819c6e0920dfd135,
2025-09-20,2025,2025-09,https://data.gdeltproject.org/gkg/20250920.gkg.csv.zip,https://data.gdeltproject.org/gkg/20250920.gkg.csv.zip,9dd46453f45332bd5e9a8e01df7065f294081197452037e9dfbb2ad8c71d579a,e908340a2d46b510c2e21a4577e9aeb7,21412742,54718,1,1.8275187777554414e-05,59585,503,500,AVAILABLE_VALID_CACHE,1,e908340a2d46b510c2e21a4577e9aeb7,21412742,1,,1284f9141657400869b7eaef1ce7a19eb6fdf6e26e34509f819c6e0920dfd135,
2025-09-21,2025,2025-09,https://data.gdeltproject.org/gkg/20250921.gkg.csv.zip,https://data.gdeltproject.org/gkg/20250921.gkg.csv.zip,0f6ccbe8786c23019f919df813098b4100f60b14e3a3b161aabb940b166b4e40,9aa6e57ae2036a1e824c3d1bff2a2d5b,18393790,47722,1,2.0954256857280555e-05,51541,503,500,AVAILABLE_VALID_CACHE,1,9aa6e57ae2036a1e824c3d1bff2a2d5b,18393790,1,,1284f9141657400869b7eaef1ce7a19eb6fdf6e26e34509f819c6e0920dfd135,
2025-09-22,2025,2025-09,https://data.gdeltproject.org/gkg/20250922.gkg.csv.zip,https://data.gdeltproject.org/gkg/20250922.gkg.csv.zip,22034ccdb59a4d5e5f3d76b463dc74fef3555b79bb198956f51872a481d00bd2,939a5fd209b838158a31b6006ca07b4d,33818285,86124,1,1.1611030478955007e-05,94188,503,500,AVAILABLE_VALID_CACHE,1,939a5fd209b838158a31b6006ca07b4d,33818285,1,,1284f9141657400869b7eaef1ce7a19eb6fdf6e26e34509f819c6e0920dfd135,
2025-09-23,2025,2025-09,https://data.gdeltproject.org/gkg/20250923.gkg.csv.zip,https://data.gdeltproject.org/gkg/20250923.gkg.csv.zip,3f6056c9ea0cd95d8ef8f3104dc6697b0dd5382709f2b8232cc021090722e02a,eccdeb5809253fb5634d63ac1c5e9866,37771279,95513,1,1.0469669367841363e-05,105780,503,500,AVAILABLE_VALID_CACHE,1,eccdeb5809253fb5634d63ac1c5e9866,37771279,1,,1284f9141657400869b7eaef1ce7a19eb6fdf6e26e34509f819c6e0920dfd135,
2025-09-24,2025,2025-09,https://data.gdeltproject.org/gkg/20250924.gkg.csv.zip,https://data.gdeltproject.org/gkg/20250924.gkg.csv.zip,e1f08b5a58b0c40c9aad3695adc7296108abd8542f25033ab461a73c4b7f01a0,e54cca8746cbd93ba6d6be44f16673b3,38326811,97696,1,1.0235728835071701e-05,108482,503,500,AVAILABLE_VALID_CACHE,1,e54cca8746cbd93ba6d6be44f16673b3,38326811,1,,1284f9141657400869b7eaef1ce7a19eb6fdf6e26e34509f819c6e0920dfd135,
2025-09-25,2025,2025-09,https://data.gdeltproject.org/gkg/20250925.gkg.csv.zip,https://data.gdeltproject.org/gkg/20250925.gkg.csv.zip,9df8e26e06fe3156fae558a95cf10fd209880f3643f3dca2dae082319846934c,6f9ad6e0abd1c0a8a1607817fcebb14c,38706636,98359,1,1.0166734444896299e-05,110846,503,500,AVAILABLE_VALID_CACHE,1,6f9ad6e0abd1c0a8a1607817fcebb14c,38706636,1,,1284f9141657400869b7eaef1ce7a19eb6fdf6e26e34509f819c6e0920dfd135,
2025-09-26,2025,2025-09,https://data.gdeltproject.org/gkg/20250926.gkg.csv.zip,https://data.gdeltproject.org/gkg/20250926.gkg.csv.zip,a6014cdcb68c8f9261279ea550c211c2700362ff677fd6ff240f582987747344,8769c5e80b2045da6247b91ce72d5cfb,35741195,91118,1,1.0974659511188666e-05,101830,503,500,AVAILABLE_VALID_CACHE,1,8769c5e80b2045da6247b91ce72d5cfb,35741195,1,,1284f9141657400869b7eaef1ce7a19eb6fdf6e26e34509f819c6e0920dfd135,
2025-09-27,2025,2025-09,https://data.gdeltproject.org/gkg/20250927.gkg.csv.zip,https://data.gdeltproject.org/gkg/20250927.gkg.csv.zip,9f652c0f356271c821e789d17f670351e0f592f23753b73154407181fdfc6b4f,25093565b5572eca34a167fe85ff6b10,21818810,54377,1,1.838978998859833e-05,59844,503,500,AVAILABLE_VALID_CACHE,1,25093565b5572eca34a167fe85ff6b10,21818810,1,,1284f9141657400869b7eaef1ce7a19eb6fdf6e26e34509f819c6e0920dfd135,
2025-09-28,2025,2025-09,https://data.gdeltproject.org/gkg/20250928.gkg.csv.zip,https://data.gdeltproject.org/gkg/20250928.gkg.csv.zip,36821d90b5f55b577e4810c9c6737496e81bbcedc08c931eb878c73768ceacf9,6cc15523a609ebe1ae7877041b2da1a3,19799436,48707,1,2.0530508335386383e-05,52805,503,500,AVAILABLE_VALID_CACHE,1,6cc15523a609ebe1ae7877041b2da1a3,19799436,1,,1284f9141657400869b7eaef1ce7a19eb6fdf6e26e34509f819c6e0920dfd135,
2025-09-29,2025,2025-09,https://data.gdeltproject.org/gkg/20250929.gkg.csv.zip,https://data.gdeltproject.org/gkg/20250929.gkg.csv.zip,fceab271230709ab1725f38379febc463ab5a4b9b80f1640cba4f7d13cde618e,592c989e04a14efd35c984d43a20fe1d,35416078,89503,1,1.1172685019663925e-05,100445,503,500,AVAILABLE_VALID_CACHE,1,592c989e04a14efd35c984d43a20fe1d,35416078,1,,1284f9141657400869b7eaef1ce7a19eb6fdf6e26e34509f819c6e0920dfd135,
2025-09-30,2025,2025-09,https://data.gdeltproject.org/gkg/20250930.gkg.csv.zip,https://data.gdeltproject.org/gkg/20250930.gkg.csv.zip,ccac6299e7529fbb33cc008b37d562712ce511fc66e179753ccf682c489ea64e,b318829f1556e8b5d3f315f7fdf06346,38206763,96798,1,1.0330685234351595e-05,107239,503,500,AVAILABLE_VALID_CACHE,1,b318829f1556e8b5d3f315f7fdf06346,38206763,1,,1284f9141657400869b7eaef1ce7a19eb6fdf6e26e34509f819c6e0920dfd135,
2025-10-01,2025,2025-10,https://data.gdeltproject.org/gkg/20251001.gkg.csv.zip,https://data.gdeltproject.org/gkg/20251001.gkg.csv.zip,7ce78eabaf6049aeda38f5b1b2f8d0c5bd11019844847e79118dd32b63da6378,d7bb35385b0f158e92e1f0a4bdd9ce2e,39652653,98965,1,1.0104480326576804e-05,110769,503,500,AVAILABLE_VALID_CACHE,1,d7bb35385b0f158e92e1f0a4bdd9ce2e,39652653,1,,1284f9141657400869b7eaef1ce7a19eb6fdf6e26e34509f819c6e0920dfd135,
2025-10-02,2025,2025-10,https://data.gdeltproject.org/gkg/20251002.gkg.csv.zip,https://data.gdeltproject.org/gkg/20251002.gkg.csv.zip,9d85ac6bc4d41d2a9dbcc34932e0bfa3cd53f707d24ccaa623664ec062a29157,63c27c8f263cf8c1cf3a98c85c4fafbf,37461436,93596,1,1.0684103122963342e-05,103455,503,500,AVAILABLE_VALID_CACHE,1,63c27c8f263cf8c1cf3a98c85c4fafbf,37461436,1,,1284f9141657400869b7eaef1ce7a19eb6fdf6e26e34509f819c6e0920dfd135,
2025-10-03,2025,2025-10,https://data.gdeltproject.org/gkg/20251003.gkg.csv.zip,https://data.gdeltproject.org/gkg/20251003.gkg.csv.zip,d6873a339429fe6bf33168a5680ab0477cf1f4ca01bb190d2ef7c82b2c3e0fce,d441edb4ad15b212a07113d536f4822e,36205995,90639,1,1.1032656663724624e-05,100261,503,500,AVAILABLE_VALID_CACHE,1,d441edb4ad15b212a07113d536f4822e,36205995,1,,1284f9141657400869b7eaef1ce7a19eb6fdf6e26e34509f819c6e0920dfd135,
2025-10-04,2025,2025-10,https://data.gdeltproject.org/gkg/20251004.gkg.csv.zip,https://data.gdeltproject.org/gkg/20251004.gkg.csv.zip,fd643f93f5e3b76e5110c929fd46dd5124ea11badccfe1344dd7da9503a0de34,3a42f7382a928a05497d6e9103084234,21831565,54302,1,1.8415188847761633e-05,58839,503,500,AVAILABLE_VALID_CACHE,1,3a42f7382a928a05497d6e9103084234,21831565,1,,1284f9141657400869b7eaef1ce7a19eb6fdf6e26e34509f819c6e0920dfd135,
2025-10-05,2025,2025-10,https://data.gdeltproject.org/gkg/20251005.gkg.csv.zip,https://data.gdeltproject.org/gkg/20251005.gkg.csv.zip,5b683adb7dcc2f170576f173490c5436ab354318110f20ef31cf924bb6dfe364,09ece23aa1bbdbb62d35806811fae25c,19182369,48273,1,2.0715084724696525e-05,51657,503,500,AVAILABLE_VALID_CACHE,1,09ece23aa1bbdbb62d35806811fae25c,19182369,1,,1284f9141657400869b7eaef1ce7a19eb6fdf6e26e34509f819c6e0920dfd135,
2025-10-06,2025,2025-10,https://data.gdeltproject.org/gkg/20251006.gkg.csv.zip,https://data.gdeltproject.org/gkg/20251006.gkg.csv.zip,abd2ef79f28165e90b993f17f4a3ac666b1546acfd445f3b7434a6d4ed941209,d3bc923509f192d28b72a46f43ff4b2d,33381783,84911,1,1.1776898436027887e-05,92820,503,500,AVAILABLE_VALID_CACHE,1,d3bc923509f192d28b72a46f43ff4b2d,33381783,1,,1284f9141657400869b7eaef1ce7a19eb6fdf6e26e34509f819c6e0920dfd135,
2025-10-07,2025,2025-10,https://data.gdeltproject.org/gkg/20251007.gkg.csv.zip,https://data.gdeltproject.org/gkg/20251007.gkg.csv.zip,f9c4153b473b8d41f659a338041b03485ecd55150b4e9a76f356578aace523fa,692ee4678d1ab5f95e33b78bdcec4553,36416519,91904,1,1.0880800826940862e-05,102592,503,500,AVAILABLE_VALID_CACHE,1,692ee4678d1ab5f95e33b78bdcec4553,36416519,1,,1284f9141657400869b7eaef1ce7a19eb6fdf6e26e34509f819c6e0920dfd135,
2025-10-08,2025,2025-10,https://data.gdeltproject.org/gkg/20251008.gkg.csv.zip,https://data.gdeltproject.org/gkg/20251008.gkg.csv.zip,bcbf2b6297e3d364364d79ee6c8b1c6a0a57474c45ca265c7d2bf5f951cc0013,f908699167927ca2d9a4c9de50ba6a5a,37270784,94089,1,1.0628122010840684e-05,104965,503,500,AVAILABLE_VALID_CACHE,1,f908699167927ca2d9a4c9de50ba6a5a,37270784,1,,1284f9141657400869b7eaef1ce7a19eb6fdf6e26e34509f819c6e0920dfd135,
2025-10-09,2025,2025-10,https://data.gdeltproject.org/gkg/20251009.gkg.csv.zip,https://data.gdeltproject.org/gkg/20251009.gkg.csv.zip,b2d8bfa9073e957010b53d4a8c9f98e2a59f5614c53c3e4b97700c496f705e72,407e45d2513fc909391a12b128fce6e4,37548877,94963,1,1.0530306221304916e-05,105064,503,500,AVAILABLE_VALID_CACHE,1,407e45d2513fc909391a12b128fce6e4,37548877,1,,1284f9141657400869b7eaef1ce7a19eb6fdf6e26e34509f819c6e0920dfd135,
2025-10-10,2025,2025-10,https://data.gdeltproject.org/gkg/20251010.gkg.csv.zip,https://data.gdeltproject.org/gkg/20251010.gkg.csv.zip,5f3ad5b644127de07f0e36b261423291bc08962546d8de3630a6ea3cf7005c97,ce36b9adb57f33c4ef8f2f3baaffed0c,35737959,90128,1,1.109520797967358e-05,101748,503,500,AVAILABLE_VALID_CACHE,1,ce36b9adb57f33c4ef8f2f3baaffed0c,35737959,1,,1284f9141657400869b7eaef1ce7a19eb6fdf6e26e34509f819c6e0920dfd135,
2025-10-11,2025,2025-10,https://data.gdeltproject.org/gkg/20251011.gkg.csv.zip,https://data.gdeltproject.org/gkg/20251011.gkg.csv.zip,46e7bf182d70c43514b5030f9d0dbd382bf6fa4a605e72dbcd91c9a1fa8f17fc,aed352bf4d3351a44e757a7085c199b2,21388800,53507,1,1.8688794198998282e-05,59001,503,500,AVAILABLE_VALID_CACHE,1,aed352bf4d3351a44e757a7085c199b2,21388800,1,,1284f9141657400869b7eaef1ce7a19eb6fdf6e26e34509f819c6e0920dfd135,
2025-10-12,2025,2025-10,https://data.gdeltproject.org/gkg/20251012.gkg.csv.zip,https://data.gdeltproject.org/gkg/20251012.gkg.csv.zip,9b69286e3537952d6c9a20b2b8bf3fb9e6084db44aea31ae2bf642d5acca579e,2624dc6e0074bc5ab84b2cf00ce102ff,19059294,47336,1,2.1125124110104147e-05,50959,503,500,AVAILABLE_VALID_CACHE,1,2624dc6e0074bc5ab84b2cf00ce102ff,19059294,1,,1284f9141657400869b7eaef1ce7a19eb6fdf6e26e34509f819c6e0920dfd135,
2025-10-13,2025,2025-10,https://data.gdeltproject.org/gkg/20251013.gkg.csv.zip,https://data.gdeltproject.org/gkg/20251013.gkg.csv.zip,721214c0554e8810983e98109aa51a2e2ab0e4c48d243f969e3a276a6e636eb5,cae31ceb2f0d94d2c062a729240c5c5d,32452787,81301,1,1.2299820422621829e-05,90317,503,500,AVAILABLE_VALID_CACHE,1,cae31ceb2f0d94d2c062a729240c5c5d,32452787,1,,1284f9141657400869b7eaef1ce7a19eb6fdf6e26e34509f819c6e0920dfd135,
2025-10-14,2025,2025-10,https://data.gdeltproject.org/gkg/20251014.gkg.csv.zip,https://data.gdeltproject.org/gkg/20251014.gkg.csv.zip,344fdaaa38dfcd74f104c26e5bb4ded3f8722b84e8a8b75c71fa4736e26341ea,4d96e1ea44dc0d31379683a9eb36a733,36031897,92371,1,1.0825791365348808e-05,101666,503,500,AVAILABLE_VALID_CACHE,1,4d96e1ea44dc0d31379683a9eb36a733,36031897,1,,1284f9141657400869b7eaef1ce7a19eb6fdf6e26e34509f819c6e0920dfd135,
2025-10-15,2025,2025-10,https://data.gdeltproject.org/gkg/20251015.gkg.csv.zip,https://data.gdeltproject.org/gkg/20251015.gkg.csv.zip,50a82030d5530418fa5fa7376745cc9ba51e7c319275c2c7a4851f7bbee37b69,c714c2417863f9293bad214ce248a386,37978668,97661,1,1.02393971042985e-05,108918,503,500,AVAILABLE_VALID_CACHE,1,c714c2417863f9293bad214ce248a386,37978668,1,,1284f9141657400869b7eaef1ce7a19eb6fdf6e26e34509f819c6e0920dfd135,
2025-10-16,2025,2025-10,https://data.gdeltproject.org/gkg/20251016.gkg.csv.zip,https://data.gdeltproject.org/gkg/20251016.gkg.csv.zip,60ac899b49b2f31c0b7dcd05c5b2bfef9d645919abd7fb43333aeaa7c3916c2a,b80e89f4ffbc65f9843c2cafa9a86344,37563534,96883,1,1.0321621733206722e-05,106197,503,500,AVAILABLE_VALID_CACHE,1,b80e89f4ffbc65f9843c2cafa9a86344,37563534,1,,1284f9141657400869b7eaef1ce7a19eb6fdf6e26e34509f819c6e0920dfd135,
2025-10-17,2025,2025-10,https://data.gdeltproject.org/gkg/20251017.gkg.csv.zip,https://data.gdeltproject.org/gkg/20251017.gkg.csv.zip,9d747449d1b2c98528b4ac523c39324cb3b129a97585c50b382cf13d6bee6356,4e32188f87259d5720645500b1f35ee4,36058967,92767,1,1.0779579165229389e-05,102128,503,500,AVAILABLE_VALID_CACHE,1,4e32188f87259d5720645500b1f35ee4,36058967,1,,1284f9141657400869b7eaef1ce7a19eb6fdf6e26e34509f819c6e0920dfd135,
2025-10-18,2025,2025-10,https://data.gdeltproject.org/gkg/20251018.gkg.csv.zip,https://data.gdeltproject.org/gkg/20251018.gkg.csv.zip,78906c2d533b31b9566684e27b72da5910fbdd27164e2e4bf67bb9592dbfff28,632ad4a16a6811b19c678fd55db4ccda,20434470,52546,1,1.903058214550783e-05,57064,503,500,AVAILABLE_VALID_CACHE,1,632ad4a16a6811b19c678fd55db4ccda,20434470,1,,1284f9141657400869b7eaef1ce7a19eb6fdf6e26e34509f819c6e0920dfd135,
2025-10-19,2025,2025-10,https://data.gdeltproject.org/gkg/20251019.gkg.csv.zip,https://data.gdeltproject.org/gkg/20251019.gkg.csv.zip,d3e3ca41d67571f0375104af6c787ad76e126ca0527ea4e301460549afb19fc7,da2de2f1d28878ef8d6fe9970bfbea82,18043057,45899,1,2.1786492374727668e-05,49448,503,500,AVAILABLE_VALID_CACHE,1,da2de2f1d28878ef8d6fe9970bfbea82,18043057,1,,1284f9141657400869b7eaef1ce7a19eb6fdf6e26e34509f819c6e0920dfd135,
2025-10-20,2025,2025-10,https://data.gdeltproject.org/gkg/20251020.gkg.csv.zip,https://data.gdeltproject.org/gkg/20251020.gkg.csv.zip,76205fe453523339f7c4a630a1943c7a6ce4268f09480a1815f57fe5cb76c405,c2470885ca2254232c97328960aee1a5,30333965,78784,1,1.2692771466649743e-05,90146,503,500,AVAILABLE_VALID_CACHE,1,c2470885ca2254232c97328960aee1a5,30333965,1,,1284f9141657400869b7eaef1ce7a19eb6fdf6e26e34509f819c6e0920dfd135,
2025-10-21,2025,2025-10,https://data.gdeltproject.org/gkg/20251021.gkg.csv.zip,https://data.gdeltproject.org/gkg/20251021.gkg.csv.zip,cbb9fe1814d74ea67efc4ce4146c036e700986dec7d8a2d288e1ec60a65624cc,4c9ef7778b0a312db145ed3d7916f398,36726615,95147,1,1.0509942405515618e-05,105244,503,500,AVAILABLE_VALID_CACHE,1,4c9ef7778b0a312db145ed3d7916f398,36726615,1,,1284f9141657400869b7eaef1ce7a19eb6fdf6e26e34509f819c6e0920dfd135,
2025-10-22,2025,2025-10,https://data.gdeltproject.org/gkg/20251022.gkg.csv.zip,https://data.gdeltproject.org/gkg/20251022.gkg.csv.zip,fa8599340516d931804f70fab6850d7a4d8963f16f62529cdd2b94392169be2d,a8e6811e01a01aa00e20715f1eb91bd6,37922516,97910,1,1.021335702832164e-05,109895,503,500,AVAILABLE_VALID_CACHE,1,a8e6811e01a01aa00e20715f1eb91bd6,37922516,1,,1284f9141657400869b7eaef1ce7a19eb6fdf6e26e34509f819c6e0920dfd135,
2025-10-23,2025,2025-10,https://data.gdeltproject.org/gkg/20251023.gkg.csv.zip,https://data.gdeltproject.org/gkg/20251023.gkg.csv.zip,682e178adf516d20ba89d7b9c62cef55af89486e8bf1f8e9ca7920226002476a,51701af1f11c997ff6ddb9374b27e660,38491121,99329,1,1.0067451927917044e-05,109195,503,500,AVAILABLE_VALID_CACHE,1,51701af1f11c997ff6ddb9374b27e660,38491121,1,,1284f9141657400869b7eaef1ce7a19eb6fdf6e26e34509f819c6e0920dfd135,
2025-10-24,2025,2025-10,https://data.gdeltproject.org/gkg/20251024.gkg.csv.zip,https://data.gdeltproject.org/gkg/20251024.gkg.csv.zip,f0f7d9c089c840e5ddbc917b1649625fe1b641486d7a3f42abbb1acb996c259a,5871d1a716ec1bfc6c6d2492512c47ec,36699764,93616,1,1.0681820609504685e-05,103955,503,500,AVAILABLE_VALID_CACHE,1,5871d1a716ec1bfc6c6d2492512c47ec,36699764,1,,1284f9141657400869b7eaef1ce7a19eb6fdf6e26e34509f819c6e0920dfd135,
2025-10-25,2025,2025-10,https://data.gdeltproject.org/gkg/20251025.gkg.csv.zip,https://data.gdeltproject.org/gkg/20251025.gkg.csv.zip,16362c42d668cd7d37881d15fc330e65a908aee00b41b067dcef8ef3d1a0a511,81d0044866ce541f2fc513aaa0610181,21656461,54659,1,1.8294914013904136e-05,59671,503,500,AVAILABLE_VALID_CACHE,1,81d0044866ce541f2fc513aaa0610181,21656461,1,,1284f9141657400869b7eaef1ce7a19eb6fdf6e26e34509f819c6e0920dfd135,
2025-10-26,2025,2025-10,https://data.gdeltproject.org/gkg/20251026.gkg.csv.zip,https://data.gdeltproject.org/gkg/20251026.gkg.csv.zip,106038c6b3aeaf6d14dfa45c64a0e8ea82ad3ee7f6224e8ed037c0fa278f93cf,31fb153ae0771ad0e3a68a9dadc5bae3,18470156,46944,1,2.1301523058898713e-05,50853,503,500,AVAILABLE_VALID_CACHE,1,31fb153ae0771ad0e3a68a9dadc5bae3,18470156,1,,1284f9141657400869b7eaef1ce7a19eb6fdf6e26e34509f819c6e0920dfd135,
2025-10-27,2025,2025-10,https://data.gdeltproject.org/gkg/20251027.gkg.csv.zip,https://data.gdeltproject.org/gkg/20251027.gkg.csv.zip,9f9dae5e8d0fcea41766a2580d129f9836a695db7bb9623a3e1ab9dbf2cba849,3893fb140e956c16f357e6dc6065f8f2,33682091,86866,1,1.1511851451068875e-05,96216,503,500,AVAILABLE_VALID_CACHE,1,3893fb140e956c16f357e6dc6065f8f2,33682091,1,,1284f9141657400869b7eaef1ce7a19eb6fdf6e26e34509f819c6e0920dfd135,
2025-10-28,2025,2025-10,https://data.gdeltproject.org/gkg/20251028.gkg.csv.zip,https://data.gdeltproject.org/gkg/20251028.gkg.csv.zip,ffe940079ffc0e6bc26f730d502cfd2e0ae478b28370dfa09ef6c10e3253f791,a3aa89888bbd879db834f0a32de17202,38928979,99349,1,1.0065425264217413e-05,110585,503,500,AVAILABLE_VALID_CACHE,1,a3aa89888bbd879db834f0a32de17202,38928979,1,,1284f9141657400869b7eaef1ce7a19eb6fdf6e26e34509f819c6e0920dfd135,
2025-10-29,2025,2025-10,https://data.gdeltproject.org/gkg/20251029.gkg.csv.zip,https://data.gdeltproject.org/gkg/20251029.gkg.csv.zip,9e645a96c711e09a13c756c159fbb539647ec8ff8b5d62c0b275868506d9297a,23fb912ad3a818ef498953295e8b924b,39790268,100947,1,9.906090264294489e-06,113114,503,500,AVAILABLE_VALID_CACHE,1,23fb912ad3a818ef498953295e8b924b,39790268,1,,1284f9141657400869b7eaef1ce7a19eb6fdf6e26e34509f819c6e0920dfd135,
2025-10-30,2025,2025-10,https://data.gdeltproject.org/gkg/20251030.gkg.csv.zip,https://data.gdeltproject.org/gkg/20251030.gkg.csv.zip,ad5ee2fb230c44f12c8f23c297797611a9583d3573006592395d1a3ab726c6d1,6e9e9edeae5727537e9fb5a08ea4d185,39944270,100753,1,9.925164261468528e-06,111472,504,501,AVAILABLE_VALID_CACHE,1,6e9e9edeae5727537e9fb5a08ea4d185,39944270,1,,1284f9141657400869b7eaef1ce7a19eb6fdf6e26e34509f819c6e0920dfd135,
2025-10-31,2025,2025-10,https://data.gdeltproject.org/gkg/20251031.gkg.csv.zip,https://data.gdeltproject.org/gkg/20251031.gkg.csv.zip,70d093d1bf2b62ea9d9b79d302254d016c36dd01302ae391268b0fb469d65334,1b45f6815f418b2bbd81e3db49df1f47,36497168,92170,1,1.0849399485738464e-05,102760,503,500,AVAILABLE_VALID_CACHE,1,1b45f6815f418b2bbd81e3db49df1f47,36497168,1,,1284f9141657400869b7eaef1ce7a19eb6fdf6e26e34509f819c6e0920dfd135,
2025-11-01,2025,2025-11,https://data.gdeltproject.org/gkg/20251101.gkg.csv.zip,https://data.gdeltproject.org/gkg/20251101.gkg.csv.zip,3289cefaab213a4f49d7548dc79ac9cd029a81121f17c090c22350f12d11d0c0,25604ac7328dd22d2aecfbb93fbe2843,21537133,54282,1,1.842197373026546e-05,58613,503,500,AVAILABLE_VALID_CACHE,1,25604ac7328dd22d2aecfbb93fbe2843,21537133,1,,1284f9141657400869b7eaef1ce7a19eb6fdf6e26e34509f819c6e0920dfd135,
2025-11-02,2025,2025-11,https://data.gdeltproject.org/gkg/20251102.gkg.csv.zip,https://data.gdeltproject.org/gkg/20251102.gkg.csv.zip,86d8a35fdb0d16d278718469e72386f1f56ad2d897a96d5ff8dd0b2c640c138e,08b3f7b95189afa0263f773400d9847c,18596223,47790,1,2.0924441840513905e-05,51677,503,500,AVAILABLE_VALID_CACHE,1,08b3f7b95189afa0263f773400d9847c,18596223,1,,1284f9141657400869b7eaef1ce7a19eb6fdf6e26e34509f819c6e0920dfd135,
2025-11-03,2025,2025-11,https://data.gdeltproject.org/gkg/20251103.gkg.csv.zip,https://data.gdeltproject.org/gkg/20251103.gkg.csv.zip,98f86a3f0daa57c60f1681c1b6b4e9f0f41f374a858fed1d6f857887e82a8dc8,0db8db6145b94d7487b5412cd9c5a997,33974809,86517,1,1.1558288448646525e-05,97854,504,501,AVAILABLE_VALID_CACHE,1,0db8db6145b94d7487b5412cd9c5a997,33974809,1,,1284f9141657400869b7eaef1ce7a19eb6fdf6e26e34509f819c6e0920dfd135,
2025-11-04,2025,2025-11,https://data.gdeltproject.org/gkg/20251104.gkg.csv.zip,https://data.gdeltproject.org/gkg/20251104.gkg.csv.zip,f547022d4780d972b4d03328fe8d6f3acc3a79d0264e66eedf870fbb3fbef927,b5875127ef05a847cca75d44bb2991cd,37409864,96246,1,1.0389934231716313e-05,106068,503,500,AVAILABLE_VALID_CACHE,1,b5875127ef05a847cca75d44bb2991cd,37409864,1,,1284f9141657400869b7eaef1ce7a19eb6fdf6e26e34509f819c6e0920dfd135,
2025-11-05,2025,2025-11,https://data.gdeltproject.org/gkg/20251105.gkg.csv.zip,https://data.gdeltproject.org/gkg/20251105.gkg.csv.zip,5ad261ab7bcd904cee63aed67f2268f413bf12f533d4fc3965bde79b25e16c88,bdc1a7f8ed893835d0a599c8028745dc,39344367,102083,1,9.795854394420282e-06,112888,503,500,AVAILABLE_VALID_CACHE,1,bdc1a7f8ed893835d0a599c8028745dc,39344367,1,,1284f9141657400869b7eaef1ce7a19eb6fdf6e26e34509f819c6e0920dfd135,
2025-11-06,2025,2025-11,https://data.gdeltproject.org/gkg/20251106.gkg.csv.zip,https://data.gdeltproject.org/gkg/20251106.gkg.csv.zip,c1dfaaebcb635e41cf68fd2871e5d5e2f97ec2ab774b75457b1a09cb525d1be1,339b3df5a7504fd92582721c1c6c10dd,39963363,99966,1,1.0003301089359488e-05,110208,503,500,AVAILABLE_VALID_CACHE,1,339b3df5a7504fd92582721c1c6c10dd,39963363,1,,1284f9141657400869b7eaef1ce7a19eb6fdf6e26e34509f819c6e0920dfd135,
2025-11-07,2025,2025-11,https://data.gdeltproject.org/gkg/20251107.gkg.csv.zip,https://data.gdeltproject.org/gkg/20251107.gkg.csv.zip,51a98173947d712cc0c4275d126f6d3246a6f9f00960e2130aaca0fd78ccd137,b6eb8c854233143866d66e88bdf8b9c3,36058542,92858,1,1.0769015388922992e-05,106792,503,500,AVAILABLE_VALID_CACHE,1,b6eb8c854233143866d66e88bdf8b9c3,36058542,1,,1284f9141657400869b7eaef1ce7a19eb6fdf6e26e34509f819c6e0920dfd135,
2025-11-08,2025,2025-11,https://data.gdeltproject.org/gkg/20251108.gkg.csv.zip,https://data.gdeltproject.org/gkg/20251108.gkg.csv.zip,4d6d320672f49f4deeda813b1d8d52b6bb2b79eef4e6f070aa9a2e5f20275584,46f767da529a5773a82dfc476b630fbd,23059541,58370,1,1.7131794898151478e-05,65310,503,500,AVAILABLE_VALID_CACHE,1,46f767da529a5773a82dfc476b630fbd,23059541,1,,1284f9141657400869b7eaef1ce7a19eb6fdf6e26e34509f819c6e0920dfd135,
2025-11-09,2025,2025-11,https://data.gdeltproject.org/gkg/20251109.gkg.csv.zip,https://data.gdeltproject.org/gkg/20251109.gkg.csv.zip,ca70c2a607c20c53489354a71b1601e1c2f4575307811d309792d3e6e662b4fb,16d1275047a5178c75289abd554b6686,18670391,48469,1,2.0631318341242005e-05,51542,503,500,AVAILABLE_VALID_CACHE,1,16d1275047a5178c75289abd554b6686,18670391,1,,1284f9141657400869b7eaef1ce7a19eb6fdf6e26e34509f819c6e0920dfd135,
2025-11-10,2025,2025-11,https://data.gdeltproject.org/gkg/20251110.gkg.csv.zip,https://data.gdeltproject.org/gkg/20251110.gkg.csv.zip,1c422a1e2b315fa740a21b4e4e43b813cae13eba7de4029a7d65bbb1d521000e,61f07aeb6db23128ebe7bb8e78908ce1,33812290,87715,1,1.140042865611747e-05,96981,503,500,AVAILABLE_VALID_CACHE,1,61f07aeb6db23128ebe7bb8e78908ce1,33812290,1,,1284f9141657400869b7eaef1ce7a19eb6fdf6e26e34509f819c6e0920dfd135,
2025-11-11,2025,2025-11,https://data.gdeltproject.org/gkg/20251111.gkg.csv.zip,https://data.gdeltproject.org/gkg/20251111.gkg.csv.zip,8b22284b352d4b495743e24ed54add0e6dd400b96c0990d3cf11bfcb30301ab5,a937ba80a5fa7d504134171a024a61aa,37170488,95673,1,1.0452160461567406e-05,108284,503,500,AVAILABLE_VALID_CACHE,1,a937ba80a5fa7d504134171a024a61aa,37170488,1,,1284f9141657400869b7eaef1ce7a19eb6fdf6e26e34509f819c6e0920dfd135,
2025-11-12,2025,2025-11,https://data.gdeltproject.org/gkg/20251112.gkg.csv.zip,https://data.gdeltproject.org/gkg/20251112.gkg.csv.zip,40c58249173fa8241103d8b55ee8982d3e8341c1c1920877054d06f68aa55bc3,5147711ac1d4c56745e3e558cd8bc11b,37024669,97358,1,1.0271264084470877e-05,110406,503,500,AVAILABLE_VALID_CACHE,1,5147711ac1d4c56745e3e558cd8bc11b,37024669,1,,1284f9141657400869b7eaef1ce7a19eb6fdf6e26e34509f819c6e0920dfd135,
2025-11-13,2025,2025-11,https://data.gdeltproject.org/gkg/20251113.gkg.csv.zip,https://data.gdeltproject.org/gkg/20251113.gkg.csv.zip,0d8b1b14d2c2061918aafd2e17e0cee8c06c1692d1deec53e3f935acb0f78370,7df5174c3c90763ecc64c6f02160c4fe,38096459,100005,1,9.999400035997841e-06,110488,503,500,AVAILABLE_VALID_CACHE,1,7df5174c3c90763ecc64c6f02160c4fe,38096459,1,,1284f9141657400869b7eaef1ce7a19eb6fdf6e26e34509f819c6e0920dfd135,
2025-11-14,2025,2025-11,https://data.gdeltproject.org/gkg/20251114.gkg.csv.zip,https://data.gdeltproject.org/gkg/20251114.gkg.csv.zip,9573e95dd774a955b24bf10e2e052463746ad5cc623afa047b0c6ffe231b4baf,c83b8aa929be54d08e0e8dc31006f63a,35242842,92300,1,1.0834118806946836e-05,102522,503,500,AVAILABLE_VALID_CACHE,1,c83b8aa929be54d08e0e8dc31006f63a,35242842,1,,1284f9141657400869b7eaef1ce7a19eb6fdf6e26e34509f819c6e0920dfd135,
2025-11-15,2025,2025-11,https://data.gdeltproject.org/gkg/20251115.gkg.csv.zip,https://data.gdeltproject.org/gkg/20251115.gkg.csv.zip,9c42d028a953dff85ca21e27c88ce72ecea9782c2396fc4a2bb98e9e184bab83,518534ca77b22fdc4c2c63bd16eae85e,22340746,57866,1,1.7281006445815405e-05,62111,503,500,AVAILABLE_VALID_CACHE,1,518534ca77b22fdc4c2c63bd16eae85e,22340746,1,,1284f9141657400869b7eaef1ce7a19eb6fdf6e26e34509f819c6e0920dfd135,
2025-11-16,2025,2025-11,https://data.gdeltproject.org/gkg/20251116.gkg.csv.zip,https://data.gdeltproject.org/gkg/20251116.gkg.csv.zip,a28c619bce9e531c9d6ed72c0670544c2e5bf5fadde51dc416721d1c4d950007,7aea686c5f3401e1e8bbf7be14f436ba,18048130,46344,1,2.157730067968497e-05,49286,503,500,AVAILABLE_VALID_CACHE,1,7aea686c5f3401e1e8bbf7be14f436ba,18048130,1,,1284f9141657400869b7eaef1ce7a19eb6fdf6e26e34509f819c6e0920dfd135,
2025-11-17,2025,2025-11,https://data.gdeltproject.org/gkg/20251117.gkg.csv.zip,https://data.gdeltproject.org/gkg/20251117.gkg.csv.zip,8d22481b458c35b7eade62f3b064881f666f029289a6360074cd0be7e47f74d3,a1c33c4234a13caad5674cd56e5958ed,33710923,87213,1,1.1466049028825647e-05,95972,503,500,AVAILABLE_VALID_CACHE,1,a1c33c4234a13caad5674cd56e5958ed,33710923,1,,1284f9141657400869b7eaef1ce7a19eb6fdf6e26e34509f819c6e0920dfd135,
2025-11-18,2025,2025-11,https://data.gdeltproject.org/gkg/20251118.gkg.csv.zip,https://data.gdeltproject.org/gkg/20251118.gkg.csv.zip,3874a69b968dfe475058ccf56766df768a7f73105c1b3e089a85f419dc230967,cce099b1ad083b6949f20d7a23215ab9,36395930,94163,1,1.061976976339153e-05,105979,503,500,AVAILABLE_VALID_CACHE,1,cce099b1ad083b6949f20d7a23215ab9,36395930,1,,1284f9141657400869b7eaef1ce7a19eb6fdf6e26e34509f819c6e0920dfd135,
2025-11-19,2025,2025-11,https://data.gdeltproject.org/gkg/20251119.gkg.csv.zip,https://data.gdeltproject.org/gkg/20251119.gkg.csv.zip,3ad0b3954029397097c260b79198b6397542897bf50d6b7b65851894b25535fb,1689effeee9ade7f34f1fd8a1d1c2ea1,37843351,98316,1,1.0171180975823103e-05,109503,503,500,AVAILABLE_VALID_CACHE,1,1689effeee9ade7f34f1fd8a1d1c2ea1,37843351,1,,1284f9141657400869b7eaef1ce7a19eb6fdf6e26e34509f819c6e0920dfd135,
2025-11-20,2025,2025-11,https://data.gdeltproject.org/gkg/20251120.gkg.csv.zip,https://data.gdeltproject.org/gkg/20251120.gkg.csv.zip,bc6526ff7244cf6feae9c93c80f44c386814b849405d6144d2000e66f1fb1c8b,78f8484e059555ef5ec2d56c355a8e5e,38846796,99923,1,1.0007605780393099e-05,112612,503,500,AVAILABLE_VALID_CACHE,1,78f8484e059555ef5ec2d56c355a8e5e,38846796,1,,1284f9141657400869b7eaef1ce7a19eb6fdf6e26e34509f819c6e0920dfd135,
2025-11-21,2025,2025-11,https://data.gdeltproject.org/gkg/20251121.gkg.csv.zip,https://data.gdeltproject.org/gkg/20251121.gkg.csv.zip,2c70ddcf86f561822eb62242876385304b91a2e1c13abee0a0bc9cdec92a655d,0e7aa5c754723cf0518b63487b4910fa,36177244,92049,1,1.0863661053775122e-05,103540,503,500,AVAILABLE_VALID_CACHE,1,0e7aa5c754723cf0518b63487b4910fa,36177244,1,,1284f9141657400869b7eaef1ce7a19eb6fdf6e26e34509f819c6e0920dfd135,
2025-11-22,2025,2025-11,https://data.gdeltproject.org/gkg/20251122.gkg.csv.zip,https://data.gdeltproject.org/gkg/20251122.gkg.csv.zip,f996a80889c52e1ebf07700bc2ddc2cedbd071101d4cef286d6f87773b86114d,898e6e94739d3c69f01f6dbf41e9e775,21677136,55197,1,1.8116598427479256e-05,60795,503,500,AVAILABLE_VALID_CACHE,1,898e6e94739d3c69f01f6dbf41e9e775,21677136,1,,1284f9141657400869b7eaef1ce7a19eb6fdf6e26e34509f819c6e0920dfd135,
2025-11-23,2025,2025-11,https://data.gdeltproject.org/gkg/20251123.gkg.csv.zip,https://data.gdeltproject.org/gkg/20251123.gkg.csv.zip,3136a34538f4fd759d95461bcdf2952798ff638ab04ee30ecdd0fc0eb22df852,9833ea454ed2a82ee949035f78974c5c,18160973,46089,1,2.1696680407897593e-05,50595,503,500,AVAILABLE_VALID_CACHE,1,9833ea454ed2a82ee949035f78974c5c,18160973,1,,1284f9141657400869b7eaef1ce7a19eb6fdf6e26e34509f819c6e0920dfd135,
2025-11-24,2025,2025-11,https://data.gdeltproject.org/gkg/20251124.gkg.csv.zip,https://data.gdeltproject.org/gkg/20251124.gkg.csv.zip,a79fbd0b1af0470fc5c9d72311bd44ca89b148c1f538197fdfa752b16c990dab,cf395e8cb1c058bdc78475560554e850,31875273,82964,1,1.205327547761104e-05,92018,503,500,AVAILABLE_VALID_CACHE,1,cf395e8cb1c058bdc78475560554e850,31875273,1,,1284f9141657400869b7eaef1ce7a19eb6fdf6e26e34509f819c6e0920dfd135,
2025-11-25,2025,2025-11,https://data.gdeltproject.org/gkg/20251125.gkg.csv.zip,https://data.gdeltproject.org/gkg/20251125.gkg.csv.zip,f22aba1641b2c85f8c44818db1541c3019f5305c1ea8d0f0c1d8092ef6150e4e,a2f53c89afc3e34bcb580644a51c649d,35885798,93128,1,1.0737793812883205e-05,103501,503,500,AVAILABLE_VALID_CACHE,1,a2f53c89afc3e34bcb580644a51c649d,35885798,1,,1284f9141657400869b7eaef1ce7a19eb6fdf6e26e34509f819c6e0920dfd135,
2025-11-26,2025,2025-11,https://data.gdeltproject.org/gkg/20251126.gkg.csv.zip,https://data.gdeltproject.org/gkg/20251126.gkg.csv.zip,d573694b64cc3adf112378a2988652d04d98d9e20dc497c3c88336b9870b1acb,797d460ba2ec614c87b20ad3c8345a83,36208241,93799,1,1.0660980810234541e-05,104230,503,500,AVAILABLE_VALID_CACHE,1,797d460ba2ec614c87b20ad3c8345a83,36208241,1,,1284f9141657400869b7eaef1ce7a19eb6fdf6e26e34509f819c6e0920dfd135,
2025-11-27,2025,2025-11,https://data.gdeltproject.org/gkg/20251127.gkg.csv.zip,https://data.gdeltproject.org/gkg/20251127.gkg.csv.zip,9b355e0cbb7a0a61be566d5f628d186fc736ccccacbccd9604a477c9990bc05c,26c2275461b687b70282f39bd5a98ca6,29054398,76172,1,1.312801123757762e-05,81513,503,500,AVAILABLE_VALID_CACHE,1,26c2275461b687b70282f39bd5a98ca6,29054398,1,,1284f9141657400869b7eaef1ce7a19eb6fdf6e26e34509f819c6e0920dfd135,
2025-11-28,2025,2025-11,https://data.gdeltproject.org/gkg/20251128.gkg.csv.zip,https://data.gdeltproject.org/gkg/20251128.gkg.csv.zip,75f4d81e42f0f9faf7d553678572eb861c38bce9b4e2cd388c787f41d54a479e,4da7469b3c5a453ebd8cb572e47734f5,27819100,71950,1,1.3898347486483857e-05,77863,503,500,AVAILABLE_VALID_CACHE,1,4da7469b3c5a453ebd8cb572e47734f5,27819100,1,,1284f9141657400869b7eaef1ce7a19eb6fdf6e26e34509f819c6e0920dfd135,
2025-11-29,2025,2025-11,https://data.gdeltproject.org/gkg/20251129.gkg.csv.zip,https://data.gdeltproject.org/gkg/20251129.gkg.csv.zip,b68c012767bb87e5fe9e595935a17f63f3f93a8220f72142d109b1fda47b3597,d1dc2da48edd173c3674fa869acdd68e,20024811,50203,1,1.9918731575173292e-05,54904,503,500,AVAILABLE_VALID_CACHE,1,d1dc2da48edd173c3674fa869acdd68e,20024811,1,,1284f9141657400869b7eaef1ce7a19eb6fdf6e26e34509f819c6e0920dfd135,
2025-11-30,2025,2025-11,https://data.gdeltproject.org/gkg/20251130.gkg.csv.zip,https://data.gdeltproject.org/gkg/20251130.gkg.csv.zip,91f3e731e99eb563fac2de72f77ce1e7255d7ad3dbeac5be6b403440ae1cc2d1,eb172a09f9c854e1b460534e6b06c594,16618510,42659,1,2.344116268166901e-05,46107,503,500,AVAILABLE_VALID_CACHE,1,eb172a09f9c854e1b460534e6b06c594,16618510,1,,1284f9141657400869b7eaef1ce7a19eb6fdf6e26e34509f819c6e0920dfd135,
2025-12-01,2025,2025-12,https://data.gdeltproject.org/gkg/20251201.gkg.csv.zip,https://data.gdeltproject.org/gkg/20251201.gkg.csv.zip,50a403ed5058c4542bc7edee53a1da3ea496d04c0e1bd07bac37326044ad984c,a1b51a2275c121f851449679c9cec154,30838963,80200,1,1.2468672460443137e-05,89851,503,500,AVAILABLE_VALID_CACHE,1,a1b51a2275c121f851449679c9cec154,30838963,1,,1284f9141657400869b7eaef1ce7a19eb6fdf6e26e34509f819c6e0920dfd135,
2025-12-02,2025,2025-12,https://data.gdeltproject.org/gkg/20251202.gkg.csv.zip,https://data.gdeltproject.org/gkg/20251202.gkg.csv.zip,0608edf5ed472d81588b65cf36b1040b102a2eea61643baf2610fbd28b12daa1,d64fd0a8a69954adb2704d950db379dc,34917295,90361,1,1.1066598791527411e-05,101165,503,500,AVAILABLE_VALID_CACHE,1,d64fd0a8a69954adb2704d950db379dc,34917295,1,,1284f9141657400869b7eaef1ce7a19eb6fdf6e26e34509f819c6e0920dfd135,
2025-12-03,2025,2025-12,https://data.gdeltproject.org/gkg/20251203.gkg.csv.zip,https://data.gdeltproject.org/gkg/20251203.gkg.csv.zip,a35a1b39c6a260c70d752f380dc2ab55803284c9e41e30c42b8096ce394148cc,20e7b75278105c9721b3f753196040d7,36435346,94064,1,1.0630946685802371e-05,104034,503,500,AVAILABLE_VALID_CACHE,1,20e7b75278105c9721b3f753196040d7,36435346,1,,1284f9141657400869b7eaef1ce7a19eb6fdf6e26e34509f819c6e0920dfd135,
2025-12-04,2025,2025-12,https://data.gdeltproject.org/gkg/20251204.gkg.csv.zip,https://data.gdeltproject.org/gkg/20251204.gkg.csv.zip,832f60d481504cacccf0b9f0dae354e608d832f04172fc2adf06dfd2250f3828,58ef20496a92f8ec41f22c480ecacea5,35592403,92137,1,1.0853285289457119e-05,101909,503,500,AVAILABLE_VALID_CACHE,1,58ef20496a92f8ec41f22c480ecacea5,35592403,1,,1284f9141657400869b7eaef1ce7a19eb6fdf6e26e34509f819c6e0920dfd135,
2025-12-05,2025,2025-12,https://data.gdeltproject.org/gkg/20251205.gkg.csv.zip,https://data.gdeltproject.org/gkg/20251205.gkg.csv.zip,c165f3cff78248ec3f78b63c49347a81a8a842d74bb59dec8de5aaf7fa5fb4ef,3b69330f366745f17da0d89d369af6bb,33858474,88211,1,1.1336326123429919e-05,99181,503,500,AVAILABLE_VALID_CACHE,1,3b69330f366745f17da0d89d369af6bb,33858474,1,,1284f9141657400869b7eaef1ce7a19eb6fdf6e26e34509f819c6e0920dfd135,
2025-12-06,2025,2025-12,https://data.gdeltproject.org/gkg/20251206.gkg.csv.zip,https://data.gdeltproject.org/gkg/20251206.gkg.csv.zip,fb70464e8d4c60ad4b75773665f63e57c3215f75ed4269c094263120117530e7,ff5a4a0ef61bbbdbdc06e760348cd3af,19719935,50944,1,1.962901167926195e-05,54954,503,500,AVAILABLE_VALID_CACHE,1,ff5a4a0ef61bbbdbdc06e760348cd3af,19719935,1,,1284f9141657400869b7eaef1ce7a19eb6fdf6e26e34509f819c6e0920dfd135,
2025-12-07,2025,2025-12,https://data.gdeltproject.org/gkg/20251207.gkg.csv.zip,https://data.gdeltproject.org/gkg/20251207.gkg.csv.zip,29f9e3956a9400cee4fbbaecdf932108ce7f714be5aa41e25b67db65a7c0bc19,24329617f099dbd029e6689d6f9009bf,16328380,43014,1,2.324770428920144e-05,46580,503,500,AVAILABLE_VALID_CACHE,1,24329617f099dbd029e6689d6f9009bf,16328380,1,,1284f9141657400869b7eaef1ce7a19eb6fdf6e26e34509f819c6e0920dfd135,
2025-12-08,2025,2025-12,https://data.gdeltproject.org/gkg/20251208.gkg.csv.zip,https://data.gdeltproject.org/gkg/20251208.gkg.csv.zip,cb96e18727590e87514a72c53983db26d685791f7dca242c78c02deba0dc093e,b9a81180b6fb67397eb9489c98d99c23,30676303,79280,1,1.2613362596334557e-05,87099,503,500,AVAILABLE_VALID_CACHE,1,b9a81180b6fb67397eb9489c98d99c23,30676303,1,,1284f9141657400869b7eaef1ce7a19eb6fdf6e26e34509f819c6e0920dfd135,
2025-12-09,2025,2025-12,https://data.gdeltproject.org/gkg/20251209.gkg.csv.zip,https://data.gdeltproject.org/gkg/20251209.gkg.csv.zip,f05fb2f7d41c7f4c6f1dbea89cd5f3fbd70e0b746d43a82e80d492583a4a5db9,d553ff0731c90eb1c49edf86d3c14245,35307628,91337,1,1.094834570496398e-05,101403,503,500,AVAILABLE_VALID_CACHE,1,d553ff0731c90eb1c49edf86d3c14245,35307628,1,,1284f9141657400869b7eaef1ce7a19eb6fdf6e26e34509f819c6e0920dfd135,
2025-12-10,2025,2025-12,https://data.gdeltproject.org/gkg/20251210.gkg.csv.zip,https://data.gdeltproject.org/gkg/20251210.gkg.csv.zip,2cb340c0bb1374382fad7da4044dbc07563653e70eb33adde5895533ab98b5d3,88e723c25a14628915d310e84ebc54ff,35419553,92355,1,1.0827666854346225e-05,103038,503,500,AVAILABLE_VALID_CACHE,1,88e723c25a14628915d310e84ebc54ff,35419553,1,,1284f9141657400869b7eaef1ce7a19eb6fdf6e26e34509f819c6e0920dfd135,
2025-12-11,2025,2025-12,https://data.gdeltproject.org/gkg/20251211.gkg.csv.zip,https://data.gdeltproject.org/gkg/20251211.gkg.csv.zip,48140bf9b397ca5f5f6fd3d78fc02af7f0666502609946a15a37ab122d271672,f3cb7c6d3988ef293f620bfcb5c9b1d1,36345424,92914,1,1.0762524888338805e-05,103418,503,500,AVAILABLE_VALID_CACHE,1,f3cb7c6d3988ef293f620bfcb5c9b1d1,36345424,1,,1284f9141657400869b7eaef1ce7a19eb6fdf6e26e34509f819c6e0920dfd135,
2025-12-12,2025,2025-12,https://data.gdeltproject.org/gkg/20251212.gkg.csv.zip,https://data.gdeltproject.org/gkg/20251212.gkg.csv.zip,4476a21fbabe886c97444343cc5587fe0759e597bb685d8f363cef74b4aa52bc,8a01f852d6f8f5162a04307e130728c6,33222311,85894,1,1.1642121194481635e-05,96355,503,500,AVAILABLE_VALID_CACHE,1,8a01f852d6f8f5162a04307e130728c6,33222311,1,,1284f9141657400869b7eaef1ce7a19eb6fdf6e26e34509f819c6e0920dfd135,
2025-12-13,2025,2025-12,https://data.gdeltproject.org/gkg/20251213.gkg.csv.zip,https://data.gdeltproject.org/gkg/20251213.gkg.csv.zip,de810d7deb0e387a502a49d2db131ef07bef3694690d10d262d398b0015889cb,a01ef1156a575f24e13f21136f859088,19600113,51333,1,1.9480266490045583e-05,57998,503,500,AVAILABLE_VALID_CACHE,1,a01ef1156a575f24e13f21136f859088,19600113,1,,1284f9141657400869b7eaef1ce7a19eb6fdf6e26e34509f819c6e0920dfd135,
2025-12-14,2025,2025-12,https://data.gdeltproject.org/gkg/20251214.gkg.csv.zip,https://data.gdeltproject.org/gkg/20251214.gkg.csv.zip,0ba539479aed3d428ff664fb8c2a40f805057758dd7fc278a2d5c4194afef613,bfc78366fb2acc1d84a002891d4a9872,17742733,44220,1,2.2613690328124646e-05,48170,503,500,AVAILABLE_VALID_CACHE,1,bfc78366fb2acc1d84a002891d4a9872,17742733,1,,1284f9141657400869b7eaef1ce7a19eb6fdf6e26e34509f819c6e0920dfd135,
2025-12-15,2025,2025-12,https://data.gdeltproject.org/gkg/20251215.gkg.csv.zip,https://data.gdeltproject.org/gkg/20251215.gkg.csv.zip,4b6bde0ed95976987e35c647280363c26f653ec26bf150b419bd3a819c34deb5,f44e115dd863f711bfdb77fceeb05486,33489720,83724,1,1.1943863839952224e-05,94598,503,500,AVAILABLE_VALID_CACHE,1,f44e115dd863f711bfdb77fceeb05486,33489720,1,,1284f9141657400869b7eaef1ce7a19eb6fdf6e26e34509f819c6e0920dfd135,
2025-12-16,2025,2025-12,https://data.gdeltproject.org/gkg/20251216.gkg.csv.zip,https://data.gdeltproject.org/gkg/20251216.gkg.csv.zip,17209ef3171bfbe658b16350229382410face4c6205628f6782a1fafb49580dc,3059fe09e0a33dc26a0a84e70a7a7520,35892689,91202,1,1.0964551604662128e-05,100161,503,500,AVAILABLE_VALID_CACHE,1,3059fe09e0a33dc26a0a84e70a7a7520,35892689,1,,1284f9141657400869b7eaef1ce7a19eb6fdf6e26e34509f819c6e0920dfd135,
2025-12-17,2025,2025-12,https://data.gdeltproject.org/gkg/20251217.gkg.csv.zip,https://data.gdeltproject.org/gkg/20251217.gkg.csv.zip,85203b5a0de8b3cf1f5fb9322e0511fed80f990637f6fc9c969ce9ff7aef0c9f,77ae8a4348b97c003ad88ea2bf3f50b3,36682867,94477,1,1.0584474692521011e-05,104316,503,500,AVAILABLE_VALID_CACHE,1,77ae8a4348b97c003ad88ea2bf3f50b3,36682867,1,,1284f9141657400869b7eaef1ce7a19eb6fdf6e26e34509f819c6e0920dfd135,
2025-12-18,2025,2025-12,https://data.gdeltproject.org/gkg/20251218.gkg.csv.zip,https://data.gdeltproject.org/gkg/20251218.gkg.csv.zip,67aca67a18acbfa81d9adfd06d0780da48e189db2539ff80ed5af2409db94c84,5bdb6f9444b8488ed2f94d1a52ea50a1,36963503,93015,1,1.0750838565408102e-05,102234,503,500,AVAILABLE_VALID_CACHE,1,5bdb6f9444b8488ed2f94d1a52ea50a1,36963503,1,,1284f9141657400869b7eaef1ce7a19eb6fdf6e26e34509f819c6e0920dfd135,
2025-12-19,2025,2025-12,https://data.gdeltproject.org/gkg/20251219.gkg.csv.zip,https://data.gdeltproject.org/gkg/20251219.gkg.csv.zip,3bc38ce32afc892db6ec0e6f5f9e0061b0e9033d194e05b436e21e62879bafee,d8a31e3bd949145451ac0df0165b2bba,34466369,87024,1,1.1490950876185005e-05,96694,503,500,AVAILABLE_VALID_CACHE,1,d8a31e3bd949145451ac0df0165b2bba,34466369,1,,1284f9141657400869b7eaef1ce7a19eb6fdf6e26e34509f819c6e0920dfd135,
2025-12-20,2025,2025-12,https://data.gdeltproject.org/gkg/20251220.gkg.csv.zip,https://data.gdeltproject.org/gkg/20251220.gkg.csv.zip,32d7904c9d53c5eb1995f83d0b79b38b0a994908df33c216448ddedda9b88561,cd2301766610f2436aad36223f1cf53e,19812374,50876,1,1.9655246968178154e-05,54543,503,500,AVAILABLE_VALID_CACHE,1,cd2301766610f2436aad36223f1cf53e,19812374,1,,1284f9141657400869b7eaef1ce7a19eb6fdf6e26e34509f819c6e0920dfd135,
2025-12-21,2025,2025-12,https://data.gdeltproject.org/gkg/20251221.gkg.csv.zip,https://data.gdeltproject.org/gkg/20251221.gkg.csv.zip,9d94f62823042621374732d2b91127ea310c0a5885c5166fb10a0dab9caf1a97,99475092ed7cfbd9d3a9819b8fc2b5ec,15990386,41200,1,2.4271255552049708e-05,44530,503,500,AVAILABLE_VALID_CACHE,1,99475092ed7cfbd9d3a9819b8fc2b5ec,15990386,1,,1284f9141657400869b7eaef1ce7a19eb6fdf6e26e34509f819c6e0920dfd135,
2025-12-22,2025,2025-12,https://data.gdeltproject.org/gkg/20251222.gkg.csv.zip,https://data.gdeltproject.org/gkg/20251222.gkg.csv.zip,43ed72e0a1c7c83694097820a7bfb10fe506edbdf4daf5f68f7f0c34ad254683,58e686680c1bf2e9e764cbc3f167832f,28800476,73267,1,1.3648523229786536e-05,80012,503,500,AVAILABLE_VALID_CACHE,1,58e686680c1bf2e9e764cbc3f167832f,28800476,1,,1284f9141657400869b7eaef1ce7a19eb6fdf6e26e34509f819c6e0920dfd135,
2025-12-23,2025,2025-12,https://data.gdeltproject.org/gkg/20251223.gkg.csv.zip,https://data.gdeltproject.org/gkg/20251223.gkg.csv.zip,27541053446f9bc4769d493b8b866be937811c302150b4888e5560d69f6aa753,ad1bca03374a658ed402adcbb7f6e211,30835872,79011,1,1.2656305371336e-05,87639,503,500,AVAILABLE_VALID_CACHE,1,ad1bca03374a658ed402adcbb7f6e211,30835872,1,,1284f9141657400869b7eaef1ce7a19eb6fdf6e26e34509f819c6e0920dfd135,
2025-12-24,2025,2025-12,https://data.gdeltproject.org/gkg/20251224.gkg.csv.zip,https://data.gdeltproject.org/gkg/20251224.gkg.csv.zip,79408de0cede95c20cc416257c624d882e36eb8193c71a271b90e39ad2a52731,970ed1af4fa91f3a0c0966c3354da402,26350646,66522,1,1.5032394810817312e-05,72147,503,500,AVAILABLE_VALID_CACHE,1,970ed1af4fa91f3a0c0966c3354da402,26350646,1,,1284f9141657400869b7eaef1ce7a19eb6fdf6e26e34509f819c6e0920dfd135,
2025-12-25,2025,2025-12,https://data.gdeltproject.org/gkg/20251225.gkg.csv.zip,https://data.gdeltproject.org/gkg/20251225.gkg.csv.zip,c635daec97d9a1bfb963f7c4c7964c78a9266f6b707ad4d09850583123591c49,9a83c407e04ff6e09051676577884e8d,16047361,41292,1,2.4217179667255952e-05,44799,503,500,AVAILABLE_VALID_CACHE,1,9a83c407e04ff6e09051676577884e8d,16047361,1,,1284f9141657400869b7eaef1ce7a19eb6fdf6e26e34509f819c6e0920dfd135,
2025-12-26,2025,2025-12,https://data.gdeltproject.org/gkg/20251226.gkg.csv.zip,https://data.gdeltproject.org/gkg/20251226.gkg.csv.zip,61cbe8d50eeb24c34df8e2f3273026d8176db0a1303c81388ac28686de5143bf,1d79dec313cc5ba8119306b389fbf91a,20298669,52491,1,1.905052198430237e-05,58348,503,500,AVAILABLE_VALID_CACHE,1,1d79dec313cc5ba8119306b389fbf91a,20298669,1,,1284f9141657400869b7eaef1ce7a19eb6fdf6e26e34509f819c6e0920dfd135,
2025-12-27,2025,2025-12,https://data.gdeltproject.org/gkg/20251227.gkg.csv.zip,https://data.gdeltproject.org/gkg/20251227.gkg.csv.zip,c5b8fd860931285d5bde6f30c6752c4563007a8ca052f231978d39090cd03e12,4360e0a250acf6006bf68781a8fb7b5f,16879945,42364,1,2.3604390416617492e-05,44740,503,500,AVAILABLE_VALID_CACHE,1,4360e0a250acf6006bf68781a8fb7b5f,16879945,1,,1284f9141657400869b7eaef1ce7a19eb6fdf6e26e34509f819c6e0920dfd135,
2025-12-28,2025,2025-12,https://data.gdeltproject.org/gkg/20251228.gkg.csv.zip,https://data.gdeltproject.org/gkg/20251228.gkg.csv.zip,a344a52fb23a15c58fb3517a5e58bcd0469de4c1f3f8ede22e3eae345a5e76e1,bf8cd82f49d30a523d0f2dbea46b85da,16303470,39998,1,2.500062501562539e-05,44117,503,500,AVAILABLE_VALID_CACHE,1,bf8cd82f49d30a523d0f2dbea46b85da,16303470,1,,1284f9141657400869b7eaef1ce7a19eb6fdf6e26e34509f819c6e0920dfd135,
2025-12-29,2025,2025-12,https://data.gdeltproject.org/gkg/20251229.gkg.csv.zip,https://data.gdeltproject.org/gkg/20251229.gkg.csv.zip,3604f3faec504ae67946ce10df6424f9e1730ee705e31c103614e513ccfbfbd4,d007dc5447862ee2a9456b0db6ca6128,25994481,65205,1,1.5336012023433427e-05,72059,503,500,AVAILABLE_VALID_CACHE,1,d007dc5447862ee2a9456b0db6ca6128,25994481,1,,1284f9141657400869b7eaef1ce7a19eb6fdf6e26e34509f819c6e0920dfd135,
2025-12-30,2025,2025-12,https://data.gdeltproject.org/gkg/20251230.gkg.csv.zip,https://data.gdeltproject.org/gkg/20251230.gkg.csv.zip,8a6322bf79368895e18ae04bc2b761dec0f322d42045aa28b84dad9ab5b9442e,a19b1edef4a663127d35cd331e3b8870,29080154,72910,1,1.3715351593038087e-05,79952,503,500,AVAILABLE_VALID_CACHE,1,a19b1edef4a663127d35cd331e3b8870,29080154,1,,1284f9141657400869b7eaef1ce7a19eb6fdf6e26e34509f819c6e0920dfd135,
2025-12-31,2025,2025-12,https://data.gdeltproject.org/gkg/20251231.gkg.csv.zip,https://data.gdeltproject.org/gkg/20251231.gkg.csv.zip,a89a3d0746765827caa2f0bdca73a1bb437cef2f369fe868dd667851e420ad04,614b9a837c241bfb59889251f03f8381,28645145,69977,1,1.4290205493154992e-05,76742,503,500,AVAILABLE_VALID_CACHE,1,614b9a837c241bfb59889251f03f8381,28645145,1,,1284f9141657400869b7eaef1ce7a19eb6fdf6e26e34509f819c6e0920dfd135,
