filename,catalog_md5,catalog_size_bytes
20130401.gkg.csv.zip,c8e40ee1b801408cbc52fa382539c46e,2822185
20130402.gkg.csv.zip,524e0fb0a19788698c0f48175424a793,3418872
20130403.gkg.csv.zip,7e38ea9cb0314731d829cc3d5c8ed2d5,3721890
20130404.gkg.csv.zip,5d476937113d6cb9ce6d0a672266a995,3613870
20130405.gkg.csv.zip,34846a96363eba01d07665d5b033f394,3431447
20130406.gkg.csv.zip,e31114e3621117cf6554f7093e383ac0,1956577
20130407.gkg.csv.zip,2f813c1bb102ca96017bfc7242c8adbc,2041785
20130408.gkg.csv.zip,6e49bb1d6f2f95739ae2f8fd18c60db3,3711229
20130409.gkg.csv.zip,e4a0d2c2acf34fa1112548194e023de7,3997616
20130410.gkg.csv.zip,a70383d35aad10f9466f0cc676541bb1,3876557
20130411.gkg.csv.zip,7f1cdf895cbea8513353e0ae93ed644a,3877527
20130412.gkg.csv.zip,2531ac20e7b323806e5c74cff9c87a86,3381890
20130413.gkg.csv.zip,e253f6187e8108a9f2029ac1236c0ff9,1969903
20130414.gkg.csv.zip,36eaf90e252e55ccea846bb250feb9f4,1904459
20130415.gkg.csv.zip,865d1e388a1ab38f4fe2a2cc36507408,3470778
20130416.gkg.csv.zip,6499c1a8c57d730a383c6f7ea28b990b,3142349
20130417.gkg.csv.zip,526eb389a1fde287dba80b0676d1e88d,3304165
20130418.gkg.csv.zip,1d08387312cbccbc9fc16f97aea7d674,3481182
20130419.gkg.csv.zip,31528677ee7a23b9fb93488c3a3d9fc2,2727488
20130420.gkg.csv.zip,2048d90cafd483b42cbb32cc6c6469cd,1659758
20130421.gkg.csv.zip,7537fe59b7295adff27714b0e42bb8f0,1783698
20130422.gkg.csv.zip,1b26704b999610d6b735707bdeed7e6d,3262981
20130423.gkg.csv.zip,3e87685962bddd42ccf103fd1455e973,3508028
20130424.gkg.csv.zip,73daf45c254b91554ff3e42ef1c7c69f,3382937
20130425.gkg.csv.zip,b09aedb287973e6721478e60656dabb3,3539841
20130426.gkg.csv.zip,b9b71d3ef305f434aca93f9089d77eb5,3127164
20130427.gkg.csv.zip,a9852a1704ecbe2912e8c97540c3ea58,1954197
20130428.gkg.csv.zip,59fb5b8996429123f23320016181fd91,1826762
20130429.gkg.csv.zip,7123995d6b405caec77418d94a232c44,3473304
20130430.gkg.csv.zip,c54222d363d3f4f007a14ed8c5112ab7,3574984
20130501.gkg.csv.zip,f7ab5778476601f7699b5c9c8f4e2fe0,2993626
20130502.gkg.csv.zip,71fa396282643d0fd5b1d53d3816d777,3517785
20130503.gkg.csv.zip,a73779c31fcfc4a974b26cbd69a4c57d,3273390
20130504.gkg.csv.zip,3d97d0c441580d5efe40a2c63f36d61f,1912417
20130505.gkg.csv.zip,01532a2db789c09459bab07812c27505,2013971
20130506.gkg.csv.zip,b4cf68f5b1ec4153d61eedc2bd9bdc53,3453949
20130507.gkg.csv.zip,bc7bf2201c9f7391c854fb620ce8c1b0,3929706
20130508.gkg.csv.zip,1dadf5db58f8317af5c49dde1db5283c,3712526
20130509.gkg.csv.zip,1dda286c595eef5de27065268483f7db,3524431
20130510.gkg.csv.zip,64c9186aba996cc5c66fee325bcbbb23,3208168
20130511.gkg.csv.zip,8927f74e7a6f575bcfceaa399827cb34,1864236
20130512.gkg.csv.zip,8759fac0e8db774b7a6af85cdf1cef07,2015428
20130513.gkg.csv.zip,1713c313e67d5563135f749034e54171,3358515
20130514.gkg.csv.zip,735d027c4beda2fa059d6dcc7359fca2,3654860
20130515.gkg.csv.zip,86e5a62dc28d350d39d6510715b76d75,3912865
20130516.gkg.csv.zip,e425e9e97ff6bce5415573372726965b,3709120
20130517.gkg.csv.zip,69051efe3942da2aca46ec043cd1b220,3300323
20130518.gkg.csv.zip,a81090311bbb472fbc65696145a2e93c,1828598
20130519.gkg.csv.zip,a9e7e039ed01ababd4f410d428cbc196,1967248
20130520.gkg.csv.zip,f72964e9fd50eeeb0456612d931bc87d,3414247
20130521.gkg.csv.zip,a79af1e000adab9fbcdee1cc47fc73be,3784941
20130522.gkg.csv.zip,123363ee94a0a2793e1fbb4530e7b49a,3835079
20130523.gkg.csv.zip,7585f05134ca40ecf762e96953cfd4dc,3624046
20130524.gkg.csv.zip,d3cdc0c1d3347dfc9d5078e87165eb7b,3306146
20130525.gkg.csv.zip,d598ab04396fd1096c5bd2a89673a774,1890812
20130526.gkg.csv.zip,648516469262888cf53510580b0348ea,1980844
20130527.gkg.csv.zip,f8b8910e3f9728a791a922063d31a5db,2859865
20130528.gkg.csv.zip,05ea6bb1d6f3c904b9a3ba4f494e4be4,3373112
20130529.gkg.csv.zip,2571b239b8354a796fd73ebaa2f0682b,3854899
20130530.gkg.csv.zip,cb8ab7cbc5b9d3d54d85cefad4b049cb,3605755
20130531.gkg.csv.zip,10bef38d97fdc5abb01286e967849417,3330034
20130601.gkg.csv.zip,552e0798703f71bf65aa6382761a311e,1980712
20130602.gkg.csv.zip,3155c6e7d0bed8ce4d29541864dc09a8,2026369
20130603.gkg.csv.zip,4544a60dc0a5507f00a68f136077b51d,3687161
20130604.gkg.csv.zip,9dee0448fd643132cc6ba1ffea08e9ae,3731785
20130605.gkg.csv.zip,6a27fdd7fda366781311940edb7ceb0e,3924617
20130606.gkg.csv.zip,0e73ca6b44b57f933e4da73ac8c919e7,3487710
20130607.gkg.csv.zip,310c3172beca766fd9ad48e569b1acd2,3425349
20130608.gkg.csv.zip,90b58663f5c412829fd02bb616bcfe53,1961484
20130609.gkg.csv.zip,4e5dcb97de5ee43a046af60089fa2eb8,2130612
20130610.gkg.csv.zip,1ceda49c10876aa8642b96d5b95890a0,3512301
20130611.gkg.csv.zip,0b4a1134499226426f1a3d84412e21ca,3780049
20130612.gkg.csv.zip,56948dc5ea0841f8c1c95351b6908c40,3929073
20130613.gkg.csv.zip,ffbc5af41edaa09b586859b9b7c5ab69,13944628
20130614.gkg.csv.zip,b3092bb7ce9ece7d7c4336edf2ef5bd0,12018179
20130615.gkg.csv.zip,9a19ad881a20b1952f62d0b2dbf5a39b,8253444
20130616.gkg.csv.zip,a21314f687336ebccd534abfaa14c710,8341766
20130617.gkg.csv.zip,590d8a50f1cbd140da30f2eaaac30e92,14105178
20130618.gkg.csv.zip,08b315347fd53251546f7ea80005825d,11634458
20130619.gkg.csv.zip,deb9e9a71db4fca6ccdb203f65f2c805,11575272
20130620.gkg.csv.zip,a59ab53d912d82a00bb9cbf0843f8e57,11927434
20130621.gkg.csv.zip,51424ee07d78125d4cba713e1cf3c14d,13503637
20130622.gkg.csv.zip,ee35e0f67a092a6673c1f9f108ff84c6,6944481
20130623.gkg.csv.zip,2e1d1efe7e8918679d453cf956bffdde,8556369
20130624.gkg.csv.zip,83451046b47b602946bedc075e48f5c1,10640830
20130625.gkg.csv.zip,eb249a6a2f763d1cf61ddf14bf5c7dcb,9613150
20130626.gkg.csv.zip,563d5448bd2f5e83a003f36c6cf2caab,14649285
20130627.gkg.csv.zip,e162f8e9c14c45257cb81f2e98ebf6b6,14770000
20130628.gkg.csv.zip,c4c78502e1fd2f39094503595338c122,13513978
20130629.gkg.csv.zip,f3a0ddc4514f5a0cae005e7379821429,7840140
20130630.gkg.csv.zip,16ecb7dd180a0e1782b56a675a08adfc,8704526
20130701.gkg.csv.zip,a6f2c282420e76a1daf4b2213cadaedd,15279238
20130702.gkg.csv.zip,cc35dbec04bee559fffeef5c62c0c77e,16093743
20130703.gkg.csv.zip,bfda9afd8731d408d9ea385039315f88,15557532
20130704.gkg.csv.zip,4b6ee034e90307ba4906cae930e82951,12542324
20130705.gkg.csv.zip,2d205aae221d08a5f781cf9159f56408,12593001
20130706.gkg.csv.zip,564207dc813f6ad729d8dffa840faaae,8238259
20130707.gkg.csv.zip,1ab4f36a43b97fa1854e20154f1253ae,8893935
20130708.gkg.csv.zip,d95a1729c3c9f4c7c7a6e32a2639aa97,15293865
20130709.gkg.csv.zip,0db920d25d00d0f19190668222c95d36,16163186
20130710.gkg.csv.zip,3b6682f049d211f5dac83283998f5ba1,15718383
20130711.gkg.csv.zip,215505f5db4e91b72d788411f15a2eed,15622040
20130712.gkg.csv.zip,a004f97864c0ac5dc2b925433e7060c3,14875312
20130713.gkg.csv.zip,2b3caeb0325f94a309a06d15b6a614a6,8737804
20130714.gkg.csv.zip,0736989dffc62cf8db4658d300f2fb7d,8978625
20130715.gkg.csv.zip,20744676f99da574baebc089340e0455,15407743
20130716.gkg.csv.zip,a2bcb703229f1f03f6238d1a3e4016d8,16651452
20130717.gkg.csv.zip,09c378b4e97dcc8e4d50dc00289b5486,18174631
20130718.gkg.csv.zip,04ef404bbec6268a38519b31f6f598a4,18381052
20130719.gkg.csv.zip,cb902030fa1326a0ad88cd2ebef68815,16540518
20130720.gkg.csv.zip,a654e97344dd7b63d565f5ee1e42ce6e,9584861
20130721.gkg.csv.zip,a3073934812a9c05619010eeeb2bcaf2,9666772
20130722.gkg.csv.zip,9e9e0c6a2b06dcc84a9db56bcfb08460,17073924
20130723.gkg.csv.zip,fb483c116804095acaf15de662d9e8d3,13967069
20130724.gkg.csv.zip,32205825e0e5859b0411d8533bb9445d,16636789
20130725.gkg.csv.zip,9ab3aeb8f427be39562a71cf17648546,17974747
20130726.gkg.csv.zip,ddcc56c16a2c6627691d5feda8afd982,16213149
20130727.gkg.csv.zip,c7e089d7465e3f7c8a0f75931a55fa23,9732985
20130728.gkg.csv.zip,864128d7abd1581d993d9b4a508b718b,9849156
20130729.gkg.csv.zip,a060316e24909f90b8255f4324f2e4df,16580955
20130730.gkg.csv.zip,f8ec0eccfe7bad00a5e79b2962de0de6,18060896
20130731.gkg.csv.zip,4904b43a1455f424bd7bb9f17a25aa9d,18023395
20130801.gkg.csv.zip,e5a276a25fcb46cc6ad5af499fddfa9a,18026011
20130802.gkg.csv.zip,dd8e1b3924701ca6482be58b673a4e82,15076249
20130803.gkg.csv.zip,fa39f0bcfadbb5193155f74951363942,10416278
20130804.gkg.csv.zip,f5334fed667362cb4cadd283303825a4,10450414
20130805.gkg.csv.zip,4eef6328a2064f806b4700840a5402a6,16895314
20130806.gkg.csv.zip,325ef51871fc31338a2f4832d0495b5f,19325099
20130807.gkg.csv.zip,6e41b00a094bd53a178d23e6068206ff,18762479
20130808.gkg.csv.zip,6ca025eacf97b6634dd41af2f426f196,18237795
20130809.gkg.csv.zip,9dbe9b01e3c2d54ac310ae546d310803,14965440
20130810.gkg.csv.zip,c51b8e45f5bd3af456f7a19dc3718fab,10710035
20130811.gkg.csv.zip,479afba9bdcb10126ee9be05926ed801,10266114
20130812.gkg.csv.zip,3622988222bc1549baba32ebffa9c7f2,17369135
20130813.gkg.csv.zip,2fa8b143dbf48f6f71372928b109c5e9,17974884
20130814.gkg.csv.zip,74014691796f51866157dba5029a7ecf,17890269
20130815.gkg.csv.zip,92f2a8e7dc4248d15b874aae6f4d8e36,16405583
20130816.gkg.csv.zip,71daa786122a1ca7a43a26c3aeeb8217,15850322
20130817.gkg.csv.zip,bb6e5b3444120e4cc272dee387205a32,9206616
20130818.gkg.csv.zip,95df38a4486a8fc4e0d909004b316f03,9914021
20130819.gkg.csv.zip,47d5c455c6c7390288087bbd13cde95f,17366557
20130820.gkg.csv.zip,c55162a6c52461d15174641a241bdf49,17447892
20130821.gkg.csv.zip,fc0e6832abec2456517fb53b917c5bba,18161432
20130822.gkg.csv.zip,ab221f3b7a86a4245cd57d7718a67c03,17547698
20130823.gkg.csv.zip,d6f78fffbbccea3eac49c66acfbc1d3e,16085108
20130824.gkg.csv.zip,b8a4a0e43dc9e9b90649baab534bcc78,9664748
20130825.gkg.csv.zip,13517dc45b993ab1bc66d1300a6c1a26,11774527
20130826.gkg.csv.zip,300004a64f37d7ab134a611c0dd1db01,18110453
20130827.gkg.csv.zip,2792598d59e0b6ed62837aaffd0c6549,19887367
20130828.gkg.csv.zip,1594c793860648b56d5fd136cd775c79,19963391
20130829.gkg.csv.zip,e294957bc7a163eb9b5fc12211e159ea,20409905
20130830.gkg.csv.zip,79fa89291060fe20aa4a69032f043188,19495185
20130831.gkg.csv.zip,a12e998dcc31103cede1a69016f20d0a,10900401
20130901.gkg.csv.zip,f8e47becd003cae6ebb4ef2ca8c9bccb,7036019
20130902.gkg.csv.zip,a874b2797570bfc2f67d05654de5f7d9,15497541
20130903.gkg.csv.zip,8da27f0b7610ea4460980ed7a8928791,18861170
20130904.gkg.csv.zip,83eb44dc3b93c933152945be92f4c8f9,23274959
20130905.gkg.csv.zip,10c001cfdd4ed5ef5c8e28b4a8257d7c,21343210
20130906.gkg.csv.zip,549ae00fa813cda67da1b6c5adcca115,19467152
20130907.gkg.csv.zip,62ff7d7b825ec2280b6af8b644fac7ad,11426222
20130908.gkg.csv.zip,e9ac949f133b047fc4c4cc45a14300eb,11339715
20130909.gkg.csv.zip,922e378b953a06403ed7011c27b2ed51,20070831
20130910.gkg.csv.zip,f802342851ecb33cc1cd954f37f728df,22098676
20130911.gkg.csv.zip,1708a5c2f8ac795d0c69e021577deefa,22288880
20130912.gkg.csv.zip,d0a1e37dbaf1a2f90b1808199ac055d3,18772753
20130913.gkg.csv.zip,8dac994bd7c5a58b959ece98266636ab,19736524
20130914.gkg.csv.zip,367a637a05896c0138e187b1ce673fa3,11605240
20130915.gkg.csv.zip,6d9963fd6d4992407bb667b2b7ccfacf,10086675
20130916.gkg.csv.zip,4b96eded5a197b118acb71e992d7058a,20413813
20130917.gkg.csv.zip,6fd3f5f4d69b3b236ab44f3b216d5c62,21613062
20130918.gkg.csv.zip,a97ecbabf318417819d8215c5ebae530,21278578
20130919.gkg.csv.zip,1ee8830a6a8b994c215734e20cdee608,20719922
20130920.gkg.csv.zip,40d34f3c4d67aa4216e0e7e61149ffd6,19069448
20130921.gkg.csv.zip,492a3502ec2147e619e47d05fb971251,11654567
20130922.gkg.csv.zip,c0c522163ba59e763602ef9272b2bc35,13192115
20130923.gkg.csv.zip,60c0292a9445390bc0f71753d973cdf5,21809780
20130924.gkg.csv.zip,74824d54da1cecf846c210934c677571,22222905
20130925.gkg.csv.zip,67e2d5a3080f8aee5242602e5b0d7d4b,22430576
20130926.gkg.csv.zip,99a7cd3daa76842a932a925bd05f9920,22216192
20130927.gkg.csv.zip,db11c1ff2e84d0604a488b6d31a66afd,19388555
20130928.gkg.csv.zip,27de1225df7f4d9aef53691c8501330c,11382471
20130929.gkg.csv.zip,dea7714ef2aaa93b977423ef0ca3cf9a,11900415
20130930.gkg.csv.zip,9ad0a08b9d45964a0bed46de6a185f06,21132366
20131001.gkg.csv.zip,08ae029205a29077b3254e5b8adf7ddf,21475587
20131002.gkg.csv.zip,df6b21e07430cecfe046e23c003fb900,20923155
20131003.gkg.csv.zip,a4fff5f37e264bd296a8ad5a5038aff2,5518977
20131004.gkg.csv.zip,aadec9b76e83b5e2371ee7ca1ac4fd55,17302962
20131005.gkg.csv.zip,25f6f606bc14c903fa1a97da5260e5d1,11826265
20131006.gkg.csv.zip,cea86853e7afc9ed38e2071fac77aa58,12400228
20131007.gkg.csv.zip,2d43e03fa2a1fffda287139d67d8e5cb,20343156
20131008.gkg.csv.zip,886d498acb72fe6c854a789ca317f174,21242925
20131009.gkg.csv.zip,526d18e44da0c4ab598b89e4f4e9fcc4,22048499
20131010.gkg.csv.zip,8713f7469fcb170c7a64c6519679cb8d,22081381
20131011.gkg.csv.zip,d32ee72920a767a53b12511bfc693132,19357493
20131012.gkg.csv.zip,c1abf42ca031ef6be21f7c029c3a36e5,11781199
20131013.gkg.csv.zip,ca154723a66d91cd8a10b794dc867a50,11390543
20131014.gkg.csv.zip,bccdc1983f2e68d2142ada68a3e24516,17910617
20131015.gkg.csv.zip,b4877d1e4d9c94146b39b4690dc92c54,20545429
20131016.gkg.csv.zip,5dbaaf620984ac5f2c51b4d3ab2cab5c,20712701
20131017.gkg.csv.zip,475597d71864a9924f6efdc704e080f0,20701267
20131018.gkg.csv.zip,ca9a69c815c203703e4a8d3bdd5777db,19495606
20131019.gkg.csv.zip,5d2516132dda2b6e1851c67f1716811f,11413624
20131020.gkg.csv.zip,641ca11e8962a1694314dd94916549fc,11685199
20131021.gkg.csv.zip,f9507c165c669f48d21dd9e4e83e91c3,8405506
20131022.gkg.csv.zip,2e945ffc98e310ee5513bc5460878aee,21362125
20131023.gkg.csv.zip,3fd5414b5853ce89e7e05166be062b8f,19518612
20131024.gkg.csv.zip,b9a2ae956bbcbec9e66325cfcc026c33,20454550
20131025.gkg.csv.zip,da85f7fffcaa0c65b3fd9b860350412f,19211150
20131026.gkg.csv.zip,f2f4b4492cda99a9add67e84a7a87575,10579054
20131027.gkg.csv.zip,fbf90e9acbc6fd89ba22e799dd2450a7,11454839
20131028.gkg.csv.zip,aed418d777f89176fd868e9874abcefe,19943138
20131029.gkg.csv.zip,f2d4dd15c5d0756ae4f7b8f6cbff8dee,21115158
20131030.gkg.csv.zip,9fa4071aa39bb515a1a00f218a497df8,18580188
20131031.gkg.csv.zip,08f19da4366585069060108072aef28e,20683071
20131101.gkg.csv.zip,412adc03b1e265d2a2dfc4670c9cf547,16595704
20131102.gkg.csv.zip,ec19d04a84f750a7fb7b3425cff65404,10685000
20131103.gkg.csv.zip,638eed08008b6ec3c851c994d917375a,10021963
20131104.gkg.csv.zip,153bb5dd6a39fd9f857d2875f22ebd0c,12422381
20131105.gkg.csv.zip,2c557d6b632df374d3bc60b32a7c004b,18489517
20131106.gkg.csv.zip,521d4fc708b06ce8a488e7c2ef2b2514,19041157
20131107.gkg.csv.zip,cd5824441d16913303273660e2d7c3ba,19125855
20131108.gkg.csv.zip,b813e76f84628bb605476d380e766549,15013559
20131109.gkg.csv.zip,6ff5804b93ad2e6901c29ca3ef2c6c0b,11603771
20131110.gkg.csv.zip,97fb5d972e3f9beccf1dcd45ef6d5107,11701811
20131111.gkg.csv.zip,1c838524e9b94d149a04a1cdbec689cd,17317588
20131112.gkg.csv.zip,4ef3b907b8e02923af320b149715a278,20909392
20131113.gkg.csv.zip,15016636263571fa51b0ae5482d62dfc,21023478
20131114.gkg.csv.zip,e9b83cfb3e2c9ad14afce0f6150941dc,20506003
20131115.gkg.csv.zip,6bf45c3c45d2d3a78927f957a1082526,18297339
20131116.gkg.csv.zip,c817615a0fcccb366604728f655873aa,8013925
20131117.gkg.csv.zip,f261fcbcfff277e1f747bb27efaf8aa3,11174957
20131118.gkg.csv.zip,2e3fe912e6f786cba5dcc4f812620815,20379979
20131119.gkg.csv.zip,7025bed5220771206359a524c1975d10,21130735
20131120.gkg.csv.zip,ad3bcb1e4f823bc26e4d864ce194619c,21055587
20131121.gkg.csv.zip,fba0bb854dbdd3eaa9e7ca432c0dcea9,21145326
20131122.gkg.csv.zip,2064f866578f14102aeeb6a065469c9c,18363497
20131123.gkg.csv.zip,5126d05a99db996b5a2c2de4056b95ae,10155146
20131124.gkg.csv.zip,38c67b03b3835a2cbf1ad70fb1f649cd,11127084
20131125.gkg.csv.zip,9e4778c40b5a6f8778af67a772b9a8a0,19311412
20131126.gkg.csv.zip,a28310b241c44a8ae639d6672562439d,20521565
20131127.gkg.csv.zip,97a83b569ab51324ca806c28d706c395,19470947
20131128.gkg.csv.zip,98155180235b7214e5cf52388e353571,14672266
20131129.gkg.csv.zip,04cdbfce365793755183426ba349122a,14786199
20131130.gkg.csv.zip,b27fb1b695bd75319318574f1ff811a9,7636769
20131201.gkg.csv.zip,90bb481269ffb05407486f42fbd6c77e,1777737
20131202.gkg.csv.zip,eea4f25e4196ae2337bcec252f4b5212,3344842
20131203.gkg.csv.zip,02ad26a78e6e32e059f1fe1d0c3a9137,3464966
20131204.gkg.csv.zip,b2550c6a19ed4b5ba6dfb6fce9a80b3c,4774688
20131205.gkg.csv.zip,e28817a66e7eea58bcaff98de0607916,19203245
20131206.gkg.csv.zip,d8372a14408bc7e742a1e20357ccd967,17316728
20131207.gkg.csv.zip,6dc77cbd330eb8be72c326c955effb15,10136616
20131208.gkg.csv.zip,5477ba2a712fabc1253d6d3e424b1703,3850171
20131209.gkg.csv.zip,e02a999539fe180aebf1bb617be59f06,18244103
20131210.gkg.csv.zip,e91941e3fe645d3b287f6679c9b5c9e2,19259902
20131211.gkg.csv.zip,7c7ae722aef84e65cc64eae1c4fd8cb3,15315722
20131212.gkg.csv.zip,850dcad026fd9bbf14fa4ca58ee35ab6,19582712
20131213.gkg.csv.zip,c3d2ef3f12144ca9247840c0fc681812,17536254
20131214.gkg.csv.zip,5e6e50a07e96d32282d839c473387a1c,9374535
20131215.gkg.csv.zip,9169a1d3a047a912ad3b8f53f491d312,10547335
20131216.gkg.csv.zip,647519b118456ab12152aaab678a2c19,18688058
20131217.gkg.csv.zip,69a933439c82ee5a9a70b402f391cb97,19068178
20131218.gkg.csv.zip,72fed1275b0e16a8cc74c9a3ebe74057,16641849
20131219.gkg.csv.zip,b1f2bfe9393c0ca3d0d02dee88d4dd6f,18860705
20131220.gkg.csv.zip,fe7f10b89d74454c30a193524852eaa6,16894187
20131221.gkg.csv.zip,76e3b17dfcb44f89b668ac015b77589c,9598950
20131222.gkg.csv.zip,2bd6c40c900245fd5ffa8649bdbde2ef,9757504
20131223.gkg.csv.zip,822122cee3cf5faf656ac0ca5366c3a3,14940128
20131224.gkg.csv.zip,e4c424a01d1b890d68a75b98a69a8dc4,11904614
20131225.gkg.csv.zip,70c83549ddfcb5f86d066d34b6f22750,8795783
20131226.gkg.csv.zip,2a23d58b60bf620e2b5fd1e101b19376,12375964
20131227.gkg.csv.zip,9a4de32d4c543b3b9e18fb0f70e36d44,13066107
20131228.gkg.csv.zip,0fb5d1edc211f469b00a2e9746fbc62b,8193740
20131229.gkg.csv.zip,debc8695893947a8709f8bc8352ba6ad,8770222
20131230.gkg.csv.zip,ad59ae51a3321c3ffb74d63c91e18907,13835927
20131231.gkg.csv.zip,9c1aa8756d2f10b8ccf208effcf06ef8,12869520
20140101.gkg.csv.zip,5cf8e6d8dae7fa6e0802825c9bfa6230,9061067
20140102.gkg.csv.zip,a7f4713dcdf7b32a92a357a4b3def965,15382942
20140103.gkg.csv.zip,0d4c1ecbb4e60acefa881729b5d7dddf,14346396
20140104.gkg.csv.zip,47da3e1c1fc9ee03e5f3eff7d8d51ea0,8122262
20140105.gkg.csv.zip,aeeabfd80e309003a00168a73689e667,9785330
20140106.gkg.csv.zip,b1348dd971be4873e97a452858fc45fa,16455089
20140107.gkg.csv.zip,0bc783cc598e6b6723ab05015bca20aa,17494440
20140108.gkg.csv.zip,8517caae34d4de55240aca91e2a6c37b,18527763
20140109.gkg.csv.zip,4d2125c8b39a8536d32f332474291b26,18328627
20140110.gkg.csv.zip,704fee43b43b0dfc6d6f80d25314e63e,16486332
20140111.gkg.csv.zip,8ec68a77e701b763603c7b16f7635bd7,9959226
20140112.gkg.csv.zip,cd26ca76d9eeffb8638c0574daa9159f,10099717
20140113.gkg.csv.zip,48bce722edc156430a718c096e652762,15966244
20140114.gkg.csv.zip,e04379bae29bfcf6c598bc802ee12623,18452016
20140115.gkg.csv.zip,aaa64aadced1a4c46867dbc69ba73e51,19594891
20140116.gkg.csv.zip,bcb95b9c0af31577d9c49aab9404cf8b,19355105
20140117.gkg.csv.zip,c3abf93871d444241f2afb09ea9003c9,3041953
20140118.gkg.csv.zip,5c81e3b06910ccdae2e8b2058add97fc,1810605
20140119.gkg.csv.zip,a6ba3b0f67ba18ba457896fd20539d2e,1805522
20140120.gkg.csv.zip,7690c8bc692e953ec3256a7f78fbfe9b,2954275
20140121.gkg.csv.zip,0b7f8badcf74e789aa9911d1ea167fc4,3304084
20140122.gkg.csv.zip,88d873a2cdaa05f6cfd5963b4204a776,3486068
20140126.gkg.csv.zip,1d2c34af56ae8f16747f36c86d8115e9,7092395
20140127.gkg.csv.zip,b76f45d8250b0d4ff85404dae4db7f89,18205113
20140128.gkg.csv.zip,c80a677a02d74ac762620be6090a34b9,19606120
20140129.gkg.csv.zip,8d711e388755390e3de7bf7047031ea7,18017521
20140130.gkg.csv.zip,619450b6d6ebf46d9cee75f80dcc8952,15615744
20140131.gkg.csv.zip,4d01a8c5edd3b91bdb9be33adbc6eb7c,13447894
20140201.gkg.csv.zip,5baccdd44da060fa451a30b5b1faa0d7,8831513
20140202.gkg.csv.zip,ffc46da1e64885a9d371716cea5ac80d,9333532
20140203.gkg.csv.zip,f8e66c7b32e919a2036d5eda1c815cd2,16031199
20140204.gkg.csv.zip,a78936e338c804b69fd6b47af6e7cd52,17267434
20140205.gkg.csv.zip,7f7ed5ead732cd58c0b7bccbf335583a,17209481
20140206.gkg.csv.zip,982c4eb891f3e966e836c31d34ce4c9c,17190951
20140207.gkg.csv.zip,5bf70085cd6e63530d31eaf9bbcaf122,15369689
20140208.gkg.csv.zip,e451802c9d7f8a3173bd44527c7c364f,8693860
20140209.gkg.csv.zip,40e3952ff2a6e99d7e85477191a53506,9193431
20140210.gkg.csv.zip,bd68bc04e67b286f232f78dae819456d,16770087
20140211.gkg.csv.zip,81921288a2bd80a54370111e542663ec,17705421
20140212.gkg.csv.zip,f22ad187f357a3ddfdc831460b58f3ff,17846709
20140213.gkg.csv.zip,9c132794e3ba9bc6c5c3f802d6295ac5,17779689
20140214.gkg.csv.zip,6d2c29ab8cc4c23e5b06b3b2bad5a48a,16280254
20140215.gkg.csv.zip,2ea653346cbfaef006380689235ecdab,9036361
20140216.gkg.csv.zip,e624f1e17123da2350a9af20ef06ea92,8658943
20140217.gkg.csv.zip,046ed623fb8d8cba6fcb5761195957e2,16929591
20140218.gkg.csv.zip,18c39f855ea7aa32d5f0d2cbb8d51ff4,19297112
20140219.gkg.csv.zip,f919771a4bb55e874893dfb6680af49c,20339047
20140220.gkg.csv.zip,d41437542e2dd7c2c8d72d0748d27233,19482874
20140221.gkg.csv.zip,d619d7c5e2ba1e16768343c040839dbf,17736562
20140222.gkg.csv.zip,55b157384252eedc56550b5b3f68f5ff,10638310
20140223.gkg.csv.zip,e67e5070c123354035b53d9034fca297,10776023
20140224.gkg.csv.zip,dac6ad2285c8f7738052b1d67cd4bec5,18767430
20140225.gkg.csv.zip,e8904f531d9f0682342a73e891e7a8a8,19678908
20140226.gkg.csv.zip,07c052af23dce2dad5d05ee6d93d9a2d,19702166
20140227.gkg.csv.zip,55f90020265ffbef83e9ec5f701498f2,19035067
20140228.gkg.csv.zip,953c7e7d2bcffc3a9d8aaf6a47d7e310,18340803
20140301.gkg.csv.zip,20e759bba09023624587e9e5ba9aaf2a,11186645
20140302.gkg.csv.zip,8a46f768161d768ce82986180e127fcc,10569402
20140303.gkg.csv.zip,9c41480f5f77299d0050b1074144464b,16695794
20140304.gkg.csv.zip,8a557b72fc5aba4a42da7d18c8cc2a93,17347793
20140305.gkg.csv.zip,389f9d42f81a74a1a470d647f2259176,17675788
20140306.gkg.csv.zip,18f47b082401505c37f64bda2e20d1a4,17724249
20140307.gkg.csv.zip,b296f15b560c38e2e74ebbb4514c6c1f,15773688
20140308.gkg.csv.zip,62347fda0d4063df9aa267fba9f35bbc,10398465
20140309.gkg.csv.zip,74de838884379ebdbcfd0112c93978a0,9900072
20140310.gkg.csv.zip,e2a5cbd0db5e0655464369038e8be4f8,17349667
20140311.gkg.csv.zip,94f682080944401478d0821e15cec688,17844751
20140312.gkg.csv.zip,b4a9f7a3e2f1751ab4148ee93f282ec6,16274410
20140313.gkg.csv.zip,972bbeb54986f3ee275d896b736aca93,17577997
20140314.gkg.csv.zip,4640bb9545df352e155b0798ca6ce6ee,15951829
20140315.gkg.csv.zip,bb23e81cf13e4111038d7fc689f15df7,10154552
20140316.gkg.csv.zip,571bbe8fbb0f36ad51452c52a6b60036,10559030
20140317.gkg.csv.zip,0bba19afee2e2d389bb3e7b78fab3036,16531771
20140318.gkg.csv.zip,603f2cf56329435bd142acbf0c2314a1,17840088
20140320.gkg.csv.zip,6edcfce0797fa193ce765c8ba2281901,17814277
20140321.gkg.csv.zip,dc54dfb5fae65f986e752f61083ac94f,16822276
20140322.gkg.csv.zip,dd1d2d27114bac2ba8ad25196f78ea86,10042113
20140323.gkg.csv.zip,7666f8f2a77afa8ce33364275c165c26,10107003
20140324.gkg.csv.zip,ebd38b9a4a65819ced108ec615ecb4ac,16909784
20140325.gkg.csv.zip,06af1580bbc7d0da836b93a987c1fc6f,18440719
20140326.gkg.csv.zip,335b5f328221f5e4f4e95d0672282a49,17986514
20140327.gkg.csv.zip,86e6dd97050bb03e32b06f9e7c2c81af,17938578
20140328.gkg.csv.zip,bb6392c10887da2c4b44dbef8b70d1d4,16071240
20140329.gkg.csv.zip,7f9795d876232b31f746fb3e92e0cf0d,9609312
20140330.gkg.csv.zip,f98edcb30003a9f1d139e6f58bbab62b,8482490
20140331.gkg.csv.zip,f3ca2a602842f6047624bf4e1c350c61,16648254
20140401.gkg.csv.zip,8dea6344aa8a9fbbe3564f1a4ab67b9a,16481787
20140402.gkg.csv.zip,bf500737f2f4f7e87320f729ed0cc972,16227893
20140403.gkg.csv.zip,160dbacad63a7e8800042ef781ba2e09,16863621
20140404.gkg.csv.zip,1b253ed7c43406433742aac7ec243802,9345552
20140405.gkg.csv.zip,a95d2d68a4365763815b8494c2d1df6e,11235039
20140406.gkg.csv.zip,f23ee462e9297924d8e2d94b8276f4e1,10434001
20140407.gkg.csv.zip,4718589b3461d0fd80f9c5e682cb1578,17216052
20140408.gkg.csv.zip,dd29b406b7e3819600e6155b1bc9a497,18035650
20140409.gkg.csv.zip,20c06dce5287b4bf807f0b7993f85645,18884648
20140410.gkg.csv.zip,1820ae72cc57e4f07b7f90dccb445574,19207176
20140411.gkg.csv.zip,29d5357512fd7b77d672676cb5de93f4,16435602
20140412.gkg.csv.zip,8a7ca248a90f01964af3075556f7ca3d,9983624
20140413.gkg.csv.zip,7f1f525095970e58d953035866089eda,10189200
20140414.gkg.csv.zip,f6c4fe3ebd692ee67da3ad1724abcda8,17400019
20140415.gkg.csv.zip,9d327acf8b1f618ab4485dab227c1610,17741017
20140416.gkg.csv.zip,b70017e9d63c150c25c64775821a2163,17797777
20140417.gkg.csv.zip,5d9d5b4ad38b88e7eae409151ec68a9e,18661086
20140418.gkg.csv.zip,9fe0bc434e03a46b038abcd1f53bca11,14671453
20140419.gkg.csv.zip,6a9609c72b2a6063103e66812e2c1520,9582976
20140420.gkg.csv.zip,465bcb2921c61a0ac769b6d480a29ddf,9435417
20140421.gkg.csv.zip,d44a05bc8c813b6b3d30e0daec0fc78c,15587881
20140422.gkg.csv.zip,13913e375fc6f89d262286ca20d76ccd,18098283
20140423.gkg.csv.zip,65b43e9dd582762d38aa52c17c2a693e,19222293
20140424.gkg.csv.zip,91946d97e48c87877b198d07acd4ef50,16856256
20140425.gkg.csv.zip,af0c7d329a3657db4228cb33024d6f25,16186798
20140426.gkg.csv.zip,a17904bc7818111ebd3c4895e0fa9a08,9235593
20140427.gkg.csv.zip,e56b89e6b021d293753dcaaa9cbdf869,9628352
20140428.gkg.csv.zip,292774d390440984e5ad3638bd97e047,16735155
20140429.gkg.csv.zip,cb4b63054cbae6dd01d6b04794afba10,18001760
20140430.gkg.csv.zip,4e6eb93c13ff44ff312d7dd275e0bebc,17453341
20140501.gkg.csv.zip,b79b907da8218c59058ef8773bea53de,16477483
20140502.gkg.csv.zip,1e9e8a0fed3e3e27962329865b6f7c3c,15753776
20140503.gkg.csv.zip,91c9510ff156582fdb0ecde96139f3eb,9471262
20140504.gkg.csv.zip,1739173d2ce35de1b10dd2fca4b4b071,9559059
20140505.gkg.csv.zip,baa3b1aa291eb0d76cc7cdb458096f5e,16233279
20140506.gkg.csv.zip,330954a5705be7fb54549fb59ee7202a,17936387
20140507.gkg.csv.zip,5c35437788647b447a8960bdc430a573,17761814
20140508.gkg.csv.zip,67d198ad6875bab455f9a8468dbbd8f4,16939430
20140509.gkg.csv.zip,b21d34c1ce5d942cc888cab8f6688653,15495878
20140510.gkg.csv.zip,b830f5af1e607851507b0768eba97628,9337923
20140511.gkg.csv.zip,ae8e1a1073272c24c6c9fe5d90a3c3fe,9395549
20140512.gkg.csv.zip,2f0c2462434f12880a07a3e825fe5647,16510786
20140513.gkg.csv.zip,946a735eb4e9d27db70bc84abadbd2e1,17125262
20140514.gkg.csv.zip,2a4b912c308b5ccca224bafd24e6d549,17153739
20140515.gkg.csv.zip,2a2bdf56fb8b1a5fecd9feb7a077cea8,18214629
20140516.gkg.csv.zip,5e610743e12800bd14df918bc2171ffc,16123279
20140517.gkg.csv.zip,30bed2b8dbccc1af4956d6fb5ae100a6,9513002
20140518.gkg.csv.zip,5f3d445e8447fe12851938c1421b631b,9601752
20140519.gkg.csv.zip,3327f540551f58ee1c19dbd02f7eab44,16900689
20140520.gkg.csv.zip,89f9de07f8443263a846b8f2f82a5425,18028339
20140521.gkg.csv.zip,d881e87f9da27b3bde0af14678f0298b,17947582
20140522.gkg.csv.zip,450f5af566855a6af42deba754a7a8e4,17659818
20140523.gkg.csv.zip,52d93c1e0a83d0c14a3b842f8e731771,16052555
20140524.gkg.csv.zip,27ae121c4ca569a51f272c5c0df5be40,10055168
20140525.gkg.csv.zip,3cd1a8c3f28475f8bfef58f3631d4d62,10410181
20140526.gkg.csv.zip,3fc73b79b4f8cd71f2dc07d9cbfdef5d,13074531
20140527.gkg.csv.zip,26ed8377cd9ff836c879f0e94926b560,16466134
20140528.gkg.csv.zip,b3905cd075be17cb872088bc9737ab3c,17041431
20140529.gkg.csv.zip,75f3f2eea905b465a9540e915a9a8a7f,17120515
20140530.gkg.csv.zip,a803c8f297f0603b83e79546b146b891,15460058
20140531.gkg.csv.zip,eef82ef7f35f451015f67a0728e7f710,9378790
20140601.gkg.csv.zip,26e78e90dd226757e238c6194c641ed3,9233686
20140602.gkg.csv.zip,d2cabc56d9d0ee97ec721700a622f48e,16308660
20140603.gkg.csv.zip,cb8c8c76521f514be700158a86a8aa24,17596212
20140604.gkg.csv.zip,5d5029f0d60e348f8f54e28b6bd98690,17308021
20140605.gkg.csv.zip,40a469524063ccd8c3dfe7c7d80767aa,16854890
20140606.gkg.csv.zip,a7de0a0fbbff70761c586e21d857abcb,12110133
20140607.gkg.csv.zip,b7c195ddb9bbaceef02653bc62e129e0,8854926
20140608.gkg.csv.zip,50268152fbaeec8055ee1e348e764aff,9001660
20140609.gkg.csv.zip,9d2710e4d6a0ca548738b14a24223270,15114303
20140610.gkg.csv.zip,389e913de3c1c7b3a20ea036b3d46209,17053873
20140611.gkg.csv.zip,6835a34f40e663c3ad0b7cd073ea5c23,16651816
20140612.gkg.csv.zip,d2788bd3d84c6e3cda9d13f93aa780e0,15977406
20140613.gkg.csv.zip,f1dd73063ab288b4affb0570e343f5f8,14927934
20140614.gkg.csv.zip,2ad0052a715bd75717275f9432de047b,8819629
20140615.gkg.csv.zip,d7ade684b33b6cdd333e09b11b7728fe,9002666
20140616.gkg.csv.zip,b300cc5f4ff195f77bb72a3fdb0dfddd,15773660
20140617.gkg.csv.zip,54a878a5edb9e0521f736d06a4f66e67,16860922
20140618.gkg.csv.zip,30be0ffef14ac30ad9c600f085a02e88,16840384
20140619.gkg.csv.zip,d60accf49b48c00714af5720f8069402,16678026
20140620.gkg.csv.zip,2de34a81dc0c8b1507506a956147f8c4,16256902
20140621.gkg.csv.zip,740f047567d88d35081af47e2236f250,9930135
20140622.gkg.csv.zip,ab24b3a64ceaa746fdcf33ce7286c4ed,9900577
20140623.gkg.csv.zip,7f13758ef77b573ec2d1f6b0015591c2,16363448
20140624.gkg.csv.zip,c9924a67c26d80a03814e76e31ab6887,17138779
20140625.gkg.csv.zip,0a401802b348b0795f6d15caebfdf7e3,17478989
20140626.gkg.csv.zip,fbc93e3c18eea78d5d6661214a26885c,16669731
20140627.gkg.csv.zip,450e97e794e9757a4561bb3c451ee9f0,15189763
20140628.gkg.csv.zip,d0037fbc794fc22b0522ab682234780a,8744008
20140629.gkg.csv.zip,08f59366bc42fa2f4ebad06f2fcb339c,8879927
20140630.gkg.csv.zip,d0f05b2c9c1d60d303dcc31183e0c65f,15433824
20140701.gkg.csv.zip,fce63e5bd69fbf582ce4c1aa1c264867,16406610
20140702.gkg.csv.zip,aa2e6485e038a4b758877ccd401f4b60,16741927
20140703.gkg.csv.zip,9a3f4c4864e73af6e6a9dad2d94ae2ba,15931192
20140704.gkg.csv.zip,44bbf2b0213c40f3897bb2e91b029134,12056161
20140705.gkg.csv.zip,cd2b459b0e3aaa0be6b9e5aa3d23a21d,7964624
20140706.gkg.csv.zip,f69072da14032b969c4440530fd77620,9242735
20140707.gkg.csv.zip,97941477ca18d8301d52479db3c3c497,19133383
20140708.gkg.csv.zip,42e841d6ba78b36c67b35cb287097d72,17045844
20140709.gkg.csv.zip,d505cf6ae1ffbde4e9eb8cb70bd7b868,17157062
20140710.gkg.csv.zip,eb813b660198f55f56c06aacff3720d9,18192991
20140711.gkg.csv.zip,d51445ab61ad44276f2c98fe6d46d83e,26353102
20140712.gkg.csv.zip,1636315e21a992d7a1e9ce1da37f6d08,10788986
20140713.gkg.csv.zip,1244bf7321e8797d5d563bba6f050be9,10743529
20140714.gkg.csv.zip,132e1c7e3a5327f425daeeb9461e17a2,18126146
20140715.gkg.csv.zip,178211315b3c1f81864a7bcf3366877a,19671051
20140716.gkg.csv.zip,97d5345d2f83ac69d200afa6405b110b,20181248
20140717.gkg.csv.zip,5ca043258766a685994e2b748e56c203,20848682
20140718.gkg.csv.zip,5426b1548b4379a9b8c1b61532cfeffb,19592907
20140719.gkg.csv.zip,98c9a0eb1c99bad031aa31f99a4724ea,12198383
20140720.gkg.csv.zip,5431079d22ed3a0cdcf2cd49ff6e430b,11980646
20140721.gkg.csv.zip,610c941307cdadb161c54b9491a47e7b,19175021
20140722.gkg.csv.zip,f0f48d37748d28dd65768fd280202f9f,19899033
20140723.gkg.csv.zip,f56b0050655ad4a706d115cab5c38187,20629415
20140724.gkg.csv.zip,9ff81cd00fb9f8d21d741783ba84cd4a,21367084
20140725.gkg.csv.zip,1ad77421b0a7747a18f1d65273be6b4d,18959640
20140726.gkg.csv.zip,651fba07b187f76b87617f2afc48fa90,11408373
20140727.gkg.csv.zip,ae3c394f94bbafc0c6680bf85f7df000,10830418
20140728.gkg.csv.zip,46d53f795f38b73c3b01242a6183618d,18396043
20140729.gkg.csv.zip,d0225de7e4280a788152524ee6f1d6eb,19021228
20140730.gkg.csv.zip,e729b717c7fd4c51dcf2301e732659ab,19032253
20140731.gkg.csv.zip,46598e914d105e20cd32595c1262d21a,19493508
20140801.gkg.csv.zip,989c95412b15bfe3aafa303d5a123bc8,18088607
20140802.gkg.csv.zip,a56b5c36f19403797b3deb451cc03283,11088728
20140803.gkg.csv.zip,817af42859e0a18e1c453abde70de3fd,11276218
20140804.gkg.csv.zip,0642ca5dc7eec642a481aa1502afddbf,19122186
20140805.gkg.csv.zip,5fa88259c6c151339c5fda0cb4319e11,20608996
20140806.gkg.csv.zip,72aeab4cf5e405735aa2fa000748656a,20203068
20140807.gkg.csv.zip,9a49dabc3c8b33646fce5be6005f2061,19947283
20140808.gkg.csv.zip,704356f9d7bfde08793cfb77dc099c12,18228676
20140809.gkg.csv.zip,ca058886d6c459d015e7835a55be6768,11550409
20140810.gkg.csv.zip,ea92a784979f5a20016deeaafd48f0c1,11398402
20140811.gkg.csv.zip,a83bea862d7c67aa46f44b6ccf41f239,16729235
20140812.gkg.csv.zip,ff0cebc7ce9cd490180b812af5874c2b,19109058
20140813.gkg.csv.zip,b0731c883b28fbea801c194a3bd0e30d,19957582
20140814.gkg.csv.zip,b0bf31c8ed3a6d618c3ff6cc33b5d821,19498385
20140815.gkg.csv.zip,0330f83ec5be0f0fb2faf1c45d968aca,17679972
20140816.gkg.csv.zip,ddd749efa1297ce6075d20424241ccfc,10561376
20140817.gkg.csv.zip,20a76b4a7567ff9768ff617a029818aa,10953474
20140818.gkg.csv.zip,da72409c98d1314351b3ff270c8382ed,18662469
20140819.gkg.csv.zip,6cbaffb5a405914ceb708c2372da4cf4,19693052
20140820.gkg.csv.zip,86a31c9f5a5bc94ab58e8f916d2e14e2,19774481
20140821.gkg.csv.zip,d4369c0148f5bfaed5903c76635f0464,19144416
20140822.gkg.csv.zip,e4e0f2d52ff5e9d752c77bd707eaf804,17802688
20140823.gkg.csv.zip,848d1d47cd7d3870386ed1aefc0b3294,10964724
20140824.gkg.csv.zip,54a4c3726b89fef03b20ba9d14cbf3f5,11862068
20140825.gkg.csv.zip,dae8d1bd419b1f28c7a4e7bf544152ef,18511853
20140826.gkg.csv.zip,38cc9f68733dfaf36ba537f10b3c6979,20014896
20140827.gkg.csv.zip,df7252ac2846b2b79c64a3f94fa317f4,20312705
20140828.gkg.csv.zip,e7ab77c3ae65c2b921017c18c506f01f,20240235
20140829.gkg.csv.zip,26920090c24d8cedf326e948ec3d945a,16682573
20140830.gkg.csv.zip,44431ac6ef8184d40ed342f12cc0ebb2,12037047
20140831.gkg.csv.zip,e286802b27071c52b728c168ab07b2cd,11594058
20140901.gkg.csv.zip,5207f539cb2f7e018e687172f2a2e459,15565805
20140902.gkg.csv.zip,1815a823052cedae8ee0dccc4cb486e0,19815772
20140903.gkg.csv.zip,ab1048eb2ed6b2d4df695a2067b03f9e,21425092
20140904.gkg.csv.zip,5ee8346b32f5fa098dd37e68214bf0c1,20888521
20140905.gkg.csv.zip,379fb785cf5c7004f178bac79bd8fc3f,19077893
20140906.gkg.csv.zip,7e1a96135d710911ba9fc1fd9c6d7458,11510511
20140907.gkg.csv.zip,1dfdb28fabef4db043d630a3fc079a4b,11202171
20140908.gkg.csv.zip,b09dc8ce42d98a54a4b3c487099cecb6,19624484
20140909.gkg.csv.zip,cd3d19486e4e4a084fb15988454d9a06,20853306
20140910.gkg.csv.zip,bfec796eec6320345ea39a0e68d6c858,21835049
20140911.gkg.csv.zip,304a22bc75288846cc83235593c13428,21815237
20140912.gkg.csv.zip,772fac8180453edc0c778ba5f74d7f3b,19588708
20140913.gkg.csv.zip,7472e4729a26cbe38354cdef2841a6a2,11355416
20140914.gkg.csv.zip,37345b9ccbcfcf1a022c441f23a84882,11428587
20140915.gkg.csv.zip,3e938179358df129f9b5786e0e71cf83,20383917
20140916.gkg.csv.zip,5b1c44759d3ed20c065b4cd9afa975ca,20972978
20140917.gkg.csv.zip,f14a3cfba2040bcbf3ecd4de2bf9fa64,21443920
20140918.gkg.csv.zip,b77c643a46bb844df2044431df54ebcf,19718733
20140919.gkg.csv.zip,be22a6149c33445489cdfb93876e0501,19605692
20140920.gkg.csv.zip,b0c8b4ef078bf363df1cf55cd4fa8f0d,11820890
20140921.gkg.csv.zip,9cf35d9d0143f797d58df5d5976076d6,11329784
20140922.gkg.csv.zip,9a8afee868cc72c3258ad122bdce4584,19970988
20140923.gkg.csv.zip,16c8b82384de7101d3cc9140766b8e57,21916112
20140924.gkg.csv.zip,72b96c9c6d9b70c6e1ee82a87257c09d,21650587
20140925.gkg.csv.zip,584bb0456a14c71693e7cca180faabcc,20838897
20140926.gkg.csv.zip,68a394ccd050005ab3cd9d7065314d35,18896968
20140927.gkg.csv.zip,41a63c1211ca39f161eef7e654e86722,11362031
20140928.gkg.csv.zip,733b321b88e33ca850d6de03859f682d,11443810
20140929.gkg.csv.zip,5773e022d46ae506036594b89e76f00c,19785974
20140930.gkg.csv.zip,1a30dee987af67969e2e81b5c3399c97,20886389
20141001.gkg.csv.zip,bae86ef25e929449be26a0ca08fbcc48,21039396
20141002.gkg.csv.zip,9c95407ce843cae7d2d414ec2b3df59f,19265563
20141003.gkg.csv.zip,0e8673d0044723869c35ee209cc9901c,18953017
20141004.gkg.csv.zip,b9f2418db2d4ef8b5ef4a4b088ccf212,13486440
20141005.gkg.csv.zip,afda62f085702edfba7943791392de1e,13453148
20141006.gkg.csv.zip,f1d4b46544dd3b84702b6e7c75fff117,21517030
20141007.gkg.csv.zip,eb2e7e161e5dcd6eaf516f4f5a2d1685,24093427
20141008.gkg.csv.zip,270621ae9f13f281a7c82a06231ef501,25257458
20141009.gkg.csv.zip,1085fcf97389198d6b5fbab89fd44163,25545846
20141010.gkg.csv.zip,415fdb9eb0efb3ac208ccd4161e3f4fc,22904846
20141011.gkg.csv.zip,64a1f374cae4dc60c8aa280a061c0bba,13545427
20141012.gkg.csv.zip,2012dfd4ff5fcb1e5de65da84a0c7292,14441812
20141013.gkg.csv.zip,178b8c3d789a2b30782f6f5d271f4ff1,21408633
20141014.gkg.csv.zip,0af8a0a805e5776c37ca443fc87a3d4b,25717689
20141015.gkg.csv.zip,a61b74b176a11126af20580e0b37d641,28492323
20141016.gkg.csv.zip,b5c9d223783d4fc3fb40d42728e5981a,25041863
20141017.gkg.csv.zip,991ff9234e235508fab4d30e99b08dfc,23293007
20141018.gkg.csv.zip,602e1c3d895e4deea4d27285cb23bbcb,14303678
20141019.gkg.csv.zip,4636b0a6204655cf71b1eb5de8aa9fb1,13731227
20141020.gkg.csv.zip,18bbaa745f4bf86ed426ffc41c0d3ffb,22779360
20141021.gkg.csv.zip,92a68b7d6b8c306be8fc5ca6844f5095,24302370
20141022.gkg.csv.zip,3524e1b56a386e00f9d089b8896d23a6,24698254
20141023.gkg.csv.zip,4b3389f3862ac980faa4c014f99670ec,23702390
20141024.gkg.csv.zip,39ae3dcf93bee37619e4b6530e6322cb,22594696
20141025.gkg.csv.zip,d1033d78c51c7446721b26ba8b0758ad,13134614
20141026.gkg.csv.zip,0f22b117179f3503d5221e2cfeb44c4f,13319249
20141027.gkg.csv.zip,f24e898b77c7965233dcbf93b007c72a,22838853
20141028.gkg.csv.zip,5eaf6791be0d27e5a2c6f61f7116d72a,23939800
20141029.gkg.csv.zip,5da782a313cf303fe5bf74718864a966,24820343
20141030.gkg.csv.zip,326ef17c578fb59bce6e882d6f5ee7e9,24106231
20141031.gkg.csv.zip,9c74e11819b741eadc27162221d335a8,21960313
20141101.gkg.csv.zip,d3589ac853b4901b999fd10a4087101c,14160593
20141102.gkg.csv.zip,e08096a2586b7542c1dc733c838ffc43,14243704
20141103.gkg.csv.zip,3253ddbe6ca642c0e26a949f132f774b,22405671
20141104.gkg.csv.zip,844d016e620c4f9eba585243b89cda38,23713771
20141105.gkg.csv.zip,6f2f3308cd915bf50d8f5170c8aab114,27205794
20141106.gkg.csv.zip,b33f4c00033f6fb7bdcd47a0ae6e4363,24595665
20141107.gkg.csv.zip,aa766cb4cb71c89df6a8187cdee07127,22176790
20141108.gkg.csv.zip,00902af66916d032753448c1a37c0e3e,13415493
20141109.gkg.csv.zip,9ca88c195a935f6c609fe5907ed3ff5a,13348075
20141110.gkg.csv.zip,5b69e70830577a29fe4c2b01910ab56e,22805853
20141111.gkg.csv.zip,31e7e76723a2353f65e38f76685cdb0d,22854376
20141112.gkg.csv.zip,3797647574b6f481400d0269b9e828c0,24249882
20141113.gkg.csv.zip,76d42c8f74609f9e9e048df7ca40cba6,23706069
20141114.gkg.csv.zip,822f5b57d07bbf236ec4c16d1f2afe6f,21993092
20141115.gkg.csv.zip,a6c24e840fd39359b1fc9a6f4f8250b6,13111703
20141116.gkg.csv.zip,a49cae0f4c24676fe9a4e1f96d0236ba,13774011
20141117.gkg.csv.zip,500a2b9a26967c07e624bc819d67bff9,22382603
20141118.gkg.csv.zip,21b28f8eb29975025be01e1df2d18f2b,24213198
20141119.gkg.csv.zip,734e21727904da3df3d8a5ef837de66e,23646636
20141120.gkg.csv.zip,aed62a20832fe786d541708d1f2f9516,26090909
20141121.gkg.csv.zip,18980d62382a7303fc46150180524da9,22305502
20141122.gkg.csv.zip,67a4f6fed772d591f83e1ef246c9ac79,12986718
20141123.gkg.csv.zip,39a910a3bfee78b033584773db435208,13145582
20141124.gkg.csv.zip,e32f53075672d4da93d05f36059c02dd,21720491
20141125.gkg.csv.zip,40b8da20e19a9f44e7ff54a59fe656e1,22654864
20141126.gkg.csv.zip,ac6eaf3081e76bbf2dae8bbb5b4f72ed,22337837
20141127.gkg.csv.zip,b76607ac81fbed91186b8cf76417171e,17238041
20141128.gkg.csv.zip,70265254a474dfaa7c308571c4e6a868,17303238
20141129.gkg.csv.zip,19d07480b1f2b83b13994b21be700a69,12257566
20141130.gkg.csv.zip,eb1ec978ea851fd565653112647a1c60,12809892
20141201.gkg.csv.zip,45a5e4f0d237017993a8d89d0e7ac903,21397227
20141202.gkg.csv.zip,d8c5896e5d577d09869c40ab256f82d4,22931284
20141203.gkg.csv.zip,5f53432abe75c7c3f40127cd3b41d6cf,23939918
20141204.gkg.csv.zip,469e7159242744543f97686122be5c2f,23481245
20141205.gkg.csv.zip,6ab0a7ed67d09ea98c3ab45985d95909,21396183
20141206.gkg.csv.zip,0674ee5f4277c36fa9c73235fc7f3861,13816881
20141207.gkg.csv.zip,8ea5f667f07ff43b4977ddb7036c420d,13120898
20141208.gkg.csv.zip,09ef2b9f2ca6a4de7f3fdc8d0089e4b8,20427210
20141209.gkg.csv.zip,1af8a8b2776cc29ef2e6c6cd97ab8c28,23680604
20141210.gkg.csv.zip,1b5ecc51cf2e1d4be3c3f27bee8691e4,24547979
20141211.gkg.csv.zip,6463e293c34137abba3bd31b623c5106,23405976
20141212.gkg.csv.zip,ace5814501a244cdef47347c054bfcba,21699840
20141213.gkg.csv.zip,48b79acdc27d87a9da293f9c835b2bfb,12658917
20141214.gkg.csv.zip,0976d3ae8cdf9d888b406d2c63634cde,12959151
20141215.gkg.csv.zip,2c8f59aaae5640a6b0594f2444f90936,22728119
20141216.gkg.csv.zip,4375c5bcea2e9bede95a37e52deb471c,23538858
20141217.gkg.csv.zip,2bbc69c2eb7a68e527bcd3c0ea742465,23987352
20141218.gkg.csv.zip,3d29ba2f27187a8e47dfdd93f9e15873,23109732
20141219.gkg.csv.zip,46b6c983637b51efbe84573bec189304,20360253
20141220.gkg.csv.zip,f93373b0b7581e6105ac4044836b5130,12100038
20141221.gkg.csv.zip,7a5748718b36b794c908d45244d0668c,12302443
20141222.gkg.csv.zip,65ba7bac201c0b72f64ce7654d531bb4,20969689
20141223.gkg.csv.zip,a09f50a5e5e8af663dc0eda1425e290d,21192702
20141224.gkg.csv.zip,ecad208dff73a4cc8abdfb73e0829ee9,18214088
20141225.gkg.csv.zip,a850caf0a37d1c101fb59a19a4da7198,11800359
20141226.gkg.csv.zip,78886edb625ce44fc20945f3f77154b5,14202184
20141227.gkg.csv.zip,b22c7c6d3a19501dba48013ef1343bd2,11184843
20141228.gkg.csv.zip,178cc25a3a0853d2745897afb2f2b8f4,12632481
20141229.gkg.csv.zip,26aa1914dc78bb3fca528bdd9e8b65bf,20338801
20141230.gkg.csv.zip,6dde470e9b2bedc39ee958617873dafa,21091010
20141231.gkg.csv.zip,9e1035302c70217d69b8f222ce4045ba,18530963
20150101.gkg.csv.zip,275f9dd9f92c96880a7faafe0f54a145,13407388
20150102.gkg.csv.zip,3d83299acf46cb0a46b7d82f9684345b,17035142
20150103.gkg.csv.zip,571e59c22306132cd706c04c468696aa,12315059
20150104.gkg.csv.zip,77f66b3849891a700d6517fb99b1d3fd,12650030
20150105.gkg.csv.zip,188f8f99977978709f70d2c0a363aa62,21787794
20150106.gkg.csv.zip,b03ab9586d65ebeb0a58dde7261672ee,23126045
20150107.gkg.csv.zip,e8dec307dd72fa9e07f0fef3f72e8985,25423403
20150108.gkg.csv.zip,35134595ff18a09d5b770f85e75915b7,24697291
20150109.gkg.csv.zip,26ac8be2b339c0a215ff98621d254927,22635213
20150110.gkg.csv.zip,d8f2301b86352a617a0f8a0f4bd4326d,14873440
20150111.gkg.csv.zip,ca1019a69abded083ad511f38ede2892,15135439
20150112.gkg.csv.zip,17c4fea0805abcd4ea4acdb512745779,24698037
20150113.gkg.csv.zip,4d14313e314e9e9a3c0e1d0abe869737,25795568
20150114.gkg.csv.zip,bacefc288ab51bc7d6b54779967e774d,26401629
20150115.gkg.csv.zip,e6c2857cdeda17c71306b316b1204cc7,25645769
20150116.gkg.csv.zip,6ebc4a5bf3294b709021d2922948744d,24154350
20150117.gkg.csv.zip,a8f58ca7784498661fe5d52c6c482ba6,15484043
20150118.gkg.csv.zip,5ee1f27a0dabbd745b79c6188b60d5ee,15051768
20150119.gkg.csv.zip,b288d032a2a68e4330b865d55987ce10,22309386
20150120.gkg.csv.zip,fb34a9dcd4416d6c0815bc98958def1d,26506842
20150121.gkg.csv.zip,dc6820606c6589a7d621f5a43feb3226,26749839
20150122.gkg.csv.zip,d43cba09fa050c5ef0281297a8c165eb,26547251
20150123.gkg.csv.zip,6f57d389478851f00a4dc46454285df8,23715240
20150124.gkg.csv.zip,1e045b6707cf51ecf6c5bcc6653149a0,15465945
20150125.gkg.csv.zip,d432b4cf077b05261b1fdec4fcbe859e,15252631
20150126.gkg.csv.zip,2d7bed17210d34e45e5997a596a7de0a,23720284
20150127.gkg.csv.zip,e3622257a1c31902fcbd64d34d20bbf3,25616557
20150128.gkg.csv.zip,f316f44ecb1a211e6594a1f7ed9bb2f2,25346507
20150129.gkg.csv.zip,85c7a162206ba7a73f46c48154ba65ac,26216062
20150130.gkg.csv.zip,e3c077925124a1c74171911190419fdf,23121273
20150131.gkg.csv.zip,da79bb66ffb2395f44af7c22b011adf9,14096287
20150201.gkg.csv.zip,f4a46f238ec246907aaf2cc17b955788,13664515
20150202.gkg.csv.zip,88864478deb5a17bf2740b3f5c0753f3,22887826
20150203.gkg.csv.zip,b5360f5cd79da087d94af6df263ae720,24870822
20150204.gkg.csv.zip,a526722f8905c1bce64d2246a517f8ee,26088481
20150205.gkg.csv.zip,d1de8498191e37919ea26edb835bd602,24507942
20150206.gkg.csv.zip,5f69543910915035108a5f43dfc74b03,23661807
20150207.gkg.csv.zip,115bf377ca6d52e68af6b40ee16403d7,13848838
20150208.gkg.csv.zip,da3dc1b1bae2e3b22201e882f886b467,13378719
20150209.gkg.csv.zip,f73e6082ed2557cf3f13f16f4e4b1ad4,22874597
20150210.gkg.csv.zip,16c96f9c4740551de399ea2551f0b7f5,24409307
20150211.gkg.csv.zip,69ec9fda924ad0e80b3f759e95c6844d,25626942
20150212.gkg.csv.zip,64a1de17a372893d549a1cd13a614ce1,25080106
20150213.gkg.csv.zip,6fe8ea76b4bd5558b254d868d3a22628,23075010
20150214.gkg.csv.zip,4ede29d3a70dbeb2568ee8edf5cc66db,13864931
20150215.gkg.csv.zip,5fdc0c27386df9e7687bcef0fd2e0533,13853475
20150216.gkg.csv.zip,bf4b0bbb801ab4447d7344d24a28609c,21625436
20150217.gkg.csv.zip,3b1d4f0d6d928acd61f8cc96d45f9454,24212142
20150218.gkg.csv.zip,152c2d1890be6b471a35dae226c0e4bf,46580145
20150219.gkg.csv.zip,71d26aaa3ebec3ad96b513834eaa14c6,44590449
20150220.gkg.csv.zip,4517d88e3dce64bb7b71f902a5c6ac9b,43565949
20150221.gkg.csv.zip,f907612633d4a862e39b2ea4556a97ae,26215297
20150222.gkg.csv.zip,7c7fc4c3adcfc6c110f371985f6afdef,23892512
20150223.gkg.csv.zip,fda9cd07336a299571b612bd74909656,42223308
20150224.gkg.csv.zip,d0857545fde3f46e01654d1fb5c798ed,46670330
20150225.gkg.csv.zip,dc3ed431b2953f286f6f98a10a7c5450,48227870
20150226.gkg.csv.zip,a760f30bc8fc700687b41353e01583dc,48076848
20150227.gkg.csv.zip,e50ae2c089d82a83da2284bae653ee93,44899663
20150228.gkg.csv.zip,eb56347703633db52b5bbc541d98118e,26907565
20150301.gkg.csv.zip,e6b1b2b8fd3f9a7f702137d4f5edaba5,24079980
20150302.gkg.csv.zip,27e0d5f836e87ab4519afad0dbcd2c5a,47887260
20150303.gkg.csv.zip,f866b791ba1387f0a15a334d95d5c11d,53252929
20150304.gkg.csv.zip,d820623601ac97954c521393878ef751,54792384
20150305.gkg.csv.zip,8d7f3c5f27ebba0549ba5b615d289e15,54215241
20150306.gkg.csv.zip,61911ea3f0a69279054098e9c563454b,47615205
20150307.gkg.csv.zip,c41e96d201c84f0a9e041d0109ef6e92,29512426
20150308.gkg.csv.zip,eb448e3ab7a674ac71a79e6ba7392e6e,28690448
20150309.gkg.csv.zip,3feda6d34c9442e686bdfc3760ab8674,52098119
20150310.gkg.csv.zip,d979392a6393ba4e1a8c4f212af1e8d8,53067682
20150311.gkg.csv.zip,5d0a5b8bbc612869c22286ec8da70a2c,53051360
20150312.gkg.csv.zip,bc9c972c58194d51f1473a96834baf83,57145284
20150313.gkg.csv.zip,57ff052a856484d66722af9bc03f344e,50346804
20150314.gkg.csv.zip,bbafd42b40a3f7836fd49b3c4fdb89af,28082715
20150315.gkg.csv.zip,097d2a22781d68a31f73c1751da9149c,27487812
20150316.gkg.csv.zip,73b2da1582810a1c1e0b93f5fb738699,50318324
20150317.gkg.csv.zip,b173116cdbdcbd71108d6d0b3e35ee06,52801517
20150318.gkg.csv.zip,55c1eff2e208458ed0b852b7f05cf2dc,55395414
20150319.gkg.csv.zip,943a7c648084ad20afa5aae22ec43863,54224235
20150320.gkg.csv.zip,63ab23e49b5d8eab754808b0d5270ae6,51255107
20150321.gkg.csv.zip,a6278f4e9c9149cb9847ba69bd3c6ac4,27952823
20150322.gkg.csv.zip,a7035946997a0de85453be5affd4f929,26601799
20150323.gkg.csv.zip,7ef8b292a0de74e869df0b82b8e3cb36,48309296
20150324.gkg.csv.zip,20b764bc2e1fbb62e08058f171c3f95a,53320801
20150325.gkg.csv.zip,d7c4ccfb1b57adcd32f9e38d426ca727,55638471
20150326.gkg.csv.zip,1f52c305d89a93ab19fc9e72c5e0e715,56104944
20150327.gkg.csv.zip,0ede4faa22c39770c1ea68ec4640c1ea,51026745
20150328.gkg.csv.zip,fc62d0fc933ce0623ca9964610dabe0d,29304843
20150329.gkg.csv.zip,ae31b0618d8c24db70c721e6b632a160,27177604
20150330.gkg.csv.zip,89388c28f7619aee006fae4754c167a2,48507393
20150331.gkg.csv.zip,019b393e2f7b58a4c6c78b11711ecb8e,53215848
20150401.gkg.csv.zip,1febc4895b8b8910fc1bc50ee96b30e7,53733710
20150402.gkg.csv.zip,10ea03fe004fddbc17c09db9fd4ea35c,52196629
20150403.gkg.csv.zip,7d1ab7a15a2a33c87d95e393b7dec8d0,39674576
20150404.gkg.csv.zip,21ff11f7c322c6245b6403decf1d1cc6,25492431
20150405.gkg.csv.zip,07ec6718c5329d0fc031dcb2f65cd642,23915743
20150406.gkg.csv.zip,3ceeee658570f2cb934a799c3e35ba7c,39807666
20150407.gkg.csv.zip,4aad99e493d5c9a73e5f3fb85612b02c,49047698
20150408.gkg.csv.zip,e09cfa186dcc077c99ed3cf275a6b43f,51884561
20150409.gkg.csv.zip,2c1b37a1580154de46181d074d91e556,51810701
20150410.gkg.csv.zip,6d8ea8fc0c3bca8caad33a48894c8368,45604723
20150411.gkg.csv.zip,d709a50586725e72387b447b9ac2ff6b,27913245
20150412.gkg.csv.zip,29a13d40590b49695aa73f61bcdc8c9e,26400810
20150413.gkg.csv.zip,aec4e19bf53478cc7d9b012b5d1ec458,45665078
20150414.gkg.csv.zip,6f72385cb90effb90d2f1910e3aa588a,50895876
20150415.gkg.csv.zip,c6f44477942d46663d3f6a0ddef90ef0,49871531
20150416.gkg.csv.zip,c7e23264acec5777d118854f849563ab,50400822
20150417.gkg.csv.zip,c7277101948fdf11d1585d3034b16942,46995223
20150418.gkg.csv.zip,bd4a8e9c31de8faaa8c73784678f4f29,26312657
20150419.gkg.csv.zip,6607a89f0fbfa8c21968f3efef5fb425,25235518
20150420.gkg.csv.zip,178ee45cac6f359859595f615dfb2ba6,46384634
20150421.gkg.csv.zip,d034d86a2ffcf6ea70ba078c5078db96,49934089
20150422.gkg.csv.zip,b7518537463b0d50b8ee20e621f85427,52718921
20150423.gkg.csv.zip,59fd1c3b313dce163cc9fbffd63d232a,52662928
20150424.gkg.csv.zip,c3083b9b1e465108379e976380bb9787,48670886
20150425.gkg.csv.zip,e68df4e5e80a2ed7dd288b2f52b39235,28311113
20150426.gkg.csv.zip,e11e61c39f4e57ca06e46643cfb2b229,26476472
20150427.gkg.csv.zip,ab2686bccbb26876d49075043b1a9d4c,48176598
20150428.gkg.csv.zip,dcfe414ea83e5a9d2e09d94689acd17f,53429831
20150429.gkg.csv.zip,9fec89c1d1c1940e6634c5e86ae2e8b7,53656204
20150430.gkg.csv.zip,e2cb5cf5003221f219527c5b5cc4f441,53134684
20150501.gkg.csv.zip,34c18d8aa386aee32b1fe4ffddb80502,46214187
20150502.gkg.csv.zip,cef46b15183ebc12c8832a9afa497900,27702055
20150503.gkg.csv.zip,8f47e362e1ae79e6b34bdf20c1298bd3,25972535
20150504.gkg.csv.zip,8dc70c7b148c1dcbaadc83c57dbde861,44243620
20150505.gkg.csv.zip,a5fc530b8ce418c757e9706eac23232c,50130479
20150506.gkg.csv.zip,34a7ba606fa60c8afd545cbe76d2e91c,52323715
20150507.gkg.csv.zip,597e3c8f96ab801ab55082b0b546d035,51772061
20150508.gkg.csv.zip,081ef19a2898d8694692015a6251545a,48584059
20150509.gkg.csv.zip,bb7bc2ecc9aa96ee3ae0f5b230b39ce8,26257941
20150510.gkg.csv.zip,2506ac71ad9d83880d92c7b10f2dca51,25052572
20150511.gkg.csv.zip,61c1a75ca5acbd83ba6375a784a2d0a7,46091763
20150512.gkg.csv.zip,a89e631c68b87d20b8e36f2d4ee6ca67,51361135
20150513.gkg.csv.zip,5ff2780665e88e60d6afebf0ca235fe3,53099977
20150514.gkg.csv.zip,7911e4122ba498cd84fab8e39828a0ce,51327610
20150515.gkg.csv.zip,f63f44868a029dfaa00f52019dd175f7,48632109
20150516.gkg.csv.zip,f1f71bad374af8c7d004c6c56b2662bb,25926789
20150517.gkg.csv.zip,df27f0a9bbefcc0f16f2077a7c4cce35,25096938
20150518.gkg.csv.zip,28b746d833bb8aeee03871cd8786675b,45405005
20150519.gkg.csv.zip,d736dff2bc4c7318aa7e79601a82c219,49957945
20150520.gkg.csv.zip,431f57c865115f872324f763b0a29081,51720257
20150521.gkg.csv.zip,18658d13b94aac4b110845049d96d46b,51248095
20150522.gkg.csv.zip,15778b14a84c774c383618d880659e87,47086545
20150523.gkg.csv.zip,4ca777f9aa0308af85f6d39fa0901ff3,26662101
20150524.gkg.csv.zip,5a516f488d8d4696fa49afa1a40d298e,25266963
20150525.gkg.csv.zip,9840df3dce39764d7d32aa1cfcb78c2d,35044407
20150526.gkg.csv.zip,b56e6e0da364c71a86db5bdbf838153f,47347067
20150527.gkg.csv.zip,fe747ce91183b7d9ac8f958e732a708f,49747701
20150528.gkg.csv.zip,c7ad01e0d923cfa2b7e3048cb1708bf7,50534979
20150529.gkg.csv.zip,71044f6c699b8e6fb4b7a1f19109473b,47523368
20150530.gkg.csv.zip,f63be825a25a48b5afd8bc051c24375d,26282300
20150531.gkg.csv.zip,1c4aa839027b3cbe3340570df9cd358d,24703470
20150601.gkg.csv.zip,d2161c6b79bfa52958035d4a2eb00369,44153029
20150602.gkg.csv.zip,9dbc724a77e6f5b3130e7d7b579c9f33,48707783
20150603.gkg.csv.zip,0a30a80a5c6410a0913d722adb600b64,49598044
20150604.gkg.csv.zip,4cb221a77eff2d7cdce23c770327b01c,49314516
20150605.gkg.csv.zip,7947b6f895f80d14c7102dce5acdbea6,46659314
20150606.gkg.csv.zip,ee547d6acfef13f356b231f260f10fc3,26321440
20150607.gkg.csv.zip,643d620f26c93742b88667bdae28b406,25266622
20150608.gkg.csv.zip,4e50dbcb652e492be225a66e66e34547,44535419
20150609.gkg.csv.zip,f608af6ee85987f47d64d866d11a06d0,48853612
20150610.gkg.csv.zip,c6d755c72eed1a5075c029a2ca99662f,49747346
20150611.gkg.csv.zip,bbb4b85bacbd54ce5ca2dd2bacfb2a3a,50243819
20150612.gkg.csv.zip,194d671c802868e11c22b0f75d749611,46239978
20150613.gkg.csv.zip,21ffcec2aae1bf6ade7a354adfc79b85,26330632
20150614.gkg.csv.zip,083679f3bbf9eb00203bf24daee554a2,24817020
20150615.gkg.csv.zip,83e0dafc4535cba78a505eb641667876,44797872
20150616.gkg.csv.zip,a5f1310603572861e7fe4265a3186dbd,49510861
20150617.gkg.csv.zip,6723d3a17e980065d9ec28d4412dbcc2,50378710
20150618.gkg.csv.zip,a0786f43f5a7dd163a1b0b6cf38af570,53114380
20150619.gkg.csv.zip,e997879fab7177b4c0d352ce99ded811,47545636
20150620.gkg.csv.zip,bcac9ea578bfda5e84d980d32ea2409c,25880846
20150621.gkg.csv.zip,1016ed1e7337070df5aebf0ac0e39bf4,24835479
20150622.gkg.csv.zip,f328d2883151db8da42f6d7aed1ff1b2,45518728
20150623.gkg.csv.zip,8a708253d6917abc7d95685acbbc92f3,50825899
20150624.gkg.csv.zip,5eaf50efb2a37448fede0a7c5d0fc803,52044926
20150625.gkg.csv.zip,dc4e5d62677a64e0adbeb49dc08757b2,51973421
20150626.gkg.csv.zip,6dfd690e6af70435b7002a6edcfd1c6b,49633942
20150627.gkg.csv.zip,86505eb8131d39d849b89ee5d85aab2b,27847856
20150628.gkg.csv.zip,82440ca0d3e17ad47673bf778c725a16,25681762
20150629.gkg.csv.zip,f5d1e178d637d704b05b6de996b35808,47485937
20150630.gkg.csv.zip,6655dfa3771e0f704629aa41394bbc24,51389802
20150701.gkg.csv.zip,ab58cc33c009b91c33feced51f51c6a7,52358796
20150702.gkg.csv.zip,bced694b7cb098c456eca86812171af3,50398862
20150703.gkg.csv.zip,4f353a94a786a2e5fac19dd1e1013650,40474940
20150704.gkg.csv.zip,ce28a30ecf324433bd001a28defecdfc,31435628
20150705.gkg.csv.zip,4bf78b5b1cdd61232af01581b4ef79af,34398741
20150706.gkg.csv.zip,4550dcda0830d8dce4e4e1ad438ef901,58201360
20150707.gkg.csv.zip,048b8d75234802a1c05c839d3c807a2f,66944347
20150708.gkg.csv.zip,83cff552148d278c33a944b78c6ca1ff,68222389
20150709.gkg.csv.zip,b2528597a430e6a6206fc3cba67a316f,71163425
20150710.gkg.csv.zip,fea8e83e3b9597764f520fbaf4c674cf,65640789
20150711.gkg.csv.zip,11bc9a74fe55d32c34c6d525688b8d93,37527341
20150712.gkg.csv.zip,7cf2318bf86962f210ad2606cfe84f8c,34693307
20150713.gkg.csv.zip,5cd24c3a611a3ad74494f4ca3d794ab4,61072089
20150714.gkg.csv.zip,830904ff85f7aa1b9c8f4e1c37938949,66891437
20150715.gkg.csv.zip,a641320a8e9f1f247735429db95aceaf,67437332
20150716.gkg.csv.zip,0890ac04499be21fbf99c87292090237,63649480
20150717.gkg.csv.zip,bfa34980e8f16f070d393cfe1d368d6f,56674527
20150718.gkg.csv.zip,e322656e905c7101b6637769e07504b7,33747094
20150719.gkg.csv.zip,62a81d77f898c508c3b7a70ee1c0110c,29397587
20150720.gkg.csv.zip,d0b3e902917efd443ac427977d85ce44,52315986
20150721.gkg.csv.zip,08bb89998c568653f4831be715696aa7,57790525
20150722.gkg.csv.zip,260b2114ad4371663030cad4bd388784,57489778
20150723.gkg.csv.zip,e8062bc4260cf382fd77c4a308bef9bc,58474348
20150724.gkg.csv.zip,eb457e73ed963488cf8369fec05cb06d,54662619
20150725.gkg.csv.zip,be1ab61a122cbde0288b309859e1cb9c,31373197
20150726.gkg.csv.zip,8f6ae53949ab24537c947157cc3808b5,28605137
20150727.gkg.csv.zip,e9ed0341fdd94cf03392cc8ca4ddf524,51727448
20150728.gkg.csv.zip,0e1960bebdfeaeb8ad832f249f2e7811,56868391
20150729.gkg.csv.zip,e7ed86e80b2179a12e004850de95907c,57866722
20150730.gkg.csv.zip,30027567483bd5b8284408e8874d5099,59395386
20150731.gkg.csv.zip,a21c298009341c3baac24a9473d581eb,55334660
20150801.gkg.csv.zip,099f72efebec91fdf5f5c4e83e094c4f,32391906
20150802.gkg.csv.zip,b907d97b2fdbbe1d3f601c3348c7a851,28922564
20150803.gkg.csv.zip,2a1785d40f7d6518565dbe24aa1ab621,50655988
20150804.gkg.csv.zip,060f610ca334553d5ee9fbd49a51489a,55574082
20150805.gkg.csv.zip,2d099563233409ef3e9e345e381bc197,58321249
20150806.gkg.csv.zip,47b1417d5c985aa3ab21d336d7ad22fb,58410443
20150807.gkg.csv.zip,8a9e1266b5de0938cf96b8eeb589bdfb,54208359
20150808.gkg.csv.zip,e55f6b65217286ffe5a4ba64b4a2fc59,31541368
20150809.gkg.csv.zip,59bd3143b1ceb98050f85c20faba34b4,27935611
20150810.gkg.csv.zip,6e329752be223448420db7e41a265693,49952028
20150811.gkg.csv.zip,14d16a368f2d354959a8e8a4979feb69,55577064
20150812.gkg.csv.zip,4a5c849c38b8db9f369d8e4395ad782c,56820232
20150813.gkg.csv.zip,d7f20c3ff7e4c681c3346b1d00916d84,57543093
20150814.gkg.csv.zip,9b28b5a406d115fdd79fc481e03a8b86,52874444
20150815.gkg.csv.zip,70bc2768331f3a3cfed75ee362d7105a,31542519
20150816.gkg.csv.zip,8c53441603551e34c88d9faa6cbf1a63,28844640
20150817.gkg.csv.zip,0a8f1dc3f863c62d65a35c679b081436,50868260
20150818.gkg.csv.zip,2a09aea1a4aef19fdd2bac0e27f33a98,56079439
20150819.gkg.csv.zip,714aece8aef30c131042aef0fd6a0685,57954272
20150820.gkg.csv.zip,e6ab5414cc3539b972e66d747f99b226,57370866
20150821.gkg.csv.zip,f75a9417d277f3ff980122ac4774754d,54147056
20150822.gkg.csv.zip,c044c8c7e93570e8b21a26ac77acd320,32571215
20150823.gkg.csv.zip,e5bbead973f3faf9d4843e259eceb993,35042660
20150824.gkg.csv.zip,b8952bc4d0dd377bc544740cd25305d9,52508548
20150825.gkg.csv.zip,0efb1b4cac8628b27aa291493450cdec,56125845
20150826.gkg.csv.zip,af5842490c6e6f100aacd36d3621c4a8,58591800
20150827.gkg.csv.zip,d17aec178dc13ede806765184bac3aa2,58419083
20150828.gkg.csv.zip,0c0b14499b6f9a930fc91916318467cf,55189672
20150829.gkg.csv.zip,e42723ecd6a7247b69f7bbbcec0a29d7,32733366
20150830.gkg.csv.zip,7d0f3e99f69fbeaa6e156734ce67faf0,29329241
20150831.gkg.csv.zip,47f387b8667131e2202c4e696c711b98,49805676
20150901.gkg.csv.zip,c9bdd296016402705497d6ff23c1ec36,57841144
20150902.gkg.csv.zip,9c4cd799522fffc27b1348eba21ac07d,58359661
20150903.gkg.csv.zip,762ae5ccb27cdff81f487983f768e3cd,58138658
20150904.gkg.csv.zip,2d0abdf521dc29194e62ed546e2ec42d,53888707
20150905.gkg.csv.zip,6c3725ac2c8d08c6172696354e6aa140,31573341
20150906.gkg.csv.zip,ab58c0a3782c8a51e7141d9cdf9b4104,28372026
20150907.gkg.csv.zip,5a252effc57f02341ee7b5f7b7441f73,42545248
20150908.gkg.csv.zip,32c73e890fc94d8c1efa0411c31bf5ca,55761897
20150909.gkg.csv.zip,30c00fea7296b09db718e29a8b8c94fb,59614670
20150910.gkg.csv.zip,e29de3d2bc94a10d86326158ce7c42ea,59337888
20150911.gkg.csv.zip,84731a34e56a1cdf918ae416a9d8c60c,56351114
20150912.gkg.csv.zip,7724461602002fc9e64c37504fd20a8b,32010085
20150913.gkg.csv.zip,0282ef5de645229434e81d6c34957242,29769695
20150914.gkg.csv.zip,4625bb9f15c092355c45dda5c8cea627,53463143
20150915.gkg.csv.zip,e20f7b2eb37bd15e068973f2d84e9412,59225325
20150916.gkg.csv.zip,6ac678b0d33bfe9dff250b5b342631f3,61383887
20150917.gkg.csv.zip,7eb51b63696aa26140a0db0848b7f394,61792595
20150918.gkg.csv.zip,d675d9d725f9b11f57661e5ba72b1ff8,55944752
20150919.gkg.csv.zip,1a6581798e2900761bf2ff294c78e60f,32901222
20150920.gkg.csv.zip,069bbd184fa9334947d4bb5d5e8912e0,30006025
20150921.gkg.csv.zip,57cb317cea1934511048187b0f8a110d,53791967
20150922.gkg.csv.zip,3691cfdea2db1a6cdd520b91a224f2a5,58677997
20150923.gkg.csv.zip,5537b430d4831ac48d2356c8702eb3f6,57599693
20150924.gkg.csv.zip,fdb6afe60abf6d1a9f41def9e53d1948,58154885
20150925.gkg.csv.zip,e99996cab67a8c63596dab28ff8608a6,55070982
20150926.gkg.csv.zip,362cc26f13aa68d15b77d475b8edde85,32249252
20150927.gkg.csv.zip,a6d0292d53acef38d2cc9c99fbbf86dd,29653672
20150928.gkg.csv.zip,4267391c4e194d2944455f8b0ea33378,52419342
20150929.gkg.csv.zip,2f68338f7217767d3ede23ff17acd8a3,57786177
20150930.gkg.csv.zip,2c62ef9fdb51f486b33c3a616b89cce7,61328934
20151001.gkg.csv.zip,81758216b47f4564f30e51f1ea0e9d68,62138301
20151002.gkg.csv.zip,0a56dfb99159f38eeea25a42db464d60,56502668
20151003.gkg.csv.zip,bee972cd637923800b48c8c5a3c17371,33527142
20151004.gkg.csv.zip,4f278c3639158e886bbe38a41a2dfeb2,30678116
20151005.gkg.csv.zip,53c7a950fe4ac9cd5f82ab6ba1718c77,54269995
20151006.gkg.csv.zip,a69472a3c910e9561d97cf6cca22de4c,59449581
20151007.gkg.csv.zip,5d67336a30026ca47f9afc20237bd736,60209560
20151008.gkg.csv.zip,0acf9ec887df918cfd6ada5b0ff82dec,60397797
20151009.gkg.csv.zip,66e67c3d620c0e943eb957ed2b9982b2,57726027
20151010.gkg.csv.zip,6a4c0b239685439b7290df80c6ab4752,34188334
20151011.gkg.csv.zip,ca62765cc9e93d896ab21428b1064bff,31578262
20151012.gkg.csv.zip,1e283681ab1d8d1c851cbdefe4a7e2a7,50912402
20151013.gkg.csv.zip,2b0858495088a3cda9c29e3b798bb393,58079849
20151014.gkg.csv.zip,ca1eb5697a2b6c0fed3aa3ee8f03be8a,60484038
20151015.gkg.csv.zip,4f56581b0c4177679354fb2871141b87,60183554
20151016.gkg.csv.zip,16083420ab81406e1a50da2e404dca2d,56451038
20151017.gkg.csv.zip,9d66316f4e7b99c46109b02d7c9971c0,32255742
20151018.gkg.csv.zip,c476f4667701ff12a349fbc531481926,29798927
20151019.gkg.csv.zip,fe74383f798b3711a215a66a78e98af0,53399714
20151020.gkg.csv.zip,f77b52ef318cee4165a4c88552bb5948,59592980
20151021.gkg.csv.zip,50005b464d96122a1716f87f63b917d7,8947289
20151022.gkg.csv.zip,b9a0a2b1b8032dec3e9a9ca14c5f8069,3754243
20151023.gkg.csv.zip,5d47050ed7c21581cc8c1cd705a97569,61397993
20151024.gkg.csv.zip,5c9765fba36e4adc3449c965bf7513cc,34733116
20151025.gkg.csv.zip,fc6059f5edda3751c1cde1018d2aa2b1,30770846
20151026.gkg.csv.zip,fc6f532f61bee531bf48e599251d5858,55827334
20151027.gkg.csv.zip,33065d2a7a6a4ca4b95e8e705580e4d0,59880820
20151028.gkg.csv.zip,cae2ae6bab7a383a11fa54962e1137af,60062373
20151029.gkg.csv.zip,5a1298731e84a821ce69bcb2d85d2a4c,61642613
20151030.gkg.csv.zip,6e27261a082bde0aa864b56d3eafd1d9,56676495
20151031.gkg.csv.zip,83d9c5a1f7f64fa57f6004041303a39a,33206381
20151101.gkg.csv.zip,93976a3af6c1d1009eceadb989b40de2,30232163
20151102.gkg.csv.zip,61a4062ba29757b7285308fb93bb8901,53361273
20151103.gkg.csv.zip,64adbbd130a0ba0a68c71b3085b2fb08,57355704
20151104.gkg.csv.zip,f1497147819328a52ec3c50ba2576d18,62474725
20151105.gkg.csv.zip,0dc5e569a841aab610b682d5356455d9,62353304
20151106.gkg.csv.zip,9cf7a66f4c25b4ed7f7f4251eb631229,57512839
20151107.gkg.csv.zip,5ad10138451dbd80bcf777aa1e0af645,31342729
20151108.gkg.csv.zip,7812c005ccbe9ccd4b8140fd18bd8b6a,29888760
20151109.gkg.csv.zip,3a0574ff1643ef277db0bc2b378992f5,52911850
20151110.gkg.csv.zip,b06941b0d7b4a8d895e988b00da89842,58409078
20151111.gkg.csv.zip,fdd9b8f74bc45dc7632f7273af0781d5,57737718
20151112.gkg.csv.zip,db4b244be2e803eeabdfc0a1245bd2bc,58201092
20151113.gkg.csv.zip,b34334323aeefd797451703d10d5ed97,55146434
20151114.gkg.csv.zip,79aa945c01f5509be2d105df3419c19e,35362414
20151115.gkg.csv.zip,6e946f3f95c5d01e66c66103f66892c4,31659484
20151116.gkg.csv.zip,17f701dd3beb9822121f4dbf5aee8827,54137817
20151117.gkg.csv.zip,163fc59e9fe59206dfa53f6929696344,59113985
20151118.gkg.csv.zip,1d01ec7418c37120cbdde7894419dbc4,60574553
20151119.gkg.csv.zip,eff3a8a904cd622e18c44a415d98b0a0,60032020
20151120.gkg.csv.zip,7bc8c50db810f91b8a66872851f09e14,57166339
20151121.gkg.csv.zip,b0834dd673b588a6ebdf4384f13a4013,34748803
20151122.gkg.csv.zip,85e154e732aa73ff77ad0555285014b8,29899158
20151123.gkg.csv.zip,d975cd2378cb02a2af290b5ef627c9af,51480702
20151124.gkg.csv.zip,295d0850f7704d9e5cd324e8066868b8,57220818
20151125.gkg.csv.zip,510136aaecbe4e5b4bf12e0eba6257fe,58254293
20151126.gkg.csv.zip,4f8a0fb2246abbde483cf4dd8b63cc46,45678044
20151127.gkg.csv.zip,72e73351e0f56e04fc04dbe63262d0cd,44161205
20151128.gkg.csv.zip,b3cb06cee50b105db2474b24892fa99e,30086100
20151129.gkg.csv.zip,072d6039d6e672ca7ae207b2aef463f8,29048940
20151130.gkg.csv.zip,e71c3da449e385a92ea94cbf7ff974bb,50744814
20151201.gkg.csv.zip,66899edf26e92a96fca9c0eb78f3be42,57053091
20151202.gkg.csv.zip,65cbad0d68dc3b2793106b926d9233d4,57624466
20151203.gkg.csv.zip,2a3d350bce8ead4f4ae5b033aef570b6,59922024
20151204.gkg.csv.zip,6db0766425ea2911aec815b86dafa59d,56937776
20151205.gkg.csv.zip,2d9d49f2c379a36c5048b578f5ce2e2f,33470999
20151206.gkg.csv.zip,3acf105acf9e79d0616430ce33fbca71,29916813
20151207.gkg.csv.zip,e63a0f684cd4b3fa69472afdb97747c2,53156616
20151208.gkg.csv.zip,9ba42f1243ecea078cf7ebdb6fe5dcbb,57093568
20151209.gkg.csv.zip,f24700e660ab886e3b3fab8f29524196,60778628
20151210.gkg.csv.zip,fbd45ed4d9445c58a65e5adbcf2542a7,59818932
20151211.gkg.csv.zip,f251c7890a368b97b3dc193525de6158,54855661
20151212.gkg.csv.zip,98c70783f86c0daddea2d68173355bb3,32960982
20151213.gkg.csv.zip,f3e6fef476700ff1b84a8b7299ce4122,29356841
20151214.gkg.csv.zip,c6942ccf369c2c724f64be25fac448d2,51387950
20151215.gkg.csv.zip,bc11e2ac4e821cacb8c2ffdad35802fa,57543981
20151216.gkg.csv.zip,45980e25fdeb21fe06c97e85f9716f5a,58831558
20151217.gkg.csv.zip,bdfb12b93c5c71278c3d79a0a1e0e7a5,58288285
20151218.gkg.csv.zip,ba3d9753b7ef1013adebfa3633fde3f9,53829330
20151219.gkg.csv.zip,c7a80f7970bc0559dd03f08b24537378,31854782
20151220.gkg.csv.zip,091e72c18e0b73e70b970372612cbba0,28605151
20151221.gkg.csv.zip,bb9fba5a7e72c640162f136a9693464f,48672557
20151222.gkg.csv.zip,24292f07f579f3ad57686f3598093f32,51514583
20151223.gkg.csv.zip,dfa34bc6efb338dddf3d6cb45a4f65ae,50852736
20151224.gkg.csv.zip,5da60288658b706b05cc8bb6b713ec37,40850703
20151225.gkg.csv.zip,bb1b3e76fdc389b72f0743074f00a908,24909682
20151226.gkg.csv.zip,4d8a8d296ee5725b00dbd2ef47b1816d,24378716
20151227.gkg.csv.zip,8f30141d7d8533016b0c574fb7c3fdbd,26871999
20151228.gkg.csv.zip,5c09b0a69d1caf4a325c1c35be56bd81,41541917
20151229.gkg.csv.zip,d62da3eed5a3a9fefbff707b0b822d54,45108141
20151230.gkg.csv.zip,5adce75142ae2e99c053598b0988f3c4,47484984
20151231.gkg.csv.zip,bccf5f05aa46d77ebd1e96c530949153,45260650
20160101.gkg.csv.zip,869d2e10d98806a901839b420ebead5d,30685560
20160102.gkg.csv.zip,30b76c5aa56f20043029a2b84407078e,27023648
20160103.gkg.csv.zip,df9a240d2e09f664f8ca78102cbaea56,28108387
20160104.gkg.csv.zip,c63b16ca72d965888d9ae969f7668e0b,49791222
20160105.gkg.csv.zip,7b60eee48084f09d16168d7761e86c6a,55707910
20160106.gkg.csv.zip,94ac01d6777277d045ff7563995a771f,57769998
20160107.gkg.csv.zip,b44b73ed6a06fa96b2061aab911da8c1,58483686
20160108.gkg.csv.zip,e75b2c80dbf237703f9e0c80cac2976c,54711598
20160109.gkg.csv.zip,a333a92e6d8e01a34139afb53d554530,33508917
20160110.gkg.csv.zip,7dbd99592eb1ecc713cc0b6b6a67f0da,30219352
20160111.gkg.csv.zip,ca00ca99931c7b9791c3e4fecb546b24,53574531
20160112.gkg.csv.zip,2c61dc21559ca74798d989d9c428f1e4,57657686
20160113.gkg.csv.zip,318aafd19315f4932145b84bf357962d,61861899
20160114.gkg.csv.zip,ef605016ad9ba24c1adbfe2d87c3f693,61675940
20160115.gkg.csv.zip,2b173c125a3210e81db67726c5567052,57209327
20160116.gkg.csv.zip,ac36abf5d6e49d43b389545665eeadb3,36182173
20160117.gkg.csv.zip,5f487417a79487de46462b07b8292c53,32302944
20160118.gkg.csv.zip,7c1b6a672249becaed15ee7e3fe3692e,50486080
20160119.gkg.csv.zip,f77f5afb0d4b475514c05100cd00a62c,57694129
20160120.gkg.csv.zip,d13be80ff82701a3517943c3b79705d4,61890746
20160121.gkg.csv.zip,a1ba125fe5887a883a9cedf35521f501,61823816
20160122.gkg.csv.zip,77e8b6b60e82f097e4b93481fe483c2e,58736326
20160123.gkg.csv.zip,018cbcf2501f24a424ae5b458d8e3317,36495611
20160124.gkg.csv.zip,90311b1aaaac614152ab8395208e8a2e,31807739
20160125.gkg.csv.zip,739b870f6eba280cb9539d661640398e,53080329
20160126.gkg.csv.zip,60415e5c39ea5a9793cd3aa41473dc5e,56325557
20160127.gkg.csv.zip,a1649c22b125a434795d1bce769f2890,60386097
20160128.gkg.csv.zip,bf5108e8df44703ab7d3ff2f8b296fd9,61892747
20160129.gkg.csv.zip,f1dc42524f37198825f2d2d3d9f44055,55862174
20160130.gkg.csv.zip,431f887547a3d400c3728cf97d9078d2,34793006
20160131.gkg.csv.zip,8ae05beb53ed9ce8a673be7de9df5fb2,31000711
20160201.gkg.csv.zip,da6680a32997d116b00b36abfd887231,56032704
20160202.gkg.csv.zip,5d2a428a49d57327fbc1324168ff01b9,61609565
20160203.gkg.csv.zip,f53961b52dc034b5709de65f6377a73e,62808704
20160204.gkg.csv.zip,f414fae5d6ae09797aa60257c002864d,63816613
20160205.gkg.csv.zip,b90edfa640f1cdc9b64a42cbd95375f1,58735537
20160206.gkg.csv.zip,3ffb46dbe967353d490d0467f0a64bb0,35473300
20160207.gkg.csv.zip,d14a7988d9cdbab37794826267f02713,30244350
20160208.gkg.csv.zip,0c44f297c5366ddee4cf6a578dabe425,52055910
20160209.gkg.csv.zip,d13fd4e0e788090dfebb729d554d54d4,59072374
20160210.gkg.csv.zip,6b97e449504aa9d3547380434b15a237,62136243
20160211.gkg.csv.zip,7a3ef1a9fdc0bfc1fb21bd6a32861320,65223275
20160212.gkg.csv.zip,ea651f8ea9fd11edf75e6fb69fb98669,61510870
20160213.gkg.csv.zip,04382b05776757e8b406158583420cd3,37494255
20160214.gkg.csv.zip,512ac4ab49f16130e697efc2939e1a10,34567413
20160215.gkg.csv.zip,d8c50c50b3e96eea07f749db77b3c3e5,50350196
20160216.gkg.csv.zip,2edddaec62fd2771f9e9a51cca7eb90d,61516500
20160217.gkg.csv.zip,3160902b8fb071764b6e99c6eaf0df23,63786370
20160218.gkg.csv.zip,cfceab957a7b84cbb5920a144478c67b,64439616
20160219.gkg.csv.zip,016971fbac5a062c04df451dcc51acf7,62222042
20160220.gkg.csv.zip,5709c84c0cddc8196c58e35b9c8deb02,37633488
20160221.gkg.csv.zip,be49d319d8be7462a56e14b3222d97da,34273881
20160222.gkg.csv.zip,b9bd4def0021e1d3c91706254ee81346,56708876
20160223.gkg.csv.zip,53ba59c8ec737daededf7b341e482c95,63045313
20160224.gkg.csv.zip,359fc062375a51f1e2f8fa27c12ee8dd,65355838
20160225.gkg.csv.zip,2ccb16005931e457e4e2283eabd77ad5,65503077
20160226.gkg.csv.zip,dcb2557df92a723fa977d0aaa4998b36,62741233
20160227.gkg.csv.zip,0411194ce28f5c200305d9cd4989409b,37977371
20160228.gkg.csv.zip,89921de123560906c4fa8c0f0173965e,32614454
20160229.gkg.csv.zip,7234a726f165557877edee826891e3bf,58095150
20160301.gkg.csv.zip,fc5a33f6a4d0a372751fc47f6387a47e,62578122
20160302.gkg.csv.zip,0adabf054074b4189acd824fce485e15,64212032
20160303.gkg.csv.zip,5fb08d782b25cb179e723ff74a7e6c9c,63317189
20160304.gkg.csv.zip,45554707dead6edb892935d978e319fd,60226182
20160305.gkg.csv.zip,a362b0398f2699b85fe394d9437f64ff,34466124
20160306.gkg.csv.zip,e7de2b075148a65d3c8739384f417097,33782263
20160307.gkg.csv.zip,7d2be2b3f1fa25c261451fdda9084a08,56363976
20160308.gkg.csv.zip,1654024d6aa30d29c1d751f59189376b,60423288
20160309.gkg.csv.zip,5eaec634386f26be1f6675fa77e266bd,63494715
20160310.gkg.csv.zip,7ca6361f8b4ef000a3cc461dad5301d1,62995657
20160311.gkg.csv.zip,fc8a7eb52283eae62872d33a3f809db5,58218340
20160312.gkg.csv.zip,e4f554e0d3a23347e40d8347a364032b,35170859
20160313.gkg.csv.zip,7f25dc9c2cb6d14ea0de7caa8e5a1f31,31775635
20160314.gkg.csv.zip,93bd2aed00bff8fc666a77e50c251b46,57162585
20160315.gkg.csv.zip,66ac38f3daf73cfb2d69d806f5feb2a9,61673885
20160316.gkg.csv.zip,7d9efdcb0a7e4657ec76fd6ed273adf8,63569228
20160317.gkg.csv.zip,91be9e7614dfc1e3780ccc944c60e3c4,60733595
20160318.gkg.csv.zip,e5e077bf282783f69e00e57d931251aa,56076714
20160319.gkg.csv.zip,91f4c40d9449b897908081f1afcebb83,32443943
20160320.gkg.csv.zip,71fcca844d508a3a4b94021675afe261,31554069
20160321.gkg.csv.zip,d82158b59df4587b910b33709d2bb675,53574391
20160322.gkg.csv.zip,e27ebe157d15761797fb93c2ce92dd7c,61383729
20160323.gkg.csv.zip,601fcd8b7afbfa9c60ba7323dc5e9054,61779576
20160324.gkg.csv.zip,ded0afaca1fed700e0c4e1b5682a5f9e,58725760
20160325.gkg.csv.zip,68782d245359867a8fa02bd54b264ecd,47669200
20160326.gkg.csv.zip,1d5a8cea0a6f7c93b8c7d5e711a83ec1,31825950
20160327.gkg.csv.zip,dbc2f0f9b8099594d1f0bbde35e2f509,30090052
20160328.gkg.csv.zip,205f5ebb140fa5c12b78be5bc751a830,48492369
20160329.gkg.csv.zip,4017972f3d4cfdd184dc8b39cb4e3f34,57850269
20160330.gkg.csv.zip,cb21b6ba4c641c500ed4bc30c48e3806,59826552
20160331.gkg.csv.zip,7c8d00cf18cb832cdb9ed089c8091905,61262474
20160401.gkg.csv.zip,2dd734d862dd10348b9bc2f633a6032b,58814030
20160402.gkg.csv.zip,1d793e1ddc80e2908929c0cd1910dfb0,34948434
20160403.gkg.csv.zip,f26159f80bd1bd7e24a6538c59e43c4c,32084586
20160404.gkg.csv.zip,687099401e72ce6929a22d8dc95d705f,55879125
20160405.gkg.csv.zip,8e0e9609c0a02c0774901caa77054a60,60270831
20160406.gkg.csv.zip,f58cdd8a3ed4ed1b816227a3144379cf,61793990
20160407.gkg.csv.zip,6183f4969f1111ae4f63631fc50d5297,61495461
20160408.gkg.csv.zip,9cfab21b7821e861778bb618d0403cf5,57835408
20160409.gkg.csv.zip,01b1dcad83948d11da26ff5ce36e8a9d,34023121
20160410.gkg.csv.zip,61e5be91931e71f71da68f777afaacdb,31632161
20160411.gkg.csv.zip,60009df8e768903d2a8af7f52066ad66,53535715
20160412.gkg.csv.zip,2d4c444f40889afd984772e001a246d5,58297404
20160413.gkg.csv.zip,aaa394fe80e9c0579321270689df8cbe,60457516
20160414.gkg.csv.zip,583e2a7bf36990567f6b2ea746e1b096,60325846
20160415.gkg.csv.zip,f119e6fa0abea6aa7326e4d14ca5b8ca,57047007
20160416.gkg.csv.zip,433c5044f85d638469963d48991e9476,33449114
20160417.gkg.csv.zip,0d17081e82a74265e23c17dcd85cdbe4,31894013
20160418.gkg.csv.zip,705459e357cd61db9f588e28484be283,59806156
20160419.gkg.csv.zip,388de6aac2d5f0d658af45b9bcb1e4ec,77725891
20160420.gkg.csv.zip,7793066fc25024bd704f66ae3aa49c79,78446477
20160421.gkg.csv.zip,71ba3420cea8802d75c46ba703836a40,76956533
20160422.gkg.csv.zip,132c56731bb5c1e567e984c7398b27c7,73724701
20160423.gkg.csv.zip,30b342553075ca6ead2e54e0746ef90e,42867758
20160424.gkg.csv.zip,ed88d3ed1037ff276ab5b37738491da8,40046606
20160425.gkg.csv.zip,7d39c729fd413c15c2fc902a451c7da3,74440595
20160426.gkg.csv.zip,06147ae0557581ec38c256ff8949bd35,81727552
20160427.gkg.csv.zip,be6351b12216e7c31d5ec610327e5fc5,82715117
20160428.gkg.csv.zip,a987db6850b9cd420483577aae4dc91c,82691617
20160429.gkg.csv.zip,be218ca4b053bdc49f217938e45b4c37,77603925
20160430.gkg.csv.zip,6f73510df5d569e5377320f94dd22d40,45115455
20160501.gkg.csv.zip,e1190e8a965054d7b3e7e1756ce8a7f8,41449701
20160502.gkg.csv.zip,3a0d22ac8dea62928903bf769d68a8e3,66976296
20160503.gkg.csv.zip,4a43e1c4ace3ffc37078285aba85b7c4,80226550
20160504.gkg.csv.zip,f1816b2eff591eee837baa6d97adf379,82961717
20160505.gkg.csv.zip,6253fb90eb9da492aaa1c6e9a9523470,80591152
20160506.gkg.csv.zip,5b4f571ebef38d30a1ef797eec2afd86,74160639
20160507.gkg.csv.zip,46c56ff0235d59d7cf46a85de534468a,43327888
20160508.gkg.csv.zip,2ee6424f85683406ab5596b37a50d112,39359662
20160509.gkg.csv.zip,d4d0ff2c5f50892952a66889aa3ca292,71099346
20160510.gkg.csv.zip,06684f13bec0f4c37ada83bcbe96fed8,79311937
20160511.gkg.csv.zip,32fd0ea3a9e87bb89a9f8ad7aea765ce,79547376
20160512.gkg.csv.zip,1af4015aaf12a9065380cfe1748ac71f,81124408
20160513.gkg.csv.zip,c9207bc0a48f0e85cb61f38bda5e7ee9,76597153
20160514.gkg.csv.zip,4148c16cd53d5d0240e4ba7f66d46ce9,45129481
20160515.gkg.csv.zip,e365f8464c015cbfe9ff73b68ff7f618,40582534
20160516.gkg.csv.zip,33aa44aa03035d495003dc5489cf2519,63986977
20160517.gkg.csv.zip,ead5bb6a7f48605a11835aaade05c007,76923405
20160518.gkg.csv.zip,a8f372ac2e6b0e04b435bd8f8cbcf209,80668958
20160519.gkg.csv.zip,17edec8209db3645fccce7b8d70cac02,83124887
20160520.gkg.csv.zip,60c4cd07b2d973a54b600baa544bdedc,76047069
20160521.gkg.csv.zip,f6b81048519f3774510c684c7151e968,44081556
20160522.gkg.csv.zip,56633b2276115f806962b6f62cc1716c,40004642
20160523.gkg.csv.zip,5c9c028d0464e23f59a865b541d888c4,69785798
20160524.gkg.csv.zip,3449ffb8db018365f75d33aba17d459a,76663222
20160525.gkg.csv.zip,a91a5f322cfd19aed0686704b9bb806e,80582092
20160526.gkg.csv.zip,70e9b1e36fce94f35667c8937c394f1a,79555880
20160527.gkg.csv.zip,c7965be2b596ee8f3686d73599d95eab,73783504
20160528.gkg.csv.zip,438e111d83239ea143a3bf2b118e5913,43170573
20160529.gkg.csv.zip,43885b4b3f09087bcb6d1e91a9693d3d,38889247
20160530.gkg.csv.zip,c42b7b9bd820595cb2ed0716b541465e,54988491
20160531.gkg.csv.zip,fbe6eb8f412f4d23b48f4dc5501ad2ee,72343934
20160601.gkg.csv.zip,da32ff7f41b51288e21fd2ef24d167b5,78109984
20160602.gkg.csv.zip,f7270318368ef2d229d19fd90774b293,78146566
20160603.gkg.csv.zip,6d75800f203e24fdafb51654dcb97fc5,74279613
20160604.gkg.csv.zip,ffa65f8837b5930b747e1a6c7b8174e3,54550061
20160605.gkg.csv.zip,daee90bff5788356a56c4853491c1a66,43618104
20160606.gkg.csv.zip,33c4f2792a9f2fc1c3e8576226cb9234,70144589
20160607.gkg.csv.zip,30678170e960e35e5c2e323348d7d216,76431053
20160608.gkg.csv.zip,c44d664c46bb8fcd3cc3b04806cf2d56,78410827
20160609.gkg.csv.zip,8d77592dbc03f36914b14e818bc00adf,77445992
20160610.gkg.csv.zip,53f9cad66d835276ab9d6f6d809c0ac6,70739726
20160611.gkg.csv.zip,9b6c33de094893660133a49f8654d0e3,41766407
20160612.gkg.csv.zip,57065154519b8e5876c89da6c2c777ea,41004819
20160613.gkg.csv.zip,589802ffe596ac6b6a3764ea6f71c775,69842061
20160614.gkg.csv.zip,44758288fc5c254987cb0b4b83cffa63,78079343
20160615.gkg.csv.zip,f7edd51b0fe531f3b41ad9a50d818b07,78389023
20160616.gkg.csv.zip,d26281f30ecd2ac58c9c698b94d9e14a,76593848
20160617.gkg.csv.zip,46d1a32a3dba22a243b4901ec025cb56,71489438
20160618.gkg.csv.zip,29161dac5048fe0a8abf92c5b1a8190d,41148005
20160619.gkg.csv.zip,c34ed36598acaa138b68d1f0a725006b,37953146
20160620.gkg.csv.zip,f57891aaf9cd9db0d6c58e8bfc96784f,68326673
20160621.gkg.csv.zip,4bf253614b10ede305b028264aa0c05c,75350186
20160622.gkg.csv.zip,f0536a3311210748ae99c940cc2da615,76700862
20160623.gkg.csv.zip,46fdbe8644e92814a87c68272991bbbc,78088767
20160624.gkg.csv.zip,64684a22edbf044d87fea22d6677d124,77796901
20160625.gkg.csv.zip,b0d03dea3323768ae5993d4667dc79d7,44348226
20160626.gkg.csv.zip,35480311c9f43cb143baa55f461640f3,40113887
20160627.gkg.csv.zip,967db69076cd5f0d1da9c5ee7e14474f,69053093
20160628.gkg.csv.zip,4c10e38e8180b409fa7843a41d82ff4b,74159969
20160629.gkg.csv.zip,0ce6486a6df6aec4bf9228ec5a3c5f89,76506779
20160630.gkg.csv.zip,bc0ae3e48dba6b9f768e03b421943889,77923138
20160701.gkg.csv.zip,d3252829e6603e90f831634f501bbba0,68353545
20160702.gkg.csv.zip,acc84d5bf824f41aebdeaa71ba8d1b4c,42269561
20160703.gkg.csv.zip,56fd4619a720e4bb62ced79c11f135da,36619958
20160704.gkg.csv.zip,ba15a65947ff26cc17a472594146d0f6,52262085
20160705.gkg.csv.zip,9f15ecc36f4bd2e12f0ebcc142677ee2,65453800
20160706.gkg.csv.zip,e64c2382a0ee6768eaf6e711eeedde53,68452316
20160707.gkg.csv.zip,a7ff6f878a34ccf862ed9655adffbdcb,69737271
20160708.gkg.csv.zip,76120537004c1e10081f8aeabebfe4c6,71804384
20160709.gkg.csv.zip,d795ab2854ec7b65245139cfbc59807b,41851453
20160710.gkg.csv.zip,d5dabed549d136eb031f04ecb7875feb,38932013
20160711.gkg.csv.zip,2158c400c62469ba4a931197ea85eecd,66404995
20160712.gkg.csv.zip,840986620b5994c4da7fdf3fd7c11e0f,73809422
20160713.gkg.csv.zip,49135729eb76710a86dcd9f2860bac7b,73201760
20160714.gkg.csv.zip,c5e6f38654264d1f9d944cd801c47146,71275516
20160715.gkg.csv.zip,384b992c52dca0cd9a50ac9b2cfb5234,70905947
20160716.gkg.csv.zip,78f993a4ca1fe2bb4a4593c7f23beab6,43710728
20160717.gkg.csv.zip,ae3ac2bd4533d141ca9f0bee6935585f,38718220
20160718.gkg.csv.zip,93a084b90419e046ae709ad18857f203,67620752
20160719.gkg.csv.zip,7e2ead0c32e9c5045bd035b2d72da386,72205629
20160720.gkg.csv.zip,849f870aed66c9aa978ae041e0cd600d,74116162
20160721.gkg.csv.zip,df1e96b646907431cdb8f256d69479da,74341883
20160722.gkg.csv.zip,85aafa11b612be3402a6cda06d04f4a8,69971364
20160723.gkg.csv.zip,2d94db4e4cc548e8dd4735b7fbcc2041,42439012
20160724.gkg.csv.zip,4341c3eb0a8ae712a33290f8e37a6788,37954564
20160725.gkg.csv.zip,fe830719060e758a8f1f5854dd37ff22,66458755
20160726.gkg.csv.zip,6c9ad4443938a04520e7e5d519910e35,72752439
20160727.gkg.csv.zip,893ba166a604d104adad4d429bbcf13f,71847264
20160728.gkg.csv.zip,cd01f637193f00ecd2902ae14062b8b0,73117713
20160729.gkg.csv.zip,3ebf69a1484eebe6def4c809014bb065,70063145
20160730.gkg.csv.zip,7be218a6fb565430bf18c5ec9bd38e0f,40394399
20160731.gkg.csv.zip,7474ed334652e5b2ff0d36df2695fea5,36263329
20160801.gkg.csv.zip,619a36f517c8b5d92b1a80ba4c14d44a,64230283
20160802.gkg.csv.zip,aad09cd3a93c0eca4fdf4e6d6f1c03f0,69720111
20160803.gkg.csv.zip,12345cc4dfe89acc3ec461b35528b2e7,72297129
20160804.gkg.csv.zip,b8aac3252ec51e1b5bed41be5bab56d0,71280362
20160805.gkg.csv.zip,31566c4530820bf88fbf30f7a474d04e,64722436
20160806.gkg.csv.zip,28a9e55e77fbe757b17b08629e1a4731,38033689
20160807.gkg.csv.zip,3b4c47c0a73639e8d9b47e1fa1703104,35399777
20160808.gkg.csv.zip,7a0ea2f93b79c04ae44a0f0bef7c3ca8,63370925
20160809.gkg.csv.zip,d770968bdc7cb52e47cd8afb2b051fc0,67967710
20160810.gkg.csv.zip,42e1e18b66f1a1e69b0b7e38b5457b93,70543636
20160811.gkg.csv.zip,580d2eaa75eb9120e17c2134cc36d975,70853493
20160812.gkg.csv.zip,fb11b34ef2cf15d8f6bcbd6898851d06,66724063
20160813.gkg.csv.zip,dc816d29e2d812faa2c69babedc70fb7,39453562
20160814.gkg.csv.zip,0a4bacdc0ef65b47e161c9d995a51189,37185039
20160815.gkg.csv.zip,e6faf15a754defb7e890f9cf1783d84c,62994038
20160816.gkg.csv.zip,d58bf2aa3155ebc326435d267c0d06a8,71131171
20160817.gkg.csv.zip,b4050d68d3ee46a65ca8b582c66a3ed3,71906494
20160818.gkg.csv.zip,b3cbdc17468d68dc42f8d9a87a76800f,72443178
20160819.gkg.csv.zip,b9c094da5295bb37f423825a5a8749c3,68111790
20160820.gkg.csv.zip,21898fa90849de00eedc543e79626959,38829372
20160821.gkg.csv.zip,af2cdd839d5feecf86c2e88ac7cf113d,37312777
20160822.gkg.csv.zip,5504ee5417b1b1f6a182878d00c09c40,65309192
20160823.gkg.csv.zip,50da7cadae3dc897c5d3065600915052,72448449
20160824.gkg.csv.zip,81db22f67420ff5ef425792cc9d1d470,77026068
20160825.gkg.csv.zip,d5a57938b335d3f7ec5107833614b213,77161065
20160826.gkg.csv.zip,6a45ddb4b20844c39743ffc2e59f5367,70424239
20160827.gkg.csv.zip,3601d83281bb3a892927cf4abc9856f3,40657109
20160828.gkg.csv.zip,d08e57a36a34b306f3cbc495ae419fbd,37410255
20160829.gkg.csv.zip,ff75565409d5a870587f20e0d69e0055,64523577
20160830.gkg.csv.zip,e364ded0bbecbde95af365551f8ec5da,72270099
20160831.gkg.csv.zip,769d8ce7e6ee57dc9e83fdc81417471e,75031492
20160901.gkg.csv.zip,2aca0b3ca08d4c67172408355ad1cd98,74123086
20160902.gkg.csv.zip,a5ad9ee0fd2f6c78ba415ae5da82e142,67969718
20160903.gkg.csv.zip,57f3d21a093a6be2b5602cf95831d79f,40808991
20160904.gkg.csv.zip,52ee62339f2e2c5a65cbfb64abce5150,37062263
20160905.gkg.csv.zip,3c499ddca7f2f8404186016df49f5bd4,53326662
20160906.gkg.csv.zip,ab1adcef7fba6335211f924443ba00fe,69667712
20160907.gkg.csv.zip,de1fab9357cbaf703d26767b32ff6203,74188675
20160908.gkg.csv.zip,314ecdcaaf1742e754c9116e9028e98d,74170308
20160909.gkg.csv.zip,7a498f40e9c5bc08e5524ade4105b422,70630728
20160910.gkg.csv.zip,7cb6c9938c070b601636b59d485ceb41,41190036
20160911.gkg.csv.zip,0582c7eb3f9f67bfca60e9038fb7bda4,37102531
20160912.gkg.csv.zip,3d24401f4a1164c71ff83f9d55ee8672,64109616
20160913.gkg.csv.zip,9b9abc8cfde03d8b6f42fcd8a92922db,71196062
20160914.gkg.csv.zip,c0a428ff2a61e7f3a3de64fe004d6ff6,71572197
20160915.gkg.csv.zip,0e813cfa79dd7ea4adcd8ef8d32524e7,73183667
20160916.gkg.csv.zip,d5afd2f5e61917f2c1c88fb10307139a,68122497
20160917.gkg.csv.zip,b7b96702b7eaefa373cacfda65270590,40290786
20160918.gkg.csv.zip,c0fc3886e3f23f09129b8906935a86b6,38941698
20160919.gkg.csv.zip,efa8c44adcbaf4d7746593f78d3a753c,70367467
20160920.gkg.csv.zip,f640106e2bc05e2d8cdefab02c578d3d,75328609
20160921.gkg.csv.zip,9f78349414b2a46a0ac886919a2c0baa,76747968
20160922.gkg.csv.zip,248d3ba59f22270f8faa1f035d123322,76210131
20160923.gkg.csv.zip,872e2a7e7a92442add22a428581f5009,70235266
20160924.gkg.csv.zip,27a936bf6897f59b383981fe491c2642,41424475
20160925.gkg.csv.zip,d391513a7943874b0446b5f0836aeb18,37908788
20160926.gkg.csv.zip,815c998b280051fe66576df80024b37f,65982488
20160927.gkg.csv.zip,c4dd4077bfbb1db0206d83f2b32453c4,74599434
20160928.gkg.csv.zip,f4a767042636984f5a01ab745dd9e1a6,77736297
20160929.gkg.csv.zip,464f5385137516f0cf2a622dc532d11b,75513394
20160930.gkg.csv.zip,05c1a7b8f571c88776985e87b3d136cc,72641395
20161001.gkg.csv.zip,73bce37c01d79ad7c731380c37151435,40590576
20161002.gkg.csv.zip,0709e9b0f058a46cd0dde65496d46f20,37442044
20161003.gkg.csv.zip,0d304c3dee81469fa02a3156a2d127c3,66747591
20161004.gkg.csv.zip,502139b8dc2bb6c7369b07b669120a0b,73180186
20161005.gkg.csv.zip,46090a3d8ed79630045c3386af033633,77958225
20161006.gkg.csv.zip,f97ca6854f68971c1a5bc211021cbe04,77069054
20161007.gkg.csv.zip,605074196f990b85ca9c58dd2410a1a2,73045622
20161008.gkg.csv.zip,f04e2559fe6c310ef0646e8abd20a9ad,44133909
20161009.gkg.csv.zip,aefc80b23d313a8c50e7e2b3e27f9eca,40488311
20161010.gkg.csv.zip,8ddabf4fb55bbb15c962d9dfe5a54dd2,66888019
20161011.gkg.csv.zip,d1c64879bd6bc0153ad4b5e66ef65415,70252797
20161012.gkg.csv.zip,033ddf66728b67d468d2432a55177841,70156758
20161013.gkg.csv.zip,64d891953b49e8021bb198c5acf0524e,72780514
20161014.gkg.csv.zip,17c3c151a61e2b0f7a2927a7e971897d,71007482
20161015.gkg.csv.zip,459bff840f26c7b766d5f4d378b7b53a,42421728
20161016.gkg.csv.zip,29734ea9743729d3d2c37b9949b1e5d2,38158138
20161017.gkg.csv.zip,9b6d7d20d323eda34bf77be242555e31,67263439
20161018.gkg.csv.zip,99aec2a0cda3a800ce9c65d1842a0e39,73065485
20161019.gkg.csv.zip,8f07ece08b00927b7f7862311d087549,74634328
20161020.gkg.csv.zip,115d216187e3524bb995b6c8dcd3e583,77162479
20161021.gkg.csv.zip,e6bba1ffb1ff4c561846290a9213d54f,70880403
20161022.gkg.csv.zip,dc6f04565c47e486d1702628501cf27c,41261848
20161023.gkg.csv.zip,8b8d03d3bec8352390adaaf22ecb3481,37293036
20161024.gkg.csv.zip,1b146412ebda19cf9d83b9dcf80c7c0c,65932553
20161025.gkg.csv.zip,8c1c043b4674a3a530b1e703ba891108,73918015
20161026.gkg.csv.zip,94912e9f5aaf8d9b7e203a2b9f795b41,75494979
20161027.gkg.csv.zip,878930235b571795853dc61892a1587e,76176537
20161028.gkg.csv.zip,3b11f57ee35d40171fffca8afb9cf054,72542424
20161029.gkg.csv.zip,52afb1315871efa0d5732e3b940fe100,40573108
20161030.gkg.csv.zip,6a761e5a0ad36d8157abcbcac7e15fa5,38180846
20161031.gkg.csv.zip,3bbc13b881282a338af5373e2b00d0d4,66401133
20161101.gkg.csv.zip,ee6b13094848e0469a44ae1bb75887d6,70965119
20161102.gkg.csv.zip,81880177bab151d263cc441332b2a42f,75135999
20161103.gkg.csv.zip,849a0505e8b33c46ed679539b4f7859d,75578021
20161104.gkg.csv.zip,5f03729644cad4fee80585bbf2d04296,72589232
20161105.gkg.csv.zip,228d7d79fee81fecffb944aacb47954d,42811697
20161106.gkg.csv.zip,8ab90f84d00875467f3d7c49da8e7f3f,38406198
20161107.gkg.csv.zip,1b89bc114159f9f87abba01349568b89,69213261
20161108.gkg.csv.zip,95556af015fafb919ad100d0c8b2c70b,72018236
20161109.gkg.csv.zip,1839886405c6651b26ce2f187e516dbb,84334810
20161110.gkg.csv.zip,8287e7e8e595f222143f59b7dba3534a,75410669
20161111.gkg.csv.zip,7a1663b2aeb5ab04a997036c7fa3e47c,68380415
20161112.gkg.csv.zip,ea8c022b4a95e27583491e4f9a6f063e,41285962
20161113.gkg.csv.zip,36ad0b61dd2165226961efc8c2bf193d,38432888
20161114.gkg.csv.zip,8710fcf901a60e2e2abdeac89aeecc4a,66049548
20161115.gkg.csv.zip,0e5fe32423aaca57921dce7ac8a19545,74502630
20161116.gkg.csv.zip,894fd191bd3d392e8360a7c2ad3554a0,73954938
20161117.gkg.csv.zip,5c1be8b797d415a40c896b00faac4db8,74203509
20161118.gkg.csv.zip,ecf49a4891e8673591a94e08a3ece189,71286835
20161119.gkg.csv.zip,1252b7a81dd72746a82a9eb6ff8f9a06,42620498
20161120.gkg.csv.zip,d77ceb294a62eb71482956c894bb933a,37946468
20161121.gkg.csv.zip,8c1d4389ba37b80e1feb97ca8a954f22,67782616
20161122.gkg.csv.zip,2727aef77b7468380c720e14141dc36f,72426976
20161123.gkg.csv.zip,c3dd799c0be83a7594fb171630a02f94,70988315
20161124.gkg.csv.zip,dbdf6d77acc86ea1b1a7a7b79c56b7b3,57457446
20161125.gkg.csv.zip,3d497ca49221be7dd9df67239b231731,54489228
20161126.gkg.csv.zip,bf533c763ab36f444cdfdbc3ad1083e6,39685029
20161127.gkg.csv.zip,f053154329aaec540c7819d7d8e660c1,37456553
20161128.gkg.csv.zip,3ba803b5488abc3e8cbbb0b6821ee25e,63688236
20161129.gkg.csv.zip,b55bf65b8eb6e171bc8e2c9fda076bd4,72942528
20161130.gkg.csv.zip,c1a593676f2be5753e2e26903d0ff8d1,75236193
20161201.gkg.csv.zip,b479eae8e5eefc2777142987fdedc540,74778106
20161202.gkg.csv.zip,24ae6d542f37026ada60ec20f397ee22,68887506
20161203.gkg.csv.zip,adf49ba956beca8524100f232f0297b0,40386911
20161204.gkg.csv.zip,9f7edd27b1a5fcc9baf024aadf2d2954,38034251
20161205.gkg.csv.zip,4baa3ebbcc9161d3dd6795aa4cc6cc45,66696097
20161206.gkg.csv.zip,80d8c9357508975edddced0ad20695e8,73122809
20161207.gkg.csv.zip,ba9fddb3d1703482757393c9c0e286d5,74716931
20161208.gkg.csv.zip,868def4f4a5bd4c567c23b4d951b68b4,73302634
20161209.gkg.csv.zip,7d90aace3df09b6c7c01f3389b4a35e5,68359167
20161210.gkg.csv.zip,97a18bbcaef63c6adf88c20905d1301c,41743529
20161211.gkg.csv.zip,cb62b20e84d74ddffa163783d982d19c,35918944
20161212.gkg.csv.zip,125097c79eec91eb05e7439b6af239c1,61627432
20161213.gkg.csv.zip,a6ed57dafb95092f0bebed0597ce2bca,70776378
20161214.gkg.csv.zip,f9868cc6c12e98a87f29471b372041e4,69668969
20161215.gkg.csv.zip,9ed86e8871dbb48e00d28d59787efb27,69324402
20161216.gkg.csv.zip,864b9ef689e331a285a3591490e3ceeb,67255775
20161217.gkg.csv.zip,0992f98a4298bc679fbefe9543b36038,40495033
20161218.gkg.csv.zip,a5462029179aff04f9cb472f35512650,35487744
20161219.gkg.csv.zip,2fd900ec40b9d7347ba0ec12adc31580,63406504
20161220.gkg.csv.zip,5736410c182153511769c9b5d53ee19c,68775271
20161221.gkg.csv.zip,99420e72bfb59b348e84469eec939070,67955742
20161222.gkg.csv.zip,d4bc3a0423b981c6e8bce1fc099f5a56,63901976
20161223.gkg.csv.zip,2d3ccd02de2bfe339b2a60b070964668,56789740
20161224.gkg.csv.zip,78ec433fc85c49136d5454c5ce2f41f7,35040371
20161225.gkg.csv.zip,0e53b7f5c6856f52060a9c9e05be7d8b,37225007
20161226.gkg.csv.zip,7735f5bd89aab08630df47ba9a8184a1,47011500
20161227.gkg.csv.zip,4e216a350df75e767eba4097c082fe6a,51153017
20161228.gkg.csv.zip,822524de01aed7da05ff01607ed57823,55123949
20161229.gkg.csv.zip,f4cc3d5e4345edf7201a015b123ddbe2,56787501
20161230.gkg.csv.zip,f8a652986dc82dbaac72721a13abca14,54158077
20161231.gkg.csv.zip,65dfec39cdbb309b27996376647e4e45,37103198
20170101.gkg.csv.zip,f75ab87f7e550cacb132bdf2fe533859,33039061
20170102.gkg.csv.zip,1fa1c54f7990a591858e73f0bf0c27aa,42450297
20170103.gkg.csv.zip,f9031923b641833a57893c52ed8edac0,59555069
20170104.gkg.csv.zip,c98a0b3fb62a4800180577aaa9baf781,66227575
20170105.gkg.csv.zip,62cfb3a2ebca7d77eb542138f99cfb36,68546524
20170106.gkg.csv.zip,9b767056873646804d46295290847947,66141303
20170107.gkg.csv.zip,633814dc6d64d9571285bad8ca200df3,40655185
20170108.gkg.csv.zip,a71cc0ae5cd21288b111fe1f20c66cd0,37215842
20170109.gkg.csv.zip,e3479217f46b08d1cd998550990b1748,65477527
20170110.gkg.csv.zip,4e503ec7ace6984acfe3e33f621abd6f,72161853
20170111.gkg.csv.zip,4a969e10767d470fe9d61dc97fbb8cff,70045078
20170112.gkg.csv.zip,3d249588d535900fd5c7ae57182dfe05,72944151
20170113.gkg.csv.zip,20c9c0fbf1b8c01ac47fdeb6ba017a97,69924574
20170114.gkg.csv.zip,a1a7c66fc6db14e423c08d86df50a2f3,41207159
20170115.gkg.csv.zip,a50a280dac8db319108222b831bb5ee1,37091894
20170116.gkg.csv.zip,91da661ccf3f5d8bffd70a4d331f7d60,59884677
20170117.gkg.csv.zip,821051266181c245aa39375e74936e23,74123874
20170118.gkg.csv.zip,2d86547677ad83af0faaffb6e3d119b2,80533414
20170119.gkg.csv.zip,78b949a5fb4f0a2169fccf94216f2d26,77313512
20170120.gkg.csv.zip,45d11f15837fad61e8a80a536b4151e8,73109967
20170121.gkg.csv.zip,b35c0bae5431267e49110904112df7c1,45405654
20170122.gkg.csv.zip,2231da7af21d5b68103fe087c78561b9,39474708
20170123.gkg.csv.zip,a123d49182b71fed80b4209c12f91fa4,66613434
20170124.gkg.csv.zip,6d8e60c1117a52cc21627659c12bf1f0,74933833
20170125.gkg.csv.zip,74bfd7711292cde99a41fb3c98dfc10b,76592062
20170126.gkg.csv.zip,ba58a5800a74a2e41855fa2d2c142d86,72886263
20170127.gkg.csv.zip,bd476aeb05d7e1738a495697f661b749,69632298
20170128.gkg.csv.zip,bbe3ba993359c2b717569c169ac43806,43048501
20170129.gkg.csv.zip,f3284e5b941c48506e194df1ebc37c8b,41487856
20170130.gkg.csv.zip,3e06269a768ccef013d9b1d7eb34af7e,71212132
20170131.gkg.csv.zip,db5a060998712d53796365ad73f69350,77314532
20170201.gkg.csv.zip,da625dfc028843b33fb58ad2fec5da3a,79026721
20170202.gkg.csv.zip,31ca1c70a25d619899ee528dccada656,77469491
20170203.gkg.csv.zip,55cba0dee2792b4ba8c0d2678678a03f,73019629
20170204.gkg.csv.zip,c3ac6c1c294ede0f91aec4ff18c43f59,44078091
20170205.gkg.csv.zip,6bfc04754ec22c7517f3c457b8fd6ac3,38062433
20170206.gkg.csv.zip,5df194305ba707926ccfeb580f63707c,64835222
20170207.gkg.csv.zip,0bff643133111587c81b8cf57a642262,73415203
20170208.gkg.csv.zip,b43f394e8352b746df9bb514c7b367ed,76256780
20170209.gkg.csv.zip,beedc36997e667e40dd3b4819ed14950,76660542
20170210.gkg.csv.zip,54ac2adda7a0039aa17802cd028839c2,71768372
20170211.gkg.csv.zip,815b493ce6cec7680d6a2569b6f5f203,41521039
20170212.gkg.csv.zip,0d0c33e2c990a800befd751af4228a2a,36711983
20170213.gkg.csv.zip,6c9a13b75f01cff12291fc702137c8b7,65765256
20170214.gkg.csv.zip,0d892265968a8120a2450e11403e4eab,73444383
20170215.gkg.csv.zip,67c3bf39ec659a26b47ccf9961a67eef,76439702
20170216.gkg.csv.zip,55a5470f2f6b26e0f2fadb08a6f8d7db,76984759
20170217.gkg.csv.zip,221c605f5d361009dd7c4bef2529bfd0,72005164
20170218.gkg.csv.zip,1309831bf8733a55e666d9d2a4e45027,42172198
20170219.gkg.csv.zip,0fb36241d65c98007b858c8aeb899c34,36819308
20170220.gkg.csv.zip,8d5ea483aa4ca3d96ea081fcb1b806e5,58971078
20170221.gkg.csv.zip,5c2c209c261f8edc15f184f8e1d9f460,70798438
20170222.gkg.csv.zip,7696aafd637b955a8966004faa2c0afb,75287648
20170223.gkg.csv.zip,4b964f7d3fa7f8410c5cd810f2c75f34,73331937
20170224.gkg.csv.zip,ae2fe7c0659d376c8ccb2d5a52d995ea,71184741
20170225.gkg.csv.zip,1af386c39c46bf4e2620733888156e1e,42250936
20170226.gkg.csv.zip,b8d250bec8fde4794f1891b545199cf2,37379498
20170227.gkg.csv.zip,a56802918de49bb8190f0cd96f7480cb,66444053
20170228.gkg.csv.zip,244a4638a1836c100f69e0dc0f03cbef,71788457
20170301.gkg.csv.zip,1b9b6a284a85aba8902c9bec553ff38f,78189149
20170302.gkg.csv.zip,120135e8f970f81d194db43661427fb9,75526050
20170303.gkg.csv.zip,d4dacf5d1c27c7e893e7692d4838c066,71550717
20170304.gkg.csv.zip,458bdc3e8e8d479109822a1e7a911cb7,41572931
20170305.gkg.csv.zip,5ab41886c15d304c0b984a902788d51e,36788176
20170306.gkg.csv.zip,4918bd13e09b71a2fd652b9efaab82a6,64817448
20170307.gkg.csv.zip,fbc53c5b559ea4c7b13e3a13e93c95a3,71591091
20170308.gkg.csv.zip,86cfc457538d27537d871570162a68d7,75589420
20170309.gkg.csv.zip,bd844e9d6e350a6953ca960d43e1759f,75722653
20170310.gkg.csv.zip,49e5988feb86bccc5c0579c8630b7d82,69971624
20170311.gkg.csv.zip,c27b0a903f404b5c0bc81e0c1bb00763,39961369
20170312.gkg.csv.zip,de2adb11bac246a2aced7606515d1ea3,36151277
20170313.gkg.csv.zip,d8fae911eafccd77c61401e701c7a432,59851067
20170314.gkg.csv.zip,deee4b9db607aa7ee9c5ac5d1ad27e54,68208947
20170315.gkg.csv.zip,3ddc1c50ee5e181ce7d406da7ed6fe76,69840104
20170316.gkg.csv.zip,048bbaff9f9a6a6ff0db0138ab5f8d64,74229287
20170317.gkg.csv.zip,456f8fc407ff0599713944994737ea4d,69967903
20170318.gkg.csv.zip,362e61ed61ea0f7c535a9d9837688dcf,39019958
20170319.gkg.csv.zip,9c388f7f60df85c3e1c99069596fda2b,34848148
20170320.gkg.csv.zip,3b4e47f8a8f4ce1fe427ef7046d865c5,60425740
20170321.gkg.csv.zip,f7bd849c29c06919e24e339fdeb7fd3e,68900591
20170322.gkg.csv.zip,4a0473942e29d5eaa51be69249eba7fb,71795820
20170323.gkg.csv.zip,f9a1725e30c9620936e744ead6aab7b4,69677050
20170324.gkg.csv.zip,e5cfd031149f9eb3cf7309d2a2fa73e0,64538925
20170325.gkg.csv.zip,76535df14c8a06fb35472262338d20cb,36697821
20170326.gkg.csv.zip,529eb53d4034b037600bacba6970b88d,32675530
20170327.gkg.csv.zip,54c6bf2e690b523e01744eb157fc6099,58504185
20170328.gkg.csv.zip,414d83c801537b8f3a11b66033bc90a0,67512038
20170329.gkg.csv.zip,aa642a84e5e3bc64d07a678f1902b37e,72038922
20170330.gkg.csv.zip,cfe31d51c642b24731eb023ef484afab,70283424
20170331.gkg.csv.zip,da1cd37166f0861390182da71821c2a3,65006240
20170401.gkg.csv.zip,9ad21f340af119b6eb06c7912c7daebc,36445082
20170402.gkg.csv.zip,58bac3f73eb80d402e2dbf32047bd92d,32752786
20170403.gkg.csv.zip,1908996cfac5edb6545e0e2c76141e9e,61872147
20170404.gkg.csv.zip,bc9534ec559ed6d30729e0c3ca4a25b7,65324170
20170405.gkg.csv.zip,91398d661facf2e589ecd98837cd3322,67952577
20170406.gkg.csv.zip,545ad767991f8b6bf80f099d9ea0ed6d,66488637
20170407.gkg.csv.zip,1722886298ff413aa4e6c375418fd36e,68707304
20170408.gkg.csv.zip,7f62a128be960649a7021886c64bd043,36425807
20170409.gkg.csv.zip,97baf89ff7f7844bac0d4842d49db926,33567250
20170410.gkg.csv.zip,0b6ebc70c22aaec664836a5b992a5cf7,58830863
20170411.gkg.csv.zip,c796b93206740b64934ddd250a07acfd,64051263
20170412.gkg.csv.zip,efdacaaaa217f8e546ee9431a9a3194e,66364113
20170413.gkg.csv.zip,7929af3b19f02ec735a77042e7c8d99d,65247531
20170414.gkg.csv.zip,8bbb01dfca29a496eecf4bb95633b50c,49149289
20170415.gkg.csv.zip,53db262f761acb37d7968b066e433344,34068388
20170416.gkg.csv.zip,7feb00d2a40438d76db88ba56a98edac,31636223
20170417.gkg.csv.zip,3c939480a4e04b85d68afb227532cf66,50240907
20170418.gkg.csv.zip,c457ddf0e637f74c9e28f9b609a06a96,62115054
20170419.gkg.csv.zip,e157545d337ba1d24dc7d9cc635823a7,60997822
20170420.gkg.csv.zip,91a53ec94577e3abf33fc32fa1e68b9f,64780159
20170421.gkg.csv.zip,69cb1dcef57d8d73dcc16b91e972fe14,64904617
20170422.gkg.csv.zip,0250a37b067dc56928fb6e152b9246f8,34097540
20170423.gkg.csv.zip,da192560ea40fb164b02881c49d45bcf,31520942
20170424.gkg.csv.zip,3846a26c9b07a3b54d9fdf94341be76d,57981906
20170425.gkg.csv.zip,80d836705f1f7e4a7a0ec2acaa82157d,66903551
20170426.gkg.csv.zip,a3958bc765f7cece572a484e113ac8bc,68686213
20170427.gkg.csv.zip,560c54a528844af0bff4b3134ee3d98d,70127712
20170428.gkg.csv.zip,7602e4e35d0d8fd10dfbeef780c6f676,64818691
20170429.gkg.csv.zip,ab4e9d5520b6e81d8f53ed216ee145eb,38140148
20170430.gkg.csv.zip,c5dace5e25077401bd4c146792294816,32329480
20170501.gkg.csv.zip,4a7f169aa70ce32aff8860b36691886b,55428271
20170502.gkg.csv.zip,32cb70636207d5c34355c7a23110d3f1,61562997
20170503.gkg.csv.zip,3eeef5d6e5c2fa1054b7d7b2c13477b5,65401869
20170504.gkg.csv.zip,ff81433e68f2dd537a2569c15b8f8f0e,59774337
20170505.gkg.csv.zip,f8cc1cbc2bd4d9afc694a8cdb60e288a,56019534
20170506.gkg.csv.zip,9d508befc6ec778dcbdcf1c474209c5f,34996064
20170507.gkg.csv.zip,6ad0fd6bf2ca1436e320628cfe7ae8b2,32491210
20170508.gkg.csv.zip,f23472162275ef19f7fd9127799d2f48,57006370
20170509.gkg.csv.zip,f832c8ba2592c0750fe737599ad32d70,61802061
20170510.gkg.csv.zip,ca8430194bd682028cef9631825cd30b,62063916
20170511.gkg.csv.zip,70161e97121662725cac819208fdaa4a,61016393
20170512.gkg.csv.zip,1a9852a5e2437d83ad49c9e65215cf74,60382919
20170513.gkg.csv.zip,7e10ee3fe02b73c64fbe12df4072911e,34957792
20170514.gkg.csv.zip,46e1ac30b2440adae387968dc8022d5a,31343999
20170515.gkg.csv.zip,7c78efcc65cc18cf95c1bed91d606382,56446318
20170516.gkg.csv.zip,5e4e07370743df5ad855ffe5fba76df4,62058345
20170517.gkg.csv.zip,ecaf21479edd11f632ac8ec6c2783576,63289327
20170518.gkg.csv.zip,dd70ccc5cd8dd8198abb6d121f40a738,67018525
20170519.gkg.csv.zip,cf407defda18c1595d1f5dde7b8d17bb,61564907
20170520.gkg.csv.zip,7b19af766f23f330a4140ae611e0a063,34623185
20170521.gkg.csv.zip,0ced57b4b70814cc0fa156ce08a779ef,29906382
20170522.gkg.csv.zip,e9a1eeafb3a401dc52c74c5d247d0df7,56309265
20170523.gkg.csv.zip,1b95b86055eb3cb70faf80a731874d3c,64684492
20170524.gkg.csv.zip,72bb9c63bf19c57b0f9108ff6c24670e,63099208
20170525.gkg.csv.zip,4dcf5a07c7cf26506c0abc93e42a6c47,65108044
20170526.gkg.csv.zip,19c782ee34f4d6b38b696a27c65a7bc6,59344829
20170527.gkg.csv.zip,26dbc4a44b40f62c40772139e9e80537,37519226
20170528.gkg.csv.zip,e29f4f8769b7b40d2ef6b8078698a1b5,32996086
20170529.gkg.csv.zip,3f56bbceebeaaf590de5f90534ddfd63,44064708
20170530.gkg.csv.zip,844e9f594725886d8fbd5c12acdd7e72,55620445
20170531.gkg.csv.zip,2d67e55a766b30e76ec54339f2953dbe,63699685
20170601.gkg.csv.zip,16f68bf80e96108374437a488846ff67,62270362
20170602.gkg.csv.zip,9724f6a1cd5d69cdcc1c6044c1ef7000,58979374
20170603.gkg.csv.zip,a22ed7399a9e8c55ce6b162e5401a149,33856220
20170604.gkg.csv.zip,f92dff7f896cf7dc99336bfb01fc5259,33307419
20170605.gkg.csv.zip,f1937c868c30a0e0f54a8876ca13e4ca,58476105
20170606.gkg.csv.zip,dfb3afe2cec6a833e155c19243e104b4,60872377
20170607.gkg.csv.zip,7db554dbcebb6493e070de77248a28f7,63312504
20170608.gkg.csv.zip,2b8ad98ef34160a3ebd801945032e62e,65305464
20170609.gkg.csv.zip,a0e9f850d023d656d451d27f451f61a4,63286523
20170610.gkg.csv.zip,320336b206388e15d85db88f20cf3deb,32783297
20170611.gkg.csv.zip,1951af07c7a235da405e3c3d8ea8367c,32161109
20170612.gkg.csv.zip,52515d78d1437a957572f989719dea73,54208351
20170613.gkg.csv.zip,98cbab7f342af9fc7b4f4524467e0086,61360819
20170614.gkg.csv.zip,73d89153ca76b6ce0747ad5cd7aa6bf4,65209156
20170615.gkg.csv.zip,491b87d2da9b833b58c70b8af110adbd,64882520
20170616.gkg.csv.zip,8ea91a092111afa80f86ba092151debc,60340802
20170617.gkg.csv.zip,d0cf4fda4e4ecf356b4b0c17d1abd6c9,34312058
20170618.gkg.csv.zip,b4dc1d217ea552549e97289e88c1174d,31887327
20170619.gkg.csv.zip,071edf8d1b0e4805465f64ac977ebb7b,57214917
20170620.gkg.csv.zip,f485bd71949f9ab9c26f123f8952f76d,61071205
20170621.gkg.csv.zip,7a0fc006f65260f765bb81786547103b,64351705
20170622.gkg.csv.zip,d33376cdc270a75a0de82134ac683e19,61357120
20170623.gkg.csv.zip,6ca1674f0b6a282bd24682851a27b921,57143358
20170624.gkg.csv.zip,e30ed78a75e02c997f18d40ea4dd052c,35681603
20170625.gkg.csv.zip,efe72b4408ed93edd47c8372f5b3120c,29070175
20170626.gkg.csv.zip,7bf36913739d68ae408aa0622dce2da0,49723947
20170627.gkg.csv.zip,1fbecffb6e47c8bbe55d219b6860d006,50836294
20170628.gkg.csv.zip,c3c50b98dda326d073de419ed672b592,54383023
20170629.gkg.csv.zip,ff0c2c36c7c690bbbc3041739ae6ff7b,50620310
20170630.gkg.csv.zip,6bf5b48447a4b5e5d515a95018c76fed,50709869
20170701.gkg.csv.zip,14e90a67ffc4956f12681b94df9d03f0,31810013
20170702.gkg.csv.zip,96edfcca2017abea713ae893e138a9b0,27380787
20170703.gkg.csv.zip,69b12155e6b67f11337ec92accb3ac98,42198595
20170704.gkg.csv.zip,9ebd6e24319915272e3e897574895fea,39961171
20170705.gkg.csv.zip,4f9c6e4859f3a4ac66bca846cb5d83ff,44551031
20170706.gkg.csv.zip,def51747381c988863bb2a108f88169c,50797127
20170707.gkg.csv.zip,47ec8a80f5d700c4bd61885818c39a23,50328123
20170708.gkg.csv.zip,feaa032732d875e6791769b219a2fb4c,31021107
20170709.gkg.csv.zip,6207b6697b863a4f39d591eda843c76c,28216620
20170710.gkg.csv.zip,f9f6b262b4dd35bde6c4dee16cc1f747,45735503
20170711.gkg.csv.zip,6531466f5aa5bd7f3c2ca426d53ff505,51743862
20170712.gkg.csv.zip,f3b685835ca7b7d04926cddb4745fe86,55048098
20170713.gkg.csv.zip,7deb6bbb91566ba5dff1ec4f7fdbe816,53207040
20170714.gkg.csv.zip,d317a43bc7e9206d2d2c1b9f7fef48b1,49219371
20170715.gkg.csv.zip,e707921a875de2a759737f453168fe2c,29700323
20170716.gkg.csv.zip,820ff4b28b36aed47e1195552d6400fe,25088342
20170717.gkg.csv.zip,7a6623bfcfb85cd2faf6d15e97eb43a6,46672340
20170718.gkg.csv.zip,ffa2c756283ebe431c94803b1f01cece,49955731
20170719.gkg.csv.zip,1b4b147757c22b703bceab6d33e558a9,53734718
20170720.gkg.csv.zip,45aa92b3f685afac117345d7e2931e42,51172080
20170721.gkg.csv.zip,f0369a7613fcbca00a88f2df55887c93,49519940
20170722.gkg.csv.zip,557f0f3f4df3a6bf15d5e3ad1cb240c2,32130083
20170723.gkg.csv.zip,e0c2d273e42cfefb226601ee3d799a74,27488219
20170724.gkg.csv.zip,c7a1719f469322db0114838360578bd0,49293440
20170725.gkg.csv.zip,a844cbb98da0d49527fa7e0833ccc761,54729433
20170726.gkg.csv.zip,ba6a87f200f343167984c292b17ec1d0,52791086
20170727.gkg.csv.zip,4317b2729ce521c6af93eaca8a7ff325,54149694
20170728.gkg.csv.zip,f4184593db51760abf2da0a43449db12,53532312
20170729.gkg.csv.zip,e7a385845ceff8470fa90007ead7f226,32994546
20170730.gkg.csv.zip,e6d57814e3146348059d916baf0c27f1,29482524
20170731.gkg.csv.zip,23168ca1a891831bb7e548ecaf9b4ae5,49725859
20170801.gkg.csv.zip,2e8ac8bcdf83ba81738596b78b69de59,54478064
20170802.gkg.csv.zip,72af9bdb4d4a7b2447d8f431f092b910,59637608
20170803.gkg.csv.zip,47df631d5a298956d57e195be048df38,54748563
20170804.gkg.csv.zip,c361b4e7f3572abb547b65b53b756864,53293264
20170805.gkg.csv.zip,c5da3eadbd52035b565c6a27a4353d71,30672784
20170806.gkg.csv.zip,8e27b8556a63f9103966ebea24a87a09,28032167
20170807.gkg.csv.zip,8ab81f809c352cffb041d116e60e0883,48484874
20170808.gkg.csv.zip,cc69e18dc02a66de21cb4f34a5abc1b6,53317216
20170809.gkg.csv.zip,370e07e83d3a10031ba8c787c408a218,56542193
20170810.gkg.csv.zip,04086ea0426574baf49e1d3ba766990e,50317723
20170811.gkg.csv.zip,c221f22d7fb248bb9cc79faff494063f,49436776
20170812.gkg.csv.zip,487f49905ce2c6d9e3aa7f2d49f7c948,30949208
20170813.gkg.csv.zip,21761769879310635d23212bded4bba6,28775606
20170814.gkg.csv.zip,46e64e43f75b933cff130448637e2c7b,49361177
20170815.gkg.csv.zip,1da1e5aec18e84f8aed9b7addc931450,56625966
20170816.gkg.csv.zip,a0c879494a4e3c10254d9923128da95e,55505736
20170817.gkg.csv.zip,d447b405d061b26a17d0893266bf912a,59252849
20170818.gkg.csv.zip,c3d0c49b03217a7e94c9c15e9a32a680,51989607
20170819.gkg.csv.zip,429afcea23060216abe7ba66ab3e6273,33944506
20170820.gkg.csv.zip,b99803107df8d9c4676d512feef06670,27998794
20170821.gkg.csv.zip,780d0cb9daf95789d1aef06bb83805f8,49429189
20170822.gkg.csv.zip,0f8821761d57ce257d2eed24ed31d8ad,52512347
20170823.gkg.csv.zip,826d0940051745f77f69f62c8cad9fa0,56308920
20170824.gkg.csv.zip,cfae2fde626a9e96124887918b7f7bc7,53869627
20170825.gkg.csv.zip,eddb7b1fa6fa40db6ac3559d43d19e35,52117949
20170826.gkg.csv.zip,f6a82365a7560ac18e6b5bc127d6be69,33909532
20170827.gkg.csv.zip,130c882f95fd1f43ff9181843a249e09,29223732
20170828.gkg.csv.zip,78727bf6c6124229f9a39b16157a9405,47925373
20170829.gkg.csv.zip,e1547191b8a0e69e2cf4d221b9cd8477,57479209
20170830.gkg.csv.zip,bf9f119237fd245b7276ea514cedfbea,59490820
20170831.gkg.csv.zip,e1492f1966d91727edc78f8349281d10,52958450
20170901.gkg.csv.zip,b8f8b7cec1cf1fbee88a0ad29f959dd9,51705597
20170902.gkg.csv.zip,52718300ad28c15aa7fdf70ed9f85afa,31994314
20170903.gkg.csv.zip,0d30186527d1752bdf6dfba03f1f77cb,28557651
20170904.gkg.csv.zip,5559c25beb7b96a692354c60ad432b86,39531528
20170905.gkg.csv.zip,879f8a68c5fb8a63b6e90a0e21dcc3cd,52336884
20170906.gkg.csv.zip,928a3bdb65496f4ddc77e0dbe636ef77,62519642
20170907.gkg.csv.zip,e571c6a1b7d8b7009a3d19933c1f3718,61000232
20170908.gkg.csv.zip,712b1834ba8f135cd23b991af73a3414,59427702
20170909.gkg.csv.zip,3c789cd6a8b0326d5a0aa2f2682132a8,34703656
20170910.gkg.csv.zip,06edb1d293d869162650d217d7bd37b5,32827224
20170911.gkg.csv.zip,7422ef36839611ca9428569df7348326,55636818
20170912.gkg.csv.zip,e7bd445372cb1a2cd0f95aaea5ac17e7,59137344
20170913.gkg.csv.zip,5d1332998170b8bf18c30f88f4a446f3,59924925
20170914.gkg.csv.zip,88238cc3475568a97aa534dd50c8f71e,60577811
20170915.gkg.csv.zip,7cdf29d193332c6c4971254a26fee433,50708669
20170916.gkg.csv.zip,bdbf10a2396998f565a19c8e13a93131,32131237
20170917.gkg.csv.zip,9037b99a6c253c6a377424de3a372544,29238438
20170918.gkg.csv.zip,b8f51a6637c585a51b25c5946fff2784,51648256
20170919.gkg.csv.zip,ee0b729ed5fb4e02e4d0cfbc4deb806c,57897508
20170920.gkg.csv.zip,190d8aa5ce04bdc789d7fd2630407625,59926614
20170921.gkg.csv.zip,d387348b73993821179ee001a7cbe75a,59208043
20170922.gkg.csv.zip,5c5a4df9565c3decaf4a0ac9b0c32397,51146215
20170923.gkg.csv.zip,d796f9656d05556d8c436871ecfa391a,32673332
20170924.gkg.csv.zip,4cbec487d7d89461dd91008c4ea01c03,27331683
20170925.gkg.csv.zip,eda5d63fe496070450dfb7cc4716d3dc,51110066
20170926.gkg.csv.zip,7c04672d1e1f82c2a68beaaba72b52c0,53628674
20170927.gkg.csv.zip,c97670926247d564c90033f317822e60,54116408
20170928.gkg.csv.zip,6c7c153a405bc3ac8ca3f1518a596e6b,54824668
20170929.gkg.csv.zip,ccfd0b0c0a9af09b77788bfaf4514e3c,50205474
20170930.gkg.csv.zip,be4a239cebd76e821b0df8e158ca9da4,28670468
20171001.gkg.csv.zip,6de85edef39983c79700e49f6610f36e,25657242
20171002.gkg.csv.zip,e6327a4d8d96b3e07c2d7b8258ca65c2,50914403
20171003.gkg.csv.zip,2b9252e575a2d5a7bd5d561a05eb709f,58129363
20171004.gkg.csv.zip,f4048571be747a634dc824870761f6b5,53504081
20171005.gkg.csv.zip,ea05f56c0b1ba979d55062c690369bf3,56195334
20171006.gkg.csv.zip,e036f945573e81267e77ef606937e236,51316318
20171007.gkg.csv.zip,da77c5cfeec420d3d223214534970a9f,32162266
20171008.gkg.csv.zip,74de0e6c69da8dc6536df8601c18abd0,28828998
20171009.gkg.csv.zip,78275c51772a02ab2f70983c590d6671,48584608
20171010.gkg.csv.zip,b5e5ac616505098cafc123996ab04ddf,54067722
20171011.gkg.csv.zip,09557f7d9b131a78fad0addd13fad8d4,57498892
20171012.gkg.csv.zip,53359fb5a27dafa028a0c05cbb6c5d06,58226434
20171013.gkg.csv.zip,50823ee119d1a40fdb0690a00051d76a,56039497
20171014.gkg.csv.zip,1e9aa8ec93c6066818e26ea75af9c471,31779887
20171015.gkg.csv.zip,3b84dae6cea077da2195da56baa66b8e,29484003
20171016.gkg.csv.zip,c3f16eedbf95e80bfff0198125a6c632,49700821
20171017.gkg.csv.zip,af71b2356e86b06d6c0f2c19e40d1827,59508962
20171018.gkg.csv.zip,94fa732289650ee45bbd68f76031fca5,54960277
20171019.gkg.csv.zip,0dd3728126b65586a59c778268712ba3,58689274
20171020.gkg.csv.zip,9491112cd34dee7f85d7bef64c35fab6,56784251
20171021.gkg.csv.zip,6a1d25869591b7dee656746f75d853f7,31177538
20171022.gkg.csv.zip,2c12fe8e234d0b2fc72beb3001b204fc,28948831
20171023.gkg.csv.zip,05b25535946328280fe7f96e0e4ee78b,54429208
20171024.gkg.csv.zip,0bbbd07dcc5fe40ff8a224eba12d48e0,57623745
20171025.gkg.csv.zip,fc0e3d504b14ff912532ff9fe3533084,59546151
20171026.gkg.csv.zip,aaae574c3255c2ead2cb021fc886d500,62612068
20171027.gkg.csv.zip,dcd1a977e0c8f3255ab767a7fa7051d8,55094797
20171028.gkg.csv.zip,fdb2a2d6e5595f6c7495949bd91955bb,31482766
20171029.gkg.csv.zip,82dc47999c2237f9f1e001f4d992062b,29035510
20171030.gkg.csv.zip,5062ff1977332e8883c8f31be569f7b3,51223898
20171031.gkg.csv.zip,f386288e431577ad69b3af27052c06a3,60439000
20171101.gkg.csv.zip,e5fa9508b8df2732fcaddb6a8d8a0283,64324245
20171102.gkg.csv.zip,a6d07dc9ec0e6b3a023a62951b208e4b,60558692
20171103.gkg.csv.zip,412ceb39e15cf68fbfcfdabade62eed4,59014102
20171104.gkg.csv.zip,1a21c2b338363fe64352c1fd5c001b67,31610868
20171105.gkg.csv.zip,8ea0f7828b9c7394ce6835ad8f141b6c,29856250
20171106.gkg.csv.zip,f0685b9b8bc8a71b7f4b8fc1fe1c4174,55558126
20171107.gkg.csv.zip,dd73d0cb1b137ff4268521bfb5b54ce9,62307263
20171108.gkg.csv.zip,d6f5f71da8302b249663be68c8550306,61605876
20171109.gkg.csv.zip,577964eff42e23bcccf9c5e307ce1c97,62957908
20171110.gkg.csv.zip,4fe0fa0845e4754245571b2ba45a6a49,57072257
20171111.gkg.csv.zip,df38cbf98f7704e7a84ed6b0e1eca7ba,32276415
20171112.gkg.csv.zip,beaad241b6e0e1407e9b2ec50101c8df,29816902
20171113.gkg.csv.zip,133b20173e80581f9259375213edefa6,54514084
20171114.gkg.csv.zip,32380a4ff0fa1e6b2a19e75f1c64c73f,60902034
20171115.gkg.csv.zip,a4dae56472b2636cd81ead0c0045a777,63099621
20171116.gkg.csv.zip,44354cb2e14c82c6ded889fe20bb5e42,59044016
20171117.gkg.csv.zip,b478768fd1835aa658f86cab253624eb,57506489
20171118.gkg.csv.zip,dd0a1f82175e09c7df975d66ff633dab,31944831
20171119.gkg.csv.zip,0edca80a6ded5156b30bee53f94d1ad1,28255361
20171120.gkg.csv.zip,b3a95eb56d3da79ce15b5751690e0210,52363377
20171121.gkg.csv.zip,a840ad772bcdc0bb5d459a77f710d0f1,59817763
20171122.gkg.csv.zip,5b6d382c2c0073ced992ffed48039a5d,57459582
20171123.gkg.csv.zip,5ac8dc12212acde9f7d84f968487116e,43226462
20171124.gkg.csv.zip,887aa9bc8011d157fe7a1288bdac7f00,43559518
20171125.gkg.csv.zip,c28ea8d31c91334167b6fbcad86efdd1,27475293
20171126.gkg.csv.zip,630593638dde25bf94c06963154a2f42,28152290
20171127.gkg.csv.zip,01e10f1526846a0365a2917235f4882f,49297317
20171128.gkg.csv.zip,318e2e1aca5cbf559ccbe3c018b11534,59483974
20171129.gkg.csv.zip,9727280107cabbdf525a5a8c807c05d1,61551303
20171130.gkg.csv.zip,5b78b5035df06d5c9d921eadcbe21bcb,60774963
20171201.gkg.csv.zip,5ef4ff2623f3c5ab0d70d2defc2404d4,57238123
20171202.gkg.csv.zip,1e9e5e721a60215527c8fb22413a88a8,33276221
20171203.gkg.csv.zip,6557e53404efc19260ba42dd6c2457ea,26609021
20171204.gkg.csv.zip,5c7d9c2b51425fa80fc3eadea042b010,49613618
20171205.gkg.csv.zip,3bda356d8e7b5eacec1188d3854f92c2,58443794
20171206.gkg.csv.zip,0154da2e5c59bb0077d9918abb50b6fd,59413879
20171207.gkg.csv.zip,af261e6947dd502612b63c9057f4ef74,61696438
20171208.gkg.csv.zip,07d06c16801b323805ffb38a368421fb,57122258
20171209.gkg.csv.zip,25ff4d0f681f8d9024993826d15c1832,31341407
20171210.gkg.csv.zip,3d9818e79a3d2e3b0c41909358a87d5a,27905834
20171211.gkg.csv.zip,8b42ec3fa704002a976ea2d150d1cd96,48652661
20171212.gkg.csv.zip,f28cfa711b674af73ec233ccb5d40c8a,55658228
20171213.gkg.csv.zip,7739d78411ed9d3ece9822c189f8a9eb,59348671
20171214.gkg.csv.zip,ff3d31e2aba70d6e12dd23e0fed008fc,57436821
20171215.gkg.csv.zip,dc1bb7d4f6e56a4991dca23632b3b2df,52643612
20171216.gkg.csv.zip,a55265f43de7fb6b5af970c13afd1146,29136176
20171217.gkg.csv.zip,72518a38a791b2e35d869a6d2d721e4c,26723805
20171218.gkg.csv.zip,a1c57d5ded45623f10f430a8b5ed10a3,46330024
20171219.gkg.csv.zip,6ac0ed1942b86d648c89a4fcf9597f5e,53427645
20171220.gkg.csv.zip,bcffbafc05c7cac3825b19ba6dbf9395,53206423
20171221.gkg.csv.zip,f3b521f91cfbbd79e4550e69f405eae7,54627263
20171222.gkg.csv.zip,024f6d6bad2fb1d0f8871834782237ef,47882595
20171223.gkg.csv.zip,935a624903d5e33ee5d6907291ca3e56,29300730
20171224.gkg.csv.zip,0d6517f6ab42dcbcd2f89db6b34d8c3c,24080851
20171225.gkg.csv.zip,f42444d16320d683ebdcd56dc0a0e324,22368212
20171226.gkg.csv.zip,6dfc649bf17faa49cccf91d61108fbde,31334248
20171227.gkg.csv.zip,bbe378f16d4778284c9c206721ee2ded,40308174
20171228.gkg.csv.zip,d04de0e59392ef364eb73142ba5af3b6,43854104
20171229.gkg.csv.zip,51e32119fabfad0d3b6275b755a7e400,42087836
20171230.gkg.csv.zip,402db9f2033647a72b9d9c0d12f80f60,27683236
20171231.gkg.csv.zip,18bc89270acefb9ac42db98b0ecdf8aa,25311520
20180101.gkg.csv.zip,493f3b64b808eb5aa5a2bdf92093607b,28231441
20180102.gkg.csv.zip,3ac06550c7e7ce940780a929337919b9,41517290
20180103.gkg.csv.zip,c41d9bc78089a857ef0b95a8f309b717,51456337
20180104.gkg.csv.zip,e0ea422bf868f85b212a31a0e8fb82ac,53082991
20180105.gkg.csv.zip,d4621d18e0ff87df06974a94076b3dca,49843980
20180106.gkg.csv.zip,b1239e69fc300f1d271092f85897bb05,31731256
20180107.gkg.csv.zip,4b2399bc9beb4a831216490252a414a8,24958734
20180108.gkg.csv.zip,a3f12d2f40e8b1f5b1327f989ef9cbb0,49810122
20180109.gkg.csv.zip,cc08e48ab7d8c9f950a87c27f3e92eca,54643013
20180110.gkg.csv.zip,f67af893494c41ded3cafd7c3781655a,58908898
20180111.gkg.csv.zip,ad34107edc4d55a58f7d1b0aa9031f37,59443850
20180112.gkg.csv.zip,db689353687a98f31739f5f18f9e7924,54295251
20180113.gkg.csv.zip,bf9b3f6cc9f27d43a3a96b8662c727fb,32065122
20180114.gkg.csv.zip,7a7f4a08ad4b0ad85d200aea7d0d528b,28168004
20180115.gkg.csv.zip,c4421163f33652b2737bfbdce9ec4066,44740622
20180116.gkg.csv.zip,9efd4bceb8de151fc2d7476ccf494fc1,54638195
20180117.gkg.csv.zip,94b22e37acd47d1b617350b16c6bc00a,59779856
20180118.gkg.csv.zip,ad7bb55d3530f61642bfd3bff399d594,58349031
20180119.gkg.csv.zip,2c67b77371d7c4a4394c851808d682b9,57687181
20180120.gkg.csv.zip,413b350c7020169e56ace78ce4b5b671,35429429
20180121.gkg.csv.zip,e088eb9d12b63b39156612ba6d5498e9,31008898
20180122.gkg.csv.zip,c6f9efc5a8684d6f674c084a02a40b2e,51267690
20180123.gkg.csv.zip,b0d4c37c15b8b64d33a43ce877b69a85,57807054
20180124.gkg.csv.zip,1faa0c0adafc257e729ba239190fff48,57918384
20180125.gkg.csv.zip,16f4a5c900eb43461488f812a237d447,56569201
20180126.gkg.csv.zip,fc142e9921600899922204b7229bbbd9,52903000
20180127.gkg.csv.zip,13b6a81c1a6dbf81a79baf01e8a5a466,32778387
20180128.gkg.csv.zip,07ca9757378accf9a00d649f8d0f0cd9,29394573
20180129.gkg.csv.zip,4c3beeb3325c5cec04de7eecb78715ec,49195470
20180130.gkg.csv.zip,f30253184c6ca73f2a523658a690f8ae,56672745
20180131.gkg.csv.zip,9872d441f444f9b0ea0db477b3775d52,60667772
20180201.gkg.csv.zip,0b0550d8bac86cc40fda0fbad65381d8,60337635
20180202.gkg.csv.zip,2afbf04757347586ae1da9125c19f12a,56828743
20180203.gkg.csv.zip,0b0dc1458fa4c195659fa3fa427b77a7,33263692
20180204.gkg.csv.zip,41b71bf8bd8adf1432cc9246ef5b1e13,29052434
20180205.gkg.csv.zip,d3154adca921b1c55aff5817bc30fb13,52103215
20180206.gkg.csv.zip,01650274632830dff59e17e754f084b8,58763787
20180207.gkg.csv.zip,e47a01351e774cde11828070f046bfbe,58457379
20180208.gkg.csv.zip,d44a13fe5c7f138ad862e8200dc229b4,56766700
20180209.gkg.csv.zip,1d220f4f616f82a297010bc12f244413,53310931
20180210.gkg.csv.zip,af1939700d3fd7c4dc3aca7632ff833a,34368314
20180211.gkg.csv.zip,8bedee34db52712b71e32ded5bc84334,29587847
20180212.gkg.csv.zip,5f82508f8dff21fc4aa022da56cab027,51506675
20180213.gkg.csv.zip,ed272bfb691134f76779f12e84d1b72e,55925126
20180214.gkg.csv.zip,9eccce2a35e3e75f15c6b9e3dc3dd1ac,58415215
20180215.gkg.csv.zip,1fce222e8ef3677ba20346a77be47672,60628868
20180216.gkg.csv.zip,090651434fbc733f05b9b6bcb2679cfd,55252001
20180217.gkg.csv.zip,0a57eca75384a247d07c2c78628b2712,35302788
20180218.gkg.csv.zip,340fa5272bb2f661d2d5bccb1ad8695f,29981799
20180219.gkg.csv.zip,cd93eec07bb3b36938ab4c0aa448e2ad,44975228
20180220.gkg.csv.zip,4c19e7ba543270bc3d31e43837005b66,59008895
20180221.gkg.csv.zip,bc2ff13f21b72f9bc616573e2e3825e0,60757713
20180222.gkg.csv.zip,2885427bbaed34c19032748a9288e354,61331452
20180223.gkg.csv.zip,2db2d61622273f74112f8e46a7cf8a0a,56443810
20180224.gkg.csv.zip,bf9009e51489e7190fae3a2185b38463,36480986
20180225.gkg.csv.zip,4d6e0905ee263321234ac01d53038205,30704328
20180226.gkg.csv.zip,f6703d1ff7f43f436088ba4d0636aee5,52276130
20180227.gkg.csv.zip,f4dc9ed43afa2b0fbaa2247cc76fb4e9,55420464
20180228.gkg.csv.zip,af8d50a4512cef9aac0088599bdee140,61741732
20180301.gkg.csv.zip,a3588957046105d408965f9596f9b1d9,62645393
20180302.gkg.csv.zip,608e64a119d4148b02eda35d94f027e0,57708221
20180303.gkg.csv.zip,eb1497d1214932529a1f1225c4a6877d,35119222
20180304.gkg.csv.zip,1ab637aeb77b1aa263773157b4352530,27779550
20180305.gkg.csv.zip,577b0ca07f2fc632d340ad0b3847bef2,55109323
20180306.gkg.csv.zip,6e502403789ef4f7ea4b21e84f080246,60397401
20180307.gkg.csv.zip,29102ae2f238ee1f0a3cefd8d9e5c0df,63428903
20180308.gkg.csv.zip,8fe924f4da08f4f5c462b4b1ca5c78ae,60588106
20180309.gkg.csv.zip,35bb51da8d9c05cc2e41d7d13b5bf20e,59803059
20180310.gkg.csv.zip,d2588d109b97349b377b95a5992fea8a,34941554
20180311.gkg.csv.zip,4956854332b37e54d57b311510596618,30989420
20180312.gkg.csv.zip,dcd452eb47a8ed92b77846d43ce17f23,54109972
20180313.gkg.csv.zip,b346849990e59514532f1ee6804268b8,58645883
20180314.gkg.csv.zip,27cbb99a0f66cf9ad983df28e84932d9,65362575
20180315.gkg.csv.zip,ee94883dc6187061a823efa1efd5fe4d,61552713
20180316.gkg.csv.zip,343fc7887156ed232ae90a34a22f86c7,59320208
20180317.gkg.csv.zip,5315bc206987ffb6c9be1b118278f896,33941150
20180318.gkg.csv.zip,f74045cb110007d15f5ef15cf08c64ec,29509417
20180319.gkg.csv.zip,5c7a40058665a3e0579a7546f6579ff8,55985467
20180320.gkg.csv.zip,96bb9375d92dad27b4cda84fca685b88,59457379
20180321.gkg.csv.zip,0be1d24238bc290ada3f9b8234d67482,61303863
20180322.gkg.csv.zip,802c269b2898c65930d489ab371ada76,61344531
20180323.gkg.csv.zip,af4d533f2207fe2998fdc0c56fdb68d4,57334467
20180324.gkg.csv.zip,7638866bf9d5e203c37b956ff3ade821,32929948
20180325.gkg.csv.zip,08791499178a7a33cabb774838ac883f,29877379
20180326.gkg.csv.zip,6c161f885d43d5245583e9c8e6be1131,52442120
20180327.gkg.csv.zip,d137e7d6a270333b96173f3467d625de,59903490
20180328.gkg.csv.zip,7850b369bbe25cf3cbcb7e6b4ecef237,59913634
20180329.gkg.csv.zip,a5d2a2e283f9e5c18bbf2532d4961b94,59049632
20180330.gkg.csv.zip,c5d1e5a4b2c3bf855533fdf136b3eebd,46240517
20180331.gkg.csv.zip,1ae715809c09788ebe5d5da7462b84bd,29647041
20180401.gkg.csv.zip,447836527d7680f82789127f8018d510,26101084
20180402.gkg.csv.zip,fadb56675243bc3cb5134314e033549c,45650375
20180403.gkg.csv.zip,8ad7aab612beafa64d54cf8b31399114,55663690
20180404.gkg.csv.zip,347ac343cd9bf52ccb2037a890772ff8,59565686
20180405.gkg.csv.zip,d959c73ba7c0dd6c9e826cc1d37ca6a2,59106578
20180406.gkg.csv.zip,d1a20555ee89a818c9677142ab7452d0,54620452
20180407.gkg.csv.zip,1cea2d245eb8428435886310c064ba90,31549377
20180408.gkg.csv.zip,cc6482d9e3042e07e5dc8bd8152a1403,29130280
20180409.gkg.csv.zip,eb83f72b66f769c4594412cd1dfa7217,52725663
20180410.gkg.csv.zip,fa9e7fd8b9c077145f12ff7f77652499,60298054
20180411.gkg.csv.zip,310daa7c37416253e4f95f95071e4dc2,61271629
20180412.gkg.csv.zip,07e40a6e08361e7a276bf3c52c05ecb2,62359499
20180413.gkg.csv.zip,f7050f7d9e95321ac4d9406550a6101d,56254159
20180414.gkg.csv.zip,697dedf61b263db1c6f04fa357f1ba3a,35665058
20180415.gkg.csv.zip,8a07f48cb52f29db6a57d3c40b509b72,28966254
20180416.gkg.csv.zip,33591510e981b78c9e9c12073d88faf6,52630930
20180417.gkg.csv.zip,0ec03580553a15370a841b0dd044b89f,58715494
20180418.gkg.csv.zip,cdf12a81536acd70c848966557a5dac2,64446650
20180419.gkg.csv.zip,49d0f21742614158d27df1a349a91de4,63481902
20180420.gkg.csv.zip,2631a4ef8a561f6578a9ed7075f1b98c,54938646
20180421.gkg.csv.zip,4c4bb05df6f6faf14533c4ffea60f7ca,33391166
20180422.gkg.csv.zip,77435cb877167229500304c3d8adf7b7,29607724
20180423.gkg.csv.zip,9c5bd7c20a1fd89d657f434fbbbd775b,51987130
20180424.gkg.csv.zip,032b24671e766d5329e6c62b9e1125e9,61584841
20180425.gkg.csv.zip,a430f93fdcc6533f10280026cb0f8e7a,58097717
20180426.gkg.csv.zip,49847e51e722bb26d982567b79b0c75c,57197543
20180427.gkg.csv.zip,b077adf35e65054a485da9e9abfc4ea0,56507831
20180428.gkg.csv.zip,1010bae47d72805c84742ec4ab618a46,32192485
20180429.gkg.csv.zip,313d111828f7c77653a051a596efa68e,27394867
20180430.gkg.csv.zip,78c96f3645757df3e50dfd7e5bbea4e6,53324687
20180501.gkg.csv.zip,d3f582dc4716e2874bd286c3d4c0eebc,56407879
20180502.gkg.csv.zip,54aa42a95a1b00a1dfff4f0d089b92bd,58800505
20180503.gkg.csv.zip,215ea20f93a727b07b73e25352d4ae17,60033754
20180504.gkg.csv.zip,123c6046c14495ac2c815fb9e0944b29,57192675
20180505.gkg.csv.zip,c7089d03fb9cae86b38b951ccfe1a4df,32300999
20180506.gkg.csv.zip,aedbea24620221946b1668f3f7d9c314,28686961
20180507.gkg.csv.zip,a942c654db39ec10b298db52a79ebc2e,50353907
20180508.gkg.csv.zip,69602fdd85b28d6159701063913c04e8,57075996
20180509.gkg.csv.zip,34bafc5ce287a7eefaf08938554083e2,62574531
20180510.gkg.csv.zip,01b8e874207a00baf7e23b944b1d237f,62581005
20180511.gkg.csv.zip,6bd6f8f7725433a078af5ac5fb342c14,55822997
20180512.gkg.csv.zip,68aab2b5a9421cc59b7039369b6eb838,30834220
20180513.gkg.csv.zip,207d3df9613228a7099f1288a368044b,28935291
20180514.gkg.csv.zip,29bd8e99622dbeee9c7779c70fb48ccb,53363872
20180515.gkg.csv.zip,fb61cb8dd2f4716e4bd9301a27fe6a70,59060546
20180516.gkg.csv.zip,2fcb860914bd10136bef992a18e9afad,63534827
20180517.gkg.csv.zip,88524aafa5676981a20dca28f37adcb3,62610094
20180518.gkg.csv.zip,417e7e3d999672b7049d93e4daeffb0b,58318622
20180519.gkg.csv.zip,02b4275512fb14a19f9535b09eb83c74,33778174
20180520.gkg.csv.zip,6a93682a0daadd122737eccfc6531614,27729090
20180521.gkg.csv.zip,dccc19f81eed466e0b6a69817cb203dd,51187175
20180522.gkg.csv.zip,94685ddd644adb74b772cabb112ee921,57038708
20180523.gkg.csv.zip,b9b84e59e5456f5012d900011c7e69bf,62778694
20180524.gkg.csv.zip,31b7b0f680ae4e42d5ac82965bca62ca,63110032
20180525.gkg.csv.zip,20a74d2d5e22654f3d779cc6c9990a3b,55225109
20180526.gkg.csv.zip,c6ed5d1e690f196d48f0fef3d2b192a5,32505347
20180527.gkg.csv.zip,ab735a402ff38ef0031a8bae20d41485,29528532
20180528.gkg.csv.zip,289ece9136cea307c67095973d71c5ac,38302521
20180529.gkg.csv.zip,ec37d2f27084c4432369f48c11cf721a,54141573
20180530.gkg.csv.zip,cb14bbb9fe0195adfd31348aad16cde1,60374149
20180531.gkg.csv.zip,50fcf6b63af42e477c3122ebb29111d6,57797436
20180601.gkg.csv.zip,f011d10ee5461428678984e5f8762142,55460878
20180602.gkg.csv.zip,52dd13f0fd3626d59abc9c54ba4e2d3e,31926227
20180603.gkg.csv.zip,7879a59872c324fc44d68501cf00d0e2,28782499
20180604.gkg.csv.zip,31e818d59a21b766790e1462b6b47a52,50262902
20180605.gkg.csv.zip,c041c5234023526e8d5588ed4d28cad5,57688090
20180606.gkg.csv.zip,2269fe2a9a38c53e0cffbffce429162b,61528134
20180607.gkg.csv.zip,49aaa4a65b345a9d56bd71392d38abea,59371597
20180608.gkg.csv.zip,8af646b39d897ed067bdd8ca954dd296,54987372
20180609.gkg.csv.zip,406f65638399471dfb4db31e0adb2b1e,30905255
20180610.gkg.csv.zip,f124ba77d28e3f7e8e058020f9ea05f4,29247872
20180611.gkg.csv.zip,93688a0fa8d90a2a964c3909849bdfac,54339342
20180612.gkg.csv.zip,e7f9a74082068bc58785350342f3b3a6,58032789
20180613.gkg.csv.zip,16c6cdf4060d3567f8bf278ff705e68b,58576655
20180614.gkg.csv.zip,5195d439d01ef863ab950d4d1d512ec4,59830421
20180615.gkg.csv.zip,1efbe0d1bbc78ea47b5987557da39087,53406389
20180616.gkg.csv.zip,bc1d82a02d636815fc3b61e4b41a6b52,30504674
20180617.gkg.csv.zip,2bd2507a659639257f0139c2a38b7ef0,27200373
20180618.gkg.csv.zip,bd3c4785fe47e12f237eade9d7207d71,50683336
20180619.gkg.csv.zip,2156a7b2e68290087679fdc70fe9b1e0,56367977
20180620.gkg.csv.zip,71101b1abe1eb58ad38d5e2e24787089,62117599
20180621.gkg.csv.zip,5c5306e3fee840a031f2eeb95be97256,59604939
20180622.gkg.csv.zip,3941048f4e0fb6b1d873c00256e03ff9,57362103
20180623.gkg.csv.zip,e99c55c176a3e4db4bab1b3eba300b73,31550439
20180624.gkg.csv.zip,4884341264506d4e3ef3e475df12bf9c,28712829
20180625.gkg.csv.zip,ec2e32c84c21950f52829c937b3075fa,51110539
20180626.gkg.csv.zip,1717a7a38ffd2a193258a1fed636e704,58049007
20180627.gkg.csv.zip,6ed05869838b1c4b18cc98cefad8d105,59006350
20180628.gkg.csv.zip,1a79d9cfa025801cbd0017ebf3d105ef,60128032
20180629.gkg.csv.zip,ed602d1a19ecd7504eb562e5c66bbef8,56263430
20180630.gkg.csv.zip,31a640b27012deb7a2273e3f224e3811,32759495
20180701.gkg.csv.zip,b50010e1c7d61d43ca40b54ad5faccb0,28577583
20180702.gkg.csv.zip,13f4c0d6dd4109e89f3d6aebc7651ea3,50173763
20180703.gkg.csv.zip,743625d34572a07fbb670ad7e5ef84d1,52970255
20180704.gkg.csv.zip,c2a31d41c868a196b78b98a0b96376e2,46228247
20180705.gkg.csv.zip,b9352f7870dc2c2749248356ec75d3f4,52867031
20180706.gkg.csv.zip,838c5d87a7f28d1ba245094a133bec93,52578345
20180707.gkg.csv.zip,68d494a5a43eb954bb3ccde0c4baf227,30821819
20180708.gkg.csv.zip,a1664e786685354d542f8d64d3a55eda,26649978
20180709.gkg.csv.zip,999921cb5efd4a9257c69668727173fd,50498778
20180710.gkg.csv.zip,a5be72d0fab608b73d100bbb7d5f8cef,57280733
20180711.gkg.csv.zip,16f114a3fb62d8b4fae02eaf9c96e24c,58096313
20180712.gkg.csv.zip,f8ec6ff184d38424f8f2ab74b249df20,58378803
20180713.gkg.csv.zip,736170772a3a6a839e8097b7fb5e371c,54310120
20180714.gkg.csv.zip,d50a752e7952396bc76de5c19b204528,30005354
20180715.gkg.csv.zip,4ba626331c7211f0122a599379ddea14,20567667
20180716.gkg.csv.zip,d8e1a38ed10dc6e7efedd271e7cab229,44770250
20180717.gkg.csv.zip,ade24bc709180c09fd06aa391a614e2f,48788503
20180718.gkg.csv.zip,ff93c9010d7c1b315cfa4a4a5bc3057c,50124591
20180719.gkg.csv.zip,06db9a1358d402a7a0c38c3f111dce42,50202748
20180720.gkg.csv.zip,ef438fd53c9a85e4c4047c94da6d736c,48378638
20180721.gkg.csv.zip,de6bc5fd6500d5b0eef8d33077e52ff3,28040856
20180722.gkg.csv.zip,9109cb168261452311c36e20a7b56ca6,24987060
20180723.gkg.csv.zip,15504200a606e8ffab7104d03ec3648b,46209445
20180724.gkg.csv.zip,b5b2bb6ea0a36013b139786b59d75ca8,52323264
20180725.gkg.csv.zip,58cc71fb81f939aeae6a2a00af505b84,51450355
20180726.gkg.csv.zip,159b2f63ccd9ce3b2d0c3105588f5ec4,51600093
20180727.gkg.csv.zip,9109b1114b3c5487751911dd2462d1c0,46920146
20180728.gkg.csv.zip,312e18118df197ad43bcfeb50f354dea,27707478
20180729.gkg.csv.zip,e8c3f9a5f3d59d416148e3790f606b2c,25474057
20180730.gkg.csv.zip,c2ddd8dea2bd6e41cee19447889b9051,44620411
20180731.gkg.csv.zip,9c481b75ca8571d6a9cbf5ac966b0ef6,51032764
20180801.gkg.csv.zip,6d834dccac797889613c6e0e599a0242,52443210
20180802.gkg.csv.zip,47ead828bb8349e21aecdcdf3f56cda6,51124271
20180803.gkg.csv.zip,9c4e16792ed948d0854305e0d5e47439,47183526
20180804.gkg.csv.zip,c720df21db88e38d431ffe5f25a3a4fe,27948595
20180805.gkg.csv.zip,cec014bbbd16538925cc0c71ee3d2ea3,24179826
20180806.gkg.csv.zip,fc24b8a78d51dd3895848a68fbc50779,46219438
20180807.gkg.csv.zip,dd581153c8ac3b66d9862833cc72f47e,51335659
20180808.gkg.csv.zip,a20171803e9f5e9cd2c5183a3e448003,52539031
20180809.gkg.csv.zip,7852401880654165543333cb94f68a2d,48616185
20180810.gkg.csv.zip,e0099907a6a1acf1cad872b78f519ba5,45075357
20180811.gkg.csv.zip,ebf88991cb3a7f3347acbccb47d7d2a9,26854308
20180812.gkg.csv.zip,bdb51d70097f3451616a6f9cb6ec4f57,23968501
20180813.gkg.csv.zip,0d14ac3e476f3851832f43d0c456f924,42586737
20180814.gkg.csv.zip,333df3fc7d00e1b5a52c1223004d3260,47089648
20180815.gkg.csv.zip,6ad898501be55f636478d9b41b411e5a,47287532
20180816.gkg.csv.zip,e2de13f7259413a7b12d9fb8c8e8fe39,49289449
20180817.gkg.csv.zip,c4af20f5990dcb4e0de0140554f96435,44873341
20180818.gkg.csv.zip,3f59b8b58473df4bfe69714ca39c341b,26849272
20180819.gkg.csv.zip,2fb255d5f0c28af25627783c25073c5f,23277024
20180820.gkg.csv.zip,d0a4741a40251f9976c57c491691060d,42102137
20180821.gkg.csv.zip,f09c7c6d746f47781e41aad50737cbd9,43460200
20180822.gkg.csv.zip,17424ece64ed3819696e875e1f8d3937,48157459
20180823.gkg.csv.zip,1b9e987131c407540307b4812d362577,48523253
20180824.gkg.csv.zip,b2d7e5a140e64917b6c5b88889ee0659,45163683
20180825.gkg.csv.zip,93c0fb8f2ffb3e5720137a6147051296,27361052
20180826.gkg.csv.zip,04d13512d1e67cec84f587bbaaca1e43,26352627
20180827.gkg.csv.zip,4cd8d44edfcc94b15d4c5f062b537d6e,40784666
20180828.gkg.csv.zip,666f826955fff6ecf7d7224c8b772c3d,47150230
20180829.gkg.csv.zip,52e85e329e741540d02567a798b3b4ab,49799685
20180830.gkg.csv.zip,c5e5b7e1a7852ee8c64c8964d82a9eb9,48983013
20180831.gkg.csv.zip,fd96839f16e275dd8d61d33b5f7cc066,46142162
20180901.gkg.csv.zip,d8a363c47d8c83f8428c379c4fcc9d15,26808409
20180902.gkg.csv.zip,aecc821d931f4e67f8b4e6933cdcf4b0,22567744
20180903.gkg.csv.zip,4612ee79667f01f31b2e82bd2d091b48,34038865
20180904.gkg.csv.zip,02027c4555ce9968f43741bebb4d6d2d,45071046
20180905.gkg.csv.zip,e0121ce1f7d2ed0d5aa24141f724d4f5,50878648
20180906.gkg.csv.zip,f9942c6868f01c24aaf5e60947f5eb8c,49933471
20180907.gkg.csv.zip,66207746f5046adf4a58cde1a87778df,46321541
20180908.gkg.csv.zip,6c3f09670e5103ad60c9431b62eae60d,26715867
20180909.gkg.csv.zip,57c8de01a2795ecadce6df7cb085b938,25347497
20180910.gkg.csv.zip,5ff7b49658efc503f022a7908825875d,43771603
20180911.gkg.csv.zip,ab2cb333284d13d988f7f9cee30cb05c,47626291
20180912.gkg.csv.zip,cdaa00159cf72c6917eac5218e2080ba,50558493
20180913.gkg.csv.zip,cbf914d4abfb327f89ca39e58d8793d2,49422489
20180914.gkg.csv.zip,85048f398cb9f3954bc94d98b3445313,48045401
20180915.gkg.csv.zip,8bfacdbad855934c37b35eb4dc1458ef,27723474
20180916.gkg.csv.zip,a4d16927ae77fe2eab064c88cfe41367,24630987
20180917.gkg.csv.zip,0278149b10dea5031050ffead9ca4d2d,43003216
20180918.gkg.csv.zip,f28b938b88a55c2e3a2f56d7e97965d3,48231820
20180919.gkg.csv.zip,c59a968297fe2cbcfb1eb77dd98e1c64,48432494
20180920.gkg.csv.zip,794fe4252fdc73e37c6c5f777288c71f,48632897
20180921.gkg.csv.zip,b34a76e6b1357901a426a8933cd525b2,45043623
20180922.gkg.csv.zip,4a48ecd8bc1c257dbd6b3d954014497a,26548147
20180923.gkg.csv.zip,7ced071dfa4cc8cae1e83ce763fb9642,24248682
20180924.gkg.csv.zip,5f4b80cacd651565421a06a883c298e2,42358327
20180925.gkg.csv.zip,d5864a7c82ff6f0af2eeeb01d6f1dd31,47331411
20180926.gkg.csv.zip,53a12583679f0a53c4b3beeb78ae6034,48632420
20180927.gkg.csv.zip,e60afe413fa491d98459de1d9a45c343,47701258
20180928.gkg.csv.zip,d002cb182dfbc89dd6a77e57e7dfb820,44969569
20180929.gkg.csv.zip,080367e5913f46de1d71e5f7341baf46,26113464
20180930.gkg.csv.zip,7811ab929b5da8d927b88f3b21aeed3d,23758854
20181001.gkg.csv.zip,a990172e46a8b46a169cd6559d0f239a,43240977
20181002.gkg.csv.zip,60a8353061db8358dc8ee4a2eb918840,45501166
20181003.gkg.csv.zip,b00e555ab4a44f1bcbb5a99759386f4c,48374444
20181004.gkg.csv.zip,d0577e36f615295e584af1b37e59d158,49160221
20181005.gkg.csv.zip,1bb1afc0dbfbb080ae2f8f0217253c04,45730743
20181006.gkg.csv.zip,69ec04c9968ffd2744b9714a5076c0e9,26530971
20181007.gkg.csv.zip,e7c3ff41389aae8ed4789fa4fb3a900a,25220345
20181008.gkg.csv.zip,2d5aac7a5d98ae4d8fc324544bfe6056,41108484
20181009.gkg.csv.zip,80e0893bc8c04026e49f6853fe0c02dc,47061302
20181010.gkg.csv.zip,c22ca5c905fc5c419ed41a4cb7d37def,49859161
20181011.gkg.csv.zip,eae9116d0a4314be8ae504303d67e69e,50309962
20181012.gkg.csv.zip,2f9240982869d6116611f9136486dbc0,45963389
20181013.gkg.csv.zip,bf264f40d4d5737151e7fa2ecf99da42,26091793
20181014.gkg.csv.zip,286a071df3a2e00eb470c6877721de05,24023129
20181015.gkg.csv.zip,92464adc638b7b2d2cdcaa9bc1453a12,42395915
20181016.gkg.csv.zip,0ef86136cd33305886cb8ffd573f53c1,46709359
20181017.gkg.csv.zip,89d39f53124ab8c313e35a3f46ea35f5,48246107
20181018.gkg.csv.zip,496cbe1e4e0ac812d23196dbbfa0cf87,47588783
20181019.gkg.csv.zip,00b7448d1a73bc24718854ab11a7a90c,45486347
20181020.gkg.csv.zip,e991bea1c3807d587d512de3ba7448ce,26334759
20181021.gkg.csv.zip,e7fe98a323825bed59222078d782b40e,23872580
20181022.gkg.csv.zip,ec16caebd98982e022ac552c82bc17fe,41890360
20181023.gkg.csv.zip,8a1364a9dc004f49be6e6a2dfc4d9019,47062018
20181024.gkg.csv.zip,e18fc23f678e70c873287d30445b306e,47859934
20181025.gkg.csv.zip,fde168b89c2ae35243186f86732f9c85,49043192
20181026.gkg.csv.zip,c3f79f67958a5ccd3527644c3931d7a0,46409883
20181027.gkg.csv.zip,7cbd01592014e787ad5ed7a71b62787e,27067307
20181028.gkg.csv.zip,4fe81268c46017855a8a7abe1ddef846,24275238
20181029.gkg.csv.zip,4f1e917461954b35213b89386770cf3f,44139228
20181030.gkg.csv.zip,bcd64f8e8b922dbd7ba0c6076068867d,47911326
20181031.gkg.csv.zip,38687a13146d6a30ffdcf195d34f0689,49216411
20181101.gkg.csv.zip,5d867a8127af37fda7c6925e1c8c5818,49484917
20181102.gkg.csv.zip,015d70f964c9e018e22b73b619e474b1,45973115
20181103.gkg.csv.zip,255e5266e07c395407c6fcd768fd35c4,27233120
20181104.gkg.csv.zip,0d9b5b514d2456d3c7bbdc6778d99e52,24226139
20181105.gkg.csv.zip,11be440b6d38090bc82646fe74085f17,41807750
20181106.gkg.csv.zip,1a1e470604c31942d1502afbd6d56a5a,45606243
20181107.gkg.csv.zip,4c528114ccef638fce7d4edcce1b17f2,53990605
20181108.gkg.csv.zip,a6ab386fa1be14258eae4edf54d8ae60,49143295
20181109.gkg.csv.zip,7337ecea5538a57f22aec829ccfa9aee,46806794
20181110.gkg.csv.zip,ffa86b604d9b0e468cfb0750406a28e4,28806982
20181111.gkg.csv.zip,e3e9c7584f039614943b7bfe6d9d6880,26049646
20181112.gkg.csv.zip,31deb58b603550753882c7db675c5611,41964220
20181113.gkg.csv.zip,7a62a7134baad2a528d342b7af26441f,48357298
20181114.gkg.csv.zip,bea6b981fc8f42e729d767a49329c6a5,49061116
20181115.gkg.csv.zip,4d6c237dbcd03809f9db47f521d2de57,50324001
20181116.gkg.csv.zip,00ff045c9ce9b103b729427db0128c0f,46024145
20181117.gkg.csv.zip,2b70cc1cf21d2cbb30af4b97bcb676ba,28185389
20181118.gkg.csv.zip,3caac8fc3eb87bd27363ae8d86b2eb17,23785269
20181119.gkg.csv.zip,50d4716117fadb15ea1669d2daf0b4f7,40030576
20181120.gkg.csv.zip,213be6504ef9767797082a37516314ba,45204502
20181121.gkg.csv.zip,6096adcb132e72fc45527fb491e011ea,45990800
20181122.gkg.csv.zip,708894f3ce080c85ab163d63fea11ab7,36091212
20181123.gkg.csv.zip,830cef92e4d8598b46bb28989c38eca8,34507806
20181124.gkg.csv.zip,e651f4e1fb449cf2f14c7dbe40bb03ab,23972718
20181125.gkg.csv.zip,e9af384fb7957879a396f2628e68c718,23225720
20181126.gkg.csv.zip,a72a2bd7bad8bb020989ee2e91b97e18,41124681
20181127.gkg.csv.zip,a919d268308f8ce6117480990d3cd929,45544724
20181128.gkg.csv.zip,60d7bb91cd5903d6fac7c3fcb1285204,47630693
20181129.gkg.csv.zip,24c0fa7a703dc4841ac6636ec33879cf,48266436
20181130.gkg.csv.zip,8cd4be49744f55f6efc2eaaa02fca010,45095601
20181201.gkg.csv.zip,8aeaa0cdbf221f4a1620a96f59102d21,29609027
20181202.gkg.csv.zip,f44b37a848b2c3de5b174ab93e5a0c17,22936857
20181203.gkg.csv.zip,0b4b9967c4e419a7382786fb268aced8,40885775
20181204.gkg.csv.zip,cdd731945832ceba9b28fef3eac94260,45463531
20181205.gkg.csv.zip,4b50baf1819fac30d16ece8065504ab6,46406878
20181206.gkg.csv.zip,47ece4b6d2da90ed77dfebba0b498e05,46242568
20181207.gkg.csv.zip,a2927c68cba61a9e4e30b12ee1d14035,41926275
20181208.gkg.csv.zip,740d579591bea6de10ff4f3c6092f902,23540978
20181209.gkg.csv.zip,226321466c5e950c8718153d4bd21d71,20239720
20181210.gkg.csv.zip,e2abaf6406351ba25cb8a557ff4c8b03,37094871
20181211.gkg.csv.zip,b8dd1f9821f214e9ce48f67062737db4,42314992
20181212.gkg.csv.zip,9d36dae620f93469aaffb7c42bf8253a,43558866
20181213.gkg.csv.zip,f7270a7a7851b1ea9252e20815b05f33,42503248
20181214.gkg.csv.zip,5a2a05c8087403a2aed026f890b04db4,40797434
20181215.gkg.csv.zip,2a88b3de1976533ded0389c1f0b1850b,23671627
20181216.gkg.csv.zip,75ccb88be43ba196bbd92e192efd5aff,20076617
20181217.gkg.csv.zip,6012f49fc1e6790ce3836fca9b20a54b,35298066
20181218.gkg.csv.zip,5cb36a4ce144a4ba6b4d724985099786,40674670
20181219.gkg.csv.zip,a9649de48fa2502f0be5f62ae93fb729,42169017
20181220.gkg.csv.zip,7fb8206a8702035ca778bca408dd1d17,42972220
20181221.gkg.csv.zip,563578b422af13c6d0b2cda4aa7e2c63,39772763
20181222.gkg.csv.zip,b5d94c5a2a4e7e2461e2dd1c8de82ad1,22909627
20181223.gkg.csv.zip,f6733b041da641cb41f80a9927381930,19723283
20181224.gkg.csv.zip,7199124a9b89a26a86e2a9803b14f6a2,25727476
20181225.gkg.csv.zip,beb4c04336efd03ef16d387a5051e0f8,17864858
20181226.gkg.csv.zip,97a750b9d4d025eb40122773bcd0bd9d,25221115
20181227.gkg.csv.zip,c826e9f9096101f6259af4a05c6e77a3,31016109
20181228.gkg.csv.zip,d8040431fbf25f86c3cd8c7ac6991801,31882347
20181229.gkg.csv.zip,2e9fc99bf78e4aa16245ef9e8e36fb1d,21775731
20181230.gkg.csv.zip,73eaeb2471d7e178313e19edf0dc62c1,19641006
20181231.gkg.csv.zip,591a8b405cfbb108c6dadff03f0dd1a2,27328216
20190101.gkg.csv.zip,b849257522b24d62a84544975d119d56,20719604
20190102.gkg.csv.zip,75bd6fbb52a610a960bde92827fdeb2b,32270341
20190103.gkg.csv.zip,e954ea399bbf390cc1aa3d18864bc531,37420059
20190104.gkg.csv.zip,71a68a3a76e3c6497d1797c79ae4354f,36669994
20190105.gkg.csv.zip,697daa15eb046230d17612ad8067fd76,21504812
20190106.gkg.csv.zip,7fa4eddcda2b7f641ae57233cb7a4820,19330924
20190107.gkg.csv.zip,8eb1d14c25a190050b9ef652ffc9974f,35422966
20190108.gkg.csv.zip,d7d8b0e2773bf687e6379ca069c0bdda,40643809
20190109.gkg.csv.zip,f9256f00c912e76715e85ed77d4a3348,42088480
20190110.gkg.csv.zip,0fa3dd06827b176191ba299362277c68,41357267
20190111.gkg.csv.zip,989a49f6aaab831286b4675c204b3d46,39591078
20190112.gkg.csv.zip,888e4ddc8d7cdc32e1f2cd13ed807b8a,23954557
20190113.gkg.csv.zip,67d0fa2f40dacc50696897738da5320e,20462881
20190114.gkg.csv.zip,ad3c17b4742b4671ebba83f1ae14dadb,37372929
20190115.gkg.csv.zip,5e3d622c8334a131b60fb7638f42cbe5,42256738
20190116.gkg.csv.zip,d266378548a1d478310a4853ca7c8bf0,44040936
20190117.gkg.csv.zip,3da5bd4f7809a279a4d325b7ab498882,44029924
20190118.gkg.csv.zip,ef096d894152c74868fe74dd81d5a3c0,41448501
20190119.gkg.csv.zip,ebe47a665e3989ea599fd71568abee77,25960937
20190120.gkg.csv.zip,e9377fdbbbdf000318b02e48615f1b4e,21681538
20190121.gkg.csv.zip,65c10d8aab0257746e2b322e274c160a,33939153
20190122.gkg.csv.zip,b25155b869e3a87e06473bb84bdf3e67,41095574
20190123.gkg.csv.zip,efe3c8fbe9bba1d728c5fe3234e2aa70,43846560
20190124.gkg.csv.zip,7d7604c80247cbb987855f4310129cb6,44514783
20190125.gkg.csv.zip,68ab0c6b4a5bfa7b2b3cbba560463759,41566141
20190126.gkg.csv.zip,49fbc599c373cc50192dbdf25990a848,24114074
20190127.gkg.csv.zip,b6442c96de2f2f4c09c14b0f74a26736,21292420
20190128.gkg.csv.zip,fb9843c0c6fcb2b7e16c9b0fa920d2c2,39227666
20190129.gkg.csv.zip,45d5ed84af39ab1e30f2a4530674daab,46725518
20190130.gkg.csv.zip,de52c9b064437fd39ceb6db7d04c6693,46851335
20190131.gkg.csv.zip,61d5c630eded114c5887313fb96d64e2,46976164
20190201.gkg.csv.zip,2e09ade40466b5f0c0b4762016526fc4,44664664
20190202.gkg.csv.zip,15e268f3a2af2d1e2bfbbf69d385cf2b,25814355
20190203.gkg.csv.zip,1bd3219e12516350cfeda52345087eea,22540718
20190204.gkg.csv.zip,4de1d999bfb548504747a4ea7855b3d6,39114154
20190205.gkg.csv.zip,40ac63498bc2d385c991799e03aeedc6,44313829
20190206.gkg.csv.zip,c58666e18af8973663567dafacb351d5,47616653
20190207.gkg.csv.zip,4b51aeceaa3162bbbd63b6ab98014eb9,46571975
20190208.gkg.csv.zip,a2116a9fe34524d0412459b449197e6e,43466709
20190209.gkg.csv.zip,ed364997866c2b19cafc7bd302b78943,25542014
20190210.gkg.csv.zip,b7cda2fed85d6df8ce2a108ffb52c078,22935023
20190211.gkg.csv.zip,02fc831b98c4da1d357ae2f8c59c9b17,40440401
20190212.gkg.csv.zip,d5d85953f0c435154ca615ef0cabc54a,45796674
20190213.gkg.csv.zip,076e47d221b8b32af7b87c7884e3599c,47126689
20190214.gkg.csv.zip,b12736300d8f8fc6f5b26c8ff4462ac3,49106619
20190215.gkg.csv.zip,40752e3aaa17e9413a5aa0bce99da003,45355311
20190216.gkg.csv.zip,957655e8c0b72c267f90be9afc14e58b,27573945
20190217.gkg.csv.zip,a8e2a611d3436f2d6bf0679e7094b627,21560642
20190218.gkg.csv.zip,5441b99069e5555afd6f67527e11a0e8,35623758
20190219.gkg.csv.zip,7c8569343a413ba3f66dae2d79150c57,44873235
20190220.gkg.csv.zip,5af084203747e0f76306fa0a207a73ba,48036518
20190221.gkg.csv.zip,0e866c46e4339face1d4bfbaca849601,48279002
20190222.gkg.csv.zip,eb5399a51b9e1e7277658628ae4974ca,45104778
20190223.gkg.csv.zip,97e5a59ea13e8adca836e012af82c314,27338038
20190224.gkg.csv.zip,bbc2796ecdc68d1f55cc814fc1a3a2b6,24977606
20190225.gkg.csv.zip,c35e1f082307cc4982d2fe259b905576,43520317
20190226.gkg.csv.zip,a9f6970ad653a6c2e31687fbd020dad3,46202196
20190227.gkg.csv.zip,492ac2bbda2b2ff8fb950350a220d21d,50094112
20190228.gkg.csv.zip,af44a32dfd98e966c35a5a1cd158766f,49849499
20190301.gkg.csv.zip,2758b3974e7d1735acb0868952795a2e,45340462
20190302.gkg.csv.zip,d5abb634fc31dbd764296ceb0684c669,26123335
20190303.gkg.csv.zip,f54df0f0787aef375e520a1926a9bf5f,23366971
20190304.gkg.csv.zip,2522678ef06b03239e2912ee7abbdfe8,41859634
20190305.gkg.csv.zip,69566a9258a666d0c1b8575a369b9d2e,46176369
20190306.gkg.csv.zip,b735ba5685c3931d41b10cadd8bdd664,47269086
20190307.gkg.csv.zip,7067f9982a207fb0c0e15f7dd81aace4,46819158
20190308.gkg.csv.zip,acea38b0cce5dea87e36e68e0b7aa4a9,45321243
20190309.gkg.csv.zip,635182d08b313f131f39467e1caddfff,26045470
20190310.gkg.csv.zip,63e09a43c85baad79d389633b9a548b4,23745532
20190311.gkg.csv.zip,accea8c70fda01190a337977ea5ae07c,42367275
20190312.gkg.csv.zip,c67033ee5c3c135696cc44d9a84d1c17,46885043
20190313.gkg.csv.zip,dec54c7026fc86bff456d9da6254dd0c,46831927
20190314.gkg.csv.zip,1134babe8ca03b0256ca6c507f84c462,48031960
20190315.gkg.csv.zip,4f48273baf849a0cee56f89ca432245b,46689983
20190316.gkg.csv.zip,8db315d373b5c91d27b5bf96a41dc250,26046107
20190317.gkg.csv.zip,4d18b3904549fdab2803404825e3df5b,24227924
20190318.gkg.csv.zip,90d72695e5e291e0747685902145510a,42475008
20190319.gkg.csv.zip,e37f67d354f5af4d1c18430587ec5d8f,47958606
20190320.gkg.csv.zip,ce7297830de51243ee17fa65e4ccbb54,47682646
20190321.gkg.csv.zip,583a82f26d57f9cda6cd946b90a5db75,45981054
20190322.gkg.csv.zip,66965860b4a59192afaca697aec9b09e,42905945
20190323.gkg.csv.zip,80c75eaa2fcc8812d695a49d5739377c,26700751
20190324.gkg.csv.zip,dc9a2f0d349d002f3c03ac9a45abdccc,23319783
20190325.gkg.csv.zip,bc66223b209cf46daba6a8df88af1bee,42198252
20190326.gkg.csv.zip,3d10317b3cac1c15242c944fa14572cc,46099017
20190327.gkg.csv.zip,7de5d61ac0f57c867a339c3f756834a1,47520961
20190328.gkg.csv.zip,5fed53e2d5b364a9aa2e5b40c48449b5,46868225
20190329.gkg.csv.zip,0252186d794de2c1d00bbc6578e42113,44490586
20190330.gkg.csv.zip,55e152c6dbdcf80ad47e1c4a0e591554,25622985
20190331.gkg.csv.zip,bd939366e733c8485a242ec541d87a4a,23093725
20190401.gkg.csv.zip,aa06ae42a21fef551617426b38e45bcf,41158434
20190402.gkg.csv.zip,2f439722f3a1fa8dc3f0f0d4f633304a,45496827
20190403.gkg.csv.zip,3380959d764eba8a05adb4fb5a3ad33a,46751193
20190404.gkg.csv.zip,e7d36796a82afffb71d003d20a93b2df,46607410
20190405.gkg.csv.zip,5009d4027a11ec51128fad46d04cce75,41467865
20190406.gkg.csv.zip,4d74a8ce72fc5f59cd1fab6cbe44988a,25545781
20190407.gkg.csv.zip,c98fb05b986d634d23b38b38b06788aa,22469461
20190408.gkg.csv.zip,34f17469b42d5deb615c12e44647d993,41148049
20190409.gkg.csv.zip,17ee5117aefa900cb31e237f988405c0,45966285
20190410.gkg.csv.zip,69f25d8023c5055dca7bc61d2af3d7a1,47219830
20190411.gkg.csv.zip,df26c22d16e7f741f285a218ad8dc018,48324306
20190412.gkg.csv.zip,200cbf77d74ec26bdeea19185c959cef,44652166
20190413.gkg.csv.zip,bfece3d272bc220fa8165a02aa31e007,24855114
20190414.gkg.csv.zip,5d8384305b9455fb15cb85c2900d251f,22480342
20190415.gkg.csv.zip,c2b5e7b73167382b944d9ba90b617c99,40109926
20190416.gkg.csv.zip,00891073cbb67dda4480cd91fe345307,44144008
20190417.gkg.csv.zip,e914829188600c62698b611e5a7a5792,46647576
20190418.gkg.csv.zip,cd68f99792d0dad4dd9e63e5aa090cda,46219534
20190419.gkg.csv.zip,886314b381889e59dcee43b0ff0d6250,35627682
20190420.gkg.csv.zip,04b4b4a1412924381cceb168ff82aeef,22897244
20190421.gkg.csv.zip,1cf851454e6a5f5e4e10e760f61b89f6,21745412
20190422.gkg.csv.zip,704b96471769d954a07b270cba75bb73,36012285
20190423.gkg.csv.zip,297425a3dc16c8201e1be7ef4240a949,44163483
20190424.gkg.csv.zip,b086c0eabab05ba7fa73366b2da8e506,46979516
20190425.gkg.csv.zip,59cd7cd75aac6b102797b9ffc0f096ba,47552832
20190426.gkg.csv.zip,d908df0376258062d7f64bb6e2629305,44073893
20190427.gkg.csv.zip,2fbdde2add095dac501a133a25179999,24904093
20190428.gkg.csv.zip,6d3735e179fb88d8e282917c9676ce98,23494532
20190429.gkg.csv.zip,367ea510f7a321d9fc048da44a7ec08d,40912281
20190430.gkg.csv.zip,9b171c1818c71b1e0dfff515192a1a37,46427247
20190501.gkg.csv.zip,40cfd28c118165d7c1967dbcadb96629,46050325
20190502.gkg.csv.zip,a19a0325d875e7687aabe32cab5317db,47011795
20190503.gkg.csv.zip,f43e9ce19a98730d38fcd0b8a891ed9a,43500222
20190504.gkg.csv.zip,ec755abf55d2364276cb756604d2964d,25140610
20190505.gkg.csv.zip,0cc76c4aaafb943ef621e8763057d3d0,22818728
20190506.gkg.csv.zip,2581ae95f424cd4bef6dfd71edd6a3f7,38810304
20190507.gkg.csv.zip,cedeabb3203b6382a5f66604ce246d11,44385579
20190508.gkg.csv.zip,90eccac06d1782cf556504ddc4080595,46864256
20190509.gkg.csv.zip,480c73d614b5a2976e54745b7db9fee3,46298438
20190510.gkg.csv.zip,7967ebb6d9289df65a6aef49d869403d,43551637
20190511.gkg.csv.zip,7b95d991ca876e871e8254a30b46932c,23877234
20190512.gkg.csv.zip,0ea390eb8b18981a4b1f523c09046552,21478032
20190513.gkg.csv.zip,71e2161e838cfdf99758b875e76b0cbb,40203212
20190514.gkg.csv.zip,90c78526970547033c93d954aa6b9eb6,45631204
20190515.gkg.csv.zip,0ce2351abfb09314ea51c51d17231463,46567757
20190516.gkg.csv.zip,5b760999a665f247cbb524b4bd081ba2,46752730
20190517.gkg.csv.zip,3443a04c7f49cdb1680661a163e02580,42814403
20190518.gkg.csv.zip,0d0441de70684e67be1e11bf7d951d64,23928846
20190519.gkg.csv.zip,5ce00c523890ab48f1777fba2f7879a9,21586300
20190520.gkg.csv.zip,e69bff594eb0927a0abf985353ab9183,38343602
20190521.gkg.csv.zip,c90d7b020ab02e5fd2ecb78e06e0f5bb,43282221
20190522.gkg.csv.zip,f69ab6722f03777cfd1064a5240afc3f,45904935
20190523.gkg.csv.zip,f9945dbc25a8e0da234f526a89944e4b,46612250
20190524.gkg.csv.zip,93f1afdb86aa6fa86edd98611db4d84d,42650183
20190525.gkg.csv.zip,a48edda1f3d8751a567bdc6725826550,23901657
20190526.gkg.csv.zip,83fc5102062a67de4d3995714702891c,22330815
20190527.gkg.csv.zip,dbae1e337a22fd82735b84144ff57cc8,30162037
20190528.gkg.csv.zip,d95f9b068f9069ba39bf1a59663da75a,40962019
20190529.gkg.csv.zip,7e79cfa3750bdab489a3fb86849990cc,44758373
20190530.gkg.csv.zip,7a0bff61388a991a3d183868c8fdf379,44796197
20190531.gkg.csv.zip,ac8035e92d904c285601468884d1726d,41245552
20190601.gkg.csv.zip,7b5a432e0963e0636b90fa3d9b036078,24601460
20190602.gkg.csv.zip,1c872e5bd143d37211a90d3c6c654d83,21598171
20190603.gkg.csv.zip,f76c29cedbdd0b4fa66aba329489f5b2,39295878
20190604.gkg.csv.zip,3895faaf126c2c2bd40a02ecd5b9fa74,43331909
20190605.gkg.csv.zip,f51b3207c2be9539a203e8bbab33ceb2,43533334
20190606.gkg.csv.zip,9a49701b1255c0ddfce16909e74b03a2,43841505
20190607.gkg.csv.zip,98b16beb91441c7c547b3b76e8a0e692,39966179
20190608.gkg.csv.zip,cb17765f2fbb687a3ea064a398451f91,22669612
20190609.gkg.csv.zip,8c2272496c332b4fc9e398d5ad93503b,20494153
20190610.gkg.csv.zip,0f14d9b12dd2c102d81395ee455a2236,37680119
20190611.gkg.csv.zip,39040b7b66dda0a614c4938a51a24bc2,41915666
20190612.gkg.csv.zip,70dfa47f2c5af38d5ac493c7e118e78a,44860045
20190613.gkg.csv.zip,640eecd33cf63d0ab0f91620c18deff1,45038116
20190614.gkg.csv.zip,f5f3de4f1d0ef34d0d7d44b95eea26a2,40906549
20190615.gkg.csv.zip,5941c946911908946a025eb8d5d2631a,22638050
20190616.gkg.csv.zip,b87f06ff0426c304949c97cbcecda979,20198579
20190617.gkg.csv.zip,9e9da92d1a434e6d60f11d452f1fb2a1,36356402
20190618.gkg.csv.zip,648fe3b6a715c31e40331cb6c84a83fb,41904353
20190619.gkg.csv.zip,e8290665addc99440f90b065491760a9,46380568
20190620.gkg.csv.zip,d1aa76ee456a937f972eebd01b58ecd9,44177896
20190621.gkg.csv.zip,e3ffb4cf9c28e20cf28a72987835f883,40757754
20190622.gkg.csv.zip,a7762e2fade64ca9d7396720e3c73dcc,23465427
20190623.gkg.csv.zip,776268857d42d789a0a775c654533122,20785672
20190624.gkg.csv.zip,4025a688672ed55ccd0263cec82da628,37763731
20190625.gkg.csv.zip,3d8fa9daf3e1d88ddfdc6ea8b5872e01,42536650
20190626.gkg.csv.zip,f097f61f0a04723c170f0d9c34ba9b6b,44504418
20190627.gkg.csv.zip,a6f96f20a1f8736a76f850d425570f3f,44179753
20190628.gkg.csv.zip,cf82eee0dce45bd1722a2a25fcb5dbe5,42079249
20190629.gkg.csv.zip,2cc82e362fcc4439990a968180f13587,23060228
20190630.gkg.csv.zip,f13c5db5ae9ffa53479a56349bc0d858,20884595
20190701.gkg.csv.zip,086bb9ecaf3cd8ed06a41aa10c53d6de,37633617
20190702.gkg.csv.zip,786aa39e4f88220e9289b698b8f3cd50,40392802
20190703.gkg.csv.zip,f7d99fa28dd42d65579f9d4cd5a04afc,41903569
20190704.gkg.csv.zip,b46ceef888e4ddaeb76ab3be7c3ba453,33488054
20190705.gkg.csv.zip,f87bd15cabdbd7091e03c281a7ec5897,33900930
20190706.gkg.csv.zip,bdd9221017bd16ade31d9377a42862bb,20972785
20190707.gkg.csv.zip,2e2b431a9fde0e9efa9e9dc053ab43da,20260563
20190708.gkg.csv.zip,b06b0ddb44a91dac62b4ac898cf01a87,36168717
20190709.gkg.csv.zip,c6f98b0dd8ce168aae67048d70607abf,39867190
20190710.gkg.csv.zip,0196352cf20ab80fd7d3868c572287ff,41199694
20190711.gkg.csv.zip,72cd95a5d559700b3c06c30cd98d8d2f,41745450
20190712.gkg.csv.zip,bb9e97f4759caf776b3e846181d3d704,39325891
20190713.gkg.csv.zip,26abc180d6eda0b8a396b3e6d7dc8ca4,23436875
20190714.gkg.csv.zip,6906bc625ce6ac8470e7475f20dc5c7f,20660695
20190715.gkg.csv.zip,53d2a6c1a4e8da857f55d47990a11796,36749900
20190716.gkg.csv.zip,ee1b5e0370e490d27261d23ede78ec99,41260747
20190717.gkg.csv.zip,8fe69c18deb12f8099fd08ea6c615bc2,42929173
20190718.gkg.csv.zip,0886bd0e561b79c0390d6058d12dab19,41816665
20190719.gkg.csv.zip,9410ab35974775927e5273f695abb372,38618226
20190720.gkg.csv.zip,79b3244a8cf226ba7672bf2de7bf3693,22286481
20190721.gkg.csv.zip,13404ab61c764d86d400143d51240924,20127744
20190722.gkg.csv.zip,e1e28c100dfd4639e20c4aaa420a2199,36556825
20190723.gkg.csv.zip,53dde000c205adb86da76c94add35fdd,41235250
20190724.gkg.csv.zip,4f697dc61740ca22fa78ce02bcb779f7,43343271
20190725.gkg.csv.zip,6eb5315d12858b1d83cac3184d6227bc,42834185
20190726.gkg.csv.zip,eaee6c79424c59394434df1dfb178301,38877739
20190727.gkg.csv.zip,3c30039aa7b2486c45b7f6c4a0a384e1,22304921
20190728.gkg.csv.zip,749921b50d6b2d53fff7bb1dfa16cb15,20168840
20190729.gkg.csv.zip,4d6cb2d6814eb9095603dae5f5fe07c3,36628378
20190730.gkg.csv.zip,34380c514fc022e41b4bca5445c59c43,40712091
20190731.gkg.csv.zip,3a9f70eb2cb5a0a65fde8f929a9f09d3,41892604
20190801.gkg.csv.zip,d6deaaff9f3d2b7502790a570d4e2cc4,43107953
20190802.gkg.csv.zip,bc8b1c36e56209b3801bf7fa0b89e381,39911852
20190803.gkg.csv.zip,f1f23e7d724f706fa15c2c84e7ea6364,21651346
20190804.gkg.csv.zip,0445e7ffb591f9a948dec33de8875331,22031016
20190805.gkg.csv.zip,11a105485e569152fb16af02de997a33,36788314
20190806.gkg.csv.zip,e2c248abae2b49c9a15c8ed2bc948608,41197009
20190807.gkg.csv.zip,065dbbb0d29174e9af50685310742aef,42271639
20190808.gkg.csv.zip,35d337ce4fc0526723dbdd0f961873d1,40685486
20190809.gkg.csv.zip,50ebd46b8231dde4c6aef289705966b5,39031340
20190810.gkg.csv.zip,8aa029937579801f1902b38e61971c40,22670193
20190811.gkg.csv.zip,23fdb91020abbd0b0e8bfffc33352c35,19601716
20190812.gkg.csv.zip,e791b9354c4f54308884a40778995040,34327577
20190813.gkg.csv.zip,8342c7e86fd35c543136090667172a15,37695612
20190814.gkg.csv.zip,efadec03e2df9a5b09f3c611f538a8f3,39584758
20190815.gkg.csv.zip,993edfd069ac967f53e9c35c9e536009,39401477
20190816.gkg.csv.zip,8782d64e4064dfb452d6ee8bd1458de7,37123958
20190817.gkg.csv.zip,e98cc9c0fb170ea95bcb88a1bb5df0a1,21919574
20190818.gkg.csv.zip,079ef664395a51748caf7c6bc5437a12,20001743
20190819.gkg.csv.zip,e599cf802de93341e459d82a921d2df1,35364760
20190820.gkg.csv.zip,c5042b44ab1de2cefa027e210849cfdf,38808218
20190821.gkg.csv.zip,eff3b3bcf13104b950744f1a81b0600b,40648423
20190822.gkg.csv.zip,758ecf150280237ca9ee494f04a9a62e,40494304
20190823.gkg.csv.zip,cf4fd236b3619c5abccb1457db462a6c,37799535
20190824.gkg.csv.zip,51e62ea661448301bc550d37db315b25,22041467
20190825.gkg.csv.zip,c008f693ebbea5676f7764b6e8c7d6e4,20042691
20190826.gkg.csv.zip,e60641c037b1fbe71facf1ba6a50d9ef,33709904
20190827.gkg.csv.zip,31ae41b2318c0d9dfc710f0333ea2c85,38630686
20190828.gkg.csv.zip,f4511bfadde782be451031415c7788fd,41030102
20190829.gkg.csv.zip,839187dba0c873244ed9bed3d626b925,41067006
20190830.gkg.csv.zip,ba65e72d1c2f176df7f4891c05dd4e7e,38244944
20190831.gkg.csv.zip,3c9007b015a98e9c6dd491439509c80e,21985675
20190901.gkg.csv.zip,a622bd15a98dc245360fd8a84380d0fc,21652713
20190902.gkg.csv.zip,e073221471b46c22d3222378856f7377,29011381
20190903.gkg.csv.zip,d888c9570c88f292b55e48f9c62ff8f8,38982847
20190904.gkg.csv.zip,edfe1deaf7b324daad481deae243c62d,43548437
20190905.gkg.csv.zip,1279abc6443c22f5212fb87b803bd136,42774690
20190906.gkg.csv.zip,2fe935a086c20a3e06252e8c85855167,39467802
20190907.gkg.csv.zip,7a4a1597662e60e50b2b86dfec37252b,22405283
20190908.gkg.csv.zip,d6c59aafe9f2cfd67e000d673e1729a9,20661151
20190909.gkg.csv.zip,4bb00428a026862c5cdf692b5cf88aed,37060294
20190910.gkg.csv.zip,db9f95fc3ac9bb3f6a9c943aadd73ef8,40887285
20190911.gkg.csv.zip,9f564aa34a4c31d6ff99128a4b8a15a1,41374753
20190912.gkg.csv.zip,da571f8bf8cfe3d6eab70db21e199e1b,42361597
20190913.gkg.csv.zip,604aa89e8aba01b7d5c4635cbe4c763b,39235890
20190914.gkg.csv.zip,5e23c52f18f3b79fee4d46dbe2390095,21921806
20190915.gkg.csv.zip,3f0566306d70201f0327e9e5cabb073d,20706828
20190916.gkg.csv.zip,f3765af65cec6cd9a1e9a68ea76f5b2f,38050005
20190917.gkg.csv.zip,3a3810bef1a939b6bdbe3faa9f8e57f9,40486688
20190918.gkg.csv.zip,ef6bd184bfd5b4fd0c64654db10340a5,42658320
20190919.gkg.csv.zip,86c69a0a47304d0633a3cbb49f41b918,42590013
20190920.gkg.csv.zip,d60f96f8df5729aaeffda4956234c30a,40607233
20190921.gkg.csv.zip,9ce744b48a7aa6b14c0c312ae3185e0d,22381076
20190922.gkg.csv.zip,ec3340cd3fdf08810af0dcadeda9dad1,20064144
20190923.gkg.csv.zip,055f431ab8c337a7ca7a101f8aa416aa,38012419
20190924.gkg.csv.zip,2c3bbc863c58f5c7609dc8bf41fdb2c5,41123286
20190925.gkg.csv.zip,bfe0de5554e5681ea96e9d2e8e2f6121,42905136
20190926.gkg.csv.zip,240798f6d9eb8a63cc8a88135a5c14b7,42365906
20190927.gkg.csv.zip,dd097bc08b11edf88cfa9c4e0afd3ddb,40021485
20190928.gkg.csv.zip,d284899c290103fbcc8e4d0ff3e85572,22779127
20190929.gkg.csv.zip,bd0c25416c990cf555df6b29790a5280,20046665
20190930.gkg.csv.zip,241f06b0e0eb33adc865fd0b7037bcd6,36088736
20191001.gkg.csv.zip,5593bb312781e4267dcd4d0227c1d692,40995843
20191002.gkg.csv.zip,7f48ff3b6e0c2070692882146af45614,41001711
20191003.gkg.csv.zip,f518fa104c77ead996b9f1b05b2e31d9,42116906
20191004.gkg.csv.zip,4298b2ff3a6d8b7ea881783bc626e01f,38946982
20191005.gkg.csv.zip,42461a45041763254d8c332000b09691,21778145
20191006.gkg.csv.zip,d297bbdbcf0b40ef146731f5f592f680,19342800
20191007.gkg.csv.zip,7054ab807bb647e137a84c134d56ec32,35467236
20191008.gkg.csv.zip,4f0827e3b46fa09d88d93475d8fade91,38345641
20191009.gkg.csv.zip,4ad6111dba2b25b57c0d0d5cd82d5370,40593717
20191010.gkg.csv.zip,cbd555460cd89c07863766c871764bfa,42177393
20191011.gkg.csv.zip,008a368e2e43be5c5816078d54bd84d6,40931342
20191012.gkg.csv.zip,5d6f739f8767f8ecdcefa90bcacb6360,22748856
20191013.gkg.csv.zip,5808f4cca5117b8655ccfa6fbfaf4b5b,20484337
20191014.gkg.csv.zip,0946034b13daa385f8cb6671e5e9993a,34772179
20191015.gkg.csv.zip,76e48a8c834a063f6f78fef6fcf58ff7,40714957
20191016.gkg.csv.zip,9b4f71cf5bea5051f35962226634b274,43309785
20191017.gkg.csv.zip,52b62ac526922b54a733cb06e5078955,42202356
20191018.gkg.csv.zip,e1d4f4156b3d7716284838a418d177f0,39997486
20191019.gkg.csv.zip,54118d6bcd81245ad12b2d5f35c1b016,22354461
20191020.gkg.csv.zip,7cd00711f32bd29eaab5a2ff9339ff95,19666374
20191021.gkg.csv.zip,9ee061da4df54d26a7d89ed81c276b6c,36343629
20191022.gkg.csv.zip,fb5364dc9f1da0125eda18928cf833fa,40558683
20191023.gkg.csv.zip,266554336a9aa82fd30d0bd73436c062,41798534
20191024.gkg.csv.zip,9ece9468880ff9c7402f81c56bbbe057,41697058
20191025.gkg.csv.zip,d7eb63eafe43d3478fe6168a44fc9aaf,38486991
20191026.gkg.csv.zip,ed2658c0809c8883295cb19708ff406b,21831033
20191027.gkg.csv.zip,d53fc94f70d0ca5c2a3cdb1a28b8f302,19665974
20191028.gkg.csv.zip,49eb96e1a44aa8ca40548ee40154cc3c,35556060
20191029.gkg.csv.zip,77d3606fdb655ff6e1687dca47a13224,40645348
20191030.gkg.csv.zip,fe15e0d26e3673ac69bab17ab18c244f,41773539
20191031.gkg.csv.zip,f9d94f89b75e3ec4191900b2baa212cd,42667050
20191101.gkg.csv.zip,6032825d81deb2680e275c394f54aec2,36945535
20191102.gkg.csv.zip,e7148a530ce24a224b8052ba1809fd93,22619489
20191103.gkg.csv.zip,1845b8595c8bfc8f1e12f689ed29b571,19518924
20191104.gkg.csv.zip,f2cdf3073a3ee12e0afe6a293dd9efdb,36068865
20191105.gkg.csv.zip,c64989c7f9dadff7b5a2b920a8974e96,40932921
20191106.gkg.csv.zip,fb6dc53315ce14ea25ecad308b26ce77,42275732
20191107.gkg.csv.zip,906360a2d28cb37795b237d98861e3d3,42487498
20191108.gkg.csv.zip,9dc5c5cb3d1deae72ccfe756cfcdd6ab,39633168
20191109.gkg.csv.zip,8b2d95cdc686bf1d45ef4c20f4e56511,22619452
20191110.gkg.csv.zip,33c82448183bc16d94ee04efb69a1016,19710080
20191111.gkg.csv.zip,4557756a44f768801efc7253ec49f543,35116264
20191112.gkg.csv.zip,06a8e6065e670375a29e833e8a1a93f4,40569142
20191113.gkg.csv.zip,3c770d17b599a6c1699531b30979dc46,41141064
20191114.gkg.csv.zip,741b8bb39124ba947dd0b49d78c15cbb,42618290
20191115.gkg.csv.zip,cbdea110bad50bff30fd6ad705b30a1a,39245109
20191116.gkg.csv.zip,971ca69abd1bfb42834b3a828689ffb7,22735907
20191117.gkg.csv.zip,966e45040400122a9d474b36ba39f537,20327216
20191118.gkg.csv.zip,89f68f612724913714df32b31e1db73c,35814692
20191119.gkg.csv.zip,5cffd2c3e9ff72ce26c355edf640c80a,38604462
20191120.gkg.csv.zip,81360003ea4c6faee5850f820a716da5,41449966
20191121.gkg.csv.zip,f26a1d03f7dea34fb36d01e1f1cce842,42353881
20191122.gkg.csv.zip,b0e430f61699dab2c66a26b16afb45cf,37768855
20191123.gkg.csv.zip,cbd78ed76605a778f26bcd160d369e62,21913866
20191124.gkg.csv.zip,39a05da234d1e5ced545c15c750dfab5,19211169
20191125.gkg.csv.zip,2738e933bc0d8728b5925f71b8328846,35087356
20191126.gkg.csv.zip,b9eb482d9687e4628347af3334de2754,39309622
20191127.gkg.csv.zip,516021ef43300deb86da30a93fe0e173,39017794
20191128.gkg.csv.zip,cda7abe95616e5172f7fa5d249a854e2,30755678
20191129.gkg.csv.zip,376664ceea1a9d60e7362140767262e1,29512928
20191130.gkg.csv.zip,78ccfa4893f72b1ffade778f89744e1e,19364999
20191201.gkg.csv.zip,1fb883fcedb7c12c4951b0a60a801f3b,18689062
20191202.gkg.csv.zip,27ea81ade89d27d4f012dbda98a193ea,34450430
20191203.gkg.csv.zip,33f51b456c24d76fad854f201aa31846,39222621
20191204.gkg.csv.zip,0688e5d3a42160e52abd3497524dd7cd,39794721
20191205.gkg.csv.zip,f2fdf1d5b4e633c7a60f5c3b157ccc25,39404341
20191206.gkg.csv.zip,b30161b3d124772db02701526a3368d2,37483029
20191207.gkg.csv.zip,97cddfe15f7dd9743745d741fe4cd1be,21529166
20191208.gkg.csv.zip,74a38c430e58201eb3c2b08251c3eb31,18797552
20191209.gkg.csv.zip,e812a0b49abf4c13d7d6be5fa53796a8,35035613
20191210.gkg.csv.zip,d1671cf832eca5ce496bdedd1eafa912,40075878
20191211.gkg.csv.zip,a755cf76483e01e708eeff927923e7cb,39778720
20191212.gkg.csv.zip,831c8d4ad670c1fb5691462f69f36a8f,40062264
20191213.gkg.csv.zip,128deb5e41dd151d5baa30b1f83257b0,37787042
20191214.gkg.csv.zip,d270f07d9c7618685df96867f6915b07,20626052
20191215.gkg.csv.zip,730bfc5e6f8c9e16ae9b985ef840b967,18042477
20191216.gkg.csv.zip,2c432fb0219d91ad6296e465ff272828,33349724
20191217.gkg.csv.zip,4882028855fa026519baa50f6ab1caf6,37800927
20191218.gkg.csv.zip,482a422f4921b29129d1b8b10744d943,38467868
20191219.gkg.csv.zip,95fae2e21f2e3e4fefa95f9ab1eda62c,39259831
20191220.gkg.csv.zip,c888cbe081da78dae709477550a56fa1,36712881
20191221.gkg.csv.zip,6284ab446728f0c8f69f337d12ebce4a,20628573
20191222.gkg.csv.zip,44e15cc4a5eee48b85f14a6151a823a4,17685497
20191223.gkg.csv.zip,5b6025b61bba8a0cd04a1b04d7c378c4,29676006
20191224.gkg.csv.zip,99ae10ae17554d18cac048d526ac9bea,25850086
20191225.gkg.csv.zip,5083fc8a3c61c651718562bc9dce6151,15688590
20191226.gkg.csv.zip,42e46035437ff98546a72e25841f746a,22438056
20191227.gkg.csv.zip,19783d35bc45a004f0da99a005362444,26092371
20191228.gkg.csv.zip,9879add02b267be21d257c5e9221eb12,18276040
20191229.gkg.csv.zip,42e13126b0a802e37a879f5aafe2349c,17129993
20191230.gkg.csv.zip,3d364822ed40f14952b463916753d596,27683500
20191231.gkg.csv.zip,fc5ac36f9b5f79ecc5039397cb15215b,29084896
20200101.gkg.csv.zip,e77e0bfd2eebbf8eee20a7ac4819ffef,20015562
20200102.gkg.csv.zip,3d655a0d10dd508a4f1e99cb5d83457b,29168144
20200103.gkg.csv.zip,ffd2060a00516d5c2a6971b92d752f90,33325241
20200104.gkg.csv.zip,f05b7493495e22e9cbc01ce4a42ba72a,20690572
20200105.gkg.csv.zip,14c83552af8586757e1e035e1cdd2496,19046765
20200106.gkg.csv.zip,c234d905b9042d5599afb74613d67a58,34262049
20200107.gkg.csv.zip,6f0cc7ed7d8dbe77c563f8ff38c5e2b6,38107423
20200108.gkg.csv.zip,6d8fbaa15f129614388b5e8f0a091c83,41006071
20200109.gkg.csv.zip,ed97619148753074d4ed276be5b8217c,39659653
20200110.gkg.csv.zip,849e05e6a2bb9249b80df67991803e98,37170118
20200111.gkg.csv.zip,3115248b220d622e3bb129e2ecade0c7,22470061
20200112.gkg.csv.zip,15705d747eaee5dfa0da293bdf963a16,19110771
20200113.gkg.csv.zip,6cf7a78fe25b1556001083cd0a40083d,35120732
20200114.gkg.csv.zip,4f153ac25dd6012cb3ae7c350680b152,38418127
20200115.gkg.csv.zip,b4b551bd06a89a20b8c0fa16acf93251,37365324
20200116.gkg.csv.zip,cfbb5cc2d8a7d715703bebd4c79ba6d2,41035283
20200117.gkg.csv.zip,3268078d36dbf847a682b42f7c0320d2,36995135
20200118.gkg.csv.zip,57982c26847d09744189b7f9685c43b2,21768052
20200119.gkg.csv.zip,05e814e835169d4a32b0249ca370167e,19212511
20200120.gkg.csv.zip,9c374fe3f8f79283c47929d2a10bf69a,31912867
20200121.gkg.csv.zip,54b011434d54f35e6effa2e58d519165,37758080
20200122.gkg.csv.zip,f69529818ccf8816a8bf1aafba74b5cc,41593449
20200123.gkg.csv.zip,0f74b51067f6b4dcbceb1763866667f3,41801293
20200124.gkg.csv.zip,dfb6028c1c4c6bcdb13e9998755492f0,39101833
20200125.gkg.csv.zip,8feee2adb310fc875f03ab73d8bc39a5,22772404
20200126.gkg.csv.zip,a141061f92eec5fbc1bc59a576c0f1f7,19669008
20200127.gkg.csv.zip,fda91db924745b9b61eee4ece6a037a8,34702578
20200128.gkg.csv.zip,9cfa3d789dde60ab15d80717d47e3966,39790056
20200129.gkg.csv.zip,8a9bb046177a433808342ad1f99e98c3,41104313
20200130.gkg.csv.zip,03cffc5007e03f930bbff0749ac57abf,41521481
20200131.gkg.csv.zip,2b45f8023c57efba354866e1d81dba0c,40520586
20200201.gkg.csv.zip,b0c5fecc1c27b4457baf082af2a41915,24235550
20200202.gkg.csv.zip,e653c51c921e32041303f50e6d021575,20274634
20200203.gkg.csv.zip,3ff0c3b823775d6c8398d42da6722a80,35898703
20200204.gkg.csv.zip,b46217404843393bb4a1e7aae94ddc93,41467411
20200205.gkg.csv.zip,8c375fa55bfcd06a7f5a4b3bdf3cf6ac,43092631
20200206.gkg.csv.zip,a953c1c7412cfe0a505f105ac8afb6d0,42801512
20200207.gkg.csv.zip,d3bdf3db3669aa424d6feeb9901702fc,38752488
20200208.gkg.csv.zip,8bc7ce0b7dda7171ceb187f54a1373b1,22607492
20200209.gkg.csv.zip,564b52fe3422463cf1c99d17edfe7fde,20454797
20200210.gkg.csv.zip,9453b24f8a2432c9fff075e0a67e8a11,36984799
20200211.gkg.csv.zip,4da9630fe98e591dce2791286164e8ae,40906321
20200212.gkg.csv.zip,ffe657101799cbb494736f0ff885708d,41962097
20200213.gkg.csv.zip,8745749424d78e503ee294ed2610791e,41707022
20200214.gkg.csv.zip,97597bdcea0a945398aaf6e42350e31f,37357417
20200215.gkg.csv.zip,4f60e7bc4d0c3bc85ccde1e1a5260fb0,22109486
20200216.gkg.csv.zip,db5b351721bf09d0e2d3d689ce35b3f8,19253768
20200217.gkg.csv.zip,dd124abc4ae0feef0c70d6c508507f85,30273523
20200218.gkg.csv.zip,df3b59bc421cb9f15ce935821b03c0a3,37953446
20200219.gkg.csv.zip,26ac0cbdaf68d6cfce78ac384e7beb71,40239453
20200220.gkg.csv.zip,596cfb7386508104b4b5ee0f4d96e945,41992222
20200221.gkg.csv.zip,49b2146c3bd6e0f4d2b27f62916a0b97,38496392
20200222.gkg.csv.zip,7a30f72290518a951f850e2bcca03d7b,22233404
20200223.gkg.csv.zip,d39250073704609e0b2a28944e90dbf4,19727170
20200224.gkg.csv.zip,e2e7acb7473635a176d69e052023168c,34419159
20200225.gkg.csv.zip,78ecded19a8b2763a786198ed30993c5,39691171
20200226.gkg.csv.zip,01290186e64935c8b4c6c833fc01ea50,41675951
20200227.gkg.csv.zip,4392a187bcac6471658f65c691ff2612,42011506
20200228.gkg.csv.zip,064b6dc62a56b565d85f61025206c1ab,39742495
20200229.gkg.csv.zip,153627d79a69b9f206819c8cd35f77b8,23974537
20200301.gkg.csv.zip,aea7152e074f4bacea683c5a451309ef,21350533
20200302.gkg.csv.zip,75d8377c6e8cd15f98ffb4838f58f9b7,37154072
20200303.gkg.csv.zip,631d4f24563a4c0b0fd600dbd5d0f4e7,41932497
20200304.gkg.csv.zip,2c4eed60190061a16074ea0c68174701,43528153
20200305.gkg.csv.zip,c6a12d9851ab2c8dd9204c08a16aeeee,43137892
20200306.gkg.csv.zip,fe5892d248930d447111b0bb6bfea6c0,38867898
20200307.gkg.csv.zip,d5b6f1a45267c7612b34a991774650f9,22837004
20200308.gkg.csv.zip,7d5c2e9803babe08acf91925cccb3689,20772171
20200309.gkg.csv.zip,4769b5d9e50c5d85f68c738d28a8759c,36669139
20200310.gkg.csv.zip,68d03d5f44cac522319142db33616b2f,39454450
20200311.gkg.csv.zip,d2173eab9e4279d30723b6a707fd9c09,43569477
20200312.gkg.csv.zip,61f908dda1613cd5a367a22f2979f5b5,43085683
20200313.gkg.csv.zip,30df679834e1f574d441d04d0a6c0fc3,40273996
20200314.gkg.csv.zip,664dbf5dc58d094510660ce76d790fc0,24189114
20200315.gkg.csv.zip,57633c8c5c7a2ca20fde678f488f0ef2,21777104
20200316.gkg.csv.zip,90ab49a6a8313d6dd942ca97bf37b251,36105166
20200317.gkg.csv.zip,2645fdf1cb699bdd56a5a61d01675d07,42121465
20200318.gkg.csv.zip,d692ccc36d9bc1ba15bdbe58189325c2,44643868
20200319.gkg.csv.zip,d73095adbdd3ef1b23da6064dfa48a2c,43596169
20200320.gkg.csv.zip,e200df497ca98b40e19af5935e5c6fd8,41081653
20200321.gkg.csv.zip,1caee486801b2c60c822a86a71d3e507,24965335
20200322.gkg.csv.zip,d10c6f49c42fb038776ddb38966d1984,22898543
20200323.gkg.csv.zip,609688c91061715f7cf86b94f90d976e,38003544
20200324.gkg.csv.zip,f75c9fea1ef60b68a6968eea23647c2e,40758114
20200325.gkg.csv.zip,4692487b51d736cd4083e4f0716a363c,41396185
20200326.gkg.csv.zip,9c1a3d0cf3c43995cd07603f99760204,42642796
20200327.gkg.csv.zip,be1063dd13f397b777f35d54190cf084,40418292
20200328.gkg.csv.zip,cd48f6f2204ac21602bae5385e1d7fb1,24202502
20200329.gkg.csv.zip,7cfd7fb3d1f17e2f28a5e7297c40a848,22228549
20200330.gkg.csv.zip,af2c54e8731e1b0e6d10959b89fd5086,36897775
20200331.gkg.csv.zip,a80566d57c1d56632d196a4ad834fd18,42937966
20200401.gkg.csv.zip,f75601be49341272ba403a4798a91e2c,41654440
20200402.gkg.csv.zip,031568dfd41f18f07736a7e2cc8da31e,42267414
20200403.gkg.csv.zip,0110a08365c4c8a03234fc4d357f7763,39173479
20200404.gkg.csv.zip,f57aa20a10509e00439cd54f987c88bf,24110730
20200405.gkg.csv.zip,7a2d5f8b822bcb2097553ed8f0251afc,21281269
20200406.gkg.csv.zip,cb29ff834e4918e75f392217cfcb4cf1,36160552
20200407.gkg.csv.zip,acc733de3aea6d0910b20e675484b8d1,39288993
20200408.gkg.csv.zip,1f5356401e337987043840547f4e13ca,39603422
20200409.gkg.csv.zip,3c113a9e4c01cefc260a90285ee4b781,38869304
20200410.gkg.csv.zip,ffa611fd9d15427c612dee354418467d,33319742
20200411.gkg.csv.zip,3b749170876d13c72a7df5c2f8fe61fc,22419191
20200412.gkg.csv.zip,cfcb51f585b6b3847f45f7aa85277d97,19604232
20200413.gkg.csv.zip,39a3cba67c7c03524aad346340b87c63,31647878
20200414.gkg.csv.zip,bbf568454ecee744441bc0ae0e7af795,38249599
20200415.gkg.csv.zip,52c99c4417ae17215e9e30e8af7308d0,39141654
20200416.gkg.csv.zip,77a2fb484aced9fec8b5074b35a7e38e,39893154
20200417.gkg.csv.zip,39351590202e0b8e422782a39689d315,38217323
20200418.gkg.csv.zip,8b3633b2f63f1a733350d87a7563b2c3,23172674
20200419.gkg.csv.zip,b4321b87c38a522351d06f7f135830c1,19854837
20200420.gkg.csv.zip,ac3b3c7f88092405362228158efa44d2,35149821
20200421.gkg.csv.zip,bb138a6fe130692ae0f5d9790e8b8647,38875036
20200422.gkg.csv.zip,e6053e315332573890b7c07ed5a29ff4,40818815
20200423.gkg.csv.zip,2076e356f99da62c7ce2cf3fc20cb3e7,40644167
20200424.gkg.csv.zip,8fca349fbda9a63d0ba74ab2287e4f26,38338534
20200425.gkg.csv.zip,b0284d7fdf70ae9fa75695b2b832abe9,22788003
20200426.gkg.csv.zip,1af9653f71a0ebe04443c49c556672a2,19805331
20200427.gkg.csv.zip,81ac6b47c6fbe876b4694f60d587ede3,34108442
20200428.gkg.csv.zip,29c3e280490c153bd1bba2317b8f9efe,38376918
20200429.gkg.csv.zip,4f94aa4011e8347faa0e899b0f701fa8,39572108
20200430.gkg.csv.zip,05b88b72a06845b5ad45d96bc5bdc653,40453800
20200501.gkg.csv.zip,7752e5768d0a88f467c46b6b7d8481d4,36461938
20200502.gkg.csv.zip,676a5b0af38d2d4ba01ef27bfa5940d4,21502909
20200503.gkg.csv.zip,3f81bb2bd85e1445deb52446ff3a5a62,19510862
20200504.gkg.csv.zip,95e76136332c62d23d26d36f7fc01a90,34718025
20200505.gkg.csv.zip,d0392a3cec8772fa69f23fe9a33be911,38963057
20200506.gkg.csv.zip,ab60ab74f3fe68a5dd919b6551345dc3,39456050
20200507.gkg.csv.zip,dea8100e8a1608ee608a27e06330efda,38983359
20200508.gkg.csv.zip,e6b1335b59d612b3faaa233b0ae5e71c,36906450
20200509.gkg.csv.zip,45e092903427a74e3f59a232c056a242,22575616
20200510.gkg.csv.zip,37ab3624969a7a07c21a38e7c32febf8,19432432
20200511.gkg.csv.zip,d935f671c6fb38e5f938bd552c8b7710,33549179
20200512.gkg.csv.zip,77c4d26d3ca3f3e55a793dc040edf038,38453311
20200513.gkg.csv.zip,4caa086a47b501f71f4e689414528763,39808246
20200514.gkg.csv.zip,ac9326a66cde7140f51ab7356c55db7d,38937368
20200515.gkg.csv.zip,e896bed92152525e6501f84e6427d009,36123052
20200516.gkg.csv.zip,c8269364f2e4c3718a6625c2686e57ee,21837864
20200517.gkg.csv.zip,5ee1cde102cb17a53cd68222d3d59f94,18857661
20200518.gkg.csv.zip,ebcd7a8740a0b4e0addc263f2ce028b8,32861780
20200519.gkg.csv.zip,35e0b6ff87dc37c214f9c06b8b85b60f,37574489
20200520.gkg.csv.zip,890ed346ea787a6ed5f13b08e54f20c6,38211756
20200521.gkg.csv.zip,53ba4dc8e474c41cf77f874e383703ea,38834865
20200522.gkg.csv.zip,7eb33e52607f30afc33b1fa1669d7c40,35888596
20200523.gkg.csv.zip,4c2e9752b64b78e86b65c980245f46d2,20954441
20200524.gkg.csv.zip,99814848046604fd76a3926ba890da58,17914227
20200525.gkg.csv.zip,4f26cdf2f4c235fe824ce58c616fe2eb,23831899
20200526.gkg.csv.zip,47747223e6e35a2df752dfb716178254,33372995
20200527.gkg.csv.zip,6e455a8fd378b8616c25df88e014eeae,37535973
20200528.gkg.csv.zip,c2788664184d86d45daa2fa8e6c37cd1,38555378
20200529.gkg.csv.zip,1ce844545f408203727ddf1c7f68659d,36846278
20200530.gkg.csv.zip,05dde8230727237e922f3fff4d17f48d,22682939
20200531.gkg.csv.zip,1db81b18e696fb55e2018b8f4b41beb9,20536750
20200601.gkg.csv.zip,10fdb65a49293eb2d24fa96937874fcb,34684762
20200602.gkg.csv.zip,0d994f93060505187fb5ec384915972a,38892881
20200603.gkg.csv.zip,b74bb19bac4846d7549f74f843b4c73e,39762900
20200604.gkg.csv.zip,dce8bb96bb23e24977333275b094b38c,39389806
20200605.gkg.csv.zip,60923e817f92036448fe9fb8a33dfaca,36447980
20200606.gkg.csv.zip,7746e122725f9ef4b73bcee5916d9689,21852216
20200607.gkg.csv.zip,77e8fd7b1924c3965b29a2e0307f5dc0,19213308
20200608.gkg.csv.zip,7497b2034e3c6ab22f1423e694b64881,33095132
20200609.gkg.csv.zip,1c1787bfca57277f3fa31e864c7ecc4a,36951539
20200610.gkg.csv.zip,695be473c22b865681d2c370789a64af,38222431
20200611.gkg.csv.zip,a15e300457e7ec0c6ec7add7f2d08109,37943241
20200612.gkg.csv.zip,e89dadcdd728f2f623799a3dd0fd95ec,37062555
20200613.gkg.csv.zip,072fd9d8c885bad76694fbc8144823b9,21550976
20200614.gkg.csv.zip,bff6e7b2c1411d691463a669dee405fc,19042906
20200615.gkg.csv.zip,0b2473acb59e14a56873cb68330dd1f2,33573635
20200616.gkg.csv.zip,c9697d9c739e82482bea4b95f0192433,38229009
20200617.gkg.csv.zip,6f24081355ce8e016f7bcc5872d32235,39375925
20200618.gkg.csv.zip,861a4eda6adc395a4dc991bab323587d,39919203
20200619.gkg.csv.zip,86014ac305008861aa3d77d2db5d5acf,36448574
20200620.gkg.csv.zip,b57f9d458a041b3c7780db9070112087,21581447
20200621.gkg.csv.zip,9a938e903f22fe8786ea086ad156c8e5,18877834
20200622.gkg.csv.zip,a3d7ebbcc736ceeae92956bfe7cbd570,32842813
20200623.gkg.csv.zip,b13cef38f227bb47f8bf0cd8226fab4b,37518944
20200624.gkg.csv.zip,c4c0463213cad6b17ded666b1a3ba3dc,38573476
20200625.gkg.csv.zip,9e50f5a8be06006392599cd705017697,38460471
20200626.gkg.csv.zip,723bb58dbb5891ae33ab6aa6cec61ed8,35743269
20200627.gkg.csv.zip,9967283a203b1bebfc79e65ec2feeacf,21549205
20200628.gkg.csv.zip,369d90a184134152723ae2a3aec689ab,18575143
20200629.gkg.csv.zip,f01a0b28fe62741f63190f4b36465713,33238795
20200630.gkg.csv.zip,3147082d9046b5d1bc2896000495781d,38683518
20200701.gkg.csv.zip,4f938a9020b2d9bfb0b0d097bc0534de,39590291
20200702.gkg.csv.zip,df592f9c33c2e7be9f1e8f4e7b1da8bb,38196593
20200703.gkg.csv.zip,bd0394fd9c145e80ec70f476af2e954b,30630641
20200704.gkg.csv.zip,6853f0733d98c01302ddfafbf27530e7,19681551
20200705.gkg.csv.zip,6529b9181881368628b8c1e9f00d9505,18410542
20200706.gkg.csv.zip,d9993eede5436ef37015a40f4101b0bc,32326430
20200707.gkg.csv.zip,e061ae7bab24e77e623c01772b54e534,37275212
20200708.gkg.csv.zip,064bde4269b431511d683b97c02435eb,39152273
20200709.gkg.csv.zip,cca5aff9131f47d2026be146dfb87f80,38408054
20200710.gkg.csv.zip,46105c55078b2dde992587299e58a295,35177517
20200711.gkg.csv.zip,c8c605138dd80b0c14f6e06c94c8bd2b,21228607
20200712.gkg.csv.zip,4dda9bcffbf136c3e466404d2bcafab2,18316910
20200713.gkg.csv.zip,215b145c6f698bbb7ae659c72f8aa26c,33037723
20200714.gkg.csv.zip,ece482be7a566476443b0c78a8de4d29,37161977
20200715.gkg.csv.zip,32f2edffff31dadb50bf5a1349133b57,38639869
20200716.gkg.csv.zip,ecd08ef27067b38ce2021973ad524622,37884415
20200717.gkg.csv.zip,5da4b59d335680785b8acf3a8ce19ab7,34750612
20200718.gkg.csv.zip,774f2a84bf9b4285fe748bd22e59584c,21352386
20200719.gkg.csv.zip,b54b60eb4b819b94ca5bbddbc97eec72,18210740
20200720.gkg.csv.zip,fa9d41cd666a606510b0e335e889cbbf,32621313
20200721.gkg.csv.zip,62dc667bea22caa516c481bdf4f1cf1d,37483421
20200722.gkg.csv.zip,ce71ae23cc59d0bf1fcd6285dacc6558,40110741
20200723.gkg.csv.zip,41ab26dea0f72ef397e38c82be961de9,39119744
20200724.gkg.csv.zip,90b234d0b6355cfeefc0df95b4d98e3f,36324512
20200725.gkg.csv.zip,0b810a38d879499d028bb58371cb60d8,21374384
20200726.gkg.csv.zip,94e494a08061112c0f389409b061b274,19304318
20200727.gkg.csv.zip,e6795ad85de8777edba677a8e99ef7f6,33616600
20200728.gkg.csv.zip,e31fa888db0eb82a8097d0edbfd93138,38533192
20200729.gkg.csv.zip,868080c334e88f7aa9ee05c9a4f68978,39197270
20200730.gkg.csv.zip,14f1f5572dac51746cde358c5644230a,38900331
20200731.gkg.csv.zip,5d50c9aafc1a1ab71339fe7a9c0d9e2c,36447074
20200801.gkg.csv.zip,a7e3c529fe5d2bf44e6cbdbaa9c99207,20586430
20200802.gkg.csv.zip,888327a51c7298de20f7c35b3e072639,17512599
20200803.gkg.csv.zip,808bc4ab0192dce529a7c66322664d32,30848201
20200804.gkg.csv.zip,277e8269cfea54fce6e7f02e2285900f,35401700
20200805.gkg.csv.zip,f1819aca3fcbf53a97d776b6f92e33cf,37099231
20200806.gkg.csv.zip,7b63f0975d06d447aa0187f903766bdf,37854324
20200807.gkg.csv.zip,39fc996138d5dc60765a09c2a00205a0,35676680
20200808.gkg.csv.zip,a05493a088c64232f5419a28ae1eb3f5,21178179
20200809.gkg.csv.zip,0b9753a849e52ed742fb1de685b2a56d,18466687
20200810.gkg.csv.zip,219aa958a72b1f14c90f29a4b6d3093b,31812680
20200811.gkg.csv.zip,c592004d3b411b2a17753057ab715f24,36280754
20200812.gkg.csv.zip,18e655b4775b05b7367bf83b92934fe3,36952277
20200813.gkg.csv.zip,a9499ed82ef1b0848e0dbd3b6ef25f78,37047716
20200814.gkg.csv.zip,2aeced9f958f6ab4645fbe0b92faf610,34835867
20200815.gkg.csv.zip,8896ee9aa48d40259416a54cf89d87ac,20841021
20200816.gkg.csv.zip,c017ced9ea141397cbdadd6889b70721,18274675
20200817.gkg.csv.zip,a94bd23373c04ac014bd6c801c7702b3,32955416
20200818.gkg.csv.zip,0238cc8cbe9c53d473a796f72471e226,36802817
20200819.gkg.csv.zip,11794a5ce6f99956f62da40c0d7e5f03,37652835
20200820.gkg.csv.zip,d9aba09a3cef8a8df53cbd6e1b6af4ad,37818679
20200821.gkg.csv.zip,c2d98d0d53d4f80cae82368cd54c0f0b,34826337
20200822.gkg.csv.zip,067ae707612f443515216252590017df,19820999
20200823.gkg.csv.zip,075148282fc1b3ecb9ce26ff91cc4aed,18176717
20200824.gkg.csv.zip,1b7a1b11bc05a6a5e67d0496970b68f7,32605702
20200825.gkg.csv.zip,b2919e7a49e083af062109cbb679c7fa,36967230
20200826.gkg.csv.zip,f967ba8042f77b0507edfe4c301a645e,37826378
20200827.gkg.csv.zip,02428dc7659bf3867790047ae460bddc,37884563
20200828.gkg.csv.zip,ad36656c93c819f4e3fb082f6ec1c834,35008493
20200829.gkg.csv.zip,b169d1a1d1d9ddcd0c7aabfd563b00c7,20429294
20200830.gkg.csv.zip,cbf964bc3723a397ebc4c5bc32ec05c0,18089226
20200831.gkg.csv.zip,4bce4ac75b22709b48c93c14ec8db1f7,30981917
20200901.gkg.csv.zip,16acc1969367d9196b495df940fbfe96,35817885
20200902.gkg.csv.zip,0b35667789451a6bcd5606d2c45ab03f,36969008
20200903.gkg.csv.zip,ccd946286090029c5b6238fb0597d2f3,36392239
20200904.gkg.csv.zip,67d0a096d5247f696a133332ce2afb89,34326435
20200905.gkg.csv.zip,4a1919a23417a497fedcb93cf70d35b8,19686372
20200906.gkg.csv.zip,ef379b2b2c28c6bf4f80966a7b936f3a,17862303
20200907.gkg.csv.zip,a3a8506edb88ac6aa1cc3b7effb9f6b4,25672168
20200908.gkg.csv.zip,6bc6abf6aca0e228e93b74fe02584a41,33774358
20200909.gkg.csv.zip,285dd8093f945c0a2b03d51bd3626ebf,37008520
20200910.gkg.csv.zip,72581ad3efb787e5a8808903693bf99e,37636837
20200911.gkg.csv.zip,66505aeea6392c28441b4afa94297395,34916271
20200912.gkg.csv.zip,1d8123e858f92253e39ab2e386855eb2,21734185
20200913.gkg.csv.zip,56b42bf59879f4bbb7efd189b3dac74b,18114125
20200914.gkg.csv.zip,475182b8a2357d574a152fc0a0c7caf1,33082959
20200915.gkg.csv.zip,73fdae2d5e95db742e96ff548eedec34,36717079
20200916.gkg.csv.zip,3b4a699ce7892312dfa14f4ba9f82470,37556199
20200917.gkg.csv.zip,9c69a30afb9bdc0e46e0891ad28f3e10,36953407
20200918.gkg.csv.zip,b119c042105a6a3f5ea73ed340801f9d,34205363
20200919.gkg.csv.zip,c42d115150a8d0907efcfa05729eaf4d,21274791
20200920.gkg.csv.zip,0dbef83433b28a92d450b3553a16e406,17453656
20200921.gkg.csv.zip,98f207c3e2194869590eb2aba2099239,31995906
20200922.gkg.csv.zip,0bc81dfa0d88a4d2fe3ff5eae7af9e7c,36339645
20200923.gkg.csv.zip,149aa8ece9042ffa08365afb2057948c,38859337
20200924.gkg.csv.zip,2f655907c8264e8ec97b2363f6c4c099,36239830
20200925.gkg.csv.zip,a5a3408f9df2b1267d8b361d8a0b5105,32865417
20200926.gkg.csv.zip,d23cf296c9107a4a57acb6f083f56521,17257741
20200927.gkg.csv.zip,fb392bd1d40ab7e47b2cec87161ee5fe,18257671
20200928.gkg.csv.zip,47d5ca7fa34ad4304bd3af0d8bc71424,28111527
20200929.gkg.csv.zip,c698f99882242209346393744c80f574,33300141
20200930.gkg.csv.zip,f0eae57a7e7296358b1dc3366b96d3b8,32283136
20201001.gkg.csv.zip,91daed8576f958fa2034fde7f736ccdc,35006620
20201002.gkg.csv.zip,364807553bb8868f6adba6e2eea8b41a,30912966
20201003.gkg.csv.zip,cba084983da69d1afe83f2d4cd61e716,15184080
20201004.gkg.csv.zip,18e180363fef3a5c8c85479145e67db5,13486542
20201005.gkg.csv.zip,57098138c815bfa3b9320bf9147031f2,26136267
20201006.gkg.csv.zip,4d8a849c1d76ff301881941b119b866c,29257087
20201007.gkg.csv.zip,ae7f23e165f9750f5faed4e99495495d,27710829
20201008.gkg.csv.zip,b3ff3304ecab7fa18dd845703c85b0f4,29650236
20201009.gkg.csv.zip,07577f68398e6f920f83c5c83335fd2a,18917767
20201010.gkg.csv.zip,72cad2e94f82e56f761320a3f218e400,20864265
20201011.gkg.csv.zip,629f65f588fc00a9615f96e50fefbb7a,16162244
20201012.gkg.csv.zip,0181198ae539ef7d297ff506ce1eacc3,22739753
20201013.gkg.csv.zip,781a3f7c26ab82d5257239821b8f85b8,24873136
20201014.gkg.csv.zip,9d6034fb603e63729afe4616dada4be2,27597627
20201015.gkg.csv.zip,eb1aaf3ef298a0fc6bdf302d90f3b7a7,23050939
20201016.gkg.csv.zip,2672f27b7123c24adc37e9c3f8499413,9467483
20201017.gkg.csv.zip,b40153d3fa8a059f9191a9649f5627fc,14730681
20201018.gkg.csv.zip,63fc78bc2cceb89a6c20a0b03628a450,15098322
20201019.gkg.csv.zip,b14c6537cdd282d4e8b8f8ed1993c466,21237135
20201020.gkg.csv.zip,e0d4a6a157eb2d30d22675f076dd658b,23424635
20201021.gkg.csv.zip,da08a46924adc1aaa7480f9ed0b8a4cf,23366019
20201022.gkg.csv.zip,3bae2e250d1ae236dee52ed1e0281645,19712728
20201023.gkg.csv.zip,25091995abb673d1ff899c6dc25b3649,14232543
20201024.gkg.csv.zip,01d2f86a8063d5b2b7ab272a852f9cf0,9478256
20201025.gkg.csv.zip,83158ef73951508c804b468c8dc494b0,11754206
20201026.gkg.csv.zip,e21e852ccd7744b95bcf0e8f17038d27,18917343
20201027.gkg.csv.zip,82f7d938c58f0dca66c803f12eb3256c,19365933
20201028.gkg.csv.zip,632c39db411e73e260ee1be70df65fb9,22380028
20201029.gkg.csv.zip,202f859977019d0b1baae96f69ddba6b,16259237
20201030.gkg.csv.zip,55c4b9ea3715ee96a770a601e75b63c6,9428020
20201031.gkg.csv.zip,a4311fda90de1fd6e92d680470eed93a,5848182
20201101.gkg.csv.zip,9534f3c3115bd6bb5ecff4c332b14ae3,9028338
20201102.gkg.csv.zip,f3519c2eff4ea2515ebbe9a237e6a573,19115044
20201103.gkg.csv.zip,2112e6b9a101a6c2341a9518a0cd325c,12653429
20201104.gkg.csv.zip,b96a5d8d20188b21bc02897b8a7127e3,21601735
20201105.gkg.csv.zip,57e4932073dc110a6d098f96aacc09fd,14918411
20201106.gkg.csv.zip,261d4d0a87d47207700d5eff312dda82,5723929
20201107.gkg.csv.zip,ad381a460a7778886988b6b0ea152eed,3628281
20201108.gkg.csv.zip,020f0213b3e9db87cf03fa4cecb94992,6291731
20201109.gkg.csv.zip,4f115600047d1a5ef8c414443ffd1bb2,17431316
20201110.gkg.csv.zip,3c86eaf6b2b74da96c43addb967b6048,15744391
20201111.gkg.csv.zip,ef7d1030450d74cd30af0cecac12aa65,14426546
20201112.gkg.csv.zip,1274bb6e8a64c88672205e300996c7d3,13285568
20201113.gkg.csv.zip,14f7031ed4810c3b56b581ccb64f5391,3495998
20201114.gkg.csv.zip,6a3f2c938ce643ce4cf933fc5b5e1bd9,2489697
20201115.gkg.csv.zip,403750924f41d73c291fbe2ef5ead656,3920753
20201116.gkg.csv.zip,de38349beb402e24421d4ea736be8d02,11568002
20201117.gkg.csv.zip,89294457f4bfac3aa7dc313445487ec6,12000081
20201118.gkg.csv.zip,6c46ac41059b1dbe7a1b1c9ba4e6c852,36558553
20201119.gkg.csv.zip,923480256b0d710b28674bbafde8ad28,37706586
20201120.gkg.csv.zip,e5aa7ce48e41763c1b609ab8fd0bdf91,34765783
20201121.gkg.csv.zip,236f03406cd43018e26918b151c8a81e,20327129
20201122.gkg.csv.zip,fbffdae4dec90fc540584e5c6e695897,17251968
20201123.gkg.csv.zip,be0ec42a07051fad7ddb617027219926,30421126
20201124.gkg.csv.zip,517e9cb509d49ac3d1e1dd57f2a504f2,34370182
20201125.gkg.csv.zip,768c96d5d70347595320946793a0eb1a,33910758
20201126.gkg.csv.zip,3f5e0ffac1c8388fe11856e2aa3033c9,27349366
20201127.gkg.csv.zip,b648c5918bc6eed9f55c04aec6db86e4,25544671
20201128.gkg.csv.zip,888b830ed6ab383b2d4e79bcc3ff2028,17231600
20201129.gkg.csv.zip,8d3be71ef32216aed2e034fee845005d,16078298
20201130.gkg.csv.zip,b99650d05afa32872a3bbbd9ac968acc,28646661
20201201.gkg.csv.zip,c4719667e0ed58f5ad0128016b625fa4,33250082
20201202.gkg.csv.zip,05b3a4744a65fbd8e4d7dcf2ead56117,34052912
20201203.gkg.csv.zip,b796103ce627b8c4269268ee63d08600,34187640
20201204.gkg.csv.zip,7a44a83e6eb008667d8c3eab1d42bffa,31980701
20201205.gkg.csv.zip,7daeb6835f6be5155999997594c3abbe,18931694
20201206.gkg.csv.zip,fda3b5ac5670dd9c0916993c898f5cef,16458767
20201207.gkg.csv.zip,301fdde7bbdb2571260e05fcae2373b2,29117890
20201208.gkg.csv.zip,7360e2050cac7de98576978c0889da14,33444436
20201209.gkg.csv.zip,942809c7a4704447b61afd78da109e72,33809234
20201210.gkg.csv.zip,1231b1ed7579a712dc1e65cb941efe43,33974794
20201211.gkg.csv.zip,945a3a6540e05b046dd01378a0fd8e28,31578873
20201212.gkg.csv.zip,13aa7dc0350de13118d51d5256e275b2,19624179
20201213.gkg.csv.zip,1db5b8f503700ed49fadf0cc4149cd21,16372020
20201214.gkg.csv.zip,778fd1da3a8710d9c412770dab4a88ce,29298339
20201215.gkg.csv.zip,b9a6448fa0ebf66680f48be8a44053b2,32340250
20201216.gkg.csv.zip,dda1b713c9e40130ba1ea6f9ca69d407,33683180
20201217.gkg.csv.zip,2eb67233757dd5432187fffe86cbfd13,33529638
20201218.gkg.csv.zip,e21be6c28b161d3e8f70609f7cbd5910,31553359
20201219.gkg.csv.zip,84f8a0f10968f71f18b39f142c701602,19039513
20201220.gkg.csv.zip,244ea86991f86fdc7a87804f990441da,16014671
20201221.gkg.csv.zip,9a66c0d9e93c6443e23688334cd6a59b,27613925
20201222.gkg.csv.zip,085629970b76b54f3e9583783f442a47,29769335
20201223.gkg.csv.zip,ac769a6cdb68bab103d1799259859845,29740720
20201224.gkg.csv.zip,9c7b91a03bc25df00a015db036934e99,24209036
20201225.gkg.csv.zip,8dbd2b40c75e84b7f2e7256862293653,13972988
20201226.gkg.csv.zip,f190bf26cb4610e237690bd5b4bf730d,13855545
20201227.gkg.csv.zip,07f3a77f90946f600c94c8434bb42102,14551999
20201228.gkg.csv.zip,11b494c9ecce831123a3e89cfcea329c,22450513
20201229.gkg.csv.zip,da012907879f4c637049b4a12b11cf91,26280513
20201230.gkg.csv.zip,de89fae2e29b073f6c453e1fc64b1992,27651181
20201231.gkg.csv.zip,da429c37848d96aeae3e476871c9aeb9,25564279
20210101.gkg.csv.zip,fa7d95b3fa9f429fbfe829bf2ab07e66,17614438
20210102.gkg.csv.zip,bdd940e636ab45a0ed5c3d18b55b40e6,14666993
20210103.gkg.csv.zip,2445315ce7f96a22680487b42e8172f6,14862559
20210104.gkg.csv.zip,186950899372137df38ada436ae8fd8c,26674780
20210105.gkg.csv.zip,4d77e4b7a601293f54101010bb265175,31165896
20210106.gkg.csv.zip,ea64a62ab0d265d33960779d72953e06,32340995
20210107.gkg.csv.zip,c24381e774a1952246c1ea716a2e8d1f,35727332
20210108.gkg.csv.zip,f6571c4985923fc62e45da8b79294cde,33066713
20210109.gkg.csv.zip,db24a10dc55709999aa63b0f900abf1b,19726321
20210110.gkg.csv.zip,51f1bdbc7c79452c29068671c4b1d32c,16512914
20210111.gkg.csv.zip,b89b54afdc77d25c520ba6197e5acf07,29355779
20210112.gkg.csv.zip,bf878b4d32648522349ee53de934b770,33869711
20210113.gkg.csv.zip,07e0a11c8bba3fad96a7c680d58b0c8c,35310595
20210114.gkg.csv.zip,ead6ddb9dd8698b3dfb5a3e57373633d,34311172
20210115.gkg.csv.zip,d2b1ca8c6dd49bc83fe789e84d3ddd24,32472453
20210116.gkg.csv.zip,8c515a543d11ac184d54b67702bf9955,19589138
20210117.gkg.csv.zip,b24c00b13cf79c9165f843f1b3349e6e,17145708
20210118.gkg.csv.zip,16e4e149cab1321bea3b6a3aa988f700,26554167
20210119.gkg.csv.zip,443d97b8863bf69c5de996ae76cd0de9,32704702
20210120.gkg.csv.zip,b3805edd1e19f53452767eeeb3071439,35691773
20210121.gkg.csv.zip,a195503f8ba9f681aceb42741d4483e1,34520398
20210122.gkg.csv.zip,2de421ba6b3b8f64ed8111207f13b767,32392402
20210123.gkg.csv.zip,93c9464a465f2c0f65aba46290be02dd,19697878
20210124.gkg.csv.zip,0926344bfd7cef15d8fc65d23a4e810d,16367245
20210125.gkg.csv.zip,055c55c43d353bc4054f12788f012898,28967434
20210126.gkg.csv.zip,fa5c3b6a630dbf036490d282a378a6a6,33563226
20210127.gkg.csv.zip,6766d9e0b865ac167b876f03656ea6c0,34357009
20210128.gkg.csv.zip,33b5dc532d61ffb81e13db3bf04ce3b2,34830324
20210129.gkg.csv.zip,fde330f704f8b9e62afce448ad2de6d6,32638255
20210130.gkg.csv.zip,a20cbbb6dc459f97ce31e155e1fbb1f4,19002249
20210131.gkg.csv.zip,ba44ad14c58f7e48484798f06c058922,16703097
20210201.gkg.csv.zip,939627ba27addde51c81a574af072642,30326336
20210202.gkg.csv.zip,dade3d1a6d635124aa6e116d721f0446,34366410
20210203.gkg.csv.zip,b33bda2e174c876bda2e95c25478d8db,34449847
20210204.gkg.csv.zip,d1b8be58ddfadc9c1c9184070632f75f,34937305
20210205.gkg.csv.zip,3051a5807e672146605bf8466ed909e3,32960079
20210206.gkg.csv.zip,e6d150b199ea34f127f6477bebcac1c1,18542351
20210207.gkg.csv.zip,9481ced7e23068e426de95f41a08fdf9,16281243
20210208.gkg.csv.zip,7c0d8c371835b4fb55678249f5b65770,28529165
20210209.gkg.csv.zip,224dbf7183aa572a05516ed48bbf39cc,33168031
20210210.gkg.csv.zip,ec6aa47b6eaf9ca000ba8ee0bbe30fa5,34301040
20210211.gkg.csv.zip,06e89979821bffac4024544c2f9beb26,33258980
20210212.gkg.csv.zip,ea4c79ee7a307622a041a5915265563f,30294522
20210213.gkg.csv.zip,1d578d0a15c4e708fa3560120a009e54,19605648
20210214.gkg.csv.zip,ddb185ebcaa07322531a44b7104d7f57,17016627
20210215.gkg.csv.zip,76734dd89679715b3806075413d9ccf2,25892912
20210216.gkg.csv.zip,ebad28dd94e9fe5500e1eb704f44ec72,31684911
20210217.gkg.csv.zip,d5cd5bdbf2047bec240fb93851af73e3,34795964
20210218.gkg.csv.zip,e4e29b065df23886c97b5b25316321ca,34773409
20210219.gkg.csv.zip,af375d694c85eaa0c844b8d1f5ebb509,32678288
20210220.gkg.csv.zip,4b72b9ecf675a237fe34c5567bb73dd3,19542015
20210221.gkg.csv.zip,d7062508a2578684028df10400d2a2a5,16597736
20210222.gkg.csv.zip,8a4160873d724f04fa8a32148c70dada,28821028
20210223.gkg.csv.zip,c888ee13b4149e9625bdfe430893ee32,33805732
20210224.gkg.csv.zip,4a0f64a94bf4596cffaefb25d61b2d79,34037086
20210225.gkg.csv.zip,e82f91d6cf83fa5e6ce1783a226dc49d,33583749
20210226.gkg.csv.zip,c5b80abb5ae295797d768a91d09a15ad,32950459
20210227.gkg.csv.zip,291c6e36569fe07b159f1a7dfa67c55a,19499243
20210228.gkg.csv.zip,d0b87d8c72196d9f57df1eaaca65e7d1,16098226
20210301.gkg.csv.zip,8a5f2add1af4c38e855295acbd669471,29240976
20210302.gkg.csv.zip,cbc86fac6f4851612e5b2a21e60ecbd0,33370286
20210303.gkg.csv.zip,858f6eee3ca977ef50251edfcb8607eb,34344458
20210304.gkg.csv.zip,96dfa1397672836349882fac79a3e57a,33054619
20210305.gkg.csv.zip,b0968307c8ddc2dd699051f52b98da83,31563627
20210306.gkg.csv.zip,2dec4f40781c6f7dbe6617576b3b803c,19061931
20210307.gkg.csv.zip,f928815c6117079ddc135a61420a5b19,16167061
20210308.gkg.csv.zip,fae82345a03f53c0b7dd2b4f9a3b6b0a,28944224
20210309.gkg.csv.zip,bd2cb84e785f06ef0352f1bd8049b606,32078806
20210310.gkg.csv.zip,b20c693a728542975f678feb1c782906,33481946
20210311.gkg.csv.zip,442a7d556414eae2f658383d553f4760,33445782
20210312.gkg.csv.zip,65d1abc4663179fb1bd468a12ebe97ea,31057902
20210313.gkg.csv.zip,a8bc30688bee761693196fc1e8c5551c,18246932
20210314.gkg.csv.zip,5f558446ac8c065020fe28e3fc33f51e,15881496
20210315.gkg.csv.zip,2e7145158e5f3aa24a6c80e154fe906d,29710772
20210316.gkg.csv.zip,88d0d0b34fca77539b67656ff6dd3f6a,32045914
20210317.gkg.csv.zip,fa83123bd4d11631ebee77329e8541d0,33300944
20210318.gkg.csv.zip,739ed17b92347bed938bd5febaaaf63f,33679600
20210319.gkg.csv.zip,f5194819ee97d9a71084dd84eca58605,31078737
20210320.gkg.csv.zip,1fb34718d971fa230102b2f727e32b6c,18094693
20210321.gkg.csv.zip,767c9d596656e190ad20eb6cc7ca4e14,15411315
20210322.gkg.csv.zip,72dda83113602efc92391d5f2c6de5a9,28758030
20210323.gkg.csv.zip,fb2a401d2ece27c703c67ea2ee81ca64,33362613
20210324.gkg.csv.zip,ba9fefc57338b1ab9b0f2637452db196,33445605
20210325.gkg.csv.zip,fae25398efb5b35b3d4ac249fde9ce7c,33642362
20210326.gkg.csv.zip,e44fda4ecbe140cd41b5f2abc9b843de,32342027
20210327.gkg.csv.zip,e2105faa3defb56bf126d58b6adc66e2,18351191
20210328.gkg.csv.zip,b3a968cff4d127f25f2ffd84eb8f798b,16120329
20210329.gkg.csv.zip,2eb5c1083104df5952d114dce7767554,27465595
20210330.gkg.csv.zip,8cea72792d3457ce3757c187c53dd830,31303877
20210331.gkg.csv.zip,b6266cba86d05146b08dc4f8ceb2ecaf,33005913
20210401.gkg.csv.zip,575987c8371c1dc361ccab2e7fd8ae9e,31686384
20210402.gkg.csv.zip,f082edbb2cebfc2c6cb011a710096b94,25353942
20210403.gkg.csv.zip,e6d17912e87e30eff8075e949949970d,15629374
20210404.gkg.csv.zip,1fcd562cb0e1f553b14b8810e0d9c3ee,13816393
20210405.gkg.csv.zip,2926c782316314ae3b7b193863cc59b7,23046528
20210406.gkg.csv.zip,5d984353ec73e7fe8f0566331c2e8dab,29561780
20210407.gkg.csv.zip,6e0eb9c43cda27ed81f82b6d5bb876f8,31899087
20210408.gkg.csv.zip,2b5009e69da02c255b1a7548833945b6,31528084
20210409.gkg.csv.zip,120113d62f47dfe8c351bf6d13cbac3a,30478207
20210410.gkg.csv.zip,e4037853b19561a8c5e8a330d03b5270,17561050
20210411.gkg.csv.zip,cb4fafbb5d53772f25672db0481f26e0,15240823
20210412.gkg.csv.zip,6e2c7d5b06f4642ba7b2ffee081deaa6,27955832
20210413.gkg.csv.zip,d358245786ec414bbfcc01f1bbe4d207,30614452
20210414.gkg.csv.zip,30d7432722a362d797f08c2e9c732d6d,31642153
20210415.gkg.csv.zip,d9fc59c65d45978801a1766ad2a2b1af,32170822
20210416.gkg.csv.zip,283527afdf342fc3011b3095e28faff0,29833607
20210417.gkg.csv.zip,fe7cc74302c3b415da232ddc972fe131,17321901
20210418.gkg.csv.zip,ba4bc0f76eb2f62a69761cd77fe9472e,15101729
20210419.gkg.csv.zip,13f24519f85afe8d77fc41397ea098ad,27641602
20210420.gkg.csv.zip,c48f71664bbe7db6592ac65161045c3d,31546897
20210421.gkg.csv.zip,bf8a596abcde069c1b9b8d92d743685b,32140966
20210422.gkg.csv.zip,a3f4edabda41c0662d0d763d96a19707,32825064
20210423.gkg.csv.zip,51f235670c881fc6b1c9558e9fab97a5,28995667
20210424.gkg.csv.zip,652973c2d3f7b26a796108586b1682f5,17247841
20210425.gkg.csv.zip,729e3a51483a950a6dbbdd151d48eab4,15197989
20210426.gkg.csv.zip,ba1679d0b621b9e92282a53356cb7ed0,27957968
20210427.gkg.csv.zip,f4e95f0fbb839b80d903e91402fbfc40,30861066
20210428.gkg.csv.zip,d1cd4b4ed37652b38db237457c1b0a19,32252675
20210429.gkg.csv.zip,2860dd00b08651185b7a7a972ce888e0,32525307
20210430.gkg.csv.zip,d90a81df2c7534ccbe28141708a5aa5d,29731701
20210501.gkg.csv.zip,d0660cfa54c4762573b082f74d8781da,17491792
20210502.gkg.csv.zip,fc90b826fe6d277d2bffcb5174c3f92c,15134323
20210503.gkg.csv.zip,d92bd14aa15dbe6d0e793a991e17e560,24880087
20210504.gkg.csv.zip,b834e2a1b0970e5d27705d6270447bb6,29537598
20210505.gkg.csv.zip,b5bf31b0b44184d418c42bb6e2a920d6,31506441
20210506.gkg.csv.zip,552e7421ec8b4b29c31b584b27bf8586,31703057
20210507.gkg.csv.zip,98aa7697d9a75bc780d584a0453ed127,29377968
20210508.gkg.csv.zip,09f693350323a97aa38db6b0c655da8c,17008811
20210509.gkg.csv.zip,602b34ce4e8bd5d513edadfb8b46ebfa,14931488
20210510.gkg.csv.zip,fbbe849ccf0bfb2740aa4fcacab6cf28,27121547
20210511.gkg.csv.zip,85eb536b415b4eb130ad3b2b843cfa02,31686681
20210512.gkg.csv.zip,1733143ae780a6c663ac32d98e994afb,33266470
20210513.gkg.csv.zip,652857d68fe8900303bc4208c80d0cf0,31207865
20210514.gkg.csv.zip,e950547b0ac2937256a7498f770ce8ae,28711429
20210515.gkg.csv.zip,2739461059d32c46f23d56fbb1266230,16758740
20210516.gkg.csv.zip,939ab3b0929b9d94102660ae7d8e7351,15675917
20210517.gkg.csv.zip,4c1f64d6fd7eecb9e3a7b868faacaf12,27453356
20210518.gkg.csv.zip,dc727d54436f417f653e7ca0441d68b7,30428290
20210519.gkg.csv.zip,0ce126e02d2a89cd788de5f17382fcc4,32122605
20210520.gkg.csv.zip,a40fc98d2f4ef648f4883e50dc6dd843,31523546
20210521.gkg.csv.zip,f858a4bf70a805948faa5a841dab6e07,28952719
20210522.gkg.csv.zip,c7214536281b294885eef9d6fba326ba,16340600
20210523.gkg.csv.zip,1c86df37d13e661504008b3c40051623,14572439
20210524.gkg.csv.zip,570a3da2e4969d8908ce82837a7f6abf,25752228
20210525.gkg.csv.zip,ec94afbf9174eba01e5285f857e5eb6e,30289681
20210526.gkg.csv.zip,84b8771e3c5ad40b26201c556257369e,30942105
20210527.gkg.csv.zip,ef2ee840abc0f95573f85cd738eba468,31593850
20210528.gkg.csv.zip,2e1973c5b27816ff8a26048d0af935ea,28722057
20210529.gkg.csv.zip,ff60e4ad702ea6a56675dd6311ef448d,16185337
20210530.gkg.csv.zip,1951f46617f10ba153d6a70b3839a237,14555177
20210531.gkg.csv.zip,900995099df7c01f982c63157f079a7a,20182479
20210601.gkg.csv.zip,662f515d9413cbf5024e74d5ee91f750,27863271
20210602.gkg.csv.zip,2f0f85b9b169a7f17a9fecb510f3c6ae,30153378
20210603.gkg.csv.zip,7c3328e1153e230ac657c9cd0b235511,30065464
20210604.gkg.csv.zip,b3971bc8956c19f424a2842c778cb324,28200832
20210605.gkg.csv.zip,cad7673adcfb5ccb1dbdeee9bc5926ba,15880313
20210606.gkg.csv.zip,ccba952ee8e252a978515759dfbd7ea6,14537133
20210607.gkg.csv.zip,f08e67ecf33fd6793d58091283d3ae61,25980807
20210608.gkg.csv.zip,fe62b354046deb75abe03dfc34d7976d,29678630
20210609.gkg.csv.zip,6f831d44d7f76c32da4b68753efff212,30121514
20210610.gkg.csv.zip,c5c1792d740b07469cef382f9b72a006,30979466
20210611.gkg.csv.zip,01579f4a56b7c2898d801fcef177cc0d,28656085
20210612.gkg.csv.zip,625e768a522e7000570cbe4aae67108e,16423219
20210613.gkg.csv.zip,617e17dc838471139bc5b9de0243ca4b,14584668
20210614.gkg.csv.zip,9cfdec0fca05880503d8295603bf5825,26045708
20210615.gkg.csv.zip,c64ee6257fc40ebd0f049ff0f7ff3a08,30030326
20210616.gkg.csv.zip,721e52bb17849aba5a06002d3cd9fe86,30758561
20210617.gkg.csv.zip,46e1a2d3c7418199329d422554b33eaf,30547888
20210618.gkg.csv.zip,7ae91707df962bb6110251f1489dec3b,27504568
20210619.gkg.csv.zip,b5120a74f3a2f3fef1c131e1b9cab5af,15597275
20210620.gkg.csv.zip,5a2373219e632851144410705e4c12ba,14290959
20210621.gkg.csv.zip,9c561f8cef8b152ba3512fee4a0da335,25528719
20210622.gkg.csv.zip,2b1dcf73412fea4d2814a7308e8d5c84,28716001
20210623.gkg.csv.zip,960ec992fa1b4af58cea935b1df04fee,31010953
20210624.gkg.csv.zip,80e6d26c85d5bcf710b52e318c0f69fe,31106859
20210625.gkg.csv.zip,ca8a487ccb09573a72f769cd030c25a3,29093198
20210626.gkg.csv.zip,a27c62cd01b87267f670fa949a36e97c,16593259
20210627.gkg.csv.zip,1cf4df536c5dc393149fdd42a3590ed3,15141978
20210628.gkg.csv.zip,bc226defc433c65606faef543aee070c,26726753
20210629.gkg.csv.zip,d27ad4a2583ae9c63e9c94fb51507e61,29809574
20210630.gkg.csv.zip,35f5bbe6a36ab9e8776ad0cb545242b7,31598468
20210701.gkg.csv.zip,1980a46d2cd3f98ea9565bd9c5a3ed3d,30900683
20210702.gkg.csv.zip,2e4781949fef7b60ea4d39b924298e23,27773952
20210703.gkg.csv.zip,d0cacef85db5fb45efe194c10ac778c6,15464676
20210704.gkg.csv.zip,5a8f7494a12d0006b8e9bd412e78de92,13924909
20210705.gkg.csv.zip,4dbf7608904b5d11be9ccd225d4c1969,21509836
20210706.gkg.csv.zip,4b9805bb168c0350162e2424a671639e,27265871
20210707.gkg.csv.zip,2ca9cee2d5fcfa6d0733c9b4be16d31f,30203461
20210708.gkg.csv.zip,a84755de71e9f5e4a80dea21501f378d,29889662
20210709.gkg.csv.zip,20e1d4d187b6e1f341a32183c0d6f597,27686598
20210710.gkg.csv.zip,819d635addfcc13b488a16950699f852,15865100
20210711.gkg.csv.zip,01fafce0c435b4bef8d0cb4fbe478336,13494629
20210712.gkg.csv.zip,11f5455b1c9d45b7f086d509f69c515b,25203320
20210713.gkg.csv.zip,2083f464ffe4424467c130c747ec4a67,28941452
20210714.gkg.csv.zip,544754c629e650a98aa2428ed5ccaae0,30576070
20210715.gkg.csv.zip,75096a7a85d22de1e1eb05a52f3d7500,30806536
20210716.gkg.csv.zip,b78c1780ac479151b00528935aad77fc,27874588
20210717.gkg.csv.zip,d02b2891b334f156cc39a33b5a1c01be,16146012
20210718.gkg.csv.zip,95b2538913e5df2b4307bbe68746eed8,13955907
20210719.gkg.csv.zip,35af2028b3281c140053c7b5bf8881ff,25440178
20210720.gkg.csv.zip,f7a8f3fa08187832a486b38a5d0d8540,27816362
20210721.gkg.csv.zip,ec1262f3d647884e4f4bfc8d17cb5080,28386804
20210722.gkg.csv.zip,ae26a121eda14aee358677411d835ad0,28396182
20210723.gkg.csv.zip,31af13c1f4f5efbae646b58ccfe130ef,26507572
20210724.gkg.csv.zip,44eaf1d39c0fd6ee169c1a7e2cf8c675,15227223
20210725.gkg.csv.zip,49242a1f4cfe40d5f12c80ac43225d16,13609214
20210726.gkg.csv.zip,b3c65a6a4d5439839750ebbcef5bd713,25133071
20210727.gkg.csv.zip,8cb4875a5940438e7d3c52863beec871,27802071
20210728.gkg.csv.zip,1be8dea94c6d6dbdbe23dcdb7ecaf6ac,29061514
20210729.gkg.csv.zip,257568e09c4009df48da072696ad30c7,28136744
20210730.gkg.csv.zip,a80bbe8307606d5d86d8d3d64faa76c6,24475448
20210731.gkg.csv.zip,e8eef4db1750f3771ddf664b4b281907,13120337
20210801.gkg.csv.zip,cfd8477dc34a813e44251d80d06b6cb4,12631447
20210802.gkg.csv.zip,7cf249235aa14387a85a580bef75f939,21805978
20210803.gkg.csv.zip,1ae6057af16ebf2fc3269941d3bae930,25040369
20210804.gkg.csv.zip,ecad9d1656becbbc513355094b68870b,26905116
20210805.gkg.csv.zip,193aca7683fded89d8d24ba9823f383b,26104829
20210806.gkg.csv.zip,be809084d4f3a6c891daa08c275ba574,23509261
20210807.gkg.csv.zip,a357858a0889add8ff29decfc20d8fa3,11130809
20210808.gkg.csv.zip,0f0979c91b8fc4087464803f139970d6,10797508
20210809.gkg.csv.zip,7c64fc8d2c1130a5f987fd37097cced4,19707734
20210810.gkg.csv.zip,8e92d139d3c26cf0065309097a6b8e3c,22378689
20210811.gkg.csv.zip,038492d9be646043357d32456fe79724,22927782
20210812.gkg.csv.zip,82da4660ccd9717c23ecc78eee98b92e,23378911
20210813.gkg.csv.zip,aa75edf5676da86d85c37ebfb3b53673,21215388
20210814.gkg.csv.zip,291172a6283c5e9d5c137749b33fe256,10245657
20210815.gkg.csv.zip,6399269867fe0806273560d89aef1f0c,8614099
20210816.gkg.csv.zip,f1ac25cb352ba240e75d569ffe8e62c3,17048014
20210817.gkg.csv.zip,77c777b3af6cdcf9464fd623a41c4a50,19145597
20210818.gkg.csv.zip,e0c936a429609efce29ed7978fdda59b,19063413
20210819.gkg.csv.zip,41093752d4e9b903023804b9b0475258,26252994
20210820.gkg.csv.zip,47e1e499d22511313b444db9ea7860df,25638112
20210821.gkg.csv.zip,1098bdf8545b6b4831c63470331e6624,15985115
20210822.gkg.csv.zip,63d97216cada1647f5aeb541ff179d7f,14567874
20210823.gkg.csv.zip,4a41944869aa2cf39d22271435d48e2f,25258325
20210824.gkg.csv.zip,46cd72c837b5f01395edf1d1044ff5fb,27886745
20210825.gkg.csv.zip,84a150e7634f68c79015d872838451a9,29332164
20210826.gkg.csv.zip,e5ddee73ac940bd62e0c1686fab63b2a,28301219
20210827.gkg.csv.zip,b62e568f6038320a5f8d5e693ff9e547,27378968
20210828.gkg.csv.zip,e7d5bb2fc3b7109485b77f451f0ce2a1,16679739
20210829.gkg.csv.zip,7a9a03976a1b735da1dff7175893472e,14840165
20210830.gkg.csv.zip,b172d9b6b4c9c1855964fc2017a96158,24876900
20210831.gkg.csv.zip,bc6aa841e09aad293ae393f222dce561,28889763
20210901.gkg.csv.zip,6a2f5fcacf20d0c69cc3280a13c95feb,30134033
20210902.gkg.csv.zip,e1d2dbb83eba69517efb2fb7887490e6,29968110
20210903.gkg.csv.zip,77d9cf3a7653819db5c7e143e8c06b0a,26894866
20210904.gkg.csv.zip,9ee08422ba44dbe354e931d8c75dd4d0,15320339
20210905.gkg.csv.zip,7a8cbd709db51bdbeeab108031ea5479,13615079
20210906.gkg.csv.zip,7c937cc1f969a2c71268746f71c97757,19934243
20210907.gkg.csv.zip,3b9ddf9644bb78801b5dfea70dbfb1ca,26766916
20210908.gkg.csv.zip,90075120c12a5579b4687f2f0142869d,29254220
20210909.gkg.csv.zip,595b20b650793a75c58680c19cff4040,29904249
20210910.gkg.csv.zip,bb6d2415c2178ebae0d44020be6e2ef5,27244448
20210911.gkg.csv.zip,d0e5e821bc5126b45cac5db1e9f55898,16786610
20210912.gkg.csv.zip,413529322f9ae56037b2a4c4b848d8d5,13742860
20210913.gkg.csv.zip,c5703ad01ba156d98371a809c715e1d1,25574487
20210914.gkg.csv.zip,ddcf5a10389d5d54b986e43de2bd2dbc,29644559
20210915.gkg.csv.zip,e3c7015272f687ac6d57be4db9525b19,30723425
20210916.gkg.csv.zip,1637387d7232c42fb5dd66f356f269be,29519167
20210917.gkg.csv.zip,0d287ca947d1fa73085da4273e4837c9,28538382
20210918.gkg.csv.zip,249625d13a8421192f706f4ec009844c,16551067
20210919.gkg.csv.zip,bcf3d4f19ecfd51d21f1a7595fa78388,13830803
20210920.gkg.csv.zip,77c492cbbc0f9ea1db88a2bcdf354a9e,26310816
20210921.gkg.csv.zip,86c0f0da00dc64e0c3f5e1f37505f269,28540512
20210922.gkg.csv.zip,ac804e2f2b1e36930b486deb9f34e9e9,29961582
20210923.gkg.csv.zip,dd1ac25eda4b636bf143ba2cb170c64c,29648566
20210924.gkg.csv.zip,0d6ec7ab1e81c981706d60a00d3d2897,27962241
20210925.gkg.csv.zip,1ac4c51c937756b6387696e8b6887ef0,17925557
20210926.gkg.csv.zip,433e25fe7ede184b11025355ef70b603,19340292
20210927.gkg.csv.zip,421cca8ac68bcfc40bd7f917f17d8fbf,30517913
20210928.gkg.csv.zip,6abf29a8b3bfd3932343c5fac911c833,32344261
20210929.gkg.csv.zip,988df662354a08e27bca9dae2bf2873b,32036045
20210930.gkg.csv.zip,34f96ba0a1b8f39a38273bd91b642ba9,31735307
20211001.gkg.csv.zip,310c948d4de1f87ef6ae6c208e7c7c53,29688947
20211002.gkg.csv.zip,0cdabd769c4f6f88d37a0d8acecb7b08,17053294
20211003.gkg.csv.zip,1f89f2ef6303b05a1e6f753fe9e399aa,15026480
20211004.gkg.csv.zip,908c640b0f1132f3445fd2cfca7ca523,26696723
20211005.gkg.csv.zip,c5b6aef1ccaadc10609d5e1452765cc7,30085758
20211006.gkg.csv.zip,0ddfb12ce84f90d402851ef9819883f4,29711153
20211007.gkg.csv.zip,35362604cb36ecae50e25ee6bbe6595b,30102769
20211008.gkg.csv.zip,6d866c0fd53e23fa8d0f12c8339ede09,28016121
20211009.gkg.csv.zip,8f2948e60d199b77f9237a4577be1ef3,16135155
20211010.gkg.csv.zip,b34ec0d83854cf71a80c1d4a8d6eed28,14542511
20211011.gkg.csv.zip,cd597ce35caac5d333f6ba8c94b11016,24502731
20211012.gkg.csv.zip,d434cc8776e39005a0ef9af13bd7ef17,28282814
20211013.gkg.csv.zip,9a716d6e60c308a1abae3326744d9fd1,29352860
20211014.gkg.csv.zip,6591c187fa1f582a10ce3b13eb8b64eb,29539356
20211015.gkg.csv.zip,bd67b4c6df252326f988be2253c2a31f,26240044
20211016.gkg.csv.zip,2ef4019932ec85c1f8a2ccc6b31831c5,15540614
20211017.gkg.csv.zip,895c6717412120d509ef4544ae5b7621,13984718
20211018.gkg.csv.zip,a60dde26734a9b18cc3ceafb6b3df0f6,24544222
20211019.gkg.csv.zip,5ed849e931f033a7e62d7d18d1339adc,28704779
20211020.gkg.csv.zip,c7336c72b5a63abb8f2f8cc02fb0a20f,29627954
20211021.gkg.csv.zip,ee66d3cab6eeb3f4231caee054f7b8c8,29959867
20211022.gkg.csv.zip,c880f95ade226230ad4a3a623ead85c2,28157514
20211023.gkg.csv.zip,3cd6b1d75fb1b5c63810b0cbfd31a035,15664483
20211024.gkg.csv.zip,43274bec461d021a1bf0f6a2d4eff3c9,13877860
20211025.gkg.csv.zip,f9978569d865abeed47e1db925b116c4,25582543
20211026.gkg.csv.zip,f4466331379787b8e599b58ac858d414,28555222
20211027.gkg.csv.zip,1974b0ea11f408795fdc48872261f158,29204598
20211028.gkg.csv.zip,743e328f4c5971cca355c250a53af072,29207024
20211029.gkg.csv.zip,ff3a247ab2a07b1601d21167c40962d4,27655830
20211030.gkg.csv.zip,722d28f99c6a83e58fadf50787866f2e,16439500
20211031.gkg.csv.zip,61d521f0ebca2584e3b5e2620a1813ca,16398987
20211101.gkg.csv.zip,56520992cec56d3371acbcfdf34867f5,25738492
20211102.gkg.csv.zip,ae9499aa822ebc76c6a71e968703fdb7,28349933
20211103.gkg.csv.zip,a4552f71b3511daf67dcb7380b3b7a31,30554758
20211104.gkg.csv.zip,08cbee2b96f1538fe9002d4b9a7eb007,29159872
20211105.gkg.csv.zip,da62cb0c8bbda11ede7c1f6d49e8b0e3,27058903
20211106.gkg.csv.zip,b7fdb76ba8b06fa00a100696cc3db694,16018348
20211107.gkg.csv.zip,f3db77f3d36bbbbbf1a3de9ffbe2de41,13549802
20211108.gkg.csv.zip,c59ae605aa6eaa0c962b2caf6839ba66,25629066
20211109.gkg.csv.zip,771944c04d8ee3b0b107e6c4ec4975aa,29701913
20211110.gkg.csv.zip,6dbed2b6d239765e4888cebdcf81728d,30200186
20211111.gkg.csv.zip,2a51c424aee2089d963f718a8de6ee43,29477887
20211112.gkg.csv.zip,d8ff6cd789e1e5ea816e5f3694cef07d,27173152
20211113.gkg.csv.zip,a8e7157b6e6de40730c2ecdd4d21f5df,15836261
20211114.gkg.csv.zip,edb09e29d524d46fdcb2bde8ce4ff78d,14028424
20211115.gkg.csv.zip,c2554f43642bbbe0f0bee0404136b753,25085504
20211116.gkg.csv.zip,0eba8911250e53f1169c070ca540b28a,28199725
20211117.gkg.csv.zip,72a0bb805b5dc1ace82d21aad38bd64d,29053703
20211118.gkg.csv.zip,e9e210a83c0f63e74c8dbc9001e4d386,29406059
20211119.gkg.csv.zip,0aee208467ac1c4fe3943deaee7e6057,27320231
20211120.gkg.csv.zip,e09a44d9061f879a2984c54181395951,15681521
20211121.gkg.csv.zip,f76b66e409050a11c1fc8a14e2706597,13406471
20211122.gkg.csv.zip,0831c437ba8b01c91ce80d775258ee76,25029204
20211123.gkg.csv.zip,396aa1e11e9d6b2f98cd4e35e1424b2f,28000256
20211124.gkg.csv.zip,1afc7f96e478fa49d38600b481de3f85,27816099
20211125.gkg.csv.zip,db555a3e6dda1ea590987a7a3d13a0f3,22014093
20211126.gkg.csv.zip,ed257db04d16aca60545039bc3fba0a2,21133013
20211127.gkg.csv.zip,ba8d8a867f774502612598b326573e46,14174814
20211128.gkg.csv.zip,25b338eb0c558c34eb93fbf78cb1722f,13430767
20211129.gkg.csv.zip,ba25a92aea57b3ca6c9d4e7173f4a446,23923340
20211130.gkg.csv.zip,19a9047d8463106d690fe93d991f0394,27754854
20211201.gkg.csv.zip,b198e9cf206c3c4e91721d68bf7291f3,29652363
20211202.gkg.csv.zip,b04eead6af00aa00c1f64e3665072216,29528550
20211203.gkg.csv.zip,36d76db70c375fb8ecd0b5bf476dfabf,27427435
20211204.gkg.csv.zip,cef3f6721a705e2fc451b74a4809a07b,16045528
20211205.gkg.csv.zip,eb8ddcdedf1f08731d7cc25efde05599,14321118
20211206.gkg.csv.zip,ab00c918633e81b2c28edc071b7514d1,24832189
20211207.gkg.csv.zip,1a3ad68a09ba236e775240321ae4b10a,27405087
20211208.gkg.csv.zip,375029a254a92d9c082ed7cc477d1586,28904937
20211209.gkg.csv.zip,c5ccdd688dd57a8a7746eeb41389609a,28889603
20211210.gkg.csv.zip,9afe7428c774ae168efca69c265bc2c0,27285883
20211211.gkg.csv.zip,90be6764ee15ed55082c8afcba8014d6,16204387
20211212.gkg.csv.zip,80bda39d26a8b4cb6e64ee846ad8249a,14158805
20211213.gkg.csv.zip,8a4a6ecbc32607970fd61a5346c9ae3c,24414910
20211214.gkg.csv.zip,6d423a91eeba2cdeebaa8afa1f66496d,27650141
20211215.gkg.csv.zip,51d3d9136b4715e3f0360b48a829b264,28937580
20211216.gkg.csv.zip,309ad162ec2bc48442c41231dcd73709,28408025
20211217.gkg.csv.zip,f7ea8eaa8ac806891a79ca24f653e3b8,26915635
20211218.gkg.csv.zip,7c5a813da40fae3e285bf7058c66a766,15498219
20211219.gkg.csv.zip,ebcb6aeb7936b819795df35d34f9126d,13500324
20211220.gkg.csv.zip,59e158232fdee495e730090ec07af274,23011520
20211221.gkg.csv.zip,cfa6d1aa3b29526fda5ecfceabd44822,25740788
20211222.gkg.csv.zip,ead1e0b8ad1d6fffd267abbc5b6c6704,24964447
20211223.gkg.csv.zip,d11cfc712433f1d35f75d318e8278808,24105494
20211224.gkg.csv.zip,36ad5325f7bc36e8a3fef68786a8bc23,17695503
20211225.gkg.csv.zip,ff7b2a650ae14a72f10f9020b86cad14,10135544
20211226.gkg.csv.zip,4c33462d83f51cf9da0a638076e6ca29,11343794
20211227.gkg.csv.zip,3544a804db36ef85fe4661c1bfa7bd9b,17634574
20211228.gkg.csv.zip,bacae3ae6fc9729f92cb9465831d8a89,19917744
20211229.gkg.csv.zip,a6d57518ab42b61559fd4e1888621123,21406505
20211230.gkg.csv.zip,f39956e34e61616a9893c86377ea38df,22149464
20211231.gkg.csv.zip,25d02c3c39042ce238b4df89de8011ae,19164530
20220101.gkg.csv.zip,256d2245c11de2815b8f5246c88a8cee,12567708
20220102.gkg.csv.zip,0ebcc6fbb11bb3ec2f2e9a4cdc088cc5,11974006
20220103.gkg.csv.zip,4480ff30f0caafa7387a4dd6de51dd66,19461159
20220104.gkg.csv.zip,2b663e226a7303ab158611a86e2017f3,24159960
20220105.gkg.csv.zip,c66c3789f4db336bc19bc6bb7d9086a3,25749980
20220106.gkg.csv.zip,cf56d33486c3821c29389a08f3ca8db1,26664144
20220107.gkg.csv.zip,e5d765659d44ae813ab7b6b6d0a198f9,25636537
20220108.gkg.csv.zip,330dd85d573d5032f21ead1f5373abfe,15007805
20220109.gkg.csv.zip,32149ae7fdc385dd49f66d0798f1614c,13053696
20220110.gkg.csv.zip,ba6a36e6de280012944990bbe064441f,24071687
20220111.gkg.csv.zip,113908e8eadf22677ef5a946436708da,27115681
20220112.gkg.csv.zip,faf9b43ebe4f398e7c91b537f7a97cd1,27394779
20220113.gkg.csv.zip,1bf0bb0e2b66bfafb2ed38d1cef01311,28023493
20220114.gkg.csv.zip,24977dd8f62549ac20138b96134e27e1,26474982
20220115.gkg.csv.zip,76fc705d4d6e4cf721424baeb21335ff,15865795
20220116.gkg.csv.zip,f9dee7914c9f40c800577ed398431be4,13723267
20220117.gkg.csv.zip,42455da563a45fee5b44101f98e3c71f,21632411
20220118.gkg.csv.zip,6461b69f9cf8560a2472c6bb6b5fe1d9,26615744
20220119.gkg.csv.zip,d402ea12d4f8d282ff03ea116bb5062f,28890922
20220120.gkg.csv.zip,aad6b5b6872b5163a4b0dc00884881c7,29221150
20220121.gkg.csv.zip,577408515b4ea0d398954a5f5ca24b18,27052092
20220122.gkg.csv.zip,cfae305d5e659e9dabb8f268c89adad6,15832836
20220123.gkg.csv.zip,000576eda80764d8efd2b4859382562d,13292839
20220124.gkg.csv.zip,43a3c4ac297566f8f9b4c6a0a25c8ea5,24248380
20220125.gkg.csv.zip,25dbf89851d0a8880253d5e2affd0a40,27997622
20220126.gkg.csv.zip,9173f47b76bb661612975402752d1194,28220655
20220127.gkg.csv.zip,36abfdc92a251e83002695a5b4f596b7,28913735
20220128.gkg.csv.zip,d9b44a7df5f230fbbc79866a5ea69b81,26863375
20220129.gkg.csv.zip,f5cbee43d4625a4175eda3a83f85b206,16169811
20220130.gkg.csv.zip,ceaa93ba8b8c884e8236cb4449d2a388,13581185
20220131.gkg.csv.zip,c0686ba2c4d5d4385ba67f1ed1dc3dda,23627943
20220201.gkg.csv.zip,0adc3b21f54e91da314dd5d3eaadbc6a,28318475
20220202.gkg.csv.zip,7dd760f1ee8a15225b57553884af0569,28837522
20220203.gkg.csv.zip,484e729e6933555e09d7feb7ad9675e6,29613694
20220204.gkg.csv.zip,95dfc891ae102d06abb719665314856f,26876306
20220205.gkg.csv.zip,c1ee7c29f8f694cf4b5eab5542c477d1,16202625
20220206.gkg.csv.zip,575b6a54c9b77330e688662091979a83,13722552
20220207.gkg.csv.zip,b6196ac77c552c790788d7ef7f656709,24200123
20220208.gkg.csv.zip,fd85c94af01a0d92239d5f4728d9c246,28692304
20220209.gkg.csv.zip,955981d685e34e2b66da29ef7c1baca0,28819823
20220210.gkg.csv.zip,befa236cbea43e85d17209138c44936c,29651069
20220211.gkg.csv.zip,bade418ddc4326bc91ec52ba8d209187,26610067
20220212.gkg.csv.zip,369b38bd722bf1267dbf081bce0a2eba,15718010
20220213.gkg.csv.zip,7744cf405197e6e7a3655ff79c93414e,13120065
20220214.gkg.csv.zip,9169315340a2acf60f46c947492282ed,24148180
20220215.gkg.csv.zip,b51029650de64cd589e444febb9bdbb0,27382730
20220216.gkg.csv.zip,33d4c07fed50661ead59af3af4779c64,28276772
20220217.gkg.csv.zip,4451cafcfa5f913d0622f5bec302c961,28637441
20220218.gkg.csv.zip,d72f72b9676aa27400123ce020afdab2,26893842
20220219.gkg.csv.zip,5e0e01b317e95d5c2fcbf7dc6799566b,16018340
20220220.gkg.csv.zip,fcbfc3d4e80ea85cd53dedc35716233e,13392091
20220221.gkg.csv.zip,123ad7c2e88cfc20e7dde33684d9f3e4,21500244
20220222.gkg.csv.zip,d226a766fccc048c521f45d74eb16203,27561592
20220223.gkg.csv.zip,e175e92a27e867cedcc2a1e6ec03bf9e,28975903
20220224.gkg.csv.zip,12cb77202418f038037fadc9f8c142e5,31639392
20220225.gkg.csv.zip,3c9eb1d473f0ee690407ca2f52faceb8,29614518
20220226.gkg.csv.zip,b40f2af81a26b572e1a5e66e8e2e13bd,18061122
20220227.gkg.csv.zip,b2a90a661a2b117b76ec75e8530921c7,15330718
20220228.gkg.csv.zip,5c7007e131092e9ec73513aec345cead,26624439
20220301.gkg.csv.zip,8b7540e4c2f78cbfe088198d7d002b47,30356235
20220302.gkg.csv.zip,dbd42d80a8fceee4ed192df726af32ff,31415105
20220303.gkg.csv.zip,8a597aad95d3b51f170e39c56542fe7e,30604227
20220304.gkg.csv.zip,71f5cc824acda1bf559f28c586c8b5fb,28071017
20220305.gkg.csv.zip,28ae91c1708c3804520983aa561e58d5,17233940
20220306.gkg.csv.zip,85f0e63fc48a4123fb699919d9cd24dd,15028801
20220307.gkg.csv.zip,85bff90735b9ebd4ea0adb2ec79d92ae,25720055
20220308.gkg.csv.zip,1b2fbeccd5a5e2df201507920ad75f0b,29875621
20220309.gkg.csv.zip,f2faaccd9092f8e93e3304050fd3db95,30351508
20220310.gkg.csv.zip,2c648d00a518ffa1147803d8e33f7bf2,29899143
20220311.gkg.csv.zip,92c5a6230f31f0e44cd02ff7321b4e82,28767245
20220312.gkg.csv.zip,2aa9b2b3f804eab7034d861a33761733,17359645
20220313.gkg.csv.zip,62e29103aec68e7c5d1dc11e5b493279,15220472
20220314.gkg.csv.zip,65eb314af2a79714ff67ac39b5493ddf,25803578
20220315.gkg.csv.zip,5e8e3d3e44e7e35bff2900fae1e22b0e,30078767
20220316.gkg.csv.zip,f40a1a2a0647e6d41a2950aabc4cb852,30059426
20220317.gkg.csv.zip,2c87c8de51e5098c55068ae52333e44a,29415811
20220318.gkg.csv.zip,2058c2d2ff234ce3441be4d81c08db7f,26128796
20220319.gkg.csv.zip,24713b95beb024653a1482521cbae47f,15855379
20220320.gkg.csv.zip,c0c5ab4c967994510be3005f5e973a76,14422038
20220321.gkg.csv.zip,0a8ad6d48fcb55fe5582012cf35eafca,25460472
20220322.gkg.csv.zip,059f15630561f094238dda75b7e5529f,28671230
20220323.gkg.csv.zip,a340320817b3199734e893578d7ecd64,29673442
20220324.gkg.csv.zip,a627bb96099d9bf14b3bd295308bab7a,30301345
20220325.gkg.csv.zip,2bfbfc1b536b0e332603e6710c014a04,27214981
20220326.gkg.csv.zip,3a6ee94c1ece630e7cbb540cf5c21137,16342358
20220327.gkg.csv.zip,0860f42cdbda66a90c3c3dd0243d7ce5,14194225
20220328.gkg.csv.zip,6f85e9079a29089d26c60be55460ae0e,26027223
20220329.gkg.csv.zip,cca67257439c8d8f4b65a3258bb904f6,29116804
20220330.gkg.csv.zip,63f664bbb6f9a6875791e6aaa2413967,29505626
20220331.gkg.csv.zip,bde243c1f26e7487803856152c281cad,30022760
20220401.gkg.csv.zip,b6d7d09db097ffe22d0b909992f61201,27559438
20220402.gkg.csv.zip,6fd0ca309aa59f137aa7c17bc9a3c39c,15971160
20220403.gkg.csv.zip,14490a7b75a210ef686f8d24db7a0d47,14393773
20220404.gkg.csv.zip,5266cbc54279860340ada7ff7303683a,25295648
20220405.gkg.csv.zip,35030306ca328cecc8a68e472fef7142,27441144
20220406.gkg.csv.zip,911214500bab655dff2b3335f347c1b3,28784027
20220407.gkg.csv.zip,0441aa60c4f590ffe2889c224672a2c1,29285474
20220408.gkg.csv.zip,6aa5441c0b1344b780a006baa984c7f7,26977999
20220409.gkg.csv.zip,f1864fb5d90fbbf74f04a195d3a467fc,16028169
20220410.gkg.csv.zip,223422ccccb415a8fa53e206ecdb607d,13788492
20220411.gkg.csv.zip,06880f3e175349fa8bc1b9c9b2bccc12,25058571
20220412.gkg.csv.zip,483176a3f0b27029a5825837911b8ee6,27767300
20220413.gkg.csv.zip,96bd054a981143ebba42cc0108fea279,28779672
20220414.gkg.csv.zip,74fe5377d7025e527384f8b6f0b9c022,27916390
20220415.gkg.csv.zip,9c51377a73312791402a9d50ab0c3d31,22131781
20220416.gkg.csv.zip,b7516a7fed8de005c973b2a442041fb5,14410522
20220417.gkg.csv.zip,305de0bee24e2e5a21ca967934628ff0,12846537
20220418.gkg.csv.zip,94e10b0b92b09e8260b29031d351d72f,21565684
20220419.gkg.csv.zip,2e2379a2de9b1019dd1a55d89e39e2e4,26548203
20220420.gkg.csv.zip,09f130d33aed82f5a8372ea71cf3edc7,28468153
20220421.gkg.csv.zip,1cd2643554c8cb393159345bdb972d2e,29757616
20220422.gkg.csv.zip,011e08442a125f59132dd64220ad6e7f,27801955
20220423.gkg.csv.zip,5fb0cd7c3c96398504eaa77ec61644fb,15814274
20220424.gkg.csv.zip,635890b0065d6f0c567d07156153d126,14347245
20220425.gkg.csv.zip,97231c1700bef94c8c44d46595e542e8,25130678
20220426.gkg.csv.zip,ba3e4f096a37a9eb5f52764cb6643d6b,28452095
20220427.gkg.csv.zip,e205de2a2b6b94a6c5e26421a54c0e4b,29791668
20220428.gkg.csv.zip,22f44cdc7eaee9f7be49648b35bb8746,29659981
20220429.gkg.csv.zip,fb5d2b3e8d5cf589671f5ce20bc12520,27855252
20220430.gkg.csv.zip,7c87cf282e960c95f0a723d8cec1567e,15981794
20220501.gkg.csv.zip,a0bc3dbbf62b95ba7103263cee652d93,14304302
20220502.gkg.csv.zip,49f130a7bd7907e622b9659096b8212d,22872411
20220503.gkg.csv.zip,2b07e3705d880785ce85f49b00242c11,27997346
20220504.gkg.csv.zip,6f10b6e33baf136089f3c4bc690b6e36,28791210
20220505.gkg.csv.zip,6101de0bb425cb76d7354e1d1a72caf8,28980540
20220506.gkg.csv.zip,3587183184c2a93b224d1e75c1037314,27314067
20220507.gkg.csv.zip,49e123ec457342bac5604eee9fcaa9ce,15812878
20220508.gkg.csv.zip,d0d4d7e35349601c9122f337eafa25b1,14417229
20220509.gkg.csv.zip,a2531d94c3468b908087d4b3ff910da9,25510429
20220510.gkg.csv.zip,7f7e0c0e2c8a601eb54903061a02e3d5,29354550
20220511.gkg.csv.zip,de24c5aea86e8ceb62ece311b957b0d6,29375395
20220512.gkg.csv.zip,77455024d58734f608c00ddb73cb83ff,29985528
20220513.gkg.csv.zip,19a4da67ded7c709bd7bd9626d811538,27748205
20220514.gkg.csv.zip,fbfea50ee34d1a01d943d3f536b43033,15720849
20220515.gkg.csv.zip,27426c4ec9c5441a6218783ed62fa8ac,14250591
20220516.gkg.csv.zip,c7ea8328f2c700e9e3f3d54d55b0ef08,26804341
20220517.gkg.csv.zip,0bea8811a88fe35a5f5c5aefea2daae1,29680018
20220518.gkg.csv.zip,f8aebf4bf29464919bac72c595a2a95f,30572319
20220519.gkg.csv.zip,e9f6da69cce3ec2bedb67f04af99750f,29439765
20220520.gkg.csv.zip,716139ecbf40ddeb4cb39a694cbe0a90,27187267
20220521.gkg.csv.zip,c65fa77825edddb898e92043bdf54fcb,15843390
20220522.gkg.csv.zip,9452aa64dbd56c2d267b3a62322c8561,14044952
20220523.gkg.csv.zip,68741a526c9b471bf06d62f8b2704624,25675754
20220524.gkg.csv.zip,623e8e9256364e15e731f81dc9962b7f,28912913
20220525.gkg.csv.zip,2ce1c4fbce4c6ddab9d08559ad86dae5,32386638
20220526.gkg.csv.zip,b0f84796f6bdd4d1aaa827584ff5e13f,30415168
20220527.gkg.csv.zip,3a84af61c1b92ae40a300556472b56cd,27017449
20220528.gkg.csv.zip,3b99fc5ec52232570cb9af3b226ffeea,16346940
20220529.gkg.csv.zip,ef9528b16bde2af40dbe49c7b99ef1fd,14519520
20220530.gkg.csv.zip,4b27582295ff4b72fa253085f66eebe3,21026012
20220531.gkg.csv.zip,5218318d900b9600c545a7115139d209,26533146
20220601.gkg.csv.zip,8f4a91faf079a27976cf00047bcf927f,29222397
20220602.gkg.csv.zip,86248d078fc71167b1d1dae9be178a97,28094973
20220603.gkg.csv.zip,64e656e03efb9ecd2b6942cc896db474,24658016
20220604.gkg.csv.zip,0e3037513208cbe6c9a880179ef7f9c6,14775524
20220605.gkg.csv.zip,c409c62208729b99b74f5a53352ba5f3,13296062
20220606.gkg.csv.zip,e2168cc79e831f1f8aa9c0286662a1fd,23901474
20220607.gkg.csv.zip,3ba29ad2a57ca0c297a392f86a31ef78,26804612
20220608.gkg.csv.zip,3b1763cca71f9cfaf81f544cb2c8669b,28059679
20220609.gkg.csv.zip,6efe48914a2928fd8abbe2a724d19475,27667478
20220610.gkg.csv.zip,8f79d95883f18e20ad77a7ab223dfc9f,25772711
20220611.gkg.csv.zip,e32beb6f0a6f2abbab6b37928ee14ca9,14721251
20220612.gkg.csv.zip,c494a1f6c241f806a10d26b2a5d8d903,13307238
20220613.gkg.csv.zip,6cbb194fd90eedcb8e9e881e2398f206,24363915
20220614.gkg.csv.zip,57883f32e21401366f3add192d4f834d,27503663
20220615.gkg.csv.zip,5eab64d5228799bbe6c3e01be8c68167,28579859
20220616.gkg.csv.zip,ed06ba91a801588472c7d6a23e89a3cf,28017861
20220617.gkg.csv.zip,56575524b17eb5a5bd19cc3302a4a80b,26073535
20220618.gkg.csv.zip,7f472f7d08e9a050bda44a01346b7f4a,14626750
20220619.gkg.csv.zip,3d0301af3a690deba7c96b0a96def171,12964913
20220620.gkg.csv.zip,b04397038b6f0664c5e77cb3b0fbc7c9,21642453
20220621.gkg.csv.zip,702670d999bafc99e1c2f381d2ac8260,25620322
20220622.gkg.csv.zip,424a79cf47133a69a8b6e84ad9cfd281,28321183
20220623.gkg.csv.zip,99eaae93192e80f506a8c44923e6105f,28453326
20220624.gkg.csv.zip,756b2406a0c649670cf3bded8786d85e,27322428
20220625.gkg.csv.zip,7aa56d081544297e2c0327cbe14a59ea,15856680
20220626.gkg.csv.zip,13f46225ed14844d31c56291b3f3251c,13509134
20220627.gkg.csv.zip,20d7f7060235cd951272caa5822f37a5,24310168
20220628.gkg.csv.zip,6ce886acca1a770429d27a488d1da587,28257390
20220629.gkg.csv.zip,11193c1719af76629eb3d9333421acb9,29142234
20220630.gkg.csv.zip,9549ed08e4e5ca8a20ecaf5e245a435d,28642781
20220701.gkg.csv.zip,0acef7b026248b10cafe72958fa037c0,25306256
20220702.gkg.csv.zip,12679683279468de3a9525fe3fcaa487,14415775
20220703.gkg.csv.zip,87761bd154623b28db53591af9edadb6,12554705
20220704.gkg.csv.zip,25de0d79dcc4c997c08d2bd7f104b5f4,18610511
20220705.gkg.csv.zip,7a97ac66e87e25c18b3ccda423650af0,24520612
20220706.gkg.csv.zip,93ba3ebcae5967079269361a14fc6c23,25888069
20220707.gkg.csv.zip,24f5b789126f8bfb0f5985395bdc59cc,27087083
20220708.gkg.csv.zip,9a71a810d438ebb1c7a3fd6a3ac01150,24793370
20220709.gkg.csv.zip,71c7d5d348d676d2ef1a4b205c707257,14478681
20220710.gkg.csv.zip,6abd9b60340b1562130c7bcd43c43a19,12407280
20220711.gkg.csv.zip,77238b13146d4a906d6446cfd9541da1,21897036
20220712.gkg.csv.zip,af6b5bdaf390e3f58821eb6e32f0a21b,25487095
20220713.gkg.csv.zip,2b3d1009058c3d76138a3c9182784b8f,26818249
20220714.gkg.csv.zip,f04117fa41486b38e4a3fae47abb0e07,27169976
20220715.gkg.csv.zip,4a5802f5f464569884e362df0166e8b3,25411120
20220716.gkg.csv.zip,f8dd6bc394a9c0f3d024e5a377458a85,14682450
20220717.gkg.csv.zip,6c2d48f1dc4499e164e39d499dbfc95d,12731643
20220718.gkg.csv.zip,72a4ce56436a666ebc0c2f4f5afee81d,23301237
20220719.gkg.csv.zip,9406ec64f3cda317a92d35be04d2954a,26233664
20220720.gkg.csv.zip,5f98144a29ac47b40f1bbdad473a7602,26561429
20220721.gkg.csv.zip,67c83f58500c4b7dd3b80425772d2479,27074943
20220722.gkg.csv.zip,3b03caaf669b46db09c37e2137071d10,24679761
20220723.gkg.csv.zip,695fce4a3322a0014deb9d963c56aec4,14034941
20220724.gkg.csv.zip,27da6ab731b943ef7e06dadfab8f400a,12741744
20220725.gkg.csv.zip,e3413959388e212b09093686f1dbef65,23089873
20220726.gkg.csv.zip,47fb51722a8e40b5bde6f475ebee4559,25627172
20220727.gkg.csv.zip,41fea64d1ad39c43e745a15fd105d067,26565213
20220728.gkg.csv.zip,80fa76a67da2e25cb577e2542364ecd8,26801027
20220729.gkg.csv.zip,6652c4b0a7f4242d4bc09c01055c2b93,24668460
20220730.gkg.csv.zip,04a0f743e7cc16a95917efff9a0aadf7,14609366
20220731.gkg.csv.zip,6cf8858f604a96437c82a450d86cea09,12759983
20220801.gkg.csv.zip,770641ab8f50774bed8d988282af8914,23092197
20220802.gkg.csv.zip,c55f117bb0b3ab9d8c30896d56669f36,26718517
20220803.gkg.csv.zip,aee9777d29b066debcc314dd8b64cc78,27163569
20220804.gkg.csv.zip,72866b93473ba43b1c2120d513286838,26954356
20220805.gkg.csv.zip,4bd8ec0f43ddaf05644bef9d22bc8ca3,24794734
20220806.gkg.csv.zip,0fc7671204bc21b725fa16b379badaa7,14239295
20220807.gkg.csv.zip,5416c85277bf31aa6480ade5e407565d,12454278
20220808.gkg.csv.zip,2a568312c04ac9c60bf6903ab5db3e43,22453378
20220809.gkg.csv.zip,01d3c66686ea21054ce6b326e3098edf,25484713
20220810.gkg.csv.zip,d6dbb54f8dd370c7f78b31f5b00eb0db,26145775
20220811.gkg.csv.zip,4367bbccef069dcbdbf28f4d1c477f48,25081132
20220812.gkg.csv.zip,02a736987e78cf96086d26b3771ec3cc,23616502
20220813.gkg.csv.zip,a44269c951d78e727c50262f2aa3e69f,13638796
20220814.gkg.csv.zip,eceb812b4cddd91a358572797976b9b8,11987320
20220815.gkg.csv.zip,2f5a17a9720946058a6acebced699048,21498926
20220816.gkg.csv.zip,9e49156d4b6bdb22072be87716846684,24625554
20220817.gkg.csv.zip,663edfacdf15a4ab160bc50ec7368dfe,25655590
20220818.gkg.csv.zip,6a101f4ac5bb6788c6aeb159cd69b8bc,25329950
20220819.gkg.csv.zip,4dd46ad06452b6ac51fbd9a60c2ad916,23166710
20220820.gkg.csv.zip,74c0d739f7c8b49559fac236b359b0e0,13216796
20220821.gkg.csv.zip,a442fd8516a6621bfc1c8a9815574aa6,11729858
20220822.gkg.csv.zip,efc055d05141f398636ee60f1f139d3a,21771001
20220823.gkg.csv.zip,0d8b4e96e17d48cd7f768f00e4adb606,24892463
20220824.gkg.csv.zip,9bba26df409e121ddd30fc0c7ee34838,25547369
20220825.gkg.csv.zip,bd30171c3c2ffe6528572907e7e63c45,25496245
20220826.gkg.csv.zip,69400822ff5929ed17ac52a5acd109b6,23501023
20220827.gkg.csv.zip,513ef774677e2372aa5a4c19f02234ec,13337351
20220828.gkg.csv.zip,e4a6feb9fd8869d428d3fc73474636ae,11615431
20220829.gkg.csv.zip,6156fcbc0102cf02fc0d17d6fab3b6f3,20489186
20220830.gkg.csv.zip,f55b7fe3dff2f4e5075f464469ab9dea,24483900
20220831.gkg.csv.zip,a6930586374add3a9206a3871663a898,25448140
20220901.gkg.csv.zip,1aa4f91d4f49e57d61c4a8c2178d82f7,26283893
20220902.gkg.csv.zip,01f7289d3f3899ba2154b85e2d540f0d,23529958
20220903.gkg.csv.zip,0468a7c1e2afdefea6995fd99bc15df6,13428111
20220904.gkg.csv.zip,aca09b2d2e5db51b46f847165a6365c4,12066033
20220905.gkg.csv.zip,46fa18b3e16fdcb4d650aa3eb2911c65,18233338
20220906.gkg.csv.zip,2e3950f1b673915c165cdc95f78473c3,23770250
20220907.gkg.csv.zip,222dcbc2975a7ebb7ae2900bfd412d9e,26058643
20220908.gkg.csv.zip,a79ff91034de3508d933a494f8b073a9,27681862
20220909.gkg.csv.zip,41638f406ce0f52ef03ad4f1a3795b7c,24302484
20220910.gkg.csv.zip,6bffc82c74005dc6c56f45b130491a45,14153698
20220911.gkg.csv.zip,a685552401ade19f882009dba27dc643,12765350
20220912.gkg.csv.zip,e029a80abfdf5c75098cccb8dca87e97,22710387
20220913.gkg.csv.zip,407cfaa7365978d6175afd5e083fc032,26239132
20220914.gkg.csv.zip,3fa8a8c6926872ff6a122f35dfd91f34,26450385
20220915.gkg.csv.zip,eb7ffe328ad15afbeedeba52ea70990e,27134813
20220916.gkg.csv.zip,eeb841ad2da8eae313b79f4de26b41cd,24372764
20220917.gkg.csv.zip,b4d6b15c0ebd60a09f9c0d7d56a0bd49,13821152
20220918.gkg.csv.zip,7a42f3931e95e2c63aeab01ec84ea908,12380431
20220919.gkg.csv.zip,affa1fa66e41e5fb578e0f48ac4de771,22041035
20220920.gkg.csv.zip,0e27c5dbdfd7be871239e173d107c002,25357453
20220921.gkg.csv.zip,d261f09b2e4ab0b56dee44b30ba68d43,26249360
20220922.gkg.csv.zip,d3221aa64323096025934804bab08e0d,26239300
20220923.gkg.csv.zip,e3653cc29e299c256759fd596c075919,24359604
20220924.gkg.csv.zip,abac4f913b7467845c7354ed6071829b,14091087
20220925.gkg.csv.zip,ab8c53677f32eba38ff44d6be9febe57,12379405
20220926.gkg.csv.zip,5b82cceb2504198bb4e333fdd78094e2,22540869
20220927.gkg.csv.zip,b39f88fbd651afe1e62b5fffdeab766f,25287588
20220928.gkg.csv.zip,2ef1a500b716d2f6e14297b6e18dc668,26085355
20220929.gkg.csv.zip,ebe81a6ced22ddc610c36f9bb6077f97,27385863
20220930.gkg.csv.zip,0440b50e612d54f3724d603febc1a864,25417949
20221001.gkg.csv.zip,5096db229aa0d1c05792a996600c76d0,14959080
20221002.gkg.csv.zip,ed465cecf7a9367818fb74681fb27040,12303684
20221003.gkg.csv.zip,f5e38da272956f819aef9af5a2d7f095,22843355
20221004.gkg.csv.zip,3144294838c264e75679ab4c3ad5e447,25444724
20221005.gkg.csv.zip,2eceed7158ce28abb3c0d8a03165f004,25361830
20221006.gkg.csv.zip,36ce656e26d983aca44998d6d0e36fd8,26460717
20221007.gkg.csv.zip,09ea5603fee75a9a85b1954387c36eea,24977060
20221008.gkg.csv.zip,7d772bfb78ca802c0c594085cabdef20,13793093
20221009.gkg.csv.zip,2ef7b13114519752c147901100efd833,12195920
20221010.gkg.csv.zip,2d092d7adbc637e3a9a787d311a7593f,21638003
20221011.gkg.csv.zip,8f866277362c87ebaa04e8dae9083080,25373605
20221012.gkg.csv.zip,8265aca79bb90d138c53db0740dc5d76,26126057
20221013.gkg.csv.zip,2244039e8085f3b9040c835c8468cd67,26283487
20221014.gkg.csv.zip,4e5308bbb29b10017f380b5227f52046,24135026
20221015.gkg.csv.zip,bd6de33a6f50bac1b578000c1d1a2f4b,13884209
20221016.gkg.csv.zip,bc244376e0472f9aabdbc9281768ae3c,12242797
20221017.gkg.csv.zip,3668b178d80dc41b12f78db32faaf343,22664587
20221018.gkg.csv.zip,39450f254f41f4d78cb615ef1db30e26,25155380
20221019.gkg.csv.zip,5f89c797ae7b9ac1f7254da2ace0c8cb,26113000
20221020.gkg.csv.zip,e21c8513a5ed20a2bd9e4b5df31849b2,26841115
20221021.gkg.csv.zip,025b6f3dc6dc0b0689821cb3963f0a4c,24500769
20221022.gkg.csv.zip,57ad3d8b71a18b832045e05682967568,13783115
20221023.gkg.csv.zip,be2fc278c38b2171abd55f5dd6d928e0,11933627
20221024.gkg.csv.zip,f2be4f772da7f461142e7b5b140b25ee,21256017
20221025.gkg.csv.zip,11bcd7afac16e3e079055b8d22d2c897,24982051
20221026.gkg.csv.zip,6dab9c82ef36421642296fcffc249c04,25899226
20221027.gkg.csv.zip,f6c9a4bce15a1965432450ffbadd73d0,26343364
20221028.gkg.csv.zip,545d0526560106353d73e3651a6288b2,24395470
20221029.gkg.csv.zip,4339e340fd231e7d6b25e0c2e0c6b2d1,13443828
20221030.gkg.csv.zip,9109bbe9879465e91965eaa758ac7d48,12447876
20221031.gkg.csv.zip,b9abaf884b00adc00c0a5612fcff53fc,22698788
20221101.gkg.csv.zip,38e41944f15a7a434c037fb3841acfa3,24640391
20221102.gkg.csv.zip,ed0f78f19ccd717120e8e8f447b0f3a2,26305942
20221103.gkg.csv.zip,4418c449b15c0d24a4d2c66ff282e191,27094793
20221104.gkg.csv.zip,d717c15eeda9152386e6892982ed6a47,24710620
20221105.gkg.csv.zip,f1ef42b32e09eb02d0e104199dc9e1a4,13639336
20221106.gkg.csv.zip,59b4fa4870c08405d98f7f0740b67703,12390898
20221107.gkg.csv.zip,85069f10c93e90a8f61acc2494a6dd4c,21909514
20221108.gkg.csv.zip,5c99da925f560106324821fcf56ee3cc,25129244
20221109.gkg.csv.zip,b9bafb00453b603bffb88989925e6e0a,29528321
20221110.gkg.csv.zip,267bc1d89adeee67d4d8b0ed8a49c67e,24613876
20221111.gkg.csv.zip,9039e9af0971785ee03d1ed4010e77ce,7223039
20221112.gkg.csv.zip,bf0f699ca581c837e423d3fd7ccca88c,14715666
20221113.gkg.csv.zip,944d8da99f2aeab429ff819bf8e351b0,12635206
20221114.gkg.csv.zip,079aae921c12257f73dfcdc491ee3359,22657321
20221115.gkg.csv.zip,42180c9c284cdce4040a7ac1592ebfc3,25786547
20221116.gkg.csv.zip,8731b0e7a485301fa93ab896612714c3,26384407
20221117.gkg.csv.zip,78e0691270c28395dde4365a7686bc93,26680687
20221118.gkg.csv.zip,adcd16a698293de61709e7ce55024de3,24344987
20221119.gkg.csv.zip,da556f7d4b5e0ea593af06a0ebba3899,13899648
20221120.gkg.csv.zip,2fb8d0212ba20fc8af6186685828a808,12122866
20221121.gkg.csv.zip,29ee78e9ddc9fd637a85ccb9fa2a167a,21616212
20221122.gkg.csv.zip,f735d9437a522264cd191e2c6c19fd77,23998790
20221123.gkg.csv.zip,e075390596aeb26277c91b8301c09def,23907606
20221124.gkg.csv.zip,a3d4815beae05335865333794171fcea,18531154
20221125.gkg.csv.zip,c0bdea59413c171cd91ffe2565a3a69d,17088372
20221126.gkg.csv.zip,c56c83699b207adabd60bc59720f8715,11597070
20221127.gkg.csv.zip,f5efd0d691675f4061102f3806481837,10979237
20221128.gkg.csv.zip,7638e5349b6fbe76078014da3214524d,20144303
20221129.gkg.csv.zip,12c096c355b5ab7d04fb62629f92cab2,24197807
20221130.gkg.csv.zip,44a3f9470d570bb03d74c9dfb292fd99,25368566
20221201.gkg.csv.zip,7b66d7c3349c2eb2d3d9a5e50d416899,24890475
20221202.gkg.csv.zip,40d92812095ae3c58f0dd96add565981,22898031
20221203.gkg.csv.zip,ba3307be40eafb6bd80d3c23fb7a7894,13426688
20221204.gkg.csv.zip,748923c6f6c0a189f2058a5e9e41eff1,11092632
20221205.gkg.csv.zip,d5839936877cf01b0e50290e67abbed1,20912121
20221206.gkg.csv.zip,5d0fdf05010ea25281cc7af481d09951,23982654
20221207.gkg.csv.zip,557fc657021a8f8219e6ed37b1cbe62d,25252707
20221208.gkg.csv.zip,99c33613975dad57ac189c5c839044d1,25423401
20221209.gkg.csv.zip,3475bf88ac1bff42da34bf69ea638224,22632244
20221210.gkg.csv.zip,b75b5dfdd1f38e7e597f817e668e5d06,12987489
20221211.gkg.csv.zip,087f6c64cfeed0eb7a5f3f9fdb9e971b,11267656
20221212.gkg.csv.zip,c24c897e282d6f9742d2d00b2ad73a4f,21082552
20221213.gkg.csv.zip,a6a5cddd0db9ba6f54030cd77fe203f7,24300946
20221214.gkg.csv.zip,80c4cf0de8fbb062cdac8fab9657079c,24411704
20221215.gkg.csv.zip,ba79bd208bd0e2d39b50bfa19da3598e,25243860
20221216.gkg.csv.zip,f08e0acb31c559c404a793a0e3a9d610,22802220
20221217.gkg.csv.zip,65b382b161558415766ff8b51b03660d,13538430
20221218.gkg.csv.zip,5cfe17a6810e88b9d8aa063c423f1414,11107591
20221219.gkg.csv.zip,fb95e30409a01c5b0da0cf928f41ce4e,20482987
20221220.gkg.csv.zip,0ef18b47c4623f8dbda745c10a1ee9e5,23016992
20221221.gkg.csv.zip,bbe0510409b9f26e015edd21684bc09c,23719707
20221222.gkg.csv.zip,6813772f903983d96903823f28ba812c,22900882
20221223.gkg.csv.zip,f12c25ebf8ede5cb49d6e5d8542c19bf,20112571
20221224.gkg.csv.zip,79ad4fe9ed3908c70e052bfda6c7d415,12068648
20221225.gkg.csv.zip,b34358bf19051814a825227af7fcb245,9168839
20221226.gkg.csv.zip,a11f4ae010dc18149e0dcc0273d37eda,12663868
20221227.gkg.csv.zip,ae891dee0052c48c141272e75a2c2688,16738868
20221228.gkg.csv.zip,fed64f15bdfeea9d7a8b39cc26450766,18393821
20221229.gkg.csv.zip,d0c0105cfa93ba8372ce79d370b0a20b,18864630
20221230.gkg.csv.zip,a43644380fb2b75040a42051db53f5d0,18059560
20221231.gkg.csv.zip,f46beb057f52d8ac4e5233a7a24bf915,13383652
20230101.gkg.csv.zip,e4a751bf23e58787b7bd57e38b02773a,10168016
20230102.gkg.csv.zip,44c4b8db6c14eb6acfdd607efbb241b1,13175367
20230103.gkg.csv.zip,c84481ca5b342cebe5eba50c4fdc8ee3,19653750
20230104.gkg.csv.zip,0e545e33ccdd421821901506096558b7,22438153
20230105.gkg.csv.zip,4040281996c2bc3ee46504694b7d6883,23648129
20230106.gkg.csv.zip,686fbdf55ca888d4d6f11391539f91ab,22011385
20230107.gkg.csv.zip,287b32af8606ea5639501e9243c28546,13385360
20230108.gkg.csv.zip,62787b149c6e7ce324e87dd9762992a7,11581157
20230109.gkg.csv.zip,93af5afe482aa9567969b721e67c5d8d,21415761
20230110.gkg.csv.zip,baf9e7b9b9e7a8a6f7bd5c2df622fa28,24658116
20230111.gkg.csv.zip,2faebbedbf481bf1026db5686e29ea02,25839322
20230112.gkg.csv.zip,02e04eec0f3063e08b11d2d02f30e3c5,25049637
20230113.gkg.csv.zip,d8830372642b9cb8dd796ded1c54ad82,23468855
20230114.gkg.csv.zip,5d900f877286013e21b46f748b3bb200,13649849
20230115.gkg.csv.zip,47a8482840e18fed9ad7643128d2e962,11977065
20230116.gkg.csv.zip,0501718cebb948c0aadc62875d097581,19236719
20230117.gkg.csv.zip,0ad82dfcef437fa64aa248a0c58371b7,23780932
20230118.gkg.csv.zip,a72938712fc4cd1bb7c9b82e3d1a10cb,25329890
20230119.gkg.csv.zip,3229c778834211b555111f4cfc5159e1,25558818
20230120.gkg.csv.zip,6b03d375c4a36d5d402ba9ca8282daf5,23530896
20230121.gkg.csv.zip,e9ee5c30094db4e03185ed8405a9b49d,13918491
20230122.gkg.csv.zip,931d66addc9e6c389161f4c071542e91,12555232
20230123.gkg.csv.zip,e475814ce7b0a23e8fcdd94d46a5083e,21318711
20230124.gkg.csv.zip,ee76a5fd7a6f0f9071c1cfd76999ef5b,25002680
20230125.gkg.csv.zip,041c43eeee075b83378dac937696eba9,25233842
20230126.gkg.csv.zip,79e2363247694b0cc0f610fcde9120ce,25633321
20230127.gkg.csv.zip,9b6dc24c0c8ee1e43d674fb561b47940,23817171
20230128.gkg.csv.zip,3ce6609ca0276696a01bf6cd305587d1,14278617
20230129.gkg.csv.zip,d1a646ade6d09c63afd6adef541d69cc,12371832
20230130.gkg.csv.zip,3091d27abe178777feecb99dc948edfd,21711265
20230131.gkg.csv.zip,7479404963ee26168273fa9993634c51,25679663
20230201.gkg.csv.zip,696a2e542a27186320d856095cd0bdc6,26427715
20230202.gkg.csv.zip,d292380b63b253f79dbf4fc4455ea571,26279888
20230203.gkg.csv.zip,d478b245daac93a7f784c229e876bb51,23622614
20230204.gkg.csv.zip,9fb7117f07c9545616f698fb8fdf6ba1,13442201
20230205.gkg.csv.zip,5a36114101589af04ff9eef39646e1bd,11451229
20230206.gkg.csv.zip,692c2307628af29c7c52c79cfa4293d4,21986069
20230207.gkg.csv.zip,ac1270c4727adb19449bc346c78a7f6b,25326574
20230208.gkg.csv.zip,d1642b3d4a8f685cc51dc4b504ef5355,26098164
20230209.gkg.csv.zip,092f0ce4224bd45a0810c8d65a0dfe7d,25745854
20230210.gkg.csv.zip,f92f3e2c233167199475c0602f58388d,23480367
20230211.gkg.csv.zip,012d0ee521595b2212765968d586154d,13833272
20230212.gkg.csv.zip,52fe8ed1b723d54df9b9538e23993c69,11771830
20230213.gkg.csv.zip,14df7dbf741cb0ca76a6a4c4c7c8a19d,21437564
20230214.gkg.csv.zip,2016d0b26b4ffe91a077d74800a15d12,25352797
20230215.gkg.csv.zip,54a9363a3afa9806733188f68d730400,25281285
20230216.gkg.csv.zip,97ad0490259fa6f54baac2cac6ac00b5,25670479
20230217.gkg.csv.zip,5b43d11bcc714bb128f0285427f5ad73,23944398
20230218.gkg.csv.zip,333fbe872d0935e5338bbc797ff447aa,13828372
20230219.gkg.csv.zip,74481d442d985991c4f1ec7671f443ad,11751684
20230220.gkg.csv.zip,8345948ccbf2b3173c66a1dc6dae6317,19727354
20230221.gkg.csv.zip,ca3867f44ec935e551cbd0669d7096cf,24193400
20230222.gkg.csv.zip,b7661eeaea248fbd71cdf18618b58c5d,25678860
20230223.gkg.csv.zip,ed1fedc4be030628e3f7ec9289e3486c,25976872
20230224.gkg.csv.zip,334d688ed4aba7827971ae7aa743e47e,23887893
20230225.gkg.csv.zip,9d161e854c97c358af8d3deb419ab178,14049747
20230226.gkg.csv.zip,edfe720baef6f30c27172c7af9d49720,11546363
20230227.gkg.csv.zip,97c806677c45ba28e598c2eb0f02bb7c,21690543
20230228.gkg.csv.zip,52e2eaf57f04e00080ad61c4ef645dac,25431629
20230301.gkg.csv.zip,bb7b5ce11c8eef9016c3f74ed7446e54,26482629
20230302.gkg.csv.zip,a24c786e2ec1b106231a6ff807339108,25445551
20230303.gkg.csv.zip,8e3825c6647e2af764b0240ca313ad04,24155948
20230304.gkg.csv.zip,8693450354fd9c43d2a1c37ab249b53c,13753889
20230305.gkg.csv.zip,2ca67bce835d749ae9628bccf60cd72e,11898113
20230306.gkg.csv.zip,04f751d587a1acc43e4a2f290c23cfee,21689836
20230307.gkg.csv.zip,b5b4629c18d052ceea27b6738f142892,24299943
20230308.gkg.csv.zip,b9e576d2df5e5e20c7d7b0f12e9d735e,24596015
20230309.gkg.csv.zip,444bdb39e9ec1e70b39a2e0198e71961,25685728
20230310.gkg.csv.zip,327350a51bdf2adc31fa855536b750b3,24421200
20230311.gkg.csv.zip,14fe560cfa0c3253976e9e7e2e20e29a,13967524
20230312.gkg.csv.zip,b0538e8a042276f28165ac114dea7623,12103524
20230313.gkg.csv.zip,0b43b682b47a7b4a928ddf4d9fc2e427,22679614
20230314.gkg.csv.zip,5dd88782d62151ffacd9cd78d2a30ae3,24731128
20230315.gkg.csv.zip,de4ca1f68dfe4dd6139285919c0da44a,26180177
20230316.gkg.csv.zip,934baa3b4b29b9f0d39604dc9183832e,25684093
20230317.gkg.csv.zip,ea1174cf138a3076eebba9d9df418cd4,23665927
20230318.gkg.csv.zip,1b6d3b3df78e75f8b80b492c0246e03a,13863631
20230319.gkg.csv.zip,34616accf84edb2e97778ac59697732f,12287291
20230320.gkg.csv.zip,c5802a2a5c11b5af97b66d1ae45b18be,22540044
20230321.gkg.csv.zip,8413821e5de14a3f0ea397206b1a431f,23003023
20230322.gkg.csv.zip,bd71df3ff8229c29898729ff5f210145,12132067
20230323.gkg.csv.zip,273b5057d29cce6804ba2d9c9872b31b,38583688
20230324.gkg.csv.zip,d717f7e327571c757d87d25358bdfd30,64441533
20230325.gkg.csv.zip,358b1ab64a5b0e2d2b6e8f6a1adecaae,38854533
20230326.gkg.csv.zip,a039932df1e67812149c457ed8832a37,32971632
20230327.gkg.csv.zip,e3695749685755ddf48f92e238c38862,55017396
20230328.gkg.csv.zip,ed47ed64b48862ec1d84cbf29ad33520,61181859
20230329.gkg.csv.zip,a6cc35ab3db95fb662cca62d1f1d2d86,60974842
20230330.gkg.csv.zip,1199ed27ed914530578a69a7a7733826,62054737
20230331.gkg.csv.zip,0c5708357b6c79c640c8ad1c05c8f3c9,60905378
20230401.gkg.csv.zip,4f7355f3e11e87a1235e1ce223bc2ef1,34973466
20230402.gkg.csv.zip,aadd6f5917b5788c9c0cb01ab36b685f,30541997
20230403.gkg.csv.zip,33aa50f7e514f00e2a3a905580ae9d71,53542362
20230404.gkg.csv.zip,2c82e9ab1fc036323f944c4c18388da6,59563718
20230405.gkg.csv.zip,24b35709630e600c73051234fddde39d,59865674
20230406.gkg.csv.zip,9d0d8fdd8f4688d8b9f715550be78a12,56586771
20230407.gkg.csv.zip,23a9ef8059cf090ed38903d187e7fec6,46972270
20230408.gkg.csv.zip,3a9b17d544b75f30f067ecf7f8cf947b,29887033
20230409.gkg.csv.zip,2fa5b989e820ff2dd491d9dcde95a8f3,24924885
20230410.gkg.csv.zip,7ebb8a17e15c6a691b57e53ce78e127c,44092086
20230411.gkg.csv.zip,ee75852663059a34f25094a1918a9203,53735633
20230412.gkg.csv.zip,a0c6e8836eb439191f758b0aea805bd6,56040466
20230413.gkg.csv.zip,3e7c92d19e9626eaca5c123730ef6b81,57248730
20230414.gkg.csv.zip,0a4bd28f8a19d9732ed15092ee5c4da1,53706009
20230415.gkg.csv.zip,6a17633b5bd625218d03dbbe0558ea5e,31101204
20230416.gkg.csv.zip,35dbeac2d21dfc93249bc29f04155b34,28441783
20230417.gkg.csv.zip,8e12d78b94d16f39de23d4b36a21fc97,49588252
20230418.gkg.csv.zip,49c06654f7579aaaf1ccafb9c86dfe64,55725189
20230419.gkg.csv.zip,cfdc1483b8c4b4bc1ec6666b6285793a,57572285
20230420.gkg.csv.zip,730c862d33641310b27f40689f32a582,56493174
20230421.gkg.csv.zip,3881ce5cfd39bd705898a546f41ef6d0,52955454
20230422.gkg.csv.zip,0b5447e2dcbcd2efc29039c3845e099a,30098518
20230423.gkg.csv.zip,60aa974bd09ceaea60a1e26143c431f9,27051134
20230424.gkg.csv.zip,8d014e5b194ed98bfc18782f2971f850,49174819
20230425.gkg.csv.zip,7fde9ba70b3c233e0ed2f2412e2d3bfe,56194035
20230426.gkg.csv.zip,cfcb133f3413842d2bec2b603a714312,56742746
20230427.gkg.csv.zip,f9b95f92f446196a1a3f4fb70384a9d6,58938641
20230428.gkg.csv.zip,a6bc1d75c9a37030c082e9d05c83c27b,55383667
20230429.gkg.csv.zip,f61e504858d44fe51acd8d81a8b0a43f,31591164
20230430.gkg.csv.zip,3f5d06bacd0c81e9d9eb136d04ce1641,29702896
20230501.gkg.csv.zip,7310278f361b51a6acf3ab9c337c4e91,47731357
20230502.gkg.csv.zip,7f8d41912c113294f97ffdb809765f0d,57408419
20230503.gkg.csv.zip,2d40888a404a2041eb69accc4d71e4cb,57552095
20230504.gkg.csv.zip,09f13a8f9d5c452e59f37ed1d4ff6ff8,59082436
20230505.gkg.csv.zip,d7628a28a7c00597ed849104c648cb1d,55226748
20230506.gkg.csv.zip,3af45c3317b4b060391011e7050a4d73,32925655
20230507.gkg.csv.zip,e68a7228605a07a0143d20cd7b759969,29131564
20230508.gkg.csv.zip,c56aa10a69d7fde46fe9f144c91f8c26,48580674
20230509.gkg.csv.zip,c81eefab7676c83f44fbea7d7d55fc7f,56428276
20230510.gkg.csv.zip,b8304ef56c6af23f16f78bb407349bb7,56512250
20230511.gkg.csv.zip,3b5fd8d6bd5f62663c2f4a5b97520a5a,55511152
20230512.gkg.csv.zip,68433044b11333a82f07ea67061a48f9,54743103
20230513.gkg.csv.zip,0182de5a49667104d4191a044e9f1f53,32485474
20230514.gkg.csv.zip,35a301d299ba21d7f819345494a274de,28053385
20230515.gkg.csv.zip,24645e605368a4cd9856ae5fe2f477dd,49263436
20230516.gkg.csv.zip,f81917eb0a9dae87a228cdf2b01bd564,54502055
20230517.gkg.csv.zip,c43b4429052e47569879ba382701b59f,57022911
20230518.gkg.csv.zip,34feecf7d40a177b01f1156c8e5daf2a,55530355
20230519.gkg.csv.zip,3acc6dbcb2961e6093048d3f3bfd33f7,53399453
20230520.gkg.csv.zip,a31a61dd2a3a3f4b9b101dbe43a085cd,31669632
20230521.gkg.csv.zip,208f9302b7691956937bb8f51d33cbda,27740378
20230522.gkg.csv.zip,a3213aedc17b848c3e6db365d7a42db5,47294925
20230523.gkg.csv.zip,83f3d8411a47f37f53ed0aaae21b6ee5,51421964
20230524.gkg.csv.zip,0751cd9b0f98105769583aa309db9307,54535298
20230525.gkg.csv.zip,f39354697e8ffc0e3aa55570707e6650,54965216
20230526.gkg.csv.zip,a87b39f6e4ebb31f3fb8ce4c165286e5,48843551
20230527.gkg.csv.zip,c09ea7d34b45bb6298561f4478cd0a84,28263456
20230528.gkg.csv.zip,88acf6bdff60298611667588f72355af,26174800
20230529.gkg.csv.zip,886736d9fa9ac1f308efb42731ab6c44,35980700
20230530.gkg.csv.zip,30591634d14489012843bd3ab63c892f,47535407
20230531.gkg.csv.zip,96a193d9d5f1b0836ff11a8526971483,53129485
20230601.gkg.csv.zip,7612eb6e1f4bbbfcd2e3f69f01e57284,54482882
20230602.gkg.csv.zip,9604ba73be52bf024113c3a8c5f1668d,50843175
20230603.gkg.csv.zip,9d33596994e07f30756610851b18a9d6,29874620
20230604.gkg.csv.zip,cafea646921ce629742edcad8c3470dd,26139875
20230605.gkg.csv.zip,4e57157485c7dbace7b442199b5973f1,45936224
20230606.gkg.csv.zip,c3d6c714510a1077fa340c81855a7da5,52860988
20230607.gkg.csv.zip,6bc604ecfa263d5c7b0eb6badfb2db79,53505590
20230608.gkg.csv.zip,ece7224616ffb0bf1fcf13fd7adc3d7a,53555821
20230609.gkg.csv.zip,e50e65ed838be3fc7bb5b321fbefb66f,51205810
20230610.gkg.csv.zip,16699c956cfc5a690a92160235c4ca5e,30210699
20230611.gkg.csv.zip,69fbbc634283dd724e1b21411c3a8993,26033183
20230612.gkg.csv.zip,e0d98b38a3f0f0d9fc2128bfe6a1e1e3,46440281
20230613.gkg.csv.zip,b3932bc6fc3718371669d9d589624e48,51754643
20230614.gkg.csv.zip,7213650663e367b7c497ffc99feec261,51758017
20230615.gkg.csv.zip,1e7cb47ef5a7ab03ba44fdb8d6dd47ad,52036333
20230616.gkg.csv.zip,788e5dadbd1bc619f3ef23a84835d885,50813583
20230617.gkg.csv.zip,b5db03776dd71f7951893e390d179fc9,29586277
20230618.gkg.csv.zip,3fb8c67aeedb802498f8a22bc8fefcc8,25559560
20230619.gkg.csv.zip,85b7de18ae8a55689668ed97b5f36548,44182474
20230620.gkg.csv.zip,ef33f6c16be4fceb4fb989127ef80a7e,52012131
20230621.gkg.csv.zip,0d6d0e254a06e17e031d182b545e1856,53540707
20230622.gkg.csv.zip,75e8b0acf9b5f4919a09d9cd13418e0d,53471518
20230623.gkg.csv.zip,e0d68298f8764a66793ca5d41af8e3a8,48880180
20230624.gkg.csv.zip,926edc9faa6152ce58739c48e7a7aa36,30392882
20230625.gkg.csv.zip,e39577e5ac56cf3af8dc4945681742b6,24674969
20230626.gkg.csv.zip,8821a24987a16cde96355a19e920543d,44477978
20230627.gkg.csv.zip,a87d884ea5496063522bb1512506edbc,49960902
20230628.gkg.csv.zip,607c14d2a4d56b03207a94a7dc9b323c,49057905
20230629.gkg.csv.zip,9d6e572b991c5515142fde8d5fb029a3,49979442
20230630.gkg.csv.zip,84e2df7ff18d759973e50e2328caaf64,48454940
20230701.gkg.csv.zip,c5db8effbe15ea9fa23955dc97c5991e,27307343
20230702.gkg.csv.zip,ebc4aa790c3fa0dd0d5756a5b2dd9875,23676790
20230703.gkg.csv.zip,e3932447e4fbc10ec504acdbad8e59b9,39786886
20230704.gkg.csv.zip,62b4f2047c08c63a9a20b2bd3ae152d6,38295819
20230705.gkg.csv.zip,ea1b556f33098adc480ad63b49295e5d,47311623
20230706.gkg.csv.zip,62faca3b5b5541c1d2304c3ffe5a92c1,48114896
20230707.gkg.csv.zip,5757e8477834544879517777a04e8340,45759440
20230708.gkg.csv.zip,e003ca7efbfaea081f2501f7ba488e38,27130525
20230709.gkg.csv.zip,400c2f51fa6d3c1578e3cafc1e0919fa,23984252
20230710.gkg.csv.zip,bf6968f4b146cd32279709f7455b4911,43318776
20230711.gkg.csv.zip,50e66aff85da9ee248a12dd980d2523f,49402606
20230712.gkg.csv.zip,d0553d9318fb50cac73fabebeac53383,50241083
20230713.gkg.csv.zip,fd99f59ef27efef9c1a4d9a222c5c652,49718439
20230714.gkg.csv.zip,4a5706a747a90a296df72ab6c6020477,46881063
20230715.gkg.csv.zip,d6cd9fa67493758a6fcaa21fb66a96aa,28048027
20230716.gkg.csv.zip,26eea0a5f3fa968a5a934299b485adbc,24081745
20230717.gkg.csv.zip,0d1cc2a1cbe57f66889245e95d8562c4,44658776
20230718.gkg.csv.zip,25e75896782f41997c2e1eee6123ec4b,50747877
20230719.gkg.csv.zip,b8cbcc8a418c58332e8927ce77ea7374,52250990
20230720.gkg.csv.zip,5da02d70484b76fe7bbc7c1262028df6,52695867
20230721.gkg.csv.zip,4c14caecf21b6167a810f05798a55d33,47961021
20230722.gkg.csv.zip,698f46643b5285c1493e6d5e2ab6424b,27035257
20230723.gkg.csv.zip,6a1dabffb2dfb69b767783b39f3773fa,24039708
20230724.gkg.csv.zip,30950482e7ff8fa419d5ad03cae04b3d,42341747
20230725.gkg.csv.zip,255ad0f82dfda7109432d16f2873fa3d,47607770
20230726.gkg.csv.zip,49a3493c18031e1a0d09b4092da6dfa7,49161119
20230727.gkg.csv.zip,437d552fe26387646fcd7b65dcb096ac,50006790
20230728.gkg.csv.zip,e1e442571173e46eef5d0235e5cb3421,46238695
20230729.gkg.csv.zip,b8a0f02214185b71a3bfb4e1cae95cb6,26681570
20230730.gkg.csv.zip,326c763ae86a52ab7747fc81dea9dbba,24898474
20230731.gkg.csv.zip,5ec650dc282eeafa9288155a8c7c83f6,42666562
20230801.gkg.csv.zip,eb0c829d48db04c6d161f2b495450289,46806750
20230802.gkg.csv.zip,0c998d2ef93bcf047d6e873de54b6b58,50078224
20230803.gkg.csv.zip,5978184c7a80f00e9115840c62683841,47801208
20230804.gkg.csv.zip,c474fdbdca896cce91e75187ed159184,46479416
20230805.gkg.csv.zip,968f3fce2f7c353df9beaff87113b557,27942474
20230806.gkg.csv.zip,63f7da97b3721191021c13e83c0cd14b,23825341
20230807.gkg.csv.zip,672ea683b2cf0d26e4a24017cdb3aeab,40609346
20230808.gkg.csv.zip,0ead02fde026b2ed92bc68aaa0ec9a2c,46106534
20230809.gkg.csv.zip,ab24b9c0d1520b4fdff5f9e202688cdd,47564815
20230810.gkg.csv.zip,9953c10ae42c10ba2afd2d6dfd8b8bee,49872667
20230811.gkg.csv.zip,703d6204f007f60254afea6cd4d94b66,46363186
20230812.gkg.csv.zip,3c238dfe8b2d4b3744c423c0bc6723f7,27687008
20230813.gkg.csv.zip,a356e7c826981fa7f167caff9959268e,23905924
20230814.gkg.csv.zip,beea23f693b6f4003b8c8a7b811a87f5,41593323
20230815.gkg.csv.zip,d2490e314d97c54dc74d68ecc7df3506,47059856
20230816.gkg.csv.zip,9566c5eff6bd1dcab24dbfd9f53bbf3d,46128819
20230817.gkg.csv.zip,40413aaf7e81a096354b2a47f5cf07a4,47392697
20230818.gkg.csv.zip,b9efd32479e20fe1489baaf8e21e4a89,45770076
20230819.gkg.csv.zip,f20b544c148107aecc004f6e74c95247,26945931
20230820.gkg.csv.zip,aa2bb8aeb9fbebec099f0e1a0b4837a5,24934421
20230821.gkg.csv.zip,bdc46f4893d50cc4d96b2a85235a3432,44678675
20230822.gkg.csv.zip,753ffaacda75a8cc495124ed6cec9c76,49040205
20230823.gkg.csv.zip,ec6ebd3bcbd07c36a1f3d223cb712549,48340684
20230824.gkg.csv.zip,9eb24acc567581b0b2d74e9660a323b0,49707195
20230825.gkg.csv.zip,3b401b08d41a73cf145483c2c2e67679,45770396
20230826.gkg.csv.zip,e0ee439b29a27020a1894595a2c8fedd,27543559
20230827.gkg.csv.zip,e871a7ec5f619cde94eea179b9aefcca,24549448
20230828.gkg.csv.zip,fd9956bc4b3f3b9d3ba7a633a4a43651,41028679
20230829.gkg.csv.zip,d03caf4b5172cece6081ef3bb4e0f5c4,48891126
20230830.gkg.csv.zip,b557aca567bc4b16744bd65048593d5f,50216105
20230831.gkg.csv.zip,343d2f8361ab41b51d6800e803ed3b3b,49523978
20230901.gkg.csv.zip,aebb399272a258e4a0ddea273016c511,47654671
20230902.gkg.csv.zip,6585b1797969b4bded7c105daf688c08,26707048
20230903.gkg.csv.zip,9ee03e4a3908bf67e063716e539d3482,22429564
20230904.gkg.csv.zip,ec4e96880fbc7de0ca877603590d4231,34875336
20230905.gkg.csv.zip,8b7914ab614c8ac8af738843794bba01,44773543
20230906.gkg.csv.zip,283fd68f2467604af02ed2d6947a9dd1,48783094
20230907.gkg.csv.zip,50aae528471e7433c5eb5dfca08cf28a,50974921
20230908.gkg.csv.zip,80b84cc5cac28934185f35f6fd1e971a,46976904
20230909.gkg.csv.zip,cd96742d05088c36f37b69fb4a5f06a1,29693822
20230910.gkg.csv.zip,fab96e2364ded4c5b93a5c3e39aecd7b,26260614
20230911.gkg.csv.zip,8b47aa1842659708edc6e9285884f583,46181273
20230912.gkg.csv.zip,77e69bb1e167b829df0b360ca9293158,50708358
20230913.gkg.csv.zip,1efa3898c84049dc11aadbb2c7bf2643,51099212
20230914.gkg.csv.zip,fe1a9c937c7216cb4df7cfde3081c21b,51008435
20230915.gkg.csv.zip,df5239a04736bcf7047ae99b2fa0c7d7,47732692
20230916.gkg.csv.zip,3a7fa895f4e24c36e37f4131f703112c,29104560
20230917.gkg.csv.zip,e166d41b9d8c602524bd9705856ace46,25849820
20230918.gkg.csv.zip,2db9a337eb111e793957dc80c0d7e73f,44780847
20230919.gkg.csv.zip,add3295e1940367f06437cfc7bffde9f,48863005
20230920.gkg.csv.zip,d9d565080d52da5076ac97250bf3ccaf,49773111
20230921.gkg.csv.zip,56e89d65824a2a333d3a4b046245081c,51086445
20230922.gkg.csv.zip,c06b26da0254adc3e70844d1b2f73ba9,49033965
20230923.gkg.csv.zip,bec1e5c48d6fff9e6f9e23067d0ef580,27250817
20230924.gkg.csv.zip,f4ee6f80376e6a140243346d3219d1c2,24355223
20230925.gkg.csv.zip,dca1d811337f856d043d8c232521021d,42195932
20230926.gkg.csv.zip,a5cb474458d1703655879aa80b39580c,48939763
20230927.gkg.csv.zip,92b19d103c4860662b826ff7d254c0df,49239594
20230928.gkg.csv.zip,121d8594c1e7284bd108becd58b1d2be,49391157
20230929.gkg.csv.zip,eea018b3af948eec6aaf38ecade7a78d,47766019
20230930.gkg.csv.zip,889dbd9fa166e8ebc5a30107c563d484,28367185
20231001.gkg.csv.zip,a2eae7d803fdab94edc31a44c7ebc4bb,25612137
20231002.gkg.csv.zip,97cbc4f2a6293c5a8ab90745d87dc6f9,41104814
20231003.gkg.csv.zip,984137dd31260ed89deab4935d9f2994,47513362
20231004.gkg.csv.zip,78c0fbff03b520431e2aec4d88c4ad2e,48492008
20231005.gkg.csv.zip,619eff23566cd841302e864de09b4bd7,49377963
20231006.gkg.csv.zip,7abd8cff076dab491563067403276f64,45848024
20231007.gkg.csv.zip,0fc075e6409dcd754597454acb94a498,30191570
20231008.gkg.csv.zip,79f7fa8de10aab21d6786ff5d9135282,28080009
20231009.gkg.csv.zip,7ca8ae5a9b7241df1551a959fade35ef,45049392
20231010.gkg.csv.zip,137fa5bd3eb274be68d7170bd60176c5,51104786
20231011.gkg.csv.zip,d5da79af69faa7a9c9428c75077688a8,52617298
20231012.gkg.csv.zip,1a4319b3b2710e88a62da4f4eddd814f,52692600
20231013.gkg.csv.zip,037289378b5111ce80634323a373fb99,50720821
20231014.gkg.csv.zip,a4934c30cc7f6378027d56b8c61a3e16,30316712
20231015.gkg.csv.zip,61ffb0a6e7983724ac92667155bb7bce,26867322
20231016.gkg.csv.zip,9c33a9c32d72bd5550667fca81285bfb,45812167
20231017.gkg.csv.zip,19e59150a925a69377c65d3afc310af8,50586093
20231018.gkg.csv.zip,0569acf34a0f178bb3a0ba089f83af24,53264401
20231019.gkg.csv.zip,46e1b89b62bac64b4a22cfa577b06442,51811019
20231020.gkg.csv.zip,4855e9fcc8be430f9f82439f120d1847,49252378
20231021.gkg.csv.zip,48b6563c4bf8aa04e191d0e42a4431a4,28473452
20231022.gkg.csv.zip,184facd7ab0373c93615cfc8868e2268,25081138
20231023.gkg.csv.zip,713d25b50dc47441bf6cf2857dfbf19f,43557337
20231024.gkg.csv.zip,f5566e77b25d4bbbcacfa16fadcbf9bc,48594836
20231025.gkg.csv.zip,20f149ddfd5fd7c79653509e99e9fd62,51935549
20231026.gkg.csv.zip,e77524c199495879b2f3333bb8c3eedd,52882778
20231027.gkg.csv.zip,4bc3bdd8043ad98f9e9ea885cc23bb0c,48656060
20231028.gkg.csv.zip,69d6ca2955dc83729642af4c8908b4b2,30533819
20231029.gkg.csv.zip,54c62074a6d065993641b7c121761102,25990976
20231030.gkg.csv.zip,e1194e6fc858939841efc053636c9a44,45134433
20231031.gkg.csv.zip,7ddc0777f0f7a26d0ceec0cd6faf450d,51099942
20231101.gkg.csv.zip,ed156016b860e4c375a1eed2f08357a7,51129049
20231102.gkg.csv.zip,3fa3ba567a38f14fe8c39ff3a80dbb75,50845017
20231103.gkg.csv.zip,7bbaab78ba554430c634e758b85c3982,47982672
20231104.gkg.csv.zip,6ffa3e027fbf55cd0369e37f2a423970,28954987
20231105.gkg.csv.zip,674b67b0e23ebcd98044d2816946afa6,26088946
20231106.gkg.csv.zip,9809c8bffa6af4a70930a8de238e1460,42676198
20231107.gkg.csv.zip,601c03a85bfd657933e8a46d35ac793e,48743986
20231108.gkg.csv.zip,d278e06ddecbc7ecc18472ef734ad9a9,50889166
20231109.gkg.csv.zip,60484433a731e15e89247198f5f95c46,51603594
20231110.gkg.csv.zip,798e80536c65c166379e67d441ff217d,47765952
20231111.gkg.csv.zip,2e6098edc8f163eddcf90e4aa87e3eb8,28641247
20231112.gkg.csv.zip,5dcd4f87ed9c7a4e9229cc7470854719,25133925
20231113.gkg.csv.zip,4db9900709c14c55fdcfe31eef2b7ad7,41791505
20231114.gkg.csv.zip,0e9f514396958ce82d6c098aa80ba61b,47946726
20231115.gkg.csv.zip,0118f787912f3493629e25ce00736611,48066377
20231116.gkg.csv.zip,311c022ed7df2d99f804b6bda615a608,49229788
20231117.gkg.csv.zip,596572d06240561f7b15d8d4e61e92ec,47055166
20231118.gkg.csv.zip,f1c53b8080a167518161abe3bde4ebd7,29023628
20231119.gkg.csv.zip,a1f9b6c2843dbe3c27b30ae764b7e607,25012643
20231120.gkg.csv.zip,996c3e4d0ca139df4f1da5dce8d74f90,41674015
20231121.gkg.csv.zip,39f5807a4e94cd31352297dae1d8c29b,47097534
20231122.gkg.csv.zip,0fc587d66066e1f73793c25987a68ce8,47054218
20231123.gkg.csv.zip,c20431b075a90e82c10ffdc83f911bec,37396346
20231124.gkg.csv.zip,8aca6b4111c238522c5c365d2ce419b5,36509753
20231125.gkg.csv.zip,877eddc0c8750f137d8bc957194f8f25,24952562
20231126.gkg.csv.zip,79e9315c9d8ddad70d01dd1a14365590,23271846
20231127.gkg.csv.zip,efcdcac65985d2690a11f8f9aa0c7bae,40359477
20231128.gkg.csv.zip,4ef87e3bcc1a6473a522464ba446a035,45578315
20231129.gkg.csv.zip,9a003187add0f50ee0b2668ae54fb859,46661714
20231130.gkg.csv.zip,a1d2823daa8b506810dafdee9e59f055,48929677
20231201.gkg.csv.zip,f4267a9e1ac16b70b228bfbaf243fe40,46765973
20231202.gkg.csv.zip,dc2b1df351d0763ad04c78c88d6d040d,27590034
20231203.gkg.csv.zip,e33559d1edcadf8ad1a3aa9b11aa328a,24600669
20231204.gkg.csv.zip,4f8f5ada6853583b543b5530d257502f,41100562
20231205.gkg.csv.zip,7b49b75e6f29c6c47409e2600446dd8a,46389158
20231206.gkg.csv.zip,5623e9058c53cf75962b17c908bd8a77,48592141
20231207.gkg.csv.zip,669b8cc125512dfac6eb96311cb6b2c0,49140029
20231208.gkg.csv.zip,9f3fdf745306a18ba86c6c3bbe844c0e,45536056
20231209.gkg.csv.zip,a60bcf831019b217f4c3a199cff72ac3,27808561
20231210.gkg.csv.zip,e462a076729bbc0ebed2e56d0c902e53,24408924
20231211.gkg.csv.zip,ccead6fa4b7707b2b462c876d43a0101,40273158
20231212.gkg.csv.zip,205e806ac15083344f57be49355b9458,43110571
20231213.gkg.csv.zip,3cd6bfea0cfe4727eb1ab6cd1349fc10,46564553
20231214.gkg.csv.zip,6101a1d7beb39c4760f087d0a128290b,46799662
20231215.gkg.csv.zip,d1bbb108b6a3a2b398d8d32347359554,44289661
20231216.gkg.csv.zip,2951e5bbaff7c334e14fcf98583adef2,26913175
20231217.gkg.csv.zip,a9b65a3250c4f50879980c8bd1dbaa65,22364769
20231218.gkg.csv.zip,0ec93ec25dd7ee85f922fecdb83b95da,38952855
20231219.gkg.csv.zip,18b736f1134d2a98f851c7aa7e646f70,45982544
20231220.gkg.csv.zip,48c19d8945d53c57ad9ac1c8f320a6c2,45251251
20231221.gkg.csv.zip,d3dbf6063a3262d0959d068298126bdf,42807734
20231222.gkg.csv.zip,44e8ba19a19a9d0f02e2086a3852b005,38581302
20231223.gkg.csv.zip,e8757548bca1d381661c9ba3e36f248a,22917701
20231224.gkg.csv.zip,48f54798bde24a5b0b5aa0ae38c45926,18771145
20231225.gkg.csv.zip,e50475ec8717280c1ad5121046f0db58,19515516
20231226.gkg.csv.zip,92918b780dd10efa54763fa9bd6e5a5d,27720521
20231227.gkg.csv.zip,a5a70a0a3c9d455dd16bcb399bd40d40,34264212
20231228.gkg.csv.zip,6ecf16a788198eb3773cc609e1bf2b32,35388969
20231229.gkg.csv.zip,a4c45ec933e53d0f3033236cc9378c5c,34619692
20231230.gkg.csv.zip,a7c8e7e3629c72d54340cf2c30753609,23644500
20231231.gkg.csv.zip,5f435af8723f8da282007b5e729950ad,21113571
20240101.gkg.csv.zip,3696d13138890d6ca895cc8739a64547,21381087
20240102.gkg.csv.zip,a1c6a3dfd3996f2bf83d9a685b407f45,33924470
20240103.gkg.csv.zip,e1e1001c9dc8e413bbd2e5d93866f72e,40129231
20240104.gkg.csv.zip,4c737902f1f11f2698fd32f962f17a65,41534786
20240105.gkg.csv.zip,6a550cdc6b928688ccda60e61e2a6ed7,40636100
20240106.gkg.csv.zip,e76f8b7364a5c25efb526c57b95c868c,26546204
20240107.gkg.csv.zip,27cea9a93a71ca56ec198cc08e6648f3,21858726
20240108.gkg.csv.zip,f271f0fa26dc01ac1a0949bc62754e37,38927794
20240109.gkg.csv.zip,2bdcaf46bc2b2698134dfb3141683bc0,43290481
20240110.gkg.csv.zip,9f715d577c09d971b66bba625fb99f89,44025451
20240111.gkg.csv.zip,b55d50ca33167950afe814a6b0a95c80,44342327
20240112.gkg.csv.zip,650939b9993315aac896704316ae0e44,42792378
20240113.gkg.csv.zip,31ad48f75cbecd25b686d7d9843af90e,25518216
20240114.gkg.csv.zip,a845d10c044f504608c2382cef52c3f8,23584514
20240115.gkg.csv.zip,445637e104f708aa04e66178ebefc633,35702915
20240116.gkg.csv.zip,e7a14abd894a0f5f865814d79c6b3654,43260330
20240117.gkg.csv.zip,c301f796070bd79cbd580787261a608f,44467482
20240118.gkg.csv.zip,666298a1b545bb4ec106d0dd7ff856d0,44635435
20240119.gkg.csv.zip,d59016d2b4f1883709839bbcd6f07916,40925744
20240120.gkg.csv.zip,7bfbec85acbd43182472300ecaf8b1e1,25444154
20240121.gkg.csv.zip,b463841a8e3137c4f678c3e8a5ca70f1,21723739
20240122.gkg.csv.zip,a32173cfe32244f5b0f32d031ef98a7f,38639310
20240123.gkg.csv.zip,8b1602154b7c91df897e8783d3740208,45384241
20240124.gkg.csv.zip,20be79c6c8c739cac5021fb493d885ed,43665982
20240125.gkg.csv.zip,f01eeb61820c748fd44679492ad58a96,44563480
20240126.gkg.csv.zip,8ff04fd6928186d5677fba821ef45779,40814333
20240127.gkg.csv.zip,6ace680b8f6b517c3cd65815da4df8e5,25707735
20240128.gkg.csv.zip,aacb1bca1c956f60691c4b58e2d0cd43,22560863
20240129.gkg.csv.zip,0aeb6d6b58df053a9e1e5e6773ff1302,39021010
20240130.gkg.csv.zip,1ad1c2e8e200f555d0ecb3d505d2ecf3,44221135
20240131.gkg.csv.zip,264be8a48c1345052216bd1bcaedae0f,44452622
20240201.gkg.csv.zip,be76b909ec7c049e3a9fc28bdbdd3c8c,45651455
20240202.gkg.csv.zip,c1dfd1ec3524eae5bfab58697a104f1b,42810792
20240203.gkg.csv.zip,a2fab8e7a736415f65fbe0d911a41ee0,26800714
20240204.gkg.csv.zip,9aaa2e6a534df01746b696b8d8d4cb23,22677089
20240205.gkg.csv.zip,7f4cedb5e04760a31f1ffc69b07c482f,39052044
20240206.gkg.csv.zip,9c1de6433973a9f0f8e3d91de9595bb6,45287524
20240207.gkg.csv.zip,624d931f97ba0cf7d142bada4806217d,47630583
20240208.gkg.csv.zip,fd3aed968581e30bf01a5c5715a85fb9,47858361
20240209.gkg.csv.zip,4fa7a2293d4ab1f4b6155027e59021ec,43826677
20240210.gkg.csv.zip,448f130b570f6dec61c415120930f3eb,26084223
20240211.gkg.csv.zip,ac7915353d67193cc62039f7789164a0,22688098
20240212.gkg.csv.zip,3ab8f7a55af251ee945ebc2115a9ec81,38755008
20240213.gkg.csv.zip,a8bca7118e7e6a9219cb8e385b893d84,44540938
20240214.gkg.csv.zip,ef8f3d4714f01f6d4a15bea13c0ef188,45573669
20240215.gkg.csv.zip,d66a2fa77d5ce46915378268e1408152,46458883
20240216.gkg.csv.zip,671c67f9290c568799eca1199076ef8d,45066796
20240217.gkg.csv.zip,a68c59218e3ff49b296fd93bd10f0e5f,27062936
20240218.gkg.csv.zip,3e6b4f6053219c07cbf7858fdc785f0a,22922354
20240219.gkg.csv.zip,22ed86253faa6522f6a694f0ba561f1a,36427564
20240220.gkg.csv.zip,46427f2f56f3b4544d6659b469168b09,45248208
20240221.gkg.csv.zip,b12387d42a9d16b8c652aa028d67a70f,45835157
20240222.gkg.csv.zip,5558d65af43da1cbfe6d9692511a134e,46515834
20240223.gkg.csv.zip,14684f0935fce4771e5a7dcbf5daacfa,45187170
20240224.gkg.csv.zip,49c1617c9264e747740acad2703ebe6b,27592416
20240225.gkg.csv.zip,287863c2f3f5dd40e9ede35629adde40,23081269
20240226.gkg.csv.zip,a2df708886c5a8a3dfcf670ee1a5f53f,41225466
20240227.gkg.csv.zip,c6a678d686abdb5336e303191ece78d6,47631239
20240228.gkg.csv.zip,1bea6521184329dc146fc0ff0fd19db2,49073184
20240229.gkg.csv.zip,749e34638b67d5a39f70218100d026fb,49164331
20240301.gkg.csv.zip,228ef94e77b7ba8b79de07a98d2e2fb9,47050683
20240302.gkg.csv.zip,789199381a7e7d91d4ee78e49bb32416,28049842
20240303.gkg.csv.zip,fa668084989c7e7999e8621e22e0e1a0,23617275
20240304.gkg.csv.zip,058e47add36894e7d4e022dd17f32d3c,40241910
20240305.gkg.csv.zip,8390b281440babb695f502b2bd6447f3,47055802
20240306.gkg.csv.zip,c5621eaf0835f4f7ba2ed1f03b59aeda,49544159
20240307.gkg.csv.zip,1869c9bb9b2258434bed2decc87b1f40,48909662
20240308.gkg.csv.zip,8974809f9ba7a6804e91f9bc4c1405cc,47135196
20240309.gkg.csv.zip,3867c552350f6d0f7392a9d7074e6283,26949278
20240310.gkg.csv.zip,70733cf0715060fe7383c9186ea2678d,23446673
20240311.gkg.csv.zip,a28269afa6e98a5cf4d3a25cc2e29c41,42412593
20240312.gkg.csv.zip,0d574bfc4423900d121143b81053256f,46768707
20240313.gkg.csv.zip,8868f368a04b8743929ce7cfbf760590,46482419
20240314.gkg.csv.zip,3befadf47aaa83b888b6e057784be134,46151851
20240315.gkg.csv.zip,a1d4e7a36e833a2a41f2d6285a01638f,44847371
20240316.gkg.csv.zip,755dfc06805e95d7f18154d4b799c2af,25833529
20240317.gkg.csv.zip,28787578d28cc1994db22c5088ececa4,23175767
20240318.gkg.csv.zip,1ad2a2f0479e0570ed82279998455cfc,41482977
20240319.gkg.csv.zip,994b7dd5f51fd0df13719762d619c345,45866036
20240320.gkg.csv.zip,80c7185bbf9c5343b21956816713b560,47876109
20240321.gkg.csv.zip,c4313192d8ed93d61bdf1d8cd3f8d22b,47305664
20240322.gkg.csv.zip,3bee526cbdec7a926de3079885e0cfca,45081487
20240323.gkg.csv.zip,ec2ecb459483b6323342c5755a933d60,27141437
20240324.gkg.csv.zip,30d94f56b85f0e8cc74663311bd31a06,22889361
20240325.gkg.csv.zip,81a5ec5c1d3790c5d088e5aacf5dbfca,40345396
20240326.gkg.csv.zip,b9e2cb2920a07bf4398ac8f82d98ed73,46998243
20240327.gkg.csv.zip,fc1494b363f2a53b481bf2bf76fcb35c,46710260
20240328.gkg.csv.zip,e6da0557e495f5a2577e78851277ef46,46385481
20240329.gkg.csv.zip,81624238d8cab3b339e303c5a2896a7a,37452606
20240330.gkg.csv.zip,01f34d6fef7639649e33726fa7aecbee,23028040
20240331.gkg.csv.zip,d95739af72f979d938cbaaefe26e1fce,21005219
20240401.gkg.csv.zip,39ec9a540682ea383f29fc2911c5b45f,36854628
20240402.gkg.csv.zip,759987fcb014e585dd0e8673c51ba53c,45797104
20240403.gkg.csv.zip,97473e3238c7962c5bbca77c6338f05d,47350257
20240404.gkg.csv.zip,5ef06cd79766f1506d84d187d75750aa,45681421
20240405.gkg.csv.zip,f5293dc914afd069fd81083c19829b2a,43670589
20240406.gkg.csv.zip,57e7285cf67efe21cae639aa4d8583bd,25699686
20240407.gkg.csv.zip,243f87af9d83fabca6abe352ff6354c8,23054584
20240408.gkg.csv.zip,fbff44c7b74873da2b278ce4c059a635,40040269
20240409.gkg.csv.zip,fad3891cc0f56fcdc3a972b866033ff1,45123533
20240410.gkg.csv.zip,67bc7de1748a7c036175602ad1040280,43851976
20240411.gkg.csv.zip,74a70038537b8d5d5bce55f99012af74,43826890
20240412.gkg.csv.zip,3d0dbcb1a97381c0cc983772758f5b0d,41541389
20240413.gkg.csv.zip,2a42182c38ee735de146d029969b546b,24852883
20240414.gkg.csv.zip,9cef583e1ba199be6d92e3b3a6af98d9,23169469
20240415.gkg.csv.zip,df88240b0acaae1e555f9fffdc641236,38715720
20240416.gkg.csv.zip,c3a34285f0bc21ef38fcd7348113f3a4,43992480
20240417.gkg.csv.zip,813ebecf08c203bbaf8251cda6e0ab1f,44428891
20240418.gkg.csv.zip,43981db9c26adb03c9bab189ecb8e323,45202477
20240419.gkg.csv.zip,7b48ba234ce08ab31f1e5c1d73ae488d,42695944
20240420.gkg.csv.zip,9bd2ff0b24052c2f7cc0e61eeae66eed,25560865
20240421.gkg.csv.zip,bc622f990171669eb85e525814aae58e,22341140
20240422.gkg.csv.zip,e7143dc18e6863155e1fd825185c8496,41111841
20240423.gkg.csv.zip,fd0069c3abd4f1b89f695f5b51b0554c,45252031
20240424.gkg.csv.zip,4312eca870043535dbcd23ebefedf64c,46827463
20240425.gkg.csv.zip,ede230537dd8b0f223bfb3deac5c8dd4,47494511
20240426.gkg.csv.zip,a8ffdbf8a7e68f84455c3d69e5926123,44221765
20240427.gkg.csv.zip,7ee3fa63dfa88dc773a6988f21eb73c9,26556446
20240428.gkg.csv.zip,bacb3e781b46281a1bb436aacc5ae4b8,23037015
20240429.gkg.csv.zip,d42e558373e50e4bb0efb4055d944f84,40183298
20240430.gkg.csv.zip,f56ea6f9ff41730591a91268a62581da,44865525
20240501.gkg.csv.zip,6e8be2b2009264cfc6118e942620cf49,44069129
20240502.gkg.csv.zip,3f870f65f31acc1f63914fdd29ec4c10,46979444
20240503.gkg.csv.zip,330cd838afa2ec00c1e819f84e9974f9,42396038
20240504.gkg.csv.zip,fad514b2108aaa8d2b11d2e13baae0e4,25470021
20240505.gkg.csv.zip,bb7c456e24a2ea317b2db3fab6996beb,23070902
20240506.gkg.csv.zip,8340d98fa99312cb0ffd112315f37862,38509259
20240507.gkg.csv.zip,c1b5ffe37ba47ffd0f96e77cabfa3340,45051837
20240508.gkg.csv.zip,a4ab54dba7fff7323d95b88f3b377b21,44616513
20240509.gkg.csv.zip,cbba62bab273e2423078a582be849975,45355928
20240510.gkg.csv.zip,651443430397ef423bc8fb9b7d3264b1,41524511
20240511.gkg.csv.zip,1af378ad19f8f9480fb10932809fcb64,25111893
20240512.gkg.csv.zip,cc4c5de3f4b230a0ae9e1c40318ce676,21477492
20240513.gkg.csv.zip,dc724652a87b7604d30e1f852ab606ce,38103192
20240514.gkg.csv.zip,4b3047e589d80fb2f700e882934403c4,43833741
20240515.gkg.csv.zip,0daa86b1b7d161b3997163ef6c7463a5,45407899
20240516.gkg.csv.zip,3ba7fbfa50693e42dcedae01aae2eb3e,44073600
20240517.gkg.csv.zip,e38f8a00756ebd2daa5ba07f5cd208f4,42174369
20240518.gkg.csv.zip,5cb1903f3f5afbcf032c97113eb5c993,24278910
20240519.gkg.csv.zip,29a3d5fb1f1716beb6d7fa6186cd248f,21850262
20240520.gkg.csv.zip,0d81e438f917e667a35cabded334f359,39582143
20240521.gkg.csv.zip,cf9f60a881e74d004e80569a61ef32a7,43033553
20240522.gkg.csv.zip,9d3e40dec2b21caecd77418396ec54ce,45058006
20240523.gkg.csv.zip,b8308af2e6f378096c4b28f8b92a8c71,43433544
20240524.gkg.csv.zip,af31089b4c1dd07146dd498e4efb070f,40573490
20240525.gkg.csv.zip,d44e0d143ed5e3b3ca6e5eb518c8e43d,24135988
20240526.gkg.csv.zip,be4736faf415c218b13a898ebcfc7b6a,22921333
20240527.gkg.csv.zip,d31ae1303a9cf59f344d20a375d61071,31276450
20240528.gkg.csv.zip,d13f87475bbc17eae6874a866ca4021c,40256182
20240529.gkg.csv.zip,14b67dc48c399c7293fa51843802e471,43513167
20240530.gkg.csv.zip,da106a1aed53eb3f0f533fa37f9932f2,43885431
20240531.gkg.csv.zip,9b7e1219db728c3d25c063275d26ea11,44263551
20240601.gkg.csv.zip,3182dbed34cb89b45a3d8ff7a5e7ad55,25857473
20240602.gkg.csv.zip,9307773d00aa0fdd04cfe375f7092346,21396250
20240603.gkg.csv.zip,0723a929481b8e075807274092fb50c7,38339648
20240604.gkg.csv.zip,37157e44bd77b41fc03198eedd5636f7,42956508
20240605.gkg.csv.zip,da89081ee1cf0a64b684b22e80c03cd3,44344165
20240606.gkg.csv.zip,a3abcbc0f5139a2f7b5a63fde1037c6e,45422948
20240607.gkg.csv.zip,4ee01266daf2626b4742c9da2bfe76a6,41289342
20240608.gkg.csv.zip,6d451b486a4b3d96cbf6e5621c8bf9fa,25633176
20240609.gkg.csv.zip,94e7f7022c21a1cb9ec1a458a2687f3c,23086598
20240610.gkg.csv.zip,751462fe159db0348307cb79d51e4165,37773132
20240611.gkg.csv.zip,92331cc75922eb790eaf50a19d211c6e,42579960
20240612.gkg.csv.zip,e21ba350d293a66bfb8d353f749e4414,43334605
20240613.gkg.csv.zip,cd9505688f728301226430f0934da853,43763322
20240614.gkg.csv.zip,212abdd1775be8d00840fc521193b756,41791916
20240615.gkg.csv.zip,29770011e7e145f32db7fa987bb72bb8,26682436
20240616.gkg.csv.zip,a34f42e6dd98e576047540480982911b,23230516
20240617.gkg.csv.zip,f965b9c74c9df9a52a4dd9830e62cfcf,37637971
20240618.gkg.csv.zip,abba59e5fc0f8e6353e010f4c546ccca,42297126
20240619.gkg.csv.zip,e6676db8bfb2fa10a3630ff7f057d3e4,40623037
20240620.gkg.csv.zip,9c6c68557623261b88b408fbb05bcef0,42511946
20240621.gkg.csv.zip,aff6e9848dcb8706cd1dc9ce8691b827,40718569
20240622.gkg.csv.zip,c75123cc3d9040c2bfc6ccc070149c18,23763597
20240623.gkg.csv.zip,54edb23d0d67831ed8f3ee02abd30de7,20961941
20240624.gkg.csv.zip,6d669c0fed287cd46a3e8fd33b464925,38043712
20240625.gkg.csv.zip,23eafca47a6f9d1660a6404c7e884e49,44416056
20240626.gkg.csv.zip,0fd04480bb37c660ce3dde1f9d0888b6,44858118
20240627.gkg.csv.zip,c078ab051bfe8ce337ff89e43cc45917,43746504
20240628.gkg.csv.zip,4f72642be4f604da284e049e59d63bc8,43288151
20240629.gkg.csv.zip,cce18b6b9307230b0f53d8f6ce780408,24181473
20240630.gkg.csv.zip,7f5fe7e3b66ce76bf83b20a4d947b6ce,20788798
20240701.gkg.csv.zip,dab3ae03d6f25042151b8dd091007aee,37501539
20240702.gkg.csv.zip,a9fc9e07c417893f52541249b48dd24b,40704595
20240703.gkg.csv.zip,26022d5b767afd2ca55bd5be71a02174,41748536
20240704.gkg.csv.zip,3aed939c04f3ee5eb941ffa4e0f2c0e9,35124015
20240705.gkg.csv.zip,be6d95541711e1cc9bf1cb8682b3a0da,37627313
20240706.gkg.csv.zip,8760bab843e1b504e5042f14cce7ebed,22721907
20240707.gkg.csv.zip,6de893f6ac2a5da5adb0fb39f1b5b815,19774984
20240708.gkg.csv.zip,2b2791125925012faf40e0b8ed790a60,37887057
20240709.gkg.csv.zip,cf2f7de379ed0d13830bfc27023471f8,41441851
20240710.gkg.csv.zip,9c8c511856d00faf6ddaac91339b496a,41976994
20240711.gkg.csv.zip,0a05abf7e3fdfe27d822e841608d1bad,41477182
20240712.gkg.csv.zip,60dbf98353d35f409ef152361ceb03c6,39493074
20240713.gkg.csv.zip,93ecdf4656b45876465aa0df618ec339,24087141
20240714.gkg.csv.zip,4d536b0dec4ec5eaf8d26b87da6aea6b,25851732
20240715.gkg.csv.zip,3f68fe27785a3975b113da4eec5e6c66,37967989
20240716.gkg.csv.zip,e7a454901500e393b1ef31671896952b,40735890
20240717.gkg.csv.zip,939a2dda37434ac6aba2c5b7faf49768,42206750
20240718.gkg.csv.zip,8fa4ce569e7fcb3819bcf19617d950ce,42525288
20240719.gkg.csv.zip,18985519bdb4db7425803c43e51f4478,40966129
20240720.gkg.csv.zip,488bfe4519e61792e1947da32b837db1,24758254
20240721.gkg.csv.zip,9345c899b0bdaf4df8b5e53b731ea6e6,23025896
20240722.gkg.csv.zip,aae021fd6399df00ca47796024617ad6,38602860
20240723.gkg.csv.zip,2b8c2763c80c90a67c594892426e2dc1,41485439
20240724.gkg.csv.zip,ee646f08d1845c00045fcfbec7f75c92,42369456
20240725.gkg.csv.zip,abeb51ef3116d8fb8f78f2761d7a9ae7,43154089
20240726.gkg.csv.zip,31a61333cf1d5388770ab63552babe47,40880236
20240727.gkg.csv.zip,ff853bff1f5e45c114e9729ab28fba82,24839502
20240728.gkg.csv.zip,4942107fa50b424293b7ba8a0f208bf5,22188593
20240729.gkg.csv.zip,4bc5d95020b50859e7fd2c02252b2f74,37379681
20240730.gkg.csv.zip,2cb39b535dcdb6bf58b8a1fefc3c6533,42251109
20240731.gkg.csv.zip,7a8b553394ab05876661c8a50039255f,44351322
20240801.gkg.csv.zip,6a28a98c9ce39a67e6a3f57df19c9438,44406595
20240802.gkg.csv.zip,53223496e94a0d63abde4f6cf1131a0d,40238080
20240803.gkg.csv.zip,b33d589889c6b9eb6883ae06468dda32,24452258
20240804.gkg.csv.zip,b4b0e2a52da246df1f347e21c6078e2a,22314551
20240805.gkg.csv.zip,0290365954a50bb40ff7b301fe3f7480,37765097
20240806.gkg.csv.zip,d32963c1d01542dd8f22f85925f5c73d,42197580
20240807.gkg.csv.zip,051b6b9094cd18c42bc04c3dff925db3,43176630
20240808.gkg.csv.zip,55053ae18fcbe1c0bc806af99be946b2,42831555
20240809.gkg.csv.zip,f0023cd08074e4afa8f2316ba86ada7b,39497950
20240810.gkg.csv.zip,317661b56d2cd7b6b146037d5af4baa3,25534592
20240811.gkg.csv.zip,087d401ccecfd5f6df430692d46ac4da,21205281
20240812.gkg.csv.zip,adba7811496c6d4fb486ef4d95b4ef3d,36177171
20240813.gkg.csv.zip,a87a89c69f6da9ddb0ae20a31b5135b1,39394283
20240814.gkg.csv.zip,7ce6618104276120e7aedd19ab6244ed,41429099
20240815.gkg.csv.zip,0c07ffd645be7464d02f534acafa51f8,41595561
20240816.gkg.csv.zip,736e7dc069a58348f11ac1c02d31a0ae,39808022
20240817.gkg.csv.zip,8e24be220daa929863872faea3677cb2,24109993
20240818.gkg.csv.zip,8464d5cab05cb9d0cecb2e73f4d49822,20817299
20240819.gkg.csv.zip,a97404e7aefee7c327a042d11b7b7152,36488621
20240820.gkg.csv.zip,c5c17ad2203f2221781f81617bd99a7a,42065961
20240821.gkg.csv.zip,965c94c4a8d44eeebeaac00aecd0842b,41580475
20240822.gkg.csv.zip,36b51a508201c8cc71e0fb8a3ac031d5,41552853
20240823.gkg.csv.zip,c6afa0f7c6f663106e9e42f1d476a1e7,40165830
20240824.gkg.csv.zip,1b9f080daf56050237489ec494647957,23122634
20240825.gkg.csv.zip,6db56655e6e7f48c7bee1659539feacb,21091896
20240826.gkg.csv.zip,f3993aa489672792e12f86ad0fbce38f,34293156
20240827.gkg.csv.zip,b0d8e51a2525b4b1c4edf10257e9c346,40136769
20240828.gkg.csv.zip,8f4102a292714fed3e024ea51d4a51a2,41106956
20240829.gkg.csv.zip,5baade2b4fdd059c07a0bf7b1e2af18c,42291512
20240830.gkg.csv.zip,b450c25b45df5ff36a07524de2b253c8,38447871
20240831.gkg.csv.zip,f1e2a4c84ab262bc6ef050b5ed34f52a,23762645
20240901.gkg.csv.zip,4a33c6ddc0c5a7388fbcccc512ed8659,21401474
20240902.gkg.csv.zip,b4b3a0fc97bc5ec314c5c44399cdf74f,30661505
20240903.gkg.csv.zip,b425791525aff56ce5c8f180e41c7858,38363872
20240904.gkg.csv.zip,17c5a6dd456306c6b87fe371264d1698,42579445
20240905.gkg.csv.zip,b9f303875a46465182af04951f27acc3,42690234
20240906.gkg.csv.zip,4754b9c209533777f8b28ada7bfd199d,41058404
20240907.gkg.csv.zip,d6cb676ddb8fa5bc04be293724ab774b,24727513
20240908.gkg.csv.zip,491706c8987bae936a8cbea47daad842,21904627
20240909.gkg.csv.zip,64e634f62089221f23f5e2d8a29226ae,38822216
20240910.gkg.csv.zip,284572e544c893fa63cf1b3e67aacc21,43102507
20240911.gkg.csv.zip,6c359f776178172da3c5343fa28ffdbb,44833861
20240912.gkg.csv.zip,2db5d79efe0459f3a76e8975391712ad,43563210
20240913.gkg.csv.zip,e047cd771c221a951f4e7895af4616aa,41072816
20240914.gkg.csv.zip,d5726426eb87061a59ef60c37fec31a3,24220649
20240915.gkg.csv.zip,d4c4e1c79583079614450b8f4310aa3e,22021567
20240916.gkg.csv.zip,70d439e8ca0aa860fae2ba02fdfad2b9,38072856
20240917.gkg.csv.zip,ebea3f327e7cfdc815ec026ff5db3a82,42103770
20240918.gkg.csv.zip,8522267e67955cfb7f705b8d6b57427f,43461281
20240919.gkg.csv.zip,0b35d369edb19f53e5010f87da61dff5,42050522
20240920.gkg.csv.zip,4387024e53432b454ea5f1372854f56c,38953966
20240921.gkg.csv.zip,2dd98ff0057d52bbcff8f301e4488bc8,24845673
20240922.gkg.csv.zip,370e1330ee5c9501e2acc7090b4ea83d,21342585
20240923.gkg.csv.zip,5a50d3c8ae7a0fc01b23301493cad1bb,37626048
20240924.gkg.csv.zip,8eb7fb69c4d056666c2365d1fd07a899,42991949
20240925.gkg.csv.zip,67942752e4aee83c3ee5d51a72eeafc2,43983593
20240926.gkg.csv.zip,a1b0d92317844c87fcfdce4bd0e72b6f,44091942
20240927.gkg.csv.zip,66bedbb547747da344aab10624a5d890,42737629
20240928.gkg.csv.zip,af39cfae2615a9081666e52fa7489138,25683993
20240929.gkg.csv.zip,121af946ee3460a3e95bd2e9d85c346b,22237681
20240930.gkg.csv.zip,74a3984c7e96f37f9a5fe78177ffe3fc,40464947
20241001.gkg.csv.zip,bf085304992be130a9072e0401c2c91e,44343306
20241002.gkg.csv.zip,f30d94530b3d68e51575e9065915321a,43487014
20241003.gkg.csv.zip,22ff2826fa15c61919b4c0b68ab612fc,41365515
20241004.gkg.csv.zip,2605743fc1af811ae386fa449a3267c6,40239136
20241005.gkg.csv.zip,c9dc9c1b1022345a1ea68de74a0a4406,23599969
20241006.gkg.csv.zip,433b2181ed41b6ba83ca3d7bfe8fce37,21490862
20241007.gkg.csv.zip,562e2985b68c1dee7ea66ad48f450820,38493978
20241008.gkg.csv.zip,d35b41088f4228416be8c98d291a7b88,42375165
20241009.gkg.csv.zip,a8151093082f2131e1d4a0a01965b910,42841932
20241010.gkg.csv.zip,849f24e4ccde4aa0101af6fd81baeff6,42481793
20241011.gkg.csv.zip,8066f85c153698d97ff3e820444a0680,39699943
20241012.gkg.csv.zip,0607cc17bb0b4fec632a68d71939ea87,22500122
20241013.gkg.csv.zip,b41444350e9d69abbf825861f7e3cc97,20966741
20241014.gkg.csv.zip,d1bf792cd1c6fd2c745c3d8e576a72cd,35641277
20241015.gkg.csv.zip,69293e76ddde2b0c1797e3b34932cd44,40899912
20241016.gkg.csv.zip,22fdd627f92d4c4200ec7567b7515cde,43471783
20241017.gkg.csv.zip,0f2d0dad99d1013ec0ee7e9e566ff589,44037922
20241018.gkg.csv.zip,cbf8af8a7bf4bde615c1e36cf5af73c5,40711015
20241019.gkg.csv.zip,b957f1866e51b24b67abe20aae706e5e,23583862
20241020.gkg.csv.zip,50ec3bf51588595fec03edf6b629961c,21657664
20241021.gkg.csv.zip,beb2d8214f6fd2da0694263231139966,37607251
20241022.gkg.csv.zip,5ef39855417fa34dd0491ce1c66f55c7,41820746
20241023.gkg.csv.zip,9dc7302a96e6487bb04f451ac5835c0b,43289087
20241024.gkg.csv.zip,fd010322c8ba24acb8cfbbf5c67964cf,43660806
20241025.gkg.csv.zip,7c0fbfd79104bc81411a0c8c127e88e0,40680086
20241026.gkg.csv.zip,75efbd6daa0c6f1f5a184e74e5489501,24270785
20241027.gkg.csv.zip,12cd4b94f17d853c540820d6f76c39f8,21127601
20241028.gkg.csv.zip,e9de4998da1b90dcff77b6a747b60b8c,37159789
20241029.gkg.csv.zip,9b6d016552ea2060b168d2d922b70046,41967073
20241030.gkg.csv.zip,0e150403a48398bc1678c335acef05c8,42133964
20241031.gkg.csv.zip,125d020d339df76c381eba965a949f55,40868109
20241101.gkg.csv.zip,23949dcc64b7b1ce91ce27de2a2d64e0,39608008
20241102.gkg.csv.zip,2ca760b163007c4f0b11597bad1f75cc,23709338
20241103.gkg.csv.zip,745540e000b4db65fcf68ca1dd200365,20453784
20241104.gkg.csv.zip,b8ebea1e90f91bab4749a9a90a045d5a,37315314
20241105.gkg.csv.zip,08dd7903d09e37e23a5ac4da808c8fbb,41851055
20241106.gkg.csv.zip,b4735677da26a1b29a9d464bb0c7b335,48033447
20241107.gkg.csv.zip,46b2be113869059c742bbc19ba0f1354,42636953
20241108.gkg.csv.zip,236abf2b74659ca59e7b2fe404abb0a9,39639920
20241109.gkg.csv.zip,7034d7a08d18bcc166a890767e760e2b,23764261
20241110.gkg.csv.zip,9ab3291c584aed8cfbd0ae2f91c71922,19974103
20241111.gkg.csv.zip,d0c821a621e473f5b8465623e44ef878,35038086
20241112.gkg.csv.zip,7e086fd7e60b07b82cef45bcadc8e7e4,41821113
20241113.gkg.csv.zip,234322ef860bd0aab72952d00b38bfa1,43728180
20241114.gkg.csv.zip,22077acf816d746ebca3538961785fcb,43193308
20241115.gkg.csv.zip,7dafbd249762bca375a52f8174de4d3a,40440572
20241116.gkg.csv.zip,ab73f46ab724ed624c0c17aa652d8137,24125567
20241117.gkg.csv.zip,f10665e47ab0e5eac09a68bf5aa58038,20942886
20241118.gkg.csv.zip,407f9617f48d4c9c9dbf7078e27700af,36918126
20241119.gkg.csv.zip,06413e93b2d2a8b17fe8033f47f9d66f,42266868
20241120.gkg.csv.zip,35c81dd6e8f4b49d76c74c7579cf971c,42825336
20241121.gkg.csv.zip,ab4b7f174c0c6455f64f2e14d070d387,44069853
20241122.gkg.csv.zip,06570a1bf4797c2d9c993d4c0c79c4c7,40267159
20241123.gkg.csv.zip,d43e3298ba543ad6832074e8570e5480,24909124
20241124.gkg.csv.zip,c25dbf2a646b47112301b0b9992e8c2d,20462303
20241125.gkg.csv.zip,5974a73520d736a3fb55f58c04f01fe8,36791469
20241126.gkg.csv.zip,ca4742f6e38ad4402a3223d98d2ff7f5,40653201
20241127.gkg.csv.zip,ec3e16cbe5dd164bf4f4763ef79daa0e,40555576
20241128.gkg.csv.zip,e2c4cd9ab180ee785d14c1b3e143af86,32980157
20241129.gkg.csv.zip,117859946a559760f92ad02bf4d95aad,31339900
20241130.gkg.csv.zip,05f7a7702dfe8432f45d1b46bd454b39,22652038
20241201.gkg.csv.zip,5aa0bd6be8dd6f67c4fe52bfe5528f8b,21182507
20241202.gkg.csv.zip,c0aac8e407f49e1c7dd3595e9f110792,37191586
20241203.gkg.csv.zip,f034a5fc0f9920183f3da268ba0dfbf6,41620741
20241204.gkg.csv.zip,df7408684bde384cbb35d3b37167fd39,42280983
20241205.gkg.csv.zip,6c2e0bdbc1ca7116e0881eb7f02a2531,41168432
20241206.gkg.csv.zip,32ce1a9a08b6e81fb4c843be82acc029,38567198
20241207.gkg.csv.zip,9d2beeff6596eef758a6afe01e2f41b6,24165206
20241208.gkg.csv.zip,daa836cc6ec720acb1204fe0a6f2f0f7,21031027
20241209.gkg.csv.zip,5e6ad1cb126c48d400f2da4f2f33be41,36703162
20241210.gkg.csv.zip,2fad9023b7ce70ce3379e48df9a97e46,42056432
20241211.gkg.csv.zip,bf331b047a2d184f3092dc494e0288ac,42368778
20241212.gkg.csv.zip,d09cd69d4a87883fe0f2bc8a3c82e09d,42641582
20241213.gkg.csv.zip,9d40f13a3cf0e5055f51c1d63239c9f0,38760692
20241214.gkg.csv.zip,dc02191cd986df7d1be9afe6b3068b28,23000000
20241215.gkg.csv.zip,ea4c4e4c053b7f61c3882c7bd6025837,20178364
20241216.gkg.csv.zip,244d9f042a976698c2b4f606a7e3b456,36017777
20241217.gkg.csv.zip,fc67a2751e49f9dc6b84bd7e4c7dee9a,40113476
20241218.gkg.csv.zip,1ebad05de3db653e0502474e29921df0,40856386
20241219.gkg.csv.zip,267e233b3db64d67015c88987012b020,41592394
20241220.gkg.csv.zip,3716e25ac69f8bf9c9259d26385310b8,38987215
20241221.gkg.csv.zip,87a403b2c563aa0df85752868871219d,23338477
20241222.gkg.csv.zip,825f991836325c0f592dec519d64f402,19130373
20241223.gkg.csv.zip,3b10a1c63c5b7eb1f0500d74616bc1ac,31404789
20241224.gkg.csv.zip,5a94a9d9736e4f63e3fda98c53c739b3,28167863
20241225.gkg.csv.zip,134408eae945396538d59d56cfd5ebf5,19215821
20241226.gkg.csv.zip,bbca3ac27674836b77f0801f0ab2a33c,25456508
20241227.gkg.csv.zip,27342dc1194a19edca826be93a5b962f,28838818
20241228.gkg.csv.zip,0e9471cf3dd03551f2dacf17f481f790,19252610
20241229.gkg.csv.zip,240a88d79bf5da48921c4ae25a391515,20391305
20241230.gkg.csv.zip,46190259940a3c085ea5a2fad639e6ed,32173774
20241231.gkg.csv.zip,f252d3bf5e1972542e5b7fa5f396f363,30696806
20250101.gkg.csv.zip,bd8f4f4f13165548f7386f5cca6e9005,23208004
20250102.gkg.csv.zip,c84bbb734ac2ff5795124bcf22269a39,31723202
20250103.gkg.csv.zip,c1bb57387b244f442e0b22127ddcf631,33400260
20250104.gkg.csv.zip,ba5ffdc68f47548f3873daa2ad7f097a,22286932
20250105.gkg.csv.zip,e3b33e0fe60b80cfbfa3c8b72c3ba72a,19264096
20250106.gkg.csv.zip,013b61ff460e663149963183356c8a73,35324555
20250107.gkg.csv.zip,5cce88c3148022cd2deafddab4ad0cef,40357316
20250108.gkg.csv.zip,72a273f83e4173bbbb3988068c0af433,41620275
20250109.gkg.csv.zip,ca6c959f2593f3d44ea1acd44a95561a,41751637
20250110.gkg.csv.zip,3ec5ef82b42908d1cdc30a828d134f52,40055515
20250111.gkg.csv.zip,c34e5720dd6bfd975b359cb22cf5cbd0,24204606
20250112.gkg.csv.zip,5ddc5d34675f1051b6ad74a7e2e582fe,18794971
20250113.gkg.csv.zip,6594a5c716362d2a56ebfa59a3078bc7,35677720
20250114.gkg.csv.zip,71e4ab5f8b085f09394f6bcf717eb0b0,41218670
20250115.gkg.csv.zip,aeb45d40d8cca9c46134711c4b5309d0,43825873
20250116.gkg.csv.zip,6ff89444eaa4ef316d85e3985170461c,42045613
20250117.gkg.csv.zip,65e8b35aca26836d28a8de6113fa999f,41371582
20250118.gkg.csv.zip,8b1f3e0db7e526b2e6576a7f9c422adf,24682616
20250119.gkg.csv.zip,f58f52dd5715e9a211b437ee081021a4,21709415
20250120.gkg.csv.zip,e1b8dcf09c16e4544490eb389f2560fc,34773897
20250121.gkg.csv.zip,a030e6ea69f3ed23ac10ebea60ac72c6,43310903
20250122.gkg.csv.zip,32b1ceea60b6a59bd19b0168845f5c53,43602239
20250123.gkg.csv.zip,c7a4a8b998c9c063b86072d5d4ab6d8e,43855285
20250124.gkg.csv.zip,bc7c76b3d3f32f202edeeed4d132f598,40794654
20250125.gkg.csv.zip,2bad270046bc8c1fcf0b48b8b7ac9e77,26557067
20250126.gkg.csv.zip,88340ad22be8463ddff16d20e3711ec8,21180863
20250127.gkg.csv.zip,72cbf24a22ff4bb9248fe6140393222d,35774747
20250128.gkg.csv.zip,0b03874a4755f72f0489711bc943280c,40652562
20250129.gkg.csv.zip,2f1bd5c2a31848e3a0b06def53fcb2ac,41889568
20250130.gkg.csv.zip,1d67c71266aee3e21a6b3fdf3cf2685a,43289782
20250131.gkg.csv.zip,243e18dd1c77e7f66e4d51406ca7cc44,40533132
20250201.gkg.csv.zip,9d6c3c1515c262cb949098fc9ff9053d,27028587
20250202.gkg.csv.zip,fb79de987383ad1dc83af6cfa9f64533,21538820
20250203.gkg.csv.zip,e27a93ee2e6a38cea57a39ad24682f18,37069293
20250204.gkg.csv.zip,730ee27e6c8a62a820e3dd192c85fafa,41134489
20250205.gkg.csv.zip,07ecfde3d4b7b8eff66aef73fd4ad6e5,43119363
20250206.gkg.csv.zip,c4887fcdce1b16b75402b41cc42f7f92,40881198
20250207.gkg.csv.zip,37424f351df7b37b323c70fb9bd071de,38812756
20250208.gkg.csv.zip,28f4b0f4624d8db8d2247b6588eec5c9,25581221
20250209.gkg.csv.zip,7245efa172ad2e8271e57fcf0b554fff,18842582
20250210.gkg.csv.zip,832fff81849973437bc0ea11426309d4,33371684
20250211.gkg.csv.zip,06c9fb2bfc8576cd01a4215f6da4fad9,39351514
20250212.gkg.csv.zip,8e34fc46516f6da6ed06d1e1b8ff17fd,41067351
20250213.gkg.csv.zip,7cd5abf1f7fc01b02e7203b1d35effbe,41349229
20250214.gkg.csv.zip,addb235456e091142b38f76890041840,38960633
20250215.gkg.csv.zip,f75797fad4f0816b88f41cc8946817c0,23670348
20250216.gkg.csv.zip,6105d0cec8201feed13201f06e3668ff,20225140
20250217.gkg.csv.zip,1027e3631582bbbbba8766a027f76bed,31204328
20250218.gkg.csv.zip,779312407dca42720e60a5af9e5ec1fd,38592187
20250219.gkg.csv.zip,856ee90a78f16d019aa6a1dde07652e1,39799490
20250220.gkg.csv.zip,43077497ed63d8230d9280c987f64a76,40747867
20250221.gkg.csv.zip,a20e931b1b1c9ff1f1fbfa478e3321db,39381060
20250222.gkg.csv.zip,a5df794823f8b4721ca3846537f500b4,24165149
20250223.gkg.csv.zip,6c47e05d5592a8306c95a2740e2a0d41,19891301
20250224.gkg.csv.zip,5ddb0bb6fa8794d42481bb7bad97db4e,34717538
20250225.gkg.csv.zip,bada711d3b94e79ae28b38eb036d3c4e,39910471
20250226.gkg.csv.zip,06c8d67bf422644d0aa4f401a3c02218,40069869
20250227.gkg.csv.zip,911bce045fd5ada51ae3ab3f7eb28498,41055836
20250228.gkg.csv.zip,efdfc6ca07231d7ea8c33c3bf50ebee8,41136123
20250301.gkg.csv.zip,132daf7f019557656e35fe93b747aa33,24197370
20250302.gkg.csv.zip,3d2c4adaed51cb84f39c0c0bfc86ce26,19752155
20250303.gkg.csv.zip,a40a2700de3e307003f9d3ee57d899b6,35126378
20250304.gkg.csv.zip,9882fe32d26bc19e8c2b73b733799c5d,41456979
20250305.gkg.csv.zip,4c3a317497b618d5c5f7bf8da91c7ce2,42009147
20250306.gkg.csv.zip,957f34a8689caaef81de68102d278a79,40530705
20250307.gkg.csv.zip,3d62b63b606f3d4d5b829bb894835cb3,39814798
20250308.gkg.csv.zip,5c9bc5f651446c696b5452702a55868a,25569253
20250309.gkg.csv.zip,567b952fd23f0c27b21fe1c5f19b49dd,19972830
20250310.gkg.csv.zip,3814b0bd592d39605d3fd56b77ad0033,35001839
20250311.gkg.csv.zip,de0bc3de78a7374a1f7cb248727c2fdb,40544278
20250312.gkg.csv.zip,4b6d6ded3d8db2389b50fe8b5751f375,41674042
20250313.gkg.csv.zip,7f39ddd1771975b369e6002ac497847d,41034035
20250314.gkg.csv.zip,714686990a9ff63fe90d1de64955b95c,38953889
20250315.gkg.csv.zip,ef56d176b926ebbb5fb7186ca05b55c6,24145925
20250316.gkg.csv.zip,a215c225acbde4d7bfc3e77b2b430100,20051397
20250317.gkg.csv.zip,268c198c64a1a9a97e2f65058212bf9d,35266236
20250318.gkg.csv.zip,87f99f4a794cee42125838c1058f42d3,41710323
20250319.gkg.csv.zip,98f3727f489992b72d94b9535b6e9b50,41405521
20250320.gkg.csv.zip,6562da5109fb6e78a9cfba9260236ba4,41499877
20250321.gkg.csv.zip,038adbca9390bce29353c8703ac99219,39716335
20250322.gkg.csv.zip,564c92586d86dadf7b1918139a775568,23161876
20250323.gkg.csv.zip,941cebe0ae1b11d053c7cfa58ecce3a7,19360026
20250324.gkg.csv.zip,b7c44fc1223a02de2fe6ba48c286e46f,34972612
20250325.gkg.csv.zip,db9196949df51c1b9da91e9d6f7a28f4,40163701
20250326.gkg.csv.zip,126bd67d995d09027beddd6f03f04425,42011119
20250327.gkg.csv.zip,230af82a5b278538c55704ff57e17cf1,42489722
20250328.gkg.csv.zip,2ee00c836b2288b50354ab47cd7b553f,41059203
20250329.gkg.csv.zip,9d3b40c89169e21861bd5342fbde3076,24882729
20250330.gkg.csv.zip,14e564e4a17e90ca8727728d0377a8ce,20734849
20250331.gkg.csv.zip,2a5c359ca4af59d9bfe64df917cc6c8f,34245754
20250401.gkg.csv.zip,3b1e617ea32e6443d285752c07111781,40839098
20250402.gkg.csv.zip,5df3ddf5f3a12f55f33035ea75d39aa3,40945157
20250403.gkg.csv.zip,c90898bb4150a0dd06ddc10a5a5bdb88,41036472
20250404.gkg.csv.zip,dfa0b4cc489725d445d7a36a10531332,40451266
20250405.gkg.csv.zip,a016c4a40ed5401131cb40aae5b0c668,24053103
20250406.gkg.csv.zip,a8f900cee8ee8138bc3177f060349de8,19829540
20250407.gkg.csv.zip,80cfb88a85817a9ef28521fa022ab9e3,34654334
20250408.gkg.csv.zip,d6a05972aa0a48d77a737b9c10c46371,39796197
20250409.gkg.csv.zip,60356767f4df984459b74cf6e8a78847,40313651
20250410.gkg.csv.zip,61073e5d826afbd253e37aa83a61d434,40543446
20250411.gkg.csv.zip,042572009cf6f71d4ea088b8b1c9470c,39695997
20250412.gkg.csv.zip,e90346b66880b064b22970a6a8f99069,23062156
20250413.gkg.csv.zip,7f53aa9420fe789b024752583d4b38af,19012453
20250414.gkg.csv.zip,8cfda5ba2ff3df38e29671a409a2de73,34501170
20250415.gkg.csv.zip,efa2d30dd8e4376a5745bacf871e34d0,39385911
20250416.gkg.csv.zip,5b706aebe740708bb93db06346d94583,40129827
20250417.gkg.csv.zip,909fce5746bec5195be2bddbf5d63178,38572135
20250418.gkg.csv.zip,d4baa12a1c937c689d5097bbc7dc2ee9,34248394
20250419.gkg.csv.zip,5e0b800ed3e786f1d7fc593fd0c181d3,21609740
20250420.gkg.csv.zip,cbc1479cc4c64d5b8e2e1589399fcc96,18193955
20250421.gkg.csv.zip,afa058992d2cbf33195427d12948dd18,33725285
20250422.gkg.csv.zip,a4e06ca5b0ad1c0232b66fa08202b9bb,38568060
20250423.gkg.csv.zip,da65a40018af7840ef8e72a06c74d904,41125428
20250424.gkg.csv.zip,ddde1d8772af7e6c33f9605b9107ca8d,40142739
20250425.gkg.csv.zip,b2a871fd7a6e13aa1bc6226b187001da,39236186
20250426.gkg.csv.zip,78a0923234234bac20942aa351a55f06,24564712
20250427.gkg.csv.zip,d9f17fb250d40ca938ff9539e3289238,19980872
20250428.gkg.csv.zip,70b3d8c74917e0707223bfd2b74dc32e,35323813
20250429.gkg.csv.zip,6b3f0449abea78b46b9342405e2d744f,40256617
20250430.gkg.csv.zip,44aa761b7a3fcd5af0b7cacc5d9d7fd9,41836595
20250501.gkg.csv.zip,9157da4f89e69e9fb7772052a1040f5e,38104330
20250502.gkg.csv.zip,c42231427fa275c0979a6a722326e11d,37685638
20250503.gkg.csv.zip,2c1a3e65c8c41823b516561b6c364464,22265304
20250504.gkg.csv.zip,0b7d3f9d5bfe075e114306eb75f0f289,18793298
20250505.gkg.csv.zip,c183ae4dba6072680e8a88bce6ddbcff,32083820
20250506.gkg.csv.zip,4e46d42bc3a08006a48dbf7177b14d46,37254250
20250507.gkg.csv.zip,c310c2233e53e8c09f78881b3ede3b8e,39428707
20250508.gkg.csv.zip,6351c1bc7314fcc2354b6fcb544a16a5,40205381
20250509.gkg.csv.zip,10002ecebfc9a266de4f759c4db73bb4,38827425
20250510.gkg.csv.zip,f92e9efa5209f78fa1147d048d476110,22327115
20250511.gkg.csv.zip,5dac662fcb93fbe6a03b6fa0a87c3d0e,18460176
20250512.gkg.csv.zip,8a5ef9cd174f98cfc1096b6d74ee369d,33606365
20250513.gkg.csv.zip,458b4de2c2a30dabfbbdfe745aaf5d4b,37735609
20250514.gkg.csv.zip,cc713a41d29193eece7e8bb20de85e73,38731892
20250515.gkg.csv.zip,88755c66d7cc0e82f07bc0c8143e8aa7,39471344
20250516.gkg.csv.zip,2f4ea7a10afadff5135de24dde38152c,36701188
20250517.gkg.csv.zip,1da093b8c7cd576527776e3d4f1731eb,21540007
20250518.gkg.csv.zip,ae57088d4bfef1789abbf0365ceaf3cf,18820298
20250519.gkg.csv.zip,6a01d4743a01efdb101bf20fc368d585,33862381
20250520.gkg.csv.zip,12d51785c2938058f9d47e32bec2e759,38605756
20250521.gkg.csv.zip,76ceb999f9408084c7bb158f4c9a1092,39782435
20250522.gkg.csv.zip,54a788bd1d59052ee5c786d0e7c2ad3a,40107917
20250523.gkg.csv.zip,f65690548d10b46e9e23cc8d9e5890f9,36676537
20250524.gkg.csv.zip,d409881587f0887072a96f441ce68f60,20770553
20250525.gkg.csv.zip,6903e1de100584b44ffecc49d4837a32,17476660
20250526.gkg.csv.zip,5e77b5182d4c5f4336d3915233e05bae,25343148
20250527.gkg.csv.zip,80b4db52224edec401fc6d0bdfe755e1,34181833
20250528.gkg.csv.zip,7d56256c0b3ffa672a1b4edb6c8a4b75,37441789
20250529.gkg.csv.zip,7472e9772fbb79ca4dfe3510c4e68672,38451479
20250530.gkg.csv.zip,08c687ddb7eca8619f658061b5c8550a,35531368
20250531.gkg.csv.zip,d633a7298d4052bd6e56c0396da805a9,21447575
20250601.gkg.csv.zip,2b285d65751519435849b86376c12ba3,19168210
20250602.gkg.csv.zip,74d4b7ac614142ea1f7c435481483778,34516513
20250603.gkg.csv.zip,e578d314a0f055daf294e4069fe196b5,38022776
20250604.gkg.csv.zip,d7873be72afbd26ec2c51ef90528dcf8,39096873
20250605.gkg.csv.zip,47e79ab809dc8b95e7ef8f4d2a4ef748,39408864
20250606.gkg.csv.zip,883939483f73b32b691d21ebcd6803e5,36090823
20250607.gkg.csv.zip,88623a9f694e913b3bba7c1de10804e7,20887535
20250608.gkg.csv.zip,4c6a3656a2e84f0a0d0de9862bb157b9,18228492
20250609.gkg.csv.zip,d375647a2615f3628f0877ed0fa69fb5,33041334
20250610.gkg.csv.zip,9137eb2e63a688a70ce3a22b5d61a464,38572851
20250611.gkg.csv.zip,7b676dd63ae3d22bd0e7040174211a63,40005673
20250612.gkg.csv.zip,3f018f0a65cd5fabe548f2656b2dbea3,37187323
20250613.gkg.csv.zip,99e14557e01d4818270fc09e28f282e5,39797408
20250702.gkg.csv.zip,73620e536cb8fec1fbe37e45c00bad60,36039376
20250703.gkg.csv.zip,cd9cb8ce206639f6b3b09bbada37b613,39758412
20250704.gkg.csv.zip,ed3030c49a0b91734bd18f8987c034ae,31704624
20250705.gkg.csv.zip,9fd13573371c5d27cb885a3a283dcd4d,21004263
20250706.gkg.csv.zip,523797ce3c334f98d2cb98a7471702ba,19369735
20250707.gkg.csv.zip,376c76a40d91065c23e2a4beb2771843,35248704
20250708.gkg.csv.zip,fdc39c8d4135ff4de244af626e43479f,39013679
20250709.gkg.csv.zip,789ebb6340d5522b654296199aa27e6c,39013733
20250710.gkg.csv.zip,56f6d904b3a9b1c9e6b3ebbe2e15f70b,39052231
20250711.gkg.csv.zip,b306e962ced9abbeae431af5a715278b,37526203
20250712.gkg.csv.zip,9bddfa477690a952db454f517e56a10d,22596770
20250713.gkg.csv.zip,100807aaf014164bb9b34981ce6c8406,19118638
20250714.gkg.csv.zip,5c7a25959ecebda47d06ac0fac319f82,34471672
20250715.gkg.csv.zip,69e12c5b8dfb5479bda03112f89123a4,38650254
20250716.gkg.csv.zip,407871e2767afef5db77260c7be27600,39645422
20250717.gkg.csv.zip,7d03210763c40558a000e552a95a662f,39327447
20250718.gkg.csv.zip,e758560dc9b20e927be4e71ec502b8a5,36787715
20250719.gkg.csv.zip,61f8dcec5f668ad34dadd9235de7ea62,21303378
20250720.gkg.csv.zip,fe86117f30a42afb6aea3612996df36f,18110970
20250721.gkg.csv.zip,e2b874608d1bbf201efc38f3ec38188b,33691075
20250722.gkg.csv.zip,edfb2d6caee4fb9592a026a66902cbd8,38060036
20250723.gkg.csv.zip,f8d86c7b4bdd73bd503cdb780a4f4c5f,38690671
20250724.gkg.csv.zip,e9cc2392f29f84961b53cc15115b3ed1,39527519
20250725.gkg.csv.zip,e98d969934f257cc0e126f0083b01878,36630717
20250726.gkg.csv.zip,385899d508a6759dcbcef00043b19e4f,22032189
20250727.gkg.csv.zip,a1ce9f401a6acfd05f65a56187f20317,19275117
20250728.gkg.csv.zip,41ef3220e45827f1195e8bb034579da3,33799724
20250729.gkg.csv.zip,94a86937d4c1fd0fba722ad6b534a719,38220159
20250730.gkg.csv.zip,49161f590be3ac351f7bb9fb976de4ac,39930492
20250731.gkg.csv.zip,04cdd6ed30e6528851cd9f48dcb15805,39473913
20250801.gkg.csv.zip,442b1470c05e896e65bfb8af4ed75bf4,40763731
20250802.gkg.csv.zip,223dd4460d3d2072f352771dac171e42,21133937
20250803.gkg.csv.zip,2cc914382e68f4df5819024da04ec6c8,18376075
20250804.gkg.csv.zip,8c38311240f7a9682e099f43b19f428c,31917766
20250805.gkg.csv.zip,c7c561861011c82056473aa68ffb50a5,36761419
20250806.gkg.csv.zip,470c1e02d2ec985390c834af008b1087,39031793
20250807.gkg.csv.zip,ba8c349315ea22a56294a464f0d48a65,39374339
20250808.gkg.csv.zip,652bda4d4511a259f1524ffd1b028e7c,36579038
20250809.gkg.csv.zip,4cdeb1d4db8bc36765ad55715910450a,22338851
20250810.gkg.csv.zip,f44e05b1204fa135042cef30dc08f3ef,17579881
20250811.gkg.csv.zip,89637cebb9891a81d5fc2492d35f7dbf,33182914
20250812.gkg.csv.zip,881acb3156bec87490e56c3304a003a8,36967506
20250813.gkg.csv.zip,da6b40b783a4aceb11a096f710e569f4,37609630
20250814.gkg.csv.zip,9e190fc3c3a29d8b8de48aa0372d9ce7,38312593
20250815.gkg.csv.zip,8fd74a2494cd81ec06f8722d11758173,35597250
20250816.gkg.csv.zip,befff57e60fa6dabd1f081b2235a3d55,21622385
20250817.gkg.csv.zip,20e1942e5ad66f9cf38fd49374625982,18375393
20250818.gkg.csv.zip,b906c529bf8323112208a82e9c642cfa,33313951
20250819.gkg.csv.zip,9eed6ef87ff6d42b71c3a095af316093,36762901
20250820.gkg.csv.zip,8dfa2e69b09c1293ebb723e7d0ff2b13,37007449
20250821.gkg.csv.zip,fc2e4aa02c38abb4e703d139c3a4f7b3,37696796
20250822.gkg.csv.zip,9c5d394398ede342d2d5571db3c410f0,35974344
20250823.gkg.csv.zip,3bb6d6a6e0c39ada3204cf89e510507e,21647000
20250824.gkg.csv.zip,d384c20e30e51d68320c6a7d7ac2d179,17992172
20250825.gkg.csv.zip,97f0fe51d1bd2fb04dd0aafbe703695c,31777283
20250826.gkg.csv.zip,c021307d07d6f6b9bef5b9ca4a79858a,37252010
20250827.gkg.csv.zip,95e3496c9e0adf0c7316db8d2ab52a92,38589702
20250828.gkg.csv.zip,20922a13c2b42c7171672ad57b4a9c8f,38594815
20250829.gkg.csv.zip,ff2cd72426a98783c47b8672244fbb21,36165267
20250830.gkg.csv.zip,a1dca8ff8c48805da299222eb1cb0e4c,21799121
20250831.gkg.csv.zip,68ac30c8040d7b6896a79c40c69dcf9b,18761667
20250901.gkg.csv.zip,8ab9e623e5153e105c0dbab354888ec0,27890131
20250902.gkg.csv.zip,1d2c2296109e63d4b994940393d2245e,35485827
20250903.gkg.csv.zip,79f606a8177ba24928354ff999112806,39413380
20250904.gkg.csv.zip,e48a44b91842edcf0ffa8597a4edb244,40608342
20250905.gkg.csv.zip,5f8050f6d99e8917bb2213c24f3eff68,36744150
20250906.gkg.csv.zip,afcb168b8919819a87c59af38e424139,21502219
20250907.gkg.csv.zip,30497546dd00cc0972e2fdbc61c2c4a8,18677545
20250908.gkg.csv.zip,95a08c2a84e3174d8f66ccbf917e3f35,33918223
20250909.gkg.csv.zip,2c8e874b2fbe2da328f382167914134f,39360810
20250910.gkg.csv.zip,fceafd0c3a1e3f8261158987105a1bad,38854465
20250911.gkg.csv.zip,a1ace0b0ac77558945e92db1ef32cd83,39230969
20250912.gkg.csv.zip,ec61c0ef88528f115d7ab878ec1fb9b1,36136315
20250913.gkg.csv.zip,8114983e0da2e32b3301d8aaa8aec99d,21373699
20250914.gkg.csv.zip,cc01aef7e21179b1faf2918b34e55b3b,18860215
20250915.gkg.csv.zip,48119fe99b1ec378d9c9723c737f69a5,33595689
20250916.gkg.csv.zip,fb13966c6deea6396def075146b593c2,39145225
20250917.gkg.csv.zip,d468d0144a6b7a83b9429e29ed2a558d,37691442
20250918.gkg.csv.zip,cffaa4ac3914eca555b60a2fde69b7d1,38038605
20250919.gkg.csv.zip,896e3c58dfac231708e51ea43074a2c8,35559888
20250920.gkg.csv.zip,e908340a2d46b510c2e21a4577e9aeb7,21412742
20250921.gkg.csv.zip,9aa6e57ae2036a1e824c3d1bff2a2d5b,18393790
20250922.gkg.csv.zip,939a5fd209b838158a31b6006ca07b4d,33818285
20250923.gkg.csv.zip,eccdeb5809253fb5634d63ac1c5e9866,37771279
20250924.gkg.csv.zip,e54cca8746cbd93ba6d6be44f16673b3,38326811
20250925.gkg.csv.zip,6f9ad6e0abd1c0a8a1607817fcebb14c,38706636
20250926.gkg.csv.zip,8769c5e80b2045da6247b91ce72d5cfb,35741195
20250927.gkg.csv.zip,25093565b5572eca34a167fe85ff6b10,21818810
20250928.gkg.csv.zip,6cc15523a609ebe1ae7877041b2da1a3,19799436
20250929.gkg.csv.zip,592c989e04a14efd35c984d43a20fe1d,35416078
20250930.gkg.csv.zip,b318829f1556e8b5d3f315f7fdf06346,38206763
20251001.gkg.csv.zip,d7bb35385b0f158e92e1f0a4bdd9ce2e,39652653
20251002.gkg.csv.zip,63c27c8f263cf8c1cf3a98c85c4fafbf,37461436
20251003.gkg.csv.zip,d441edb4ad15b212a07113d536f4822e,36205995
20251004.gkg.csv.zip,3a42f7382a928a05497d6e9103084234,21831565
20251005.gkg.csv.zip,09ece23aa1bbdbb62d35806811fae25c,19182369
20251006.gkg.csv.zip,d3bc923509f192d28b72a46f43ff4b2d,33381783
20251007.gkg.csv.zip,692ee4678d1ab5f95e33b78bdcec4553,36416519
20251008.gkg.csv.zip,f908699167927ca2d9a4c9de50ba6a5a,37270784
20251009.gkg.csv.zip,407e45d2513fc909391a12b128fce6e4,37548877
20251010.gkg.csv.zip,ce36b9adb57f33c4ef8f2f3baaffed0c,35737959
20251011.gkg.csv.zip,aed352bf4d3351a44e757a7085c199b2,21388800
20251012.gkg.csv.zip,2624dc6e0074bc5ab84b2cf00ce102ff,19059294
20251013.gkg.csv.zip,cae31ceb2f0d94d2c062a729240c5c5d,32452787
20251014.gkg.csv.zip,4d96e1ea44dc0d31379683a9eb36a733,36031897
20251015.gkg.csv.zip,c714c2417863f9293bad214ce248a386,37978668
20251016.gkg.csv.zip,b80e89f4ffbc65f9843c2cafa9a86344,37563534
20251017.gkg.csv.zip,4e32188f87259d5720645500b1f35ee4,36058967
20251018.gkg.csv.zip,632ad4a16a6811b19c678fd55db4ccda,20434470
20251019.gkg.csv.zip,da2de2f1d28878ef8d6fe9970bfbea82,18043057
20251020.gkg.csv.zip,c2470885ca2254232c97328960aee1a5,30333965
20251021.gkg.csv.zip,4c9ef7778b0a312db145ed3d7916f398,36726615
20251022.gkg.csv.zip,a8e6811e01a01aa00e20715f1eb91bd6,37922516
20251023.gkg.csv.zip,51701af1f11c997ff6ddb9374b27e660,38491121
20251024.gkg.csv.zip,5871d1a716ec1bfc6c6d2492512c47ec,36699764
20251025.gkg.csv.zip,81d0044866ce541f2fc513aaa0610181,21656461
20251026.gkg.csv.zip,31fb153ae0771ad0e3a68a9dadc5bae3,18470156
20251027.gkg.csv.zip,3893fb140e956c16f357e6dc6065f8f2,33682091
20251028.gkg.csv.zip,a3aa89888bbd879db834f0a32de17202,38928979
20251029.gkg.csv.zip,23fb912ad3a818ef498953295e8b924b,39790268
20251030.gkg.csv.zip,6e9e9edeae5727537e9fb5a08ea4d185,39944270
20251031.gkg.csv.zip,1b45f6815f418b2bbd81e3db49df1f47,36497168
20251101.gkg.csv.zip,25604ac7328dd22d2aecfbb93fbe2843,21537133
20251102.gkg.csv.zip,08b3f7b95189afa0263f773400d9847c,18596223
20251103.gkg.csv.zip,0db8db6145b94d7487b5412cd9c5a997,33974809
20251104.gkg.csv.zip,b5875127ef05a847cca75d44bb2991cd,37409864
20251105.gkg.csv.zip,bdc1a7f8ed893835d0a599c8028745dc,39344367
20251106.gkg.csv.zip,339b3df5a7504fd92582721c1c6c10dd,39963363
20251107.gkg.csv.zip,b6eb8c854233143866d66e88bdf8b9c3,36058542
20251108.gkg.csv.zip,46f767da529a5773a82dfc476b630fbd,23059541
20251109.gkg.csv.zip,16d1275047a5178c75289abd554b6686,18670391
20251110.gkg.csv.zip,61f07aeb6db23128ebe7bb8e78908ce1,33812290
20251111.gkg.csv.zip,a937ba80a5fa7d504134171a024a61aa,37170488
20251112.gkg.csv.zip,5147711ac1d4c56745e3e558cd8bc11b,37024669
20251113.gkg.csv.zip,7df5174c3c90763ecc64c6f02160c4fe,38096459
20251114.gkg.csv.zip,c83b8aa929be54d08e0e8dc31006f63a,35242842
20251115.gkg.csv.zip,518534ca77b22fdc4c2c63bd16eae85e,22340746
20251116.gkg.csv.zip,7aea686c5f3401e1e8bbf7be14f436ba,18048130
20251117.gkg.csv.zip,a1c33c4234a13caad5674cd56e5958ed,33710923
20251118.gkg.csv.zip,cce099b1ad083b6949f20d7a23215ab9,36395930
20251119.gkg.csv.zip,1689effeee9ade7f34f1fd8a1d1c2ea1,37843351
20251120.gkg.csv.zip,78f8484e059555ef5ec2d56c355a8e5e,38846796
20251121.gkg.csv.zip,0e7aa5c754723cf0518b63487b4910fa,36177244
20251122.gkg.csv.zip,898e6e94739d3c69f01f6dbf41e9e775,21677136
20251123.gkg.csv.zip,9833ea454ed2a82ee949035f78974c5c,18160973
20251124.gkg.csv.zip,cf395e8cb1c058bdc78475560554e850,31875273
20251125.gkg.csv.zip,a2f53c89afc3e34bcb580644a51c649d,35885798
20251126.gkg.csv.zip,797d460ba2ec614c87b20ad3c8345a83,36208241
20251127.gkg.csv.zip,26c2275461b687b70282f39bd5a98ca6,29054398
20251128.gkg.csv.zip,4da7469b3c5a453ebd8cb572e47734f5,27819100
20251129.gkg.csv.zip,d1dc2da48edd173c3674fa869acdd68e,20024811
20251130.gkg.csv.zip,eb172a09f9c854e1b460534e6b06c594,16618510
20251201.gkg.csv.zip,a1b51a2275c121f851449679c9cec154,30838963
20251202.gkg.csv.zip,d64fd0a8a69954adb2704d950db379dc,34917295
20251203.gkg.csv.zip,20e7b75278105c9721b3f753196040d7,36435346
20251204.gkg.csv.zip,58ef20496a92f8ec41f22c480ecacea5,35592403
20251205.gkg.csv.zip,3b69330f366745f17da0d89d369af6bb,33858474
20251206.gkg.csv.zip,ff5a4a0ef61bbbdbdc06e760348cd3af,19719935
20251207.gkg.csv.zip,24329617f099dbd029e6689d6f9009bf,16328380
20251208.gkg.csv.zip,b9a81180b6fb67397eb9489c98d99c23,30676303
20251209.gkg.csv.zip,d553ff0731c90eb1c49edf86d3c14245,35307628
20251210.gkg.csv.zip,88e723c25a14628915d310e84ebc54ff,35419553
20251211.gkg.csv.zip,f3cb7c6d3988ef293f620bfcb5c9b1d1,36345424
20251212.gkg.csv.zip,8a01f852d6f8f5162a04307e130728c6,33222311
20251213.gkg.csv.zip,a01ef1156a575f24e13f21136f859088,19600113
20251214.gkg.csv.zip,bfc78366fb2acc1d84a002891d4a9872,17742733
20251215.gkg.csv.zip,f44e115dd863f711bfdb77fceeb05486,33489720
20251216.gkg.csv.zip,3059fe09e0a33dc26a0a84e70a7a7520,35892689
20251217.gkg.csv.zip,77ae8a4348b97c003ad88ea2bf3f50b3,36682867
20251218.gkg.csv.zip,5bdb6f9444b8488ed2f94d1a52ea50a1,36963503
20251219.gkg.csv.zip,d8a31e3bd949145451ac0df0165b2bba,34466369
20251220.gkg.csv.zip,cd2301766610f2436aad36223f1cf53e,19812374
20251221.gkg.csv.zip,99475092ed7cfbd9d3a9819b8fc2b5ec,15990386
20251222.gkg.csv.zip,58e686680c1bf2e9e764cbc3f167832f,28800476
20251223.gkg.csv.zip,ad1bca03374a658ed402adcbb7f6e211,30835872
20251224.gkg.csv.zip,970ed1af4fa91f3a0c0966c3354da402,26350646
20251225.gkg.csv.zip,9a83c407e04ff6e09051676577884e8d,16047361
20251226.gkg.csv.zip,1d79dec313cc5ba8119306b389fbf91a,20298669
20251227.gkg.csv.zip,4360e0a250acf6006bf68781a8fb7b5f,16879945
20251228.gkg.csv.zip,bf8cd82f49d30a523d0f2dbea46b85da,16303470
20251229.gkg.csv.zip,d007dc5447862ee2a9456b0db6ca6128,25994481
20251230.gkg.csv.zip,a19b1edef4a663127d35cd331e3b8870,29080154
20251231.gkg.csv.zip,614b9a837c241bfb59889251f03f8381,28645145
20260101.gkg.csv.zip,924f36103236ed5765ae334d63450f0b,20143389
20260102.gkg.csv.zip,0b444e96315b4285ccec6eb5aaa690a6,24560512
20260103.gkg.csv.zip,0404f08bdb97262eb221ceb715c7ba25,19853752
20260104.gkg.csv.zip,34a48a11407cc31d884951958b5dbefd,17212129
20260105.gkg.csv.zip,42e27261c1cfd5b0d0e6ce773adee656,30478316
20260106.gkg.csv.zip,01a8b548662ee4f6a15a221c37e2042a,34123248
20260107.gkg.csv.zip,eb71b560f1ebc742431a1c248dbbf1ff,35785598
20260108.gkg.csv.zip,a015f921882aa839d26ffe90b51220e6,35959539
20260109.gkg.csv.zip,84e59946e0ed9d847de682f0b86d68b4,34318520
20260110.gkg.csv.zip,ad7ac3728ce5ba470722efd4631c9e55,19831330
20260111.gkg.csv.zip,347e4b872e33e5f7d3dc5233f5f82fdd,16545223
20260112.gkg.csv.zip,f21f77f9086f59c41b2645e8900e6bf8,30697972
20260113.gkg.csv.zip,d52849bcd85493b24a9a6183c2d5bc35,35436355
20260114.gkg.csv.zip,62e65bf4a831e98ebb3a8417685e112c,36583677
20260115.gkg.csv.zip,b200553aa2671a9aa59f88d9da9d58ca,37005350
20260116.gkg.csv.zip,0b4792da91b5df3a26f8eec9af07f1c5,33939285
20260117.gkg.csv.zip,8ce7f8f31ab0f710999c96462ea13d24,21304705
20260118.gkg.csv.zip,afe6c53503c1e7cf439fae98158ebb13,17369532
20260119.gkg.csv.zip,f2f1de5338c43b19b27a38e848bc0a49,28627139
20260120.gkg.csv.zip,93314126d3d7de879e8ef306fa8b4585,36045632
20260121.gkg.csv.zip,d8ea624474e3183030813c3df301fff9,37626030
20260122.gkg.csv.zip,950b9a653d00b68de79d86b2514a6e7d,38811234
20260123.gkg.csv.zip,65e7cf9fcc381edc48dcc98f0314d9b8,36165652
20260124.gkg.csv.zip,fc1d01e54509e9057d58173291ae49be,22453550
20260125.gkg.csv.zip,6621da93d0b675db49f94a3928cf9e4f,18368444
20260126.gkg.csv.zip,b86177dc698cedbcedf7a45a18bbcafc,31178848
20260127.gkg.csv.zip,b6b590286dd0bb99f3ca802853714f76,36640073
20260128.gkg.csv.zip,b9c22df410a8c35827b0189a00024f46,36831574
20260129.gkg.csv.zip,01c8afe3d4b193d9e51ad33eda4d98c7,37098810
20260130.gkg.csv.zip,95a634293bce86c5b59a10694181958f,35808479
20260131.gkg.csv.zip,b417341e65e844db02e4236c46ef9a7e,22887066
20260201.gkg.csv.zip,fb2071159529f3e3500dd1a72ed96475,19496670
20260202.gkg.csv.zip,e21cb9a4a8398dc1e35462fdd7035f08,32073314
20260203.gkg.csv.zip,10331a179919e714a152b98e3128e69c,36182533
20260204.gkg.csv.zip,d87662fce6572cac81c74106adcf2c19,36507486
20260205.gkg.csv.zip,829b11a69eaac5b648e021c29e6b90de,36284353
20260206.gkg.csv.zip,5d8792719dcb1b46ecf61cb44357cd49,35107114
20260207.gkg.csv.zip,bbb0947406a9342866581fca6b4408a1,20300183
20260208.gkg.csv.zip,fd1c6f57d51862cd260d2dedd1421372,17079023
20260209.gkg.csv.zip,22aedbd3459bb9e6d6928ee47955d4a3,31314904
20260210.gkg.csv.zip,4604f08e9652951049365efc13712372,35191221
20260211.gkg.csv.zip,614a9cf1a2f7b8f1c6e6c36799521587,35764697
20260212.gkg.csv.zip,524386ddb797dbe1b61cf85e468fd08c,36678557
20260213.gkg.csv.zip,ba7258c06cd999e385985b5824824b14,34864534
20260214.gkg.csv.zip,b15d9e8726af42d79e51c0e37beb2968,21112383
20260215.gkg.csv.zip,185e96581e1fb92963e5229c792bb75b,16594304
20260216.gkg.csv.zip,b54a4c89b8f201379ec4cba544e48b09,26596364
20260217.gkg.csv.zip,0d9e61d2651c6bd2b1b5f101f349bd9e,33969580
20260218.gkg.csv.zip,279750d3fc56f5c4d243db7f88287f78,34698988
20260219.gkg.csv.zip,d214ea7ae09b85d6393c7981ac7a17cf,36935891
20260220.gkg.csv.zip,5a456e45b466036a9b3be95894536771,35283505
20260221.gkg.csv.zip,af5661e682a0b0edccd582649f211c10,20759436
20260222.gkg.csv.zip,4069145c841ed803de51cde706aa3440,17859551
20260223.gkg.csv.zip,9a3183932140b43887f83d83a10772ee,32618587
20260224.gkg.csv.zip,75a07f3c00abf4fb242b9044b4055a23,36202987
20260225.gkg.csv.zip,6c705cc81855339ceff5886e3c56d3a0,38367083
20260226.gkg.csv.zip,a81b3589a3a6d9bcc20efded09d566f2,37408527
20260227.gkg.csv.zip,e83fb427a26162449ae05973bb7092bf,36174287
20260228.gkg.csv.zip,9897b361865ba6301da05e8811592ff4,25502556
20260301.gkg.csv.zip,1fc56db1cac22c4c0d4bdbb7b36d6715,21557997
20260302.gkg.csv.zip,9b53fba006108895049ef048dc3b0514,34726232
20260303.gkg.csv.zip,b5f57ad4f0184e0910913cc42ed29c15,37605036
20260304.gkg.csv.zip,62411f3626e04a13219155287d47be80,38264845
20260305.gkg.csv.zip,4eba8ccabe22677e4ffa9096b39c7cab,40347178
20260306.gkg.csv.zip,04f86236a0e2c6d3df438d509e8efaf7,36841949
20260307.gkg.csv.zip,a3c6fd6bc98f5db151b14af2b3002797,24139323
20260308.gkg.csv.zip,669215a860ae3e4c02dabd73f1b9f5d9,19635997
20260309.gkg.csv.zip,8ab82896124eea355019b5ec3428efc6,33732313
20260310.gkg.csv.zip,e866a95ab7ff3e038610cc3f942bbbb3,36673766
20260311.gkg.csv.zip,e03447669d4ba80d8cfe16b856c9f441,36589818
20260312.gkg.csv.zip,d3283227a91eddaec3ab249928964970,37348930
20260313.gkg.csv.zip,d8502dbf64401cfc7a1621d10b3d6083,35622866
20260314.gkg.csv.zip,de0e567220f384c855caf2982bff2a90,21994597
20260315.gkg.csv.zip,95fcc95d860c85822807893a37813008,18582475
20260316.gkg.csv.zip,7b8c9532bdbb309fe6a9f7103da1f214,34415724
20260317.gkg.csv.zip,0c9d8022d2235a961db86797a273dedd,37345272
20260318.gkg.csv.zip,3dcde71ec5557bfdc51ac9e5c1583453,37204142
20260319.gkg.csv.zip,f88ba26fca3864e26c0fc59772afd421,36588504
20260320.gkg.csv.zip,26390de6293d366a8de7ec8f0167c9c2,33453645
20260321.gkg.csv.zip,70c20eb2390be0c8a678181d2512254c,19972412
20260322.gkg.csv.zip,f35c221cda2f96ee31e5680ec20ed573,16604800
20260323.gkg.csv.zip,d5de78885303fcdf45b1445ce55c18ba,31158982
20260324.gkg.csv.zip,c1674e4072073150f989783b38ba8230,35235008
20260325.gkg.csv.zip,9bd1d7399ed3d4550cc5696d88430c14,35338078
20260326.gkg.csv.zip,35d091dbe44e0a1b5b70c53a0dac143e,35803101
20260327.gkg.csv.zip,665cfe4c12c11ea96e339a04de19ec34,33792674
20260328.gkg.csv.zip,69820bb5d956e102d0dfd84c3df2c460,20663001
20260329.gkg.csv.zip,eb2efa7efa05b7abff09f23c912f9d78,17361196
20260330.gkg.csv.zip,8facd0cbe28bca85e00ea93a5ab0bbb1,30857382
20260331.gkg.csv.zip,a18d740baae1a592af11273016dfe259,35118945
20260401.gkg.csv.zip,670f229d81c2a0f6befdb69b19f9ebaa,35698229
20260402.gkg.csv.zip,e6251f8467b90e998668dc5cdfd30153,33932989
20260403.gkg.csv.zip,7d368649edd7ca5f3efce88c697101fd,27855688
20260404.gkg.csv.zip,eb66962322bf4bdb17bcd6789ccf6018,17552656
20260405.gkg.csv.zip,7e9f0a118018ffccaa68c7edfb3c152f,14617644
20260406.gkg.csv.zip,e182da51b20ae28f3f3c6bbe0ff51be9,25577368
20260407.gkg.csv.zip,5b87f27e91e712a2b88825b68721c74d,32486562
20260408.gkg.csv.zip,fbf57b3f9226605dddcf015b486b5630,34622296
20260409.gkg.csv.zip,5c7f681ec8cea9cd15e8e01e0b0644b4,33629710
20260410.gkg.csv.zip,f0332c86b8506dd8f73e3fd891c7c534,32090051
20260411.gkg.csv.zip,668e101295cdb5e3924d925dcd8c286e,19529604
20260412.gkg.csv.zip,88274c1723bf9b3323db5839d12e6121,17035174
20260413.gkg.csv.zip,a5d0d8ba65066accad3f1c95bc421d4a,31079389
20260414.gkg.csv.zip,d453bc203b0f38a71d9e15aa1269c18f,34430844
20260415.gkg.csv.zip,03c084a2b6466e30e7d24920a47043af,34642771
20260416.gkg.csv.zip,38e12e93dc0755263fb13daeaec2483c,35816329
20260417.gkg.csv.zip,ace5a06d8cf2a542d55ee761e2de58f6,32994543
20260418.gkg.csv.zip,4726afac66d6e9c1fc6d0c054a6028ad,19021400
20260419.gkg.csv.zip,4a7fd68a910f1b73d9f71570ea8cc0c0,16305020
20260420.gkg.csv.zip,1bd7a9a999149ead16a72b6d50b9226c,30233588
20260421.gkg.csv.zip,11ba6c6c6e0f16b6d88f1607f63afd42,35064877
20260422.gkg.csv.zip,5a9d46268d268cb18bfc2c6b25d315c1,35189510
20260423.gkg.csv.zip,b5dfbc1c19f4f3d9c2b14b793c35a746,36218892
20260424.gkg.csv.zip,5c1a2f051e946802097f3a7cf1141078,33087306
20260425.gkg.csv.zip,3cb0a3a375a5ac369251ca77f636128a,19940097
20260426.gkg.csv.zip,503d87fb3c371f4c3f9060d5f916cc63,18550339
20260427.gkg.csv.zip,652e1a58201542e6f97a5c21647aa6d2,31012513
20260428.gkg.csv.zip,f1c7be8290f408cc4cb602023b350e77,35765314
20260429.gkg.csv.zip,256239f4855a8fb3350c6781c6d74d47,36254158
20260430.gkg.csv.zip,7d2cea27e38db752b28842a4f49dad63,35817112
20260501.gkg.csv.zip,9fbe87bf31d614c2d5056fdac6d89548,32258943
20260502.gkg.csv.zip,c19cf57ab53a7f8aeef7c4207d060964,20157585
20260503.gkg.csv.zip,46908cc3a60c25f684b280a6ccb25480,17028122
20260504.gkg.csv.zip,283f45c17115b4378959f1e45166cc60,29755528
20260505.gkg.csv.zip,e3d2d58f12fbb37ffd9bd19f3ea6cacd,34514220
20260506.gkg.csv.zip,1dfd64d0e556755ecd8dee8a4ff3d4c0,36685615
20260507.gkg.csv.zip,de0ece5ecd0b236207e71ad322c25828,36463662
20260508.gkg.csv.zip,56277aa74a6692739be0755bba1776d5,34604647
20260509.gkg.csv.zip,0a4ab34b0e14bdb2bfef47901b93f6d1,19638404
20260510.gkg.csv.zip,44bd13e9d0cf0defd5062655f9d76fe0,16803571
20260511.gkg.csv.zip,0b9b7d6268fd3320cef314231a3e21d5,30755423
20260512.gkg.csv.zip,bb4d190a812af04816ee0a870ceeca0e,35600045
20260513.gkg.csv.zip,e12808aa4ba2cb9c40d91a8b76ec6260,35689905
20260514.gkg.csv.zip,756bf95451af810323c51de981b319c6,35055394
20260515.gkg.csv.zip,ff6d1afe87d604f32f3e2a19d8ed49b0,34001087
20260516.gkg.csv.zip,1665229bee7509b7ef7549c4c664892d,20382039
20260517.gkg.csv.zip,e38795436cf148b72e97f902792eb8ba,17238940
20260518.gkg.csv.zip,280657508bad7f962ccc6f0547186eb2,31200204
20260519.gkg.csv.zip,cfe9d7a2da02f350ce3d90ddcecc31bb,34523191
20260520.gkg.csv.zip,720d2cbd00334b82923609d2288576a4,36317876
20260521.gkg.csv.zip,924f62fe44260296c52b547ebc63c2d0,35408218
20260522.gkg.csv.zip,e309c9cfcb7a65aef0732613c9973f5f,32881568
20260523.gkg.csv.zip,652cec0d5833298af5358c20aace1c71,19765805
20260524.gkg.csv.zip,a9e0552d736fb56e50b5a1a244434572,16664582
20260525.gkg.csv.zip,3350375e0a4e865e8ff71cb1b9450679,22821645
20260526.gkg.csv.zip,a21f6910ed6a8ea280d6f0223bc92f0d,31694003
20260527.gkg.csv.zip,ac7c696879571db8b9cc07499fa012d1,32679938
20260528.gkg.csv.zip,0be3546495c23b99568da6cdfb837c29,33133803
20260529.gkg.csv.zip,24d24479161295ffe7bc1fe30423fced,32572341
20260530.gkg.csv.zip,6980fef4c887969d097fc359cedf015c,19029830
20260531.gkg.csv.zip,4a171c81227440e7ca8e1132bfeb2103,15960600
20260601.gkg.csv.zip,ad6eb47ab34868e67a481b62e7bff4bd,29756462
20260602.gkg.csv.zip,f46258fc6f782571c480d45becf016fe,33812009
20260603.gkg.csv.zip,1c90bdd31a6217d71f446b6673b28a27,34666728
20260604.gkg.csv.zip,60f842626eeef354f9e5a09f7ff2b1e8,33418576
20260605.gkg.csv.zip,647ebb213d82118debca68ec6060501d,31735430
20260606.gkg.csv.zip,85e2e58acad06fcee60e04856f607972,18198116
20260607.gkg.csv.zip,9adc4f28a271c0eb862eee0fcc03e8df,15693425
20260608.gkg.csv.zip,c49227f23772a0b4f3ddf82187573e0e,29124433
20260609.gkg.csv.zip,b98493fb54d0c9c1c32aafc87ae256d9,32197529
20260610.gkg.csv.zip,fb71895187cebac7753ebf3a34a77387,34700461
20260611.gkg.csv.zip,3d5959aa1569b7cdc2a7cdc914e294e6,34398088
20260612.gkg.csv.zip,9d32ebfbff5e39cc8aa9f37f02e677fa,31667856
20260613.gkg.csv.zip,aeaf4a845cdfca2fd44e0c14df8cb5b4,19429211
20260614.gkg.csv.zip,3b45e19d75588a7e5903787ab207102c,16830706
20260615.gkg.csv.zip,995fa303b0febb2bff710192ab2186ab,31099392
20260616.gkg.csv.zip,4b09996ac9d22f24e529ce005e595471,33338206
20260617.gkg.csv.zip,388cf75ea2156b083219c0b39b6c90c1,34113399
20260618.gkg.csv.zip,12b6bc05dc4a985b288ecda21e084184,34159942
20260619.gkg.csv.zip,74be96b4969f65619e89cb6394b1b4b0,29075747
20260620.gkg.csv.zip,f9c91e37654868bf52061a7329d44285,17853897
20260621.gkg.csv.zip,4a349355118d360d433a29492d6970aa,15845642
20260622.gkg.csv.zip,71fc2735b12b825265baa5097e8d6e40,29958549
20260623.gkg.csv.zip,991ce0c36ce653ccc5de1c8aa40c2d82,34075310
20260624.gkg.csv.zip,9f6236e9641292769ada48c7520e181d,34769847
20260625.gkg.csv.zip,b4d12fb7b5f4f22cd411ccf65be6be9e,35025633
20260626.gkg.csv.zip,0e07d0f714b23686d7a21a3b75b38d70,31418676
20260627.gkg.csv.zip,3e551bba05bcd95002c50e40f9e38f59,18841002
20260628.gkg.csv.zip,910d30732f1d3054b0ff9f67c36612dc,16614735
20260629.gkg.csv.zip,46d829b823196a2766024faaeada2960,29182981
20260630.gkg.csv.zip,2acf8e26353f22a86fc8f0bf25778255,32887741
20260701.gkg.csv.zip,244e96061e5a15de6099cb2275f5b1b6,32981178
20260702.gkg.csv.zip,fecb90318b886baf25844f3a91c75576,32531209
20260703.gkg.csv.zip,5794c9a32aad7d1808686acdbe874dac,27300804
20260704.gkg.csv.zip,52caef5a91bc812f377d31eb53caf741,18214928
20260705.gkg.csv.zip,621efd801a6523710f64c92cf25dc8de,15535205
20260706.gkg.csv.zip,8d4d1ffb5a9ad1bab32e944e0f5b39d1,28291380
20260707.gkg.csv.zip,ad02ae931bfffb82b94527eb9cb18348,31862439
20260708.gkg.csv.zip,4558afb6dade9fbca3dbac26edd1ab0b,34860288
20260709.gkg.csv.zip,a3092bf93d1ca075431a17af6468dfbf,33940834
20260710.gkg.csv.zip,126cbfc71f6a69de80ed8ee8fb6b9a5f,31237024
20260711.gkg.csv.zip,b83d957c561257ba0cd95c1d0426d440,19163176
20260712.gkg.csv.zip,ec7ff25c42589a546c779ab3d0ad4bfb,16639960
20260713.gkg.csv.zip,ed77338ed404ac835d0732424bfc0eb1,30703684
20260714.gkg.csv.zip,36aeca831bb7b9b0a11ffc67fa61add5,33695859
20260715.gkg.csv.zip,f8b468dd79c85bb2b33911ed9b5dab43,33836862
20260716.gkg.csv.zip,4e23e13bd9b3ff7041a9e9a9aed68fa5,33929289
20260717.gkg.csv.zip,7179e718bef13d4c19eeca823e0f43c4,32532373
20260718.gkg.csv.zip,be032620705267ddc5ceb46e7f5618a1,17927203
20260719.gkg.csv.zip,33b274ddbc3e1469251488458224e66f,15171232
20260720.gkg.csv.zip,f5156f86dcf02408421588d703476597,28478107
20260721.gkg.csv.zip,1847f949665ef99a8c5c27372929f8ec,33122889
20260722.gkg.csv.zip,4a25d351f4c647887576cf0a28ad296a,33734554
20260723.gkg.csv.zip,e3b49e4b2cbeb25fa572f30ed2c071e4,33454500
20260724.gkg.csv.zip,4d1ae307718412c25d8e38a8b8636905,32073141
20260725.gkg.csv.zip,9ffadde269c2f18de105531dc2ab7c53,20014410
20260726.gkg.csv.zip,411f6c265ee8b8fa53672302e525b455,16690250
20260727.gkg.csv.zip,b49233e62d13e2f68f1c7e72bf09e7b3,28119977
20260728.gkg.csv.zip,e9f5353dfb374101e09a40105cf64301,32872080
20260729.gkg.csv.zip,43c3f604b3352654d6f4951a85276a4e,33895579
20260730.gkg.csv.zip,ffe420fda437e9c4525e8362af1aef48,34018826
20260731.gkg.csv.zip,859b4fde5488784eb6e02ced91e75682,31867710
20260801.gkg.csv.zip,1aa7d042c4386c1ec0ee62d8b675330f,19001935
20260802.gkg.csv.zip,580411c925065fca85c1c8069609b949,16794187
20260803.gkg.csv.zip,9fd0bb55dc1a368694577421ee0ea60b,28545312
20260804.gkg.csv.zip,3c0ea8e366d3827f5b42290f1e223baf,31221781
20260805.gkg.csv.zip,0e42f13efaa2169d4cfe2daf9ab1b469,32722272
20260806.gkg.csv.zip,89871434564c6d322064ae94a1784a9b,32157265
20260807.gkg.csv.zip,1b25fe801fcd7c05e3533794a61c0342,29854853
20260808.gkg.csv.zip,fc4136c7edc01e630f08eed2946c3c55,18418230
20260809.gkg.csv.zip,b00b3f2efa7e8026632c8f00e6ff6e5d,15030013
20260810.gkg.csv.zip,73f90aed3de75f0582df6b2a42e7e352,28474372
20260811.gkg.csv.zip,d766162e0d2916296575cf455640c710,31215950
20260812.gkg.csv.zip,aecbed1f61d15b7964e912acbda07db2,33094667
20260813.gkg.csv.zip,a2d6e93601db9ab0f858a6662672a8ea,32462393
20260814.gkg.csv.zip,eca46a0e329135a43ff7d912e2696521,31109623
20260815.gkg.csv.zip,b2bfd2b73d20cdecc59a1312b0eca862,18260108
20260816.gkg.csv.zip,05c2493ccf5219247e8f4ebb878e7a66,16069685
20260817.gkg.csv.zip,2a3f0a7c0ac57a40e21be8814a8c430f,27557032
20260818.gkg.csv.zip,5bea263440964dca490e9821933197b3,31373685
20260819.gkg.csv.zip,05fe60e0b66f3405db59c506337c6af3,31342892
20260820.gkg.csv.zip,ff092b4cb23c64ca9f0e2eff5ed9130e,31637133
20260821.gkg.csv.zip,e65e81ea7a67949885bd7ff1b35aaf04,30744362
20260822.gkg.csv.zip,623afa0dff28fefd62de4f90b6f2b395,17130730
20260823.gkg.csv.zip,660bb9ba0525f3bc7dfa9bcd396b8c42,14770956
20260824.gkg.csv.zip,74d278e74e8f2d3381bb3a2328c7c416,27757322
20260825.gkg.csv.zip,acc5cffa6f66d9650bf3f38033cefb9c,31899450
