window_id,security_key,issuer_cik,latest_project_ticker,structural_ambiguity_tier,alias_selection_reason,authoritative_name_source_layer,eligible_days,nonzero_days,matched_source_document_weight,total_source_document_weight,attention_share,strict_nonzero_window_flag
W2021,A,0001090872,A,MEDIUM,CONSERVATIVE_LEGAL_CORE,LATEST_IN_MEMBERSHIP_SEC_NPORT_NAME,7,7,110,768867,0.00014306765669485098,1
W2021,AAL,0000006201,AAL,LOW,CONSERVATIVE_LEGAL_CORE,STAGE3I_MEMBERSHIP_NAME,7,7,43,768867,5.5926447617078114e-05,1
W2021,AAP,0001158449,AAP,LOW,CONSERVATIVE_LEGAL_CORE,STAGE3I_MEMBERSHIP_NAME,7,1,2,768867,2.6012301217245635e-06,1
W2021,AAPL,0000320193,AAPL,HIGH,FULL_AUTHORITATIVE_NAME_PRECISION_CONTROL,LATEST_IN_MEMBERSHIP_SEC_NPORT_NAME,7,7,999,768867,0.0012993144458014194,1
W2021,ABBV,0001551152,ABBV,HIGH,FULL_AUTHORITATIVE_NAME_PRECISION_CONTROL,LATEST_IN_MEMBERSHIP_SEC_NPORT_NAME,7,7,53,768867,6.893259822570093e-05,1
W2021,ABMD,0000815094,ABMD,HIGH,FULL_AUTHORITATIVE_NAME_PRECISION_CONTROL,STAGE3I_MEMBERSHIP_NAME,7,4,8,768867,1.0404920486898254e-05,1
W2021,ABT,0000001800,ABT,MEDIUM,CONSERVATIVE_LEGAL_CORE,LATEST_IN_MEMBERSHIP_SEC_NPORT_NAME,7,7,161,768867,0.00020939902479882736,1
W2021,ACN,0001467373,ACN,LOW,CONSERVATIVE_LEGAL_CORE,LATEST_IN_MEMBERSHIP_SEC_NPORT_NAME,7,7,405,768867,0.0005267490996492242,1
W2021,ADBE,0000796343,ADBE,HIGH,FULL_AUTHORITATIVE_NAME_PRECISION_CONTROL,LATEST_IN_MEMBERSHIP_SEC_NPORT_NAME,7,6,15,768867,1.9509225912934226e-05,1
W2021,ADI,0000006281,ADI,MEDIUM,CONSERVATIVE_LEGAL_CORE,LATEST_IN_MEMBERSHIP_SEC_NPORT_NAME,7,7,82,768867,0.0001066504349907071,1
W2021,ADM,0000007084,ADM,LOW,CONSERVATIVE_LEGAL_CORE,LATEST_IN_MEMBERSHIP_SEC_NPORT_NAME,7,6,150,768867,0.00019509225912934226,1
W2021,ADP,0000008670,ADP,LOW,CONSERVATIVE_LEGAL_CORE,LATEST_IN_MEMBERSHIP_SEC_NPORT_NAME,7,3,6,768867,7.80369036517369e-06,1
W2021,ADSK,0000769397,ADSK,HIGH,FULL_AUTHORITATIVE_NAME_PRECISION_CONTROL,LATEST_IN_MEMBERSHIP_SEC_NPORT_NAME,7,5,45,768867,5.852767773880268e-05,1
W2021,AEE,0001002910,AEE,HIGH,FULL_AUTHORITATIVE_NAME_PRECISION_CONTROL,LATEST_IN_MEMBERSHIP_SEC_NPORT_NAME,7,5,124,768867,0.00016127626754692295,1
W2021,AEP,0000004904,AEP,LOW,CONSERVATIVE_LEGAL_CORE,LATEST_IN_MEMBERSHIP_SEC_NPORT_NAME,7,5,12,768867,1.560738073034738e-05,1
W2021,AES,0000874761,AES,HIGH,FULL_AUTHORITATIVE_NAME_PRECISION_CONTROL,LATEST_IN_MEMBERSHIP_SEC_NPORT_NAME,7,0,0,768867,0.0,0
W2021,AFL,0000004977,AFL,HIGH,FULL_AUTHORITATIVE_NAME_PRECISION_CONTROL,LATEST_IN_MEMBERSHIP_SEC_NPORT_NAME,7,1,2,768867,2.6012301217245635e-06,1
W2021,AIG,0000005272,AIG,LOW,CONSERVATIVE_LEGAL_CORE,LATEST_IN_MEMBERSHIP_SEC_NPORT_NAME,7,5,16,768867,2.0809840973796508e-05,1
W2021,AIZ,0001267238,AIZ,HIGH,FULL_AUTHORITATIVE_NAME_PRECISION_CONTROL,LATEST_IN_MEMBERSHIP_SEC_NPORT_NAME,7,0,0,768867,0.0,0
W2021,AJG,0000354190,AJG,LOW,CONSERVATIVE_LEGAL_CORE,LATEST_IN_MEMBERSHIP_SEC_NPORT_NAME,7,0,0,768867,0.0,0
W2021,AKAM,0001086222,AKAM,MEDIUM,CONSERVATIVE_LEGAL_CORE,LATEST_IN_MEMBERSHIP_SEC_NPORT_NAME,7,6,31,768867,4.031906688673074e-05,1
W2021,ALB,0000915913,ALB,HIGH,FULL_AUTHORITATIVE_NAME_PRECISION_CONTROL,LATEST_IN_MEMBERSHIP_SEC_NPORT_NAME,7,6,36,768867,4.6822142191042144e-05,1
W2021,ALGN,0001097149,ALGN,MEDIUM,CONSERVATIVE_LEGAL_CORE,LATEST_IN_MEMBERSHIP_SEC_NPORT_NAME,7,0,0,768867,0.0,0
W2021,ALK,0000766421,ALK,LOW,CONSERVATIVE_LEGAL_CORE,STAGE3I_MEMBERSHIP_NAME,7,4,22,768867,2.86135313389702e-05,1
W2021,ALL,0000899051,ALL,HIGH,FULL_AUTHORITATIVE_NAME_PRECISION_CONTROL,LATEST_IN_MEMBERSHIP_SEC_NPORT_NAME,7,0,0,768867,0.0,0
W2021,ALLE,0001579241,ALLE,HIGH,FULL_AUTHORITATIVE_NAME_PRECISION_CONTROL,LATEST_IN_MEMBERSHIP_SEC_NPORT_NAME,7,1,3,768867,3.901845182586845e-06,1
W2021,ALXN,0000899866,ALXN,MEDIUM,CONSERVATIVE_LEGAL_CORE,STAGE3I_MEMBERSHIP_NAME,7,4,29,768867,3.7717836765006173e-05,1
W2021,AMAT,,AMAT,MEDIUM,CONSERVATIVE_LEGAL_CORE,LATEST_IN_MEMBERSHIP_SEC_NPORT_NAME,7,6,23,768867,2.991414639983248e-05,1
W2021,AMCR,0001748790,AMCR,HIGH,FULL_AUTHORITATIVE_NAME_PRECISION_CONTROL,LATEST_IN_MEMBERSHIP_SEC_NPORT_NAME,7,2,4,768867,5.202460243449127e-06,1
W2021,AMD,0000002488,AMD,LOW,CONSERVATIVE_LEGAL_CORE,LATEST_IN_MEMBERSHIP_SEC_NPORT_NAME,7,4,35,768867,4.5521527130179865e-05,1
W2021,AME,0001037868,AME,HIGH,FULL_AUTHORITATIVE_NAME_PRECISION_CONTROL,LATEST_IN_MEMBERSHIP_SEC_NPORT_NAME,7,6,45,768867,5.852767773880268e-05,1
W2021,AMGN,0000318154,AMGN,HIGH,FULL_AUTHORITATIVE_NAME_PRECISION_CONTROL,LATEST_IN_MEMBERSHIP_SEC_NPORT_NAME,7,7,62,768867,8.063813377346147e-05,1
W2021,AMP,0000820027,AMP,MEDIUM,CONSERVATIVE_LEGAL_CORE,LATEST_IN_MEMBERSHIP_SEC_NPORT_NAME,7,4,10,768867,1.3006150608622818e-05,1
W2021,AMT,,AMT,MEDIUM,CONSERVATIVE_LEGAL_CORE,LATEST_IN_MEMBERSHIP_SEC_NPORT_NAME,7,5,39,768867,5.0723987373628986e-05,1
W2021,AMZN,0001018724,AMZN,MEDIUM,CONSERVATIVE_LEGAL_CORE,LATEST_IN_MEMBERSHIP_SEC_NPORT_NAME,7,1,3,768867,3.901845182586845e-06,1
W2021,ANET,0001596532,ANET,MEDIUM,CONSERVATIVE_LEGAL_CORE,LATEST_IN_MEMBERSHIP_SEC_NPORT_NAME,7,6,14,768867,1.8208610852071944e-05,1
W2021,ANSS,0001013462,ANSS,HIGH,FULL_AUTHORITATIVE_NAME_PRECISION_CONTROL,STAGE3I_MEMBERSHIP_NAME,7,6,27,768867,3.511660664328161e-05,1
W2021,AON,0000315293,AON,LOW,FULL_AUTHORITATIVE_NAME_PRECISION_CONTROL,LATEST_IN_MEMBERSHIP_SEC_NPORT_NAME,7,3,5,768867,6.503075304311409e-06,1
W2021,AOS,0000091142,AOS,LOW,CONSERVATIVE_LEGAL_CORE,STAGE3G_AUTHORITATIVE_SAMPLE_NAME,7,1,1,768867,1.3006150608622817e-06,1
W2021,APA,0001841666,APA,HIGH,FULL_AUTHORITATIVE_NAME_PRECISION_CONTROL,LATEST_IN_MEMBERSHIP_SEC_NPORT_NAME,7,0,0,768867,0.0,0
W2021,APD,0000002969,APD,LOW,CONSERVATIVE_LEGAL_CORE,LATEST_IN_MEMBERSHIP_SEC_NPORT_NAME,7,0,0,768867,0.0,0
W2021,APH,0000820313,APH,LOW,CONSERVATIVE_LEGAL_CORE,LATEST_IN_MEMBERSHIP_SEC_NPORT_NAME,7,3,15,768867,1.9509225912934226e-05,1
W2021,APTV,0001521332,APTV,HIGH,FULL_AUTHORITATIVE_NAME_PRECISION_CONTROL,LATEST_IN_MEMBERSHIP_SEC_NPORT_NAME,7,3,10,768867,1.3006150608622818e-05,1
W2021,ARE,0001035443,ARE,LOW,CONSERVATIVE_LEGAL_CORE,LATEST_IN_MEMBERSHIP_SEC_NPORT_NAME,7,4,16,768867,2.0809840973796508e-05,1
W2021,ATO,0000731802,ATO,MEDIUM,CONSERVATIVE_LEGAL_CORE,LATEST_IN_MEMBERSHIP_SEC_NPORT_NAME,7,4,27,768867,3.511660664328161e-05,1
W2021,ATVI,0000718877,ATVI,MEDIUM,CONSERVATIVE_LEGAL_CORE,STAGE3I_MEMBERSHIP_NAME,7,4,4,768867,5.202460243449127e-06,1
W2021,AVB,0000915912,AVB,MEDIUM,CONSERVATIVE_LEGAL_CORE,LATEST_IN_MEMBERSHIP_SEC_NPORT_NAME,7,1,1,768867,1.3006150608622817e-06,1
W2021,AVGO,0001730168,AVGO,HIGH,FULL_AUTHORITATIVE_NAME_PRECISION_CONTROL,LATEST_IN_MEMBERSHIP_SEC_NPORT_NAME,7,6,32,768867,4.1619681947593016e-05,1
W2021,AVY,0000008818,AVY,MEDIUM,CONSERVATIVE_LEGAL_CORE,LATEST_IN_MEMBERSHIP_SEC_NPORT_NAME,7,5,18,768867,2.3411071095521072e-05,1
W2021,AWK,,AWK,LOW,CONSERVATIVE_LEGAL_CORE,LATEST_IN_MEMBERSHIP_SEC_NPORT_NAME,7,0,0,768867,0.0,0
W2021,AXP,0000004962,AXP,MEDIUM,CONSERVATIVE_LEGAL_CORE,LATEST_IN_MEMBERSHIP_SEC_NPORT_NAME,7,7,1003,768867,0.0013045169060448686,1
W2021,AZO,0000866787,AZO,HIGH,FULL_AUTHORITATIVE_NAME_PRECISION_CONTROL,LATEST_IN_MEMBERSHIP_SEC_NPORT_NAME,7,1,1,768867,1.3006150608622817e-06,1
W2021,BA,0000012927,BA,LOW,CONSERVATIVE_LEGAL_CORE,LATEST_IN_MEMBERSHIP_SEC_NPORT_NAME,7,7,4260,768867,0.005540620159273321,1
W2021,BAC,,BAC,LOW,CONSERVATIVE_LEGAL_CORE,LATEST_IN_MEMBERSHIP_SEC_NPORT_NAME,7,4,8,768867,1.0404920486898254e-05,1
W2021,BALL,0000009389,BALL,HIGH,FULL_AUTHORITATIVE_NAME_PRECISION_CONTROL,LATEST_IN_MEMBERSHIP_SEC_NPORT_NAME,7,2,19,768867,2.4711686156383354e-05,1
W2021,BAX,0000010456,BAX,MEDIUM,CONSERVATIVE_LEGAL_CORE,LATEST_IN_MEMBERSHIP_SEC_NPORT_NAME,7,7,67,768867,8.714120907777287e-05,1
W2021,BBWI,0000701985,BBWI,LOW,CONSERVATIVE_LEGAL_CORE,STAGE3I_MEMBERSHIP_NAME,7,4,9,768867,1.1705535547760536e-05,1
W2021,BBY,0000764478,BBY,HIGH,FULL_AUTHORITATIVE_NAME_PRECISION_CONTROL,LATEST_IN_MEMBERSHIP_SEC_NPORT_NAME,7,0,0,768867,0.0,0
W2021,BDX,0000010795,BDX,LOW,CONSERVATIVE_LEGAL_CORE,LATEST_IN_MEMBERSHIP_SEC_NPORT_NAME,7,0,0,768867,0.0,0
W2021,BEN,0000038777,BEN,MEDIUM,CONSERVATIVE_LEGAL_CORE,LATEST_IN_MEMBERSHIP_SEC_NPORT_NAME,7,5,16,768867,2.0809840973796508e-05,1
W2021,BF.B,0000014693,BF.B,LOW,CONSERVATIVE_LEGAL_CORE,LATEST_IN_MEMBERSHIP_SEC_NPORT_NAME,7,3,7,768867,9.104305426035972e-06,1
W2021,BIIB,0000875045,BIIB,HIGH,FULL_AUTHORITATIVE_NAME_PRECISION_CONTROL,LATEST_IN_MEMBERSHIP_SEC_NPORT_NAME,7,6,29,768867,3.7717836765006173e-05,1
W2021,BIO,0000012208,BIO,LOW,CONSERVATIVE_LEGAL_CORE,STAGE3I_MEMBERSHIP_NAME,7,7,47,768867,6.112890786052725e-05,1
W2021,BKNG,0001075531,BKNG,HIGH,FULL_AUTHORITATIVE_NAME_PRECISION_CONTROL,LATEST_IN_MEMBERSHIP_SEC_NPORT_NAME,7,0,0,768867,0.0,0
W2021,BKR,0001701605,BKR,MEDIUM,CONSERVATIVE_LEGAL_CORE,LATEST_IN_MEMBERSHIP_SEC_NPORT_NAME,7,7,135,768867,0.00017558303321640805,1
W2021,BLK,0002012383,BLK,HIGH,FULL_AUTHORITATIVE_NAME_PRECISION_CONTROL,STAGE3G_AUTHORITATIVE_SAMPLE_NAME,7,7,210,768867,0.0002731291627810792,1
W2021,BMY,0000014272,BMY,LOW,CONSERVATIVE_LEGAL_CORE,LATEST_IN_MEMBERSHIP_SEC_NPORT_NAME,7,7,74,768867,9.624551450380884e-05,1
W2021,BNY,0001390777,BNY,LOW,CONSERVATIVE_LEGAL_CORE,LATEST_IN_MEMBERSHIP_SEC_NPORT_NAME,7,0,0,768867,0.0,0
W2021,BR,0001383312,BR,LOW,CONSERVATIVE_LEGAL_CORE,LATEST_IN_MEMBERSHIP_SEC_NPORT_NAME,7,6,90,768867,0.00011705535547760536,1
W2021,BRK.B,0001067983,BRK.B,LOW,CONSERVATIVE_LEGAL_CORE,LATEST_IN_MEMBERSHIP_SEC_NPORT_NAME,7,7,99,768867,0.00012876089102536588,1
W2021,BSX,0000885725,BSX,MEDIUM,CONSERVATIVE_LEGAL_CORE,LATEST_IN_MEMBERSHIP_SEC_NPORT_NAME,7,7,327,768867,0.00042530112490196616,1
W2021,BWA,0000908255,BWA,HIGH,FULL_AUTHORITATIVE_NAME_PRECISION_CONTROL,STAGE3I_MEMBERSHIP_NAME,7,6,21,768867,2.7312916278107918e-05,1
W2021,BXP,0001037540,BXP,HIGH,FULL_AUTHORITATIVE_NAME_PRECISION_CONTROL,LATEST_IN_MEMBERSHIP_SEC_NPORT_NAME,7,4,4,768867,5.202460243449127e-06,1
W2021,C,0000831001,C,HIGH,FULL_AUTHORITATIVE_NAME_PRECISION_CONTROL,LATEST_IN_MEMBERSHIP_SEC_NPORT_NAME,7,7,320,768867,0.00041619681947593017,1
W2021,CAG,0000023217,CAG,MEDIUM,CONSERVATIVE_LEGAL_CORE,LATEST_IN_MEMBERSHIP_SEC_NPORT_NAME,7,5,24,768867,3.121476146069476e-05,1
W2021,CAH,0000721371,CAH,MEDIUM,CONSERVATIVE_LEGAL_CORE,LATEST_IN_MEMBERSHIP_SEC_NPORT_NAME,7,7,105,768867,0.0001365645813905396,1
W2021,CARR,0001783180,CARR,MEDIUM,CONSERVATIVE_LEGAL_CORE,LATEST_IN_MEMBERSHIP_SEC_NPORT_NAME,7,2,6,768867,7.80369036517369e-06,1
W2021,CAT,0000018230,CAT,HIGH,FULL_AUTHORITATIVE_NAME_PRECISION_CONTROL,LATEST_IN_MEMBERSHIP_SEC_NPORT_NAME,7,6,36,768867,4.6822142191042144e-05,1
W2021,CB,0000896159,CB,HIGH,FULL_AUTHORITATIVE_NAME_PRECISION_CONTROL,LATEST_IN_MEMBERSHIP_SEC_NPORT_NAME,7,3,12,768867,1.560738073034738e-05,1
W2021,CBOE,0001374310,CBOE,LOW,CONSERVATIVE_LEGAL_CORE,LATEST_IN_MEMBERSHIP_SEC_NPORT_NAME,7,2,4,768867,5.202460243449127e-06,1
W2021,CBRE,0001138118,CBRE,LOW,CONSERVATIVE_LEGAL_CORE,LATEST_IN_MEMBERSHIP_SEC_NPORT_NAME,7,0,0,768867,0.0,0
W2021,CCI,0001051470,CCI,MEDIUM,CONSERVATIVE_LEGAL_CORE,LATEST_IN_MEMBERSHIP_SEC_NPORT_NAME,7,3,14,768867,1.8208610852071944e-05,1
W2021,CCL,0000815097,CCL,HIGH,FULL_AUTHORITATIVE_NAME_PRECISION_CONTROL,LATEST_IN_MEMBERSHIP_SEC_NPORT_NAME,7,7,68,768867,8.844182413863516e-05,1
W2021,CDNS,0000813672,CDNS,LOW,CONSERVATIVE_LEGAL_CORE,LATEST_IN_MEMBERSHIP_SEC_NPORT_NAME,7,5,14,768867,1.8208610852071944e-05,1
W2021,CDW,0001402057,CDW,LOW,CONSERVATIVE_LEGAL_CORE,LATEST_IN_MEMBERSHIP_SEC_NPORT_NAME,7,0,0,768867,0.0,0
W2021,CE,0001306830,CE,HIGH,FULL_AUTHORITATIVE_NAME_PRECISION_CONTROL,STAGE3I_MEMBERSHIP_NAME,7,7,49,768867,6.37301379822518e-05,1
W2021,CERN,0000804753,CERN,HIGH,FULL_AUTHORITATIVE_NAME_PRECISION_CONTROL,STAGE3I_MEMBERSHIP_NAME,7,7,161,768867,0.00020939902479882736,1
W2021,CF,0001324404,CF,MEDIUM,CONSERVATIVE_LEGAL_CORE,LATEST_IN_MEMBERSHIP_SEC_NPORT_NAME,7,3,12,768867,1.560738073034738e-05,1
W2021,CFG,0000759944,CFG,LOW,CONSERVATIVE_LEGAL_CORE,LATEST_IN_MEMBERSHIP_SEC_NPORT_NAME,7,4,7,768867,9.104305426035972e-06,1
W2021,CHD,0000313927,CHD,MEDIUM,CONSERVATIVE_LEGAL_CORE,LATEST_IN_MEMBERSHIP_SEC_NPORT_NAME,7,0,0,768867,0.0,0
W2021,CHRW,0001043277,CHRW,LOW,CONSERVATIVE_LEGAL_CORE,STAGE3G_AUTHORITATIVE_SAMPLE_NAME,7,2,6,768867,7.80369036517369e-06,1
W2021,CHTR,0001091667,CHTR,LOW,CONSERVATIVE_LEGAL_CORE,LATEST_IN_MEMBERSHIP_SEC_NPORT_NAME,7,7,27,768867,3.511660664328161e-05,1
W2021,CI,0001739940,CI,LOW,CONSERVATIVE_LEGAL_CORE,LATEST_IN_MEMBERSHIP_SEC_NPORT_NAME,7,7,66,768867,8.58405940169106e-05,1
W2021,CINF,0000020286,CINF,MEDIUM,CONSERVATIVE_LEGAL_CORE,LATEST_IN_MEMBERSHIP_SEC_NPORT_NAME,7,1,1,768867,1.3006150608622817e-06,1
W2021,CL,0000021665,CL,MEDIUM,CONSERVATIVE_LEGAL_CORE,LATEST_IN_MEMBERSHIP_SEC_NPORT_NAME,7,5,25,768867,3.2515376521557046e-05,1
W2021,CLX,0000021076,CLX,HIGH,FULL_AUTHORITATIVE_NAME_PRECISION_CONTROL,LATEST_IN_MEMBERSHIP_SEC_NPORT_NAME,7,0,0,768867,0.0,0
W2021,CMA,0000028412,CMA,HIGH,FULL_AUTHORITATIVE_NAME_PRECISION_CONTROL,STAGE3I_MEMBERSHIP_NAME,7,5,9,768867,1.1705535547760536e-05,1
W2021,CMCSA,0001166691,CMCSA,LOW,CONSERVATIVE_LEGAL_CORE,LATEST_IN_MEMBERSHIP_SEC_NPORT_NAME,7,7,755,768867,0.0009819643709510228,1
W2021,CME,0001156375,CME,MEDIUM,CONSERVATIVE_LEGAL_CORE,LATEST_IN_MEMBERSHIP_SEC_NPORT_NAME,7,1,2,768867,2.6012301217245635e-06,1
W2021,CMG,0001058090,CMG,LOW,CONSERVATIVE_LEGAL_CORE,LATEST_IN_MEMBERSHIP_SEC_NPORT_NAME,7,6,73,768867,9.494489944294657e-05,1
W2021,CMI,0000026172,CMI,HIGH,FULL_AUTHORITATIVE_NAME_PRECISION_CONTROL,LATEST_IN_MEMBERSHIP_SEC_NPORT_NAME,7,7,45,768867,5.852767773880268e-05,1
W2021,CMS,0000811156,CMS,MEDIUM,CONSERVATIVE_LEGAL_CORE,LATEST_IN_MEMBERSHIP_SEC_NPORT_NAME,7,0,0,768867,0.0,0
W2021,CNC,0001071739,CNC,HIGH,FULL_AUTHORITATIVE_NAME_PRECISION_CONTROL,LATEST_IN_MEMBERSHIP_SEC_NPORT_NAME,7,4,4,768867,5.202460243449127e-06,1
W2021,CNP,0001130310,CNP,MEDIUM,CONSERVATIVE_LEGAL_CORE,LATEST_IN_MEMBERSHIP_SEC_NPORT_NAME,7,5,14,768867,1.8208610852071944e-05,1
W2021,COF,0000927628,COF,LOW,CONSERVATIVE_LEGAL_CORE,LATEST_IN_MEMBERSHIP_SEC_NPORT_NAME,7,5,19,768867,2.4711686156383354e-05,1
W2021,COO,0000711404,COO,LOW,CONSERVATIVE_LEGAL_CORE,LATEST_IN_MEMBERSHIP_SEC_NPORT_NAME,7,0,0,768867,0.0,0
W2021,COP,0001163165,COP,HIGH,FULL_AUTHORITATIVE_NAME_PRECISION_CONTROL,LATEST_IN_MEMBERSHIP_SEC_NPORT_NAME,7,7,115,768867,0.0001495707319991624,1
W2021,COR,0001140859,COR,HIGH,FULL_AUTHORITATIVE_NAME_PRECISION_CONTROL,LATEST_IN_MEMBERSHIP_SEC_NPORT_NAME,7,5,21,768867,2.7312916278107918e-05,1
W2021,COST,0000909832,COST,MEDIUM,CONSERVATIVE_LEGAL_CORE,LATEST_IN_MEMBERSHIP_SEC_NPORT_NAME,7,3,3,768867,3.901845182586845e-06,1
W2021,CPAY,0001175454,CPAY,HIGH,FULL_AUTHORITATIVE_NAME_PRECISION_CONTROL,LATEST_IN_MEMBERSHIP_SEC_NPORT_NAME,7,1,3,768867,3.901845182586845e-06,1
W2021,CPB,0000016732,CPB,LOW,CONSERVATIVE_LEGAL_CORE,LATEST_IN_MEMBERSHIP_SEC_NPORT_NAME,7,6,24,768867,3.121476146069476e-05,1
W2021,CPRT,0000900075,CPRT,HIGH,FULL_AUTHORITATIVE_NAME_PRECISION_CONTROL,LATEST_IN_MEMBERSHIP_SEC_NPORT_NAME,7,0,0,768867,0.0,0
W2021,CRM,0001108524,CRM,HIGH,FULL_AUTHORITATIVE_NAME_PRECISION_CONTROL,LATEST_IN_MEMBERSHIP_SEC_NPORT_NAME,7,5,15,768867,1.9509225912934226e-05,1
W2021,CSCO,0000858877,CSCO,MEDIUM,CONSERVATIVE_LEGAL_CORE,LATEST_IN_MEMBERSHIP_SEC_NPORT_NAME,7,7,472,768867,0.000613890308726997,1
W2021,CSX,0000277948,CSX,HIGH,FULL_AUTHORITATIVE_NAME_PRECISION_CONTROL,LATEST_IN_MEMBERSHIP_SEC_NPORT_NAME,7,0,0,768867,0.0,0
W2021,CTAS,0000723254,CTAS,HIGH,FULL_AUTHORITATIVE_NAME_PRECISION_CONTROL,LATEST_IN_MEMBERSHIP_SEC_NPORT_NAME,7,0,0,768867,0.0,0
W2021,CTLT,0001596783,CTLT,HIGH,FULL_AUTHORITATIVE_NAME_PRECISION_CONTROL,STAGE3I_MEMBERSHIP_NAME,7,3,8,768867,1.0404920486898254e-05,1
W2021,CTRA,,CTRA,MEDIUM,CONSERVATIVE_LEGAL_CORE,LATEST_IN_MEMBERSHIP_SEC_NPORT_NAME,7,0,0,768867,0.0,0
W2021,CTSH,0001058290,CTSH,LOW,CONSERVATIVE_LEGAL_CORE,LATEST_IN_MEMBERSHIP_SEC_NPORT_NAME,7,7,41,768867,5.332521749535355e-05,1
W2021,CTVA,0001755672,CTVA,HIGH,FULL_AUTHORITATIVE_NAME_PRECISION_CONTROL,LATEST_IN_MEMBERSHIP_SEC_NPORT_NAME,7,2,5,768867,6.503075304311409e-06,1
W2021,CTXS,0000877890,CTXS,MEDIUM,CONSERVATIVE_LEGAL_CORE,STAGE3I_MEMBERSHIP_NAME,7,4,33,768867,4.29202970084553e-05,1
W2021,CVS,0000064803,CVS,MEDIUM,CONSERVATIVE_LEGAL_CORE,LATEST_IN_MEMBERSHIP_SEC_NPORT_NAME,7,3,4,768867,5.202460243449127e-06,1
W2021,CVX,0000093410,CVX,HIGH,FULL_AUTHORITATIVE_NAME_PRECISION_CONTROL,LATEST_IN_MEMBERSHIP_SEC_NPORT_NAME,7,7,50,768867,6.503075304311409e-05,1
W2021,CXO,,CXO,MEDIUM,CONSERVATIVE_LEGAL_CORE,STAGE3I_MEMBERSHIP_NAME,7,6,13,768867,1.6907995791209662e-05,1
W2021,D,0000715957,D,MEDIUM,CONSERVATIVE_LEGAL_CORE,LATEST_IN_MEMBERSHIP_SEC_NPORT_NAME,7,7,117,768867,0.00015217196212088697,1
W2021,DAL,0000027904,DAL,LOW,CONSERVATIVE_LEGAL_CORE,LATEST_IN_MEMBERSHIP_SEC_NPORT_NAME,7,7,857,768867,0.0011146271071589755,1
W2021,DD,0001666700,DD,LOW,CONSERVATIVE_LEGAL_CORE,LATEST_IN_MEMBERSHIP_SEC_NPORT_NAME,7,5,27,768867,3.511660664328161e-05,1
W2021,DE,0000315189,DE,HIGH,FULL_AUTHORITATIVE_NAME_PRECISION_CONTROL,LATEST_IN_MEMBERSHIP_SEC_NPORT_NAME,7,0,0,768867,0.0,0
W2021,DFS,0001393612,DFS,LOW,CONSERVATIVE_LEGAL_CORE,STAGE3I_MEMBERSHIP_NAME,7,0,0,768867,0.0,0
W2021,DG,0000029534,DG,MEDIUM,CONSERVATIVE_LEGAL_CORE,LATEST_IN_MEMBERSHIP_SEC_NPORT_NAME,7,4,8,768867,1.0404920486898254e-05,1
W2021,DGX,0001022079,DGX,MEDIUM,CONSERVATIVE_LEGAL_CORE,LATEST_IN_MEMBERSHIP_SEC_NPORT_NAME,7,7,41,768867,5.332521749535355e-05,1
W2021,DHI,0000882184,DHI,MEDIUM,CONSERVATIVE_LEGAL_CORE,LATEST_IN_MEMBERSHIP_SEC_NPORT_NAME,7,0,0,768867,0.0,0
W2021,DHR,,DHR,HIGH,FULL_AUTHORITATIVE_NAME_PRECISION_CONTROL,LATEST_IN_MEMBERSHIP_SEC_NPORT_NAME,7,2,2,768867,2.6012301217245635e-06,1
W2021,DIS,0001744489,DIS,LOW,CONSERVATIVE_LEGAL_CORE,LATEST_IN_MEMBERSHIP_SEC_NPORT_NAME,7,7,451,768867,0.000586577392448889,1
W2021,DISCA,0001437107,DISCA,LOW,CONSERVATIVE_LEGAL_CORE,STAGE3I_MEMBERSHIP_NAME,7,7,23,768867,2.991414639983248e-05,1
W2021,DISCK,0001437107,DISCK,LOW,CONSERVATIVE_LEGAL_CORE,STAGE3I_MEMBERSHIP_NAME,7,7,23,768867,2.991414639983248e-05,1
W2021,DISH,,DISH,MEDIUM,CONSERVATIVE_LEGAL_CORE,STAGE3I_MEMBERSHIP_NAME,7,0,0,768867,0.0,0
W2021,DLR,0001297996,DLR,LOW,CONSERVATIVE_LEGAL_CORE,LATEST_IN_MEMBERSHIP_SEC_NPORT_NAME,7,3,7,768867,9.104305426035972e-06,1
W2021,DLTR,0000935703,DLTR,MEDIUM,CONSERVATIVE_LEGAL_CORE,LATEST_IN_MEMBERSHIP_SEC_NPORT_NAME,7,7,23,768867,2.991414639983248e-05,1
W2021,DOC,0000765880,DOC,MEDIUM,CONSERVATIVE_LEGAL_CORE,LATEST_IN_MEMBERSHIP_SEC_NPORT_NAME,7,3,4,768867,5.202460243449127e-06,1
W2021,DOV,0000029905,DOV,HIGH,FULL_AUTHORITATIVE_NAME_PRECISION_CONTROL,LATEST_IN_MEMBERSHIP_SEC_NPORT_NAME,7,0,0,768867,0.0,0
W2021,DOW,0001751788,DOW,HIGH,FULL_AUTHORITATIVE_NAME_PRECISION_CONTROL,LATEST_IN_MEMBERSHIP_SEC_NPORT_NAME,7,7,74,768867,9.624551450380884e-05,1
W2021,DPZ,0001286681,DPZ,LOW,CONSERVATIVE_LEGAL_CORE,LATEST_IN_MEMBERSHIP_SEC_NPORT_NAME,7,0,0,768867,0.0,0
W2021,DRE,0000783280,DRE,MEDIUM,CONSERVATIVE_LEGAL_CORE,STAGE3I_MEMBERSHIP_NAME,7,0,0,768867,0.0,0
W2021,DRI,0000940944,DRI,MEDIUM,CONSERVATIVE_LEGAL_CORE,LATEST_IN_MEMBERSHIP_SEC_NPORT_NAME,7,3,7,768867,9.104305426035972e-06,1
W2021,DTE,0000936340,DTE,MEDIUM,CONSERVATIVE_LEGAL_CORE,LATEST_IN_MEMBERSHIP_SEC_NPORT_NAME,7,0,0,768867,0.0,0
W2021,DUK,0001326160,DUK,MEDIUM,CONSERVATIVE_LEGAL_CORE,LATEST_IN_MEMBERSHIP_SEC_NPORT_NAME,7,7,100,768867,0.00013006150608622818,1
W2021,DVA,0000927066,DVA,HIGH,FULL_AUTHORITATIVE_NAME_PRECISION_CONTROL,LATEST_IN_MEMBERSHIP_SEC_NPORT_NAME,7,0,0,768867,0.0,0
W2021,DVN,0001090012,DVN,MEDIUM,CONSERVATIVE_LEGAL_CORE,LATEST_IN_MEMBERSHIP_SEC_NPORT_NAME,7,7,79,768867,0.00010274858980812026,1
W2021,DXC,0001688568,DXC,MEDIUM,CONSERVATIVE_LEGAL_CORE,STAGE3I_MEMBERSHIP_NAME,7,0,0,768867,0.0,0
W2021,DXCM,0001093557,DXCM,HIGH,FULL_AUTHORITATIVE_NAME_PRECISION_CONTROL,LATEST_IN_MEMBERSHIP_SEC_NPORT_NAME,7,5,14,768867,1.8208610852071944e-05,1
W2021,EA,,EA,MEDIUM,CONSERVATIVE_LEGAL_CORE,LATEST_IN_MEMBERSHIP_SEC_NPORT_NAME,7,7,92,768867,0.00011965658559932993,1
W2021,EBAY,0001065088,EBAY,HIGH,FULL_AUTHORITATIVE_NAME_PRECISION_CONTROL,LATEST_IN_MEMBERSHIP_SEC_NPORT_NAME,7,0,0,768867,0.0,0
W2021,ECL,0000031462,ECL,HIGH,FULL_AUTHORITATIVE_NAME_PRECISION_CONTROL,LATEST_IN_MEMBERSHIP_SEC_NPORT_NAME,7,6,26,768867,3.3815991582419324e-05,1
W2021,ED,0001047862,ED,MEDIUM,CONSERVATIVE_LEGAL_CORE,LATEST_IN_MEMBERSHIP_SEC_NPORT_NAME,7,2,3,768867,3.901845182586845e-06,1
W2021,EFX,0000033185,EFX,HIGH,FULL_AUTHORITATIVE_NAME_PRECISION_CONTROL,LATEST_IN_MEMBERSHIP_SEC_NPORT_NAME,7,4,9,768867,1.1705535547760536e-05,1
W2021,EG,0001095073,EG,MEDIUM,CONSERVATIVE_LEGAL_CORE,LATEST_IN_MEMBERSHIP_SEC_NPORT_NAME,7,1,1,768867,1.3006150608622817e-06,1
W2021,EIX,0000827052,EIX,MEDIUM,CONSERVATIVE_LEGAL_CORE,LATEST_IN_MEMBERSHIP_SEC_NPORT_NAME,7,3,8,768867,1.0404920486898254e-05,1
W2021,EL,0001001250,EL,LOW,CONSERVATIVE_LEGAL_CORE,STAGE3G_AUTHORITATIVE_SAMPLE_NAME,7,0,0,768867,0.0,0
W2021,ELV,0001156039,ELV,MEDIUM,CONSERVATIVE_LEGAL_CORE,LATEST_IN_MEMBERSHIP_SEC_NPORT_NAME,7,3,5,768867,6.503075304311409e-06,1
W2021,EMN,0000915389,EMN,MEDIUM,CONSERVATIVE_LEGAL_CORE,STAGE3I_MEMBERSHIP_NAME,7,7,96,768867,0.00012485904584277904,1
W2021,EMR,0000032604,EMR,MEDIUM,CONSERVATIVE_LEGAL_CORE,LATEST_IN_MEMBERSHIP_SEC_NPORT_NAME,7,7,116,768867,0.0001508713470600247,1
W2021,ENPH,0001463101,ENPH,MEDIUM,CONSERVATIVE_LEGAL_CORE,STAGE3I_MEMBERSHIP_NAME,7,5,20,768867,2.6012301217245636e-05,1
W2021,EOG,0000821189,EOG,MEDIUM,CONSERVATIVE_LEGAL_CORE,LATEST_IN_MEMBERSHIP_SEC_NPORT_NAME,7,1,1,768867,1.3006150608622817e-06,1
W2021,EQIX,0001101239,EQIX,HIGH,FULL_AUTHORITATIVE_NAME_PRECISION_CONTROL,LATEST_IN_MEMBERSHIP_SEC_NPORT_NAME,7,5,16,768867,2.0809840973796508e-05,1
W2021,EQR,,EQR,MEDIUM,CONSERVATIVE_LEGAL_CORE,LATEST_IN_MEMBERSHIP_SEC_NPORT_NAME,7,0,0,768867,0.0,0
W2021,ES,0000072741,ES,MEDIUM,CONSERVATIVE_LEGAL_CORE,LATEST_IN_MEMBERSHIP_SEC_NPORT_NAME,7,4,9,768867,1.1705535547760536e-05,1
W2021,ESS,0000920522,ESS,LOW,CONSERVATIVE_LEGAL_CORE,LATEST_IN_MEMBERSHIP_SEC_NPORT_NAME,7,1,1,768867,1.3006150608622817e-06,1
W2021,ETN,0001551182,ETN,HIGH,FULL_AUTHORITATIVE_NAME_PRECISION_CONTROL,LATEST_IN_MEMBERSHIP_SEC_NPORT_NAME,7,0,0,768867,0.0,0
W2021,ETR,0000065984,ETR,HIGH,FULL_AUTHORITATIVE_NAME_PRECISION_CONTROL,LATEST_IN_MEMBERSHIP_SEC_NPORT_NAME,7,1,1,768867,1.3006150608622817e-06,1
W2021,ETSY,0001370637,ETSY,HIGH,QUALIFIED_FULL_AUTHORITATIVE_NAME_BARE_TICKER_CONTROL,STAGE3I_MEMBERSHIP_NAME,7,3,8,768867,1.0404920486898254e-05,1
W2021,EVRG,0001711269,EVRG,HIGH,FULL_AUTHORITATIVE_NAME_PRECISION_CONTROL,LATEST_IN_MEMBERSHIP_SEC_NPORT_NAME,7,2,5,768867,6.503075304311409e-06,1
W2021,EW,0001099800,EW,MEDIUM,CONSERVATIVE_LEGAL_CORE,LATEST_IN_MEMBERSHIP_SEC_NPORT_NAME,7,7,18,768867,2.3411071095521072e-05,1
W2021,EXC,0001109357,EXC,HIGH,FULL_AUTHORITATIVE_NAME_PRECISION_CONTROL,LATEST_IN_MEMBERSHIP_SEC_NPORT_NAME,7,4,9,768867,1.1705535547760536e-05,1
W2021,EXPD,0000746515,EXPD,LOW,CONSERVATIVE_LEGAL_CORE,LATEST_IN_MEMBERSHIP_SEC_NPORT_NAME,7,2,5,768867,6.503075304311409e-06,1
W2021,EXPE,0001324424,EXPE,MEDIUM,CONSERVATIVE_LEGAL_CORE,LATEST_IN_MEMBERSHIP_SEC_NPORT_NAME,7,7,10,768867,1.3006150608622818e-05,1
W2021,EXR,0001289490,EXR,LOW,CONSERVATIVE_LEGAL_CORE,LATEST_IN_MEMBERSHIP_SEC_NPORT_NAME,7,0,0,768867,0.0,0
W2021,F,0000037996,F,MEDIUM,CONSERVATIVE_LEGAL_CORE,LATEST_IN_MEMBERSHIP_SEC_NPORT_NAME,7,7,657,768867,0.0008545040949865192,1
W2021,FANG,0001539838,FANG,MEDIUM,CONSERVATIVE_LEGAL_CORE,LATEST_IN_MEMBERSHIP_SEC_NPORT_NAME,7,4,10,768867,1.3006150608622818e-05,1
W2021,FAST,0000815556,FAST,HIGH,FULL_AUTHORITATIVE_NAME_PRECISION_CONTROL,LATEST_IN_MEMBERSHIP_SEC_NPORT_NAME,7,1,1,768867,1.3006150608622817e-06,1
W2021,FBHS,0001519751,FBHS,LOW,CONSERVATIVE_LEGAL_CORE,STAGE3I_MEMBERSHIP_NAME,7,0,0,768867,0.0,0
W2021,FCX,0000831259,FCX,MEDIUM,CONSERVATIVE_LEGAL_CORE,LATEST_IN_MEMBERSHIP_SEC_NPORT_NAME,7,6,37,768867,4.812275725190442e-05,1
W2021,FDX,0001048911,FDX,HIGH,FULL_AUTHORITATIVE_NAME_PRECISION_CONTROL,LATEST_IN_MEMBERSHIP_SEC_NPORT_NAME,7,5,47,768867,6.112890786052725e-05,1
W2021,FE,0001031296,FE,HIGH,FULL_AUTHORITATIVE_NAME_PRECISION_CONTROL,LATEST_IN_MEMBERSHIP_SEC_NPORT_NAME,7,6,65,768867,8.453997895604832e-05,1
W2021,FFIV,0001048695,FFIV,HIGH,FULL_AUTHORITATIVE_NAME_PRECISION_CONTROL,LATEST_IN_MEMBERSHIP_SEC_NPORT_NAME,7,0,0,768867,0.0,0
W2021,FIS,0001136893,FIS,LOW,CONSERVATIVE_LEGAL_CORE,LATEST_IN_MEMBERSHIP_SEC_NPORT_NAME,7,3,7,768867,9.104305426035972e-06,1
W2021,FISV,0000798354,FISV,HIGH,FULL_AUTHORITATIVE_NAME_PRECISION_CONTROL,LATEST_IN_MEMBERSHIP_SEC_NPORT_NAME,7,5,22,768867,2.86135313389702e-05,1
W2021,FITB,0000035527,FITB,LOW,CONSERVATIVE_LEGAL_CORE,LATEST_IN_MEMBERSHIP_SEC_NPORT_NAME,7,3,6,768867,7.80369036517369e-06,1
W2021,FLIR,0000354908,FLIR,MEDIUM,CONSERVATIVE_LEGAL_CORE,STAGE3I_MEMBERSHIP_NAME,7,4,16,768867,2.0809840973796508e-05,1
W2021,FLS,0000030625,FLS,HIGH,FULL_AUTHORITATIVE_NAME_PRECISION_CONTROL,STAGE3I_MEMBERSHIP_NAME,7,6,27,768867,3.511660664328161e-05,1
W2021,FMC,0000037785,FMC,HIGH,QUALIFIED_FULL_AUTHORITATIVE_NAME_BARE_TICKER_CONTROL,STAGE3I_MEMBERSHIP_NAME,7,0,0,768867,0.0,0
W2021,FOX,0001754301,FOX,LOW,FULL_AUTHORITATIVE_NAME_PRECISION_CONTROL,LATEST_IN_MEMBERSHIP_SEC_NPORT_NAME,7,7,28,768867,3.641722170414389e-05,1
W2021,FOXA,0001754301,FOXA,LOW,FULL_AUTHORITATIVE_NAME_PRECISION_CONTROL,LATEST_IN_MEMBERSHIP_SEC_NPORT_NAME,7,7,28,768867,3.641722170414389e-05,1
W2021,FRC,0001132979,FRC,LOW,CONSERVATIVE_LEGAL_CORE,STAGE3I_MEMBERSHIP_NAME,7,5,26,768867,3.3815991582419324e-05,1
W2021,FRT,0000034903,FRT,LOW,CONSERVATIVE_LEGAL_CORE,LATEST_IN_MEMBERSHIP_SEC_NPORT_NAME,7,0,0,768867,0.0,0
W2021,FTI,0001681459,FTI,HIGH,FULL_AUTHORITATIVE_NAME_PRECISION_CONTROL,STAGE3I_MEMBERSHIP_NAME,7,0,0,768867,0.0,0
W2021,FTNT,0001262039,FTNT,HIGH,FULL_AUTHORITATIVE_NAME_PRECISION_CONTROL,LATEST_IN_MEMBERSHIP_SEC_NPORT_NAME,7,6,32,768867,4.1619681947593016e-05,1
W2021,FTV,0001659166,FTV,HIGH,FULL_AUTHORITATIVE_NAME_PRECISION_CONTROL,LATEST_IN_MEMBERSHIP_SEC_NPORT_NAME,7,0,0,768867,0.0,0
W2021,GD,0000040533,GD,MEDIUM,CONSERVATIVE_LEGAL_CORE,LATEST_IN_MEMBERSHIP_SEC_NPORT_NAME,7,1,1,768867,1.3006150608622817e-06,1
W2021,GE,0000040545,GE,MEDIUM,CONSERVATIVE_LEGAL_CORE,LATEST_IN_MEMBERSHIP_SEC_NPORT_NAME,7,5,16,768867,2.0809840973796508e-05,1
W2021,GEN,0000849399,GEN,MEDIUM,CONSERVATIVE_LEGAL_CORE,LATEST_IN_MEMBERSHIP_SEC_NPORT_NAME,7,1,1,768867,1.3006150608622817e-06,1
W2021,GILD,0000882095,GILD,MEDIUM,CONSERVATIVE_LEGAL_CORE,LATEST_IN_MEMBERSHIP_SEC_NPORT_NAME,7,7,124,768867,0.00016127626754692295,1
W2021,GIS,0000040704,GIS,MEDIUM,CONSERVATIVE_LEGAL_CORE,LATEST_IN_MEMBERSHIP_SEC_NPORT_NAME,7,2,4,768867,5.202460243449127e-06,1
W2021,GL,0000320335,GL,MEDIUM,CONSERVATIVE_LEGAL_CORE,LATEST_IN_MEMBERSHIP_SEC_NPORT_NAME,7,0,0,768867,0.0,0
W2021,GLW,0000024741,GLW,HIGH,FULL_AUTHORITATIVE_NAME_PRECISION_CONTROL,LATEST_IN_MEMBERSHIP_SEC_NPORT_NAME,7,6,18,768867,2.3411071095521072e-05,1
W2021,GM,0001467858,GM,MEDIUM,CONSERVATIVE_LEGAL_CORE,LATEST_IN_MEMBERSHIP_SEC_NPORT_NAME,7,7,51,768867,6.633136810397638e-05,1
W2021,GOOG,0001652044,GOOG,LOW,CONSERVATIVE_LEGAL_CORE,LATEST_IN_MEMBERSHIP_SEC_NPORT_NAME,7,7,262,768867,0.0003407611459459178,1
W2021,GOOGL,0001652044,GOOGL,LOW,CONSERVATIVE_LEGAL_CORE,LATEST_IN_MEMBERSHIP_SEC_NPORT_NAME,7,7,262,768867,0.0003407611459459178,1
W2021,GPC,0000040987,GPC,MEDIUM,CONSERVATIVE_LEGAL_CORE,LATEST_IN_MEMBERSHIP_SEC_NPORT_NAME,7,5,6,768867,7.80369036517369e-06,1
W2021,GPN,0001123360,GPN,MEDIUM,CONSERVATIVE_LEGAL_CORE,LATEST_IN_MEMBERSHIP_SEC_NPORT_NAME,7,5,14,768867,1.8208610852071944e-05,1
W2021,GPS,0000039911,GPS,HIGH,FULL_AUTHORITATIVE_NAME_PRECISION_CONTROL,STAGE3I_MEMBERSHIP_NAME,7,6,75,768867,9.754612956467113e-05,1
W2021,GRMN,0001121788,GRMN,HIGH,FULL_AUTHORITATIVE_NAME_PRECISION_CONTROL,LATEST_IN_MEMBERSHIP_SEC_NPORT_NAME,7,6,27,768867,3.511660664328161e-05,1
W2021,GS,0000886982,GS,LOW,CONSERVATIVE_LEGAL_CORE,LATEST_IN_MEMBERSHIP_SEC_NPORT_NAME,7,7,371,768867,0.00048252818757990655,1
W2021,GWW,,GWW,MEDIUM,CONSERVATIVE_LEGAL_CORE,LATEST_IN_MEMBERSHIP_SEC_NPORT_NAME,7,0,0,768867,0.0,0
W2021,HAL,0000045012,HAL,HIGH,FULL_AUTHORITATIVE_NAME_PRECISION_CONTROL,LATEST_IN_MEMBERSHIP_SEC_NPORT_NAME,7,4,11,768867,1.43067656694851e-05,1
W2021,HAS,0000046080,HAS,HIGH,FULL_AUTHORITATIVE_NAME_PRECISION_CONTROL,LATEST_IN_MEMBERSHIP_SEC_NPORT_NAME,7,4,11,768867,1.43067656694851e-05,1
W2021,HBAN,0000049196,HBAN,MEDIUM,CONSERVATIVE_LEGAL_CORE,STAGE3G_AUTHORITATIVE_SAMPLE_NAME,7,4,9,768867,1.1705535547760536e-05,1
W2021,HBI,0001359841,HBI,HIGH,FULL_AUTHORITATIVE_NAME_PRECISION_CONTROL,STAGE3I_MEMBERSHIP_NAME,7,4,10,768867,1.3006150608622818e-05,1
W2021,HCA,0000860730,HCA,MEDIUM,CONSERVATIVE_LEGAL_CORE,LATEST_IN_MEMBERSHIP_SEC_NPORT_NAME,7,0,0,768867,0.0,0
W2021,HD,0000354950,HD,MEDIUM,CONSERVATIVE_LEGAL_CORE,LATEST_IN_MEMBERSHIP_SEC_NPORT_NAME,7,3,4,768867,5.202460243449127e-06,1
W2021,HES,0000004447,HES,HIGH,FULL_AUTHORITATIVE_NAME_PRECISION_CONTROL,STAGE3I_MEMBERSHIP_NAME,7,4,15,768867,1.9509225912934226e-05,1
W2021,HFC,0000048039,HFC,HIGH,FULL_AUTHORITATIVE_NAME_PRECISION_CONTROL,STAGE3I_MEMBERSHIP_NAME,7,6,9,768867,1.1705535547760536e-05,1
W2021,HIG,0000874766,HIG,LOW,CONSERVATIVE_LEGAL_CORE,LATEST_IN_MEMBERSHIP_SEC_NPORT_NAME,7,3,3,768867,3.901845182586845e-06,1
W2021,HII,0001501585,HII,LOW,CONSERVATIVE_LEGAL_CORE,LATEST_IN_MEMBERSHIP_SEC_NPORT_NAME,7,5,19,768867,2.4711686156383354e-05,1
W2021,HLT,0001585689,HLT,LOW,CONSERVATIVE_LEGAL_CORE,LATEST_IN_MEMBERSHIP_SEC_NPORT_NAME,7,5,59,768867,7.673628859087462e-05,1
W2021,HOLX,,HOLX,HIGH,FULL_AUTHORITATIVE_NAME_PRECISION_CONTROL,LATEST_IN_MEMBERSHIP_SEC_NPORT_NAME,7,7,33,768867,4.29202970084553e-05,1
W2021,HON,0000773840,HON,MEDIUM,CONSERVATIVE_LEGAL_CORE,LATEST_IN_MEMBERSHIP_SEC_NPORT_NAME,7,6,362,768867,0.000470822652032146,1
W2021,HPE,0001645590,HPE,LOW,CONSERVATIVE_LEGAL_CORE,LATEST_IN_MEMBERSHIP_SEC_NPORT_NAME,7,5,44,768867,5.72270626779404e-05,1
W2021,HPQ,0000047217,HPQ,HIGH,FULL_AUTHORITATIVE_NAME_PRECISION_CONTROL,LATEST_IN_MEMBERSHIP_SEC_NPORT_NAME,7,6,51,768867,6.633136810397638e-05,1
W2021,HRL,0000048465,HRL,MEDIUM,CONSERVATIVE_LEGAL_CORE,LATEST_IN_MEMBERSHIP_SEC_NPORT_NAME,7,5,23,768867,2.991414639983248e-05,1
W2021,HSIC,0001000228,HSIC,MEDIUM,CONSERVATIVE_LEGAL_CORE,LATEST_IN_MEMBERSHIP_SEC_NPORT_NAME,7,3,23,768867,2.991414639983248e-05,1
W2021,HST,0001070750,HST,LOW,CONSERVATIVE_LEGAL_CORE,LATEST_IN_MEMBERSHIP_SEC_NPORT_NAME,7,0,0,768867,0.0,0
W2021,HSY,0000047111,HSY,LOW,CONSERVATIVE_LEGAL_CORE,LATEST_IN_MEMBERSHIP_SEC_NPORT_NAME,7,6,34,768867,4.422091206931758e-05,1
W2021,HUM,0000049071,HUM,HIGH,FULL_AUTHORITATIVE_NAME_PRECISION_CONTROL,LATEST_IN_MEMBERSHIP_SEC_NPORT_NAME,7,3,11,768867,1.43067656694851e-05,1
W2021,HWM,0000004281,HWM,MEDIUM,CONSERVATIVE_LEGAL_CORE,LATEST_IN_MEMBERSHIP_SEC_NPORT_NAME,7,1,1,768867,1.3006150608622817e-06,1
W2021,IBM,0000051143,IBM,LOW,CONSERVATIVE_LEGAL_CORE,LATEST_IN_MEMBERSHIP_SEC_NPORT_NAME,7,7,117,768867,0.00015217196212088697,1
W2021,ICE,0001571949,ICE,LOW,CONSERVATIVE_LEGAL_CORE,LATEST_IN_MEMBERSHIP_SEC_NPORT_NAME,7,7,80,768867,0.00010404920486898254,1
W2021,IDXX,0000874716,IDXX,MEDIUM,CONSERVATIVE_LEGAL_CORE,LATEST_IN_MEMBERSHIP_SEC_NPORT_NAME,7,1,2,768867,2.6012301217245635e-06,1
W2021,IEX,0000832101,IEX,HIGH,FULL_AUTHORITATIVE_NAME_PRECISION_CONTROL,LATEST_IN_MEMBERSHIP_SEC_NPORT_NAME,7,1,1,768867,1.3006150608622817e-06,1
W2021,IFF,0000051253,IFF,LOW,CONSERVATIVE_LEGAL_CORE,LATEST_IN_MEMBERSHIP_SEC_NPORT_NAME,7,2,3,768867,3.901845182586845e-06,1
W2021,ILMN,0001110803,ILMN,HIGH,FULL_AUTHORITATIVE_NAME_PRECISION_CONTROL,STAGE3I_MEMBERSHIP_NAME,7,7,34,768867,4.422091206931758e-05,1
W2021,INCY,0000879169,INCY,HIGH,FULL_AUTHORITATIVE_NAME_PRECISION_CONTROL,LATEST_IN_MEMBERSHIP_SEC_NPORT_NAME,7,0,0,768867,0.0,0
W2021,INFO,0001598014,INFO,MEDIUM,CONSERVATIVE_LEGAL_CORE,STAGE3I_MEMBERSHIP_NAME,7,0,0,768867,0.0,0
W2021,INTC,0000050863,INTC,HIGH,FULL_AUTHORITATIVE_NAME_PRECISION_CONTROL,LATEST_IN_MEMBERSHIP_SEC_NPORT_NAME,7,7,282,768867,0.00036677344716316346,1
W2021,INTU,0000896878,INTU,HIGH,FULL_AUTHORITATIVE_NAME_PRECISION_CONTROL,LATEST_IN_MEMBERSHIP_SEC_NPORT_NAME,7,5,16,768867,2.0809840973796508e-05,1
W2021,IP,,IP,MEDIUM,CONSERVATIVE_LEGAL_CORE,LATEST_IN_MEMBERSHIP_SEC_NPORT_NAME,7,6,43,768867,5.5926447617078114e-05,1
W2021,IPG,,IPG,MEDIUM,CONSERVATIVE_LEGAL_CORE,STAGE3I_MEMBERSHIP_NAME,7,3,10,768867,1.3006150608622818e-05,1
W2021,IPGP,0001111928,IPGP,MEDIUM,CONSERVATIVE_LEGAL_CORE,STAGE3I_MEMBERSHIP_NAME,7,0,0,768867,0.0,0
W2021,IQV,0001478242,IQV,HIGH,FULL_AUTHORITATIVE_NAME_PRECISION_CONTROL,LATEST_IN_MEMBERSHIP_SEC_NPORT_NAME,7,0,0,768867,0.0,0
W2021,IR,0001699150,IR,MEDIUM,CONSERVATIVE_LEGAL_CORE,LATEST_IN_MEMBERSHIP_SEC_NPORT_NAME,7,6,21,768867,2.7312916278107918e-05,1
W2021,IRM,0001020569,IRM,MEDIUM,CONSERVATIVE_LEGAL_CORE,LATEST_IN_MEMBERSHIP_SEC_NPORT_NAME,7,4,9,768867,1.1705535547760536e-05,1
W2021,ISRG,0001035267,ISRG,MEDIUM,CONSERVATIVE_LEGAL_CORE,LATEST_IN_MEMBERSHIP_SEC_NPORT_NAME,7,6,11,768867,1.43067656694851e-05,1
W2021,IT,0000749251,IT,HIGH,FULL_AUTHORITATIVE_NAME_PRECISION_CONTROL,LATEST_IN_MEMBERSHIP_SEC_NPORT_NAME,7,4,8,768867,1.0404920486898254e-05,1
W2021,ITW,0000049826,ITW,LOW,CONSERVATIVE_LEGAL_CORE,LATEST_IN_MEMBERSHIP_SEC_NPORT_NAME,7,4,16,768867,2.0809840973796508e-05,1
W2021,IVZ,0000914208,IVZ,HIGH,FULL_AUTHORITATIVE_NAME_PRECISION_CONTROL,STAGE3G_AUTHORITATIVE_SAMPLE_NAME,7,4,15,768867,1.9509225912934226e-05,1
W2021,J,0000052988,J,MEDIUM,CONSERVATIVE_LEGAL_CORE,STAGE3G_AUTHORITATIVE_SAMPLE_NAME,7,0,0,768867,0.0,0
W2021,JBHT,0000728535,JBHT,LOW,CONSERVATIVE_LEGAL_CORE,STAGE3G_AUTHORITATIVE_SAMPLE_NAME,7,1,3,768867,3.901845182586845e-06,1
W2021,JCI,0000833444,JCI,LOW,CONSERVATIVE_LEGAL_CORE,LATEST_IN_MEMBERSHIP_SEC_NPORT_NAME,7,6,31,768867,4.031906688673074e-05,1
W2021,JKHY,0000779152,JKHY,LOW,CONSERVATIVE_LEGAL_CORE,STAGE3G_AUTHORITATIVE_SAMPLE_NAME,7,0,0,768867,0.0,0
W2021,JNJ,0000200406,JNJ,MEDIUM,CONSERVATIVE_LEGAL_CORE,LATEST_IN_MEMBERSHIP_SEC_NPORT_NAME,7,1,1,768867,1.3006150608622817e-06,1
W2021,JNPR,0001043604,JNPR,MEDIUM,CONSERVATIVE_LEGAL_CORE,STAGE3I_MEMBERSHIP_NAME,7,7,85,768867,0.00011055228017329396,1
W2021,JPM,0000019617,JPM,MEDIUM,CONSERVATIVE_LEGAL_CORE,LATEST_IN_MEMBERSHIP_SEC_NPORT_NAME,7,0,0,768867,0.0,0
W2021,K,0000055067,K,HIGH,FULL_AUTHORITATIVE_NAME_PRECISION_CONTROL,STAGE3I_MEMBERSHIP_NAME,7,6,22,768867,2.86135313389702e-05,1
W2021,KEY,,KEY,HIGH,FULL_AUTHORITATIVE_NAME_PRECISION_CONTROL,LATEST_IN_MEMBERSHIP_SEC_NPORT_NAME,7,5,10,768867,1.3006150608622818e-05,1
W2021,KEYS,0001601046,KEYS,LOW,CONSERVATIVE_LEGAL_CORE,LATEST_IN_MEMBERSHIP_SEC_NPORT_NAME,7,3,5,768867,6.503075304311409e-06,1
W2021,KHC,0001637459,KHC,LOW,CONSERVATIVE_LEGAL_CORE,LATEST_IN_MEMBERSHIP_SEC_NPORT_NAME,7,6,60,768867,7.80369036517369e-05,1
W2021,KIM,0000879101,KIM,MEDIUM,CONSERVATIVE_LEGAL_CORE,LATEST_IN_MEMBERSHIP_SEC_NPORT_NAME,7,2,2,768867,2.6012301217245635e-06,1
W2021,KLAC,0000319201,KLAC,HIGH,FULL_AUTHORITATIVE_NAME_PRECISION_CONTROL,LATEST_IN_MEMBERSHIP_SEC_NPORT_NAME,7,0,0,768867,0.0,0
W2021,KMB,0000055785,KMB,MEDIUM,CONSERVATIVE_LEGAL_CORE,LATEST_IN_MEMBERSHIP_SEC_NPORT_NAME,7,4,16,768867,2.0809840973796508e-05,1
W2021,KMI,0001506307,KMI,MEDIUM,CONSERVATIVE_LEGAL_CORE,LATEST_IN_MEMBERSHIP_SEC_NPORT_NAME,7,5,18,768867,2.3411071095521072e-05,1
W2021,KMX,0001170010,KMX,HIGH,FULL_AUTHORITATIVE_NAME_PRECISION_CONTROL,STAGE3I_MEMBERSHIP_NAME,7,2,2,768867,2.6012301217245635e-06,1
W2021,KO,0000021344,KO,LOW,CONSERVATIVE_LEGAL_CORE,LATEST_IN_MEMBERSHIP_SEC_NPORT_NAME,7,7,98,768867,0.0001274602759645036,1
W2021,KR,0000056873,KR,HIGH,FULL_AUTHORITATIVE_NAME_PRECISION_CONTROL,LATEST_IN_MEMBERSHIP_SEC_NPORT_NAME,7,6,49,768867,6.37301379822518e-05,1
W2021,KSU,0000054480,KSU,LOW,CONSERVATIVE_LEGAL_CORE,STAGE3I_MEMBERSHIP_NAME,7,7,8,768867,1.0404920486898254e-05,1
W2021,L,0000060086,L,HIGH,FULL_AUTHORITATIVE_NAME_PRECISION_CONTROL,LATEST_IN_MEMBERSHIP_SEC_NPORT_NAME,7,0,0,768867,0.0,0
W2021,LDOS,0001336920,LDOS,HIGH,FULL_AUTHORITATIVE_NAME_PRECISION_CONTROL,LATEST_IN_MEMBERSHIP_SEC_NPORT_NAME,7,2,3,768867,3.901845182586845e-06,1
W2021,LEG,0000058492,LEG,LOW,CONSERVATIVE_LEGAL_CORE,STAGE3I_MEMBERSHIP_NAME,7,0,0,768867,0.0,0
W2021,LEN,0000920760,LEN,LOW,CONSERVATIVE_LEGAL_CORE,LATEST_IN_MEMBERSHIP_SEC_NPORT_NAME,7,5,12,768867,1.560738073034738e-05,1
W2021,LH,0000920148,LH,HIGH,FULL_AUTHORITATIVE_NAME_PRECISION_CONTROL,STAGE3G_AUTHORITATIVE_SAMPLE_NAME,7,5,14,768867,1.8208610852071944e-05,1
W2021,LHX,0000202058,LHX,MEDIUM,CONSERVATIVE_LEGAL_CORE,LATEST_IN_MEMBERSHIP_SEC_NPORT_NAME,7,0,0,768867,0.0,0
W2021,LIN,0001707925,LIN,HIGH,FULL_AUTHORITATIVE_NAME_PRECISION_CONTROL,LATEST_IN_MEMBERSHIP_SEC_NPORT_NAME,7,3,6,768867,7.80369036517369e-06,1
W2021,LKQ,0001065696,LKQ,HIGH,QUALIFIED_FULL_AUTHORITATIVE_NAME_BARE_TICKER_CONTROL,STAGE3I_MEMBERSHIP_NAME,7,0,0,768867,0.0,0
W2021,LLY,0000059478,LLY,MEDIUM,CONSERVATIVE_LEGAL_CORE,LATEST_IN_MEMBERSHIP_SEC_NPORT_NAME,7,3,6,768867,7.80369036517369e-06,1
W2021,LMT,0000936468,LMT,MEDIUM,CONSERVATIVE_LEGAL_CORE,LATEST_IN_MEMBERSHIP_SEC_NPORT_NAME,7,7,245,768867,0.00031865068991125906,1
W2021,LNC,0000059558,LNC,MEDIUM,CONSERVATIVE_LEGAL_CORE,STAGE3I_MEMBERSHIP_NAME,7,1,3,768867,3.901845182586845e-06,1
W2021,LNT,0000352541,LNT,MEDIUM,CONSERVATIVE_LEGAL_CORE,LATEST_IN_MEMBERSHIP_SEC_NPORT_NAME,7,3,6,768867,7.80369036517369e-06,1
W2021,LOW,0000060667,LOW,LOW,CONSERVATIVE_LEGAL_CORE,LATEST_IN_MEMBERSHIP_SEC_NPORT_NAME,7,0,0,768867,0.0,0
W2021,LRCX,0000707549,LRCX,MEDIUM,CONSERVATIVE_LEGAL_CORE,LATEST_IN_MEMBERSHIP_SEC_NPORT_NAME,7,6,27,768867,3.511660664328161e-05,1
W2021,LUMN,0000018926,LUMN,MEDIUM,CONSERVATIVE_LEGAL_CORE,STAGE3I_MEMBERSHIP_NAME,7,5,12,768867,1.560738073034738e-05,1
W2021,LUV,0000092380,LUV,MEDIUM,CONSERVATIVE_LEGAL_CORE,LATEST_IN_MEMBERSHIP_SEC_NPORT_NAME,7,7,291,768867,0.000378478982710924,1
W2021,LVS,0001300514,LVS,LOW,CONSERVATIVE_LEGAL_CORE,LATEST_IN_MEMBERSHIP_SEC_NPORT_NAME,7,7,1332,768867,0.0017324192610685594,1
W2021,LW,0001679273,LW,MEDIUM,CONSERVATIVE_LEGAL_CORE,LATEST_IN_MEMBERSHIP_SEC_NPORT_NAME,7,1,2,768867,2.6012301217245635e-06,1
W2021,LYB,0001489393,LYB,LOW,CONSERVATIVE_LEGAL_CORE,STAGE3G_AUTHORITATIVE_SAMPLE_NAME,7,0,0,768867,0.0,0
W2021,LYV,0001335258,LYV,LOW,CONSERVATIVE_LEGAL_CORE,LATEST_IN_MEMBERSHIP_SEC_NPORT_NAME,7,2,3,768867,3.901845182586845e-06,1
W2021,MA,0001141391,MA,LOW,CONSERVATIVE_LEGAL_CORE,LATEST_IN_MEMBERSHIP_SEC_NPORT_NAME,7,7,553,768867,0.0007192401286568418,1
W2021,MAA,0000912595,MAA,LOW,CONSERVATIVE_LEGAL_CORE,LATEST_IN_MEMBERSHIP_SEC_NPORT_NAME,7,0,0,768867,0.0,0
W2021,MAR,0001048286,MAR,LOW,CONSERVATIVE_LEGAL_CORE,STAGE3G_AUTHORITATIVE_SAMPLE_NAME,7,7,487,768867,0.0006333995346399313,1
W2021,MAS,0000062996,MAS,HIGH,FULL_AUTHORITATIVE_NAME_PRECISION_CONTROL,LATEST_IN_MEMBERSHIP_SEC_NPORT_NAME,7,1,3,768867,3.901845182586845e-06,1
W2021,MCD,0000063908,MCD,MEDIUM,CONSERVATIVE_LEGAL_CORE,LATEST_IN_MEMBERSHIP_SEC_NPORT_NAME,7,7,141,768867,0.00018338672358158173,1
W2021,MCHP,0000827054,MCHP,MEDIUM,CONSERVATIVE_LEGAL_CORE,LATEST_IN_MEMBERSHIP_SEC_NPORT_NAME,7,7,76,768867,9.884674462553342e-05,1
W2021,MCK,0000927653,MCK,HIGH,FULL_AUTHORITATIVE_NAME_PRECISION_CONTROL,LATEST_IN_MEMBERSHIP_SEC_NPORT_NAME,7,4,8,768867,1.0404920486898254e-05,1
W2021,MCO,0001059556,MCO,HIGH,FULL_AUTHORITATIVE_NAME_PRECISION_CONTROL,LATEST_IN_MEMBERSHIP_SEC_NPORT_NAME,7,0,0,768867,0.0,0
W2021,MDLZ,0001103982,MDLZ,LOW,CONSERVATIVE_LEGAL_CORE,LATEST_IN_MEMBERSHIP_SEC_NPORT_NAME,7,5,41,768867,5.332521749535355e-05,1
W2021,MDT,0001613103,MDT,HIGH,FULL_AUTHORITATIVE_NAME_PRECISION_CONTROL,LATEST_IN_MEMBERSHIP_SEC_NPORT_NAME,7,7,51,768867,6.633136810397638e-05,1
W2021,MET,0001099219,MET,HIGH,FULL_AUTHORITATIVE_NAME_PRECISION_CONTROL,LATEST_IN_MEMBERSHIP_SEC_NPORT_NAME,7,4,21,768867,2.7312916278107918e-05,1
W2021,META,0001326801,META,LOW,CONSERVATIVE_LEGAL_CORE,LATEST_IN_MEMBERSHIP_SEC_NPORT_NAME,7,7,35387,768867,0.046024865158733566,1
W2021,MGM,0000789570,MGM,LOW,CONSERVATIVE_LEGAL_CORE,LATEST_IN_MEMBERSHIP_SEC_NPORT_NAME,7,1,1,768867,1.3006150608622817e-06,1
W2021,MHK,0000851968,MHK,MEDIUM,CONSERVATIVE_LEGAL_CORE,STAGE3I_MEMBERSHIP_NAME,7,6,13,768867,1.6907995791209662e-05,1
W2021,MKC,0000063754,MKC,LOW,CONSERVATIVE_LEGAL_CORE,STAGE3G_AUTHORITATIVE_SAMPLE_NAME,7,0,0,768867,0.0,0
W2021,MKTX,0001278021,MKTX,HIGH,FULL_AUTHORITATIVE_NAME_PRECISION_CONTROL,STAGE3I_MEMBERSHIP_NAME,7,1,2,768867,2.6012301217245635e-06,1
W2021,MLM,0000916076,MLM,LOW,CONSERVATIVE_LEGAL_CORE,LATEST_IN_MEMBERSHIP_SEC_NPORT_NAME,7,2,3,768867,3.901845182586845e-06,1
W2021,MMM,0000066740,MMM,HIGH,FULL_AUTHORITATIVE_NAME_PRECISION_CONTROL,LATEST_IN_MEMBERSHIP_SEC_NPORT_NAME,7,0,0,768867,0.0,0
W2021,MNST,0000865752,MNST,MEDIUM,CONSERVATIVE_LEGAL_CORE,LATEST_IN_MEMBERSHIP_SEC_NPORT_NAME,7,3,5,768867,6.503075304311409e-06,1
W2021,MO,0000764180,MO,MEDIUM,CONSERVATIVE_LEGAL_CORE,LATEST_IN_MEMBERSHIP_SEC_NPORT_NAME,7,7,56,768867,7.283444340828778e-05,1
W2021,MOS,0001285785,MOS,LOW,CONSERVATIVE_LEGAL_CORE,LATEST_IN_MEMBERSHIP_SEC_NPORT_NAME,7,6,25,768867,3.2515376521557046e-05,1
W2021,MPC,0001510295,MPC,MEDIUM,CONSERVATIVE_LEGAL_CORE,LATEST_IN_MEMBERSHIP_SEC_NPORT_NAME,7,6,93,768867,0.0001209572006601922,1
W2021,MRK,0000310158,MRK,HIGH,FULL_AUTHORITATIVE_NAME_PRECISION_CONTROL,LATEST_IN_MEMBERSHIP_SEC_NPORT_NAME,7,0,0,768867,0.0,0
W2021,MRO,0000101778,MRO,MEDIUM,CONSERVATIVE_LEGAL_CORE,STAGE3I_MEMBERSHIP_NAME,7,6,107,768867,0.00013916581151226414,1
W2021,MRSH,0000062709,MRSH,LOW,CONSERVATIVE_LEGAL_CORE,STAGE3G_AUTHORITATIVE_SAMPLE_NAME,7,0,0,768867,0.0,0
W2021,MS,0000895421,MS,MEDIUM,CONSERVATIVE_LEGAL_CORE,LATEST_IN_MEMBERSHIP_SEC_NPORT_NAME,7,7,1049,768867,0.0013643451988445336,1
W2021,MSCI,0001408198,MSCI,HIGH,FULL_AUTHORITATIVE_NAME_PRECISION_CONTROL,LATEST_IN_MEMBERSHIP_SEC_NPORT_NAME,7,1,1,768867,1.3006150608622817e-06,1
W2021,MSFT,0000789019,MSFT,HIGH,FULL_AUTHORITATIVE_NAME_PRECISION_CONTROL,LATEST_IN_MEMBERSHIP_SEC_NPORT_NAME,7,7,231,768867,0.0003004420790591871,1
W2021,MSI,0000068505,MSI,MEDIUM,CONSERVATIVE_LEGAL_CORE,LATEST_IN_MEMBERSHIP_SEC_NPORT_NAME,7,7,35,768867,4.5521527130179865e-05,1
W2021,MTB,0000036270,MTB,HIGH,FULL_AUTHORITATIVE_NAME_PRECISION_CONTROL,LATEST_IN_MEMBERSHIP_SEC_NPORT_NAME,7,0,0,768867,0.0,0
W2021,MTD,0001037646,MTD,LOW,CONSERVATIVE_LEGAL_CORE,LATEST_IN_MEMBERSHIP_SEC_NPORT_NAME,7,3,11,768867,1.43067656694851e-05,1
W2021,MU,0000723125,MU,MEDIUM,CONSERVATIVE_LEGAL_CORE,LATEST_IN_MEMBERSHIP_SEC_NPORT_NAME,7,7,65,768867,8.453997895604832e-05,1
W2021,MXIM,0000743316,MXIM,LOW,CONSERVATIVE_LEGAL_CORE,STAGE3I_MEMBERSHIP_NAME,7,4,14,768867,1.8208610852071944e-05,1
W2021,NCLH,0001513761,NCLH,LOW,CONSERVATIVE_LEGAL_CORE,LATEST_IN_MEMBERSHIP_SEC_NPORT_NAME,7,5,12,768867,1.560738073034738e-05,1
W2021,NDAQ,0001120193,NDAQ,HIGH,FULL_AUTHORITATIVE_NAME_PRECISION_CONTROL,LATEST_IN_MEMBERSHIP_SEC_NPORT_NAME,7,2,7,768867,9.104305426035972e-06,1
W2021,NEE,0000753308,NEE,MEDIUM,CONSERVATIVE_LEGAL_CORE,LATEST_IN_MEMBERSHIP_SEC_NPORT_NAME,7,7,46,768867,5.982829279966496e-05,1
W2021,NEM,0001164727,NEM,HIGH,FULL_AUTHORITATIVE_NAME_PRECISION_CONTROL,LATEST_IN_MEMBERSHIP_SEC_NPORT_NAME,7,4,11,768867,1.43067656694851e-05,1
W2021,NFLX,0001065280,NFLX,HIGH,FULL_AUTHORITATIVE_NAME_PRECISION_CONTROL,LATEST_IN_MEMBERSHIP_SEC_NPORT_NAME,7,7,80,768867,0.00010404920486898254,1
W2021,NI,0001111711,NI,HIGH,FULL_AUTHORITATIVE_NAME_PRECISION_CONTROL,LATEST_IN_MEMBERSHIP_SEC_NPORT_NAME,7,2,3,768867,3.901845182586845e-06,1
W2021,NKE,0000320187,NKE,LOW,CONSERVATIVE_LEGAL_CORE,LATEST_IN_MEMBERSHIP_SEC_NPORT_NAME,7,7,71,768867,9.2343669321222e-05,1
W2021,NLSN,,NLSN,HIGH,FULL_AUTHORITATIVE_NAME_PRECISION_CONTROL,STAGE3I_MEMBERSHIP_NAME,7,4,9,768867,1.1705535547760536e-05,1
W2021,NOC,,NOC,MEDIUM,CONSERVATIVE_LEGAL_CORE,LATEST_IN_MEMBERSHIP_SEC_NPORT_NAME,7,7,403,768867,0.0005241478695274996,1
W2021,NOV,0001021860,NOV,HIGH,QUALIFIED_FULL_AUTHORITATIVE_NAME_BARE_TICKER_CONTROL,STAGE3I_MEMBERSHIP_NAME,7,0,0,768867,0.0,0
W2021,NOW,0001373715,NOW,HIGH,FULL_AUTHORITATIVE_NAME_PRECISION_CONTROL,LATEST_IN_MEMBERSHIP_SEC_NPORT_NAME,7,5,9,768867,1.1705535547760536e-05,1
W2021,NRG,0001013871,NRG,MEDIUM,CONSERVATIVE_LEGAL_CORE,LATEST_IN_MEMBERSHIP_SEC_NPORT_NAME,7,0,0,768867,0.0,0
W2021,NSC,0000702165,NSC,MEDIUM,CONSERVATIVE_LEGAL_CORE,LATEST_IN_MEMBERSHIP_SEC_NPORT_NAME,7,6,22,768867,2.86135313389702e-05,1
W2021,NTAP,0001002047,NTAP,HIGH,FULL_AUTHORITATIVE_NAME_PRECISION_CONTROL,LATEST_IN_MEMBERSHIP_SEC_NPORT_NAME,7,3,10,768867,1.3006150608622818e-05,1
W2021,NTRS,0000073124,NTRS,MEDIUM,CONSERVATIVE_LEGAL_CORE,LATEST_IN_MEMBERSHIP_SEC_NPORT_NAME,7,7,24,768867,3.121476146069476e-05,1
W2021,NUE,0000073309,NUE,HIGH,FULL_AUTHORITATIVE_NAME_PRECISION_CONTROL,LATEST_IN_MEMBERSHIP_SEC_NPORT_NAME,7,2,2,768867,2.6012301217245635e-06,1
W2021,NVDA,0001045810,NVDA,HIGH,FULL_AUTHORITATIVE_NAME_PRECISION_CONTROL,LATEST_IN_MEMBERSHIP_SEC_NPORT_NAME,7,7,59,768867,7.673628859087462e-05,1
W2021,NVR,0000906163,NVR,HIGH,FULL_AUTHORITATIVE_NAME_PRECISION_CONTROL,LATEST_IN_MEMBERSHIP_SEC_NPORT_NAME,7,0,0,768867,0.0,0
W2021,NWL,0000814453,NWL,MEDIUM,CONSERVATIVE_LEGAL_CORE,STAGE3I_MEMBERSHIP_NAME,7,3,5,768867,6.503075304311409e-06,1
W2021,NWS,0001564708,NWS,LOW,CONSERVATIVE_LEGAL_CORE,LATEST_IN_MEMBERSHIP_SEC_NPORT_NAME,7,7,235,768867,0.00030564453930263623,1
W2021,NWSA,0001564708,NWSA,LOW,CONSERVATIVE_LEGAL_CORE,LATEST_IN_MEMBERSHIP_SEC_NPORT_NAME,7,7,235,768867,0.00030564453930263623,1
W2021,O,0000726728,O,MEDIUM,CONSERVATIVE_LEGAL_CORE,LATEST_IN_MEMBERSHIP_SEC_NPORT_NAME,7,5,8,768867,1.0404920486898254e-05,1
W2021,ODFL,0000878927,ODFL,LOW,CONSERVATIVE_LEGAL_CORE,LATEST_IN_MEMBERSHIP_SEC_NPORT_NAME,7,2,3,768867,3.901845182586845e-06,1
W2021,OKE,,OKE,HIGH,FULL_AUTHORITATIVE_NAME_PRECISION_CONTROL,LATEST_IN_MEMBERSHIP_SEC_NPORT_NAME,7,0,0,768867,0.0,0
W2021,OMC,0000029989,OMC,MEDIUM,CONSERVATIVE_LEGAL_CORE,LATEST_IN_MEMBERSHIP_SEC_NPORT_NAME,7,5,14,768867,1.8208610852071944e-05,1
W2021,ORCL,0001341439,ORCL,HIGH,FULL_AUTHORITATIVE_NAME_PRECISION_CONTROL,LATEST_IN_MEMBERSHIP_SEC_NPORT_NAME,7,6,35,768867,4.5521527130179865e-05,1
W2021,ORLY,0000898173,ORLY,LOW,CONSERVATIVE_LEGAL_CORE,LATEST_IN_MEMBERSHIP_SEC_NPORT_NAME,7,2,2,768867,2.6012301217245635e-06,1
W2021,OTIS,0001781335,OTIS,MEDIUM,CONSERVATIVE_LEGAL_CORE,LATEST_IN_MEMBERSHIP_SEC_NPORT_NAME,7,4,12,768867,1.560738073034738e-05,1
W2021,OXY,0000797468,OXY,MEDIUM,CONSERVATIVE_LEGAL_CORE,LATEST_IN_MEMBERSHIP_SEC_NPORT_NAME,7,7,155,768867,0.00020159533443365367,1
W2021,PAYC,0001590955,PAYC,MEDIUM,CONSERVATIVE_LEGAL_CORE,LATEST_IN_MEMBERSHIP_SEC_NPORT_NAME,7,0,0,768867,0.0,0
W2021,PAYX,0000723531,PAYX,HIGH,FULL_AUTHORITATIVE_NAME_PRECISION_CONTROL,LATEST_IN_MEMBERSHIP_SEC_NPORT_NAME,7,2,2,768867,2.6012301217245635e-06,1
W2021,PBCT,0001378946,PBCT,LOW,CONSERVATIVE_LEGAL_CORE,STAGE3I_MEMBERSHIP_NAME,7,0,0,768867,0.0,0
W2021,PCAR,0000075362,PCAR,HIGH,FULL_AUTHORITATIVE_NAME_PRECISION_CONTROL,LATEST_IN_MEMBERSHIP_SEC_NPORT_NAME,7,0,0,768867,0.0,0
W2021,PEG,0000788784,PEG,LOW,CONSERVATIVE_LEGAL_CORE,LATEST_IN_MEMBERSHIP_SEC_NPORT_NAME,7,3,5,768867,6.503075304311409e-06,1
W2021,PEP,0000077476,PEP,HIGH,FULL_AUTHORITATIVE_NAME_PRECISION_CONTROL,LATEST_IN_MEMBERSHIP_SEC_NPORT_NAME,7,6,98,768867,0.0001274602759645036,1
W2021,PFE,0000078003,PFE,HIGH,FULL_AUTHORITATIVE_NAME_PRECISION_CONTROL,LATEST_IN_MEMBERSHIP_SEC_NPORT_NAME,7,7,1065,768867,0.0013851550398183302,1
W2021,PFG,0001126328,PFG,LOW,CONSERVATIVE_LEGAL_CORE,LATEST_IN_MEMBERSHIP_SEC_NPORT_NAME,7,3,4,768867,5.202460243449127e-06,1
W2021,PG,0000080424,PG,LOW,CONSERVATIVE_LEGAL_CORE,LATEST_IN_MEMBERSHIP_SEC_NPORT_NAME,7,0,0,768867,0.0,0
W2021,PGR,0000080661,PGR,HIGH,FULL_AUTHORITATIVE_NAME_PRECISION_CONTROL,LATEST_IN_MEMBERSHIP_SEC_NPORT_NAME,7,2,2,768867,2.6012301217245635e-06,1
W2021,PH,0000076334,PH,MEDIUM,CONSERVATIVE_LEGAL_CORE,LATEST_IN_MEMBERSHIP_SEC_NPORT_NAME,7,6,73,768867,9.494489944294657e-05,1
W2021,PHM,0000822416,PHM,HIGH,FULL_AUTHORITATIVE_NAME_PRECISION_CONTROL,LATEST_IN_MEMBERSHIP_SEC_NPORT_NAME,7,0,0,768867,0.0,0
W2021,PKG,0000075677,PKG,LOW,CONSERVATIVE_LEGAL_CORE,LATEST_IN_MEMBERSHIP_SEC_NPORT_NAME,7,0,0,768867,0.0,0
W2021,PLD,0001045609,PLD,HIGH,FULL_AUTHORITATIVE_NAME_PRECISION_CONTROL,LATEST_IN_MEMBERSHIP_SEC_NPORT_NAME,7,0,0,768867,0.0,0
W2021,PM,0001413329,PM,LOW,CONSERVATIVE_LEGAL_CORE,LATEST_IN_MEMBERSHIP_SEC_NPORT_NAME,7,6,37,768867,4.812275725190442e-05,1
W2021,PNC,0000713676,PNC,LOW,CONSERVATIVE_LEGAL_CORE,LATEST_IN_MEMBERSHIP_SEC_NPORT_NAME,7,1,1,768867,1.3006150608622817e-06,1
W2021,PNR,0000077360,PNR,HIGH,FULL_AUTHORITATIVE_NAME_PRECISION_CONTROL,LATEST_IN_MEMBERSHIP_SEC_NPORT_NAME,7,1,1,768867,1.3006150608622817e-06,1
W2021,PNW,0000764622,PNW,LOW,CONSERVATIVE_LEGAL_CORE,LATEST_IN_MEMBERSHIP_SEC_NPORT_NAME,7,1,2,768867,2.6012301217245635e-06,1
W2021,POOL,0000945841,POOL,HIGH,FULL_AUTHORITATIVE_NAME_PRECISION_CONTROL,LATEST_IN_MEMBERSHIP_SEC_NPORT_NAME,7,2,2,768867,2.6012301217245635e-06,1
W2021,PPG,0000079879,PPG,MEDIUM,CONSERVATIVE_LEGAL_CORE,LATEST_IN_MEMBERSHIP_SEC_NPORT_NAME,7,0,0,768867,0.0,0
W2021,PPL,0000922224,PPL,HIGH,FULL_AUTHORITATIVE_NAME_PRECISION_CONTROL,LATEST_IN_MEMBERSHIP_SEC_NPORT_NAME,7,0,0,768867,0.0,0
W2021,PRGO,0001585364,PRGO,HIGH,FULL_AUTHORITATIVE_NAME_PRECISION_CONTROL,STAGE3I_MEMBERSHIP_NAME,7,4,9,768867,1.1705535547760536e-05,1
W2021,PRU,0001137774,PRU,MEDIUM,CONSERVATIVE_LEGAL_CORE,LATEST_IN_MEMBERSHIP_SEC_NPORT_NAME,7,5,75,768867,9.754612956467113e-05,1
W2021,PSA,0001393311,PSA,MEDIUM,CONSERVATIVE_LEGAL_CORE,LATEST_IN_MEMBERSHIP_SEC_NPORT_NAME,7,0,0,768867,0.0,0
W2021,PSKY,0002041610,PSKY,LOW,CONSERVATIVE_LEGAL_CORE,STAGE3G_AUTHORITATIVE_SAMPLE_NAME,7,0,0,768867,0.0,0
W2021,PSX,0001534701,PSX,MEDIUM,CONSERVATIVE_LEGAL_CORE,LATEST_IN_MEMBERSHIP_SEC_NPORT_NAME,7,0,0,768867,0.0,0
W2021,PVH,0000078239,PVH,HIGH,QUALIFIED_FULL_AUTHORITATIVE_NAME_BARE_TICKER_CONTROL,STAGE3I_MEMBERSHIP_NAME,7,0,0,768867,0.0,0
W2021,PWR,0001050915,PWR,MEDIUM,CONSERVATIVE_LEGAL_CORE,LATEST_IN_MEMBERSHIP_SEC_NPORT_NAME,7,1,2,768867,2.6012301217245635e-06,1
W2021,PXD,0001038357,PXD,LOW,CONSERVATIVE_LEGAL_CORE,STAGE3I_MEMBERSHIP_NAME,7,6,26,768867,3.3815991582419324e-05,1
W2021,PYPL,0001633917,PYPL,HIGH,FULL_AUTHORITATIVE_NAME_PRECISION_CONTROL,LATEST_IN_MEMBERSHIP_SEC_NPORT_NAME,7,7,95,768867,0.00012355843078191677,1
W2021,QCOM,0000804328,QCOM,HIGH,FULL_AUTHORITATIVE_NAME_PRECISION_CONTROL,LATEST_IN_MEMBERSHIP_SEC_NPORT_NAME,7,6,93,768867,0.0001209572006601922,1
W2021,QRVO,0001604778,QRVO,HIGH,FULL_AUTHORITATIVE_NAME_PRECISION_CONTROL,STAGE3I_MEMBERSHIP_NAME,7,6,21,768867,2.7312916278107918e-05,1
W2021,RCL,0000884887,RCL,LOW,CONSERVATIVE_LEGAL_CORE,LATEST_IN_MEMBERSHIP_SEC_NPORT_NAME,7,1,2,768867,2.6012301217245635e-06,1
W2021,REG,0000910606,REG,MEDIUM,CONSERVATIVE_LEGAL_CORE,LATEST_IN_MEMBERSHIP_SEC_NPORT_NAME,7,3,3,768867,3.901845182586845e-06,1
W2021,REGN,0000872589,REGN,MEDIUM,CONSERVATIVE_LEGAL_CORE,LATEST_IN_MEMBERSHIP_SEC_NPORT_NAME,7,7,319,768867,0.0004148962044150679,1
W2021,RF,0001281761,RF,MEDIUM,CONSERVATIVE_LEGAL_CORE,LATEST_IN_MEMBERSHIP_SEC_NPORT_NAME,7,6,7,768867,9.104305426035972e-06,1
W2021,RHI,0000315213,RHI,MEDIUM,CONSERVATIVE_LEGAL_CORE,STAGE3I_MEMBERSHIP_NAME,7,3,6,768867,7.80369036517369e-06,1
W2021,RJF,0000720005,RJF,LOW,CONSERVATIVE_LEGAL_CORE,LATEST_IN_MEMBERSHIP_SEC_NPORT_NAME,7,1,1,768867,1.3006150608622817e-06,1
W2021,RL,0001037038,RL,MEDIUM,CONSERVATIVE_LEGAL_CORE,LATEST_IN_MEMBERSHIP_SEC_NPORT_NAME,7,5,79,768867,0.00010274858980812026,1
W2021,RMD,0000943819,RMD,HIGH,FULL_AUTHORITATIVE_NAME_PRECISION_CONTROL,LATEST_IN_MEMBERSHIP_SEC_NPORT_NAME,7,5,11,768867,1.43067656694851e-05,1
W2021,ROK,0001024478,ROK,MEDIUM,CONSERVATIVE_LEGAL_CORE,LATEST_IN_MEMBERSHIP_SEC_NPORT_NAME,7,6,142,768867,0.000184687338642444,1
W2021,ROL,0000084839,ROL,HIGH,FULL_AUTHORITATIVE_NAME_PRECISION_CONTROL,LATEST_IN_MEMBERSHIP_SEC_NPORT_NAME,7,4,12,768867,1.560738073034738e-05,1
W2021,ROP,0000882835,ROP,MEDIUM,CONSERVATIVE_LEGAL_CORE,LATEST_IN_MEMBERSHIP_SEC_NPORT_NAME,7,2,4,768867,5.202460243449127e-06,1
W2021,ROST,0000745732,ROST,MEDIUM,CONSERVATIVE_LEGAL_CORE,LATEST_IN_MEMBERSHIP_SEC_NPORT_NAME,7,1,1,768867,1.3006150608622817e-06,1
W2021,RSG,0001060391,RSG,MEDIUM,CONSERVATIVE_LEGAL_CORE,LATEST_IN_MEMBERSHIP_SEC_NPORT_NAME,7,6,18,768867,2.3411071095521072e-05,1
W2021,RTX,0000101829,RTX,HIGH,FULL_AUTHORITATIVE_NAME_PRECISION_CONTROL,LATEST_IN_MEMBERSHIP_SEC_NPORT_NAME,7,7,86,768867,0.00011185289523415623,1
W2021,RVTY,0000031791,RVTY,HIGH,FULL_AUTHORITATIVE_NAME_PRECISION_CONTROL,LATEST_IN_MEMBERSHIP_SEC_NPORT_NAME,7,7,89,768867,0.00011575474041674308,1
W2021,SBAC,0001034054,SBAC,MEDIUM,CONSERVATIVE_LEGAL_CORE,LATEST_IN_MEMBERSHIP_SEC_NPORT_NAME,7,0,0,768867,0.0,0
W2021,SBUX,0000829224,SBUX,HIGH,FULL_AUTHORITATIVE_NAME_PRECISION_CONTROL,LATEST_IN_MEMBERSHIP_SEC_NPORT_NAME,7,6,33,768867,4.29202970084553e-05,1
W2021,SCHW,0000316709,SCHW,MEDIUM,CONSERVATIVE_LEGAL_CORE,STAGE3G_AUTHORITATIVE_SAMPLE_NAME,7,7,178,768867,0.00023150948083348617,1
W2021,SEE,0000088204,SEE,MEDIUM,CONSERVATIVE_LEGAL_CORE,STAGE3I_MEMBERSHIP_NAME,7,6,14,768867,1.8208610852071944e-05,1
W2021,SHW,0000089800,SHW,LOW,CONSERVATIVE_LEGAL_CORE,LATEST_IN_MEMBERSHIP_SEC_NPORT_NAME,7,6,59,768867,7.673628859087462e-05,1
W2021,SIVB,0000719739,SIVB,LOW,CONSERVATIVE_LEGAL_CORE,STAGE3I_MEMBERSHIP_NAME,7,0,0,768867,0.0,0
W2021,SJM,0000091419,SJM,LOW,CONSERVATIVE_LEGAL_CORE,LATEST_IN_MEMBERSHIP_SEC_NPORT_NAME,7,7,84,768867,0.00010925166511243167,1
W2021,SLB,0000087347,SLB,HIGH,FULL_AUTHORITATIVE_NAME_PRECISION_CONTROL,LATEST_IN_MEMBERSHIP_SEC_NPORT_NAME,7,0,0,768867,0.0,0
W2021,SLG,0001040971,SLG,LOW,CONSERVATIVE_LEGAL_CORE,STAGE3I_MEMBERSHIP_NAME,7,3,8,768867,1.0404920486898254e-05,1
W2021,SNA,0000091440,SNA,HIGH,FULL_AUTHORITATIVE_NAME_PRECISION_CONTROL,LATEST_IN_MEMBERSHIP_SEC_NPORT_NAME,7,0,0,768867,0.0,0
W2021,SNPS,0000883241,SNPS,HIGH,FULL_AUTHORITATIVE_NAME_PRECISION_CONTROL,LATEST_IN_MEMBERSHIP_SEC_NPORT_NAME,7,3,14,768867,1.8208610852071944e-05,1
W2021,SO,0000092122,SO,LOW,CONSERVATIVE_LEGAL_CORE,LATEST_IN_MEMBERSHIP_SEC_NPORT_NAME,7,7,137,768867,0.0001781842633381326,1
W2021,SPG,0001063761,SPG,LOW,CONSERVATIVE_LEGAL_CORE,LATEST_IN_MEMBERSHIP_SEC_NPORT_NAME,7,7,55,768867,7.153382834742549e-05,1
W2021,SPGI,0000064040,SPGI,LOW,CONSERVATIVE_LEGAL_CORE,LATEST_IN_MEMBERSHIP_SEC_NPORT_NAME,7,0,0,768867,0.0,0
W2021,SRE,0001032208,SRE,HIGH,FULL_AUTHORITATIVE_NAME_PRECISION_CONTROL,LATEST_IN_MEMBERSHIP_SEC_NPORT_NAME,7,4,7,768867,9.104305426035972e-06,1
W2021,STE,0001757898,STE,HIGH,FULL_AUTHORITATIVE_NAME_PRECISION_CONTROL,LATEST_IN_MEMBERSHIP_SEC_NPORT_NAME,7,2,4,768867,5.202460243449127e-06,1
W2021,STT,0000093751,STT,MEDIUM,CONSERVATIVE_LEGAL_CORE,LATEST_IN_MEMBERSHIP_SEC_NPORT_NAME,7,0,0,768867,0.0,0
W2021,STX,0001137789,STX,MEDIUM,CONSERVATIVE_LEGAL_CORE,STAGE3G_AUTHORITATIVE_SAMPLE_NAME,7,0,0,768867,0.0,0
W2021,STZ,0000016918,STZ,LOW,CONSERVATIVE_LEGAL_CORE,LATEST_IN_MEMBERSHIP_SEC_NPORT_NAME,7,6,25,768867,3.2515376521557046e-05,1
W2021,SW,0002005951,SW,MEDIUM,CONSERVATIVE_LEGAL_CORE,LATEST_IN_MEMBERSHIP_SEC_NPORT_NAME,7,0,0,768867,0.0,0
W2021,SWK,0000093556,SWK,LOW,CONSERVATIVE_LEGAL_CORE,LATEST_IN_MEMBERSHIP_SEC_NPORT_NAME,7,0,0,768867,0.0,0
W2021,SWKS,0000004127,SWKS,MEDIUM,CONSERVATIVE_LEGAL_CORE,LATEST_IN_MEMBERSHIP_SEC_NPORT_NAME,7,6,21,768867,2.7312916278107918e-05,1
W2021,SYF,0001601712,SYF,MEDIUM,CONSERVATIVE_LEGAL_CORE,LATEST_IN_MEMBERSHIP_SEC_NPORT_NAME,7,0,0,768867,0.0,0
W2021,SYK,0000310764,SYK,HIGH,FULL_AUTHORITATIVE_NAME_PRECISION_CONTROL,LATEST_IN_MEMBERSHIP_SEC_NPORT_NAME,7,3,4,768867,5.202460243449127e-06,1
W2021,SYY,0000096021,SYY,HIGH,FULL_AUTHORITATIVE_NAME_PRECISION_CONTROL,LATEST_IN_MEMBERSHIP_SEC_NPORT_NAME,7,0,0,768867,0.0,0
W2021,T,0000732717,T,HIGH,FULL_AUTHORITATIVE_NAME_PRECISION_CONTROL,LATEST_IN_MEMBERSHIP_SEC_NPORT_NAME,7,0,0,768867,0.0,0
W2021,TAP,0000024545,TAP,LOW,CONSERVATIVE_LEGAL_CORE,LATEST_IN_MEMBERSHIP_SEC_NPORT_NAME,7,6,55,768867,7.153382834742549e-05,1
W2021,TDG,0001260221,TDG,MEDIUM,CONSERVATIVE_LEGAL_CORE,LATEST_IN_MEMBERSHIP_SEC_NPORT_NAME,7,2,7,768867,9.104305426035972e-06,1
W2021,TDY,0001094285,TDY,MEDIUM,CONSERVATIVE_LEGAL_CORE,LATEST_IN_MEMBERSHIP_SEC_NPORT_NAME,7,7,35,768867,4.5521527130179865e-05,1
W2021,TEL,0001385157,TEL,MEDIUM,CONSERVATIVE_LEGAL_CORE,LATEST_IN_MEMBERSHIP_SEC_NPORT_NAME,7,5,15,768867,1.9509225912934226e-05,1
W2021,TER,0000097210,TER,HIGH,FULL_AUTHORITATIVE_NAME_PRECISION_CONTROL,LATEST_IN_MEMBERSHIP_SEC_NPORT_NAME,7,2,8,768867,1.0404920486898254e-05,1
W2021,TFC,0000092230,TFC,MEDIUM,CONSERVATIVE_LEGAL_CORE,LATEST_IN_MEMBERSHIP_SEC_NPORT_NAME,7,2,4,768867,5.202460243449127e-06,1
W2021,TFX,0000096943,TFX,HIGH,FULL_AUTHORITATIVE_NAME_PRECISION_CONTROL,STAGE3I_MEMBERSHIP_NAME,7,5,27,768867,3.511660664328161e-05,1
W2021,TGT,0000027419,TGT,HIGH,FULL_AUTHORITATIVE_NAME_PRECISION_CONTROL,LATEST_IN_MEMBERSHIP_SEC_NPORT_NAME,7,0,0,768867,0.0,0
W2021,TJX,0000109198,TJX,MEDIUM,CONSERVATIVE_LEGAL_CORE,STAGE3G_AUTHORITATIVE_SAMPLE_NAME,7,0,0,768867,0.0,0
W2021,TMO,0000097745,TMO,LOW,CONSERVATIVE_LEGAL_CORE,LATEST_IN_MEMBERSHIP_SEC_NPORT_NAME,7,7,129,768867,0.00016777934285123434,1
W2021,TMUS,0001283699,TMUS,LOW,CONSERVATIVE_LEGAL_CORE,LATEST_IN_MEMBERSHIP_SEC_NPORT_NAME,7,0,0,768867,0.0,0
W2021,TPR,0001116132,TPR,HIGH,FULL_AUTHORITATIVE_NAME_PRECISION_CONTROL,LATEST_IN_MEMBERSHIP_SEC_NPORT_NAME,7,2,4,768867,5.202460243449127e-06,1
W2021,TROW,,TROW,LOW,CONSERVATIVE_LEGAL_CORE,LATEST_IN_MEMBERSHIP_SEC_NPORT_NAME,7,2,2,768867,2.6012301217245635e-06,1
W2021,TRV,0000086312,TRV,LOW,CONSERVATIVE_LEGAL_CORE,LATEST_IN_MEMBERSHIP_SEC_NPORT_NAME,7,0,0,768867,0.0,0
W2021,TSCO,0000916365,TSCO,MEDIUM,CONSERVATIVE_LEGAL_CORE,LATEST_IN_MEMBERSHIP_SEC_NPORT_NAME,7,5,15,768867,1.9509225912934226e-05,1
W2021,TSLA,0001318605,TSLA,HIGH,FULL_AUTHORITATIVE_NAME_PRECISION_CONTROL,LATEST_IN_MEMBERSHIP_SEC_NPORT_NAME,7,7,444,768867,0.0005774730870228531,1
W2021,TSN,0000100493,TSN,LOW,CONSERVATIVE_LEGAL_CORE,LATEST_IN_MEMBERSHIP_SEC_NPORT_NAME,7,7,153,768867,0.0001989941043119291,1
W2021,TT,0001466258,TT,MEDIUM,CONSERVATIVE_LEGAL_CORE,LATEST_IN_MEMBERSHIP_SEC_NPORT_NAME,7,0,0,768867,0.0,0
W2021,TTWO,0000946581,TTWO,LOW,CONSERVATIVE_LEGAL_CORE,LATEST_IN_MEMBERSHIP_SEC_NPORT_NAME,7,0,0,768867,0.0,0
W2021,TWTR,0001418091,TWTR,HIGH,FULL_AUTHORITATIVE_NAME_PRECISION_CONTROL,STAGE3I_MEMBERSHIP_NAME,7,7,51391,768867,0.06683990859277353,1
W2021,TXN,0000097476,TXN,MEDIUM,CONSERVATIVE_LEGAL_CORE,LATEST_IN_MEMBERSHIP_SEC_NPORT_NAME,7,7,228,768867,0.00029654023387660025,1
W2021,TXT,0000217346,TXT,HIGH,FULL_AUTHORITATIVE_NAME_PRECISION_CONTROL,LATEST_IN_MEMBERSHIP_SEC_NPORT_NAME,7,2,12,768867,1.560738073034738e-05,1
W2021,TYL,0000860731,TYL,MEDIUM,CONSERVATIVE_LEGAL_CORE,LATEST_IN_MEMBERSHIP_SEC_NPORT_NAME,7,5,15,768867,1.9509225912934226e-05,1
W2021,UA,0001336917,UA,LOW,CONSERVATIVE_LEGAL_CORE,STAGE3I_MEMBERSHIP_NAME,7,0,0,768867,0.0,0
W2021,UAA,0001336917,UAA,LOW,CONSERVATIVE_LEGAL_CORE,STAGE3I_MEMBERSHIP_NAME,7,0,0,768867,0.0,0
W2021,UAL,0000100517,UAL,MEDIUM,CONSERVATIVE_LEGAL_CORE,LATEST_IN_MEMBERSHIP_SEC_NPORT_NAME,7,7,28,768867,3.641722170414389e-05,1
W2021,UDR,0000074208,UDR,HIGH,FULL_AUTHORITATIVE_NAME_PRECISION_CONTROL,LATEST_IN_MEMBERSHIP_SEC_NPORT_NAME,7,0,0,768867,0.0,0
W2021,UHS,0000352915,UHS,LOW,CONSERVATIVE_LEGAL_CORE,LATEST_IN_MEMBERSHIP_SEC_NPORT_NAME,7,0,0,768867,0.0,0
W2021,ULTA,0001403568,ULTA,MEDIUM,CONSERVATIVE_LEGAL_CORE,LATEST_IN_MEMBERSHIP_SEC_NPORT_NAME,7,2,2,768867,2.6012301217245635e-06,1
W2021,UNH,0000731766,UNH,MEDIUM,CONSERVATIVE_LEGAL_CORE,LATEST_IN_MEMBERSHIP_SEC_NPORT_NAME,7,7,79,768867,0.00010274858980812026,1
W2021,UNM,0000005513,UNM,MEDIUM,CONSERVATIVE_LEGAL_CORE,STAGE3I_MEMBERSHIP_NAME,7,3,6,768867,7.80369036517369e-06,1
W2021,UNP,0000100885,UNP,MEDIUM,CONSERVATIVE_LEGAL_CORE,LATEST_IN_MEMBERSHIP_SEC_NPORT_NAME,7,7,128,768867,0.00016647872779037206,1
W2021,UPS,0001090727,UPS,LOW,CONSERVATIVE_LEGAL_CORE,LATEST_IN_MEMBERSHIP_SEC_NPORT_NAME,7,6,49,768867,6.37301379822518e-05,1
W2021,URI,0001067701,URI,MEDIUM,CONSERVATIVE_LEGAL_CORE,LATEST_IN_MEMBERSHIP_SEC_NPORT_NAME,7,1,1,768867,1.3006150608622817e-06,1
W2021,USB,0000036104,USB,MEDIUM,CONSERVATIVE_LEGAL_CORE,LATEST_IN_MEMBERSHIP_SEC_NPORT_NAME,7,4,6,768867,7.80369036517369e-06,1
W2021,V,0001403161,V,LOW,CONSERVATIVE_LEGAL_CORE,LATEST_IN_MEMBERSHIP_SEC_NPORT_NAME,7,7,767,768867,0.0009975717516813702,1
W2021,VAR,0000203527,VAR,LOW,CONSERVATIVE_LEGAL_CORE,STAGE3I_MEMBERSHIP_NAME,7,4,9,768867,1.1705535547760536e-05,1
W2021,VFC,0000103379,VFC,HIGH,FULL_AUTHORITATIVE_NAME_PRECISION_CONTROL,STAGE3I_MEMBERSHIP_NAME,7,0,0,768867,0.0,0
W2021,VLO,,VLO,MEDIUM,CONSERVATIVE_LEGAL_CORE,LATEST_IN_MEMBERSHIP_SEC_NPORT_NAME,7,6,33,768867,4.29202970084553e-05,1
W2021,VMC,0001396009,VMC,MEDIUM,CONSERVATIVE_LEGAL_CORE,LATEST_IN_MEMBERSHIP_SEC_NPORT_NAME,7,1,1,768867,1.3006150608622817e-06,1
W2021,VNO,0000899689,VNO,LOW,CONSERVATIVE_LEGAL_CORE,STAGE3I_MEMBERSHIP_NAME,7,1,1,768867,1.3006150608622817e-06,1
W2021,VNT,0001786842,VNT,HIGH,FULL_AUTHORITATIVE_NAME_PRECISION_CONTROL,STAGE3I_MEMBERSHIP_NAME,7,1,2,768867,2.6012301217245635e-06,1
W2021,VRSK,0001442145,VRSK,MEDIUM,CONSERVATIVE_LEGAL_CORE,LATEST_IN_MEMBERSHIP_SEC_NPORT_NAME,7,0,0,768867,0.0,0
W2021,VRSN,0001014473,VRSN,HIGH,FULL_AUTHORITATIVE_NAME_PRECISION_CONTROL,LATEST_IN_MEMBERSHIP_SEC_NPORT_NAME,7,0,0,768867,0.0,0
W2021,VRTX,0000875320,VRTX,MEDIUM,CONSERVATIVE_LEGAL_CORE,LATEST_IN_MEMBERSHIP_SEC_NPORT_NAME,7,6,12,768867,1.560738073034738e-05,1
W2021,VTR,0000740260,VTR,HIGH,FULL_AUTHORITATIVE_NAME_PRECISION_CONTROL,LATEST_IN_MEMBERSHIP_SEC_NPORT_NAME,7,0,0,768867,0.0,0
W2021,VTRS,0001792044,VTRS,HIGH,FULL_AUTHORITATIVE_NAME_PRECISION_CONTROL,LATEST_IN_MEMBERSHIP_SEC_NPORT_NAME,7,2,2,768867,2.6012301217245635e-06,1
W2021,VZ,0000732712,VZ,MEDIUM,CONSERVATIVE_LEGAL_CORE,LATEST_IN_MEMBERSHIP_SEC_NPORT_NAME,7,7,155,768867,0.00020159533443365367,1
W2021,WAB,0000943452,WAB,HIGH,FULL_AUTHORITATIVE_NAME_PRECISION_CONTROL,LATEST_IN_MEMBERSHIP_SEC_NPORT_NAME,7,0,0,768867,0.0,0
W2021,WAT,,WAT,HIGH,FULL_AUTHORITATIVE_NAME_PRECISION_CONTROL,LATEST_IN_MEMBERSHIP_SEC_NPORT_NAME,7,0,0,768867,0.0,0
W2021,WBA,0001618921,WBA,LOW,CONSERVATIVE_LEGAL_CORE,STAGE3I_MEMBERSHIP_NAME,7,6,49,768867,6.37301379822518e-05,1
W2021,WDC,0000106040,WDC,MEDIUM,CONSERVATIVE_LEGAL_CORE,LATEST_IN_MEMBERSHIP_SEC_NPORT_NAME,7,5,13,768867,1.6907995791209662e-05,1
W2021,WEC,0000783325,WEC,LOW,CONSERVATIVE_LEGAL_CORE,LATEST_IN_MEMBERSHIP_SEC_NPORT_NAME,7,0,0,768867,0.0,0
W2021,WELL,0000766704,WELL,HIGH,FULL_AUTHORITATIVE_NAME_PRECISION_CONTROL,LATEST_IN_MEMBERSHIP_SEC_NPORT_NAME,7,0,0,768867,0.0,0
W2021,WFC,0000072971,WFC,MEDIUM,CONSERVATIVE_LEGAL_CORE,STAGE3G_AUTHORITATIVE_SAMPLE_NAME,7,0,0,768867,0.0,0
W2021,WHR,0000106640,WHR,HIGH,FULL_AUTHORITATIVE_NAME_PRECISION_CONTROL,STAGE3I_MEMBERSHIP_NAME,7,6,31,768867,4.031906688673074e-05,1
W2021,WM,0000823768,WM,MEDIUM,CONSERVATIVE_LEGAL_CORE,LATEST_IN_MEMBERSHIP_SEC_NPORT_NAME,7,6,12,768867,1.560738073034738e-05,1
W2021,WMB,,WMB,MEDIUM,CONSERVATIVE_LEGAL_CORE,LATEST_IN_MEMBERSHIP_SEC_NPORT_NAME,7,0,0,768867,0.0,0
W2021,WMT,0000104169,WMT,HIGH,FULL_AUTHORITATIVE_NAME_PRECISION_CONTROL,LATEST_IN_MEMBERSHIP_SEC_NPORT_NAME,7,7,137,768867,0.0001781842633381326,1
W2021,WRB,0000011544,WRB,MEDIUM,CONSERVATIVE_LEGAL_CORE,STAGE3G_AUTHORITATIVE_SAMPLE_NAME,7,1,1,768867,1.3006150608622817e-06,1
W2021,WST,0000105770,WST,LOW,CONSERVATIVE_LEGAL_CORE,LATEST_IN_MEMBERSHIP_SEC_NPORT_NAME,7,0,0,768867,0.0,0
W2021,WTW,0001140536,WTW,LOW,CONSERVATIVE_LEGAL_CORE,LATEST_IN_MEMBERSHIP_SEC_NPORT_NAME,7,5,34,768867,4.422091206931758e-05,1
W2021,WU,0001365135,WU,LOW,CONSERVATIVE_LEGAL_CORE,STAGE3I_MEMBERSHIP_NAME,7,7,54,768867,7.023321328656322e-05,1
W2021,WY,0000106535,WY,HIGH,FULL_AUTHORITATIVE_NAME_PRECISION_CONTROL,LATEST_IN_MEMBERSHIP_SEC_NPORT_NAME,7,0,0,768867,0.0,0
W2021,WYNN,0001174922,WYNN,MEDIUM,CONSERVATIVE_LEGAL_CORE,LATEST_IN_MEMBERSHIP_SEC_NPORT_NAME,7,5,15,768867,1.9509225912934226e-05,1
W2021,XEL,0000072903,XEL,MEDIUM,CONSERVATIVE_LEGAL_CORE,LATEST_IN_MEMBERSHIP_SEC_NPORT_NAME,7,7,73,768867,9.494489944294657e-05,1
W2021,XLNX,0000743988,XLNX,HIGH,FULL_AUTHORITATIVE_NAME_PRECISION_CONTROL,STAGE3I_MEMBERSHIP_NAME,7,5,65,768867,8.453997895604832e-05,1
W2021,XOM,0000034088,XOM,HIGH,FULL_AUTHORITATIVE_NAME_PRECISION_CONTROL,STAGE3G_AUTHORITATIVE_SAMPLE_NAME,7,6,57,768867,7.413505846915006e-05,1
W2021,XRAY,0000818479,XRAY,MEDIUM,CONSERVATIVE_LEGAL_CORE,STAGE3I_MEMBERSHIP_NAME,7,5,8,768867,1.0404920486898254e-05,1
W2021,XRX,0001770450,XRX,HIGH,FULL_AUTHORITATIVE_NAME_PRECISION_CONTROL,STAGE3I_MEMBERSHIP_NAME,7,0,0,768867,0.0,0
W2021,XYL,0001524472,XYL,HIGH,FULL_AUTHORITATIVE_NAME_PRECISION_CONTROL,STAGE3G_AUTHORITATIVE_SAMPLE_NAME,7,5,12,768867,1.560738073034738e-05,1
W2021,YUM,0001041061,YUM,MEDIUM,CONSERVATIVE_LEGAL_CORE,LATEST_IN_MEMBERSHIP_SEC_NPORT_NAME,7,4,13,768867,1.6907995791209662e-05,1
W2021,ZBH,0001136869,ZBH,MEDIUM,CONSERVATIVE_LEGAL_CORE,LATEST_IN_MEMBERSHIP_SEC_NPORT_NAME,7,7,35,768867,4.5521527130179865e-05,1
W2021,ZBRA,0000877212,ZBRA,LOW,CONSERVATIVE_LEGAL_CORE,LATEST_IN_MEMBERSHIP_SEC_NPORT_NAME,7,7,45,768867,5.852767773880268e-05,1
W2021,ZION,0001642140,ZION,MEDIUM,CONSERVATIVE_LEGAL_CORE,STAGE3I_MEMBERSHIP_NAME,7,0,0,768867,0.0,0
W2021,ZTS,0001555280,ZTS,HIGH,FULL_AUTHORITATIVE_NAME_PRECISION_CONTROL,LATEST_IN_MEMBERSHIP_SEC_NPORT_NAME,7,5,12,768867,1.560738073034738e-05,1
W2022,A,0001090872,A,MEDIUM,CONSERVATIVE_LEGAL_CORE,LATEST_IN_MEMBERSHIP_SEC_NPORT_NAME,7,6,51,589616,8.649697430191854e-05,1
W2022,AAL,0000006201,AAL,LOW,CONSERVATIVE_LEGAL_CORE,STAGE3I_MEMBERSHIP_NAME,7,6,59,589616,0.00010006512713359204,1
W2022,AAP,0001158449,AAP,LOW,CONSERVATIVE_LEGAL_CORE,STAGE3I_MEMBERSHIP_NAME,7,4,10,589616,1.696019103959187e-05,1
W2022,AAPL,0000320193,AAPL,HIGH,FULL_AUTHORITATIVE_NAME_PRECISION_CONTROL,LATEST_IN_MEMBERSHIP_SEC_NPORT_NAME,7,7,328,589616,0.0005562942660986133,1
W2022,ABBV,0001551152,ABBV,HIGH,FULL_AUTHORITATIVE_NAME_PRECISION_CONTROL,LATEST_IN_MEMBERSHIP_SEC_NPORT_NAME,7,7,118,589616,0.00020013025426718407,1
W2022,ABMD,0000815094,ABMD,HIGH,FULL_AUTHORITATIVE_NAME_PRECISION_CONTROL,STAGE3I_MEMBERSHIP_NAME,7,3,5,589616,8.480095519795936e-06,1
W2022,ABT,0000001800,ABT,MEDIUM,CONSERVATIVE_LEGAL_CORE,LATEST_IN_MEMBERSHIP_SEC_NPORT_NAME,7,7,106,589616,0.00017977802501967382,1
W2022,ACN,0001467373,ACN,LOW,CONSERVATIVE_LEGAL_CORE,LATEST_IN_MEMBERSHIP_SEC_NPORT_NAME,7,7,195,589616,0.0003307237252720415,1
W2022,ADBE,0000796343,ADBE,HIGH,FULL_AUTHORITATIVE_NAME_PRECISION_CONTROL,LATEST_IN_MEMBERSHIP_SEC_NPORT_NAME,7,7,21,589616,3.5616401183142926e-05,1
W2022,ADI,0000006281,ADI,MEDIUM,CONSERVATIVE_LEGAL_CORE,LATEST_IN_MEMBERSHIP_SEC_NPORT_NAME,7,5,56,589616,9.497706982171447e-05,1
W2022,ADM,0000007084,ADM,LOW,CONSERVATIVE_LEGAL_CORE,LATEST_IN_MEMBERSHIP_SEC_NPORT_NAME,7,6,75,589616,0.000127201432796939,1
W2022,ADP,0000008670,ADP,LOW,CONSERVATIVE_LEGAL_CORE,LATEST_IN_MEMBERSHIP_SEC_NPORT_NAME,7,1,2,589616,3.392038207918374e-06,1
W2022,ADSK,0000769397,ADSK,HIGH,FULL_AUTHORITATIVE_NAME_PRECISION_CONTROL,LATEST_IN_MEMBERSHIP_SEC_NPORT_NAME,7,5,10,589616,1.696019103959187e-05,1
W2022,AEE,0001002910,AEE,HIGH,FULL_AUTHORITATIVE_NAME_PRECISION_CONTROL,LATEST_IN_MEMBERSHIP_SEC_NPORT_NAME,7,0,0,589616,0.0,0
W2022,AEP,0000004904,AEP,LOW,CONSERVATIVE_LEGAL_CORE,LATEST_IN_MEMBERSHIP_SEC_NPORT_NAME,7,7,21,589616,3.5616401183142926e-05,1
W2022,AES,0000874761,AES,HIGH,FULL_AUTHORITATIVE_NAME_PRECISION_CONTROL,LATEST_IN_MEMBERSHIP_SEC_NPORT_NAME,7,0,0,589616,0.0,0
W2022,AFL,0000004977,AFL,HIGH,FULL_AUTHORITATIVE_NAME_PRECISION_CONTROL,LATEST_IN_MEMBERSHIP_SEC_NPORT_NAME,7,5,117,589616,0.00019843423516322488,1
W2022,AIG,0000005272,AIG,LOW,CONSERVATIVE_LEGAL_CORE,LATEST_IN_MEMBERSHIP_SEC_NPORT_NAME,7,7,43,589616,7.292882147024503e-05,1
W2022,AIZ,0001267238,AIZ,HIGH,FULL_AUTHORITATIVE_NAME_PRECISION_CONTROL,LATEST_IN_MEMBERSHIP_SEC_NPORT_NAME,7,1,3,589616,5.088057311877561e-06,1
W2022,AJG,0000354190,AJG,LOW,CONSERVATIVE_LEGAL_CORE,LATEST_IN_MEMBERSHIP_SEC_NPORT_NAME,7,0,0,589616,0.0,0
W2022,AKAM,0001086222,AKAM,MEDIUM,CONSERVATIVE_LEGAL_CORE,LATEST_IN_MEMBERSHIP_SEC_NPORT_NAME,7,6,21,589616,3.5616401183142926e-05,1
W2022,ALB,0000915913,ALB,HIGH,FULL_AUTHORITATIVE_NAME_PRECISION_CONTROL,LATEST_IN_MEMBERSHIP_SEC_NPORT_NAME,7,2,2,589616,3.392038207918374e-06,1
W2022,ALGN,0001097149,ALGN,MEDIUM,CONSERVATIVE_LEGAL_CORE,LATEST_IN_MEMBERSHIP_SEC_NPORT_NAME,7,0,0,589616,0.0,0
W2022,ALK,0000766421,ALK,LOW,CONSERVATIVE_LEGAL_CORE,STAGE3I_MEMBERSHIP_NAME,7,6,42,589616,7.123280236628585e-05,1
W2022,ALL,0000899051,ALL,HIGH,FULL_AUTHORITATIVE_NAME_PRECISION_CONTROL,LATEST_IN_MEMBERSHIP_SEC_NPORT_NAME,7,4,8,589616,1.3568152831673496e-05,1
W2022,ALLE,0001579241,ALLE,HIGH,FULL_AUTHORITATIVE_NAME_PRECISION_CONTROL,LATEST_IN_MEMBERSHIP_SEC_NPORT_NAME,7,0,0,589616,0.0,0
W2022,AMAT,,AMAT,MEDIUM,CONSERVATIVE_LEGAL_CORE,LATEST_IN_MEMBERSHIP_SEC_NPORT_NAME,7,5,27,589616,4.5792515806898046e-05,1
W2022,AMCR,0001748790,AMCR,HIGH,FULL_AUTHORITATIVE_NAME_PRECISION_CONTROL,LATEST_IN_MEMBERSHIP_SEC_NPORT_NAME,7,2,6,589616,1.0176114623755122e-05,1
W2022,AMD,0000002488,AMD,LOW,CONSERVATIVE_LEGAL_CORE,LATEST_IN_MEMBERSHIP_SEC_NPORT_NAME,7,7,25,589616,4.240047759897967e-05,1
W2022,AME,0001037868,AME,HIGH,FULL_AUTHORITATIVE_NAME_PRECISION_CONTROL,LATEST_IN_MEMBERSHIP_SEC_NPORT_NAME,7,3,4,589616,6.784076415836748e-06,1
W2022,AMGN,0000318154,AMGN,HIGH,FULL_AUTHORITATIVE_NAME_PRECISION_CONTROL,LATEST_IN_MEMBERSHIP_SEC_NPORT_NAME,7,5,27,589616,4.5792515806898046e-05,1
W2022,AMP,0000820027,AMP,MEDIUM,CONSERVATIVE_LEGAL_CORE,LATEST_IN_MEMBERSHIP_SEC_NPORT_NAME,7,4,10,589616,1.696019103959187e-05,1
W2022,AMT,,AMT,MEDIUM,CONSERVATIVE_LEGAL_CORE,LATEST_IN_MEMBERSHIP_SEC_NPORT_NAME,7,3,3,589616,5.088057311877561e-06,1
W2022,AMZN,0001018724,AMZN,MEDIUM,CONSERVATIVE_LEGAL_CORE,LATEST_IN_MEMBERSHIP_SEC_NPORT_NAME,7,1,1,589616,1.696019103959187e-06,1
W2022,ANET,0001596532,ANET,MEDIUM,CONSERVATIVE_LEGAL_CORE,LATEST_IN_MEMBERSHIP_SEC_NPORT_NAME,7,6,21,589616,3.5616401183142926e-05,1
W2022,ANSS,0001013462,ANSS,HIGH,FULL_AUTHORITATIVE_NAME_PRECISION_CONTROL,STAGE3I_MEMBERSHIP_NAME,7,6,19,589616,3.222436297522455e-05,1
W2022,AON,0000315293,AON,LOW,FULL_AUTHORITATIVE_NAME_PRECISION_CONTROL,LATEST_IN_MEMBERSHIP_SEC_NPORT_NAME,7,2,4,589616,6.784076415836748e-06,1
W2022,AOS,0000091142,AOS,LOW,CONSERVATIVE_LEGAL_CORE,STAGE3G_AUTHORITATIVE_SAMPLE_NAME,7,4,12,589616,2.0352229247510245e-05,1
W2022,APA,0001841666,APA,HIGH,FULL_AUTHORITATIVE_NAME_PRECISION_CONTROL,LATEST_IN_MEMBERSHIP_SEC_NPORT_NAME,7,0,0,589616,0.0,0
W2022,APD,0000002969,APD,LOW,CONSERVATIVE_LEGAL_CORE,LATEST_IN_MEMBERSHIP_SEC_NPORT_NAME,7,0,0,589616,0.0,0
W2022,APH,0000820313,APH,LOW,CONSERVATIVE_LEGAL_CORE,LATEST_IN_MEMBERSHIP_SEC_NPORT_NAME,7,2,4,589616,6.784076415836748e-06,1
W2022,APTV,0001521332,APTV,HIGH,FULL_AUTHORITATIVE_NAME_PRECISION_CONTROL,LATEST_IN_MEMBERSHIP_SEC_NPORT_NAME,7,2,4,589616,6.784076415836748e-06,1
W2022,ARE,0001035443,ARE,LOW,CONSERVATIVE_LEGAL_CORE,LATEST_IN_MEMBERSHIP_SEC_NPORT_NAME,7,3,6,589616,1.0176114623755122e-05,1
W2022,ATO,0000731802,ATO,MEDIUM,CONSERVATIVE_LEGAL_CORE,LATEST_IN_MEMBERSHIP_SEC_NPORT_NAME,7,3,6,589616,1.0176114623755122e-05,1
W2022,ATVI,0000718877,ATVI,MEDIUM,CONSERVATIVE_LEGAL_CORE,STAGE3I_MEMBERSHIP_NAME,7,7,41,589616,6.953678326232667e-05,1
W2022,AVB,0000915912,AVB,MEDIUM,CONSERVATIVE_LEGAL_CORE,LATEST_IN_MEMBERSHIP_SEC_NPORT_NAME,7,3,3,589616,5.088057311877561e-06,1
W2022,AVGO,0001730168,AVGO,HIGH,FULL_AUTHORITATIVE_NAME_PRECISION_CONTROL,LATEST_IN_MEMBERSHIP_SEC_NPORT_NAME,7,5,25,589616,4.240047759897967e-05,1
W2022,AVY,0000008818,AVY,MEDIUM,CONSERVATIVE_LEGAL_CORE,LATEST_IN_MEMBERSHIP_SEC_NPORT_NAME,7,5,25,589616,4.240047759897967e-05,1
W2022,AWK,,AWK,LOW,CONSERVATIVE_LEGAL_CORE,LATEST_IN_MEMBERSHIP_SEC_NPORT_NAME,7,1,2,589616,3.392038207918374e-06,1
W2022,AXP,0000004962,AXP,MEDIUM,CONSERVATIVE_LEGAL_CORE,LATEST_IN_MEMBERSHIP_SEC_NPORT_NAME,7,7,263,589616,0.00044605302434126616,1
W2022,AZO,0000866787,AZO,HIGH,FULL_AUTHORITATIVE_NAME_PRECISION_CONTROL,LATEST_IN_MEMBERSHIP_SEC_NPORT_NAME,7,2,3,589616,5.088057311877561e-06,1
W2022,BA,0000012927,BA,LOW,CONSERVATIVE_LEGAL_CORE,LATEST_IN_MEMBERSHIP_SEC_NPORT_NAME,7,7,960,589616,0.0016281783398008195,1
W2022,BAC,,BAC,LOW,CONSERVATIVE_LEGAL_CORE,LATEST_IN_MEMBERSHIP_SEC_NPORT_NAME,7,0,0,589616,0.0,0
W2022,BALL,0000009389,BALL,HIGH,FULL_AUTHORITATIVE_NAME_PRECISION_CONTROL,LATEST_IN_MEMBERSHIP_SEC_NPORT_NAME,7,2,4,589616,6.784076415836748e-06,1
W2022,BAX,0000010456,BAX,MEDIUM,CONSERVATIVE_LEGAL_CORE,LATEST_IN_MEMBERSHIP_SEC_NPORT_NAME,7,5,118,589616,0.00020013025426718407,1
W2022,BBWI,0000701985,BBWI,LOW,CONSERVATIVE_LEGAL_CORE,STAGE3I_MEMBERSHIP_NAME,7,0,0,589616,0.0,0
W2022,BBY,0000764478,BBY,HIGH,FULL_AUTHORITATIVE_NAME_PRECISION_CONTROL,LATEST_IN_MEMBERSHIP_SEC_NPORT_NAME,7,0,0,589616,0.0,0
W2022,BDX,0000010795,BDX,LOW,CONSERVATIVE_LEGAL_CORE,LATEST_IN_MEMBERSHIP_SEC_NPORT_NAME,7,0,0,589616,0.0,0
W2022,BEN,0000038777,BEN,MEDIUM,CONSERVATIVE_LEGAL_CORE,LATEST_IN_MEMBERSHIP_SEC_NPORT_NAME,7,6,35,589616,5.936066863857155e-05,1
W2022,BF.B,0000014693,BF.B,LOW,CONSERVATIVE_LEGAL_CORE,LATEST_IN_MEMBERSHIP_SEC_NPORT_NAME,7,0,0,589616,0.0,0
W2022,BIIB,0000875045,BIIB,HIGH,FULL_AUTHORITATIVE_NAME_PRECISION_CONTROL,LATEST_IN_MEMBERSHIP_SEC_NPORT_NAME,7,3,14,589616,2.3744267455428618e-05,1
W2022,BIO,0000012208,BIO,LOW,CONSERVATIVE_LEGAL_CORE,STAGE3I_MEMBERSHIP_NAME,7,4,25,589616,4.240047759897967e-05,1
W2022,BKNG,0001075531,BKNG,HIGH,FULL_AUTHORITATIVE_NAME_PRECISION_CONTROL,LATEST_IN_MEMBERSHIP_SEC_NPORT_NAME,7,0,0,589616,0.0,0
W2022,BKR,0001701605,BKR,MEDIUM,CONSERVATIVE_LEGAL_CORE,LATEST_IN_MEMBERSHIP_SEC_NPORT_NAME,7,7,116,589616,0.00019673821605926568,1
W2022,BLK,0002012383,BLK,HIGH,FULL_AUTHORITATIVE_NAME_PRECISION_CONTROL,STAGE3G_AUTHORITATIVE_SAMPLE_NAME,7,7,608,589616,0.0010311796152071857,1
W2022,BMY,0000014272,BMY,LOW,CONSERVATIVE_LEGAL_CORE,LATEST_IN_MEMBERSHIP_SEC_NPORT_NAME,7,6,123,589616,0.00020861034978698,1
W2022,BNY,0001390777,BNY,LOW,CONSERVATIVE_LEGAL_CORE,LATEST_IN_MEMBERSHIP_SEC_NPORT_NAME,7,0,0,589616,0.0,0
W2022,BR,0001383312,BR,LOW,CONSERVATIVE_LEGAL_CORE,LATEST_IN_MEMBERSHIP_SEC_NPORT_NAME,7,2,5,589616,8.480095519795936e-06,1
W2022,BRK.B,0001067983,BRK.B,LOW,CONSERVATIVE_LEGAL_CORE,LATEST_IN_MEMBERSHIP_SEC_NPORT_NAME,7,7,180,589616,0.00030528343871265366,1
W2022,BRO,0000079282,BRO,LOW,CONSERVATIVE_LEGAL_CORE,LATEST_IN_MEMBERSHIP_SEC_NPORT_NAME,7,0,0,589616,0.0,0
W2022,BSX,0000885725,BSX,MEDIUM,CONSERVATIVE_LEGAL_CORE,LATEST_IN_MEMBERSHIP_SEC_NPORT_NAME,7,7,82,589616,0.00013907356652465334,1
W2022,BWA,0000908255,BWA,HIGH,FULL_AUTHORITATIVE_NAME_PRECISION_CONTROL,STAGE3I_MEMBERSHIP_NAME,7,5,29,589616,4.918455401481642e-05,1
W2022,BXP,0001037540,BXP,HIGH,FULL_AUTHORITATIVE_NAME_PRECISION_CONTROL,LATEST_IN_MEMBERSHIP_SEC_NPORT_NAME,7,3,5,589616,8.480095519795936e-06,1
W2022,C,0000831001,C,HIGH,FULL_AUTHORITATIVE_NAME_PRECISION_CONTROL,LATEST_IN_MEMBERSHIP_SEC_NPORT_NAME,7,7,292,589616,0.0004952375783560826,1
W2022,CAG,0000023217,CAG,MEDIUM,CONSERVATIVE_LEGAL_CORE,LATEST_IN_MEMBERSHIP_SEC_NPORT_NAME,7,5,26,589616,4.409649670293886e-05,1
W2022,CAH,0000721371,CAH,MEDIUM,CONSERVATIVE_LEGAL_CORE,LATEST_IN_MEMBERSHIP_SEC_NPORT_NAME,7,6,228,589616,0.0003866923557026946,1
W2022,CARR,0001783180,CARR,MEDIUM,CONSERVATIVE_LEGAL_CORE,LATEST_IN_MEMBERSHIP_SEC_NPORT_NAME,7,2,2,589616,3.392038207918374e-06,1
W2022,CAT,0000018230,CAT,HIGH,FULL_AUTHORITATIVE_NAME_PRECISION_CONTROL,LATEST_IN_MEMBERSHIP_SEC_NPORT_NAME,7,5,29,589616,4.918455401481642e-05,1
W2022,CB,0000896159,CB,HIGH,FULL_AUTHORITATIVE_NAME_PRECISION_CONTROL,LATEST_IN_MEMBERSHIP_SEC_NPORT_NAME,7,2,4,589616,6.784076415836748e-06,1
W2022,CBOE,0001374310,CBOE,LOW,CONSERVATIVE_LEGAL_CORE,LATEST_IN_MEMBERSHIP_SEC_NPORT_NAME,7,1,1,589616,1.696019103959187e-06,1
W2022,CBRE,0001138118,CBRE,LOW,CONSERVATIVE_LEGAL_CORE,LATEST_IN_MEMBERSHIP_SEC_NPORT_NAME,7,0,0,589616,0.0,0
W2022,CCI,0001051470,CCI,MEDIUM,CONSERVATIVE_LEGAL_CORE,LATEST_IN_MEMBERSHIP_SEC_NPORT_NAME,7,3,3,589616,5.088057311877561e-06,1
W2022,CCL,0000815097,CCL,HIGH,FULL_AUTHORITATIVE_NAME_PRECISION_CONTROL,LATEST_IN_MEMBERSHIP_SEC_NPORT_NAME,7,3,5,589616,8.480095519795936e-06,1
W2022,CDNS,0000813672,CDNS,LOW,CONSERVATIVE_LEGAL_CORE,LATEST_IN_MEMBERSHIP_SEC_NPORT_NAME,7,4,10,589616,1.696019103959187e-05,1
W2022,CDW,0001402057,CDW,LOW,CONSERVATIVE_LEGAL_CORE,LATEST_IN_MEMBERSHIP_SEC_NPORT_NAME,7,0,0,589616,0.0,0
W2022,CE,0001306830,CE,HIGH,FULL_AUTHORITATIVE_NAME_PRECISION_CONTROL,STAGE3I_MEMBERSHIP_NAME,7,6,13,589616,2.204824835146943e-05,1
W2022,CEG,0001868275,CEG,MEDIUM,CONSERVATIVE_LEGAL_CORE,STAGE3G_AUTHORITATIVE_SAMPLE_NAME,7,4,25,589616,4.240047759897967e-05,1
W2022,CERN,0000804753,CERN,HIGH,FULL_AUTHORITATIVE_NAME_PRECISION_CONTROL,STAGE3I_MEMBERSHIP_NAME,7,6,29,589616,4.918455401481642e-05,1
W2022,CF,0001324404,CF,MEDIUM,CONSERVATIVE_LEGAL_CORE,LATEST_IN_MEMBERSHIP_SEC_NPORT_NAME,7,6,21,589616,3.5616401183142926e-05,1
W2022,CFG,0000759944,CFG,LOW,CONSERVATIVE_LEGAL_CORE,LATEST_IN_MEMBERSHIP_SEC_NPORT_NAME,7,3,5,589616,8.480095519795936e-06,1
W2022,CHD,0000313927,CHD,MEDIUM,CONSERVATIVE_LEGAL_CORE,LATEST_IN_MEMBERSHIP_SEC_NPORT_NAME,7,1,1,589616,1.696019103959187e-06,1
W2022,CHRW,0001043277,CHRW,LOW,CONSERVATIVE_LEGAL_CORE,STAGE3G_AUTHORITATIVE_SAMPLE_NAME,7,4,7,589616,1.1872133727714309e-05,1
W2022,CHTR,0001091667,CHTR,LOW,CONSERVATIVE_LEGAL_CORE,LATEST_IN_MEMBERSHIP_SEC_NPORT_NAME,7,5,51,589616,8.649697430191854e-05,1
W2022,CI,0001739940,CI,LOW,CONSERVATIVE_LEGAL_CORE,LATEST_IN_MEMBERSHIP_SEC_NPORT_NAME,7,7,66,589616,0.00011193726086130635,1
W2022,CINF,0000020286,CINF,MEDIUM,CONSERVATIVE_LEGAL_CORE,LATEST_IN_MEMBERSHIP_SEC_NPORT_NAME,7,1,1,589616,1.696019103959187e-06,1
W2022,CL,0000021665,CL,MEDIUM,CONSERVATIVE_LEGAL_CORE,LATEST_IN_MEMBERSHIP_SEC_NPORT_NAME,7,5,8,589616,1.3568152831673496e-05,1
W2022,CLX,0000021076,CLX,HIGH,FULL_AUTHORITATIVE_NAME_PRECISION_CONTROL,LATEST_IN_MEMBERSHIP_SEC_NPORT_NAME,7,0,0,589616,0.0,0
W2022,CMA,0000028412,CMA,HIGH,FULL_AUTHORITATIVE_NAME_PRECISION_CONTROL,STAGE3I_MEMBERSHIP_NAME,7,3,9,589616,1.5264171935632684e-05,1
W2022,CMCSA,0001166691,CMCSA,LOW,CONSERVATIVE_LEGAL_CORE,LATEST_IN_MEMBERSHIP_SEC_NPORT_NAME,7,7,128,589616,0.00021709044530677593,1
W2022,CME,0001156375,CME,MEDIUM,CONSERVATIVE_LEGAL_CORE,LATEST_IN_MEMBERSHIP_SEC_NPORT_NAME,7,2,3,589616,5.088057311877561e-06,1
W2022,CMG,0001058090,CMG,LOW,CONSERVATIVE_LEGAL_CORE,LATEST_IN_MEMBERSHIP_SEC_NPORT_NAME,7,7,31,589616,5.25765922227348e-05,1
W2022,CMI,0000026172,CMI,HIGH,FULL_AUTHORITATIVE_NAME_PRECISION_CONTROL,LATEST_IN_MEMBERSHIP_SEC_NPORT_NAME,7,5,23,589616,3.90084393910613e-05,1
W2022,CMS,0000811156,CMS,MEDIUM,CONSERVATIVE_LEGAL_CORE,LATEST_IN_MEMBERSHIP_SEC_NPORT_NAME,7,0,0,589616,0.0,0
W2022,CNC,0001071739,CNC,HIGH,FULL_AUTHORITATIVE_NAME_PRECISION_CONTROL,LATEST_IN_MEMBERSHIP_SEC_NPORT_NAME,7,5,6,589616,1.0176114623755122e-05,1
W2022,CNP,0001130310,CNP,MEDIUM,CONSERVATIVE_LEGAL_CORE,LATEST_IN_MEMBERSHIP_SEC_NPORT_NAME,7,7,16,589616,2.7136305663346992e-05,1
W2022,COF,0000927628,COF,LOW,CONSERVATIVE_LEGAL_CORE,LATEST_IN_MEMBERSHIP_SEC_NPORT_NAME,7,5,8,589616,1.3568152831673496e-05,1
W2022,COO,0000711404,COO,LOW,CONSERVATIVE_LEGAL_CORE,LATEST_IN_MEMBERSHIP_SEC_NPORT_NAME,7,0,0,589616,0.0,0
W2022,COP,0001163165,COP,HIGH,FULL_AUTHORITATIVE_NAME_PRECISION_CONTROL,LATEST_IN_MEMBERSHIP_SEC_NPORT_NAME,7,7,90,589616,0.00015264171935632683,1
W2022,COR,0001140859,COR,HIGH,FULL_AUTHORITATIVE_NAME_PRECISION_CONTROL,LATEST_IN_MEMBERSHIP_SEC_NPORT_NAME,7,7,170,589616,0.0002883232476730618,1
W2022,COST,0000909832,COST,MEDIUM,CONSERVATIVE_LEGAL_CORE,LATEST_IN_MEMBERSHIP_SEC_NPORT_NAME,7,6,15,589616,2.5440286559387805e-05,1
W2022,CPAY,0001175454,CPAY,HIGH,FULL_AUTHORITATIVE_NAME_PRECISION_CONTROL,LATEST_IN_MEMBERSHIP_SEC_NPORT_NAME,7,1,1,589616,1.696019103959187e-06,1
W2022,CPB,0000016732,CPB,LOW,CONSERVATIVE_LEGAL_CORE,LATEST_IN_MEMBERSHIP_SEC_NPORT_NAME,7,5,13,589616,2.204824835146943e-05,1
W2022,CPRT,0000900075,CPRT,HIGH,FULL_AUTHORITATIVE_NAME_PRECISION_CONTROL,LATEST_IN_MEMBERSHIP_SEC_NPORT_NAME,7,0,0,589616,0.0,0
W2022,CPT,0000906345,CPT,LOW,CONSERVATIVE_LEGAL_CORE,LATEST_IN_MEMBERSHIP_SEC_NPORT_NAME,7,3,5,589616,8.480095519795936e-06,1
W2022,CRL,0001100682,CRL,LOW,CONSERVATIVE_LEGAL_CORE,LATEST_IN_MEMBERSHIP_SEC_NPORT_NAME,7,4,7,589616,1.1872133727714309e-05,1
W2022,CRM,0001108524,CRM,HIGH,FULL_AUTHORITATIVE_NAME_PRECISION_CONTROL,LATEST_IN_MEMBERSHIP_SEC_NPORT_NAME,7,5,6,589616,1.0176114623755122e-05,1
W2022,CSCO,0000858877,CSCO,MEDIUM,CONSERVATIVE_LEGAL_CORE,LATEST_IN_MEMBERSHIP_SEC_NPORT_NAME,7,7,137,589616,0.00023235461724240862,1
W2022,CSX,0000277948,CSX,HIGH,FULL_AUTHORITATIVE_NAME_PRECISION_CONTROL,LATEST_IN_MEMBERSHIP_SEC_NPORT_NAME,7,0,0,589616,0.0,0
W2022,CTAS,0000723254,CTAS,HIGH,FULL_AUTHORITATIVE_NAME_PRECISION_CONTROL,LATEST_IN_MEMBERSHIP_SEC_NPORT_NAME,7,1,1,589616,1.696019103959187e-06,1
W2022,CTLT,0001596783,CTLT,HIGH,FULL_AUTHORITATIVE_NAME_PRECISION_CONTROL,STAGE3I_MEMBERSHIP_NAME,7,4,6,589616,1.0176114623755122e-05,1
W2022,CTRA,,CTRA,MEDIUM,CONSERVATIVE_LEGAL_CORE,LATEST_IN_MEMBERSHIP_SEC_NPORT_NAME,7,5,12,589616,2.0352229247510245e-05,1
W2022,CTSH,0001058290,CTSH,LOW,CONSERVATIVE_LEGAL_CORE,LATEST_IN_MEMBERSHIP_SEC_NPORT_NAME,7,4,11,589616,1.8656210143551058e-05,1
W2022,CTVA,0001755672,CTVA,HIGH,FULL_AUTHORITATIVE_NAME_PRECISION_CONTROL,LATEST_IN_MEMBERSHIP_SEC_NPORT_NAME,7,4,8,589616,1.3568152831673496e-05,1
W2022,CTXS,0000877890,CTXS,MEDIUM,CONSERVATIVE_LEGAL_CORE,STAGE3I_MEMBERSHIP_NAME,7,5,24,589616,4.070445849502049e-05,1
W2022,CVS,0000064803,CVS,MEDIUM,CONSERVATIVE_LEGAL_CORE,LATEST_IN_MEMBERSHIP_SEC_NPORT_NAME,7,2,3,589616,5.088057311877561e-06,1
W2022,CVX,0000093410,CVX,HIGH,FULL_AUTHORITATIVE_NAME_PRECISION_CONTROL,LATEST_IN_MEMBERSHIP_SEC_NPORT_NAME,7,7,30,589616,5.088057311877561e-05,1
W2022,CZR,0001590895,CZR,MEDIUM,CONSERVATIVE_LEGAL_CORE,STAGE3I_MEMBERSHIP_NAME,7,7,84,589616,0.0001424656047325717,1
W2022,D,0000715957,D,MEDIUM,CONSERVATIVE_LEGAL_CORE,LATEST_IN_MEMBERSHIP_SEC_NPORT_NAME,7,7,37,589616,6.275270684648992e-05,1
W2022,DAL,0000027904,DAL,LOW,CONSERVATIVE_LEGAL_CORE,LATEST_IN_MEMBERSHIP_SEC_NPORT_NAME,7,7,731,589616,0.0012397899649941658,1
W2022,DAY,,DAY,MEDIUM,CONSERVATIVE_LEGAL_CORE,LATEST_IN_MEMBERSHIP_SEC_NPORT_NAME,7,1,1,589616,1.696019103959187e-06,1
W2022,DD,0001666700,DD,LOW,CONSERVATIVE_LEGAL_CORE,LATEST_IN_MEMBERSHIP_SEC_NPORT_NAME,7,6,48,589616,8.140891699004098e-05,1
W2022,DE,0000315189,DE,HIGH,FULL_AUTHORITATIVE_NAME_PRECISION_CONTROL,LATEST_IN_MEMBERSHIP_SEC_NPORT_NAME,7,0,0,589616,0.0,0
W2022,DFS,0001393612,DFS,LOW,CONSERVATIVE_LEGAL_CORE,STAGE3I_MEMBERSHIP_NAME,7,0,0,589616,0.0,0
W2022,DG,0000029534,DG,MEDIUM,CONSERVATIVE_LEGAL_CORE,LATEST_IN_MEMBERSHIP_SEC_NPORT_NAME,7,6,11,589616,1.8656210143551058e-05,1
W2022,DGX,0001022079,DGX,MEDIUM,CONSERVATIVE_LEGAL_CORE,LATEST_IN_MEMBERSHIP_SEC_NPORT_NAME,7,7,43,589616,7.292882147024503e-05,1
W2022,DHI,0000882184,DHI,MEDIUM,CONSERVATIVE_LEGAL_CORE,LATEST_IN_MEMBERSHIP_SEC_NPORT_NAME,7,0,0,589616,0.0,0
W2022,DHR,,DHR,HIGH,FULL_AUTHORITATIVE_NAME_PRECISION_CONTROL,LATEST_IN_MEMBERSHIP_SEC_NPORT_NAME,7,3,10,589616,1.696019103959187e-05,1
W2022,DIS,0001744489,DIS,LOW,CONSERVATIVE_LEGAL_CORE,LATEST_IN_MEMBERSHIP_SEC_NPORT_NAME,7,7,448,589616,0.0007598165585737158,1
W2022,DISH,,DISH,MEDIUM,CONSERVATIVE_LEGAL_CORE,STAGE3I_MEMBERSHIP_NAME,7,0,0,589616,0.0,0
W2022,DLR,0001297996,DLR,LOW,CONSERVATIVE_LEGAL_CORE,LATEST_IN_MEMBERSHIP_SEC_NPORT_NAME,7,3,4,589616,6.784076415836748e-06,1
W2022,DLTR,0000935703,DLTR,MEDIUM,CONSERVATIVE_LEGAL_CORE,LATEST_IN_MEMBERSHIP_SEC_NPORT_NAME,7,7,69,589616,0.0001170253181731839,1
W2022,DOC,0000765880,DOC,MEDIUM,CONSERVATIVE_LEGAL_CORE,LATEST_IN_MEMBERSHIP_SEC_NPORT_NAME,7,1,1,589616,1.696019103959187e-06,1
W2022,DOV,0000029905,DOV,HIGH,FULL_AUTHORITATIVE_NAME_PRECISION_CONTROL,LATEST_IN_MEMBERSHIP_SEC_NPORT_NAME,7,1,1,589616,1.696019103959187e-06,1
W2022,DOW,0001751788,DOW,HIGH,FULL_AUTHORITATIVE_NAME_PRECISION_CONTROL,LATEST_IN_MEMBERSHIP_SEC_NPORT_NAME,7,7,48,589616,8.140891699004098e-05,1
W2022,DPZ,0001286681,DPZ,LOW,CONSERVATIVE_LEGAL_CORE,LATEST_IN_MEMBERSHIP_SEC_NPORT_NAME,7,0,0,589616,0.0,0
W2022,DRE,0000783280,DRE,MEDIUM,CONSERVATIVE_LEGAL_CORE,STAGE3I_MEMBERSHIP_NAME,7,4,5,589616,8.480095519795936e-06,1
W2022,DRI,0000940944,DRI,MEDIUM,CONSERVATIVE_LEGAL_CORE,LATEST_IN_MEMBERSHIP_SEC_NPORT_NAME,7,7,47,589616,7.97128978860818e-05,1
W2022,DTE,0000936340,DTE,MEDIUM,CONSERVATIVE_LEGAL_CORE,LATEST_IN_MEMBERSHIP_SEC_NPORT_NAME,7,0,0,589616,0.0,0
W2022,DUK,0001326160,DUK,MEDIUM,CONSERVATIVE_LEGAL_CORE,LATEST_IN_MEMBERSHIP_SEC_NPORT_NAME,7,7,84,589616,0.0001424656047325717,1
W2022,DVA,0000927066,DVA,HIGH,FULL_AUTHORITATIVE_NAME_PRECISION_CONTROL,LATEST_IN_MEMBERSHIP_SEC_NPORT_NAME,7,7,31,589616,5.25765922227348e-05,1
W2022,DVN,0001090012,DVN,MEDIUM,CONSERVATIVE_LEGAL_CORE,LATEST_IN_MEMBERSHIP_SEC_NPORT_NAME,7,7,72,589616,0.00012211337548506147,1
W2022,DXC,0001688568,DXC,MEDIUM,CONSERVATIVE_LEGAL_CORE,STAGE3I_MEMBERSHIP_NAME,7,0,0,589616,0.0,0
W2022,DXCM,0001093557,DXCM,HIGH,FULL_AUTHORITATIVE_NAME_PRECISION_CONTROL,LATEST_IN_MEMBERSHIP_SEC_NPORT_NAME,7,4,5,589616,8.480095519795936e-06,1
W2022,EA,,EA,MEDIUM,CONSERVATIVE_LEGAL_CORE,LATEST_IN_MEMBERSHIP_SEC_NPORT_NAME,7,6,20,589616,3.392038207918374e-05,1
W2022,EBAY,0001065088,EBAY,HIGH,FULL_AUTHORITATIVE_NAME_PRECISION_CONTROL,LATEST_IN_MEMBERSHIP_SEC_NPORT_NAME,7,1,1,589616,1.696019103959187e-06,1
W2022,ECL,0000031462,ECL,HIGH,FULL_AUTHORITATIVE_NAME_PRECISION_CONTROL,LATEST_IN_MEMBERSHIP_SEC_NPORT_NAME,7,4,13,589616,2.204824835146943e-05,1
W2022,ED,0001047862,ED,MEDIUM,CONSERVATIVE_LEGAL_CORE,LATEST_IN_MEMBERSHIP_SEC_NPORT_NAME,7,3,5,589616,8.480095519795936e-06,1
W2022,EFX,0000033185,EFX,HIGH,FULL_AUTHORITATIVE_NAME_PRECISION_CONTROL,LATEST_IN_MEMBERSHIP_SEC_NPORT_NAME,7,2,4,589616,6.784076415836748e-06,1
W2022,EG,0001095073,EG,MEDIUM,CONSERVATIVE_LEGAL_CORE,LATEST_IN_MEMBERSHIP_SEC_NPORT_NAME,7,3,3,589616,5.088057311877561e-06,1
W2022,EIX,0000827052,EIX,MEDIUM,CONSERVATIVE_LEGAL_CORE,LATEST_IN_MEMBERSHIP_SEC_NPORT_NAME,7,5,13,589616,2.204824835146943e-05,1
W2022,EL,0001001250,EL,LOW,CONSERVATIVE_LEGAL_CORE,STAGE3G_AUTHORITATIVE_SAMPLE_NAME,7,0,0,589616,0.0,0
W2022,ELV,0001156039,ELV,MEDIUM,CONSERVATIVE_LEGAL_CORE,LATEST_IN_MEMBERSHIP_SEC_NPORT_NAME,7,5,13,589616,2.204824835146943e-05,1
W2022,EMN,0000915389,EMN,MEDIUM,CONSERVATIVE_LEGAL_CORE,STAGE3I_MEMBERSHIP_NAME,7,7,23,589616,3.90084393910613e-05,1
W2022,EMR,0000032604,EMR,MEDIUM,CONSERVATIVE_LEGAL_CORE,LATEST_IN_MEMBERSHIP_SEC_NPORT_NAME,7,5,36,589616,6.105668774253074e-05,1
W2022,ENPH,0001463101,ENPH,MEDIUM,CONSERVATIVE_LEGAL_CORE,STAGE3I_MEMBERSHIP_NAME,7,7,18,589616,3.052834387126537e-05,1
W2022,EOG,0000821189,EOG,MEDIUM,CONSERVATIVE_LEGAL_CORE,LATEST_IN_MEMBERSHIP_SEC_NPORT_NAME,7,1,1,589616,1.696019103959187e-06,1
W2022,EPAM,0001352010,EPAM,MEDIUM,CONSERVATIVE_LEGAL_CORE,STAGE3I_MEMBERSHIP_NAME,7,2,2,589616,3.392038207918374e-06,1
W2022,EQIX,0001101239,EQIX,HIGH,FULL_AUTHORITATIVE_NAME_PRECISION_CONTROL,LATEST_IN_MEMBERSHIP_SEC_NPORT_NAME,7,3,7,589616,1.1872133727714309e-05,1
W2022,EQR,,EQR,MEDIUM,CONSERVATIVE_LEGAL_CORE,LATEST_IN_MEMBERSHIP_SEC_NPORT_NAME,7,5,10,589616,1.696019103959187e-05,1
W2022,ES,0000072741,ES,MEDIUM,CONSERVATIVE_LEGAL_CORE,LATEST_IN_MEMBERSHIP_SEC_NPORT_NAME,7,4,7,589616,1.1872133727714309e-05,1
W2022,ESS,0000920522,ESS,LOW,CONSERVATIVE_LEGAL_CORE,LATEST_IN_MEMBERSHIP_SEC_NPORT_NAME,7,0,0,589616,0.0,0
W2022,ETN,0001551182,ETN,HIGH,FULL_AUTHORITATIVE_NAME_PRECISION_CONTROL,LATEST_IN_MEMBERSHIP_SEC_NPORT_NAME,7,0,0,589616,0.0,0
W2022,ETR,0000065984,ETR,HIGH,FULL_AUTHORITATIVE_NAME_PRECISION_CONTROL,LATEST_IN_MEMBERSHIP_SEC_NPORT_NAME,7,4,7,589616,1.1872133727714309e-05,1
W2022,ETSY,0001370637,ETSY,HIGH,QUALIFIED_FULL_AUTHORITATIVE_NAME_BARE_TICKER_CONTROL,STAGE3I_MEMBERSHIP_NAME,7,6,18,589616,3.052834387126537e-05,1
W2022,EVRG,0001711269,EVRG,HIGH,FULL_AUTHORITATIVE_NAME_PRECISION_CONTROL,LATEST_IN_MEMBERSHIP_SEC_NPORT_NAME,7,2,3,589616,5.088057311877561e-06,1
W2022,EW,0001099800,EW,MEDIUM,CONSERVATIVE_LEGAL_CORE,LATEST_IN_MEMBERSHIP_SEC_NPORT_NAME,7,7,14,589616,2.3744267455428618e-05,1
W2022,EXC,0001109357,EXC,HIGH,FULL_AUTHORITATIVE_NAME_PRECISION_CONTROL,LATEST_IN_MEMBERSHIP_SEC_NPORT_NAME,7,3,3,589616,5.088057311877561e-06,1
W2022,EXPD,0000746515,EXPD,LOW,CONSERVATIVE_LEGAL_CORE,LATEST_IN_MEMBERSHIP_SEC_NPORT_NAME,7,1,2,589616,3.392038207918374e-06,1
W2022,EXPE,0001324424,EXPE,MEDIUM,CONSERVATIVE_LEGAL_CORE,LATEST_IN_MEMBERSHIP_SEC_NPORT_NAME,7,5,116,589616,0.00019673821605926568,1
W2022,EXR,0001289490,EXR,LOW,CONSERVATIVE_LEGAL_CORE,LATEST_IN_MEMBERSHIP_SEC_NPORT_NAME,7,0,0,589616,0.0,0
W2022,F,0000037996,F,MEDIUM,CONSERVATIVE_LEGAL_CORE,LATEST_IN_MEMBERSHIP_SEC_NPORT_NAME,7,7,159,589616,0.0002696670375295107,1
W2022,FANG,0001539838,FANG,MEDIUM,CONSERVATIVE_LEGAL_CORE,LATEST_IN_MEMBERSHIP_SEC_NPORT_NAME,7,6,20,589616,3.392038207918374e-05,1
W2022,FAST,0000815556,FAST,HIGH,FULL_AUTHORITATIVE_NAME_PRECISION_CONTROL,LATEST_IN_MEMBERSHIP_SEC_NPORT_NAME,7,2,6,589616,1.0176114623755122e-05,1
W2022,FBHS,0001519751,FBHS,LOW,CONSERVATIVE_LEGAL_CORE,STAGE3I_MEMBERSHIP_NAME,7,0,0,589616,0.0,0
W2022,FCX,0000831259,FCX,MEDIUM,CONSERVATIVE_LEGAL_CORE,LATEST_IN_MEMBERSHIP_SEC_NPORT_NAME,7,5,22,589616,3.7312420287102116e-05,1
W2022,FDS,0001013237,FDS,LOW,CONSERVATIVE_LEGAL_CORE,LATEST_IN_MEMBERSHIP_SEC_NPORT_NAME,7,3,11,589616,1.8656210143551058e-05,1
W2022,FDX,0001048911,FDX,HIGH,FULL_AUTHORITATIVE_NAME_PRECISION_CONTROL,LATEST_IN_MEMBERSHIP_SEC_NPORT_NAME,7,5,16,589616,2.7136305663346992e-05,1
W2022,FE,0001031296,FE,HIGH,FULL_AUTHORITATIVE_NAME_PRECISION_CONTROL,LATEST_IN_MEMBERSHIP_SEC_NPORT_NAME,7,3,5,589616,8.480095519795936e-06,1
W2022,FFIV,0001048695,FFIV,HIGH,FULL_AUTHORITATIVE_NAME_PRECISION_CONTROL,LATEST_IN_MEMBERSHIP_SEC_NPORT_NAME,7,0,0,589616,0.0,0
W2022,FIS,0001136893,FIS,LOW,CONSERVATIVE_LEGAL_CORE,LATEST_IN_MEMBERSHIP_SEC_NPORT_NAME,7,4,5,589616,8.480095519795936e-06,1
W2022,FISV,0000798354,FISV,HIGH,FULL_AUTHORITATIVE_NAME_PRECISION_CONTROL,LATEST_IN_MEMBERSHIP_SEC_NPORT_NAME,7,6,9,589616,1.5264171935632684e-05,1
W2022,FITB,0000035527,FITB,LOW,CONSERVATIVE_LEGAL_CORE,LATEST_IN_MEMBERSHIP_SEC_NPORT_NAME,7,7,53,589616,8.988901250983691e-05,1
W2022,FMC,0000037785,FMC,HIGH,QUALIFIED_FULL_AUTHORITATIVE_NAME_BARE_TICKER_CONTROL,STAGE3I_MEMBERSHIP_NAME,7,0,0,589616,0.0,0
W2022,FOX,0001754301,FOX,LOW,FULL_AUTHORITATIVE_NAME_PRECISION_CONTROL,LATEST_IN_MEMBERSHIP_SEC_NPORT_NAME,7,7,34,589616,5.766464953461236e-05,1
W2022,FOXA,0001754301,FOXA,LOW,FULL_AUTHORITATIVE_NAME_PRECISION_CONTROL,LATEST_IN_MEMBERSHIP_SEC_NPORT_NAME,7,7,34,589616,5.766464953461236e-05,1
W2022,FRC,0001132979,FRC,LOW,CONSERVATIVE_LEGAL_CORE,STAGE3I_MEMBERSHIP_NAME,7,4,16,589616,2.7136305663346992e-05,1
W2022,FRT,0000034903,FRT,LOW,CONSERVATIVE_LEGAL_CORE,LATEST_IN_MEMBERSHIP_SEC_NPORT_NAME,7,0,0,589616,0.0,0
W2022,FTNT,0001262039,FTNT,HIGH,FULL_AUTHORITATIVE_NAME_PRECISION_CONTROL,LATEST_IN_MEMBERSHIP_SEC_NPORT_NAME,7,3,9,589616,1.5264171935632684e-05,1
W2022,FTV,0001659166,FTV,HIGH,FULL_AUTHORITATIVE_NAME_PRECISION_CONTROL,LATEST_IN_MEMBERSHIP_SEC_NPORT_NAME,7,3,6,589616,1.0176114623755122e-05,1
W2022,GD,0000040533,GD,MEDIUM,CONSERVATIVE_LEGAL_CORE,LATEST_IN_MEMBERSHIP_SEC_NPORT_NAME,7,0,0,589616,0.0,0
W2022,GE,0000040545,GE,MEDIUM,CONSERVATIVE_LEGAL_CORE,LATEST_IN_MEMBERSHIP_SEC_NPORT_NAME,7,2,2,589616,3.392038207918374e-06,1
W2022,GEN,0000849399,GEN,MEDIUM,CONSERVATIVE_LEGAL_CORE,LATEST_IN_MEMBERSHIP_SEC_NPORT_NAME,7,5,82,589616,0.00013907356652465334,1
W2022,GILD,0000882095,GILD,MEDIUM,CONSERVATIVE_LEGAL_CORE,LATEST_IN_MEMBERSHIP_SEC_NPORT_NAME,7,7,60,589616,0.00010176114623755122,1
W2022,GIS,0000040704,GIS,MEDIUM,CONSERVATIVE_LEGAL_CORE,LATEST_IN_MEMBERSHIP_SEC_NPORT_NAME,7,0,0,589616,0.0,0
W2022,GL,0000320335,GL,MEDIUM,CONSERVATIVE_LEGAL_CORE,LATEST_IN_MEMBERSHIP_SEC_NPORT_NAME,7,1,2,589616,3.392038207918374e-06,1
W2022,GLW,0000024741,GLW,HIGH,FULL_AUTHORITATIVE_NAME_PRECISION_CONTROL,LATEST_IN_MEMBERSHIP_SEC_NPORT_NAME,7,3,17,589616,2.883232476730618e-05,1
W2022,GM,0001467858,GM,MEDIUM,CONSERVATIVE_LEGAL_CORE,LATEST_IN_MEMBERSHIP_SEC_NPORT_NAME,7,7,25,589616,4.240047759897967e-05,1
W2022,GNRC,0001474735,GNRC,HIGH,FULL_AUTHORITATIVE_NAME_PRECISION_CONTROL,LATEST_IN_MEMBERSHIP_SEC_NPORT_NAME,7,4,6,589616,1.0176114623755122e-05,1
W2022,GOOG,0001652044,GOOG,LOW,CONSERVATIVE_LEGAL_CORE,LATEST_IN_MEMBERSHIP_SEC_NPORT_NAME,7,7,149,589616,0.00025270684648991885,1
W2022,GOOGL,0001652044,GOOGL,LOW,CONSERVATIVE_LEGAL_CORE,LATEST_IN_MEMBERSHIP_SEC_NPORT_NAME,7,7,149,589616,0.00025270684648991885,1
W2022,GPC,0000040987,GPC,MEDIUM,CONSERVATIVE_LEGAL_CORE,LATEST_IN_MEMBERSHIP_SEC_NPORT_NAME,7,2,4,589616,6.784076415836748e-06,1
W2022,GPN,0001123360,GPN,MEDIUM,CONSERVATIVE_LEGAL_CORE,LATEST_IN_MEMBERSHIP_SEC_NPORT_NAME,7,2,3,589616,5.088057311877561e-06,1
W2022,GRMN,0001121788,GRMN,HIGH,FULL_AUTHORITATIVE_NAME_PRECISION_CONTROL,LATEST_IN_MEMBERSHIP_SEC_NPORT_NAME,7,5,24,589616,4.070445849502049e-05,1
W2022,GS,0000886982,GS,LOW,CONSERVATIVE_LEGAL_CORE,LATEST_IN_MEMBERSHIP_SEC_NPORT_NAME,7,7,830,589616,0.0014076958562861252,1
W2022,GWW,,GWW,MEDIUM,CONSERVATIVE_LEGAL_CORE,LATEST_IN_MEMBERSHIP_SEC_NPORT_NAME,7,0,0,589616,0.0,0
W2022,HAL,0000045012,HAL,HIGH,FULL_AUTHORITATIVE_NAME_PRECISION_CONTROL,LATEST_IN_MEMBERSHIP_SEC_NPORT_NAME,7,6,10,589616,1.696019103959187e-05,1
W2022,HAS,0000046080,HAS,HIGH,FULL_AUTHORITATIVE_NAME_PRECISION_CONTROL,LATEST_IN_MEMBERSHIP_SEC_NPORT_NAME,7,3,5,589616,8.480095519795936e-06,1
W2022,HBAN,0000049196,HBAN,MEDIUM,CONSERVATIVE_LEGAL_CORE,STAGE3G_AUTHORITATIVE_SAMPLE_NAME,7,2,5,589616,8.480095519795936e-06,1
W2022,HCA,0000860730,HCA,MEDIUM,CONSERVATIVE_LEGAL_CORE,LATEST_IN_MEMBERSHIP_SEC_NPORT_NAME,7,0,0,589616,0.0,0
W2022,HD,0000354950,HD,MEDIUM,CONSERVATIVE_LEGAL_CORE,LATEST_IN_MEMBERSHIP_SEC_NPORT_NAME,7,5,11,589616,1.8656210143551058e-05,1
W2022,HES,0000004447,HES,HIGH,FULL_AUTHORITATIVE_NAME_PRECISION_CONTROL,STAGE3I_MEMBERSHIP_NAME,7,6,13,589616,2.204824835146943e-05,1
W2022,HIG,0000874766,HIG,LOW,CONSERVATIVE_LEGAL_CORE,LATEST_IN_MEMBERSHIP_SEC_NPORT_NAME,7,5,24,589616,4.070445849502049e-05,1
W2022,HII,0001501585,HII,LOW,CONSERVATIVE_LEGAL_CORE,LATEST_IN_MEMBERSHIP_SEC_NPORT_NAME,7,5,30,589616,5.088057311877561e-05,1
W2022,HLT,0001585689,HLT,LOW,CONSERVATIVE_LEGAL_CORE,LATEST_IN_MEMBERSHIP_SEC_NPORT_NAME,7,1,1,589616,1.696019103959187e-06,1
W2022,HOLX,,HOLX,HIGH,FULL_AUTHORITATIVE_NAME_PRECISION_CONTROL,LATEST_IN_MEMBERSHIP_SEC_NPORT_NAME,7,4,20,589616,3.392038207918374e-05,1
W2022,HON,0000773840,HON,MEDIUM,CONSERVATIVE_LEGAL_CORE,LATEST_IN_MEMBERSHIP_SEC_NPORT_NAME,7,6,112,589616,0.00018995413964342895,1
W2022,HPE,0001645590,HPE,LOW,CONSERVATIVE_LEGAL_CORE,LATEST_IN_MEMBERSHIP_SEC_NPORT_NAME,7,5,11,589616,1.8656210143551058e-05,1
W2022,HPQ,0000047217,HPQ,HIGH,FULL_AUTHORITATIVE_NAME_PRECISION_CONTROL,LATEST_IN_MEMBERSHIP_SEC_NPORT_NAME,7,7,38,589616,6.44487259504491e-05,1
W2022,HRL,0000048465,HRL,MEDIUM,CONSERVATIVE_LEGAL_CORE,LATEST_IN_MEMBERSHIP_SEC_NPORT_NAME,7,7,29,589616,4.918455401481642e-05,1
W2022,HSIC,0001000228,HSIC,MEDIUM,CONSERVATIVE_LEGAL_CORE,LATEST_IN_MEMBERSHIP_SEC_NPORT_NAME,7,2,3,589616,5.088057311877561e-06,1
W2022,HST,0001070750,HST,LOW,CONSERVATIVE_LEGAL_CORE,LATEST_IN_MEMBERSHIP_SEC_NPORT_NAME,7,0,0,589616,0.0,0
W2022,HSY,0000047111,HSY,LOW,CONSERVATIVE_LEGAL_CORE,LATEST_IN_MEMBERSHIP_SEC_NPORT_NAME,7,7,38,589616,6.44487259504491e-05,1
W2022,HUM,0000049071,HUM,HIGH,FULL_AUTHORITATIVE_NAME_PRECISION_CONTROL,LATEST_IN_MEMBERSHIP_SEC_NPORT_NAME,7,5,14,589616,2.3744267455428618e-05,1
W2022,HWM,0000004281,HWM,MEDIUM,CONSERVATIVE_LEGAL_CORE,LATEST_IN_MEMBERSHIP_SEC_NPORT_NAME,7,5,8,589616,1.3568152831673496e-05,1
W2022,IBM,0000051143,IBM,LOW,CONSERVATIVE_LEGAL_CORE,LATEST_IN_MEMBERSHIP_SEC_NPORT_NAME,7,7,67,589616,0.00011363327996526553,1
W2022,ICE,0001571949,ICE,LOW,CONSERVATIVE_LEGAL_CORE,LATEST_IN_MEMBERSHIP_SEC_NPORT_NAME,7,7,23,589616,3.90084393910613e-05,1
W2022,IDXX,0000874716,IDXX,MEDIUM,CONSERVATIVE_LEGAL_CORE,LATEST_IN_MEMBERSHIP_SEC_NPORT_NAME,7,1,2,589616,3.392038207918374e-06,1
W2022,IEX,0000832101,IEX,HIGH,FULL_AUTHORITATIVE_NAME_PRECISION_CONTROL,LATEST_IN_MEMBERSHIP_SEC_NPORT_NAME,7,0,0,589616,0.0,0
W2022,IFF,0000051253,IFF,LOW,CONSERVATIVE_LEGAL_CORE,LATEST_IN_MEMBERSHIP_SEC_NPORT_NAME,7,0,0,589616,0.0,0
W2022,ILMN,0001110803,ILMN,HIGH,FULL_AUTHORITATIVE_NAME_PRECISION_CONTROL,STAGE3I_MEMBERSHIP_NAME,7,6,18,589616,3.052834387126537e-05,1
W2022,INCY,0000879169,INCY,HIGH,FULL_AUTHORITATIVE_NAME_PRECISION_CONTROL,LATEST_IN_MEMBERSHIP_SEC_NPORT_NAME,7,2,4,589616,6.784076415836748e-06,1
W2022,INTC,0000050863,INTC,HIGH,FULL_AUTHORITATIVE_NAME_PRECISION_CONTROL,LATEST_IN_MEMBERSHIP_SEC_NPORT_NAME,7,6,47,589616,7.97128978860818e-05,1
W2022,INTU,0000896878,INTU,HIGH,FULL_AUTHORITATIVE_NAME_PRECISION_CONTROL,LATEST_IN_MEMBERSHIP_SEC_NPORT_NAME,7,5,10,589616,1.696019103959187e-05,1
W2022,IP,,IP,MEDIUM,CONSERVATIVE_LEGAL_CORE,LATEST_IN_MEMBERSHIP_SEC_NPORT_NAME,7,5,21,589616,3.5616401183142926e-05,1
W2022,IPG,,IPG,MEDIUM,CONSERVATIVE_LEGAL_CORE,STAGE3I_MEMBERSHIP_NAME,7,1,1,589616,1.696019103959187e-06,1
W2022,IPGP,0001111928,IPGP,MEDIUM,CONSERVATIVE_LEGAL_CORE,STAGE3I_MEMBERSHIP_NAME,7,0,0,589616,0.0,0
W2022,IQV,0001478242,IQV,HIGH,FULL_AUTHORITATIVE_NAME_PRECISION_CONTROL,LATEST_IN_MEMBERSHIP_SEC_NPORT_NAME,7,0,0,589616,0.0,0
W2022,IR,0001699150,IR,MEDIUM,CONSERVATIVE_LEGAL_CORE,LATEST_IN_MEMBERSHIP_SEC_NPORT_NAME,7,4,9,589616,1.5264171935632684e-05,1
W2022,IRM,0001020569,IRM,MEDIUM,CONSERVATIVE_LEGAL_CORE,LATEST_IN_MEMBERSHIP_SEC_NPORT_NAME,7,6,10,589616,1.696019103959187e-05,1
W2022,ISRG,0001035267,ISRG,MEDIUM,CONSERVATIVE_LEGAL_CORE,LATEST_IN_MEMBERSHIP_SEC_NPORT_NAME,7,4,6,589616,1.0176114623755122e-05,1
W2022,IT,0000749251,IT,HIGH,FULL_AUTHORITATIVE_NAME_PRECISION_CONTROL,LATEST_IN_MEMBERSHIP_SEC_NPORT_NAME,7,6,18,589616,3.052834387126537e-05,1
W2022,ITW,0000049826,ITW,LOW,CONSERVATIVE_LEGAL_CORE,LATEST_IN_MEMBERSHIP_SEC_NPORT_NAME,7,5,14,589616,2.3744267455428618e-05,1
W2022,IVZ,0000914208,IVZ,HIGH,FULL_AUTHORITATIVE_NAME_PRECISION_CONTROL,STAGE3G_AUTHORITATIVE_SAMPLE_NAME,7,7,154,589616,0.0002611869420097148,1
W2022,J,0000052988,J,MEDIUM,CONSERVATIVE_LEGAL_CORE,STAGE3G_AUTHORITATIVE_SAMPLE_NAME,7,5,6,589616,1.0176114623755122e-05,1
W2022,JBHT,0000728535,JBHT,LOW,CONSERVATIVE_LEGAL_CORE,STAGE3G_AUTHORITATIVE_SAMPLE_NAME,7,1,2,589616,3.392038207918374e-06,1
W2022,JCI,0000833444,JCI,LOW,CONSERVATIVE_LEGAL_CORE,LATEST_IN_MEMBERSHIP_SEC_NPORT_NAME,7,4,17,589616,2.883232476730618e-05,1
W2022,JKHY,0000779152,JKHY,LOW,CONSERVATIVE_LEGAL_CORE,STAGE3G_AUTHORITATIVE_SAMPLE_NAME,7,0,0,589616,0.0,0
W2022,JNJ,0000200406,JNJ,MEDIUM,CONSERVATIVE_LEGAL_CORE,LATEST_IN_MEMBERSHIP_SEC_NPORT_NAME,7,0,0,589616,0.0,0
W2022,JNPR,0001043604,JNPR,MEDIUM,CONSERVATIVE_LEGAL_CORE,STAGE3I_MEMBERSHIP_NAME,7,5,33,589616,5.5968630430653174e-05,1
W2022,JPM,0000019617,JPM,MEDIUM,CONSERVATIVE_LEGAL_CORE,LATEST_IN_MEMBERSHIP_SEC_NPORT_NAME,7,0,0,589616,0.0,0
W2022,K,0000055067,K,HIGH,FULL_AUTHORITATIVE_NAME_PRECISION_CONTROL,STAGE3I_MEMBERSHIP_NAME,7,5,20,589616,3.392038207918374e-05,1
W2022,KEY,,KEY,HIGH,FULL_AUTHORITATIVE_NAME_PRECISION_CONTROL,LATEST_IN_MEMBERSHIP_SEC_NPORT_NAME,7,7,220,589616,0.00037312420287102116,1
W2022,KEYS,0001601046,KEYS,LOW,CONSERVATIVE_LEGAL_CORE,LATEST_IN_MEMBERSHIP_SEC_NPORT_NAME,7,5,14,589616,2.3744267455428618e-05,1
W2022,KHC,0001637459,KHC,LOW,CONSERVATIVE_LEGAL_CORE,LATEST_IN_MEMBERSHIP_SEC_NPORT_NAME,7,5,23,589616,3.90084393910613e-05,1
W2022,KIM,0000879101,KIM,MEDIUM,CONSERVATIVE_LEGAL_CORE,LATEST_IN_MEMBERSHIP_SEC_NPORT_NAME,7,1,1,589616,1.696019103959187e-06,1
W2022,KLAC,0000319201,KLAC,HIGH,FULL_AUTHORITATIVE_NAME_PRECISION_CONTROL,LATEST_IN_MEMBERSHIP_SEC_NPORT_NAME,7,0,0,589616,0.0,0
W2022,KMB,0000055785,KMB,MEDIUM,CONSERVATIVE_LEGAL_CORE,LATEST_IN_MEMBERSHIP_SEC_NPORT_NAME,7,5,16,589616,2.7136305663346992e-05,1
W2022,KMI,0001506307,KMI,MEDIUM,CONSERVATIVE_LEGAL_CORE,LATEST_IN_MEMBERSHIP_SEC_NPORT_NAME,7,3,5,589616,8.480095519795936e-06,1
W2022,KMX,0001170010,KMX,HIGH,FULL_AUTHORITATIVE_NAME_PRECISION_CONTROL,STAGE3I_MEMBERSHIP_NAME,7,5,16,589616,2.7136305663346992e-05,1
W2022,KO,0000021344,KO,LOW,CONSERVATIVE_LEGAL_CORE,LATEST_IN_MEMBERSHIP_SEC_NPORT_NAME,7,7,60,589616,0.00010176114623755122,1
W2022,KR,0000056873,KR,HIGH,FULL_AUTHORITATIVE_NAME_PRECISION_CONTROL,LATEST_IN_MEMBERSHIP_SEC_NPORT_NAME,7,5,22,589616,3.7312420287102116e-05,1
W2022,L,0000060086,L,HIGH,FULL_AUTHORITATIVE_NAME_PRECISION_CONTROL,LATEST_IN_MEMBERSHIP_SEC_NPORT_NAME,7,0,0,589616,0.0,0
W2022,LDOS,0001336920,LDOS,HIGH,FULL_AUTHORITATIVE_NAME_PRECISION_CONTROL,LATEST_IN_MEMBERSHIP_SEC_NPORT_NAME,7,2,4,589616,6.784076415836748e-06,1
W2022,LEN,0000920760,LEN,LOW,CONSERVATIVE_LEGAL_CORE,LATEST_IN_MEMBERSHIP_SEC_NPORT_NAME,7,5,10,589616,1.696019103959187e-05,1
W2022,LH,0000920148,LH,HIGH,FULL_AUTHORITATIVE_NAME_PRECISION_CONTROL,STAGE3G_AUTHORITATIVE_SAMPLE_NAME,7,4,10,589616,1.696019103959187e-05,1
W2022,LHX,0000202058,LHX,MEDIUM,CONSERVATIVE_LEGAL_CORE,LATEST_IN_MEMBERSHIP_SEC_NPORT_NAME,7,0,0,589616,0.0,0
W2022,LIN,0001707925,LIN,HIGH,FULL_AUTHORITATIVE_NAME_PRECISION_CONTROL,LATEST_IN_MEMBERSHIP_SEC_NPORT_NAME,7,1,8,589616,1.3568152831673496e-05,1
W2022,LKQ,0001065696,LKQ,HIGH,QUALIFIED_FULL_AUTHORITATIVE_NAME_BARE_TICKER_CONTROL,STAGE3I_MEMBERSHIP_NAME,7,0,0,589616,0.0,0
W2022,LLY,0000059478,LLY,MEDIUM,CONSERVATIVE_LEGAL_CORE,LATEST_IN_MEMBERSHIP_SEC_NPORT_NAME,7,0,0,589616,0.0,0
W2022,LMT,0000936468,LMT,MEDIUM,CONSERVATIVE_LEGAL_CORE,LATEST_IN_MEMBERSHIP_SEC_NPORT_NAME,7,7,308,589616,0.0005223738840194296,1
W2022,LNC,0000059558,LNC,MEDIUM,CONSERVATIVE_LEGAL_CORE,STAGE3I_MEMBERSHIP_NAME,7,3,5,589616,8.480095519795936e-06,1
W2022,LNT,0000352541,LNT,MEDIUM,CONSERVATIVE_LEGAL_CORE,LATEST_IN_MEMBERSHIP_SEC_NPORT_NAME,7,7,33,589616,5.5968630430653174e-05,1
W2022,LOW,0000060667,LOW,LOW,CONSERVATIVE_LEGAL_CORE,LATEST_IN_MEMBERSHIP_SEC_NPORT_NAME,7,0,0,589616,0.0,0
W2022,LRCX,0000707549,LRCX,MEDIUM,CONSERVATIVE_LEGAL_CORE,LATEST_IN_MEMBERSHIP_SEC_NPORT_NAME,7,6,23,589616,3.90084393910613e-05,1
W2022,LUMN,0000018926,LUMN,MEDIUM,CONSERVATIVE_LEGAL_CORE,STAGE3I_MEMBERSHIP_NAME,7,1,1,589616,1.696019103959187e-06,1
W2022,LUV,0000092380,LUV,MEDIUM,CONSERVATIVE_LEGAL_CORE,LATEST_IN_MEMBERSHIP_SEC_NPORT_NAME,7,7,234,589616,0.00039686847032644975,1
W2022,LVS,0001300514,LVS,LOW,CONSERVATIVE_LEGAL_CORE,LATEST_IN_MEMBERSHIP_SEC_NPORT_NAME,7,5,6,589616,1.0176114623755122e-05,1
W2022,LW,0001679273,LW,MEDIUM,CONSERVATIVE_LEGAL_CORE,LATEST_IN_MEMBERSHIP_SEC_NPORT_NAME,7,1,1,589616,1.696019103959187e-06,1
W2022,LYB,0001489393,LYB,LOW,CONSERVATIVE_LEGAL_CORE,STAGE3G_AUTHORITATIVE_SAMPLE_NAME,7,0,0,589616,0.0,0
W2022,LYV,0001335258,LYV,LOW,CONSERVATIVE_LEGAL_CORE,LATEST_IN_MEMBERSHIP_SEC_NPORT_NAME,7,1,1,589616,1.696019103959187e-06,1
W2022,MA,0001141391,MA,LOW,CONSERVATIVE_LEGAL_CORE,LATEST_IN_MEMBERSHIP_SEC_NPORT_NAME,7,7,291,589616,0.0004935415592521235,1
W2022,MAA,0000912595,MAA,LOW,CONSERVATIVE_LEGAL_CORE,LATEST_IN_MEMBERSHIP_SEC_NPORT_NAME,7,0,0,589616,0.0,0
W2022,MAR,0001048286,MAR,LOW,CONSERVATIVE_LEGAL_CORE,STAGE3G_AUTHORITATIVE_SAMPLE_NAME,7,7,119,589616,0.00020182627337114324,1
W2022,MAS,0000062996,MAS,HIGH,FULL_AUTHORITATIVE_NAME_PRECISION_CONTROL,LATEST_IN_MEMBERSHIP_SEC_NPORT_NAME,7,2,2,589616,3.392038207918374e-06,1
W2022,MCD,0000063908,MCD,MEDIUM,CONSERVATIVE_LEGAL_CORE,LATEST_IN_MEMBERSHIP_SEC_NPORT_NAME,7,7,167,589616,0.00028323519036118423,1
W2022,MCHP,0000827054,MCHP,MEDIUM,CONSERVATIVE_LEGAL_CORE,LATEST_IN_MEMBERSHIP_SEC_NPORT_NAME,7,5,23,589616,3.90084393910613e-05,1
W2022,MCK,0000927653,MCK,HIGH,FULL_AUTHORITATIVE_NAME_PRECISION_CONTROL,LATEST_IN_MEMBERSHIP_SEC_NPORT_NAME,7,3,57,589616,9.667308892567366e-05,1
W2022,MCO,0001059556,MCO,HIGH,FULL_AUTHORITATIVE_NAME_PRECISION_CONTROL,LATEST_IN_MEMBERSHIP_SEC_NPORT_NAME,7,0,0,589616,0.0,0
W2022,MDLZ,0001103982,MDLZ,LOW,CONSERVATIVE_LEGAL_CORE,LATEST_IN_MEMBERSHIP_SEC_NPORT_NAME,7,6,29,589616,4.918455401481642e-05,1
W2022,MDT,0001613103,MDT,HIGH,FULL_AUTHORITATIVE_NAME_PRECISION_CONTROL,LATEST_IN_MEMBERSHIP_SEC_NPORT_NAME,7,6,15,589616,2.5440286559387805e-05,1
W2022,MET,0001099219,MET,HIGH,FULL_AUTHORITATIVE_NAME_PRECISION_CONTROL,LATEST_IN_MEMBERSHIP_SEC_NPORT_NAME,7,5,14,589616,2.3744267455428618e-05,1
W2022,META,0001326801,META,LOW,CONSERVATIVE_LEGAL_CORE,LATEST_IN_MEMBERSHIP_SEC_NPORT_NAME,7,7,100,589616,0.0001696019103959187,1
W2022,MGM,0000789570,MGM,LOW,CONSERVATIVE_LEGAL_CORE,LATEST_IN_MEMBERSHIP_SEC_NPORT_NAME,7,1,1,589616,1.696019103959187e-06,1
W2022,MHK,0000851968,MHK,MEDIUM,CONSERVATIVE_LEGAL_CORE,STAGE3I_MEMBERSHIP_NAME,7,2,5,589616,8.480095519795936e-06,1
W2022,MKC,0000063754,MKC,LOW,CONSERVATIVE_LEGAL_CORE,STAGE3G_AUTHORITATIVE_SAMPLE_NAME,7,0,0,589616,0.0,0
W2022,MKTX,0001278021,MKTX,HIGH,FULL_AUTHORITATIVE_NAME_PRECISION_CONTROL,STAGE3I_MEMBERSHIP_NAME,7,2,2,589616,3.392038207918374e-06,1
W2022,MLM,0000916076,MLM,LOW,CONSERVATIVE_LEGAL_CORE,LATEST_IN_MEMBERSHIP_SEC_NPORT_NAME,7,1,3,589616,5.088057311877561e-06,1
W2022,MMM,0000066740,MMM,HIGH,FULL_AUTHORITATIVE_NAME_PRECISION_CONTROL,LATEST_IN_MEMBERSHIP_SEC_NPORT_NAME,7,0,0,589616,0.0,0
W2022,MNST,0000865752,MNST,MEDIUM,CONSERVATIVE_LEGAL_CORE,LATEST_IN_MEMBERSHIP_SEC_NPORT_NAME,7,2,2,589616,3.392038207918374e-06,1
W2022,MO,0000764180,MO,MEDIUM,CONSERVATIVE_LEGAL_CORE,LATEST_IN_MEMBERSHIP_SEC_NPORT_NAME,7,6,14,589616,2.3744267455428618e-05,1
W2022,MOH,0001179929,MOH,MEDIUM,CONSERVATIVE_LEGAL_CORE,STAGE3I_MEMBERSHIP_NAME,7,4,7,589616,1.1872133727714309e-05,1
W2022,MOS,0001285785,MOS,LOW,CONSERVATIVE_LEGAL_CORE,LATEST_IN_MEMBERSHIP_SEC_NPORT_NAME,7,5,27,589616,4.5792515806898046e-05,1
W2022,MPC,0001510295,MPC,MEDIUM,CONSERVATIVE_LEGAL_CORE,LATEST_IN_MEMBERSHIP_SEC_NPORT_NAME,7,5,18,589616,3.052834387126537e-05,1
W2022,MPWR,0001280452,MPWR,LOW,CONSERVATIVE_LEGAL_CORE,LATEST_IN_MEMBERSHIP_SEC_NPORT_NAME,7,0,0,589616,0.0,0
W2022,MRK,0000310158,MRK,HIGH,FULL_AUTHORITATIVE_NAME_PRECISION_CONTROL,LATEST_IN_MEMBERSHIP_SEC_NPORT_NAME,7,0,0,589616,0.0,0
W2022,MRNA,0001682852,MRNA,HIGH,FULL_AUTHORITATIVE_NAME_PRECISION_CONTROL,LATEST_IN_MEMBERSHIP_SEC_NPORT_NAME,7,5,82,589616,0.00013907356652465334,1
W2022,MRO,0000101778,MRO,MEDIUM,CONSERVATIVE_LEGAL_CORE,STAGE3I_MEMBERSHIP_NAME,7,6,95,589616,0.00016112181487612276,1
W2022,MRSH,0000062709,MRSH,LOW,CONSERVATIVE_LEGAL_CORE,STAGE3G_AUTHORITATIVE_SAMPLE_NAME,7,0,0,589616,0.0,0
W2022,MS,0000895421,MS,MEDIUM,CONSERVATIVE_LEGAL_CORE,LATEST_IN_MEMBERSHIP_SEC_NPORT_NAME,7,7,2243,589616,0.0038041708501804564,1
W2022,MSCI,0001408198,MSCI,HIGH,FULL_AUTHORITATIVE_NAME_PRECISION_CONTROL,LATEST_IN_MEMBERSHIP_SEC_NPORT_NAME,7,1,2,589616,3.392038207918374e-06,1
W2022,MSFT,0000789019,MSFT,HIGH,FULL_AUTHORITATIVE_NAME_PRECISION_CONTROL,LATEST_IN_MEMBERSHIP_SEC_NPORT_NAME,7,7,90,589616,0.00015264171935632683,1
W2022,MSI,0000068505,MSI,MEDIUM,CONSERVATIVE_LEGAL_CORE,LATEST_IN_MEMBERSHIP_SEC_NPORT_NAME,7,5,19,589616,3.222436297522455e-05,1
W2022,MTB,0000036270,MTB,HIGH,FULL_AUTHORITATIVE_NAME_PRECISION_CONTROL,LATEST_IN_MEMBERSHIP_SEC_NPORT_NAME,7,0,0,589616,0.0,0
W2022,MTCH,0000891103,MTCH,MEDIUM,CONSERVATIVE_LEGAL_CORE,STAGE3I_MEMBERSHIP_NAME,7,0,0,589616,0.0,0
W2022,MTD,0001037646,MTD,LOW,CONSERVATIVE_LEGAL_CORE,LATEST_IN_MEMBERSHIP_SEC_NPORT_NAME,7,3,6,589616,1.0176114623755122e-05,1
W2022,MU,0000723125,MU,MEDIUM,CONSERVATIVE_LEGAL_CORE,LATEST_IN_MEMBERSHIP_SEC_NPORT_NAME,7,6,29,589616,4.918455401481642e-05,1
W2022,NCLH,0001513761,NCLH,LOW,CONSERVATIVE_LEGAL_CORE,LATEST_IN_MEMBERSHIP_SEC_NPORT_NAME,7,4,7,589616,1.1872133727714309e-05,1
W2022,NDAQ,0001120193,NDAQ,HIGH,FULL_AUTHORITATIVE_NAME_PRECISION_CONTROL,LATEST_IN_MEMBERSHIP_SEC_NPORT_NAME,7,5,9,589616,1.5264171935632684e-05,1
W2022,NDSN,0000072331,NDSN,HIGH,FULL_AUTHORITATIVE_NAME_PRECISION_CONTROL,LATEST_IN_MEMBERSHIP_SEC_NPORT_NAME,7,1,2,589616,3.392038207918374e-06,1
W2022,NEE,0000753308,NEE,MEDIUM,CONSERVATIVE_LEGAL_CORE,LATEST_IN_MEMBERSHIP_SEC_NPORT_NAME,7,6,42,589616,7.123280236628585e-05,1
W2022,NEM,0001164727,NEM,HIGH,FULL_AUTHORITATIVE_NAME_PRECISION_CONTROL,LATEST_IN_MEMBERSHIP_SEC_NPORT_NAME,7,5,9,589616,1.5264171935632684e-05,1
W2022,NFLX,0001065280,NFLX,HIGH,FULL_AUTHORITATIVE_NAME_PRECISION_CONTROL,LATEST_IN_MEMBERSHIP_SEC_NPORT_NAME,7,7,55,589616,9.328105071775529e-05,1
W2022,NI,0001111711,NI,HIGH,FULL_AUTHORITATIVE_NAME_PRECISION_CONTROL,LATEST_IN_MEMBERSHIP_SEC_NPORT_NAME,7,2,3,589616,5.088057311877561e-06,1
W2022,NKE,0000320187,NKE,LOW,CONSERVATIVE_LEGAL_CORE,LATEST_IN_MEMBERSHIP_SEC_NPORT_NAME,7,6,29,589616,4.918455401481642e-05,1
W2022,NLSN,,NLSN,HIGH,FULL_AUTHORITATIVE_NAME_PRECISION_CONTROL,STAGE3I_MEMBERSHIP_NAME,7,3,5,589616,8.480095519795936e-06,1
W2022,NOC,,NOC,MEDIUM,CONSERVATIVE_LEGAL_CORE,LATEST_IN_MEMBERSHIP_SEC_NPORT_NAME,7,7,192,589616,0.0003256356679601639,1
W2022,NOW,0001373715,NOW,HIGH,FULL_AUTHORITATIVE_NAME_PRECISION_CONTROL,LATEST_IN_MEMBERSHIP_SEC_NPORT_NAME,7,2,3,589616,5.088057311877561e-06,1
W2022,NRG,0001013871,NRG,MEDIUM,CONSERVATIVE_LEGAL_CORE,LATEST_IN_MEMBERSHIP_SEC_NPORT_NAME,7,0,0,589616,0.0,0
W2022,NSC,0000702165,NSC,MEDIUM,CONSERVATIVE_LEGAL_CORE,LATEST_IN_MEMBERSHIP_SEC_NPORT_NAME,7,7,118,589616,0.00020013025426718407,1
W2022,NTAP,0001002047,NTAP,HIGH,FULL_AUTHORITATIVE_NAME_PRECISION_CONTROL,LATEST_IN_MEMBERSHIP_SEC_NPORT_NAME,7,3,5,589616,8.480095519795936e-06,1
W2022,NTRS,0000073124,NTRS,MEDIUM,CONSERVATIVE_LEGAL_CORE,LATEST_IN_MEMBERSHIP_SEC_NPORT_NAME,7,7,35,589616,5.936066863857155e-05,1
W2022,NUE,0000073309,NUE,HIGH,FULL_AUTHORITATIVE_NAME_PRECISION_CONTROL,LATEST_IN_MEMBERSHIP_SEC_NPORT_NAME,7,4,4,589616,6.784076415836748e-06,1
W2022,NVDA,0001045810,NVDA,HIGH,FULL_AUTHORITATIVE_NAME_PRECISION_CONTROL,LATEST_IN_MEMBERSHIP_SEC_NPORT_NAME,7,5,23,589616,3.90084393910613e-05,1
W2022,NVR,0000906163,NVR,HIGH,FULL_AUTHORITATIVE_NAME_PRECISION_CONTROL,LATEST_IN_MEMBERSHIP_SEC_NPORT_NAME,7,1,1,589616,1.696019103959187e-06,1
W2022,NWL,0000814453,NWL,MEDIUM,CONSERVATIVE_LEGAL_CORE,STAGE3I_MEMBERSHIP_NAME,7,4,8,589616,1.3568152831673496e-05,1
W2022,NWS,0001564708,NWS,LOW,CONSERVATIVE_LEGAL_CORE,LATEST_IN_MEMBERSHIP_SEC_NPORT_NAME,7,7,87,589616,0.00014755366204444927,1
W2022,NWSA,0001564708,NWSA,LOW,CONSERVATIVE_LEGAL_CORE,LATEST_IN_MEMBERSHIP_SEC_NPORT_NAME,7,7,87,589616,0.00014755366204444927,1
W2022,NXPI,0001413447,NXPI,MEDIUM,CONSERVATIVE_LEGAL_CORE,LATEST_IN_MEMBERSHIP_SEC_NPORT_NAME,7,1,2,589616,3.392038207918374e-06,1
W2022,O,0000726728,O,MEDIUM,CONSERVATIVE_LEGAL_CORE,LATEST_IN_MEMBERSHIP_SEC_NPORT_NAME,7,7,19,589616,3.222436297522455e-05,1
W2022,ODFL,0000878927,ODFL,LOW,CONSERVATIVE_LEGAL_CORE,LATEST_IN_MEMBERSHIP_SEC_NPORT_NAME,7,2,2,589616,3.392038207918374e-06,1
W2022,OGN,0001821825,OGN,HIGH,FULL_AUTHORITATIVE_NAME_PRECISION_CONTROL,STAGE3I_MEMBERSHIP_NAME,7,0,0,589616,0.0,0
W2022,OKE,,OKE,HIGH,FULL_AUTHORITATIVE_NAME_PRECISION_CONTROL,LATEST_IN_MEMBERSHIP_SEC_NPORT_NAME,7,1,1,589616,1.696019103959187e-06,1
W2022,OMC,0000029989,OMC,MEDIUM,CONSERVATIVE_LEGAL_CORE,LATEST_IN_MEMBERSHIP_SEC_NPORT_NAME,7,6,10,589616,1.696019103959187e-05,1
W2022,ORCL,0001341439,ORCL,HIGH,FULL_AUTHORITATIVE_NAME_PRECISION_CONTROL,LATEST_IN_MEMBERSHIP_SEC_NPORT_NAME,7,5,28,589616,4.7488534910857236e-05,1
W2022,ORLY,0000898173,ORLY,LOW,CONSERVATIVE_LEGAL_CORE,LATEST_IN_MEMBERSHIP_SEC_NPORT_NAME,7,4,4,589616,6.784076415836748e-06,1
W2022,OTIS,0001781335,OTIS,MEDIUM,CONSERVATIVE_LEGAL_CORE,LATEST_IN_MEMBERSHIP_SEC_NPORT_NAME,7,4,5,589616,8.480095519795936e-06,1
W2022,OXY,0000797468,OXY,MEDIUM,CONSERVATIVE_LEGAL_CORE,LATEST_IN_MEMBERSHIP_SEC_NPORT_NAME,7,6,105,589616,0.00017808200591571462,1
W2022,PAYC,0001590955,PAYC,MEDIUM,CONSERVATIVE_LEGAL_CORE,LATEST_IN_MEMBERSHIP_SEC_NPORT_NAME,7,3,5,589616,8.480095519795936e-06,1
W2022,PAYX,0000723531,PAYX,HIGH,FULL_AUTHORITATIVE_NAME_PRECISION_CONTROL,LATEST_IN_MEMBERSHIP_SEC_NPORT_NAME,7,0,0,589616,0.0,0
W2022,PCAR,0000075362,PCAR,HIGH,FULL_AUTHORITATIVE_NAME_PRECISION_CONTROL,LATEST_IN_MEMBERSHIP_SEC_NPORT_NAME,7,2,4,589616,6.784076415836748e-06,1
W2022,PEG,0000788784,PEG,LOW,CONSERVATIVE_LEGAL_CORE,LATEST_IN_MEMBERSHIP_SEC_NPORT_NAME,7,1,1,589616,1.696019103959187e-06,1
W2022,PENN,0000921738,PENN,LOW,CONSERVATIVE_LEGAL_CORE,STAGE3I_MEMBERSHIP_NAME,7,5,31,589616,5.25765922227348e-05,1
W2022,PEP,0000077476,PEP,HIGH,FULL_AUTHORITATIVE_NAME_PRECISION_CONTROL,LATEST_IN_MEMBERSHIP_SEC_NPORT_NAME,7,6,31,589616,5.25765922227348e-05,1
W2022,PFE,0000078003,PFE,HIGH,FULL_AUTHORITATIVE_NAME_PRECISION_CONTROL,LATEST_IN_MEMBERSHIP_SEC_NPORT_NAME,7,7,172,589616,0.00029171528588098014,1
W2022,PFG,0001126328,PFG,LOW,CONSERVATIVE_LEGAL_CORE,LATEST_IN_MEMBERSHIP_SEC_NPORT_NAME,7,6,31,589616,5.25765922227348e-05,1
W2022,PG,0000080424,PG,LOW,CONSERVATIVE_LEGAL_CORE,LATEST_IN_MEMBERSHIP_SEC_NPORT_NAME,7,1,1,589616,1.696019103959187e-06,1
W2022,PGR,0000080661,PGR,HIGH,FULL_AUTHORITATIVE_NAME_PRECISION_CONTROL,LATEST_IN_MEMBERSHIP_SEC_NPORT_NAME,7,2,6,589616,1.0176114623755122e-05,1
W2022,PH,0000076334,PH,MEDIUM,CONSERVATIVE_LEGAL_CORE,LATEST_IN_MEMBERSHIP_SEC_NPORT_NAME,7,6,40,589616,6.784076415836748e-05,1
W2022,PHM,0000822416,PHM,HIGH,FULL_AUTHORITATIVE_NAME_PRECISION_CONTROL,LATEST_IN_MEMBERSHIP_SEC_NPORT_NAME,7,3,3,589616,5.088057311877561e-06,1
W2022,PKG,0000075677,PKG,LOW,CONSERVATIVE_LEGAL_CORE,LATEST_IN_MEMBERSHIP_SEC_NPORT_NAME,7,0,0,589616,0.0,0
W2022,PLD,0001045609,PLD,HIGH,FULL_AUTHORITATIVE_NAME_PRECISION_CONTROL,LATEST_IN_MEMBERSHIP_SEC_NPORT_NAME,7,1,1,589616,1.696019103959187e-06,1
W2022,PM,0001413329,PM,LOW,CONSERVATIVE_LEGAL_CORE,LATEST_IN_MEMBERSHIP_SEC_NPORT_NAME,7,5,12,589616,2.0352229247510245e-05,1
W2022,PNC,0000713676,PNC,LOW,CONSERVATIVE_LEGAL_CORE,LATEST_IN_MEMBERSHIP_SEC_NPORT_NAME,7,0,0,589616,0.0,0
W2022,PNR,0000077360,PNR,HIGH,FULL_AUTHORITATIVE_NAME_PRECISION_CONTROL,LATEST_IN_MEMBERSHIP_SEC_NPORT_NAME,7,2,4,589616,6.784076415836748e-06,1
W2022,PNW,0000764622,PNW,LOW,CONSERVATIVE_LEGAL_CORE,LATEST_IN_MEMBERSHIP_SEC_NPORT_NAME,7,2,2,589616,3.392038207918374e-06,1
W2022,POOL,0000945841,POOL,HIGH,FULL_AUTHORITATIVE_NAME_PRECISION_CONTROL,LATEST_IN_MEMBERSHIP_SEC_NPORT_NAME,7,1,1,589616,1.696019103959187e-06,1
W2022,PPG,0000079879,PPG,MEDIUM,CONSERVATIVE_LEGAL_CORE,LATEST_IN_MEMBERSHIP_SEC_NPORT_NAME,7,4,5,589616,8.480095519795936e-06,1
W2022,PPL,0000922224,PPL,HIGH,FULL_AUTHORITATIVE_NAME_PRECISION_CONTROL,LATEST_IN_MEMBERSHIP_SEC_NPORT_NAME,7,0,0,589616,0.0,0
W2022,PRU,0001137774,PRU,MEDIUM,CONSERVATIVE_LEGAL_CORE,LATEST_IN_MEMBERSHIP_SEC_NPORT_NAME,7,5,8,589616,1.3568152831673496e-05,1
W2022,PSA,0001393311,PSA,MEDIUM,CONSERVATIVE_LEGAL_CORE,LATEST_IN_MEMBERSHIP_SEC_NPORT_NAME,7,0,0,589616,0.0,0
W2022,PSKY,0002041610,PSKY,LOW,CONSERVATIVE_LEGAL_CORE,STAGE3G_AUTHORITATIVE_SAMPLE_NAME,7,0,0,589616,0.0,0
W2022,PSX,0001534701,PSX,MEDIUM,CONSERVATIVE_LEGAL_CORE,LATEST_IN_MEMBERSHIP_SEC_NPORT_NAME,7,0,0,589616,0.0,0
W2022,PTC,0000857005,PTC,HIGH,FULL_AUTHORITATIVE_NAME_PRECISION_CONTROL,LATEST_IN_MEMBERSHIP_SEC_NPORT_NAME,7,3,7,589616,1.1872133727714309e-05,1
W2022,PVH,0000078239,PVH,HIGH,QUALIFIED_FULL_AUTHORITATIVE_NAME_BARE_TICKER_CONTROL,STAGE3I_MEMBERSHIP_NAME,7,1,1,589616,1.696019103959187e-06,1
W2022,PWR,0001050915,PWR,MEDIUM,CONSERVATIVE_LEGAL_CORE,LATEST_IN_MEMBERSHIP_SEC_NPORT_NAME,7,3,9,589616,1.5264171935632684e-05,1
W2022,PXD,0001038357,PXD,LOW,CONSERVATIVE_LEGAL_CORE,STAGE3I_MEMBERSHIP_NAME,7,5,12,589616,2.0352229247510245e-05,1
W2022,PYPL,0001633917,PYPL,HIGH,FULL_AUTHORITATIVE_NAME_PRECISION_CONTROL,LATEST_IN_MEMBERSHIP_SEC_NPORT_NAME,7,6,38,589616,6.44487259504491e-05,1
W2022,QCOM,0000804328,QCOM,HIGH,FULL_AUTHORITATIVE_NAME_PRECISION_CONTROL,LATEST_IN_MEMBERSHIP_SEC_NPORT_NAME,7,7,27,589616,4.5792515806898046e-05,1
W2022,QRVO,0001604778,QRVO,HIGH,FULL_AUTHORITATIVE_NAME_PRECISION_CONTROL,STAGE3I_MEMBERSHIP_NAME,7,5,8,589616,1.3568152831673496e-05,1
W2022,RCL,0000884887,RCL,LOW,CONSERVATIVE_LEGAL_CORE,LATEST_IN_MEMBERSHIP_SEC_NPORT_NAME,7,1,1,589616,1.696019103959187e-06,1
W2022,REG,0000910606,REG,MEDIUM,CONSERVATIVE_LEGAL_CORE,LATEST_IN_MEMBERSHIP_SEC_NPORT_NAME,7,2,2,589616,3.392038207918374e-06,1
W2022,REGN,0000872589,REGN,MEDIUM,CONSERVATIVE_LEGAL_CORE,LATEST_IN_MEMBERSHIP_SEC_NPORT_NAME,7,6,26,589616,4.409649670293886e-05,1
W2022,RF,0001281761,RF,MEDIUM,CONSERVATIVE_LEGAL_CORE,LATEST_IN_MEMBERSHIP_SEC_NPORT_NAME,7,3,6,589616,1.0176114623755122e-05,1
W2022,RHI,0000315213,RHI,MEDIUM,CONSERVATIVE_LEGAL_CORE,STAGE3I_MEMBERSHIP_NAME,7,2,2,589616,3.392038207918374e-06,1
W2022,RJF,0000720005,RJF,LOW,CONSERVATIVE_LEGAL_CORE,LATEST_IN_MEMBERSHIP_SEC_NPORT_NAME,7,5,14,589616,2.3744267455428618e-05,1
W2022,RL,0001037038,RL,MEDIUM,CONSERVATIVE_LEGAL_CORE,LATEST_IN_MEMBERSHIP_SEC_NPORT_NAME,7,4,5,589616,8.480095519795936e-06,1
W2022,RMD,0000943819,RMD,HIGH,FULL_AUTHORITATIVE_NAME_PRECISION_CONTROL,LATEST_IN_MEMBERSHIP_SEC_NPORT_NAME,7,3,4,589616,6.784076415836748e-06,1
W2022,ROK,0001024478,ROK,MEDIUM,CONSERVATIVE_LEGAL_CORE,LATEST_IN_MEMBERSHIP_SEC_NPORT_NAME,7,7,37,589616,6.275270684648992e-05,1
W2022,ROL,0000084839,ROL,HIGH,FULL_AUTHORITATIVE_NAME_PRECISION_CONTROL,LATEST_IN_MEMBERSHIP_SEC_NPORT_NAME,7,5,6,589616,1.0176114623755122e-05,1
W2022,ROP,0000882835,ROP,MEDIUM,CONSERVATIVE_LEGAL_CORE,LATEST_IN_MEMBERSHIP_SEC_NPORT_NAME,7,3,5,589616,8.480095519795936e-06,1
W2022,ROST,0000745732,ROST,MEDIUM,CONSERVATIVE_LEGAL_CORE,LATEST_IN_MEMBERSHIP_SEC_NPORT_NAME,7,5,34,589616,5.766464953461236e-05,1
W2022,RSG,0001060391,RSG,MEDIUM,CONSERVATIVE_LEGAL_CORE,LATEST_IN_MEMBERSHIP_SEC_NPORT_NAME,7,6,16,589616,2.7136305663346992e-05,1
W2022,RTX,0000101829,RTX,HIGH,FULL_AUTHORITATIVE_NAME_PRECISION_CONTROL,LATEST_IN_MEMBERSHIP_SEC_NPORT_NAME,7,6,35,589616,5.936066863857155e-05,1
W2022,RVTY,0000031791,RVTY,HIGH,FULL_AUTHORITATIVE_NAME_PRECISION_CONTROL,LATEST_IN_MEMBERSHIP_SEC_NPORT_NAME,7,6,36,589616,6.105668774253074e-05,1
W2022,SBAC,0001034054,SBAC,MEDIUM,CONSERVATIVE_LEGAL_CORE,LATEST_IN_MEMBERSHIP_SEC_NPORT_NAME,7,1,1,589616,1.696019103959187e-06,1
W2022,SBNY,0001288784,SBNY,MEDIUM,CONSERVATIVE_LEGAL_CORE,STAGE3I_MEMBERSHIP_NAME,7,3,3,589616,5.088057311877561e-06,1
W2022,SBUX,0000829224,SBUX,HIGH,FULL_AUTHORITATIVE_NAME_PRECISION_CONTROL,LATEST_IN_MEMBERSHIP_SEC_NPORT_NAME,7,5,10,589616,1.696019103959187e-05,1
W2022,SCHW,0000316709,SCHW,MEDIUM,CONSERVATIVE_LEGAL_CORE,STAGE3G_AUTHORITATIVE_SAMPLE_NAME,7,7,41,589616,6.953678326232667e-05,1
W2022,SEDG,0001419612,SEDG,MEDIUM,CONSERVATIVE_LEGAL_CORE,STAGE3I_MEMBERSHIP_NAME,7,4,5,589616,8.480095519795936e-06,1
W2022,SEE,0000088204,SEE,MEDIUM,CONSERVATIVE_LEGAL_CORE,STAGE3I_MEMBERSHIP_NAME,7,4,11,589616,1.8656210143551058e-05,1
W2022,SHW,0000089800,SHW,LOW,CONSERVATIVE_LEGAL_CORE,LATEST_IN_MEMBERSHIP_SEC_NPORT_NAME,7,5,24,589616,4.070445849502049e-05,1
W2022,SIVB,0000719739,SIVB,LOW,CONSERVATIVE_LEGAL_CORE,STAGE3I_MEMBERSHIP_NAME,7,2,2,589616,3.392038207918374e-06,1
W2022,SJM,0000091419,SJM,LOW,CONSERVATIVE_LEGAL_CORE,LATEST_IN_MEMBERSHIP_SEC_NPORT_NAME,7,5,13,589616,2.204824835146943e-05,1
W2022,SLB,0000087347,SLB,HIGH,FULL_AUTHORITATIVE_NAME_PRECISION_CONTROL,LATEST_IN_MEMBERSHIP_SEC_NPORT_NAME,7,0,0,589616,0.0,0
W2022,SNA,0000091440,SNA,HIGH,FULL_AUTHORITATIVE_NAME_PRECISION_CONTROL,LATEST_IN_MEMBERSHIP_SEC_NPORT_NAME,7,0,0,589616,0.0,0
W2022,SNPS,0000883241,SNPS,HIGH,FULL_AUTHORITATIVE_NAME_PRECISION_CONTROL,LATEST_IN_MEMBERSHIP_SEC_NPORT_NAME,7,2,6,589616,1.0176114623755122e-05,1
W2022,SO,0000092122,SO,LOW,CONSERVATIVE_LEGAL_CORE,LATEST_IN_MEMBERSHIP_SEC_NPORT_NAME,7,7,25,589616,4.240047759897967e-05,1
W2022,SPG,0001063761,SPG,LOW,CONSERVATIVE_LEGAL_CORE,LATEST_IN_MEMBERSHIP_SEC_NPORT_NAME,7,4,9,589616,1.5264171935632684e-05,1
W2022,SPGI,0000064040,SPGI,LOW,CONSERVATIVE_LEGAL_CORE,LATEST_IN_MEMBERSHIP_SEC_NPORT_NAME,7,0,0,589616,0.0,0
W2022,SRE,0001032208,SRE,HIGH,FULL_AUTHORITATIVE_NAME_PRECISION_CONTROL,LATEST_IN_MEMBERSHIP_SEC_NPORT_NAME,7,5,11,589616,1.8656210143551058e-05,1
W2022,STE,0001757898,STE,HIGH,FULL_AUTHORITATIVE_NAME_PRECISION_CONTROL,LATEST_IN_MEMBERSHIP_SEC_NPORT_NAME,7,0,0,589616,0.0,0
W2022,STT,0000093751,STT,MEDIUM,CONSERVATIVE_LEGAL_CORE,LATEST_IN_MEMBERSHIP_SEC_NPORT_NAME,7,0,0,589616,0.0,0
W2022,STX,0001137789,STX,MEDIUM,CONSERVATIVE_LEGAL_CORE,STAGE3G_AUTHORITATIVE_SAMPLE_NAME,7,2,2,589616,3.392038207918374e-06,1
W2022,STZ,0000016918,STZ,LOW,CONSERVATIVE_LEGAL_CORE,LATEST_IN_MEMBERSHIP_SEC_NPORT_NAME,7,6,11,589616,1.8656210143551058e-05,1
W2022,SW,0002005951,SW,MEDIUM,CONSERVATIVE_LEGAL_CORE,LATEST_IN_MEMBERSHIP_SEC_NPORT_NAME,7,0,0,589616,0.0,0
W2022,SWK,0000093556,SWK,LOW,CONSERVATIVE_LEGAL_CORE,LATEST_IN_MEMBERSHIP_SEC_NPORT_NAME,7,0,0,589616,0.0,0
W2022,SWKS,0000004127,SWKS,MEDIUM,CONSERVATIVE_LEGAL_CORE,LATEST_IN_MEMBERSHIP_SEC_NPORT_NAME,7,5,10,589616,1.696019103959187e-05,1
W2022,SYF,0001601712,SYF,MEDIUM,CONSERVATIVE_LEGAL_CORE,LATEST_IN_MEMBERSHIP_SEC_NPORT_NAME,7,0,0,589616,0.0,0
W2022,SYK,0000310764,SYK,HIGH,FULL_AUTHORITATIVE_NAME_PRECISION_CONTROL,LATEST_IN_MEMBERSHIP_SEC_NPORT_NAME,7,5,13,589616,2.204824835146943e-05,1
W2022,SYY,0000096021,SYY,HIGH,FULL_AUTHORITATIVE_NAME_PRECISION_CONTROL,LATEST_IN_MEMBERSHIP_SEC_NPORT_NAME,7,1,1,589616,1.696019103959187e-06,1
W2022,T,0000732717,T,HIGH,FULL_AUTHORITATIVE_NAME_PRECISION_CONTROL,LATEST_IN_MEMBERSHIP_SEC_NPORT_NAME,7,0,0,589616,0.0,0
W2022,TAP,0000024545,TAP,LOW,CONSERVATIVE_LEGAL_CORE,LATEST_IN_MEMBERSHIP_SEC_NPORT_NAME,7,2,2,589616,3.392038207918374e-06,1
W2022,TDG,0001260221,TDG,MEDIUM,CONSERVATIVE_LEGAL_CORE,LATEST_IN_MEMBERSHIP_SEC_NPORT_NAME,7,1,1,589616,1.696019103959187e-06,1
W2022,TDY,0001094285,TDY,MEDIUM,CONSERVATIVE_LEGAL_CORE,LATEST_IN_MEMBERSHIP_SEC_NPORT_NAME,7,4,39,589616,6.614474505440829e-05,1
W2022,TECH,0000842023,TECH,MEDIUM,CONSERVATIVE_LEGAL_CORE,LATEST_IN_MEMBERSHIP_SEC_NPORT_NAME,7,4,5,589616,8.480095519795936e-06,1
W2022,TEL,0001385157,TEL,MEDIUM,CONSERVATIVE_LEGAL_CORE,LATEST_IN_MEMBERSHIP_SEC_NPORT_NAME,7,4,7,589616,1.1872133727714309e-05,1
W2022,TER,0000097210,TER,HIGH,FULL_AUTHORITATIVE_NAME_PRECISION_CONTROL,LATEST_IN_MEMBERSHIP_SEC_NPORT_NAME,7,1,2,589616,3.392038207918374e-06,1
W2022,TFC,0000092230,TFC,MEDIUM,CONSERVATIVE_LEGAL_CORE,LATEST_IN_MEMBERSHIP_SEC_NPORT_NAME,7,6,23,589616,3.90084393910613e-05,1
W2022,TFX,0000096943,TFX,HIGH,FULL_AUTHORITATIVE_NAME_PRECISION_CONTROL,STAGE3I_MEMBERSHIP_NAME,7,4,12,589616,2.0352229247510245e-05,1
W2022,TGT,0000027419,TGT,HIGH,FULL_AUTHORITATIVE_NAME_PRECISION_CONTROL,LATEST_IN_MEMBERSHIP_SEC_NPORT_NAME,7,0,0,589616,0.0,0
W2022,TJX,0000109198,TJX,MEDIUM,CONSERVATIVE_LEGAL_CORE,STAGE3G_AUTHORITATIVE_SAMPLE_NAME,7,1,1,589616,1.696019103959187e-06,1
W2022,TMO,0000097745,TMO,LOW,CONSERVATIVE_LEGAL_CORE,LATEST_IN_MEMBERSHIP_SEC_NPORT_NAME,7,7,84,589616,0.0001424656047325717,1
W2022,TMUS,0001283699,TMUS,LOW,CONSERVATIVE_LEGAL_CORE,LATEST_IN_MEMBERSHIP_SEC_NPORT_NAME,7,0,0,589616,0.0,0
W2022,TPR,0001116132,TPR,HIGH,FULL_AUTHORITATIVE_NAME_PRECISION_CONTROL,LATEST_IN_MEMBERSHIP_SEC_NPORT_NAME,7,5,12,589616,2.0352229247510245e-05,1
W2022,TRMB,0000864749,TRMB,HIGH,FULL_AUTHORITATIVE_NAME_PRECISION_CONTROL,LATEST_IN_MEMBERSHIP_SEC_NPORT_NAME,7,6,17,589616,2.883232476730618e-05,1
W2022,TROW,,TROW,LOW,CONSERVATIVE_LEGAL_CORE,LATEST_IN_MEMBERSHIP_SEC_NPORT_NAME,7,5,13,589616,2.204824835146943e-05,1
W2022,TRV,0000086312,TRV,LOW,CONSERVATIVE_LEGAL_CORE,LATEST_IN_MEMBERSHIP_SEC_NPORT_NAME,7,0,0,589616,0.0,0
W2022,TSCO,0000916365,TSCO,MEDIUM,CONSERVATIVE_LEGAL_CORE,LATEST_IN_MEMBERSHIP_SEC_NPORT_NAME,7,7,40,589616,6.784076415836748e-05,1
W2022,TSLA,0001318605,TSLA,HIGH,FULL_AUTHORITATIVE_NAME_PRECISION_CONTROL,LATEST_IN_MEMBERSHIP_SEC_NPORT_NAME,7,7,434,589616,0.0007360722911182872,1
W2022,TSN,0000100493,TSN,LOW,CONSERVATIVE_LEGAL_CORE,LATEST_IN_MEMBERSHIP_SEC_NPORT_NAME,7,7,94,589616,0.0001594257957721636,1
W2022,TT,0001466258,TT,MEDIUM,CONSERVATIVE_LEGAL_CORE,LATEST_IN_MEMBERSHIP_SEC_NPORT_NAME,7,0,0,589616,0.0,0
W2022,TTWO,0000946581,TTWO,LOW,CONSERVATIVE_LEGAL_CORE,LATEST_IN_MEMBERSHIP_SEC_NPORT_NAME,7,0,0,589616,0.0,0
W2022,TWTR,0001418091,TWTR,HIGH,FULL_AUTHORITATIVE_NAME_PRECISION_CONTROL,STAGE3I_MEMBERSHIP_NAME,7,7,29773,589616,0.05049557678217687,1
W2022,TXN,0000097476,TXN,MEDIUM,CONSERVATIVE_LEGAL_CORE,LATEST_IN_MEMBERSHIP_SEC_NPORT_NAME,7,6,84,589616,0.0001424656047325717,1
W2022,TXT,0000217346,TXT,HIGH,FULL_AUTHORITATIVE_NAME_PRECISION_CONTROL,LATEST_IN_MEMBERSHIP_SEC_NPORT_NAME,7,5,17,589616,2.883232476730618e-05,1
W2022,TYL,0000860731,TYL,MEDIUM,CONSERVATIVE_LEGAL_CORE,LATEST_IN_MEMBERSHIP_SEC_NPORT_NAME,7,7,8,589616,1.3568152831673496e-05,1
W2022,UA,0001336917,UA,LOW,CONSERVATIVE_LEGAL_CORE,STAGE3I_MEMBERSHIP_NAME,7,0,0,589616,0.0,0
W2022,UAA,0001336917,UAA,LOW,CONSERVATIVE_LEGAL_CORE,STAGE3I_MEMBERSHIP_NAME,7,0,0,589616,0.0,0
W2022,UAL,0000100517,UAL,MEDIUM,CONSERVATIVE_LEGAL_CORE,LATEST_IN_MEMBERSHIP_SEC_NPORT_NAME,7,6,33,589616,5.5968630430653174e-05,1
W2022,UDR,0000074208,UDR,HIGH,FULL_AUTHORITATIVE_NAME_PRECISION_CONTROL,LATEST_IN_MEMBERSHIP_SEC_NPORT_NAME,7,0,0,589616,0.0,0
W2022,UHS,0000352915,UHS,LOW,CONSERVATIVE_LEGAL_CORE,LATEST_IN_MEMBERSHIP_SEC_NPORT_NAME,7,0,0,589616,0.0,0
W2022,ULTA,0001403568,ULTA,MEDIUM,CONSERVATIVE_LEGAL_CORE,LATEST_IN_MEMBERSHIP_SEC_NPORT_NAME,7,2,4,589616,6.784076415836748e-06,1
W2022,UNH,0000731766,UNH,MEDIUM,CONSERVATIVE_LEGAL_CORE,LATEST_IN_MEMBERSHIP_SEC_NPORT_NAME,7,7,272,589616,0.00046131719627689886,1
W2022,UNP,0000100885,UNP,MEDIUM,CONSERVATIVE_LEGAL_CORE,LATEST_IN_MEMBERSHIP_SEC_NPORT_NAME,7,7,179,589616,0.0003035874196086945,1
W2022,UPS,0001090727,UPS,LOW,CONSERVATIVE_LEGAL_CORE,LATEST_IN_MEMBERSHIP_SEC_NPORT_NAME,7,6,34,589616,5.766464953461236e-05,1
W2022,URI,0001067701,URI,MEDIUM,CONSERVATIVE_LEGAL_CORE,LATEST_IN_MEMBERSHIP_SEC_NPORT_NAME,7,3,6,589616,1.0176114623755122e-05,1
W2022,USB,0000036104,USB,MEDIUM,CONSERVATIVE_LEGAL_CORE,LATEST_IN_MEMBERSHIP_SEC_NPORT_NAME,7,6,59,589616,0.00010006512713359204,1
W2022,V,0001403161,V,LOW,CONSERVATIVE_LEGAL_CORE,LATEST_IN_MEMBERSHIP_SEC_NPORT_NAME,7,7,481,589616,0.000815785189004369,1
W2022,VFC,0000103379,VFC,HIGH,FULL_AUTHORITATIVE_NAME_PRECISION_CONTROL,STAGE3I_MEMBERSHIP_NAME,7,2,2,589616,3.392038207918374e-06,1
W2022,VLO,,VLO,MEDIUM,CONSERVATIVE_LEGAL_CORE,LATEST_IN_MEMBERSHIP_SEC_NPORT_NAME,7,7,272,589616,0.00046131719627689886,1
W2022,VMC,0001396009,VMC,MEDIUM,CONSERVATIVE_LEGAL_CORE,LATEST_IN_MEMBERSHIP_SEC_NPORT_NAME,7,3,8,589616,1.3568152831673496e-05,1
W2022,VNO,0000899689,VNO,LOW,CONSERVATIVE_LEGAL_CORE,STAGE3I_MEMBERSHIP_NAME,7,2,3,589616,5.088057311877561e-06,1
W2022,VRSK,0001442145,VRSK,MEDIUM,CONSERVATIVE_LEGAL_CORE,LATEST_IN_MEMBERSHIP_SEC_NPORT_NAME,7,0,0,589616,0.0,0
W2022,VRSN,0001014473,VRSN,HIGH,FULL_AUTHORITATIVE_NAME_PRECISION_CONTROL,LATEST_IN_MEMBERSHIP_SEC_NPORT_NAME,7,3,4,589616,6.784076415836748e-06,1
W2022,VRTX,0000875320,VRTX,MEDIUM,CONSERVATIVE_LEGAL_CORE,LATEST_IN_MEMBERSHIP_SEC_NPORT_NAME,7,6,15,589616,2.5440286559387805e-05,1
W2022,VTR,0000740260,VTR,HIGH,FULL_AUTHORITATIVE_NAME_PRECISION_CONTROL,LATEST_IN_MEMBERSHIP_SEC_NPORT_NAME,7,0,0,589616,0.0,0
W2022,VTRS,0001792044,VTRS,HIGH,FULL_AUTHORITATIVE_NAME_PRECISION_CONTROL,LATEST_IN_MEMBERSHIP_SEC_NPORT_NAME,7,3,10,589616,1.696019103959187e-05,1
W2022,VZ,0000732712,VZ,MEDIUM,CONSERVATIVE_LEGAL_CORE,LATEST_IN_MEMBERSHIP_SEC_NPORT_NAME,7,7,59,589616,0.00010006512713359204,1
W2022,WAB,0000943452,WAB,HIGH,FULL_AUTHORITATIVE_NAME_PRECISION_CONTROL,LATEST_IN_MEMBERSHIP_SEC_NPORT_NAME,7,0,0,589616,0.0,0
W2022,WAT,,WAT,HIGH,FULL_AUTHORITATIVE_NAME_PRECISION_CONTROL,LATEST_IN_MEMBERSHIP_SEC_NPORT_NAME,7,1,1,589616,1.696019103959187e-06,1
W2022,WBA,0001618921,WBA,LOW,CONSERVATIVE_LEGAL_CORE,STAGE3I_MEMBERSHIP_NAME,7,6,67,589616,0.00011363327996526553,1
W2022,WBD,0001437107,WBD,LOW,CONSERVATIVE_LEGAL_CORE,STAGE3G_AUTHORITATIVE_SAMPLE_NAME,7,3,110,589616,0.00018656210143551058,1
W2022,WDC,0000106040,WDC,MEDIUM,CONSERVATIVE_LEGAL_CORE,LATEST_IN_MEMBERSHIP_SEC_NPORT_NAME,7,5,25,589616,4.240047759897967e-05,1
W2022,WEC,0000783325,WEC,LOW,CONSERVATIVE_LEGAL_CORE,LATEST_IN_MEMBERSHIP_SEC_NPORT_NAME,7,0,0,589616,0.0,0
W2022,WELL,0000766704,WELL,HIGH,FULL_AUTHORITATIVE_NAME_PRECISION_CONTROL,LATEST_IN_MEMBERSHIP_SEC_NPORT_NAME,7,2,2,589616,3.392038207918374e-06,1
W2022,WFC,0000072971,WFC,MEDIUM,CONSERVATIVE_LEGAL_CORE,STAGE3G_AUTHORITATIVE_SAMPLE_NAME,7,0,0,589616,0.0,0
W2022,WHR,0000106640,WHR,HIGH,FULL_AUTHORITATIVE_NAME_PRECISION_CONTROL,STAGE3I_MEMBERSHIP_NAME,7,6,17,589616,2.883232476730618e-05,1
W2022,WM,0000823768,WM,MEDIUM,CONSERVATIVE_LEGAL_CORE,LATEST_IN_MEMBERSHIP_SEC_NPORT_NAME,7,4,9,589616,1.5264171935632684e-05,1
W2022,WMB,,WMB,MEDIUM,CONSERVATIVE_LEGAL_CORE,LATEST_IN_MEMBERSHIP_SEC_NPORT_NAME,7,0,0,589616,0.0,0
W2022,WMT,0000104169,WMT,HIGH,FULL_AUTHORITATIVE_NAME_PRECISION_CONTROL,LATEST_IN_MEMBERSHIP_SEC_NPORT_NAME,7,7,45,589616,7.632085967816341e-05,1
W2022,WRB,0000011544,WRB,MEDIUM,CONSERVATIVE_LEGAL_CORE,STAGE3G_AUTHORITATIVE_SAMPLE_NAME,7,3,6,589616,1.0176114623755122e-05,1
W2022,WST,0000105770,WST,LOW,CONSERVATIVE_LEGAL_CORE,LATEST_IN_MEMBERSHIP_SEC_NPORT_NAME,7,0,0,589616,0.0,0
W2022,WTW,0001140536,WTW,LOW,CONSERVATIVE_LEGAL_CORE,LATEST_IN_MEMBERSHIP_SEC_NPORT_NAME,7,1,1,589616,1.696019103959187e-06,1
W2022,WY,0000106535,WY,HIGH,FULL_AUTHORITATIVE_NAME_PRECISION_CONTROL,LATEST_IN_MEMBERSHIP_SEC_NPORT_NAME,7,0,0,589616,0.0,0
W2022,WYNN,0001174922,WYNN,MEDIUM,CONSERVATIVE_LEGAL_CORE,LATEST_IN_MEMBERSHIP_SEC_NPORT_NAME,7,7,21,589616,3.5616401183142926e-05,1
W2022,XEL,0000072903,XEL,MEDIUM,CONSERVATIVE_LEGAL_CORE,LATEST_IN_MEMBERSHIP_SEC_NPORT_NAME,7,7,34,589616,5.766464953461236e-05,1
W2022,XOM,0000034088,XOM,HIGH,FULL_AUTHORITATIVE_NAME_PRECISION_CONTROL,STAGE3G_AUTHORITATIVE_SAMPLE_NAME,7,6,29,589616,4.918455401481642e-05,1
W2022,XRAY,0000818479,XRAY,MEDIUM,CONSERVATIVE_LEGAL_CORE,STAGE3I_MEMBERSHIP_NAME,7,3,27,589616,4.5792515806898046e-05,1
W2022,XYL,0001524472,XYL,HIGH,FULL_AUTHORITATIVE_NAME_PRECISION_CONTROL,STAGE3G_AUTHORITATIVE_SAMPLE_NAME,7,3,25,589616,4.240047759897967e-05,1
W2022,YUM,0001041061,YUM,MEDIUM,CONSERVATIVE_LEGAL_CORE,LATEST_IN_MEMBERSHIP_SEC_NPORT_NAME,7,4,7,589616,1.1872133727714309e-05,1
W2022,ZBH,0001136869,ZBH,MEDIUM,CONSERVATIVE_LEGAL_CORE,LATEST_IN_MEMBERSHIP_SEC_NPORT_NAME,7,5,17,589616,2.883232476730618e-05,1
W2022,ZBRA,0000877212,ZBRA,LOW,CONSERVATIVE_LEGAL_CORE,LATEST_IN_MEMBERSHIP_SEC_NPORT_NAME,7,4,12,589616,2.0352229247510245e-05,1
W2022,ZION,0001642140,ZION,MEDIUM,CONSERVATIVE_LEGAL_CORE,STAGE3I_MEMBERSHIP_NAME,7,0,0,589616,0.0,0
W2022,ZTS,0001555280,ZTS,HIGH,FULL_AUTHORITATIVE_NAME_PRECISION_CONTROL,LATEST_IN_MEMBERSHIP_SEC_NPORT_NAME,7,5,14,589616,2.3744267455428618e-05,1
W2023,A,0001090872,A,MEDIUM,CONSERVATIVE_LEGAL_CORE,LATEST_IN_MEMBERSHIP_SEC_NPORT_NAME,7,7,60,818345,7.33187103238854e-05,1
W2023,AAL,0000006201,AAL,LOW,CONSERVATIVE_LEGAL_CORE,STAGE3I_MEMBERSHIP_NAME,7,6,34,818345,4.154726918353506e-05,1
W2023,AAP,0001158449,AAP,LOW,CONSERVATIVE_LEGAL_CORE,STAGE3I_MEMBERSHIP_NAME,7,6,19,818345,2.3217591602563712e-05,1
W2023,AAPL,0000320193,AAPL,HIGH,FULL_AUTHORITATIVE_NAME_PRECISION_CONTROL,LATEST_IN_MEMBERSHIP_SEC_NPORT_NAME,7,7,201,818345,0.0002456176795850161,1
W2023,ABBV,0001551152,ABBV,HIGH,FULL_AUTHORITATIVE_NAME_PRECISION_CONTROL,LATEST_IN_MEMBERSHIP_SEC_NPORT_NAME,7,6,30,818345,3.66593551619427e-05,1
W2023,ABT,0000001800,ABT,MEDIUM,CONSERVATIVE_LEGAL_CORE,LATEST_IN_MEMBERSHIP_SEC_NPORT_NAME,7,7,91,818345,0.0001112000439912262,1
W2023,ACGL,0000947484,ACGL,LOW,CONSERVATIVE_LEGAL_CORE,LATEST_IN_MEMBERSHIP_SEC_NPORT_NAME,7,3,4,818345,4.88791402159236e-06,1
W2023,ACN,0001467373,ACN,LOW,CONSERVATIVE_LEGAL_CORE,LATEST_IN_MEMBERSHIP_SEC_NPORT_NAME,7,7,251,818345,0.0003067166048549206,1
W2023,ADBE,0000796343,ADBE,HIGH,FULL_AUTHORITATIVE_NAME_PRECISION_CONTROL,LATEST_IN_MEMBERSHIP_SEC_NPORT_NAME,7,7,56,818345,6.843079630229305e-05,1
W2023,ADI,0000006281,ADI,MEDIUM,CONSERVATIVE_LEGAL_CORE,LATEST_IN_MEMBERSHIP_SEC_NPORT_NAME,7,6,58,818345,7.087475331308922e-05,1
W2023,ADM,0000007084,ADM,LOW,CONSERVATIVE_LEGAL_CORE,LATEST_IN_MEMBERSHIP_SEC_NPORT_NAME,7,7,32,818345,3.910331217273888e-05,1
W2023,ADP,0000008670,ADP,LOW,CONSERVATIVE_LEGAL_CORE,LATEST_IN_MEMBERSHIP_SEC_NPORT_NAME,7,6,20,818345,2.44395701079618e-05,1
W2023,ADSK,0000769397,ADSK,HIGH,FULL_AUTHORITATIVE_NAME_PRECISION_CONTROL,LATEST_IN_MEMBERSHIP_SEC_NPORT_NAME,7,7,23,818345,2.8105505624156072e-05,1
W2023,AEE,0001002910,AEE,HIGH,FULL_AUTHORITATIVE_NAME_PRECISION_CONTROL,LATEST_IN_MEMBERSHIP_SEC_NPORT_NAME,7,1,1,818345,1.22197850539809e-06,1
W2023,AEP,0000004904,AEP,LOW,CONSERVATIVE_LEGAL_CORE,LATEST_IN_MEMBERSHIP_SEC_NPORT_NAME,7,7,41,818345,5.0101118721321694e-05,1
W2023,AES,0000874761,AES,HIGH,FULL_AUTHORITATIVE_NAME_PRECISION_CONTROL,LATEST_IN_MEMBERSHIP_SEC_NPORT_NAME,7,0,0,818345,0.0,0
W2023,AFL,0000004977,AFL,HIGH,FULL_AUTHORITATIVE_NAME_PRECISION_CONTROL,LATEST_IN_MEMBERSHIP_SEC_NPORT_NAME,7,1,3,818345,3.66593551619427e-06,1
W2023,AIG,0000005272,AIG,LOW,CONSERVATIVE_LEGAL_CORE,LATEST_IN_MEMBERSHIP_SEC_NPORT_NAME,7,7,60,818345,7.33187103238854e-05,1
W2023,AIZ,0001267238,AIZ,HIGH,FULL_AUTHORITATIVE_NAME_PRECISION_CONTROL,LATEST_IN_MEMBERSHIP_SEC_NPORT_NAME,7,5,8,818345,9.77582804318472e-06,1
W2023,AJG,0000354190,AJG,LOW,CONSERVATIVE_LEGAL_CORE,LATEST_IN_MEMBERSHIP_SEC_NPORT_NAME,7,0,0,818345,0.0,0
W2023,AKAM,0001086222,AKAM,MEDIUM,CONSERVATIVE_LEGAL_CORE,LATEST_IN_MEMBERSHIP_SEC_NPORT_NAME,7,4,15,818345,1.832967758097135e-05,1
W2023,ALB,0000915913,ALB,HIGH,FULL_AUTHORITATIVE_NAME_PRECISION_CONTROL,LATEST_IN_MEMBERSHIP_SEC_NPORT_NAME,7,2,2,818345,2.44395701079618e-06,1
W2023,ALGN,0001097149,ALGN,MEDIUM,CONSERVATIVE_LEGAL_CORE,LATEST_IN_MEMBERSHIP_SEC_NPORT_NAME,7,0,0,818345,0.0,0
W2023,ALK,0000766421,ALK,LOW,CONSERVATIVE_LEGAL_CORE,STAGE3I_MEMBERSHIP_NAME,7,6,23,818345,2.8105505624156072e-05,1
W2023,ALL,0000899051,ALL,HIGH,FULL_AUTHORITATIVE_NAME_PRECISION_CONTROL,LATEST_IN_MEMBERSHIP_SEC_NPORT_NAME,7,2,3,818345,3.66593551619427e-06,1
W2023,ALLE,0001579241,ALLE,HIGH,FULL_AUTHORITATIVE_NAME_PRECISION_CONTROL,LATEST_IN_MEMBERSHIP_SEC_NPORT_NAME,7,1,1,818345,1.22197850539809e-06,1
W2023,AMAT,,AMAT,MEDIUM,CONSERVATIVE_LEGAL_CORE,LATEST_IN_MEMBERSHIP_SEC_NPORT_NAME,7,7,44,818345,5.376705423751596e-05,1
W2023,AMCR,0001748790,AMCR,HIGH,FULL_AUTHORITATIVE_NAME_PRECISION_CONTROL,LATEST_IN_MEMBERSHIP_SEC_NPORT_NAME,7,2,2,818345,2.44395701079618e-06,1
W2023,AMD,0000002488,AMD,LOW,CONSERVATIVE_LEGAL_CORE,LATEST_IN_MEMBERSHIP_SEC_NPORT_NAME,7,6,29,818345,3.543737665654461e-05,1
W2023,AME,0001037868,AME,HIGH,FULL_AUTHORITATIVE_NAME_PRECISION_CONTROL,LATEST_IN_MEMBERSHIP_SEC_NPORT_NAME,7,3,9,818345,1.099780654858281e-05,1
W2023,AMGN,0000318154,AMGN,HIGH,FULL_AUTHORITATIVE_NAME_PRECISION_CONTROL,LATEST_IN_MEMBERSHIP_SEC_NPORT_NAME,7,7,44,818345,5.376705423751596e-05,1
W2023,AMP,0000820027,AMP,MEDIUM,CONSERVATIVE_LEGAL_CORE,LATEST_IN_MEMBERSHIP_SEC_NPORT_NAME,7,7,122,818345,0.00014908137765856698,1
W2023,AMT,,AMT,MEDIUM,CONSERVATIVE_LEGAL_CORE,LATEST_IN_MEMBERSHIP_SEC_NPORT_NAME,7,6,41,818345,5.0101118721321694e-05,1
W2023,AMZN,0001018724,AMZN,MEDIUM,CONSERVATIVE_LEGAL_CORE,LATEST_IN_MEMBERSHIP_SEC_NPORT_NAME,7,5,7,818345,8.55384953778663e-06,1
W2023,ANET,0001596532,ANET,MEDIUM,CONSERVATIVE_LEGAL_CORE,LATEST_IN_MEMBERSHIP_SEC_NPORT_NAME,7,6,74,818345,9.042640939945866e-05,1
W2023,ANSS,0001013462,ANSS,HIGH,FULL_AUTHORITATIVE_NAME_PRECISION_CONTROL,STAGE3I_MEMBERSHIP_NAME,7,7,19,818345,2.3217591602563712e-05,1
W2023,AON,0000315293,AON,LOW,FULL_AUTHORITATIVE_NAME_PRECISION_CONTROL,LATEST_IN_MEMBERSHIP_SEC_NPORT_NAME,7,0,0,818345,0.0,0
W2023,AOS,0000091142,AOS,LOW,CONSERVATIVE_LEGAL_CORE,STAGE3G_AUTHORITATIVE_SAMPLE_NAME,7,3,5,818345,6.10989252699045e-06,1
W2023,APA,0001841666,APA,HIGH,FULL_AUTHORITATIVE_NAME_PRECISION_CONTROL,LATEST_IN_MEMBERSHIP_SEC_NPORT_NAME,7,0,0,818345,0.0,0
W2023,APD,0000002969,APD,LOW,CONSERVATIVE_LEGAL_CORE,LATEST_IN_MEMBERSHIP_SEC_NPORT_NAME,7,0,0,818345,0.0,0
W2023,APH,0000820313,APH,LOW,CONSERVATIVE_LEGAL_CORE,LATEST_IN_MEMBERSHIP_SEC_NPORT_NAME,7,5,22,818345,2.688352711875798e-05,1
W2023,APTV,0001521332,APTV,HIGH,FULL_AUTHORITATIVE_NAME_PRECISION_CONTROL,LATEST_IN_MEMBERSHIP_SEC_NPORT_NAME,7,0,0,818345,0.0,0
W2023,ARE,0001035443,ARE,LOW,CONSERVATIVE_LEGAL_CORE,LATEST_IN_MEMBERSHIP_SEC_NPORT_NAME,7,4,6,818345,7.33187103238854e-06,1
W2023,ATO,0000731802,ATO,MEDIUM,CONSERVATIVE_LEGAL_CORE,LATEST_IN_MEMBERSHIP_SEC_NPORT_NAME,7,4,4,818345,4.88791402159236e-06,1
W2023,ATVI,0000718877,ATVI,MEDIUM,CONSERVATIVE_LEGAL_CORE,STAGE3I_MEMBERSHIP_NAME,7,7,433,818345,0.000529116692837373,1
W2023,AVB,0000915912,AVB,MEDIUM,CONSERVATIVE_LEGAL_CORE,LATEST_IN_MEMBERSHIP_SEC_NPORT_NAME,7,5,7,818345,8.55384953778663e-06,1
W2023,AVGO,0001730168,AVGO,HIGH,FULL_AUTHORITATIVE_NAME_PRECISION_CONTROL,LATEST_IN_MEMBERSHIP_SEC_NPORT_NAME,7,7,77,818345,9.409234491565293e-05,1
W2023,AVY,0000008818,AVY,MEDIUM,CONSERVATIVE_LEGAL_CORE,LATEST_IN_MEMBERSHIP_SEC_NPORT_NAME,7,6,15,818345,1.832967758097135e-05,1
W2023,AWK,,AWK,LOW,CONSERVATIVE_LEGAL_CORE,LATEST_IN_MEMBERSHIP_SEC_NPORT_NAME,7,4,8,818345,9.77582804318472e-06,1
W2023,AXON,0001069183,AXON,MEDIUM,CONSERVATIVE_LEGAL_CORE,LATEST_IN_MEMBERSHIP_SEC_NPORT_NAME,7,1,3,818345,3.66593551619427e-06,1
W2023,AXP,0000004962,AXP,MEDIUM,CONSERVATIVE_LEGAL_CORE,LATEST_IN_MEMBERSHIP_SEC_NPORT_NAME,7,7,337,818345,0.00041180675631915636,1
W2023,AZO,0000866787,AZO,HIGH,FULL_AUTHORITATIVE_NAME_PRECISION_CONTROL,LATEST_IN_MEMBERSHIP_SEC_NPORT_NAME,7,4,6,818345,7.33187103238854e-06,1
W2023,BA,0000012927,BA,LOW,CONSERVATIVE_LEGAL_CORE,LATEST_IN_MEMBERSHIP_SEC_NPORT_NAME,7,7,1431,818345,0.001748651241224667,1
W2023,BAC,,BAC,LOW,CONSERVATIVE_LEGAL_CORE,LATEST_IN_MEMBERSHIP_SEC_NPORT_NAME,7,2,2,818345,2.44395701079618e-06,1
W2023,BALL,0000009389,BALL,HIGH,FULL_AUTHORITATIVE_NAME_PRECISION_CONTROL,LATEST_IN_MEMBERSHIP_SEC_NPORT_NAME,7,3,8,818345,9.77582804318472e-06,1
W2023,BAX,0000010456,BAX,MEDIUM,CONSERVATIVE_LEGAL_CORE,LATEST_IN_MEMBERSHIP_SEC_NPORT_NAME,7,5,25,818345,3.0549462634952254e-05,1
W2023,BBWI,0000701985,BBWI,LOW,CONSERVATIVE_LEGAL_CORE,STAGE3I_MEMBERSHIP_NAME,7,0,0,818345,0.0,0
W2023,BBY,0000764478,BBY,HIGH,FULL_AUTHORITATIVE_NAME_PRECISION_CONTROL,LATEST_IN_MEMBERSHIP_SEC_NPORT_NAME,7,0,0,818345,0.0,0
W2023,BDX,0000010795,BDX,LOW,CONSERVATIVE_LEGAL_CORE,LATEST_IN_MEMBERSHIP_SEC_NPORT_NAME,7,0,0,818345,0.0,0
W2023,BEN,0000038777,BEN,MEDIUM,CONSERVATIVE_LEGAL_CORE,LATEST_IN_MEMBERSHIP_SEC_NPORT_NAME,7,7,110,818345,0.0001344176355937899,1
W2023,BF.B,0000014693,BF.B,LOW,CONSERVATIVE_LEGAL_CORE,LATEST_IN_MEMBERSHIP_SEC_NPORT_NAME,7,4,4,818345,4.88791402159236e-06,1
W2023,BG,0001996862,BG,HIGH,FULL_AUTHORITATIVE_NAME_PRECISION_CONTROL,LATEST_IN_MEMBERSHIP_SEC_NPORT_NAME,7,0,0,818345,0.0,0
W2023,BIIB,0000875045,BIIB,HIGH,FULL_AUTHORITATIVE_NAME_PRECISION_CONTROL,LATEST_IN_MEMBERSHIP_SEC_NPORT_NAME,7,6,30,818345,3.66593551619427e-05,1
W2023,BIO,0000012208,BIO,LOW,CONSERVATIVE_LEGAL_CORE,STAGE3I_MEMBERSHIP_NAME,7,6,42,818345,5.132309722671978e-05,1
W2023,BKNG,0001075531,BKNG,HIGH,FULL_AUTHORITATIVE_NAME_PRECISION_CONTROL,LATEST_IN_MEMBERSHIP_SEC_NPORT_NAME,7,0,0,818345,0.0,0
W2023,BKR,0001701605,BKR,MEDIUM,CONSERVATIVE_LEGAL_CORE,LATEST_IN_MEMBERSHIP_SEC_NPORT_NAME,7,7,160,818345,0.0001955165608636944,1
W2023,BLK,0002012383,BLK,HIGH,FULL_AUTHORITATIVE_NAME_PRECISION_CONTROL,STAGE3G_AUTHORITATIVE_SAMPLE_NAME,7,7,532,818345,0.0006500925648717839,1
W2023,BMY,0000014272,BMY,LOW,CONSERVATIVE_LEGAL_CORE,LATEST_IN_MEMBERSHIP_SEC_NPORT_NAME,7,7,199,818345,0.00024317372257421992,1
W2023,BNY,0001390777,BNY,LOW,CONSERVATIVE_LEGAL_CORE,LATEST_IN_MEMBERSHIP_SEC_NPORT_NAME,7,0,0,818345,0.0,0
W2023,BR,0001383312,BR,LOW,CONSERVATIVE_LEGAL_CORE,LATEST_IN_MEMBERSHIP_SEC_NPORT_NAME,7,6,23,818345,2.8105505624156072e-05,1
W2023,BRK.B,0001067983,BRK.B,LOW,CONSERVATIVE_LEGAL_CORE,LATEST_IN_MEMBERSHIP_SEC_NPORT_NAME,7,7,166,818345,0.00020284843189608294,1
W2023,BRO,0000079282,BRO,LOW,CONSERVATIVE_LEGAL_CORE,LATEST_IN_MEMBERSHIP_SEC_NPORT_NAME,7,0,0,818345,0.0,0
W2023,BSX,0000885725,BSX,MEDIUM,CONSERVATIVE_LEGAL_CORE,LATEST_IN_MEMBERSHIP_SEC_NPORT_NAME,7,7,60,818345,7.33187103238854e-05,1
W2023,BWA,0000908255,BWA,HIGH,FULL_AUTHORITATIVE_NAME_PRECISION_CONTROL,STAGE3I_MEMBERSHIP_NAME,7,6,25,818345,3.0549462634952254e-05,1
W2023,BXP,0001037540,BXP,HIGH,FULL_AUTHORITATIVE_NAME_PRECISION_CONTROL,LATEST_IN_MEMBERSHIP_SEC_NPORT_NAME,7,3,6,818345,7.33187103238854e-06,1
W2023,C,0000831001,C,HIGH,FULL_AUTHORITATIVE_NAME_PRECISION_CONTROL,LATEST_IN_MEMBERSHIP_SEC_NPORT_NAME,7,7,339,818345,0.0004142507133299525,1
W2023,CAG,0000023217,CAG,MEDIUM,CONSERVATIVE_LEGAL_CORE,LATEST_IN_MEMBERSHIP_SEC_NPORT_NAME,7,6,68,818345,8.309453836707012e-05,1
W2023,CAH,0000721371,CAH,MEDIUM,CONSERVATIVE_LEGAL_CORE,LATEST_IN_MEMBERSHIP_SEC_NPORT_NAME,7,7,43,818345,5.254507573211787e-05,1
W2023,CARR,0001783180,CARR,MEDIUM,CONSERVATIVE_LEGAL_CORE,LATEST_IN_MEMBERSHIP_SEC_NPORT_NAME,7,3,8,818345,9.77582804318472e-06,1
W2023,CAT,0000018230,CAT,HIGH,FULL_AUTHORITATIVE_NAME_PRECISION_CONTROL,LATEST_IN_MEMBERSHIP_SEC_NPORT_NAME,7,6,42,818345,5.132309722671978e-05,1
W2023,CB,0000896159,CB,HIGH,FULL_AUTHORITATIVE_NAME_PRECISION_CONTROL,LATEST_IN_MEMBERSHIP_SEC_NPORT_NAME,7,0,0,818345,0.0,0
W2023,CBOE,0001374310,CBOE,LOW,CONSERVATIVE_LEGAL_CORE,LATEST_IN_MEMBERSHIP_SEC_NPORT_NAME,7,4,26,818345,3.177144114035034e-05,1
W2023,CBRE,0001138118,CBRE,LOW,CONSERVATIVE_LEGAL_CORE,LATEST_IN_MEMBERSHIP_SEC_NPORT_NAME,7,1,1,818345,1.22197850539809e-06,1
W2023,CCI,0001051470,CCI,MEDIUM,CONSERVATIVE_LEGAL_CORE,LATEST_IN_MEMBERSHIP_SEC_NPORT_NAME,7,4,10,818345,1.22197850539809e-05,1
W2023,CCL,0000815097,CCL,HIGH,FULL_AUTHORITATIVE_NAME_PRECISION_CONTROL,LATEST_IN_MEMBERSHIP_SEC_NPORT_NAME,7,6,20,818345,2.44395701079618e-05,1
W2023,CDNS,0000813672,CDNS,LOW,CONSERVATIVE_LEGAL_CORE,LATEST_IN_MEMBERSHIP_SEC_NPORT_NAME,7,6,28,818345,3.421539815114652e-05,1
W2023,CDW,0001402057,CDW,LOW,CONSERVATIVE_LEGAL_CORE,LATEST_IN_MEMBERSHIP_SEC_NPORT_NAME,7,0,0,818345,0.0,0
W2023,CE,0001306830,CE,HIGH,FULL_AUTHORITATIVE_NAME_PRECISION_CONTROL,STAGE3I_MEMBERSHIP_NAME,7,4,15,818345,1.832967758097135e-05,1
W2023,CEG,0001868275,CEG,MEDIUM,CONSERVATIVE_LEGAL_CORE,STAGE3G_AUTHORITATIVE_SAMPLE_NAME,7,1,4,818345,4.88791402159236e-06,1
W2023,CF,0001324404,CF,MEDIUM,CONSERVATIVE_LEGAL_CORE,LATEST_IN_MEMBERSHIP_SEC_NPORT_NAME,7,4,6,818345,7.33187103238854e-06,1
W2023,CFG,0000759944,CFG,LOW,CONSERVATIVE_LEGAL_CORE,LATEST_IN_MEMBERSHIP_SEC_NPORT_NAME,7,7,54,818345,6.598683929149686e-05,1
W2023,CHD,0000313927,CHD,MEDIUM,CONSERVATIVE_LEGAL_CORE,LATEST_IN_MEMBERSHIP_SEC_NPORT_NAME,7,0,0,818345,0.0,0
W2023,CHRW,0001043277,CHRW,LOW,CONSERVATIVE_LEGAL_CORE,STAGE3G_AUTHORITATIVE_SAMPLE_NAME,7,5,6,818345,7.33187103238854e-06,1
W2023,CHTR,0001091667,CHTR,LOW,CONSERVATIVE_LEGAL_CORE,LATEST_IN_MEMBERSHIP_SEC_NPORT_NAME,7,7,15,818345,1.832967758097135e-05,1
W2023,CI,0001739940,CI,LOW,CONSERVATIVE_LEGAL_CORE,LATEST_IN_MEMBERSHIP_SEC_NPORT_NAME,7,7,28,818345,3.421539815114652e-05,1
W2023,CINF,0000020286,CINF,MEDIUM,CONSERVATIVE_LEGAL_CORE,LATEST_IN_MEMBERSHIP_SEC_NPORT_NAME,7,2,2,818345,2.44395701079618e-06,1
W2023,CL,0000021665,CL,MEDIUM,CONSERVATIVE_LEGAL_CORE,LATEST_IN_MEMBERSHIP_SEC_NPORT_NAME,7,4,5,818345,6.10989252699045e-06,1
W2023,CLX,0000021076,CLX,HIGH,FULL_AUTHORITATIVE_NAME_PRECISION_CONTROL,LATEST_IN_MEMBERSHIP_SEC_NPORT_NAME,7,0,0,818345,0.0,0
W2023,CMA,0000028412,CMA,HIGH,FULL_AUTHORITATIVE_NAME_PRECISION_CONTROL,STAGE3I_MEMBERSHIP_NAME,7,7,121,818345,0.0001478593991531689,1
W2023,CMCSA,0001166691,CMCSA,LOW,CONSERVATIVE_LEGAL_CORE,LATEST_IN_MEMBERSHIP_SEC_NPORT_NAME,7,7,256,818345,0.00031282649738191104,1
W2023,CME,0001156375,CME,MEDIUM,CONSERVATIVE_LEGAL_CORE,LATEST_IN_MEMBERSHIP_SEC_NPORT_NAME,7,1,1,818345,1.22197850539809e-06,1
W2023,CMG,0001058090,CMG,LOW,CONSERVATIVE_LEGAL_CORE,LATEST_IN_MEMBERSHIP_SEC_NPORT_NAME,7,7,120,818345,0.0001466374206477708,1
W2023,CMI,0000026172,CMI,HIGH,FULL_AUTHORITATIVE_NAME_PRECISION_CONTROL,LATEST_IN_MEMBERSHIP_SEC_NPORT_NAME,7,6,43,818345,5.254507573211787e-05,1
W2023,CMS,0000811156,CMS,MEDIUM,CONSERVATIVE_LEGAL_CORE,LATEST_IN_MEMBERSHIP_SEC_NPORT_NAME,7,1,1,818345,1.22197850539809e-06,1
W2023,CNC,0001071739,CNC,HIGH,FULL_AUTHORITATIVE_NAME_PRECISION_CONTROL,LATEST_IN_MEMBERSHIP_SEC_NPORT_NAME,7,4,10,818345,1.22197850539809e-05,1
W2023,CNP,0001130310,CNP,MEDIUM,CONSERVATIVE_LEGAL_CORE,LATEST_IN_MEMBERSHIP_SEC_NPORT_NAME,7,7,24,818345,2.932748412955416e-05,1
W2023,COF,0000927628,COF,LOW,CONSERVATIVE_LEGAL_CORE,LATEST_IN_MEMBERSHIP_SEC_NPORT_NAME,7,6,19,818345,2.3217591602563712e-05,1
W2023,COO,0000711404,COO,LOW,CONSERVATIVE_LEGAL_CORE,LATEST_IN_MEMBERSHIP_SEC_NPORT_NAME,7,0,0,818345,0.0,0
W2023,COP,0001163165,COP,HIGH,FULL_AUTHORITATIVE_NAME_PRECISION_CONTROL,LATEST_IN_MEMBERSHIP_SEC_NPORT_NAME,7,7,123,818345,0.0001503033561639651,1
W2023,COR,0001140859,COR,HIGH,FULL_AUTHORITATIVE_NAME_PRECISION_CONTROL,LATEST_IN_MEMBERSHIP_SEC_NPORT_NAME,7,7,53,818345,6.476486078609878e-05,1
W2023,COST,0000909832,COST,MEDIUM,CONSERVATIVE_LEGAL_CORE,LATEST_IN_MEMBERSHIP_SEC_NPORT_NAME,7,7,62,818345,7.576266733468158e-05,1
W2023,CPAY,0001175454,CPAY,HIGH,FULL_AUTHORITATIVE_NAME_PRECISION_CONTROL,LATEST_IN_MEMBERSHIP_SEC_NPORT_NAME,7,1,1,818345,1.22197850539809e-06,1
W2023,CPB,0000016732,CPB,LOW,CONSERVATIVE_LEGAL_CORE,LATEST_IN_MEMBERSHIP_SEC_NPORT_NAME,7,6,23,818345,2.8105505624156072e-05,1
W2023,CPRT,0000900075,CPRT,HIGH,FULL_AUTHORITATIVE_NAME_PRECISION_CONTROL,LATEST_IN_MEMBERSHIP_SEC_NPORT_NAME,7,4,6,818345,7.33187103238854e-06,1
W2023,CPT,0000906345,CPT,LOW,CONSERVATIVE_LEGAL_CORE,LATEST_IN_MEMBERSHIP_SEC_NPORT_NAME,7,4,7,818345,8.55384953778663e-06,1
W2023,CRL,0001100682,CRL,LOW,CONSERVATIVE_LEGAL_CORE,LATEST_IN_MEMBERSHIP_SEC_NPORT_NAME,7,7,63,818345,7.698464584007968e-05,1
W2023,CRM,0001108524,CRM,HIGH,FULL_AUTHORITATIVE_NAME_PRECISION_CONTROL,LATEST_IN_MEMBERSHIP_SEC_NPORT_NAME,7,7,33,818345,4.0325290678136974e-05,1
W2023,CSCO,0000858877,CSCO,MEDIUM,CONSERVATIVE_LEGAL_CORE,LATEST_IN_MEMBERSHIP_SEC_NPORT_NAME,7,7,195,818345,0.00023828580855262755,1
W2023,CSGP,0001057352,CSGP,MEDIUM,CONSERVATIVE_LEGAL_CORE,LATEST_IN_MEMBERSHIP_SEC_NPORT_NAME,7,7,35,818345,4.276924768893315e-05,1
W2023,CSX,0000277948,CSX,HIGH,FULL_AUTHORITATIVE_NAME_PRECISION_CONTROL,LATEST_IN_MEMBERSHIP_SEC_NPORT_NAME,7,0,0,818345,0.0,0
W2023,CTAS,0000723254,CTAS,HIGH,FULL_AUTHORITATIVE_NAME_PRECISION_CONTROL,LATEST_IN_MEMBERSHIP_SEC_NPORT_NAME,7,3,8,818345,9.77582804318472e-06,1
W2023,CTLT,0001596783,CTLT,HIGH,FULL_AUTHORITATIVE_NAME_PRECISION_CONTROL,STAGE3I_MEMBERSHIP_NAME,7,5,11,818345,1.344176355937899e-05,1
W2023,CTRA,,CTRA,MEDIUM,CONSERVATIVE_LEGAL_CORE,LATEST_IN_MEMBERSHIP_SEC_NPORT_NAME,7,5,11,818345,1.344176355937899e-05,1
W2023,CTSH,0001058290,CTSH,LOW,CONSERVATIVE_LEGAL_CORE,LATEST_IN_MEMBERSHIP_SEC_NPORT_NAME,7,4,13,818345,1.588572057017517e-05,1
W2023,CTVA,0001755672,CTVA,HIGH,FULL_AUTHORITATIVE_NAME_PRECISION_CONTROL,LATEST_IN_MEMBERSHIP_SEC_NPORT_NAME,7,5,7,818345,8.55384953778663e-06,1
W2023,CVS,0000064803,CVS,MEDIUM,CONSERVATIVE_LEGAL_CORE,LATEST_IN_MEMBERSHIP_SEC_NPORT_NAME,7,3,3,818345,3.66593551619427e-06,1
W2023,CVX,0000093410,CVX,HIGH,FULL_AUTHORITATIVE_NAME_PRECISION_CONTROL,LATEST_IN_MEMBERSHIP_SEC_NPORT_NAME,7,7,27,818345,3.299341964574843e-05,1
W2023,CZR,0001590895,CZR,MEDIUM,CONSERVATIVE_LEGAL_CORE,STAGE3I_MEMBERSHIP_NAME,7,7,113,818345,0.00013808357110998417,1
W2023,D,0000715957,D,MEDIUM,CONSERVATIVE_LEGAL_CORE,LATEST_IN_MEMBERSHIP_SEC_NPORT_NAME,7,7,183,818345,0.00022362206648785047,1
W2023,DAL,0000027904,DAL,LOW,CONSERVATIVE_LEGAL_CORE,LATEST_IN_MEMBERSHIP_SEC_NPORT_NAME,7,7,729,818345,0.0008908223304352076,1
W2023,DAY,,DAY,MEDIUM,CONSERVATIVE_LEGAL_CORE,LATEST_IN_MEMBERSHIP_SEC_NPORT_NAME,7,0,0,818345,0.0,0
W2023,DD,0001666700,DD,LOW,CONSERVATIVE_LEGAL_CORE,LATEST_IN_MEMBERSHIP_SEC_NPORT_NAME,7,7,39,818345,4.765716171052551e-05,1
W2023,DE,0000315189,DE,HIGH,FULL_AUTHORITATIVE_NAME_PRECISION_CONTROL,LATEST_IN_MEMBERSHIP_SEC_NPORT_NAME,7,0,0,818345,0.0,0
W2023,DFS,0001393612,DFS,LOW,CONSERVATIVE_LEGAL_CORE,STAGE3I_MEMBERSHIP_NAME,7,0,0,818345,0.0,0
W2023,DG,0000029534,DG,MEDIUM,CONSERVATIVE_LEGAL_CORE,LATEST_IN_MEMBERSHIP_SEC_NPORT_NAME,7,7,18,818345,2.199561309716562e-05,1
W2023,DGX,0001022079,DGX,MEDIUM,CONSERVATIVE_LEGAL_CORE,LATEST_IN_MEMBERSHIP_SEC_NPORT_NAME,7,6,53,818345,6.476486078609878e-05,1
W2023,DHI,0000882184,DHI,MEDIUM,CONSERVATIVE_LEGAL_CORE,LATEST_IN_MEMBERSHIP_SEC_NPORT_NAME,7,0,0,818345,0.0,0
W2023,DHR,,DHR,HIGH,FULL_AUTHORITATIVE_NAME_PRECISION_CONTROL,LATEST_IN_MEMBERSHIP_SEC_NPORT_NAME,7,3,9,818345,1.099780654858281e-05,1
W2023,DIS,0001744489,DIS,LOW,CONSERVATIVE_LEGAL_CORE,LATEST_IN_MEMBERSHIP_SEC_NPORT_NAME,7,7,1106,818345,0.0013515082269702876,1
W2023,DLR,0001297996,DLR,LOW,CONSERVATIVE_LEGAL_CORE,LATEST_IN_MEMBERSHIP_SEC_NPORT_NAME,7,3,6,818345,7.33187103238854e-06,1
W2023,DLTR,0000935703,DLTR,MEDIUM,CONSERVATIVE_LEGAL_CORE,LATEST_IN_MEMBERSHIP_SEC_NPORT_NAME,7,7,81,818345,9.89802589372453e-05,1
W2023,DOC,0000765880,DOC,MEDIUM,CONSERVATIVE_LEGAL_CORE,LATEST_IN_MEMBERSHIP_SEC_NPORT_NAME,7,1,1,818345,1.22197850539809e-06,1
W2023,DOV,0000029905,DOV,HIGH,FULL_AUTHORITATIVE_NAME_PRECISION_CONTROL,LATEST_IN_MEMBERSHIP_SEC_NPORT_NAME,7,0,0,818345,0.0,0
W2023,DOW,0001751788,DOW,HIGH,FULL_AUTHORITATIVE_NAME_PRECISION_CONTROL,LATEST_IN_MEMBERSHIP_SEC_NPORT_NAME,7,5,19,818345,2.3217591602563712e-05,1
W2023,DPZ,0001286681,DPZ,LOW,CONSERVATIVE_LEGAL_CORE,LATEST_IN_MEMBERSHIP_SEC_NPORT_NAME,7,1,1,818345,1.22197850539809e-06,1
W2023,DRI,0000940944,DRI,MEDIUM,CONSERVATIVE_LEGAL_CORE,LATEST_IN_MEMBERSHIP_SEC_NPORT_NAME,7,4,7,818345,8.55384953778663e-06,1
W2023,DTE,0000936340,DTE,MEDIUM,CONSERVATIVE_LEGAL_CORE,LATEST_IN_MEMBERSHIP_SEC_NPORT_NAME,7,4,10,818345,1.22197850539809e-05,1
W2023,DUK,0001326160,DUK,MEDIUM,CONSERVATIVE_LEGAL_CORE,LATEST_IN_MEMBERSHIP_SEC_NPORT_NAME,7,7,98,818345,0.00011975389352901283,1
W2023,DVA,0000927066,DVA,HIGH,FULL_AUTHORITATIVE_NAME_PRECISION_CONTROL,LATEST_IN_MEMBERSHIP_SEC_NPORT_NAME,7,6,14,818345,1.710769907557326e-05,1
W2023,DVN,0001090012,DVN,MEDIUM,CONSERVATIVE_LEGAL_CORE,LATEST_IN_MEMBERSHIP_SEC_NPORT_NAME,7,7,27,818345,3.299341964574843e-05,1
W2023,DXC,0001688568,DXC,MEDIUM,CONSERVATIVE_LEGAL_CORE,STAGE3I_MEMBERSHIP_NAME,7,0,0,818345,0.0,0
W2023,DXCM,0001093557,DXCM,HIGH,FULL_AUTHORITATIVE_NAME_PRECISION_CONTROL,LATEST_IN_MEMBERSHIP_SEC_NPORT_NAME,7,6,11,818345,1.344176355937899e-05,1
W2023,EA,,EA,MEDIUM,CONSERVATIVE_LEGAL_CORE,LATEST_IN_MEMBERSHIP_SEC_NPORT_NAME,7,7,100,818345,0.00012219785053980902,1
W2023,EBAY,0001065088,EBAY,HIGH,FULL_AUTHORITATIVE_NAME_PRECISION_CONTROL,LATEST_IN_MEMBERSHIP_SEC_NPORT_NAME,7,1,1,818345,1.22197850539809e-06,1
W2023,ECL,0000031462,ECL,HIGH,FULL_AUTHORITATIVE_NAME_PRECISION_CONTROL,LATEST_IN_MEMBERSHIP_SEC_NPORT_NAME,7,7,31,818345,3.788133366734079e-05,1
W2023,ED,0001047862,ED,MEDIUM,CONSERVATIVE_LEGAL_CORE,LATEST_IN_MEMBERSHIP_SEC_NPORT_NAME,7,4,7,818345,8.55384953778663e-06,1
W2023,EFX,0000033185,EFX,HIGH,FULL_AUTHORITATIVE_NAME_PRECISION_CONTROL,LATEST_IN_MEMBERSHIP_SEC_NPORT_NAME,7,4,6,818345,7.33187103238854e-06,1
W2023,EG,0001095073,EG,MEDIUM,CONSERVATIVE_LEGAL_CORE,LATEST_IN_MEMBERSHIP_SEC_NPORT_NAME,7,5,17,818345,2.077363459176753e-05,1
W2023,EIX,0000827052,EIX,MEDIUM,CONSERVATIVE_LEGAL_CORE,LATEST_IN_MEMBERSHIP_SEC_NPORT_NAME,7,3,7,818345,8.55384953778663e-06,1
W2023,EL,0001001250,EL,LOW,CONSERVATIVE_LEGAL_CORE,STAGE3G_AUTHORITATIVE_SAMPLE_NAME,7,0,0,818345,0.0,0
W2023,ELV,0001156039,ELV,MEDIUM,CONSERVATIVE_LEGAL_CORE,LATEST_IN_MEMBERSHIP_SEC_NPORT_NAME,7,6,24,818345,2.932748412955416e-05,1
W2023,EMN,0000915389,EMN,MEDIUM,CONSERVATIVE_LEGAL_CORE,STAGE3I_MEMBERSHIP_NAME,7,7,22,818345,2.688352711875798e-05,1
W2023,EMR,0000032604,EMR,MEDIUM,CONSERVATIVE_LEGAL_CORE,LATEST_IN_MEMBERSHIP_SEC_NPORT_NAME,7,6,69,818345,8.431651687246822e-05,1
W2023,ENPH,0001463101,ENPH,MEDIUM,CONSERVATIVE_LEGAL_CORE,STAGE3I_MEMBERSHIP_NAME,7,7,36,818345,4.399122619433124e-05,1
W2023,EOG,0000821189,EOG,MEDIUM,CONSERVATIVE_LEGAL_CORE,LATEST_IN_MEMBERSHIP_SEC_NPORT_NAME,7,4,4,818345,4.88791402159236e-06,1
W2023,EPAM,0001352010,EPAM,MEDIUM,CONSERVATIVE_LEGAL_CORE,STAGE3I_MEMBERSHIP_NAME,7,0,0,818345,0.0,0
W2023,EQIX,0001101239,EQIX,HIGH,FULL_AUTHORITATIVE_NAME_PRECISION_CONTROL,LATEST_IN_MEMBERSHIP_SEC_NPORT_NAME,7,3,9,818345,1.099780654858281e-05,1
W2023,EQR,,EQR,MEDIUM,CONSERVATIVE_LEGAL_CORE,LATEST_IN_MEMBERSHIP_SEC_NPORT_NAME,7,1,2,818345,2.44395701079618e-06,1
W2023,EQT,0000033213,EQT,HIGH,FULL_AUTHORITATIVE_NAME_PRECISION_CONTROL,LATEST_IN_MEMBERSHIP_SEC_NPORT_NAME,7,0,0,818345,0.0,0
W2023,ES,0000072741,ES,MEDIUM,CONSERVATIVE_LEGAL_CORE,LATEST_IN_MEMBERSHIP_SEC_NPORT_NAME,7,7,26,818345,3.177144114035034e-05,1
W2023,ESS,0000920522,ESS,LOW,CONSERVATIVE_LEGAL_CORE,LATEST_IN_MEMBERSHIP_SEC_NPORT_NAME,7,1,1,818345,1.22197850539809e-06,1
W2023,ETN,0001551182,ETN,HIGH,FULL_AUTHORITATIVE_NAME_PRECISION_CONTROL,LATEST_IN_MEMBERSHIP_SEC_NPORT_NAME,7,0,0,818345,0.0,0
W2023,ETR,0000065984,ETR,HIGH,FULL_AUTHORITATIVE_NAME_PRECISION_CONTROL,LATEST_IN_MEMBERSHIP_SEC_NPORT_NAME,7,2,2,818345,2.44395701079618e-06,1
W2023,ETSY,0001370637,ETSY,HIGH,QUALIFIED_FULL_AUTHORITATIVE_NAME_BARE_TICKER_CONTROL,STAGE3I_MEMBERSHIP_NAME,7,5,14,818345,1.710769907557326e-05,1
W2023,EVRG,0001711269,EVRG,HIGH,FULL_AUTHORITATIVE_NAME_PRECISION_CONTROL,LATEST_IN_MEMBERSHIP_SEC_NPORT_NAME,7,4,7,818345,8.55384953778663e-06,1
W2023,EW,0001099800,EW,MEDIUM,CONSERVATIVE_LEGAL_CORE,LATEST_IN_MEMBERSHIP_SEC_NPORT_NAME,7,7,15,818345,1.832967758097135e-05,1
W2023,EXC,0001109357,EXC,HIGH,FULL_AUTHORITATIVE_NAME_PRECISION_CONTROL,LATEST_IN_MEMBERSHIP_SEC_NPORT_NAME,7,0,0,818345,0.0,0
W2023,EXPD,0000746515,EXPD,LOW,CONSERVATIVE_LEGAL_CORE,LATEST_IN_MEMBERSHIP_SEC_NPORT_NAME,7,3,4,818345,4.88791402159236e-06,1
W2023,EXPE,0001324424,EXPE,MEDIUM,CONSERVATIVE_LEGAL_CORE,LATEST_IN_MEMBERSHIP_SEC_NPORT_NAME,7,7,34,818345,4.154726918353506e-05,1
W2023,EXR,0001289490,EXR,LOW,CONSERVATIVE_LEGAL_CORE,LATEST_IN_MEMBERSHIP_SEC_NPORT_NAME,7,0,0,818345,0.0,0
W2023,F,0000037996,F,MEDIUM,CONSERVATIVE_LEGAL_CORE,LATEST_IN_MEMBERSHIP_SEC_NPORT_NAME,7,7,354,818345,0.00043258039091092387,1
W2023,FANG,0001539838,FANG,MEDIUM,CONSERVATIVE_LEGAL_CORE,LATEST_IN_MEMBERSHIP_SEC_NPORT_NAME,7,6,18,818345,2.199561309716562e-05,1
W2023,FAST,0000815556,FAST,HIGH,FULL_AUTHORITATIVE_NAME_PRECISION_CONTROL,LATEST_IN_MEMBERSHIP_SEC_NPORT_NAME,7,4,7,818345,8.55384953778663e-06,1
W2023,FCX,0000831259,FCX,MEDIUM,CONSERVATIVE_LEGAL_CORE,LATEST_IN_MEMBERSHIP_SEC_NPORT_NAME,7,6,29,818345,3.543737665654461e-05,1
W2023,FDS,0001013237,FDS,LOW,CONSERVATIVE_LEGAL_CORE,LATEST_IN_MEMBERSHIP_SEC_NPORT_NAME,7,4,7,818345,8.55384953778663e-06,1
W2023,FDX,0001048911,FDX,HIGH,FULL_AUTHORITATIVE_NAME_PRECISION_CONTROL,LATEST_IN_MEMBERSHIP_SEC_NPORT_NAME,7,6,28,818345,3.421539815114652e-05,1
W2023,FE,0001031296,FE,HIGH,FULL_AUTHORITATIVE_NAME_PRECISION_CONTROL,LATEST_IN_MEMBERSHIP_SEC_NPORT_NAME,7,7,82,818345,0.00010020223744264339,1
W2023,FFIV,0001048695,FFIV,HIGH,FULL_AUTHORITATIVE_NAME_PRECISION_CONTROL,LATEST_IN_MEMBERSHIP_SEC_NPORT_NAME,7,0,0,818345,0.0,0
W2023,FICO,0000814547,FICO,LOW,CONSERVATIVE_LEGAL_CORE,LATEST_IN_MEMBERSHIP_SEC_NPORT_NAME,7,4,12,818345,1.466374206477708e-05,1
W2023,FIS,0001136893,FIS,LOW,CONSERVATIVE_LEGAL_CORE,LATEST_IN_MEMBERSHIP_SEC_NPORT_NAME,7,7,24,818345,2.932748412955416e-05,1
W2023,FISV,0000798354,FISV,HIGH,FULL_AUTHORITATIVE_NAME_PRECISION_CONTROL,LATEST_IN_MEMBERSHIP_SEC_NPORT_NAME,7,7,23,818345,2.8105505624156072e-05,1
W2023,FITB,0000035527,FITB,LOW,CONSERVATIVE_LEGAL_CORE,LATEST_IN_MEMBERSHIP_SEC_NPORT_NAME,7,7,104,818345,0.00012708576456140137,1
W2023,FMC,0000037785,FMC,HIGH,QUALIFIED_FULL_AUTHORITATIVE_NAME_BARE_TICKER_CONTROL,STAGE3I_MEMBERSHIP_NAME,7,0,0,818345,0.0,0
W2023,FOX,0001754301,FOX,LOW,FULL_AUTHORITATIVE_NAME_PRECISION_CONTROL,LATEST_IN_MEMBERSHIP_SEC_NPORT_NAME,7,7,159,818345,0.00019429458235829632,1
W2023,FOXA,0001754301,FOXA,LOW,FULL_AUTHORITATIVE_NAME_PRECISION_CONTROL,LATEST_IN_MEMBERSHIP_SEC_NPORT_NAME,7,7,159,818345,0.00019429458235829632,1
W2023,FRT,0000034903,FRT,LOW,CONSERVATIVE_LEGAL_CORE,LATEST_IN_MEMBERSHIP_SEC_NPORT_NAME,7,0,0,818345,0.0,0
W2023,FSLR,0001274494,FSLR,MEDIUM,CONSERVATIVE_LEGAL_CORE,LATEST_IN_MEMBERSHIP_SEC_NPORT_NAME,7,6,22,818345,2.688352711875798e-05,1
W2023,FTNT,0001262039,FTNT,HIGH,FULL_AUTHORITATIVE_NAME_PRECISION_CONTROL,LATEST_IN_MEMBERSHIP_SEC_NPORT_NAME,7,5,13,818345,1.588572057017517e-05,1
W2023,FTV,0001659166,FTV,HIGH,FULL_AUTHORITATIVE_NAME_PRECISION_CONTROL,LATEST_IN_MEMBERSHIP_SEC_NPORT_NAME,7,2,2,818345,2.44395701079618e-06,1
W2023,GD,0000040533,GD,MEDIUM,CONSERVATIVE_LEGAL_CORE,LATEST_IN_MEMBERSHIP_SEC_NPORT_NAME,7,0,0,818345,0.0,0
W2023,GE,0000040545,GE,MEDIUM,CONSERVATIVE_LEGAL_CORE,LATEST_IN_MEMBERSHIP_SEC_NPORT_NAME,7,2,2,818345,2.44395701079618e-06,1
W2023,GEHC,0001932393,GEHC,LOW,CONSERVATIVE_LEGAL_CORE,STAGE3G_AUTHORITATIVE_SAMPLE_NAME,7,1,1,818345,1.22197850539809e-06,1
W2023,GEN,0000849399,GEN,MEDIUM,CONSERVATIVE_LEGAL_CORE,LATEST_IN_MEMBERSHIP_SEC_NPORT_NAME,7,3,7,818345,8.55384953778663e-06,1
W2023,GILD,0000882095,GILD,MEDIUM,CONSERVATIVE_LEGAL_CORE,LATEST_IN_MEMBERSHIP_SEC_NPORT_NAME,7,6,72,818345,8.798245238866249e-05,1
W2023,GIS,0000040704,GIS,MEDIUM,CONSERVATIVE_LEGAL_CORE,LATEST_IN_MEMBERSHIP_SEC_NPORT_NAME,7,1,1,818345,1.22197850539809e-06,1
W2023,GL,0000320335,GL,MEDIUM,CONSERVATIVE_LEGAL_CORE,LATEST_IN_MEMBERSHIP_SEC_NPORT_NAME,7,1,2,818345,2.44395701079618e-06,1
W2023,GLW,0000024741,GLW,HIGH,FULL_AUTHORITATIVE_NAME_PRECISION_CONTROL,LATEST_IN_MEMBERSHIP_SEC_NPORT_NAME,7,4,10,818345,1.22197850539809e-05,1
W2023,GM,0001467858,GM,MEDIUM,CONSERVATIVE_LEGAL_CORE,LATEST_IN_MEMBERSHIP_SEC_NPORT_NAME,7,6,9,818345,1.099780654858281e-05,1
W2023,GNRC,0001474735,GNRC,HIGH,FULL_AUTHORITATIVE_NAME_PRECISION_CONTROL,LATEST_IN_MEMBERSHIP_SEC_NPORT_NAME,7,5,11,818345,1.344176355937899e-05,1
W2023,GOOG,0001652044,GOOG,LOW,CONSERVATIVE_LEGAL_CORE,LATEST_IN_MEMBERSHIP_SEC_NPORT_NAME,7,7,284,818345,0.00034704189553305757,1
W2023,GOOGL,0001652044,GOOGL,LOW,CONSERVATIVE_LEGAL_CORE,LATEST_IN_MEMBERSHIP_SEC_NPORT_NAME,7,7,284,818345,0.00034704189553305757,1
W2023,GPC,0000040987,GPC,MEDIUM,CONSERVATIVE_LEGAL_CORE,LATEST_IN_MEMBERSHIP_SEC_NPORT_NAME,7,6,11,818345,1.344176355937899e-05,1
W2023,GPN,0001123360,GPN,MEDIUM,CONSERVATIVE_LEGAL_CORE,LATEST_IN_MEMBERSHIP_SEC_NPORT_NAME,7,4,6,818345,7.33187103238854e-06,1
W2023,GRMN,0001121788,GRMN,HIGH,FULL_AUTHORITATIVE_NAME_PRECISION_CONTROL,LATEST_IN_MEMBERSHIP_SEC_NPORT_NAME,7,5,13,818345,1.588572057017517e-05,1
W2023,GS,0000886982,GS,LOW,CONSERVATIVE_LEGAL_CORE,LATEST_IN_MEMBERSHIP_SEC_NPORT_NAME,7,7,977,818345,0.001193872999773934,1
W2023,GWW,,GWW,MEDIUM,CONSERVATIVE_LEGAL_CORE,LATEST_IN_MEMBERSHIP_SEC_NPORT_NAME,7,0,0,818345,0.0,0
W2023,HAL,0000045012,HAL,HIGH,FULL_AUTHORITATIVE_NAME_PRECISION_CONTROL,LATEST_IN_MEMBERSHIP_SEC_NPORT_NAME,7,3,3,818345,3.66593551619427e-06,1
W2023,HAS,0000046080,HAS,HIGH,FULL_AUTHORITATIVE_NAME_PRECISION_CONTROL,LATEST_IN_MEMBERSHIP_SEC_NPORT_NAME,7,4,8,818345,9.77582804318472e-06,1
W2023,HBAN,0000049196,HBAN,MEDIUM,CONSERVATIVE_LEGAL_CORE,STAGE3G_AUTHORITATIVE_SAMPLE_NAME,7,5,9,818345,1.099780654858281e-05,1
W2023,HCA,0000860730,HCA,MEDIUM,CONSERVATIVE_LEGAL_CORE,LATEST_IN_MEMBERSHIP_SEC_NPORT_NAME,7,5,8,818345,9.77582804318472e-06,1
W2023,HD,0000354950,HD,MEDIUM,CONSERVATIVE_LEGAL_CORE,LATEST_IN_MEMBERSHIP_SEC_NPORT_NAME,7,6,22,818345,2.688352711875798e-05,1
W2023,HES,0000004447,HES,HIGH,FULL_AUTHORITATIVE_NAME_PRECISION_CONTROL,STAGE3I_MEMBERSHIP_NAME,7,7,18,818345,2.199561309716562e-05,1
W2023,HIG,0000874766,HIG,LOW,CONSERVATIVE_LEGAL_CORE,LATEST_IN_MEMBERSHIP_SEC_NPORT_NAME,7,3,14,818345,1.710769907557326e-05,1
W2023,HII,0001501585,HII,LOW,CONSERVATIVE_LEGAL_CORE,LATEST_IN_MEMBERSHIP_SEC_NPORT_NAME,7,4,6,818345,7.33187103238854e-06,1
W2023,HLT,0001585689,HLT,LOW,CONSERVATIVE_LEGAL_CORE,LATEST_IN_MEMBERSHIP_SEC_NPORT_NAME,7,5,10,818345,1.22197850539809e-05,1
W2023,HOLX,,HOLX,HIGH,FULL_AUTHORITATIVE_NAME_PRECISION_CONTROL,LATEST_IN_MEMBERSHIP_SEC_NPORT_NAME,7,6,18,818345,2.199561309716562e-05,1
W2023,HON,0000773840,HON,MEDIUM,CONSERVATIVE_LEGAL_CORE,LATEST_IN_MEMBERSHIP_SEC_NPORT_NAME,7,7,159,818345,0.00019429458235829632,1
W2023,HPE,0001645590,HPE,LOW,CONSERVATIVE_LEGAL_CORE,LATEST_IN_MEMBERSHIP_SEC_NPORT_NAME,7,6,32,818345,3.910331217273888e-05,1
W2023,HPQ,0000047217,HPQ,HIGH,FULL_AUTHORITATIVE_NAME_PRECISION_CONTROL,LATEST_IN_MEMBERSHIP_SEC_NPORT_NAME,7,6,43,818345,5.254507573211787e-05,1
W2023,HRL,0000048465,HRL,MEDIUM,CONSERVATIVE_LEGAL_CORE,LATEST_IN_MEMBERSHIP_SEC_NPORT_NAME,7,7,35,818345,4.276924768893315e-05,1
W2023,HSIC,0001000228,HSIC,MEDIUM,CONSERVATIVE_LEGAL_CORE,LATEST_IN_MEMBERSHIP_SEC_NPORT_NAME,7,4,8,818345,9.77582804318472e-06,1
W2023,HST,0001070750,HST,LOW,CONSERVATIVE_LEGAL_CORE,LATEST_IN_MEMBERSHIP_SEC_NPORT_NAME,7,0,0,818345,0.0,0
W2023,HSY,0000047111,HSY,LOW,CONSERVATIVE_LEGAL_CORE,LATEST_IN_MEMBERSHIP_SEC_NPORT_NAME,7,7,38,818345,4.6435183205127425e-05,1
W2023,HUM,0000049071,HUM,HIGH,FULL_AUTHORITATIVE_NAME_PRECISION_CONTROL,LATEST_IN_MEMBERSHIP_SEC_NPORT_NAME,7,6,16,818345,1.955165608636944e-05,1
W2023,HWM,0000004281,HWM,MEDIUM,CONSERVATIVE_LEGAL_CORE,LATEST_IN_MEMBERSHIP_SEC_NPORT_NAME,7,3,13,818345,1.588572057017517e-05,1
W2023,IBM,0000051143,IBM,LOW,CONSERVATIVE_LEGAL_CORE,LATEST_IN_MEMBERSHIP_SEC_NPORT_NAME,7,7,108,818345,0.00013197367858299372,1
W2023,ICE,0001571949,ICE,LOW,CONSERVATIVE_LEGAL_CORE,LATEST_IN_MEMBERSHIP_SEC_NPORT_NAME,7,6,63,818345,7.698464584007968e-05,1
W2023,IDXX,0000874716,IDXX,MEDIUM,CONSERVATIVE_LEGAL_CORE,LATEST_IN_MEMBERSHIP_SEC_NPORT_NAME,7,2,4,818345,4.88791402159236e-06,1
W2023,IEX,0000832101,IEX,HIGH,FULL_AUTHORITATIVE_NAME_PRECISION_CONTROL,LATEST_IN_MEMBERSHIP_SEC_NPORT_NAME,7,0,0,818345,0.0,0
W2023,IFF,0000051253,IFF,LOW,CONSERVATIVE_LEGAL_CORE,LATEST_IN_MEMBERSHIP_SEC_NPORT_NAME,7,0,0,818345,0.0,0
W2023,ILMN,0001110803,ILMN,HIGH,FULL_AUTHORITATIVE_NAME_PRECISION_CONTROL,STAGE3I_MEMBERSHIP_NAME,7,7,37,818345,4.521320469972933e-05,1
W2023,INCY,0000879169,INCY,HIGH,FULL_AUTHORITATIVE_NAME_PRECISION_CONTROL,LATEST_IN_MEMBERSHIP_SEC_NPORT_NAME,7,3,4,818345,4.88791402159236e-06,1
W2023,INTC,0000050863,INTC,HIGH,FULL_AUTHORITATIVE_NAME_PRECISION_CONTROL,LATEST_IN_MEMBERSHIP_SEC_NPORT_NAME,7,7,106,818345,0.00012952972157219755,1
W2023,INTU,0000896878,INTU,HIGH,FULL_AUTHORITATIVE_NAME_PRECISION_CONTROL,LATEST_IN_MEMBERSHIP_SEC_NPORT_NAME,7,7,27,818345,3.299341964574843e-05,1
W2023,INVH,,INVH,MEDIUM,CONSERVATIVE_LEGAL_CORE,LATEST_IN_MEMBERSHIP_SEC_NPORT_NAME,7,2,2,818345,2.44395701079618e-06,1
W2023,IP,,IP,MEDIUM,CONSERVATIVE_LEGAL_CORE,LATEST_IN_MEMBERSHIP_SEC_NPORT_NAME,7,6,32,818345,3.910331217273888e-05,1
W2023,IPG,,IPG,MEDIUM,CONSERVATIVE_LEGAL_CORE,STAGE3I_MEMBERSHIP_NAME,7,3,3,818345,3.66593551619427e-06,1
W2023,IQV,0001478242,IQV,HIGH,FULL_AUTHORITATIVE_NAME_PRECISION_CONTROL,LATEST_IN_MEMBERSHIP_SEC_NPORT_NAME,7,0,0,818345,0.0,0
W2023,IR,0001699150,IR,MEDIUM,CONSERVATIVE_LEGAL_CORE,LATEST_IN_MEMBERSHIP_SEC_NPORT_NAME,7,5,16,818345,1.955165608636944e-05,1
W2023,IRM,0001020569,IRM,MEDIUM,CONSERVATIVE_LEGAL_CORE,LATEST_IN_MEMBERSHIP_SEC_NPORT_NAME,7,1,1,818345,1.22197850539809e-06,1
W2023,ISRG,0001035267,ISRG,MEDIUM,CONSERVATIVE_LEGAL_CORE,LATEST_IN_MEMBERSHIP_SEC_NPORT_NAME,7,7,17,818345,2.077363459176753e-05,1
W2023,IT,0000749251,IT,HIGH,FULL_AUTHORITATIVE_NAME_PRECISION_CONTROL,LATEST_IN_MEMBERSHIP_SEC_NPORT_NAME,7,6,39,818345,4.765716171052551e-05,1
W2023,ITW,0000049826,ITW,LOW,CONSERVATIVE_LEGAL_CORE,LATEST_IN_MEMBERSHIP_SEC_NPORT_NAME,7,7,29,818345,3.543737665654461e-05,1
W2023,IVZ,0000914208,IVZ,HIGH,FULL_AUTHORITATIVE_NAME_PRECISION_CONTROL,STAGE3G_AUTHORITATIVE_SAMPLE_NAME,7,7,108,818345,0.00013197367858299372,1
W2023,J,0000052988,J,MEDIUM,CONSERVATIVE_LEGAL_CORE,STAGE3G_AUTHORITATIVE_SAMPLE_NAME,7,5,8,818345,9.77582804318472e-06,1
W2023,JBHT,0000728535,JBHT,LOW,CONSERVATIVE_LEGAL_CORE,STAGE3G_AUTHORITATIVE_SAMPLE_NAME,7,5,12,818345,1.466374206477708e-05,1
W2023,JCI,0000833444,JCI,LOW,CONSERVATIVE_LEGAL_CORE,LATEST_IN_MEMBERSHIP_SEC_NPORT_NAME,7,5,29,818345,3.543737665654461e-05,1
W2023,JKHY,0000779152,JKHY,LOW,CONSERVATIVE_LEGAL_CORE,STAGE3G_AUTHORITATIVE_SAMPLE_NAME,7,0,0,818345,0.0,0
W2023,JNJ,0000200406,JNJ,MEDIUM,CONSERVATIVE_LEGAL_CORE,LATEST_IN_MEMBERSHIP_SEC_NPORT_NAME,7,0,0,818345,0.0,0
W2023,JNPR,0001043604,JNPR,MEDIUM,CONSERVATIVE_LEGAL_CORE,STAGE3I_MEMBERSHIP_NAME,7,5,43,818345,5.254507573211787e-05,1
W2023,JPM,0000019617,JPM,MEDIUM,CONSERVATIVE_LEGAL_CORE,LATEST_IN_MEMBERSHIP_SEC_NPORT_NAME,7,0,0,818345,0.0,0
W2023,K,0000055067,K,HIGH,FULL_AUTHORITATIVE_NAME_PRECISION_CONTROL,STAGE3I_MEMBERSHIP_NAME,7,7,16,818345,1.955165608636944e-05,1
W2023,KDP,0001418135,KDP,LOW,CONSERVATIVE_LEGAL_CORE,LATEST_IN_MEMBERSHIP_SEC_NPORT_NAME,7,6,13,818345,1.588572057017517e-05,1
W2023,KEY,,KEY,HIGH,FULL_AUTHORITATIVE_NAME_PRECISION_CONTROL,LATEST_IN_MEMBERSHIP_SEC_NPORT_NAME,7,7,406,818345,0.0004961232731916246,1
W2023,KEYS,0001601046,KEYS,LOW,CONSERVATIVE_LEGAL_CORE,LATEST_IN_MEMBERSHIP_SEC_NPORT_NAME,7,4,6,818345,7.33187103238854e-06,1
W2023,KHC,0001637459,KHC,LOW,CONSERVATIVE_LEGAL_CORE,LATEST_IN_MEMBERSHIP_SEC_NPORT_NAME,7,6,21,818345,2.566154861335989e-05,1
W2023,KIM,0000879101,KIM,MEDIUM,CONSERVATIVE_LEGAL_CORE,LATEST_IN_MEMBERSHIP_SEC_NPORT_NAME,7,5,10,818345,1.22197850539809e-05,1
W2023,KLAC,0000319201,KLAC,HIGH,FULL_AUTHORITATIVE_NAME_PRECISION_CONTROL,LATEST_IN_MEMBERSHIP_SEC_NPORT_NAME,7,0,0,818345,0.0,0
W2023,KMB,0000055785,KMB,MEDIUM,CONSERVATIVE_LEGAL_CORE,LATEST_IN_MEMBERSHIP_SEC_NPORT_NAME,7,5,24,818345,2.932748412955416e-05,1
W2023,KMI,0001506307,KMI,MEDIUM,CONSERVATIVE_LEGAL_CORE,LATEST_IN_MEMBERSHIP_SEC_NPORT_NAME,7,6,20,818345,2.44395701079618e-05,1
W2023,KMX,0001170010,KMX,HIGH,FULL_AUTHORITATIVE_NAME_PRECISION_CONTROL,STAGE3I_MEMBERSHIP_NAME,7,4,5,818345,6.10989252699045e-06,1
W2023,KO,0000021344,KO,LOW,CONSERVATIVE_LEGAL_CORE,LATEST_IN_MEMBERSHIP_SEC_NPORT_NAME,7,7,60,818345,7.33187103238854e-05,1
W2023,KR,0000056873,KR,HIGH,FULL_AUTHORITATIVE_NAME_PRECISION_CONTROL,LATEST_IN_MEMBERSHIP_SEC_NPORT_NAME,7,7,29,818345,3.543737665654461e-05,1
W2023,L,0000060086,L,HIGH,FULL_AUTHORITATIVE_NAME_PRECISION_CONTROL,LATEST_IN_MEMBERSHIP_SEC_NPORT_NAME,7,0,0,818345,0.0,0
W2023,LDOS,0001336920,LDOS,HIGH,FULL_AUTHORITATIVE_NAME_PRECISION_CONTROL,LATEST_IN_MEMBERSHIP_SEC_NPORT_NAME,7,1,1,818345,1.22197850539809e-06,1
W2023,LEN,0000920760,LEN,LOW,CONSERVATIVE_LEGAL_CORE,LATEST_IN_MEMBERSHIP_SEC_NPORT_NAME,7,5,74,818345,9.042640939945866e-05,1
W2023,LH,0000920148,LH,HIGH,FULL_AUTHORITATIVE_NAME_PRECISION_CONTROL,STAGE3G_AUTHORITATIVE_SAMPLE_NAME,7,7,17,818345,2.077363459176753e-05,1
W2023,LHX,0000202058,LHX,MEDIUM,CONSERVATIVE_LEGAL_CORE,LATEST_IN_MEMBERSHIP_SEC_NPORT_NAME,7,0,0,818345,0.0,0
W2023,LIN,0001707925,LIN,HIGH,FULL_AUTHORITATIVE_NAME_PRECISION_CONTROL,LATEST_IN_MEMBERSHIP_SEC_NPORT_NAME,7,2,4,818345,4.88791402159236e-06,1
W2023,LKQ,0001065696,LKQ,HIGH,QUALIFIED_FULL_AUTHORITATIVE_NAME_BARE_TICKER_CONTROL,STAGE3I_MEMBERSHIP_NAME,7,0,0,818345,0.0,0
W2023,LLY,0000059478,LLY,MEDIUM,CONSERVATIVE_LEGAL_CORE,LATEST_IN_MEMBERSHIP_SEC_NPORT_NAME,7,2,2,818345,2.44395701079618e-06,1
W2023,LMT,0000936468,LMT,MEDIUM,CONSERVATIVE_LEGAL_CORE,LATEST_IN_MEMBERSHIP_SEC_NPORT_NAME,7,7,244,818345,0.00029816275531713396,1
W2023,LNC,0000059558,LNC,MEDIUM,CONSERVATIVE_LEGAL_CORE,STAGE3I_MEMBERSHIP_NAME,7,7,14,818345,1.710769907557326e-05,1
W2023,LNT,0000352541,LNT,MEDIUM,CONSERVATIVE_LEGAL_CORE,LATEST_IN_MEMBERSHIP_SEC_NPORT_NAME,7,6,23,818345,2.8105505624156072e-05,1
W2023,LOW,0000060667,LOW,LOW,CONSERVATIVE_LEGAL_CORE,LATEST_IN_MEMBERSHIP_SEC_NPORT_NAME,7,0,0,818345,0.0,0
W2023,LRCX,0000707549,LRCX,MEDIUM,CONSERVATIVE_LEGAL_CORE,LATEST_IN_MEMBERSHIP_SEC_NPORT_NAME,7,7,68,818345,8.309453836707012e-05,1
W2023,LUV,0000092380,LUV,MEDIUM,CONSERVATIVE_LEGAL_CORE,LATEST_IN_MEMBERSHIP_SEC_NPORT_NAME,7,7,195,818345,0.00023828580855262755,1
W2023,LVS,0001300514,LVS,LOW,CONSERVATIVE_LEGAL_CORE,LATEST_IN_MEMBERSHIP_SEC_NPORT_NAME,7,7,33,818345,4.0325290678136974e-05,1
W2023,LW,0001679273,LW,MEDIUM,CONSERVATIVE_LEGAL_CORE,LATEST_IN_MEMBERSHIP_SEC_NPORT_NAME,7,4,7,818345,8.55384953778663e-06,1
W2023,LYB,0001489393,LYB,LOW,CONSERVATIVE_LEGAL_CORE,STAGE3G_AUTHORITATIVE_SAMPLE_NAME,7,0,0,818345,0.0,0
W2023,LYV,0001335258,LYV,LOW,CONSERVATIVE_LEGAL_CORE,LATEST_IN_MEMBERSHIP_SEC_NPORT_NAME,7,2,2,818345,2.44395701079618e-06,1
W2023,MA,0001141391,MA,LOW,CONSERVATIVE_LEGAL_CORE,LATEST_IN_MEMBERSHIP_SEC_NPORT_NAME,7,7,395,818345,0.0004826815096322456,1
W2023,MAA,0000912595,MAA,LOW,CONSERVATIVE_LEGAL_CORE,LATEST_IN_MEMBERSHIP_SEC_NPORT_NAME,7,0,0,818345,0.0,0
W2023,MAR,0001048286,MAR,LOW,CONSERVATIVE_LEGAL_CORE,STAGE3G_AUTHORITATIVE_SAMPLE_NAME,7,7,95,818345,0.00011608795801281856,1
W2023,MAS,0000062996,MAS,HIGH,FULL_AUTHORITATIVE_NAME_PRECISION_CONTROL,LATEST_IN_MEMBERSHIP_SEC_NPORT_NAME,7,2,2,818345,2.44395701079618e-06,1
W2023,MCD,0000063908,MCD,MEDIUM,CONSERVATIVE_LEGAL_CORE,LATEST_IN_MEMBERSHIP_SEC_NPORT_NAME,7,7,144,818345,0.00017596490477732497,1
W2023,MCHP,0000827054,MCHP,MEDIUM,CONSERVATIVE_LEGAL_CORE,LATEST_IN_MEMBERSHIP_SEC_NPORT_NAME,7,7,38,818345,4.6435183205127425e-05,1
W2023,MCK,0000927653,MCK,HIGH,FULL_AUTHORITATIVE_NAME_PRECISION_CONTROL,LATEST_IN_MEMBERSHIP_SEC_NPORT_NAME,7,3,6,818345,7.33187103238854e-06,1
W2023,MCO,0001059556,MCO,HIGH,FULL_AUTHORITATIVE_NAME_PRECISION_CONTROL,LATEST_IN_MEMBERSHIP_SEC_NPORT_NAME,7,0,0,818345,0.0,0
W2023,MDLZ,0001103982,MDLZ,LOW,CONSERVATIVE_LEGAL_CORE,LATEST_IN_MEMBERSHIP_SEC_NPORT_NAME,7,6,61,818345,7.454068882928349e-05,1
W2023,MDT,0001613103,MDT,HIGH,FULL_AUTHORITATIVE_NAME_PRECISION_CONTROL,LATEST_IN_MEMBERSHIP_SEC_NPORT_NAME,7,5,9,818345,1.099780654858281e-05,1
W2023,MET,0001099219,MET,HIGH,FULL_AUTHORITATIVE_NAME_PRECISION_CONTROL,LATEST_IN_MEMBERSHIP_SEC_NPORT_NAME,7,7,15,818345,1.832967758097135e-05,1
W2023,META,0001326801,META,LOW,CONSERVATIVE_LEGAL_CORE,LATEST_IN_MEMBERSHIP_SEC_NPORT_NAME,7,7,202,818345,0.0002468396580904142,1
W2023,MGM,0000789570,MGM,LOW,CONSERVATIVE_LEGAL_CORE,LATEST_IN_MEMBERSHIP_SEC_NPORT_NAME,7,4,5,818345,6.10989252699045e-06,1
W2023,MHK,0000851968,MHK,MEDIUM,CONSERVATIVE_LEGAL_CORE,STAGE3I_MEMBERSHIP_NAME,7,5,9,818345,1.099780654858281e-05,1
W2023,MKC,0000063754,MKC,LOW,CONSERVATIVE_LEGAL_CORE,STAGE3G_AUTHORITATIVE_SAMPLE_NAME,7,0,0,818345,0.0,0
W2023,MKTX,0001278021,MKTX,HIGH,FULL_AUTHORITATIVE_NAME_PRECISION_CONTROL,STAGE3I_MEMBERSHIP_NAME,7,4,7,818345,8.55384953778663e-06,1
W2023,MLM,0000916076,MLM,LOW,CONSERVATIVE_LEGAL_CORE,LATEST_IN_MEMBERSHIP_SEC_NPORT_NAME,7,4,8,818345,9.77582804318472e-06,1
W2023,MMM,0000066740,MMM,HIGH,FULL_AUTHORITATIVE_NAME_PRECISION_CONTROL,LATEST_IN_MEMBERSHIP_SEC_NPORT_NAME,7,0,0,818345,0.0,0
W2023,MNST,0000865752,MNST,MEDIUM,CONSERVATIVE_LEGAL_CORE,LATEST_IN_MEMBERSHIP_SEC_NPORT_NAME,7,7,23,818345,2.8105505624156072e-05,1
W2023,MO,0000764180,MO,MEDIUM,CONSERVATIVE_LEGAL_CORE,LATEST_IN_MEMBERSHIP_SEC_NPORT_NAME,7,6,23,818345,2.8105505624156072e-05,1
W2023,MOH,0001179929,MOH,MEDIUM,CONSERVATIVE_LEGAL_CORE,STAGE3I_MEMBERSHIP_NAME,7,6,11,818345,1.344176355937899e-05,1
W2023,MOS,0001285785,MOS,LOW,CONSERVATIVE_LEGAL_CORE,LATEST_IN_MEMBERSHIP_SEC_NPORT_NAME,7,7,23,818345,2.8105505624156072e-05,1
W2023,MPC,0001510295,MPC,MEDIUM,CONSERVATIVE_LEGAL_CORE,LATEST_IN_MEMBERSHIP_SEC_NPORT_NAME,7,7,38,818345,4.6435183205127425e-05,1
W2023,MPWR,0001280452,MPWR,LOW,CONSERVATIVE_LEGAL_CORE,LATEST_IN_MEMBERSHIP_SEC_NPORT_NAME,7,3,4,818345,4.88791402159236e-06,1
W2023,MRK,0000310158,MRK,HIGH,FULL_AUTHORITATIVE_NAME_PRECISION_CONTROL,LATEST_IN_MEMBERSHIP_SEC_NPORT_NAME,7,0,0,818345,0.0,0
W2023,MRNA,0001682852,MRNA,HIGH,FULL_AUTHORITATIVE_NAME_PRECISION_CONTROL,LATEST_IN_MEMBERSHIP_SEC_NPORT_NAME,7,6,41,818345,5.0101118721321694e-05,1
W2023,MRO,0000101778,MRO,MEDIUM,CONSERVATIVE_LEGAL_CORE,STAGE3I_MEMBERSHIP_NAME,7,6,31,818345,3.788133366734079e-05,1
W2023,MRSH,0000062709,MRSH,LOW,CONSERVATIVE_LEGAL_CORE,STAGE3G_AUTHORITATIVE_SAMPLE_NAME,7,0,0,818345,0.0,0
W2023,MS,0000895421,MS,MEDIUM,CONSERVATIVE_LEGAL_CORE,LATEST_IN_MEMBERSHIP_SEC_NPORT_NAME,7,7,2962,818345,0.0036195003329891427,1
W2023,MSCI,0001408198,MSCI,HIGH,FULL_AUTHORITATIVE_NAME_PRECISION_CONTROL,LATEST_IN_MEMBERSHIP_SEC_NPORT_NAME,7,1,1,818345,1.22197850539809e-06,1
W2023,MSFT,0000789019,MSFT,HIGH,FULL_AUTHORITATIVE_NAME_PRECISION_CONTROL,LATEST_IN_MEMBERSHIP_SEC_NPORT_NAME,7,7,427,818345,0.0005217848218049845,1
W2023,MSI,0000068505,MSI,MEDIUM,CONSERVATIVE_LEGAL_CORE,LATEST_IN_MEMBERSHIP_SEC_NPORT_NAME,7,6,24,818345,2.932748412955416e-05,1
W2023,MTB,0000036270,MTB,HIGH,FULL_AUTHORITATIVE_NAME_PRECISION_CONTROL,LATEST_IN_MEMBERSHIP_SEC_NPORT_NAME,7,0,0,818345,0.0,0
W2023,MTCH,0000891103,MTCH,MEDIUM,CONSERVATIVE_LEGAL_CORE,STAGE3I_MEMBERSHIP_NAME,7,0,0,818345,0.0,0
W2023,MTD,0001037646,MTD,LOW,CONSERVATIVE_LEGAL_CORE,LATEST_IN_MEMBERSHIP_SEC_NPORT_NAME,7,5,7,818345,8.55384953778663e-06,1
W2023,MU,0000723125,MU,MEDIUM,CONSERVATIVE_LEGAL_CORE,LATEST_IN_MEMBERSHIP_SEC_NPORT_NAME,7,7,128,818345,0.00015641324869095552,1
W2023,NCLH,0001513761,NCLH,LOW,CONSERVATIVE_LEGAL_CORE,LATEST_IN_MEMBERSHIP_SEC_NPORT_NAME,7,6,11,818345,1.344176355937899e-05,1
W2023,NDAQ,0001120193,NDAQ,HIGH,FULL_AUTHORITATIVE_NAME_PRECISION_CONTROL,LATEST_IN_MEMBERSHIP_SEC_NPORT_NAME,7,7,45,818345,5.498903274291405e-05,1
W2023,NDSN,0000072331,NDSN,HIGH,FULL_AUTHORITATIVE_NAME_PRECISION_CONTROL,LATEST_IN_MEMBERSHIP_SEC_NPORT_NAME,7,1,1,818345,1.22197850539809e-06,1
W2023,NEE,0000753308,NEE,MEDIUM,CONSERVATIVE_LEGAL_CORE,LATEST_IN_MEMBERSHIP_SEC_NPORT_NAME,7,7,104,818345,0.00012708576456140137,1
W2023,NEM,0001164727,NEM,HIGH,FULL_AUTHORITATIVE_NAME_PRECISION_CONTROL,LATEST_IN_MEMBERSHIP_SEC_NPORT_NAME,7,3,3,818345,3.66593551619427e-06,1
W2023,NFLX,0001065280,NFLX,HIGH,FULL_AUTHORITATIVE_NAME_PRECISION_CONTROL,LATEST_IN_MEMBERSHIP_SEC_NPORT_NAME,7,7,210,818345,0.0002566154861335989,1
W2023,NI,0001111711,NI,HIGH,FULL_AUTHORITATIVE_NAME_PRECISION_CONTROL,LATEST_IN_MEMBERSHIP_SEC_NPORT_NAME,7,4,10,818345,1.22197850539809e-05,1
W2023,NKE,0000320187,NKE,LOW,CONSERVATIVE_LEGAL_CORE,LATEST_IN_MEMBERSHIP_SEC_NPORT_NAME,7,7,58,818345,7.087475331308922e-05,1
W2023,NOC,,NOC,MEDIUM,CONSERVATIVE_LEGAL_CORE,LATEST_IN_MEMBERSHIP_SEC_NPORT_NAME,7,7,190,818345,0.00023217591602563712,1
W2023,NOW,0001373715,NOW,HIGH,FULL_AUTHORITATIVE_NAME_PRECISION_CONTROL,LATEST_IN_MEMBERSHIP_SEC_NPORT_NAME,7,6,20,818345,2.44395701079618e-05,1
W2023,NRG,0001013871,NRG,MEDIUM,CONSERVATIVE_LEGAL_CORE,LATEST_IN_MEMBERSHIP_SEC_NPORT_NAME,7,1,1,818345,1.22197850539809e-06,1
W2023,NSC,0000702165,NSC,MEDIUM,CONSERVATIVE_LEGAL_CORE,LATEST_IN_MEMBERSHIP_SEC_NPORT_NAME,7,7,125,818345,0.00015274731317476125,1
W2023,NTAP,0001002047,NTAP,HIGH,FULL_AUTHORITATIVE_NAME_PRECISION_CONTROL,LATEST_IN_MEMBERSHIP_SEC_NPORT_NAME,7,5,13,818345,1.588572057017517e-05,1
W2023,NTRS,0000073124,NTRS,MEDIUM,CONSERVATIVE_LEGAL_CORE,LATEST_IN_MEMBERSHIP_SEC_NPORT_NAME,7,7,95,818345,0.00011608795801281856,1
W2023,NUE,0000073309,NUE,HIGH,FULL_AUTHORITATIVE_NAME_PRECISION_CONTROL,LATEST_IN_MEMBERSHIP_SEC_NPORT_NAME,7,1,1,818345,1.22197850539809e-06,1
W2023,NVDA,0001045810,NVDA,HIGH,FULL_AUTHORITATIVE_NAME_PRECISION_CONTROL,LATEST_IN_MEMBERSHIP_SEC_NPORT_NAME,7,7,131,818345,0.0001600791842071498,1
W2023,NVR,0000906163,NVR,HIGH,FULL_AUTHORITATIVE_NAME_PRECISION_CONTROL,LATEST_IN_MEMBERSHIP_SEC_NPORT_NAME,7,2,3,818345,3.66593551619427e-06,1
W2023,NWL,0000814453,NWL,MEDIUM,CONSERVATIVE_LEGAL_CORE,STAGE3I_MEMBERSHIP_NAME,7,2,5,818345,6.10989252699045e-06,1
W2023,NWS,0001564708,NWS,LOW,CONSERVATIVE_LEGAL_CORE,LATEST_IN_MEMBERSHIP_SEC_NPORT_NAME,7,7,138,818345,0.00016863303374493643,1
W2023,NWSA,0001564708,NWSA,LOW,CONSERVATIVE_LEGAL_CORE,LATEST_IN_MEMBERSHIP_SEC_NPORT_NAME,7,7,138,818345,0.00016863303374493643,1
W2023,NXPI,0001413447,NXPI,MEDIUM,CONSERVATIVE_LEGAL_CORE,LATEST_IN_MEMBERSHIP_SEC_NPORT_NAME,7,3,7,818345,8.55384953778663e-06,1
W2023,O,0000726728,O,MEDIUM,CONSERVATIVE_LEGAL_CORE,LATEST_IN_MEMBERSHIP_SEC_NPORT_NAME,7,6,14,818345,1.710769907557326e-05,1
W2023,ODFL,0000878927,ODFL,LOW,CONSERVATIVE_LEGAL_CORE,LATEST_IN_MEMBERSHIP_SEC_NPORT_NAME,7,6,10,818345,1.22197850539809e-05,1
W2023,OGN,0001821825,OGN,HIGH,FULL_AUTHORITATIVE_NAME_PRECISION_CONTROL,STAGE3I_MEMBERSHIP_NAME,7,3,5,818345,6.10989252699045e-06,1
W2023,OKE,,OKE,HIGH,FULL_AUTHORITATIVE_NAME_PRECISION_CONTROL,LATEST_IN_MEMBERSHIP_SEC_NPORT_NAME,7,5,7,818345,8.55384953778663e-06,1
W2023,OMC,0000029989,OMC,MEDIUM,CONSERVATIVE_LEGAL_CORE,LATEST_IN_MEMBERSHIP_SEC_NPORT_NAME,7,6,21,818345,2.566154861335989e-05,1
W2023,ON,0001097864,ON,MEDIUM,CONSERVATIVE_LEGAL_CORE,LATEST_IN_MEMBERSHIP_SEC_NPORT_NAME,7,0,0,818345,0.0,0
W2023,ORCL,0001341439,ORCL,HIGH,FULL_AUTHORITATIVE_NAME_PRECISION_CONTROL,LATEST_IN_MEMBERSHIP_SEC_NPORT_NAME,7,6,43,818345,5.254507573211787e-05,1
W2023,ORLY,0000898173,ORLY,LOW,CONSERVATIVE_LEGAL_CORE,LATEST_IN_MEMBERSHIP_SEC_NPORT_NAME,7,6,13,818345,1.588572057017517e-05,1
W2023,OTIS,0001781335,OTIS,MEDIUM,CONSERVATIVE_LEGAL_CORE,LATEST_IN_MEMBERSHIP_SEC_NPORT_NAME,7,5,15,818345,1.832967758097135e-05,1
W2023,OXY,0000797468,OXY,MEDIUM,CONSERVATIVE_LEGAL_CORE,LATEST_IN_MEMBERSHIP_SEC_NPORT_NAME,7,7,44,818345,5.376705423751596e-05,1
W2023,PANW,0001327567,PANW,LOW,CONSERVATIVE_LEGAL_CORE,LATEST_IN_MEMBERSHIP_SEC_NPORT_NAME,7,7,66,818345,8.065058135627395e-05,1
W2023,PAYC,0001590955,PAYC,MEDIUM,CONSERVATIVE_LEGAL_CORE,LATEST_IN_MEMBERSHIP_SEC_NPORT_NAME,7,3,6,818345,7.33187103238854e-06,1
W2023,PAYX,0000723531,PAYX,HIGH,FULL_AUTHORITATIVE_NAME_PRECISION_CONTROL,LATEST_IN_MEMBERSHIP_SEC_NPORT_NAME,7,5,21,818345,2.566154861335989e-05,1
W2023,PCAR,0000075362,PCAR,HIGH,FULL_AUTHORITATIVE_NAME_PRECISION_CONTROL,LATEST_IN_MEMBERSHIP_SEC_NPORT_NAME,7,3,9,818345,1.099780654858281e-05,1
W2023,PCG,0001004980,PCG,HIGH,FULL_AUTHORITATIVE_NAME_PRECISION_CONTROL,LATEST_IN_MEMBERSHIP_SEC_NPORT_NAME,7,0,0,818345,0.0,0
W2023,PEG,0000788784,PEG,LOW,CONSERVATIVE_LEGAL_CORE,LATEST_IN_MEMBERSHIP_SEC_NPORT_NAME,7,3,7,818345,8.55384953778663e-06,1
W2023,PEP,0000077476,PEP,HIGH,FULL_AUTHORITATIVE_NAME_PRECISION_CONTROL,LATEST_IN_MEMBERSHIP_SEC_NPORT_NAME,7,7,146,818345,0.00017840886178812113,1
W2023,PFE,0000078003,PFE,HIGH,FULL_AUTHORITATIVE_NAME_PRECISION_CONTROL,LATEST_IN_MEMBERSHIP_SEC_NPORT_NAME,7,7,97,818345,0.00011853191502361473,1
W2023,PFG,0001126328,PFG,LOW,CONSERVATIVE_LEGAL_CORE,LATEST_IN_MEMBERSHIP_SEC_NPORT_NAME,7,7,57,818345,6.965277480769113e-05,1
W2023,PG,0000080424,PG,LOW,CONSERVATIVE_LEGAL_CORE,LATEST_IN_MEMBERSHIP_SEC_NPORT_NAME,7,0,0,818345,0.0,0
W2023,PGR,0000080661,PGR,HIGH,FULL_AUTHORITATIVE_NAME_PRECISION_CONTROL,LATEST_IN_MEMBERSHIP_SEC_NPORT_NAME,7,3,6,818345,7.33187103238854e-06,1
W2023,PH,0000076334,PH,MEDIUM,CONSERVATIVE_LEGAL_CORE,LATEST_IN_MEMBERSHIP_SEC_NPORT_NAME,7,7,35,818345,4.276924768893315e-05,1
W2023,PHM,0000822416,PHM,HIGH,FULL_AUTHORITATIVE_NAME_PRECISION_CONTROL,LATEST_IN_MEMBERSHIP_SEC_NPORT_NAME,7,3,4,818345,4.88791402159236e-06,1
W2023,PKG,0000075677,PKG,LOW,CONSERVATIVE_LEGAL_CORE,LATEST_IN_MEMBERSHIP_SEC_NPORT_NAME,7,0,0,818345,0.0,0
W2023,PLD,0001045609,PLD,HIGH,FULL_AUTHORITATIVE_NAME_PRECISION_CONTROL,LATEST_IN_MEMBERSHIP_SEC_NPORT_NAME,7,5,12,818345,1.466374206477708e-05,1
W2023,PM,0001413329,PM,LOW,CONSERVATIVE_LEGAL_CORE,LATEST_IN_MEMBERSHIP_SEC_NPORT_NAME,7,7,45,818345,5.498903274291405e-05,1
W2023,PNC,0000713676,PNC,LOW,CONSERVATIVE_LEGAL_CORE,LATEST_IN_MEMBERSHIP_SEC_NPORT_NAME,7,0,0,818345,0.0,0
W2023,PNR,0000077360,PNR,HIGH,FULL_AUTHORITATIVE_NAME_PRECISION_CONTROL,LATEST_IN_MEMBERSHIP_SEC_NPORT_NAME,7,1,1,818345,1.22197850539809e-06,1
W2023,PNW,0000764622,PNW,LOW,CONSERVATIVE_LEGAL_CORE,LATEST_IN_MEMBERSHIP_SEC_NPORT_NAME,7,3,3,818345,3.66593551619427e-06,1
W2023,PODD,0001145197,PODD,HIGH,FULL_AUTHORITATIVE_NAME_PRECISION_CONTROL,LATEST_IN_MEMBERSHIP_SEC_NPORT_NAME,7,0,0,818345,0.0,0
W2023,POOL,0000945841,POOL,HIGH,FULL_AUTHORITATIVE_NAME_PRECISION_CONTROL,LATEST_IN_MEMBERSHIP_SEC_NPORT_NAME,7,2,5,818345,6.10989252699045e-06,1
W2023,PPG,0000079879,PPG,MEDIUM,CONSERVATIVE_LEGAL_CORE,LATEST_IN_MEMBERSHIP_SEC_NPORT_NAME,7,2,2,818345,2.44395701079618e-06,1
W2023,PPL,0000922224,PPL,HIGH,FULL_AUTHORITATIVE_NAME_PRECISION_CONTROL,LATEST_IN_MEMBERSHIP_SEC_NPORT_NAME,7,1,1,818345,1.22197850539809e-06,1
W2023,PRU,0001137774,PRU,MEDIUM,CONSERVATIVE_LEGAL_CORE,LATEST_IN_MEMBERSHIP_SEC_NPORT_NAME,7,7,79,818345,9.653630192644912e-05,1
W2023,PSA,0001393311,PSA,MEDIUM,CONSERVATIVE_LEGAL_CORE,LATEST_IN_MEMBERSHIP_SEC_NPORT_NAME,7,2,3,818345,3.66593551619427e-06,1
W2023,PSKY,0002041610,PSKY,LOW,CONSERVATIVE_LEGAL_CORE,STAGE3G_AUTHORITATIVE_SAMPLE_NAME,7,0,0,818345,0.0,0
W2023,PSX,0001534701,PSX,MEDIUM,CONSERVATIVE_LEGAL_CORE,LATEST_IN_MEMBERSHIP_SEC_NPORT_NAME,7,0,0,818345,0.0,0
W2023,PTC,0000857005,PTC,HIGH,FULL_AUTHORITATIVE_NAME_PRECISION_CONTROL,LATEST_IN_MEMBERSHIP_SEC_NPORT_NAME,7,2,3,818345,3.66593551619427e-06,1
W2023,PWR,0001050915,PWR,MEDIUM,CONSERVATIVE_LEGAL_CORE,LATEST_IN_MEMBERSHIP_SEC_NPORT_NAME,7,4,7,818345,8.55384953778663e-06,1
W2023,PXD,0001038357,PXD,LOW,CONSERVATIVE_LEGAL_CORE,STAGE3I_MEMBERSHIP_NAME,7,7,15,818345,1.832967758097135e-05,1
W2023,PYPL,0001633917,PYPL,HIGH,FULL_AUTHORITATIVE_NAME_PRECISION_CONTROL,LATEST_IN_MEMBERSHIP_SEC_NPORT_NAME,7,5,37,818345,4.521320469972933e-05,1
W2023,QCOM,0000804328,QCOM,HIGH,FULL_AUTHORITATIVE_NAME_PRECISION_CONTROL,LATEST_IN_MEMBERSHIP_SEC_NPORT_NAME,7,6,69,818345,8.431651687246822e-05,1
W2023,QRVO,0001604778,QRVO,HIGH,FULL_AUTHORITATIVE_NAME_PRECISION_CONTROL,STAGE3I_MEMBERSHIP_NAME,7,3,13,818345,1.588572057017517e-05,1
W2023,RCL,0000884887,RCL,LOW,CONSERVATIVE_LEGAL_CORE,LATEST_IN_MEMBERSHIP_SEC_NPORT_NAME,7,5,24,818345,2.932748412955416e-05,1
W2023,REG,0000910606,REG,MEDIUM,CONSERVATIVE_LEGAL_CORE,LATEST_IN_MEMBERSHIP_SEC_NPORT_NAME,7,2,7,818345,8.55384953778663e-06,1
W2023,REGN,0000872589,REGN,MEDIUM,CONSERVATIVE_LEGAL_CORE,LATEST_IN_MEMBERSHIP_SEC_NPORT_NAME,7,6,25,818345,3.0549462634952254e-05,1
W2023,RF,0001281761,RF,MEDIUM,CONSERVATIVE_LEGAL_CORE,LATEST_IN_MEMBERSHIP_SEC_NPORT_NAME,7,4,9,818345,1.099780654858281e-05,1
W2023,RHI,0000315213,RHI,MEDIUM,CONSERVATIVE_LEGAL_CORE,STAGE3I_MEMBERSHIP_NAME,7,1,1,818345,1.22197850539809e-06,1
W2023,RJF,0000720005,RJF,LOW,CONSERVATIVE_LEGAL_CORE,LATEST_IN_MEMBERSHIP_SEC_NPORT_NAME,7,4,10,818345,1.22197850539809e-05,1
W2023,RL,0001037038,RL,MEDIUM,CONSERVATIVE_LEGAL_CORE,LATEST_IN_MEMBERSHIP_SEC_NPORT_NAME,7,4,5,818345,6.10989252699045e-06,1
W2023,RMD,0000943819,RMD,HIGH,FULL_AUTHORITATIVE_NAME_PRECISION_CONTROL,LATEST_IN_MEMBERSHIP_SEC_NPORT_NAME,7,4,4,818345,4.88791402159236e-06,1
W2023,ROK,0001024478,ROK,MEDIUM,CONSERVATIVE_LEGAL_CORE,LATEST_IN_MEMBERSHIP_SEC_NPORT_NAME,7,7,70,818345,8.55384953778663e-05,1
W2023,ROL,0000084839,ROL,HIGH,FULL_AUTHORITATIVE_NAME_PRECISION_CONTROL,LATEST_IN_MEMBERSHIP_SEC_NPORT_NAME,7,4,5,818345,6.10989252699045e-06,1
W2023,ROP,0000882835,ROP,MEDIUM,CONSERVATIVE_LEGAL_CORE,LATEST_IN_MEMBERSHIP_SEC_NPORT_NAME,7,5,13,818345,1.588572057017517e-05,1
W2023,ROST,0000745732,ROST,MEDIUM,CONSERVATIVE_LEGAL_CORE,LATEST_IN_MEMBERSHIP_SEC_NPORT_NAME,7,3,5,818345,6.10989252699045e-06,1
W2023,RSG,0001060391,RSG,MEDIUM,CONSERVATIVE_LEGAL_CORE,LATEST_IN_MEMBERSHIP_SEC_NPORT_NAME,7,7,37,818345,4.521320469972933e-05,1
W2023,RTX,0000101829,RTX,HIGH,FULL_AUTHORITATIVE_NAME_PRECISION_CONTROL,LATEST_IN_MEMBERSHIP_SEC_NPORT_NAME,7,6,15,818345,1.832967758097135e-05,1
W2023,RVTY,0000031791,RVTY,HIGH,FULL_AUTHORITATIVE_NAME_PRECISION_CONTROL,LATEST_IN_MEMBERSHIP_SEC_NPORT_NAME,7,1,1,818345,1.22197850539809e-06,1
W2023,SBAC,0001034054,SBAC,MEDIUM,CONSERVATIVE_LEGAL_CORE,LATEST_IN_MEMBERSHIP_SEC_NPORT_NAME,7,0,0,818345,0.0,0
W2023,SBUX,0000829224,SBUX,HIGH,FULL_AUTHORITATIVE_NAME_PRECISION_CONTROL,LATEST_IN_MEMBERSHIP_SEC_NPORT_NAME,7,4,6,818345,7.33187103238854e-06,1
W2023,SCHW,0000316709,SCHW,MEDIUM,CONSERVATIVE_LEGAL_CORE,STAGE3G_AUTHORITATIVE_SAMPLE_NAME,7,7,123,818345,0.0001503033561639651,1
W2023,SEDG,0001419612,SEDG,MEDIUM,CONSERVATIVE_LEGAL_CORE,STAGE3I_MEMBERSHIP_NAME,7,0,0,818345,0.0,0
W2023,SEE,0000088204,SEE,MEDIUM,CONSERVATIVE_LEGAL_CORE,STAGE3I_MEMBERSHIP_NAME,7,4,6,818345,7.33187103238854e-06,1
W2023,SHW,0000089800,SHW,LOW,CONSERVATIVE_LEGAL_CORE,LATEST_IN_MEMBERSHIP_SEC_NPORT_NAME,7,6,24,818345,2.932748412955416e-05,1
W2023,SJM,0000091419,SJM,LOW,CONSERVATIVE_LEGAL_CORE,LATEST_IN_MEMBERSHIP_SEC_NPORT_NAME,7,3,11,818345,1.344176355937899e-05,1
W2023,SLB,0000087347,SLB,HIGH,FULL_AUTHORITATIVE_NAME_PRECISION_CONTROL,LATEST_IN_MEMBERSHIP_SEC_NPORT_NAME,7,0,0,818345,0.0,0
W2023,SNA,0000091440,SNA,HIGH,FULL_AUTHORITATIVE_NAME_PRECISION_CONTROL,LATEST_IN_MEMBERSHIP_SEC_NPORT_NAME,7,0,0,818345,0.0,0
W2023,SNPS,0000883241,SNPS,HIGH,FULL_AUTHORITATIVE_NAME_PRECISION_CONTROL,LATEST_IN_MEMBERSHIP_SEC_NPORT_NAME,7,4,12,818345,1.466374206477708e-05,1
W2023,SO,0000092122,SO,LOW,CONSERVATIVE_LEGAL_CORE,LATEST_IN_MEMBERSHIP_SEC_NPORT_NAME,7,7,43,818345,5.254507573211787e-05,1
W2023,SPG,0001063761,SPG,LOW,CONSERVATIVE_LEGAL_CORE,LATEST_IN_MEMBERSHIP_SEC_NPORT_NAME,7,7,31,818345,3.788133366734079e-05,1
W2023,SPGI,0000064040,SPGI,LOW,CONSERVATIVE_LEGAL_CORE,LATEST_IN_MEMBERSHIP_SEC_NPORT_NAME,7,0,0,818345,0.0,0
W2023,SRE,0001032208,SRE,HIGH,FULL_AUTHORITATIVE_NAME_PRECISION_CONTROL,LATEST_IN_MEMBERSHIP_SEC_NPORT_NAME,7,0,0,818345,0.0,0
W2023,STE,0001757898,STE,HIGH,FULL_AUTHORITATIVE_NAME_PRECISION_CONTROL,LATEST_IN_MEMBERSHIP_SEC_NPORT_NAME,7,2,2,818345,2.44395701079618e-06,1
W2023,STLD,0001022671,STLD,MEDIUM,CONSERVATIVE_LEGAL_CORE,LATEST_IN_MEMBERSHIP_SEC_NPORT_NAME,7,4,7,818345,8.55384953778663e-06,1
W2023,STT,0000093751,STT,MEDIUM,CONSERVATIVE_LEGAL_CORE,LATEST_IN_MEMBERSHIP_SEC_NPORT_NAME,7,0,0,818345,0.0,0
W2023,STX,0001137789,STX,MEDIUM,CONSERVATIVE_LEGAL_CORE,STAGE3G_AUTHORITATIVE_SAMPLE_NAME,7,6,49,818345,5.9876946764506414e-05,1
W2023,STZ,0000016918,STZ,LOW,CONSERVATIVE_LEGAL_CORE,LATEST_IN_MEMBERSHIP_SEC_NPORT_NAME,7,7,20,818345,2.44395701079618e-05,1
W2023,SW,0002005951,SW,MEDIUM,CONSERVATIVE_LEGAL_CORE,LATEST_IN_MEMBERSHIP_SEC_NPORT_NAME,7,0,0,818345,0.0,0
W2023,SWK,0000093556,SWK,LOW,CONSERVATIVE_LEGAL_CORE,LATEST_IN_MEMBERSHIP_SEC_NPORT_NAME,7,0,0,818345,0.0,0
W2023,SWKS,0000004127,SWKS,MEDIUM,CONSERVATIVE_LEGAL_CORE,LATEST_IN_MEMBERSHIP_SEC_NPORT_NAME,7,5,12,818345,1.466374206477708e-05,1
W2023,SYF,0001601712,SYF,MEDIUM,CONSERVATIVE_LEGAL_CORE,LATEST_IN_MEMBERSHIP_SEC_NPORT_NAME,7,0,0,818345,0.0,0
W2023,SYK,0000310764,SYK,HIGH,FULL_AUTHORITATIVE_NAME_PRECISION_CONTROL,LATEST_IN_MEMBERSHIP_SEC_NPORT_NAME,7,3,5,818345,6.10989252699045e-06,1
W2023,SYY,0000096021,SYY,HIGH,FULL_AUTHORITATIVE_NAME_PRECISION_CONTROL,LATEST_IN_MEMBERSHIP_SEC_NPORT_NAME,7,2,2,818345,2.44395701079618e-06,1
W2023,T,0000732717,T,HIGH,FULL_AUTHORITATIVE_NAME_PRECISION_CONTROL,LATEST_IN_MEMBERSHIP_SEC_NPORT_NAME,7,0,0,818345,0.0,0
W2023,TAP,0000024545,TAP,LOW,CONSERVATIVE_LEGAL_CORE,LATEST_IN_MEMBERSHIP_SEC_NPORT_NAME,7,6,20,818345,2.44395701079618e-05,1
W2023,TDG,0001260221,TDG,MEDIUM,CONSERVATIVE_LEGAL_CORE,LATEST_IN_MEMBERSHIP_SEC_NPORT_NAME,7,5,6,818345,7.33187103238854e-06,1
W2023,TDY,0001094285,TDY,MEDIUM,CONSERVATIVE_LEGAL_CORE,LATEST_IN_MEMBERSHIP_SEC_NPORT_NAME,7,5,21,818345,2.566154861335989e-05,1
W2023,TECH,0000842023,TECH,MEDIUM,CONSERVATIVE_LEGAL_CORE,LATEST_IN_MEMBERSHIP_SEC_NPORT_NAME,7,3,8,818345,9.77582804318472e-06,1
W2023,TEL,0001385157,TEL,MEDIUM,CONSERVATIVE_LEGAL_CORE,LATEST_IN_MEMBERSHIP_SEC_NPORT_NAME,7,5,10,818345,1.22197850539809e-05,1
W2023,TER,0000097210,TER,HIGH,FULL_AUTHORITATIVE_NAME_PRECISION_CONTROL,LATEST_IN_MEMBERSHIP_SEC_NPORT_NAME,7,3,7,818345,8.55384953778663e-06,1
W2023,TFC,0000092230,TFC,MEDIUM,CONSERVATIVE_LEGAL_CORE,LATEST_IN_MEMBERSHIP_SEC_NPORT_NAME,7,7,35,818345,4.276924768893315e-05,1
W2023,TFX,0000096943,TFX,HIGH,FULL_AUTHORITATIVE_NAME_PRECISION_CONTROL,STAGE3I_MEMBERSHIP_NAME,7,4,8,818345,9.77582804318472e-06,1
W2023,TGT,0000027419,TGT,HIGH,FULL_AUTHORITATIVE_NAME_PRECISION_CONTROL,LATEST_IN_MEMBERSHIP_SEC_NPORT_NAME,7,0,0,818345,0.0,0
W2023,TJX,0000109198,TJX,MEDIUM,CONSERVATIVE_LEGAL_CORE,STAGE3G_AUTHORITATIVE_SAMPLE_NAME,7,0,0,818345,0.0,0
W2023,TMO,0000097745,TMO,LOW,CONSERVATIVE_LEGAL_CORE,LATEST_IN_MEMBERSHIP_SEC_NPORT_NAME,7,7,117,818345,0.00014297148513157652,1
W2023,TMUS,0001283699,TMUS,LOW,CONSERVATIVE_LEGAL_CORE,LATEST_IN_MEMBERSHIP_SEC_NPORT_NAME,7,1,3,818345,3.66593551619427e-06,1
W2023,TPR,0001116132,TPR,HIGH,FULL_AUTHORITATIVE_NAME_PRECISION_CONTROL,LATEST_IN_MEMBERSHIP_SEC_NPORT_NAME,7,6,10,818345,1.22197850539809e-05,1
W2023,TRGP,0001389170,TRGP,MEDIUM,CONSERVATIVE_LEGAL_CORE,LATEST_IN_MEMBERSHIP_SEC_NPORT_NAME,7,3,7,818345,8.55384953778663e-06,1
W2023,TRMB,0000864749,TRMB,HIGH,FULL_AUTHORITATIVE_NAME_PRECISION_CONTROL,LATEST_IN_MEMBERSHIP_SEC_NPORT_NAME,7,5,7,818345,8.55384953778663e-06,1
W2023,TROW,,TROW,LOW,CONSERVATIVE_LEGAL_CORE,LATEST_IN_MEMBERSHIP_SEC_NPORT_NAME,7,6,17,818345,2.077363459176753e-05,1
W2023,TRV,0000086312,TRV,LOW,CONSERVATIVE_LEGAL_CORE,LATEST_IN_MEMBERSHIP_SEC_NPORT_NAME,7,0,0,818345,0.0,0
W2023,TSCO,0000916365,TSCO,MEDIUM,CONSERVATIVE_LEGAL_CORE,LATEST_IN_MEMBERSHIP_SEC_NPORT_NAME,7,7,33,818345,4.0325290678136974e-05,1
W2023,TSLA,0001318605,TSLA,HIGH,FULL_AUTHORITATIVE_NAME_PRECISION_CONTROL,LATEST_IN_MEMBERSHIP_SEC_NPORT_NAME,7,7,299,818345,0.0003653715731140289,1
W2023,TSN,0000100493,TSN,LOW,CONSERVATIVE_LEGAL_CORE,LATEST_IN_MEMBERSHIP_SEC_NPORT_NAME,7,7,68,818345,8.309453836707012e-05,1
W2023,TT,0001466258,TT,MEDIUM,CONSERVATIVE_LEGAL_CORE,LATEST_IN_MEMBERSHIP_SEC_NPORT_NAME,7,0,0,818345,0.0,0
W2023,TTWO,0000946581,TTWO,LOW,CONSERVATIVE_LEGAL_CORE,LATEST_IN_MEMBERSHIP_SEC_NPORT_NAME,7,0,0,818345,0.0,0
W2023,TXN,0000097476,TXN,MEDIUM,CONSERVATIVE_LEGAL_CORE,LATEST_IN_MEMBERSHIP_SEC_NPORT_NAME,7,7,102,818345,0.00012464180755060518,1
W2023,TXT,0000217346,TXT,HIGH,FULL_AUTHORITATIVE_NAME_PRECISION_CONTROL,LATEST_IN_MEMBERSHIP_SEC_NPORT_NAME,7,4,17,818345,2.077363459176753e-05,1
W2023,TYL,0000860731,TYL,MEDIUM,CONSERVATIVE_LEGAL_CORE,LATEST_IN_MEMBERSHIP_SEC_NPORT_NAME,7,6,14,818345,1.710769907557326e-05,1
W2023,UAL,0000100517,UAL,MEDIUM,CONSERVATIVE_LEGAL_CORE,LATEST_IN_MEMBERSHIP_SEC_NPORT_NAME,7,5,19,818345,2.3217591602563712e-05,1
W2023,UDR,0000074208,UDR,HIGH,FULL_AUTHORITATIVE_NAME_PRECISION_CONTROL,LATEST_IN_MEMBERSHIP_SEC_NPORT_NAME,7,0,0,818345,0.0,0
W2023,UHS,0000352915,UHS,LOW,CONSERVATIVE_LEGAL_CORE,LATEST_IN_MEMBERSHIP_SEC_NPORT_NAME,7,0,0,818345,0.0,0
W2023,ULTA,0001403568,ULTA,MEDIUM,CONSERVATIVE_LEGAL_CORE,LATEST_IN_MEMBERSHIP_SEC_NPORT_NAME,7,5,10,818345,1.22197850539809e-05,1
W2023,UNH,0000731766,UNH,MEDIUM,CONSERVATIVE_LEGAL_CORE,LATEST_IN_MEMBERSHIP_SEC_NPORT_NAME,7,7,263,818345,0.0003213803469196977,1
W2023,UNP,0000100885,UNP,MEDIUM,CONSERVATIVE_LEGAL_CORE,LATEST_IN_MEMBERSHIP_SEC_NPORT_NAME,7,7,188,818345,0.00022973195901484093,1
W2023,UPS,0001090727,UPS,LOW,CONSERVATIVE_LEGAL_CORE,LATEST_IN_MEMBERSHIP_SEC_NPORT_NAME,7,7,174,818345,0.00021262425993926766,1
W2023,URI,0001067701,URI,MEDIUM,CONSERVATIVE_LEGAL_CORE,LATEST_IN_MEMBERSHIP_SEC_NPORT_NAME,7,5,14,818345,1.710769907557326e-05,1
W2023,USB,0000036104,USB,MEDIUM,CONSERVATIVE_LEGAL_CORE,LATEST_IN_MEMBERSHIP_SEC_NPORT_NAME,7,7,134,818345,0.00016374511972334406,1
W2023,V,0001403161,V,LOW,CONSERVATIVE_LEGAL_CORE,LATEST_IN_MEMBERSHIP_SEC_NPORT_NAME,7,7,667,818345,0.000815059663100526,1
W2023,VFC,0000103379,VFC,HIGH,FULL_AUTHORITATIVE_NAME_PRECISION_CONTROL,STAGE3I_MEMBERSHIP_NAME,7,0,0,818345,0.0,0
W2023,VICI,0001705696,VICI,MEDIUM,CONSERVATIVE_LEGAL_CORE,LATEST_IN_MEMBERSHIP_SEC_NPORT_NAME,7,2,3,818345,3.66593551619427e-06,1
W2023,VLO,,VLO,MEDIUM,CONSERVATIVE_LEGAL_CORE,LATEST_IN_MEMBERSHIP_SEC_NPORT_NAME,7,5,32,818345,3.910331217273888e-05,1
W2023,VMC,0001396009,VMC,MEDIUM,CONSERVATIVE_LEGAL_CORE,LATEST_IN_MEMBERSHIP_SEC_NPORT_NAME,7,4,10,818345,1.22197850539809e-05,1
W2023,VRSK,0001442145,VRSK,MEDIUM,CONSERVATIVE_LEGAL_CORE,LATEST_IN_MEMBERSHIP_SEC_NPORT_NAME,7,4,4,818345,4.88791402159236e-06,1
W2023,VRSN,0001014473,VRSN,HIGH,FULL_AUTHORITATIVE_NAME_PRECISION_CONTROL,LATEST_IN_MEMBERSHIP_SEC_NPORT_NAME,7,5,11,818345,1.344176355937899e-05,1
W2023,VRTX,0000875320,VRTX,MEDIUM,CONSERVATIVE_LEGAL_CORE,LATEST_IN_MEMBERSHIP_SEC_NPORT_NAME,7,6,37,818345,4.521320469972933e-05,1
W2023,VTR,0000740260,VTR,HIGH,FULL_AUTHORITATIVE_NAME_PRECISION_CONTROL,LATEST_IN_MEMBERSHIP_SEC_NPORT_NAME,7,2,2,818345,2.44395701079618e-06,1
W2023,VTRS,0001792044,VTRS,HIGH,FULL_AUTHORITATIVE_NAME_PRECISION_CONTROL,LATEST_IN_MEMBERSHIP_SEC_NPORT_NAME,7,5,34,818345,4.154726918353506e-05,1
W2023,VZ,0000732712,VZ,MEDIUM,CONSERVATIVE_LEGAL_CORE,LATEST_IN_MEMBERSHIP_SEC_NPORT_NAME,7,7,102,818345,0.00012464180755060518,1
W2023,WAB,0000943452,WAB,HIGH,FULL_AUTHORITATIVE_NAME_PRECISION_CONTROL,LATEST_IN_MEMBERSHIP_SEC_NPORT_NAME,7,0,0,818345,0.0,0
W2023,WAT,,WAT,HIGH,FULL_AUTHORITATIVE_NAME_PRECISION_CONTROL,LATEST_IN_MEMBERSHIP_SEC_NPORT_NAME,7,2,4,818345,4.88791402159236e-06,1
W2023,WBA,0001618921,WBA,LOW,CONSERVATIVE_LEGAL_CORE,STAGE3I_MEMBERSHIP_NAME,7,6,80,818345,9.77582804318472e-05,1
W2023,WBD,0001437107,WBD,LOW,CONSERVATIVE_LEGAL_CORE,STAGE3G_AUTHORITATIVE_SAMPLE_NAME,7,2,4,818345,4.88791402159236e-06,1
W2023,WDC,0000106040,WDC,MEDIUM,CONSERVATIVE_LEGAL_CORE,LATEST_IN_MEMBERSHIP_SEC_NPORT_NAME,7,6,19,818345,2.3217591602563712e-05,1
W2023,WEC,0000783325,WEC,LOW,CONSERVATIVE_LEGAL_CORE,LATEST_IN_MEMBERSHIP_SEC_NPORT_NAME,7,1,1,818345,1.22197850539809e-06,1
W2023,WELL,0000766704,WELL,HIGH,FULL_AUTHORITATIVE_NAME_PRECISION_CONTROL,LATEST_IN_MEMBERSHIP_SEC_NPORT_NAME,7,3,4,818345,4.88791402159236e-06,1
W2023,WFC,0000072971,WFC,MEDIUM,CONSERVATIVE_LEGAL_CORE,STAGE3G_AUTHORITATIVE_SAMPLE_NAME,7,0,0,818345,0.0,0
W2023,WHR,0000106640,WHR,HIGH,FULL_AUTHORITATIVE_NAME_PRECISION_CONTROL,STAGE3I_MEMBERSHIP_NAME,7,6,20,818345,2.44395701079618e-05,1
W2023,WM,0000823768,WM,MEDIUM,CONSERVATIVE_LEGAL_CORE,LATEST_IN_MEMBERSHIP_SEC_NPORT_NAME,7,5,21,818345,2.566154861335989e-05,1
W2023,WMB,,WMB,MEDIUM,CONSERVATIVE_LEGAL_CORE,LATEST_IN_MEMBERSHIP_SEC_NPORT_NAME,7,1,1,818345,1.22197850539809e-06,1
W2023,WMT,0000104169,WMT,HIGH,FULL_AUTHORITATIVE_NAME_PRECISION_CONTROL,LATEST_IN_MEMBERSHIP_SEC_NPORT_NAME,7,6,80,818345,9.77582804318472e-05,1
W2023,WRB,0000011544,WRB,MEDIUM,CONSERVATIVE_LEGAL_CORE,STAGE3G_AUTHORITATIVE_SAMPLE_NAME,7,4,6,818345,7.33187103238854e-06,1
W2023,WST,0000105770,WST,LOW,CONSERVATIVE_LEGAL_CORE,LATEST_IN_MEMBERSHIP_SEC_NPORT_NAME,7,0,0,818345,0.0,0
W2023,WTW,0001140536,WTW,LOW,CONSERVATIVE_LEGAL_CORE,LATEST_IN_MEMBERSHIP_SEC_NPORT_NAME,7,0,0,818345,0.0,0
W2023,WY,0000106535,WY,HIGH,FULL_AUTHORITATIVE_NAME_PRECISION_CONTROL,LATEST_IN_MEMBERSHIP_SEC_NPORT_NAME,7,1,1,818345,1.22197850539809e-06,1
W2023,WYNN,0001174922,WYNN,MEDIUM,CONSERVATIVE_LEGAL_CORE,LATEST_IN_MEMBERSHIP_SEC_NPORT_NAME,7,7,34,818345,4.154726918353506e-05,1
W2023,XEL,0000072903,XEL,MEDIUM,CONSERVATIVE_LEGAL_CORE,LATEST_IN_MEMBERSHIP_SEC_NPORT_NAME,7,7,141,818345,0.0001722989692611307,1
W2023,XOM,0000034088,XOM,HIGH,FULL_AUTHORITATIVE_NAME_PRECISION_CONTROL,STAGE3G_AUTHORITATIVE_SAMPLE_NAME,7,7,58,818345,7.087475331308922e-05,1
W2023,XRAY,0000818479,XRAY,MEDIUM,CONSERVATIVE_LEGAL_CORE,STAGE3I_MEMBERSHIP_NAME,7,3,5,818345,6.10989252699045e-06,1
W2023,XYL,0001524472,XYL,HIGH,FULL_AUTHORITATIVE_NAME_PRECISION_CONTROL,STAGE3G_AUTHORITATIVE_SAMPLE_NAME,7,5,13,818345,1.588572057017517e-05,1
W2023,YUM,0001041061,YUM,MEDIUM,CONSERVATIVE_LEGAL_CORE,LATEST_IN_MEMBERSHIP_SEC_NPORT_NAME,7,3,7,818345,8.55384953778663e-06,1
W2023,ZBH,0001136869,ZBH,MEDIUM,CONSERVATIVE_LEGAL_CORE,LATEST_IN_MEMBERSHIP_SEC_NPORT_NAME,7,4,8,818345,9.77582804318472e-06,1
W2023,ZBRA,0000877212,ZBRA,LOW,CONSERVATIVE_LEGAL_CORE,LATEST_IN_MEMBERSHIP_SEC_NPORT_NAME,7,2,2,818345,2.44395701079618e-06,1
W2023,ZION,0001642140,ZION,MEDIUM,CONSERVATIVE_LEGAL_CORE,STAGE3I_MEMBERSHIP_NAME,7,0,0,818345,0.0,0
W2023,ZTS,0001555280,ZTS,HIGH,FULL_AUTHORITATIVE_NAME_PRECISION_CONTROL,LATEST_IN_MEMBERSHIP_SEC_NPORT_NAME,7,6,28,818345,3.421539815114652e-05,1
W2024,A,0001090872,A,MEDIUM,CONSERVATIVE_LEGAL_CORE,LATEST_IN_MEMBERSHIP_SEC_NPORT_NAME,7,6,29,696305,4.16484155650182e-05,1
W2024,AAPL,0000320193,AAPL,HIGH,FULL_AUTHORITATIVE_NAME_PRECISION_CONTROL,LATEST_IN_MEMBERSHIP_SEC_NPORT_NAME,7,7,174,696305,0.0002498904933901092,1
W2024,ABBV,0001551152,ABBV,HIGH,FULL_AUTHORITATIVE_NAME_PRECISION_CONTROL,LATEST_IN_MEMBERSHIP_SEC_NPORT_NAME,7,7,29,696305,4.16484155650182e-05,1
W2024,ABNB,0001559720,ABNB,HIGH,FULL_AUTHORITATIVE_NAME_PRECISION_CONTROL,LATEST_IN_MEMBERSHIP_SEC_NPORT_NAME,7,7,20,696305,2.8723045217253935e-05,1
W2024,ABT,0000001800,ABT,MEDIUM,CONSERVATIVE_LEGAL_CORE,LATEST_IN_MEMBERSHIP_SEC_NPORT_NAME,7,7,85,696305,0.00012207294217332922,1
W2024,ACGL,0000947484,ACGL,LOW,CONSERVATIVE_LEGAL_CORE,LATEST_IN_MEMBERSHIP_SEC_NPORT_NAME,7,5,18,696305,2.585074069552854e-05,1
W2024,ACN,0001467373,ACN,LOW,CONSERVATIVE_LEGAL_CORE,LATEST_IN_MEMBERSHIP_SEC_NPORT_NAME,7,7,229,696305,0.00032887886773755754,1
W2024,ADBE,0000796343,ADBE,HIGH,FULL_AUTHORITATIVE_NAME_PRECISION_CONTROL,LATEST_IN_MEMBERSHIP_SEC_NPORT_NAME,7,7,40,696305,5.744609043450787e-05,1
W2024,ADI,0000006281,ADI,MEDIUM,CONSERVATIVE_LEGAL_CORE,LATEST_IN_MEMBERSHIP_SEC_NPORT_NAME,7,6,28,696305,4.0212263304155504e-05,1
W2024,ADM,0000007084,ADM,LOW,CONSERVATIVE_LEGAL_CORE,LATEST_IN_MEMBERSHIP_SEC_NPORT_NAME,7,7,25,696305,3.590380652156742e-05,1
W2024,ADP,0000008670,ADP,LOW,CONSERVATIVE_LEGAL_CORE,LATEST_IN_MEMBERSHIP_SEC_NPORT_NAME,7,6,19,696305,2.7286892956391236e-05,1
W2024,ADSK,0000769397,ADSK,HIGH,FULL_AUTHORITATIVE_NAME_PRECISION_CONTROL,LATEST_IN_MEMBERSHIP_SEC_NPORT_NAME,7,6,14,696305,2.0106131652077752e-05,1
W2024,AEE,0001002910,AEE,HIGH,FULL_AUTHORITATIVE_NAME_PRECISION_CONTROL,LATEST_IN_MEMBERSHIP_SEC_NPORT_NAME,7,0,0,696305,0.0,0
W2024,AEP,0000004904,AEP,LOW,CONSERVATIVE_LEGAL_CORE,LATEST_IN_MEMBERSHIP_SEC_NPORT_NAME,7,7,37,696305,5.3137633651919776e-05,1
W2024,AES,0000874761,AES,HIGH,FULL_AUTHORITATIVE_NAME_PRECISION_CONTROL,LATEST_IN_MEMBERSHIP_SEC_NPORT_NAME,7,0,0,696305,0.0,0
W2024,AFL,0000004977,AFL,HIGH,FULL_AUTHORITATIVE_NAME_PRECISION_CONTROL,LATEST_IN_MEMBERSHIP_SEC_NPORT_NAME,7,1,1,696305,1.4361522608626966e-06,1
W2024,AIG,0000005272,AIG,LOW,CONSERVATIVE_LEGAL_CORE,LATEST_IN_MEMBERSHIP_SEC_NPORT_NAME,7,7,79,696305,0.00011345602860815303,1
W2024,AIZ,0001267238,AIZ,HIGH,FULL_AUTHORITATIVE_NAME_PRECISION_CONTROL,LATEST_IN_MEMBERSHIP_SEC_NPORT_NAME,7,5,11,696305,1.5797674869489663e-05,1
W2024,AJG,0000354190,AJG,LOW,CONSERVATIVE_LEGAL_CORE,LATEST_IN_MEMBERSHIP_SEC_NPORT_NAME,7,0,0,696305,0.0,0
W2024,AKAM,0001086222,AKAM,MEDIUM,CONSERVATIVE_LEGAL_CORE,LATEST_IN_MEMBERSHIP_SEC_NPORT_NAME,7,4,5,696305,7.180761304313484e-06,1
W2024,ALB,0000915913,ALB,HIGH,FULL_AUTHORITATIVE_NAME_PRECISION_CONTROL,LATEST_IN_MEMBERSHIP_SEC_NPORT_NAME,7,4,14,696305,2.0106131652077752e-05,1
W2024,ALGN,0001097149,ALGN,MEDIUM,CONSERVATIVE_LEGAL_CORE,LATEST_IN_MEMBERSHIP_SEC_NPORT_NAME,7,0,0,696305,0.0,0
W2024,ALL,0000899051,ALL,HIGH,FULL_AUTHORITATIVE_NAME_PRECISION_CONTROL,LATEST_IN_MEMBERSHIP_SEC_NPORT_NAME,7,4,13,696305,1.8669979391215057e-05,1
W2024,ALLE,0001579241,ALLE,HIGH,FULL_AUTHORITATIVE_NAME_PRECISION_CONTROL,LATEST_IN_MEMBERSHIP_SEC_NPORT_NAME,7,1,2,696305,2.8723045217253933e-06,1
W2024,AMAT,,AMAT,MEDIUM,CONSERVATIVE_LEGAL_CORE,LATEST_IN_MEMBERSHIP_SEC_NPORT_NAME,7,7,32,696305,4.595687234760629e-05,1
W2024,AMCR,0001748790,AMCR,HIGH,FULL_AUTHORITATIVE_NAME_PRECISION_CONTROL,LATEST_IN_MEMBERSHIP_SEC_NPORT_NAME,7,0,0,696305,0.0,0
W2024,AMD,0000002488,AMD,LOW,CONSERVATIVE_LEGAL_CORE,LATEST_IN_MEMBERSHIP_SEC_NPORT_NAME,7,7,48,696305,6.893530852140945e-05,1
W2024,AME,0001037868,AME,HIGH,FULL_AUTHORITATIVE_NAME_PRECISION_CONTROL,LATEST_IN_MEMBERSHIP_SEC_NPORT_NAME,7,2,5,696305,7.180761304313484e-06,1
W2024,AMGN,0000318154,AMGN,HIGH,FULL_AUTHORITATIVE_NAME_PRECISION_CONTROL,LATEST_IN_MEMBERSHIP_SEC_NPORT_NAME,7,7,39,696305,5.600993817364517e-05,1
W2024,AMP,0000820027,AMP,MEDIUM,CONSERVATIVE_LEGAL_CORE,LATEST_IN_MEMBERSHIP_SEC_NPORT_NAME,7,7,109,696305,0.00015654059643403393,1
W2024,AMT,,AMT,MEDIUM,CONSERVATIVE_LEGAL_CORE,LATEST_IN_MEMBERSHIP_SEC_NPORT_NAME,7,6,13,696305,1.8669979391215057e-05,1
W2024,AMTM,0002011286,AMTM,HIGH,FULL_AUTHORITATIVE_NAME_PRECISION_CONTROL,STAGE3I_MEMBERSHIP_NAME,7,0,0,696305,0.0,0
W2024,AMZN,0001018724,AMZN,MEDIUM,CONSERVATIVE_LEGAL_CORE,LATEST_IN_MEMBERSHIP_SEC_NPORT_NAME,7,2,3,696305,4.30845678258809e-06,1
W2024,ANET,0001596532,ANET,MEDIUM,CONSERVATIVE_LEGAL_CORE,LATEST_IN_MEMBERSHIP_SEC_NPORT_NAME,7,6,20,696305,2.8723045217253935e-05,1
W2024,ANSS,0001013462,ANSS,HIGH,FULL_AUTHORITATIVE_NAME_PRECISION_CONTROL,STAGE3I_MEMBERSHIP_NAME,7,6,8,696305,1.1489218086901573e-05,1
W2024,AON,0000315293,AON,LOW,FULL_AUTHORITATIVE_NAME_PRECISION_CONTROL,LATEST_IN_MEMBERSHIP_SEC_NPORT_NAME,7,0,0,696305,0.0,0
W2024,AOS,0000091142,AOS,LOW,CONSERVATIVE_LEGAL_CORE,STAGE3G_AUTHORITATIVE_SAMPLE_NAME,7,4,15,696305,2.154228391294045e-05,1
W2024,APA,0001841666,APA,HIGH,FULL_AUTHORITATIVE_NAME_PRECISION_CONTROL,LATEST_IN_MEMBERSHIP_SEC_NPORT_NAME,7,0,0,696305,0.0,0
W2024,APD,0000002969,APD,LOW,CONSERVATIVE_LEGAL_CORE,LATEST_IN_MEMBERSHIP_SEC_NPORT_NAME,7,0,0,696305,0.0,0
W2024,APH,0000820313,APH,LOW,CONSERVATIVE_LEGAL_CORE,LATEST_IN_MEMBERSHIP_SEC_NPORT_NAME,7,5,14,696305,2.0106131652077752e-05,1
W2024,APTV,0001521332,APTV,HIGH,FULL_AUTHORITATIVE_NAME_PRECISION_CONTROL,LATEST_IN_MEMBERSHIP_SEC_NPORT_NAME,7,2,3,696305,4.30845678258809e-06,1
W2024,ARE,0001035443,ARE,LOW,CONSERVATIVE_LEGAL_CORE,LATEST_IN_MEMBERSHIP_SEC_NPORT_NAME,7,6,9,696305,1.292537034776427e-05,1
W2024,ATO,0000731802,ATO,MEDIUM,CONSERVATIVE_LEGAL_CORE,LATEST_IN_MEMBERSHIP_SEC_NPORT_NAME,7,5,15,696305,2.154228391294045e-05,1
W2024,AVB,0000915912,AVB,MEDIUM,CONSERVATIVE_LEGAL_CORE,LATEST_IN_MEMBERSHIP_SEC_NPORT_NAME,7,5,9,696305,1.292537034776427e-05,1
W2024,AVGO,0001730168,AVGO,HIGH,FULL_AUTHORITATIVE_NAME_PRECISION_CONTROL,LATEST_IN_MEMBERSHIP_SEC_NPORT_NAME,7,7,43,696305,6.175454721709596e-05,1
W2024,AVY,0000008818,AVY,MEDIUM,CONSERVATIVE_LEGAL_CORE,LATEST_IN_MEMBERSHIP_SEC_NPORT_NAME,7,3,8,696305,1.1489218086901573e-05,1
W2024,AWK,,AWK,LOW,CONSERVATIVE_LEGAL_CORE,LATEST_IN_MEMBERSHIP_SEC_NPORT_NAME,7,7,121,696305,0.0001737744235643863,1
W2024,AXON,0001069183,AXON,MEDIUM,CONSERVATIVE_LEGAL_CORE,LATEST_IN_MEMBERSHIP_SEC_NPORT_NAME,7,4,9,696305,1.292537034776427e-05,1
W2024,AXP,0000004962,AXP,MEDIUM,CONSERVATIVE_LEGAL_CORE,LATEST_IN_MEMBERSHIP_SEC_NPORT_NAME,7,7,293,696305,0.0004207926124327701,1
W2024,AZO,0000866787,AZO,HIGH,FULL_AUTHORITATIVE_NAME_PRECISION_CONTROL,LATEST_IN_MEMBERSHIP_SEC_NPORT_NAME,7,5,9,696305,1.292537034776427e-05,1
W2024,BA,0000012927,BA,LOW,CONSERVATIVE_LEGAL_CORE,LATEST_IN_MEMBERSHIP_SEC_NPORT_NAME,7,7,2599,696305,0.003732559725982149,1
W2024,BAC,,BAC,LOW,CONSERVATIVE_LEGAL_CORE,LATEST_IN_MEMBERSHIP_SEC_NPORT_NAME,7,2,5,696305,7.180761304313484e-06,1
W2024,BALL,0000009389,BALL,HIGH,FULL_AUTHORITATIVE_NAME_PRECISION_CONTROL,LATEST_IN_MEMBERSHIP_SEC_NPORT_NAME,7,3,7,696305,1.0053065826038876e-05,1
W2024,BAX,0000010456,BAX,MEDIUM,CONSERVATIVE_LEGAL_CORE,LATEST_IN_MEMBERSHIP_SEC_NPORT_NAME,7,7,447,696305,0.0006419600606056255,1
W2024,BBY,0000764478,BBY,HIGH,FULL_AUTHORITATIVE_NAME_PRECISION_CONTROL,LATEST_IN_MEMBERSHIP_SEC_NPORT_NAME,7,0,0,696305,0.0,0
W2024,BDX,0000010795,BDX,LOW,CONSERVATIVE_LEGAL_CORE,LATEST_IN_MEMBERSHIP_SEC_NPORT_NAME,7,0,0,696305,0.0,0
W2024,BEN,0000038777,BEN,MEDIUM,CONSERVATIVE_LEGAL_CORE,LATEST_IN_MEMBERSHIP_SEC_NPORT_NAME,7,7,28,696305,4.0212263304155504e-05,1
W2024,BF.B,0000014693,BF.B,LOW,CONSERVATIVE_LEGAL_CORE,LATEST_IN_MEMBERSHIP_SEC_NPORT_NAME,7,1,2,696305,2.8723045217253933e-06,1
W2024,BG,0001996862,BG,HIGH,FULL_AUTHORITATIVE_NAME_PRECISION_CONTROL,LATEST_IN_MEMBERSHIP_SEC_NPORT_NAME,7,0,0,696305,0.0,0
W2024,BIIB,0000875045,BIIB,HIGH,FULL_AUTHORITATIVE_NAME_PRECISION_CONTROL,LATEST_IN_MEMBERSHIP_SEC_NPORT_NAME,7,5,13,696305,1.8669979391215057e-05,1
W2024,BKNG,0001075531,BKNG,HIGH,FULL_AUTHORITATIVE_NAME_PRECISION_CONTROL,LATEST_IN_MEMBERSHIP_SEC_NPORT_NAME,7,0,0,696305,0.0,0
W2024,BKR,0001701605,BKR,MEDIUM,CONSERVATIVE_LEGAL_CORE,LATEST_IN_MEMBERSHIP_SEC_NPORT_NAME,7,6,56,696305,8.042452660831101e-05,1
W2024,BLDR,0001316835,BLDR,MEDIUM,CONSERVATIVE_LEGAL_CORE,LATEST_IN_MEMBERSHIP_SEC_NPORT_NAME,7,6,12,696305,1.723382713035236e-05,1
W2024,BLK,0002012383,BLK,HIGH,FULL_AUTHORITATIVE_NAME_PRECISION_CONTROL,STAGE3G_AUTHORITATIVE_SAMPLE_NAME,7,7,108,696305,0.00015510444417317124,1
W2024,BMY,0000014272,BMY,LOW,CONSERVATIVE_LEGAL_CORE,LATEST_IN_MEMBERSHIP_SEC_NPORT_NAME,7,7,60,696305,8.61691356517618e-05,1
W2024,BNY,0001390777,BNY,LOW,CONSERVATIVE_LEGAL_CORE,LATEST_IN_MEMBERSHIP_SEC_NPORT_NAME,7,0,0,696305,0.0,0
W2024,BR,0001383312,BR,LOW,CONSERVATIVE_LEGAL_CORE,LATEST_IN_MEMBERSHIP_SEC_NPORT_NAME,7,6,25,696305,3.590380652156742e-05,1
W2024,BRK.B,0001067983,BRK.B,LOW,CONSERVATIVE_LEGAL_CORE,LATEST_IN_MEMBERSHIP_SEC_NPORT_NAME,7,7,236,696305,0.00033893193356359643,1
W2024,BRO,0000079282,BRO,LOW,CONSERVATIVE_LEGAL_CORE,LATEST_IN_MEMBERSHIP_SEC_NPORT_NAME,7,0,0,696305,0.0,0
W2024,BSX,0000885725,BSX,MEDIUM,CONSERVATIVE_LEGAL_CORE,LATEST_IN_MEMBERSHIP_SEC_NPORT_NAME,7,7,74,696305,0.00010627526730383955,1
W2024,BWA,0000908255,BWA,HIGH,FULL_AUTHORITATIVE_NAME_PRECISION_CONTROL,STAGE3I_MEMBERSHIP_NAME,7,3,4,696305,5.744609043450787e-06,1
W2024,BX,0001393818,BX,HIGH,FULL_AUTHORITATIVE_NAME_PRECISION_CONTROL,STAGE3G_AUTHORITATIVE_SAMPLE_NAME,7,6,30,696305,4.30845678258809e-05,1
W2024,BXP,0001037540,BXP,HIGH,QUALIFIED_FULL_AUTHORITATIVE_NAME_BARE_TICKER_CONTROL,LATEST_IN_MEMBERSHIP_SEC_NPORT_NAME,7,0,0,696305,0.0,0
W2024,C,0000831001,C,HIGH,FULL_AUTHORITATIVE_NAME_PRECISION_CONTROL,LATEST_IN_MEMBERSHIP_SEC_NPORT_NAME,7,7,70,696305,0.00010053065826038877,1
W2024,CAG,0000023217,CAG,MEDIUM,CONSERVATIVE_LEGAL_CORE,LATEST_IN_MEMBERSHIP_SEC_NPORT_NAME,7,3,4,696305,5.744609043450787e-06,1
W2024,CAH,0000721371,CAH,MEDIUM,CONSERVATIVE_LEGAL_CORE,LATEST_IN_MEMBERSHIP_SEC_NPORT_NAME,7,6,46,696305,6.606300399968404e-05,1
W2024,CARR,0001783180,CARR,MEDIUM,CONSERVATIVE_LEGAL_CORE,LATEST_IN_MEMBERSHIP_SEC_NPORT_NAME,7,6,17,696305,2.4414588434665842e-05,1
W2024,CAT,0000018230,CAT,HIGH,FULL_AUTHORITATIVE_NAME_PRECISION_CONTROL,LATEST_IN_MEMBERSHIP_SEC_NPORT_NAME,7,7,44,696305,6.319069947795865e-05,1
W2024,CB,0000896159,CB,HIGH,FULL_AUTHORITATIVE_NAME_PRECISION_CONTROL,LATEST_IN_MEMBERSHIP_SEC_NPORT_NAME,7,5,7,696305,1.0053065826038876e-05,1
W2024,CBOE,0001374310,CBOE,LOW,CONSERVATIVE_LEGAL_CORE,LATEST_IN_MEMBERSHIP_SEC_NPORT_NAME,7,6,13,696305,1.8669979391215057e-05,1
W2024,CBRE,0001138118,CBRE,LOW,CONSERVATIVE_LEGAL_CORE,LATEST_IN_MEMBERSHIP_SEC_NPORT_NAME,7,1,1,696305,1.4361522608626966e-06,1
W2024,CCI,0001051470,CCI,MEDIUM,CONSERVATIVE_LEGAL_CORE,LATEST_IN_MEMBERSHIP_SEC_NPORT_NAME,7,4,7,696305,1.0053065826038876e-05,1
W2024,CCL,0000815097,CCL,HIGH,FULL_AUTHORITATIVE_NAME_PRECISION_CONTROL,LATEST_IN_MEMBERSHIP_SEC_NPORT_NAME,7,5,15,696305,2.154228391294045e-05,1
W2024,CDNS,0000813672,CDNS,LOW,CONSERVATIVE_LEGAL_CORE,LATEST_IN_MEMBERSHIP_SEC_NPORT_NAME,7,5,19,696305,2.7286892956391236e-05,1
W2024,CDW,0001402057,CDW,LOW,CONSERVATIVE_LEGAL_CORE,LATEST_IN_MEMBERSHIP_SEC_NPORT_NAME,7,0,0,696305,0.0,0
W2024,CE,0001306830,CE,HIGH,FULL_AUTHORITATIVE_NAME_PRECISION_CONTROL,STAGE3I_MEMBERSHIP_NAME,7,3,6,696305,8.61691356517618e-06,1
W2024,CEG,0001868275,CEG,MEDIUM,CONSERVATIVE_LEGAL_CORE,STAGE3G_AUTHORITATIVE_SAMPLE_NAME,7,7,68,696305,9.765835373866337e-05,1
W2024,CF,0001324404,CF,MEDIUM,CONSERVATIVE_LEGAL_CORE,LATEST_IN_MEMBERSHIP_SEC_NPORT_NAME,7,5,14,696305,2.0106131652077752e-05,1
W2024,CFG,0000759944,CFG,LOW,CONSERVATIVE_LEGAL_CORE,LATEST_IN_MEMBERSHIP_SEC_NPORT_NAME,7,6,26,696305,3.7339958782430114e-05,1
W2024,CHD,0000313927,CHD,MEDIUM,CONSERVATIVE_LEGAL_CORE,LATEST_IN_MEMBERSHIP_SEC_NPORT_NAME,7,0,0,696305,0.0,0
W2024,CHRW,0001043277,CHRW,LOW,CONSERVATIVE_LEGAL_CORE,STAGE3G_AUTHORITATIVE_SAMPLE_NAME,7,5,10,696305,1.4361522608626967e-05,1
W2024,CHTR,0001091667,CHTR,LOW,CONSERVATIVE_LEGAL_CORE,LATEST_IN_MEMBERSHIP_SEC_NPORT_NAME,7,7,27,696305,3.877611104329281e-05,1
W2024,CI,0001739940,CI,LOW,CONSERVATIVE_LEGAL_CORE,LATEST_IN_MEMBERSHIP_SEC_NPORT_NAME,7,6,18,696305,2.585074069552854e-05,1
W2024,CINF,0000020286,CINF,MEDIUM,CONSERVATIVE_LEGAL_CORE,LATEST_IN_MEMBERSHIP_SEC_NPORT_NAME,7,4,5,696305,7.180761304313484e-06,1
W2024,CL,0000021665,CL,MEDIUM,CONSERVATIVE_LEGAL_CORE,LATEST_IN_MEMBERSHIP_SEC_NPORT_NAME,7,2,4,696305,5.744609043450787e-06,1
W2024,CLX,0000021076,CLX,HIGH,FULL_AUTHORITATIVE_NAME_PRECISION_CONTROL,LATEST_IN_MEMBERSHIP_SEC_NPORT_NAME,7,0,0,696305,0.0,0
W2024,CMCSA,0001166691,CMCSA,LOW,CONSERVATIVE_LEGAL_CORE,LATEST_IN_MEMBERSHIP_SEC_NPORT_NAME,7,7,214,696305,0.0003073365838246171,1
W2024,CME,0001156375,CME,MEDIUM,CONSERVATIVE_LEGAL_CORE,LATEST_IN_MEMBERSHIP_SEC_NPORT_NAME,7,2,3,696305,4.30845678258809e-06,1
W2024,CMG,0001058090,CMG,LOW,CONSERVATIVE_LEGAL_CORE,LATEST_IN_MEMBERSHIP_SEC_NPORT_NAME,7,7,65,696305,9.334989695607528e-05,1
W2024,CMI,0000026172,CMI,HIGH,FULL_AUTHORITATIVE_NAME_PRECISION_CONTROL,LATEST_IN_MEMBERSHIP_SEC_NPORT_NAME,7,5,11,696305,1.5797674869489663e-05,1
W2024,CMS,0000811156,CMS,MEDIUM,CONSERVATIVE_LEGAL_CORE,LATEST_IN_MEMBERSHIP_SEC_NPORT_NAME,7,0,0,696305,0.0,0
W2024,CNC,0001071739,CNC,HIGH,FULL_AUTHORITATIVE_NAME_PRECISION_CONTROL,LATEST_IN_MEMBERSHIP_SEC_NPORT_NAME,7,1,1,696305,1.4361522608626966e-06,1
W2024,CNP,0001130310,CNP,MEDIUM,CONSERVATIVE_LEGAL_CORE,LATEST_IN_MEMBERSHIP_SEC_NPORT_NAME,7,6,35,696305,5.0265329130194386e-05,1
W2024,COF,0000927628,COF,LOW,CONSERVATIVE_LEGAL_CORE,LATEST_IN_MEMBERSHIP_SEC_NPORT_NAME,7,2,5,696305,7.180761304313484e-06,1
W2024,COO,0000711404,COO,LOW,CONSERVATIVE_LEGAL_CORE,LATEST_IN_MEMBERSHIP_SEC_NPORT_NAME,7,0,0,696305,0.0,0
W2024,COP,0001163165,COP,HIGH,FULL_AUTHORITATIVE_NAME_PRECISION_CONTROL,LATEST_IN_MEMBERSHIP_SEC_NPORT_NAME,7,7,116,696305,0.0001665936622600728,1
W2024,COR,0001140859,COR,HIGH,FULL_AUTHORITATIVE_NAME_PRECISION_CONTROL,LATEST_IN_MEMBERSHIP_SEC_NPORT_NAME,7,5,9,696305,1.292537034776427e-05,1
W2024,COST,0000909832,COST,MEDIUM,CONSERVATIVE_LEGAL_CORE,LATEST_IN_MEMBERSHIP_SEC_NPORT_NAME,7,7,69,696305,9.909450599952608e-05,1
W2024,CPAY,0001175454,CPAY,HIGH,FULL_AUTHORITATIVE_NAME_PRECISION_CONTROL,LATEST_IN_MEMBERSHIP_SEC_NPORT_NAME,7,2,4,696305,5.744609043450787e-06,1
W2024,CPB,0000016732,CPB,LOW,CONSERVATIVE_LEGAL_CORE,LATEST_IN_MEMBERSHIP_SEC_NPORT_NAME,7,5,13,696305,1.8669979391215057e-05,1
W2024,CPRT,0000900075,CPRT,HIGH,FULL_AUTHORITATIVE_NAME_PRECISION_CONTROL,LATEST_IN_MEMBERSHIP_SEC_NPORT_NAME,7,4,4,696305,5.744609043450787e-06,1
W2024,CPT,0000906345,CPT,LOW,CONSERVATIVE_LEGAL_CORE,LATEST_IN_MEMBERSHIP_SEC_NPORT_NAME,7,4,5,696305,7.180761304313484e-06,1
W2024,CRL,0001100682,CRL,LOW,CONSERVATIVE_LEGAL_CORE,LATEST_IN_MEMBERSHIP_SEC_NPORT_NAME,7,7,16,696305,2.2978436173803146e-05,1
W2024,CRM,0001108524,CRM,HIGH,FULL_AUTHORITATIVE_NAME_PRECISION_CONTROL,LATEST_IN_MEMBERSHIP_SEC_NPORT_NAME,7,7,34,696305,4.8829176869331684e-05,1
W2024,CRWD,0001535527,CRWD,HIGH,FULL_AUTHORITATIVE_NAME_PRECISION_CONTROL,LATEST_IN_MEMBERSHIP_SEC_NPORT_NAME,7,7,24,696305,3.446765426070472e-05,1
W2024,CSCO,0000858877,CSCO,MEDIUM,CONSERVATIVE_LEGAL_CORE,LATEST_IN_MEMBERSHIP_SEC_NPORT_NAME,7,7,83,696305,0.00011920063765160382,1
W2024,CSGP,0001057352,CSGP,MEDIUM,CONSERVATIVE_LEGAL_CORE,LATEST_IN_MEMBERSHIP_SEC_NPORT_NAME,7,7,25,696305,3.590380652156742e-05,1
W2024,CSX,0000277948,CSX,HIGH,FULL_AUTHORITATIVE_NAME_PRECISION_CONTROL,LATEST_IN_MEMBERSHIP_SEC_NPORT_NAME,7,0,0,696305,0.0,0
W2024,CTAS,0000723254,CTAS,HIGH,FULL_AUTHORITATIVE_NAME_PRECISION_CONTROL,LATEST_IN_MEMBERSHIP_SEC_NPORT_NAME,7,2,3,696305,4.30845678258809e-06,1
W2024,CTLT,0001596783,CTLT,HIGH,FULL_AUTHORITATIVE_NAME_PRECISION_CONTROL,STAGE3I_MEMBERSHIP_NAME,7,4,7,696305,1.0053065826038876e-05,1
W2024,CTRA,,CTRA,MEDIUM,CONSERVATIVE_LEGAL_CORE,LATEST_IN_MEMBERSHIP_SEC_NPORT_NAME,7,5,7,696305,1.0053065826038876e-05,1
W2024,CTSH,0001058290,CTSH,LOW,CONSERVATIVE_LEGAL_CORE,LATEST_IN_MEMBERSHIP_SEC_NPORT_NAME,7,4,19,696305,2.7286892956391236e-05,1
W2024,CTVA,0001755672,CTVA,HIGH,FULL_AUTHORITATIVE_NAME_PRECISION_CONTROL,LATEST_IN_MEMBERSHIP_SEC_NPORT_NAME,7,2,2,696305,2.8723045217253933e-06,1
W2024,CVS,0000064803,CVS,MEDIUM,CONSERVATIVE_LEGAL_CORE,LATEST_IN_MEMBERSHIP_SEC_NPORT_NAME,7,5,12,696305,1.723382713035236e-05,1
W2024,CVX,0000093410,CVX,HIGH,FULL_AUTHORITATIVE_NAME_PRECISION_CONTROL,LATEST_IN_MEMBERSHIP_SEC_NPORT_NAME,7,5,54,696305,7.755222208658562e-05,1
W2024,CZR,0001590895,CZR,MEDIUM,CONSERVATIVE_LEGAL_CORE,STAGE3I_MEMBERSHIP_NAME,7,7,24,696305,3.446765426070472e-05,1
W2024,D,0000715957,D,MEDIUM,CONSERVATIVE_LEGAL_CORE,LATEST_IN_MEMBERSHIP_SEC_NPORT_NAME,7,7,76,696305,0.00010914757182556494,1
W2024,DAL,0000027904,DAL,LOW,CONSERVATIVE_LEGAL_CORE,LATEST_IN_MEMBERSHIP_SEC_NPORT_NAME,7,7,416,696305,0.0005974393405188818,1
W2024,DAY,,DAY,MEDIUM,CONSERVATIVE_LEGAL_CORE,LATEST_IN_MEMBERSHIP_SEC_NPORT_NAME,7,4,8,696305,1.1489218086901573e-05,1
W2024,DD,0001666700,DD,LOW,CONSERVATIVE_LEGAL_CORE,LATEST_IN_MEMBERSHIP_SEC_NPORT_NAME,7,5,20,696305,2.8723045217253935e-05,1
W2024,DE,0000315189,DE,HIGH,FULL_AUTHORITATIVE_NAME_PRECISION_CONTROL,LATEST_IN_MEMBERSHIP_SEC_NPORT_NAME,7,0,0,696305,0.0,0
W2024,DECK,0000910521,DECK,MEDIUM,CONSERVATIVE_LEGAL_CORE,LATEST_IN_MEMBERSHIP_SEC_NPORT_NAME,7,5,7,696305,1.0053065826038876e-05,1
W2024,DELL,0001571996,DELL,MEDIUM,CONSERVATIVE_LEGAL_CORE,LATEST_IN_MEMBERSHIP_SEC_NPORT_NAME,7,5,13,696305,1.8669979391215057e-05,1
W2024,DFS,0001393612,DFS,LOW,CONSERVATIVE_LEGAL_CORE,STAGE3I_MEMBERSHIP_NAME,7,0,0,696305,0.0,0
W2024,DG,0000029534,DG,MEDIUM,CONSERVATIVE_LEGAL_CORE,LATEST_IN_MEMBERSHIP_SEC_NPORT_NAME,7,6,13,696305,1.8669979391215057e-05,1
W2024,DGX,0001022079,DGX,MEDIUM,CONSERVATIVE_LEGAL_CORE,LATEST_IN_MEMBERSHIP_SEC_NPORT_NAME,7,6,29,696305,4.16484155650182e-05,1
W2024,DHI,0000882184,DHI,MEDIUM,CONSERVATIVE_LEGAL_CORE,LATEST_IN_MEMBERSHIP_SEC_NPORT_NAME,7,1,1,696305,1.4361522608626966e-06,1
W2024,DHR,,DHR,HIGH,FULL_AUTHORITATIVE_NAME_PRECISION_CONTROL,LATEST_IN_MEMBERSHIP_SEC_NPORT_NAME,7,4,12,696305,1.723382713035236e-05,1
W2024,DIS,0001744489,DIS,LOW,CONSERVATIVE_LEGAL_CORE,LATEST_IN_MEMBERSHIP_SEC_NPORT_NAME,7,7,268,696305,0.0003848888059112027,1
W2024,DLR,0001297996,DLR,LOW,CONSERVATIVE_LEGAL_CORE,LATEST_IN_MEMBERSHIP_SEC_NPORT_NAME,7,6,16,696305,2.2978436173803146e-05,1
W2024,DLTR,0000935703,DLTR,MEDIUM,CONSERVATIVE_LEGAL_CORE,LATEST_IN_MEMBERSHIP_SEC_NPORT_NAME,7,7,42,696305,6.031839495623326e-05,1
W2024,DOC,0000765880,DOC,MEDIUM,CONSERVATIVE_LEGAL_CORE,LATEST_IN_MEMBERSHIP_SEC_NPORT_NAME,7,2,5,696305,7.180761304313484e-06,1
W2024,DOV,0000029905,DOV,HIGH,FULL_AUTHORITATIVE_NAME_PRECISION_CONTROL,LATEST_IN_MEMBERSHIP_SEC_NPORT_NAME,7,1,1,696305,1.4361522608626966e-06,1
W2024,DOW,0001751788,DOW,HIGH,FULL_AUTHORITATIVE_NAME_PRECISION_CONTROL,LATEST_IN_MEMBERSHIP_SEC_NPORT_NAME,7,5,16,696305,2.2978436173803146e-05,1
W2024,DPZ,0001286681,DPZ,LOW,CONSERVATIVE_LEGAL_CORE,LATEST_IN_MEMBERSHIP_SEC_NPORT_NAME,7,0,0,696305,0.0,0
W2024,DRI,0000940944,DRI,MEDIUM,CONSERVATIVE_LEGAL_CORE,LATEST_IN_MEMBERSHIP_SEC_NPORT_NAME,7,5,12,696305,1.723382713035236e-05,1
W2024,DTE,0000936340,DTE,MEDIUM,CONSERVATIVE_LEGAL_CORE,LATEST_IN_MEMBERSHIP_SEC_NPORT_NAME,7,1,2,696305,2.8723045217253933e-06,1
W2024,DUK,0001326160,DUK,MEDIUM,CONSERVATIVE_LEGAL_CORE,LATEST_IN_MEMBERSHIP_SEC_NPORT_NAME,7,7,588,696305,0.0008444575293872656,1
W2024,DVA,0000927066,DVA,HIGH,FULL_AUTHORITATIVE_NAME_PRECISION_CONTROL,LATEST_IN_MEMBERSHIP_SEC_NPORT_NAME,7,6,14,696305,2.0106131652077752e-05,1
W2024,DVN,0001090012,DVN,MEDIUM,CONSERVATIVE_LEGAL_CORE,LATEST_IN_MEMBERSHIP_SEC_NPORT_NAME,7,6,39,696305,5.600993817364517e-05,1
W2024,DXCM,0001093557,DXCM,HIGH,FULL_AUTHORITATIVE_NAME_PRECISION_CONTROL,LATEST_IN_MEMBERSHIP_SEC_NPORT_NAME,7,7,49,696305,7.037146078227214e-05,1
W2024,EA,,EA,MEDIUM,CONSERVATIVE_LEGAL_CORE,LATEST_IN_MEMBERSHIP_SEC_NPORT_NAME,7,6,59,696305,8.473298339089911e-05,1
W2024,EBAY,0001065088,EBAY,HIGH,FULL_AUTHORITATIVE_NAME_PRECISION_CONTROL,LATEST_IN_MEMBERSHIP_SEC_NPORT_NAME,7,0,0,696305,0.0,0
W2024,ECL,0000031462,ECL,HIGH,FULL_AUTHORITATIVE_NAME_PRECISION_CONTROL,LATEST_IN_MEMBERSHIP_SEC_NPORT_NAME,7,4,12,696305,1.723382713035236e-05,1
W2024,ED,0001047862,ED,MEDIUM,CONSERVATIVE_LEGAL_CORE,LATEST_IN_MEMBERSHIP_SEC_NPORT_NAME,7,4,6,696305,8.61691356517618e-06,1
W2024,EFX,0000033185,EFX,HIGH,FULL_AUTHORITATIVE_NAME_PRECISION_CONTROL,LATEST_IN_MEMBERSHIP_SEC_NPORT_NAME,7,3,4,696305,5.744609043450787e-06,1
W2024,EG,0001095073,EG,MEDIUM,CONSERVATIVE_LEGAL_CORE,LATEST_IN_MEMBERSHIP_SEC_NPORT_NAME,7,6,41,696305,5.8882242695370565e-05,1
W2024,EIX,0000827052,EIX,MEDIUM,CONSERVATIVE_LEGAL_CORE,LATEST_IN_MEMBERSHIP_SEC_NPORT_NAME,7,4,11,696305,1.5797674869489663e-05,1
W2024,EL,0001001250,EL,LOW,CONSERVATIVE_LEGAL_CORE,STAGE3G_AUTHORITATIVE_SAMPLE_NAME,7,0,0,696305,0.0,0
W2024,ELV,0001156039,ELV,MEDIUM,CONSERVATIVE_LEGAL_CORE,LATEST_IN_MEMBERSHIP_SEC_NPORT_NAME,7,7,22,696305,3.1595349738979325e-05,1
W2024,EMN,0000915389,EMN,MEDIUM,CONSERVATIVE_LEGAL_CORE,STAGE3I_MEMBERSHIP_NAME,7,4,7,696305,1.0053065826038876e-05,1
W2024,EMR,0000032604,EMR,MEDIUM,CONSERVATIVE_LEGAL_CORE,LATEST_IN_MEMBERSHIP_SEC_NPORT_NAME,7,5,19,696305,2.7286892956391236e-05,1
W2024,ENPH,0001463101,ENPH,MEDIUM,CONSERVATIVE_LEGAL_CORE,STAGE3I_MEMBERSHIP_NAME,7,6,23,696305,3.303150199984202e-05,1
W2024,EOG,0000821189,EOG,MEDIUM,CONSERVATIVE_LEGAL_CORE,LATEST_IN_MEMBERSHIP_SEC_NPORT_NAME,7,2,3,696305,4.30845678258809e-06,1
W2024,EPAM,0001352010,EPAM,MEDIUM,CONSERVATIVE_LEGAL_CORE,STAGE3I_MEMBERSHIP_NAME,7,0,0,696305,0.0,0
W2024,EQIX,0001101239,EQIX,HIGH,FULL_AUTHORITATIVE_NAME_PRECISION_CONTROL,LATEST_IN_MEMBERSHIP_SEC_NPORT_NAME,7,5,9,696305,1.292537034776427e-05,1
W2024,EQR,,EQR,MEDIUM,CONSERVATIVE_LEGAL_CORE,LATEST_IN_MEMBERSHIP_SEC_NPORT_NAME,7,4,6,696305,8.61691356517618e-06,1
W2024,EQT,0000033213,EQT,HIGH,FULL_AUTHORITATIVE_NAME_PRECISION_CONTROL,LATEST_IN_MEMBERSHIP_SEC_NPORT_NAME,7,0,0,696305,0.0,0
W2024,ERIE,0000922621,ERIE,MEDIUM,CONSERVATIVE_LEGAL_CORE,LATEST_IN_MEMBERSHIP_SEC_NPORT_NAME,7,0,0,696305,0.0,0
W2024,ES,0000072741,ES,MEDIUM,CONSERVATIVE_LEGAL_CORE,LATEST_IN_MEMBERSHIP_SEC_NPORT_NAME,7,3,5,696305,7.180761304313484e-06,1
W2024,ESS,0000920522,ESS,LOW,CONSERVATIVE_LEGAL_CORE,LATEST_IN_MEMBERSHIP_SEC_NPORT_NAME,7,2,3,696305,4.30845678258809e-06,1
W2024,ETN,0001551182,ETN,HIGH,FULL_AUTHORITATIVE_NAME_PRECISION_CONTROL,LATEST_IN_MEMBERSHIP_SEC_NPORT_NAME,7,0,0,696305,0.0,0
W2024,ETR,0000065984,ETR,HIGH,FULL_AUTHORITATIVE_NAME_PRECISION_CONTROL,LATEST_IN_MEMBERSHIP_SEC_NPORT_NAME,7,0,0,696305,0.0,0
W2024,EVRG,0001711269,EVRG,HIGH,FULL_AUTHORITATIVE_NAME_PRECISION_CONTROL,LATEST_IN_MEMBERSHIP_SEC_NPORT_NAME,7,3,4,696305,5.744609043450787e-06,1
W2024,EW,0001099800,EW,MEDIUM,CONSERVATIVE_LEGAL_CORE,LATEST_IN_MEMBERSHIP_SEC_NPORT_NAME,7,6,15,696305,2.154228391294045e-05,1
W2024,EXC,0001109357,EXC,HIGH,FULL_AUTHORITATIVE_NAME_PRECISION_CONTROL,LATEST_IN_MEMBERSHIP_SEC_NPORT_NAME,7,1,1,696305,1.4361522608626966e-06,1
W2024,EXPD,0000746515,EXPD,LOW,CONSERVATIVE_LEGAL_CORE,LATEST_IN_MEMBERSHIP_SEC_NPORT_NAME,7,1,2,696305,2.8723045217253933e-06,1
W2024,EXPE,0001324424,EXPE,MEDIUM,CONSERVATIVE_LEGAL_CORE,LATEST_IN_MEMBERSHIP_SEC_NPORT_NAME,7,6,33,696305,4.739302460846899e-05,1
W2024,EXR,0001289490,EXR,LOW,CONSERVATIVE_LEGAL_CORE,LATEST_IN_MEMBERSHIP_SEC_NPORT_NAME,7,0,0,696305,0.0,0
W2024,F,0000037996,F,MEDIUM,CONSERVATIVE_LEGAL_CORE,LATEST_IN_MEMBERSHIP_SEC_NPORT_NAME,7,7,198,696305,0.00028435814765081396,1
W2024,FANG,0001539838,FANG,MEDIUM,CONSERVATIVE_LEGAL_CORE,LATEST_IN_MEMBERSHIP_SEC_NPORT_NAME,7,5,21,696305,3.015919747811663e-05,1
W2024,FAST,0000815556,FAST,HIGH,FULL_AUTHORITATIVE_NAME_PRECISION_CONTROL,LATEST_IN_MEMBERSHIP_SEC_NPORT_NAME,7,3,7,696305,1.0053065826038876e-05,1
W2024,FCX,0000831259,FCX,MEDIUM,CONSERVATIVE_LEGAL_CORE,LATEST_IN_MEMBERSHIP_SEC_NPORT_NAME,7,7,23,696305,3.303150199984202e-05,1
W2024,FDS,0001013237,FDS,LOW,CONSERVATIVE_LEGAL_CORE,LATEST_IN_MEMBERSHIP_SEC_NPORT_NAME,7,5,8,696305,1.1489218086901573e-05,1
W2024,FDX,0001048911,FDX,HIGH,FULL_AUTHORITATIVE_NAME_PRECISION_CONTROL,LATEST_IN_MEMBERSHIP_SEC_NPORT_NAME,7,3,4,696305,5.744609043450787e-06,1
W2024,FE,0001031296,FE,HIGH,FULL_AUTHORITATIVE_NAME_PRECISION_CONTROL,LATEST_IN_MEMBERSHIP_SEC_NPORT_NAME,7,6,21,696305,3.015919747811663e-05,1
W2024,FFIV,0001048695,FFIV,HIGH,FULL_AUTHORITATIVE_NAME_PRECISION_CONTROL,LATEST_IN_MEMBERSHIP_SEC_NPORT_NAME,7,0,0,696305,0.0,0
W2024,FICO,0000814547,FICO,LOW,CONSERVATIVE_LEGAL_CORE,LATEST_IN_MEMBERSHIP_SEC_NPORT_NAME,7,6,18,696305,2.585074069552854e-05,1
W2024,FIS,0001136893,FIS,LOW,CONSERVATIVE_LEGAL_CORE,LATEST_IN_MEMBERSHIP_SEC_NPORT_NAME,7,4,10,696305,1.4361522608626967e-05,1
W2024,FISV,0000798354,FISV,HIGH,FULL_AUTHORITATIVE_NAME_PRECISION_CONTROL,LATEST_IN_MEMBERSHIP_SEC_NPORT_NAME,7,7,15,696305,2.154228391294045e-05,1
W2024,FITB,0000035527,FITB,LOW,CONSERVATIVE_LEGAL_CORE,LATEST_IN_MEMBERSHIP_SEC_NPORT_NAME,7,7,67,696305,9.622220147780067e-05,1
W2024,FMC,0000037785,FMC,HIGH,QUALIFIED_FULL_AUTHORITATIVE_NAME_BARE_TICKER_CONTROL,STAGE3I_MEMBERSHIP_NAME,7,0,0,696305,0.0,0
W2024,FOX,0001754301,FOX,LOW,FULL_AUTHORITATIVE_NAME_PRECISION_CONTROL,LATEST_IN_MEMBERSHIP_SEC_NPORT_NAME,7,4,13,696305,1.8669979391215057e-05,1
W2024,FOXA,0001754301,FOXA,LOW,FULL_AUTHORITATIVE_NAME_PRECISION_CONTROL,LATEST_IN_MEMBERSHIP_SEC_NPORT_NAME,7,4,13,696305,1.8669979391215057e-05,1
W2024,FRT,0000034903,FRT,LOW,CONSERVATIVE_LEGAL_CORE,LATEST_IN_MEMBERSHIP_SEC_NPORT_NAME,7,0,0,696305,0.0,0
W2024,FSLR,0001274494,FSLR,MEDIUM,CONSERVATIVE_LEGAL_CORE,LATEST_IN_MEMBERSHIP_SEC_NPORT_NAME,7,7,21,696305,3.015919747811663e-05,1
W2024,FTNT,0001262039,FTNT,HIGH,FULL_AUTHORITATIVE_NAME_PRECISION_CONTROL,LATEST_IN_MEMBERSHIP_SEC_NPORT_NAME,7,4,11,696305,1.5797674869489663e-05,1
W2024,FTV,0001659166,FTV,HIGH,FULL_AUTHORITATIVE_NAME_PRECISION_CONTROL,LATEST_IN_MEMBERSHIP_SEC_NPORT_NAME,7,1,2,696305,2.8723045217253933e-06,1
W2024,GD,0000040533,GD,MEDIUM,CONSERVATIVE_LEGAL_CORE,LATEST_IN_MEMBERSHIP_SEC_NPORT_NAME,7,2,2,696305,2.8723045217253933e-06,1
W2024,GDDY,0001609711,GDDY,HIGH,FULL_AUTHORITATIVE_NAME_PRECISION_CONTROL,LATEST_IN_MEMBERSHIP_SEC_NPORT_NAME,7,4,7,696305,1.0053065826038876e-05,1
W2024,GE,0000040545,GE,MEDIUM,CONSERVATIVE_LEGAL_CORE,LATEST_IN_MEMBERSHIP_SEC_NPORT_NAME,7,0,0,696305,0.0,0
W2024,GEHC,0001932393,GEHC,LOW,CONSERVATIVE_LEGAL_CORE,STAGE3G_AUTHORITATIVE_SAMPLE_NAME,7,7,20,696305,2.8723045217253935e-05,1
W2024,GEN,0000849399,GEN,MEDIUM,CONSERVATIVE_LEGAL_CORE,LATEST_IN_MEMBERSHIP_SEC_NPORT_NAME,7,4,7,696305,1.0053065826038876e-05,1
W2024,GEV,0001996810,GEV,MEDIUM,CONSERVATIVE_LEGAL_CORE,LATEST_IN_MEMBERSHIP_SEC_NPORT_NAME,7,5,8,696305,1.1489218086901573e-05,1
W2024,GILD,0000882095,GILD,MEDIUM,CONSERVATIVE_LEGAL_CORE,LATEST_IN_MEMBERSHIP_SEC_NPORT_NAME,7,7,79,696305,0.00011345602860815303,1
W2024,GIS,0000040704,GIS,MEDIUM,CONSERVATIVE_LEGAL_CORE,LATEST_IN_MEMBERSHIP_SEC_NPORT_NAME,7,0,0,696305,0.0,0
W2024,GL,0000320335,GL,MEDIUM,CONSERVATIVE_LEGAL_CORE,LATEST_IN_MEMBERSHIP_SEC_NPORT_NAME,7,3,5,696305,7.180761304313484e-06,1
W2024,GLW,0000024741,GLW,HIGH,FULL_AUTHORITATIVE_NAME_PRECISION_CONTROL,LATEST_IN_MEMBERSHIP_SEC_NPORT_NAME,7,5,7,696305,1.0053065826038876e-05,1
W2024,GM,0001467858,GM,MEDIUM,CONSERVATIVE_LEGAL_CORE,LATEST_IN_MEMBERSHIP_SEC_NPORT_NAME,7,6,19,696305,2.7286892956391236e-05,1
W2024,GNRC,0001474735,GNRC,HIGH,FULL_AUTHORITATIVE_NAME_PRECISION_CONTROL,LATEST_IN_MEMBERSHIP_SEC_NPORT_NAME,7,5,11,696305,1.5797674869489663e-05,1
W2024,GOOG,0001652044,GOOG,LOW,CONSERVATIVE_LEGAL_CORE,LATEST_IN_MEMBERSHIP_SEC_NPORT_NAME,7,7,446,696305,0.0006405239083447627,1
W2024,GOOGL,0001652044,GOOGL,LOW,CONSERVATIVE_LEGAL_CORE,LATEST_IN_MEMBERSHIP_SEC_NPORT_NAME,7,7,446,696305,0.0006405239083447627,1
W2024,GPC,0000040987,GPC,MEDIUM,CONSERVATIVE_LEGAL_CORE,LATEST_IN_MEMBERSHIP_SEC_NPORT_NAME,7,5,16,696305,2.2978436173803146e-05,1
W2024,GPN,0001123360,GPN,MEDIUM,CONSERVATIVE_LEGAL_CORE,LATEST_IN_MEMBERSHIP_SEC_NPORT_NAME,7,4,6,696305,8.61691356517618e-06,1
W2024,GRMN,0001121788,GRMN,HIGH,FULL_AUTHORITATIVE_NAME_PRECISION_CONTROL,LATEST_IN_MEMBERSHIP_SEC_NPORT_NAME,7,4,6,696305,8.61691356517618e-06,1
W2024,GS,0000886982,GS,LOW,CONSERVATIVE_LEGAL_CORE,LATEST_IN_MEMBERSHIP_SEC_NPORT_NAME,7,7,1558,696305,0.0022375252224240815,1
W2024,GWW,,GWW,MEDIUM,CONSERVATIVE_LEGAL_CORE,LATEST_IN_MEMBERSHIP_SEC_NPORT_NAME,7,0,0,696305,0.0,0
W2024,HAL,0000045012,HAL,HIGH,FULL_AUTHORITATIVE_NAME_PRECISION_CONTROL,LATEST_IN_MEMBERSHIP_SEC_NPORT_NAME,7,5,10,696305,1.4361522608626967e-05,1
W2024,HAS,0000046080,HAS,HIGH,FULL_AUTHORITATIVE_NAME_PRECISION_CONTROL,LATEST_IN_MEMBERSHIP_SEC_NPORT_NAME,7,3,12,696305,1.723382713035236e-05,1
W2024,HBAN,0000049196,HBAN,MEDIUM,CONSERVATIVE_LEGAL_CORE,STAGE3G_AUTHORITATIVE_SAMPLE_NAME,7,5,14,696305,2.0106131652077752e-05,1
W2024,HCA,0000860730,HCA,MEDIUM,CONSERVATIVE_LEGAL_CORE,LATEST_IN_MEMBERSHIP_SEC_NPORT_NAME,7,0,0,696305,0.0,0
W2024,HD,0000354950,HD,MEDIUM,CONSERVATIVE_LEGAL_CORE,LATEST_IN_MEMBERSHIP_SEC_NPORT_NAME,7,7,61,696305,8.76052879126245e-05,1
W2024,HES,0000004447,HES,HIGH,FULL_AUTHORITATIVE_NAME_PRECISION_CONTROL,STAGE3I_MEMBERSHIP_NAME,7,6,45,696305,6.462685173882135e-05,1
W2024,HIG,0000874766,HIG,LOW,CONSERVATIVE_LEGAL_CORE,LATEST_IN_MEMBERSHIP_SEC_NPORT_NAME,7,5,10,696305,1.4361522608626967e-05,1
W2024,HII,0001501585,HII,LOW,CONSERVATIVE_LEGAL_CORE,LATEST_IN_MEMBERSHIP_SEC_NPORT_NAME,7,7,22,696305,3.1595349738979325e-05,1
W2024,HLT,0001585689,HLT,LOW,CONSERVATIVE_LEGAL_CORE,LATEST_IN_MEMBERSHIP_SEC_NPORT_NAME,7,3,4,696305,5.744609043450787e-06,1
W2024,HOLX,,HOLX,HIGH,FULL_AUTHORITATIVE_NAME_PRECISION_CONTROL,LATEST_IN_MEMBERSHIP_SEC_NPORT_NAME,7,6,24,696305,3.446765426070472e-05,1
W2024,HON,0000773840,HON,MEDIUM,CONSERVATIVE_LEGAL_CORE,LATEST_IN_MEMBERSHIP_SEC_NPORT_NAME,7,7,70,696305,0.00010053065826038877,1
W2024,HPE,0001645590,HPE,LOW,CONSERVATIVE_LEGAL_CORE,LATEST_IN_MEMBERSHIP_SEC_NPORT_NAME,7,5,11,696305,1.5797674869489663e-05,1
W2024,HPQ,0000047217,HPQ,HIGH,FULL_AUTHORITATIVE_NAME_PRECISION_CONTROL,LATEST_IN_MEMBERSHIP_SEC_NPORT_NAME,7,6,30,696305,4.30845678258809e-05,1
W2024,HRL,0000048465,HRL,MEDIUM,CONSERVATIVE_LEGAL_CORE,LATEST_IN_MEMBERSHIP_SEC_NPORT_NAME,7,6,15,696305,2.154228391294045e-05,1
W2024,HSIC,0001000228,HSIC,MEDIUM,CONSERVATIVE_LEGAL_CORE,LATEST_IN_MEMBERSHIP_SEC_NPORT_NAME,7,4,6,696305,8.61691356517618e-06,1
W2024,HST,0001070750,HST,LOW,CONSERVATIVE_LEGAL_CORE,LATEST_IN_MEMBERSHIP_SEC_NPORT_NAME,7,0,0,696305,0.0,0
W2024,HSY,0000047111,HSY,LOW,CONSERVATIVE_LEGAL_CORE,LATEST_IN_MEMBERSHIP_SEC_NPORT_NAME,7,6,21,696305,3.015919747811663e-05,1
W2024,HUBB,0000048898,HUBB,HIGH,FULL_AUTHORITATIVE_NAME_PRECISION_CONTROL,LATEST_IN_MEMBERSHIP_SEC_NPORT_NAME,7,1,1,696305,1.4361522608626966e-06,1
W2024,HUM,0000049071,HUM,HIGH,FULL_AUTHORITATIVE_NAME_PRECISION_CONTROL,LATEST_IN_MEMBERSHIP_SEC_NPORT_NAME,7,6,28,696305,4.0212263304155504e-05,1
W2024,HWM,0000004281,HWM,MEDIUM,CONSERVATIVE_LEGAL_CORE,LATEST_IN_MEMBERSHIP_SEC_NPORT_NAME,7,4,22,696305,3.1595349738979325e-05,1
W2024,IBM,0000051143,IBM,LOW,CONSERVATIVE_LEGAL_CORE,LATEST_IN_MEMBERSHIP_SEC_NPORT_NAME,7,7,73,696305,0.00010483911504297686,1
W2024,ICE,0001571949,ICE,LOW,CONSERVATIVE_LEGAL_CORE,LATEST_IN_MEMBERSHIP_SEC_NPORT_NAME,7,7,46,696305,6.606300399968404e-05,1
W2024,IDXX,0000874716,IDXX,MEDIUM,CONSERVATIVE_LEGAL_CORE,LATEST_IN_MEMBERSHIP_SEC_NPORT_NAME,7,1,1,696305,1.4361522608626966e-06,1
W2024,IEX,0000832101,IEX,HIGH,FULL_AUTHORITATIVE_NAME_PRECISION_CONTROL,LATEST_IN_MEMBERSHIP_SEC_NPORT_NAME,7,0,0,696305,0.0,0
W2024,IFF,0000051253,IFF,LOW,CONSERVATIVE_LEGAL_CORE,LATEST_IN_MEMBERSHIP_SEC_NPORT_NAME,7,0,0,696305,0.0,0
W2024,INCY,0000879169,INCY,HIGH,FULL_AUTHORITATIVE_NAME_PRECISION_CONTROL,LATEST_IN_MEMBERSHIP_SEC_NPORT_NAME,7,1,2,696305,2.8723045217253933e-06,1
W2024,INTC,0000050863,INTC,HIGH,FULL_AUTHORITATIVE_NAME_PRECISION_CONTROL,LATEST_IN_MEMBERSHIP_SEC_NPORT_NAME,7,5,22,696305,3.1595349738979325e-05,1
W2024,INTU,0000896878,INTU,HIGH,FULL_AUTHORITATIVE_NAME_PRECISION_CONTROL,LATEST_IN_MEMBERSHIP_SEC_NPORT_NAME,7,6,17,696305,2.4414588434665842e-05,1
W2024,INVH,,INVH,MEDIUM,CONSERVATIVE_LEGAL_CORE,LATEST_IN_MEMBERSHIP_SEC_NPORT_NAME,7,0,0,696305,0.0,0
W2024,IP,,IP,MEDIUM,CONSERVATIVE_LEGAL_CORE,LATEST_IN_MEMBERSHIP_SEC_NPORT_NAME,7,7,39,696305,5.600993817364517e-05,1
W2024,IPG,,IPG,MEDIUM,CONSERVATIVE_LEGAL_CORE,STAGE3I_MEMBERSHIP_NAME,7,4,7,696305,1.0053065826038876e-05,1
W2024,IQV,0001478242,IQV,HIGH,FULL_AUTHORITATIVE_NAME_PRECISION_CONTROL,LATEST_IN_MEMBERSHIP_SEC_NPORT_NAME,7,1,1,696305,1.4361522608626966e-06,1
W2024,IR,0001699150,IR,MEDIUM,CONSERVATIVE_LEGAL_CORE,LATEST_IN_MEMBERSHIP_SEC_NPORT_NAME,7,5,15,696305,2.154228391294045e-05,1
W2024,IRM,0001020569,IRM,MEDIUM,CONSERVATIVE_LEGAL_CORE,LATEST_IN_MEMBERSHIP_SEC_NPORT_NAME,7,5,6,696305,8.61691356517618e-06,1
W2024,ISRG,0001035267,ISRG,MEDIUM,CONSERVATIVE_LEGAL_CORE,LATEST_IN_MEMBERSHIP_SEC_NPORT_NAME,7,3,10,696305,1.4361522608626967e-05,1
W2024,IT,0000749251,IT,HIGH,FULL_AUTHORITATIVE_NAME_PRECISION_CONTROL,LATEST_IN_MEMBERSHIP_SEC_NPORT_NAME,7,6,16,696305,2.2978436173803146e-05,1
W2024,ITW,0000049826,ITW,LOW,CONSERVATIVE_LEGAL_CORE,LATEST_IN_MEMBERSHIP_SEC_NPORT_NAME,7,7,25,696305,3.590380652156742e-05,1
W2024,IVZ,0000914208,IVZ,HIGH,FULL_AUTHORITATIVE_NAME_PRECISION_CONTROL,STAGE3G_AUTHORITATIVE_SAMPLE_NAME,7,7,32,696305,4.595687234760629e-05,1
W2024,J,0000052988,J,MEDIUM,CONSERVATIVE_LEGAL_CORE,STAGE3G_AUTHORITATIVE_SAMPLE_NAME,7,5,9,696305,1.292537034776427e-05,1
W2024,JBHT,0000728535,JBHT,LOW,CONSERVATIVE_LEGAL_CORE,STAGE3G_AUTHORITATIVE_SAMPLE_NAME,7,4,6,696305,8.61691356517618e-06,1
W2024,JBL,0000898293,JBL,HIGH,FULL_AUTHORITATIVE_NAME_PRECISION_CONTROL,LATEST_IN_MEMBERSHIP_SEC_NPORT_NAME,7,3,9,696305,1.292537034776427e-05,1
W2024,JCI,0000833444,JCI,LOW,CONSERVATIVE_LEGAL_CORE,LATEST_IN_MEMBERSHIP_SEC_NPORT_NAME,7,5,15,696305,2.154228391294045e-05,1
W2024,JKHY,0000779152,JKHY,LOW,CONSERVATIVE_LEGAL_CORE,STAGE3G_AUTHORITATIVE_SAMPLE_NAME,7,0,0,696305,0.0,0
W2024,JNJ,0000200406,JNJ,MEDIUM,CONSERVATIVE_LEGAL_CORE,LATEST_IN_MEMBERSHIP_SEC_NPORT_NAME,7,0,0,696305,0.0,0
W2024,JNPR,0001043604,JNPR,MEDIUM,CONSERVATIVE_LEGAL_CORE,STAGE3I_MEMBERSHIP_NAME,7,6,15,696305,2.154228391294045e-05,1
W2024,JPM,0000019617,JPM,MEDIUM,CONSERVATIVE_LEGAL_CORE,LATEST_IN_MEMBERSHIP_SEC_NPORT_NAME,7,0,0,696305,0.0,0
W2024,K,0000055067,K,HIGH,FULL_AUTHORITATIVE_NAME_PRECISION_CONTROL,STAGE3I_MEMBERSHIP_NAME,7,0,0,696305,0.0,0
W2024,KDP,0001418135,KDP,LOW,CONSERVATIVE_LEGAL_CORE,LATEST_IN_MEMBERSHIP_SEC_NPORT_NAME,7,4,5,696305,7.180761304313484e-06,1
W2024,KEY,,KEY,HIGH,FULL_AUTHORITATIVE_NAME_PRECISION_CONTROL,LATEST_IN_MEMBERSHIP_SEC_NPORT_NAME,7,7,299,696305,0.0004294095259979463,1
W2024,KEYS,0001601046,KEYS,LOW,CONSERVATIVE_LEGAL_CORE,LATEST_IN_MEMBERSHIP_SEC_NPORT_NAME,7,4,6,696305,8.61691356517618e-06,1
W2024,KHC,0001637459,KHC,LOW,CONSERVATIVE_LEGAL_CORE,LATEST_IN_MEMBERSHIP_SEC_NPORT_NAME,7,7,17,696305,2.4414588434665842e-05,1
W2024,KIM,0000879101,KIM,MEDIUM,CONSERVATIVE_LEGAL_CORE,LATEST_IN_MEMBERSHIP_SEC_NPORT_NAME,7,2,11,696305,1.5797674869489663e-05,1
W2024,KKR,0001404912,KKR,HIGH,FULL_AUTHORITATIVE_NAME_PRECISION_CONTROL,LATEST_IN_MEMBERSHIP_SEC_NPORT_NAME,7,0,0,696305,0.0,0
W2024,KLAC,0000319201,KLAC,HIGH,FULL_AUTHORITATIVE_NAME_PRECISION_CONTROL,LATEST_IN_MEMBERSHIP_SEC_NPORT_NAME,7,0,0,696305,0.0,0
W2024,KMB,0000055785,KMB,MEDIUM,CONSERVATIVE_LEGAL_CORE,LATEST_IN_MEMBERSHIP_SEC_NPORT_NAME,7,6,19,696305,2.7286892956391236e-05,1
W2024,KMI,0001506307,KMI,MEDIUM,CONSERVATIVE_LEGAL_CORE,LATEST_IN_MEMBERSHIP_SEC_NPORT_NAME,7,6,19,696305,2.7286892956391236e-05,1
W2024,KMX,0001170010,KMX,HIGH,FULL_AUTHORITATIVE_NAME_PRECISION_CONTROL,STAGE3I_MEMBERSHIP_NAME,7,3,11,696305,1.5797674869489663e-05,1
W2024,KO,0000021344,KO,LOW,CONSERVATIVE_LEGAL_CORE,LATEST_IN_MEMBERSHIP_SEC_NPORT_NAME,7,7,48,696305,6.893530852140945e-05,1
W2024,KR,0000056873,KR,HIGH,FULL_AUTHORITATIVE_NAME_PRECISION_CONTROL,LATEST_IN_MEMBERSHIP_SEC_NPORT_NAME,7,6,19,696305,2.7286892956391236e-05,1
W2024,KVUE,0001944048,KVUE,HIGH,FULL_AUTHORITATIVE_NAME_PRECISION_CONTROL,STAGE3G_AUTHORITATIVE_SAMPLE_NAME,7,4,5,696305,7.180761304313484e-06,1
W2024,L,0000060086,L,HIGH,FULL_AUTHORITATIVE_NAME_PRECISION_CONTROL,LATEST_IN_MEMBERSHIP_SEC_NPORT_NAME,7,1,1,696305,1.4361522608626966e-06,1
W2024,LDOS,0001336920,LDOS,HIGH,FULL_AUTHORITATIVE_NAME_PRECISION_CONTROL,LATEST_IN_MEMBERSHIP_SEC_NPORT_NAME,7,4,8,696305,1.1489218086901573e-05,1
W2024,LEN,0000920760,LEN,LOW,CONSERVATIVE_LEGAL_CORE,LATEST_IN_MEMBERSHIP_SEC_NPORT_NAME,7,4,10,696305,1.4361522608626967e-05,1
W2024,LH,0000920148,LH,HIGH,FULL_AUTHORITATIVE_NAME_PRECISION_CONTROL,STAGE3G_AUTHORITATIVE_SAMPLE_NAME,7,2,2,696305,2.8723045217253933e-06,1
W2024,LHX,0000202058,LHX,MEDIUM,CONSERVATIVE_LEGAL_CORE,LATEST_IN_MEMBERSHIP_SEC_NPORT_NAME,7,0,0,696305,0.0,0
W2024,LIN,0001707925,LIN,HIGH,FULL_AUTHORITATIVE_NAME_PRECISION_CONTROL,LATEST_IN_MEMBERSHIP_SEC_NPORT_NAME,7,3,3,696305,4.30845678258809e-06,1
W2024,LKQ,0001065696,LKQ,HIGH,QUALIFIED_FULL_AUTHORITATIVE_NAME_BARE_TICKER_CONTROL,STAGE3I_MEMBERSHIP_NAME,7,0,0,696305,0.0,0
W2024,LLY,0000059478,LLY,MEDIUM,CONSERVATIVE_LEGAL_CORE,LATEST_IN_MEMBERSHIP_SEC_NPORT_NAME,7,2,3,696305,4.30845678258809e-06,1
W2024,LMT,0000936468,LMT,MEDIUM,CONSERVATIVE_LEGAL_CORE,LATEST_IN_MEMBERSHIP_SEC_NPORT_NAME,7,7,231,696305,0.00033175117225928293,1
W2024,LNT,0000352541,LNT,MEDIUM,CONSERVATIVE_LEGAL_CORE,LATEST_IN_MEMBERSHIP_SEC_NPORT_NAME,7,6,13,696305,1.8669979391215057e-05,1
W2024,LOW,0000060667,LOW,LOW,CONSERVATIVE_LEGAL_CORE,LATEST_IN_MEMBERSHIP_SEC_NPORT_NAME,7,0,0,696305,0.0,0
W2024,LRCX,0000707549,LRCX,MEDIUM,CONSERVATIVE_LEGAL_CORE,LATEST_IN_MEMBERSHIP_SEC_NPORT_NAME,7,7,12,696305,1.723382713035236e-05,1
W2024,LULU,0001397187,LULU,MEDIUM,CONSERVATIVE_LEGAL_CORE,LATEST_IN_MEMBERSHIP_SEC_NPORT_NAME,7,4,12,696305,1.723382713035236e-05,1
W2024,LUV,0000092380,LUV,MEDIUM,CONSERVATIVE_LEGAL_CORE,LATEST_IN_MEMBERSHIP_SEC_NPORT_NAME,7,7,251,696305,0.00036047421747653684,1
W2024,LVS,0001300514,LVS,LOW,CONSERVATIVE_LEGAL_CORE,LATEST_IN_MEMBERSHIP_SEC_NPORT_NAME,7,6,34,696305,4.8829176869331684e-05,1
W2024,LW,0001679273,LW,MEDIUM,CONSERVATIVE_LEGAL_CORE,LATEST_IN_MEMBERSHIP_SEC_NPORT_NAME,7,4,8,696305,1.1489218086901573e-05,1
W2024,LYB,0001489393,LYB,LOW,CONSERVATIVE_LEGAL_CORE,STAGE3G_AUTHORITATIVE_SAMPLE_NAME,7,0,0,696305,0.0,0
W2024,LYV,0001335258,LYV,LOW,CONSERVATIVE_LEGAL_CORE,LATEST_IN_MEMBERSHIP_SEC_NPORT_NAME,7,4,4,696305,5.744609043450787e-06,1
W2024,MA,0001141391,MA,LOW,CONSERVATIVE_LEGAL_CORE,LATEST_IN_MEMBERSHIP_SEC_NPORT_NAME,7,7,264,696305,0.0003791441968677519,1
W2024,MAA,0000912595,MAA,LOW,CONSERVATIVE_LEGAL_CORE,LATEST_IN_MEMBERSHIP_SEC_NPORT_NAME,7,0,0,696305,0.0,0
W2024,MAR,0001048286,MAR,LOW,CONSERVATIVE_LEGAL_CORE,STAGE3G_AUTHORITATIVE_SAMPLE_NAME,7,7,266,696305,0.0003820165013894773,1
W2024,MAS,0000062996,MAS,HIGH,FULL_AUTHORITATIVE_NAME_PRECISION_CONTROL,LATEST_IN_MEMBERSHIP_SEC_NPORT_NAME,7,0,0,696305,0.0,0
W2024,MCD,0000063908,MCD,MEDIUM,CONSERVATIVE_LEGAL_CORE,LATEST_IN_MEMBERSHIP_SEC_NPORT_NAME,7,7,130,696305,0.00018669979391215056,1
W2024,MCHP,0000827054,MCHP,MEDIUM,CONSERVATIVE_LEGAL_CORE,LATEST_IN_MEMBERSHIP_SEC_NPORT_NAME,7,5,14,696305,2.0106131652077752e-05,1
W2024,MCK,0000927653,MCK,HIGH,FULL_AUTHORITATIVE_NAME_PRECISION_CONTROL,LATEST_IN_MEMBERSHIP_SEC_NPORT_NAME,7,2,4,696305,5.744609043450787e-06,1
W2024,MCO,0001059556,MCO,HIGH,FULL_AUTHORITATIVE_NAME_PRECISION_CONTROL,LATEST_IN_MEMBERSHIP_SEC_NPORT_NAME,7,1,2,696305,2.8723045217253933e-06,1
W2024,MDLZ,0001103982,MDLZ,LOW,CONSERVATIVE_LEGAL_CORE,LATEST_IN_MEMBERSHIP_SEC_NPORT_NAME,7,7,30,696305,4.30845678258809e-05,1
W2024,MDT,0001613103,MDT,HIGH,FULL_AUTHORITATIVE_NAME_PRECISION_CONTROL,LATEST_IN_MEMBERSHIP_SEC_NPORT_NAME,7,2,4,696305,5.744609043450787e-06,1
W2024,MET,0001099219,MET,HIGH,FULL_AUTHORITATIVE_NAME_PRECISION_CONTROL,LATEST_IN_MEMBERSHIP_SEC_NPORT_NAME,7,5,6,696305,8.61691356517618e-06,1
W2024,META,0001326801,META,LOW,CONSERVATIVE_LEGAL_CORE,LATEST_IN_MEMBERSHIP_SEC_NPORT_NAME,7,7,232,696305,0.0003331873245201456,1
W2024,MGM,0000789570,MGM,LOW,CONSERVATIVE_LEGAL_CORE,LATEST_IN_MEMBERSHIP_SEC_NPORT_NAME,7,2,2,696305,2.8723045217253933e-06,1
W2024,MHK,0000851968,MHK,MEDIUM,CONSERVATIVE_LEGAL_CORE,STAGE3I_MEMBERSHIP_NAME,7,5,11,696305,1.5797674869489663e-05,1
W2024,MKC,0000063754,MKC,LOW,CONSERVATIVE_LEGAL_CORE,STAGE3G_AUTHORITATIVE_SAMPLE_NAME,7,0,0,696305,0.0,0
W2024,MKTX,0001278021,MKTX,HIGH,FULL_AUTHORITATIVE_NAME_PRECISION_CONTROL,STAGE3I_MEMBERSHIP_NAME,7,3,8,696305,1.1489218086901573e-05,1
W2024,MLM,0000916076,MLM,LOW,CONSERVATIVE_LEGAL_CORE,LATEST_IN_MEMBERSHIP_SEC_NPORT_NAME,7,4,4,696305,5.744609043450787e-06,1
W2024,MMM,0000066740,MMM,HIGH,FULL_AUTHORITATIVE_NAME_PRECISION_CONTROL,LATEST_IN_MEMBERSHIP_SEC_NPORT_NAME,7,0,0,696305,0.0,0
W2024,MNST,0000865752,MNST,MEDIUM,CONSERVATIVE_LEGAL_CORE,LATEST_IN_MEMBERSHIP_SEC_NPORT_NAME,7,7,14,696305,2.0106131652077752e-05,1
W2024,MO,0000764180,MO,MEDIUM,CONSERVATIVE_LEGAL_CORE,LATEST_IN_MEMBERSHIP_SEC_NPORT_NAME,7,6,26,696305,3.7339958782430114e-05,1
W2024,MOH,0001179929,MOH,MEDIUM,CONSERVATIVE_LEGAL_CORE,STAGE3I_MEMBERSHIP_NAME,7,3,4,696305,5.744609043450787e-06,1
W2024,MOS,0001285785,MOS,LOW,CONSERVATIVE_LEGAL_CORE,LATEST_IN_MEMBERSHIP_SEC_NPORT_NAME,7,7,281,696305,0.00040355878530241775,1
W2024,MPC,0001510295,MPC,MEDIUM,CONSERVATIVE_LEGAL_CORE,LATEST_IN_MEMBERSHIP_SEC_NPORT_NAME,7,7,34,696305,4.8829176869331684e-05,1
W2024,MPWR,0001280452,MPWR,LOW,CONSERVATIVE_LEGAL_CORE,LATEST_IN_MEMBERSHIP_SEC_NPORT_NAME,7,3,6,696305,8.61691356517618e-06,1
W2024,MRK,0000310158,MRK,HIGH,FULL_AUTHORITATIVE_NAME_PRECISION_CONTROL,LATEST_IN_MEMBERSHIP_SEC_NPORT_NAME,7,0,0,696305,0.0,0
W2024,MRNA,0001682852,MRNA,HIGH,FULL_AUTHORITATIVE_NAME_PRECISION_CONTROL,LATEST_IN_MEMBERSHIP_SEC_NPORT_NAME,7,6,18,696305,2.585074069552854e-05,1
W2024,MRO,0000101778,MRO,MEDIUM,CONSERVATIVE_LEGAL_CORE,STAGE3I_MEMBERSHIP_NAME,7,6,33,696305,4.739302460846899e-05,1
W2024,MRSH,0000062709,MRSH,LOW,CONSERVATIVE_LEGAL_CORE,STAGE3G_AUTHORITATIVE_SAMPLE_NAME,7,0,0,696305,0.0,0
W2024,MS,0000895421,MS,MEDIUM,CONSERVATIVE_LEGAL_CORE,LATEST_IN_MEMBERSHIP_SEC_NPORT_NAME,7,7,1783,696305,0.002560659481118188,1
W2024,MSCI,0001408198,MSCI,HIGH,FULL_AUTHORITATIVE_NAME_PRECISION_CONTROL,LATEST_IN_MEMBERSHIP_SEC_NPORT_NAME,7,1,2,696305,2.8723045217253933e-06,1
W2024,MSFT,0000789019,MSFT,HIGH,FULL_AUTHORITATIVE_NAME_PRECISION_CONTROL,LATEST_IN_MEMBERSHIP_SEC_NPORT_NAME,7,7,118,696305,0.00016946596678179822,1
W2024,MSI,0000068505,MSI,MEDIUM,CONSERVATIVE_LEGAL_CORE,LATEST_IN_MEMBERSHIP_SEC_NPORT_NAME,7,5,18,696305,2.585074069552854e-05,1
W2024,MTB,0000036270,MTB,HIGH,FULL_AUTHORITATIVE_NAME_PRECISION_CONTROL,LATEST_IN_MEMBERSHIP_SEC_NPORT_NAME,7,0,0,696305,0.0,0
W2024,MTCH,0000891103,MTCH,MEDIUM,CONSERVATIVE_LEGAL_CORE,STAGE3I_MEMBERSHIP_NAME,7,0,0,696305,0.0,0
W2024,MTD,0001037646,MTD,LOW,CONSERVATIVE_LEGAL_CORE,LATEST_IN_MEMBERSHIP_SEC_NPORT_NAME,7,2,2,696305,2.8723045217253933e-06,1
W2024,MU,0000723125,MU,MEDIUM,CONSERVATIVE_LEGAL_CORE,LATEST_IN_MEMBERSHIP_SEC_NPORT_NAME,7,7,69,696305,9.909450599952608e-05,1
W2024,NCLH,0001513761,NCLH,LOW,CONSERVATIVE_LEGAL_CORE,LATEST_IN_MEMBERSHIP_SEC_NPORT_NAME,7,7,75,696305,0.00010771141956470225,1
W2024,NDAQ,0001120193,NDAQ,HIGH,FULL_AUTHORITATIVE_NAME_PRECISION_CONTROL,LATEST_IN_MEMBERSHIP_SEC_NPORT_NAME,7,4,10,696305,1.4361522608626967e-05,1
W2024,NDSN,0000072331,NDSN,HIGH,FULL_AUTHORITATIVE_NAME_PRECISION_CONTROL,LATEST_IN_MEMBERSHIP_SEC_NPORT_NAME,7,0,0,696305,0.0,0
W2024,NEE,0000753308,NEE,MEDIUM,CONSERVATIVE_LEGAL_CORE,LATEST_IN_MEMBERSHIP_SEC_NPORT_NAME,7,7,62,696305,8.90414401734872e-05,1
W2024,NEM,0001164727,NEM,HIGH,FULL_AUTHORITATIVE_NAME_PRECISION_CONTROL,LATEST_IN_MEMBERSHIP_SEC_NPORT_NAME,7,3,13,696305,1.8669979391215057e-05,1
W2024,NFLX,0001065280,NFLX,HIGH,FULL_AUTHORITATIVE_NAME_PRECISION_CONTROL,LATEST_IN_MEMBERSHIP_SEC_NPORT_NAME,7,7,43,696305,6.175454721709596e-05,1
W2024,NI,0001111711,NI,HIGH,FULL_AUTHORITATIVE_NAME_PRECISION_CONTROL,LATEST_IN_MEMBERSHIP_SEC_NPORT_NAME,7,2,3,696305,4.30845678258809e-06,1
W2024,NKE,0000320187,NKE,LOW,CONSERVATIVE_LEGAL_CORE,LATEST_IN_MEMBERSHIP_SEC_NPORT_NAME,7,7,35,696305,5.0265329130194386e-05,1
W2024,NOC,,NOC,MEDIUM,CONSERVATIVE_LEGAL_CORE,LATEST_IN_MEMBERSHIP_SEC_NPORT_NAME,7,7,106,696305,0.00015223213965144585,1
W2024,NOW,0001373715,NOW,HIGH,FULL_AUTHORITATIVE_NAME_PRECISION_CONTROL,LATEST_IN_MEMBERSHIP_SEC_NPORT_NAME,7,7,27,696305,3.877611104329281e-05,1
W2024,NRG,0001013871,NRG,MEDIUM,CONSERVATIVE_LEGAL_CORE,LATEST_IN_MEMBERSHIP_SEC_NPORT_NAME,7,2,3,696305,4.30845678258809e-06,1
W2024,NSC,0000702165,NSC,MEDIUM,CONSERVATIVE_LEGAL_CORE,LATEST_IN_MEMBERSHIP_SEC_NPORT_NAME,7,7,91,696305,0.0001306898557385054,1
W2024,NTAP,0001002047,NTAP,HIGH,FULL_AUTHORITATIVE_NAME_PRECISION_CONTROL,LATEST_IN_MEMBERSHIP_SEC_NPORT_NAME,7,3,4,696305,5.744609043450787e-06,1
W2024,NTRS,0000073124,NTRS,MEDIUM,CONSERVATIVE_LEGAL_CORE,LATEST_IN_MEMBERSHIP_SEC_NPORT_NAME,7,6,16,696305,2.2978436173803146e-05,1
W2024,NUE,0000073309,NUE,HIGH,FULL_AUTHORITATIVE_NAME_PRECISION_CONTROL,LATEST_IN_MEMBERSHIP_SEC_NPORT_NAME,7,0,0,696305,0.0,0
W2024,NVDA,0001045810,NVDA,HIGH,FULL_AUTHORITATIVE_NAME_PRECISION_CONTROL,LATEST_IN_MEMBERSHIP_SEC_NPORT_NAME,7,7,102,696305,0.00014648753060799506,1
W2024,NVR,0000906163,NVR,HIGH,FULL_AUTHORITATIVE_NAME_PRECISION_CONTROL,LATEST_IN_MEMBERSHIP_SEC_NPORT_NAME,7,1,1,696305,1.4361522608626966e-06,1
W2024,NWS,0001564708,NWS,LOW,CONSERVATIVE_LEGAL_CORE,LATEST_IN_MEMBERSHIP_SEC_NPORT_NAME,7,7,84,696305,0.00012063678991246652,1
W2024,NWSA,0001564708,NWSA,LOW,CONSERVATIVE_LEGAL_CORE,LATEST_IN_MEMBERSHIP_SEC_NPORT_NAME,7,7,84,696305,0.00012063678991246652,1
W2024,NXPI,0001413447,NXPI,MEDIUM,CONSERVATIVE_LEGAL_CORE,LATEST_IN_MEMBERSHIP_SEC_NPORT_NAME,7,0,0,696305,0.0,0
W2024,O,0000726728,O,MEDIUM,CONSERVATIVE_LEGAL_CORE,LATEST_IN_MEMBERSHIP_SEC_NPORT_NAME,7,5,19,696305,2.7286892956391236e-05,1
W2024,ODFL,0000878927,ODFL,LOW,CONSERVATIVE_LEGAL_CORE,LATEST_IN_MEMBERSHIP_SEC_NPORT_NAME,7,5,14,696305,2.0106131652077752e-05,1
W2024,OKE,,OKE,HIGH,FULL_AUTHORITATIVE_NAME_PRECISION_CONTROL,LATEST_IN_MEMBERSHIP_SEC_NPORT_NAME,7,4,9,696305,1.292537034776427e-05,1
W2024,OMC,0000029989,OMC,MEDIUM,CONSERVATIVE_LEGAL_CORE,LATEST_IN_MEMBERSHIP_SEC_NPORT_NAME,7,5,13,696305,1.8669979391215057e-05,1
W2024,ON,0001097864,ON,MEDIUM,CONSERVATIVE_LEGAL_CORE,LATEST_IN_MEMBERSHIP_SEC_NPORT_NAME,7,0,0,696305,0.0,0
W2024,ORCL,0001341439,ORCL,HIGH,FULL_AUTHORITATIVE_NAME_PRECISION_CONTROL,LATEST_IN_MEMBERSHIP_SEC_NPORT_NAME,7,4,17,696305,2.4414588434665842e-05,1
W2024,ORLY,0000898173,ORLY,LOW,CONSERVATIVE_LEGAL_CORE,LATEST_IN_MEMBERSHIP_SEC_NPORT_NAME,7,4,9,696305,1.292537034776427e-05,1
W2024,OTIS,0001781335,OTIS,MEDIUM,CONSERVATIVE_LEGAL_CORE,LATEST_IN_MEMBERSHIP_SEC_NPORT_NAME,7,4,7,696305,1.0053065826038876e-05,1
W2024,OXY,0000797468,OXY,MEDIUM,CONSERVATIVE_LEGAL_CORE,LATEST_IN_MEMBERSHIP_SEC_NPORT_NAME,7,7,57,696305,8.18606788691737e-05,1
W2024,PANW,0001327567,PANW,LOW,CONSERVATIVE_LEGAL_CORE,LATEST_IN_MEMBERSHIP_SEC_NPORT_NAME,7,7,96,696305,0.0001378706170428189,1
W2024,PAYC,0001590955,PAYC,MEDIUM,CONSERVATIVE_LEGAL_CORE,LATEST_IN_MEMBERSHIP_SEC_NPORT_NAME,7,1,3,696305,4.30845678258809e-06,1
W2024,PAYX,0000723531,PAYX,HIGH,FULL_AUTHORITATIVE_NAME_PRECISION_CONTROL,LATEST_IN_MEMBERSHIP_SEC_NPORT_NAME,7,4,9,696305,1.292537034776427e-05,1
W2024,PCAR,0000075362,PCAR,HIGH,FULL_AUTHORITATIVE_NAME_PRECISION_CONTROL,LATEST_IN_MEMBERSHIP_SEC_NPORT_NAME,7,0,0,696305,0.0,0
W2024,PCG,0001004980,PCG,HIGH,FULL_AUTHORITATIVE_NAME_PRECISION_CONTROL,LATEST_IN_MEMBERSHIP_SEC_NPORT_NAME,7,0,0,696305,0.0,0
W2024,PEG,0000788784,PEG,LOW,CONSERVATIVE_LEGAL_CORE,LATEST_IN_MEMBERSHIP_SEC_NPORT_NAME,7,7,23,696305,3.303150199984202e-05,1
W2024,PEP,0000077476,PEP,HIGH,FULL_AUTHORITATIVE_NAME_PRECISION_CONTROL,LATEST_IN_MEMBERSHIP_SEC_NPORT_NAME,7,7,98,696305,0.00014074292156454428,1
W2024,PFE,0000078003,PFE,HIGH,FULL_AUTHORITATIVE_NAME_PRECISION_CONTROL,LATEST_IN_MEMBERSHIP_SEC_NPORT_NAME,7,7,93,696305,0.00013356216026023078,1
W2024,PFG,0001126328,PFG,LOW,CONSERVATIVE_LEGAL_CORE,LATEST_IN_MEMBERSHIP_SEC_NPORT_NAME,7,7,122,696305,0.000175210575825249,1
W2024,PG,0000080424,PG,LOW,CONSERVATIVE_LEGAL_CORE,LATEST_IN_MEMBERSHIP_SEC_NPORT_NAME,7,0,0,696305,0.0,0
W2024,PGR,0000080661,PGR,HIGH,FULL_AUTHORITATIVE_NAME_PRECISION_CONTROL,LATEST_IN_MEMBERSHIP_SEC_NPORT_NAME,7,3,7,696305,1.0053065826038876e-05,1
W2024,PH,0000076334,PH,MEDIUM,CONSERVATIVE_LEGAL_CORE,LATEST_IN_MEMBERSHIP_SEC_NPORT_NAME,7,5,10,696305,1.4361522608626967e-05,1
W2024,PHM,0000822416,PHM,HIGH,FULL_AUTHORITATIVE_NAME_PRECISION_CONTROL,LATEST_IN_MEMBERSHIP_SEC_NPORT_NAME,7,1,5,696305,7.180761304313484e-06,1
W2024,PKG,0000075677,PKG,LOW,CONSERVATIVE_LEGAL_CORE,LATEST_IN_MEMBERSHIP_SEC_NPORT_NAME,7,0,0,696305,0.0,0
W2024,PLD,0001045609,PLD,HIGH,FULL_AUTHORITATIVE_NAME_PRECISION_CONTROL,LATEST_IN_MEMBERSHIP_SEC_NPORT_NAME,7,4,9,696305,1.292537034776427e-05,1
W2024,PLTR,0001321655,PLTR,MEDIUM,CONSERVATIVE_LEGAL_CORE,LATEST_IN_MEMBERSHIP_SEC_NPORT_NAME,7,7,39,696305,5.600993817364517e-05,1
W2024,PM,0001413329,PM,LOW,CONSERVATIVE_LEGAL_CORE,LATEST_IN_MEMBERSHIP_SEC_NPORT_NAME,7,7,27,696305,3.877611104329281e-05,1
W2024,PNC,0000713676,PNC,LOW,CONSERVATIVE_LEGAL_CORE,LATEST_IN_MEMBERSHIP_SEC_NPORT_NAME,7,0,0,696305,0.0,0
W2024,PNR,0000077360,PNR,HIGH,FULL_AUTHORITATIVE_NAME_PRECISION_CONTROL,LATEST_IN_MEMBERSHIP_SEC_NPORT_NAME,7,0,0,696305,0.0,0
W2024,PNW,0000764622,PNW,LOW,CONSERVATIVE_LEGAL_CORE,LATEST_IN_MEMBERSHIP_SEC_NPORT_NAME,7,3,4,696305,5.744609043450787e-06,1
W2024,PODD,0001145197,PODD,HIGH,FULL_AUTHORITATIVE_NAME_PRECISION_CONTROL,LATEST_IN_MEMBERSHIP_SEC_NPORT_NAME,7,1,1,696305,1.4361522608626966e-06,1
W2024,POOL,0000945841,POOL,HIGH,FULL_AUTHORITATIVE_NAME_PRECISION_CONTROL,LATEST_IN_MEMBERSHIP_SEC_NPORT_NAME,7,0,0,696305,0.0,0
W2024,PPG,0000079879,PPG,MEDIUM,CONSERVATIVE_LEGAL_CORE,LATEST_IN_MEMBERSHIP_SEC_NPORT_NAME,7,1,1,696305,1.4361522608626966e-06,1
W2024,PPL,0000922224,PPL,HIGH,FULL_AUTHORITATIVE_NAME_PRECISION_CONTROL,LATEST_IN_MEMBERSHIP_SEC_NPORT_NAME,7,0,0,696305,0.0,0
W2024,PRU,0001137774,PRU,MEDIUM,CONSERVATIVE_LEGAL_CORE,LATEST_IN_MEMBERSHIP_SEC_NPORT_NAME,7,7,23,696305,3.303150199984202e-05,1
W2024,PSA,0001393311,PSA,MEDIUM,CONSERVATIVE_LEGAL_CORE,LATEST_IN_MEMBERSHIP_SEC_NPORT_NAME,7,0,0,696305,0.0,0
W2024,PSKY,0002041610,PSKY,LOW,CONSERVATIVE_LEGAL_CORE,STAGE3G_AUTHORITATIVE_SAMPLE_NAME,7,0,0,696305,0.0,0
W2024,PSX,0001534701,PSX,MEDIUM,CONSERVATIVE_LEGAL_CORE,LATEST_IN_MEMBERSHIP_SEC_NPORT_NAME,7,0,0,696305,0.0,0
W2024,PTC,0000857005,PTC,HIGH,FULL_AUTHORITATIVE_NAME_PRECISION_CONTROL,LATEST_IN_MEMBERSHIP_SEC_NPORT_NAME,7,1,1,696305,1.4361522608626966e-06,1
W2024,PWR,0001050915,PWR,MEDIUM,CONSERVATIVE_LEGAL_CORE,LATEST_IN_MEMBERSHIP_SEC_NPORT_NAME,7,5,17,696305,2.4414588434665842e-05,1
W2024,PYPL,0001633917,PYPL,HIGH,FULL_AUTHORITATIVE_NAME_PRECISION_CONTROL,LATEST_IN_MEMBERSHIP_SEC_NPORT_NAME,7,7,22,696305,3.1595349738979325e-05,1
W2024,QCOM,0000804328,QCOM,HIGH,FULL_AUTHORITATIVE_NAME_PRECISION_CONTROL,LATEST_IN_MEMBERSHIP_SEC_NPORT_NAME,7,7,17,696305,2.4414588434665842e-05,1
W2024,QRVO,0001604778,QRVO,HIGH,FULL_AUTHORITATIVE_NAME_PRECISION_CONTROL,STAGE3I_MEMBERSHIP_NAME,7,2,2,696305,2.8723045217253933e-06,1
W2024,RCL,0000884887,RCL,LOW,CONSERVATIVE_LEGAL_CORE,LATEST_IN_MEMBERSHIP_SEC_NPORT_NAME,7,4,9,696305,1.292537034776427e-05,1
W2024,REG,0000910606,REG,MEDIUM,CONSERVATIVE_LEGAL_CORE,LATEST_IN_MEMBERSHIP_SEC_NPORT_NAME,7,2,2,696305,2.8723045217253933e-06,1
W2024,REGN,0000872589,REGN,MEDIUM,CONSERVATIVE_LEGAL_CORE,LATEST_IN_MEMBERSHIP_SEC_NPORT_NAME,7,6,18,696305,2.585074069552854e-05,1
W2024,RF,0001281761,RF,MEDIUM,CONSERVATIVE_LEGAL_CORE,LATEST_IN_MEMBERSHIP_SEC_NPORT_NAME,7,4,12,696305,1.723382713035236e-05,1
W2024,RJF,0000720005,RJF,LOW,CONSERVATIVE_LEGAL_CORE,LATEST_IN_MEMBERSHIP_SEC_NPORT_NAME,7,7,14,696305,2.0106131652077752e-05,1
W2024,RL,0001037038,RL,MEDIUM,CONSERVATIVE_LEGAL_CORE,LATEST_IN_MEMBERSHIP_SEC_NPORT_NAME,7,4,6,696305,8.61691356517618e-06,1
W2024,RMD,0000943819,RMD,HIGH,FULL_AUTHORITATIVE_NAME_PRECISION_CONTROL,LATEST_IN_MEMBERSHIP_SEC_NPORT_NAME,7,3,6,696305,8.61691356517618e-06,1
W2024,ROK,0001024478,ROK,MEDIUM,CONSERVATIVE_LEGAL_CORE,LATEST_IN_MEMBERSHIP_SEC_NPORT_NAME,7,7,27,696305,3.877611104329281e-05,1
W2024,ROL,0000084839,ROL,HIGH,FULL_AUTHORITATIVE_NAME_PRECISION_CONTROL,LATEST_IN_MEMBERSHIP_SEC_NPORT_NAME,7,2,3,696305,4.30845678258809e-06,1
W2024,ROP,0000882835,ROP,MEDIUM,CONSERVATIVE_LEGAL_CORE,LATEST_IN_MEMBERSHIP_SEC_NPORT_NAME,7,1,1,696305,1.4361522608626966e-06,1
W2024,ROST,0000745732,ROST,MEDIUM,CONSERVATIVE_LEGAL_CORE,LATEST_IN_MEMBERSHIP_SEC_NPORT_NAME,7,6,13,696305,1.8669979391215057e-05,1
W2024,RSG,0001060391,RSG,MEDIUM,CONSERVATIVE_LEGAL_CORE,LATEST_IN_MEMBERSHIP_SEC_NPORT_NAME,7,5,16,696305,2.2978436173803146e-05,1
W2024,RTX,0000101829,RTX,HIGH,QUALIFIED_FULL_AUTHORITATIVE_NAME_BARE_TICKER_CONTROL,LATEST_IN_MEMBERSHIP_SEC_NPORT_NAME,7,1,1,696305,1.4361522608626966e-06,1
W2024,RVTY,0000031791,RVTY,HIGH,FULL_AUTHORITATIVE_NAME_PRECISION_CONTROL,LATEST_IN_MEMBERSHIP_SEC_NPORT_NAME,7,2,4,696305,5.744609043450787e-06,1
W2024,SBAC,0001034054,SBAC,MEDIUM,CONSERVATIVE_LEGAL_CORE,LATEST_IN_MEMBERSHIP_SEC_NPORT_NAME,7,1,2,696305,2.8723045217253933e-06,1
W2024,SBUX,0000829224,SBUX,HIGH,FULL_AUTHORITATIVE_NAME_PRECISION_CONTROL,LATEST_IN_MEMBERSHIP_SEC_NPORT_NAME,7,4,5,696305,7.180761304313484e-06,1
W2024,SCHW,0000316709,SCHW,MEDIUM,CONSERVATIVE_LEGAL_CORE,STAGE3G_AUTHORITATIVE_SAMPLE_NAME,7,7,146,696305,0.00020967823008595372,1
W2024,SHW,0000089800,SHW,LOW,CONSERVATIVE_LEGAL_CORE,LATEST_IN_MEMBERSHIP_SEC_NPORT_NAME,7,5,17,696305,2.4414588434665842e-05,1
W2024,SJM,0000091419,SJM,LOW,CONSERVATIVE_LEGAL_CORE,LATEST_IN_MEMBERSHIP_SEC_NPORT_NAME,7,4,6,696305,8.61691356517618e-06,1
W2024,SLB,0000087347,SLB,HIGH,FULL_AUTHORITATIVE_NAME_PRECISION_CONTROL,LATEST_IN_MEMBERSHIP_SEC_NPORT_NAME,7,0,0,696305,0.0,0
W2024,SMCI,0001375365,SMCI,LOW,CONSERVATIVE_LEGAL_CORE,LATEST_IN_MEMBERSHIP_SEC_NPORT_NAME,7,7,246,696305,0.0003532934561722234,1
W2024,SNA,0000091440,SNA,HIGH,FULL_AUTHORITATIVE_NAME_PRECISION_CONTROL,LATEST_IN_MEMBERSHIP_SEC_NPORT_NAME,7,0,0,696305,0.0,0
W2024,SNPS,0000883241,SNPS,HIGH,FULL_AUTHORITATIVE_NAME_PRECISION_CONTROL,LATEST_IN_MEMBERSHIP_SEC_NPORT_NAME,7,4,7,696305,1.0053065826038876e-05,1
W2024,SO,0000092122,SO,LOW,CONSERVATIVE_LEGAL_CORE,LATEST_IN_MEMBERSHIP_SEC_NPORT_NAME,7,6,39,696305,5.600993817364517e-05,1
W2024,SOLV,0001964738,SOLV,HIGH,FULL_AUTHORITATIVE_NAME_PRECISION_CONTROL,STAGE3G_AUTHORITATIVE_SAMPLE_NAME,7,2,2,696305,2.8723045217253933e-06,1
W2024,SPG,0001063761,SPG,LOW,CONSERVATIVE_LEGAL_CORE,LATEST_IN_MEMBERSHIP_SEC_NPORT_NAME,7,2,6,696305,8.61691356517618e-06,1
W2024,SPGI,0000064040,SPGI,LOW,CONSERVATIVE_LEGAL_CORE,LATEST_IN_MEMBERSHIP_SEC_NPORT_NAME,7,0,0,696305,0.0,0
W2024,SRE,0001032208,SRE,HIGH,FULL_AUTHORITATIVE_NAME_PRECISION_CONTROL,LATEST_IN_MEMBERSHIP_SEC_NPORT_NAME,7,0,0,696305,0.0,0
W2024,STE,0001757898,STE,HIGH,FULL_AUTHORITATIVE_NAME_PRECISION_CONTROL,LATEST_IN_MEMBERSHIP_SEC_NPORT_NAME,7,1,1,696305,1.4361522608626966e-06,1
W2024,STLD,0001022671,STLD,MEDIUM,CONSERVATIVE_LEGAL_CORE,LATEST_IN_MEMBERSHIP_SEC_NPORT_NAME,7,5,10,696305,1.4361522608626967e-05,1
W2024,STT,0000093751,STT,MEDIUM,CONSERVATIVE_LEGAL_CORE,LATEST_IN_MEMBERSHIP_SEC_NPORT_NAME,7,0,0,696305,0.0,0
W2024,STX,0001137789,STX,MEDIUM,CONSERVATIVE_LEGAL_CORE,STAGE3G_AUTHORITATIVE_SAMPLE_NAME,7,5,9,696305,1.292537034776427e-05,1
W2024,STZ,0000016918,STZ,LOW,CONSERVATIVE_LEGAL_CORE,LATEST_IN_MEMBERSHIP_SEC_NPORT_NAME,7,6,17,696305,2.4414588434665842e-05,1
W2024,SW,0002005951,SW,MEDIUM,CONSERVATIVE_LEGAL_CORE,LATEST_IN_MEMBERSHIP_SEC_NPORT_NAME,7,6,15,696305,2.154228391294045e-05,1
W2024,SWK,0000093556,SWK,LOW,CONSERVATIVE_LEGAL_CORE,LATEST_IN_MEMBERSHIP_SEC_NPORT_NAME,7,0,0,696305,0.0,0
W2024,SWKS,0000004127,SWKS,MEDIUM,CONSERVATIVE_LEGAL_CORE,LATEST_IN_MEMBERSHIP_SEC_NPORT_NAME,7,3,4,696305,5.744609043450787e-06,1
W2024,SYF,0001601712,SYF,MEDIUM,CONSERVATIVE_LEGAL_CORE,LATEST_IN_MEMBERSHIP_SEC_NPORT_NAME,7,0,0,696305,0.0,0
W2024,SYK,0000310764,SYK,HIGH,FULL_AUTHORITATIVE_NAME_PRECISION_CONTROL,LATEST_IN_MEMBERSHIP_SEC_NPORT_NAME,7,5,11,696305,1.5797674869489663e-05,1
W2024,SYY,0000096021,SYY,HIGH,FULL_AUTHORITATIVE_NAME_PRECISION_CONTROL,LATEST_IN_MEMBERSHIP_SEC_NPORT_NAME,7,1,1,696305,1.4361522608626966e-06,1
W2024,T,0000732717,T,HIGH,FULL_AUTHORITATIVE_NAME_PRECISION_CONTROL,LATEST_IN_MEMBERSHIP_SEC_NPORT_NAME,7,0,0,696305,0.0,0
W2024,TAP,0000024545,TAP,LOW,CONSERVATIVE_LEGAL_CORE,LATEST_IN_MEMBERSHIP_SEC_NPORT_NAME,7,5,12,696305,1.723382713035236e-05,1
W2024,TDG,0001260221,TDG,MEDIUM,CONSERVATIVE_LEGAL_CORE,LATEST_IN_MEMBERSHIP_SEC_NPORT_NAME,7,2,7,696305,1.0053065826038876e-05,1
W2024,TDY,0001094285,TDY,MEDIUM,CONSERVATIVE_LEGAL_CORE,LATEST_IN_MEMBERSHIP_SEC_NPORT_NAME,7,5,7,696305,1.0053065826038876e-05,1
W2024,TECH,0000842023,TECH,MEDIUM,CONSERVATIVE_LEGAL_CORE,LATEST_IN_MEMBERSHIP_SEC_NPORT_NAME,7,3,5,696305,7.180761304313484e-06,1
W2024,TEL,0001385157,TEL,MEDIUM,CONSERVATIVE_LEGAL_CORE,LATEST_IN_MEMBERSHIP_SEC_NPORT_NAME,7,3,7,696305,1.0053065826038876e-05,1
W2024,TER,0000097210,TER,HIGH,FULL_AUTHORITATIVE_NAME_PRECISION_CONTROL,LATEST_IN_MEMBERSHIP_SEC_NPORT_NAME,7,3,6,696305,8.61691356517618e-06,1
W2024,TFC,0000092230,TFC,MEDIUM,CONSERVATIVE_LEGAL_CORE,LATEST_IN_MEMBERSHIP_SEC_NPORT_NAME,7,7,75,696305,0.00010771141956470225,1
W2024,TFX,0000096943,TFX,HIGH,FULL_AUTHORITATIVE_NAME_PRECISION_CONTROL,STAGE3I_MEMBERSHIP_NAME,7,7,18,696305,2.585074069552854e-05,1
W2024,TGT,0000027419,TGT,HIGH,FULL_AUTHORITATIVE_NAME_PRECISION_CONTROL,LATEST_IN_MEMBERSHIP_SEC_NPORT_NAME,7,0,0,696305,0.0,0
W2024,TJX,0000109198,TJX,MEDIUM,CONSERVATIVE_LEGAL_CORE,STAGE3G_AUTHORITATIVE_SAMPLE_NAME,7,0,0,696305,0.0,0
W2024,TMO,0000097745,TMO,LOW,CONSERVATIVE_LEGAL_CORE,LATEST_IN_MEMBERSHIP_SEC_NPORT_NAME,7,7,69,696305,9.909450599952608e-05,1
W2024,TMUS,0001283699,TMUS,LOW,CONSERVATIVE_LEGAL_CORE,LATEST_IN_MEMBERSHIP_SEC_NPORT_NAME,7,0,0,696305,0.0,0
W2024,TPR,0001116132,TPR,HIGH,FULL_AUTHORITATIVE_NAME_PRECISION_CONTROL,LATEST_IN_MEMBERSHIP_SEC_NPORT_NAME,7,3,4,696305,5.744609043450787e-06,1
W2024,TRGP,0001389170,TRGP,MEDIUM,CONSERVATIVE_LEGAL_CORE,LATEST_IN_MEMBERSHIP_SEC_NPORT_NAME,7,5,8,696305,1.1489218086901573e-05,1
W2024,TRMB,0000864749,TRMB,HIGH,FULL_AUTHORITATIVE_NAME_PRECISION_CONTROL,LATEST_IN_MEMBERSHIP_SEC_NPORT_NAME,7,5,8,696305,1.1489218086901573e-05,1
W2024,TROW,,TROW,LOW,CONSERVATIVE_LEGAL_CORE,LATEST_IN_MEMBERSHIP_SEC_NPORT_NAME,7,1,1,696305,1.4361522608626966e-06,1
W2024,TRV,0000086312,TRV,LOW,CONSERVATIVE_LEGAL_CORE,LATEST_IN_MEMBERSHIP_SEC_NPORT_NAME,7,0,0,696305,0.0,0
W2024,TSCO,0000916365,TSCO,MEDIUM,CONSERVATIVE_LEGAL_CORE,LATEST_IN_MEMBERSHIP_SEC_NPORT_NAME,7,7,49,696305,7.037146078227214e-05,1
W2024,TSLA,0001318605,TSLA,HIGH,FULL_AUTHORITATIVE_NAME_PRECISION_CONTROL,LATEST_IN_MEMBERSHIP_SEC_NPORT_NAME,7,7,325,696305,0.0004667494847803764,1
W2024,TSN,0000100493,TSN,LOW,CONSERVATIVE_LEGAL_CORE,LATEST_IN_MEMBERSHIP_SEC_NPORT_NAME,7,7,140,696305,0.00020106131652077754,1
W2024,TT,0001466258,TT,MEDIUM,CONSERVATIVE_LEGAL_CORE,LATEST_IN_MEMBERSHIP_SEC_NPORT_NAME,7,1,1,696305,1.4361522608626966e-06,1
W2024,TTWO,0000946581,TTWO,LOW,CONSERVATIVE_LEGAL_CORE,LATEST_IN_MEMBERSHIP_SEC_NPORT_NAME,7,0,0,696305,0.0,0
W2024,TXN,0000097476,TXN,MEDIUM,CONSERVATIVE_LEGAL_CORE,LATEST_IN_MEMBERSHIP_SEC_NPORT_NAME,7,7,122,696305,0.000175210575825249,1
W2024,TXT,0000217346,TXT,HIGH,FULL_AUTHORITATIVE_NAME_PRECISION_CONTROL,LATEST_IN_MEMBERSHIP_SEC_NPORT_NAME,7,3,5,696305,7.180761304313484e-06,1
W2024,TYL,0000860731,TYL,MEDIUM,CONSERVATIVE_LEGAL_CORE,LATEST_IN_MEMBERSHIP_SEC_NPORT_NAME,7,5,7,696305,1.0053065826038876e-05,1
W2024,UAL,0000100517,UAL,MEDIUM,CONSERVATIVE_LEGAL_CORE,LATEST_IN_MEMBERSHIP_SEC_NPORT_NAME,7,7,20,696305,2.8723045217253935e-05,1
W2024,UBER,0001543151,UBER,MEDIUM,CONSERVATIVE_LEGAL_CORE,LATEST_IN_MEMBERSHIP_SEC_NPORT_NAME,7,7,46,696305,6.606300399968404e-05,1
W2024,UDR,0000074208,UDR,HIGH,FULL_AUTHORITATIVE_NAME_PRECISION_CONTROL,LATEST_IN_MEMBERSHIP_SEC_NPORT_NAME,7,1,1,696305,1.4361522608626966e-06,1
W2024,UHS,0000352915,UHS,LOW,CONSERVATIVE_LEGAL_CORE,LATEST_IN_MEMBERSHIP_SEC_NPORT_NAME,7,0,0,696305,0.0,0
W2024,ULTA,0001403568,ULTA,MEDIUM,CONSERVATIVE_LEGAL_CORE,LATEST_IN_MEMBERSHIP_SEC_NPORT_NAME,7,3,5,696305,7.180761304313484e-06,1
W2024,UNH,0000731766,UNH,MEDIUM,CONSERVATIVE_LEGAL_CORE,LATEST_IN_MEMBERSHIP_SEC_NPORT_NAME,7,7,148,696305,0.0002125505346076791,1
W2024,UNP,0000100885,UNP,MEDIUM,CONSERVATIVE_LEGAL_CORE,LATEST_IN_MEMBERSHIP_SEC_NPORT_NAME,7,7,116,696305,0.0001665936622600728,1
W2024,UPS,0001090727,UPS,LOW,CONSERVATIVE_LEGAL_CORE,LATEST_IN_MEMBERSHIP_SEC_NPORT_NAME,7,7,30,696305,4.30845678258809e-05,1
W2024,URI,0001067701,URI,MEDIUM,CONSERVATIVE_LEGAL_CORE,LATEST_IN_MEMBERSHIP_SEC_NPORT_NAME,7,3,7,696305,1.0053065826038876e-05,1
W2024,USB,0000036104,USB,MEDIUM,CONSERVATIVE_LEGAL_CORE,LATEST_IN_MEMBERSHIP_SEC_NPORT_NAME,7,7,31,696305,4.45207200867436e-05,1
W2024,V,0001403161,V,LOW,CONSERVATIVE_LEGAL_CORE,LATEST_IN_MEMBERSHIP_SEC_NPORT_NAME,7,7,521,696305,0.000748235327909465,1
W2024,VICI,0001705696,VICI,MEDIUM,CONSERVATIVE_LEGAL_CORE,LATEST_IN_MEMBERSHIP_SEC_NPORT_NAME,7,1,1,696305,1.4361522608626966e-06,1
W2024,VLO,,VLO,MEDIUM,CONSERVATIVE_LEGAL_CORE,LATEST_IN_MEMBERSHIP_SEC_NPORT_NAME,7,7,59,696305,8.473298339089911e-05,1
W2024,VLTO,0001967680,VLTO,HIGH,FULL_AUTHORITATIVE_NAME_PRECISION_CONTROL,LATEST_IN_MEMBERSHIP_SEC_NPORT_NAME,7,0,0,696305,0.0,0
W2024,VMC,0001396009,VMC,MEDIUM,CONSERVATIVE_LEGAL_CORE,LATEST_IN_MEMBERSHIP_SEC_NPORT_NAME,7,5,12,696305,1.723382713035236e-05,1
W2024,VRSK,0001442145,VRSK,MEDIUM,CONSERVATIVE_LEGAL_CORE,LATEST_IN_MEMBERSHIP_SEC_NPORT_NAME,7,3,5,696305,7.180761304313484e-06,1
W2024,VRSN,0001014473,VRSN,HIGH,FULL_AUTHORITATIVE_NAME_PRECISION_CONTROL,LATEST_IN_MEMBERSHIP_SEC_NPORT_NAME,7,1,1,696305,1.4361522608626966e-06,1
W2024,VRTX,0000875320,VRTX,MEDIUM,CONSERVATIVE_LEGAL_CORE,LATEST_IN_MEMBERSHIP_SEC_NPORT_NAME,7,6,25,696305,3.590380652156742e-05,1
W2024,VST,0001692819,VST,HIGH,FULL_AUTHORITATIVE_NAME_PRECISION_CONTROL,LATEST_IN_MEMBERSHIP_SEC_NPORT_NAME,7,7,17,696305,2.4414588434665842e-05,1
W2024,VTR,0000740260,VTR,HIGH,FULL_AUTHORITATIVE_NAME_PRECISION_CONTROL,LATEST_IN_MEMBERSHIP_SEC_NPORT_NAME,7,1,1,696305,1.4361522608626966e-06,1
W2024,VTRS,0001792044,VTRS,HIGH,FULL_AUTHORITATIVE_NAME_PRECISION_CONTROL,LATEST_IN_MEMBERSHIP_SEC_NPORT_NAME,7,2,5,696305,7.180761304313484e-06,1
W2024,VZ,0000732712,VZ,MEDIUM,CONSERVATIVE_LEGAL_CORE,LATEST_IN_MEMBERSHIP_SEC_NPORT_NAME,7,7,99,696305,0.00014217907382540698,1
W2024,WAB,0000943452,WAB,HIGH,FULL_AUTHORITATIVE_NAME_PRECISION_CONTROL,LATEST_IN_MEMBERSHIP_SEC_NPORT_NAME,7,0,0,696305,0.0,0
W2024,WAT,,WAT,HIGH,FULL_AUTHORITATIVE_NAME_PRECISION_CONTROL,LATEST_IN_MEMBERSHIP_SEC_NPORT_NAME,7,1,2,696305,2.8723045217253933e-06,1
W2024,WBA,0001618921,WBA,LOW,CONSERVATIVE_LEGAL_CORE,STAGE3I_MEMBERSHIP_NAME,7,7,51,696305,7.324376530399753e-05,1
W2024,WBD,0001437107,WBD,LOW,CONSERVATIVE_LEGAL_CORE,STAGE3G_AUTHORITATIVE_SAMPLE_NAME,7,3,5,696305,7.180761304313484e-06,1
W2024,WDC,0000106040,WDC,MEDIUM,CONSERVATIVE_LEGAL_CORE,LATEST_IN_MEMBERSHIP_SEC_NPORT_NAME,7,5,17,696305,2.4414588434665842e-05,1
W2024,WEC,0000783325,WEC,LOW,CONSERVATIVE_LEGAL_CORE,LATEST_IN_MEMBERSHIP_SEC_NPORT_NAME,7,0,0,696305,0.0,0
W2024,WELL,0000766704,WELL,HIGH,FULL_AUTHORITATIVE_NAME_PRECISION_CONTROL,LATEST_IN_MEMBERSHIP_SEC_NPORT_NAME,7,3,6,696305,8.61691356517618e-06,1
W2024,WFC,0000072971,WFC,MEDIUM,CONSERVATIVE_LEGAL_CORE,STAGE3G_AUTHORITATIVE_SAMPLE_NAME,7,0,0,696305,0.0,0
W2024,WM,0000823768,WM,MEDIUM,CONSERVATIVE_LEGAL_CORE,LATEST_IN_MEMBERSHIP_SEC_NPORT_NAME,7,6,16,696305,2.2978436173803146e-05,1
W2024,WMB,,WMB,MEDIUM,CONSERVATIVE_LEGAL_CORE,LATEST_IN_MEMBERSHIP_SEC_NPORT_NAME,7,0,0,696305,0.0,0
W2024,WMT,0000104169,WMT,HIGH,FULL_AUTHORITATIVE_NAME_PRECISION_CONTROL,LATEST_IN_MEMBERSHIP_SEC_NPORT_NAME,7,7,41,696305,5.8882242695370565e-05,1
W2024,WRB,0000011544,WRB,MEDIUM,CONSERVATIVE_LEGAL_CORE,STAGE3G_AUTHORITATIVE_SAMPLE_NAME,7,4,7,696305,1.0053065826038876e-05,1
W2024,WST,0000105770,WST,LOW,CONSERVATIVE_LEGAL_CORE,LATEST_IN_MEMBERSHIP_SEC_NPORT_NAME,7,0,0,696305,0.0,0
W2024,WTW,0001140536,WTW,LOW,CONSERVATIVE_LEGAL_CORE,LATEST_IN_MEMBERSHIP_SEC_NPORT_NAME,7,2,8,696305,1.1489218086901573e-05,1
W2024,WY,0000106535,WY,HIGH,FULL_AUTHORITATIVE_NAME_PRECISION_CONTROL,LATEST_IN_MEMBERSHIP_SEC_NPORT_NAME,7,0,0,696305,0.0,0
W2024,WYNN,0001174922,WYNN,MEDIUM,CONSERVATIVE_LEGAL_CORE,LATEST_IN_MEMBERSHIP_SEC_NPORT_NAME,7,6,85,696305,0.00012207294217332922,1
W2024,XEL,0000072903,XEL,MEDIUM,CONSERVATIVE_LEGAL_CORE,LATEST_IN_MEMBERSHIP_SEC_NPORT_NAME,7,7,78,696305,0.00011201987634729033,1
W2024,XOM,0000034088,XOM,HIGH,FULL_AUTHORITATIVE_NAME_PRECISION_CONTROL,STAGE3G_AUTHORITATIVE_SAMPLE_NAME,7,7,62,696305,8.90414401734872e-05,1
W2024,XYL,0001524472,XYL,HIGH,FULL_AUTHORITATIVE_NAME_PRECISION_CONTROL,STAGE3G_AUTHORITATIVE_SAMPLE_NAME,7,3,7,696305,1.0053065826038876e-05,1
W2024,YUM,0001041061,YUM,MEDIUM,CONSERVATIVE_LEGAL_CORE,LATEST_IN_MEMBERSHIP_SEC_NPORT_NAME,7,2,2,696305,2.8723045217253933e-06,1
W2024,ZBH,0001136869,ZBH,MEDIUM,CONSERVATIVE_LEGAL_CORE,LATEST_IN_MEMBERSHIP_SEC_NPORT_NAME,7,6,13,696305,1.8669979391215057e-05,1
W2024,ZBRA,0000877212,ZBRA,LOW,CONSERVATIVE_LEGAL_CORE,LATEST_IN_MEMBERSHIP_SEC_NPORT_NAME,7,6,8,696305,1.1489218086901573e-05,1
W2024,ZTS,0001555280,ZTS,HIGH,FULL_AUTHORITATIVE_NAME_PRECISION_CONTROL,LATEST_IN_MEMBERSHIP_SEC_NPORT_NAME,7,5,15,696305,2.154228391294045e-05,1
W2025,A,0001090872,A,MEDIUM,CONSERVATIVE_LEGAL_CORE,LATEST_IN_MEMBERSHIP_SEC_NPORT_NAME,7,4,10,597481,1.67369338941322e-05,1
W2025,AAPL,0000320193,AAPL,HIGH,FULL_AUTHORITATIVE_NAME_PRECISION_CONTROL,LATEST_IN_MEMBERSHIP_SEC_NPORT_NAME,7,7,112,597481,0.00018745365961428062,1
W2025,ABBV,0001551152,ABBV,HIGH,FULL_AUTHORITATIVE_NAME_PRECISION_CONTROL,LATEST_IN_MEMBERSHIP_SEC_NPORT_NAME,7,7,23,597481,3.849494795650406e-05,1
W2025,ABNB,0001559720,ABNB,HIGH,FULL_AUTHORITATIVE_NAME_PRECISION_CONTROL,LATEST_IN_MEMBERSHIP_SEC_NPORT_NAME,7,7,13,597481,2.1758014062371856e-05,1
W2025,ABT,0000001800,ABT,MEDIUM,CONSERVATIVE_LEGAL_CORE,LATEST_IN_MEMBERSHIP_SEC_NPORT_NAME,7,7,35,597481,5.857926862946269e-05,1
W2025,ACGL,0000947484,ACGL,LOW,CONSERVATIVE_LEGAL_CORE,LATEST_IN_MEMBERSHIP_SEC_NPORT_NAME,7,3,4,597481,6.694773557652879e-06,1
W2025,ACN,0001467373,ACN,LOW,CONSERVATIVE_LEGAL_CORE,LATEST_IN_MEMBERSHIP_SEC_NPORT_NAME,7,7,104,597481,0.00017406411249897485,1
W2025,ADBE,0000796343,ADBE,HIGH,FULL_AUTHORITATIVE_NAME_PRECISION_CONTROL,LATEST_IN_MEMBERSHIP_SEC_NPORT_NAME,7,7,31,597481,5.1884495071809814e-05,1
W2025,ADI,0000006281,ADI,MEDIUM,CONSERVATIVE_LEGAL_CORE,LATEST_IN_MEMBERSHIP_SEC_NPORT_NAME,7,5,15,597481,2.5105400841198298e-05,1
W2025,ADM,0000007084,ADM,LOW,CONSERVATIVE_LEGAL_CORE,LATEST_IN_MEMBERSHIP_SEC_NPORT_NAME,7,6,10,597481,1.67369338941322e-05,1
W2025,ADP,0000008670,ADP,LOW,CONSERVATIVE_LEGAL_CORE,LATEST_IN_MEMBERSHIP_SEC_NPORT_NAME,7,4,14,597481,2.3431707451785077e-05,1
W2025,ADSK,0000769397,ADSK,HIGH,FULL_AUTHORITATIVE_NAME_PRECISION_CONTROL,LATEST_IN_MEMBERSHIP_SEC_NPORT_NAME,7,4,6,597481,1.004216033647932e-05,1
W2025,AEE,0001002910,AEE,HIGH,FULL_AUTHORITATIVE_NAME_PRECISION_CONTROL,LATEST_IN_MEMBERSHIP_SEC_NPORT_NAME,7,0,0,597481,0.0,0
W2025,AEP,0000004904,AEP,LOW,CONSERVATIVE_LEGAL_CORE,LATEST_IN_MEMBERSHIP_SEC_NPORT_NAME,7,7,21,597481,3.514756117767762e-05,1
W2025,AES,0000874761,AES,HIGH,FULL_AUTHORITATIVE_NAME_PRECISION_CONTROL,LATEST_IN_MEMBERSHIP_SEC_NPORT_NAME,7,0,0,597481,0.0,0
W2025,AFL,0000004977,AFL,HIGH,FULL_AUTHORITATIVE_NAME_PRECISION_CONTROL,LATEST_IN_MEMBERSHIP_SEC_NPORT_NAME,7,0,0,597481,0.0,0
W2025,AIG,0000005272,AIG,LOW,CONSERVATIVE_LEGAL_CORE,LATEST_IN_MEMBERSHIP_SEC_NPORT_NAME,7,4,8,597481,1.3389547115305758e-05,1
W2025,AIZ,0001267238,AIZ,HIGH,FULL_AUTHORITATIVE_NAME_PRECISION_CONTROL,LATEST_IN_MEMBERSHIP_SEC_NPORT_NAME,7,1,2,597481,3.3473867788264395e-06,1
W2025,AJG,0000354190,AJG,LOW,CONSERVATIVE_LEGAL_CORE,LATEST_IN_MEMBERSHIP_SEC_NPORT_NAME,7,0,0,597481,0.0,0
W2025,AKAM,0001086222,AKAM,MEDIUM,CONSERVATIVE_LEGAL_CORE,LATEST_IN_MEMBERSHIP_SEC_NPORT_NAME,7,5,11,597481,1.8410627283545418e-05,1
W2025,ALB,0000915913,ALB,HIGH,FULL_AUTHORITATIVE_NAME_PRECISION_CONTROL,LATEST_IN_MEMBERSHIP_SEC_NPORT_NAME,7,0,0,597481,0.0,0
W2025,ALGN,0001097149,ALGN,MEDIUM,CONSERVATIVE_LEGAL_CORE,LATEST_IN_MEMBERSHIP_SEC_NPORT_NAME,7,0,0,597481,0.0,0
W2025,ALL,0000899051,ALL,HIGH,FULL_AUTHORITATIVE_NAME_PRECISION_CONTROL,LATEST_IN_MEMBERSHIP_SEC_NPORT_NAME,7,2,2,597481,3.3473867788264395e-06,1
W2025,ALLE,0001579241,ALLE,HIGH,FULL_AUTHORITATIVE_NAME_PRECISION_CONTROL,LATEST_IN_MEMBERSHIP_SEC_NPORT_NAME,7,0,0,597481,0.0,0
W2025,AMAT,,AMAT,MEDIUM,CONSERVATIVE_LEGAL_CORE,LATEST_IN_MEMBERSHIP_SEC_NPORT_NAME,7,7,40,597481,6.69477355765288e-05,1
W2025,AMCR,0001748790,AMCR,HIGH,FULL_AUTHORITATIVE_NAME_PRECISION_CONTROL,LATEST_IN_MEMBERSHIP_SEC_NPORT_NAME,7,1,1,597481,1.6736933894132197e-06,1
W2025,AMD,0000002488,AMD,LOW,CONSERVATIVE_LEGAL_CORE,LATEST_IN_MEMBERSHIP_SEC_NPORT_NAME,7,7,104,597481,0.00017406411249897485,1
W2025,AME,0001037868,AME,HIGH,FULL_AUTHORITATIVE_NAME_PRECISION_CONTROL,LATEST_IN_MEMBERSHIP_SEC_NPORT_NAME,7,1,2,597481,3.3473867788264395e-06,1
W2025,AMGN,0000318154,AMGN,HIGH,FULL_AUTHORITATIVE_NAME_PRECISION_CONTROL,LATEST_IN_MEMBERSHIP_SEC_NPORT_NAME,7,7,17,597481,2.8452787620024737e-05,1
W2025,AMP,0000820027,AMP,MEDIUM,CONSERVATIVE_LEGAL_CORE,LATEST_IN_MEMBERSHIP_SEC_NPORT_NAME,7,7,109,597481,0.00018243257944604096,1
W2025,AMT,,AMT,MEDIUM,CONSERVATIVE_LEGAL_CORE,LATEST_IN_MEMBERSHIP_SEC_NPORT_NAME,7,5,13,597481,2.1758014062371856e-05,1
W2025,AMZN,0001018724,AMZN,MEDIUM,CONSERVATIVE_LEGAL_CORE,LATEST_IN_MEMBERSHIP_SEC_NPORT_NAME,7,1,1,597481,1.6736933894132197e-06,1
W2025,ANET,0001596532,ANET,MEDIUM,CONSERVATIVE_LEGAL_CORE,LATEST_IN_MEMBERSHIP_SEC_NPORT_NAME,7,6,14,597481,2.3431707451785077e-05,1
W2025,AON,0000315293,AON,LOW,FULL_AUTHORITATIVE_NAME_PRECISION_CONTROL,LATEST_IN_MEMBERSHIP_SEC_NPORT_NAME,7,3,5,597481,8.3684669470661e-06,1
W2025,AOS,0000091142,AOS,LOW,CONSERVATIVE_LEGAL_CORE,STAGE3G_AUTHORITATIVE_SAMPLE_NAME,7,3,4,597481,6.694773557652879e-06,1
W2025,APA,0001841666,APA,HIGH,FULL_AUTHORITATIVE_NAME_PRECISION_CONTROL,LATEST_IN_MEMBERSHIP_SEC_NPORT_NAME,7,0,0,597481,0.0,0
W2025,APD,0000002969,APD,LOW,CONSERVATIVE_LEGAL_CORE,LATEST_IN_MEMBERSHIP_SEC_NPORT_NAME,7,0,0,597481,0.0,0
W2025,APH,0000820313,APH,LOW,CONSERVATIVE_LEGAL_CORE,LATEST_IN_MEMBERSHIP_SEC_NPORT_NAME,7,6,13,597481,2.1758014062371856e-05,1
W2025,APO,0001858681,APO,LOW,CONSERVATIVE_LEGAL_CORE,STAGE3G_AUTHORITATIVE_SAMPLE_NAME,7,7,27,597481,4.518972151415694e-05,1
W2025,APP,0001751008,APP,HIGH,FULL_AUTHORITATIVE_NAME_PRECISION_CONTROL,LATEST_IN_MEMBERSHIP_SEC_NPORT_NAME,7,2,2,597481,3.3473867788264395e-06,1
W2025,APTV,0001521332,APTV,HIGH,FULL_AUTHORITATIVE_NAME_PRECISION_CONTROL,LATEST_IN_MEMBERSHIP_SEC_NPORT_NAME,7,0,0,597481,0.0,0
W2025,ARE,0001035443,ARE,LOW,CONSERVATIVE_LEGAL_CORE,LATEST_IN_MEMBERSHIP_SEC_NPORT_NAME,7,7,33,597481,5.5231881850636256e-05,1
W2025,ARES,0001176948,ARES,MEDIUM,CONSERVATIVE_LEGAL_CORE,LATEST_IN_MEMBERSHIP_SEC_NPORT_NAME,4,3,4,305941,1.3074416309026905e-05,1
W2025,ATO,0000731802,ATO,MEDIUM,CONSERVATIVE_LEGAL_CORE,LATEST_IN_MEMBERSHIP_SEC_NPORT_NAME,7,6,19,597481,3.1800174398851176e-05,1
W2025,AVB,0000915912,AVB,MEDIUM,CONSERVATIVE_LEGAL_CORE,LATEST_IN_MEMBERSHIP_SEC_NPORT_NAME,7,5,6,597481,1.004216033647932e-05,1
W2025,AVGO,0001730168,AVGO,HIGH,FULL_AUTHORITATIVE_NAME_PRECISION_CONTROL,LATEST_IN_MEMBERSHIP_SEC_NPORT_NAME,7,7,80,597481,0.0001338954711530576,1
W2025,AVY,0000008818,AVY,MEDIUM,CONSERVATIVE_LEGAL_CORE,LATEST_IN_MEMBERSHIP_SEC_NPORT_NAME,7,4,6,597481,1.004216033647932e-05,1
W2025,AWK,,AWK,LOW,CONSERVATIVE_LEGAL_CORE,LATEST_IN_MEMBERSHIP_SEC_NPORT_NAME,7,4,6,597481,1.004216033647932e-05,1
W2025,AXON,0001069183,AXON,MEDIUM,CONSERVATIVE_LEGAL_CORE,LATEST_IN_MEMBERSHIP_SEC_NPORT_NAME,7,6,28,597481,4.6863414903570154e-05,1
W2025,AXP,0000004962,AXP,MEDIUM,CONSERVATIVE_LEGAL_CORE,LATEST_IN_MEMBERSHIP_SEC_NPORT_NAME,7,7,407,597481,0.0006811932094911804,1
W2025,AZO,0000866787,AZO,HIGH,FULL_AUTHORITATIVE_NAME_PRECISION_CONTROL,LATEST_IN_MEMBERSHIP_SEC_NPORT_NAME,7,7,29,597481,4.853710829298337e-05,1
W2025,BA,0000012927,BA,LOW,CONSERVATIVE_LEGAL_CORE,LATEST_IN_MEMBERSHIP_SEC_NPORT_NAME,7,7,2710,597481,0.004535709085309826,1
W2025,BAC,,BAC,LOW,CONSERVATIVE_LEGAL_CORE,LATEST_IN_MEMBERSHIP_SEC_NPORT_NAME,7,0,0,597481,0.0,0
W2025,BALL,0000009389,BALL,HIGH,FULL_AUTHORITATIVE_NAME_PRECISION_CONTROL,LATEST_IN_MEMBERSHIP_SEC_NPORT_NAME,7,0,0,597481,0.0,0
W2025,BAX,0000010456,BAX,MEDIUM,CONSERVATIVE_LEGAL_CORE,LATEST_IN_MEMBERSHIP_SEC_NPORT_NAME,7,7,21,597481,3.514756117767762e-05,1
W2025,BBY,0000764478,BBY,HIGH,FULL_AUTHORITATIVE_NAME_PRECISION_CONTROL,LATEST_IN_MEMBERSHIP_SEC_NPORT_NAME,7,0,0,597481,0.0,0
W2025,BDX,0000010795,BDX,LOW,CONSERVATIVE_LEGAL_CORE,LATEST_IN_MEMBERSHIP_SEC_NPORT_NAME,7,0,0,597481,0.0,0
W2025,BEN,0000038777,BEN,MEDIUM,CONSERVATIVE_LEGAL_CORE,LATEST_IN_MEMBERSHIP_SEC_NPORT_NAME,7,7,81,597481,0.0001355691645424708,1
W2025,BF.B,0000014693,BF.B,LOW,CONSERVATIVE_LEGAL_CORE,LATEST_IN_MEMBERSHIP_SEC_NPORT_NAME,7,2,2,597481,3.3473867788264395e-06,1
W2025,BG,0001996862,BG,HIGH,FULL_AUTHORITATIVE_NAME_PRECISION_CONTROL,LATEST_IN_MEMBERSHIP_SEC_NPORT_NAME,7,0,0,597481,0.0,0
W2025,BIIB,0000875045,BIIB,HIGH,FULL_AUTHORITATIVE_NAME_PRECISION_CONTROL,LATEST_IN_MEMBERSHIP_SEC_NPORT_NAME,7,7,20,597481,3.34738677882644e-05,1
W2025,BKNG,0001075531,BKNG,HIGH,FULL_AUTHORITATIVE_NAME_PRECISION_CONTROL,LATEST_IN_MEMBERSHIP_SEC_NPORT_NAME,7,0,0,597481,0.0,0
W2025,BKR,0001701605,BKR,MEDIUM,CONSERVATIVE_LEGAL_CORE,LATEST_IN_MEMBERSHIP_SEC_NPORT_NAME,7,6,22,597481,3.6821254567090835e-05,1
W2025,BLDR,0001316835,BLDR,MEDIUM,CONSERVATIVE_LEGAL_CORE,LATEST_IN_MEMBERSHIP_SEC_NPORT_NAME,7,2,4,597481,6.694773557652879e-06,1
W2025,BLK,0002012383,BLK,HIGH,FULL_AUTHORITATIVE_NAME_PRECISION_CONTROL,STAGE3G_AUTHORITATIVE_SAMPLE_NAME,7,7,64,597481,0.00010711637692244606,1
W2025,BMY,0000014272,BMY,LOW,CONSERVATIVE_LEGAL_CORE,LATEST_IN_MEMBERSHIP_SEC_NPORT_NAME,7,7,51,597481,8.535836286007421e-05,1
W2025,BNY,0001390777,BNY,LOW,CONSERVATIVE_LEGAL_CORE,LATEST_IN_MEMBERSHIP_SEC_NPORT_NAME,7,0,0,597481,0.0,0
W2025,BR,0001383312,BR,LOW,CONSERVATIVE_LEGAL_CORE,LATEST_IN_MEMBERSHIP_SEC_NPORT_NAME,7,5,38,597481,6.360034879770235e-05,1
W2025,BRK.B,0001067983,BRK.B,LOW,CONSERVATIVE_LEGAL_CORE,LATEST_IN_MEMBERSHIP_SEC_NPORT_NAME,7,7,210,597481,0.0003514756117767762,1
W2025,BRO,0000079282,BRO,LOW,CONSERVATIVE_LEGAL_CORE,LATEST_IN_MEMBERSHIP_SEC_NPORT_NAME,7,0,0,597481,0.0,0
W2025,BSX,0000885725,BSX,MEDIUM,CONSERVATIVE_LEGAL_CORE,LATEST_IN_MEMBERSHIP_SEC_NPORT_NAME,7,6,35,597481,5.857926862946269e-05,1
W2025,BX,0001393818,BX,HIGH,FULL_AUTHORITATIVE_NAME_PRECISION_CONTROL,STAGE3G_AUTHORITATIVE_SAMPLE_NAME,7,5,17,597481,2.8452787620024737e-05,1
W2025,BXP,0001037540,BXP,HIGH,QUALIFIED_FULL_AUTHORITATIVE_NAME_BARE_TICKER_CONTROL,LATEST_IN_MEMBERSHIP_SEC_NPORT_NAME,7,2,2,597481,3.3473867788264395e-06,1
W2025,C,0000831001,C,HIGH,FULL_AUTHORITATIVE_NAME_PRECISION_CONTROL,LATEST_IN_MEMBERSHIP_SEC_NPORT_NAME,7,7,120,597481,0.00020084320672958639,1
W2025,CAG,0000023217,CAG,MEDIUM,CONSERVATIVE_LEGAL_CORE,LATEST_IN_MEMBERSHIP_SEC_NPORT_NAME,7,5,8,597481,1.3389547115305758e-05,1
W2025,CAH,0000721371,CAH,MEDIUM,CONSERVATIVE_LEGAL_CORE,LATEST_IN_MEMBERSHIP_SEC_NPORT_NAME,7,6,22,597481,3.6821254567090835e-05,1
W2025,CARR,0001783180,CARR,MEDIUM,CONSERVATIVE_LEGAL_CORE,LATEST_IN_MEMBERSHIP_SEC_NPORT_NAME,7,4,5,597481,8.3684669470661e-06,1
W2025,CAT,0000018230,CAT,HIGH,FULL_AUTHORITATIVE_NAME_PRECISION_CONTROL,LATEST_IN_MEMBERSHIP_SEC_NPORT_NAME,7,7,38,597481,6.360034879770235e-05,1
W2025,CB,0000896159,CB,HIGH,FULL_AUTHORITATIVE_NAME_PRECISION_CONTROL,LATEST_IN_MEMBERSHIP_SEC_NPORT_NAME,7,1,1,597481,1.6736933894132197e-06,1
W2025,CBOE,0001374310,CBOE,LOW,CONSERVATIVE_LEGAL_CORE,LATEST_IN_MEMBERSHIP_SEC_NPORT_NAME,7,5,7,597481,1.1715853725892539e-05,1
W2025,CBRE,0001138118,CBRE,LOW,CONSERVATIVE_LEGAL_CORE,LATEST_IN_MEMBERSHIP_SEC_NPORT_NAME,7,1,1,597481,1.6736933894132197e-06,1
W2025,CCI,0001051470,CCI,MEDIUM,CONSERVATIVE_LEGAL_CORE,LATEST_IN_MEMBERSHIP_SEC_NPORT_NAME,7,3,3,597481,5.02108016823966e-06,1
W2025,CCL,0000815097,CCL,HIGH,FULL_AUTHORITATIVE_NAME_PRECISION_CONTROL,LATEST_IN_MEMBERSHIP_SEC_NPORT_NAME,7,7,13,597481,2.1758014062371856e-05,1
W2025,CDNS,0000813672,CDNS,LOW,CONSERVATIVE_LEGAL_CORE,LATEST_IN_MEMBERSHIP_SEC_NPORT_NAME,7,3,4,597481,6.694773557652879e-06,1
W2025,CDW,0001402057,CDW,LOW,CONSERVATIVE_LEGAL_CORE,LATEST_IN_MEMBERSHIP_SEC_NPORT_NAME,7,0,0,597481,0.0,0
W2025,CEG,0001868275,CEG,MEDIUM,CONSERVATIVE_LEGAL_CORE,STAGE3G_AUTHORITATIVE_SAMPLE_NAME,7,7,39,597481,6.527404218711558e-05,1
W2025,CF,0001324404,CF,MEDIUM,CONSERVATIVE_LEGAL_CORE,LATEST_IN_MEMBERSHIP_SEC_NPORT_NAME,7,6,21,597481,3.514756117767762e-05,1
W2025,CFG,0000759944,CFG,LOW,CONSERVATIVE_LEGAL_CORE,LATEST_IN_MEMBERSHIP_SEC_NPORT_NAME,7,6,10,597481,1.67369338941322e-05,1
W2025,CHD,0000313927,CHD,MEDIUM,CONSERVATIVE_LEGAL_CORE,LATEST_IN_MEMBERSHIP_SEC_NPORT_NAME,7,0,0,597481,0.0,0
W2025,CHRW,0001043277,CHRW,LOW,CONSERVATIVE_LEGAL_CORE,STAGE3G_AUTHORITATIVE_SAMPLE_NAME,7,1,1,597481,1.6736933894132197e-06,1
W2025,CHTR,0001091667,CHTR,LOW,CONSERVATIVE_LEGAL_CORE,LATEST_IN_MEMBERSHIP_SEC_NPORT_NAME,7,7,27,597481,4.518972151415694e-05,1
W2025,CI,0001739940,CI,LOW,CONSERVATIVE_LEGAL_CORE,LATEST_IN_MEMBERSHIP_SEC_NPORT_NAME,7,6,24,597481,4.016864134591728e-05,1
W2025,CINF,0000020286,CINF,MEDIUM,CONSERVATIVE_LEGAL_CORE,LATEST_IN_MEMBERSHIP_SEC_NPORT_NAME,7,4,7,597481,1.1715853725892539e-05,1
W2025,CL,0000021665,CL,MEDIUM,CONSERVATIVE_LEGAL_CORE,LATEST_IN_MEMBERSHIP_SEC_NPORT_NAME,7,1,1,597481,1.6736933894132197e-06,1
W2025,CLX,0000021076,CLX,HIGH,FULL_AUTHORITATIVE_NAME_PRECISION_CONTROL,LATEST_IN_MEMBERSHIP_SEC_NPORT_NAME,7,1,1,597481,1.6736933894132197e-06,1
W2025,CMCSA,0001166691,CMCSA,LOW,CONSERVATIVE_LEGAL_CORE,LATEST_IN_MEMBERSHIP_SEC_NPORT_NAME,7,7,502,597481,0.0008401940814854364,1
W2025,CME,0001156375,CME,MEDIUM,CONSERVATIVE_LEGAL_CORE,LATEST_IN_MEMBERSHIP_SEC_NPORT_NAME,7,0,0,597481,0.0,0
W2025,CMG,0001058090,CMG,LOW,CONSERVATIVE_LEGAL_CORE,LATEST_IN_MEMBERSHIP_SEC_NPORT_NAME,7,7,200,597481,0.00033473867788264396,1
W2025,CMI,0000026172,CMI,HIGH,FULL_AUTHORITATIVE_NAME_PRECISION_CONTROL,LATEST_IN_MEMBERSHIP_SEC_NPORT_NAME,7,2,5,597481,8.3684669470661e-06,1
W2025,CMS,0000811156,CMS,MEDIUM,CONSERVATIVE_LEGAL_CORE,LATEST_IN_MEMBERSHIP_SEC_NPORT_NAME,7,0,0,597481,0.0,0
W2025,CNC,0001071739,CNC,HIGH,FULL_AUTHORITATIVE_NAME_PRECISION_CONTROL,LATEST_IN_MEMBERSHIP_SEC_NPORT_NAME,7,3,4,597481,6.694773557652879e-06,1
W2025,CNP,0001130310,CNP,MEDIUM,CONSERVATIVE_LEGAL_CORE,LATEST_IN_MEMBERSHIP_SEC_NPORT_NAME,7,7,22,597481,3.6821254567090835e-05,1
W2025,COF,0000927628,COF,LOW,CONSERVATIVE_LEGAL_CORE,LATEST_IN_MEMBERSHIP_SEC_NPORT_NAME,7,7,24,597481,4.016864134591728e-05,1
W2025,COIN,0001679788,COIN,MEDIUM,CONSERVATIVE_LEGAL_CORE,LATEST_IN_MEMBERSHIP_SEC_NPORT_NAME,7,7,34,597481,5.6905575240049474e-05,1
W2025,COO,0000711404,COO,LOW,CONSERVATIVE_LEGAL_CORE,LATEST_IN_MEMBERSHIP_SEC_NPORT_NAME,7,0,0,597481,0.0,0
W2025,COP,0001163165,COP,HIGH,FULL_AUTHORITATIVE_NAME_PRECISION_CONTROL,LATEST_IN_MEMBERSHIP_SEC_NPORT_NAME,7,7,112,597481,0.00018745365961428062,1
W2025,COR,0001140859,COR,HIGH,FULL_AUTHORITATIVE_NAME_PRECISION_CONTROL,LATEST_IN_MEMBERSHIP_SEC_NPORT_NAME,7,3,4,597481,6.694773557652879e-06,1
W2025,COST,0000909832,COST,MEDIUM,CONSERVATIVE_LEGAL_CORE,LATEST_IN_MEMBERSHIP_SEC_NPORT_NAME,7,7,42,597481,7.029512235535524e-05,1
W2025,CPAY,0001175454,CPAY,HIGH,FULL_AUTHORITATIVE_NAME_PRECISION_CONTROL,LATEST_IN_MEMBERSHIP_SEC_NPORT_NAME,7,5,7,597481,1.1715853725892539e-05,1
W2025,CPB,0000016732,CPB,LOW,CONSERVATIVE_LEGAL_CORE,LATEST_IN_MEMBERSHIP_SEC_NPORT_NAME,7,0,0,597481,0.0,0
W2025,CPRT,0000900075,CPRT,HIGH,FULL_AUTHORITATIVE_NAME_PRECISION_CONTROL,LATEST_IN_MEMBERSHIP_SEC_NPORT_NAME,7,0,0,597481,0.0,0
W2025,CPT,0000906345,CPT,LOW,CONSERVATIVE_LEGAL_CORE,LATEST_IN_MEMBERSHIP_SEC_NPORT_NAME,7,1,1,597481,1.6736933894132197e-06,1
W2025,CRL,0001100682,CRL,LOW,CONSERVATIVE_LEGAL_CORE,LATEST_IN_MEMBERSHIP_SEC_NPORT_NAME,7,2,4,597481,6.694773557652879e-06,1
W2025,CRM,0001108524,CRM,HIGH,FULL_AUTHORITATIVE_NAME_PRECISION_CONTROL,LATEST_IN_MEMBERSHIP_SEC_NPORT_NAME,7,6,18,597481,3.0126481009437958e-05,1
W2025,CRWD,0001535527,CRWD,HIGH,FULL_AUTHORITATIVE_NAME_PRECISION_CONTROL,LATEST_IN_MEMBERSHIP_SEC_NPORT_NAME,7,7,25,597481,4.1842334735330495e-05,1
W2025,CSCO,0000858877,CSCO,MEDIUM,CONSERVATIVE_LEGAL_CORE,LATEST_IN_MEMBERSHIP_SEC_NPORT_NAME,7,7,47,597481,7.866358930242133e-05,1
W2025,CSGP,0001057352,CSGP,MEDIUM,CONSERVATIVE_LEGAL_CORE,LATEST_IN_MEMBERSHIP_SEC_NPORT_NAME,7,4,17,597481,2.8452787620024737e-05,1
W2025,CSX,0000277948,CSX,HIGH,FULL_AUTHORITATIVE_NAME_PRECISION_CONTROL,LATEST_IN_MEMBERSHIP_SEC_NPORT_NAME,7,0,0,597481,0.0,0
W2025,CTAS,0000723254,CTAS,HIGH,FULL_AUTHORITATIVE_NAME_PRECISION_CONTROL,LATEST_IN_MEMBERSHIP_SEC_NPORT_NAME,7,2,2,597481,3.3473867788264395e-06,1
W2025,CTRA,,CTRA,MEDIUM,CONSERVATIVE_LEGAL_CORE,LATEST_IN_MEMBERSHIP_SEC_NPORT_NAME,7,4,14,597481,2.3431707451785077e-05,1
W2025,CTSH,0001058290,CTSH,LOW,CONSERVATIVE_LEGAL_CORE,LATEST_IN_MEMBERSHIP_SEC_NPORT_NAME,7,5,8,597481,1.3389547115305758e-05,1
W2025,CTVA,0001755672,CTVA,HIGH,FULL_AUTHORITATIVE_NAME_PRECISION_CONTROL,LATEST_IN_MEMBERSHIP_SEC_NPORT_NAME,7,4,9,597481,1.5063240504718979e-05,1
W2025,CVS,0000064803,CVS,MEDIUM,CONSERVATIVE_LEGAL_CORE,LATEST_IN_MEMBERSHIP_SEC_NPORT_NAME,7,2,6,597481,1.004216033647932e-05,1
W2025,CVX,0000093410,CVX,HIGH,FULL_AUTHORITATIVE_NAME_PRECISION_CONTROL,LATEST_IN_MEMBERSHIP_SEC_NPORT_NAME,7,7,273,597481,0.000456918295309809,1
W2025,D,0000715957,D,MEDIUM,CONSERVATIVE_LEGAL_CORE,LATEST_IN_MEMBERSHIP_SEC_NPORT_NAME,7,7,42,597481,7.029512235535524e-05,1
W2025,DAL,0000027904,DAL,LOW,CONSERVATIVE_LEGAL_CORE,LATEST_IN_MEMBERSHIP_SEC_NPORT_NAME,7,7,166,597481,0.0002778331026425945,1
W2025,DASH,0001792789,DASH,HIGH,FULL_AUTHORITATIVE_NAME_PRECISION_CONTROL,LATEST_IN_MEMBERSHIP_SEC_NPORT_NAME,7,5,9,597481,1.5063240504718979e-05,1
W2025,DAY,,DAY,MEDIUM,CONSERVATIVE_LEGAL_CORE,LATEST_IN_MEMBERSHIP_SEC_NPORT_NAME,7,3,4,597481,6.694773557652879e-06,1
W2025,DD,0001666700,DD,LOW,CONSERVATIVE_LEGAL_CORE,LATEST_IN_MEMBERSHIP_SEC_NPORT_NAME,7,3,7,597481,1.1715853725892539e-05,1
W2025,DDOG,0001561550,DDOG,HIGH,FULL_AUTHORITATIVE_NAME_PRECISION_CONTROL,LATEST_IN_MEMBERSHIP_SEC_NPORT_NAME,7,6,17,597481,2.8452787620024737e-05,1
W2025,DE,0000315189,DE,HIGH,FULL_AUTHORITATIVE_NAME_PRECISION_CONTROL,LATEST_IN_MEMBERSHIP_SEC_NPORT_NAME,7,0,0,597481,0.0,0
W2025,DECK,0000910521,DECK,MEDIUM,CONSERVATIVE_LEGAL_CORE,LATEST_IN_MEMBERSHIP_SEC_NPORT_NAME,7,5,7,597481,1.1715853725892539e-05,1
W2025,DELL,0001571996,DELL,MEDIUM,CONSERVATIVE_LEGAL_CORE,LATEST_IN_MEMBERSHIP_SEC_NPORT_NAME,7,6,13,597481,2.1758014062371856e-05,1
W2025,DG,0000029534,DG,MEDIUM,CONSERVATIVE_LEGAL_CORE,LATEST_IN_MEMBERSHIP_SEC_NPORT_NAME,7,4,12,597481,2.008432067295864e-05,1
W2025,DGX,0001022079,DGX,MEDIUM,CONSERVATIVE_LEGAL_CORE,LATEST_IN_MEMBERSHIP_SEC_NPORT_NAME,7,3,3,597481,5.02108016823966e-06,1
W2025,DHI,0000882184,DHI,MEDIUM,CONSERVATIVE_LEGAL_CORE,LATEST_IN_MEMBERSHIP_SEC_NPORT_NAME,7,0,0,597481,0.0,0
W2025,DHR,,DHR,HIGH,FULL_AUTHORITATIVE_NAME_PRECISION_CONTROL,LATEST_IN_MEMBERSHIP_SEC_NPORT_NAME,7,1,1,597481,1.6736933894132197e-06,1
W2025,DIS,0001744489,DIS,LOW,CONSERVATIVE_LEGAL_CORE,LATEST_IN_MEMBERSHIP_SEC_NPORT_NAME,7,7,744,597481,0.0012452278817234356,1
W2025,DLR,0001297996,DLR,LOW,CONSERVATIVE_LEGAL_CORE,LATEST_IN_MEMBERSHIP_SEC_NPORT_NAME,7,5,10,597481,1.67369338941322e-05,1
W2025,DLTR,0000935703,DLTR,MEDIUM,CONSERVATIVE_LEGAL_CORE,LATEST_IN_MEMBERSHIP_SEC_NPORT_NAME,7,7,114,597481,0.00019080104639310707,1
W2025,DOC,0000765880,DOC,MEDIUM,CONSERVATIVE_LEGAL_CORE,LATEST_IN_MEMBERSHIP_SEC_NPORT_NAME,7,2,6,597481,1.004216033647932e-05,1
W2025,DOV,0000029905,DOV,HIGH,FULL_AUTHORITATIVE_NAME_PRECISION_CONTROL,LATEST_IN_MEMBERSHIP_SEC_NPORT_NAME,7,0,0,597481,0.0,0
W2025,DOW,0001751788,DOW,HIGH,FULL_AUTHORITATIVE_NAME_PRECISION_CONTROL,LATEST_IN_MEMBERSHIP_SEC_NPORT_NAME,7,3,6,597481,1.004216033647932e-05,1
W2025,DPZ,0001286681,DPZ,LOW,CONSERVATIVE_LEGAL_CORE,LATEST_IN_MEMBERSHIP_SEC_NPORT_NAME,7,0,0,597481,0.0,0
W2025,DRI,0000940944,DRI,MEDIUM,CONSERVATIVE_LEGAL_CORE,LATEST_IN_MEMBERSHIP_SEC_NPORT_NAME,7,5,9,597481,1.5063240504718979e-05,1
W2025,DTE,0000936340,DTE,MEDIUM,CONSERVATIVE_LEGAL_CORE,LATEST_IN_MEMBERSHIP_SEC_NPORT_NAME,7,1,2,597481,3.3473867788264395e-06,1
W2025,DUK,0001326160,DUK,MEDIUM,CONSERVATIVE_LEGAL_CORE,LATEST_IN_MEMBERSHIP_SEC_NPORT_NAME,7,7,57,597481,9.540052319655353e-05,1
W2025,DVA,0000927066,DVA,HIGH,FULL_AUTHORITATIVE_NAME_PRECISION_CONTROL,LATEST_IN_MEMBERSHIP_SEC_NPORT_NAME,7,2,2,597481,3.3473867788264395e-06,1
W2025,DVN,0001090012,DVN,MEDIUM,CONSERVATIVE_LEGAL_CORE,LATEST_IN_MEMBERSHIP_SEC_NPORT_NAME,7,6,13,597481,2.1758014062371856e-05,1
W2025,DXCM,0001093557,DXCM,HIGH,FULL_AUTHORITATIVE_NAME_PRECISION_CONTROL,LATEST_IN_MEMBERSHIP_SEC_NPORT_NAME,7,6,13,597481,2.1758014062371856e-05,1
W2025,EA,,EA,MEDIUM,CONSERVATIVE_LEGAL_CORE,LATEST_IN_MEMBERSHIP_SEC_NPORT_NAME,7,7,170,597481,0.00028452787620024736,1
W2025,EBAY,0001065088,EBAY,HIGH,FULL_AUTHORITATIVE_NAME_PRECISION_CONTROL,LATEST_IN_MEMBERSHIP_SEC_NPORT_NAME,7,0,0,597481,0.0,0
W2025,ECL,0000031462,ECL,HIGH,FULL_AUTHORITATIVE_NAME_PRECISION_CONTROL,LATEST_IN_MEMBERSHIP_SEC_NPORT_NAME,7,6,8,597481,1.3389547115305758e-05,1
W2025,ED,0001047862,ED,MEDIUM,CONSERVATIVE_LEGAL_CORE,LATEST_IN_MEMBERSHIP_SEC_NPORT_NAME,7,4,17,597481,2.8452787620024737e-05,1
W2025,EFX,0000033185,EFX,HIGH,FULL_AUTHORITATIVE_NAME_PRECISION_CONTROL,LATEST_IN_MEMBERSHIP_SEC_NPORT_NAME,7,2,2,597481,3.3473867788264395e-06,1
W2025,EG,0001095073,EG,MEDIUM,CONSERVATIVE_LEGAL_CORE,LATEST_IN_MEMBERSHIP_SEC_NPORT_NAME,7,6,53,597481,8.870574963890065e-05,1
W2025,EIX,0000827052,EIX,MEDIUM,CONSERVATIVE_LEGAL_CORE,LATEST_IN_MEMBERSHIP_SEC_NPORT_NAME,7,5,14,597481,2.3431707451785077e-05,1
W2025,EL,0001001250,EL,LOW,CONSERVATIVE_LEGAL_CORE,STAGE3G_AUTHORITATIVE_SAMPLE_NAME,7,0,0,597481,0.0,0
W2025,ELV,0001156039,ELV,MEDIUM,CONSERVATIVE_LEGAL_CORE,LATEST_IN_MEMBERSHIP_SEC_NPORT_NAME,7,5,32,597481,5.355818846122303e-05,1
W2025,EME,0000105634,EME,MEDIUM,CONSERVATIVE_LEGAL_CORE,LATEST_IN_MEMBERSHIP_SEC_NPORT_NAME,7,0,0,597481,0.0,0
W2025,EMR,0000032604,EMR,MEDIUM,CONSERVATIVE_LEGAL_CORE,LATEST_IN_MEMBERSHIP_SEC_NPORT_NAME,7,5,6,597481,1.004216033647932e-05,1
W2025,EOG,0000821189,EOG,MEDIUM,CONSERVATIVE_LEGAL_CORE,LATEST_IN_MEMBERSHIP_SEC_NPORT_NAME,7,0,0,597481,0.0,0
W2025,EPAM,0001352010,EPAM,MEDIUM,CONSERVATIVE_LEGAL_CORE,STAGE3I_MEMBERSHIP_NAME,7,0,0,597481,0.0,0
W2025,EQIX,0001101239,EQIX,HIGH,FULL_AUTHORITATIVE_NAME_PRECISION_CONTROL,LATEST_IN_MEMBERSHIP_SEC_NPORT_NAME,7,2,2,597481,3.3473867788264395e-06,1
W2025,EQR,,EQR,MEDIUM,CONSERVATIVE_LEGAL_CORE,LATEST_IN_MEMBERSHIP_SEC_NPORT_NAME,7,4,5,597481,8.3684669470661e-06,1
W2025,EQT,0000033213,EQT,HIGH,FULL_AUTHORITATIVE_NAME_PRECISION_CONTROL,LATEST_IN_MEMBERSHIP_SEC_NPORT_NAME,7,0,0,597481,0.0,0
W2025,ERIE,0000922621,ERIE,MEDIUM,CONSERVATIVE_LEGAL_CORE,LATEST_IN_MEMBERSHIP_SEC_NPORT_NAME,7,1,1,597481,1.6736933894132197e-06,1
W2025,ES,0000072741,ES,MEDIUM,CONSERVATIVE_LEGAL_CORE,LATEST_IN_MEMBERSHIP_SEC_NPORT_NAME,7,4,9,597481,1.5063240504718979e-05,1
W2025,ESS,0000920522,ESS,LOW,CONSERVATIVE_LEGAL_CORE,LATEST_IN_MEMBERSHIP_SEC_NPORT_NAME,7,1,1,597481,1.6736933894132197e-06,1
W2025,ETN,0001551182,ETN,HIGH,FULL_AUTHORITATIVE_NAME_PRECISION_CONTROL,LATEST_IN_MEMBERSHIP_SEC_NPORT_NAME,7,2,2,597481,3.3473867788264395e-06,1
W2025,ETR,0000065984,ETR,HIGH,FULL_AUTHORITATIVE_NAME_PRECISION_CONTROL,LATEST_IN_MEMBERSHIP_SEC_NPORT_NAME,7,0,0,597481,0.0,0
W2025,EVRG,0001711269,EVRG,HIGH,FULL_AUTHORITATIVE_NAME_PRECISION_CONTROL,LATEST_IN_MEMBERSHIP_SEC_NPORT_NAME,7,3,4,597481,6.694773557652879e-06,1
W2025,EW,0001099800,EW,MEDIUM,CONSERVATIVE_LEGAL_CORE,LATEST_IN_MEMBERSHIP_SEC_NPORT_NAME,7,3,7,597481,1.1715853725892539e-05,1
W2025,EXC,0001109357,EXC,HIGH,FULL_AUTHORITATIVE_NAME_PRECISION_CONTROL,LATEST_IN_MEMBERSHIP_SEC_NPORT_NAME,7,2,2,597481,3.3473867788264395e-06,1
W2025,EXE,0000895126,EXE,MEDIUM,CONSERVATIVE_LEGAL_CORE,STAGE3G_AUTHORITATIVE_SAMPLE_NAME,7,0,0,597481,0.0,0
W2025,EXPD,0000746515,EXPD,LOW,CONSERVATIVE_LEGAL_CORE,LATEST_IN_MEMBERSHIP_SEC_NPORT_NAME,7,2,2,597481,3.3473867788264395e-06,1
W2025,EXPE,0001324424,EXPE,MEDIUM,CONSERVATIVE_LEGAL_CORE,LATEST_IN_MEMBERSHIP_SEC_NPORT_NAME,7,7,24,597481,4.016864134591728e-05,1
W2025,EXR,0001289490,EXR,LOW,CONSERVATIVE_LEGAL_CORE,LATEST_IN_MEMBERSHIP_SEC_NPORT_NAME,7,0,0,597481,0.0,0
W2025,F,0000037996,F,MEDIUM,CONSERVATIVE_LEGAL_CORE,LATEST_IN_MEMBERSHIP_SEC_NPORT_NAME,7,7,306,597481,0.0005121501771604452,1
W2025,FANG,0001539838,FANG,MEDIUM,CONSERVATIVE_LEGAL_CORE,LATEST_IN_MEMBERSHIP_SEC_NPORT_NAME,7,5,11,597481,1.8410627283545418e-05,1
W2025,FAST,0000815556,FAST,HIGH,FULL_AUTHORITATIVE_NAME_PRECISION_CONTROL,LATEST_IN_MEMBERSHIP_SEC_NPORT_NAME,7,0,0,597481,0.0,0
W2025,FCX,0000831259,FCX,MEDIUM,CONSERVATIVE_LEGAL_CORE,LATEST_IN_MEMBERSHIP_SEC_NPORT_NAME,7,7,63,597481,0.00010544268353303285,1
W2025,FDS,0001013237,FDS,LOW,CONSERVATIVE_LEGAL_CORE,LATEST_IN_MEMBERSHIP_SEC_NPORT_NAME,7,4,5,597481,8.3684669470661e-06,1
W2025,FDX,0001048911,FDX,HIGH,FULL_AUTHORITATIVE_NAME_PRECISION_CONTROL,LATEST_IN_MEMBERSHIP_SEC_NPORT_NAME,7,4,10,597481,1.67369338941322e-05,1
W2025,FE,0001031296,FE,HIGH,FULL_AUTHORITATIVE_NAME_PRECISION_CONTROL,LATEST_IN_MEMBERSHIP_SEC_NPORT_NAME,7,3,8,597481,1.3389547115305758e-05,1
W2025,FFIV,0001048695,FFIV,HIGH,FULL_AUTHORITATIVE_NAME_PRECISION_CONTROL,LATEST_IN_MEMBERSHIP_SEC_NPORT_NAME,7,0,0,597481,0.0,0
W2025,FICO,0000814547,FICO,LOW,CONSERVATIVE_LEGAL_CORE,LATEST_IN_MEMBERSHIP_SEC_NPORT_NAME,7,1,1,597481,1.6736933894132197e-06,1
W2025,FIS,0001136893,FIS,LOW,CONSERVATIVE_LEGAL_CORE,LATEST_IN_MEMBERSHIP_SEC_NPORT_NAME,7,2,2,597481,3.3473867788264395e-06,1
W2025,FISV,0000798354,FISV,HIGH,FULL_AUTHORITATIVE_NAME_PRECISION_CONTROL,LATEST_IN_MEMBERSHIP_SEC_NPORT_NAME,7,5,18,597481,3.0126481009437958e-05,1
W2025,FITB,0000035527,FITB,LOW,CONSERVATIVE_LEGAL_CORE,LATEST_IN_MEMBERSHIP_SEC_NPORT_NAME,7,6,27,597481,4.518972151415694e-05,1
W2025,FOX,0001754301,FOX,LOW,FULL_AUTHORITATIVE_NAME_PRECISION_CONTROL,LATEST_IN_MEMBERSHIP_SEC_NPORT_NAME,7,4,6,597481,1.004216033647932e-05,1
W2025,FOXA,0001754301,FOXA,LOW,FULL_AUTHORITATIVE_NAME_PRECISION_CONTROL,LATEST_IN_MEMBERSHIP_SEC_NPORT_NAME,7,4,6,597481,1.004216033647932e-05,1
W2025,FRT,0000034903,FRT,LOW,CONSERVATIVE_LEGAL_CORE,LATEST_IN_MEMBERSHIP_SEC_NPORT_NAME,7,0,0,597481,0.0,0
W2025,FSLR,0001274494,FSLR,MEDIUM,CONSERVATIVE_LEGAL_CORE,LATEST_IN_MEMBERSHIP_SEC_NPORT_NAME,7,6,20,597481,3.34738677882644e-05,1
W2025,FTNT,0001262039,FTNT,HIGH,FULL_AUTHORITATIVE_NAME_PRECISION_CONTROL,LATEST_IN_MEMBERSHIP_SEC_NPORT_NAME,7,6,12,597481,2.008432067295864e-05,1
W2025,FTV,0001659166,FTV,HIGH,FULL_AUTHORITATIVE_NAME_PRECISION_CONTROL,LATEST_IN_MEMBERSHIP_SEC_NPORT_NAME,7,0,0,597481,0.0,0
W2025,GD,0000040533,GD,MEDIUM,CONSERVATIVE_LEGAL_CORE,LATEST_IN_MEMBERSHIP_SEC_NPORT_NAME,7,0,0,597481,0.0,0
W2025,GDDY,0001609711,GDDY,HIGH,FULL_AUTHORITATIVE_NAME_PRECISION_CONTROL,LATEST_IN_MEMBERSHIP_SEC_NPORT_NAME,7,3,5,597481,8.3684669470661e-06,1
W2025,GE,0000040545,GE,MEDIUM,CONSERVATIVE_LEGAL_CORE,LATEST_IN_MEMBERSHIP_SEC_NPORT_NAME,7,0,0,597481,0.0,0
W2025,GEHC,0001932393,GEHC,LOW,CONSERVATIVE_LEGAL_CORE,STAGE3G_AUTHORITATIVE_SAMPLE_NAME,7,5,21,597481,3.514756117767762e-05,1
W2025,GEN,0000849399,GEN,MEDIUM,CONSERVATIVE_LEGAL_CORE,LATEST_IN_MEMBERSHIP_SEC_NPORT_NAME,7,2,2,597481,3.3473867788264395e-06,1
W2025,GEV,0001996810,GEV,MEDIUM,CONSERVATIVE_LEGAL_CORE,LATEST_IN_MEMBERSHIP_SEC_NPORT_NAME,7,7,22,597481,3.6821254567090835e-05,1
W2025,GILD,0000882095,GILD,MEDIUM,CONSERVATIVE_LEGAL_CORE,LATEST_IN_MEMBERSHIP_SEC_NPORT_NAME,7,7,46,597481,7.698989591300812e-05,1
W2025,GIS,0000040704,GIS,MEDIUM,CONSERVATIVE_LEGAL_CORE,LATEST_IN_MEMBERSHIP_SEC_NPORT_NAME,7,1,2,597481,3.3473867788264395e-06,1
W2025,GL,0000320335,GL,MEDIUM,CONSERVATIVE_LEGAL_CORE,LATEST_IN_MEMBERSHIP_SEC_NPORT_NAME,7,3,3,597481,5.02108016823966e-06,1
W2025,GLW,0000024741,GLW,HIGH,FULL_AUTHORITATIVE_NAME_PRECISION_CONTROL,LATEST_IN_MEMBERSHIP_SEC_NPORT_NAME,7,3,4,597481,6.694773557652879e-06,1
W2025,GM,0001467858,GM,MEDIUM,CONSERVATIVE_LEGAL_CORE,LATEST_IN_MEMBERSHIP_SEC_NPORT_NAME,7,2,2,597481,3.3473867788264395e-06,1
W2025,GNRC,0001474735,GNRC,HIGH,FULL_AUTHORITATIVE_NAME_PRECISION_CONTROL,LATEST_IN_MEMBERSHIP_SEC_NPORT_NAME,7,0,0,597481,0.0,0
W2025,GOOG,0001652044,GOOG,LOW,CONSERVATIVE_LEGAL_CORE,LATEST_IN_MEMBERSHIP_SEC_NPORT_NAME,7,7,188,597481,0.0003146543572096853,1
W2025,GOOGL,0001652044,GOOGL,LOW,CONSERVATIVE_LEGAL_CORE,LATEST_IN_MEMBERSHIP_SEC_NPORT_NAME,7,7,188,597481,0.0003146543572096853,1
W2025,GPC,0000040987,GPC,MEDIUM,CONSERVATIVE_LEGAL_CORE,LATEST_IN_MEMBERSHIP_SEC_NPORT_NAME,7,4,4,597481,6.694773557652879e-06,1
W2025,GPN,0001123360,GPN,MEDIUM,CONSERVATIVE_LEGAL_CORE,LATEST_IN_MEMBERSHIP_SEC_NPORT_NAME,7,3,7,597481,1.1715853725892539e-05,1
W2025,GRMN,0001121788,GRMN,HIGH,FULL_AUTHORITATIVE_NAME_PRECISION_CONTROL,LATEST_IN_MEMBERSHIP_SEC_NPORT_NAME,7,6,9,597481,1.5063240504718979e-05,1
W2025,GS,0000886982,GS,LOW,CONSERVATIVE_LEGAL_CORE,LATEST_IN_MEMBERSHIP_SEC_NPORT_NAME,7,7,825,597481,0.0013807970462659063,1
W2025,GWW,,GWW,MEDIUM,CONSERVATIVE_LEGAL_CORE,LATEST_IN_MEMBERSHIP_SEC_NPORT_NAME,7,0,0,597481,0.0,0
W2025,HAL,0000045012,HAL,HIGH,FULL_AUTHORITATIVE_NAME_PRECISION_CONTROL,LATEST_IN_MEMBERSHIP_SEC_NPORT_NAME,7,0,0,597481,0.0,0
W2025,HAS,0000046080,HAS,HIGH,FULL_AUTHORITATIVE_NAME_PRECISION_CONTROL,LATEST_IN_MEMBERSHIP_SEC_NPORT_NAME,7,5,9,597481,1.5063240504718979e-05,1
W2025,HBAN,0000049196,HBAN,MEDIUM,CONSERVATIVE_LEGAL_CORE,STAGE3G_AUTHORITATIVE_SAMPLE_NAME,7,4,9,597481,1.5063240504718979e-05,1
W2025,HCA,0000860730,HCA,MEDIUM,CONSERVATIVE_LEGAL_CORE,LATEST_IN_MEMBERSHIP_SEC_NPORT_NAME,7,1,1,597481,1.6736933894132197e-06,1
W2025,HD,0000354950,HD,MEDIUM,CONSERVATIVE_LEGAL_CORE,LATEST_IN_MEMBERSHIP_SEC_NPORT_NAME,7,7,40,597481,6.69477355765288e-05,1
W2025,HIG,0000874766,HIG,LOW,CONSERVATIVE_LEGAL_CORE,LATEST_IN_MEMBERSHIP_SEC_NPORT_NAME,7,5,7,597481,1.1715853725892539e-05,1
W2025,HII,0001501585,HII,LOW,CONSERVATIVE_LEGAL_CORE,LATEST_IN_MEMBERSHIP_SEC_NPORT_NAME,7,5,12,597481,2.008432067295864e-05,1
W2025,HLT,0001585689,HLT,LOW,CONSERVATIVE_LEGAL_CORE,LATEST_IN_MEMBERSHIP_SEC_NPORT_NAME,7,5,6,597481,1.004216033647932e-05,1
W2025,HOLX,,HOLX,HIGH,FULL_AUTHORITATIVE_NAME_PRECISION_CONTROL,LATEST_IN_MEMBERSHIP_SEC_NPORT_NAME,7,3,4,597481,6.694773557652879e-06,1
W2025,HON,0000773840,HON,MEDIUM,CONSERVATIVE_LEGAL_CORE,LATEST_IN_MEMBERSHIP_SEC_NPORT_NAME,7,7,31,597481,5.1884495071809814e-05,1
W2025,HOOD,0001783879,HOOD,MEDIUM,CONSERVATIVE_LEGAL_CORE,LATEST_IN_MEMBERSHIP_SEC_NPORT_NAME,7,7,29,597481,4.853710829298337e-05,1
W2025,HPE,0001645590,HPE,LOW,CONSERVATIVE_LEGAL_CORE,LATEST_IN_MEMBERSHIP_SEC_NPORT_NAME,7,5,16,597481,2.6779094230611516e-05,1
W2025,HPQ,0000047217,HPQ,HIGH,FULL_AUTHORITATIVE_NAME_PRECISION_CONTROL,LATEST_IN_MEMBERSHIP_SEC_NPORT_NAME,7,5,21,597481,3.514756117767762e-05,1
W2025,HRL,0000048465,HRL,MEDIUM,CONSERVATIVE_LEGAL_CORE,LATEST_IN_MEMBERSHIP_SEC_NPORT_NAME,7,6,23,597481,3.849494795650406e-05,1
W2025,HSIC,0001000228,HSIC,MEDIUM,CONSERVATIVE_LEGAL_CORE,LATEST_IN_MEMBERSHIP_SEC_NPORT_NAME,7,3,4,597481,6.694773557652879e-06,1
W2025,HST,0001070750,HST,LOW,CONSERVATIVE_LEGAL_CORE,LATEST_IN_MEMBERSHIP_SEC_NPORT_NAME,7,0,0,597481,0.0,0
W2025,HSY,0000047111,HSY,LOW,CONSERVATIVE_LEGAL_CORE,LATEST_IN_MEMBERSHIP_SEC_NPORT_NAME,7,6,30,597481,5.0210801682396596e-05,1
W2025,HUBB,0000048898,HUBB,HIGH,FULL_AUTHORITATIVE_NAME_PRECISION_CONTROL,LATEST_IN_MEMBERSHIP_SEC_NPORT_NAME,7,3,3,597481,5.02108016823966e-06,1
W2025,HUM,0000049071,HUM,HIGH,FULL_AUTHORITATIVE_NAME_PRECISION_CONTROL,LATEST_IN_MEMBERSHIP_SEC_NPORT_NAME,7,3,5,597481,8.3684669470661e-06,1
W2025,HWM,0000004281,HWM,MEDIUM,CONSERVATIVE_LEGAL_CORE,LATEST_IN_MEMBERSHIP_SEC_NPORT_NAME,7,4,7,597481,1.1715853725892539e-05,1
W2025,IBKR,0001381197,IBKR,LOW,CONSERVATIVE_LEGAL_CORE,LATEST_IN_MEMBERSHIP_SEC_NPORT_NAME,7,4,13,597481,2.1758014062371856e-05,1
W2025,IBM,0000051143,IBM,LOW,CONSERVATIVE_LEGAL_CORE,LATEST_IN_MEMBERSHIP_SEC_NPORT_NAME,7,6,43,597481,7.196881574476846e-05,1
W2025,ICE,0001571949,ICE,LOW,CONSERVATIVE_LEGAL_CORE,LATEST_IN_MEMBERSHIP_SEC_NPORT_NAME,7,7,32,597481,5.355818846122303e-05,1
W2025,IDXX,0000874716,IDXX,MEDIUM,CONSERVATIVE_LEGAL_CORE,LATEST_IN_MEMBERSHIP_SEC_NPORT_NAME,7,0,0,597481,0.0,0
W2025,IEX,0000832101,IEX,HIGH,FULL_AUTHORITATIVE_NAME_PRECISION_CONTROL,LATEST_IN_MEMBERSHIP_SEC_NPORT_NAME,7,0,0,597481,0.0,0
W2025,IFF,0000051253,IFF,LOW,CONSERVATIVE_LEGAL_CORE,LATEST_IN_MEMBERSHIP_SEC_NPORT_NAME,7,0,0,597481,0.0,0
W2025,INCY,0000879169,INCY,HIGH,FULL_AUTHORITATIVE_NAME_PRECISION_CONTROL,LATEST_IN_MEMBERSHIP_SEC_NPORT_NAME,7,2,2,597481,3.3473867788264395e-06,1
W2025,INTC,0000050863,INTC,HIGH,FULL_AUTHORITATIVE_NAME_PRECISION_CONTROL,LATEST_IN_MEMBERSHIP_SEC_NPORT_NAME,7,7,51,597481,8.535836286007421e-05,1
W2025,INTU,0000896878,INTU,HIGH,FULL_AUTHORITATIVE_NAME_PRECISION_CONTROL,LATEST_IN_MEMBERSHIP_SEC_NPORT_NAME,7,7,33,597481,5.5231881850636256e-05,1
W2025,INVH,,INVH,MEDIUM,CONSERVATIVE_LEGAL_CORE,LATEST_IN_MEMBERSHIP_SEC_NPORT_NAME,7,1,1,597481,1.6736933894132197e-06,1
W2025,IP,,IP,MEDIUM,CONSERVATIVE_LEGAL_CORE,LATEST_IN_MEMBERSHIP_SEC_NPORT_NAME,7,7,17,597481,2.8452787620024737e-05,1
W2025,IQV,0001478242,IQV,HIGH,FULL_AUTHORITATIVE_NAME_PRECISION_CONTROL,LATEST_IN_MEMBERSHIP_SEC_NPORT_NAME,7,0,0,597481,0.0,0
W2025,IR,0001699150,IR,MEDIUM,CONSERVATIVE_LEGAL_CORE,LATEST_IN_MEMBERSHIP_SEC_NPORT_NAME,7,0,0,597481,0.0,0
W2025,IRM,0001020569,IRM,MEDIUM,CONSERVATIVE_LEGAL_CORE,LATEST_IN_MEMBERSHIP_SEC_NPORT_NAME,7,1,1,597481,1.6736933894132197e-06,1
W2025,ISRG,0001035267,ISRG,MEDIUM,CONSERVATIVE_LEGAL_CORE,LATEST_IN_MEMBERSHIP_SEC_NPORT_NAME,7,7,22,597481,3.6821254567090835e-05,1
W2025,IT,0000749251,IT,HIGH,FULL_AUTHORITATIVE_NAME_PRECISION_CONTROL,LATEST_IN_MEMBERSHIP_SEC_NPORT_NAME,7,6,38,597481,6.360034879770235e-05,1
W2025,ITW,0000049826,ITW,LOW,CONSERVATIVE_LEGAL_CORE,LATEST_IN_MEMBERSHIP_SEC_NPORT_NAME,7,4,5,597481,8.3684669470661e-06,1
W2025,IVZ,0000914208,IVZ,HIGH,FULL_AUTHORITATIVE_NAME_PRECISION_CONTROL,STAGE3G_AUTHORITATIVE_SAMPLE_NAME,7,7,377,597481,0.0006309824078087839,1
W2025,J,0000052988,J,MEDIUM,CONSERVATIVE_LEGAL_CORE,STAGE3G_AUTHORITATIVE_SAMPLE_NAME,7,4,5,597481,8.3684669470661e-06,1
W2025,JBHT,0000728535,JBHT,LOW,CONSERVATIVE_LEGAL_CORE,STAGE3G_AUTHORITATIVE_SAMPLE_NAME,7,1,1,597481,1.6736933894132197e-06,1
W2025,JBL,0000898293,JBL,HIGH,FULL_AUTHORITATIVE_NAME_PRECISION_CONTROL,LATEST_IN_MEMBERSHIP_SEC_NPORT_NAME,7,4,5,597481,8.3684669470661e-06,1
W2025,JCI,0000833444,JCI,LOW,CONSERVATIVE_LEGAL_CORE,LATEST_IN_MEMBERSHIP_SEC_NPORT_NAME,7,7,17,597481,2.8452787620024737e-05,1
W2025,JKHY,0000779152,JKHY,LOW,CONSERVATIVE_LEGAL_CORE,STAGE3G_AUTHORITATIVE_SAMPLE_NAME,7,0,0,597481,0.0,0
W2025,JNJ,0000200406,JNJ,MEDIUM,CONSERVATIVE_LEGAL_CORE,LATEST_IN_MEMBERSHIP_SEC_NPORT_NAME,7,0,0,597481,0.0,0
W2025,JPM,0000019617,JPM,MEDIUM,CONSERVATIVE_LEGAL_CORE,LATEST_IN_MEMBERSHIP_SEC_NPORT_NAME,7,0,0,597481,0.0,0
W2025,K,0000055067,K,HIGH,FULL_AUTHORITATIVE_NAME_PRECISION_CONTROL,STAGE3I_MEMBERSHIP_NAME,3,0,0,291540,0.0,0
W2025,KDP,0001418135,KDP,LOW,CONSERVATIVE_LEGAL_CORE,LATEST_IN_MEMBERSHIP_SEC_NPORT_NAME,7,3,5,597481,8.3684669470661e-06,1
W2025,KEY,,KEY,HIGH,FULL_AUTHORITATIVE_NAME_PRECISION_CONTROL,LATEST_IN_MEMBERSHIP_SEC_NPORT_NAME,7,7,287,597481,0.0004803500027615941,1
W2025,KEYS,0001601046,KEYS,LOW,CONSERVATIVE_LEGAL_CORE,LATEST_IN_MEMBERSHIP_SEC_NPORT_NAME,7,3,3,597481,5.02108016823966e-06,1
W2025,KHC,0001637459,KHC,LOW,CONSERVATIVE_LEGAL_CORE,LATEST_IN_MEMBERSHIP_SEC_NPORT_NAME,7,6,13,597481,2.1758014062371856e-05,1
W2025,KIM,0000879101,KIM,MEDIUM,CONSERVATIVE_LEGAL_CORE,LATEST_IN_MEMBERSHIP_SEC_NPORT_NAME,7,2,2,597481,3.3473867788264395e-06,1
W2025,KKR,0001404912,KKR,HIGH,FULL_AUTHORITATIVE_NAME_PRECISION_CONTROL,LATEST_IN_MEMBERSHIP_SEC_NPORT_NAME,7,0,0,597481,0.0,0
W2025,KLAC,0000319201,KLAC,HIGH,FULL_AUTHORITATIVE_NAME_PRECISION_CONTROL,LATEST_IN_MEMBERSHIP_SEC_NPORT_NAME,7,0,0,597481,0.0,0
W2025,KMB,0000055785,KMB,MEDIUM,CONSERVATIVE_LEGAL_CORE,LATEST_IN_MEMBERSHIP_SEC_NPORT_NAME,7,4,8,597481,1.3389547115305758e-05,1
W2025,KMI,0001506307,KMI,MEDIUM,CONSERVATIVE_LEGAL_CORE,LATEST_IN_MEMBERSHIP_SEC_NPORT_NAME,7,4,13,597481,2.1758014062371856e-05,1
W2025,KO,0000021344,KO,LOW,CONSERVATIVE_LEGAL_CORE,LATEST_IN_MEMBERSHIP_SEC_NPORT_NAME,7,5,31,597481,5.1884495071809814e-05,1
W2025,KR,0000056873,KR,HIGH,FULL_AUTHORITATIVE_NAME_PRECISION_CONTROL,LATEST_IN_MEMBERSHIP_SEC_NPORT_NAME,7,6,21,597481,3.514756117767762e-05,1
W2025,KVUE,0001944048,KVUE,HIGH,FULL_AUTHORITATIVE_NAME_PRECISION_CONTROL,STAGE3G_AUTHORITATIVE_SAMPLE_NAME,7,4,8,597481,1.3389547115305758e-05,1
W2025,L,0000060086,L,HIGH,FULL_AUTHORITATIVE_NAME_PRECISION_CONTROL,LATEST_IN_MEMBERSHIP_SEC_NPORT_NAME,7,1,1,597481,1.6736933894132197e-06,1
W2025,LDOS,0001336920,LDOS,HIGH,FULL_AUTHORITATIVE_NAME_PRECISION_CONTROL,LATEST_IN_MEMBERSHIP_SEC_NPORT_NAME,7,3,4,597481,6.694773557652879e-06,1
W2025,LEN,0000920760,LEN,LOW,CONSERVATIVE_LEGAL_CORE,LATEST_IN_MEMBERSHIP_SEC_NPORT_NAME,7,6,25,597481,4.1842334735330495e-05,1
W2025,LH,0000920148,LH,HIGH,FULL_AUTHORITATIVE_NAME_PRECISION_CONTROL,STAGE3G_AUTHORITATIVE_SAMPLE_NAME,7,0,0,597481,0.0,0
W2025,LHX,0000202058,LHX,MEDIUM,CONSERVATIVE_LEGAL_CORE,LATEST_IN_MEMBERSHIP_SEC_NPORT_NAME,7,0,0,597481,0.0,0
W2025,LII,0001069202,LII,MEDIUM,CONSERVATIVE_LEGAL_CORE,LATEST_IN_MEMBERSHIP_SEC_NPORT_NAME,7,2,2,597481,3.3473867788264395e-06,1
W2025,LIN,0001707925,LIN,HIGH,FULL_AUTHORITATIVE_NAME_PRECISION_CONTROL,LATEST_IN_MEMBERSHIP_SEC_NPORT_NAME,7,2,2,597481,3.3473867788264395e-06,1
W2025,LKQ,0001065696,LKQ,HIGH,QUALIFIED_FULL_AUTHORITATIVE_NAME_BARE_TICKER_CONTROL,STAGE3I_MEMBERSHIP_NAME,7,0,0,597481,0.0,0
W2025,LLY,0000059478,LLY,MEDIUM,CONSERVATIVE_LEGAL_CORE,LATEST_IN_MEMBERSHIP_SEC_NPORT_NAME,7,0,0,597481,0.0,0
W2025,LMT,0000936468,LMT,MEDIUM,CONSERVATIVE_LEGAL_CORE,LATEST_IN_MEMBERSHIP_SEC_NPORT_NAME,7,7,225,597481,0.00037658101261797445,1
W2025,LNT,0000352541,LNT,MEDIUM,CONSERVATIVE_LEGAL_CORE,LATEST_IN_MEMBERSHIP_SEC_NPORT_NAME,7,6,38,597481,6.360034879770235e-05,1
W2025,LOW,0000060667,LOW,LOW,CONSERVATIVE_LEGAL_CORE,LATEST_IN_MEMBERSHIP_SEC_NPORT_NAME,7,0,0,597481,0.0,0
W2025,LRCX,0000707549,LRCX,MEDIUM,CONSERVATIVE_LEGAL_CORE,LATEST_IN_MEMBERSHIP_SEC_NPORT_NAME,7,7,34,597481,5.6905575240049474e-05,1
W2025,LULU,0001397187,LULU,MEDIUM,CONSERVATIVE_LEGAL_CORE,LATEST_IN_MEMBERSHIP_SEC_NPORT_NAME,7,7,202,597481,0.0003380860646614704,1
W2025,LUV,0000092380,LUV,MEDIUM,CONSERVATIVE_LEGAL_CORE,LATEST_IN_MEMBERSHIP_SEC_NPORT_NAME,7,7,227,597481,0.0003799283993968009,1
W2025,LVS,0001300514,LVS,LOW,CONSERVATIVE_LEGAL_CORE,LATEST_IN_MEMBERSHIP_SEC_NPORT_NAME,7,6,29,597481,4.853710829298337e-05,1
W2025,LW,0001679273,LW,MEDIUM,CONSERVATIVE_LEGAL_CORE,LATEST_IN_MEMBERSHIP_SEC_NPORT_NAME,7,2,2,597481,3.3473867788264395e-06,1
W2025,LYB,0001489393,LYB,LOW,CONSERVATIVE_LEGAL_CORE,STAGE3G_AUTHORITATIVE_SAMPLE_NAME,7,0,0,597481,0.0,0
W2025,LYV,0001335258,LYV,LOW,CONSERVATIVE_LEGAL_CORE,LATEST_IN_MEMBERSHIP_SEC_NPORT_NAME,7,4,4,597481,6.694773557652879e-06,1
W2025,MA,0001141391,MA,LOW,CONSERVATIVE_LEGAL_CORE,LATEST_IN_MEMBERSHIP_SEC_NPORT_NAME,7,7,424,597481,0.0007096459971112052,1
W2025,MAA,0000912595,MAA,LOW,CONSERVATIVE_LEGAL_CORE,LATEST_IN_MEMBERSHIP_SEC_NPORT_NAME,7,0,0,597481,0.0,0
W2025,MAR,0001048286,MAR,LOW,CONSERVATIVE_LEGAL_CORE,STAGE3G_AUTHORITATIVE_SAMPLE_NAME,7,6,65,597481,0.00010879007031185929,1
W2025,MAS,0000062996,MAS,HIGH,FULL_AUTHORITATIVE_NAME_PRECISION_CONTROL,LATEST_IN_MEMBERSHIP_SEC_NPORT_NAME,7,0,0,597481,0.0,0
W2025,MCD,0000063908,MCD,MEDIUM,CONSERVATIVE_LEGAL_CORE,LATEST_IN_MEMBERSHIP_SEC_NPORT_NAME,7,7,168,597481,0.00028118048942142094,1
W2025,MCHP,0000827054,MCHP,MEDIUM,CONSERVATIVE_LEGAL_CORE,LATEST_IN_MEMBERSHIP_SEC_NPORT_NAME,7,6,21,597481,3.514756117767762e-05,1
W2025,MCK,0000927653,MCK,HIGH,FULL_AUTHORITATIVE_NAME_PRECISION_CONTROL,LATEST_IN_MEMBERSHIP_SEC_NPORT_NAME,7,4,4,597481,6.694773557652879e-06,1
W2025,MCO,0001059556,MCO,HIGH,FULL_AUTHORITATIVE_NAME_PRECISION_CONTROL,LATEST_IN_MEMBERSHIP_SEC_NPORT_NAME,7,0,0,597481,0.0,0
W2025,MDLZ,0001103982,MDLZ,LOW,CONSERVATIVE_LEGAL_CORE,LATEST_IN_MEMBERSHIP_SEC_NPORT_NAME,7,7,36,597481,6.0252962018875916e-05,1
W2025,MDT,0001613103,MDT,HIGH,FULL_AUTHORITATIVE_NAME_PRECISION_CONTROL,LATEST_IN_MEMBERSHIP_SEC_NPORT_NAME,7,2,2,597481,3.3473867788264395e-06,1
W2025,MET,0001099219,MET,HIGH,FULL_AUTHORITATIVE_NAME_PRECISION_CONTROL,LATEST_IN_MEMBERSHIP_SEC_NPORT_NAME,7,4,7,597481,1.1715853725892539e-05,1
W2025,META,0001326801,META,LOW,CONSERVATIVE_LEGAL_CORE,LATEST_IN_MEMBERSHIP_SEC_NPORT_NAME,7,7,110,597481,0.00018410627283545417,1
W2025,MGM,0000789570,MGM,LOW,CONSERVATIVE_LEGAL_CORE,LATEST_IN_MEMBERSHIP_SEC_NPORT_NAME,7,1,1,597481,1.6736933894132197e-06,1
W2025,MHK,0000851968,MHK,MEDIUM,CONSERVATIVE_LEGAL_CORE,STAGE3I_MEMBERSHIP_NAME,7,7,102,597481,0.00017071672572014843,1
W2025,MKC,0000063754,MKC,LOW,CONSERVATIVE_LEGAL_CORE,STAGE3G_AUTHORITATIVE_SAMPLE_NAME,7,0,0,597481,0.0,0
W2025,MLM,0000916076,MLM,LOW,CONSERVATIVE_LEGAL_CORE,LATEST_IN_MEMBERSHIP_SEC_NPORT_NAME,7,2,4,597481,6.694773557652879e-06,1
W2025,MMM,0000066740,MMM,HIGH,FULL_AUTHORITATIVE_NAME_PRECISION_CONTROL,LATEST_IN_MEMBERSHIP_SEC_NPORT_NAME,7,0,0,597481,0.0,0
W2025,MNST,0000865752,MNST,MEDIUM,CONSERVATIVE_LEGAL_CORE,LATEST_IN_MEMBERSHIP_SEC_NPORT_NAME,7,3,5,597481,8.3684669470661e-06,1
W2025,MO,0000764180,MO,MEDIUM,CONSERVATIVE_LEGAL_CORE,LATEST_IN_MEMBERSHIP_SEC_NPORT_NAME,7,4,29,597481,4.853710829298337e-05,1
W2025,MOH,0001179929,MOH,MEDIUM,CONSERVATIVE_LEGAL_CORE,STAGE3I_MEMBERSHIP_NAME,7,4,7,597481,1.1715853725892539e-05,1
W2025,MOS,0001285785,MOS,LOW,CONSERVATIVE_LEGAL_CORE,LATEST_IN_MEMBERSHIP_SEC_NPORT_NAME,7,7,26,597481,4.351602812474371e-05,1
W2025,MPC,0001510295,MPC,MEDIUM,CONSERVATIVE_LEGAL_CORE,LATEST_IN_MEMBERSHIP_SEC_NPORT_NAME,7,4,11,597481,1.8410627283545418e-05,1
W2025,MPWR,0001280452,MPWR,LOW,CONSERVATIVE_LEGAL_CORE,LATEST_IN_MEMBERSHIP_SEC_NPORT_NAME,7,4,7,597481,1.1715853725892539e-05,1
W2025,MRK,0000310158,MRK,HIGH,FULL_AUTHORITATIVE_NAME_PRECISION_CONTROL,LATEST_IN_MEMBERSHIP_SEC_NPORT_NAME,7,0,0,597481,0.0,0
W2025,MRNA,0001682852,MRNA,HIGH,FULL_AUTHORITATIVE_NAME_PRECISION_CONTROL,LATEST_IN_MEMBERSHIP_SEC_NPORT_NAME,7,5,47,597481,7.866358930242133e-05,1
W2025,MRSH,0000062709,MRSH,LOW,CONSERVATIVE_LEGAL_CORE,STAGE3G_AUTHORITATIVE_SAMPLE_NAME,7,0,0,597481,0.0,0
W2025,MS,0000895421,MS,MEDIUM,CONSERVATIVE_LEGAL_CORE,LATEST_IN_MEMBERSHIP_SEC_NPORT_NAME,7,7,1544,597481,0.0025841825932540114,1
W2025,MSCI,0001408198,MSCI,HIGH,FULL_AUTHORITATIVE_NAME_PRECISION_CONTROL,LATEST_IN_MEMBERSHIP_SEC_NPORT_NAME,7,0,0,597481,0.0,0
W2025,MSFT,0000789019,MSFT,HIGH,FULL_AUTHORITATIVE_NAME_PRECISION_CONTROL,LATEST_IN_MEMBERSHIP_SEC_NPORT_NAME,7,6,85,597481,0.00014226393810012368,1
W2025,MSI,0000068505,MSI,MEDIUM,CONSERVATIVE_LEGAL_CORE,LATEST_IN_MEMBERSHIP_SEC_NPORT_NAME,7,6,38,597481,6.360034879770235e-05,1
W2025,MTB,0000036270,MTB,HIGH,FULL_AUTHORITATIVE_NAME_PRECISION_CONTROL,LATEST_IN_MEMBERSHIP_SEC_NPORT_NAME,7,0,0,597481,0.0,0
W2025,MTCH,0000891103,MTCH,MEDIUM,CONSERVATIVE_LEGAL_CORE,STAGE3I_MEMBERSHIP_NAME,7,0,0,597481,0.0,0
W2025,MTD,0001037646,MTD,LOW,CONSERVATIVE_LEGAL_CORE,LATEST_IN_MEMBERSHIP_SEC_NPORT_NAME,7,4,5,597481,8.3684669470661e-06,1
W2025,MU,0000723125,MU,MEDIUM,CONSERVATIVE_LEGAL_CORE,LATEST_IN_MEMBERSHIP_SEC_NPORT_NAME,7,7,92,597481,0.00015397979182601624,1
W2025,NCLH,0001513761,NCLH,LOW,CONSERVATIVE_LEGAL_CORE,LATEST_IN_MEMBERSHIP_SEC_NPORT_NAME,7,7,30,597481,5.0210801682396596e-05,1
W2025,NDAQ,0001120193,NDAQ,HIGH,FULL_AUTHORITATIVE_NAME_PRECISION_CONTROL,LATEST_IN_MEMBERSHIP_SEC_NPORT_NAME,7,5,46,597481,7.698989591300812e-05,1
W2025,NDSN,0000072331,NDSN,HIGH,FULL_AUTHORITATIVE_NAME_PRECISION_CONTROL,LATEST_IN_MEMBERSHIP_SEC_NPORT_NAME,7,2,3,597481,5.02108016823966e-06,1
W2025,NEE,0000753308,NEE,MEDIUM,CONSERVATIVE_LEGAL_CORE,LATEST_IN_MEMBERSHIP_SEC_NPORT_NAME,7,7,100,597481,0.00016736933894132198,1
W2025,NEM,0001164727,NEM,HIGH,FULL_AUTHORITATIVE_NAME_PRECISION_CONTROL,LATEST_IN_MEMBERSHIP_SEC_NPORT_NAME,7,6,12,597481,2.008432067295864e-05,1
W2025,NFLX,0001065280,NFLX,HIGH,FULL_AUTHORITATIVE_NAME_PRECISION_CONTROL,LATEST_IN_MEMBERSHIP_SEC_NPORT_NAME,7,7,90,597481,0.0001506324050471898,1
W2025,NI,0001111711,NI,HIGH,FULL_AUTHORITATIVE_NAME_PRECISION_CONTROL,LATEST_IN_MEMBERSHIP_SEC_NPORT_NAME,7,1,1,597481,1.6736933894132197e-06,1
W2025,NKE,0000320187,NKE,LOW,CONSERVATIVE_LEGAL_CORE,LATEST_IN_MEMBERSHIP_SEC_NPORT_NAME,7,6,27,597481,4.518972151415694e-05,1
W2025,NOC,,NOC,MEDIUM,CONSERVATIVE_LEGAL_CORE,LATEST_IN_MEMBERSHIP_SEC_NPORT_NAME,7,7,78,597481,0.00013054808437423115,1
W2025,NOW,0001373715,NOW,HIGH,FULL_AUTHORITATIVE_NAME_PRECISION_CONTROL,LATEST_IN_MEMBERSHIP_SEC_NPORT_NAME,7,6,11,597481,1.8410627283545418e-05,1
W2025,NRG,0001013871,NRG,MEDIUM,CONSERVATIVE_LEGAL_CORE,LATEST_IN_MEMBERSHIP_SEC_NPORT_NAME,7,0,0,597481,0.0,0
W2025,NSC,0000702165,NSC,MEDIUM,CONSERVATIVE_LEGAL_CORE,LATEST_IN_MEMBERSHIP_SEC_NPORT_NAME,7,7,64,597481,0.00010711637692244606,1
W2025,NTAP,0001002047,NTAP,HIGH,FULL_AUTHORITATIVE_NAME_PRECISION_CONTROL,LATEST_IN_MEMBERSHIP_SEC_NPORT_NAME,7,2,4,597481,6.694773557652879e-06,1
W2025,NTRS,0000073124,NTRS,MEDIUM,CONSERVATIVE_LEGAL_CORE,LATEST_IN_MEMBERSHIP_SEC_NPORT_NAME,7,7,79,597481,0.00013222177776364436,1
W2025,NUE,0000073309,NUE,HIGH,FULL_AUTHORITATIVE_NAME_PRECISION_CONTROL,LATEST_IN_MEMBERSHIP_SEC_NPORT_NAME,7,0,0,597481,0.0,0
W2025,NVDA,0001045810,NVDA,HIGH,FULL_AUTHORITATIVE_NAME_PRECISION_CONTROL,LATEST_IN_MEMBERSHIP_SEC_NPORT_NAME,7,7,139,597481,0.00023264338112843755,1
W2025,NVR,0000906163,NVR,HIGH,FULL_AUTHORITATIVE_NAME_PRECISION_CONTROL,LATEST_IN_MEMBERSHIP_SEC_NPORT_NAME,7,5,6,597481,1.004216033647932e-05,1
W2025,NWS,0001564708,NWS,LOW,CONSERVATIVE_LEGAL_CORE,LATEST_IN_MEMBERSHIP_SEC_NPORT_NAME,7,6,78,597481,0.00013054808437423115,1
W2025,NWSA,0001564708,NWSA,LOW,CONSERVATIVE_LEGAL_CORE,LATEST_IN_MEMBERSHIP_SEC_NPORT_NAME,7,6,78,597481,0.00013054808437423115,1
W2025,NXPI,0001413447,NXPI,MEDIUM,CONSERVATIVE_LEGAL_CORE,LATEST_IN_MEMBERSHIP_SEC_NPORT_NAME,7,1,1,597481,1.6736933894132197e-06,1
W2025,O,0000726728,O,MEDIUM,CONSERVATIVE_LEGAL_CORE,LATEST_IN_MEMBERSHIP_SEC_NPORT_NAME,7,7,22,597481,3.6821254567090835e-05,1
W2025,ODFL,0000878927,ODFL,LOW,CONSERVATIVE_LEGAL_CORE,LATEST_IN_MEMBERSHIP_SEC_NPORT_NAME,7,3,7,597481,1.1715853725892539e-05,1
W2025,OKE,,OKE,HIGH,FULL_AUTHORITATIVE_NAME_PRECISION_CONTROL,LATEST_IN_MEMBERSHIP_SEC_NPORT_NAME,7,4,7,597481,1.1715853725892539e-05,1
W2025,OMC,0000029989,OMC,MEDIUM,CONSERVATIVE_LEGAL_CORE,LATEST_IN_MEMBERSHIP_SEC_NPORT_NAME,7,5,5,597481,8.3684669470661e-06,1
W2025,ON,0001097864,ON,MEDIUM,CONSERVATIVE_LEGAL_CORE,LATEST_IN_MEMBERSHIP_SEC_NPORT_NAME,7,0,0,597481,0.0,0
W2025,ORCL,0001341439,ORCL,HIGH,FULL_AUTHORITATIVE_NAME_PRECISION_CONTROL,LATEST_IN_MEMBERSHIP_SEC_NPORT_NAME,7,7,72,597481,0.00012050592403775183,1
W2025,ORLY,0000898173,ORLY,LOW,CONSERVATIVE_LEGAL_CORE,LATEST_IN_MEMBERSHIP_SEC_NPORT_NAME,7,7,29,597481,4.853710829298337e-05,1
W2025,OTIS,0001781335,OTIS,MEDIUM,CONSERVATIVE_LEGAL_CORE,LATEST_IN_MEMBERSHIP_SEC_NPORT_NAME,7,2,4,597481,6.694773557652879e-06,1
W2025,OXY,0000797468,OXY,MEDIUM,CONSERVATIVE_LEGAL_CORE,LATEST_IN_MEMBERSHIP_SEC_NPORT_NAME,7,5,32,597481,5.355818846122303e-05,1
W2025,PANW,0001327567,PANW,LOW,CONSERVATIVE_LEGAL_CORE,LATEST_IN_MEMBERSHIP_SEC_NPORT_NAME,7,7,57,597481,9.540052319655353e-05,1
W2025,PAYC,0001590955,PAYC,MEDIUM,CONSERVATIVE_LEGAL_CORE,LATEST_IN_MEMBERSHIP_SEC_NPORT_NAME,7,2,2,597481,3.3473867788264395e-06,1
W2025,PAYX,0000723531,PAYX,HIGH,FULL_AUTHORITATIVE_NAME_PRECISION_CONTROL,LATEST_IN_MEMBERSHIP_SEC_NPORT_NAME,7,4,6,597481,1.004216033647932e-05,1
W2025,PCAR,0000075362,PCAR,HIGH,FULL_AUTHORITATIVE_NAME_PRECISION_CONTROL,LATEST_IN_MEMBERSHIP_SEC_NPORT_NAME,7,1,3,597481,5.02108016823966e-06,1
W2025,PCG,0001004980,PCG,HIGH,FULL_AUTHORITATIVE_NAME_PRECISION_CONTROL,LATEST_IN_MEMBERSHIP_SEC_NPORT_NAME,7,0,0,597481,0.0,0
W2025,PEG,0000788784,PEG,LOW,CONSERVATIVE_LEGAL_CORE,LATEST_IN_MEMBERSHIP_SEC_NPORT_NAME,7,4,11,597481,1.8410627283545418e-05,1
W2025,PEP,0000077476,PEP,HIGH,FULL_AUTHORITATIVE_NAME_PRECISION_CONTROL,LATEST_IN_MEMBERSHIP_SEC_NPORT_NAME,7,7,36,597481,6.0252962018875916e-05,1
W2025,PFE,0000078003,PFE,HIGH,FULL_AUTHORITATIVE_NAME_PRECISION_CONTROL,LATEST_IN_MEMBERSHIP_SEC_NPORT_NAME,7,7,83,597481,0.00013891655132129726,1
W2025,PFG,0001126328,PFG,LOW,CONSERVATIVE_LEGAL_CORE,LATEST_IN_MEMBERSHIP_SEC_NPORT_NAME,7,4,9,597481,1.5063240504718979e-05,1
W2025,PG,0000080424,PG,LOW,CONSERVATIVE_LEGAL_CORE,LATEST_IN_MEMBERSHIP_SEC_NPORT_NAME,7,0,0,597481,0.0,0
W2025,PGR,0000080661,PGR,HIGH,FULL_AUTHORITATIVE_NAME_PRECISION_CONTROL,LATEST_IN_MEMBERSHIP_SEC_NPORT_NAME,7,0,0,597481,0.0,0
W2025,PH,0000076334,PH,MEDIUM,CONSERVATIVE_LEGAL_CORE,LATEST_IN_MEMBERSHIP_SEC_NPORT_NAME,7,6,14,597481,2.3431707451785077e-05,1
W2025,PHM,0000822416,PHM,HIGH,FULL_AUTHORITATIVE_NAME_PRECISION_CONTROL,LATEST_IN_MEMBERSHIP_SEC_NPORT_NAME,7,2,2,597481,3.3473867788264395e-06,1
W2025,PKG,0000075677,PKG,LOW,CONSERVATIVE_LEGAL_CORE,LATEST_IN_MEMBERSHIP_SEC_NPORT_NAME,7,0,0,597481,0.0,0
W2025,PLD,0001045609,PLD,HIGH,FULL_AUTHORITATIVE_NAME_PRECISION_CONTROL,LATEST_IN_MEMBERSHIP_SEC_NPORT_NAME,7,7,11,597481,1.8410627283545418e-05,1
W2025,PLTR,0001321655,PLTR,MEDIUM,CONSERVATIVE_LEGAL_CORE,LATEST_IN_MEMBERSHIP_SEC_NPORT_NAME,7,7,56,597481,9.372682980714031e-05,1
W2025,PM,0001413329,PM,LOW,CONSERVATIVE_LEGAL_CORE,LATEST_IN_MEMBERSHIP_SEC_NPORT_NAME,7,6,21,597481,3.514756117767762e-05,1
W2025,PNC,0000713676,PNC,LOW,CONSERVATIVE_LEGAL_CORE,LATEST_IN_MEMBERSHIP_SEC_NPORT_NAME,7,0,0,597481,0.0,0
W2025,PNR,0000077360,PNR,HIGH,FULL_AUTHORITATIVE_NAME_PRECISION_CONTROL,LATEST_IN_MEMBERSHIP_SEC_NPORT_NAME,7,0,0,597481,0.0,0
W2025,PNW,0000764622,PNW,LOW,CONSERVATIVE_LEGAL_CORE,LATEST_IN_MEMBERSHIP_SEC_NPORT_NAME,7,2,5,597481,8.3684669470661e-06,1
W2025,PODD,0001145197,PODD,HIGH,FULL_AUTHORITATIVE_NAME_PRECISION_CONTROL,LATEST_IN_MEMBERSHIP_SEC_NPORT_NAME,7,1,1,597481,1.6736933894132197e-06,1
W2025,POOL,0000945841,POOL,HIGH,FULL_AUTHORITATIVE_NAME_PRECISION_CONTROL,LATEST_IN_MEMBERSHIP_SEC_NPORT_NAME,7,2,4,597481,6.694773557652879e-06,1
W2025,PPG,0000079879,PPG,MEDIUM,CONSERVATIVE_LEGAL_CORE,LATEST_IN_MEMBERSHIP_SEC_NPORT_NAME,7,1,1,597481,1.6736933894132197e-06,1
W2025,PPL,0000922224,PPL,HIGH,FULL_AUTHORITATIVE_NAME_PRECISION_CONTROL,LATEST_IN_MEMBERSHIP_SEC_NPORT_NAME,7,0,0,597481,0.0,0
W2025,PRU,0001137774,PRU,MEDIUM,CONSERVATIVE_LEGAL_CORE,LATEST_IN_MEMBERSHIP_SEC_NPORT_NAME,7,6,43,597481,7.196881574476846e-05,1
W2025,PSA,0001393311,PSA,MEDIUM,CONSERVATIVE_LEGAL_CORE,LATEST_IN_MEMBERSHIP_SEC_NPORT_NAME,7,1,1,597481,1.6736933894132197e-06,1
W2025,PSKY,0002041610,PSKY,LOW,CONSERVATIVE_LEGAL_CORE,STAGE3G_AUTHORITATIVE_SAMPLE_NAME,7,0,0,597481,0.0,0
W2025,PSX,0001534701,PSX,MEDIUM,CONSERVATIVE_LEGAL_CORE,LATEST_IN_MEMBERSHIP_SEC_NPORT_NAME,7,0,0,597481,0.0,0
W2025,PTC,0000857005,PTC,HIGH,FULL_AUTHORITATIVE_NAME_PRECISION_CONTROL,LATEST_IN_MEMBERSHIP_SEC_NPORT_NAME,7,1,1,597481,1.6736933894132197e-06,1
W2025,PWR,0001050915,PWR,MEDIUM,CONSERVATIVE_LEGAL_CORE,LATEST_IN_MEMBERSHIP_SEC_NPORT_NAME,7,7,31,597481,5.1884495071809814e-05,1
W2025,PYPL,0001633917,PYPL,HIGH,FULL_AUTHORITATIVE_NAME_PRECISION_CONTROL,LATEST_IN_MEMBERSHIP_SEC_NPORT_NAME,7,7,14,597481,2.3431707451785077e-05,1
W2025,Q,0002058873,Q,MEDIUM,CONSERVATIVE_LEGAL_CORE,STAGE3G_AUTHORITATIVE_SAMPLE_NAME,7,3,6,597481,1.004216033647932e-05,1
W2025,QCOM,0000804328,QCOM,HIGH,FULL_AUTHORITATIVE_NAME_PRECISION_CONTROL,LATEST_IN_MEMBERSHIP_SEC_NPORT_NAME,7,6,24,597481,4.016864134591728e-05,1
W2025,RCL,0000884887,RCL,LOW,CONSERVATIVE_LEGAL_CORE,LATEST_IN_MEMBERSHIP_SEC_NPORT_NAME,7,6,10,597481,1.67369338941322e-05,1
W2025,REG,0000910606,REG,MEDIUM,CONSERVATIVE_LEGAL_CORE,LATEST_IN_MEMBERSHIP_SEC_NPORT_NAME,7,1,1,597481,1.6736933894132197e-06,1
W2025,REGN,0000872589,REGN,MEDIUM,CONSERVATIVE_LEGAL_CORE,LATEST_IN_MEMBERSHIP_SEC_NPORT_NAME,7,5,14,597481,2.3431707451785077e-05,1
W2025,RF,0001281761,RF,MEDIUM,CONSERVATIVE_LEGAL_CORE,LATEST_IN_MEMBERSHIP_SEC_NPORT_NAME,7,3,3,597481,5.02108016823966e-06,1
W2025,RJF,0000720005,RJF,LOW,CONSERVATIVE_LEGAL_CORE,LATEST_IN_MEMBERSHIP_SEC_NPORT_NAME,7,7,587,597481,0.00098245801958556,1
W2025,RL,0001037038,RL,MEDIUM,CONSERVATIVE_LEGAL_CORE,LATEST_IN_MEMBERSHIP_SEC_NPORT_NAME,7,3,9,597481,1.5063240504718979e-05,1
W2025,RMD,0000943819,RMD,HIGH,FULL_AUTHORITATIVE_NAME_PRECISION_CONTROL,LATEST_IN_MEMBERSHIP_SEC_NPORT_NAME,7,3,3,597481,5.02108016823966e-06,1
W2025,ROK,0001024478,ROK,MEDIUM,CONSERVATIVE_LEGAL_CORE,LATEST_IN_MEMBERSHIP_SEC_NPORT_NAME,7,6,56,597481,9.372682980714031e-05,1
W2025,ROL,0000084839,ROL,HIGH,FULL_AUTHORITATIVE_NAME_PRECISION_CONTROL,LATEST_IN_MEMBERSHIP_SEC_NPORT_NAME,7,4,4,597481,6.694773557652879e-06,1
W2025,ROP,0000882835,ROP,MEDIUM,CONSERVATIVE_LEGAL_CORE,LATEST_IN_MEMBERSHIP_SEC_NPORT_NAME,7,2,2,597481,3.3473867788264395e-06,1
W2025,ROST,0000745732,ROST,MEDIUM,CONSERVATIVE_LEGAL_CORE,LATEST_IN_MEMBERSHIP_SEC_NPORT_NAME,7,4,8,597481,1.3389547115305758e-05,1
W2025,RSG,0001060391,RSG,MEDIUM,CONSERVATIVE_LEGAL_CORE,LATEST_IN_MEMBERSHIP_SEC_NPORT_NAME,7,5,15,597481,2.5105400841198298e-05,1
W2025,RTX,0000101829,RTX,HIGH,QUALIFIED_FULL_AUTHORITATIVE_NAME_BARE_TICKER_CONTROL,LATEST_IN_MEMBERSHIP_SEC_NPORT_NAME,7,0,0,597481,0.0,0
W2025,RVTY,0000031791,RVTY,HIGH,FULL_AUTHORITATIVE_NAME_PRECISION_CONTROL,LATEST_IN_MEMBERSHIP_SEC_NPORT_NAME,7,2,3,597481,5.02108016823966e-06,1
W2025,SBAC,0001034054,SBAC,MEDIUM,CONSERVATIVE_LEGAL_CORE,LATEST_IN_MEMBERSHIP_SEC_NPORT_NAME,7,0,0,597481,0.0,0
W2025,SBUX,0000829224,SBUX,HIGH,FULL_AUTHORITATIVE_NAME_PRECISION_CONTROL,LATEST_IN_MEMBERSHIP_SEC_NPORT_NAME,7,4,5,597481,8.3684669470661e-06,1
W2025,SCHW,0000316709,SCHW,MEDIUM,CONSERVATIVE_LEGAL_CORE,STAGE3G_AUTHORITATIVE_SAMPLE_NAME,7,7,81,597481,0.0001355691645424708,1
W2025,SHW,0000089800,SHW,LOW,CONSERVATIVE_LEGAL_CORE,LATEST_IN_MEMBERSHIP_SEC_NPORT_NAME,7,4,11,597481,1.8410627283545418e-05,1
W2025,SJM,0000091419,SJM,LOW,CONSERVATIVE_LEGAL_CORE,LATEST_IN_MEMBERSHIP_SEC_NPORT_NAME,7,2,4,597481,6.694773557652879e-06,1
W2025,SLB,0000087347,SLB,HIGH,QUALIFIED_FULL_AUTHORITATIVE_NAME_BARE_TICKER_CONTROL,LATEST_IN_MEMBERSHIP_SEC_NPORT_NAME,7,0,0,597481,0.0,0
W2025,SMCI,0001375365,SMCI,LOW,CONSERVATIVE_LEGAL_CORE,LATEST_IN_MEMBERSHIP_SEC_NPORT_NAME,7,5,23,597481,3.849494795650406e-05,1
W2025,SNA,0000091440,SNA,HIGH,FULL_AUTHORITATIVE_NAME_PRECISION_CONTROL,LATEST_IN_MEMBERSHIP_SEC_NPORT_NAME,7,0,0,597481,0.0,0
W2025,SNDK,0002023554,SNDK,HIGH,FULL_AUTHORITATIVE_NAME_PRECISION_CONTROL,STAGE3G_AUTHORITATIVE_SAMPLE_NAME,7,3,5,597481,8.3684669470661e-06,1
W2025,SNPS,0000883241,SNPS,HIGH,FULL_AUTHORITATIVE_NAME_PRECISION_CONTROL,LATEST_IN_MEMBERSHIP_SEC_NPORT_NAME,7,7,55,597481,9.205313641772708e-05,1
W2025,SO,0000092122,SO,LOW,CONSERVATIVE_LEGAL_CORE,LATEST_IN_MEMBERSHIP_SEC_NPORT_NAME,7,7,31,597481,5.1884495071809814e-05,1
W2025,SOLS,0002064953,SOLS,LOW,CONSERVATIVE_LEGAL_CORE,STAGE3I_MEMBERSHIP_NAME,7,0,0,597481,0.0,0
W2025,SOLV,0001964738,SOLV,HIGH,FULL_AUTHORITATIVE_NAME_PRECISION_CONTROL,STAGE3G_AUTHORITATIVE_SAMPLE_NAME,7,2,2,597481,3.3473867788264395e-06,1
W2025,SPG,0001063761,SPG,LOW,CONSERVATIVE_LEGAL_CORE,LATEST_IN_MEMBERSHIP_SEC_NPORT_NAME,7,6,13,597481,2.1758014062371856e-05,1
W2025,SPGI,0000064040,SPGI,LOW,CONSERVATIVE_LEGAL_CORE,LATEST_IN_MEMBERSHIP_SEC_NPORT_NAME,7,0,0,597481,0.0,0
W2025,SRE,0001032208,SRE,HIGH,FULL_AUTHORITATIVE_NAME_PRECISION_CONTROL,LATEST_IN_MEMBERSHIP_SEC_NPORT_NAME,7,0,0,597481,0.0,0
W2025,STE,0001757898,STE,HIGH,FULL_AUTHORITATIVE_NAME_PRECISION_CONTROL,LATEST_IN_MEMBERSHIP_SEC_NPORT_NAME,7,0,0,597481,0.0,0
W2025,STLD,0001022671,STLD,MEDIUM,CONSERVATIVE_LEGAL_CORE,LATEST_IN_MEMBERSHIP_SEC_NPORT_NAME,7,4,6,597481,1.004216033647932e-05,1
W2025,STT,0000093751,STT,MEDIUM,CONSERVATIVE_LEGAL_CORE,LATEST_IN_MEMBERSHIP_SEC_NPORT_NAME,7,0,0,597481,0.0,0
W2025,STX,0001137789,STX,MEDIUM,CONSERVATIVE_LEGAL_CORE,STAGE3G_AUTHORITATIVE_SAMPLE_NAME,7,4,7,597481,1.1715853725892539e-05,1
W2025,STZ,0000016918,STZ,LOW,CONSERVATIVE_LEGAL_CORE,LATEST_IN_MEMBERSHIP_SEC_NPORT_NAME,7,3,5,597481,8.3684669470661e-06,1
W2025,SW,0002005951,SW,MEDIUM,CONSERVATIVE_LEGAL_CORE,LATEST_IN_MEMBERSHIP_SEC_NPORT_NAME,7,3,3,597481,5.02108016823966e-06,1
W2025,SWK,0000093556,SWK,LOW,CONSERVATIVE_LEGAL_CORE,LATEST_IN_MEMBERSHIP_SEC_NPORT_NAME,7,0,0,597481,0.0,0
W2025,SWKS,0000004127,SWKS,MEDIUM,CONSERVATIVE_LEGAL_CORE,LATEST_IN_MEMBERSHIP_SEC_NPORT_NAME,7,3,5,597481,8.3684669470661e-06,1
W2025,SYF,0001601712,SYF,MEDIUM,CONSERVATIVE_LEGAL_CORE,LATEST_IN_MEMBERSHIP_SEC_NPORT_NAME,7,0,0,597481,0.0,0
W2025,SYK,0000310764,SYK,HIGH,FULL_AUTHORITATIVE_NAME_PRECISION_CONTROL,LATEST_IN_MEMBERSHIP_SEC_NPORT_NAME,7,0,0,597481,0.0,0
W2025,SYY,0000096021,SYY,HIGH,FULL_AUTHORITATIVE_NAME_PRECISION_CONTROL,LATEST_IN_MEMBERSHIP_SEC_NPORT_NAME,7,1,1,597481,1.6736933894132197e-06,1
W2025,T,0000732717,T,HIGH,FULL_AUTHORITATIVE_NAME_PRECISION_CONTROL,LATEST_IN_MEMBERSHIP_SEC_NPORT_NAME,7,0,0,597481,0.0,0
W2025,TAP,0000024545,TAP,LOW,CONSERVATIVE_LEGAL_CORE,LATEST_IN_MEMBERSHIP_SEC_NPORT_NAME,7,4,12,597481,2.008432067295864e-05,1
W2025,TDG,0001260221,TDG,MEDIUM,CONSERVATIVE_LEGAL_CORE,LATEST_IN_MEMBERSHIP_SEC_NPORT_NAME,7,4,10,597481,1.67369338941322e-05,1
W2025,TDY,0001094285,TDY,MEDIUM,CONSERVATIVE_LEGAL_CORE,LATEST_IN_MEMBERSHIP_SEC_NPORT_NAME,7,6,15,597481,2.5105400841198298e-05,1
W2025,TECH,0000842023,TECH,MEDIUM,CONSERVATIVE_LEGAL_CORE,LATEST_IN_MEMBERSHIP_SEC_NPORT_NAME,7,3,3,597481,5.02108016823966e-06,1
W2025,TEL,0001385157,TEL,MEDIUM,CONSERVATIVE_LEGAL_CORE,LATEST_IN_MEMBERSHIP_SEC_NPORT_NAME,7,0,0,597481,0.0,0
W2025,TER,0000097210,TER,HIGH,FULL_AUTHORITATIVE_NAME_PRECISION_CONTROL,LATEST_IN_MEMBERSHIP_SEC_NPORT_NAME,7,7,10,597481,1.67369338941322e-05,1
W2025,TFC,0000092230,TFC,MEDIUM,CONSERVATIVE_LEGAL_CORE,LATEST_IN_MEMBERSHIP_SEC_NPORT_NAME,7,7,51,597481,8.535836286007421e-05,1
W2025,TGT,0000027419,TGT,HIGH,FULL_AUTHORITATIVE_NAME_PRECISION_CONTROL,LATEST_IN_MEMBERSHIP_SEC_NPORT_NAME,7,0,0,597481,0.0,0
W2025,TJX,0000109198,TJX,MEDIUM,CONSERVATIVE_LEGAL_CORE,STAGE3G_AUTHORITATIVE_SAMPLE_NAME,7,0,0,597481,0.0,0
W2025,TKO,0001973266,TKO,MEDIUM,CONSERVATIVE_LEGAL_CORE,STAGE3G_AUTHORITATIVE_SAMPLE_NAME,7,1,1,597481,1.6736933894132197e-06,1
W2025,TMO,0000097745,TMO,LOW,CONSERVATIVE_LEGAL_CORE,LATEST_IN_MEMBERSHIP_SEC_NPORT_NAME,7,7,39,597481,6.527404218711558e-05,1
W2025,TMUS,0001283699,TMUS,LOW,CONSERVATIVE_LEGAL_CORE,LATEST_IN_MEMBERSHIP_SEC_NPORT_NAME,7,0,0,597481,0.0,0
W2025,TPL,0001811074,TPL,LOW,CONSERVATIVE_LEGAL_CORE,LATEST_IN_MEMBERSHIP_SEC_NPORT_NAME,7,4,5,597481,8.3684669470661e-06,1
W2025,TPR,0001116132,TPR,HIGH,FULL_AUTHORITATIVE_NAME_PRECISION_CONTROL,LATEST_IN_MEMBERSHIP_SEC_NPORT_NAME,7,5,7,597481,1.1715853725892539e-05,1
W2025,TRGP,0001389170,TRGP,MEDIUM,CONSERVATIVE_LEGAL_CORE,LATEST_IN_MEMBERSHIP_SEC_NPORT_NAME,7,1,2,597481,3.3473867788264395e-06,1
W2025,TRMB,0000864749,TRMB,HIGH,FULL_AUTHORITATIVE_NAME_PRECISION_CONTROL,LATEST_IN_MEMBERSHIP_SEC_NPORT_NAME,7,3,4,597481,6.694773557652879e-06,1
W2025,TROW,,TROW,LOW,CONSERVATIVE_LEGAL_CORE,LATEST_IN_MEMBERSHIP_SEC_NPORT_NAME,7,4,7,597481,1.1715853725892539e-05,1
W2025,TRV,0000086312,TRV,LOW,CONSERVATIVE_LEGAL_CORE,LATEST_IN_MEMBERSHIP_SEC_NPORT_NAME,7,0,0,597481,0.0,0
W2025,TSCO,0000916365,TSCO,MEDIUM,CONSERVATIVE_LEGAL_CORE,LATEST_IN_MEMBERSHIP_SEC_NPORT_NAME,7,6,14,597481,2.3431707451785077e-05,1
W2025,TSLA,0001318605,TSLA,HIGH,FULL_AUTHORITATIVE_NAME_PRECISION_CONTROL,LATEST_IN_MEMBERSHIP_SEC_NPORT_NAME,7,7,153,597481,0.0002560750885802226,1
W2025,TSN,0000100493,TSN,LOW,CONSERVATIVE_LEGAL_CORE,LATEST_IN_MEMBERSHIP_SEC_NPORT_NAME,7,6,38,597481,6.360034879770235e-05,1
W2025,TT,0001466258,TT,MEDIUM,CONSERVATIVE_LEGAL_CORE,LATEST_IN_MEMBERSHIP_SEC_NPORT_NAME,7,2,2,597481,3.3473867788264395e-06,1
W2025,TTD,0001671933,TTD,LOW,CONSERVATIVE_LEGAL_CORE,LATEST_IN_MEMBERSHIP_SEC_NPORT_NAME,7,0,0,597481,0.0,0
W2025,TTWO,0000946581,TTWO,LOW,CONSERVATIVE_LEGAL_CORE,LATEST_IN_MEMBERSHIP_SEC_NPORT_NAME,7,0,0,597481,0.0,0
W2025,TXN,0000097476,TXN,MEDIUM,CONSERVATIVE_LEGAL_CORE,LATEST_IN_MEMBERSHIP_SEC_NPORT_NAME,7,7,57,597481,9.540052319655353e-05,1
W2025,TXT,0000217346,TXT,HIGH,FULL_AUTHORITATIVE_NAME_PRECISION_CONTROL,LATEST_IN_MEMBERSHIP_SEC_NPORT_NAME,7,2,2,597481,3.3473867788264395e-06,1
W2025,TYL,0000860731,TYL,MEDIUM,CONSERVATIVE_LEGAL_CORE,LATEST_IN_MEMBERSHIP_SEC_NPORT_NAME,7,4,11,597481,1.8410627283545418e-05,1
W2025,UAL,0000100517,UAL,MEDIUM,CONSERVATIVE_LEGAL_CORE,LATEST_IN_MEMBERSHIP_SEC_NPORT_NAME,7,6,20,597481,3.34738677882644e-05,1
W2025,UBER,0001543151,UBER,MEDIUM,CONSERVATIVE_LEGAL_CORE,LATEST_IN_MEMBERSHIP_SEC_NPORT_NAME,7,7,34,597481,5.6905575240049474e-05,1
W2025,UDR,0000074208,UDR,HIGH,FULL_AUTHORITATIVE_NAME_PRECISION_CONTROL,LATEST_IN_MEMBERSHIP_SEC_NPORT_NAME,7,0,0,597481,0.0,0
W2025,UHS,0000352915,UHS,LOW,CONSERVATIVE_LEGAL_CORE,LATEST_IN_MEMBERSHIP_SEC_NPORT_NAME,7,0,0,597481,0.0,0
W2025,ULTA,0001403568,ULTA,MEDIUM,CONSERVATIVE_LEGAL_CORE,LATEST_IN_MEMBERSHIP_SEC_NPORT_NAME,7,2,7,597481,1.1715853725892539e-05,1
W2025,UNH,0000731766,UNH,MEDIUM,CONSERVATIVE_LEGAL_CORE,LATEST_IN_MEMBERSHIP_SEC_NPORT_NAME,7,7,95,597481,0.00015900087199425587,1
W2025,UNP,0000100885,UNP,MEDIUM,CONSERVATIVE_LEGAL_CORE,LATEST_IN_MEMBERSHIP_SEC_NPORT_NAME,7,7,75,597481,0.0001255270042059915,1
W2025,UPS,0001090727,UPS,LOW,CONSERVATIVE_LEGAL_CORE,LATEST_IN_MEMBERSHIP_SEC_NPORT_NAME,7,7,22,597481,3.6821254567090835e-05,1
W2025,URI,0001067701,URI,MEDIUM,CONSERVATIVE_LEGAL_CORE,LATEST_IN_MEMBERSHIP_SEC_NPORT_NAME,7,5,8,597481,1.3389547115305758e-05,1
W2025,USB,0000036104,USB,MEDIUM,CONSERVATIVE_LEGAL_CORE,LATEST_IN_MEMBERSHIP_SEC_NPORT_NAME,7,7,89,597481,0.00014895871165777658,1
W2025,V,0001403161,V,LOW,CONSERVATIVE_LEGAL_CORE,LATEST_IN_MEMBERSHIP_SEC_NPORT_NAME,7,7,727,597481,0.0012167750941034108,1
W2025,VICI,0001705696,VICI,MEDIUM,CONSERVATIVE_LEGAL_CORE,LATEST_IN_MEMBERSHIP_SEC_NPORT_NAME,7,4,6,597481,1.004216033647932e-05,1
W2025,VLO,,VLO,MEDIUM,CONSERVATIVE_LEGAL_CORE,LATEST_IN_MEMBERSHIP_SEC_NPORT_NAME,7,4,13,597481,2.1758014062371856e-05,1
W2025,VLTO,0001967680,VLTO,HIGH,FULL_AUTHORITATIVE_NAME_PRECISION_CONTROL,LATEST_IN_MEMBERSHIP_SEC_NPORT_NAME,7,0,0,597481,0.0,0
W2025,VMC,0001396009,VMC,MEDIUM,CONSERVATIVE_LEGAL_CORE,LATEST_IN_MEMBERSHIP_SEC_NPORT_NAME,7,5,14,597481,2.3431707451785077e-05,1
W2025,VRSK,0001442145,VRSK,MEDIUM,CONSERVATIVE_LEGAL_CORE,LATEST_IN_MEMBERSHIP_SEC_NPORT_NAME,7,5,10,597481,1.67369338941322e-05,1
W2025,VRSN,0001014473,VRSN,HIGH,FULL_AUTHORITATIVE_NAME_PRECISION_CONTROL,LATEST_IN_MEMBERSHIP_SEC_NPORT_NAME,7,3,5,597481,8.3684669470661e-06,1
W2025,VRTX,0000875320,VRTX,MEDIUM,CONSERVATIVE_LEGAL_CORE,LATEST_IN_MEMBERSHIP_SEC_NPORT_NAME,7,6,23,597481,3.849494795650406e-05,1
W2025,VST,0001692819,VST,HIGH,FULL_AUTHORITATIVE_NAME_PRECISION_CONTROL,LATEST_IN_MEMBERSHIP_SEC_NPORT_NAME,7,5,9,597481,1.5063240504718979e-05,1
W2025,VTR,0000740260,VTR,HIGH,FULL_AUTHORITATIVE_NAME_PRECISION_CONTROL,LATEST_IN_MEMBERSHIP_SEC_NPORT_NAME,7,2,2,597481,3.3473867788264395e-06,1
W2025,VTRS,0001792044,VTRS,HIGH,FULL_AUTHORITATIVE_NAME_PRECISION_CONTROL,LATEST_IN_MEMBERSHIP_SEC_NPORT_NAME,7,3,5,597481,8.3684669470661e-06,1
W2025,VZ,0000732712,VZ,MEDIUM,CONSERVATIVE_LEGAL_CORE,LATEST_IN_MEMBERSHIP_SEC_NPORT_NAME,7,7,41,597481,6.862142896594201e-05,1
W2025,WAB,0000943452,WAB,HIGH,FULL_AUTHORITATIVE_NAME_PRECISION_CONTROL,LATEST_IN_MEMBERSHIP_SEC_NPORT_NAME,7,0,0,597481,0.0,0
W2025,WAT,,WAT,HIGH,FULL_AUTHORITATIVE_NAME_PRECISION_CONTROL,LATEST_IN_MEMBERSHIP_SEC_NPORT_NAME,7,2,3,597481,5.02108016823966e-06,1
W2025,WBD,0001437107,WBD,LOW,CONSERVATIVE_LEGAL_CORE,STAGE3G_AUTHORITATIVE_SAMPLE_NAME,7,3,12,597481,2.008432067295864e-05,1
W2025,WDAY,0001327811,WDAY,HIGH,FULL_AUTHORITATIVE_NAME_PRECISION_CONTROL,LATEST_IN_MEMBERSHIP_SEC_NPORT_NAME,7,2,2,597481,3.3473867788264395e-06,1
W2025,WDC,0000106040,WDC,MEDIUM,CONSERVATIVE_LEGAL_CORE,LATEST_IN_MEMBERSHIP_SEC_NPORT_NAME,7,6,12,597481,2.008432067295864e-05,1
W2025,WEC,0000783325,WEC,LOW,CONSERVATIVE_LEGAL_CORE,LATEST_IN_MEMBERSHIP_SEC_NPORT_NAME,7,2,2,597481,3.3473867788264395e-06,1
W2025,WELL,0000766704,WELL,HIGH,FULL_AUTHORITATIVE_NAME_PRECISION_CONTROL,LATEST_IN_MEMBERSHIP_SEC_NPORT_NAME,7,6,15,597481,2.5105400841198298e-05,1
W2025,WFC,0000072971,WFC,MEDIUM,CONSERVATIVE_LEGAL_CORE,STAGE3G_AUTHORITATIVE_SAMPLE_NAME,7,0,0,597481,0.0,0
W2025,WM,0000823768,WM,MEDIUM,CONSERVATIVE_LEGAL_CORE,LATEST_IN_MEMBERSHIP_SEC_NPORT_NAME,7,6,12,597481,2.008432067295864e-05,1
W2025,WMB,,WMB,MEDIUM,CONSERVATIVE_LEGAL_CORE,LATEST_IN_MEMBERSHIP_SEC_NPORT_NAME,7,1,1,597481,1.6736933894132197e-06,1
W2025,WMT,0000104169,WMT,HIGH,FULL_AUTHORITATIVE_NAME_PRECISION_CONTROL,LATEST_IN_MEMBERSHIP_SEC_NPORT_NAME,7,7,49,597481,8.201097608124777e-05,1
W2025,WRB,0000011544,WRB,MEDIUM,CONSERVATIVE_LEGAL_CORE,STAGE3G_AUTHORITATIVE_SAMPLE_NAME,7,2,3,597481,5.02108016823966e-06,1
W2025,WSM,0000719955,WSM,MEDIUM,CONSERVATIVE_LEGAL_CORE,LATEST_IN_MEMBERSHIP_SEC_NPORT_NAME,7,7,41,597481,6.862142896594201e-05,1
W2025,WST,0000105770,WST,LOW,CONSERVATIVE_LEGAL_CORE,LATEST_IN_MEMBERSHIP_SEC_NPORT_NAME,7,0,0,597481,0.0,0
W2025,WTW,0001140536,WTW,LOW,CONSERVATIVE_LEGAL_CORE,LATEST_IN_MEMBERSHIP_SEC_NPORT_NAME,7,0,0,597481,0.0,0
W2025,WY,0000106535,WY,HIGH,FULL_AUTHORITATIVE_NAME_PRECISION_CONTROL,LATEST_IN_MEMBERSHIP_SEC_NPORT_NAME,7,1,1,597481,1.6736933894132197e-06,1
W2025,WYNN,0001174922,WYNN,MEDIUM,CONSERVATIVE_LEGAL_CORE,LATEST_IN_MEMBERSHIP_SEC_NPORT_NAME,7,5,17,597481,2.8452787620024737e-05,1
W2025,XEL,0000072903,XEL,MEDIUM,CONSERVATIVE_LEGAL_CORE,LATEST_IN_MEMBERSHIP_SEC_NPORT_NAME,7,7,61,597481,0.0001020952967542064,1
W2025,XOM,0000034088,XOM,HIGH,FULL_AUTHORITATIVE_NAME_PRECISION_CONTROL,STAGE3G_AUTHORITATIVE_SAMPLE_NAME,7,7,51,597481,8.535836286007421e-05,1
W2025,XYL,0001524472,XYL,HIGH,FULL_AUTHORITATIVE_NAME_PRECISION_CONTROL,STAGE3G_AUTHORITATIVE_SAMPLE_NAME,7,2,4,597481,6.694773557652879e-06,1
W2025,XYZ,0001512673,XYZ,HIGH,FULL_AUTHORITATIVE_NAME_PRECISION_CONTROL,STAGE3G_AUTHORITATIVE_SAMPLE_NAME,7,4,5,597481,8.3684669470661e-06,1
W2025,YUM,0001041061,YUM,MEDIUM,CONSERVATIVE_LEGAL_CORE,LATEST_IN_MEMBERSHIP_SEC_NPORT_NAME,7,3,4,597481,6.694773557652879e-06,1
W2025,ZBH,0001136869,ZBH,MEDIUM,CONSERVATIVE_LEGAL_CORE,LATEST_IN_MEMBERSHIP_SEC_NPORT_NAME,7,3,3,597481,5.02108016823966e-06,1
W2025,ZBRA,0000877212,ZBRA,LOW,CONSERVATIVE_LEGAL_CORE,LATEST_IN_MEMBERSHIP_SEC_NPORT_NAME,7,2,4,597481,6.694773557652879e-06,1
W2025,ZTS,0001555280,ZTS,HIGH,FULL_AUTHORITATIVE_NAME_PRECISION_CONTROL,LATEST_IN_MEMBERSHIP_SEC_NPORT_NAME,7,4,8,597481,1.3389547115305758e-05,1
