security_key,latest_project_ticker,canonical_company_name,project_name_key,structural_ambiguity_tier,stage3b_mapping_status,candidate_sec_cik,sec_nport_observation_rows,sec_nport_in_membership_rows,sec_nport_pre_window_support_rows,sec_nport_unique_name_count,sec_nport_name_keys_pipe,sec_nport_raw_names_pipe,sec_nport_first_observed_date,sec_nport_last_observed_date,project_current_name_seen_in_sec_nport_flag,mapped_alias_event_count,project_period_alias_event_count,sec_former_name_count_for_cik,project_period_sec_former_name_count,pit_name_evidence_status,pit_name_review_flag
BXP,BXP,BXP INC,BXP,HIGH,AUTO_SOURCE_AGREEMENT,0001037540,21,20,1,2,BOSTON PROPERTIES|BXP,BXP Inc|Boston Properties Inc,2020-12-31,2025-12-31,1,0,0,1,1,REVIEW_MULTIPLE_SEC_NPORT_NAMES,1
CCI,CCI,CROWN CASTLE INC,CROWN CASTLE,MEDIUM,AUTO_SOURCE_AGREEMENT,0001051470,21,20,1,2,CROWN CASTLE|CROWN CASTLE INTERNATIONAL,Crown Castle Inc|Crown Castle International Corp,2020-12-31,2025-12-31,1,0,0,1,1,REVIEW_MULTIPLE_SEC_NPORT_NAMES,1
CI,CI,THE CIGNA GROUP,CIGNA GROUP,LOW,REVIEW_TICKER_ONLY,0001739940,21,20,1,2,CIGNA|CIGNA GROUP,Cigna Corp|Cigna Group/The,2020-12-31,2025-12-31,1,0,0,2,1,REVIEW_MULTIPLE_SEC_NPORT_NAMES,1
COR,COR,CENCORA INC,CENCORA,HIGH,AUTO_SOURCE_AGREEMENT,0001140859,21,20,1,2,AMERISOURCEBERGEN|CENCORA,AmerisourceBergen Corp|Cencora Inc,2020-12-31,2025-12-31,1,0,0,2,1,REVIEW_MULTIPLE_SEC_NPORT_NAMES,1
CPAY,CPAY,CORPAY INC,CORPAY,HIGH,AUTO_SOURCE_AGREEMENT,0001175454,21,20,1,2,CORPAY|FLEETCOR TECHNOLOGIES,Corpay Inc|FleetCor Technologies Inc,2020-12-31,2025-12-31,1,0,0,1,1,REVIEW_MULTIPLE_SEC_NPORT_NAMES,1
CPB,CPB,The Campbell's Company,CAMPBELL S,LOW,REVIEW_TICKER_ONLY,0000016732,21,20,1,2,CAMPBELL S|CAMPBELL SOUP,Campbell Soup Co|Campbell's Company/The|The Campbell's Company,2020-12-31,2025-12-31,1,0,0,1,1,REVIEW_MULTIPLE_SEC_NPORT_NAMES,1
CRM,CRM,SALESFORCE INC,SALESFORCE,HIGH,AUTO_SOURCE_AGREEMENT,0001108524,21,20,1,2,SALESFORCE|SALESFORCE COM,Salesforce Inc|salesforce.com Inc,2020-12-31,2025-12-31,1,0,0,2,1,REVIEW_MULTIPLE_SEC_NPORT_NAMES,1
CSCO,CSCO,CISCO SYSTEMS INC,CISCO SYSTEMS,MEDIUM,AUTO_SOURCE_AGREEMENT,0000858877,21,20,1,2,CISCO SYSTEMS|CISCO SYSTEMS INC DELAWARE,Cisco Systems Inc|Cisco Systems Inc/Delaware,2020-12-31,2025-12-31,1,0,0,2,1,REVIEW_MULTIPLE_SEC_NPORT_NAMES,1
CTRA,CTRA,Coterra Energy,COTERRA ENERGY,MEDIUM,UNRESOLVED,,21,20,1,2,CABOT OIL AND GAS|COTERRA ENERGY,Cabot Oil & Gas Corp|Coterra Energy Inc,2020-12-31,2025-12-31,1,0,0,0,0,REVIEW_MULTIPLE_SEC_NPORT_NAMES,1
DAY,DAY,Ceridian HCM Holding,CERIDIAN HCM,MEDIUM,UNRESOLVED,,18,18,0,2,CERIDIAN HCM|DAYFORCE,Ceridian HCM Holding Inc|Dayforce Inc,2021-09-30,2025-12-31,1,1,1,0,0,REVIEW_MULTIPLE_SEC_NPORT_NAMES,1
EG,EG,EVEREST GROUP LTD,EVEREST GROUP,MEDIUM,AUTO_SOURCE_AGREEMENT,0001095073,21,20,1,2,EVEREST GROUP|EVEREST RE GROUP,Everest Group Ltd|Everest Re Group Ltd,2020-12-31,2025-12-31,1,0,0,2,1,REVIEW_MULTIPLE_SEC_NPORT_NAMES,1
ELV,ELV,ELEVANCE HEALTH INC,ELEVANCE HEALTH,MEDIUM,AUTO_SOURCE_AGREEMENT,0001156039,21,20,1,2,ANTHEM|ELEVANCE HEALTH,Anthem Inc|Elevance Health Inc,2020-12-31,2025-12-31,1,0,0,4,1,REVIEW_MULTIPLE_SEC_NPORT_NAMES,1
FFIV,FFIV,F5 INC,F5,HIGH,AUTO_SOURCE_AGREEMENT,0001048695,21,20,1,2,F5|F5 NETWORKS,F5 Inc|F5 Networks Inc,2020-12-31,2025-12-31,1,0,0,2,1,REVIEW_MULTIPLE_SEC_NPORT_NAMES,1
FRT,FRT,FEDERAL REALTY INVS TRUST,FEDERAL REALTY INVS TRUST,LOW,REVIEW_TICKER_ONLY,0000034903,16,16,0,2,FEDERAL REALTY INVESTMENT TRUST|FEDERAL REALTY OP LP,Federal Realty Investment Trust|Federal Realty OP LP,2022-03-31,2025-12-31,0,0,0,0,0,REVIEW_MULTIPLE_SEC_NPORT_NAMES,1
GEN,GEN,GEN DIGITAL INC,GEN DIGITAL,MEDIUM,AUTO_SOURCE_AGREEMENT,0000849399,21,20,1,2,GEN DIGITAL|NORTONLIFELOCK,Gen Digital Inc|NortonLifeLock Inc,2020-12-31,2025-12-31,1,0,0,2,1,REVIEW_MULTIPLE_SEC_NPORT_NAMES,1
HIG,HIG,HARTFORD INSURANCE GROUP INC,HARTFORD INSURANCE GROUP,LOW,AUTO_SOURCE_AGREEMENT,0000874766,21,20,1,2,HARTFORD FINANCIAL SERVICES GROUP|HARTFORD INSURANCE GROUP,Hartford Financial Services Group Inc/The|Hartford Insurance Group Inc/The,2020-12-31,2025-12-31,1,0,0,4,2,REVIEW_MULTIPLE_SEC_NPORT_NAMES,1
META,META,META PLATFORMS INC CLASS A,META PLATFORMS,LOW,REVIEW_TICKER_ONLY,0001326801,21,20,1,2,FACEBOOK|META PLATFORMS,Facebook Inc|Meta Platforms Inc,2020-12-31,2025-12-31,1,0,0,1,1,REVIEW_MULTIPLE_SEC_NPORT_NAMES,1
RTX,RTX,RTX CORP,RTX,HIGH,AUTO_SOURCE_AGREEMENT,0000101829,21,20,1,2,RAYTHEON TECHNOLOGIES|RTX,RTX Corp|Raytheon Technologies Corp,2020-12-31,2025-12-31,1,0,0,2,1,REVIEW_MULTIPLE_SEC_NPORT_NAMES,1
RVTY,RVTY,REVVITY INC,REVVITY,HIGH,AUTO_SOURCE_AGREEMENT,0000031791,21,20,1,2,PERKINELMER|REVVITY,PerkinElmer Inc|Revvity Inc,2020-12-31,2025-12-31,1,0,0,2,1,REVIEW_MULTIPLE_SEC_NPORT_NAMES,1
SLB,SLB,SLB LTD,SLB,HIGH,REVIEW_TICKER_ONLY,0000087347,14,14,0,2,SCHLUMBERGER NV|SLB,SLB Ltd|Schlumberger NV,2022-03-31,2025-12-31,1,0,0,3,1,REVIEW_MULTIPLE_SEC_NPORT_NAMES,1
SRE,SRE,SEMPRA,SEMPRA,HIGH,AUTO_SOURCE_AGREEMENT,0001032208,21,20,1,2,SEMPRA|SEMPRA ENERGY,Sempra|Sempra Energy,2020-12-31,2025-12-31,1,0,0,2,1,REVIEW_MULTIPLE_SEC_NPORT_NAMES,1
AAL,AAL,American Airlines Group,AMERICAN AIRLINES GROUP,LOW,REVIEW_TICKER_ONLY,0000006201,0,0,0,0,,,,,0,0,0,1,0,REVIEW_NO_MAPPED_SEC_NPORT_NAME,1
AAP,AAP,Advance Auto Parts,ADVANCE AUTO PARTS,LOW,REVIEW_TICKER_ONLY,0001158449,0,0,0,0,,,,,0,0,0,0,0,REVIEW_NO_MAPPED_SEC_NPORT_NAME,1
ABMD,ABMD,Abiomed,ABIOMED,HIGH,UNRESOLVED,,0,0,0,0,,,,,0,0,0,0,0,REVIEW_NO_MAPPED_SEC_NPORT_NAME,1
ALK,ALK,Alaska Air Group,ALASKA AIR GROUP,LOW,REVIEW_TICKER_ONLY,0000766421,0,0,0,0,,,,,0,0,0,1,0,REVIEW_NO_MAPPED_SEC_NPORT_NAME,1
ALXN,ALXN,Alexion Pharmaceuticals,ALEXION PHARMACEUTICALS,MEDIUM,UNRESOLVED,,0,0,0,0,,,,,0,0,0,0,0,REVIEW_NO_MAPPED_SEC_NPORT_NAME,1
AMTM,AMTM,Amentum,AMENTUM,HIGH,REVIEW_TICKER_ONLY,0002011286,0,0,0,0,,,,,0,0,0,1,1,REVIEW_NO_MAPPED_SEC_NPORT_NAME,1
ANSS,ANSS,ANSYS,ANSYS,HIGH,UNRESOLVED,,0,0,0,0,,,,,0,0,0,0,0,REVIEW_NO_MAPPED_SEC_NPORT_NAME,1
ATVI,ATVI,Activision Blizzard,ACTIVISION BLIZZARD,MEDIUM,UNRESOLVED,,0,0,0,0,,,,,0,0,0,0,0,REVIEW_NO_MAPPED_SEC_NPORT_NAME,1
BBWI,BBWI,Bath & Body Works,BATH AND BODY WORKS,LOW,REVIEW_TICKER_ONLY,0000701985,0,0,0,0,,,,,0,0,0,3,1,REVIEW_NO_MAPPED_SEC_NPORT_NAME,1
BIO,BIO,Bio-Rad Laboratories,BIO RAD LABORATORIES,LOW,REVIEW_TICKER_ONLY,0000012208,0,0,0,0,,,,,0,0,0,1,0,REVIEW_NO_MAPPED_SEC_NPORT_NAME,1
BWA,BWA,Borgwarner,BORGWARNER,HIGH,REVIEW_TICKER_ONLY,0000908255,0,0,0,0,,,,,0,0,0,1,0,REVIEW_NO_MAPPED_SEC_NPORT_NAME,1
CE,CE,Celanese,CELANESE,HIGH,REVIEW_TICKER_ONLY,0001306830,0,0,0,0,,,,,0,0,0,0,0,REVIEW_NO_MAPPED_SEC_NPORT_NAME,1
CERN,CERN,Cerner,CERNER,HIGH,UNRESOLVED,,0,0,0,0,,,,,0,0,0,0,0,REVIEW_NO_MAPPED_SEC_NPORT_NAME,1
CMA,CMA,Comerica,COMERICA,HIGH,UNRESOLVED,,0,0,0,0,,,,,0,0,0,0,0,REVIEW_NO_MAPPED_SEC_NPORT_NAME,1
CTLT,CTLT,Catalent,CATALENT,HIGH,UNRESOLVED,,0,0,0,0,,,,,0,0,0,0,0,REVIEW_NO_MAPPED_SEC_NPORT_NAME,1
CTXS,CTXS,Citrix Systems,CITRIX SYSTEMS,MEDIUM,UNRESOLVED,,0,0,0,0,,,,,0,0,0,0,0,REVIEW_NO_MAPPED_SEC_NPORT_NAME,1
CXO,CXO,Concho Resources,CONCHO RESOURCES,MEDIUM,UNRESOLVED,,0,0,0,0,,,,,0,0,0,0,0,REVIEW_NO_MAPPED_SEC_NPORT_NAME,1
CZR,CZR,Caesars Entertainment,CAESARS ENTERTAINMENT,MEDIUM,REVIEW_TICKER_ONLY,0001590895,0,0,0,0,,,,,0,0,0,2,0,REVIEW_NO_MAPPED_SEC_NPORT_NAME,1
DFS,DFS,Discover Financial Services,DISCOVER FINANCIAL SERVICES,LOW,AUTO_UNIQUE_EXACT_NAME,0001393612,0,0,0,0,,,,,0,0,0,0,0,REVIEW_NO_MAPPED_SEC_NPORT_NAME,1
DISCA,DISCA,Discovery Inc Class A,DISCOVERY,LOW,UNRESOLVED,,0,0,0,0,,,,,0,0,0,0,0,REVIEW_NO_MAPPED_SEC_NPORT_NAME,1
DISCK,DISCK,Discovery Inc Class C,DISCOVERY,LOW,UNRESOLVED,,0,0,0,0,,,,,0,0,0,0,0,REVIEW_NO_MAPPED_SEC_NPORT_NAME,1
DISH,DISH,DISH Network,DISH NETWORK,MEDIUM,UNRESOLVED,,0,0,0,0,,,,,0,0,0,0,0,REVIEW_NO_MAPPED_SEC_NPORT_NAME,1
DRE,DRE,Duke Realty,DUKE REALTY,MEDIUM,UNRESOLVED,,0,0,0,0,,,,,0,0,0,0,0,REVIEW_NO_MAPPED_SEC_NPORT_NAME,1
DXC,DXC,DXC Technologies,DXC TECHNOLOGIES,MEDIUM,REVIEW_TICKER_ONLY,0001688568,0,0,0,0,,,,,0,0,0,1,0,REVIEW_NO_MAPPED_SEC_NPORT_NAME,1
EMN,EMN,Eastman Chemical Co,EASTMAN CHEMICAL,MEDIUM,AUTO_SOURCE_AGREEMENT,0000915389,0,0,0,0,,,,,0,0,0,0,0,REVIEW_NO_MAPPED_SEC_NPORT_NAME,1
ENPH,ENPH,Enphase Energy,ENPHASE ENERGY,MEDIUM,REVIEW_TICKER_ONLY,0001463101,0,0,0,0,,,,,0,0,0,0,0,REVIEW_NO_MAPPED_SEC_NPORT_NAME,1
EPAM,EPAM,EPAM Systems,EPAM SYSTEMS,MEDIUM,REVIEW_TICKER_ONLY,0001352010,0,0,0,0,,,,,0,0,0,1,0,REVIEW_NO_MAPPED_SEC_NPORT_NAME,1
ETSY,ETSY,Etsy,ETSY,HIGH,REVIEW_TICKER_ONLY,0001370637,0,0,0,0,,,,,0,0,0,0,0,REVIEW_NO_MAPPED_SEC_NPORT_NAME,1
FBHS,FBHS,Fortune Brands Home & Security,FORTUNE BRANDS HOME AND SECURITY,LOW,UNRESOLVED,,0,0,0,0,,,,,0,0,0,0,0,REVIEW_NO_MAPPED_SEC_NPORT_NAME,1
FLIR,FLIR,FLIR Systems,FLIR SYSTEMS,MEDIUM,UNRESOLVED,,0,0,0,0,,,,,0,0,0,0,0,REVIEW_NO_MAPPED_SEC_NPORT_NAME,1
FLS,FLS,Flowserve,FLOWSERVE,HIGH,REVIEW_TICKER_ONLY,0000030625,0,0,0,0,,,,,0,0,0,2,0,REVIEW_NO_MAPPED_SEC_NPORT_NAME,1
FMC,FMC,FMC,FMC,HIGH,REVIEW_TICKER_ONLY,0000037785,0,0,0,0,,,,,0,0,0,0,0,REVIEW_NO_MAPPED_SEC_NPORT_NAME,1
FRC,FRC,First Republic Bank,FIRST REPUBLIC BANK,LOW,AUTO_UNIQUE_EXACT_NAME,0001132979,0,0,0,0,,,,,0,0,0,0,0,REVIEW_NO_MAPPED_SEC_NPORT_NAME,1
FTI,FTI,TechnipFMC,TECHNIPFMC,HIGH,REVIEW_TICKER_ONLY,0001681459,0,0,0,0,,,,,0,0,0,1,0,REVIEW_NO_MAPPED_SEC_NPORT_NAME,1
FTRE,FTRE,Fortrea Holdings,FORTREA,HIGH,REVIEW_TICKER_ONLY,0001965040,0,0,0,0,,,,,0,0,0,1,1,REVIEW_NO_MAPPED_SEC_NPORT_NAME,1
GPS,GPS,Gap,GAP,HIGH,UNRESOLVED,,0,0,0,0,,,,,0,0,0,0,0,REVIEW_NO_MAPPED_SEC_NPORT_NAME,1
HBI,HBI,Hanesbrands,HANESBRANDS,HIGH,UNRESOLVED,,0,0,0,0,,,,,0,0,0,0,0,REVIEW_NO_MAPPED_SEC_NPORT_NAME,1
HES,HES,Hess,HESS,HIGH,UNRESOLVED,,0,0,0,0,,,,,0,0,0,0,0,REVIEW_NO_MAPPED_SEC_NPORT_NAME,1
HFC,HFC,HollyFrontier,HOLLYFRONTIER,HIGH,UNRESOLVED,,0,0,0,0,,,,,0,0,0,0,0,REVIEW_NO_MAPPED_SEC_NPORT_NAME,1
ILMN,ILMN,Illumina,ILLUMINA,HIGH,REVIEW_TICKER_ONLY,0001110803,0,0,0,0,,,,,0,0,0,1,0,REVIEW_NO_MAPPED_SEC_NPORT_NAME,1
INFO,INFO,IHS Markit,IHS MARKIT,MEDIUM,UNRESOLVED,,0,0,0,0,,,,,0,0,0,0,0,REVIEW_NO_MAPPED_SEC_NPORT_NAME,1
IPG,IPG,Interpublic Group,INTERPUBLIC GROUP,MEDIUM,UNRESOLVED,,0,0,0,0,,,,,0,0,0,0,0,REVIEW_NO_MAPPED_SEC_NPORT_NAME,1
IPGP,IPGP,IPG Photonics,IPG PHOTONICS,MEDIUM,REVIEW_TICKER_ONLY,0001111928,0,0,0,0,,,,,0,0,0,0,0,REVIEW_NO_MAPPED_SEC_NPORT_NAME,1
JNPR,JNPR,Juniper Networks,JUNIPER NETWORKS,MEDIUM,UNRESOLVED,,0,0,0,0,,,,,0,0,0,0,0,REVIEW_NO_MAPPED_SEC_NPORT_NAME,1
K,K,Kellanova,KELLANOVA,HIGH,AUTO_UNIQUE_EXACT_NAME,0000055067,0,0,0,0,,,,,0,0,0,1,1,REVIEW_NO_MAPPED_SEC_NPORT_NAME,1
KMX,KMX,CarMax,CARMAX,HIGH,REVIEW_TICKER_ONLY,0001170010,0,0,0,0,,,,,0,0,0,0,0,REVIEW_NO_MAPPED_SEC_NPORT_NAME,1
KSU,KSU,Kansas City Southern,KANSAS CITY SOUTHERN,LOW,AUTO_UNIQUE_EXACT_NAME,0000054480,0,0,0,0,,,,,0,0,0,1,0,REVIEW_NO_MAPPED_SEC_NPORT_NAME,1
LEG,LEG,Leggett & Platt,LEGGETT AND PLATT,LOW,REVIEW_TICKER_ONLY,0000058492,0,0,0,0,,,,,0,0,0,0,0,REVIEW_NO_MAPPED_SEC_NPORT_NAME,1
LKQ,LKQ,LKQ,LKQ,HIGH,REVIEW_TICKER_ONLY,0001065696,0,0,0,0,,,,,0,0,0,1,1,REVIEW_NO_MAPPED_SEC_NPORT_NAME,1
LNC,LNC,Lincoln National,LINCOLN NATIONAL,MEDIUM,REVIEW_TICKER_ONLY,0000059558,0,0,0,0,,,,,0,0,0,1,0,REVIEW_NO_MAPPED_SEC_NPORT_NAME,1
LUMN,LUMN,Lumen Technologies,LUMEN TECHNOLOGIES,MEDIUM,REVIEW_TICKER_ONLY,0000018926,0,0,0,0,,,,,0,0,0,3,1,REVIEW_NO_MAPPED_SEC_NPORT_NAME,1
MBC,MBC,MasterBrand,MASTERBRAND,HIGH,REVIEW_TICKER_ONLY,0001941365,0,0,0,0,,,,,0,0,0,0,0,REVIEW_NO_MAPPED_SEC_NPORT_NAME,1
MHK,MHK,Mohawk Industries,MOHAWK INDUSTRIES,MEDIUM,REVIEW_TICKER_ONLY,0000851968,0,0,0,0,,,,,0,0,0,1,0,REVIEW_NO_MAPPED_SEC_NPORT_NAME,1
MKTX,MKTX,MarketAxess Holdings,MARKETAXESS,HIGH,REVIEW_TICKER_ONLY,0001278021,0,0,0,0,,,,,0,0,0,2,1,REVIEW_NO_MAPPED_SEC_NPORT_NAME,1
MOH,MOH,Molina Healthcare,MOLINA HEALTHCARE,MEDIUM,REVIEW_TICKER_ONLY,0001179929,0,0,0,0,,,,,0,0,0,1,0,REVIEW_NO_MAPPED_SEC_NPORT_NAME,1
MRO,MRO,Marathon Oil,MARATHON OIL,MEDIUM,UNRESOLVED,,0,0,0,0,,,,,0,0,0,0,0,REVIEW_NO_MAPPED_SEC_NPORT_NAME,1
MTCH,MTCH,Match Group,MATCH GROUP,MEDIUM,REVIEW_TICKER_ONLY,0000891103,0,0,0,0,,,,,0,0,0,6,0,REVIEW_NO_MAPPED_SEC_NPORT_NAME,1
MXIM,MXIM,Maxim Integrated Products,MAXIM INTEGRATED PRODUCTS,LOW,UNRESOLVED,,0,0,0,0,,,,,0,0,0,0,0,REVIEW_NO_MAPPED_SEC_NPORT_NAME,1
NLSN,NLSN,Nielsen Holdings,NIELSEN,HIGH,UNRESOLVED,,0,0,0,0,,,,,0,0,0,0,0,REVIEW_NO_MAPPED_SEC_NPORT_NAME,1
NOV,NOV,NOV,NOV,HIGH,REVIEW_TICKER_ONLY,0001021860,0,0,0,0,,,,,0,0,0,2,0,REVIEW_NO_MAPPED_SEC_NPORT_NAME,1
NWL,NWL,Newell Brands,NEWELL BRANDS,MEDIUM,REVIEW_TICKER_ONLY,0000814453,0,0,0,0,,,,,0,0,0,4,0,REVIEW_NO_MAPPED_SEC_NPORT_NAME,1
OGN,OGN,Organon,ORGANON,HIGH,REVIEW_TICKER_ONLY,0001821825,0,0,0,0,,,,,0,0,0,0,0,REVIEW_NO_MAPPED_SEC_NPORT_NAME,1
PBCT,PBCT,People's United Financial,PEOPLE S UNITED FINANCIAL,LOW,UNRESOLVED,,0,0,0,0,,,,,0,0,0,0,0,REVIEW_NO_MAPPED_SEC_NPORT_NAME,1
PENN,PENN,Penn National Gaming,PENN NATIONAL GAMING,LOW,REVIEW_TICKER_ONLY,0000921738,0,0,0,0,,,,,0,0,0,1,1,REVIEW_NO_MAPPED_SEC_NPORT_NAME,1
PHIN,PHIN,PHINIA,PHINIA,HIGH,REVIEW_TICKER_ONLY,0001968915,0,0,0,0,,,,,0,0,0,0,0,REVIEW_NO_MAPPED_SEC_NPORT_NAME,1
PRGO,PRGO,Perrigo Company,PERRIGO,HIGH,REVIEW_TICKER_ONLY,0001585364,0,0,0,0,,,,,0,0,0,1,0,REVIEW_NO_MAPPED_SEC_NPORT_NAME,1
PVH,PVH,PVH,PVH,HIGH,REVIEW_TICKER_ONLY,0000078239,0,0,0,0,,,,,0,0,0,1,0,REVIEW_NO_MAPPED_SEC_NPORT_NAME,1
PXD,PXD,Pioneer Natural Resources,PIONEER NATURAL RESOURCES,LOW,UNRESOLVED,,0,0,0,0,,,,,0,0,0,0,0,REVIEW_NO_MAPPED_SEC_NPORT_NAME,1
QRVO,QRVO,Qorvo,QORVO,HIGH,REVIEW_TICKER_ONLY,0001604778,0,0,0,0,,,,,0,0,0,1,0,REVIEW_NO_MAPPED_SEC_NPORT_NAME,1
RHI,RHI,Robert Half,ROBERT HALF,MEDIUM,REVIEW_TICKER_ONLY,0000315213,0,0,0,0,,,,,0,0,0,2,1,REVIEW_NO_MAPPED_SEC_NPORT_NAME,1
SBNY,SBNY,Signature Bank,SIGNATURE BANK,MEDIUM,UNRESOLVED,,0,0,0,0,,,,,0,0,0,0,0,REVIEW_NO_MAPPED_SEC_NPORT_NAME,1
SEDG,SEDG,SolarEdge Technologies,SOLAREDGE TECHNOLOGIES,MEDIUM,REVIEW_TICKER_ONLY,0001419612,0,0,0,0,,,,,0,0,0,1,0,REVIEW_NO_MAPPED_SEC_NPORT_NAME,1
SEE,SEE,Sealed Air,SEALED AIR,MEDIUM,UNRESOLVED,,0,0,0,0,,,,,0,0,0,0,0,REVIEW_NO_MAPPED_SEC_NPORT_NAME,1
SIVB,SIVB,SVB Financial Group,SVB FINANCIAL GROUP,LOW,AUTO_UNIQUE_EXACT_NAME,0000719739,0,0,0,0,,,,,0,0,0,1,0,REVIEW_NO_MAPPED_SEC_NPORT_NAME,1
SLG,SLG,SL Green Realty,SL GREEN REALTY,LOW,REVIEW_TICKER_ONLY,0001040971,0,0,0,0,,,,,0,0,0,0,0,REVIEW_NO_MAPPED_SEC_NPORT_NAME,1
SOLS,SOLS,Solstice Advance Materials,SOLSTICE ADVANCE MATERIALS,LOW,REVIEW_TICKER_ONLY,0002064953,0,0,0,0,,,,,0,0,0,1,1,REVIEW_NO_MAPPED_SEC_NPORT_NAME,1
TFX,TFX,Teleflex,TELEFLEX,HIGH,REVIEW_TICKER_ONLY,0000096943,0,0,0,0,,,,,0,0,0,0,0,REVIEW_NO_MAPPED_SEC_NPORT_NAME,1
TIF,TIF,Tiffany & Co,TIFFANY AND,MEDIUM,AUTO_UNIQUE_EXACT_NAME,0000098246,0,0,0,0,,,,,0,0,0,0,0,REVIEW_NO_MAPPED_SEC_NPORT_NAME,1
TWTR,TWTR,Twitter,TWITTER,HIGH,UNRESOLVED,,0,0,0,0,,,,,0,0,0,0,0,REVIEW_NO_MAPPED_SEC_NPORT_NAME,1
UA,UA,Under Armour Class C,UNDER ARMOUR,LOW,REVIEW_TICKER_ONLY,0001336917,0,0,0,0,,,,,0,0,0,0,0,REVIEW_NO_MAPPED_SEC_NPORT_NAME,1
UAA,UAA,Under Armour Class A,UNDER ARMOUR,LOW,REVIEW_TICKER_ONLY,0001336917,0,0,0,0,,,,,0,0,0,0,0,REVIEW_NO_MAPPED_SEC_NPORT_NAME,1
UNM,UNM,Unum Group,UNUM GROUP,MEDIUM,AUTO_SOURCE_AGREEMENT,0000005513,0,0,0,0,,,,,0,0,0,4,0,REVIEW_NO_MAPPED_SEC_NPORT_NAME,1
VAR,VAR,Varian Medical Systems,VARIAN MEDICAL SYSTEMS,LOW,UNRESOLVED,,0,0,0,0,,,,,0,0,0,0,0,REVIEW_NO_MAPPED_SEC_NPORT_NAME,1
VFC,VFC,V.F.,V F,HIGH,REVIEW_TICKER_ONLY,0000103379,0,0,0,0,,,,,0,0,0,2,0,REVIEW_NO_MAPPED_SEC_NPORT_NAME,1
VNO,VNO,Vornado Realty Trust,VORNADO REALTY TRUST,LOW,AUTO_SOURCE_AGREEMENT,0000899689,0,0,0,0,,,,,0,0,0,0,0,REVIEW_NO_MAPPED_SEC_NPORT_NAME,1
VNT,VNT,Vontier,VONTIER,HIGH,REVIEW_TICKER_ONLY,0001786842,0,0,0,0,,,,,0,0,0,1,0,REVIEW_NO_MAPPED_SEC_NPORT_NAME,1
WBA,WBA,Walgreens Boots Alliance,WALGREENS BOOTS ALLIANCE,LOW,UNRESOLVED,,0,0,0,0,,,,,0,0,0,0,0,REVIEW_NO_MAPPED_SEC_NPORT_NAME,1
WHR,WHR,Whirlpool,WHIRLPOOL,HIGH,REVIEW_TICKER_ONLY,0000106640,0,0,0,0,,,,,0,0,0,0,0,REVIEW_NO_MAPPED_SEC_NPORT_NAME,1
WU,WU,The Western Union,WESTERN UNION,LOW,REVIEW_TICKER_ONLY,0001365135,0,0,0,0,,,,,0,0,0,0,0,REVIEW_NO_MAPPED_SEC_NPORT_NAME,1
XLNX,XLNX,Xilinx,XILINX,HIGH,UNRESOLVED,,0,0,0,0,,,,,0,0,0,0,0,REVIEW_NO_MAPPED_SEC_NPORT_NAME,1
XRAY,XRAY,Dentsply Sirona,DENTSPLY SIRONA,MEDIUM,REVIEW_TICKER_ONLY,0000818479,0,0,0,0,,,,,0,0,0,1,0,REVIEW_NO_MAPPED_SEC_NPORT_NAME,1
XRX,XRX,Xerox Holdings,XEROX,HIGH,REVIEW_TICKER_ONLY,0001770450,0,0,0,0,,,,,0,0,0,0,0,REVIEW_NO_MAPPED_SEC_NPORT_NAME,1
ZION,ZION,Zions Bancorporation,ZIONS BANCORPORATION,MEDIUM,REVIEW_CONFLICT,,0,0,0,0,,,,,0,0,0,0,0,REVIEW_NO_MAPPED_SEC_NPORT_NAME,1
AJG,AJG,ARTHUR J GALLAGHER + CO,ARTHUR J GALLAGHER,LOW,REVIEW_TICKER_ONLY,0000354190,21,20,1,1,ARTHUR J GALLAGHER AND,Arthur J Gallagher & Co,2020-12-31,2025-12-31,0,0,0,1,0,REVIEW_PROJECT_NAME_DIFFERS_FROM_SEC_NPORT,1
AOS,AOS,SMITH (A.O.) CORP,SMITH A O,LOW,AUTO_SOURCE_AGREEMENT,0000091142,21,20,1,1,A O SMITH,A O Smith Corp,2020-12-31,2025-12-31,0,0,0,0,0,REVIEW_PROJECT_NAME_DIFFERS_FROM_SEC_NPORT,1
APD,APD,AIR PRODUCTS + CHEMICALS INC,AIR PRODUCTS CHEMICALS,LOW,REVIEW_TICKER_ONLY,0000002969,21,20,1,1,AIR PRODUCTS AND CHEMICALS,Air Products and Chemicals Inc,2020-12-31,2025-12-31,0,0,0,1,1,REVIEW_PROJECT_NAME_DIFFERS_FROM_SEC_NPORT,1
APO,APO,Apollo Global Mgt,APOLLO GLOBAL MGT,LOW,REVIEW_TICKER_ONLY,0001858681,5,5,0,1,APOLLO GLOBAL MANAGEMENT,Apollo Global Management Inc,2024-12-31,2025-12-31,0,0,0,1,1,REVIEW_PROJECT_NAME_DIFFERS_FROM_SEC_NPORT,1
ARE,ARE,ALEXANDRIA REAL ESTATE EQUIT,ALEXANDRIA REAL ESTATE EQUIT,LOW,REVIEW_TICKER_ONLY,0001035443,21,20,1,1,ALEXANDRIA REAL ESTATE EQUITIES,Alexandria Real Estate Equities Inc,2020-12-31,2025-12-31,0,0,0,2,1,REVIEW_PROJECT_NAME_DIFFERS_FROM_SEC_NPORT,1
BG,BG,Bunge,BUNGE,HIGH,REVIEW_TICKER_ONLY,0001996862,9,9,0,1,BUNGE GLOBAL SA,Bunge Global SA,2023-12-31,2025-12-31,0,0,0,0,0,REVIEW_PROJECT_NAME_DIFFERS_FROM_SEC_NPORT,1
BR,BR,BROADRIDGE FINANCIAL SOLUTIO,BROADRIDGE FINANCIAL SOLUTIO,LOW,REVIEW_TICKER_ONLY,0001383312,21,20,1,1,BROADRIDGE FINANCIAL SOLUTIONS,Broadridge Financial Solutions Inc,2020-12-31,2025-12-31,0,0,0,3,1,REVIEW_PROJECT_NAME_DIFFERS_FROM_SEC_NPORT,1
CBRE,CBRE,CBRE GROUP INC   A,CBRE GROUP INC A,LOW,REVIEW_TICKER_ONLY,0001138118,21,20,1,1,CBRE GROUP,CBRE Group Inc,2020-12-31,2025-12-31,0,0,0,3,0,REVIEW_PROJECT_NAME_DIFFERS_FROM_SEC_NPORT,1
CDNS,CDNS,CADENCE DESIGN SYS INC,CADENCE DESIGN SYS,LOW,REVIEW_TICKER_ONLY,0000813672,21,20,1,1,CADENCE DESIGN SYSTEMS,Cadence Design Systems Inc,2020-12-31,2025-12-31,0,0,0,0,0,REVIEW_PROJECT_NAME_DIFFERS_FROM_SEC_NPORT,1
CHD,CHD,CHURCH + DWIGHT CO INC,CHURCH DWIGHT,MEDIUM,REVIEW_TICKER_ONLY,0000313927,21,20,1,1,CHURCH AND DWIGHT,Church & Dwight Co Inc,2020-12-31,2025-12-31,0,0,0,0,0,REVIEW_PROJECT_NAME_DIFFERS_FROM_SEC_NPORT,1
CHRW,CHRW,C.H. ROBINSON WORLDWIDE INC,C H ROBINSON WORLDWIDE,LOW,AUTO_SOURCE_AGREEMENT,0001043277,21,20,1,1,CH ROBINSON WORLDWIDE,CH Robinson Worldwide Inc,2020-12-31,2025-12-31,0,0,0,1,0,REVIEW_PROJECT_NAME_DIFFERS_FROM_SEC_NPORT,1
CHTR,CHTR,CHARTER COMMUNICATIONS INC A,CHARTER COMMUNICATIONS INC A,LOW,REVIEW_TICKER_ONLY,0001091667,21,20,1,1,CHARTER COMMUNICATIONS,Charter Communications Inc,2020-12-31,2025-12-31,0,0,0,1,0,REVIEW_PROJECT_NAME_DIFFERS_FROM_SEC_NPORT,1
CRL,CRL,Charles River Laboratories Intl,CHARLES RIVER LABORATORIES INTL,LOW,REVIEW_TICKER_ONLY,0001100682,19,19,0,1,CHARLES RIVER LABORATORIES INTERNATIONAL,Charles River Laboratories International Inc,2021-06-30,2025-12-31,0,0,0,2,0,REVIEW_PROJECT_NAME_DIFFERS_FROM_SEC_NPORT,1
CTSH,CTSH,COGNIZANT TECH SOLUTIONS A,COGNIZANT TECH SOLUTIONS A,LOW,REVIEW_TICKER_ONLY,0001058290,21,20,1,1,COGNIZANT TECHNOLOGY SOLUTIONS,Cognizant Technology Solutions Corp,2020-12-31,2025-12-31,0,0,0,0,0,REVIEW_PROJECT_NAME_DIFFERS_FROM_SEC_NPORT,1
DE,DE,DEERE + CO,DEERE,HIGH,REVIEW_TICKER_ONLY,0000315189,21,20,1,1,DEERE AND,Deere & Co,2020-12-31,2025-12-31,0,0,0,0,0,REVIEW_PROJECT_NAME_DIFFERS_FROM_SEC_NPORT,1
EL,EL,ESTEE LAUDER COMPANIES CL A,ESTEE LAUDER COMPANIES,LOW,REVIEW_TICKER_ONLY,0001001250,21,20,1,1,ESTEE LAUDER COS,Estee Lauder Cos Inc/The,2020-12-31,2025-12-31,0,0,0,0,0,REVIEW_PROJECT_NAME_DIFFERS_FROM_SEC_NPORT,1
EXPD,EXPD,EXPEDITORS INTL WASH INC,EXPEDITORS INTL WASH,LOW,REVIEW_TICKER_ONLY,0000746515,21,20,1,1,EXPEDITORS INTERNATIONAL OF WASHINGTON,Expeditors International of Washington Inc,2020-12-31,2025-12-31,0,0,0,0,0,REVIEW_PROJECT_NAME_DIFFERS_FROM_SEC_NPORT,1
FICO,FICO,Fair Isaac & Co,FAIR ISAAC AND,LOW,REVIEW_TICKER_ONLY,0000814547,12,12,0,1,FAIR ISAAC,Fair Isaac Corp,2023-03-31,2025-12-31,0,0,0,1,0,REVIEW_PROJECT_NAME_DIFFERS_FROM_SEC_NPORT,1
FIS,FIS,FIDELITY NATIONAL INFO SERV,FIDELITY NATIONAL INFO SERV,LOW,REVIEW_TICKER_ONLY,0001136893,21,20,1,1,FIDELITY NATIONAL INFORMATION SERVICES,Fidelity National Information Services Inc,2020-12-31,2025-12-31,0,0,0,2,0,REVIEW_PROJECT_NAME_DIFFERS_FROM_SEC_NPORT,1
HBAN,HBAN,HUNTINGTON BANCSHARES INC,HUNTINGTON BANCSHARES,MEDIUM,REVIEW_TICKER_ONLY,0000049196,21,20,1,1,HUNTINGTON BANCSHARES INC OH,Huntington Bancshares Inc/OH,2020-12-31,2025-12-31,0,0,0,2,2,REVIEW_PROJECT_NAME_DIFFERS_FROM_SEC_NPORT,1
HII,HII,HUNTINGTON INGALLS INDUSTRIE,HUNTINGTON INGALLS INDUSTRIE,LOW,REVIEW_TICKER_ONLY,0001501585,21,20,1,1,HUNTINGTON INGALLS INDUSTRIES,Huntington Ingalls Industries Inc,2020-12-31,2025-12-31,0,0,0,2,1,REVIEW_PROJECT_NAME_DIFFERS_FROM_SEC_NPORT,1
HLT,HLT,HILTON WORLDWIDE HOLDINGS IN,HILTON WORLDWIDE HOLDINGS IN,LOW,REVIEW_TICKER_ONLY,0001585689,21,20,1,1,HILTON WORLDWIDE,Hilton Worldwide Holdings Inc,2020-12-31,2025-12-31,0,0,0,0,0,REVIEW_PROJECT_NAME_DIFFERS_FROM_SEC_NPORT,1
HST,HST,HOST HOTELS + RESORTS INC,HOST HOTELS RESORTS,LOW,REVIEW_TICKER_ONLY,0001070750,21,20,1,1,HOST HOTELS AND RESORTS,Host Hotels & Resorts Inc,2020-12-31,2025-12-31,0,0,0,2,0,REVIEW_PROJECT_NAME_DIFFERS_FROM_SEC_NPORT,1
IBM,IBM,INTL BUSINESS MACHINES CORP,INTL BUSINESS MACHINES,LOW,REVIEW_TICKER_ONLY,0000051143,21,20,1,1,INTERNATIONAL BUSINESS MACHINES,International Business Machines Corp,2020-12-31,2025-12-31,0,0,0,0,0,REVIEW_PROJECT_NAME_DIFFERS_FROM_SEC_NPORT,1
ICE,ICE,INTERCONTINENTAL EXCHANGE IN,INTERCONTINENTAL EXCHANGE IN,LOW,REVIEW_TICKER_ONLY,0001571949,21,20,1,1,INTERCONTINENTAL EXCHANGE,Intercontinental Exchange Inc,2020-12-31,2025-12-31,0,0,0,1,0,REVIEW_PROJECT_NAME_DIFFERS_FROM_SEC_NPORT,1
IFF,IFF,INTL FLAVORS + FRAGRANCES,INTL FLAVORS FRAGRANCES,LOW,REVIEW_TICKER_ONLY,0000051253,21,20,1,1,INTERNATIONAL FLAVORS AND FRAGRANCES,International Flavors & Fragrances Inc,2020-12-31,2025-12-31,0,0,0,0,0,REVIEW_PROJECT_NAME_DIFFERS_FROM_SEC_NPORT,1
JBHT,JBHT,HUNT (JB) TRANSPRT SVCS INC,HUNT JB TRANSPRT SVCS,LOW,REVIEW_TICKER_ONLY,0000728535,21,20,1,1,JB HUNT TRANSPORT SERVICES,JB Hunt Transport Services Inc,2020-12-31,2025-12-31,0,0,0,0,0,REVIEW_PROJECT_NAME_DIFFERS_FROM_SEC_NPORT,1
JCI,JCI,JOHNSON CONTROLS INTERNATION,JOHNSON CONTROLS INTERNATION,LOW,REVIEW_TICKER_ONLY,0000833444,21,20,1,1,JOHNSON CONTROLS INTERNATIONAL,Johnson Controls International plc,2020-12-31,2025-12-31,0,0,0,4,0,REVIEW_PROJECT_NAME_DIFFERS_FROM_SEC_NPORT,1
JKHY,JKHY,JACK HENRY + ASSOCIATES INC,JACK HENRY ASSOCIATES,LOW,REVIEW_TICKER_ONLY,0000779152,21,20,1,1,JACK HENRY AND ASSOCIATES,Jack Henry & Associates Inc,2020-12-31,2025-12-31,0,0,0,1,1,REVIEW_PROJECT_NAME_DIFFERS_FROM_SEC_NPORT,1
JNJ,JNJ,JOHNSON + JOHNSON,JOHNSON JOHNSON,MEDIUM,REVIEW_TICKER_ONLY,0000200406,21,20,1,1,JOHNSON AND JOHNSON,Johnson & Johnson,2020-12-31,2025-12-31,0,0,0,1,0,REVIEW_PROJECT_NAME_DIFFERS_FROM_SEC_NPORT,1
JPM,JPM,JPMORGAN CHASE + CO,JPMORGAN CHASE,MEDIUM,REVIEW_TICKER_ONLY,0000019617,21,20,1,1,JPMORGAN CHASE AND,JPMorgan Chase & Co,2020-12-31,2025-12-31,0,0,0,4,1,REVIEW_PROJECT_NAME_DIFFERS_FROM_SEC_NPORT,1
KEYS,KEYS,KEYSIGHT TECHNOLOGIES IN,KEYSIGHT TECHNOLOGIES IN,LOW,REVIEW_TICKER_ONLY,0001601046,21,20,1,1,KEYSIGHT TECHNOLOGIES,Keysight Technologies Inc,2020-12-31,2025-12-31,0,0,0,0,0,REVIEW_PROJECT_NAME_DIFFERS_FROM_SEC_NPORT,1
LEN,LEN,LENNAR CORP A,LENNAR CORP A,LOW,REVIEW_TICKER_ONLY,0000920760,21,20,1,1,LENNAR,Lennar Corp,2020-12-31,2025-12-31,0,0,0,1,0,REVIEW_PROJECT_NAME_DIFFERS_FROM_SEC_NPORT,1
LLY,LLY,ELI LILLY + CO,ELI LILLY,MEDIUM,REVIEW_TICKER_ONLY,0000059478,21,20,1,1,ELI LILLY AND,Eli Lilly & Co|Eli Lilly and Co,2020-12-31,2025-12-31,0,0,0,2,0,REVIEW_PROJECT_NAME_DIFFERS_FROM_SEC_NPORT,1
LYB,LYB,LYONDELLBASELL INDU CL A,LYONDELLBASELL INDU,LOW,REVIEW_TICKER_ONLY,0001489393,21,20,1,1,LYONDELLBASELL INDUSTRIES NV,LyondellBasell Industries NV,2020-12-31,2025-12-31,0,0,0,0,0,REVIEW_PROJECT_NAME_DIFFERS_FROM_SEC_NPORT,1
LYV,LYV,LIVE NATION ENTERTAINMENT IN,LIVE NATION ENTERTAINMENT IN,LOW,REVIEW_TICKER_ONLY,0001335258,21,20,1,1,LIVE NATION ENTERTAINMENT,Live Nation Entertainment Inc,2020-12-31,2025-12-31,0,0,0,2,0,REVIEW_PROJECT_NAME_DIFFERS_FROM_SEC_NPORT,1
MA,MA,MASTERCARD INC   A,MASTERCARD INC A,LOW,REVIEW_TICKER_ONLY,0001141391,21,20,1,1,MASTERCARD,Mastercard Inc,2020-12-31,2025-12-31,0,0,0,0,0,REVIEW_PROJECT_NAME_DIFFERS_FROM_SEC_NPORT,1
MAA,MAA,MID AMERICA APARTMENT COMM,MID AMERICA APARTMENT COMM,LOW,REVIEW_TICKER_ONLY,0000912595,21,20,1,1,MID AMERICA APARTMENT COMMUNITIES,Mid-America Apartment Communities Inc,2020-12-31,2025-12-31,0,0,0,1,0,REVIEW_PROJECT_NAME_DIFFERS_FROM_SEC_NPORT,1
MAR,MAR,MARRIOTT INTERNATIONAL  CL A,MARRIOTT INTERNATIONAL,LOW,REVIEW_TICKER_ONLY,0001048286,21,20,1,1,MARRIOTT INTERNATIONAL INC MD,Marriott International Inc/MD,2020-12-31,2025-12-31,0,0,0,2,1,REVIEW_PROJECT_NAME_DIFFERS_FROM_SEC_NPORT,1
MDLZ,MDLZ,MONDELEZ INTERNATIONAL INC A,MONDELEZ INTERNATIONAL INC A,LOW,REVIEW_TICKER_ONLY,0001103982,21,20,1,1,MONDELEZ INTERNATIONAL,Mondelez International Inc,2020-12-31,2025-12-31,0,0,0,1,0,REVIEW_PROJECT_NAME_DIFFERS_FROM_SEC_NPORT,1
MKC,MKC,MCCORMICK + CO NON VTG SHRS,MCCORMICK CO NON VTG SHRS,LOW,REVIEW_TICKER_ONLY,0000063754,21,20,1,1,MCCORMICK AND CO INC MD,McCormick & Co Inc/MD,2020-12-31,2025-12-31,0,0,0,1,1,REVIEW_PROJECT_NAME_DIFFERS_FROM_SEC_NPORT,1
MRK,MRK,MERCK + CO. INC.,MERCK,HIGH,REVIEW_TICKER_ONLY,0000310158,21,20,1,1,MERCK AND,Merck & Co Inc,2020-12-31,2025-12-31,0,0,0,2,0,REVIEW_PROJECT_NAME_DIFFERS_FROM_SEC_NPORT,1
MRSH,MRSH,MARSH + MCLENNAN COS,MARSH MCLENNAN COS,LOW,REVIEW_TICKER_ONLY,0000062709,21,20,1,1,MARSH AND MCLENNAN COS,Marsh & McLennan Cos Inc,2020-12-31,2025-12-31,0,0,0,1,0,REVIEW_PROJECT_NAME_DIFFERS_FROM_SEC_NPORT,1
MTB,MTB,M + T BANK CORP,M T BANK,HIGH,REVIEW_TICKER_ONLY,0000036270,21,20,1,1,M AND T BANK,M&T Bank Corp,2020-12-31,2025-12-31,0,0,0,1,0,REVIEW_PROJECT_NAME_DIFFERS_FROM_SEC_NPORT,1
NCLH,NCLH,NORWEGIAN CRUISE LINE HOLDIN,NORWEGIAN CRUISE LINE HOLDIN,LOW,REVIEW_TICKER_ONLY,0001513761,21,20,1,1,NORWEGIAN CRUISE LINE,Norwegian Cruise Line Holdings Ltd,2020-12-31,2025-12-31,0,0,0,0,0,REVIEW_PROJECT_NAME_DIFFERS_FROM_SEC_NPORT,1
NXPI,NXPI,NXP Semiconductors,NXP SEMICONDUCTORS,MEDIUM,REVIEW_TICKER_ONLY,0001413447,20,20,0,1,NXP SEMICONDUCTORS NV,NXP Semiconductors NV,2021-03-31,2025-12-31,0,0,0,1,0,REVIEW_PROJECT_NAME_DIFFERS_FROM_SEC_NPORT,1
PEG,PEG,PUBLIC SERVICE ENTERPRISE GP,PUBLIC SERVICE ENTERPRISE GP,LOW,REVIEW_TICKER_ONLY,0000788784,21,20,1,1,PUBLIC SERVICE ENTERPRISE GROUP,Public Service Enterprise Group Inc,2020-12-31,2025-12-31,0,0,0,0,0,REVIEW_PROJECT_NAME_DIFFERS_FROM_SEC_NPORT,1
PG,PG,PROCTER + GAMBLE CO/THE,PROCTER GAMBLE,LOW,REVIEW_TICKER_ONLY,0000080424,21,20,1,1,PROCTER AND GAMBLE,Procter & Gamble Co/The,2020-12-31,2025-12-31,0,0,0,0,0,REVIEW_PROJECT_NAME_DIFFERS_FROM_SEC_NPORT,1
SCHW,SCHW,SCHWAB (CHARLES) CORP,SCHWAB CHARLES,MEDIUM,AUTO_SOURCE_AGREEMENT,0000316709,21,20,1,1,CHARLES SCHWAB,Charles Schwab Corp/The,2020-12-31,2025-12-31,0,0,0,0,0,REVIEW_PROJECT_NAME_DIFFERS_FROM_SEC_NPORT,1
SJM,SJM,JM SMUCKER CO/THE,JM SMUCKER,LOW,REVIEW_TICKER_ONLY,0000091419,21,20,1,1,J M SMUCKER,J M Smucker Co/The,2020-12-31,2025-12-31,0,0,0,1,0,REVIEW_PROJECT_NAME_DIFFERS_FROM_SEC_NPORT,1
SNDK,SNDK,Sandisk,SANDISK,HIGH,REVIEW_TICKER_ONLY,0002023554,1,1,0,1,SANDISK CORP DE,Sandisk Corp/DE,2025-12-31,2025-12-31,0,0,0,0,0,REVIEW_PROJECT_NAME_DIFFERS_FROM_SEC_NPORT,1
SPGI,SPGI,S+P GLOBAL INC,S P GLOBAL,LOW,REVIEW_TICKER_ONLY,0000064040,21,20,1,1,S AND P GLOBAL,S&P Global Inc,2020-12-31,2025-12-31,0,0,0,3,0,REVIEW_PROJECT_NAME_DIFFERS_FROM_SEC_NPORT,1
STZ,STZ,CONSTELLATION BRANDS INC A,CONSTELLATION BRANDS INC A,LOW,REVIEW_TICKER_ONLY,0000016918,21,20,1,1,CONSTELLATION BRANDS,Constellation Brands Inc,2020-12-31,2025-12-31,0,0,0,3,0,REVIEW_PROJECT_NAME_DIFFERS_FROM_SEC_NPORT,1
SWK,SWK,STANLEY BLACK + DECKER INC,STANLEY BLACK DECKER,LOW,REVIEW_TICKER_ONLY,0000093556,21,20,1,1,STANLEY BLACK AND DECKER,Stanley Black & Decker Inc,2020-12-31,2025-12-31,0,0,0,1,0,REVIEW_PROJECT_NAME_DIFFERS_FROM_SEC_NPORT,1
T,T,AT+T INC,AT T,HIGH,REVIEW_TICKER_ONLY,0000732717,21,20,1,1,AT AND T,AT&T Inc,2020-12-31,2025-12-31,0,0,0,2,0,REVIEW_PROJECT_NAME_DIFFERS_FROM_SEC_NPORT,1
TAP,TAP,MOLSON COORS BEVERAGE CO   B,MOLSON COORS BEVERAGE CO B,LOW,REVIEW_TICKER_ONLY,0000024545,21,20,1,1,MOLSON COORS BEVERAGE,Molson Coors Beverage Co,2020-12-31,2025-12-31,0,0,0,2,0,REVIEW_PROJECT_NAME_DIFFERS_FROM_SEC_NPORT,1
TJX,TJX,TJX COMPANIES INC,TJX COMPANIES,MEDIUM,REVIEW_CONFLICT,,21,20,1,1,TJX COS,TJX Cos Inc/The,2020-12-31,2025-12-31,0,0,0,0,0,REVIEW_PROJECT_NAME_DIFFERS_FROM_SEC_NPORT,1
TTWO,TTWO,TAKE TWO INTERACTIVE SOFTWRE,TAKE TWO INTERACTIVE SOFTWRE,LOW,REVIEW_TICKER_ONLY,0000946581,21,20,1,1,TAKE TWO INTERACTIVE SOFTWARE,Take-Two Interactive Software Inc,2020-12-31,2025-12-31,0,0,0,0,0,REVIEW_PROJECT_NAME_DIFFERS_FROM_SEC_NPORT,1
UHS,UHS,UNIVERSAL HEALTH SERVICES B,UNIVERSAL HEALTH SERVICES B,LOW,REVIEW_TICKER_ONLY,0000352915,21,20,1,1,UNIVERSAL HEALTH SERVICES,Universal Health Services Inc,2020-12-31,2025-12-31,0,0,0,0,0,REVIEW_PROJECT_NAME_DIFFERS_FROM_SEC_NPORT,1
V,V,VISA INC CLASS A SHARES,VISA INC SHARES,LOW,REVIEW_TICKER_ONLY,0001403161,21,20,1,1,VISA,Visa Inc,2020-12-31,2025-12-31,0,0,0,0,0,REVIEW_PROJECT_NAME_DIFFERS_FROM_SEC_NPORT,1
WAB,WAB,WABTEC CORP,WABTEC,HIGH,AUTO_SOURCE_AGREEMENT,0000943452,21,20,1,1,WESTINGHOUSE AIR BRAKE TECHNOLOGIES,Westinghouse Air Brake Technologies Corp,2020-12-31,2025-12-31,0,0,0,2,0,REVIEW_PROJECT_NAME_DIFFERS_FROM_SEC_NPORT,1
WFC,WFC,WELLS FARGO + CO,WELLS FARGO,MEDIUM,REVIEW_TICKER_ONLY,0000072971,21,20,1,1,WELLS FARGO AND,Wells Fargo & Co,2020-12-31,2025-12-31,0,0,0,2,0,REVIEW_PROJECT_NAME_DIFFERS_FROM_SEC_NPORT,1
WRB,WRB,WR BERKLEY CORP,WR BERKLEY,MEDIUM,REVIEW_TICKER_ONLY,0000011544,21,20,1,1,W R BERKLEY,W R Berkley Corp,2020-12-31,2025-12-31,0,0,0,0,0,REVIEW_PROJECT_NAME_DIFFERS_FROM_SEC_NPORT,1
XOM,XOM,EXXONMOBIL HOLDINGS CORP,EXXONMOBIL,HIGH,AUTO_SOURCE_AGREEMENT,0002115436,21,20,1,1,EXXON MOBIL,Exxon Mobil Corp,2020-12-31,2025-12-31,0,0,0,0,0,REVIEW_PROJECT_NAME_DIFFERS_FROM_SEC_NPORT,1
XYL,XYL,XYLEM INC,XYLEM,HIGH,AUTO_SOURCE_AGREEMENT,0001524472,21,20,1,1,XYLEM INC NY,Xylem Inc/NY,2020-12-31,2025-12-31,0,0,0,1,0,REVIEW_PROJECT_NAME_DIFFERS_FROM_SEC_NPORT,1
ABNB,ABNB,Airbnb,AIRBNB,HIGH,REVIEW_TICKER_ONLY,0001559720,10,10,0,1,AIRBNB,Airbnb Inc,2023-09-30,2025-12-31,1,0,0,1,1,REVIEW_PROJECT_PERIOD_NAME_EVENT_EVIDENCE,1
ACN,ACN,ACCENTURE PLC CL A,ACCENTURE,LOW,REVIEW_TICKER_ONLY,0001467373,21,20,1,1,ACCENTURE,Accenture PLC,2020-12-31,2025-12-31,1,0,0,1,1,REVIEW_PROJECT_PERIOD_NAME_EVENT_EVIDENCE,1
ADM,ADM,ARCHER DANIELS MIDLAND CO,ARCHER DANIELS MIDLAND,LOW,AUTO_SOURCE_AGREEMENT,0000007084,21,20,1,1,ARCHER DANIELS MIDLAND,Archer-Daniels-Midland Co,2020-12-31,2025-12-31,1,0,0,2,1,REVIEW_PROJECT_PERIOD_NAME_EVENT_EVIDENCE,1
AIG,AIG,AMERICAN INTERNATIONAL GROUP,AMERICAN INTERNATIONAL GROUP,LOW,REVIEW_TICKER_ONLY,0000005272,21,20,1,1,AMERICAN INTERNATIONAL GROUP,American International Group Inc,2020-12-31,2025-12-31,1,0,0,1,1,REVIEW_PROJECT_PERIOD_NAME_EVENT_EVIDENCE,1
AZO,AZO,AUTOZONE INC,AUTOZONE,HIGH,AUTO_SOURCE_AGREEMENT,0000866787,21,20,1,1,AUTOZONE,AutoZone Inc,2020-12-31,2025-12-31,1,0,0,1,1,REVIEW_PROJECT_PERIOD_NAME_EVENT_EVIDENCE,1
BLK,BLK,BLACKROCK INC,BLACKROCK,HIGH,AUTO_SOURCE_AGREEMENT,0002012383,21,20,1,1,BLACKROCK,BlackRock Inc|Blackrock Inc,2020-12-31,2025-12-31,1,0,0,2,2,REVIEW_PROJECT_PERIOD_NAME_EVENT_EVIDENCE,1
BX,BX,Blackstone,BLACKSTONE,HIGH,REVIEW_TICKER_ONLY,0001393818,10,10,0,1,BLACKSTONE,Blackstone Inc,2023-09-30,2025-12-31,1,0,0,3,2,REVIEW_PROJECT_PERIOD_NAME_EVENT_EVIDENCE,1
C,C,CITIGROUP INC,CITIGROUP,HIGH,AUTO_SOURCE_AGREEMENT,0000831001,21,20,1,1,CITIGROUP,Citigroup Inc,2020-12-31,2025-12-31,1,0,0,3,1,REVIEW_PROJECT_PERIOD_NAME_EVENT_EVIDENCE,1
CAH,CAH,CARDINAL HEALTH INC,CARDINAL HEALTH,MEDIUM,AUTO_SOURCE_AGREEMENT,0000721371,21,20,1,1,CARDINAL HEALTH,Cardinal Health Inc,2020-12-31,2025-12-31,1,0,0,2,1,REVIEW_PROJECT_PERIOD_NAME_EVENT_EVIDENCE,1
CCL,CCL,CARNIVAL CORP LTD,CARNIVAL,HIGH,AUTO_SOURCE_AGREEMENT,0000815097,21,20,1,1,CARNIVAL,Carnival Corp,2020-12-31,2025-12-31,1,0,0,2,1,REVIEW_PROJECT_PERIOD_NAME_EVENT_EVIDENCE,1
CEG,CEG,Constellation Energy,CONSTELLATION ENERGY,MEDIUM,REVIEW_TICKER_ONLY,0001868275,16,16,0,1,CONSTELLATION ENERGY,Constellation Energy Corp,2022-03-31,2025-12-31,1,0,0,1,1,REVIEW_PROJECT_PERIOD_NAME_EVENT_EVIDENCE,1
CL,CL,COLGATE PALMOLIVE CO,COLGATE PALMOLIVE,MEDIUM,AUTO_SOURCE_AGREEMENT,0000021665,21,20,1,1,COLGATE PALMOLIVE,Colgate-Palmolive Co,2020-12-31,2025-12-31,1,0,0,1,1,REVIEW_PROJECT_PERIOD_NAME_EVENT_EVIDENCE,1
CLX,CLX,CLOROX COMPANY,CLOROX,HIGH,REVIEW_TICKER_ONLY,0000021076,21,20,1,1,CLOROX,Clorox Co/The,2020-12-31,2025-12-31,1,0,0,1,1,REVIEW_PROJECT_PERIOD_NAME_EVENT_EVIDENCE,1
CNP,CNP,CENTERPOINT ENERGY INC,CENTERPOINT ENERGY,MEDIUM,AUTO_SOURCE_AGREEMENT,0001130310,21,20,1,1,CENTERPOINT ENERGY,CenterPoint Energy Inc,2020-12-31,2025-12-31,1,0,0,2,1,REVIEW_PROJECT_PERIOD_NAME_EVENT_EVIDENCE,1
CSGP,CSGP,CoStar Group,COSTAR GROUP,MEDIUM,REVIEW_TICKER_ONLY,0001057352,14,14,0,1,COSTAR GROUP,CoStar Group Inc,2022-09-30,2025-12-31,1,0,0,3,1,REVIEW_PROJECT_PERIOD_NAME_EVENT_EVIDENCE,1
DASH,DASH,DoorDash,DOORDASH,HIGH,REVIEW_TICKER_ONLY,0001792789,4,4,0,1,DOORDASH,DoorDash Inc,2025-03-31,2025-12-31,1,0,0,2,2,REVIEW_PROJECT_PERIOD_NAME_EVENT_EVIDENCE,1
EFX,EFX,EQUIFAX INC,EQUIFAX,HIGH,AUTO_SOURCE_AGREEMENT,0000033185,21,20,1,1,EQUIFAX,Equifax Inc,2020-12-31,2025-12-31,1,0,0,1,1,REVIEW_PROJECT_PERIOD_NAME_EVENT_EVIDENCE,1
EXE,EXE,Expand Energy,EXPAND ENERGY,MEDIUM,REVIEW_TICKER_ONLY,0000895126,4,4,0,1,EXPAND ENERGY,Expand Energy Corp,2025-03-31,2025-12-31,1,0,0,1,1,REVIEW_PROJECT_PERIOD_NAME_EVENT_EVIDENCE,1
FANG,FANG,DIAMONDBACK ENERGY INC,DIAMONDBACK ENERGY,MEDIUM,AUTO_SOURCE_AGREEMENT,0001539838,21,20,1,1,DIAMONDBACK ENERGY,Diamondback Energy Inc,2020-12-31,2025-12-31,1,0,0,1,1,REVIEW_PROJECT_PERIOD_NAME_EVENT_EVIDENCE,1
FIX,FIX,Comfort Systems USA,COMFORT SYSTEMS USA,LOW,REVIEW_TICKER_ONLY,0001035983,1,1,0,1,COMFORT SYSTEMS USA,Comfort Systems USA Inc,2025-12-31,2025-12-31,1,0,0,1,1,REVIEW_PROJECT_PERIOD_NAME_EVENT_EVIDENCE,1
GEHC,GEHC,GE HealthCare Technologies,GE HEALTHCARE TECHNOLOGIES,LOW,REVIEW_TICKER_ONLY,0001932393,12,12,0,1,GE HEALTHCARE TECHNOLOGIES,GE HealthCare Technologies Inc,2023-03-31,2025-12-31,1,0,0,1,1,REVIEW_PROJECT_PERIOD_NAME_EVENT_EVIDENCE,1
GEV,GEV,GE Vernova,GE VERNOVA,MEDIUM,REVIEW_TICKER_ONLY,0001996810,7,7,0,1,GE VERNOVA,GE Vernova Inc,2024-06-30,2025-12-31,1,0,0,1,1,REVIEW_PROJECT_PERIOD_NAME_EVENT_EVIDENCE,1
GILD,GILD,GILEAD SCIENCES INC,GILEAD SCIENCES,MEDIUM,AUTO_SOURCE_AGREEMENT,0000882095,21,20,1,1,GILEAD SCIENCES,Gilead Sciences Inc,2020-12-31,2025-12-31,1,0,0,1,1,REVIEW_PROJECT_PERIOD_NAME_EVENT_EVIDENCE,1
INTU,INTU,INTUIT INC,INTUIT,HIGH,AUTO_SOURCE_AGREEMENT,0000896878,21,20,1,1,INTUIT,Intuit Inc,2020-12-31,2025-12-31,1,0,0,1,1,REVIEW_PROJECT_PERIOD_NAME_EVENT_EVIDENCE,1
IVZ,IVZ,INVESCO LTD,INVESCO,HIGH,AUTO_SOURCE_AGREEMENT,0000914208,21,20,1,1,INVESCO,Invesco Ltd,2020-12-31,2025-12-31,1,0,0,6,1,REVIEW_PROJECT_PERIOD_NAME_EVENT_EVIDENCE,1
J,J,JACOBS SOLUTIONS INC,JACOBS SOLUTIONS,MEDIUM,AUTO_SOURCE_AGREEMENT,0000052988,14,14,0,1,JACOBS SOLUTIONS,Jacobs Solutions Inc,2022-09-30,2025-12-31,1,0,0,1,1,REVIEW_PROJECT_PERIOD_NAME_EVENT_EVIDENCE,1
KVUE,KVUE,Kenvue,KENVUE,HIGH,REVIEW_TICKER_ONLY,0001944048,10,10,0,1,KENVUE,Kenvue Inc,2023-09-30,2025-12-31,1,0,0,1,1,REVIEW_PROJECT_PERIOD_NAME_EVENT_EVIDENCE,1
LH,LH,LABCORP HOLDINGS INC,LABCORP,HIGH,AUTO_SOURCE_AGREEMENT,0000920148,7,7,0,1,LABCORP,Labcorp Holdings Inc,2024-06-30,2025-12-31,1,0,0,2,1,REVIEW_PROJECT_PERIOD_NAME_EVENT_EVIDENCE,1
LMT,LMT,LOCKHEED MARTIN CORP,LOCKHEED MARTIN,MEDIUM,AUTO_SOURCE_AGREEMENT,0000936468,21,20,1,1,LOCKHEED MARTIN,Lockheed Martin Corp,2020-12-31,2025-12-31,1,0,0,1,1,REVIEW_PROJECT_PERIOD_NAME_EVENT_EVIDENCE,1
LNT,LNT,ALLIANT ENERGY CORP,ALLIANT ENERGY,MEDIUM,AUTO_SOURCE_AGREEMENT,0000352541,21,20,1,1,ALLIANT ENERGY,Alliant Energy Corp,2020-12-31,2025-12-31,1,0,0,3,1,REVIEW_PROJECT_PERIOD_NAME_EVENT_EVIDENCE,1
MPWR,MPWR,Monolithic Power Systems,MONOLITHIC POWER SYSTEMS,LOW,REVIEW_TICKER_ONLY,0001280452,20,20,0,1,MONOLITHIC POWER SYSTEMS,Monolithic Power Systems Inc,2021-03-31,2025-12-31,1,0,0,1,1,REVIEW_PROJECT_PERIOD_NAME_EVENT_EVIDENCE,1
MS,MS,MORGAN STANLEY,MORGAN STANLEY,MEDIUM,AUTO_SOURCE_AGREEMENT,0000895421,21,20,1,1,MORGAN STANLEY,Morgan Stanley,2020-12-31,2025-12-31,1,0,0,5,2,REVIEW_PROJECT_PERIOD_NAME_EVENT_EVIDENCE,1
NRG,NRG,NRG ENERGY INC,NRG ENERGY,MEDIUM,AUTO_SOURCE_AGREEMENT,0001013871,21,20,1,1,NRG ENERGY,NRG Energy Inc,2020-12-31,2025-12-31,1,0,0,2,1,REVIEW_PROJECT_PERIOD_NAME_EVENT_EVIDENCE,1
PANW,PANW,Palo Alto Networks,PALO ALTO NETWORKS,LOW,REVIEW_TICKER_ONLY,0001327567,11,11,0,1,PALO ALTO NETWORKS,Palo Alto Networks Inc,2023-06-30,2025-12-31,1,0,0,1,1,REVIEW_PROJECT_PERIOD_NAME_EVENT_EVIDENCE,1
PCG,PCG,PG&E,PG AND E,HIGH,REVIEW_TICKER_ONLY,0001004980,13,13,0,1,PG AND E,PG&E Corp,2022-12-31,2025-12-31,1,0,0,3,2,REVIEW_PROJECT_PERIOD_NAME_EVENT_EVIDENCE,1
PFE,PFE,PFIZER INC,PFIZER,HIGH,AUTO_SOURCE_AGREEMENT,0000078003,21,20,1,1,PFIZER,Pfizer Inc,2020-12-31,2025-12-31,1,0,0,1,1,REVIEW_PROJECT_PERIOD_NAME_EVENT_EVIDENCE,1
PH,PH,PARKER HANNIFIN CORP,PARKER HANNIFIN,MEDIUM,AUTO_SOURCE_AGREEMENT,0000076334,21,20,1,1,PARKER HANNIFIN,Parker-Hannifin Corp,2020-12-31,2025-12-31,1,0,0,1,1,REVIEW_PROJECT_PERIOD_NAME_EVENT_EVIDENCE,1
PSKY,PSKY,PARAMOUNT SKYDANCE CL B,PARAMOUNT SKYDANCE,LOW,REVIEW_TICKER_ONLY,0002041610,2,2,0,1,PARAMOUNT SKYDANCE,Paramount Skydance Corp,2025-09-30,2025-12-31,1,0,0,1,1,REVIEW_PROJECT_PERIOD_NAME_EVENT_EVIDENCE,1
Q,Q,Qnity Electronics,QNITY ELECTRONICS,MEDIUM,REVIEW_TICKER_ONLY,0002058873,1,1,0,1,QNITY ELECTRONICS,Qnity Electronics Inc,2025-12-31,2025-12-31,1,0,0,1,1,REVIEW_PROJECT_PERIOD_NAME_EVENT_EVIDENCE,1
ROP,ROP,ROPER TECHNOLOGIES INC,ROPER TECHNOLOGIES,MEDIUM,AUTO_SOURCE_AGREEMENT,0000882835,21,20,1,1,ROPER TECHNOLOGIES,Roper Technologies Inc,2020-12-31,2025-12-31,1,0,0,3,1,REVIEW_PROJECT_PERIOD_NAME_EVENT_EVIDENCE,1
SO,SO,SOUTHERN CO/THE,SOUTHERN,LOW,REVIEW_TICKER_ONLY,0000092122,21,20,1,1,SOUTHERN,Southern Co/The,2020-12-31,2025-12-31,1,0,0,1,1,REVIEW_PROJECT_PERIOD_NAME_EVENT_EVIDENCE,1
SOLV,SOLV,Solventum,SOLVENTUM,HIGH,REVIEW_TICKER_ONLY,0001964738,7,7,0,1,SOLVENTUM,Solventum Corp,2024-06-30,2025-12-31,1,0,0,1,1,REVIEW_PROJECT_PERIOD_NAME_EVENT_EVIDENCE,1
SPG,SPG,SIMON PROPERTY GROUP INC,SIMON PROPERTY GROUP,LOW,AUTO_SOURCE_AGREEMENT,0001063761,21,20,1,1,SIMON PROPERTY GROUP,Simon Property Group Inc,2020-12-31,2025-12-31,1,0,0,2,1,REVIEW_PROJECT_PERIOD_NAME_EVENT_EVIDENCE,1
STLD,STLD,Steel Dynamics,STEEL DYNAMICS,MEDIUM,REVIEW_TICKER_ONLY,0001022671,13,13,0,1,STEEL DYNAMICS,Steel Dynamics Inc,2022-12-31,2025-12-31,1,0,0,1,1,REVIEW_PROJECT_PERIOD_NAME_EVENT_EVIDENCE,1
STT,STT,STATE STREET CORP,STATE STREET,MEDIUM,AUTO_SOURCE_AGREEMENT,0000093751,21,20,1,1,STATE STREET,State Street Corp,2020-12-31,2025-12-31,1,0,0,3,2,REVIEW_PROJECT_PERIOD_NAME_EVENT_EVIDENCE,1
STX,STX,SEAGATE TECHNOLOGY HOLDINGS,SEAGATE TECHNOLOGY,MEDIUM,AUTO_SOURCE_AGREEMENT,0001137789,21,20,1,1,SEAGATE TECHNOLOGY,Seagate Technology Holdings PLC|Seagate Technology PLC,2020-12-31,2025-12-31,1,0,0,4,1,REVIEW_PROJECT_PERIOD_NAME_EVENT_EVIDENCE,1
SW,SW,SMURFIT WESTROCK PLC,SMURFIT WESTROCK,MEDIUM,AUTO_SOURCE_AGREEMENT,0002005951,6,6,0,1,SMURFIT WESTROCK,Smurfit WestRock PLC,2024-09-30,2025-12-31,1,0,0,1,1,REVIEW_PROJECT_PERIOD_NAME_EVENT_EVIDENCE,1
SYF,SYF,SYNCHRONY FINANCIAL,SYNCHRONY FINANCIAL,MEDIUM,AUTO_SOURCE_AGREEMENT,0001601712,21,20,1,1,SYNCHRONY FINANCIAL,Synchrony Financial,2020-12-31,2025-12-31,1,0,0,1,1,REVIEW_PROJECT_PERIOD_NAME_EVENT_EVIDENCE,1
TEL,TEL,TE CONNECTIVITY PLC,TE CONNECTIVITY,MEDIUM,AUTO_SOURCE_AGREEMENT,0001385157,21,20,1,1,TE CONNECTIVITY,TE Connectivity Ltd|TE Connectivity PLC,2020-12-31,2025-12-31,1,0,0,2,1,REVIEW_PROJECT_PERIOD_NAME_EVENT_EVIDENCE,1
TKO,TKO,TKO Group Holdings,TKO GROUP,MEDIUM,REVIEW_TICKER_ONLY,0001973266,4,4,0,1,TKO GROUP,TKO Group Holdings Inc,2025-03-31,2025-12-31,1,0,0,1,1,REVIEW_PROJECT_PERIOD_NAME_EVENT_EVIDENCE,1
TRGP,TRGP,Targa Resources,TARGA RESOURCES,MEDIUM,REVIEW_TICKER_ONLY,0001389170,13,13,0,1,TARGA RESOURCES,Targa Resources Corp,2022-12-31,2025-12-31,1,0,0,2,1,REVIEW_PROJECT_PERIOD_NAME_EVENT_EVIDENCE,1
WBD,WBD,Warner Bros. Discovery,WARNER BROS DISCOVERY,LOW,REVIEW_TICKER_ONLY,0001437107,15,15,0,1,WARNER BROS DISCOVERY,Warner Bros Discovery Inc,2022-06-30,2025-12-31,1,0,0,2,1,REVIEW_PROJECT_PERIOD_NAME_EVENT_EVIDENCE,1
WMT,WMT,WALMART INC,WALMART,HIGH,AUTO_SOURCE_AGREEMENT,0000104169,21,20,1,1,WALMART,Walmart Inc,2020-12-31,2025-12-31,1,0,0,2,1,REVIEW_PROJECT_PERIOD_NAME_EVENT_EVIDENCE,1
XYZ,XYZ,Block,BLOCK,HIGH,REVIEW_TICKER_ONLY,0001512673,2,2,0,1,BLOCK,Block Inc,2025-09-30,2025-12-31,1,0,0,1,1,REVIEW_PROJECT_PERIOD_NAME_EVENT_EVIDENCE,1
A,A,AGILENT TECHNOLOGIES INC,AGILENT TECHNOLOGIES,MEDIUM,AUTO_SOURCE_AGREEMENT,0001090872,21,20,1,1,AGILENT TECHNOLOGIES,Agilent Technologies Inc,2020-12-31,2025-12-31,1,0,0,1,0,READY_STABLE_SEC_NPORT_NAME,0
AAPL,AAPL,APPLE INC,APPLE,HIGH,AUTO_SOURCE_AGREEMENT,0000320193,21,20,1,1,APPLE,Apple Inc,2020-12-31,2025-12-31,1,0,0,3,0,READY_STABLE_SEC_NPORT_NAME,0
ABBV,ABBV,ABBVIE INC,ABBVIE,HIGH,AUTO_SOURCE_AGREEMENT,0001551152,21,20,1,1,ABBVIE,AbbVie Inc,2020-12-31,2025-12-31,1,0,0,0,0,READY_STABLE_SEC_NPORT_NAME,0
ABT,ABT,ABBOTT LABORATORIES,ABBOTT LABORATORIES,MEDIUM,AUTO_SOURCE_AGREEMENT,0000001800,21,20,1,1,ABBOTT LABORATORIES,Abbott Laboratories,2020-12-31,2025-12-31,1,0,0,0,0,READY_STABLE_SEC_NPORT_NAME,0
ACGL,ACGL,Arch Capital Group,ARCH CAPITAL GROUP,LOW,REVIEW_TICKER_ONLY,0000947484,13,13,0,1,ARCH CAPITAL GROUP,Arch Capital Group Ltd,2022-12-31,2025-12-31,1,0,0,2,0,READY_STABLE_SEC_NPORT_NAME,0
ADBE,ADBE,ADOBE INC,ADOBE,HIGH,AUTO_SOURCE_AGREEMENT,0000796343,21,20,1,1,ADOBE,Adobe Inc,2020-12-31,2025-12-31,1,0,0,1,0,READY_STABLE_SEC_NPORT_NAME,0
ADI,ADI,ANALOG DEVICES INC,ANALOG DEVICES,MEDIUM,AUTO_SOURCE_AGREEMENT,0000006281,21,20,1,1,ANALOG DEVICES,Analog Devices Inc,2020-12-31,2025-12-31,1,0,0,0,0,READY_STABLE_SEC_NPORT_NAME,0
ADP,ADP,AUTOMATIC DATA PROCESSING,AUTOMATIC DATA PROCESSING,LOW,REVIEW_TICKER_ONLY,0000008670,21,20,1,1,AUTOMATIC DATA PROCESSING,Automatic Data Processing Inc,2020-12-31,2025-12-31,1,0,0,0,0,READY_STABLE_SEC_NPORT_NAME,0
ADSK,ADSK,AUTODESK INC,AUTODESK,HIGH,AUTO_SOURCE_AGREEMENT,0000769397,21,20,1,1,AUTODESK,Autodesk Inc,2020-12-31,2025-12-31,1,0,0,1,0,READY_STABLE_SEC_NPORT_NAME,0
AEE,AEE,AMEREN CORPORATION,AMEREN,HIGH,REVIEW_TICKER_ONLY,0001002910,21,20,1,1,AMEREN,Ameren Corp,2020-12-31,2025-12-31,1,0,0,0,0,READY_STABLE_SEC_NPORT_NAME,0
AEP,AEP,AMERICAN ELECTRIC POWER,AMERICAN ELECTRIC POWER,LOW,REVIEW_TICKER_ONLY,0000004904,21,20,1,1,AMERICAN ELECTRIC POWER,American Electric Power Co Inc,2020-12-31,2025-12-31,1,0,0,1,0,READY_STABLE_SEC_NPORT_NAME,0
AES,AES,AES CORP,AES,HIGH,AUTO_SOURCE_AGREEMENT,0000874761,21,20,1,1,AES,AES Corp/The,2020-12-31,2025-12-31,1,0,0,1,0,READY_STABLE_SEC_NPORT_NAME,0
AFL,AFL,AFLAC INC,AFLAC,HIGH,AUTO_SOURCE_AGREEMENT,0000004977,21,20,1,1,AFLAC,Aflac Inc,2020-12-31,2025-12-31,1,0,0,0,0,READY_STABLE_SEC_NPORT_NAME,0
AIZ,AIZ,ASSURANT INC,ASSURANT,HIGH,AUTO_SOURCE_AGREEMENT,0001267238,21,20,1,1,ASSURANT,Assurant Inc,2020-12-31,2025-12-31,1,0,0,1,0,READY_STABLE_SEC_NPORT_NAME,0
AKAM,AKAM,AKAMAI TECHNOLOGIES INC,AKAMAI TECHNOLOGIES,MEDIUM,AUTO_SOURCE_AGREEMENT,0001086222,21,20,1,1,AKAMAI TECHNOLOGIES,Akamai Technologies Inc,2020-12-31,2025-12-31,1,0,0,0,0,READY_STABLE_SEC_NPORT_NAME,0
ALB,ALB,ALBEMARLE CORP,ALBEMARLE,HIGH,AUTO_SOURCE_AGREEMENT,0000915913,21,20,1,1,ALBEMARLE,Albemarle Corp,2020-12-31,2025-12-31,1,0,0,0,0,READY_STABLE_SEC_NPORT_NAME,0
ALGN,ALGN,ALIGN TECHNOLOGY INC,ALIGN TECHNOLOGY,MEDIUM,AUTO_SOURCE_AGREEMENT,0001097149,21,20,1,1,ALIGN TECHNOLOGY,Align Technology Inc,2020-12-31,2025-12-31,1,0,0,0,0,READY_STABLE_SEC_NPORT_NAME,0
ALL,ALL,ALLSTATE CORP,ALLSTATE,HIGH,AUTO_SOURCE_AGREEMENT,0000899051,21,20,1,1,ALLSTATE,Allstate Corp/The,2020-12-31,2025-12-31,1,0,0,0,0,READY_STABLE_SEC_NPORT_NAME,0
ALLE,ALLE,ALLEGION PLC,ALLEGION,HIGH,AUTO_SOURCE_AGREEMENT,0001579241,21,20,1,1,ALLEGION,Allegion PLC|Allegion plc,2020-12-31,2025-12-31,1,0,0,0,0,READY_STABLE_SEC_NPORT_NAME,0
AMAT,AMAT,APPLIED MATERIALS INC,APPLIED MATERIALS,MEDIUM,REVIEW_CONFLICT,,21,20,1,1,APPLIED MATERIALS,Applied Materials Inc,2020-12-31,2025-12-31,1,0,0,0,0,READY_STABLE_SEC_NPORT_NAME,0
AMCR,AMCR,AMCOR PLC,AMCOR,HIGH,AUTO_SOURCE_AGREEMENT,0001748790,21,20,1,1,AMCOR,Amcor PLC,2020-12-31,2025-12-31,1,0,0,1,0,READY_STABLE_SEC_NPORT_NAME,0
AMD,AMD,ADVANCED MICRO DEVICES,ADVANCED MICRO DEVICES,LOW,REVIEW_TICKER_ONLY,0000002488,21,20,1,1,ADVANCED MICRO DEVICES,Advanced Micro Devices Inc,2020-12-31,2025-12-31,1,0,0,0,0,READY_STABLE_SEC_NPORT_NAME,0
AME,AME,AMETEK INC,AMETEK,HIGH,AUTO_SOURCE_AGREEMENT,0001037868,21,20,1,1,AMETEK,AMETEK Inc,2020-12-31,2025-12-31,1,0,0,0,0,READY_STABLE_SEC_NPORT_NAME,0
AMGN,AMGN,AMGEN INC,AMGEN,HIGH,AUTO_SOURCE_AGREEMENT,0000318154,21,20,1,1,AMGEN,Amgen Inc,2020-12-31,2025-12-31,1,0,0,0,0,READY_STABLE_SEC_NPORT_NAME,0
AMP,AMP,AMERIPRISE FINANCIAL INC,AMERIPRISE FINANCIAL,MEDIUM,AUTO_SOURCE_AGREEMENT,0000820027,21,20,1,1,AMERIPRISE FINANCIAL,Ameriprise Financial Inc,2020-12-31,2025-12-31,1,0,0,3,0,READY_STABLE_SEC_NPORT_NAME,0
AMT,AMT,AMERICAN TOWER CORP,AMERICAN TOWER,MEDIUM,REVIEW_CONFLICT,,21,20,1,1,AMERICAN TOWER,American Tower Corp,2020-12-31,2025-12-31,1,0,0,0,0,READY_STABLE_SEC_NPORT_NAME,0
AMZN,AMZN,AMAZON.COM INC,AMAZON COM,MEDIUM,AUTO_SOURCE_AGREEMENT,0001018724,21,20,1,1,AMAZON COM,Amazon.com Inc,2020-12-31,2025-12-31,1,0,0,0,0,READY_STABLE_SEC_NPORT_NAME,0
ANET,ANET,ARISTA NETWORKS INC,ARISTA NETWORKS,MEDIUM,AUTO_SOURCE_AGREEMENT,0001596532,21,20,1,1,ARISTA NETWORKS,Arista Networks Inc,2020-12-31,2025-12-31,1,0,0,0,0,READY_STABLE_SEC_NPORT_NAME,0
AON,AON,AON PLC CLASS A,AON,LOW,REVIEW_TICKER_ONLY,0000315293,21,20,1,1,AON,Aon PLC,2020-12-31,2025-12-31,1,0,0,1,0,READY_STABLE_SEC_NPORT_NAME,0
APA,APA,APA CORP,APA,HIGH,AUTO_SOURCE_AGREEMENT,0001841666,20,20,0,1,APA,APA Corp,2021-03-31,2025-12-31,1,0,0,0,0,READY_STABLE_SEC_NPORT_NAME,0
APH,APH,AMPHENOL CORP CL A,AMPHENOL,LOW,REVIEW_TICKER_ONLY,0000820313,21,20,1,1,AMPHENOL,Amphenol Corp,2020-12-31,2025-12-31,1,0,0,0,0,READY_STABLE_SEC_NPORT_NAME,0
APP,APP,AppLovin,APPLOVIN,HIGH,REVIEW_TICKER_ONLY,0001751008,2,2,0,1,APPLOVIN,AppLovin Corp,2025-09-30,2025-12-31,1,0,0,0,0,READY_STABLE_SEC_NPORT_NAME,0
APTV,APTV,APTIV PLC,APTIV,HIGH,AUTO_SOURCE_AGREEMENT,0001521332,21,20,1,1,APTIV,Aptiv PLC,2020-12-31,2025-12-31,1,0,0,1,0,READY_STABLE_SEC_NPORT_NAME,0
ARES,ARES,Ares Management,ARES MANAGEMENT,MEDIUM,REVIEW_TICKER_ONLY,0001176948,1,1,0,1,ARES MANAGEMENT,Ares Management Corp,2025-12-31,2025-12-31,1,0,0,1,0,READY_STABLE_SEC_NPORT_NAME,0
ATO,ATO,ATMOS ENERGY CORP,ATMOS ENERGY,MEDIUM,AUTO_SOURCE_AGREEMENT,0000731802,21,20,1,1,ATMOS ENERGY,Atmos Energy Corp,2020-12-31,2025-12-31,1,0,0,0,0,READY_STABLE_SEC_NPORT_NAME,0
AVB,AVB,AVALONBAY COMMUNITIES INC,AVALONBAY COMMUNITIES,MEDIUM,AUTO_SOURCE_AGREEMENT,0000915912,21,20,1,1,AVALONBAY COMMUNITIES,AvalonBay Communities Inc,2020-12-31,2025-12-31,1,0,0,2,0,READY_STABLE_SEC_NPORT_NAME,0
AVGO,AVGO,BROADCOM INC,BROADCOM,HIGH,AUTO_SOURCE_AGREEMENT,0001730168,21,20,1,1,BROADCOM,Broadcom Inc,2020-12-31,2025-12-31,1,0,0,1,0,READY_STABLE_SEC_NPORT_NAME,0
AVY,AVY,AVERY DENNISON CORP,AVERY DENNISON,MEDIUM,AUTO_SOURCE_AGREEMENT,0000008818,21,20,1,1,AVERY DENNISON,Avery Dennison Corp,2020-12-31,2025-12-31,1,0,0,1,0,READY_STABLE_SEC_NPORT_NAME,0
AWK,AWK,AMERICAN WATER WORKS CO INC,AMERICAN WATER WORKS,LOW,REVIEW_CONFLICT,,21,20,1,1,AMERICAN WATER WORKS,American Water Works Co Inc,2020-12-31,2025-12-31,1,0,0,0,0,READY_STABLE_SEC_NPORT_NAME,0
AXON,AXON,Axon Enterprise,AXON ENTERPRISE,MEDIUM,REVIEW_TICKER_ONLY,0001069183,11,11,0,1,AXON ENTERPRISE,Axon Enterprise Inc,2023-06-30,2025-12-31,1,0,0,1,0,READY_STABLE_SEC_NPORT_NAME,0
AXP,AXP,AMERICAN EXPRESS CO,AMERICAN EXPRESS,MEDIUM,AUTO_SOURCE_AGREEMENT,0000004962,21,20,1,1,AMERICAN EXPRESS,American Express Co,2020-12-31,2025-12-31,1,0,0,0,0,READY_STABLE_SEC_NPORT_NAME,0
BA,BA,BOEING CO/THE,BOEING,LOW,REVIEW_TICKER_ONLY,0000012927,21,20,1,1,BOEING,Boeing Co/The,2020-12-31,2025-12-31,1,0,0,0,0,READY_STABLE_SEC_NPORT_NAME,0
BAC,BAC,BANK OF AMERICA CORP,BANK OF AMERICA,LOW,REVIEW_CONFLICT,,21,20,1,1,BANK OF AMERICA,Bank of America Corp,2020-12-31,2025-12-31,1,0,0,0,0,READY_STABLE_SEC_NPORT_NAME,0
BALL,BALL,BALL CORP,BALL,HIGH,AUTO_SOURCE_AGREEMENT,0000009389,21,20,1,1,BALL,Ball Corp,2020-12-31,2025-12-31,1,0,0,0,0,READY_STABLE_SEC_NPORT_NAME,0
BAX,BAX,BAXTER INTERNATIONAL INC,BAXTER INTERNATIONAL,MEDIUM,AUTO_SOURCE_AGREEMENT,0000010456,21,20,1,1,BAXTER INTERNATIONAL,Baxter International Inc,2020-12-31,2025-12-31,1,0,0,0,0,READY_STABLE_SEC_NPORT_NAME,0
BBY,BBY,BEST BUY CO INC,BEST BUY,HIGH,AUTO_SOURCE_AGREEMENT,0000764478,21,20,1,1,BEST BUY,Best Buy Co Inc,2020-12-31,2025-12-31,1,0,0,0,0,READY_STABLE_SEC_NPORT_NAME,0
BDX,BDX,BECTON DICKINSON AND CO,BECTON DICKINSON AND,LOW,AUTO_SOURCE_AGREEMENT,0000010795,21,20,1,1,BECTON DICKINSON AND,Becton Dickinson & Co|Becton Dickinson and Co,2020-12-31,2025-12-31,1,0,0,0,0,READY_STABLE_SEC_NPORT_NAME,0
BEN,BEN,FRANKLIN RESOURCES INC,FRANKLIN RESOURCES,MEDIUM,AUTO_SOURCE_AGREEMENT,0000038777,21,20,1,1,FRANKLIN RESOURCES,Franklin Resources Inc,2020-12-31,2025-12-31,1,0,0,0,0,READY_STABLE_SEC_NPORT_NAME,0
BF.B,BF.B,BROWN FORMAN CORP CLASS B,BROWN FORMAN,LOW,REVIEW_TICKER_ONLY,0000014693,21,20,1,1,BROWN FORMAN,Brown-Forman Corp,2020-12-31,2025-12-31,1,0,0,0,0,READY_STABLE_SEC_NPORT_NAME,0
BIIB,BIIB,BIOGEN INC,BIOGEN,HIGH,AUTO_SOURCE_AGREEMENT,0000875045,21,20,1,1,BIOGEN,Biogen Inc,2020-12-31,2025-12-31,1,0,0,4,0,READY_STABLE_SEC_NPORT_NAME,0
BKNG,BKNG,BOOKING HOLDINGS INC,BOOKING,HIGH,AUTO_SOURCE_AGREEMENT,0001075531,21,20,1,1,BOOKING,Booking Holdings Inc,2020-12-31,2025-12-31,1,0,0,2,0,READY_STABLE_SEC_NPORT_NAME,0
BKR,BKR,BAKER HUGHES CO,BAKER HUGHES,MEDIUM,AUTO_SOURCE_AGREEMENT,0001701605,21,20,1,1,BAKER HUGHES,Baker Hughes Co,2020-12-31,2025-12-31,1,0,0,2,0,READY_STABLE_SEC_NPORT_NAME,0
BLDR,BLDR,Builders FirstSource,BUILDERS FIRSTSOURCE,MEDIUM,REVIEW_TICKER_ONLY,0001316835,9,9,0,1,BUILDERS FIRSTSOURCE,Builders FirstSource Inc,2023-12-31,2025-12-31,1,0,0,0,0,READY_STABLE_SEC_NPORT_NAME,0
BMY,BMY,BRISTOL MYERS SQUIBB CO,BRISTOL MYERS SQUIBB,LOW,AUTO_SOURCE_AGREEMENT,0000014272,21,20,1,1,BRISTOL MYERS SQUIBB,Bristol-Myers Squibb Co,2020-12-31,2025-12-31,1,0,0,0,0,READY_STABLE_SEC_NPORT_NAME,0
BNY,BNY,BANK OF NEW YORK MELLON CORP,BANK OF NEW YORK MELLON,LOW,AUTO_SOURCE_AGREEMENT,0001390777,21,20,1,1,BANK OF NEW YORK MELLON,Bank of New York Mellon Corp/The,2020-12-31,2025-12-31,1,0,0,0,0,READY_STABLE_SEC_NPORT_NAME,0
BRK.B,BRK.B,BERKSHIRE HATHAWAY INC CL B,BERKSHIRE HATHAWAY,LOW,REVIEW_TICKER_ONLY,0001067983,21,20,1,1,BERKSHIRE HATHAWAY,Berkshire Hathaway Inc,2020-12-31,2025-12-31,1,0,0,1,0,READY_STABLE_SEC_NPORT_NAME,0
BRO,BRO,Brown & Brown,BROWN AND BROWN,LOW,REVIEW_TICKER_ONLY,0000079282,18,18,0,1,BROWN AND BROWN,Brown & Brown Inc,2021-09-30,2025-12-31,1,0,0,3,0,READY_STABLE_SEC_NPORT_NAME,0
BSX,BSX,BOSTON SCIENTIFIC CORP,BOSTON SCIENTIFIC,MEDIUM,AUTO_SOURCE_AGREEMENT,0000885725,21,20,1,1,BOSTON SCIENTIFIC,Boston Scientific Corp,2020-12-31,2025-12-31,1,0,0,0,0,READY_STABLE_SEC_NPORT_NAME,0
CAG,CAG,Conagra Brands,CONAGRA BRANDS,MEDIUM,REVIEW_TICKER_ONLY,0000023217,21,20,1,1,CONAGRA BRANDS,Conagra Brands Inc,2020-12-31,2025-12-31,1,0,0,2,0,READY_STABLE_SEC_NPORT_NAME,0
CARR,CARR,CARRIER GLOBAL CORP,CARRIER GLOBAL,MEDIUM,AUTO_SOURCE_AGREEMENT,0001783180,21,20,1,1,CARRIER GLOBAL,Carrier Global Corp,2020-12-31,2025-12-31,1,0,0,0,0,READY_STABLE_SEC_NPORT_NAME,0
CAT,CAT,CATERPILLAR INC,CATERPILLAR,HIGH,AUTO_SOURCE_AGREEMENT,0000018230,21,20,1,1,CATERPILLAR,Caterpillar Inc,2020-12-31,2025-12-31,1,0,0,0,0,READY_STABLE_SEC_NPORT_NAME,0
CB,CB,CHUBB LTD,CHUBB,HIGH,AUTO_SOURCE_AGREEMENT,0000896159,21,20,1,1,CHUBB,Chubb Ltd,2020-12-31,2025-12-31,1,0,0,2,0,READY_STABLE_SEC_NPORT_NAME,0
CBOE,CBOE,CBOE GLOBAL MARKETS INC,CBOE GLOBAL MARKETS,LOW,AUTO_SOURCE_AGREEMENT,0001374310,21,20,1,1,CBOE GLOBAL MARKETS,Cboe Global Markets Inc,2020-12-31,2025-12-31,1,0,0,1,0,READY_STABLE_SEC_NPORT_NAME,0
CDW,CDW,CDW CORP/DE,CDW CORP DE,LOW,REVIEW_TICKER_ONLY,0001402057,21,20,1,1,CDW CORP DE,CDW Corp/DE,2020-12-31,2025-12-31,1,0,0,1,0,READY_STABLE_SEC_NPORT_NAME,0
CF,CF,CF INDUSTRIES HOLDINGS INC,CF INDUSTRIES,MEDIUM,AUTO_SOURCE_AGREEMENT,0001324404,21,20,1,1,CF INDUSTRIES,CF Industries Holdings Inc,2020-12-31,2025-12-31,1,0,0,0,0,READY_STABLE_SEC_NPORT_NAME,0
CFG,CFG,CITIZENS FINANCIAL GROUP,CITIZENS FINANCIAL GROUP,LOW,REVIEW_TICKER_ONLY,0000759944,21,20,1,1,CITIZENS FINANCIAL GROUP,Citizens Financial Group Inc,2020-12-31,2025-12-31,1,0,0,1,0,READY_STABLE_SEC_NPORT_NAME,0
CINF,CINF,CINCINNATI FINANCIAL CORP,CINCINNATI FINANCIAL,MEDIUM,AUTO_SOURCE_AGREEMENT,0000020286,21,20,1,1,CINCINNATI FINANCIAL,Cincinnati Financial Corp,2020-12-31,2025-12-31,1,0,0,0,0,READY_STABLE_SEC_NPORT_NAME,0
CMCSA,CMCSA,COMCAST CORP CLASS A,COMCAST,LOW,REVIEW_TICKER_ONLY,0001166691,21,20,1,1,COMCAST,Comcast Corp,2020-12-31,2025-12-31,1,0,0,1,0,READY_STABLE_SEC_NPORT_NAME,0
CME,CME,CME GROUP INC,CME GROUP,MEDIUM,AUTO_SOURCE_AGREEMENT,0001156375,21,20,1,1,CME GROUP,CME Group Inc,2020-12-31,2025-12-31,1,0,0,1,0,READY_STABLE_SEC_NPORT_NAME,0
CMG,CMG,CHIPOTLE MEXICAN GRILL INC,CHIPOTLE MEXICAN GRILL,LOW,AUTO_SOURCE_AGREEMENT,0001058090,21,20,1,1,CHIPOTLE MEXICAN GRILL,Chipotle Mexican Grill Inc,2020-12-31,2025-12-31,1,0,0,0,0,READY_STABLE_SEC_NPORT_NAME,0
CMI,CMI,CUMMINS INC,CUMMINS,HIGH,AUTO_SOURCE_AGREEMENT,0000026172,21,20,1,1,CUMMINS,Cummins Inc,2020-12-31,2025-12-31,1,0,0,1,0,READY_STABLE_SEC_NPORT_NAME,0
CMS,CMS,CMS ENERGY CORP,CMS ENERGY,MEDIUM,AUTO_SOURCE_AGREEMENT,0000811156,21,20,1,1,CMS ENERGY,CMS Energy Corp,2020-12-31,2025-12-31,1,0,0,0,0,READY_STABLE_SEC_NPORT_NAME,0
CNC,CNC,CENTENE CORP,CENTENE,HIGH,AUTO_SOURCE_AGREEMENT,0001071739,21,20,1,1,CENTENE,Centene Corp,2020-12-31,2025-12-31,1,0,0,0,0,READY_STABLE_SEC_NPORT_NAME,0
COF,COF,CAPITAL ONE FINANCIAL CORP,CAPITAL ONE FINANCIAL,LOW,AUTO_SOURCE_AGREEMENT,0000927628,21,20,1,1,CAPITAL ONE FINANCIAL,Capital One Financial Corp,2020-12-31,2025-12-31,1,0,0,0,0,READY_STABLE_SEC_NPORT_NAME,0
COIN,COIN,Coinbase Global,COINBASE GLOBAL,MEDIUM,REVIEW_TICKER_ONLY,0001679788,3,3,0,1,COINBASE GLOBAL,Coinbase Global Inc,2025-06-30,2025-12-31,1,0,0,0,0,READY_STABLE_SEC_NPORT_NAME,0
COO,COO,COOPER COS INC/THE,COOPER COS,LOW,REVIEW_TICKER_ONLY,0000711404,21,20,1,1,COOPER COS,Cooper Cos Inc/The,2020-12-31,2025-12-31,1,0,0,1,0,READY_STABLE_SEC_NPORT_NAME,0
COP,COP,CONOCOPHILLIPS,CONOCOPHILLIPS,HIGH,AUTO_SOURCE_AGREEMENT,0001163165,21,20,1,1,CONOCOPHILLIPS,ConocoPhillips,2020-12-31,2025-12-31,1,0,0,1,0,READY_STABLE_SEC_NPORT_NAME,0
COST,COST,COSTCO WHOLESALE CORP,COSTCO WHOLESALE,MEDIUM,REVIEW_TICKER_ONLY,0000909832,21,20,1,1,COSTCO WHOLESALE,Costco Wholesale Corp,2020-12-31,2025-12-31,1,0,0,2,0,READY_STABLE_SEC_NPORT_NAME,0
CPRT,CPRT,COPART INC,COPART,HIGH,AUTO_SOURCE_AGREEMENT,0000900075,21,20,1,1,COPART,Copart Inc,2020-12-31,2025-12-31,1,0,0,0,0,READY_STABLE_SEC_NPORT_NAME,0
CPT,CPT,Camden Property Trust,CAMDEN PROPERTY TRUST,LOW,AUTO_SOURCE_AGREEMENT,0000906345,15,15,0,1,CAMDEN PROPERTY TRUST,Camden Property Trust,2022-06-30,2025-12-31,1,0,0,0,0,READY_STABLE_SEC_NPORT_NAME,0
CRH,CRH,CRH,CRH,HIGH,REVIEW_TICKER_ONLY,0000849395,1,1,0,1,CRH,CRH PLC,2025-12-31,2025-12-31,1,0,0,0,0,READY_STABLE_SEC_NPORT_NAME,0
CRWD,CRWD,CrowdStrike Holdings,CROWDSTRIKE,HIGH,REVIEW_TICKER_ONLY,0001535527,7,7,0,1,CROWDSTRIKE,Crowdstrike Holdings Inc,2024-06-30,2025-12-31,1,0,0,0,0,READY_STABLE_SEC_NPORT_NAME,0
CSX,CSX,CSX CORP,CSX,HIGH,AUTO_SOURCE_AGREEMENT,0000277948,21,20,1,1,CSX,CSX Corp,2020-12-31,2025-12-31,1,0,0,0,0,READY_STABLE_SEC_NPORT_NAME,0
CTAS,CTAS,CINTAS CORP,CINTAS,HIGH,AUTO_SOURCE_AGREEMENT,0000723254,21,20,1,1,CINTAS,Cintas Corp,2020-12-31,2025-12-31,1,0,0,0,0,READY_STABLE_SEC_NPORT_NAME,0
CTVA,CTVA,CORTEVA INC,CORTEVA,HIGH,AUTO_SOURCE_AGREEMENT,0001755672,21,20,1,1,CORTEVA,Corteva Inc,2020-12-31,2025-12-31,1,0,0,0,0,READY_STABLE_SEC_NPORT_NAME,0
CVNA,CVNA,Carvana,CARVANA,HIGH,REVIEW_TICKER_ONLY,0001690820,1,1,0,1,CARVANA,Carvana Co,2025-12-31,2025-12-31,1,0,0,0,0,READY_STABLE_SEC_NPORT_NAME,0
CVS,CVS,CVS HEALTH CORP,CVS HEALTH,MEDIUM,AUTO_SOURCE_AGREEMENT,0000064803,21,20,1,1,CVS HEALTH,CVS Health Corp,2020-12-31,2025-12-31,1,0,0,4,0,READY_STABLE_SEC_NPORT_NAME,0
CVX,CVX,CHEVRON CORP,CHEVRON,HIGH,AUTO_SOURCE_AGREEMENT,0000093410,21,20,1,1,CHEVRON,Chevron Corp,2020-12-31,2025-12-31,1,0,0,1,0,READY_STABLE_SEC_NPORT_NAME,0
D,D,DOMINION ENERGY INC,DOMINION ENERGY,MEDIUM,AUTO_SOURCE_AGREEMENT,0000715957,21,20,1,1,DOMINION ENERGY,Dominion Energy Inc,2020-12-31,2025-12-31,1,0,0,2,0,READY_STABLE_SEC_NPORT_NAME,0
DAL,DAL,DELTA AIR LINES INC,DELTA AIR LINES,LOW,AUTO_SOURCE_AGREEMENT,0000027904,21,20,1,1,DELTA AIR LINES,Delta Air Lines Inc,2020-12-31,2025-12-31,1,0,0,1,0,READY_STABLE_SEC_NPORT_NAME,0
DD,DD,DUPONT DE NEMOURS INC,DUPONT DE NEMOURS,LOW,AUTO_SOURCE_AGREEMENT,0001666700,21,20,1,1,DUPONT DE NEMOURS,DuPont de Nemours Inc,2020-12-31,2025-12-31,1,0,0,1,0,READY_STABLE_SEC_NPORT_NAME,0
DDOG,DDOG,Datadog,DATADOG,HIGH,REVIEW_TICKER_ONLY,0001561550,2,2,0,1,DATADOG,Datadog Inc,2025-09-30,2025-12-31,1,0,0,0,0,READY_STABLE_SEC_NPORT_NAME,0
DECK,DECK,Deckers Outdoor,DECKERS OUTDOOR,MEDIUM,REVIEW_TICKER_ONLY,0000910521,8,8,0,1,DECKERS OUTDOOR,Deckers Outdoor Corp,2024-03-31,2025-12-31,1,0,0,0,0,READY_STABLE_SEC_NPORT_NAME,0
DELL,DELL,Dell Technologies,DELL TECHNOLOGIES,MEDIUM,REVIEW_TICKER_ONLY,0001571996,6,6,0,1,DELL TECHNOLOGIES,Dell Technologies Inc,2024-09-30,2025-12-31,1,0,0,2,0,READY_STABLE_SEC_NPORT_NAME,0
DG,DG,DOLLAR GENERAL CORP,DOLLAR GENERAL,MEDIUM,AUTO_SOURCE_AGREEMENT,0000029534,21,20,1,1,DOLLAR GENERAL,Dollar General Corp,2020-12-31,2025-12-31,1,0,0,0,0,READY_STABLE_SEC_NPORT_NAME,0
DGX,DGX,QUEST DIAGNOSTICS INC,QUEST DIAGNOSTICS,MEDIUM,AUTO_SOURCE_AGREEMENT,0001022079,21,20,1,1,QUEST DIAGNOSTICS,Quest Diagnostics Inc,2020-12-31,2025-12-31,1,0,0,1,0,READY_STABLE_SEC_NPORT_NAME,0
DHI,DHI,DR HORTON INC,DR HORTON,MEDIUM,REVIEW_TICKER_ONLY,0000882184,21,20,1,1,DR HORTON,DR Horton Inc,2020-12-31,2025-12-31,1,0,0,0,0,READY_STABLE_SEC_NPORT_NAME,0
DHR,DHR,DANAHER CORP,DANAHER,HIGH,REVIEW_CONFLICT,,21,20,1,1,DANAHER,Danaher Corp,2020-12-31,2025-12-31,1,0,0,0,0,READY_STABLE_SEC_NPORT_NAME,0
DIS,DIS,WALT DISNEY CO/THE,WALT DISNEY,LOW,REVIEW_TICKER_ONLY,0001744489,21,20,1,1,WALT DISNEY,Walt Disney Co/The,2020-12-31,2025-12-31,1,0,0,2,0,READY_STABLE_SEC_NPORT_NAME,0
DLR,DLR,DIGITAL REALTY TRUST INC,DIGITAL REALTY TRUST,LOW,AUTO_SOURCE_AGREEMENT,0001297996,21,20,1,1,DIGITAL REALTY TRUST,Digital Realty Trust Inc,2020-12-31,2025-12-31,1,0,0,0,0,READY_STABLE_SEC_NPORT_NAME,0
DLTR,DLTR,DOLLAR TREE INC,DOLLAR TREE,MEDIUM,AUTO_SOURCE_AGREEMENT,0000935703,21,20,1,1,DOLLAR TREE,Dollar Tree Inc,2020-12-31,2025-12-31,1,0,0,2,0,READY_STABLE_SEC_NPORT_NAME,0
DOC,DOC,HEALTHPEAK PROPERTIES INC,HEALTHPEAK PROPERTIES,MEDIUM,AUTO_SOURCE_AGREEMENT,0000765880,21,20,1,1,HEALTHPEAK PROPERTIES,Healthpeak Properties Inc,2020-12-31,2025-12-31,1,0,0,2,0,READY_STABLE_SEC_NPORT_NAME,0
DOV,DOV,DOVER CORP,DOVER,HIGH,AUTO_SOURCE_AGREEMENT,0000029905,21,20,1,1,DOVER,Dover Corp,2020-12-31,2025-12-31,1,0,0,0,0,READY_STABLE_SEC_NPORT_NAME,0
DOW,DOW,DOW INC,DOW,HIGH,AUTO_SOURCE_AGREEMENT,0001751788,21,20,1,1,DOW,Dow Inc,2020-12-31,2025-12-31,1,0,0,1,0,READY_STABLE_SEC_NPORT_NAME,0
DPZ,DPZ,DOMINO S PIZZA INC,DOMINO S PIZZA,LOW,REVIEW_TICKER_ONLY,0001286681,21,20,1,1,DOMINO S PIZZA,Domino's Pizza Inc,2020-12-31,2025-12-31,1,0,0,0,0,READY_STABLE_SEC_NPORT_NAME,0
DRI,DRI,DARDEN RESTAURANTS INC,DARDEN RESTAURANTS,MEDIUM,AUTO_SOURCE_AGREEMENT,0000940944,21,20,1,1,DARDEN RESTAURANTS,Darden Restaurants Inc,2020-12-31,2025-12-31,1,0,0,0,0,READY_STABLE_SEC_NPORT_NAME,0
DTE,DTE,DTE ENERGY COMPANY,DTE ENERGY,MEDIUM,REVIEW_TICKER_ONLY,0000936340,21,20,1,1,DTE ENERGY,DTE Energy Co,2020-12-31,2025-12-31,1,0,0,1,0,READY_STABLE_SEC_NPORT_NAME,0
DUK,DUK,DUKE ENERGY CORP,DUKE ENERGY,MEDIUM,AUTO_SOURCE_AGREEMENT,0001326160,21,20,1,1,DUKE ENERGY,Duke Energy Corp,2020-12-31,2025-12-31,1,0,0,2,0,READY_STABLE_SEC_NPORT_NAME,0
DVA,DVA,DAVITA INC,DAVITA,HIGH,AUTO_SOURCE_AGREEMENT,0000927066,21,20,1,1,DAVITA,DaVita Inc,2020-12-31,2025-12-31,1,0,0,3,0,READY_STABLE_SEC_NPORT_NAME,0
DVN,DVN,DEVON ENERGY CORP,DEVON ENERGY,MEDIUM,AUTO_SOURCE_AGREEMENT,0001090012,21,20,1,1,DEVON ENERGY,Devon Energy Corp,2020-12-31,2025-12-31,1,0,0,2,0,READY_STABLE_SEC_NPORT_NAME,0
DXCM,DXCM,DEXCOM INC,DEXCOM,HIGH,AUTO_SOURCE_AGREEMENT,0001093557,21,20,1,1,DEXCOM,DexCom Inc|Dexcom Inc,2020-12-31,2025-12-31,1,0,0,0,0,READY_STABLE_SEC_NPORT_NAME,0
EA,EA,Electronic Arts,ELECTRONIC ARTS,MEDIUM,UNRESOLVED,,21,20,1,1,ELECTRONIC ARTS,Electronic Arts Inc,2020-12-31,2025-12-31,1,0,0,0,0,READY_STABLE_SEC_NPORT_NAME,0
EBAY,EBAY,EBAY INC,EBAY,HIGH,AUTO_SOURCE_AGREEMENT,0001065088,21,20,1,1,EBAY,eBay Inc,2020-12-31,2025-12-31,1,0,0,0,0,READY_STABLE_SEC_NPORT_NAME,0
ECL,ECL,ECOLAB INC,ECOLAB,HIGH,AUTO_SOURCE_AGREEMENT,0000031462,21,20,1,1,ECOLAB,Ecolab Inc,2020-12-31,2025-12-31,1,0,0,1,0,READY_STABLE_SEC_NPORT_NAME,0
ED,ED,CONSOLIDATED EDISON INC,CONSOLIDATED EDISON,MEDIUM,AUTO_SOURCE_AGREEMENT,0001047862,21,20,1,1,CONSOLIDATED EDISON,Consolidated Edison Inc,2020-12-31,2025-12-31,1,0,0,0,0,READY_STABLE_SEC_NPORT_NAME,0
EIX,EIX,EDISON INTERNATIONAL,EDISON INTERNATIONAL,MEDIUM,AUTO_SOURCE_AGREEMENT,0000827052,21,20,1,1,EDISON INTERNATIONAL,Edison International,2020-12-31,2025-12-31,1,0,0,1,0,READY_STABLE_SEC_NPORT_NAME,0
EME,EME,Emcor Group,EMCOR GROUP,MEDIUM,REVIEW_TICKER_ONLY,0000105634,2,2,0,1,EMCOR GROUP,EMCOR Group Inc,2025-09-30,2025-12-31,1,0,0,2,0,READY_STABLE_SEC_NPORT_NAME,0
EMR,EMR,EMERSON ELECTRIC CO,EMERSON ELECTRIC,MEDIUM,AUTO_SOURCE_AGREEMENT,0000032604,21,20,1,1,EMERSON ELECTRIC,Emerson Electric Co,2020-12-31,2025-12-31,1,0,0,0,0,READY_STABLE_SEC_NPORT_NAME,0
EOG,EOG,EOG RESOURCES INC,EOG RESOURCES,MEDIUM,AUTO_SOURCE_AGREEMENT,0000821189,21,20,1,1,EOG RESOURCES,EOG Resources Inc,2020-12-31,2025-12-31,1,0,0,1,0,READY_STABLE_SEC_NPORT_NAME,0
EQIX,EQIX,EQUINIX INC,EQUINIX,HIGH,AUTO_SOURCE_AGREEMENT,0001101239,21,20,1,1,EQUINIX,Equinix Inc,2020-12-31,2025-12-31,1,0,0,0,0,READY_STABLE_SEC_NPORT_NAME,0
EQR,EQR,EQUITY RESIDENTIAL,EQUITY RESIDENTIAL,MEDIUM,REVIEW_CONFLICT,,21,20,1,1,EQUITY RESIDENTIAL,Equity Residential,2020-12-31,2025-12-31,1,0,0,0,0,READY_STABLE_SEC_NPORT_NAME,0
EQT,EQT,EQT,EQT,HIGH,REVIEW_TICKER_ONLY,0000033213,13,13,0,1,EQT,EQT Corp,2022-12-31,2025-12-31,1,0,0,1,0,READY_STABLE_SEC_NPORT_NAME,0
ERIE,ERIE,Erie Indemnity,ERIE INDEMNITY,MEDIUM,REVIEW_TICKER_ONLY,0000922621,6,6,0,1,ERIE INDEMNITY,Erie Indemnity Co,2024-09-30,2025-12-31,1,0,0,0,0,READY_STABLE_SEC_NPORT_NAME,0
ES,ES,EVERSOURCE ENERGY,EVERSOURCE ENERGY,MEDIUM,AUTO_SOURCE_AGREEMENT,0000072741,21,20,1,1,EVERSOURCE ENERGY,Eversource Energy,2020-12-31,2025-12-31,1,0,0,2,0,READY_STABLE_SEC_NPORT_NAME,0
ESS,ESS,ESSEX PROPERTY TRUST INC,ESSEX PROPERTY TRUST,LOW,AUTO_SOURCE_AGREEMENT,0000920522,21,20,1,1,ESSEX PROPERTY TRUST,Essex Property Trust Inc,2020-12-31,2025-12-31,1,0,0,2,0,READY_STABLE_SEC_NPORT_NAME,0
ETN,ETN,EATON CORP PLC,EATON,HIGH,AUTO_SOURCE_AGREEMENT,0001551182,21,20,1,1,EATON,Eaton Corp PLC,2020-12-31,2025-12-31,1,0,0,1,0,READY_STABLE_SEC_NPORT_NAME,0
ETR,ETR,ENTERGY CORP,ENTERGY,HIGH,REVIEW_TICKER_ONLY,0000065984,21,20,1,1,ENTERGY,Entergy Corp,2020-12-31,2025-12-31,1,0,0,1,0,READY_STABLE_SEC_NPORT_NAME,0
EVRG,EVRG,EVERGY INC,EVERGY,HIGH,AUTO_SOURCE_AGREEMENT,0001711269,21,20,1,1,EVERGY,Evergy Inc,2020-12-31,2025-12-31,1,0,0,1,0,READY_STABLE_SEC_NPORT_NAME,0
EW,EW,EDWARDS LIFESCIENCES CORP,EDWARDS LIFESCIENCES,MEDIUM,AUTO_SOURCE_AGREEMENT,0001099800,21,20,1,1,EDWARDS LIFESCIENCES,Edwards Lifesciences Corp,2020-12-31,2025-12-31,1,0,0,1,0,READY_STABLE_SEC_NPORT_NAME,0
EXC,EXC,EXELON CORP,EXELON,HIGH,AUTO_SOURCE_AGREEMENT,0001109357,21,20,1,1,EXELON,Exelon Corp,2020-12-31,2025-12-31,1,0,0,0,0,READY_STABLE_SEC_NPORT_NAME,0
EXPE,EXPE,EXPEDIA GROUP INC,EXPEDIA GROUP,MEDIUM,AUTO_SOURCE_AGREEMENT,0001324424,21,20,1,1,EXPEDIA GROUP,Expedia Group Inc,2020-12-31,2025-12-31,1,0,0,1,0,READY_STABLE_SEC_NPORT_NAME,0
EXR,EXR,EXTRA SPACE STORAGE INC,EXTRA SPACE STORAGE,LOW,AUTO_SOURCE_AGREEMENT,0001289490,21,20,1,1,EXTRA SPACE STORAGE,Extra Space Storage Inc,2020-12-31,2025-12-31,1,0,0,0,0,READY_STABLE_SEC_NPORT_NAME,0
F,F,FORD MOTOR CO,FORD MOTOR,MEDIUM,AUTO_SOURCE_AGREEMENT,0000037996,21,20,1,1,FORD MOTOR,Ford Motor Co,2020-12-31,2025-12-31,1,0,0,0,0,READY_STABLE_SEC_NPORT_NAME,0
FAST,FAST,FASTENAL CO,FASTENAL,HIGH,AUTO_SOURCE_AGREEMENT,0000815556,21,20,1,1,FASTENAL,Fastenal Co,2020-12-31,2025-12-31,1,0,0,1,0,READY_STABLE_SEC_NPORT_NAME,0
FCX,FCX,FREEPORT MCMORAN INC,FREEPORT MCMORAN,MEDIUM,AUTO_SOURCE_AGREEMENT,0000831259,21,20,1,1,FREEPORT MCMORAN,Freeport-McMoRan Inc,2020-12-31,2025-12-31,1,0,0,1,0,READY_STABLE_SEC_NPORT_NAME,0
FDS,FDS,FactSet Research Systems,FACTSET RESEARCH SYSTEMS,LOW,REVIEW_TICKER_ONLY,0001013237,17,17,0,1,FACTSET RESEARCH SYSTEMS,FactSet Research Systems Inc,2021-12-31,2025-12-31,1,0,0,0,0,READY_STABLE_SEC_NPORT_NAME,0
FDX,FDX,FEDEX CORP,FEDEX,HIGH,AUTO_SOURCE_AGREEMENT,0001048911,21,20,1,1,FEDEX,FedEx Corp,2020-12-31,2025-12-31,1,0,0,1,0,READY_STABLE_SEC_NPORT_NAME,0
FE,FE,FIRSTENERGY CORP,FIRSTENERGY,HIGH,AUTO_SOURCE_AGREEMENT,0001031296,21,20,1,1,FIRSTENERGY,FirstEnergy Corp,2020-12-31,2025-12-31,1,0,0,0,0,READY_STABLE_SEC_NPORT_NAME,0
FISV,FISV,FISERV INC,FISERV,HIGH,AUTO_SOURCE_AGREEMENT,0000798354,21,20,1,1,FISERV,Fiserv Inc,2020-12-31,2025-12-31,1,0,0,0,0,READY_STABLE_SEC_NPORT_NAME,0
FITB,FITB,FIFTH THIRD BANCORP,FIFTH THIRD BANCORP,LOW,AUTO_SOURCE_AGREEMENT,0000035527,21,20,1,1,FIFTH THIRD BANCORP,Fifth Third Bancorp,2020-12-31,2025-12-31,1,0,0,0,0,READY_STABLE_SEC_NPORT_NAME,0
FOX,FOX,FOX CORP   CLASS B,FOX,LOW,REVIEW_TICKER_ONLY,0001754301,21,20,1,1,FOX,Fox Corp,2020-12-31,2025-12-31,1,0,0,1,0,READY_STABLE_SEC_NPORT_NAME,0
FOXA,FOXA,FOX CORP   CLASS A,FOX,LOW,REVIEW_TICKER_ONLY,0001754301,21,20,1,1,FOX,Fox Corp,2020-12-31,2025-12-31,1,0,0,1,0,READY_STABLE_SEC_NPORT_NAME,0
FSLR,FSLR,First Solar,FIRST SOLAR,MEDIUM,REVIEW_TICKER_ONLY,0001274494,13,13,0,1,FIRST SOLAR,First Solar Inc,2022-12-31,2025-12-31,1,0,0,1,0,READY_STABLE_SEC_NPORT_NAME,0
FTNT,FTNT,FORTINET INC,FORTINET,HIGH,AUTO_SOURCE_AGREEMENT,0001262039,21,20,1,1,FORTINET,Fortinet Inc,2020-12-31,2025-12-31,1,0,0,1,0,READY_STABLE_SEC_NPORT_NAME,0
FTV,FTV,FORTIVE CORP,FORTIVE,HIGH,AUTO_SOURCE_AGREEMENT,0001659166,21,20,1,1,FORTIVE,Fortive Corp,2020-12-31,2025-12-31,1,0,0,0,0,READY_STABLE_SEC_NPORT_NAME,0
GD,GD,GENERAL DYNAMICS CORP,GENERAL DYNAMICS,MEDIUM,AUTO_SOURCE_AGREEMENT,0000040533,21,20,1,1,GENERAL DYNAMICS,General Dynamics Corp,2020-12-31,2025-12-31,1,0,0,0,0,READY_STABLE_SEC_NPORT_NAME,0
GDDY,GDDY,GoDaddy,GODADDY,HIGH,REVIEW_TICKER_ONLY,0001609711,7,7,0,1,GODADDY,GoDaddy Inc,2024-06-30,2025-12-31,1,0,0,0,0,READY_STABLE_SEC_NPORT_NAME,0
GE,GE,GENERAL ELECTRIC,GENERAL ELECTRIC,MEDIUM,REVIEW_TICKER_ONLY,0000040545,21,20,1,1,GENERAL ELECTRIC,General Electric Co,2020-12-31,2025-12-31,1,0,0,0,0,READY_STABLE_SEC_NPORT_NAME,0
GIS,GIS,GENERAL MILLS INC,GENERAL MILLS,MEDIUM,AUTO_SOURCE_AGREEMENT,0000040704,21,20,1,1,GENERAL MILLS,General Mills Inc,2020-12-31,2025-12-31,1,0,0,0,0,READY_STABLE_SEC_NPORT_NAME,0
GL,GL,GLOBE LIFE INC,GLOBE LIFE,MEDIUM,AUTO_SOURCE_AGREEMENT,0000320335,21,20,1,1,GLOBE LIFE,Globe Life Inc,2020-12-31,2025-12-31,1,0,0,1,0,READY_STABLE_SEC_NPORT_NAME,0
GLW,GLW,CORNING INC,CORNING,HIGH,REVIEW_TICKER_ONLY,0000024741,21,20,1,1,CORNING,Corning Inc,2020-12-31,2025-12-31,1,0,0,0,0,READY_STABLE_SEC_NPORT_NAME,0
GM,GM,GENERAL MOTORS CO,GENERAL MOTORS,MEDIUM,AUTO_SOURCE_AGREEMENT,0001467858,21,20,1,1,GENERAL MOTORS,General Motors Co,2020-12-31,2025-12-31,1,0,0,0,0,READY_STABLE_SEC_NPORT_NAME,0
GNRC,GNRC,Generac Holdings,GENERAC,HIGH,REVIEW_TICKER_ONLY,0001474735,20,20,0,1,GENERAC,Generac Holdings Inc,2021-03-31,2025-12-31,1,0,0,0,0,READY_STABLE_SEC_NPORT_NAME,0
GOOG,GOOG,ALPHABET INC CL C,ALPHABET,LOW,REVIEW_TICKER_ONLY,0001652044,21,20,1,1,ALPHABET,Alphabet Inc,2020-12-31,2025-12-31,1,0,0,0,0,READY_STABLE_SEC_NPORT_NAME,0
GOOGL,GOOGL,ALPHABET INC CL A,ALPHABET,LOW,REVIEW_TICKER_ONLY,0001652044,21,20,1,1,ALPHABET,Alphabet Inc,2020-12-31,2025-12-31,1,0,0,0,0,READY_STABLE_SEC_NPORT_NAME,0
GPC,GPC,GENUINE PARTS CO,GENUINE PARTS,MEDIUM,AUTO_SOURCE_AGREEMENT,0000040987,21,20,1,1,GENUINE PARTS,Genuine Parts Co,2020-12-31,2025-12-31,1,0,0,0,0,READY_STABLE_SEC_NPORT_NAME,0
GPN,GPN,GLOBAL PAYMENTS INC,GLOBAL PAYMENTS,MEDIUM,AUTO_SOURCE_AGREEMENT,0001123360,21,20,1,1,GLOBAL PAYMENTS,Global Payments Inc,2020-12-31,2025-12-31,1,0,0,0,0,READY_STABLE_SEC_NPORT_NAME,0
GRMN,GRMN,GARMIN LTD,GARMIN,HIGH,AUTO_SOURCE_AGREEMENT,0001121788,21,20,1,1,GARMIN,Garmin Ltd,2020-12-31,2025-12-31,1,0,0,0,0,READY_STABLE_SEC_NPORT_NAME,0
GS,GS,GOLDMAN SACHS GROUP INC,GOLDMAN SACHS GROUP,LOW,AUTO_SOURCE_AGREEMENT,0000886982,21,20,1,1,GOLDMAN SACHS GROUP,Goldman Sachs Group Inc/The,2020-12-31,2025-12-31,1,0,0,1,0,READY_STABLE_SEC_NPORT_NAME,0
GWW,GWW,WW GRAINGER INC,WW GRAINGER,MEDIUM,REVIEW_CONFLICT,,21,20,1,1,WW GRAINGER,WW Grainger Inc,2020-12-31,2025-12-31,1,0,0,0,0,READY_STABLE_SEC_NPORT_NAME,0
HAL,HAL,HALLIBURTON CO,HALLIBURTON,HIGH,AUTO_SOURCE_AGREEMENT,0000045012,21,20,1,1,HALLIBURTON,Halliburton Co,2020-12-31,2025-12-31,1,0,0,0,0,READY_STABLE_SEC_NPORT_NAME,0
HAS,HAS,HASBRO INC,HASBRO,HIGH,AUTO_SOURCE_AGREEMENT,0000046080,21,20,1,1,HASBRO,Hasbro Inc,2020-12-31,2025-12-31,1,0,0,1,0,READY_STABLE_SEC_NPORT_NAME,0
HCA,HCA,HCA HEALTHCARE INC,HCA HEALTHCARE,MEDIUM,AUTO_SOURCE_AGREEMENT,0000860730,21,20,1,1,HCA HEALTHCARE,HCA Healthcare Inc,2020-12-31,2025-12-31,1,0,0,7,0,READY_STABLE_SEC_NPORT_NAME,0
HD,HD,HOME DEPOT INC,HOME DEPOT,MEDIUM,AUTO_SOURCE_AGREEMENT,0000354950,21,20,1,1,HOME DEPOT,Home Depot Inc/The,2020-12-31,2025-12-31,1,0,0,1,0,READY_STABLE_SEC_NPORT_NAME,0
HOLX,HOLX,Hologic,HOLOGIC,HIGH,UNRESOLVED,,21,20,1,1,HOLOGIC,Hologic Inc,2020-12-31,2025-12-31,1,0,0,0,0,READY_STABLE_SEC_NPORT_NAME,0
HON,HON,HONEYWELL INTERNATIONAL INC,HONEYWELL INTERNATIONAL,MEDIUM,AUTO_SOURCE_AGREEMENT,0000773840,21,20,1,1,HONEYWELL INTERNATIONAL,Honeywell International Inc,2020-12-31,2025-12-31,1,0,0,2,0,READY_STABLE_SEC_NPORT_NAME,0
HOOD,HOOD,Robinhood Markets,ROBINHOOD MARKETS,MEDIUM,REVIEW_TICKER_ONLY,0001783879,2,2,0,1,ROBINHOOD MARKETS,Robinhood Markets Inc,2025-09-30,2025-12-31,1,0,0,0,0,READY_STABLE_SEC_NPORT_NAME,0
HPE,HPE,HEWLETT PACKARD ENTERPRISE,HEWLETT PACKARD ENTERPRISE,LOW,REVIEW_TICKER_ONLY,0001645590,21,20,1,1,HEWLETT PACKARD ENTERPRISE,Hewlett Packard Enterprise Co,2020-12-31,2025-12-31,1,0,0,0,0,READY_STABLE_SEC_NPORT_NAME,0
HPQ,HPQ,HP INC,HP,HIGH,AUTO_SOURCE_AGREEMENT,0000047217,21,20,1,1,HP,HP Inc,2020-12-31,2025-12-31,1,0,0,1,0,READY_STABLE_SEC_NPORT_NAME,0
HRL,HRL,HORMEL FOODS CORP,HORMEL FOODS,MEDIUM,REVIEW_TICKER_ONLY,0000048465,21,20,1,1,HORMEL FOODS,Hormel Foods Corp,2020-12-31,2025-12-31,1,0,0,1,0,READY_STABLE_SEC_NPORT_NAME,0
HSIC,HSIC,HENRY SCHEIN INC,HENRY SCHEIN,MEDIUM,AUTO_SOURCE_AGREEMENT,0001000228,21,20,1,1,HENRY SCHEIN,Henry Schein Inc,2020-12-31,2025-12-31,1,0,0,1,0,READY_STABLE_SEC_NPORT_NAME,0
HSY,HSY,HERSHEY CO/THE,HERSHEY,LOW,REVIEW_TICKER_ONLY,0000047111,21,20,1,1,HERSHEY,Hershey Co/The,2020-12-31,2025-12-31,1,0,0,1,0,READY_STABLE_SEC_NPORT_NAME,0
HUBB,HUBB,Hubbell,HUBBELL,HIGH,REVIEW_TICKER_ONLY,0000048898,9,9,0,1,HUBBELL,Hubbell Inc,2023-12-31,2025-12-31,1,0,0,0,0,READY_STABLE_SEC_NPORT_NAME,0
HUM,HUM,HUMANA INC,HUMANA,HIGH,AUTO_SOURCE_AGREEMENT,0000049071,21,20,1,1,HUMANA,Humana Inc,2020-12-31,2025-12-31,1,0,0,0,0,READY_STABLE_SEC_NPORT_NAME,0
HWM,HWM,HOWMET AEROSPACE INC,HOWMET AEROSPACE,MEDIUM,AUTO_SOURCE_AGREEMENT,0000004281,21,20,1,1,HOWMET AEROSPACE,Howmet Aerospace Inc,2020-12-31,2025-12-31,1,0,0,4,0,READY_STABLE_SEC_NPORT_NAME,0
IBKR,IBKR,Interactive Brokers Group,INTERACTIVE BROKERS GROUP,LOW,REVIEW_TICKER_ONLY,0001381197,2,2,0,1,INTERACTIVE BROKERS GROUP,Interactive Brokers Group Inc,2025-09-30,2025-12-31,1,0,0,0,0,READY_STABLE_SEC_NPORT_NAME,0
IDXX,IDXX,IDEXX LABORATORIES INC,IDEXX LABORATORIES,MEDIUM,REVIEW_TICKER_ONLY,0000874716,21,20,1,1,IDEXX LABORATORIES,IDEXX Laboratories Inc,2020-12-31,2025-12-31,1,0,0,0,0,READY_STABLE_SEC_NPORT_NAME,0
IEX,IEX,IDEX CORP,IDEX,HIGH,REVIEW_TICKER_ONLY,0000832101,21,20,1,1,IDEX,IDEX Corp,2020-12-31,2025-12-31,1,0,0,0,0,READY_STABLE_SEC_NPORT_NAME,0
INCY,INCY,INCYTE CORP,INCYTE,HIGH,AUTO_SOURCE_AGREEMENT,0000879169,21,20,1,1,INCYTE,Incyte Corp,2020-12-31,2025-12-31,1,0,0,3,0,READY_STABLE_SEC_NPORT_NAME,0
INTC,INTC,INTEL CORP,INTEL,HIGH,AUTO_SOURCE_AGREEMENT,0000050863,21,20,1,1,INTEL,Intel Corp,2020-12-31,2025-12-31,1,0,0,0,0,READY_STABLE_SEC_NPORT_NAME,0
INVH,INVH,Invitation Homes,INVITATION HOMES,MEDIUM,REVIEW_CONFLICT,,14,14,0,1,INVITATION HOMES,Invitation Homes Inc,2022-09-30,2025-12-31,1,0,0,0,0,READY_STABLE_SEC_NPORT_NAME,0
IP,IP,INTERNATIONAL PAPER CO,INTERNATIONAL PAPER,MEDIUM,REVIEW_CONFLICT,,21,20,1,1,INTERNATIONAL PAPER,International Paper Co,2020-12-31,2025-12-31,1,0,0,0,0,READY_STABLE_SEC_NPORT_NAME,0
IQV,IQV,IQVIA HOLDINGS INC,IQVIA,HIGH,AUTO_SOURCE_AGREEMENT,0001478242,21,20,1,1,IQVIA,IQVIA Holdings Inc,2020-12-31,2025-12-31,1,0,0,2,0,READY_STABLE_SEC_NPORT_NAME,0
IR,IR,INGERSOLL RAND INC,INGERSOLL RAND,MEDIUM,AUTO_SOURCE_AGREEMENT,0001699150,21,20,1,1,INGERSOLL RAND,Ingersoll Rand Inc,2020-12-31,2025-12-31,1,0,0,1,0,READY_STABLE_SEC_NPORT_NAME,0
IRM,IRM,IRON MOUNTAIN INC,IRON MOUNTAIN,MEDIUM,AUTO_SOURCE_AGREEMENT,0001020569,21,20,1,1,IRON MOUNTAIN,Iron Mountain Inc,2020-12-31,2025-12-31,1,0,0,2,0,READY_STABLE_SEC_NPORT_NAME,0
ISRG,ISRG,INTUITIVE SURGICAL INC,INTUITIVE SURGICAL,MEDIUM,AUTO_SOURCE_AGREEMENT,0001035267,21,20,1,1,INTUITIVE SURGICAL,Intuitive Surgical Inc,2020-12-31,2025-12-31,1,0,0,0,0,READY_STABLE_SEC_NPORT_NAME,0
IT,IT,GARTNER INC,GARTNER,HIGH,AUTO_SOURCE_AGREEMENT,0000749251,21,20,1,1,GARTNER,Gartner Inc,2020-12-31,2025-12-31,1,0,0,1,0,READY_STABLE_SEC_NPORT_NAME,0
ITW,ITW,ILLINOIS TOOL WORKS,ILLINOIS TOOL WORKS,LOW,REVIEW_TICKER_ONLY,0000049826,21,20,1,1,ILLINOIS TOOL WORKS,Illinois Tool Works Inc,2020-12-31,2025-12-31,1,0,0,0,0,READY_STABLE_SEC_NPORT_NAME,0
JBL,JBL,Jabil,JABIL,HIGH,REVIEW_TICKER_ONLY,0000898293,9,9,0,1,JABIL,Jabil Inc,2023-12-31,2025-12-31,1,0,0,1,0,READY_STABLE_SEC_NPORT_NAME,0
KDP,KDP,Keurig Dr Pepper,KEURIG DR PEPPER,LOW,REVIEW_TICKER_ONLY,0001418135,15,15,0,1,KEURIG DR PEPPER,Keurig Dr Pepper Inc,2022-06-30,2025-12-31,1,0,0,2,0,READY_STABLE_SEC_NPORT_NAME,0
KEY,KEY,KEYCORP,KEYCORP,HIGH,REVIEW_CONFLICT,,21,20,1,1,KEYCORP,KeyCorp,2020-12-31,2025-12-31,1,0,0,0,0,READY_STABLE_SEC_NPORT_NAME,0
KHC,KHC,KRAFT HEINZ CO/THE,KRAFT HEINZ,LOW,REVIEW_TICKER_ONLY,0001637459,21,20,1,1,KRAFT HEINZ,Kraft Heinz Co/The,2020-12-31,2025-12-31,1,0,0,1,0,READY_STABLE_SEC_NPORT_NAME,0
KIM,KIM,KIMCO REALTY CORP,KIMCO REALTY,MEDIUM,AUTO_SOURCE_AGREEMENT,0000879101,21,20,1,1,KIMCO REALTY,Kimco Realty Corp,2020-12-31,2025-12-31,1,0,0,0,0,READY_STABLE_SEC_NPORT_NAME,0
KKR,KKR,KKR & Co,KKR AND,HIGH,REVIEW_TICKER_ONLY,0001404912,7,7,0,1,KKR AND,KKR & Co Inc,2024-06-30,2025-12-31,1,0,0,1,0,READY_STABLE_SEC_NPORT_NAME,0
KLAC,KLAC,KLA CORP,KLA,HIGH,AUTO_SOURCE_AGREEMENT,0000319201,21,20,1,1,KLA,KLA Corp,2020-12-31,2025-12-31,1,0,0,2,0,READY_STABLE_SEC_NPORT_NAME,0
KMB,KMB,KIMBERLY CLARK CORP,KIMBERLY CLARK,MEDIUM,AUTO_SOURCE_AGREEMENT,0000055785,21,20,1,1,KIMBERLY CLARK,Kimberly-Clark Corp,2020-12-31,2025-12-31,1,0,0,0,0,READY_STABLE_SEC_NPORT_NAME,0
KMI,KMI,KINDER MORGAN INC,KINDER MORGAN,MEDIUM,AUTO_SOURCE_AGREEMENT,0001506307,21,20,1,1,KINDER MORGAN,Kinder Morgan Inc,2020-12-31,2025-12-31,1,0,0,1,0,READY_STABLE_SEC_NPORT_NAME,0
KO,KO,COCA COLA CO/THE,COCA COLA,LOW,REVIEW_TICKER_ONLY,0000021344,21,20,1,1,COCA COLA,Coca-Cola Co/The,2020-12-31,2025-12-31,1,0,0,0,0,READY_STABLE_SEC_NPORT_NAME,0
KR,KR,KROGER CO,KROGER,HIGH,AUTO_SOURCE_AGREEMENT,0000056873,21,20,1,1,KROGER,Kroger Co/The,2020-12-31,2025-12-31,1,0,0,0,0,READY_STABLE_SEC_NPORT_NAME,0
L,L,LOEWS CORP,LOEWS,HIGH,AUTO_SOURCE_AGREEMENT,0000060086,21,20,1,1,LOEWS,Loews Corp,2020-12-31,2025-12-31,1,0,0,0,0,READY_STABLE_SEC_NPORT_NAME,0
LDOS,LDOS,LEIDOS HOLDINGS INC,LEIDOS,HIGH,AUTO_SOURCE_AGREEMENT,0001336920,21,20,1,1,LEIDOS,Leidos Holdings Inc,2020-12-31,2025-12-31,1,0,0,1,0,READY_STABLE_SEC_NPORT_NAME,0
LHX,LHX,L3HARRIS TECHNOLOGIES INC,L3HARRIS TECHNOLOGIES,MEDIUM,REVIEW_TICKER_ONLY,0000202058,21,20,1,1,L3HARRIS TECHNOLOGIES,L3Harris Technologies Inc,2020-12-31,2025-12-31,1,0,0,1,0,READY_STABLE_SEC_NPORT_NAME,0
LII,LII,Lennox International,LENNOX INTERNATIONAL,MEDIUM,REVIEW_TICKER_ONLY,0001069202,5,5,0,1,LENNOX INTERNATIONAL,Lennox International Inc,2024-12-31,2025-12-31,1,0,0,0,0,READY_STABLE_SEC_NPORT_NAME,0
LIN,LIN,LINDE PLC,LINDE,HIGH,AUTO_SOURCE_AGREEMENT,0001707925,21,20,1,1,LINDE,Linde PLC,2020-12-31,2025-12-31,1,0,0,1,0,READY_STABLE_SEC_NPORT_NAME,0
LOW,LOW,LOWE S COS INC,LOWE S COS,LOW,REVIEW_TICKER_ONLY,0000060667,21,20,1,1,LOWE S COS,Lowe's Cos Inc,2020-12-31,2025-12-31,1,0,0,0,0,READY_STABLE_SEC_NPORT_NAME,0
LRCX,LRCX,LAM RESEARCH CORP,LAM RESEARCH,MEDIUM,AUTO_SOURCE_AGREEMENT,0000707549,21,20,1,1,LAM RESEARCH,Lam Research Corp,2020-12-31,2025-12-31,1,0,0,0,0,READY_STABLE_SEC_NPORT_NAME,0
LULU,LULU,Lululemon Athletica,LULULEMON ATHLETICA,MEDIUM,REVIEW_TICKER_ONLY,0001397187,9,9,0,1,LULULEMON ATHLETICA,Lululemon Athletica Inc,2023-12-31,2025-12-31,1,0,0,1,0,READY_STABLE_SEC_NPORT_NAME,0
LUV,LUV,SOUTHWEST AIRLINES CO,SOUTHWEST AIRLINES,MEDIUM,AUTO_SOURCE_AGREEMENT,0000092380,21,20,1,1,SOUTHWEST AIRLINES,Southwest Airlines Co,2020-12-31,2025-12-31,1,0,0,0,0,READY_STABLE_SEC_NPORT_NAME,0
LVS,LVS,LAS VEGAS SANDS CORP,LAS VEGAS SANDS,LOW,AUTO_SOURCE_AGREEMENT,0001300514,21,20,1,1,LAS VEGAS SANDS,Las Vegas Sands Corp,2020-12-31,2025-12-31,1,0,0,0,0,READY_STABLE_SEC_NPORT_NAME,0
LW,LW,Lamb Weston Holdings,LAMB WESTON,MEDIUM,REVIEW_TICKER_ONLY,0001679273,21,20,1,1,LAMB WESTON,Lamb Weston Holdings Inc,2020-12-31,2025-12-31,1,0,0,0,0,READY_STABLE_SEC_NPORT_NAME,0
MAS,MAS,MASCO CORP,MASCO,HIGH,REVIEW_TICKER_ONLY,0000062996,21,20,1,1,MASCO,Masco Corp,2020-12-31,2025-12-31,1,0,0,0,0,READY_STABLE_SEC_NPORT_NAME,0
MCD,MCD,MCDONALD S CORP,MCDONALD S,MEDIUM,REVIEW_TICKER_ONLY,0000063908,21,20,1,1,MCDONALD S,McDonald's Corp,2020-12-31,2025-12-31,1,0,0,0,0,READY_STABLE_SEC_NPORT_NAME,0
MCHP,MCHP,MICROCHIP TECHNOLOGY INC,MICROCHIP TECHNOLOGY,MEDIUM,AUTO_SOURCE_AGREEMENT,0000827054,21,20,1,1,MICROCHIP TECHNOLOGY,Microchip Technology Inc,2020-12-31,2025-12-31,1,0,0,0,0,READY_STABLE_SEC_NPORT_NAME,0
MCK,MCK,MCKESSON CORP,MCKESSON,HIGH,AUTO_SOURCE_AGREEMENT,0000927653,21,20,1,1,MCKESSON,McKesson Corp,2020-12-31,2025-12-31,1,0,0,1,0,READY_STABLE_SEC_NPORT_NAME,0
MCO,MCO,MOODY S CORP,MOODY S,HIGH,REVIEW_TICKER_ONLY,0001059556,21,20,1,1,MOODY S,Moody's Corp,2020-12-31,2025-12-31,1,0,0,2,0,READY_STABLE_SEC_NPORT_NAME,0
MDT,MDT,MEDTRONIC PLC,MEDTRONIC,HIGH,AUTO_SOURCE_AGREEMENT,0001613103,21,20,1,1,MEDTRONIC,Medtronic PLC,2020-12-31,2025-12-31,1,0,0,2,0,READY_STABLE_SEC_NPORT_NAME,0
MET,MET,METLIFE INC,METLIFE,HIGH,AUTO_SOURCE_AGREEMENT,0001099219,21,20,1,1,METLIFE,MetLife Inc,2020-12-31,2025-12-31,1,0,0,0,0,READY_STABLE_SEC_NPORT_NAME,0
MGM,MGM,MGM RESORTS INTERNATIONAL,MGM RESORTS INTERNATIONAL,LOW,AUTO_SOURCE_AGREEMENT,0000789570,21,20,1,1,MGM RESORTS INTERNATIONAL,MGM Resorts International,2020-12-31,2025-12-31,1,0,0,2,0,READY_STABLE_SEC_NPORT_NAME,0
MLM,MLM,MARTIN MARIETTA MATERIALS,MARTIN MARIETTA MATERIALS,LOW,REVIEW_TICKER_ONLY,0000916076,21,20,1,1,MARTIN MARIETTA MATERIALS,Martin Marietta Materials Inc,2020-12-31,2025-12-31,1,0,0,0,0,READY_STABLE_SEC_NPORT_NAME,0
MMM,MMM,3M CO,3M,HIGH,AUTO_SOURCE_AGREEMENT,0000066740,21,20,1,1,3M,3M Co,2020-12-31,2025-12-31,1,0,0,1,0,READY_STABLE_SEC_NPORT_NAME,0
MNST,MNST,MONSTER BEVERAGE CORP,MONSTER BEVERAGE,MEDIUM,AUTO_SOURCE_AGREEMENT,0000865752,21,20,1,1,MONSTER BEVERAGE,Monster Beverage Corp,2020-12-31,2025-12-31,1,0,0,1,0,READY_STABLE_SEC_NPORT_NAME,0
MO,MO,ALTRIA GROUP INC,ALTRIA GROUP,MEDIUM,AUTO_SOURCE_AGREEMENT,0000764180,21,20,1,1,ALTRIA GROUP,Altria Group Inc,2020-12-31,2025-12-31,1,0,0,2,0,READY_STABLE_SEC_NPORT_NAME,0
MOS,MOS,MOSAIC CO/THE,MOSAIC,LOW,REVIEW_TICKER_ONLY,0001285785,21,20,1,1,MOSAIC,Mosaic Co/The,2020-12-31,2025-12-31,1,0,0,1,0,READY_STABLE_SEC_NPORT_NAME,0
MPC,MPC,MARATHON PETROLEUM CORP,MARATHON PETROLEUM,MEDIUM,AUTO_SOURCE_AGREEMENT,0001510295,21,20,1,1,MARATHON PETROLEUM,Marathon Petroleum Corp,2020-12-31,2025-12-31,1,0,0,0,0,READY_STABLE_SEC_NPORT_NAME,0
MRNA,MRNA,Moderna,MODERNA,HIGH,REVIEW_TICKER_ONLY,0001682852,18,18,0,1,MODERNA,Moderna Inc,2021-09-30,2025-12-31,1,0,0,1,0,READY_STABLE_SEC_NPORT_NAME,0
MSCI,MSCI,MSCI INC,MSCI,HIGH,AUTO_SOURCE_AGREEMENT,0001408198,21,20,1,1,MSCI,MSCI Inc,2020-12-31,2025-12-31,1,0,0,0,0,READY_STABLE_SEC_NPORT_NAME,0
MSFT,MSFT,MICROSOFT CORP,MICROSOFT,HIGH,AUTO_SOURCE_AGREEMENT,0000789019,21,20,1,1,MICROSOFT,Microsoft Corp,2020-12-31,2025-12-31,1,0,0,0,0,READY_STABLE_SEC_NPORT_NAME,0
MSI,MSI,MOTOROLA SOLUTIONS INC,MOTOROLA SOLUTIONS,MEDIUM,AUTO_SOURCE_AGREEMENT,0000068505,21,20,1,1,MOTOROLA SOLUTIONS,Motorola Solutions Inc,2020-12-31,2025-12-31,1,0,0,1,0,READY_STABLE_SEC_NPORT_NAME,0
MTD,MTD,METTLER TOLEDO INTERNATIONAL,METTLER TOLEDO INTERNATIONAL,LOW,REVIEW_TICKER_ONLY,0001037646,21,20,1,1,METTLER TOLEDO INTERNATIONAL,Mettler-Toledo International Inc,2020-12-31,2025-12-31,1,0,0,3,0,READY_STABLE_SEC_NPORT_NAME,0
MU,MU,MICRON TECHNOLOGY INC,MICRON TECHNOLOGY,MEDIUM,AUTO_SOURCE_AGREEMENT,0000723125,21,20,1,1,MICRON TECHNOLOGY,Micron Technology Inc,2020-12-31,2025-12-31,1,0,0,0,0,READY_STABLE_SEC_NPORT_NAME,0
NDAQ,NDAQ,NASDAQ INC,NASDAQ,HIGH,AUTO_SOURCE_AGREEMENT,0001120193,21,20,1,1,NASDAQ,Nasdaq Inc,2020-12-31,2025-12-31,1,0,0,2,0,READY_STABLE_SEC_NPORT_NAME,0
NDSN,NDSN,Nordson,NORDSON,HIGH,REVIEW_TICKER_ONLY,0000072331,16,16,0,1,NORDSON,Nordson Corp,2022-03-31,2025-12-31,1,0,0,0,0,READY_STABLE_SEC_NPORT_NAME,0
NEE,NEE,NEXTERA ENERGY INC,NEXTERA ENERGY,MEDIUM,AUTO_SOURCE_AGREEMENT,0000753308,21,20,1,1,NEXTERA ENERGY,NextEra Energy Inc,2020-12-31,2025-12-31,1,0,0,1,0,READY_STABLE_SEC_NPORT_NAME,0
NEM,NEM,NEWMONT CORP,NEWMONT,HIGH,REVIEW_TICKER_ONLY,0001164727,21,20,1,1,NEWMONT,Newmont Corp,2020-12-31,2025-12-31,1,0,0,3,0,READY_STABLE_SEC_NPORT_NAME,0
NFLX,NFLX,NETFLIX INC,NETFLIX,HIGH,AUTO_SOURCE_AGREEMENT,0001065280,21,20,1,1,NETFLIX,Netflix Inc,2020-12-31,2025-12-31,1,0,0,1,0,READY_STABLE_SEC_NPORT_NAME,0
NI,NI,NISOURCE INC,NISOURCE,HIGH,AUTO_SOURCE_AGREEMENT,0001111711,21,20,1,1,NISOURCE,NiSource Inc,2020-12-31,2025-12-31,1,0,0,2,0,READY_STABLE_SEC_NPORT_NAME,0
NKE,NKE,NIKE INC  CL B,NIKE,LOW,REVIEW_TICKER_ONLY,0000320187,21,20,1,1,NIKE,NIKE Inc,2020-12-31,2025-12-31,1,0,0,1,0,READY_STABLE_SEC_NPORT_NAME,0
NOC,NOC,NORTHROP GRUMMAN CORP,NORTHROP GRUMMAN,MEDIUM,REVIEW_CONFLICT,,21,20,1,1,NORTHROP GRUMMAN,Northrop Grumman Corp,2020-12-31,2025-12-31,1,0,0,0,0,READY_STABLE_SEC_NPORT_NAME,0
NOW,NOW,SERVICENOW INC,SERVICENOW,HIGH,AUTO_SOURCE_AGREEMENT,0001373715,21,20,1,1,SERVICENOW,ServiceNow Inc,2020-12-31,2025-12-31,1,0,0,1,0,READY_STABLE_SEC_NPORT_NAME,0
NSC,NSC,NORFOLK SOUTHERN CORP,NORFOLK SOUTHERN,MEDIUM,AUTO_SOURCE_AGREEMENT,0000702165,21,20,1,1,NORFOLK SOUTHERN,Norfolk Southern Corp,2020-12-31,2025-12-31,1,0,0,0,0,READY_STABLE_SEC_NPORT_NAME,0
NTAP,NTAP,NETAPP INC,NETAPP,HIGH,AUTO_SOURCE_AGREEMENT,0001002047,21,20,1,1,NETAPP,NetApp Inc,2020-12-31,2025-12-31,1,0,0,1,0,READY_STABLE_SEC_NPORT_NAME,0
NTRS,NTRS,NORTHERN TRUST CORP,NORTHERN TRUST,MEDIUM,AUTO_SOURCE_AGREEMENT,0000073124,21,20,1,1,NORTHERN TRUST,Northern Trust Corp,2020-12-31,2025-12-31,1,0,0,0,0,READY_STABLE_SEC_NPORT_NAME,0
NUE,NUE,NUCOR CORP,NUCOR,HIGH,AUTO_SOURCE_AGREEMENT,0000073309,21,20,1,1,NUCOR,Nucor Corp,2020-12-31,2025-12-31,1,0,0,0,0,READY_STABLE_SEC_NPORT_NAME,0
NVDA,NVDA,NVIDIA CORP,NVIDIA,HIGH,AUTO_SOURCE_AGREEMENT,0001045810,21,20,1,1,NVIDIA,NVIDIA Corp,2020-12-31,2025-12-31,1,0,0,1,0,READY_STABLE_SEC_NPORT_NAME,0
NVR,NVR,NVR INC,NVR,HIGH,AUTO_SOURCE_AGREEMENT,0000906163,21,20,1,1,NVR,NVR Inc,2020-12-31,2025-12-31,1,0,0,0,0,READY_STABLE_SEC_NPORT_NAME,0
NWS,NWS,NEWS CORP   CLASS B,NEWS,LOW,REVIEW_TICKER_ONLY,0001564708,21,20,1,1,NEWS,News Corp,2020-12-31,2025-12-31,1,0,0,2,0,READY_STABLE_SEC_NPORT_NAME,0
NWSA,NWSA,NEWS CORP   CLASS A,NEWS,LOW,REVIEW_TICKER_ONLY,0001564708,21,20,1,1,NEWS,News Corp,2020-12-31,2025-12-31,1,0,0,2,0,READY_STABLE_SEC_NPORT_NAME,0
O,O,REALTY INCOME CORP,REALTY INCOME,MEDIUM,AUTO_SOURCE_AGREEMENT,0000726728,21,20,1,1,REALTY INCOME,Realty Income Corp,2020-12-31,2025-12-31,1,0,0,0,0,READY_STABLE_SEC_NPORT_NAME,0
ODFL,ODFL,OLD DOMINION FREIGHT LINE,OLD DOMINION FREIGHT LINE,LOW,REVIEW_TICKER_ONLY,0000878927,21,20,1,1,OLD DOMINION FREIGHT LINE,Old Dominion Freight Line Inc,2020-12-31,2025-12-31,1,0,0,1,0,READY_STABLE_SEC_NPORT_NAME,0
OKE,OKE,ONEOK INC,ONEOK,HIGH,REVIEW_CONFLICT,,21,20,1,1,ONEOK,ONEOK Inc,2020-12-31,2025-12-31,1,0,0,0,0,READY_STABLE_SEC_NPORT_NAME,0
OMC,OMC,OMNICOM GROUP,OMNICOM GROUP,MEDIUM,REVIEW_TICKER_ONLY,0000029989,21,20,1,1,OMNICOM GROUP,Omnicom Group Inc,2020-12-31,2025-12-31,1,0,0,1,0,READY_STABLE_SEC_NPORT_NAME,0
ON,ON,ON Semiconductor,ON SEMICONDUCTOR,MEDIUM,REVIEW_TICKER_ONLY,0001097864,15,15,0,1,ON SEMICONDUCTOR,ON Semiconductor Corp,2022-06-30,2025-12-31,1,0,0,1,0,READY_STABLE_SEC_NPORT_NAME,0
ORCL,ORCL,ORACLE CORP,ORACLE,HIGH,AUTO_SOURCE_AGREEMENT,0001341439,21,20,1,1,ORACLE,Oracle Corp,2020-12-31,2025-12-31,1,0,0,1,0,READY_STABLE_SEC_NPORT_NAME,0
ORLY,ORLY,O REILLY AUTOMOTIVE INC,O REILLY AUTOMOTIVE,LOW,AUTO_SOURCE_AGREEMENT,0000898173,21,20,1,1,O REILLY AUTOMOTIVE,O'Reilly Automotive Inc,2020-12-31,2025-12-31,1,0,0,1,0,READY_STABLE_SEC_NPORT_NAME,0
OTIS,OTIS,OTIS WORLDWIDE CORP,OTIS WORLDWIDE,MEDIUM,AUTO_SOURCE_AGREEMENT,0001781335,21,20,1,1,OTIS WORLDWIDE,Otis Worldwide Corp,2020-12-31,2025-12-31,1,0,0,0,0,READY_STABLE_SEC_NPORT_NAME,0
OXY,OXY,OCCIDENTAL PETROLEUM CORP,OCCIDENTAL PETROLEUM,MEDIUM,REVIEW_TICKER_ONLY,0000797468,21,20,1,1,OCCIDENTAL PETROLEUM,Occidental Petroleum Corp,2020-12-31,2025-12-31,1,0,0,0,0,READY_STABLE_SEC_NPORT_NAME,0
PAYC,PAYC,Paycom Software,PAYCOM SOFTWARE,MEDIUM,REVIEW_TICKER_ONLY,0001590955,21,20,1,1,PAYCOM SOFTWARE,Paycom Software Inc,2020-12-31,2025-12-31,1,0,0,0,0,READY_STABLE_SEC_NPORT_NAME,0
PAYX,PAYX,PAYCHEX INC,PAYCHEX,HIGH,AUTO_SOURCE_AGREEMENT,0000723531,21,20,1,1,PAYCHEX,Paychex Inc,2020-12-31,2025-12-31,1,0,0,0,0,READY_STABLE_SEC_NPORT_NAME,0
PCAR,PCAR,PACCAR INC,PACCAR,HIGH,AUTO_SOURCE_AGREEMENT,0000075362,21,20,1,1,PACCAR,PACCAR Inc,2020-12-31,2025-12-31,1,0,0,0,0,READY_STABLE_SEC_NPORT_NAME,0
PEP,PEP,PEPSICO INC,PEPSICO,HIGH,AUTO_SOURCE_AGREEMENT,0000077476,21,20,1,1,PEPSICO,PepsiCo Inc,2020-12-31,2025-12-31,1,0,0,0,0,READY_STABLE_SEC_NPORT_NAME,0
PFG,PFG,PRINCIPAL FINANCIAL GROUP,PRINCIPAL FINANCIAL GROUP,LOW,REVIEW_TICKER_ONLY,0001126328,21,20,1,1,PRINCIPAL FINANCIAL GROUP,Principal Financial Group Inc,2020-12-31,2025-12-31,1,0,0,0,0,READY_STABLE_SEC_NPORT_NAME,0
PGR,PGR,PROGRESSIVE CORP,PROGRESSIVE,HIGH,REVIEW_TICKER_ONLY,0000080661,21,20,1,1,PROGRESSIVE,Progressive Corp/The,2020-12-31,2025-12-31,1,0,0,0,0,READY_STABLE_SEC_NPORT_NAME,0
PHM,PHM,PULTEGROUP INC,PULTEGROUP,HIGH,REVIEW_TICKER_ONLY,0000822416,21,20,1,1,PULTEGROUP,PulteGroup Inc,2020-12-31,2025-12-31,1,0,0,2,0,READY_STABLE_SEC_NPORT_NAME,0
PKG,PKG,PACKAGING CORP OF AMERICA,PACKAGING CORP OF AMERICA,LOW,AUTO_SOURCE_AGREEMENT,0000075677,21,20,1,1,PACKAGING CORP OF AMERICA,Packaging Corp of America,2020-12-31,2025-12-31,1,0,0,0,0,READY_STABLE_SEC_NPORT_NAME,0
PLD,PLD,PROLOGIS INC,PROLOGIS,HIGH,AUTO_SOURCE_AGREEMENT,0001045609,21,20,1,1,PROLOGIS,Prologis Inc,2020-12-31,2025-12-31,1,0,0,1,0,READY_STABLE_SEC_NPORT_NAME,0
PLTR,PLTR,Palantir Technologies,PALANTIR TECHNOLOGIES,MEDIUM,REVIEW_TICKER_ONLY,0001321655,6,6,0,1,PALANTIR TECHNOLOGIES,Palantir Technologies Inc,2024-09-30,2025-12-31,1,0,0,1,0,READY_STABLE_SEC_NPORT_NAME,0
PM,PM,PHILIP MORRIS INTERNATIONAL,PHILIP MORRIS INTERNATIONAL,LOW,REVIEW_TICKER_ONLY,0001413329,21,20,1,1,PHILIP MORRIS INTERNATIONAL,Philip Morris International Inc,2020-12-31,2025-12-31,1,0,0,0,0,READY_STABLE_SEC_NPORT_NAME,0
PNC,PNC,PNC FINANCIAL SERVICES GROUP,PNC FINANCIAL SERVICES GROUP,LOW,REVIEW_TICKER_ONLY,0000713676,21,20,1,1,PNC FINANCIAL SERVICES GROUP,PNC Financial Services Group Inc/The,2020-12-31,2025-12-31,1,0,0,2,0,READY_STABLE_SEC_NPORT_NAME,0
PNR,PNR,PENTAIR PLC,PENTAIR,HIGH,AUTO_SOURCE_AGREEMENT,0000077360,21,20,1,1,PENTAIR,Pentair PLC,2020-12-31,2025-12-31,1,0,0,2,0,READY_STABLE_SEC_NPORT_NAME,0
PNW,PNW,PINNACLE WEST CAPITAL,PINNACLE WEST CAPITAL,LOW,REVIEW_TICKER_ONLY,0000764622,21,20,1,1,PINNACLE WEST CAPITAL,Pinnacle West Capital Corp,2020-12-31,2025-12-31,1,0,0,0,0,READY_STABLE_SEC_NPORT_NAME,0
PODD,PODD,Insulet,INSULET,HIGH,REVIEW_TICKER_ONLY,0001145197,12,12,0,1,INSULET,Insulet Corp,2023-03-31,2025-12-31,1,0,0,0,0,READY_STABLE_SEC_NPORT_NAME,0
POOL,POOL,Pool Corp,POOL,HIGH,AUTO_SOURCE_AGREEMENT,0000945841,21,20,1,1,POOL,Pool Corp,2020-12-31,2025-12-31,1,0,0,1,0,READY_STABLE_SEC_NPORT_NAME,0
PPG,PPG,PPG INDUSTRIES INC,PPG INDUSTRIES,MEDIUM,AUTO_SOURCE_AGREEMENT,0000079879,21,20,1,1,PPG INDUSTRIES,PPG Industries Inc,2020-12-31,2025-12-31,1,0,0,0,0,READY_STABLE_SEC_NPORT_NAME,0
PPL,PPL,PPL CORP,PPL,HIGH,AUTO_SOURCE_AGREEMENT,0000922224,21,20,1,1,PPL,PPL Corp,2020-12-31,2025-12-31,1,0,0,1,0,READY_STABLE_SEC_NPORT_NAME,0
PRU,PRU,PRUDENTIAL FINANCIAL INC,PRUDENTIAL FINANCIAL,MEDIUM,AUTO_SOURCE_AGREEMENT,0001137774,21,20,1,1,PRUDENTIAL FINANCIAL,Prudential Financial Inc,2020-12-31,2025-12-31,1,0,0,0,0,READY_STABLE_SEC_NPORT_NAME,0
PSA,PSA,PUBLIC STORAGE,PUBLIC STORAGE,MEDIUM,AUTO_SOURCE_AGREEMENT,0001393311,21,20,1,1,PUBLIC STORAGE,Public Storage,2020-12-31,2025-12-31,1,0,0,0,0,READY_STABLE_SEC_NPORT_NAME,0
PSX,PSX,PHILLIPS 66,PHILLIPS 66,MEDIUM,AUTO_SOURCE_AGREEMENT,0001534701,21,20,1,1,PHILLIPS 66,Phillips 66,2020-12-31,2025-12-31,1,0,0,0,0,READY_STABLE_SEC_NPORT_NAME,0
PTC,PTC,PTC,PTC,HIGH,REVIEW_TICKER_ONLY,0000857005,19,19,0,1,PTC,PTC Inc,2021-06-30,2025-12-31,1,0,0,1,0,READY_STABLE_SEC_NPORT_NAME,0
PWR,PWR,QUANTA SERVICES INC,QUANTA SERVICES,MEDIUM,AUTO_SOURCE_AGREEMENT,0001050915,21,20,1,1,QUANTA SERVICES,Quanta Services Inc,2020-12-31,2025-12-31,1,0,0,1,0,READY_STABLE_SEC_NPORT_NAME,0
PYPL,PYPL,PAYPAL HOLDINGS INC,PAYPAL,HIGH,AUTO_SOURCE_AGREEMENT,0001633917,21,20,1,1,PAYPAL,PayPal Holdings Inc,2020-12-31,2025-12-31,1,0,0,0,0,READY_STABLE_SEC_NPORT_NAME,0
QCOM,QCOM,QUALCOMM INC,QUALCOMM,HIGH,REVIEW_TICKER_ONLY,0000804328,21,20,1,1,QUALCOMM,QUALCOMM Inc,2020-12-31,2025-12-31,1,0,0,0,0,READY_STABLE_SEC_NPORT_NAME,0
RCL,RCL,ROYAL CARIBBEAN CRUISES LTD,ROYAL CARIBBEAN CRUISES,LOW,AUTO_SOURCE_AGREEMENT,0000884887,21,20,1,1,ROYAL CARIBBEAN CRUISES,Royal Caribbean Cruises Ltd,2020-12-31,2025-12-31,1,0,0,0,0,READY_STABLE_SEC_NPORT_NAME,0
REG,REG,REGENCY CENTERS CORP,REGENCY CENTERS,MEDIUM,AUTO_SOURCE_AGREEMENT,0000910606,21,20,1,1,REGENCY CENTERS,Regency Centers Corp,2020-12-31,2025-12-31,1,0,0,1,0,READY_STABLE_SEC_NPORT_NAME,0
REGN,REGN,REGENERON PHARMACEUTICALS,REGENERON PHARMACEUTICALS,MEDIUM,REVIEW_TICKER_ONLY,0000872589,21,20,1,1,REGENERON PHARMACEUTICALS,Regeneron Pharmaceuticals Inc,2020-12-31,2025-12-31,1,0,0,1,0,READY_STABLE_SEC_NPORT_NAME,0
RF,RF,REGIONS FINANCIAL CORP,REGIONS FINANCIAL,MEDIUM,AUTO_SOURCE_AGREEMENT,0001281761,21,20,1,1,REGIONS FINANCIAL,Regions Financial Corp,2020-12-31,2025-12-31,1,0,0,1,0,READY_STABLE_SEC_NPORT_NAME,0
RJF,RJF,RAYMOND JAMES FINANCIAL INC,RAYMOND JAMES FINANCIAL,LOW,AUTO_SOURCE_AGREEMENT,0000720005,21,20,1,1,RAYMOND JAMES FINANCIAL,Raymond James Financial Inc,2020-12-31,2025-12-31,1,0,0,0,0,READY_STABLE_SEC_NPORT_NAME,0
RL,RL,RALPH LAUREN CORP,RALPH LAUREN,MEDIUM,AUTO_SOURCE_AGREEMENT,0001037038,21,20,1,1,RALPH LAUREN,Ralph Lauren Corp,2020-12-31,2025-12-31,1,0,0,1,0,READY_STABLE_SEC_NPORT_NAME,0
RMD,RMD,RESMED INC,RESMED,HIGH,AUTO_SOURCE_AGREEMENT,0000943819,21,20,1,1,RESMED,ResMed Inc,2020-12-31,2025-12-31,1,0,0,0,0,READY_STABLE_SEC_NPORT_NAME,0
ROK,ROK,ROCKWELL AUTOMATION INC,ROCKWELL AUTOMATION,MEDIUM,AUTO_SOURCE_AGREEMENT,0001024478,21,20,1,1,ROCKWELL AUTOMATION,Rockwell Automation Inc,2020-12-31,2025-12-31,1,0,0,4,0,READY_STABLE_SEC_NPORT_NAME,0
ROL,ROL,ROLLINS INC,ROLLINS,HIGH,AUTO_SOURCE_AGREEMENT,0000084839,21,20,1,1,ROLLINS,Rollins Inc,2020-12-31,2025-12-31,1,0,0,0,0,READY_STABLE_SEC_NPORT_NAME,0
ROST,ROST,ROSS STORES INC,ROSS STORES,MEDIUM,AUTO_SOURCE_AGREEMENT,0000745732,21,20,1,1,ROSS STORES,Ross Stores Inc,2020-12-31,2025-12-31,1,0,0,1,0,READY_STABLE_SEC_NPORT_NAME,0
RSG,RSG,REPUBLIC SERVICES INC,REPUBLIC SERVICES,MEDIUM,AUTO_SOURCE_AGREEMENT,0001060391,21,20,1,1,REPUBLIC SERVICES,Republic Services Inc,2020-12-31,2025-12-31,1,0,0,1,0,READY_STABLE_SEC_NPORT_NAME,0
SBAC,SBAC,SBA COMMUNICATIONS CORP,SBA COMMUNICATIONS,MEDIUM,AUTO_SOURCE_AGREEMENT,0001034054,21,20,1,1,SBA COMMUNICATIONS,SBA Communications Corp,2020-12-31,2025-12-31,1,0,0,0,0,READY_STABLE_SEC_NPORT_NAME,0
SBUX,SBUX,STARBUCKS CORP,STARBUCKS,HIGH,AUTO_SOURCE_AGREEMENT,0000829224,21,20,1,1,STARBUCKS,Starbucks Corp,2020-12-31,2025-12-31,1,0,0,0,0,READY_STABLE_SEC_NPORT_NAME,0
SHW,SHW,SHERWIN WILLIAMS CO/THE,SHERWIN WILLIAMS,LOW,REVIEW_TICKER_ONLY,0000089800,21,20,1,1,SHERWIN WILLIAMS,Sherwin-Williams Co/The,2020-12-31,2025-12-31,1,0,0,0,0,READY_STABLE_SEC_NPORT_NAME,0
SMCI,SMCI,Super Micro Computer,SUPER MICRO COMPUTER,LOW,REVIEW_TICKER_ONLY,0001375365,8,8,0,1,SUPER MICRO COMPUTER,Super Micro Computer Inc,2024-03-31,2025-12-31,1,0,0,0,0,READY_STABLE_SEC_NPORT_NAME,0
SNA,SNA,SNAP ON INC,SNAP ON,HIGH,AUTO_SOURCE_AGREEMENT,0000091440,21,20,1,1,SNAP ON,Snap-on Inc,2020-12-31,2025-12-31,1,0,0,2,0,READY_STABLE_SEC_NPORT_NAME,0
SNPS,SNPS,SYNOPSYS INC,SYNOPSYS,HIGH,AUTO_SOURCE_AGREEMENT,0000883241,21,20,1,1,SYNOPSYS,Synopsys Inc,2020-12-31,2025-12-31,1,0,0,0,0,READY_STABLE_SEC_NPORT_NAME,0
STE,STE,STERIS PLC,STERIS,HIGH,AUTO_SOURCE_AGREEMENT,0001757898,21,20,1,1,STERIS,STERIS PLC,2020-12-31,2025-12-31,1,0,0,1,0,READY_STABLE_SEC_NPORT_NAME,0
SWKS,SWKS,SKYWORKS SOLUTIONS INC,SKYWORKS SOLUTIONS,MEDIUM,AUTO_SOURCE_AGREEMENT,0000004127,21,20,1,1,SKYWORKS SOLUTIONS,Skyworks Solutions Inc,2020-12-31,2025-12-31,1,0,0,2,0,READY_STABLE_SEC_NPORT_NAME,0
SYK,SYK,STRYKER CORP,STRYKER,HIGH,AUTO_SOURCE_AGREEMENT,0000310764,21,20,1,1,STRYKER,Stryker Corp,2020-12-31,2025-12-31,1,0,0,0,0,READY_STABLE_SEC_NPORT_NAME,0
SYY,SYY,SYSCO CORP,SYSCO,HIGH,AUTO_SOURCE_AGREEMENT,0000096021,21,20,1,1,SYSCO,Sysco Corp,2020-12-31,2025-12-31,1,0,0,0,0,READY_STABLE_SEC_NPORT_NAME,0
TDG,TDG,TRANSDIGM GROUP INC,TRANSDIGM GROUP,MEDIUM,AUTO_SOURCE_AGREEMENT,0001260221,21,20,1,1,TRANSDIGM GROUP,TransDigm Group Inc,2020-12-31,2025-12-31,1,0,0,1,0,READY_STABLE_SEC_NPORT_NAME,0
TDY,TDY,TELEDYNE TECHNOLOGIES INC,TELEDYNE TECHNOLOGIES,MEDIUM,AUTO_SOURCE_AGREEMENT,0001094285,21,20,1,1,TELEDYNE TECHNOLOGIES,Teledyne Technologies Inc,2020-12-31,2025-12-31,1,0,0,0,0,READY_STABLE_SEC_NPORT_NAME,0
TECH,TECH,Bio-Techne,BIO TECHNE,MEDIUM,REVIEW_TICKER_ONLY,0000842023,18,18,0,1,BIO TECHNE,Bio-Techne Corp,2021-09-30,2025-12-31,1,0,0,1,0,READY_STABLE_SEC_NPORT_NAME,0
TER,TER,TERADYNE INC,TERADYNE,HIGH,AUTO_SOURCE_AGREEMENT,0000097210,21,20,1,1,TERADYNE,Teradyne Inc,2020-12-31,2025-12-31,1,0,0,1,0,READY_STABLE_SEC_NPORT_NAME,0
TFC,TFC,TRUIST FINANCIAL CORP,TRUIST FINANCIAL,MEDIUM,AUTO_SOURCE_AGREEMENT,0000092230,21,20,1,1,TRUIST FINANCIAL,Truist Financial Corp,2020-12-31,2025-12-31,1,0,0,2,0,READY_STABLE_SEC_NPORT_NAME,0
TGT,TGT,TARGET CORP,TARGET,HIGH,AUTO_SOURCE_AGREEMENT,0000027419,21,20,1,1,TARGET,Target Corp,2020-12-31,2025-12-31,1,0,0,1,0,READY_STABLE_SEC_NPORT_NAME,0
TMO,TMO,THERMO FISHER SCIENTIFIC INC,THERMO FISHER SCIENTIFIC,LOW,AUTO_SOURCE_AGREEMENT,0000097745,21,20,1,1,THERMO FISHER SCIENTIFIC,Thermo Fisher Scientific Inc,2020-12-31,2025-12-31,1,0,0,1,0,READY_STABLE_SEC_NPORT_NAME,0
TMUS,TMUS,T MOBILE US INC,T MOBILE US,LOW,AUTO_SOURCE_AGREEMENT,0001283699,21,20,1,1,T MOBILE US,T-Mobile US Inc,2020-12-31,2025-12-31,1,0,0,1,0,READY_STABLE_SEC_NPORT_NAME,0
TPL,TPL,Texas Pacific Land,TEXAS PACIFIC LAND,LOW,REVIEW_TICKER_ONLY,0001811074,5,5,0,1,TEXAS PACIFIC LAND,Texas Pacific Land Corp,2024-12-31,2025-12-31,1,0,0,0,0,READY_STABLE_SEC_NPORT_NAME,0
TPR,TPR,TAPESTRY INC,TAPESTRY,HIGH,AUTO_SOURCE_AGREEMENT,0001116132,21,20,1,1,TAPESTRY,Tapestry Inc,2020-12-31,2025-12-31,1,0,0,1,0,READY_STABLE_SEC_NPORT_NAME,0
TRMB,TRMB,Trimble,TRIMBLE,HIGH,REVIEW_TICKER_ONLY,0000864749,20,20,0,1,TRIMBLE,Trimble Inc,2021-03-31,2025-12-31,1,0,0,1,0,READY_STABLE_SEC_NPORT_NAME,0
TROW,TROW,T ROWE PRICE GROUP INC,T ROWE PRICE GROUP,LOW,REVIEW_CONFLICT,,21,20,1,1,T ROWE PRICE GROUP,T Rowe Price Group Inc,2020-12-31,2025-12-31,1,0,0,0,0,READY_STABLE_SEC_NPORT_NAME,0
TRV,TRV,TRAVELERS COS INC/THE,TRAVELERS COS,LOW,REVIEW_TICKER_ONLY,0000086312,21,20,1,1,TRAVELERS COS,Travelers Cos Inc/The,2020-12-31,2025-12-31,1,0,0,3,0,READY_STABLE_SEC_NPORT_NAME,0
TSCO,TSCO,TRACTOR SUPPLY COMPANY,TRACTOR SUPPLY,MEDIUM,REVIEW_TICKER_ONLY,0000916365,21,20,1,1,TRACTOR SUPPLY,Tractor Supply Co,2020-12-31,2025-12-31,1,0,0,0,0,READY_STABLE_SEC_NPORT_NAME,0
TSLA,TSLA,TESLA INC,TESLA,HIGH,AUTO_SOURCE_AGREEMENT,0001318605,21,20,1,1,TESLA,Tesla Inc,2020-12-31,2025-12-31,1,0,0,1,0,READY_STABLE_SEC_NPORT_NAME,0
TSN,TSN,TYSON FOODS INC CL A,TYSON FOODS,LOW,REVIEW_TICKER_ONLY,0000100493,21,20,1,1,TYSON FOODS,Tyson Foods Inc,2020-12-31,2025-12-31,1,0,0,1,0,READY_STABLE_SEC_NPORT_NAME,0
TT,TT,TRANE TECHNOLOGIES PLC,TRANE TECHNOLOGIES,MEDIUM,AUTO_SOURCE_AGREEMENT,0001466258,21,20,1,1,TRANE TECHNOLOGIES,Trane Technologies PLC,2020-12-31,2025-12-31,1,0,0,1,0,READY_STABLE_SEC_NPORT_NAME,0
TTD,TTD,The Trade Desk,TRADE DESK,LOW,REVIEW_TICKER_ONLY,0001671933,2,2,0,1,TRADE DESK,Trade Desk Inc/The,2025-09-30,2025-12-31,1,0,0,0,0,READY_STABLE_SEC_NPORT_NAME,0
TXN,TXN,TEXAS INSTRUMENTS INC,TEXAS INSTRUMENTS,MEDIUM,AUTO_SOURCE_AGREEMENT,0000097476,21,20,1,1,TEXAS INSTRUMENTS,Texas Instruments Inc,2020-12-31,2025-12-31,1,0,0,0,0,READY_STABLE_SEC_NPORT_NAME,0
TXT,TXT,TEXTRON INC,TEXTRON,HIGH,AUTO_SOURCE_AGREEMENT,0000217346,21,20,1,1,TEXTRON,Textron Inc,2020-12-31,2025-12-31,1,0,0,0,0,READY_STABLE_SEC_NPORT_NAME,0
TYL,TYL,TYLER TECHNOLOGIES INC,TYLER TECHNOLOGIES,MEDIUM,AUTO_SOURCE_AGREEMENT,0000860731,21,20,1,1,TYLER TECHNOLOGIES,Tyler Technologies Inc,2020-12-31,2025-12-31,1,0,0,1,0,READY_STABLE_SEC_NPORT_NAME,0
UAL,UAL,UNITED AIRLINES HOLDINGS INC,UNITED AIRLINES,MEDIUM,AUTO_SOURCE_AGREEMENT,0000100517,21,20,1,1,UNITED AIRLINES,United Airlines Holdings Inc,2020-12-31,2025-12-31,1,0,0,2,0,READY_STABLE_SEC_NPORT_NAME,0
UBER,UBER,Uber Technologies,UBER TECHNOLOGIES,MEDIUM,REVIEW_TICKER_ONLY,0001543151,9,9,0,1,UBER TECHNOLOGIES,Uber Technologies Inc,2023-12-31,2025-12-31,1,0,0,0,0,READY_STABLE_SEC_NPORT_NAME,0
UDR,UDR,UDR INC,UDR,HIGH,AUTO_SOURCE_AGREEMENT,0000074208,21,20,1,1,UDR,UDR Inc,2020-12-31,2025-12-31,1,0,0,1,0,READY_STABLE_SEC_NPORT_NAME,0
ULTA,ULTA,ULTA BEAUTY INC,ULTA BEAUTY,MEDIUM,AUTO_SOURCE_AGREEMENT,0001403568,21,20,1,1,ULTA BEAUTY,Ulta Beauty Inc,2020-12-31,2025-12-31,1,0,0,1,0,READY_STABLE_SEC_NPORT_NAME,0
UNH,UNH,UNITEDHEALTH GROUP INC,UNITEDHEALTH GROUP,MEDIUM,AUTO_SOURCE_AGREEMENT,0000731766,21,20,1,1,UNITEDHEALTH GROUP,UnitedHealth Group Inc,2020-12-31,2025-12-31,1,0,0,1,0,READY_STABLE_SEC_NPORT_NAME,0
UNP,UNP,UNION PACIFIC CORP,UNION PACIFIC,MEDIUM,AUTO_SOURCE_AGREEMENT,0000100885,21,20,1,1,UNION PACIFIC,Union Pacific Corp,2020-12-31,2025-12-31,1,0,0,0,0,READY_STABLE_SEC_NPORT_NAME,0
UPS,UPS,UNITED PARCEL SERVICE CL B,UNITED PARCEL SERVICE,LOW,REVIEW_TICKER_ONLY,0001090727,21,20,1,1,UNITED PARCEL SERVICE,United Parcel Service Inc,2020-12-31,2025-12-31,1,0,0,0,0,READY_STABLE_SEC_NPORT_NAME,0
URI,URI,UNITED RENTALS INC,UNITED RENTALS,MEDIUM,AUTO_SOURCE_AGREEMENT,0001067701,21,20,1,1,UNITED RENTALS,United Rentals Inc,2020-12-31,2025-12-31,1,0,0,1,0,READY_STABLE_SEC_NPORT_NAME,0
USB,USB,US BANCORP,US BANCORP,MEDIUM,REVIEW_TICKER_ONLY,0000036104,21,20,1,1,US BANCORP,US Bancorp,2020-12-31,2025-12-31,1,0,0,1,0,READY_STABLE_SEC_NPORT_NAME,0
VICI,VICI,VICI Properties,VICI PROPERTIES,MEDIUM,REVIEW_TICKER_ONLY,0001705696,15,15,0,1,VICI PROPERTIES,VICI Properties Inc,2022-06-30,2025-12-31,1,0,0,0,0,READY_STABLE_SEC_NPORT_NAME,0
VLO,VLO,VALERO ENERGY CORP,VALERO ENERGY,MEDIUM,REVIEW_CONFLICT,,21,20,1,1,VALERO ENERGY,Valero Energy Corp,2020-12-31,2025-12-31,1,0,0,0,0,READY_STABLE_SEC_NPORT_NAME,0
VLTO,VLTO,Veralto,VERALTO,HIGH,REVIEW_TICKER_ONLY,0001967680,9,9,0,1,VERALTO,Veralto Corp,2023-12-31,2025-12-31,1,0,0,0,0,READY_STABLE_SEC_NPORT_NAME,0
VMC,VMC,VULCAN MATERIALS CO,VULCAN MATERIALS,MEDIUM,AUTO_SOURCE_AGREEMENT,0001396009,21,20,1,1,VULCAN MATERIALS,Vulcan Materials Co,2020-12-31,2025-12-31,1,0,0,1,0,READY_STABLE_SEC_NPORT_NAME,0
VRSK,VRSK,VERISK ANALYTICS INC,VERISK ANALYTICS,MEDIUM,AUTO_SOURCE_AGREEMENT,0001442145,21,20,1,1,VERISK ANALYTICS,Verisk Analytics Inc,2020-12-31,2025-12-31,1,0,0,0,0,READY_STABLE_SEC_NPORT_NAME,0
VRSN,VRSN,VERISIGN INC,VERISIGN,HIGH,REVIEW_TICKER_ONLY,0001014473,21,20,1,1,VERISIGN,VeriSign Inc,2020-12-31,2025-12-31,1,0,0,0,0,READY_STABLE_SEC_NPORT_NAME,0
VRTX,VRTX,VERTEX PHARMACEUTICALS INC,VERTEX PHARMACEUTICALS,MEDIUM,REVIEW_TICKER_ONLY,0000875320,21,20,1,1,VERTEX PHARMACEUTICALS,Vertex Pharmaceuticals Inc,2020-12-31,2025-12-31,1,0,0,0,0,READY_STABLE_SEC_NPORT_NAME,0
VST,VST,Vistra,VISTRA,HIGH,REVIEW_TICKER_ONLY,0001692819,7,7,0,1,VISTRA,Vistra Corp,2024-06-30,2025-12-31,1,0,0,2,0,READY_STABLE_SEC_NPORT_NAME,0
VTR,VTR,VENTAS INC,VENTAS,HIGH,AUTO_SOURCE_AGREEMENT,0000740260,21,20,1,1,VENTAS,Ventas Inc,2020-12-31,2025-12-31,1,0,0,2,0,READY_STABLE_SEC_NPORT_NAME,0
VTRS,VTRS,VIATRIS INC,VIATRIS,HIGH,AUTO_SOURCE_AGREEMENT,0001792044,21,20,1,1,VIATRIS,Viatris Inc,2020-12-31,2025-12-31,1,0,0,1,0,READY_STABLE_SEC_NPORT_NAME,0
VZ,VZ,VERIZON COMMUNICATIONS INC,VERIZON COMMUNICATIONS,MEDIUM,AUTO_SOURCE_AGREEMENT,0000732712,21,20,1,1,VERIZON COMMUNICATIONS,Verizon Communications Inc,2020-12-31,2025-12-31,1,0,0,1,0,READY_STABLE_SEC_NPORT_NAME,0
WAT,WAT,WATERS CORP,WATERS,HIGH,REVIEW_CONFLICT,,21,20,1,1,WATERS,Waters Corp,2020-12-31,2025-12-31,1,0,0,0,0,READY_STABLE_SEC_NPORT_NAME,0
WDAY,WDAY,Workday,WORKDAY,HIGH,REVIEW_TICKER_ONLY,0001327811,5,5,0,1,WORKDAY,Workday Inc,2024-12-31,2025-12-31,1,0,0,2,0,READY_STABLE_SEC_NPORT_NAME,0
WDC,WDC,WESTERN DIGITAL CORP,WESTERN DIGITAL,MEDIUM,AUTO_SOURCE_AGREEMENT,0000106040,21,20,1,1,WESTERN DIGITAL,Western Digital Corp,2020-12-31,2025-12-31,1,0,0,0,0,READY_STABLE_SEC_NPORT_NAME,0
WEC,WEC,WEC ENERGY GROUP INC,WEC ENERGY GROUP,LOW,AUTO_SOURCE_AGREEMENT,0000783325,21,20,1,1,WEC ENERGY GROUP,WEC Energy Group Inc,2020-12-31,2025-12-31,1,0,0,1,0,READY_STABLE_SEC_NPORT_NAME,0
WELL,WELL,WELLTOWER INC,WELLTOWER,HIGH,AUTO_SOURCE_AGREEMENT,0000766704,21,20,1,1,WELLTOWER,Welltower Inc,2020-12-31,2025-12-31,1,0,0,1,0,READY_STABLE_SEC_NPORT_NAME,0
WM,WM,WASTE MANAGEMENT INC,WASTE MANAGEMENT,MEDIUM,AUTO_SOURCE_AGREEMENT,0000823768,21,20,1,1,WASTE MANAGEMENT,Waste Management Inc,2020-12-31,2025-12-31,1,0,0,1,0,READY_STABLE_SEC_NPORT_NAME,0
WMB,WMB,WILLIAMS COS INC,WILLIAMS COS,MEDIUM,REVIEW_CONFLICT,,21,20,1,1,WILLIAMS COS,Williams Cos Inc/The,2020-12-31,2025-12-31,1,0,0,0,0,READY_STABLE_SEC_NPORT_NAME,0
WSM,WSM,Williams-Sonoma,WILLIAMS SONOMA,MEDIUM,REVIEW_TICKER_ONLY,0000719955,4,4,0,1,WILLIAMS SONOMA,Williams-Sonoma Inc,2025-03-31,2025-12-31,1,0,0,0,0,READY_STABLE_SEC_NPORT_NAME,0
WST,WST,WEST PHARMACEUTICAL SERVICES,WEST PHARMACEUTICAL SERVICES,LOW,REVIEW_TICKER_ONLY,0000105770,21,20,1,1,WEST PHARMACEUTICAL SERVICES,West Pharmaceutical Services Inc,2020-12-31,2025-12-31,1,0,0,1,0,READY_STABLE_SEC_NPORT_NAME,0
WTW,WTW,WILLIS TOWERS WATSON PLC,WILLIS TOWERS WATSON,LOW,AUTO_SOURCE_AGREEMENT,0001140536,21,20,1,1,WILLIS TOWERS WATSON,Willis Towers Watson PLC,2020-12-31,2025-12-31,1,0,0,2,0,READY_STABLE_SEC_NPORT_NAME,0
WY,WY,WEYERHAEUSER CO,WEYERHAEUSER,HIGH,AUTO_SOURCE_AGREEMENT,0000106535,21,20,1,1,WEYERHAEUSER,Weyerhaeuser Co,2020-12-31,2025-12-31,1,0,0,0,0,READY_STABLE_SEC_NPORT_NAME,0
WYNN,WYNN,WYNN RESORTS LTD,WYNN RESORTS,MEDIUM,AUTO_SOURCE_AGREEMENT,0001174922,21,20,1,1,WYNN RESORTS,Wynn Resorts Ltd,2020-12-31,2025-12-31,1,0,0,0,0,READY_STABLE_SEC_NPORT_NAME,0
XEL,XEL,XCEL ENERGY INC,XCEL ENERGY,MEDIUM,AUTO_SOURCE_AGREEMENT,0000072903,21,20,1,1,XCEL ENERGY,Xcel Energy Inc,2020-12-31,2025-12-31,1,0,0,1,0,READY_STABLE_SEC_NPORT_NAME,0
YUM,YUM,YUM  BRANDS INC,YUM BRANDS,MEDIUM,AUTO_SOURCE_AGREEMENT,0001041061,21,20,1,1,YUM BRANDS,Yum! Brands Inc,2020-12-31,2025-12-31,1,0,0,1,0,READY_STABLE_SEC_NPORT_NAME,0
ZBH,ZBH,ZIMMER BIOMET HOLDINGS INC,ZIMMER BIOMET,MEDIUM,AUTO_SOURCE_AGREEMENT,0001136869,21,20,1,1,ZIMMER BIOMET,Zimmer Biomet Holdings Inc,2020-12-31,2025-12-31,1,0,0,1,0,READY_STABLE_SEC_NPORT_NAME,0
ZBRA,ZBRA,ZEBRA TECHNOLOGIES CORP CL A,ZEBRA TECHNOLOGIES,LOW,REVIEW_TICKER_ONLY,0000877212,21,20,1,1,ZEBRA TECHNOLOGIES,Zebra Technologies Corp,2020-12-31,2025-12-31,1,0,0,1,0,READY_STABLE_SEC_NPORT_NAME,0
ZTS,ZTS,ZOETIS INC,ZOETIS,HIGH,AUTO_SOURCE_AGREEMENT,0001555280,21,20,1,1,ZOETIS,Zoetis Inc,2020-12-31,2025-12-31,1,0,0,0,0,READY_STABLE_SEC_NPORT_NAME,0
