security_key,report_date,holding_name,name_key,holding_identifier,holding_ticker,evidence_scope
A,2020-12-31,Agilent Technologies Inc,AGILENT TECHNOLOGIES,00846U101,,PRE_WINDOW_SUPPORT
A,2021-03-31,Agilent Technologies Inc,AGILENT TECHNOLOGIES,00846U101,,IN_MEMBERSHIP
A,2021-06-30,Agilent Technologies Inc,AGILENT TECHNOLOGIES,00846U101,,IN_MEMBERSHIP
A,2021-09-30,Agilent Technologies Inc,AGILENT TECHNOLOGIES,00846U101,,IN_MEMBERSHIP
A,2021-12-31,Agilent Technologies Inc,AGILENT TECHNOLOGIES,00846U101,,IN_MEMBERSHIP
A,2022-03-31,Agilent Technologies Inc,AGILENT TECHNOLOGIES,00846U101,,IN_MEMBERSHIP
A,2022-06-30,Agilent Technologies Inc,AGILENT TECHNOLOGIES,00846U101,,IN_MEMBERSHIP
A,2022-09-30,Agilent Technologies Inc,AGILENT TECHNOLOGIES,00846U101,,IN_MEMBERSHIP
A,2022-12-31,Agilent Technologies Inc,AGILENT TECHNOLOGIES,00846U101,,IN_MEMBERSHIP
A,2023-03-31,Agilent Technologies Inc,AGILENT TECHNOLOGIES,00846U101,,IN_MEMBERSHIP
A,2023-06-30,Agilent Technologies Inc,AGILENT TECHNOLOGIES,00846U101,,IN_MEMBERSHIP
A,2023-09-30,Agilent Technologies Inc,AGILENT TECHNOLOGIES,00846U101,,IN_MEMBERSHIP
A,2023-12-31,Agilent Technologies Inc,AGILENT TECHNOLOGIES,00846U101,,IN_MEMBERSHIP
A,2024-03-31,Agilent Technologies Inc,AGILENT TECHNOLOGIES,00846U101,,IN_MEMBERSHIP
A,2024-06-30,Agilent Technologies Inc,AGILENT TECHNOLOGIES,00846U101,,IN_MEMBERSHIP
A,2024-09-30,Agilent Technologies Inc,AGILENT TECHNOLOGIES,00846U101,,IN_MEMBERSHIP
A,2024-12-31,Agilent Technologies Inc,AGILENT TECHNOLOGIES,00846U101,,IN_MEMBERSHIP
A,2025-03-31,Agilent Technologies Inc,AGILENT TECHNOLOGIES,00846U101,,IN_MEMBERSHIP
A,2025-06-30,Agilent Technologies Inc,AGILENT TECHNOLOGIES,00846U101,,IN_MEMBERSHIP
A,2025-09-30,Agilent Technologies Inc,AGILENT TECHNOLOGIES,00846U101,,IN_MEMBERSHIP
A,2025-12-31,Agilent Technologies Inc,AGILENT TECHNOLOGIES,00846U101,,IN_MEMBERSHIP
AAPL,2020-12-31,Apple Inc,APPLE,037833100,,PRE_WINDOW_SUPPORT
AAPL,2021-03-31,Apple Inc,APPLE,037833100,,IN_MEMBERSHIP
AAPL,2021-06-30,Apple Inc,APPLE,037833100,,IN_MEMBERSHIP
AAPL,2021-09-30,Apple Inc,APPLE,037833100,,IN_MEMBERSHIP
AAPL,2021-12-31,Apple Inc,APPLE,037833100,,IN_MEMBERSHIP
AAPL,2022-03-31,Apple Inc,APPLE,037833100,,IN_MEMBERSHIP
AAPL,2022-06-30,Apple Inc,APPLE,037833100,,IN_MEMBERSHIP
AAPL,2022-09-30,Apple Inc,APPLE,037833100,,IN_MEMBERSHIP
AAPL,2022-12-31,Apple Inc,APPLE,037833100,,IN_MEMBERSHIP
AAPL,2023-03-31,Apple Inc,APPLE,037833100,,IN_MEMBERSHIP
AAPL,2023-06-30,Apple Inc,APPLE,037833100,,IN_MEMBERSHIP
AAPL,2023-09-30,Apple Inc,APPLE,037833100,,IN_MEMBERSHIP
AAPL,2023-12-31,Apple Inc,APPLE,037833100,,IN_MEMBERSHIP
AAPL,2024-03-31,Apple Inc,APPLE,037833100,,IN_MEMBERSHIP
AAPL,2024-06-30,Apple Inc,APPLE,037833100,,IN_MEMBERSHIP
AAPL,2024-09-30,Apple Inc,APPLE,037833100,,IN_MEMBERSHIP
AAPL,2024-12-31,Apple Inc,APPLE,037833100,,IN_MEMBERSHIP
AAPL,2025-03-31,Apple Inc,APPLE,037833100,,IN_MEMBERSHIP
AAPL,2025-06-30,Apple Inc,APPLE,037833100,,IN_MEMBERSHIP
AAPL,2025-09-30,Apple Inc,APPLE,037833100,,IN_MEMBERSHIP
AAPL,2025-12-31,Apple Inc,APPLE,037833100,,IN_MEMBERSHIP
ABBV,2020-12-31,AbbVie Inc,ABBVIE,00287Y109,,PRE_WINDOW_SUPPORT
ABBV,2021-03-31,AbbVie Inc,ABBVIE,00287Y109,,IN_MEMBERSHIP
ABBV,2021-06-30,AbbVie Inc,ABBVIE,00287Y109,,IN_MEMBERSHIP
ABBV,2021-09-30,AbbVie Inc,ABBVIE,00287Y109,,IN_MEMBERSHIP
ABBV,2021-12-31,AbbVie Inc,ABBVIE,00287Y109,,IN_MEMBERSHIP
ABBV,2022-03-31,AbbVie Inc,ABBVIE,00287Y109,,IN_MEMBERSHIP
ABBV,2022-06-30,AbbVie Inc,ABBVIE,00287Y109,,IN_MEMBERSHIP
ABBV,2022-09-30,AbbVie Inc,ABBVIE,00287Y109,,IN_MEMBERSHIP
ABBV,2022-12-31,AbbVie Inc,ABBVIE,00287Y109,,IN_MEMBERSHIP
ABBV,2023-03-31,AbbVie Inc,ABBVIE,00287Y109,,IN_MEMBERSHIP
ABBV,2023-06-30,AbbVie Inc,ABBVIE,00287Y109,,IN_MEMBERSHIP
ABBV,2023-09-30,AbbVie Inc,ABBVIE,00287Y109,,IN_MEMBERSHIP
ABBV,2023-12-31,AbbVie Inc,ABBVIE,00287Y109,,IN_MEMBERSHIP
ABBV,2024-03-31,AbbVie Inc,ABBVIE,00287Y109,,IN_MEMBERSHIP
ABBV,2024-06-30,AbbVie Inc,ABBVIE,00287Y109,,IN_MEMBERSHIP
ABBV,2024-09-30,AbbVie Inc,ABBVIE,00287Y109,,IN_MEMBERSHIP
ABBV,2024-12-31,AbbVie Inc,ABBVIE,00287Y109,,IN_MEMBERSHIP
ABBV,2025-03-31,AbbVie Inc,ABBVIE,00287Y109,,IN_MEMBERSHIP
ABBV,2025-06-30,AbbVie Inc,ABBVIE,00287Y109,,IN_MEMBERSHIP
ABBV,2025-09-30,AbbVie Inc,ABBVIE,00287Y109,,IN_MEMBERSHIP
ABBV,2025-12-31,AbbVie Inc,ABBVIE,00287Y109,,IN_MEMBERSHIP
ABNB,2023-09-30,Airbnb Inc,AIRBNB,009066101,,IN_MEMBERSHIP
ABNB,2023-12-31,Airbnb Inc,AIRBNB,009066101,,IN_MEMBERSHIP
ABNB,2024-03-31,Airbnb Inc,AIRBNB,009066101,,IN_MEMBERSHIP
ABNB,2024-06-30,Airbnb Inc,AIRBNB,009066101,,IN_MEMBERSHIP
ABNB,2024-09-30,Airbnb Inc,AIRBNB,009066101,,IN_MEMBERSHIP
ABNB,2024-12-31,Airbnb Inc,AIRBNB,009066101,,IN_MEMBERSHIP
ABNB,2025-03-31,Airbnb Inc,AIRBNB,009066101,,IN_MEMBERSHIP
ABNB,2025-06-30,Airbnb Inc,AIRBNB,009066101,,IN_MEMBERSHIP
ABNB,2025-09-30,Airbnb Inc,AIRBNB,009066101,,IN_MEMBERSHIP
ABNB,2025-12-31,Airbnb Inc,AIRBNB,009066101,,IN_MEMBERSHIP
ABT,2020-12-31,Abbott Laboratories,ABBOTT LABORATORIES,002824100,,PRE_WINDOW_SUPPORT
ABT,2021-03-31,Abbott Laboratories,ABBOTT LABORATORIES,002824100,,IN_MEMBERSHIP
ABT,2021-06-30,Abbott Laboratories,ABBOTT LABORATORIES,002824100,,IN_MEMBERSHIP
ABT,2021-09-30,Abbott Laboratories,ABBOTT LABORATORIES,002824100,,IN_MEMBERSHIP
ABT,2021-12-31,Abbott Laboratories,ABBOTT LABORATORIES,002824100,,IN_MEMBERSHIP
ABT,2022-03-31,Abbott Laboratories,ABBOTT LABORATORIES,002824100,,IN_MEMBERSHIP
ABT,2022-06-30,Abbott Laboratories,ABBOTT LABORATORIES,002824100,,IN_MEMBERSHIP
ABT,2022-09-30,Abbott Laboratories,ABBOTT LABORATORIES,002824100,,IN_MEMBERSHIP
ABT,2022-12-31,Abbott Laboratories,ABBOTT LABORATORIES,002824100,,IN_MEMBERSHIP
ABT,2023-03-31,Abbott Laboratories,ABBOTT LABORATORIES,002824100,,IN_MEMBERSHIP
ABT,2023-06-30,Abbott Laboratories,ABBOTT LABORATORIES,002824100,,IN_MEMBERSHIP
ABT,2023-09-30,Abbott Laboratories,ABBOTT LABORATORIES,002824100,,IN_MEMBERSHIP
ABT,2023-12-31,Abbott Laboratories,ABBOTT LABORATORIES,002824100,,IN_MEMBERSHIP
ABT,2024-03-31,Abbott Laboratories,ABBOTT LABORATORIES,002824100,,IN_MEMBERSHIP
ABT,2024-06-30,Abbott Laboratories,ABBOTT LABORATORIES,002824100,,IN_MEMBERSHIP
ABT,2024-09-30,Abbott Laboratories,ABBOTT LABORATORIES,002824100,,IN_MEMBERSHIP
ABT,2024-12-31,Abbott Laboratories,ABBOTT LABORATORIES,002824100,,IN_MEMBERSHIP
ABT,2025-03-31,Abbott Laboratories,ABBOTT LABORATORIES,002824100,,IN_MEMBERSHIP
ABT,2025-06-30,Abbott Laboratories,ABBOTT LABORATORIES,002824100,,IN_MEMBERSHIP
ABT,2025-09-30,Abbott Laboratories,ABBOTT LABORATORIES,002824100,,IN_MEMBERSHIP
ABT,2025-12-31,Abbott Laboratories,ABBOTT LABORATORIES,002824100,,IN_MEMBERSHIP
ACGL,2022-12-31,Arch Capital Group Ltd,ARCH CAPITAL GROUP,BMG0450A1053,,IN_MEMBERSHIP
ACGL,2023-03-31,Arch Capital Group Ltd,ARCH CAPITAL GROUP,BMG0450A1053,,IN_MEMBERSHIP
ACGL,2023-06-30,Arch Capital Group Ltd,ARCH CAPITAL GROUP,BMG0450A1053,,IN_MEMBERSHIP
ACGL,2023-09-30,Arch Capital Group Ltd,ARCH CAPITAL GROUP,BMG0450A1053,,IN_MEMBERSHIP
ACGL,2023-12-31,Arch Capital Group Ltd,ARCH CAPITAL GROUP,BMG0450A1053,,IN_MEMBERSHIP
ACGL,2024-03-31,Arch Capital Group Ltd,ARCH CAPITAL GROUP,BMG0450A1053,,IN_MEMBERSHIP
ACGL,2024-06-30,Arch Capital Group Ltd,ARCH CAPITAL GROUP,BMG0450A1053,,IN_MEMBERSHIP
ACGL,2024-09-30,Arch Capital Group Ltd,ARCH CAPITAL GROUP,BMG0450A1053,,IN_MEMBERSHIP
ACGL,2024-12-31,Arch Capital Group Ltd,ARCH CAPITAL GROUP,BMG0450A1053,,IN_MEMBERSHIP
ACGL,2025-03-31,Arch Capital Group Ltd,ARCH CAPITAL GROUP,BMG0450A1053,,IN_MEMBERSHIP
ACGL,2025-06-30,Arch Capital Group Ltd,ARCH CAPITAL GROUP,BMG0450A1053,,IN_MEMBERSHIP
ACGL,2025-09-30,Arch Capital Group Ltd,ARCH CAPITAL GROUP,BMG0450A1053,,IN_MEMBERSHIP
ACGL,2025-12-31,Arch Capital Group Ltd,ARCH CAPITAL GROUP,BMG0450A1053,,IN_MEMBERSHIP
ACN,2020-12-31,Accenture PLC,ACCENTURE,IE00B4BNMY34,,PRE_WINDOW_SUPPORT
ACN,2021-03-31,Accenture PLC,ACCENTURE,IE00B4BNMY34,,IN_MEMBERSHIP
ACN,2021-06-30,Accenture PLC,ACCENTURE,IE00B4BNMY34,,IN_MEMBERSHIP
ACN,2021-09-30,Accenture PLC,ACCENTURE,IE00B4BNMY34,,IN_MEMBERSHIP
ACN,2021-12-31,Accenture PLC,ACCENTURE,IE00B4BNMY34,,IN_MEMBERSHIP
ACN,2022-03-31,Accenture PLC,ACCENTURE,IE00B4BNMY34,,IN_MEMBERSHIP
ACN,2022-06-30,Accenture PLC,ACCENTURE,IE00B4BNMY34,,IN_MEMBERSHIP
ACN,2022-09-30,Accenture PLC,ACCENTURE,IE00B4BNMY34,,IN_MEMBERSHIP
ACN,2022-12-31,Accenture PLC,ACCENTURE,IE00B4BNMY34,,IN_MEMBERSHIP
ACN,2023-03-31,Accenture PLC,ACCENTURE,IE00B4BNMY34,,IN_MEMBERSHIP
ACN,2023-06-30,Accenture PLC,ACCENTURE,IE00B4BNMY34,,IN_MEMBERSHIP
ACN,2023-09-30,Accenture PLC,ACCENTURE,IE00B4BNMY34,,IN_MEMBERSHIP
ACN,2023-12-31,Accenture PLC,ACCENTURE,IE00B4BNMY34,,IN_MEMBERSHIP
ACN,2024-03-31,Accenture PLC,ACCENTURE,IE00B4BNMY34,,IN_MEMBERSHIP
ACN,2024-06-30,Accenture PLC,ACCENTURE,IE00B4BNMY34,,IN_MEMBERSHIP
ACN,2024-09-30,Accenture PLC,ACCENTURE,IE00B4BNMY34,,IN_MEMBERSHIP
ACN,2024-12-31,Accenture PLC,ACCENTURE,IE00B4BNMY34,,IN_MEMBERSHIP
ACN,2025-03-31,Accenture PLC,ACCENTURE,IE00B4BNMY34,,IN_MEMBERSHIP
ACN,2025-06-30,Accenture PLC,ACCENTURE,IE00B4BNMY34,,IN_MEMBERSHIP
ACN,2025-09-30,Accenture PLC,ACCENTURE,IE00B4BNMY34,,IN_MEMBERSHIP
ACN,2025-12-31,Accenture PLC,ACCENTURE,IE00B4BNMY34,,IN_MEMBERSHIP
ADBE,2020-12-31,Adobe Inc,ADOBE,00724F101,,PRE_WINDOW_SUPPORT
ADBE,2021-03-31,Adobe Inc,ADOBE,00724F101,,IN_MEMBERSHIP
ADBE,2021-06-30,Adobe Inc,ADOBE,00724F101,,IN_MEMBERSHIP
ADBE,2021-09-30,Adobe Inc,ADOBE,00724F101,,IN_MEMBERSHIP
ADBE,2021-12-31,Adobe Inc,ADOBE,00724F101,,IN_MEMBERSHIP
ADBE,2022-03-31,Adobe Inc,ADOBE,00724F101,,IN_MEMBERSHIP
ADBE,2022-06-30,Adobe Inc,ADOBE,00724F101,,IN_MEMBERSHIP
ADBE,2022-09-30,Adobe Inc,ADOBE,00724F101,,IN_MEMBERSHIP
ADBE,2022-12-31,Adobe Inc,ADOBE,00724F101,,IN_MEMBERSHIP
ADBE,2023-03-31,Adobe Inc,ADOBE,00724F101,,IN_MEMBERSHIP
ADBE,2023-06-30,Adobe Inc,ADOBE,00724F101,,IN_MEMBERSHIP
ADBE,2023-09-30,Adobe Inc,ADOBE,00724F101,,IN_MEMBERSHIP
ADBE,2023-12-31,Adobe Inc,ADOBE,00724F101,,IN_MEMBERSHIP
ADBE,2024-03-31,Adobe Inc,ADOBE,00724F101,,IN_MEMBERSHIP
ADBE,2024-06-30,Adobe Inc,ADOBE,00724F101,,IN_MEMBERSHIP
ADBE,2024-09-30,Adobe Inc,ADOBE,00724F101,,IN_MEMBERSHIP
ADBE,2024-12-31,Adobe Inc,ADOBE,00724F101,,IN_MEMBERSHIP
ADBE,2025-03-31,Adobe Inc,ADOBE,00724F101,,IN_MEMBERSHIP
ADBE,2025-06-30,Adobe Inc,ADOBE,00724F101,,IN_MEMBERSHIP
ADBE,2025-09-30,Adobe Inc,ADOBE,00724F101,,IN_MEMBERSHIP
ADBE,2025-12-31,Adobe Inc,ADOBE,00724F101,,IN_MEMBERSHIP
ADI,2020-12-31,Analog Devices Inc,ANALOG DEVICES,032654105,,PRE_WINDOW_SUPPORT
ADI,2021-03-31,Analog Devices Inc,ANALOG DEVICES,032654105,,IN_MEMBERSHIP
ADI,2021-06-30,Analog Devices Inc,ANALOG DEVICES,032654105,,IN_MEMBERSHIP
ADI,2021-09-30,Analog Devices Inc,ANALOG DEVICES,032654105,,IN_MEMBERSHIP
ADI,2021-12-31,Analog Devices Inc,ANALOG DEVICES,032654105,,IN_MEMBERSHIP
ADI,2022-03-31,Analog Devices Inc,ANALOG DEVICES,032654105,,IN_MEMBERSHIP
ADI,2022-06-30,Analog Devices Inc,ANALOG DEVICES,032654105,,IN_MEMBERSHIP
ADI,2022-09-30,Analog Devices Inc,ANALOG DEVICES,032654105,,IN_MEMBERSHIP
ADI,2022-12-31,Analog Devices Inc,ANALOG DEVICES,032654105,,IN_MEMBERSHIP
ADI,2023-03-31,Analog Devices Inc,ANALOG DEVICES,032654105,,IN_MEMBERSHIP
ADI,2023-06-30,Analog Devices Inc,ANALOG DEVICES,032654105,,IN_MEMBERSHIP
ADI,2023-09-30,Analog Devices Inc,ANALOG DEVICES,032654105,,IN_MEMBERSHIP
ADI,2023-12-31,Analog Devices Inc,ANALOG DEVICES,032654105,,IN_MEMBERSHIP
ADI,2024-03-31,Analog Devices Inc,ANALOG DEVICES,032654105,,IN_MEMBERSHIP
ADI,2024-06-30,Analog Devices Inc,ANALOG DEVICES,032654105,,IN_MEMBERSHIP
ADI,2024-09-30,Analog Devices Inc,ANALOG DEVICES,032654105,,IN_MEMBERSHIP
ADI,2024-12-31,Analog Devices Inc,ANALOG DEVICES,032654105,,IN_MEMBERSHIP
ADI,2025-03-31,Analog Devices Inc,ANALOG DEVICES,032654105,,IN_MEMBERSHIP
ADI,2025-06-30,Analog Devices Inc,ANALOG DEVICES,032654105,,IN_MEMBERSHIP
ADI,2025-09-30,Analog Devices Inc,ANALOG DEVICES,032654105,,IN_MEMBERSHIP
ADI,2025-12-31,Analog Devices Inc,ANALOG DEVICES,032654105,,IN_MEMBERSHIP
ADM,2020-12-31,Archer-Daniels-Midland Co,ARCHER DANIELS MIDLAND,039483102,,PRE_WINDOW_SUPPORT
ADM,2021-03-31,Archer-Daniels-Midland Co,ARCHER DANIELS MIDLAND,039483102,,IN_MEMBERSHIP
ADM,2021-06-30,Archer-Daniels-Midland Co,ARCHER DANIELS MIDLAND,039483102,,IN_MEMBERSHIP
ADM,2021-09-30,Archer-Daniels-Midland Co,ARCHER DANIELS MIDLAND,039483102,,IN_MEMBERSHIP
ADM,2021-12-31,Archer-Daniels-Midland Co,ARCHER DANIELS MIDLAND,039483102,,IN_MEMBERSHIP
ADM,2022-03-31,Archer-Daniels-Midland Co,ARCHER DANIELS MIDLAND,039483102,,IN_MEMBERSHIP
ADM,2022-06-30,Archer-Daniels-Midland Co,ARCHER DANIELS MIDLAND,039483102,,IN_MEMBERSHIP
ADM,2022-09-30,Archer-Daniels-Midland Co,ARCHER DANIELS MIDLAND,039483102,,IN_MEMBERSHIP
ADM,2022-12-31,Archer-Daniels-Midland Co,ARCHER DANIELS MIDLAND,039483102,,IN_MEMBERSHIP
ADM,2023-03-31,Archer-Daniels-Midland Co,ARCHER DANIELS MIDLAND,039483102,,IN_MEMBERSHIP
ADM,2023-06-30,Archer-Daniels-Midland Co,ARCHER DANIELS MIDLAND,039483102,,IN_MEMBERSHIP
ADM,2023-09-30,Archer-Daniels-Midland Co,ARCHER DANIELS MIDLAND,039483102,,IN_MEMBERSHIP
ADM,2023-12-31,Archer-Daniels-Midland Co,ARCHER DANIELS MIDLAND,039483102,,IN_MEMBERSHIP
ADM,2024-03-31,Archer-Daniels-Midland Co,ARCHER DANIELS MIDLAND,039483102,,IN_MEMBERSHIP
ADM,2024-06-30,Archer-Daniels-Midland Co,ARCHER DANIELS MIDLAND,039483102,,IN_MEMBERSHIP
ADM,2024-09-30,Archer-Daniels-Midland Co,ARCHER DANIELS MIDLAND,039483102,,IN_MEMBERSHIP
ADM,2024-12-31,Archer-Daniels-Midland Co,ARCHER DANIELS MIDLAND,039483102,,IN_MEMBERSHIP
ADM,2025-03-31,Archer-Daniels-Midland Co,ARCHER DANIELS MIDLAND,039483102,,IN_MEMBERSHIP
ADM,2025-06-30,Archer-Daniels-Midland Co,ARCHER DANIELS MIDLAND,039483102,,IN_MEMBERSHIP
ADM,2025-09-30,Archer-Daniels-Midland Co,ARCHER DANIELS MIDLAND,039483102,,IN_MEMBERSHIP
ADM,2025-12-31,Archer-Daniels-Midland Co,ARCHER DANIELS MIDLAND,039483102,,IN_MEMBERSHIP
ADP,2020-12-31,Automatic Data Processing Inc,AUTOMATIC DATA PROCESSING,053015103,,PRE_WINDOW_SUPPORT
ADP,2021-03-31,Automatic Data Processing Inc,AUTOMATIC DATA PROCESSING,053015103,,IN_MEMBERSHIP
ADP,2021-06-30,Automatic Data Processing Inc,AUTOMATIC DATA PROCESSING,053015103,,IN_MEMBERSHIP
ADP,2021-09-30,Automatic Data Processing Inc,AUTOMATIC DATA PROCESSING,053015103,,IN_MEMBERSHIP
ADP,2021-12-31,Automatic Data Processing Inc,AUTOMATIC DATA PROCESSING,053015103,,IN_MEMBERSHIP
ADP,2022-03-31,Automatic Data Processing Inc,AUTOMATIC DATA PROCESSING,053015103,,IN_MEMBERSHIP
ADP,2022-06-30,Automatic Data Processing Inc,AUTOMATIC DATA PROCESSING,053015103,,IN_MEMBERSHIP
ADP,2022-09-30,Automatic Data Processing Inc,AUTOMATIC DATA PROCESSING,053015103,,IN_MEMBERSHIP
ADP,2022-12-31,Automatic Data Processing Inc,AUTOMATIC DATA PROCESSING,053015103,,IN_MEMBERSHIP
ADP,2023-03-31,Automatic Data Processing Inc,AUTOMATIC DATA PROCESSING,053015103,,IN_MEMBERSHIP
ADP,2023-06-30,Automatic Data Processing Inc,AUTOMATIC DATA PROCESSING,053015103,,IN_MEMBERSHIP
ADP,2023-09-30,Automatic Data Processing Inc,AUTOMATIC DATA PROCESSING,053015103,,IN_MEMBERSHIP
ADP,2023-12-31,Automatic Data Processing Inc,AUTOMATIC DATA PROCESSING,053015103,,IN_MEMBERSHIP
ADP,2024-03-31,Automatic Data Processing Inc,AUTOMATIC DATA PROCESSING,053015103,,IN_MEMBERSHIP
ADP,2024-06-30,Automatic Data Processing Inc,AUTOMATIC DATA PROCESSING,053015103,,IN_MEMBERSHIP
ADP,2024-09-30,Automatic Data Processing Inc,AUTOMATIC DATA PROCESSING,053015103,,IN_MEMBERSHIP
ADP,2024-12-31,Automatic Data Processing Inc,AUTOMATIC DATA PROCESSING,053015103,,IN_MEMBERSHIP
ADP,2025-03-31,Automatic Data Processing Inc,AUTOMATIC DATA PROCESSING,053015103,,IN_MEMBERSHIP
ADP,2025-06-30,Automatic Data Processing Inc,AUTOMATIC DATA PROCESSING,053015103,,IN_MEMBERSHIP
ADP,2025-09-30,Automatic Data Processing Inc,AUTOMATIC DATA PROCESSING,053015103,,IN_MEMBERSHIP
ADP,2025-12-31,Automatic Data Processing Inc,AUTOMATIC DATA PROCESSING,053015103,,IN_MEMBERSHIP
ADSK,2020-12-31,Autodesk Inc,AUTODESK,052769106,,PRE_WINDOW_SUPPORT
ADSK,2021-03-31,Autodesk Inc,AUTODESK,052769106,,IN_MEMBERSHIP
ADSK,2021-06-30,Autodesk Inc,AUTODESK,052769106,,IN_MEMBERSHIP
ADSK,2021-09-30,Autodesk Inc,AUTODESK,052769106,,IN_MEMBERSHIP
ADSK,2021-12-31,Autodesk Inc,AUTODESK,052769106,,IN_MEMBERSHIP
ADSK,2022-03-31,Autodesk Inc,AUTODESK,052769106,,IN_MEMBERSHIP
ADSK,2022-06-30,Autodesk Inc,AUTODESK,052769106,,IN_MEMBERSHIP
ADSK,2022-09-30,Autodesk Inc,AUTODESK,052769106,,IN_MEMBERSHIP
ADSK,2022-12-31,Autodesk Inc,AUTODESK,052769106,,IN_MEMBERSHIP
ADSK,2023-03-31,Autodesk Inc,AUTODESK,052769106,,IN_MEMBERSHIP
ADSK,2023-06-30,Autodesk Inc,AUTODESK,052769106,,IN_MEMBERSHIP
ADSK,2023-09-30,Autodesk Inc,AUTODESK,052769106,,IN_MEMBERSHIP
ADSK,2023-12-31,Autodesk Inc,AUTODESK,052769106,,IN_MEMBERSHIP
ADSK,2024-03-31,Autodesk Inc,AUTODESK,052769106,,IN_MEMBERSHIP
ADSK,2024-06-30,Autodesk Inc,AUTODESK,052769106,,IN_MEMBERSHIP
ADSK,2024-09-30,Autodesk Inc,AUTODESK,052769106,,IN_MEMBERSHIP
ADSK,2024-12-31,Autodesk Inc,AUTODESK,052769106,,IN_MEMBERSHIP
ADSK,2025-03-31,Autodesk Inc,AUTODESK,052769106,,IN_MEMBERSHIP
ADSK,2025-06-30,Autodesk Inc,AUTODESK,052769106,,IN_MEMBERSHIP
ADSK,2025-09-30,Autodesk Inc,AUTODESK,052769106,,IN_MEMBERSHIP
ADSK,2025-12-31,Autodesk Inc,AUTODESK,052769106,,IN_MEMBERSHIP
AEE,2020-12-31,Ameren Corp,AMEREN,023608102,,PRE_WINDOW_SUPPORT
AEE,2021-03-31,Ameren Corp,AMEREN,023608102,,IN_MEMBERSHIP
AEE,2021-06-30,Ameren Corp,AMEREN,023608102,,IN_MEMBERSHIP
AEE,2021-09-30,Ameren Corp,AMEREN,023608102,,IN_MEMBERSHIP
AEE,2021-12-31,Ameren Corp,AMEREN,023608102,,IN_MEMBERSHIP
AEE,2022-03-31,Ameren Corp,AMEREN,023608102,,IN_MEMBERSHIP
AEE,2022-06-30,Ameren Corp,AMEREN,023608102,,IN_MEMBERSHIP
AEE,2022-09-30,Ameren Corp,AMEREN,023608102,,IN_MEMBERSHIP
AEE,2022-12-31,Ameren Corp,AMEREN,023608102,,IN_MEMBERSHIP
AEE,2023-03-31,Ameren Corp,AMEREN,023608102,,IN_MEMBERSHIP
AEE,2023-06-30,Ameren Corp,AMEREN,023608102,,IN_MEMBERSHIP
AEE,2023-09-30,Ameren Corp,AMEREN,023608102,,IN_MEMBERSHIP
AEE,2023-12-31,Ameren Corp,AMEREN,023608102,,IN_MEMBERSHIP
AEE,2024-03-31,Ameren Corp,AMEREN,023608102,,IN_MEMBERSHIP
AEE,2024-06-30,Ameren Corp,AMEREN,023608102,,IN_MEMBERSHIP
AEE,2024-09-30,Ameren Corp,AMEREN,023608102,,IN_MEMBERSHIP
AEE,2024-12-31,Ameren Corp,AMEREN,023608102,,IN_MEMBERSHIP
AEE,2025-03-31,Ameren Corp,AMEREN,023608102,,IN_MEMBERSHIP
AEE,2025-06-30,Ameren Corp,AMEREN,023608102,,IN_MEMBERSHIP
AEE,2025-09-30,Ameren Corp,AMEREN,023608102,,IN_MEMBERSHIP
AEE,2025-12-31,Ameren Corp,AMEREN,023608102,,IN_MEMBERSHIP
AEP,2020-12-31,American Electric Power Co Inc,AMERICAN ELECTRIC POWER,025537101,,PRE_WINDOW_SUPPORT
AEP,2021-03-31,American Electric Power Co Inc,AMERICAN ELECTRIC POWER,025537101,,IN_MEMBERSHIP
AEP,2021-06-30,American Electric Power Co Inc,AMERICAN ELECTRIC POWER,025537101,,IN_MEMBERSHIP
AEP,2021-09-30,American Electric Power Co Inc,AMERICAN ELECTRIC POWER,025537101,,IN_MEMBERSHIP
AEP,2021-12-31,American Electric Power Co Inc,AMERICAN ELECTRIC POWER,025537101,,IN_MEMBERSHIP
AEP,2022-03-31,American Electric Power Co Inc,AMERICAN ELECTRIC POWER,025537101,,IN_MEMBERSHIP
AEP,2022-06-30,American Electric Power Co Inc,AMERICAN ELECTRIC POWER,025537101,,IN_MEMBERSHIP
AEP,2022-09-30,American Electric Power Co Inc,AMERICAN ELECTRIC POWER,025537101,,IN_MEMBERSHIP
AEP,2022-12-31,American Electric Power Co Inc,AMERICAN ELECTRIC POWER,025537101,,IN_MEMBERSHIP
AEP,2023-03-31,American Electric Power Co Inc,AMERICAN ELECTRIC POWER,025537101,,IN_MEMBERSHIP
AEP,2023-06-30,American Electric Power Co Inc,AMERICAN ELECTRIC POWER,025537101,,IN_MEMBERSHIP
AEP,2023-09-30,American Electric Power Co Inc,AMERICAN ELECTRIC POWER,025537101,,IN_MEMBERSHIP
AEP,2023-12-31,American Electric Power Co Inc,AMERICAN ELECTRIC POWER,025537101,,IN_MEMBERSHIP
AEP,2024-03-31,American Electric Power Co Inc,AMERICAN ELECTRIC POWER,025537101,,IN_MEMBERSHIP
AEP,2024-06-30,American Electric Power Co Inc,AMERICAN ELECTRIC POWER,025537101,,IN_MEMBERSHIP
AEP,2024-09-30,American Electric Power Co Inc,AMERICAN ELECTRIC POWER,025537101,,IN_MEMBERSHIP
AEP,2024-12-31,American Electric Power Co Inc,AMERICAN ELECTRIC POWER,025537101,,IN_MEMBERSHIP
AEP,2025-03-31,American Electric Power Co Inc,AMERICAN ELECTRIC POWER,025537101,,IN_MEMBERSHIP
AEP,2025-06-30,American Electric Power Co Inc,AMERICAN ELECTRIC POWER,025537101,,IN_MEMBERSHIP
AEP,2025-09-30,American Electric Power Co Inc,AMERICAN ELECTRIC POWER,025537101,,IN_MEMBERSHIP
AEP,2025-12-31,American Electric Power Co Inc,AMERICAN ELECTRIC POWER,025537101,,IN_MEMBERSHIP
AES,2020-12-31,AES Corp/The,AES,00130H105,,PRE_WINDOW_SUPPORT
AES,2021-03-31,AES Corp/The,AES,00130H105,,IN_MEMBERSHIP
AES,2021-06-30,AES Corp/The,AES,00130H105,,IN_MEMBERSHIP
AES,2021-09-30,AES Corp/The,AES,00130H105,,IN_MEMBERSHIP
AES,2021-12-31,AES Corp/The,AES,00130H105,,IN_MEMBERSHIP
AES,2022-03-31,AES Corp/The,AES,00130H105,,IN_MEMBERSHIP
AES,2022-06-30,AES Corp/The,AES,00130H105,,IN_MEMBERSHIP
AES,2022-09-30,AES Corp/The,AES,00130H105,,IN_MEMBERSHIP
AES,2022-12-31,AES Corp/The,AES,00130H105,,IN_MEMBERSHIP
AES,2023-03-31,AES Corp/The,AES,00130H105,,IN_MEMBERSHIP
AES,2023-06-30,AES Corp/The,AES,00130H105,,IN_MEMBERSHIP
AES,2023-09-30,AES Corp/The,AES,00130H105,,IN_MEMBERSHIP
AES,2023-12-31,AES Corp/The,AES,00130H105,,IN_MEMBERSHIP
AES,2024-03-31,AES Corp/The,AES,00130H105,,IN_MEMBERSHIP
AES,2024-06-30,AES Corp/The,AES,00130H105,,IN_MEMBERSHIP
AES,2024-09-30,AES Corp/The,AES,00130H105,,IN_MEMBERSHIP
AES,2024-12-31,AES Corp/The,AES,00130H105,,IN_MEMBERSHIP
AES,2025-03-31,AES Corp/The,AES,00130H105,,IN_MEMBERSHIP
AES,2025-06-30,AES Corp/The,AES,00130H105,,IN_MEMBERSHIP
AES,2025-09-30,AES Corp/The,AES,00130H105,,IN_MEMBERSHIP
AES,2025-12-31,AES Corp/The,AES,00130H105,,IN_MEMBERSHIP
AFL,2020-12-31,Aflac Inc,AFLAC,001055102,,PRE_WINDOW_SUPPORT
AFL,2021-03-31,Aflac Inc,AFLAC,001055102,,IN_MEMBERSHIP
AFL,2021-06-30,Aflac Inc,AFLAC,001055102,,IN_MEMBERSHIP
AFL,2021-09-30,Aflac Inc,AFLAC,001055102,,IN_MEMBERSHIP
AFL,2021-12-31,Aflac Inc,AFLAC,001055102,,IN_MEMBERSHIP
AFL,2022-03-31,Aflac Inc,AFLAC,001055102,,IN_MEMBERSHIP
AFL,2022-06-30,Aflac Inc,AFLAC,001055102,,IN_MEMBERSHIP
AFL,2022-09-30,Aflac Inc,AFLAC,001055102,,IN_MEMBERSHIP
AFL,2022-12-31,Aflac Inc,AFLAC,001055102,,IN_MEMBERSHIP
AFL,2023-03-31,Aflac Inc,AFLAC,001055102,,IN_MEMBERSHIP
AFL,2023-06-30,Aflac Inc,AFLAC,001055102,,IN_MEMBERSHIP
AFL,2023-09-30,Aflac Inc,AFLAC,001055102,,IN_MEMBERSHIP
AFL,2023-12-31,Aflac Inc,AFLAC,001055102,,IN_MEMBERSHIP
AFL,2024-03-31,Aflac Inc,AFLAC,001055102,,IN_MEMBERSHIP
AFL,2024-06-30,Aflac Inc,AFLAC,001055102,,IN_MEMBERSHIP
AFL,2024-09-30,Aflac Inc,AFLAC,001055102,,IN_MEMBERSHIP
AFL,2024-12-31,Aflac Inc,AFLAC,001055102,,IN_MEMBERSHIP
AFL,2025-03-31,Aflac Inc,AFLAC,001055102,,IN_MEMBERSHIP
AFL,2025-06-30,Aflac Inc,AFLAC,001055102,,IN_MEMBERSHIP
AFL,2025-09-30,Aflac Inc,AFLAC,001055102,,IN_MEMBERSHIP
AFL,2025-12-31,Aflac Inc,AFLAC,001055102,,IN_MEMBERSHIP
AIG,2020-12-31,American International Group Inc,AMERICAN INTERNATIONAL GROUP,026874784,,PRE_WINDOW_SUPPORT
AIG,2021-03-31,American International Group Inc,AMERICAN INTERNATIONAL GROUP,026874784,,IN_MEMBERSHIP
AIG,2021-06-30,American International Group Inc,AMERICAN INTERNATIONAL GROUP,026874784,,IN_MEMBERSHIP
AIG,2021-09-30,American International Group Inc,AMERICAN INTERNATIONAL GROUP,026874784,,IN_MEMBERSHIP
AIG,2021-12-31,American International Group Inc,AMERICAN INTERNATIONAL GROUP,026874784,,IN_MEMBERSHIP
AIG,2022-03-31,American International Group Inc,AMERICAN INTERNATIONAL GROUP,026874784,,IN_MEMBERSHIP
AIG,2022-06-30,American International Group Inc,AMERICAN INTERNATIONAL GROUP,026874784,,IN_MEMBERSHIP
AIG,2022-09-30,American International Group Inc,AMERICAN INTERNATIONAL GROUP,026874784,,IN_MEMBERSHIP
AIG,2022-12-31,American International Group Inc,AMERICAN INTERNATIONAL GROUP,026874784,,IN_MEMBERSHIP
AIG,2023-03-31,American International Group Inc,AMERICAN INTERNATIONAL GROUP,026874784,,IN_MEMBERSHIP
AIG,2023-06-30,American International Group Inc,AMERICAN INTERNATIONAL GROUP,026874784,,IN_MEMBERSHIP
AIG,2023-09-30,American International Group Inc,AMERICAN INTERNATIONAL GROUP,026874784,,IN_MEMBERSHIP
AIG,2023-12-31,American International Group Inc,AMERICAN INTERNATIONAL GROUP,026874784,,IN_MEMBERSHIP
AIG,2024-03-31,American International Group Inc,AMERICAN INTERNATIONAL GROUP,026874784,,IN_MEMBERSHIP
AIG,2024-06-30,American International Group Inc,AMERICAN INTERNATIONAL GROUP,026874784,,IN_MEMBERSHIP
AIG,2024-09-30,American International Group Inc,AMERICAN INTERNATIONAL GROUP,026874784,,IN_MEMBERSHIP
AIG,2024-12-31,American International Group Inc,AMERICAN INTERNATIONAL GROUP,026874784,,IN_MEMBERSHIP
AIG,2025-03-31,American International Group Inc,AMERICAN INTERNATIONAL GROUP,026874784,,IN_MEMBERSHIP
AIG,2025-06-30,American International Group Inc,AMERICAN INTERNATIONAL GROUP,026874784,,IN_MEMBERSHIP
AIG,2025-09-30,American International Group Inc,AMERICAN INTERNATIONAL GROUP,026874784,,IN_MEMBERSHIP
AIG,2025-12-31,American International Group Inc,AMERICAN INTERNATIONAL GROUP,026874784,,IN_MEMBERSHIP
AIZ,2020-12-31,Assurant Inc,ASSURANT,04621X108,,PRE_WINDOW_SUPPORT
AIZ,2021-03-31,Assurant Inc,ASSURANT,04621X108,,IN_MEMBERSHIP
AIZ,2021-06-30,Assurant Inc,ASSURANT,04621X108,,IN_MEMBERSHIP
AIZ,2021-09-30,Assurant Inc,ASSURANT,04621X108,,IN_MEMBERSHIP
AIZ,2021-12-31,Assurant Inc,ASSURANT,04621X108,,IN_MEMBERSHIP
AIZ,2022-03-31,Assurant Inc,ASSURANT,04621X108,,IN_MEMBERSHIP
AIZ,2022-06-30,Assurant Inc,ASSURANT,04621X108,,IN_MEMBERSHIP
AIZ,2022-09-30,Assurant Inc,ASSURANT,04621X108,,IN_MEMBERSHIP
AIZ,2022-12-31,Assurant Inc,ASSURANT,04621X108,,IN_MEMBERSHIP
AIZ,2023-03-31,Assurant Inc,ASSURANT,04621X108,,IN_MEMBERSHIP
AIZ,2023-06-30,Assurant Inc,ASSURANT,04621X108,,IN_MEMBERSHIP
AIZ,2023-09-30,Assurant Inc,ASSURANT,04621X108,,IN_MEMBERSHIP
AIZ,2023-12-31,Assurant Inc,ASSURANT,04621X108,,IN_MEMBERSHIP
AIZ,2024-03-31,Assurant Inc,ASSURANT,04621X108,,IN_MEMBERSHIP
AIZ,2024-06-30,Assurant Inc,ASSURANT,04621X108,,IN_MEMBERSHIP
AIZ,2024-09-30,Assurant Inc,ASSURANT,04621X108,,IN_MEMBERSHIP
AIZ,2024-12-31,Assurant Inc,ASSURANT,04621X108,,IN_MEMBERSHIP
AIZ,2025-03-31,Assurant Inc,ASSURANT,04621X108,,IN_MEMBERSHIP
AIZ,2025-06-30,Assurant Inc,ASSURANT,04621X108,,IN_MEMBERSHIP
AIZ,2025-09-30,Assurant Inc,ASSURANT,04621X108,,IN_MEMBERSHIP
AIZ,2025-12-31,Assurant Inc,ASSURANT,04621X108,,IN_MEMBERSHIP
AJG,2020-12-31,Arthur J Gallagher & Co,ARTHUR J GALLAGHER AND,363576109,,PRE_WINDOW_SUPPORT
AJG,2021-03-31,Arthur J Gallagher & Co,ARTHUR J GALLAGHER AND,363576109,,IN_MEMBERSHIP
AJG,2021-06-30,Arthur J Gallagher & Co,ARTHUR J GALLAGHER AND,363576109,,IN_MEMBERSHIP
AJG,2021-09-30,Arthur J Gallagher & Co,ARTHUR J GALLAGHER AND,363576109,,IN_MEMBERSHIP
AJG,2021-12-31,Arthur J Gallagher & Co,ARTHUR J GALLAGHER AND,363576109,,IN_MEMBERSHIP
AJG,2022-03-31,Arthur J Gallagher & Co,ARTHUR J GALLAGHER AND,363576109,,IN_MEMBERSHIP
AJG,2022-06-30,Arthur J Gallagher & Co,ARTHUR J GALLAGHER AND,363576109,,IN_MEMBERSHIP
AJG,2022-09-30,Arthur J Gallagher & Co,ARTHUR J GALLAGHER AND,363576109,,IN_MEMBERSHIP
AJG,2022-12-31,Arthur J Gallagher & Co,ARTHUR J GALLAGHER AND,363576109,,IN_MEMBERSHIP
AJG,2023-03-31,Arthur J Gallagher & Co,ARTHUR J GALLAGHER AND,363576109,,IN_MEMBERSHIP
AJG,2023-06-30,Arthur J Gallagher & Co,ARTHUR J GALLAGHER AND,363576109,,IN_MEMBERSHIP
AJG,2023-09-30,Arthur J Gallagher & Co,ARTHUR J GALLAGHER AND,363576109,,IN_MEMBERSHIP
AJG,2023-12-31,Arthur J Gallagher & Co,ARTHUR J GALLAGHER AND,363576109,,IN_MEMBERSHIP
AJG,2024-03-31,Arthur J Gallagher & Co,ARTHUR J GALLAGHER AND,363576109,,IN_MEMBERSHIP
AJG,2024-06-30,Arthur J Gallagher & Co,ARTHUR J GALLAGHER AND,363576109,,IN_MEMBERSHIP
AJG,2024-09-30,Arthur J Gallagher & Co,ARTHUR J GALLAGHER AND,363576109,,IN_MEMBERSHIP
AJG,2024-12-31,Arthur J Gallagher & Co,ARTHUR J GALLAGHER AND,363576109,,IN_MEMBERSHIP
AJG,2025-03-31,Arthur J Gallagher & Co,ARTHUR J GALLAGHER AND,363576109,,IN_MEMBERSHIP
AJG,2025-06-30,Arthur J Gallagher & Co,ARTHUR J GALLAGHER AND,363576109,,IN_MEMBERSHIP
AJG,2025-09-30,Arthur J Gallagher & Co,ARTHUR J GALLAGHER AND,363576109,,IN_MEMBERSHIP
AJG,2025-12-31,Arthur J Gallagher & Co,ARTHUR J GALLAGHER AND,363576109,,IN_MEMBERSHIP
AKAM,2020-12-31,Akamai Technologies Inc,AKAMAI TECHNOLOGIES,00971T101,,PRE_WINDOW_SUPPORT
AKAM,2021-03-31,Akamai Technologies Inc,AKAMAI TECHNOLOGIES,00971T101,,IN_MEMBERSHIP
AKAM,2021-06-30,Akamai Technologies Inc,AKAMAI TECHNOLOGIES,00971T101,,IN_MEMBERSHIP
AKAM,2021-09-30,Akamai Technologies Inc,AKAMAI TECHNOLOGIES,00971T101,,IN_MEMBERSHIP
AKAM,2021-12-31,Akamai Technologies Inc,AKAMAI TECHNOLOGIES,00971T101,,IN_MEMBERSHIP
AKAM,2022-03-31,Akamai Technologies Inc,AKAMAI TECHNOLOGIES,00971T101,,IN_MEMBERSHIP
AKAM,2022-06-30,Akamai Technologies Inc,AKAMAI TECHNOLOGIES,00971T101,,IN_MEMBERSHIP
AKAM,2022-09-30,Akamai Technologies Inc,AKAMAI TECHNOLOGIES,00971T101,,IN_MEMBERSHIP
AKAM,2022-12-31,Akamai Technologies Inc,AKAMAI TECHNOLOGIES,00971T101,,IN_MEMBERSHIP
AKAM,2023-03-31,Akamai Technologies Inc,AKAMAI TECHNOLOGIES,00971T101,,IN_MEMBERSHIP
AKAM,2023-06-30,Akamai Technologies Inc,AKAMAI TECHNOLOGIES,00971T101,,IN_MEMBERSHIP
AKAM,2023-09-30,Akamai Technologies Inc,AKAMAI TECHNOLOGIES,00971T101,,IN_MEMBERSHIP
AKAM,2023-12-31,Akamai Technologies Inc,AKAMAI TECHNOLOGIES,00971T101,,IN_MEMBERSHIP
AKAM,2024-03-31,Akamai Technologies Inc,AKAMAI TECHNOLOGIES,00971T101,,IN_MEMBERSHIP
AKAM,2024-06-30,Akamai Technologies Inc,AKAMAI TECHNOLOGIES,00971T101,,IN_MEMBERSHIP
AKAM,2024-09-30,Akamai Technologies Inc,AKAMAI TECHNOLOGIES,00971T101,,IN_MEMBERSHIP
AKAM,2024-12-31,Akamai Technologies Inc,AKAMAI TECHNOLOGIES,00971T101,,IN_MEMBERSHIP
AKAM,2025-03-31,Akamai Technologies Inc,AKAMAI TECHNOLOGIES,00971T101,,IN_MEMBERSHIP
AKAM,2025-06-30,Akamai Technologies Inc,AKAMAI TECHNOLOGIES,00971T101,,IN_MEMBERSHIP
AKAM,2025-09-30,Akamai Technologies Inc,AKAMAI TECHNOLOGIES,00971T101,,IN_MEMBERSHIP
AKAM,2025-12-31,Akamai Technologies Inc,AKAMAI TECHNOLOGIES,00971T101,,IN_MEMBERSHIP
ALB,2020-12-31,Albemarle Corp,ALBEMARLE,012653101,,PRE_WINDOW_SUPPORT
ALB,2021-03-31,Albemarle Corp,ALBEMARLE,012653101,,IN_MEMBERSHIP
ALB,2021-06-30,Albemarle Corp,ALBEMARLE,012653101,,IN_MEMBERSHIP
ALB,2021-09-30,Albemarle Corp,ALBEMARLE,012653101,,IN_MEMBERSHIP
ALB,2021-12-31,Albemarle Corp,ALBEMARLE,012653101,,IN_MEMBERSHIP
ALB,2022-03-31,Albemarle Corp,ALBEMARLE,012653101,,IN_MEMBERSHIP
ALB,2022-06-30,Albemarle Corp,ALBEMARLE,012653101,,IN_MEMBERSHIP
ALB,2022-09-30,Albemarle Corp,ALBEMARLE,012653101,,IN_MEMBERSHIP
ALB,2022-12-31,Albemarle Corp,ALBEMARLE,012653101,,IN_MEMBERSHIP
ALB,2023-03-31,Albemarle Corp,ALBEMARLE,012653101,,IN_MEMBERSHIP
ALB,2023-06-30,Albemarle Corp,ALBEMARLE,012653101,,IN_MEMBERSHIP
ALB,2023-09-30,Albemarle Corp,ALBEMARLE,012653101,,IN_MEMBERSHIP
ALB,2023-12-31,Albemarle Corp,ALBEMARLE,012653101,,IN_MEMBERSHIP
ALB,2024-03-31,Albemarle Corp,ALBEMARLE,012653101,,IN_MEMBERSHIP
ALB,2024-06-30,Albemarle Corp,ALBEMARLE,012653101,,IN_MEMBERSHIP
ALB,2024-09-30,Albemarle Corp,ALBEMARLE,012653101,,IN_MEMBERSHIP
ALB,2024-12-31,Albemarle Corp,ALBEMARLE,012653101,,IN_MEMBERSHIP
ALB,2025-03-31,Albemarle Corp,ALBEMARLE,012653101,,IN_MEMBERSHIP
ALB,2025-06-30,Albemarle Corp,ALBEMARLE,012653101,,IN_MEMBERSHIP
ALB,2025-09-30,Albemarle Corp,ALBEMARLE,012653101,,IN_MEMBERSHIP
ALB,2025-12-31,Albemarle Corp,ALBEMARLE,012653101,,IN_MEMBERSHIP
ALGN,2020-12-31,Align Technology Inc,ALIGN TECHNOLOGY,016255101,,PRE_WINDOW_SUPPORT
ALGN,2021-03-31,Align Technology Inc,ALIGN TECHNOLOGY,016255101,,IN_MEMBERSHIP
ALGN,2021-06-30,Align Technology Inc,ALIGN TECHNOLOGY,016255101,,IN_MEMBERSHIP
ALGN,2021-09-30,Align Technology Inc,ALIGN TECHNOLOGY,016255101,,IN_MEMBERSHIP
ALGN,2021-12-31,Align Technology Inc,ALIGN TECHNOLOGY,016255101,,IN_MEMBERSHIP
ALGN,2022-03-31,Align Technology Inc,ALIGN TECHNOLOGY,016255101,,IN_MEMBERSHIP
ALGN,2022-06-30,Align Technology Inc,ALIGN TECHNOLOGY,016255101,,IN_MEMBERSHIP
ALGN,2022-09-30,Align Technology Inc,ALIGN TECHNOLOGY,016255101,,IN_MEMBERSHIP
ALGN,2022-12-31,Align Technology Inc,ALIGN TECHNOLOGY,016255101,,IN_MEMBERSHIP
ALGN,2023-03-31,Align Technology Inc,ALIGN TECHNOLOGY,016255101,,IN_MEMBERSHIP
ALGN,2023-06-30,Align Technology Inc,ALIGN TECHNOLOGY,016255101,,IN_MEMBERSHIP
ALGN,2023-09-30,Align Technology Inc,ALIGN TECHNOLOGY,016255101,,IN_MEMBERSHIP
ALGN,2023-12-31,Align Technology Inc,ALIGN TECHNOLOGY,016255101,,IN_MEMBERSHIP
ALGN,2024-03-31,Align Technology Inc,ALIGN TECHNOLOGY,016255101,,IN_MEMBERSHIP
ALGN,2024-06-30,Align Technology Inc,ALIGN TECHNOLOGY,016255101,,IN_MEMBERSHIP
ALGN,2024-09-30,Align Technology Inc,ALIGN TECHNOLOGY,016255101,,IN_MEMBERSHIP
ALGN,2024-12-31,Align Technology Inc,ALIGN TECHNOLOGY,016255101,,IN_MEMBERSHIP
ALGN,2025-03-31,Align Technology Inc,ALIGN TECHNOLOGY,016255101,,IN_MEMBERSHIP
ALGN,2025-06-30,Align Technology Inc,ALIGN TECHNOLOGY,016255101,,IN_MEMBERSHIP
ALGN,2025-09-30,Align Technology Inc,ALIGN TECHNOLOGY,016255101,,IN_MEMBERSHIP
ALGN,2025-12-31,Align Technology Inc,ALIGN TECHNOLOGY,016255101,,IN_MEMBERSHIP
ALL,2020-12-31,Allstate Corp/The,ALLSTATE,020002101,,PRE_WINDOW_SUPPORT
ALL,2021-03-31,Allstate Corp/The,ALLSTATE,020002101,,IN_MEMBERSHIP
ALL,2021-06-30,Allstate Corp/The,ALLSTATE,020002101,,IN_MEMBERSHIP
ALL,2021-09-30,Allstate Corp/The,ALLSTATE,020002101,,IN_MEMBERSHIP
ALL,2021-12-31,Allstate Corp/The,ALLSTATE,020002101,,IN_MEMBERSHIP
ALL,2022-03-31,Allstate Corp/The,ALLSTATE,020002101,,IN_MEMBERSHIP
ALL,2022-06-30,Allstate Corp/The,ALLSTATE,020002101,,IN_MEMBERSHIP
ALL,2022-09-30,Allstate Corp/The,ALLSTATE,020002101,,IN_MEMBERSHIP
ALL,2022-12-31,Allstate Corp/The,ALLSTATE,020002101,,IN_MEMBERSHIP
ALL,2023-03-31,Allstate Corp/The,ALLSTATE,020002101,,IN_MEMBERSHIP
ALL,2023-06-30,Allstate Corp/The,ALLSTATE,020002101,,IN_MEMBERSHIP
ALL,2023-09-30,Allstate Corp/The,ALLSTATE,020002101,,IN_MEMBERSHIP
ALL,2023-12-31,Allstate Corp/The,ALLSTATE,020002101,,IN_MEMBERSHIP
ALL,2024-03-31,Allstate Corp/The,ALLSTATE,020002101,,IN_MEMBERSHIP
ALL,2024-06-30,Allstate Corp/The,ALLSTATE,020002101,,IN_MEMBERSHIP
ALL,2024-09-30,Allstate Corp/The,ALLSTATE,020002101,,IN_MEMBERSHIP
ALL,2024-12-31,Allstate Corp/The,ALLSTATE,020002101,,IN_MEMBERSHIP
ALL,2025-03-31,Allstate Corp/The,ALLSTATE,020002101,,IN_MEMBERSHIP
ALL,2025-06-30,Allstate Corp/The,ALLSTATE,020002101,,IN_MEMBERSHIP
ALL,2025-09-30,Allstate Corp/The,ALLSTATE,020002101,,IN_MEMBERSHIP
ALL,2025-12-31,Allstate Corp/The,ALLSTATE,020002101,,IN_MEMBERSHIP
ALLE,2020-12-31,Allegion PLC,ALLEGION,IE00BFRT3W74,,PRE_WINDOW_SUPPORT
ALLE,2021-03-31,Allegion PLC,ALLEGION,IE00BFRT3W74,,IN_MEMBERSHIP
ALLE,2021-06-30,Allegion PLC,ALLEGION,IE00BFRT3W74,,IN_MEMBERSHIP
ALLE,2021-09-30,Allegion plc,ALLEGION,IE00BFRT3W74,,IN_MEMBERSHIP
ALLE,2021-12-31,Allegion plc,ALLEGION,IE00BFRT3W74,,IN_MEMBERSHIP
ALLE,2022-03-31,Allegion plc,ALLEGION,IE00BFRT3W74,,IN_MEMBERSHIP
ALLE,2022-06-30,Allegion plc,ALLEGION,IE00BFRT3W74,,IN_MEMBERSHIP
ALLE,2022-09-30,Allegion plc,ALLEGION,IE00BFRT3W74,,IN_MEMBERSHIP
ALLE,2022-12-31,Allegion plc,ALLEGION,IE00BFRT3W74,,IN_MEMBERSHIP
ALLE,2023-03-31,Allegion plc,ALLEGION,IE00BFRT3W74,,IN_MEMBERSHIP
ALLE,2023-06-30,Allegion plc,ALLEGION,IE00BFRT3W74,,IN_MEMBERSHIP
ALLE,2023-09-30,Allegion plc,ALLEGION,IE00BFRT3W74,,IN_MEMBERSHIP
ALLE,2023-12-31,Allegion plc,ALLEGION,IE00BFRT3W74,,IN_MEMBERSHIP
ALLE,2024-03-31,Allegion plc,ALLEGION,IE00BFRT3W74,,IN_MEMBERSHIP
ALLE,2024-06-30,Allegion plc,ALLEGION,IE00BFRT3W74,,IN_MEMBERSHIP
ALLE,2024-09-30,Allegion plc,ALLEGION,IE00BFRT3W74,,IN_MEMBERSHIP
ALLE,2024-12-31,Allegion plc,ALLEGION,IE00BFRT3W74,,IN_MEMBERSHIP
ALLE,2025-03-31,Allegion plc,ALLEGION,IE00BFRT3W74,,IN_MEMBERSHIP
ALLE,2025-06-30,Allegion plc,ALLEGION,IE00BFRT3W74,,IN_MEMBERSHIP
ALLE,2025-09-30,Allegion plc,ALLEGION,IE00BFRT3W74,,IN_MEMBERSHIP
ALLE,2025-12-31,Allegion plc,ALLEGION,IE00BFRT3W74,,IN_MEMBERSHIP
AMAT,2020-12-31,Applied Materials Inc,APPLIED MATERIALS,038222105,,PRE_WINDOW_SUPPORT
AMAT,2021-03-31,Applied Materials Inc,APPLIED MATERIALS,038222105,,IN_MEMBERSHIP
AMAT,2021-06-30,Applied Materials Inc,APPLIED MATERIALS,038222105,,IN_MEMBERSHIP
AMAT,2021-09-30,Applied Materials Inc,APPLIED MATERIALS,038222105,,IN_MEMBERSHIP
AMAT,2021-12-31,Applied Materials Inc,APPLIED MATERIALS,038222105,,IN_MEMBERSHIP
AMAT,2022-03-31,Applied Materials Inc,APPLIED MATERIALS,038222105,,IN_MEMBERSHIP
AMAT,2022-06-30,Applied Materials Inc,APPLIED MATERIALS,038222105,,IN_MEMBERSHIP
AMAT,2022-09-30,Applied Materials Inc,APPLIED MATERIALS,038222105,,IN_MEMBERSHIP
AMAT,2022-12-31,Applied Materials Inc,APPLIED MATERIALS,038222105,,IN_MEMBERSHIP
AMAT,2023-03-31,Applied Materials Inc,APPLIED MATERIALS,038222105,,IN_MEMBERSHIP
AMAT,2023-06-30,Applied Materials Inc,APPLIED MATERIALS,038222105,,IN_MEMBERSHIP
AMAT,2023-09-30,Applied Materials Inc,APPLIED MATERIALS,038222105,,IN_MEMBERSHIP
AMAT,2023-12-31,Applied Materials Inc,APPLIED MATERIALS,038222105,,IN_MEMBERSHIP
AMAT,2024-03-31,Applied Materials Inc,APPLIED MATERIALS,038222105,,IN_MEMBERSHIP
AMAT,2024-06-30,Applied Materials Inc,APPLIED MATERIALS,038222105,,IN_MEMBERSHIP
AMAT,2024-09-30,Applied Materials Inc,APPLIED MATERIALS,038222105,,IN_MEMBERSHIP
AMAT,2024-12-31,Applied Materials Inc,APPLIED MATERIALS,038222105,,IN_MEMBERSHIP
AMAT,2025-03-31,Applied Materials Inc,APPLIED MATERIALS,038222105,,IN_MEMBERSHIP
AMAT,2025-06-30,Applied Materials Inc,APPLIED MATERIALS,038222105,,IN_MEMBERSHIP
AMAT,2025-09-30,Applied Materials Inc,APPLIED MATERIALS,038222105,,IN_MEMBERSHIP
AMAT,2025-12-31,Applied Materials Inc,APPLIED MATERIALS,038222105,,IN_MEMBERSHIP
AMCR,2020-12-31,Amcor PLC,AMCOR,JE00BJ1F3079,,PRE_WINDOW_SUPPORT
AMCR,2021-03-31,Amcor PLC,AMCOR,JE00BJ1F3079,,IN_MEMBERSHIP
AMCR,2021-06-30,Amcor PLC,AMCOR,JE00BJ1F3079,,IN_MEMBERSHIP
AMCR,2021-09-30,Amcor PLC,AMCOR,JE00BJ1F3079,,IN_MEMBERSHIP
AMCR,2021-12-31,Amcor PLC,AMCOR,JE00BJ1F3079,,IN_MEMBERSHIP
AMCR,2022-03-31,Amcor PLC,AMCOR,JE00BJ1F3079,,IN_MEMBERSHIP
AMCR,2022-06-30,Amcor PLC,AMCOR,JE00BJ1F3079,,IN_MEMBERSHIP
AMCR,2022-09-30,Amcor PLC,AMCOR,JE00BJ1F3079,,IN_MEMBERSHIP
AMCR,2022-12-31,Amcor PLC,AMCOR,JE00BJ1F3079,,IN_MEMBERSHIP
AMCR,2023-03-31,Amcor PLC,AMCOR,JE00BJ1F3079,,IN_MEMBERSHIP
AMCR,2023-06-30,Amcor PLC,AMCOR,JE00BJ1F3079,,IN_MEMBERSHIP
AMCR,2023-09-30,Amcor PLC,AMCOR,JE00BJ1F3079,,IN_MEMBERSHIP
AMCR,2023-12-31,Amcor PLC,AMCOR,JE00BJ1F3079,,IN_MEMBERSHIP
AMCR,2024-03-31,Amcor PLC,AMCOR,JE00BJ1F3079,,IN_MEMBERSHIP
AMCR,2024-06-30,Amcor PLC,AMCOR,JE00BJ1F3079,,IN_MEMBERSHIP
AMCR,2024-09-30,Amcor PLC,AMCOR,JE00BJ1F3079,,IN_MEMBERSHIP
AMCR,2024-12-31,Amcor PLC,AMCOR,JE00BJ1F3079,,IN_MEMBERSHIP
AMCR,2025-03-31,Amcor PLC,AMCOR,JE00BJ1F3079,,IN_MEMBERSHIP
AMCR,2025-06-30,Amcor PLC,AMCOR,JE00BJ1F3079,,IN_MEMBERSHIP
AMCR,2025-09-30,Amcor PLC,AMCOR,JE00BJ1F3079,,IN_MEMBERSHIP
AMCR,2025-12-31,Amcor PLC,AMCOR,JE00BJ1F3079,,IN_MEMBERSHIP
AMD,2020-12-31,Advanced Micro Devices Inc,ADVANCED MICRO DEVICES,007903107,,PRE_WINDOW_SUPPORT
AMD,2021-03-31,Advanced Micro Devices Inc,ADVANCED MICRO DEVICES,007903107,,IN_MEMBERSHIP
AMD,2021-06-30,Advanced Micro Devices Inc,ADVANCED MICRO DEVICES,007903107,,IN_MEMBERSHIP
AMD,2021-09-30,Advanced Micro Devices Inc,ADVANCED MICRO DEVICES,007903107,,IN_MEMBERSHIP
AMD,2021-12-31,Advanced Micro Devices Inc,ADVANCED MICRO DEVICES,007903107,,IN_MEMBERSHIP
AMD,2022-03-31,Advanced Micro Devices Inc,ADVANCED MICRO DEVICES,007903107,,IN_MEMBERSHIP
AMD,2022-06-30,Advanced Micro Devices Inc,ADVANCED MICRO DEVICES,007903107,,IN_MEMBERSHIP
AMD,2022-09-30,Advanced Micro Devices Inc,ADVANCED MICRO DEVICES,007903107,,IN_MEMBERSHIP
AMD,2022-12-31,Advanced Micro Devices Inc,ADVANCED MICRO DEVICES,007903107,,IN_MEMBERSHIP
AMD,2023-03-31,Advanced Micro Devices Inc,ADVANCED MICRO DEVICES,007903107,,IN_MEMBERSHIP
AMD,2023-06-30,Advanced Micro Devices Inc,ADVANCED MICRO DEVICES,007903107,,IN_MEMBERSHIP
AMD,2023-09-30,Advanced Micro Devices Inc,ADVANCED MICRO DEVICES,007903107,,IN_MEMBERSHIP
AMD,2023-12-31,Advanced Micro Devices Inc,ADVANCED MICRO DEVICES,007903107,,IN_MEMBERSHIP
AMD,2024-03-31,Advanced Micro Devices Inc,ADVANCED MICRO DEVICES,007903107,,IN_MEMBERSHIP
AMD,2024-06-30,Advanced Micro Devices Inc,ADVANCED MICRO DEVICES,007903107,,IN_MEMBERSHIP
AMD,2024-09-30,Advanced Micro Devices Inc,ADVANCED MICRO DEVICES,007903107,,IN_MEMBERSHIP
AMD,2024-12-31,Advanced Micro Devices Inc,ADVANCED MICRO DEVICES,007903107,,IN_MEMBERSHIP
AMD,2025-03-31,Advanced Micro Devices Inc,ADVANCED MICRO DEVICES,007903107,,IN_MEMBERSHIP
AMD,2025-06-30,Advanced Micro Devices Inc,ADVANCED MICRO DEVICES,007903107,,IN_MEMBERSHIP
AMD,2025-09-30,Advanced Micro Devices Inc,ADVANCED MICRO DEVICES,007903107,,IN_MEMBERSHIP
AMD,2025-12-31,Advanced Micro Devices Inc,ADVANCED MICRO DEVICES,007903107,,IN_MEMBERSHIP
AME,2020-12-31,AMETEK Inc,AMETEK,031100100,,PRE_WINDOW_SUPPORT
AME,2021-03-31,AMETEK Inc,AMETEK,031100100,,IN_MEMBERSHIP
AME,2021-06-30,AMETEK Inc,AMETEK,031100100,,IN_MEMBERSHIP
AME,2021-09-30,AMETEK Inc,AMETEK,031100100,,IN_MEMBERSHIP
AME,2021-12-31,AMETEK Inc,AMETEK,031100100,,IN_MEMBERSHIP
AME,2022-03-31,AMETEK Inc,AMETEK,031100100,,IN_MEMBERSHIP
AME,2022-06-30,AMETEK Inc,AMETEK,031100100,,IN_MEMBERSHIP
AME,2022-09-30,AMETEK Inc,AMETEK,031100100,,IN_MEMBERSHIP
AME,2022-12-31,AMETEK Inc,AMETEK,031100100,,IN_MEMBERSHIP
AME,2023-03-31,AMETEK Inc,AMETEK,031100100,,IN_MEMBERSHIP
AME,2023-06-30,AMETEK Inc,AMETEK,031100100,,IN_MEMBERSHIP
AME,2023-09-30,AMETEK Inc,AMETEK,031100100,,IN_MEMBERSHIP
AME,2023-12-31,AMETEK Inc,AMETEK,031100100,,IN_MEMBERSHIP
AME,2024-03-31,AMETEK Inc,AMETEK,031100100,,IN_MEMBERSHIP
AME,2024-06-30,AMETEK Inc,AMETEK,031100100,,IN_MEMBERSHIP
AME,2024-09-30,AMETEK Inc,AMETEK,031100100,,IN_MEMBERSHIP
AME,2024-12-31,AMETEK Inc,AMETEK,031100100,,IN_MEMBERSHIP
AME,2025-03-31,AMETEK Inc,AMETEK,031100100,,IN_MEMBERSHIP
AME,2025-06-30,AMETEK Inc,AMETEK,031100100,,IN_MEMBERSHIP
AME,2025-09-30,AMETEK Inc,AMETEK,031100100,,IN_MEMBERSHIP
AME,2025-12-31,AMETEK Inc,AMETEK,031100100,,IN_MEMBERSHIP
AMGN,2020-12-31,Amgen Inc,AMGEN,031162100,,PRE_WINDOW_SUPPORT
AMGN,2021-03-31,Amgen Inc,AMGEN,031162100,,IN_MEMBERSHIP
AMGN,2021-06-30,Amgen Inc,AMGEN,031162100,,IN_MEMBERSHIP
AMGN,2021-09-30,Amgen Inc,AMGEN,031162100,,IN_MEMBERSHIP
AMGN,2021-12-31,Amgen Inc,AMGEN,031162100,,IN_MEMBERSHIP
AMGN,2022-03-31,Amgen Inc,AMGEN,031162100,,IN_MEMBERSHIP
AMGN,2022-06-30,Amgen Inc,AMGEN,031162100,,IN_MEMBERSHIP
AMGN,2022-09-30,Amgen Inc,AMGEN,031162100,,IN_MEMBERSHIP
AMGN,2022-12-31,Amgen Inc,AMGEN,031162100,,IN_MEMBERSHIP
AMGN,2023-03-31,Amgen Inc,AMGEN,031162100,,IN_MEMBERSHIP
AMGN,2023-06-30,Amgen Inc,AMGEN,031162100,,IN_MEMBERSHIP
AMGN,2023-09-30,Amgen Inc,AMGEN,031162100,,IN_MEMBERSHIP
AMGN,2023-12-31,Amgen Inc,AMGEN,031162100,,IN_MEMBERSHIP
AMGN,2024-03-31,Amgen Inc,AMGEN,031162100,,IN_MEMBERSHIP
AMGN,2024-06-30,Amgen Inc,AMGEN,031162100,,IN_MEMBERSHIP
AMGN,2024-09-30,Amgen Inc,AMGEN,031162100,,IN_MEMBERSHIP
AMGN,2024-12-31,Amgen Inc,AMGEN,031162100,,IN_MEMBERSHIP
AMGN,2025-03-31,Amgen Inc,AMGEN,031162100,,IN_MEMBERSHIP
AMGN,2025-06-30,Amgen Inc,AMGEN,031162100,,IN_MEMBERSHIP
AMGN,2025-09-30,Amgen Inc,AMGEN,031162100,,IN_MEMBERSHIP
AMGN,2025-12-31,Amgen Inc,AMGEN,031162100,,IN_MEMBERSHIP
AMP,2020-12-31,Ameriprise Financial Inc,AMERIPRISE FINANCIAL,03076C106,,PRE_WINDOW_SUPPORT
AMP,2021-03-31,Ameriprise Financial Inc,AMERIPRISE FINANCIAL,03076C106,,IN_MEMBERSHIP
AMP,2021-06-30,Ameriprise Financial Inc,AMERIPRISE FINANCIAL,03076C106,,IN_MEMBERSHIP
AMP,2021-09-30,Ameriprise Financial Inc,AMERIPRISE FINANCIAL,03076C106,,IN_MEMBERSHIP
AMP,2021-12-31,Ameriprise Financial Inc,AMERIPRISE FINANCIAL,03076C106,,IN_MEMBERSHIP
AMP,2022-03-31,Ameriprise Financial Inc,AMERIPRISE FINANCIAL,03076C106,,IN_MEMBERSHIP
AMP,2022-06-30,Ameriprise Financial Inc,AMERIPRISE FINANCIAL,03076C106,,IN_MEMBERSHIP
AMP,2022-09-30,Ameriprise Financial Inc,AMERIPRISE FINANCIAL,03076C106,,IN_MEMBERSHIP
AMP,2022-12-31,Ameriprise Financial Inc,AMERIPRISE FINANCIAL,03076C106,,IN_MEMBERSHIP
AMP,2023-03-31,Ameriprise Financial Inc,AMERIPRISE FINANCIAL,03076C106,,IN_MEMBERSHIP
AMP,2023-06-30,Ameriprise Financial Inc,AMERIPRISE FINANCIAL,03076C106,,IN_MEMBERSHIP
AMP,2023-09-30,Ameriprise Financial Inc,AMERIPRISE FINANCIAL,03076C106,,IN_MEMBERSHIP
AMP,2023-12-31,Ameriprise Financial Inc,AMERIPRISE FINANCIAL,03076C106,,IN_MEMBERSHIP
AMP,2024-03-31,Ameriprise Financial Inc,AMERIPRISE FINANCIAL,03076C106,,IN_MEMBERSHIP
AMP,2024-06-30,Ameriprise Financial Inc,AMERIPRISE FINANCIAL,03076C106,,IN_MEMBERSHIP
AMP,2024-09-30,Ameriprise Financial Inc,AMERIPRISE FINANCIAL,03076C106,,IN_MEMBERSHIP
AMP,2024-12-31,Ameriprise Financial Inc,AMERIPRISE FINANCIAL,03076C106,,IN_MEMBERSHIP
AMP,2025-03-31,Ameriprise Financial Inc,AMERIPRISE FINANCIAL,03076C106,,IN_MEMBERSHIP
AMP,2025-06-30,Ameriprise Financial Inc,AMERIPRISE FINANCIAL,03076C106,,IN_MEMBERSHIP
AMP,2025-09-30,Ameriprise Financial Inc,AMERIPRISE FINANCIAL,03076C106,,IN_MEMBERSHIP
AMP,2025-12-31,Ameriprise Financial Inc,AMERIPRISE FINANCIAL,03076C106,,IN_MEMBERSHIP
AMT,2020-12-31,American Tower Corp,AMERICAN TOWER,03027X100,,PRE_WINDOW_SUPPORT
AMT,2021-03-31,American Tower Corp,AMERICAN TOWER,03027X100,,IN_MEMBERSHIP
AMT,2021-06-30,American Tower Corp,AMERICAN TOWER,03027X100,,IN_MEMBERSHIP
AMT,2021-09-30,American Tower Corp,AMERICAN TOWER,03027X100,,IN_MEMBERSHIP
AMT,2021-12-31,American Tower Corp,AMERICAN TOWER,03027X100,,IN_MEMBERSHIP
AMT,2022-03-31,American Tower Corp,AMERICAN TOWER,03027X100,,IN_MEMBERSHIP
AMT,2022-06-30,American Tower Corp,AMERICAN TOWER,03027X100,,IN_MEMBERSHIP
AMT,2022-09-30,American Tower Corp,AMERICAN TOWER,03027X100,,IN_MEMBERSHIP
AMT,2022-12-31,American Tower Corp,AMERICAN TOWER,03027X100,,IN_MEMBERSHIP
AMT,2023-03-31,American Tower Corp,AMERICAN TOWER,03027X100,,IN_MEMBERSHIP
AMT,2023-06-30,American Tower Corp,AMERICAN TOWER,03027X100,,IN_MEMBERSHIP
AMT,2023-09-30,American Tower Corp,AMERICAN TOWER,03027X100,,IN_MEMBERSHIP
AMT,2023-12-31,American Tower Corp,AMERICAN TOWER,03027X100,,IN_MEMBERSHIP
AMT,2024-03-31,American Tower Corp,AMERICAN TOWER,03027X100,,IN_MEMBERSHIP
AMT,2024-06-30,American Tower Corp,AMERICAN TOWER,03027X100,,IN_MEMBERSHIP
AMT,2024-09-30,American Tower Corp,AMERICAN TOWER,03027X100,,IN_MEMBERSHIP
AMT,2024-12-31,American Tower Corp,AMERICAN TOWER,03027X100,,IN_MEMBERSHIP
AMT,2025-03-31,American Tower Corp,AMERICAN TOWER,03027X100,,IN_MEMBERSHIP
AMT,2025-06-30,American Tower Corp,AMERICAN TOWER,03027X100,,IN_MEMBERSHIP
AMT,2025-09-30,American Tower Corp,AMERICAN TOWER,03027X100,,IN_MEMBERSHIP
AMT,2025-12-31,American Tower Corp,AMERICAN TOWER,03027X100,,IN_MEMBERSHIP
AMZN,2020-12-31,Amazon.com Inc,AMAZON COM,023135106,,PRE_WINDOW_SUPPORT
AMZN,2021-03-31,Amazon.com Inc,AMAZON COM,023135106,,IN_MEMBERSHIP
AMZN,2021-06-30,Amazon.com Inc,AMAZON COM,023135106,,IN_MEMBERSHIP
AMZN,2021-09-30,Amazon.com Inc,AMAZON COM,023135106,,IN_MEMBERSHIP
AMZN,2021-12-31,Amazon.com Inc,AMAZON COM,023135106,,IN_MEMBERSHIP
AMZN,2022-03-31,Amazon.com Inc,AMAZON COM,023135106,,IN_MEMBERSHIP
AMZN,2022-06-30,Amazon.com Inc,AMAZON COM,023135106,,IN_MEMBERSHIP
AMZN,2022-09-30,Amazon.com Inc,AMAZON COM,023135106,,IN_MEMBERSHIP
AMZN,2022-12-31,Amazon.com Inc,AMAZON COM,023135106,,IN_MEMBERSHIP
AMZN,2023-03-31,Amazon.com Inc,AMAZON COM,023135106,,IN_MEMBERSHIP
AMZN,2023-06-30,Amazon.com Inc,AMAZON COM,023135106,,IN_MEMBERSHIP
AMZN,2023-09-30,Amazon.com Inc,AMAZON COM,023135106,,IN_MEMBERSHIP
AMZN,2023-12-31,Amazon.com Inc,AMAZON COM,023135106,,IN_MEMBERSHIP
AMZN,2024-03-31,Amazon.com Inc,AMAZON COM,023135106,,IN_MEMBERSHIP
AMZN,2024-06-30,Amazon.com Inc,AMAZON COM,023135106,,IN_MEMBERSHIP
AMZN,2024-09-30,Amazon.com Inc,AMAZON COM,023135106,,IN_MEMBERSHIP
AMZN,2024-12-31,Amazon.com Inc,AMAZON COM,023135106,,IN_MEMBERSHIP
AMZN,2025-03-31,Amazon.com Inc,AMAZON COM,023135106,,IN_MEMBERSHIP
AMZN,2025-06-30,Amazon.com Inc,AMAZON COM,023135106,,IN_MEMBERSHIP
AMZN,2025-09-30,Amazon.com Inc,AMAZON COM,023135106,,IN_MEMBERSHIP
AMZN,2025-12-31,Amazon.com Inc,AMAZON COM,023135106,,IN_MEMBERSHIP
ANET,2020-12-31,Arista Networks Inc,ARISTA NETWORKS,040413106,,PRE_WINDOW_SUPPORT
ANET,2021-03-31,Arista Networks Inc,ARISTA NETWORKS,040413106,,IN_MEMBERSHIP
ANET,2021-06-30,Arista Networks Inc,ARISTA NETWORKS,040413106,,IN_MEMBERSHIP
ANET,2021-09-30,Arista Networks Inc,ARISTA NETWORKS,040413106,,IN_MEMBERSHIP
ANET,2021-12-31,Arista Networks Inc,ARISTA NETWORKS,040413106,,IN_MEMBERSHIP
ANET,2022-03-31,Arista Networks Inc,ARISTA NETWORKS,040413106,,IN_MEMBERSHIP
ANET,2022-06-30,Arista Networks Inc,ARISTA NETWORKS,040413106,,IN_MEMBERSHIP
ANET,2022-09-30,Arista Networks Inc,ARISTA NETWORKS,040413106,,IN_MEMBERSHIP
ANET,2022-12-31,Arista Networks Inc,ARISTA NETWORKS,040413106,,IN_MEMBERSHIP
ANET,2023-03-31,Arista Networks Inc,ARISTA NETWORKS,040413106,,IN_MEMBERSHIP
ANET,2023-06-30,Arista Networks Inc,ARISTA NETWORKS,040413106,,IN_MEMBERSHIP
ANET,2023-09-30,Arista Networks Inc,ARISTA NETWORKS,040413106,,IN_MEMBERSHIP
ANET,2023-12-31,Arista Networks Inc,ARISTA NETWORKS,040413106,,IN_MEMBERSHIP
ANET,2024-03-31,Arista Networks Inc,ARISTA NETWORKS,040413106,,IN_MEMBERSHIP
ANET,2024-06-30,Arista Networks Inc,ARISTA NETWORKS,040413106,,IN_MEMBERSHIP
ANET,2024-09-30,Arista Networks Inc,ARISTA NETWORKS,040413106,,IN_MEMBERSHIP
ANET,2024-12-31,Arista Networks Inc,ARISTA NETWORKS,040413205,,IN_MEMBERSHIP
ANET,2025-03-31,Arista Networks Inc,ARISTA NETWORKS,040413205,,IN_MEMBERSHIP
ANET,2025-06-30,Arista Networks Inc,ARISTA NETWORKS,040413205,,IN_MEMBERSHIP
ANET,2025-09-30,Arista Networks Inc,ARISTA NETWORKS,040413205,,IN_MEMBERSHIP
ANET,2025-12-31,Arista Networks Inc,ARISTA NETWORKS,040413205,,IN_MEMBERSHIP
AON,2020-12-31,Aon PLC,AON,IE00BLP1HW54,,PRE_WINDOW_SUPPORT
AON,2021-03-31,Aon PLC,AON,IE00BLP1HW54,,IN_MEMBERSHIP
AON,2021-06-30,Aon PLC,AON,IE00BLP1HW54,,IN_MEMBERSHIP
AON,2021-09-30,Aon PLC,AON,IE00BLP1HW54,,IN_MEMBERSHIP
AON,2021-12-31,Aon PLC,AON,IE00BLP1HW54,,IN_MEMBERSHIP
AON,2022-03-31,Aon PLC,AON,IE00BLP1HW54,,IN_MEMBERSHIP
AON,2022-06-30,Aon PLC,AON,IE00BLP1HW54,,IN_MEMBERSHIP
AON,2022-09-30,Aon PLC,AON,IE00BLP1HW54,,IN_MEMBERSHIP
AON,2022-12-31,Aon PLC,AON,IE00BLP1HW54,,IN_MEMBERSHIP
AON,2023-03-31,Aon PLC,AON,IE00BLP1HW54,,IN_MEMBERSHIP
AON,2023-06-30,Aon PLC,AON,IE00BLP1HW54,,IN_MEMBERSHIP
AON,2023-09-30,Aon PLC,AON,IE00BLP1HW54,,IN_MEMBERSHIP
AON,2023-12-31,Aon PLC,AON,IE00BLP1HW54,,IN_MEMBERSHIP
AON,2024-03-31,Aon PLC,AON,IE00BLP1HW54,,IN_MEMBERSHIP
AON,2024-06-30,Aon PLC,AON,IE00BLP1HW54,,IN_MEMBERSHIP
AON,2024-09-30,Aon PLC,AON,IE00BLP1HW54,,IN_MEMBERSHIP
AON,2024-12-31,Aon PLC,AON,IE00BLP1HW54,,IN_MEMBERSHIP
AON,2025-03-31,Aon PLC,AON,IE00BLP1HW54,,IN_MEMBERSHIP
AON,2025-06-30,Aon PLC,AON,IE00BLP1HW54,,IN_MEMBERSHIP
AON,2025-09-30,Aon PLC,AON,IE00BLP1HW54,,IN_MEMBERSHIP
AON,2025-12-31,Aon PLC,AON,IE00BLP1HW54,,IN_MEMBERSHIP
AOS,2020-12-31,A O Smith Corp,A O SMITH,831865209,,PRE_WINDOW_SUPPORT
AOS,2021-03-31,A O Smith Corp,A O SMITH,831865209,,IN_MEMBERSHIP
AOS,2021-06-30,A O Smith Corp,A O SMITH,831865209,,IN_MEMBERSHIP
AOS,2021-09-30,A O Smith Corp,A O SMITH,831865209,,IN_MEMBERSHIP
AOS,2021-12-31,A O Smith Corp,A O SMITH,831865209,,IN_MEMBERSHIP
AOS,2022-03-31,A O Smith Corp,A O SMITH,831865209,,IN_MEMBERSHIP
AOS,2022-06-30,A O Smith Corp,A O SMITH,831865209,,IN_MEMBERSHIP
AOS,2022-09-30,A O Smith Corp,A O SMITH,831865209,,IN_MEMBERSHIP
AOS,2022-12-31,A O Smith Corp,A O SMITH,831865209,,IN_MEMBERSHIP
AOS,2023-03-31,A O Smith Corp,A O SMITH,831865209,,IN_MEMBERSHIP
AOS,2023-06-30,A O Smith Corp,A O SMITH,831865209,,IN_MEMBERSHIP
AOS,2023-09-30,A O Smith Corp,A O SMITH,831865209,,IN_MEMBERSHIP
AOS,2023-12-31,A O Smith Corp,A O SMITH,831865209,,IN_MEMBERSHIP
AOS,2024-03-31,A O Smith Corp,A O SMITH,831865209,,IN_MEMBERSHIP
AOS,2024-06-30,A O Smith Corp,A O SMITH,831865209,,IN_MEMBERSHIP
AOS,2024-09-30,A O Smith Corp,A O SMITH,831865209,,IN_MEMBERSHIP
AOS,2024-12-31,A O Smith Corp,A O SMITH,831865209,,IN_MEMBERSHIP
AOS,2025-03-31,A O Smith Corp,A O SMITH,831865209,,IN_MEMBERSHIP
AOS,2025-06-30,A O Smith Corp,A O SMITH,831865209,,IN_MEMBERSHIP
AOS,2025-09-30,A O Smith Corp,A O SMITH,831865209,,IN_MEMBERSHIP
AOS,2025-12-31,A O Smith Corp,A O SMITH,831865209,,IN_MEMBERSHIP
APA,2021-03-31,APA Corp,APA,03743Q108,,IN_MEMBERSHIP
APA,2021-06-30,APA Corp,APA,03743Q108,,IN_MEMBERSHIP
APA,2021-09-30,APA Corp,APA,03743Q108,,IN_MEMBERSHIP
APA,2021-12-31,APA Corp,APA,03743Q108,,IN_MEMBERSHIP
APA,2022-03-31,APA Corp,APA,03743Q108,,IN_MEMBERSHIP
APA,2022-06-30,APA Corp,APA,03743Q108,,IN_MEMBERSHIP
APA,2022-09-30,APA Corp,APA,03743Q108,,IN_MEMBERSHIP
APA,2022-12-31,APA Corp,APA,03743Q108,,IN_MEMBERSHIP
APA,2023-03-31,APA Corp,APA,03743Q108,,IN_MEMBERSHIP
APA,2023-06-30,APA Corp,APA,03743Q108,,IN_MEMBERSHIP
APA,2023-09-30,APA Corp,APA,03743Q108,,IN_MEMBERSHIP
APA,2023-12-31,APA Corp,APA,03743Q108,,IN_MEMBERSHIP
APA,2024-03-31,APA Corp,APA,03743Q108,,IN_MEMBERSHIP
APA,2024-06-30,APA Corp,APA,03743Q108,,IN_MEMBERSHIP
APA,2024-09-30,APA Corp,APA,03743Q108,,IN_MEMBERSHIP
APA,2024-12-31,APA Corp,APA,03743Q108,,IN_MEMBERSHIP
APA,2025-03-31,APA Corp,APA,03743Q108,,IN_MEMBERSHIP
APA,2025-06-30,APA Corp,APA,03743Q108,,IN_MEMBERSHIP
APA,2025-09-30,APA Corp,APA,03743Q108,,IN_MEMBERSHIP
APA,2025-12-31,APA Corp,APA,03743Q108,,IN_MEMBERSHIP
APD,2020-12-31,Air Products and Chemicals Inc,AIR PRODUCTS AND CHEMICALS,009158106,,PRE_WINDOW_SUPPORT
APD,2021-03-31,Air Products and Chemicals Inc,AIR PRODUCTS AND CHEMICALS,009158106,,IN_MEMBERSHIP
APD,2021-06-30,Air Products and Chemicals Inc,AIR PRODUCTS AND CHEMICALS,009158106,,IN_MEMBERSHIP
APD,2021-09-30,Air Products and Chemicals Inc,AIR PRODUCTS AND CHEMICALS,009158106,,IN_MEMBERSHIP
APD,2021-12-31,Air Products and Chemicals Inc,AIR PRODUCTS AND CHEMICALS,009158106,,IN_MEMBERSHIP
APD,2022-03-31,Air Products and Chemicals Inc,AIR PRODUCTS AND CHEMICALS,009158106,,IN_MEMBERSHIP
APD,2022-06-30,Air Products and Chemicals Inc,AIR PRODUCTS AND CHEMICALS,009158106,,IN_MEMBERSHIP
APD,2022-09-30,Air Products and Chemicals Inc,AIR PRODUCTS AND CHEMICALS,009158106,,IN_MEMBERSHIP
APD,2022-12-31,Air Products and Chemicals Inc,AIR PRODUCTS AND CHEMICALS,009158106,,IN_MEMBERSHIP
APD,2023-03-31,Air Products and Chemicals Inc,AIR PRODUCTS AND CHEMICALS,009158106,,IN_MEMBERSHIP
APD,2023-06-30,Air Products and Chemicals Inc,AIR PRODUCTS AND CHEMICALS,009158106,,IN_MEMBERSHIP
APD,2023-09-30,Air Products and Chemicals Inc,AIR PRODUCTS AND CHEMICALS,009158106,,IN_MEMBERSHIP
APD,2023-12-31,Air Products and Chemicals Inc,AIR PRODUCTS AND CHEMICALS,009158106,,IN_MEMBERSHIP
APD,2024-03-31,Air Products and Chemicals Inc,AIR PRODUCTS AND CHEMICALS,009158106,,IN_MEMBERSHIP
APD,2024-06-30,Air Products and Chemicals Inc,AIR PRODUCTS AND CHEMICALS,009158106,,IN_MEMBERSHIP
APD,2024-09-30,Air Products and Chemicals Inc,AIR PRODUCTS AND CHEMICALS,009158106,,IN_MEMBERSHIP
APD,2024-12-31,Air Products and Chemicals Inc,AIR PRODUCTS AND CHEMICALS,009158106,,IN_MEMBERSHIP
APD,2025-03-31,Air Products and Chemicals Inc,AIR PRODUCTS AND CHEMICALS,009158106,,IN_MEMBERSHIP
APD,2025-06-30,Air Products and Chemicals Inc,AIR PRODUCTS AND CHEMICALS,009158106,,IN_MEMBERSHIP
APD,2025-09-30,Air Products and Chemicals Inc,AIR PRODUCTS AND CHEMICALS,009158106,,IN_MEMBERSHIP
APD,2025-12-31,Air Products and Chemicals Inc,AIR PRODUCTS AND CHEMICALS,009158106,,IN_MEMBERSHIP
APH,2020-12-31,Amphenol Corp,AMPHENOL,032095101,,PRE_WINDOW_SUPPORT
APH,2021-03-31,Amphenol Corp,AMPHENOL,032095101,,IN_MEMBERSHIP
APH,2021-06-30,Amphenol Corp,AMPHENOL,032095101,,IN_MEMBERSHIP
APH,2021-09-30,Amphenol Corp,AMPHENOL,032095101,,IN_MEMBERSHIP
APH,2021-12-31,Amphenol Corp,AMPHENOL,032095101,,IN_MEMBERSHIP
APH,2022-03-31,Amphenol Corp,AMPHENOL,032095101,,IN_MEMBERSHIP
APH,2022-06-30,Amphenol Corp,AMPHENOL,032095101,,IN_MEMBERSHIP
APH,2022-09-30,Amphenol Corp,AMPHENOL,032095101,,IN_MEMBERSHIP
APH,2022-12-31,Amphenol Corp,AMPHENOL,032095101,,IN_MEMBERSHIP
APH,2023-03-31,Amphenol Corp,AMPHENOL,032095101,,IN_MEMBERSHIP
APH,2023-06-30,Amphenol Corp,AMPHENOL,032095101,,IN_MEMBERSHIP
APH,2023-09-30,Amphenol Corp,AMPHENOL,032095101,,IN_MEMBERSHIP
APH,2023-12-31,Amphenol Corp,AMPHENOL,032095101,,IN_MEMBERSHIP
APH,2024-03-31,Amphenol Corp,AMPHENOL,032095101,,IN_MEMBERSHIP
APH,2024-06-30,Amphenol Corp,AMPHENOL,032095101,,IN_MEMBERSHIP
APH,2024-09-30,Amphenol Corp,AMPHENOL,032095101,,IN_MEMBERSHIP
APH,2024-12-31,Amphenol Corp,AMPHENOL,032095101,,IN_MEMBERSHIP
APH,2025-03-31,Amphenol Corp,AMPHENOL,032095101,,IN_MEMBERSHIP
APH,2025-06-30,Amphenol Corp,AMPHENOL,032095101,,IN_MEMBERSHIP
APH,2025-09-30,Amphenol Corp,AMPHENOL,032095101,,IN_MEMBERSHIP
APH,2025-12-31,Amphenol Corp,AMPHENOL,032095101,,IN_MEMBERSHIP
APO,2024-12-31,Apollo Global Management Inc,APOLLO GLOBAL MANAGEMENT,03769M106,,IN_MEMBERSHIP
APO,2025-03-31,Apollo Global Management Inc,APOLLO GLOBAL MANAGEMENT,03769M106,,IN_MEMBERSHIP
APO,2025-06-30,Apollo Global Management Inc,APOLLO GLOBAL MANAGEMENT,03769M106,,IN_MEMBERSHIP
APO,2025-09-30,Apollo Global Management Inc,APOLLO GLOBAL MANAGEMENT,03769M106,,IN_MEMBERSHIP
APO,2025-12-31,Apollo Global Management Inc,APOLLO GLOBAL MANAGEMENT,03769M106,,IN_MEMBERSHIP
APP,2025-09-30,AppLovin Corp,APPLOVIN,03831W108,,IN_MEMBERSHIP
APP,2025-12-31,AppLovin Corp,APPLOVIN,03831W108,,IN_MEMBERSHIP
APTV,2020-12-31,Aptiv PLC,APTIV,JE00B783TY65,,PRE_WINDOW_SUPPORT
APTV,2021-03-31,Aptiv PLC,APTIV,JE00B783TY65,,IN_MEMBERSHIP
APTV,2021-06-30,Aptiv PLC,APTIV,JE00B783TY65,,IN_MEMBERSHIP
APTV,2021-09-30,Aptiv PLC,APTIV,JE00B783TY65,,IN_MEMBERSHIP
APTV,2021-12-31,Aptiv PLC,APTIV,JE00B783TY65,,IN_MEMBERSHIP
APTV,2022-03-31,Aptiv PLC,APTIV,JE00B783TY65,,IN_MEMBERSHIP
APTV,2022-06-30,Aptiv PLC,APTIV,JE00B783TY65,,IN_MEMBERSHIP
APTV,2022-09-30,Aptiv PLC,APTIV,JE00B783TY65,,IN_MEMBERSHIP
APTV,2022-12-31,Aptiv PLC,APTIV,JE00B783TY65,,IN_MEMBERSHIP
APTV,2023-03-31,Aptiv PLC,APTIV,JE00B783TY65,,IN_MEMBERSHIP
APTV,2023-06-30,Aptiv PLC,APTIV,JE00B783TY65,,IN_MEMBERSHIP
APTV,2023-09-30,Aptiv PLC,APTIV,JE00B783TY65,,IN_MEMBERSHIP
APTV,2023-12-31,Aptiv PLC,APTIV,JE00B783TY65,,IN_MEMBERSHIP
APTV,2024-03-31,Aptiv PLC,APTIV,JE00B783TY65,,IN_MEMBERSHIP
APTV,2024-06-30,Aptiv PLC,APTIV,JE00B783TY65,,IN_MEMBERSHIP
APTV,2024-09-30,Aptiv PLC,APTIV,JE00B783TY65,,IN_MEMBERSHIP
APTV,2024-12-31,Aptiv PLC,APTIV,JE00BTDN8H13,,IN_MEMBERSHIP
APTV,2025-03-31,Aptiv PLC,APTIV,JE00BTDN8H13,,IN_MEMBERSHIP
APTV,2025-06-30,Aptiv PLC,APTIV,JE00BTDN8H13,,IN_MEMBERSHIP
APTV,2025-09-30,Aptiv PLC,APTIV,JE00BTDN8H13,,IN_MEMBERSHIP
APTV,2025-12-31,Aptiv PLC,APTIV,JE00BTDN8H13,,IN_MEMBERSHIP
ARE,2020-12-31,Alexandria Real Estate Equities Inc,ALEXANDRIA REAL ESTATE EQUITIES,015271109,,PRE_WINDOW_SUPPORT
ARE,2021-03-31,Alexandria Real Estate Equities Inc,ALEXANDRIA REAL ESTATE EQUITIES,015271109,,IN_MEMBERSHIP
ARE,2021-06-30,Alexandria Real Estate Equities Inc,ALEXANDRIA REAL ESTATE EQUITIES,015271109,,IN_MEMBERSHIP
ARE,2021-09-30,Alexandria Real Estate Equities Inc,ALEXANDRIA REAL ESTATE EQUITIES,015271109,,IN_MEMBERSHIP
ARE,2021-12-31,Alexandria Real Estate Equities Inc,ALEXANDRIA REAL ESTATE EQUITIES,015271109,,IN_MEMBERSHIP
ARE,2022-03-31,Alexandria Real Estate Equities Inc,ALEXANDRIA REAL ESTATE EQUITIES,015271109,,IN_MEMBERSHIP
ARE,2022-06-30,Alexandria Real Estate Equities Inc,ALEXANDRIA REAL ESTATE EQUITIES,015271109,,IN_MEMBERSHIP
ARE,2022-09-30,Alexandria Real Estate Equities Inc,ALEXANDRIA REAL ESTATE EQUITIES,015271109,,IN_MEMBERSHIP
ARE,2022-12-31,Alexandria Real Estate Equities Inc,ALEXANDRIA REAL ESTATE EQUITIES,015271109,,IN_MEMBERSHIP
ARE,2023-03-31,Alexandria Real Estate Equities Inc,ALEXANDRIA REAL ESTATE EQUITIES,015271109,,IN_MEMBERSHIP
ARE,2023-06-30,Alexandria Real Estate Equities Inc,ALEXANDRIA REAL ESTATE EQUITIES,015271109,,IN_MEMBERSHIP
ARE,2023-09-30,Alexandria Real Estate Equities Inc,ALEXANDRIA REAL ESTATE EQUITIES,015271109,,IN_MEMBERSHIP
ARE,2023-12-31,Alexandria Real Estate Equities Inc,ALEXANDRIA REAL ESTATE EQUITIES,015271109,,IN_MEMBERSHIP
ARE,2024-03-31,Alexandria Real Estate Equities Inc,ALEXANDRIA REAL ESTATE EQUITIES,015271109,,IN_MEMBERSHIP
ARE,2024-06-30,Alexandria Real Estate Equities Inc,ALEXANDRIA REAL ESTATE EQUITIES,015271109,,IN_MEMBERSHIP
ARE,2024-09-30,Alexandria Real Estate Equities Inc,ALEXANDRIA REAL ESTATE EQUITIES,015271109,,IN_MEMBERSHIP
ARE,2024-12-31,Alexandria Real Estate Equities Inc,ALEXANDRIA REAL ESTATE EQUITIES,015271109,,IN_MEMBERSHIP
ARE,2025-03-31,Alexandria Real Estate Equities Inc,ALEXANDRIA REAL ESTATE EQUITIES,015271109,,IN_MEMBERSHIP
ARE,2025-06-30,Alexandria Real Estate Equities Inc,ALEXANDRIA REAL ESTATE EQUITIES,015271109,,IN_MEMBERSHIP
ARE,2025-09-30,Alexandria Real Estate Equities Inc,ALEXANDRIA REAL ESTATE EQUITIES,015271109,,IN_MEMBERSHIP
ARE,2025-12-31,Alexandria Real Estate Equities Inc,ALEXANDRIA REAL ESTATE EQUITIES,015271109,,IN_MEMBERSHIP
ARES,2025-12-31,Ares Management Corp,ARES MANAGEMENT,03990B101,,IN_MEMBERSHIP
ATO,2020-12-31,Atmos Energy Corp,ATMOS ENERGY,049560105,,PRE_WINDOW_SUPPORT
ATO,2021-03-31,Atmos Energy Corp,ATMOS ENERGY,049560105,,IN_MEMBERSHIP
ATO,2021-06-30,Atmos Energy Corp,ATMOS ENERGY,049560105,,IN_MEMBERSHIP
ATO,2021-09-30,Atmos Energy Corp,ATMOS ENERGY,049560105,,IN_MEMBERSHIP
ATO,2021-12-31,Atmos Energy Corp,ATMOS ENERGY,049560105,,IN_MEMBERSHIP
ATO,2022-03-31,Atmos Energy Corp,ATMOS ENERGY,049560105,,IN_MEMBERSHIP
ATO,2022-06-30,Atmos Energy Corp,ATMOS ENERGY,049560105,,IN_MEMBERSHIP
ATO,2022-09-30,Atmos Energy Corp,ATMOS ENERGY,049560105,,IN_MEMBERSHIP
ATO,2022-12-31,Atmos Energy Corp,ATMOS ENERGY,049560105,,IN_MEMBERSHIP
ATO,2023-03-31,Atmos Energy Corp,ATMOS ENERGY,049560105,,IN_MEMBERSHIP
ATO,2023-06-30,Atmos Energy Corp,ATMOS ENERGY,049560105,,IN_MEMBERSHIP
ATO,2023-09-30,Atmos Energy Corp,ATMOS ENERGY,049560105,,IN_MEMBERSHIP
ATO,2023-12-31,Atmos Energy Corp,ATMOS ENERGY,049560105,,IN_MEMBERSHIP
ATO,2024-03-31,Atmos Energy Corp,ATMOS ENERGY,049560105,,IN_MEMBERSHIP
ATO,2024-06-30,Atmos Energy Corp,ATMOS ENERGY,049560105,,IN_MEMBERSHIP
ATO,2024-09-30,Atmos Energy Corp,ATMOS ENERGY,049560105,,IN_MEMBERSHIP
ATO,2024-12-31,Atmos Energy Corp,ATMOS ENERGY,049560105,,IN_MEMBERSHIP
ATO,2025-03-31,Atmos Energy Corp,ATMOS ENERGY,049560105,,IN_MEMBERSHIP
ATO,2025-06-30,Atmos Energy Corp,ATMOS ENERGY,049560105,,IN_MEMBERSHIP
ATO,2025-09-30,Atmos Energy Corp,ATMOS ENERGY,049560105,,IN_MEMBERSHIP
ATO,2025-12-31,Atmos Energy Corp,ATMOS ENERGY,049560105,,IN_MEMBERSHIP
AVB,2020-12-31,AvalonBay Communities Inc,AVALONBAY COMMUNITIES,053484101,,PRE_WINDOW_SUPPORT
AVB,2021-03-31,AvalonBay Communities Inc,AVALONBAY COMMUNITIES,053484101,,IN_MEMBERSHIP
AVB,2021-06-30,AvalonBay Communities Inc,AVALONBAY COMMUNITIES,053484101,,IN_MEMBERSHIP
AVB,2021-09-30,AvalonBay Communities Inc,AVALONBAY COMMUNITIES,053484101,,IN_MEMBERSHIP
AVB,2021-12-31,AvalonBay Communities Inc,AVALONBAY COMMUNITIES,053484101,,IN_MEMBERSHIP
AVB,2022-03-31,AvalonBay Communities Inc,AVALONBAY COMMUNITIES,053484101,,IN_MEMBERSHIP
AVB,2022-06-30,AvalonBay Communities Inc,AVALONBAY COMMUNITIES,053484101,,IN_MEMBERSHIP
AVB,2022-09-30,AvalonBay Communities Inc,AVALONBAY COMMUNITIES,053484101,,IN_MEMBERSHIP
AVB,2022-12-31,AvalonBay Communities Inc,AVALONBAY COMMUNITIES,053484101,,IN_MEMBERSHIP
AVB,2023-03-31,AvalonBay Communities Inc,AVALONBAY COMMUNITIES,053484101,,IN_MEMBERSHIP
AVB,2023-06-30,AvalonBay Communities Inc,AVALONBAY COMMUNITIES,053484101,,IN_MEMBERSHIP
AVB,2023-09-30,AvalonBay Communities Inc,AVALONBAY COMMUNITIES,053484101,,IN_MEMBERSHIP
AVB,2023-12-31,AvalonBay Communities Inc,AVALONBAY COMMUNITIES,053484101,,IN_MEMBERSHIP
AVB,2024-03-31,AvalonBay Communities Inc,AVALONBAY COMMUNITIES,053484101,,IN_MEMBERSHIP
AVB,2024-06-30,AvalonBay Communities Inc,AVALONBAY COMMUNITIES,053484101,,IN_MEMBERSHIP
AVB,2024-09-30,AvalonBay Communities Inc,AVALONBAY COMMUNITIES,053484101,,IN_MEMBERSHIP
AVB,2024-12-31,AvalonBay Communities Inc,AVALONBAY COMMUNITIES,053484101,,IN_MEMBERSHIP
AVB,2025-03-31,AvalonBay Communities Inc,AVALONBAY COMMUNITIES,053484101,,IN_MEMBERSHIP
AVB,2025-06-30,AvalonBay Communities Inc,AVALONBAY COMMUNITIES,053484101,,IN_MEMBERSHIP
AVB,2025-09-30,AvalonBay Communities Inc,AVALONBAY COMMUNITIES,053484101,,IN_MEMBERSHIP
AVB,2025-12-31,AvalonBay Communities Inc,AVALONBAY COMMUNITIES,053484101,,IN_MEMBERSHIP
AVGO,2020-12-31,Broadcom Inc,BROADCOM,11135F101,,PRE_WINDOW_SUPPORT
AVGO,2021-03-31,Broadcom Inc,BROADCOM,11135F101,,IN_MEMBERSHIP
AVGO,2021-06-30,Broadcom Inc,BROADCOM,11135F101,,IN_MEMBERSHIP
AVGO,2021-09-30,Broadcom Inc,BROADCOM,11135F101,,IN_MEMBERSHIP
AVGO,2021-12-31,Broadcom Inc,BROADCOM,11135F101,,IN_MEMBERSHIP
AVGO,2022-03-31,Broadcom Inc,BROADCOM,11135F101,,IN_MEMBERSHIP
AVGO,2022-06-30,Broadcom Inc,BROADCOM,11135F101,,IN_MEMBERSHIP
AVGO,2022-09-30,Broadcom Inc,BROADCOM,11135F101,,IN_MEMBERSHIP
AVGO,2022-12-31,Broadcom Inc,BROADCOM,11135F101,,IN_MEMBERSHIP
AVGO,2023-03-31,Broadcom Inc,BROADCOM,11135F101,,IN_MEMBERSHIP
AVGO,2023-06-30,Broadcom Inc,BROADCOM,11135F101,,IN_MEMBERSHIP
AVGO,2023-09-30,Broadcom Inc,BROADCOM,11135F101,,IN_MEMBERSHIP
AVGO,2023-12-31,Broadcom Inc,BROADCOM,11135F101,,IN_MEMBERSHIP
AVGO,2024-03-31,Broadcom Inc,BROADCOM,11135F101,,IN_MEMBERSHIP
AVGO,2024-06-30,Broadcom Inc,BROADCOM,11135F101,,IN_MEMBERSHIP
AVGO,2024-09-30,Broadcom Inc,BROADCOM,11135F101,,IN_MEMBERSHIP
AVGO,2024-12-31,Broadcom Inc,BROADCOM,11135F101,,IN_MEMBERSHIP
AVGO,2025-03-31,Broadcom Inc,BROADCOM,11135F101,,IN_MEMBERSHIP
AVGO,2025-06-30,Broadcom Inc,BROADCOM,11135F101,,IN_MEMBERSHIP
AVGO,2025-09-30,Broadcom Inc,BROADCOM,11135F101,,IN_MEMBERSHIP
AVGO,2025-12-31,Broadcom Inc,BROADCOM,11135F101,,IN_MEMBERSHIP
AVY,2020-12-31,Avery Dennison Corp,AVERY DENNISON,053611109,,PRE_WINDOW_SUPPORT
AVY,2021-03-31,Avery Dennison Corp,AVERY DENNISON,053611109,,IN_MEMBERSHIP
AVY,2021-06-30,Avery Dennison Corp,AVERY DENNISON,053611109,,IN_MEMBERSHIP
AVY,2021-09-30,Avery Dennison Corp,AVERY DENNISON,053611109,,IN_MEMBERSHIP
AVY,2021-12-31,Avery Dennison Corp,AVERY DENNISON,053611109,,IN_MEMBERSHIP
AVY,2022-03-31,Avery Dennison Corp,AVERY DENNISON,053611109,,IN_MEMBERSHIP
AVY,2022-06-30,Avery Dennison Corp,AVERY DENNISON,053611109,,IN_MEMBERSHIP
AVY,2022-09-30,Avery Dennison Corp,AVERY DENNISON,053611109,,IN_MEMBERSHIP
AVY,2022-12-31,Avery Dennison Corp,AVERY DENNISON,053611109,,IN_MEMBERSHIP
AVY,2023-03-31,Avery Dennison Corp,AVERY DENNISON,053611109,,IN_MEMBERSHIP
AVY,2023-06-30,Avery Dennison Corp,AVERY DENNISON,053611109,,IN_MEMBERSHIP
AVY,2023-09-30,Avery Dennison Corp,AVERY DENNISON,053611109,,IN_MEMBERSHIP
AVY,2023-12-31,Avery Dennison Corp,AVERY DENNISON,053611109,,IN_MEMBERSHIP
AVY,2024-03-31,Avery Dennison Corp,AVERY DENNISON,053611109,,IN_MEMBERSHIP
AVY,2024-06-30,Avery Dennison Corp,AVERY DENNISON,053611109,,IN_MEMBERSHIP
AVY,2024-09-30,Avery Dennison Corp,AVERY DENNISON,053611109,,IN_MEMBERSHIP
AVY,2024-12-31,Avery Dennison Corp,AVERY DENNISON,053611109,,IN_MEMBERSHIP
AVY,2025-03-31,Avery Dennison Corp,AVERY DENNISON,053611109,,IN_MEMBERSHIP
AVY,2025-06-30,Avery Dennison Corp,AVERY DENNISON,053611109,,IN_MEMBERSHIP
AVY,2025-09-30,Avery Dennison Corp,AVERY DENNISON,053611109,,IN_MEMBERSHIP
AVY,2025-12-31,Avery Dennison Corp,AVERY DENNISON,053611109,,IN_MEMBERSHIP
AWK,2020-12-31,American Water Works Co Inc,AMERICAN WATER WORKS,030420103,,PRE_WINDOW_SUPPORT
AWK,2021-03-31,American Water Works Co Inc,AMERICAN WATER WORKS,030420103,,IN_MEMBERSHIP
AWK,2021-06-30,American Water Works Co Inc,AMERICAN WATER WORKS,030420103,,IN_MEMBERSHIP
AWK,2021-09-30,American Water Works Co Inc,AMERICAN WATER WORKS,030420103,,IN_MEMBERSHIP
AWK,2021-12-31,American Water Works Co Inc,AMERICAN WATER WORKS,030420103,,IN_MEMBERSHIP
AWK,2022-03-31,American Water Works Co Inc,AMERICAN WATER WORKS,030420103,,IN_MEMBERSHIP
AWK,2022-06-30,American Water Works Co Inc,AMERICAN WATER WORKS,030420103,,IN_MEMBERSHIP
AWK,2022-09-30,American Water Works Co Inc,AMERICAN WATER WORKS,030420103,,IN_MEMBERSHIP
AWK,2022-12-31,American Water Works Co Inc,AMERICAN WATER WORKS,030420103,,IN_MEMBERSHIP
AWK,2023-03-31,American Water Works Co Inc,AMERICAN WATER WORKS,030420103,,IN_MEMBERSHIP
AWK,2023-06-30,American Water Works Co Inc,AMERICAN WATER WORKS,030420103,,IN_MEMBERSHIP
AWK,2023-09-30,American Water Works Co Inc,AMERICAN WATER WORKS,030420103,,IN_MEMBERSHIP
AWK,2023-12-31,American Water Works Co Inc,AMERICAN WATER WORKS,030420103,,IN_MEMBERSHIP
AWK,2024-03-31,American Water Works Co Inc,AMERICAN WATER WORKS,030420103,,IN_MEMBERSHIP
AWK,2024-06-30,American Water Works Co Inc,AMERICAN WATER WORKS,030420103,,IN_MEMBERSHIP
AWK,2024-09-30,American Water Works Co Inc,AMERICAN WATER WORKS,030420103,,IN_MEMBERSHIP
AWK,2024-12-31,American Water Works Co Inc,AMERICAN WATER WORKS,030420103,,IN_MEMBERSHIP
AWK,2025-03-31,American Water Works Co Inc,AMERICAN WATER WORKS,030420103,,IN_MEMBERSHIP
AWK,2025-06-30,American Water Works Co Inc,AMERICAN WATER WORKS,030420103,,IN_MEMBERSHIP
AWK,2025-09-30,American Water Works Co Inc,AMERICAN WATER WORKS,030420103,,IN_MEMBERSHIP
AWK,2025-12-31,American Water Works Co Inc,AMERICAN WATER WORKS,030420103,,IN_MEMBERSHIP
AXON,2023-06-30,Axon Enterprise Inc,AXON ENTERPRISE,05464C101,,IN_MEMBERSHIP
AXON,2023-09-30,Axon Enterprise Inc,AXON ENTERPRISE,05464C101,,IN_MEMBERSHIP
AXON,2023-12-31,Axon Enterprise Inc,AXON ENTERPRISE,05464C101,,IN_MEMBERSHIP
AXON,2024-03-31,Axon Enterprise Inc,AXON ENTERPRISE,05464C101,,IN_MEMBERSHIP
AXON,2024-06-30,Axon Enterprise Inc,AXON ENTERPRISE,05464C101,,IN_MEMBERSHIP
AXON,2024-09-30,Axon Enterprise Inc,AXON ENTERPRISE,05464C101,,IN_MEMBERSHIP
AXON,2024-12-31,Axon Enterprise Inc,AXON ENTERPRISE,05464C101,,IN_MEMBERSHIP
AXON,2025-03-31,Axon Enterprise Inc,AXON ENTERPRISE,05464C101,,IN_MEMBERSHIP
AXON,2025-06-30,Axon Enterprise Inc,AXON ENTERPRISE,05464C101,,IN_MEMBERSHIP
AXON,2025-09-30,Axon Enterprise Inc,AXON ENTERPRISE,05464C101,,IN_MEMBERSHIP
AXON,2025-12-31,Axon Enterprise Inc,AXON ENTERPRISE,05464C101,,IN_MEMBERSHIP
AXP,2020-12-31,American Express Co,AMERICAN EXPRESS,025816109,,PRE_WINDOW_SUPPORT
AXP,2021-03-31,American Express Co,AMERICAN EXPRESS,025816109,,IN_MEMBERSHIP
AXP,2021-06-30,American Express Co,AMERICAN EXPRESS,025816109,,IN_MEMBERSHIP
AXP,2021-09-30,American Express Co,AMERICAN EXPRESS,025816109,,IN_MEMBERSHIP
AXP,2021-12-31,American Express Co,AMERICAN EXPRESS,025816109,,IN_MEMBERSHIP
AXP,2022-03-31,American Express Co,AMERICAN EXPRESS,025816109,,IN_MEMBERSHIP
AXP,2022-06-30,American Express Co,AMERICAN EXPRESS,025816109,,IN_MEMBERSHIP
AXP,2022-09-30,American Express Co,AMERICAN EXPRESS,025816109,,IN_MEMBERSHIP
AXP,2022-12-31,American Express Co,AMERICAN EXPRESS,025816109,,IN_MEMBERSHIP
AXP,2023-03-31,American Express Co,AMERICAN EXPRESS,025816109,,IN_MEMBERSHIP
AXP,2023-06-30,American Express Co,AMERICAN EXPRESS,025816109,,IN_MEMBERSHIP
AXP,2023-09-30,American Express Co,AMERICAN EXPRESS,025816109,,IN_MEMBERSHIP
AXP,2023-12-31,American Express Co,AMERICAN EXPRESS,025816109,,IN_MEMBERSHIP
AXP,2024-03-31,American Express Co,AMERICAN EXPRESS,025816109,,IN_MEMBERSHIP
AXP,2024-06-30,American Express Co,AMERICAN EXPRESS,025816109,,IN_MEMBERSHIP
AXP,2024-09-30,American Express Co,AMERICAN EXPRESS,025816109,,IN_MEMBERSHIP
AXP,2024-12-31,American Express Co,AMERICAN EXPRESS,025816109,,IN_MEMBERSHIP
AXP,2025-03-31,American Express Co,AMERICAN EXPRESS,025816109,,IN_MEMBERSHIP
AXP,2025-06-30,American Express Co,AMERICAN EXPRESS,025816109,,IN_MEMBERSHIP
AXP,2025-09-30,American Express Co,AMERICAN EXPRESS,025816109,,IN_MEMBERSHIP
AXP,2025-12-31,American Express Co,AMERICAN EXPRESS,025816109,,IN_MEMBERSHIP
AZO,2020-12-31,AutoZone Inc,AUTOZONE,053332102,,PRE_WINDOW_SUPPORT
AZO,2021-03-31,AutoZone Inc,AUTOZONE,053332102,,IN_MEMBERSHIP
AZO,2021-06-30,AutoZone Inc,AUTOZONE,053332102,,IN_MEMBERSHIP
AZO,2021-09-30,AutoZone Inc,AUTOZONE,053332102,,IN_MEMBERSHIP
AZO,2021-12-31,AutoZone Inc,AUTOZONE,053332102,,IN_MEMBERSHIP
AZO,2022-03-31,AutoZone Inc,AUTOZONE,053332102,,IN_MEMBERSHIP
AZO,2022-06-30,AutoZone Inc,AUTOZONE,053332102,,IN_MEMBERSHIP
AZO,2022-09-30,AutoZone Inc,AUTOZONE,053332102,,IN_MEMBERSHIP
AZO,2022-12-31,AutoZone Inc,AUTOZONE,053332102,,IN_MEMBERSHIP
AZO,2023-03-31,AutoZone Inc,AUTOZONE,053332102,,IN_MEMBERSHIP
AZO,2023-06-30,AutoZone Inc,AUTOZONE,053332102,,IN_MEMBERSHIP
AZO,2023-09-30,AutoZone Inc,AUTOZONE,053332102,,IN_MEMBERSHIP
AZO,2023-12-31,AutoZone Inc,AUTOZONE,053332102,,IN_MEMBERSHIP
AZO,2024-03-31,AutoZone Inc,AUTOZONE,053332102,,IN_MEMBERSHIP
AZO,2024-06-30,AutoZone Inc,AUTOZONE,053332102,,IN_MEMBERSHIP
AZO,2024-09-30,AutoZone Inc,AUTOZONE,053332102,,IN_MEMBERSHIP
AZO,2024-12-31,AutoZone Inc,AUTOZONE,053332102,,IN_MEMBERSHIP
AZO,2025-03-31,AutoZone Inc,AUTOZONE,053332102,,IN_MEMBERSHIP
AZO,2025-06-30,AutoZone Inc,AUTOZONE,053332102,,IN_MEMBERSHIP
AZO,2025-09-30,AutoZone Inc,AUTOZONE,053332102,,IN_MEMBERSHIP
AZO,2025-12-31,AutoZone Inc,AUTOZONE,053332102,,IN_MEMBERSHIP
BA,2020-12-31,Boeing Co/The,BOEING,097023105,,PRE_WINDOW_SUPPORT
BA,2021-03-31,Boeing Co/The,BOEING,097023105,,IN_MEMBERSHIP
BA,2021-06-30,Boeing Co/The,BOEING,097023105,,IN_MEMBERSHIP
BA,2021-09-30,Boeing Co/The,BOEING,097023105,,IN_MEMBERSHIP
BA,2021-12-31,Boeing Co/The,BOEING,097023105,,IN_MEMBERSHIP
BA,2022-03-31,Boeing Co/The,BOEING,097023105,,IN_MEMBERSHIP
BA,2022-06-30,Boeing Co/The,BOEING,097023105,,IN_MEMBERSHIP
BA,2022-09-30,Boeing Co/The,BOEING,097023105,,IN_MEMBERSHIP
BA,2022-12-31,Boeing Co/The,BOEING,097023105,,IN_MEMBERSHIP
BA,2023-03-31,Boeing Co/The,BOEING,097023105,,IN_MEMBERSHIP
BA,2023-06-30,Boeing Co/The,BOEING,097023105,,IN_MEMBERSHIP
BA,2023-09-30,Boeing Co/The,BOEING,097023105,,IN_MEMBERSHIP
BA,2023-12-31,Boeing Co/The,BOEING,097023105,,IN_MEMBERSHIP
BA,2024-03-31,Boeing Co/The,BOEING,097023105,,IN_MEMBERSHIP
BA,2024-06-30,Boeing Co/The,BOEING,097023105,,IN_MEMBERSHIP
BA,2024-09-30,Boeing Co/The,BOEING,097023105,,IN_MEMBERSHIP
BA,2024-12-31,Boeing Co/The,BOEING,097023105,,IN_MEMBERSHIP
BA,2025-03-31,Boeing Co/The,BOEING,097023105,,IN_MEMBERSHIP
BA,2025-06-30,Boeing Co/The,BOEING,097023105,,IN_MEMBERSHIP
BA,2025-09-30,Boeing Co/The,BOEING,097023105,,IN_MEMBERSHIP
BA,2025-12-31,Boeing Co/The,BOEING,097023105,,IN_MEMBERSHIP
BAC,2020-12-31,Bank of America Corp,BANK OF AMERICA,060505104,,PRE_WINDOW_SUPPORT
BAC,2021-03-31,Bank of America Corp,BANK OF AMERICA,060505104,,IN_MEMBERSHIP
BAC,2021-06-30,Bank of America Corp,BANK OF AMERICA,060505104,,IN_MEMBERSHIP
BAC,2021-09-30,Bank of America Corp,BANK OF AMERICA,060505104,,IN_MEMBERSHIP
BAC,2021-12-31,Bank of America Corp,BANK OF AMERICA,060505104,,IN_MEMBERSHIP
BAC,2022-03-31,Bank of America Corp,BANK OF AMERICA,060505104,,IN_MEMBERSHIP
BAC,2022-06-30,Bank of America Corp,BANK OF AMERICA,060505104,,IN_MEMBERSHIP
BAC,2022-09-30,Bank of America Corp,BANK OF AMERICA,060505104,,IN_MEMBERSHIP
BAC,2022-12-31,Bank of America Corp,BANK OF AMERICA,060505104,,IN_MEMBERSHIP
BAC,2023-03-31,Bank of America Corp,BANK OF AMERICA,060505104,,IN_MEMBERSHIP
BAC,2023-06-30,Bank of America Corp,BANK OF AMERICA,060505104,,IN_MEMBERSHIP
BAC,2023-09-30,Bank of America Corp,BANK OF AMERICA,060505104,,IN_MEMBERSHIP
BAC,2023-12-31,Bank of America Corp,BANK OF AMERICA,060505104,,IN_MEMBERSHIP
BAC,2024-03-31,Bank of America Corp,BANK OF AMERICA,060505104,,IN_MEMBERSHIP
BAC,2024-06-30,Bank of America Corp,BANK OF AMERICA,060505104,,IN_MEMBERSHIP
BAC,2024-09-30,Bank of America Corp,BANK OF AMERICA,060505104,,IN_MEMBERSHIP
BAC,2024-12-31,Bank of America Corp,BANK OF AMERICA,060505104,,IN_MEMBERSHIP
BAC,2025-03-31,Bank of America Corp,BANK OF AMERICA,060505104,,IN_MEMBERSHIP
BAC,2025-06-30,Bank of America Corp,BANK OF AMERICA,060505104,,IN_MEMBERSHIP
BAC,2025-09-30,Bank of America Corp,BANK OF AMERICA,060505104,,IN_MEMBERSHIP
BAC,2025-12-31,Bank of America Corp,BANK OF AMERICA,060505104,,IN_MEMBERSHIP
BALL,2020-12-31,Ball Corp,BALL,058498106,,PRE_WINDOW_SUPPORT
BALL,2021-03-31,Ball Corp,BALL,058498106,,IN_MEMBERSHIP
BALL,2021-06-30,Ball Corp,BALL,058498106,,IN_MEMBERSHIP
BALL,2021-09-30,Ball Corp,BALL,058498106,,IN_MEMBERSHIP
BALL,2021-12-31,Ball Corp,BALL,058498106,,IN_MEMBERSHIP
BALL,2022-03-31,Ball Corp,BALL,058498106,,IN_MEMBERSHIP
BALL,2022-06-30,Ball Corp,BALL,058498106,,IN_MEMBERSHIP
BALL,2022-09-30,Ball Corp,BALL,058498106,,IN_MEMBERSHIP
BALL,2022-12-31,Ball Corp,BALL,058498106,,IN_MEMBERSHIP
BALL,2023-03-31,Ball Corp,BALL,058498106,,IN_MEMBERSHIP
BALL,2023-06-30,Ball Corp,BALL,058498106,,IN_MEMBERSHIP
BALL,2023-09-30,Ball Corp,BALL,058498106,,IN_MEMBERSHIP
BALL,2023-12-31,Ball Corp,BALL,058498106,,IN_MEMBERSHIP
BALL,2024-03-31,Ball Corp,BALL,058498106,,IN_MEMBERSHIP
BALL,2024-06-30,Ball Corp,BALL,058498106,,IN_MEMBERSHIP
BALL,2024-09-30,Ball Corp,BALL,058498106,,IN_MEMBERSHIP
BALL,2024-12-31,Ball Corp,BALL,058498106,,IN_MEMBERSHIP
BALL,2025-03-31,Ball Corp,BALL,058498106,,IN_MEMBERSHIP
BALL,2025-06-30,Ball Corp,BALL,058498106,,IN_MEMBERSHIP
BALL,2025-09-30,Ball Corp,BALL,058498106,,IN_MEMBERSHIP
BALL,2025-12-31,Ball Corp,BALL,058498106,,IN_MEMBERSHIP
BAX,2020-12-31,Baxter International Inc,BAXTER INTERNATIONAL,071813109,,PRE_WINDOW_SUPPORT
BAX,2021-03-31,Baxter International Inc,BAXTER INTERNATIONAL,071813109,,IN_MEMBERSHIP
BAX,2021-06-30,Baxter International Inc,BAXTER INTERNATIONAL,071813109,,IN_MEMBERSHIP
BAX,2021-09-30,Baxter International Inc,BAXTER INTERNATIONAL,071813109,,IN_MEMBERSHIP
BAX,2021-12-31,Baxter International Inc,BAXTER INTERNATIONAL,071813109,,IN_MEMBERSHIP
BAX,2022-03-31,Baxter International Inc,BAXTER INTERNATIONAL,071813109,,IN_MEMBERSHIP
BAX,2022-06-30,Baxter International Inc,BAXTER INTERNATIONAL,071813109,,IN_MEMBERSHIP
BAX,2022-09-30,Baxter International Inc,BAXTER INTERNATIONAL,071813109,,IN_MEMBERSHIP
BAX,2022-12-31,Baxter International Inc,BAXTER INTERNATIONAL,071813109,,IN_MEMBERSHIP
BAX,2023-03-31,Baxter International Inc,BAXTER INTERNATIONAL,071813109,,IN_MEMBERSHIP
BAX,2023-06-30,Baxter International Inc,BAXTER INTERNATIONAL,071813109,,IN_MEMBERSHIP
BAX,2023-09-30,Baxter International Inc,BAXTER INTERNATIONAL,071813109,,IN_MEMBERSHIP
BAX,2023-12-31,Baxter International Inc,BAXTER INTERNATIONAL,071813109,,IN_MEMBERSHIP
BAX,2024-03-31,Baxter International Inc,BAXTER INTERNATIONAL,071813109,,IN_MEMBERSHIP
BAX,2024-06-30,Baxter International Inc,BAXTER INTERNATIONAL,071813109,,IN_MEMBERSHIP
BAX,2024-09-30,Baxter International Inc,BAXTER INTERNATIONAL,071813109,,IN_MEMBERSHIP
BAX,2024-12-31,Baxter International Inc,BAXTER INTERNATIONAL,071813109,,IN_MEMBERSHIP
BAX,2025-03-31,Baxter International Inc,BAXTER INTERNATIONAL,071813109,,IN_MEMBERSHIP
BAX,2025-06-30,Baxter International Inc,BAXTER INTERNATIONAL,071813109,,IN_MEMBERSHIP
BAX,2025-09-30,Baxter International Inc,BAXTER INTERNATIONAL,071813109,,IN_MEMBERSHIP
BAX,2025-12-31,Baxter International Inc,BAXTER INTERNATIONAL,071813109,,IN_MEMBERSHIP
BBY,2020-12-31,Best Buy Co Inc,BEST BUY,086516101,,PRE_WINDOW_SUPPORT
BBY,2021-03-31,Best Buy Co Inc,BEST BUY,086516101,,IN_MEMBERSHIP
BBY,2021-06-30,Best Buy Co Inc,BEST BUY,086516101,,IN_MEMBERSHIP
BBY,2021-09-30,Best Buy Co Inc,BEST BUY,086516101,,IN_MEMBERSHIP
BBY,2021-12-31,Best Buy Co Inc,BEST BUY,086516101,,IN_MEMBERSHIP
BBY,2022-03-31,Best Buy Co Inc,BEST BUY,086516101,,IN_MEMBERSHIP
BBY,2022-06-30,Best Buy Co Inc,BEST BUY,086516101,,IN_MEMBERSHIP
BBY,2022-09-30,Best Buy Co Inc,BEST BUY,086516101,,IN_MEMBERSHIP
BBY,2022-12-31,Best Buy Co Inc,BEST BUY,086516101,,IN_MEMBERSHIP
BBY,2023-03-31,Best Buy Co Inc,BEST BUY,086516101,,IN_MEMBERSHIP
BBY,2023-06-30,Best Buy Co Inc,BEST BUY,086516101,,IN_MEMBERSHIP
BBY,2023-09-30,Best Buy Co Inc,BEST BUY,086516101,,IN_MEMBERSHIP
BBY,2023-12-31,Best Buy Co Inc,BEST BUY,086516101,,IN_MEMBERSHIP
BBY,2024-03-31,Best Buy Co Inc,BEST BUY,086516101,,IN_MEMBERSHIP
BBY,2024-06-30,Best Buy Co Inc,BEST BUY,086516101,,IN_MEMBERSHIP
BBY,2024-09-30,Best Buy Co Inc,BEST BUY,086516101,,IN_MEMBERSHIP
BBY,2024-12-31,Best Buy Co Inc,BEST BUY,086516101,,IN_MEMBERSHIP
BBY,2025-03-31,Best Buy Co Inc,BEST BUY,086516101,,IN_MEMBERSHIP
BBY,2025-06-30,Best Buy Co Inc,BEST BUY,086516101,,IN_MEMBERSHIP
BBY,2025-09-30,Best Buy Co Inc,BEST BUY,086516101,,IN_MEMBERSHIP
BBY,2025-12-31,Best Buy Co Inc,BEST BUY,086516101,,IN_MEMBERSHIP
BDX,2020-12-31,Becton Dickinson and Co,BECTON DICKINSON AND,075887109,,PRE_WINDOW_SUPPORT
BDX,2021-03-31,Becton Dickinson and Co,BECTON DICKINSON AND,075887109,,IN_MEMBERSHIP
BDX,2021-06-30,Becton Dickinson and Co,BECTON DICKINSON AND,075887109,,IN_MEMBERSHIP
BDX,2021-09-30,Becton Dickinson and Co,BECTON DICKINSON AND,075887109,,IN_MEMBERSHIP
BDX,2021-12-31,Becton Dickinson and Co,BECTON DICKINSON AND,075887109,,IN_MEMBERSHIP
BDX,2022-03-31,Becton Dickinson and Co,BECTON DICKINSON AND,075887109,,IN_MEMBERSHIP
BDX,2022-06-30,Becton Dickinson and Co,BECTON DICKINSON AND,075887109,,IN_MEMBERSHIP
BDX,2022-09-30,Becton Dickinson and Co,BECTON DICKINSON AND,075887109,,IN_MEMBERSHIP
BDX,2022-12-31,Becton Dickinson and Co,BECTON DICKINSON AND,075887109,,IN_MEMBERSHIP
BDX,2023-03-31,Becton Dickinson & Co,BECTON DICKINSON AND,075887109,,IN_MEMBERSHIP
BDX,2023-06-30,Becton Dickinson & Co,BECTON DICKINSON AND,075887109,,IN_MEMBERSHIP
BDX,2023-09-30,Becton Dickinson & Co,BECTON DICKINSON AND,075887109,,IN_MEMBERSHIP
BDX,2023-12-31,Becton Dickinson & Co,BECTON DICKINSON AND,075887109,,IN_MEMBERSHIP
BDX,2024-03-31,Becton Dickinson & Co,BECTON DICKINSON AND,075887109,,IN_MEMBERSHIP
BDX,2024-06-30,Becton Dickinson & Co,BECTON DICKINSON AND,075887109,,IN_MEMBERSHIP
BDX,2024-09-30,Becton Dickinson & Co,BECTON DICKINSON AND,075887109,,IN_MEMBERSHIP
BDX,2024-12-31,Becton Dickinson & Co,BECTON DICKINSON AND,075887109,,IN_MEMBERSHIP
BDX,2025-03-31,Becton Dickinson & Co,BECTON DICKINSON AND,075887109,,IN_MEMBERSHIP
BDX,2025-06-30,Becton Dickinson & Co,BECTON DICKINSON AND,075887109,,IN_MEMBERSHIP
BDX,2025-09-30,Becton Dickinson & Co,BECTON DICKINSON AND,075887109,,IN_MEMBERSHIP
BDX,2025-12-31,Becton Dickinson & Co,BECTON DICKINSON AND,075887109,,IN_MEMBERSHIP
BEN,2020-12-31,Franklin Resources Inc,FRANKLIN RESOURCES,354613101,,PRE_WINDOW_SUPPORT
BEN,2021-03-31,Franklin Resources Inc,FRANKLIN RESOURCES,354613101,,IN_MEMBERSHIP
BEN,2021-06-30,Franklin Resources Inc,FRANKLIN RESOURCES,354613101,,IN_MEMBERSHIP
BEN,2021-09-30,Franklin Resources Inc,FRANKLIN RESOURCES,354613101,,IN_MEMBERSHIP
BEN,2021-12-31,Franklin Resources Inc,FRANKLIN RESOURCES,354613101,,IN_MEMBERSHIP
BEN,2022-03-31,Franklin Resources Inc,FRANKLIN RESOURCES,354613101,,IN_MEMBERSHIP
BEN,2022-06-30,Franklin Resources Inc,FRANKLIN RESOURCES,354613101,,IN_MEMBERSHIP
BEN,2022-09-30,Franklin Resources Inc,FRANKLIN RESOURCES,354613101,,IN_MEMBERSHIP
BEN,2022-12-31,Franklin Resources Inc,FRANKLIN RESOURCES,354613101,,IN_MEMBERSHIP
BEN,2023-03-31,Franklin Resources Inc,FRANKLIN RESOURCES,354613101,,IN_MEMBERSHIP
BEN,2023-06-30,Franklin Resources Inc,FRANKLIN RESOURCES,354613101,,IN_MEMBERSHIP
BEN,2023-09-30,Franklin Resources Inc,FRANKLIN RESOURCES,354613101,,IN_MEMBERSHIP
BEN,2023-12-31,Franklin Resources Inc,FRANKLIN RESOURCES,354613101,,IN_MEMBERSHIP
BEN,2024-03-31,Franklin Resources Inc,FRANKLIN RESOURCES,354613101,,IN_MEMBERSHIP
BEN,2024-06-30,Franklin Resources Inc,FRANKLIN RESOURCES,354613101,,IN_MEMBERSHIP
BEN,2024-09-30,Franklin Resources Inc,FRANKLIN RESOURCES,354613101,,IN_MEMBERSHIP
BEN,2024-12-31,Franklin Resources Inc,FRANKLIN RESOURCES,354613101,,IN_MEMBERSHIP
BEN,2025-03-31,Franklin Resources Inc,FRANKLIN RESOURCES,354613101,,IN_MEMBERSHIP
BEN,2025-06-30,Franklin Resources Inc,FRANKLIN RESOURCES,354613101,,IN_MEMBERSHIP
BEN,2025-09-30,Franklin Resources Inc,FRANKLIN RESOURCES,354613101,,IN_MEMBERSHIP
BEN,2025-12-31,Franklin Resources Inc,FRANKLIN RESOURCES,354613101,,IN_MEMBERSHIP
BF.B,2020-12-31,Brown-Forman Corp,BROWN FORMAN,115637209,,PRE_WINDOW_SUPPORT
BF.B,2021-03-31,Brown-Forman Corp,BROWN FORMAN,115637209,,IN_MEMBERSHIP
BF.B,2021-06-30,Brown-Forman Corp,BROWN FORMAN,115637209,,IN_MEMBERSHIP
BF.B,2021-09-30,Brown-Forman Corp,BROWN FORMAN,115637209,,IN_MEMBERSHIP
BF.B,2021-12-31,Brown-Forman Corp,BROWN FORMAN,115637209,,IN_MEMBERSHIP
BF.B,2022-03-31,Brown-Forman Corp,BROWN FORMAN,115637209,,IN_MEMBERSHIP
BF.B,2022-06-30,Brown-Forman Corp,BROWN FORMAN,115637209,,IN_MEMBERSHIP
BF.B,2022-09-30,Brown-Forman Corp,BROWN FORMAN,115637209,,IN_MEMBERSHIP
BF.B,2022-12-31,Brown-Forman Corp,BROWN FORMAN,115637209,,IN_MEMBERSHIP
BF.B,2023-03-31,Brown-Forman Corp,BROWN FORMAN,115637209,,IN_MEMBERSHIP
BF.B,2023-06-30,Brown-Forman Corp,BROWN FORMAN,115637209,,IN_MEMBERSHIP
BF.B,2023-09-30,Brown-Forman Corp,BROWN FORMAN,115637209,,IN_MEMBERSHIP
BF.B,2023-12-31,Brown-Forman Corp,BROWN FORMAN,115637209,,IN_MEMBERSHIP
BF.B,2024-03-31,Brown-Forman Corp,BROWN FORMAN,115637209,,IN_MEMBERSHIP
BF.B,2024-06-30,Brown-Forman Corp,BROWN FORMAN,115637209,,IN_MEMBERSHIP
BF.B,2024-09-30,Brown-Forman Corp,BROWN FORMAN,115637209,,IN_MEMBERSHIP
BF.B,2024-12-31,Brown-Forman Corp,BROWN FORMAN,115637209,,IN_MEMBERSHIP
BF.B,2025-03-31,Brown-Forman Corp,BROWN FORMAN,115637209,,IN_MEMBERSHIP
BF.B,2025-06-30,Brown-Forman Corp,BROWN FORMAN,115637209,,IN_MEMBERSHIP
BF.B,2025-09-30,Brown-Forman Corp,BROWN FORMAN,115637209,,IN_MEMBERSHIP
BF.B,2025-12-31,Brown-Forman Corp,BROWN FORMAN,115637209,,IN_MEMBERSHIP
BG,2023-12-31,Bunge Global SA,BUNGE GLOBAL SA,CH1300646267,,IN_MEMBERSHIP
BG,2024-03-31,Bunge Global SA,BUNGE GLOBAL SA,CH1300646267,,IN_MEMBERSHIP
BG,2024-06-30,Bunge Global SA,BUNGE GLOBAL SA,CH1300646267,,IN_MEMBERSHIP
BG,2024-09-30,Bunge Global SA,BUNGE GLOBAL SA,CH1300646267,,IN_MEMBERSHIP
BG,2024-12-31,Bunge Global SA,BUNGE GLOBAL SA,CH1300646267,,IN_MEMBERSHIP
BG,2025-03-31,Bunge Global SA,BUNGE GLOBAL SA,CH1300646267,,IN_MEMBERSHIP
BG,2025-06-30,Bunge Global SA,BUNGE GLOBAL SA,CH1300646267,,IN_MEMBERSHIP
BG,2025-09-30,Bunge Global SA,BUNGE GLOBAL SA,CH1300646267,,IN_MEMBERSHIP
BG,2025-12-31,Bunge Global SA,BUNGE GLOBAL SA,CH1300646267,,IN_MEMBERSHIP
BIIB,2020-12-31,Biogen Inc,BIOGEN,09062X103,,PRE_WINDOW_SUPPORT
BIIB,2021-03-31,Biogen Inc,BIOGEN,09062X103,,IN_MEMBERSHIP
BIIB,2021-06-30,Biogen Inc,BIOGEN,09062X103,,IN_MEMBERSHIP
BIIB,2021-09-30,Biogen Inc,BIOGEN,09062X103,,IN_MEMBERSHIP
BIIB,2021-12-31,Biogen Inc,BIOGEN,09062X103,,IN_MEMBERSHIP
BIIB,2022-03-31,Biogen Inc,BIOGEN,09062X103,,IN_MEMBERSHIP
BIIB,2022-06-30,Biogen Inc,BIOGEN,09062X103,,IN_MEMBERSHIP
BIIB,2022-09-30,Biogen Inc,BIOGEN,09062X103,,IN_MEMBERSHIP
BIIB,2022-12-31,Biogen Inc,BIOGEN,09062X103,,IN_MEMBERSHIP
BIIB,2023-03-31,Biogen Inc,BIOGEN,09062X103,,IN_MEMBERSHIP
BIIB,2023-06-30,Biogen Inc,BIOGEN,09062X103,,IN_MEMBERSHIP
BIIB,2023-09-30,Biogen Inc,BIOGEN,09062X103,,IN_MEMBERSHIP
BIIB,2023-12-31,Biogen Inc,BIOGEN,09062X103,,IN_MEMBERSHIP
BIIB,2024-03-31,Biogen Inc,BIOGEN,09062X103,,IN_MEMBERSHIP
BIIB,2024-06-30,Biogen Inc,BIOGEN,09062X103,,IN_MEMBERSHIP
BIIB,2024-09-30,Biogen Inc,BIOGEN,09062X103,,IN_MEMBERSHIP
BIIB,2024-12-31,Biogen Inc,BIOGEN,09062X103,,IN_MEMBERSHIP
BIIB,2025-03-31,Biogen Inc,BIOGEN,09062X103,,IN_MEMBERSHIP
BIIB,2025-06-30,Biogen Inc,BIOGEN,09062X103,,IN_MEMBERSHIP
BIIB,2025-09-30,Biogen Inc,BIOGEN,09062X103,,IN_MEMBERSHIP
BIIB,2025-12-31,Biogen Inc,BIOGEN,09062X103,,IN_MEMBERSHIP
BKNG,2020-12-31,Booking Holdings Inc,BOOKING,09857L108,,PRE_WINDOW_SUPPORT
BKNG,2021-03-31,Booking Holdings Inc,BOOKING,09857L108,,IN_MEMBERSHIP
BKNG,2021-06-30,Booking Holdings Inc,BOOKING,09857L108,,IN_MEMBERSHIP
BKNG,2021-09-30,Booking Holdings Inc,BOOKING,09857L108,,IN_MEMBERSHIP
BKNG,2021-12-31,Booking Holdings Inc,BOOKING,09857L108,,IN_MEMBERSHIP
BKNG,2022-03-31,Booking Holdings Inc,BOOKING,09857L108,,IN_MEMBERSHIP
BKNG,2022-06-30,Booking Holdings Inc,BOOKING,09857L108,,IN_MEMBERSHIP
BKNG,2022-09-30,Booking Holdings Inc,BOOKING,09857L108,,IN_MEMBERSHIP
BKNG,2022-12-31,Booking Holdings Inc,BOOKING,09857L108,,IN_MEMBERSHIP
BKNG,2023-03-31,Booking Holdings Inc,BOOKING,09857L108,,IN_MEMBERSHIP
BKNG,2023-06-30,Booking Holdings Inc,BOOKING,09857L108,,IN_MEMBERSHIP
BKNG,2023-09-30,Booking Holdings Inc,BOOKING,09857L108,,IN_MEMBERSHIP
BKNG,2023-12-31,Booking Holdings Inc,BOOKING,09857L108,,IN_MEMBERSHIP
BKNG,2024-03-31,Booking Holdings Inc,BOOKING,09857L108,,IN_MEMBERSHIP
BKNG,2024-06-30,Booking Holdings Inc,BOOKING,09857L108,,IN_MEMBERSHIP
BKNG,2024-09-30,Booking Holdings Inc,BOOKING,09857L108,,IN_MEMBERSHIP
BKNG,2024-12-31,Booking Holdings Inc,BOOKING,09857L108,,IN_MEMBERSHIP
BKNG,2025-03-31,Booking Holdings Inc,BOOKING,09857L108,,IN_MEMBERSHIP
BKNG,2025-06-30,Booking Holdings Inc,BOOKING,09857L108,,IN_MEMBERSHIP
BKNG,2025-09-30,Booking Holdings Inc,BOOKING,09857L108,,IN_MEMBERSHIP
BKNG,2025-12-31,Booking Holdings Inc,BOOKING,09857L108,,IN_MEMBERSHIP
BKR,2020-12-31,Baker Hughes Co,BAKER HUGHES,05722G100,,PRE_WINDOW_SUPPORT
BKR,2021-03-31,Baker Hughes Co,BAKER HUGHES,05722G100,,IN_MEMBERSHIP
BKR,2021-06-30,Baker Hughes Co,BAKER HUGHES,05722G100,,IN_MEMBERSHIP
BKR,2021-09-30,Baker Hughes Co,BAKER HUGHES,05722G100,,IN_MEMBERSHIP
BKR,2021-12-31,Baker Hughes Co,BAKER HUGHES,05722G100,,IN_MEMBERSHIP
BKR,2022-03-31,Baker Hughes Co,BAKER HUGHES,05722G100,,IN_MEMBERSHIP
BKR,2022-06-30,Baker Hughes Co,BAKER HUGHES,05722G100,,IN_MEMBERSHIP
BKR,2022-09-30,Baker Hughes Co,BAKER HUGHES,05722G100,,IN_MEMBERSHIP
BKR,2022-12-31,Baker Hughes Co,BAKER HUGHES,05722G100,,IN_MEMBERSHIP
BKR,2023-03-31,Baker Hughes Co,BAKER HUGHES,05722G100,,IN_MEMBERSHIP
BKR,2023-06-30,Baker Hughes Co,BAKER HUGHES,05722G100,,IN_MEMBERSHIP
BKR,2023-09-30,Baker Hughes Co,BAKER HUGHES,05722G100,,IN_MEMBERSHIP
BKR,2023-12-31,Baker Hughes Co,BAKER HUGHES,05722G100,,IN_MEMBERSHIP
BKR,2024-03-31,Baker Hughes Co,BAKER HUGHES,05722G100,,IN_MEMBERSHIP
BKR,2024-06-30,Baker Hughes Co,BAKER HUGHES,05722G100,,IN_MEMBERSHIP
BKR,2024-09-30,Baker Hughes Co,BAKER HUGHES,05722G100,,IN_MEMBERSHIP
BKR,2024-12-31,Baker Hughes Co,BAKER HUGHES,05722G100,,IN_MEMBERSHIP
BKR,2025-03-31,Baker Hughes Co,BAKER HUGHES,05722G100,,IN_MEMBERSHIP
BKR,2025-06-30,Baker Hughes Co,BAKER HUGHES,05722G100,,IN_MEMBERSHIP
BKR,2025-09-30,Baker Hughes Co,BAKER HUGHES,05722G100,,IN_MEMBERSHIP
BKR,2025-12-31,Baker Hughes Co,BAKER HUGHES,05722G100,,IN_MEMBERSHIP
BLDR,2023-12-31,Builders FirstSource Inc,BUILDERS FIRSTSOURCE,12008R107,,IN_MEMBERSHIP
BLDR,2024-03-31,Builders FirstSource Inc,BUILDERS FIRSTSOURCE,12008R107,,IN_MEMBERSHIP
BLDR,2024-06-30,Builders FirstSource Inc,BUILDERS FIRSTSOURCE,12008R107,,IN_MEMBERSHIP
BLDR,2024-09-30,Builders FirstSource Inc,BUILDERS FIRSTSOURCE,12008R107,,IN_MEMBERSHIP
BLDR,2024-12-31,Builders FirstSource Inc,BUILDERS FIRSTSOURCE,12008R107,,IN_MEMBERSHIP
BLDR,2025-03-31,Builders FirstSource Inc,BUILDERS FIRSTSOURCE,12008R107,,IN_MEMBERSHIP
BLDR,2025-06-30,Builders FirstSource Inc,BUILDERS FIRSTSOURCE,12008R107,,IN_MEMBERSHIP
BLDR,2025-09-30,Builders FirstSource Inc,BUILDERS FIRSTSOURCE,12008R107,,IN_MEMBERSHIP
BLDR,2025-12-31,Builders FirstSource Inc,BUILDERS FIRSTSOURCE,12008R107,,IN_MEMBERSHIP
BLK,2020-12-31,BlackRock Inc,BLACKROCK,09247X101,,PRE_WINDOW_SUPPORT
BLK,2021-03-31,BlackRock Inc,BLACKROCK,09247X101,,IN_MEMBERSHIP
BLK,2021-06-30,BlackRock Inc,BLACKROCK,09247X101,,IN_MEMBERSHIP
BLK,2021-09-30,BlackRock Inc,BLACKROCK,09247X101,,IN_MEMBERSHIP
BLK,2021-12-31,BlackRock Inc,BLACKROCK,09247X101,,IN_MEMBERSHIP
BLK,2022-03-31,BlackRock Inc,BLACKROCK,09247X101,,IN_MEMBERSHIP
BLK,2022-06-30,BlackRock Inc,BLACKROCK,09247X101,,IN_MEMBERSHIP
BLK,2022-09-30,BlackRock Inc,BLACKROCK,09247X101,,IN_MEMBERSHIP
BLK,2022-12-31,BlackRock Inc,BLACKROCK,09247X101,,IN_MEMBERSHIP
BLK,2023-03-31,BlackRock Inc,BLACKROCK,09247X101,,IN_MEMBERSHIP
BLK,2023-06-30,BlackRock Inc,BLACKROCK,09247X101,,IN_MEMBERSHIP
BLK,2023-09-30,BlackRock Inc,BLACKROCK,09247X101,,IN_MEMBERSHIP
BLK,2023-12-31,BlackRock Inc,BLACKROCK,09247X101,,IN_MEMBERSHIP
BLK,2024-03-31,BlackRock Inc,BLACKROCK,09247X101,,IN_MEMBERSHIP
BLK,2024-06-30,BlackRock Inc,BLACKROCK,09247X101,,IN_MEMBERSHIP
BLK,2024-09-30,BlackRock Inc,BLACKROCK,09247X101,,IN_MEMBERSHIP
BLK,2024-12-31,Blackrock Inc,BLACKROCK,09290D101,,IN_MEMBERSHIP
BLK,2025-03-31,Blackrock Inc,BLACKROCK,09290D101,,IN_MEMBERSHIP
BLK,2025-06-30,Blackrock Inc,BLACKROCK,09290D101,,IN_MEMBERSHIP
BLK,2025-09-30,Blackrock Inc,BLACKROCK,09290D101,,IN_MEMBERSHIP
BLK,2025-12-31,Blackrock Inc,BLACKROCK,09290D101,,IN_MEMBERSHIP
BMY,2020-12-31,Bristol-Myers Squibb Co,BRISTOL MYERS SQUIBB,110122108,,PRE_WINDOW_SUPPORT
BMY,2021-03-31,Bristol-Myers Squibb Co,BRISTOL MYERS SQUIBB,110122108,,IN_MEMBERSHIP
BMY,2021-06-30,Bristol-Myers Squibb Co,BRISTOL MYERS SQUIBB,110122108,,IN_MEMBERSHIP
BMY,2021-09-30,Bristol-Myers Squibb Co,BRISTOL MYERS SQUIBB,110122108,,IN_MEMBERSHIP
BMY,2021-12-31,Bristol-Myers Squibb Co,BRISTOL MYERS SQUIBB,110122108,,IN_MEMBERSHIP
BMY,2022-03-31,Bristol-Myers Squibb Co,BRISTOL MYERS SQUIBB,110122108,,IN_MEMBERSHIP
BMY,2022-06-30,Bristol-Myers Squibb Co,BRISTOL MYERS SQUIBB,110122108,,IN_MEMBERSHIP
BMY,2022-09-30,Bristol-Myers Squibb Co,BRISTOL MYERS SQUIBB,110122108,,IN_MEMBERSHIP
BMY,2022-12-31,Bristol-Myers Squibb Co,BRISTOL MYERS SQUIBB,110122108,,IN_MEMBERSHIP
BMY,2023-03-31,Bristol-Myers Squibb Co,BRISTOL MYERS SQUIBB,110122108,,IN_MEMBERSHIP
BMY,2023-06-30,Bristol-Myers Squibb Co,BRISTOL MYERS SQUIBB,110122108,,IN_MEMBERSHIP
BMY,2023-09-30,Bristol-Myers Squibb Co,BRISTOL MYERS SQUIBB,110122108,,IN_MEMBERSHIP
BMY,2023-12-31,Bristol-Myers Squibb Co,BRISTOL MYERS SQUIBB,110122108,,IN_MEMBERSHIP
BMY,2024-03-31,Bristol-Myers Squibb Co,BRISTOL MYERS SQUIBB,110122108,,IN_MEMBERSHIP
BMY,2024-06-30,Bristol-Myers Squibb Co,BRISTOL MYERS SQUIBB,110122108,,IN_MEMBERSHIP
BMY,2024-09-30,Bristol-Myers Squibb Co,BRISTOL MYERS SQUIBB,110122108,,IN_MEMBERSHIP
BMY,2024-12-31,Bristol-Myers Squibb Co,BRISTOL MYERS SQUIBB,110122108,,IN_MEMBERSHIP
BMY,2025-03-31,Bristol-Myers Squibb Co,BRISTOL MYERS SQUIBB,110122108,,IN_MEMBERSHIP
BMY,2025-06-30,Bristol-Myers Squibb Co,BRISTOL MYERS SQUIBB,110122108,,IN_MEMBERSHIP
BMY,2025-09-30,Bristol-Myers Squibb Co,BRISTOL MYERS SQUIBB,110122108,,IN_MEMBERSHIP
BMY,2025-12-31,Bristol-Myers Squibb Co,BRISTOL MYERS SQUIBB,110122108,,IN_MEMBERSHIP
BNY,2020-12-31,Bank of New York Mellon Corp/The,BANK OF NEW YORK MELLON,064058100,,PRE_WINDOW_SUPPORT
BNY,2021-03-31,Bank of New York Mellon Corp/The,BANK OF NEW YORK MELLON,064058100,,IN_MEMBERSHIP
BNY,2021-06-30,Bank of New York Mellon Corp/The,BANK OF NEW YORK MELLON,064058100,,IN_MEMBERSHIP
BNY,2021-09-30,Bank of New York Mellon Corp/The,BANK OF NEW YORK MELLON,064058100,,IN_MEMBERSHIP
BNY,2021-12-31,Bank of New York Mellon Corp/The,BANK OF NEW YORK MELLON,064058100,,IN_MEMBERSHIP
BNY,2022-03-31,Bank of New York Mellon Corp/The,BANK OF NEW YORK MELLON,064058100,,IN_MEMBERSHIP
BNY,2022-06-30,Bank of New York Mellon Corp/The,BANK OF NEW YORK MELLON,064058100,,IN_MEMBERSHIP
BNY,2022-09-30,Bank of New York Mellon Corp/The,BANK OF NEW YORK MELLON,064058100,,IN_MEMBERSHIP
BNY,2022-12-31,Bank of New York Mellon Corp/The,BANK OF NEW YORK MELLON,064058100,,IN_MEMBERSHIP
BNY,2023-03-31,Bank of New York Mellon Corp/The,BANK OF NEW YORK MELLON,064058100,,IN_MEMBERSHIP
BNY,2023-06-30,Bank of New York Mellon Corp/The,BANK OF NEW YORK MELLON,064058100,,IN_MEMBERSHIP
BNY,2023-09-30,Bank of New York Mellon Corp/The,BANK OF NEW YORK MELLON,064058100,,IN_MEMBERSHIP
BNY,2023-12-31,Bank of New York Mellon Corp/The,BANK OF NEW YORK MELLON,064058100,,IN_MEMBERSHIP
BNY,2024-03-31,Bank of New York Mellon Corp/The,BANK OF NEW YORK MELLON,064058100,,IN_MEMBERSHIP
BNY,2024-06-30,Bank of New York Mellon Corp/The,BANK OF NEW YORK MELLON,064058100,,IN_MEMBERSHIP
BNY,2024-09-30,Bank of New York Mellon Corp/The,BANK OF NEW YORK MELLON,064058100,,IN_MEMBERSHIP
BNY,2024-12-31,Bank of New York Mellon Corp/The,BANK OF NEW YORK MELLON,064058100,,IN_MEMBERSHIP
BNY,2025-03-31,Bank of New York Mellon Corp/The,BANK OF NEW YORK MELLON,064058100,,IN_MEMBERSHIP
BNY,2025-06-30,Bank of New York Mellon Corp/The,BANK OF NEW YORK MELLON,064058100,,IN_MEMBERSHIP
BNY,2025-09-30,Bank of New York Mellon Corp/The,BANK OF NEW YORK MELLON,064058100,,IN_MEMBERSHIP
BNY,2025-12-31,Bank of New York Mellon Corp/The,BANK OF NEW YORK MELLON,064058100,,IN_MEMBERSHIP
BR,2020-12-31,Broadridge Financial Solutions Inc,BROADRIDGE FINANCIAL SOLUTIONS,11133T103,,PRE_WINDOW_SUPPORT
BR,2021-03-31,Broadridge Financial Solutions Inc,BROADRIDGE FINANCIAL SOLUTIONS,11133T103,,IN_MEMBERSHIP
BR,2021-06-30,Broadridge Financial Solutions Inc,BROADRIDGE FINANCIAL SOLUTIONS,11133T103,,IN_MEMBERSHIP
BR,2021-09-30,Broadridge Financial Solutions Inc,BROADRIDGE FINANCIAL SOLUTIONS,11133T103,,IN_MEMBERSHIP
BR,2021-12-31,Broadridge Financial Solutions Inc,BROADRIDGE FINANCIAL SOLUTIONS,11133T103,,IN_MEMBERSHIP
BR,2022-03-31,Broadridge Financial Solutions Inc,BROADRIDGE FINANCIAL SOLUTIONS,11133T103,,IN_MEMBERSHIP
BR,2022-06-30,Broadridge Financial Solutions Inc,BROADRIDGE FINANCIAL SOLUTIONS,11133T103,,IN_MEMBERSHIP
BR,2022-09-30,Broadridge Financial Solutions Inc,BROADRIDGE FINANCIAL SOLUTIONS,11133T103,,IN_MEMBERSHIP
BR,2022-12-31,Broadridge Financial Solutions Inc,BROADRIDGE FINANCIAL SOLUTIONS,11133T103,,IN_MEMBERSHIP
BR,2023-03-31,Broadridge Financial Solutions Inc,BROADRIDGE FINANCIAL SOLUTIONS,11133T103,,IN_MEMBERSHIP
BR,2023-06-30,Broadridge Financial Solutions Inc,BROADRIDGE FINANCIAL SOLUTIONS,11133T103,,IN_MEMBERSHIP
BR,2023-09-30,Broadridge Financial Solutions Inc,BROADRIDGE FINANCIAL SOLUTIONS,11133T103,,IN_MEMBERSHIP
BR,2023-12-31,Broadridge Financial Solutions Inc,BROADRIDGE FINANCIAL SOLUTIONS,11133T103,,IN_MEMBERSHIP
BR,2024-03-31,Broadridge Financial Solutions Inc,BROADRIDGE FINANCIAL SOLUTIONS,11133T103,,IN_MEMBERSHIP
BR,2024-06-30,Broadridge Financial Solutions Inc,BROADRIDGE FINANCIAL SOLUTIONS,11133T103,,IN_MEMBERSHIP
BR,2024-09-30,Broadridge Financial Solutions Inc,BROADRIDGE FINANCIAL SOLUTIONS,11133T103,,IN_MEMBERSHIP
BR,2024-12-31,Broadridge Financial Solutions Inc,BROADRIDGE FINANCIAL SOLUTIONS,11133T103,,IN_MEMBERSHIP
BR,2025-03-31,Broadridge Financial Solutions Inc,BROADRIDGE FINANCIAL SOLUTIONS,11133T103,,IN_MEMBERSHIP
BR,2025-06-30,Broadridge Financial Solutions Inc,BROADRIDGE FINANCIAL SOLUTIONS,11133T103,,IN_MEMBERSHIP
BR,2025-09-30,Broadridge Financial Solutions Inc,BROADRIDGE FINANCIAL SOLUTIONS,11133T103,,IN_MEMBERSHIP
BR,2025-12-31,Broadridge Financial Solutions Inc,BROADRIDGE FINANCIAL SOLUTIONS,11133T103,,IN_MEMBERSHIP
BRK.B,2020-12-31,Berkshire Hathaway Inc,BERKSHIRE HATHAWAY,084670702,,PRE_WINDOW_SUPPORT
BRK.B,2021-03-31,Berkshire Hathaway Inc,BERKSHIRE HATHAWAY,084670702,,IN_MEMBERSHIP
BRK.B,2021-06-30,Berkshire Hathaway Inc,BERKSHIRE HATHAWAY,084670702,,IN_MEMBERSHIP
BRK.B,2021-09-30,Berkshire Hathaway Inc,BERKSHIRE HATHAWAY,084670702,,IN_MEMBERSHIP
BRK.B,2021-12-31,Berkshire Hathaway Inc,BERKSHIRE HATHAWAY,084670702,,IN_MEMBERSHIP
BRK.B,2022-03-31,Berkshire Hathaway Inc,BERKSHIRE HATHAWAY,084670702,,IN_MEMBERSHIP
BRK.B,2022-06-30,Berkshire Hathaway Inc,BERKSHIRE HATHAWAY,084670702,,IN_MEMBERSHIP
BRK.B,2022-09-30,Berkshire Hathaway Inc,BERKSHIRE HATHAWAY,084670702,,IN_MEMBERSHIP
BRK.B,2022-12-31,Berkshire Hathaway Inc,BERKSHIRE HATHAWAY,084670702,,IN_MEMBERSHIP
BRK.B,2023-03-31,Berkshire Hathaway Inc,BERKSHIRE HATHAWAY,084670702,,IN_MEMBERSHIP
BRK.B,2023-06-30,Berkshire Hathaway Inc,BERKSHIRE HATHAWAY,084670702,,IN_MEMBERSHIP
BRK.B,2023-09-30,Berkshire Hathaway Inc,BERKSHIRE HATHAWAY,084670702,,IN_MEMBERSHIP
BRK.B,2023-12-31,Berkshire Hathaway Inc,BERKSHIRE HATHAWAY,084670702,,IN_MEMBERSHIP
BRK.B,2024-03-31,Berkshire Hathaway Inc,BERKSHIRE HATHAWAY,084670702,,IN_MEMBERSHIP
BRK.B,2024-06-30,Berkshire Hathaway Inc,BERKSHIRE HATHAWAY,084670702,,IN_MEMBERSHIP
BRK.B,2024-09-30,Berkshire Hathaway Inc,BERKSHIRE HATHAWAY,084670702,,IN_MEMBERSHIP
BRK.B,2024-12-31,Berkshire Hathaway Inc,BERKSHIRE HATHAWAY,084670702,,IN_MEMBERSHIP
BRK.B,2025-03-31,Berkshire Hathaway Inc,BERKSHIRE HATHAWAY,084670702,,IN_MEMBERSHIP
BRK.B,2025-06-30,Berkshire Hathaway Inc,BERKSHIRE HATHAWAY,084670702,,IN_MEMBERSHIP
BRK.B,2025-09-30,Berkshire Hathaway Inc,BERKSHIRE HATHAWAY,084670702,,IN_MEMBERSHIP
BRK.B,2025-12-31,Berkshire Hathaway Inc,BERKSHIRE HATHAWAY,084670702,,IN_MEMBERSHIP
BRO,2021-09-30,Brown & Brown Inc,BROWN AND BROWN,115236101,,IN_MEMBERSHIP
BRO,2021-12-31,Brown & Brown Inc,BROWN AND BROWN,115236101,,IN_MEMBERSHIP
BRO,2022-03-31,Brown & Brown Inc,BROWN AND BROWN,115236101,,IN_MEMBERSHIP
BRO,2022-06-30,Brown & Brown Inc,BROWN AND BROWN,115236101,,IN_MEMBERSHIP
BRO,2022-09-30,Brown & Brown Inc,BROWN AND BROWN,115236101,,IN_MEMBERSHIP
BRO,2022-12-31,Brown & Brown Inc,BROWN AND BROWN,115236101,,IN_MEMBERSHIP
BRO,2023-03-31,Brown & Brown Inc,BROWN AND BROWN,115236101,,IN_MEMBERSHIP
BRO,2023-06-30,Brown & Brown Inc,BROWN AND BROWN,115236101,,IN_MEMBERSHIP
BRO,2023-09-30,Brown & Brown Inc,BROWN AND BROWN,115236101,,IN_MEMBERSHIP
BRO,2023-12-31,Brown & Brown Inc,BROWN AND BROWN,115236101,,IN_MEMBERSHIP
BRO,2024-03-31,Brown & Brown Inc,BROWN AND BROWN,115236101,,IN_MEMBERSHIP
BRO,2024-06-30,Brown & Brown Inc,BROWN AND BROWN,115236101,,IN_MEMBERSHIP
BRO,2024-09-30,Brown & Brown Inc,BROWN AND BROWN,115236101,,IN_MEMBERSHIP
BRO,2024-12-31,Brown & Brown Inc,BROWN AND BROWN,115236101,,IN_MEMBERSHIP
BRO,2025-03-31,Brown & Brown Inc,BROWN AND BROWN,115236101,,IN_MEMBERSHIP
BRO,2025-06-30,Brown & Brown Inc,BROWN AND BROWN,115236101,,IN_MEMBERSHIP
BRO,2025-09-30,Brown & Brown Inc,BROWN AND BROWN,115236101,,IN_MEMBERSHIP
BRO,2025-12-31,Brown & Brown Inc,BROWN AND BROWN,115236101,,IN_MEMBERSHIP
BSX,2020-12-31,Boston Scientific Corp,BOSTON SCIENTIFIC,101137107,,PRE_WINDOW_SUPPORT
BSX,2021-03-31,Boston Scientific Corp,BOSTON SCIENTIFIC,101137107,,IN_MEMBERSHIP
BSX,2021-06-30,Boston Scientific Corp,BOSTON SCIENTIFIC,101137107,,IN_MEMBERSHIP
BSX,2021-09-30,Boston Scientific Corp,BOSTON SCIENTIFIC,101137107,,IN_MEMBERSHIP
BSX,2021-12-31,Boston Scientific Corp,BOSTON SCIENTIFIC,101137107,,IN_MEMBERSHIP
BSX,2022-03-31,Boston Scientific Corp,BOSTON SCIENTIFIC,101137107,,IN_MEMBERSHIP
BSX,2022-06-30,Boston Scientific Corp,BOSTON SCIENTIFIC,101137107,,IN_MEMBERSHIP
BSX,2022-09-30,Boston Scientific Corp,BOSTON SCIENTIFIC,101137107,,IN_MEMBERSHIP
BSX,2022-12-31,Boston Scientific Corp,BOSTON SCIENTIFIC,101137107,,IN_MEMBERSHIP
BSX,2023-03-31,Boston Scientific Corp,BOSTON SCIENTIFIC,101137107,,IN_MEMBERSHIP
BSX,2023-06-30,Boston Scientific Corp,BOSTON SCIENTIFIC,101137107,,IN_MEMBERSHIP
BSX,2023-09-30,Boston Scientific Corp,BOSTON SCIENTIFIC,101137107,,IN_MEMBERSHIP
BSX,2023-12-31,Boston Scientific Corp,BOSTON SCIENTIFIC,101137107,,IN_MEMBERSHIP
BSX,2024-03-31,Boston Scientific Corp,BOSTON SCIENTIFIC,101137107,,IN_MEMBERSHIP
BSX,2024-06-30,Boston Scientific Corp,BOSTON SCIENTIFIC,101137107,,IN_MEMBERSHIP
BSX,2024-09-30,Boston Scientific Corp,BOSTON SCIENTIFIC,101137107,,IN_MEMBERSHIP
BSX,2024-12-31,Boston Scientific Corp,BOSTON SCIENTIFIC,101137107,,IN_MEMBERSHIP
BSX,2025-03-31,Boston Scientific Corp,BOSTON SCIENTIFIC,101137107,,IN_MEMBERSHIP
BSX,2025-06-30,Boston Scientific Corp,BOSTON SCIENTIFIC,101137107,,IN_MEMBERSHIP
BSX,2025-09-30,Boston Scientific Corp,BOSTON SCIENTIFIC,101137107,,IN_MEMBERSHIP
BSX,2025-12-31,Boston Scientific Corp,BOSTON SCIENTIFIC,101137107,,IN_MEMBERSHIP
BX,2023-09-30,Blackstone Inc,BLACKSTONE,09260D107,,IN_MEMBERSHIP
BX,2023-12-31,Blackstone Inc,BLACKSTONE,09260D107,,IN_MEMBERSHIP
BX,2024-03-31,Blackstone Inc,BLACKSTONE,09260D107,,IN_MEMBERSHIP
BX,2024-06-30,Blackstone Inc,BLACKSTONE,09260D107,,IN_MEMBERSHIP
BX,2024-09-30,Blackstone Inc,BLACKSTONE,09260D107,,IN_MEMBERSHIP
BX,2024-12-31,Blackstone Inc,BLACKSTONE,09260D107,,IN_MEMBERSHIP
BX,2025-03-31,Blackstone Inc,BLACKSTONE,09260D107,,IN_MEMBERSHIP
BX,2025-06-30,Blackstone Inc,BLACKSTONE,09260D107,,IN_MEMBERSHIP
BX,2025-09-30,Blackstone Inc,BLACKSTONE,09260D107,,IN_MEMBERSHIP
BX,2025-12-31,Blackstone Inc,BLACKSTONE,09260D107,,IN_MEMBERSHIP
BXP,2020-12-31,Boston Properties Inc,BOSTON PROPERTIES,101121101,,PRE_WINDOW_SUPPORT
BXP,2021-03-31,Boston Properties Inc,BOSTON PROPERTIES,101121101,,IN_MEMBERSHIP
BXP,2021-06-30,Boston Properties Inc,BOSTON PROPERTIES,101121101,,IN_MEMBERSHIP
BXP,2021-09-30,Boston Properties Inc,BOSTON PROPERTIES,101121101,,IN_MEMBERSHIP
BXP,2021-12-31,Boston Properties Inc,BOSTON PROPERTIES,101121101,,IN_MEMBERSHIP
BXP,2022-03-31,Boston Properties Inc,BOSTON PROPERTIES,101121101,,IN_MEMBERSHIP
BXP,2022-06-30,Boston Properties Inc,BOSTON PROPERTIES,101121101,,IN_MEMBERSHIP
BXP,2022-09-30,Boston Properties Inc,BOSTON PROPERTIES,101121101,,IN_MEMBERSHIP
BXP,2022-12-31,Boston Properties Inc,BOSTON PROPERTIES,101121101,,IN_MEMBERSHIP
BXP,2023-03-31,Boston Properties Inc,BOSTON PROPERTIES,101121101,,IN_MEMBERSHIP
BXP,2023-06-30,Boston Properties Inc,BOSTON PROPERTIES,101121101,,IN_MEMBERSHIP
BXP,2023-09-30,Boston Properties Inc,BOSTON PROPERTIES,101121101,,IN_MEMBERSHIP
BXP,2023-12-31,Boston Properties Inc,BOSTON PROPERTIES,101121101,,IN_MEMBERSHIP
BXP,2024-03-31,Boston Properties Inc,BOSTON PROPERTIES,101121101,,IN_MEMBERSHIP
BXP,2024-06-30,Boston Properties Inc,BOSTON PROPERTIES,101121101,,IN_MEMBERSHIP
BXP,2024-09-30,BXP Inc,BXP,101121101,,IN_MEMBERSHIP
BXP,2024-12-31,BXP Inc,BXP,101121101,,IN_MEMBERSHIP
BXP,2025-03-31,BXP Inc,BXP,101121101,,IN_MEMBERSHIP
BXP,2025-06-30,BXP Inc,BXP,101121101,,IN_MEMBERSHIP
BXP,2025-09-30,BXP Inc,BXP,101121101,,IN_MEMBERSHIP
BXP,2025-12-31,BXP Inc,BXP,101121101,,IN_MEMBERSHIP
C,2020-12-31,Citigroup Inc,CITIGROUP,172967424,,PRE_WINDOW_SUPPORT
C,2021-03-31,Citigroup Inc,CITIGROUP,172967424,,IN_MEMBERSHIP
C,2021-06-30,Citigroup Inc,CITIGROUP,172967424,,IN_MEMBERSHIP
C,2021-09-30,Citigroup Inc,CITIGROUP,172967424,,IN_MEMBERSHIP
C,2021-12-31,Citigroup Inc,CITIGROUP,172967424,,IN_MEMBERSHIP
C,2022-03-31,Citigroup Inc,CITIGROUP,172967424,,IN_MEMBERSHIP
C,2022-06-30,Citigroup Inc,CITIGROUP,172967424,,IN_MEMBERSHIP
C,2022-09-30,Citigroup Inc,CITIGROUP,172967424,,IN_MEMBERSHIP
C,2022-12-31,Citigroup Inc,CITIGROUP,172967424,,IN_MEMBERSHIP
C,2023-03-31,Citigroup Inc,CITIGROUP,172967424,,IN_MEMBERSHIP
C,2023-06-30,Citigroup Inc,CITIGROUP,172967424,,IN_MEMBERSHIP
C,2023-09-30,Citigroup Inc,CITIGROUP,172967424,,IN_MEMBERSHIP
C,2023-12-31,Citigroup Inc,CITIGROUP,172967424,,IN_MEMBERSHIP
C,2024-03-31,Citigroup Inc,CITIGROUP,172967424,,IN_MEMBERSHIP
C,2024-06-30,Citigroup Inc,CITIGROUP,172967424,,IN_MEMBERSHIP
C,2024-09-30,Citigroup Inc,CITIGROUP,172967424,,IN_MEMBERSHIP
C,2024-12-31,Citigroup Inc,CITIGROUP,172967424,,IN_MEMBERSHIP
C,2025-03-31,Citigroup Inc,CITIGROUP,172967424,,IN_MEMBERSHIP
C,2025-06-30,Citigroup Inc,CITIGROUP,172967424,,IN_MEMBERSHIP
C,2025-09-30,Citigroup Inc,CITIGROUP,172967424,,IN_MEMBERSHIP
C,2025-12-31,Citigroup Inc,CITIGROUP,172967424,,IN_MEMBERSHIP
CAG,2020-12-31,Conagra Brands Inc,CONAGRA BRANDS,205887102,,PRE_WINDOW_SUPPORT
CAG,2021-03-31,Conagra Brands Inc,CONAGRA BRANDS,205887102,,IN_MEMBERSHIP
CAG,2021-06-30,Conagra Brands Inc,CONAGRA BRANDS,205887102,,IN_MEMBERSHIP
CAG,2021-09-30,Conagra Brands Inc,CONAGRA BRANDS,205887102,,IN_MEMBERSHIP
CAG,2021-12-31,Conagra Brands Inc,CONAGRA BRANDS,205887102,,IN_MEMBERSHIP
CAG,2022-03-31,Conagra Brands Inc,CONAGRA BRANDS,205887102,,IN_MEMBERSHIP
CAG,2022-06-30,Conagra Brands Inc,CONAGRA BRANDS,205887102,,IN_MEMBERSHIP
CAG,2022-09-30,Conagra Brands Inc,CONAGRA BRANDS,205887102,,IN_MEMBERSHIP
CAG,2022-12-31,Conagra Brands Inc,CONAGRA BRANDS,205887102,,IN_MEMBERSHIP
CAG,2023-03-31,Conagra Brands Inc,CONAGRA BRANDS,205887102,,IN_MEMBERSHIP
CAG,2023-06-30,Conagra Brands Inc,CONAGRA BRANDS,205887102,,IN_MEMBERSHIP
CAG,2023-09-30,Conagra Brands Inc,CONAGRA BRANDS,205887102,,IN_MEMBERSHIP
CAG,2023-12-31,Conagra Brands Inc,CONAGRA BRANDS,205887102,,IN_MEMBERSHIP
CAG,2024-03-31,Conagra Brands Inc,CONAGRA BRANDS,205887102,,IN_MEMBERSHIP
CAG,2024-06-30,Conagra Brands Inc,CONAGRA BRANDS,205887102,,IN_MEMBERSHIP
CAG,2024-09-30,Conagra Brands Inc,CONAGRA BRANDS,205887102,,IN_MEMBERSHIP
CAG,2024-12-31,Conagra Brands Inc,CONAGRA BRANDS,205887102,,IN_MEMBERSHIP
CAG,2025-03-31,Conagra Brands Inc,CONAGRA BRANDS,205887102,,IN_MEMBERSHIP
CAG,2025-06-30,Conagra Brands Inc,CONAGRA BRANDS,205887102,,IN_MEMBERSHIP
CAG,2025-09-30,Conagra Brands Inc,CONAGRA BRANDS,205887102,,IN_MEMBERSHIP
CAG,2025-12-31,Conagra Brands Inc,CONAGRA BRANDS,205887102,,IN_MEMBERSHIP
CAH,2020-12-31,Cardinal Health Inc,CARDINAL HEALTH,14149Y108,,PRE_WINDOW_SUPPORT
CAH,2021-03-31,Cardinal Health Inc,CARDINAL HEALTH,14149Y108,,IN_MEMBERSHIP
CAH,2021-06-30,Cardinal Health Inc,CARDINAL HEALTH,14149Y108,,IN_MEMBERSHIP
CAH,2021-09-30,Cardinal Health Inc,CARDINAL HEALTH,14149Y108,,IN_MEMBERSHIP
CAH,2021-12-31,Cardinal Health Inc,CARDINAL HEALTH,14149Y108,,IN_MEMBERSHIP
CAH,2022-03-31,Cardinal Health Inc,CARDINAL HEALTH,14149Y108,,IN_MEMBERSHIP
CAH,2022-06-30,Cardinal Health Inc,CARDINAL HEALTH,14149Y108,,IN_MEMBERSHIP
CAH,2022-09-30,Cardinal Health Inc,CARDINAL HEALTH,14149Y108,,IN_MEMBERSHIP
CAH,2022-12-31,Cardinal Health Inc,CARDINAL HEALTH,14149Y108,,IN_MEMBERSHIP
CAH,2023-03-31,Cardinal Health Inc,CARDINAL HEALTH,14149Y108,,IN_MEMBERSHIP
CAH,2023-06-30,Cardinal Health Inc,CARDINAL HEALTH,14149Y108,,IN_MEMBERSHIP
CAH,2023-09-30,Cardinal Health Inc,CARDINAL HEALTH,14149Y108,,IN_MEMBERSHIP
CAH,2023-12-31,Cardinal Health Inc,CARDINAL HEALTH,14149Y108,,IN_MEMBERSHIP
CAH,2024-03-31,Cardinal Health Inc,CARDINAL HEALTH,14149Y108,,IN_MEMBERSHIP
CAH,2024-06-30,Cardinal Health Inc,CARDINAL HEALTH,14149Y108,,IN_MEMBERSHIP
CAH,2024-09-30,Cardinal Health Inc,CARDINAL HEALTH,14149Y108,,IN_MEMBERSHIP
CAH,2024-12-31,Cardinal Health Inc,CARDINAL HEALTH,14149Y108,,IN_MEMBERSHIP
CAH,2025-03-31,Cardinal Health Inc,CARDINAL HEALTH,14149Y108,,IN_MEMBERSHIP
CAH,2025-06-30,Cardinal Health Inc,CARDINAL HEALTH,14149Y108,,IN_MEMBERSHIP
CAH,2025-09-30,Cardinal Health Inc,CARDINAL HEALTH,14149Y108,,IN_MEMBERSHIP
CAH,2025-12-31,Cardinal Health Inc,CARDINAL HEALTH,14149Y108,,IN_MEMBERSHIP
CARR,2020-12-31,Carrier Global Corp,CARRIER GLOBAL,14448C104,,PRE_WINDOW_SUPPORT
CARR,2021-03-31,Carrier Global Corp,CARRIER GLOBAL,14448C104,,IN_MEMBERSHIP
CARR,2021-06-30,Carrier Global Corp,CARRIER GLOBAL,14448C104,,IN_MEMBERSHIP
CARR,2021-09-30,Carrier Global Corp,CARRIER GLOBAL,14448C104,,IN_MEMBERSHIP
CARR,2021-12-31,Carrier Global Corp,CARRIER GLOBAL,14448C104,,IN_MEMBERSHIP
CARR,2022-03-31,Carrier Global Corp,CARRIER GLOBAL,14448C104,,IN_MEMBERSHIP
CARR,2022-06-30,Carrier Global Corp,CARRIER GLOBAL,14448C104,,IN_MEMBERSHIP
CARR,2022-09-30,Carrier Global Corp,CARRIER GLOBAL,14448C104,,IN_MEMBERSHIP
CARR,2022-12-31,Carrier Global Corp,CARRIER GLOBAL,14448C104,,IN_MEMBERSHIP
CARR,2023-03-31,Carrier Global Corp,CARRIER GLOBAL,14448C104,,IN_MEMBERSHIP
CARR,2023-06-30,Carrier Global Corp,CARRIER GLOBAL,14448C104,,IN_MEMBERSHIP
CARR,2023-09-30,Carrier Global Corp,CARRIER GLOBAL,14448C104,,IN_MEMBERSHIP
CARR,2023-12-31,Carrier Global Corp,CARRIER GLOBAL,14448C104,,IN_MEMBERSHIP
CARR,2024-03-31,Carrier Global Corp,CARRIER GLOBAL,14448C104,,IN_MEMBERSHIP
CARR,2024-06-30,Carrier Global Corp,CARRIER GLOBAL,14448C104,,IN_MEMBERSHIP
CARR,2024-09-30,Carrier Global Corp,CARRIER GLOBAL,14448C104,,IN_MEMBERSHIP
CARR,2024-12-31,Carrier Global Corp,CARRIER GLOBAL,14448C104,,IN_MEMBERSHIP
CARR,2025-03-31,Carrier Global Corp,CARRIER GLOBAL,14448C104,,IN_MEMBERSHIP
CARR,2025-06-30,Carrier Global Corp,CARRIER GLOBAL,14448C104,,IN_MEMBERSHIP
CARR,2025-09-30,Carrier Global Corp,CARRIER GLOBAL,14448C104,,IN_MEMBERSHIP
CARR,2025-12-31,Carrier Global Corp,CARRIER GLOBAL,14448C104,,IN_MEMBERSHIP
CAT,2020-12-31,Caterpillar Inc,CATERPILLAR,149123101,,PRE_WINDOW_SUPPORT
CAT,2021-03-31,Caterpillar Inc,CATERPILLAR,149123101,,IN_MEMBERSHIP
CAT,2021-06-30,Caterpillar Inc,CATERPILLAR,149123101,,IN_MEMBERSHIP
CAT,2021-09-30,Caterpillar Inc,CATERPILLAR,149123101,,IN_MEMBERSHIP
CAT,2021-12-31,Caterpillar Inc,CATERPILLAR,149123101,,IN_MEMBERSHIP
CAT,2022-03-31,Caterpillar Inc,CATERPILLAR,149123101,,IN_MEMBERSHIP
CAT,2022-06-30,Caterpillar Inc,CATERPILLAR,149123101,,IN_MEMBERSHIP
CAT,2022-09-30,Caterpillar Inc,CATERPILLAR,149123101,,IN_MEMBERSHIP
CAT,2022-12-31,Caterpillar Inc,CATERPILLAR,149123101,,IN_MEMBERSHIP
CAT,2023-03-31,Caterpillar Inc,CATERPILLAR,149123101,,IN_MEMBERSHIP
CAT,2023-06-30,Caterpillar Inc,CATERPILLAR,149123101,,IN_MEMBERSHIP
CAT,2023-09-30,Caterpillar Inc,CATERPILLAR,149123101,,IN_MEMBERSHIP
CAT,2023-12-31,Caterpillar Inc,CATERPILLAR,149123101,,IN_MEMBERSHIP
CAT,2024-03-31,Caterpillar Inc,CATERPILLAR,149123101,,IN_MEMBERSHIP
CAT,2024-06-30,Caterpillar Inc,CATERPILLAR,149123101,,IN_MEMBERSHIP
CAT,2024-09-30,Caterpillar Inc,CATERPILLAR,149123101,,IN_MEMBERSHIP
CAT,2024-12-31,Caterpillar Inc,CATERPILLAR,149123101,,IN_MEMBERSHIP
CAT,2025-03-31,Caterpillar Inc,CATERPILLAR,149123101,,IN_MEMBERSHIP
CAT,2025-06-30,Caterpillar Inc,CATERPILLAR,149123101,,IN_MEMBERSHIP
CAT,2025-09-30,Caterpillar Inc,CATERPILLAR,149123101,,IN_MEMBERSHIP
CAT,2025-12-31,Caterpillar Inc,CATERPILLAR,149123101,,IN_MEMBERSHIP
CB,2020-12-31,Chubb Ltd,CHUBB,CH0044328745,,PRE_WINDOW_SUPPORT
CB,2021-03-31,Chubb Ltd,CHUBB,CH0044328745,,IN_MEMBERSHIP
CB,2021-06-30,Chubb Ltd,CHUBB,CH0044328745,,IN_MEMBERSHIP
CB,2021-09-30,Chubb Ltd,CHUBB,CH0044328745,,IN_MEMBERSHIP
CB,2021-12-31,Chubb Ltd,CHUBB,CH0044328745,,IN_MEMBERSHIP
CB,2022-03-31,Chubb Ltd,CHUBB,CH0044328745,,IN_MEMBERSHIP
CB,2022-06-30,Chubb Ltd,CHUBB,CH0044328745,,IN_MEMBERSHIP
CB,2022-09-30,Chubb Ltd,CHUBB,CH0044328745,,IN_MEMBERSHIP
CB,2022-12-31,Chubb Ltd,CHUBB,CH0044328745,,IN_MEMBERSHIP
CB,2023-03-31,Chubb Ltd,CHUBB,CH0044328745,,IN_MEMBERSHIP
CB,2023-06-30,Chubb Ltd,CHUBB,CH0044328745,,IN_MEMBERSHIP
CB,2023-09-30,Chubb Ltd,CHUBB,CH0044328745,,IN_MEMBERSHIP
CB,2023-12-31,Chubb Ltd,CHUBB,CH0044328745,,IN_MEMBERSHIP
CB,2024-03-31,Chubb Ltd,CHUBB,CH0044328745,,IN_MEMBERSHIP
CB,2024-06-30,Chubb Ltd,CHUBB,CH0044328745,,IN_MEMBERSHIP
CB,2024-09-30,Chubb Ltd,CHUBB,CH0044328745,,IN_MEMBERSHIP
CB,2024-12-31,Chubb Ltd,CHUBB,CH0044328745,,IN_MEMBERSHIP
CB,2025-03-31,Chubb Ltd,CHUBB,CH0044328745,,IN_MEMBERSHIP
CB,2025-06-30,Chubb Ltd,CHUBB,CH0044328745,,IN_MEMBERSHIP
CB,2025-09-30,Chubb Ltd,CHUBB,CH0044328745,,IN_MEMBERSHIP
CB,2025-12-31,Chubb Ltd,CHUBB,CH0044328745,,IN_MEMBERSHIP
CBOE,2020-12-31,Cboe Global Markets Inc,CBOE GLOBAL MARKETS,12503M108,,PRE_WINDOW_SUPPORT
CBOE,2021-03-31,Cboe Global Markets Inc,CBOE GLOBAL MARKETS,12503M108,,IN_MEMBERSHIP
CBOE,2021-06-30,Cboe Global Markets Inc,CBOE GLOBAL MARKETS,12503M108,,IN_MEMBERSHIP
CBOE,2021-09-30,Cboe Global Markets Inc,CBOE GLOBAL MARKETS,12503M108,,IN_MEMBERSHIP
CBOE,2021-12-31,Cboe Global Markets Inc,CBOE GLOBAL MARKETS,12503M108,,IN_MEMBERSHIP
CBOE,2022-03-31,Cboe Global Markets Inc,CBOE GLOBAL MARKETS,12503M108,,IN_MEMBERSHIP
CBOE,2022-06-30,Cboe Global Markets Inc,CBOE GLOBAL MARKETS,12503M108,,IN_MEMBERSHIP
CBOE,2022-09-30,Cboe Global Markets Inc,CBOE GLOBAL MARKETS,12503M108,,IN_MEMBERSHIP
CBOE,2022-12-31,Cboe Global Markets Inc,CBOE GLOBAL MARKETS,12503M108,,IN_MEMBERSHIP
CBOE,2023-03-31,Cboe Global Markets Inc,CBOE GLOBAL MARKETS,12503M108,,IN_MEMBERSHIP
CBOE,2023-06-30,Cboe Global Markets Inc,CBOE GLOBAL MARKETS,12503M108,,IN_MEMBERSHIP
CBOE,2023-09-30,Cboe Global Markets Inc,CBOE GLOBAL MARKETS,12503M108,,IN_MEMBERSHIP
CBOE,2023-12-31,Cboe Global Markets Inc,CBOE GLOBAL MARKETS,12503M108,,IN_MEMBERSHIP
CBOE,2024-03-31,Cboe Global Markets Inc,CBOE GLOBAL MARKETS,12503M108,,IN_MEMBERSHIP
CBOE,2024-06-30,Cboe Global Markets Inc,CBOE GLOBAL MARKETS,12503M108,,IN_MEMBERSHIP
CBOE,2024-09-30,Cboe Global Markets Inc,CBOE GLOBAL MARKETS,12503M108,,IN_MEMBERSHIP
CBOE,2024-12-31,Cboe Global Markets Inc,CBOE GLOBAL MARKETS,12503M108,,IN_MEMBERSHIP
CBOE,2025-03-31,Cboe Global Markets Inc,CBOE GLOBAL MARKETS,12503M108,,IN_MEMBERSHIP
CBOE,2025-06-30,Cboe Global Markets Inc,CBOE GLOBAL MARKETS,12503M108,,IN_MEMBERSHIP
CBOE,2025-09-30,Cboe Global Markets Inc,CBOE GLOBAL MARKETS,12503M108,,IN_MEMBERSHIP
CBOE,2025-12-31,Cboe Global Markets Inc,CBOE GLOBAL MARKETS,12503M108,,IN_MEMBERSHIP
CBRE,2020-12-31,CBRE Group Inc,CBRE GROUP,12504L109,,PRE_WINDOW_SUPPORT
CBRE,2021-03-31,CBRE Group Inc,CBRE GROUP,12504L109,,IN_MEMBERSHIP
CBRE,2021-06-30,CBRE Group Inc,CBRE GROUP,12504L109,,IN_MEMBERSHIP
CBRE,2021-09-30,CBRE Group Inc,CBRE GROUP,12504L109,,IN_MEMBERSHIP
CBRE,2021-12-31,CBRE Group Inc,CBRE GROUP,12504L109,,IN_MEMBERSHIP
CBRE,2022-03-31,CBRE Group Inc,CBRE GROUP,12504L109,,IN_MEMBERSHIP
CBRE,2022-06-30,CBRE Group Inc,CBRE GROUP,12504L109,,IN_MEMBERSHIP
CBRE,2022-09-30,CBRE Group Inc,CBRE GROUP,12504L109,,IN_MEMBERSHIP
CBRE,2022-12-31,CBRE Group Inc,CBRE GROUP,12504L109,,IN_MEMBERSHIP
CBRE,2023-03-31,CBRE Group Inc,CBRE GROUP,12504L109,,IN_MEMBERSHIP
CBRE,2023-06-30,CBRE Group Inc,CBRE GROUP,12504L109,,IN_MEMBERSHIP
CBRE,2023-09-30,CBRE Group Inc,CBRE GROUP,12504L109,,IN_MEMBERSHIP
CBRE,2023-12-31,CBRE Group Inc,CBRE GROUP,12504L109,,IN_MEMBERSHIP
CBRE,2024-03-31,CBRE Group Inc,CBRE GROUP,12504L109,,IN_MEMBERSHIP
CBRE,2024-06-30,CBRE Group Inc,CBRE GROUP,12504L109,,IN_MEMBERSHIP
CBRE,2024-09-30,CBRE Group Inc,CBRE GROUP,12504L109,,IN_MEMBERSHIP
CBRE,2024-12-31,CBRE Group Inc,CBRE GROUP,12504L109,,IN_MEMBERSHIP
CBRE,2025-03-31,CBRE Group Inc,CBRE GROUP,12504L109,,IN_MEMBERSHIP
CBRE,2025-06-30,CBRE Group Inc,CBRE GROUP,12504L109,,IN_MEMBERSHIP
CBRE,2025-09-30,CBRE Group Inc,CBRE GROUP,12504L109,,IN_MEMBERSHIP
CBRE,2025-12-31,CBRE Group Inc,CBRE GROUP,12504L109,,IN_MEMBERSHIP
CCI,2020-12-31,Crown Castle International Corp,CROWN CASTLE INTERNATIONAL,22822V101,,PRE_WINDOW_SUPPORT
CCI,2021-03-31,Crown Castle International Corp,CROWN CASTLE INTERNATIONAL,22822V101,,IN_MEMBERSHIP
CCI,2021-06-30,Crown Castle International Corp,CROWN CASTLE INTERNATIONAL,22822V101,,IN_MEMBERSHIP
CCI,2021-09-30,Crown Castle International Corp,CROWN CASTLE INTERNATIONAL,22822V101,,IN_MEMBERSHIP
CCI,2021-12-31,Crown Castle International Corp,CROWN CASTLE INTERNATIONAL,22822V101,,IN_MEMBERSHIP
CCI,2022-03-31,Crown Castle International Corp,CROWN CASTLE INTERNATIONAL,22822V101,,IN_MEMBERSHIP
CCI,2022-06-30,Crown Castle International Corp,CROWN CASTLE INTERNATIONAL,22822V101,,IN_MEMBERSHIP
CCI,2022-09-30,Crown Castle Inc,CROWN CASTLE,22822V101,,IN_MEMBERSHIP
CCI,2022-12-31,Crown Castle Inc,CROWN CASTLE,22822V101,,IN_MEMBERSHIP
CCI,2023-03-31,Crown Castle Inc,CROWN CASTLE,22822V101,,IN_MEMBERSHIP
CCI,2023-06-30,Crown Castle Inc,CROWN CASTLE,22822V101,,IN_MEMBERSHIP
CCI,2023-09-30,Crown Castle Inc,CROWN CASTLE,22822V101,,IN_MEMBERSHIP
CCI,2023-12-31,Crown Castle Inc,CROWN CASTLE,22822V101,,IN_MEMBERSHIP
CCI,2024-03-31,Crown Castle Inc,CROWN CASTLE,22822V101,,IN_MEMBERSHIP
CCI,2024-06-30,Crown Castle Inc,CROWN CASTLE,22822V101,,IN_MEMBERSHIP
CCI,2024-09-30,Crown Castle Inc,CROWN CASTLE,22822V101,,IN_MEMBERSHIP
CCI,2024-12-31,Crown Castle Inc,CROWN CASTLE,22822V101,,IN_MEMBERSHIP
CCI,2025-03-31,Crown Castle Inc,CROWN CASTLE,22822V101,,IN_MEMBERSHIP
CCI,2025-06-30,Crown Castle Inc,CROWN CASTLE,22822V101,,IN_MEMBERSHIP
CCI,2025-09-30,Crown Castle Inc,CROWN CASTLE,22822V101,,IN_MEMBERSHIP
CCI,2025-12-31,Crown Castle Inc,CROWN CASTLE,22822V101,,IN_MEMBERSHIP
CCL,2020-12-31,Carnival Corp,CARNIVAL,PA1436583006,,PRE_WINDOW_SUPPORT
CCL,2021-03-31,Carnival Corp,CARNIVAL,PA1436583006,,IN_MEMBERSHIP
CCL,2021-06-30,Carnival Corp,CARNIVAL,PA1436583006,,IN_MEMBERSHIP
CCL,2021-09-30,Carnival Corp,CARNIVAL,PA1436583006,,IN_MEMBERSHIP
CCL,2021-12-31,Carnival Corp,CARNIVAL,PA1436583006,,IN_MEMBERSHIP
CCL,2022-03-31,Carnival Corp,CARNIVAL,143658300,,IN_MEMBERSHIP
CCL,2022-06-30,Carnival Corp,CARNIVAL,143658300,,IN_MEMBERSHIP
CCL,2022-09-30,Carnival Corp,CARNIVAL,143658300,,IN_MEMBERSHIP
CCL,2022-12-31,Carnival Corp,CARNIVAL,143658300,,IN_MEMBERSHIP
CCL,2023-03-31,Carnival Corp,CARNIVAL,143658300,,IN_MEMBERSHIP
CCL,2023-06-30,Carnival Corp,CARNIVAL,143658300,,IN_MEMBERSHIP
CCL,2023-09-30,Carnival Corp,CARNIVAL,143658300,,IN_MEMBERSHIP
CCL,2023-12-31,Carnival Corp,CARNIVAL,143658300,,IN_MEMBERSHIP
CCL,2024-03-31,Carnival Corp,CARNIVAL,143658300,,IN_MEMBERSHIP
CCL,2024-06-30,Carnival Corp,CARNIVAL,143658300,,IN_MEMBERSHIP
CCL,2024-09-30,Carnival Corp,CARNIVAL,143658300,,IN_MEMBERSHIP
CCL,2024-12-31,Carnival Corp,CARNIVAL,143658300,,IN_MEMBERSHIP
CCL,2025-03-31,Carnival Corp,CARNIVAL,143658300,,IN_MEMBERSHIP
CCL,2025-06-30,Carnival Corp,CARNIVAL,143658300,,IN_MEMBERSHIP
CCL,2025-09-30,Carnival Corp,CARNIVAL,143658300,,IN_MEMBERSHIP
CCL,2025-12-31,Carnival Corp,CARNIVAL,143658300,,IN_MEMBERSHIP
CDNS,2020-12-31,Cadence Design Systems Inc,CADENCE DESIGN SYSTEMS,127387108,,PRE_WINDOW_SUPPORT
CDNS,2021-03-31,Cadence Design Systems Inc,CADENCE DESIGN SYSTEMS,127387108,,IN_MEMBERSHIP
CDNS,2021-06-30,Cadence Design Systems Inc,CADENCE DESIGN SYSTEMS,127387108,,IN_MEMBERSHIP
CDNS,2021-09-30,Cadence Design Systems Inc,CADENCE DESIGN SYSTEMS,127387108,,IN_MEMBERSHIP
CDNS,2021-12-31,Cadence Design Systems Inc,CADENCE DESIGN SYSTEMS,127387108,,IN_MEMBERSHIP
CDNS,2022-03-31,Cadence Design Systems Inc,CADENCE DESIGN SYSTEMS,127387108,,IN_MEMBERSHIP
CDNS,2022-06-30,Cadence Design Systems Inc,CADENCE DESIGN SYSTEMS,127387108,,IN_MEMBERSHIP
CDNS,2022-09-30,Cadence Design Systems Inc,CADENCE DESIGN SYSTEMS,127387108,,IN_MEMBERSHIP
CDNS,2022-12-31,Cadence Design Systems Inc,CADENCE DESIGN SYSTEMS,127387108,,IN_MEMBERSHIP
CDNS,2023-03-31,Cadence Design Systems Inc,CADENCE DESIGN SYSTEMS,127387108,,IN_MEMBERSHIP
CDNS,2023-06-30,Cadence Design Systems Inc,CADENCE DESIGN SYSTEMS,127387108,,IN_MEMBERSHIP
CDNS,2023-09-30,Cadence Design Systems Inc,CADENCE DESIGN SYSTEMS,127387108,,IN_MEMBERSHIP
CDNS,2023-12-31,Cadence Design Systems Inc,CADENCE DESIGN SYSTEMS,127387108,,IN_MEMBERSHIP
CDNS,2024-03-31,Cadence Design Systems Inc,CADENCE DESIGN SYSTEMS,127387108,,IN_MEMBERSHIP
CDNS,2024-06-30,Cadence Design Systems Inc,CADENCE DESIGN SYSTEMS,127387108,,IN_MEMBERSHIP
CDNS,2024-09-30,Cadence Design Systems Inc,CADENCE DESIGN SYSTEMS,127387108,,IN_MEMBERSHIP
CDNS,2024-12-31,Cadence Design Systems Inc,CADENCE DESIGN SYSTEMS,127387108,,IN_MEMBERSHIP
CDNS,2025-03-31,Cadence Design Systems Inc,CADENCE DESIGN SYSTEMS,127387108,,IN_MEMBERSHIP
CDNS,2025-06-30,Cadence Design Systems Inc,CADENCE DESIGN SYSTEMS,127387108,,IN_MEMBERSHIP
CDNS,2025-09-30,Cadence Design Systems Inc,CADENCE DESIGN SYSTEMS,127387108,,IN_MEMBERSHIP
CDNS,2025-12-31,Cadence Design Systems Inc,CADENCE DESIGN SYSTEMS,127387108,,IN_MEMBERSHIP
CDW,2020-12-31,CDW Corp/DE,CDW CORP DE,12514G108,,PRE_WINDOW_SUPPORT
CDW,2021-03-31,CDW Corp/DE,CDW CORP DE,12514G108,,IN_MEMBERSHIP
CDW,2021-06-30,CDW Corp/DE,CDW CORP DE,12514G108,,IN_MEMBERSHIP
CDW,2021-09-30,CDW Corp/DE,CDW CORP DE,12514G108,,IN_MEMBERSHIP
CDW,2021-12-31,CDW Corp/DE,CDW CORP DE,12514G108,,IN_MEMBERSHIP
CDW,2022-03-31,CDW Corp/DE,CDW CORP DE,12514G108,,IN_MEMBERSHIP
CDW,2022-06-30,CDW Corp/DE,CDW CORP DE,12514G108,,IN_MEMBERSHIP
CDW,2022-09-30,CDW Corp/DE,CDW CORP DE,12514G108,,IN_MEMBERSHIP
CDW,2022-12-31,CDW Corp/DE,CDW CORP DE,12514G108,,IN_MEMBERSHIP
CDW,2023-03-31,CDW Corp/DE,CDW CORP DE,12514G108,,IN_MEMBERSHIP
CDW,2023-06-30,CDW Corp/DE,CDW CORP DE,12514G108,,IN_MEMBERSHIP
CDW,2023-09-30,CDW Corp/DE,CDW CORP DE,12514G108,,IN_MEMBERSHIP
CDW,2023-12-31,CDW Corp/DE,CDW CORP DE,12514G108,,IN_MEMBERSHIP
CDW,2024-03-31,CDW Corp/DE,CDW CORP DE,12514G108,,IN_MEMBERSHIP
CDW,2024-06-30,CDW Corp/DE,CDW CORP DE,12514G108,,IN_MEMBERSHIP
CDW,2024-09-30,CDW Corp/DE,CDW CORP DE,12514G108,,IN_MEMBERSHIP
CDW,2024-12-31,CDW Corp/DE,CDW CORP DE,12514G108,,IN_MEMBERSHIP
CDW,2025-03-31,CDW Corp/DE,CDW CORP DE,12514G108,,IN_MEMBERSHIP
CDW,2025-06-30,CDW Corp/DE,CDW CORP DE,12514G108,,IN_MEMBERSHIP
CDW,2025-09-30,CDW Corp/DE,CDW CORP DE,12514G108,,IN_MEMBERSHIP
CDW,2025-12-31,CDW Corp/DE,CDW CORP DE,12514G108,,IN_MEMBERSHIP
CEG,2022-03-31,Constellation Energy Corp,CONSTELLATION ENERGY,21037T109,,IN_MEMBERSHIP
CEG,2022-06-30,Constellation Energy Corp,CONSTELLATION ENERGY,21037T109,,IN_MEMBERSHIP
CEG,2022-09-30,Constellation Energy Corp,CONSTELLATION ENERGY,21037T109,,IN_MEMBERSHIP
CEG,2022-12-31,Constellation Energy Corp,CONSTELLATION ENERGY,21037T109,,IN_MEMBERSHIP
CEG,2023-03-31,Constellation Energy Corp,CONSTELLATION ENERGY,21037T109,,IN_MEMBERSHIP
CEG,2023-06-30,Constellation Energy Corp,CONSTELLATION ENERGY,21037T109,,IN_MEMBERSHIP
CEG,2023-09-30,Constellation Energy Corp,CONSTELLATION ENERGY,21037T109,,IN_MEMBERSHIP
CEG,2023-12-31,Constellation Energy Corp,CONSTELLATION ENERGY,21037T109,,IN_MEMBERSHIP
CEG,2024-03-31,Constellation Energy Corp,CONSTELLATION ENERGY,21037T109,,IN_MEMBERSHIP
CEG,2024-06-30,Constellation Energy Corp,CONSTELLATION ENERGY,21037T109,,IN_MEMBERSHIP
CEG,2024-09-30,Constellation Energy Corp,CONSTELLATION ENERGY,21037T109,,IN_MEMBERSHIP
CEG,2024-12-31,Constellation Energy Corp,CONSTELLATION ENERGY,21037T109,,IN_MEMBERSHIP
CEG,2025-03-31,Constellation Energy Corp,CONSTELLATION ENERGY,21037T109,,IN_MEMBERSHIP
CEG,2025-06-30,Constellation Energy Corp,CONSTELLATION ENERGY,21037T109,,IN_MEMBERSHIP
CEG,2025-09-30,Constellation Energy Corp,CONSTELLATION ENERGY,21037T109,,IN_MEMBERSHIP
CEG,2025-12-31,Constellation Energy Corp,CONSTELLATION ENERGY,21037T109,,IN_MEMBERSHIP
CF,2020-12-31,CF Industries Holdings Inc,CF INDUSTRIES,125269100,,PRE_WINDOW_SUPPORT
CF,2021-03-31,CF Industries Holdings Inc,CF INDUSTRIES,125269100,,IN_MEMBERSHIP
CF,2021-06-30,CF Industries Holdings Inc,CF INDUSTRIES,125269100,,IN_MEMBERSHIP
CF,2021-09-30,CF Industries Holdings Inc,CF INDUSTRIES,125269100,,IN_MEMBERSHIP
CF,2021-12-31,CF Industries Holdings Inc,CF INDUSTRIES,125269100,,IN_MEMBERSHIP
CF,2022-03-31,CF Industries Holdings Inc,CF INDUSTRIES,125269100,,IN_MEMBERSHIP
CF,2022-06-30,CF Industries Holdings Inc,CF INDUSTRIES,125269100,,IN_MEMBERSHIP
CF,2022-09-30,CF Industries Holdings Inc,CF INDUSTRIES,125269100,,IN_MEMBERSHIP
CF,2022-12-31,CF Industries Holdings Inc,CF INDUSTRIES,125269100,,IN_MEMBERSHIP
CF,2023-03-31,CF Industries Holdings Inc,CF INDUSTRIES,125269100,,IN_MEMBERSHIP
CF,2023-06-30,CF Industries Holdings Inc,CF INDUSTRIES,125269100,,IN_MEMBERSHIP
CF,2023-09-30,CF Industries Holdings Inc,CF INDUSTRIES,125269100,,IN_MEMBERSHIP
CF,2023-12-31,CF Industries Holdings Inc,CF INDUSTRIES,125269100,,IN_MEMBERSHIP
CF,2024-03-31,CF Industries Holdings Inc,CF INDUSTRIES,125269100,,IN_MEMBERSHIP
CF,2024-06-30,CF Industries Holdings Inc,CF INDUSTRIES,125269100,,IN_MEMBERSHIP
CF,2024-09-30,CF Industries Holdings Inc,CF INDUSTRIES,125269100,,IN_MEMBERSHIP
CF,2024-12-31,CF Industries Holdings Inc,CF INDUSTRIES,125269100,,IN_MEMBERSHIP
CF,2025-03-31,CF Industries Holdings Inc,CF INDUSTRIES,125269100,,IN_MEMBERSHIP
CF,2025-06-30,CF Industries Holdings Inc,CF INDUSTRIES,125269100,,IN_MEMBERSHIP
CF,2025-09-30,CF Industries Holdings Inc,CF INDUSTRIES,125269100,,IN_MEMBERSHIP
CF,2025-12-31,CF Industries Holdings Inc,CF INDUSTRIES,125269100,,IN_MEMBERSHIP
CFG,2020-12-31,Citizens Financial Group Inc,CITIZENS FINANCIAL GROUP,174610105,,PRE_WINDOW_SUPPORT
CFG,2021-03-31,Citizens Financial Group Inc,CITIZENS FINANCIAL GROUP,174610105,,IN_MEMBERSHIP
CFG,2021-06-30,Citizens Financial Group Inc,CITIZENS FINANCIAL GROUP,174610105,,IN_MEMBERSHIP
CFG,2021-09-30,Citizens Financial Group Inc,CITIZENS FINANCIAL GROUP,174610105,,IN_MEMBERSHIP
CFG,2021-12-31,Citizens Financial Group Inc,CITIZENS FINANCIAL GROUP,174610105,,IN_MEMBERSHIP
CFG,2022-03-31,Citizens Financial Group Inc,CITIZENS FINANCIAL GROUP,174610105,,IN_MEMBERSHIP
CFG,2022-06-30,Citizens Financial Group Inc,CITIZENS FINANCIAL GROUP,174610105,,IN_MEMBERSHIP
CFG,2022-09-30,Citizens Financial Group Inc,CITIZENS FINANCIAL GROUP,174610105,,IN_MEMBERSHIP
CFG,2022-12-31,Citizens Financial Group Inc,CITIZENS FINANCIAL GROUP,174610105,,IN_MEMBERSHIP
CFG,2023-03-31,Citizens Financial Group Inc,CITIZENS FINANCIAL GROUP,174610105,,IN_MEMBERSHIP
CFG,2023-06-30,Citizens Financial Group Inc,CITIZENS FINANCIAL GROUP,174610105,,IN_MEMBERSHIP
CFG,2023-09-30,Citizens Financial Group Inc,CITIZENS FINANCIAL GROUP,174610105,,IN_MEMBERSHIP
CFG,2023-12-31,Citizens Financial Group Inc,CITIZENS FINANCIAL GROUP,174610105,,IN_MEMBERSHIP
CFG,2024-03-31,Citizens Financial Group Inc,CITIZENS FINANCIAL GROUP,174610105,,IN_MEMBERSHIP
CFG,2024-06-30,Citizens Financial Group Inc,CITIZENS FINANCIAL GROUP,174610105,,IN_MEMBERSHIP
CFG,2024-09-30,Citizens Financial Group Inc,CITIZENS FINANCIAL GROUP,174610105,,IN_MEMBERSHIP
CFG,2024-12-31,Citizens Financial Group Inc,CITIZENS FINANCIAL GROUP,174610105,,IN_MEMBERSHIP
CFG,2025-03-31,Citizens Financial Group Inc,CITIZENS FINANCIAL GROUP,174610105,,IN_MEMBERSHIP
CFG,2025-06-30,Citizens Financial Group Inc,CITIZENS FINANCIAL GROUP,174610105,,IN_MEMBERSHIP
CFG,2025-09-30,Citizens Financial Group Inc,CITIZENS FINANCIAL GROUP,174610105,,IN_MEMBERSHIP
CFG,2025-12-31,Citizens Financial Group Inc,CITIZENS FINANCIAL GROUP,174610105,,IN_MEMBERSHIP
CHD,2020-12-31,Church & Dwight Co Inc,CHURCH AND DWIGHT,171340102,,PRE_WINDOW_SUPPORT
CHD,2021-03-31,Church & Dwight Co Inc,CHURCH AND DWIGHT,171340102,,IN_MEMBERSHIP
CHD,2021-06-30,Church & Dwight Co Inc,CHURCH AND DWIGHT,171340102,,IN_MEMBERSHIP
CHD,2021-09-30,Church & Dwight Co Inc,CHURCH AND DWIGHT,171340102,,IN_MEMBERSHIP
CHD,2021-12-31,Church & Dwight Co Inc,CHURCH AND DWIGHT,171340102,,IN_MEMBERSHIP
CHD,2022-03-31,Church & Dwight Co Inc,CHURCH AND DWIGHT,171340102,,IN_MEMBERSHIP
CHD,2022-06-30,Church & Dwight Co Inc,CHURCH AND DWIGHT,171340102,,IN_MEMBERSHIP
CHD,2022-09-30,Church & Dwight Co Inc,CHURCH AND DWIGHT,171340102,,IN_MEMBERSHIP
CHD,2022-12-31,Church & Dwight Co Inc,CHURCH AND DWIGHT,171340102,,IN_MEMBERSHIP
CHD,2023-03-31,Church & Dwight Co Inc,CHURCH AND DWIGHT,171340102,,IN_MEMBERSHIP
CHD,2023-06-30,Church & Dwight Co Inc,CHURCH AND DWIGHT,171340102,,IN_MEMBERSHIP
CHD,2023-09-30,Church & Dwight Co Inc,CHURCH AND DWIGHT,171340102,,IN_MEMBERSHIP
CHD,2023-12-31,Church & Dwight Co Inc,CHURCH AND DWIGHT,171340102,,IN_MEMBERSHIP
CHD,2024-03-31,Church & Dwight Co Inc,CHURCH AND DWIGHT,171340102,,IN_MEMBERSHIP
CHD,2024-06-30,Church & Dwight Co Inc,CHURCH AND DWIGHT,171340102,,IN_MEMBERSHIP
CHD,2024-09-30,Church & Dwight Co Inc,CHURCH AND DWIGHT,171340102,,IN_MEMBERSHIP
CHD,2024-12-31,Church & Dwight Co Inc,CHURCH AND DWIGHT,171340102,,IN_MEMBERSHIP
CHD,2025-03-31,Church & Dwight Co Inc,CHURCH AND DWIGHT,171340102,,IN_MEMBERSHIP
CHD,2025-06-30,Church & Dwight Co Inc,CHURCH AND DWIGHT,171340102,,IN_MEMBERSHIP
CHD,2025-09-30,Church & Dwight Co Inc,CHURCH AND DWIGHT,171340102,,IN_MEMBERSHIP
CHD,2025-12-31,Church & Dwight Co Inc,CHURCH AND DWIGHT,171340102,,IN_MEMBERSHIP
CHRW,2020-12-31,CH Robinson Worldwide Inc,CH ROBINSON WORLDWIDE,12541W209,,PRE_WINDOW_SUPPORT
CHRW,2021-03-31,CH Robinson Worldwide Inc,CH ROBINSON WORLDWIDE,12541W209,,IN_MEMBERSHIP
CHRW,2021-06-30,CH Robinson Worldwide Inc,CH ROBINSON WORLDWIDE,12541W209,,IN_MEMBERSHIP
CHRW,2021-09-30,CH Robinson Worldwide Inc,CH ROBINSON WORLDWIDE,12541W209,,IN_MEMBERSHIP
CHRW,2021-12-31,CH Robinson Worldwide Inc,CH ROBINSON WORLDWIDE,12541W209,,IN_MEMBERSHIP
CHRW,2022-03-31,CH Robinson Worldwide Inc,CH ROBINSON WORLDWIDE,12541W209,,IN_MEMBERSHIP
CHRW,2022-06-30,CH Robinson Worldwide Inc,CH ROBINSON WORLDWIDE,12541W209,,IN_MEMBERSHIP
CHRW,2022-09-30,CH Robinson Worldwide Inc,CH ROBINSON WORLDWIDE,12541W209,,IN_MEMBERSHIP
CHRW,2022-12-31,CH Robinson Worldwide Inc,CH ROBINSON WORLDWIDE,12541W209,,IN_MEMBERSHIP
CHRW,2023-03-31,CH Robinson Worldwide Inc,CH ROBINSON WORLDWIDE,12541W209,,IN_MEMBERSHIP
CHRW,2023-06-30,CH Robinson Worldwide Inc,CH ROBINSON WORLDWIDE,12541W209,,IN_MEMBERSHIP
CHRW,2023-09-30,CH Robinson Worldwide Inc,CH ROBINSON WORLDWIDE,12541W209,,IN_MEMBERSHIP
CHRW,2023-12-31,CH Robinson Worldwide Inc,CH ROBINSON WORLDWIDE,12541W209,,IN_MEMBERSHIP
CHRW,2024-03-31,CH Robinson Worldwide Inc,CH ROBINSON WORLDWIDE,12541W209,,IN_MEMBERSHIP
CHRW,2024-06-30,CH Robinson Worldwide Inc,CH ROBINSON WORLDWIDE,12541W209,,IN_MEMBERSHIP
CHRW,2024-09-30,CH Robinson Worldwide Inc,CH ROBINSON WORLDWIDE,12541W209,,IN_MEMBERSHIP
CHRW,2024-12-31,CH Robinson Worldwide Inc,CH ROBINSON WORLDWIDE,12541W209,,IN_MEMBERSHIP
CHRW,2025-03-31,CH Robinson Worldwide Inc,CH ROBINSON WORLDWIDE,12541W209,,IN_MEMBERSHIP
CHRW,2025-06-30,CH Robinson Worldwide Inc,CH ROBINSON WORLDWIDE,12541W209,,IN_MEMBERSHIP
CHRW,2025-09-30,CH Robinson Worldwide Inc,CH ROBINSON WORLDWIDE,12541W209,,IN_MEMBERSHIP
CHRW,2025-12-31,CH Robinson Worldwide Inc,CH ROBINSON WORLDWIDE,12541W209,,IN_MEMBERSHIP
CHTR,2020-12-31,Charter Communications Inc,CHARTER COMMUNICATIONS,16119P108,,PRE_WINDOW_SUPPORT
CHTR,2021-03-31,Charter Communications Inc,CHARTER COMMUNICATIONS,16119P108,,IN_MEMBERSHIP
CHTR,2021-06-30,Charter Communications Inc,CHARTER COMMUNICATIONS,16119P108,,IN_MEMBERSHIP
CHTR,2021-09-30,Charter Communications Inc,CHARTER COMMUNICATIONS,16119P108,,IN_MEMBERSHIP
CHTR,2021-12-31,Charter Communications Inc,CHARTER COMMUNICATIONS,16119P108,,IN_MEMBERSHIP
CHTR,2022-03-31,Charter Communications Inc,CHARTER COMMUNICATIONS,16119P108,,IN_MEMBERSHIP
CHTR,2022-06-30,Charter Communications Inc,CHARTER COMMUNICATIONS,16119P108,,IN_MEMBERSHIP
CHTR,2022-09-30,Charter Communications Inc,CHARTER COMMUNICATIONS,16119P108,,IN_MEMBERSHIP
CHTR,2022-12-31,Charter Communications Inc,CHARTER COMMUNICATIONS,16119P108,,IN_MEMBERSHIP
CHTR,2023-03-31,Charter Communications Inc,CHARTER COMMUNICATIONS,16119P108,,IN_MEMBERSHIP
CHTR,2023-06-30,Charter Communications Inc,CHARTER COMMUNICATIONS,16119P108,,IN_MEMBERSHIP
CHTR,2023-09-30,Charter Communications Inc,CHARTER COMMUNICATIONS,16119P108,,IN_MEMBERSHIP
CHTR,2023-12-31,Charter Communications Inc,CHARTER COMMUNICATIONS,16119P108,,IN_MEMBERSHIP
CHTR,2024-03-31,Charter Communications Inc,CHARTER COMMUNICATIONS,16119P108,,IN_MEMBERSHIP
CHTR,2024-06-30,Charter Communications Inc,CHARTER COMMUNICATIONS,16119P108,,IN_MEMBERSHIP
CHTR,2024-09-30,Charter Communications Inc,CHARTER COMMUNICATIONS,16119P108,,IN_MEMBERSHIP
CHTR,2024-12-31,Charter Communications Inc,CHARTER COMMUNICATIONS,16119P108,,IN_MEMBERSHIP
CHTR,2025-03-31,Charter Communications Inc,CHARTER COMMUNICATIONS,16119P108,,IN_MEMBERSHIP
CHTR,2025-06-30,Charter Communications Inc,CHARTER COMMUNICATIONS,16119P108,,IN_MEMBERSHIP
CHTR,2025-09-30,Charter Communications Inc,CHARTER COMMUNICATIONS,16119P108,,IN_MEMBERSHIP
CHTR,2025-12-31,Charter Communications Inc,CHARTER COMMUNICATIONS,16119P108,,IN_MEMBERSHIP
CI,2020-12-31,Cigna Corp,CIGNA,125523100,,PRE_WINDOW_SUPPORT
CI,2021-03-31,Cigna Corp,CIGNA,125523100,,IN_MEMBERSHIP
CI,2021-06-30,Cigna Corp,CIGNA,125523100,,IN_MEMBERSHIP
CI,2021-09-30,Cigna Corp,CIGNA,125523100,,IN_MEMBERSHIP
CI,2021-12-31,Cigna Corp,CIGNA,125523100,,IN_MEMBERSHIP
CI,2022-03-31,Cigna Corp,CIGNA,125523100,,IN_MEMBERSHIP
CI,2022-06-30,Cigna Corp,CIGNA,125523100,,IN_MEMBERSHIP
CI,2022-09-30,Cigna Corp,CIGNA,125523100,,IN_MEMBERSHIP
CI,2022-12-31,Cigna Corp,CIGNA,125523100,,IN_MEMBERSHIP
CI,2023-03-31,Cigna Group/The,CIGNA GROUP,125523100,,IN_MEMBERSHIP
CI,2023-06-30,Cigna Group/The,CIGNA GROUP,125523100,,IN_MEMBERSHIP
CI,2023-09-30,Cigna Group/The,CIGNA GROUP,125523100,,IN_MEMBERSHIP
CI,2023-12-31,Cigna Group/The,CIGNA GROUP,125523100,,IN_MEMBERSHIP
CI,2024-03-31,Cigna Group/The,CIGNA GROUP,125523100,,IN_MEMBERSHIP
CI,2024-06-30,Cigna Group/The,CIGNA GROUP,125523100,,IN_MEMBERSHIP
CI,2024-09-30,Cigna Group/The,CIGNA GROUP,125523100,,IN_MEMBERSHIP
CI,2024-12-31,Cigna Group/The,CIGNA GROUP,125523100,,IN_MEMBERSHIP
CI,2025-03-31,Cigna Group/The,CIGNA GROUP,125523100,,IN_MEMBERSHIP
CI,2025-06-30,Cigna Group/The,CIGNA GROUP,125523100,,IN_MEMBERSHIP
CI,2025-09-30,Cigna Group/The,CIGNA GROUP,125523100,,IN_MEMBERSHIP
CI,2025-12-31,Cigna Group/The,CIGNA GROUP,125523100,,IN_MEMBERSHIP
CINF,2020-12-31,Cincinnati Financial Corp,CINCINNATI FINANCIAL,172062101,,PRE_WINDOW_SUPPORT
CINF,2021-03-31,Cincinnati Financial Corp,CINCINNATI FINANCIAL,172062101,,IN_MEMBERSHIP
CINF,2021-06-30,Cincinnati Financial Corp,CINCINNATI FINANCIAL,172062101,,IN_MEMBERSHIP
CINF,2021-09-30,Cincinnati Financial Corp,CINCINNATI FINANCIAL,172062101,,IN_MEMBERSHIP
CINF,2021-12-31,Cincinnati Financial Corp,CINCINNATI FINANCIAL,172062101,,IN_MEMBERSHIP
CINF,2022-03-31,Cincinnati Financial Corp,CINCINNATI FINANCIAL,172062101,,IN_MEMBERSHIP
CINF,2022-06-30,Cincinnati Financial Corp,CINCINNATI FINANCIAL,172062101,,IN_MEMBERSHIP
CINF,2022-09-30,Cincinnati Financial Corp,CINCINNATI FINANCIAL,172062101,,IN_MEMBERSHIP
CINF,2022-12-31,Cincinnati Financial Corp,CINCINNATI FINANCIAL,172062101,,IN_MEMBERSHIP
CINF,2023-03-31,Cincinnati Financial Corp,CINCINNATI FINANCIAL,172062101,,IN_MEMBERSHIP
CINF,2023-06-30,Cincinnati Financial Corp,CINCINNATI FINANCIAL,172062101,,IN_MEMBERSHIP
CINF,2023-09-30,Cincinnati Financial Corp,CINCINNATI FINANCIAL,172062101,,IN_MEMBERSHIP
CINF,2023-12-31,Cincinnati Financial Corp,CINCINNATI FINANCIAL,172062101,,IN_MEMBERSHIP
CINF,2024-03-31,Cincinnati Financial Corp,CINCINNATI FINANCIAL,172062101,,IN_MEMBERSHIP
CINF,2024-06-30,Cincinnati Financial Corp,CINCINNATI FINANCIAL,172062101,,IN_MEMBERSHIP
CINF,2024-09-30,Cincinnati Financial Corp,CINCINNATI FINANCIAL,172062101,,IN_MEMBERSHIP
CINF,2024-12-31,Cincinnati Financial Corp,CINCINNATI FINANCIAL,172062101,,IN_MEMBERSHIP
CINF,2025-03-31,Cincinnati Financial Corp,CINCINNATI FINANCIAL,172062101,,IN_MEMBERSHIP
CINF,2025-06-30,Cincinnati Financial Corp,CINCINNATI FINANCIAL,172062101,,IN_MEMBERSHIP
CINF,2025-09-30,Cincinnati Financial Corp,CINCINNATI FINANCIAL,172062101,,IN_MEMBERSHIP
CINF,2025-12-31,Cincinnati Financial Corp,CINCINNATI FINANCIAL,172062101,,IN_MEMBERSHIP
CL,2020-12-31,Colgate-Palmolive Co,COLGATE PALMOLIVE,194162103,,PRE_WINDOW_SUPPORT
CL,2021-03-31,Colgate-Palmolive Co,COLGATE PALMOLIVE,194162103,,IN_MEMBERSHIP
CL,2021-06-30,Colgate-Palmolive Co,COLGATE PALMOLIVE,194162103,,IN_MEMBERSHIP
CL,2021-09-30,Colgate-Palmolive Co,COLGATE PALMOLIVE,194162103,,IN_MEMBERSHIP
CL,2021-12-31,Colgate-Palmolive Co,COLGATE PALMOLIVE,194162103,,IN_MEMBERSHIP
CL,2022-03-31,Colgate-Palmolive Co,COLGATE PALMOLIVE,194162103,,IN_MEMBERSHIP
CL,2022-06-30,Colgate-Palmolive Co,COLGATE PALMOLIVE,194162103,,IN_MEMBERSHIP
CL,2022-09-30,Colgate-Palmolive Co,COLGATE PALMOLIVE,194162103,,IN_MEMBERSHIP
CL,2022-12-31,Colgate-Palmolive Co,COLGATE PALMOLIVE,194162103,,IN_MEMBERSHIP
CL,2023-03-31,Colgate-Palmolive Co,COLGATE PALMOLIVE,194162103,,IN_MEMBERSHIP
CL,2023-06-30,Colgate-Palmolive Co,COLGATE PALMOLIVE,194162103,,IN_MEMBERSHIP
CL,2023-09-30,Colgate-Palmolive Co,COLGATE PALMOLIVE,194162103,,IN_MEMBERSHIP
CL,2023-12-31,Colgate-Palmolive Co,COLGATE PALMOLIVE,194162103,,IN_MEMBERSHIP
CL,2024-03-31,Colgate-Palmolive Co,COLGATE PALMOLIVE,194162103,,IN_MEMBERSHIP
CL,2024-06-30,Colgate-Palmolive Co,COLGATE PALMOLIVE,194162103,,IN_MEMBERSHIP
CL,2024-09-30,Colgate-Palmolive Co,COLGATE PALMOLIVE,194162103,,IN_MEMBERSHIP
CL,2024-12-31,Colgate-Palmolive Co,COLGATE PALMOLIVE,194162103,,IN_MEMBERSHIP
CL,2025-03-31,Colgate-Palmolive Co,COLGATE PALMOLIVE,194162103,,IN_MEMBERSHIP
CL,2025-06-30,Colgate-Palmolive Co,COLGATE PALMOLIVE,194162103,,IN_MEMBERSHIP
CL,2025-09-30,Colgate-Palmolive Co,COLGATE PALMOLIVE,194162103,,IN_MEMBERSHIP
CL,2025-12-31,Colgate-Palmolive Co,COLGATE PALMOLIVE,194162103,,IN_MEMBERSHIP
CLX,2020-12-31,Clorox Co/The,CLOROX,189054109,,PRE_WINDOW_SUPPORT
CLX,2021-03-31,Clorox Co/The,CLOROX,189054109,,IN_MEMBERSHIP
CLX,2021-06-30,Clorox Co/The,CLOROX,189054109,,IN_MEMBERSHIP
CLX,2021-09-30,Clorox Co/The,CLOROX,189054109,,IN_MEMBERSHIP
CLX,2021-12-31,Clorox Co/The,CLOROX,189054109,,IN_MEMBERSHIP
CLX,2022-03-31,Clorox Co/The,CLOROX,189054109,,IN_MEMBERSHIP
CLX,2022-06-30,Clorox Co/The,CLOROX,189054109,,IN_MEMBERSHIP
CLX,2022-09-30,Clorox Co/The,CLOROX,189054109,,IN_MEMBERSHIP
CLX,2022-12-31,Clorox Co/The,CLOROX,189054109,,IN_MEMBERSHIP
CLX,2023-03-31,Clorox Co/The,CLOROX,189054109,,IN_MEMBERSHIP
CLX,2023-06-30,Clorox Co/The,CLOROX,189054109,,IN_MEMBERSHIP
CLX,2023-09-30,Clorox Co/The,CLOROX,189054109,,IN_MEMBERSHIP
CLX,2023-12-31,Clorox Co/The,CLOROX,189054109,,IN_MEMBERSHIP
CLX,2024-03-31,Clorox Co/The,CLOROX,189054109,,IN_MEMBERSHIP
CLX,2024-06-30,Clorox Co/The,CLOROX,189054109,,IN_MEMBERSHIP
CLX,2024-09-30,Clorox Co/The,CLOROX,189054109,,IN_MEMBERSHIP
CLX,2024-12-31,Clorox Co/The,CLOROX,189054109,,IN_MEMBERSHIP
CLX,2025-03-31,Clorox Co/The,CLOROX,189054109,,IN_MEMBERSHIP
CLX,2025-06-30,Clorox Co/The,CLOROX,189054109,,IN_MEMBERSHIP
CLX,2025-09-30,Clorox Co/The,CLOROX,189054109,,IN_MEMBERSHIP
CLX,2025-12-31,Clorox Co/The,CLOROX,189054109,,IN_MEMBERSHIP
CMCSA,2020-12-31,Comcast Corp,COMCAST,20030N101,,PRE_WINDOW_SUPPORT
CMCSA,2021-03-31,Comcast Corp,COMCAST,20030N101,,IN_MEMBERSHIP
CMCSA,2021-06-30,Comcast Corp,COMCAST,20030N101,,IN_MEMBERSHIP
CMCSA,2021-09-30,Comcast Corp,COMCAST,20030N101,,IN_MEMBERSHIP
CMCSA,2021-12-31,Comcast Corp,COMCAST,20030N101,,IN_MEMBERSHIP
CMCSA,2022-03-31,Comcast Corp,COMCAST,20030N101,,IN_MEMBERSHIP
CMCSA,2022-06-30,Comcast Corp,COMCAST,20030N101,,IN_MEMBERSHIP
CMCSA,2022-09-30,Comcast Corp,COMCAST,20030N101,,IN_MEMBERSHIP
CMCSA,2022-12-31,Comcast Corp,COMCAST,20030N101,,IN_MEMBERSHIP
CMCSA,2023-03-31,Comcast Corp,COMCAST,20030N101,,IN_MEMBERSHIP
CMCSA,2023-06-30,Comcast Corp,COMCAST,20030N101,,IN_MEMBERSHIP
CMCSA,2023-09-30,Comcast Corp,COMCAST,20030N101,,IN_MEMBERSHIP
CMCSA,2023-12-31,Comcast Corp,COMCAST,20030N101,,IN_MEMBERSHIP
CMCSA,2024-03-31,Comcast Corp,COMCAST,20030N101,,IN_MEMBERSHIP
CMCSA,2024-06-30,Comcast Corp,COMCAST,20030N101,,IN_MEMBERSHIP
CMCSA,2024-09-30,Comcast Corp,COMCAST,20030N101,,IN_MEMBERSHIP
CMCSA,2024-12-31,Comcast Corp,COMCAST,20030N101,,IN_MEMBERSHIP
CMCSA,2025-03-31,Comcast Corp,COMCAST,20030N101,,IN_MEMBERSHIP
CMCSA,2025-06-30,Comcast Corp,COMCAST,20030N101,,IN_MEMBERSHIP
CMCSA,2025-09-30,Comcast Corp,COMCAST,20030N101,,IN_MEMBERSHIP
CMCSA,2025-12-31,Comcast Corp,COMCAST,20030N101,,IN_MEMBERSHIP
CME,2020-12-31,CME Group Inc,CME GROUP,12572Q105,,PRE_WINDOW_SUPPORT
CME,2021-03-31,CME Group Inc,CME GROUP,12572Q105,,IN_MEMBERSHIP
CME,2021-06-30,CME Group Inc,CME GROUP,12572Q105,,IN_MEMBERSHIP
CME,2021-09-30,CME Group Inc,CME GROUP,12572Q105,,IN_MEMBERSHIP
CME,2021-12-31,CME Group Inc,CME GROUP,12572Q105,,IN_MEMBERSHIP
CME,2022-03-31,CME Group Inc,CME GROUP,12572Q105,,IN_MEMBERSHIP
CME,2022-06-30,CME Group Inc,CME GROUP,12572Q105,,IN_MEMBERSHIP
CME,2022-09-30,CME Group Inc,CME GROUP,12572Q105,,IN_MEMBERSHIP
CME,2022-12-31,CME Group Inc,CME GROUP,12572Q105,,IN_MEMBERSHIP
CME,2023-03-31,CME Group Inc,CME GROUP,12572Q105,,IN_MEMBERSHIP
CME,2023-06-30,CME Group Inc,CME GROUP,12572Q105,,IN_MEMBERSHIP
CME,2023-09-30,CME Group Inc,CME GROUP,12572Q105,,IN_MEMBERSHIP
CME,2023-12-31,CME Group Inc,CME GROUP,12572Q105,,IN_MEMBERSHIP
CME,2024-03-31,CME Group Inc,CME GROUP,12572Q105,,IN_MEMBERSHIP
CME,2024-06-30,CME Group Inc,CME GROUP,12572Q105,,IN_MEMBERSHIP
CME,2024-09-30,CME Group Inc,CME GROUP,12572Q105,,IN_MEMBERSHIP
CME,2024-12-31,CME Group Inc,CME GROUP,12572Q105,,IN_MEMBERSHIP
CME,2025-03-31,CME Group Inc,CME GROUP,12572Q105,,IN_MEMBERSHIP
CME,2025-06-30,CME Group Inc,CME GROUP,12572Q105,,IN_MEMBERSHIP
CME,2025-09-30,CME Group Inc,CME GROUP,12572Q105,,IN_MEMBERSHIP
CME,2025-12-31,CME Group Inc,CME GROUP,12572Q105,,IN_MEMBERSHIP
CMG,2020-12-31,Chipotle Mexican Grill Inc,CHIPOTLE MEXICAN GRILL,169656105,,PRE_WINDOW_SUPPORT
CMG,2021-03-31,Chipotle Mexican Grill Inc,CHIPOTLE MEXICAN GRILL,169656105,,IN_MEMBERSHIP
CMG,2021-06-30,Chipotle Mexican Grill Inc,CHIPOTLE MEXICAN GRILL,169656105,,IN_MEMBERSHIP
CMG,2021-09-30,Chipotle Mexican Grill Inc,CHIPOTLE MEXICAN GRILL,169656105,,IN_MEMBERSHIP
CMG,2021-12-31,Chipotle Mexican Grill Inc,CHIPOTLE MEXICAN GRILL,169656105,,IN_MEMBERSHIP
CMG,2022-03-31,Chipotle Mexican Grill Inc,CHIPOTLE MEXICAN GRILL,169656105,,IN_MEMBERSHIP
CMG,2022-06-30,Chipotle Mexican Grill Inc,CHIPOTLE MEXICAN GRILL,169656105,,IN_MEMBERSHIP
CMG,2022-09-30,Chipotle Mexican Grill Inc,CHIPOTLE MEXICAN GRILL,169656105,,IN_MEMBERSHIP
CMG,2022-12-31,Chipotle Mexican Grill Inc,CHIPOTLE MEXICAN GRILL,169656105,,IN_MEMBERSHIP
CMG,2023-03-31,Chipotle Mexican Grill Inc,CHIPOTLE MEXICAN GRILL,169656105,,IN_MEMBERSHIP
CMG,2023-06-30,Chipotle Mexican Grill Inc,CHIPOTLE MEXICAN GRILL,169656105,,IN_MEMBERSHIP
CMG,2023-09-30,Chipotle Mexican Grill Inc,CHIPOTLE MEXICAN GRILL,169656105,,IN_MEMBERSHIP
CMG,2023-12-31,Chipotle Mexican Grill Inc,CHIPOTLE MEXICAN GRILL,169656105,,IN_MEMBERSHIP
CMG,2024-03-31,Chipotle Mexican Grill Inc,CHIPOTLE MEXICAN GRILL,169656105,,IN_MEMBERSHIP
CMG,2024-06-30,Chipotle Mexican Grill Inc,CHIPOTLE MEXICAN GRILL,169656105,,IN_MEMBERSHIP
CMG,2024-09-30,Chipotle Mexican Grill Inc,CHIPOTLE MEXICAN GRILL,169656105,,IN_MEMBERSHIP
CMG,2024-12-31,Chipotle Mexican Grill Inc,CHIPOTLE MEXICAN GRILL,169656105,,IN_MEMBERSHIP
CMG,2025-03-31,Chipotle Mexican Grill Inc,CHIPOTLE MEXICAN GRILL,169656105,,IN_MEMBERSHIP
CMG,2025-06-30,Chipotle Mexican Grill Inc,CHIPOTLE MEXICAN GRILL,169656105,,IN_MEMBERSHIP
CMG,2025-09-30,Chipotle Mexican Grill Inc,CHIPOTLE MEXICAN GRILL,169656105,,IN_MEMBERSHIP
CMG,2025-12-31,Chipotle Mexican Grill Inc,CHIPOTLE MEXICAN GRILL,169656105,,IN_MEMBERSHIP
CMI,2020-12-31,Cummins Inc,CUMMINS,231021106,,PRE_WINDOW_SUPPORT
CMI,2021-03-31,Cummins Inc,CUMMINS,231021106,,IN_MEMBERSHIP
CMI,2021-06-30,Cummins Inc,CUMMINS,231021106,,IN_MEMBERSHIP
CMI,2021-09-30,Cummins Inc,CUMMINS,231021106,,IN_MEMBERSHIP
CMI,2021-12-31,Cummins Inc,CUMMINS,231021106,,IN_MEMBERSHIP
CMI,2022-03-31,Cummins Inc,CUMMINS,231021106,,IN_MEMBERSHIP
CMI,2022-06-30,Cummins Inc,CUMMINS,231021106,,IN_MEMBERSHIP
CMI,2022-09-30,Cummins Inc,CUMMINS,231021106,,IN_MEMBERSHIP
CMI,2022-12-31,Cummins Inc,CUMMINS,231021106,,IN_MEMBERSHIP
CMI,2023-03-31,Cummins Inc,CUMMINS,231021106,,IN_MEMBERSHIP
CMI,2023-06-30,Cummins Inc,CUMMINS,231021106,,IN_MEMBERSHIP
CMI,2023-09-30,Cummins Inc,CUMMINS,231021106,,IN_MEMBERSHIP
CMI,2023-12-31,Cummins Inc,CUMMINS,231021106,,IN_MEMBERSHIP
CMI,2024-03-31,Cummins Inc,CUMMINS,231021106,,IN_MEMBERSHIP
CMI,2024-06-30,Cummins Inc,CUMMINS,231021106,,IN_MEMBERSHIP
CMI,2024-09-30,Cummins Inc,CUMMINS,231021106,,IN_MEMBERSHIP
CMI,2024-12-31,Cummins Inc,CUMMINS,231021106,,IN_MEMBERSHIP
CMI,2025-03-31,Cummins Inc,CUMMINS,231021106,,IN_MEMBERSHIP
CMI,2025-06-30,Cummins Inc,CUMMINS,231021106,,IN_MEMBERSHIP
CMI,2025-09-30,Cummins Inc,CUMMINS,231021106,,IN_MEMBERSHIP
CMI,2025-12-31,Cummins Inc,CUMMINS,231021106,,IN_MEMBERSHIP
CMS,2020-12-31,CMS Energy Corp,CMS ENERGY,125896100,,PRE_WINDOW_SUPPORT
CMS,2021-03-31,CMS Energy Corp,CMS ENERGY,125896100,,IN_MEMBERSHIP
CMS,2021-06-30,CMS Energy Corp,CMS ENERGY,125896100,,IN_MEMBERSHIP
CMS,2021-09-30,CMS Energy Corp,CMS ENERGY,125896100,,IN_MEMBERSHIP
CMS,2021-12-31,CMS Energy Corp,CMS ENERGY,125896100,,IN_MEMBERSHIP
CMS,2022-03-31,CMS Energy Corp,CMS ENERGY,125896100,,IN_MEMBERSHIP
CMS,2022-06-30,CMS Energy Corp,CMS ENERGY,125896100,,IN_MEMBERSHIP
CMS,2022-09-30,CMS Energy Corp,CMS ENERGY,125896100,,IN_MEMBERSHIP
CMS,2022-12-31,CMS Energy Corp,CMS ENERGY,125896100,,IN_MEMBERSHIP
CMS,2023-03-31,CMS Energy Corp,CMS ENERGY,125896100,,IN_MEMBERSHIP
CMS,2023-06-30,CMS Energy Corp,CMS ENERGY,125896100,,IN_MEMBERSHIP
CMS,2023-09-30,CMS Energy Corp,CMS ENERGY,125896100,,IN_MEMBERSHIP
CMS,2023-12-31,CMS Energy Corp,CMS ENERGY,125896100,,IN_MEMBERSHIP
CMS,2024-03-31,CMS Energy Corp,CMS ENERGY,125896100,,IN_MEMBERSHIP
CMS,2024-06-30,CMS Energy Corp,CMS ENERGY,125896100,,IN_MEMBERSHIP
CMS,2024-09-30,CMS Energy Corp,CMS ENERGY,125896100,,IN_MEMBERSHIP
CMS,2024-12-31,CMS Energy Corp,CMS ENERGY,125896100,,IN_MEMBERSHIP
CMS,2025-03-31,CMS Energy Corp,CMS ENERGY,125896100,,IN_MEMBERSHIP
CMS,2025-06-30,CMS Energy Corp,CMS ENERGY,125896100,,IN_MEMBERSHIP
CMS,2025-09-30,CMS Energy Corp,CMS ENERGY,125896100,,IN_MEMBERSHIP
CMS,2025-12-31,CMS Energy Corp,CMS ENERGY,125896100,,IN_MEMBERSHIP
CNC,2020-12-31,Centene Corp,CENTENE,15135B101,,PRE_WINDOW_SUPPORT
CNC,2021-03-31,Centene Corp,CENTENE,15135B101,,IN_MEMBERSHIP
CNC,2021-06-30,Centene Corp,CENTENE,15135B101,,IN_MEMBERSHIP
CNC,2021-09-30,Centene Corp,CENTENE,15135B101,,IN_MEMBERSHIP
CNC,2021-12-31,Centene Corp,CENTENE,15135B101,,IN_MEMBERSHIP
CNC,2022-03-31,Centene Corp,CENTENE,15135B101,,IN_MEMBERSHIP
CNC,2022-06-30,Centene Corp,CENTENE,15135B101,,IN_MEMBERSHIP
CNC,2022-09-30,Centene Corp,CENTENE,15135B101,,IN_MEMBERSHIP
CNC,2022-12-31,Centene Corp,CENTENE,15135B101,,IN_MEMBERSHIP
CNC,2023-03-31,Centene Corp,CENTENE,15135B101,,IN_MEMBERSHIP
CNC,2023-06-30,Centene Corp,CENTENE,15135B101,,IN_MEMBERSHIP
CNC,2023-09-30,Centene Corp,CENTENE,15135B101,,IN_MEMBERSHIP
CNC,2023-12-31,Centene Corp,CENTENE,15135B101,,IN_MEMBERSHIP
CNC,2024-03-31,Centene Corp,CENTENE,15135B101,,IN_MEMBERSHIP
CNC,2024-06-30,Centene Corp,CENTENE,15135B101,,IN_MEMBERSHIP
CNC,2024-09-30,Centene Corp,CENTENE,15135B101,,IN_MEMBERSHIP
CNC,2024-12-31,Centene Corp,CENTENE,15135B101,,IN_MEMBERSHIP
CNC,2025-03-31,Centene Corp,CENTENE,15135B101,,IN_MEMBERSHIP
CNC,2025-06-30,Centene Corp,CENTENE,15135B101,,IN_MEMBERSHIP
CNC,2025-09-30,Centene Corp,CENTENE,15135B101,,IN_MEMBERSHIP
CNC,2025-12-31,Centene Corp,CENTENE,15135B101,,IN_MEMBERSHIP
CNP,2020-12-31,CenterPoint Energy Inc,CENTERPOINT ENERGY,15189T107,,PRE_WINDOW_SUPPORT
CNP,2021-03-31,CenterPoint Energy Inc,CENTERPOINT ENERGY,15189T107,,IN_MEMBERSHIP
CNP,2021-06-30,CenterPoint Energy Inc,CENTERPOINT ENERGY,15189T107,,IN_MEMBERSHIP
CNP,2021-09-30,CenterPoint Energy Inc,CENTERPOINT ENERGY,15189T107,,IN_MEMBERSHIP
CNP,2021-12-31,CenterPoint Energy Inc,CENTERPOINT ENERGY,15189T107,,IN_MEMBERSHIP
CNP,2022-03-31,CenterPoint Energy Inc,CENTERPOINT ENERGY,15189T107,,IN_MEMBERSHIP
CNP,2022-06-30,CenterPoint Energy Inc,CENTERPOINT ENERGY,15189T107,,IN_MEMBERSHIP
CNP,2022-09-30,CenterPoint Energy Inc,CENTERPOINT ENERGY,15189T107,,IN_MEMBERSHIP
CNP,2022-12-31,CenterPoint Energy Inc,CENTERPOINT ENERGY,15189T107,,IN_MEMBERSHIP
CNP,2023-03-31,CenterPoint Energy Inc,CENTERPOINT ENERGY,15189T107,,IN_MEMBERSHIP
CNP,2023-06-30,CenterPoint Energy Inc,CENTERPOINT ENERGY,15189T107,,IN_MEMBERSHIP
CNP,2023-09-30,CenterPoint Energy Inc,CENTERPOINT ENERGY,15189T107,,IN_MEMBERSHIP
CNP,2023-12-31,CenterPoint Energy Inc,CENTERPOINT ENERGY,15189T107,,IN_MEMBERSHIP
CNP,2024-03-31,CenterPoint Energy Inc,CENTERPOINT ENERGY,15189T107,,IN_MEMBERSHIP
CNP,2024-06-30,CenterPoint Energy Inc,CENTERPOINT ENERGY,15189T107,,IN_MEMBERSHIP
CNP,2024-09-30,CenterPoint Energy Inc,CENTERPOINT ENERGY,15189T107,,IN_MEMBERSHIP
CNP,2024-12-31,CenterPoint Energy Inc,CENTERPOINT ENERGY,15189T107,,IN_MEMBERSHIP
CNP,2025-03-31,CenterPoint Energy Inc,CENTERPOINT ENERGY,15189T107,,IN_MEMBERSHIP
CNP,2025-06-30,CenterPoint Energy Inc,CENTERPOINT ENERGY,15189T107,,IN_MEMBERSHIP
CNP,2025-09-30,CenterPoint Energy Inc,CENTERPOINT ENERGY,15189T107,,IN_MEMBERSHIP
CNP,2025-12-31,CenterPoint Energy Inc,CENTERPOINT ENERGY,15189T107,,IN_MEMBERSHIP
COF,2020-12-31,Capital One Financial Corp,CAPITAL ONE FINANCIAL,14040H105,,PRE_WINDOW_SUPPORT
COF,2021-03-31,Capital One Financial Corp,CAPITAL ONE FINANCIAL,14040H105,,IN_MEMBERSHIP
COF,2021-06-30,Capital One Financial Corp,CAPITAL ONE FINANCIAL,14040H105,,IN_MEMBERSHIP
COF,2021-09-30,Capital One Financial Corp,CAPITAL ONE FINANCIAL,14040H105,,IN_MEMBERSHIP
COF,2021-12-31,Capital One Financial Corp,CAPITAL ONE FINANCIAL,14040H105,,IN_MEMBERSHIP
COF,2022-03-31,Capital One Financial Corp,CAPITAL ONE FINANCIAL,14040H105,,IN_MEMBERSHIP
COF,2022-06-30,Capital One Financial Corp,CAPITAL ONE FINANCIAL,14040H105,,IN_MEMBERSHIP
COF,2022-09-30,Capital One Financial Corp,CAPITAL ONE FINANCIAL,14040H105,,IN_MEMBERSHIP
COF,2022-12-31,Capital One Financial Corp,CAPITAL ONE FINANCIAL,14040H105,,IN_MEMBERSHIP
COF,2023-03-31,Capital One Financial Corp,CAPITAL ONE FINANCIAL,14040H105,,IN_MEMBERSHIP
COF,2023-06-30,Capital One Financial Corp,CAPITAL ONE FINANCIAL,14040H105,,IN_MEMBERSHIP
COF,2023-09-30,Capital One Financial Corp,CAPITAL ONE FINANCIAL,14040H105,,IN_MEMBERSHIP
COF,2023-12-31,Capital One Financial Corp,CAPITAL ONE FINANCIAL,14040H105,,IN_MEMBERSHIP
COF,2024-03-31,Capital One Financial Corp,CAPITAL ONE FINANCIAL,14040H105,,IN_MEMBERSHIP
COF,2024-06-30,Capital One Financial Corp,CAPITAL ONE FINANCIAL,14040H105,,IN_MEMBERSHIP
COF,2024-09-30,Capital One Financial Corp,CAPITAL ONE FINANCIAL,14040H105,,IN_MEMBERSHIP
COF,2024-12-31,Capital One Financial Corp,CAPITAL ONE FINANCIAL,14040H105,,IN_MEMBERSHIP
COF,2025-03-31,Capital One Financial Corp,CAPITAL ONE FINANCIAL,14040H105,,IN_MEMBERSHIP
COF,2025-06-30,Capital One Financial Corp,CAPITAL ONE FINANCIAL,14040H105,,IN_MEMBERSHIP
COF,2025-09-30,Capital One Financial Corp,CAPITAL ONE FINANCIAL,14040H105,,IN_MEMBERSHIP
COF,2025-12-31,Capital One Financial Corp,CAPITAL ONE FINANCIAL,14040H105,,IN_MEMBERSHIP
COIN,2025-06-30,Coinbase Global Inc,COINBASE GLOBAL,19260Q107,,IN_MEMBERSHIP
COIN,2025-09-30,Coinbase Global Inc,COINBASE GLOBAL,19260Q107,,IN_MEMBERSHIP
COIN,2025-12-31,Coinbase Global Inc,COINBASE GLOBAL,19260Q107,,IN_MEMBERSHIP
COO,2020-12-31,Cooper Cos Inc/The,COOPER COS,216648402,,PRE_WINDOW_SUPPORT
COO,2021-03-31,Cooper Cos Inc/The,COOPER COS,216648402,,IN_MEMBERSHIP
COO,2021-06-30,Cooper Cos Inc/The,COOPER COS,216648402,,IN_MEMBERSHIP
COO,2021-09-30,Cooper Cos Inc/The,COOPER COS,216648402,,IN_MEMBERSHIP
COO,2021-12-31,Cooper Cos Inc/The,COOPER COS,216648402,,IN_MEMBERSHIP
COO,2022-03-31,Cooper Cos Inc/The,COOPER COS,216648402,,IN_MEMBERSHIP
COO,2022-06-30,Cooper Cos Inc/The,COOPER COS,216648402,,IN_MEMBERSHIP
COO,2022-09-30,Cooper Cos Inc/The,COOPER COS,216648402,,IN_MEMBERSHIP
COO,2022-12-31,Cooper Cos Inc/The,COOPER COS,216648402,,IN_MEMBERSHIP
COO,2023-03-31,Cooper Cos Inc/The,COOPER COS,216648402,,IN_MEMBERSHIP
COO,2023-06-30,Cooper Cos Inc/The,COOPER COS,216648402,,IN_MEMBERSHIP
COO,2023-09-30,Cooper Cos Inc/The,COOPER COS,216648402,,IN_MEMBERSHIP
COO,2023-12-31,Cooper Cos Inc/The,COOPER COS,216648402,,IN_MEMBERSHIP
COO,2024-03-31,Cooper Cos Inc/The,COOPER COS,216648501,,IN_MEMBERSHIP
COO,2024-06-30,Cooper Cos Inc/The,COOPER COS,216648501,,IN_MEMBERSHIP
COO,2024-09-30,Cooper Cos Inc/The,COOPER COS,216648501,,IN_MEMBERSHIP
COO,2024-12-31,Cooper Cos Inc/The,COOPER COS,216648501,,IN_MEMBERSHIP
COO,2025-03-31,Cooper Cos Inc/The,COOPER COS,216648501,,IN_MEMBERSHIP
COO,2025-06-30,Cooper Cos Inc/The,COOPER COS,216648501,,IN_MEMBERSHIP
COO,2025-09-30,Cooper Cos Inc/The,COOPER COS,216648501,,IN_MEMBERSHIP
COO,2025-12-31,Cooper Cos Inc/The,COOPER COS,216648501,,IN_MEMBERSHIP
COP,2020-12-31,ConocoPhillips,CONOCOPHILLIPS,20825C104,,PRE_WINDOW_SUPPORT
COP,2021-03-31,ConocoPhillips,CONOCOPHILLIPS,20825C104,,IN_MEMBERSHIP
COP,2021-06-30,ConocoPhillips,CONOCOPHILLIPS,20825C104,,IN_MEMBERSHIP
COP,2021-09-30,ConocoPhillips,CONOCOPHILLIPS,20825C104,,IN_MEMBERSHIP
COP,2021-12-31,ConocoPhillips,CONOCOPHILLIPS,20825C104,,IN_MEMBERSHIP
COP,2022-03-31,ConocoPhillips,CONOCOPHILLIPS,20825C104,,IN_MEMBERSHIP
COP,2022-06-30,ConocoPhillips,CONOCOPHILLIPS,20825C104,,IN_MEMBERSHIP
COP,2022-09-30,ConocoPhillips,CONOCOPHILLIPS,20825C104,,IN_MEMBERSHIP
COP,2022-12-31,ConocoPhillips,CONOCOPHILLIPS,20825C104,,IN_MEMBERSHIP
COP,2023-03-31,ConocoPhillips,CONOCOPHILLIPS,20825C104,,IN_MEMBERSHIP
COP,2023-06-30,ConocoPhillips,CONOCOPHILLIPS,20825C104,,IN_MEMBERSHIP
COP,2023-09-30,ConocoPhillips,CONOCOPHILLIPS,20825C104,,IN_MEMBERSHIP
COP,2023-12-31,ConocoPhillips,CONOCOPHILLIPS,20825C104,,IN_MEMBERSHIP
COP,2024-03-31,ConocoPhillips,CONOCOPHILLIPS,20825C104,,IN_MEMBERSHIP
COP,2024-06-30,ConocoPhillips,CONOCOPHILLIPS,20825C104,,IN_MEMBERSHIP
COP,2024-09-30,ConocoPhillips,CONOCOPHILLIPS,20825C104,,IN_MEMBERSHIP
COP,2024-12-31,ConocoPhillips,CONOCOPHILLIPS,20825C104,,IN_MEMBERSHIP
COP,2025-03-31,ConocoPhillips,CONOCOPHILLIPS,20825C104,,IN_MEMBERSHIP
COP,2025-06-30,ConocoPhillips,CONOCOPHILLIPS,20825C104,,IN_MEMBERSHIP
COP,2025-09-30,ConocoPhillips,CONOCOPHILLIPS,20825C104,,IN_MEMBERSHIP
COP,2025-12-31,ConocoPhillips,CONOCOPHILLIPS,20825C104,,IN_MEMBERSHIP
COR,2020-12-31,AmerisourceBergen Corp,AMERISOURCEBERGEN,03073E105,,PRE_WINDOW_SUPPORT
COR,2021-03-31,AmerisourceBergen Corp,AMERISOURCEBERGEN,03073E105,,IN_MEMBERSHIP
COR,2021-06-30,AmerisourceBergen Corp,AMERISOURCEBERGEN,03073E105,,IN_MEMBERSHIP
COR,2021-09-30,AmerisourceBergen Corp,AMERISOURCEBERGEN,03073E105,,IN_MEMBERSHIP
COR,2021-12-31,AmerisourceBergen Corp,AMERISOURCEBERGEN,03073E105,,IN_MEMBERSHIP
COR,2022-03-31,AmerisourceBergen Corp,AMERISOURCEBERGEN,03073E105,,IN_MEMBERSHIP
COR,2022-06-30,AmerisourceBergen Corp,AMERISOURCEBERGEN,03073E105,,IN_MEMBERSHIP
COR,2022-09-30,AmerisourceBergen Corp,AMERISOURCEBERGEN,03073E105,,IN_MEMBERSHIP
COR,2022-12-31,AmerisourceBergen Corp,AMERISOURCEBERGEN,03073E105,,IN_MEMBERSHIP
COR,2023-03-31,AmerisourceBergen Corp,AMERISOURCEBERGEN,03073E105,,IN_MEMBERSHIP
COR,2023-06-30,AmerisourceBergen Corp,AMERISOURCEBERGEN,03073E105,,IN_MEMBERSHIP
COR,2023-09-30,Cencora Inc,CENCORA,03073E105,,IN_MEMBERSHIP
COR,2023-12-31,Cencora Inc,CENCORA,03073E105,,IN_MEMBERSHIP
COR,2024-03-31,Cencora Inc,CENCORA,03073E105,,IN_MEMBERSHIP
COR,2024-06-30,Cencora Inc,CENCORA,03073E105,,IN_MEMBERSHIP
COR,2024-09-30,Cencora Inc,CENCORA,03073E105,,IN_MEMBERSHIP
COR,2024-12-31,Cencora Inc,CENCORA,03073E105,,IN_MEMBERSHIP
COR,2025-03-31,Cencora Inc,CENCORA,03073E105,,IN_MEMBERSHIP
COR,2025-06-30,Cencora Inc,CENCORA,03073E105,,IN_MEMBERSHIP
COR,2025-09-30,Cencora Inc,CENCORA,03073E105,,IN_MEMBERSHIP
COR,2025-12-31,Cencora Inc,CENCORA,03073E105,,IN_MEMBERSHIP
COST,2020-12-31,Costco Wholesale Corp,COSTCO WHOLESALE,22160K105,,PRE_WINDOW_SUPPORT
COST,2021-03-31,Costco Wholesale Corp,COSTCO WHOLESALE,22160K105,,IN_MEMBERSHIP
COST,2021-06-30,Costco Wholesale Corp,COSTCO WHOLESALE,22160K105,,IN_MEMBERSHIP
COST,2021-09-30,Costco Wholesale Corp,COSTCO WHOLESALE,22160K105,,IN_MEMBERSHIP
COST,2021-12-31,Costco Wholesale Corp,COSTCO WHOLESALE,22160K105,,IN_MEMBERSHIP
COST,2022-03-31,Costco Wholesale Corp,COSTCO WHOLESALE,22160K105,,IN_MEMBERSHIP
COST,2022-06-30,Costco Wholesale Corp,COSTCO WHOLESALE,22160K105,,IN_MEMBERSHIP
COST,2022-09-30,Costco Wholesale Corp,COSTCO WHOLESALE,22160K105,,IN_MEMBERSHIP
COST,2022-12-31,Costco Wholesale Corp,COSTCO WHOLESALE,22160K105,,IN_MEMBERSHIP
COST,2023-03-31,Costco Wholesale Corp,COSTCO WHOLESALE,22160K105,,IN_MEMBERSHIP
COST,2023-06-30,Costco Wholesale Corp,COSTCO WHOLESALE,22160K105,,IN_MEMBERSHIP
COST,2023-09-30,Costco Wholesale Corp,COSTCO WHOLESALE,22160K105,,IN_MEMBERSHIP
COST,2023-12-31,Costco Wholesale Corp,COSTCO WHOLESALE,22160K105,,IN_MEMBERSHIP
COST,2024-03-31,Costco Wholesale Corp,COSTCO WHOLESALE,22160K105,,IN_MEMBERSHIP
COST,2024-06-30,Costco Wholesale Corp,COSTCO WHOLESALE,22160K105,,IN_MEMBERSHIP
COST,2024-09-30,Costco Wholesale Corp,COSTCO WHOLESALE,22160K105,,IN_MEMBERSHIP
COST,2024-12-31,Costco Wholesale Corp,COSTCO WHOLESALE,22160K105,,IN_MEMBERSHIP
COST,2025-03-31,Costco Wholesale Corp,COSTCO WHOLESALE,22160K105,,IN_MEMBERSHIP
COST,2025-06-30,Costco Wholesale Corp,COSTCO WHOLESALE,22160K105,,IN_MEMBERSHIP
COST,2025-09-30,Costco Wholesale Corp,COSTCO WHOLESALE,22160K105,,IN_MEMBERSHIP
COST,2025-12-31,Costco Wholesale Corp,COSTCO WHOLESALE,22160K105,,IN_MEMBERSHIP
CPAY,2020-12-31,FleetCor Technologies Inc,FLEETCOR TECHNOLOGIES,339041105,,PRE_WINDOW_SUPPORT
CPAY,2021-03-31,FleetCor Technologies Inc,FLEETCOR TECHNOLOGIES,339041105,,IN_MEMBERSHIP
CPAY,2021-06-30,FleetCor Technologies Inc,FLEETCOR TECHNOLOGIES,339041105,,IN_MEMBERSHIP
CPAY,2021-09-30,FleetCor Technologies Inc,FLEETCOR TECHNOLOGIES,339041105,,IN_MEMBERSHIP
CPAY,2021-12-31,FleetCor Technologies Inc,FLEETCOR TECHNOLOGIES,339041105,,IN_MEMBERSHIP
CPAY,2022-03-31,FleetCor Technologies Inc,FLEETCOR TECHNOLOGIES,339041105,,IN_MEMBERSHIP
CPAY,2022-06-30,FleetCor Technologies Inc,FLEETCOR TECHNOLOGIES,339041105,,IN_MEMBERSHIP
CPAY,2022-09-30,FleetCor Technologies Inc,FLEETCOR TECHNOLOGIES,339041105,,IN_MEMBERSHIP
CPAY,2022-12-31,FleetCor Technologies Inc,FLEETCOR TECHNOLOGIES,339041105,,IN_MEMBERSHIP
CPAY,2023-03-31,FleetCor Technologies Inc,FLEETCOR TECHNOLOGIES,339041105,,IN_MEMBERSHIP
CPAY,2023-06-30,FleetCor Technologies Inc,FLEETCOR TECHNOLOGIES,339041105,,IN_MEMBERSHIP
CPAY,2023-09-30,FleetCor Technologies Inc,FLEETCOR TECHNOLOGIES,339041105,,IN_MEMBERSHIP
CPAY,2023-12-31,FleetCor Technologies Inc,FLEETCOR TECHNOLOGIES,339041105,,IN_MEMBERSHIP
CPAY,2024-03-31,Corpay Inc,CORPAY,219948106,,IN_MEMBERSHIP
CPAY,2024-06-30,Corpay Inc,CORPAY,219948106,,IN_MEMBERSHIP
CPAY,2024-09-30,Corpay Inc,CORPAY,219948106,,IN_MEMBERSHIP
CPAY,2024-12-31,Corpay Inc,CORPAY,219948106,,IN_MEMBERSHIP
CPAY,2025-03-31,Corpay Inc,CORPAY,219948106,,IN_MEMBERSHIP
CPAY,2025-06-30,Corpay Inc,CORPAY,219948106,,IN_MEMBERSHIP
CPAY,2025-09-30,Corpay Inc,CORPAY,219948106,,IN_MEMBERSHIP
CPAY,2025-12-31,Corpay Inc,CORPAY,219948106,,IN_MEMBERSHIP
CPB,2020-12-31,Campbell Soup Co,CAMPBELL SOUP,134429109,,PRE_WINDOW_SUPPORT
CPB,2021-03-31,Campbell Soup Co,CAMPBELL SOUP,134429109,,IN_MEMBERSHIP
CPB,2021-06-30,Campbell Soup Co,CAMPBELL SOUP,134429109,,IN_MEMBERSHIP
CPB,2021-09-30,Campbell Soup Co,CAMPBELL SOUP,134429109,,IN_MEMBERSHIP
CPB,2021-12-31,Campbell Soup Co,CAMPBELL SOUP,134429109,,IN_MEMBERSHIP
CPB,2022-03-31,Campbell Soup Co,CAMPBELL SOUP,134429109,,IN_MEMBERSHIP
CPB,2022-06-30,Campbell Soup Co,CAMPBELL SOUP,134429109,,IN_MEMBERSHIP
CPB,2022-09-30,Campbell Soup Co,CAMPBELL SOUP,134429109,,IN_MEMBERSHIP
CPB,2022-12-31,Campbell Soup Co,CAMPBELL SOUP,134429109,,IN_MEMBERSHIP
CPB,2023-03-31,Campbell Soup Co,CAMPBELL SOUP,134429109,,IN_MEMBERSHIP
CPB,2023-06-30,Campbell Soup Co,CAMPBELL SOUP,134429109,,IN_MEMBERSHIP
CPB,2023-09-30,Campbell Soup Co,CAMPBELL SOUP,134429109,,IN_MEMBERSHIP
CPB,2023-12-31,Campbell Soup Co,CAMPBELL SOUP,134429109,,IN_MEMBERSHIP
CPB,2024-03-31,Campbell Soup Co,CAMPBELL SOUP,134429109,,IN_MEMBERSHIP
CPB,2024-06-30,Campbell Soup Co,CAMPBELL SOUP,134429109,,IN_MEMBERSHIP
CPB,2024-09-30,Campbell Soup Co,CAMPBELL SOUP,134429109,,IN_MEMBERSHIP
CPB,2024-12-31,The Campbell's Company,CAMPBELL S,134429109,,IN_MEMBERSHIP
CPB,2025-03-31,The Campbell's Company,CAMPBELL S,134429109,,IN_MEMBERSHIP
CPB,2025-06-30,The Campbell's Company,CAMPBELL S,134429109,,IN_MEMBERSHIP
CPB,2025-09-30,Campbell's Company/The,CAMPBELL S,134429109,,IN_MEMBERSHIP
CPB,2025-12-31,Campbell's Company/The,CAMPBELL S,134429109,,IN_MEMBERSHIP
CPRT,2020-12-31,Copart Inc,COPART,217204106,,PRE_WINDOW_SUPPORT
CPRT,2021-03-31,Copart Inc,COPART,217204106,,IN_MEMBERSHIP
CPRT,2021-06-30,Copart Inc,COPART,217204106,,IN_MEMBERSHIP
CPRT,2021-09-30,Copart Inc,COPART,217204106,,IN_MEMBERSHIP
CPRT,2021-12-31,Copart Inc,COPART,217204106,,IN_MEMBERSHIP
CPRT,2022-03-31,Copart Inc,COPART,217204106,,IN_MEMBERSHIP
CPRT,2022-06-30,Copart Inc,COPART,217204106,,IN_MEMBERSHIP
CPRT,2022-09-30,Copart Inc,COPART,217204106,,IN_MEMBERSHIP
CPRT,2022-12-31,Copart Inc,COPART,217204106,,IN_MEMBERSHIP
CPRT,2023-03-31,Copart Inc,COPART,217204106,,IN_MEMBERSHIP
CPRT,2023-06-30,Copart Inc,COPART,217204106,,IN_MEMBERSHIP
CPRT,2023-09-30,Copart Inc,COPART,217204106,,IN_MEMBERSHIP
CPRT,2023-12-31,Copart Inc,COPART,217204106,,IN_MEMBERSHIP
CPRT,2024-03-31,Copart Inc,COPART,217204106,,IN_MEMBERSHIP
CPRT,2024-06-30,Copart Inc,COPART,217204106,,IN_MEMBERSHIP
CPRT,2024-09-30,Copart Inc,COPART,217204106,,IN_MEMBERSHIP
CPRT,2024-12-31,Copart Inc,COPART,217204106,,IN_MEMBERSHIP
CPRT,2025-03-31,Copart Inc,COPART,217204106,,IN_MEMBERSHIP
CPRT,2025-06-30,Copart Inc,COPART,217204106,,IN_MEMBERSHIP
CPRT,2025-09-30,Copart Inc,COPART,217204106,,IN_MEMBERSHIP
CPRT,2025-12-31,Copart Inc,COPART,217204106,,IN_MEMBERSHIP
CPT,2022-06-30,Camden Property Trust,CAMDEN PROPERTY TRUST,133131102,,IN_MEMBERSHIP
CPT,2022-09-30,Camden Property Trust,CAMDEN PROPERTY TRUST,133131102,,IN_MEMBERSHIP
CPT,2022-12-31,Camden Property Trust,CAMDEN PROPERTY TRUST,133131102,,IN_MEMBERSHIP
CPT,2023-03-31,Camden Property Trust,CAMDEN PROPERTY TRUST,133131102,,IN_MEMBERSHIP
CPT,2023-06-30,Camden Property Trust,CAMDEN PROPERTY TRUST,133131102,,IN_MEMBERSHIP
CPT,2023-09-30,Camden Property Trust,CAMDEN PROPERTY TRUST,133131102,,IN_MEMBERSHIP
CPT,2023-12-31,Camden Property Trust,CAMDEN PROPERTY TRUST,133131102,,IN_MEMBERSHIP
CPT,2024-03-31,Camden Property Trust,CAMDEN PROPERTY TRUST,133131102,,IN_MEMBERSHIP
CPT,2024-06-30,Camden Property Trust,CAMDEN PROPERTY TRUST,133131102,,IN_MEMBERSHIP
CPT,2024-09-30,Camden Property Trust,CAMDEN PROPERTY TRUST,133131102,,IN_MEMBERSHIP
CPT,2024-12-31,Camden Property Trust,CAMDEN PROPERTY TRUST,133131102,,IN_MEMBERSHIP
CPT,2025-03-31,Camden Property Trust,CAMDEN PROPERTY TRUST,133131102,,IN_MEMBERSHIP
CPT,2025-06-30,Camden Property Trust,CAMDEN PROPERTY TRUST,133131102,,IN_MEMBERSHIP
CPT,2025-09-30,Camden Property Trust,CAMDEN PROPERTY TRUST,133131102,,IN_MEMBERSHIP
CPT,2025-12-31,Camden Property Trust,CAMDEN PROPERTY TRUST,133131102,,IN_MEMBERSHIP
CRH,2025-12-31,CRH PLC,CRH,IE0001827041,,IN_MEMBERSHIP
CRL,2021-06-30,Charles River Laboratories International Inc,CHARLES RIVER LABORATORIES INTERNATIONAL,159864107,,IN_MEMBERSHIP
CRL,2021-09-30,Charles River Laboratories International Inc,CHARLES RIVER LABORATORIES INTERNATIONAL,159864107,,IN_MEMBERSHIP
CRL,2021-12-31,Charles River Laboratories International Inc,CHARLES RIVER LABORATORIES INTERNATIONAL,159864107,,IN_MEMBERSHIP
CRL,2022-03-31,Charles River Laboratories International Inc,CHARLES RIVER LABORATORIES INTERNATIONAL,159864107,,IN_MEMBERSHIP
CRL,2022-06-30,Charles River Laboratories International Inc,CHARLES RIVER LABORATORIES INTERNATIONAL,159864107,,IN_MEMBERSHIP
CRL,2022-09-30,Charles River Laboratories International Inc,CHARLES RIVER LABORATORIES INTERNATIONAL,159864107,,IN_MEMBERSHIP
CRL,2022-12-31,Charles River Laboratories International Inc,CHARLES RIVER LABORATORIES INTERNATIONAL,159864107,,IN_MEMBERSHIP
CRL,2023-03-31,Charles River Laboratories International Inc,CHARLES RIVER LABORATORIES INTERNATIONAL,159864107,,IN_MEMBERSHIP
CRL,2023-06-30,Charles River Laboratories International Inc,CHARLES RIVER LABORATORIES INTERNATIONAL,159864107,,IN_MEMBERSHIP
CRL,2023-09-30,Charles River Laboratories International Inc,CHARLES RIVER LABORATORIES INTERNATIONAL,159864107,,IN_MEMBERSHIP
CRL,2023-12-31,Charles River Laboratories International Inc,CHARLES RIVER LABORATORIES INTERNATIONAL,159864107,,IN_MEMBERSHIP
CRL,2024-03-31,Charles River Laboratories International Inc,CHARLES RIVER LABORATORIES INTERNATIONAL,159864107,,IN_MEMBERSHIP
CRL,2024-06-30,Charles River Laboratories International Inc,CHARLES RIVER LABORATORIES INTERNATIONAL,159864107,,IN_MEMBERSHIP
CRL,2024-09-30,Charles River Laboratories International Inc,CHARLES RIVER LABORATORIES INTERNATIONAL,159864107,,IN_MEMBERSHIP
CRL,2024-12-31,Charles River Laboratories International Inc,CHARLES RIVER LABORATORIES INTERNATIONAL,159864107,,IN_MEMBERSHIP
CRL,2025-03-31,Charles River Laboratories International Inc,CHARLES RIVER LABORATORIES INTERNATIONAL,159864107,,IN_MEMBERSHIP
CRL,2025-06-30,Charles River Laboratories International Inc,CHARLES RIVER LABORATORIES INTERNATIONAL,159864107,,IN_MEMBERSHIP
CRL,2025-09-30,Charles River Laboratories International Inc,CHARLES RIVER LABORATORIES INTERNATIONAL,159864107,,IN_MEMBERSHIP
CRL,2025-12-31,Charles River Laboratories International Inc,CHARLES RIVER LABORATORIES INTERNATIONAL,159864107,,IN_MEMBERSHIP
CRM,2020-12-31,salesforce.com Inc,SALESFORCE COM,79466L302,,PRE_WINDOW_SUPPORT
CRM,2021-03-31,salesforce.com Inc,SALESFORCE COM,79466L302,,IN_MEMBERSHIP
CRM,2021-06-30,salesforce.com Inc,SALESFORCE COM,79466L302,,IN_MEMBERSHIP
CRM,2021-09-30,salesforce.com Inc,SALESFORCE COM,79466L302,,IN_MEMBERSHIP
CRM,2021-12-31,salesforce.com Inc,SALESFORCE COM,79466L302,,IN_MEMBERSHIP
CRM,2022-03-31,salesforce.com Inc,SALESFORCE COM,79466L302,,IN_MEMBERSHIP
CRM,2022-06-30,Salesforce Inc,SALESFORCE,79466L302,,IN_MEMBERSHIP
CRM,2022-09-30,Salesforce Inc,SALESFORCE,79466L302,,IN_MEMBERSHIP
CRM,2022-12-31,Salesforce Inc,SALESFORCE,79466L302,,IN_MEMBERSHIP
CRM,2023-03-31,Salesforce Inc,SALESFORCE,79466L302,,IN_MEMBERSHIP
CRM,2023-06-30,Salesforce Inc,SALESFORCE,79466L302,,IN_MEMBERSHIP
CRM,2023-09-30,Salesforce Inc,SALESFORCE,79466L302,,IN_MEMBERSHIP
CRM,2023-12-31,Salesforce Inc,SALESFORCE,79466L302,,IN_MEMBERSHIP
CRM,2024-03-31,Salesforce Inc,SALESFORCE,79466L302,,IN_MEMBERSHIP
CRM,2024-06-30,Salesforce Inc,SALESFORCE,79466L302,,IN_MEMBERSHIP
CRM,2024-09-30,Salesforce Inc,SALESFORCE,79466L302,,IN_MEMBERSHIP
CRM,2024-12-31,Salesforce Inc,SALESFORCE,79466L302,,IN_MEMBERSHIP
CRM,2025-03-31,Salesforce Inc,SALESFORCE,79466L302,,IN_MEMBERSHIP
CRM,2025-06-30,Salesforce Inc,SALESFORCE,79466L302,,IN_MEMBERSHIP
CRM,2025-09-30,Salesforce Inc,SALESFORCE,79466L302,,IN_MEMBERSHIP
CRM,2025-12-31,Salesforce Inc,SALESFORCE,79466L302,,IN_MEMBERSHIP
CRWD,2024-06-30,Crowdstrike Holdings Inc,CROWDSTRIKE,22788C105,,IN_MEMBERSHIP
CRWD,2024-09-30,Crowdstrike Holdings Inc,CROWDSTRIKE,22788C105,,IN_MEMBERSHIP
CRWD,2024-12-31,Crowdstrike Holdings Inc,CROWDSTRIKE,22788C105,,IN_MEMBERSHIP
CRWD,2025-03-31,Crowdstrike Holdings Inc,CROWDSTRIKE,22788C105,,IN_MEMBERSHIP
CRWD,2025-06-30,Crowdstrike Holdings Inc,CROWDSTRIKE,22788C105,,IN_MEMBERSHIP
CRWD,2025-09-30,Crowdstrike Holdings Inc,CROWDSTRIKE,22788C105,,IN_MEMBERSHIP
CRWD,2025-12-31,Crowdstrike Holdings Inc,CROWDSTRIKE,22788C105,,IN_MEMBERSHIP
CSCO,2020-12-31,Cisco Systems Inc,CISCO SYSTEMS,17275R102,,PRE_WINDOW_SUPPORT
CSCO,2021-03-31,Cisco Systems Inc/Delaware,CISCO SYSTEMS INC DELAWARE,17275R102,,IN_MEMBERSHIP
CSCO,2021-06-30,Cisco Systems Inc/Delaware,CISCO SYSTEMS INC DELAWARE,17275R102,,IN_MEMBERSHIP
CSCO,2021-09-30,Cisco Systems Inc/Delaware,CISCO SYSTEMS INC DELAWARE,17275R102,,IN_MEMBERSHIP
CSCO,2021-12-31,Cisco Systems Inc/Delaware,CISCO SYSTEMS INC DELAWARE,17275R102,,IN_MEMBERSHIP
CSCO,2022-03-31,Cisco Systems Inc,CISCO SYSTEMS,17275R102,,IN_MEMBERSHIP
CSCO,2022-06-30,Cisco Systems Inc,CISCO SYSTEMS,17275R102,,IN_MEMBERSHIP
CSCO,2022-09-30,Cisco Systems Inc,CISCO SYSTEMS,17275R102,,IN_MEMBERSHIP
CSCO,2022-12-31,Cisco Systems Inc,CISCO SYSTEMS,17275R102,,IN_MEMBERSHIP
CSCO,2023-03-31,Cisco Systems Inc,CISCO SYSTEMS,17275R102,,IN_MEMBERSHIP
CSCO,2023-06-30,Cisco Systems Inc,CISCO SYSTEMS,17275R102,,IN_MEMBERSHIP
CSCO,2023-09-30,Cisco Systems Inc,CISCO SYSTEMS,17275R102,,IN_MEMBERSHIP
CSCO,2023-12-31,Cisco Systems Inc,CISCO SYSTEMS,17275R102,,IN_MEMBERSHIP
CSCO,2024-03-31,Cisco Systems Inc,CISCO SYSTEMS,17275R102,,IN_MEMBERSHIP
CSCO,2024-06-30,Cisco Systems Inc,CISCO SYSTEMS,17275R102,,IN_MEMBERSHIP
CSCO,2024-09-30,Cisco Systems Inc,CISCO SYSTEMS,17275R102,,IN_MEMBERSHIP
CSCO,2024-12-31,Cisco Systems Inc,CISCO SYSTEMS,17275R102,,IN_MEMBERSHIP
CSCO,2025-03-31,Cisco Systems Inc,CISCO SYSTEMS,17275R102,,IN_MEMBERSHIP
CSCO,2025-06-30,Cisco Systems Inc,CISCO SYSTEMS,17275R102,,IN_MEMBERSHIP
CSCO,2025-09-30,Cisco Systems Inc,CISCO SYSTEMS,17275R102,,IN_MEMBERSHIP
CSCO,2025-12-31,Cisco Systems Inc,CISCO SYSTEMS,17275R102,,IN_MEMBERSHIP
CSGP,2022-09-30,CoStar Group Inc,COSTAR GROUP,22160N109,,IN_MEMBERSHIP
CSGP,2022-12-31,CoStar Group Inc,COSTAR GROUP,22160N109,,IN_MEMBERSHIP
CSGP,2023-03-31,CoStar Group Inc,COSTAR GROUP,22160N109,,IN_MEMBERSHIP
CSGP,2023-06-30,CoStar Group Inc,COSTAR GROUP,22160N109,,IN_MEMBERSHIP
CSGP,2023-09-30,CoStar Group Inc,COSTAR GROUP,22160N109,,IN_MEMBERSHIP
CSGP,2023-12-31,CoStar Group Inc,COSTAR GROUP,22160N109,,IN_MEMBERSHIP
CSGP,2024-03-31,CoStar Group Inc,COSTAR GROUP,22160N109,,IN_MEMBERSHIP
CSGP,2024-06-30,CoStar Group Inc,COSTAR GROUP,22160N109,,IN_MEMBERSHIP
CSGP,2024-09-30,CoStar Group Inc,COSTAR GROUP,22160N109,,IN_MEMBERSHIP
CSGP,2024-12-31,CoStar Group Inc,COSTAR GROUP,22160N109,,IN_MEMBERSHIP
CSGP,2025-03-31,CoStar Group Inc,COSTAR GROUP,22160N109,,IN_MEMBERSHIP
CSGP,2025-06-30,CoStar Group Inc,COSTAR GROUP,22160N109,,IN_MEMBERSHIP
CSGP,2025-09-30,CoStar Group Inc,COSTAR GROUP,22160N109,,IN_MEMBERSHIP
CSGP,2025-12-31,CoStar Group Inc,COSTAR GROUP,22160N109,,IN_MEMBERSHIP
CSX,2020-12-31,CSX Corp,CSX,126408103,,PRE_WINDOW_SUPPORT
CSX,2021-03-31,CSX Corp,CSX,126408103,,IN_MEMBERSHIP
CSX,2021-06-30,CSX Corp,CSX,126408103,,IN_MEMBERSHIP
CSX,2021-09-30,CSX Corp,CSX,126408103,,IN_MEMBERSHIP
CSX,2021-12-31,CSX Corp,CSX,126408103,,IN_MEMBERSHIP
CSX,2022-03-31,CSX Corp,CSX,126408103,,IN_MEMBERSHIP
CSX,2022-06-30,CSX Corp,CSX,126408103,,IN_MEMBERSHIP
CSX,2022-09-30,CSX Corp,CSX,126408103,,IN_MEMBERSHIP
CSX,2022-12-31,CSX Corp,CSX,126408103,,IN_MEMBERSHIP
CSX,2023-03-31,CSX Corp,CSX,126408103,,IN_MEMBERSHIP
CSX,2023-06-30,CSX Corp,CSX,126408103,,IN_MEMBERSHIP
CSX,2023-09-30,CSX Corp,CSX,126408103,,IN_MEMBERSHIP
CSX,2023-12-31,CSX Corp,CSX,126408103,,IN_MEMBERSHIP
CSX,2024-03-31,CSX Corp,CSX,126408103,,IN_MEMBERSHIP
CSX,2024-06-30,CSX Corp,CSX,126408103,,IN_MEMBERSHIP
CSX,2024-09-30,CSX Corp,CSX,126408103,,IN_MEMBERSHIP
CSX,2024-12-31,CSX Corp,CSX,126408103,,IN_MEMBERSHIP
CSX,2025-03-31,CSX Corp,CSX,126408103,,IN_MEMBERSHIP
CSX,2025-06-30,CSX Corp,CSX,126408103,,IN_MEMBERSHIP
CSX,2025-09-30,CSX Corp,CSX,126408103,,IN_MEMBERSHIP
CSX,2025-12-31,CSX Corp,CSX,126408103,,IN_MEMBERSHIP
CTAS,2020-12-31,Cintas Corp,CINTAS,172908105,,PRE_WINDOW_SUPPORT
CTAS,2021-03-31,Cintas Corp,CINTAS,172908105,,IN_MEMBERSHIP
CTAS,2021-06-30,Cintas Corp,CINTAS,172908105,,IN_MEMBERSHIP
CTAS,2021-09-30,Cintas Corp,CINTAS,172908105,,IN_MEMBERSHIP
CTAS,2021-12-31,Cintas Corp,CINTAS,172908105,,IN_MEMBERSHIP
CTAS,2022-03-31,Cintas Corp,CINTAS,172908105,,IN_MEMBERSHIP
CTAS,2022-06-30,Cintas Corp,CINTAS,172908105,,IN_MEMBERSHIP
CTAS,2022-09-30,Cintas Corp,CINTAS,172908105,,IN_MEMBERSHIP
CTAS,2022-12-31,Cintas Corp,CINTAS,172908105,,IN_MEMBERSHIP
CTAS,2023-03-31,Cintas Corp,CINTAS,172908105,,IN_MEMBERSHIP
CTAS,2023-06-30,Cintas Corp,CINTAS,172908105,,IN_MEMBERSHIP
CTAS,2023-09-30,Cintas Corp,CINTAS,172908105,,IN_MEMBERSHIP
CTAS,2023-12-31,Cintas Corp,CINTAS,172908105,,IN_MEMBERSHIP
CTAS,2024-03-31,Cintas Corp,CINTAS,172908105,,IN_MEMBERSHIP
CTAS,2024-06-30,Cintas Corp,CINTAS,172908105,,IN_MEMBERSHIP
CTAS,2024-09-30,Cintas Corp,CINTAS,172908105,,IN_MEMBERSHIP
CTAS,2024-12-31,Cintas Corp,CINTAS,172908105,,IN_MEMBERSHIP
CTAS,2025-03-31,Cintas Corp,CINTAS,172908105,,IN_MEMBERSHIP
CTAS,2025-06-30,Cintas Corp,CINTAS,172908105,,IN_MEMBERSHIP
CTAS,2025-09-30,Cintas Corp,CINTAS,172908105,,IN_MEMBERSHIP
CTAS,2025-12-31,Cintas Corp,CINTAS,172908105,,IN_MEMBERSHIP
CTRA,2020-12-31,Cabot Oil & Gas Corp,CABOT OIL AND GAS,127097103,,PRE_WINDOW_SUPPORT
CTRA,2021-03-31,Cabot Oil & Gas Corp,CABOT OIL AND GAS,127097103,,IN_MEMBERSHIP
CTRA,2021-06-30,Cabot Oil & Gas Corp,CABOT OIL AND GAS,127097103,,IN_MEMBERSHIP
CTRA,2021-09-30,Cabot Oil & Gas Corp,CABOT OIL AND GAS,127097103,,IN_MEMBERSHIP
CTRA,2021-12-31,Coterra Energy Inc,COTERRA ENERGY,127097103,,IN_MEMBERSHIP
CTRA,2022-03-31,Coterra Energy Inc,COTERRA ENERGY,127097103,,IN_MEMBERSHIP
CTRA,2022-06-30,Coterra Energy Inc,COTERRA ENERGY,127097103,,IN_MEMBERSHIP
CTRA,2022-09-30,Coterra Energy Inc,COTERRA ENERGY,127097103,,IN_MEMBERSHIP
CTRA,2022-12-31,Coterra Energy Inc,COTERRA ENERGY,127097103,,IN_MEMBERSHIP
CTRA,2023-03-31,Coterra Energy Inc,COTERRA ENERGY,127097103,,IN_MEMBERSHIP
CTRA,2023-06-30,Coterra Energy Inc,COTERRA ENERGY,127097103,,IN_MEMBERSHIP
CTRA,2023-09-30,Coterra Energy Inc,COTERRA ENERGY,127097103,,IN_MEMBERSHIP
CTRA,2023-12-31,Coterra Energy Inc,COTERRA ENERGY,127097103,,IN_MEMBERSHIP
CTRA,2024-03-31,Coterra Energy Inc,COTERRA ENERGY,127097103,,IN_MEMBERSHIP
CTRA,2024-06-30,Coterra Energy Inc,COTERRA ENERGY,127097103,,IN_MEMBERSHIP
CTRA,2024-09-30,Coterra Energy Inc,COTERRA ENERGY,127097103,,IN_MEMBERSHIP
CTRA,2024-12-31,Coterra Energy Inc,COTERRA ENERGY,127097103,,IN_MEMBERSHIP
CTRA,2025-03-31,Coterra Energy Inc,COTERRA ENERGY,127097103,,IN_MEMBERSHIP
CTRA,2025-06-30,Coterra Energy Inc,COTERRA ENERGY,127097103,,IN_MEMBERSHIP
CTRA,2025-09-30,Coterra Energy Inc,COTERRA ENERGY,127097103,,IN_MEMBERSHIP
CTRA,2025-12-31,Coterra Energy Inc,COTERRA ENERGY,127097103,,IN_MEMBERSHIP
CTSH,2020-12-31,Cognizant Technology Solutions Corp,COGNIZANT TECHNOLOGY SOLUTIONS,192446102,,PRE_WINDOW_SUPPORT
CTSH,2021-03-31,Cognizant Technology Solutions Corp,COGNIZANT TECHNOLOGY SOLUTIONS,192446102,,IN_MEMBERSHIP
CTSH,2021-06-30,Cognizant Technology Solutions Corp,COGNIZANT TECHNOLOGY SOLUTIONS,192446102,,IN_MEMBERSHIP
CTSH,2021-09-30,Cognizant Technology Solutions Corp,COGNIZANT TECHNOLOGY SOLUTIONS,192446102,,IN_MEMBERSHIP
CTSH,2021-12-31,Cognizant Technology Solutions Corp,COGNIZANT TECHNOLOGY SOLUTIONS,192446102,,IN_MEMBERSHIP
CTSH,2022-03-31,Cognizant Technology Solutions Corp,COGNIZANT TECHNOLOGY SOLUTIONS,192446102,,IN_MEMBERSHIP
CTSH,2022-06-30,Cognizant Technology Solutions Corp,COGNIZANT TECHNOLOGY SOLUTIONS,192446102,,IN_MEMBERSHIP
CTSH,2022-09-30,Cognizant Technology Solutions Corp,COGNIZANT TECHNOLOGY SOLUTIONS,192446102,,IN_MEMBERSHIP
CTSH,2022-12-31,Cognizant Technology Solutions Corp,COGNIZANT TECHNOLOGY SOLUTIONS,192446102,,IN_MEMBERSHIP
CTSH,2023-03-31,Cognizant Technology Solutions Corp,COGNIZANT TECHNOLOGY SOLUTIONS,192446102,,IN_MEMBERSHIP
CTSH,2023-06-30,Cognizant Technology Solutions Corp,COGNIZANT TECHNOLOGY SOLUTIONS,192446102,,IN_MEMBERSHIP
CTSH,2023-09-30,Cognizant Technology Solutions Corp,COGNIZANT TECHNOLOGY SOLUTIONS,192446102,,IN_MEMBERSHIP
CTSH,2023-12-31,Cognizant Technology Solutions Corp,COGNIZANT TECHNOLOGY SOLUTIONS,192446102,,IN_MEMBERSHIP
CTSH,2024-03-31,Cognizant Technology Solutions Corp,COGNIZANT TECHNOLOGY SOLUTIONS,192446102,,IN_MEMBERSHIP
CTSH,2024-06-30,Cognizant Technology Solutions Corp,COGNIZANT TECHNOLOGY SOLUTIONS,192446102,,IN_MEMBERSHIP
CTSH,2024-09-30,Cognizant Technology Solutions Corp,COGNIZANT TECHNOLOGY SOLUTIONS,192446102,,IN_MEMBERSHIP
CTSH,2024-12-31,Cognizant Technology Solutions Corp,COGNIZANT TECHNOLOGY SOLUTIONS,192446102,,IN_MEMBERSHIP
CTSH,2025-03-31,Cognizant Technology Solutions Corp,COGNIZANT TECHNOLOGY SOLUTIONS,192446102,,IN_MEMBERSHIP
CTSH,2025-06-30,Cognizant Technology Solutions Corp,COGNIZANT TECHNOLOGY SOLUTIONS,192446102,,IN_MEMBERSHIP
CTSH,2025-09-30,Cognizant Technology Solutions Corp,COGNIZANT TECHNOLOGY SOLUTIONS,192446102,,IN_MEMBERSHIP
CTSH,2025-12-31,Cognizant Technology Solutions Corp,COGNIZANT TECHNOLOGY SOLUTIONS,192446102,,IN_MEMBERSHIP
CTVA,2020-12-31,Corteva Inc,CORTEVA,22052L104,,PRE_WINDOW_SUPPORT
CTVA,2021-03-31,Corteva Inc,CORTEVA,22052L104,,IN_MEMBERSHIP
CTVA,2021-06-30,Corteva Inc,CORTEVA,22052L104,,IN_MEMBERSHIP
CTVA,2021-09-30,Corteva Inc,CORTEVA,22052L104,,IN_MEMBERSHIP
CTVA,2021-12-31,Corteva Inc,CORTEVA,22052L104,,IN_MEMBERSHIP
CTVA,2022-03-31,Corteva Inc,CORTEVA,22052L104,,IN_MEMBERSHIP
CTVA,2022-06-30,Corteva Inc,CORTEVA,22052L104,,IN_MEMBERSHIP
CTVA,2022-09-30,Corteva Inc,CORTEVA,22052L104,,IN_MEMBERSHIP
CTVA,2022-12-31,Corteva Inc,CORTEVA,22052L104,,IN_MEMBERSHIP
CTVA,2023-03-31,Corteva Inc,CORTEVA,22052L104,,IN_MEMBERSHIP
CTVA,2023-06-30,Corteva Inc,CORTEVA,22052L104,,IN_MEMBERSHIP
CTVA,2023-09-30,Corteva Inc,CORTEVA,22052L104,,IN_MEMBERSHIP
CTVA,2023-12-31,Corteva Inc,CORTEVA,22052L104,,IN_MEMBERSHIP
CTVA,2024-03-31,Corteva Inc,CORTEVA,22052L104,,IN_MEMBERSHIP
CTVA,2024-06-30,Corteva Inc,CORTEVA,22052L104,,IN_MEMBERSHIP
CTVA,2024-09-30,Corteva Inc,CORTEVA,22052L104,,IN_MEMBERSHIP
CTVA,2024-12-31,Corteva Inc,CORTEVA,22052L104,,IN_MEMBERSHIP
CTVA,2025-03-31,Corteva Inc,CORTEVA,22052L104,,IN_MEMBERSHIP
CTVA,2025-06-30,Corteva Inc,CORTEVA,22052L104,,IN_MEMBERSHIP
CTVA,2025-09-30,Corteva Inc,CORTEVA,22052L104,,IN_MEMBERSHIP
CTVA,2025-12-31,Corteva Inc,CORTEVA,22052L104,,IN_MEMBERSHIP
CVNA,2025-12-31,Carvana Co,CARVANA,146869102,,IN_MEMBERSHIP
CVS,2020-12-31,CVS Health Corp,CVS HEALTH,126650100,,PRE_WINDOW_SUPPORT
CVS,2021-03-31,CVS Health Corp,CVS HEALTH,126650100,,IN_MEMBERSHIP
CVS,2021-06-30,CVS Health Corp,CVS HEALTH,126650100,,IN_MEMBERSHIP
CVS,2021-09-30,CVS Health Corp,CVS HEALTH,126650100,,IN_MEMBERSHIP
CVS,2021-12-31,CVS Health Corp,CVS HEALTH,126650100,,IN_MEMBERSHIP
CVS,2022-03-31,CVS Health Corp,CVS HEALTH,126650100,,IN_MEMBERSHIP
CVS,2022-06-30,CVS Health Corp,CVS HEALTH,126650100,,IN_MEMBERSHIP
CVS,2022-09-30,CVS Health Corp,CVS HEALTH,126650100,,IN_MEMBERSHIP
CVS,2022-12-31,CVS Health Corp,CVS HEALTH,126650100,,IN_MEMBERSHIP
CVS,2023-03-31,CVS Health Corp,CVS HEALTH,126650100,,IN_MEMBERSHIP
CVS,2023-06-30,CVS Health Corp,CVS HEALTH,126650100,,IN_MEMBERSHIP
CVS,2023-09-30,CVS Health Corp,CVS HEALTH,126650100,,IN_MEMBERSHIP
CVS,2023-12-31,CVS Health Corp,CVS HEALTH,126650100,,IN_MEMBERSHIP
CVS,2024-03-31,CVS Health Corp,CVS HEALTH,126650100,,IN_MEMBERSHIP
CVS,2024-06-30,CVS Health Corp,CVS HEALTH,126650100,,IN_MEMBERSHIP
CVS,2024-09-30,CVS Health Corp,CVS HEALTH,126650100,,IN_MEMBERSHIP
CVS,2024-12-31,CVS Health Corp,CVS HEALTH,126650100,,IN_MEMBERSHIP
CVS,2025-03-31,CVS Health Corp,CVS HEALTH,126650100,,IN_MEMBERSHIP
CVS,2025-06-30,CVS Health Corp,CVS HEALTH,126650100,,IN_MEMBERSHIP
CVS,2025-09-30,CVS Health Corp,CVS HEALTH,126650100,,IN_MEMBERSHIP
CVS,2025-12-31,CVS Health Corp,CVS HEALTH,126650100,,IN_MEMBERSHIP
CVX,2020-12-31,Chevron Corp,CHEVRON,166764100,,PRE_WINDOW_SUPPORT
CVX,2021-03-31,Chevron Corp,CHEVRON,166764100,,IN_MEMBERSHIP
CVX,2021-06-30,Chevron Corp,CHEVRON,166764100,,IN_MEMBERSHIP
CVX,2021-09-30,Chevron Corp,CHEVRON,166764100,,IN_MEMBERSHIP
CVX,2021-12-31,Chevron Corp,CHEVRON,166764100,,IN_MEMBERSHIP
CVX,2022-03-31,Chevron Corp,CHEVRON,166764100,,IN_MEMBERSHIP
CVX,2022-06-30,Chevron Corp,CHEVRON,166764100,,IN_MEMBERSHIP
CVX,2022-09-30,Chevron Corp,CHEVRON,166764100,,IN_MEMBERSHIP
CVX,2022-12-31,Chevron Corp,CHEVRON,166764100,,IN_MEMBERSHIP
CVX,2023-03-31,Chevron Corp,CHEVRON,166764100,,IN_MEMBERSHIP
CVX,2023-06-30,Chevron Corp,CHEVRON,166764100,,IN_MEMBERSHIP
CVX,2023-09-30,Chevron Corp,CHEVRON,166764100,,IN_MEMBERSHIP
CVX,2023-12-31,Chevron Corp,CHEVRON,166764100,,IN_MEMBERSHIP
CVX,2024-03-31,Chevron Corp,CHEVRON,166764100,,IN_MEMBERSHIP
CVX,2024-06-30,Chevron Corp,CHEVRON,166764100,,IN_MEMBERSHIP
CVX,2024-09-30,Chevron Corp,CHEVRON,166764100,,IN_MEMBERSHIP
CVX,2024-12-31,Chevron Corp,CHEVRON,166764100,,IN_MEMBERSHIP
CVX,2025-03-31,Chevron Corp,CHEVRON,166764100,,IN_MEMBERSHIP
CVX,2025-06-30,Chevron Corp,CHEVRON,166764100,,IN_MEMBERSHIP
CVX,2025-09-30,Chevron Corp,CHEVRON,166764100,,IN_MEMBERSHIP
CVX,2025-12-31,Chevron Corp,CHEVRON,166764100,,IN_MEMBERSHIP
D,2020-12-31,Dominion Energy Inc,DOMINION ENERGY,25746U109,,PRE_WINDOW_SUPPORT
D,2021-03-31,Dominion Energy Inc,DOMINION ENERGY,25746U109,,IN_MEMBERSHIP
D,2021-06-30,Dominion Energy Inc,DOMINION ENERGY,25746U109,,IN_MEMBERSHIP
D,2021-09-30,Dominion Energy Inc,DOMINION ENERGY,25746U109,,IN_MEMBERSHIP
D,2021-12-31,Dominion Energy Inc,DOMINION ENERGY,25746U109,,IN_MEMBERSHIP
D,2022-03-31,Dominion Energy Inc,DOMINION ENERGY,25746U109,,IN_MEMBERSHIP
D,2022-06-30,Dominion Energy Inc,DOMINION ENERGY,25746U109,,IN_MEMBERSHIP
D,2022-09-30,Dominion Energy Inc,DOMINION ENERGY,25746U109,,IN_MEMBERSHIP
D,2022-12-31,Dominion Energy Inc,DOMINION ENERGY,25746U109,,IN_MEMBERSHIP
D,2023-03-31,Dominion Energy Inc,DOMINION ENERGY,25746U109,,IN_MEMBERSHIP
D,2023-06-30,Dominion Energy Inc,DOMINION ENERGY,25746U109,,IN_MEMBERSHIP
D,2023-09-30,Dominion Energy Inc,DOMINION ENERGY,25746U109,,IN_MEMBERSHIP
D,2023-12-31,Dominion Energy Inc,DOMINION ENERGY,25746U109,,IN_MEMBERSHIP
D,2024-03-31,Dominion Energy Inc,DOMINION ENERGY,25746U109,,IN_MEMBERSHIP
D,2024-06-30,Dominion Energy Inc,DOMINION ENERGY,25746U109,,IN_MEMBERSHIP
D,2024-09-30,Dominion Energy Inc,DOMINION ENERGY,25746U109,,IN_MEMBERSHIP
D,2024-12-31,Dominion Energy Inc,DOMINION ENERGY,25746U109,,IN_MEMBERSHIP
D,2025-03-31,Dominion Energy Inc,DOMINION ENERGY,25746U109,,IN_MEMBERSHIP
D,2025-06-30,Dominion Energy Inc,DOMINION ENERGY,25746U109,,IN_MEMBERSHIP
D,2025-09-30,Dominion Energy Inc,DOMINION ENERGY,25746U109,,IN_MEMBERSHIP
D,2025-12-31,Dominion Energy Inc,DOMINION ENERGY,25746U109,,IN_MEMBERSHIP
DAL,2020-12-31,Delta Air Lines Inc,DELTA AIR LINES,247361702,,PRE_WINDOW_SUPPORT
DAL,2021-03-31,Delta Air Lines Inc,DELTA AIR LINES,247361702,,IN_MEMBERSHIP
DAL,2021-06-30,Delta Air Lines Inc,DELTA AIR LINES,247361702,,IN_MEMBERSHIP
DAL,2021-09-30,Delta Air Lines Inc,DELTA AIR LINES,247361702,,IN_MEMBERSHIP
DAL,2021-12-31,Delta Air Lines Inc,DELTA AIR LINES,247361702,,IN_MEMBERSHIP
DAL,2022-03-31,Delta Air Lines Inc,DELTA AIR LINES,247361702,,IN_MEMBERSHIP
DAL,2022-06-30,Delta Air Lines Inc,DELTA AIR LINES,247361702,,IN_MEMBERSHIP
DAL,2022-09-30,Delta Air Lines Inc,DELTA AIR LINES,247361702,,IN_MEMBERSHIP
DAL,2022-12-31,Delta Air Lines Inc,DELTA AIR LINES,247361702,,IN_MEMBERSHIP
DAL,2023-03-31,Delta Air Lines Inc,DELTA AIR LINES,247361702,,IN_MEMBERSHIP
DAL,2023-06-30,Delta Air Lines Inc,DELTA AIR LINES,247361702,,IN_MEMBERSHIP
DAL,2023-09-30,Delta Air Lines Inc,DELTA AIR LINES,247361702,,IN_MEMBERSHIP
DAL,2023-12-31,Delta Air Lines Inc,DELTA AIR LINES,247361702,,IN_MEMBERSHIP
DAL,2024-03-31,Delta Air Lines Inc,DELTA AIR LINES,247361702,,IN_MEMBERSHIP
DAL,2024-06-30,Delta Air Lines Inc,DELTA AIR LINES,247361702,,IN_MEMBERSHIP
DAL,2024-09-30,Delta Air Lines Inc,DELTA AIR LINES,247361702,,IN_MEMBERSHIP
DAL,2024-12-31,Delta Air Lines Inc,DELTA AIR LINES,247361702,,IN_MEMBERSHIP
DAL,2025-03-31,Delta Air Lines Inc,DELTA AIR LINES,247361702,,IN_MEMBERSHIP
DAL,2025-06-30,Delta Air Lines Inc,DELTA AIR LINES,247361702,,IN_MEMBERSHIP
DAL,2025-09-30,Delta Air Lines Inc,DELTA AIR LINES,247361702,,IN_MEMBERSHIP
DAL,2025-12-31,Delta Air Lines Inc,DELTA AIR LINES,247361702,,IN_MEMBERSHIP
DASH,2025-03-31,DoorDash Inc,DOORDASH,25809K105,,IN_MEMBERSHIP
DASH,2025-06-30,DoorDash Inc,DOORDASH,25809K105,,IN_MEMBERSHIP
DASH,2025-09-30,DoorDash Inc,DOORDASH,25809K105,,IN_MEMBERSHIP
DASH,2025-12-31,DoorDash Inc,DOORDASH,25809K105,,IN_MEMBERSHIP
DAY,2021-09-30,Ceridian HCM Holding Inc,CERIDIAN HCM,15677J108,,IN_MEMBERSHIP
DAY,2021-12-31,Ceridian HCM Holding Inc,CERIDIAN HCM,15677J108,,IN_MEMBERSHIP
DAY,2022-03-31,Ceridian HCM Holding Inc,CERIDIAN HCM,15677J108,,IN_MEMBERSHIP
DAY,2022-06-30,Ceridian HCM Holding Inc,CERIDIAN HCM,15677J108,,IN_MEMBERSHIP
DAY,2022-09-30,Ceridian HCM Holding Inc,CERIDIAN HCM,15677J108,,IN_MEMBERSHIP
DAY,2022-12-31,Ceridian HCM Holding Inc,CERIDIAN HCM,15677J108,,IN_MEMBERSHIP
DAY,2023-03-31,Ceridian HCM Holding Inc,CERIDIAN HCM,15677J108,,IN_MEMBERSHIP
DAY,2023-06-30,Ceridian HCM Holding Inc,CERIDIAN HCM,15677J108,,IN_MEMBERSHIP
DAY,2023-09-30,Ceridian HCM Holding Inc,CERIDIAN HCM,15677J108,,IN_MEMBERSHIP
DAY,2023-12-31,Ceridian HCM Holding Inc,CERIDIAN HCM,15677J108,,IN_MEMBERSHIP
DAY,2024-03-31,Dayforce Inc,DAYFORCE,15677J108,,IN_MEMBERSHIP
DAY,2024-06-30,Dayforce Inc,DAYFORCE,15677J108,,IN_MEMBERSHIP
DAY,2024-09-30,Dayforce Inc,DAYFORCE,15677J108,,IN_MEMBERSHIP
DAY,2024-12-31,Dayforce Inc,DAYFORCE,15677J108,,IN_MEMBERSHIP
DAY,2025-03-31,Dayforce Inc,DAYFORCE,15677J108,,IN_MEMBERSHIP
DAY,2025-06-30,Dayforce Inc,DAYFORCE,15677J108,,IN_MEMBERSHIP
DAY,2025-09-30,Dayforce Inc,DAYFORCE,15677J108,,IN_MEMBERSHIP
DAY,2025-12-31,Dayforce Inc,DAYFORCE,15677J108,,IN_MEMBERSHIP
DD,2020-12-31,DuPont de Nemours Inc,DUPONT DE NEMOURS,26614N102,,PRE_WINDOW_SUPPORT
DD,2021-03-31,DuPont de Nemours Inc,DUPONT DE NEMOURS,26614N102,,IN_MEMBERSHIP
DD,2021-06-30,DuPont de Nemours Inc,DUPONT DE NEMOURS,26614N102,,IN_MEMBERSHIP
DD,2021-09-30,DuPont de Nemours Inc,DUPONT DE NEMOURS,26614N102,,IN_MEMBERSHIP
DD,2021-12-31,DuPont de Nemours Inc,DUPONT DE NEMOURS,26614N102,,IN_MEMBERSHIP
DD,2022-03-31,DuPont de Nemours Inc,DUPONT DE NEMOURS,26614N102,,IN_MEMBERSHIP
DD,2022-06-30,DuPont de Nemours Inc,DUPONT DE NEMOURS,26614N102,,IN_MEMBERSHIP
DD,2022-09-30,DuPont de Nemours Inc,DUPONT DE NEMOURS,26614N102,,IN_MEMBERSHIP
DD,2022-12-31,DuPont de Nemours Inc,DUPONT DE NEMOURS,26614N102,,IN_MEMBERSHIP
DD,2023-03-31,DuPont de Nemours Inc,DUPONT DE NEMOURS,26614N102,,IN_MEMBERSHIP
DD,2023-06-30,DuPont de Nemours Inc,DUPONT DE NEMOURS,26614N102,,IN_MEMBERSHIP
DD,2023-09-30,DuPont de Nemours Inc,DUPONT DE NEMOURS,26614N102,,IN_MEMBERSHIP
DD,2023-12-31,DuPont de Nemours Inc,DUPONT DE NEMOURS,26614N102,,IN_MEMBERSHIP
DD,2024-03-31,DuPont de Nemours Inc,DUPONT DE NEMOURS,26614N102,,IN_MEMBERSHIP
DD,2024-06-30,DuPont de Nemours Inc,DUPONT DE NEMOURS,26614N102,,IN_MEMBERSHIP
DD,2024-09-30,DuPont de Nemours Inc,DUPONT DE NEMOURS,26614N102,,IN_MEMBERSHIP
DD,2024-12-31,DuPont de Nemours Inc,DUPONT DE NEMOURS,26614N102,,IN_MEMBERSHIP
DD,2025-03-31,DuPont de Nemours Inc,DUPONT DE NEMOURS,26614N102,,IN_MEMBERSHIP
DD,2025-06-30,DuPont de Nemours Inc,DUPONT DE NEMOURS,26614N102,,IN_MEMBERSHIP
DD,2025-09-30,DuPont de Nemours Inc,DUPONT DE NEMOURS,26614N102,,IN_MEMBERSHIP
DD,2025-12-31,DuPont de Nemours Inc,DUPONT DE NEMOURS,26614N102,,IN_MEMBERSHIP
DDOG,2025-09-30,Datadog Inc,DATADOG,23804L103,,IN_MEMBERSHIP
DDOG,2025-12-31,Datadog Inc,DATADOG,23804L103,,IN_MEMBERSHIP
DE,2020-12-31,Deere & Co,DEERE AND,244199105,,PRE_WINDOW_SUPPORT
DE,2021-03-31,Deere & Co,DEERE AND,244199105,,IN_MEMBERSHIP
DE,2021-06-30,Deere & Co,DEERE AND,244199105,,IN_MEMBERSHIP
DE,2021-09-30,Deere & Co,DEERE AND,244199105,,IN_MEMBERSHIP
DE,2021-12-31,Deere & Co,DEERE AND,244199105,,IN_MEMBERSHIP
DE,2022-03-31,Deere & Co,DEERE AND,244199105,,IN_MEMBERSHIP
DE,2022-06-30,Deere & Co,DEERE AND,244199105,,IN_MEMBERSHIP
DE,2022-09-30,Deere & Co,DEERE AND,244199105,,IN_MEMBERSHIP
DE,2022-12-31,Deere & Co,DEERE AND,244199105,,IN_MEMBERSHIP
DE,2023-03-31,Deere & Co,DEERE AND,244199105,,IN_MEMBERSHIP
DE,2023-06-30,Deere & Co,DEERE AND,244199105,,IN_MEMBERSHIP
DE,2023-09-30,Deere & Co,DEERE AND,244199105,,IN_MEMBERSHIP
DE,2023-12-31,Deere & Co,DEERE AND,244199105,,IN_MEMBERSHIP
DE,2024-03-31,Deere & Co,DEERE AND,244199105,,IN_MEMBERSHIP
DE,2024-06-30,Deere & Co,DEERE AND,244199105,,IN_MEMBERSHIP
DE,2024-09-30,Deere & Co,DEERE AND,244199105,,IN_MEMBERSHIP
DE,2024-12-31,Deere & Co,DEERE AND,244199105,,IN_MEMBERSHIP
DE,2025-03-31,Deere & Co,DEERE AND,244199105,,IN_MEMBERSHIP
DE,2025-06-30,Deere & Co,DEERE AND,244199105,,IN_MEMBERSHIP
DE,2025-09-30,Deere & Co,DEERE AND,244199105,,IN_MEMBERSHIP
DE,2025-12-31,Deere & Co,DEERE AND,244199105,,IN_MEMBERSHIP
DECK,2024-03-31,Deckers Outdoor Corp,DECKERS OUTDOOR,243537107,,IN_MEMBERSHIP
DECK,2024-06-30,Deckers Outdoor Corp,DECKERS OUTDOOR,243537107,,IN_MEMBERSHIP
DECK,2024-09-30,Deckers Outdoor Corp,DECKERS OUTDOOR,243537107,,IN_MEMBERSHIP
DECK,2024-12-31,Deckers Outdoor Corp,DECKERS OUTDOOR,243537107,,IN_MEMBERSHIP
DECK,2025-03-31,Deckers Outdoor Corp,DECKERS OUTDOOR,243537107,,IN_MEMBERSHIP
DECK,2025-06-30,Deckers Outdoor Corp,DECKERS OUTDOOR,243537107,,IN_MEMBERSHIP
DECK,2025-09-30,Deckers Outdoor Corp,DECKERS OUTDOOR,243537107,,IN_MEMBERSHIP
DECK,2025-12-31,Deckers Outdoor Corp,DECKERS OUTDOOR,243537107,,IN_MEMBERSHIP
DELL,2024-09-30,Dell Technologies Inc,DELL TECHNOLOGIES,24703L202,,IN_MEMBERSHIP
DELL,2024-12-31,Dell Technologies Inc,DELL TECHNOLOGIES,24703L202,,IN_MEMBERSHIP
DELL,2025-03-31,Dell Technologies Inc,DELL TECHNOLOGIES,24703L202,,IN_MEMBERSHIP
DELL,2025-06-30,Dell Technologies Inc,DELL TECHNOLOGIES,24703L202,,IN_MEMBERSHIP
DELL,2025-09-30,Dell Technologies Inc,DELL TECHNOLOGIES,24703L202,,IN_MEMBERSHIP
DELL,2025-12-31,Dell Technologies Inc,DELL TECHNOLOGIES,24703L202,,IN_MEMBERSHIP
DG,2020-12-31,Dollar General Corp,DOLLAR GENERAL,256677105,,PRE_WINDOW_SUPPORT
DG,2021-03-31,Dollar General Corp,DOLLAR GENERAL,256677105,,IN_MEMBERSHIP
DG,2021-06-30,Dollar General Corp,DOLLAR GENERAL,256677105,,IN_MEMBERSHIP
DG,2021-09-30,Dollar General Corp,DOLLAR GENERAL,256677105,,IN_MEMBERSHIP
DG,2021-12-31,Dollar General Corp,DOLLAR GENERAL,256677105,,IN_MEMBERSHIP
DG,2022-03-31,Dollar General Corp,DOLLAR GENERAL,256677105,,IN_MEMBERSHIP
DG,2022-06-30,Dollar General Corp,DOLLAR GENERAL,256677105,,IN_MEMBERSHIP
DG,2022-09-30,Dollar General Corp,DOLLAR GENERAL,256677105,,IN_MEMBERSHIP
DG,2022-12-31,Dollar General Corp,DOLLAR GENERAL,256677105,,IN_MEMBERSHIP
DG,2023-03-31,Dollar General Corp,DOLLAR GENERAL,256677105,,IN_MEMBERSHIP
DG,2023-06-30,Dollar General Corp,DOLLAR GENERAL,256677105,,IN_MEMBERSHIP
DG,2023-09-30,Dollar General Corp,DOLLAR GENERAL,256677105,,IN_MEMBERSHIP
DG,2023-12-31,Dollar General Corp,DOLLAR GENERAL,256677105,,IN_MEMBERSHIP
DG,2024-03-31,Dollar General Corp,DOLLAR GENERAL,256677105,,IN_MEMBERSHIP
DG,2024-06-30,Dollar General Corp,DOLLAR GENERAL,256677105,,IN_MEMBERSHIP
DG,2024-09-30,Dollar General Corp,DOLLAR GENERAL,256677105,,IN_MEMBERSHIP
DG,2024-12-31,Dollar General Corp,DOLLAR GENERAL,256677105,,IN_MEMBERSHIP
DG,2025-03-31,Dollar General Corp,DOLLAR GENERAL,256677105,,IN_MEMBERSHIP
DG,2025-06-30,Dollar General Corp,DOLLAR GENERAL,256677105,,IN_MEMBERSHIP
DG,2025-09-30,Dollar General Corp,DOLLAR GENERAL,256677105,,IN_MEMBERSHIP
DG,2025-12-31,Dollar General Corp,DOLLAR GENERAL,256677105,,IN_MEMBERSHIP
DGX,2020-12-31,Quest Diagnostics Inc,QUEST DIAGNOSTICS,74834L100,,PRE_WINDOW_SUPPORT
DGX,2021-03-31,Quest Diagnostics Inc,QUEST DIAGNOSTICS,74834L100,,IN_MEMBERSHIP
DGX,2021-06-30,Quest Diagnostics Inc,QUEST DIAGNOSTICS,74834L100,,IN_MEMBERSHIP
DGX,2021-09-30,Quest Diagnostics Inc,QUEST DIAGNOSTICS,74834L100,,IN_MEMBERSHIP
DGX,2021-12-31,Quest Diagnostics Inc,QUEST DIAGNOSTICS,74834L100,,IN_MEMBERSHIP
DGX,2022-03-31,Quest Diagnostics Inc,QUEST DIAGNOSTICS,74834L100,,IN_MEMBERSHIP
DGX,2022-06-30,Quest Diagnostics Inc,QUEST DIAGNOSTICS,74834L100,,IN_MEMBERSHIP
DGX,2022-09-30,Quest Diagnostics Inc,QUEST DIAGNOSTICS,74834L100,,IN_MEMBERSHIP
DGX,2022-12-31,Quest Diagnostics Inc,QUEST DIAGNOSTICS,74834L100,,IN_MEMBERSHIP
DGX,2023-03-31,Quest Diagnostics Inc,QUEST DIAGNOSTICS,74834L100,,IN_MEMBERSHIP
DGX,2023-06-30,Quest Diagnostics Inc,QUEST DIAGNOSTICS,74834L100,,IN_MEMBERSHIP
DGX,2023-09-30,Quest Diagnostics Inc,QUEST DIAGNOSTICS,74834L100,,IN_MEMBERSHIP
DGX,2023-12-31,Quest Diagnostics Inc,QUEST DIAGNOSTICS,74834L100,,IN_MEMBERSHIP
DGX,2024-03-31,Quest Diagnostics Inc,QUEST DIAGNOSTICS,74834L100,,IN_MEMBERSHIP
DGX,2024-06-30,Quest Diagnostics Inc,QUEST DIAGNOSTICS,74834L100,,IN_MEMBERSHIP
DGX,2024-09-30,Quest Diagnostics Inc,QUEST DIAGNOSTICS,74834L100,,IN_MEMBERSHIP
DGX,2024-12-31,Quest Diagnostics Inc,QUEST DIAGNOSTICS,74834L100,,IN_MEMBERSHIP
DGX,2025-03-31,Quest Diagnostics Inc,QUEST DIAGNOSTICS,74834L100,,IN_MEMBERSHIP
DGX,2025-06-30,Quest Diagnostics Inc,QUEST DIAGNOSTICS,74834L100,,IN_MEMBERSHIP
DGX,2025-09-30,Quest Diagnostics Inc,QUEST DIAGNOSTICS,74834L100,,IN_MEMBERSHIP
DGX,2025-12-31,Quest Diagnostics Inc,QUEST DIAGNOSTICS,74834L100,,IN_MEMBERSHIP
DHI,2020-12-31,DR Horton Inc,DR HORTON,23331A109,,PRE_WINDOW_SUPPORT
DHI,2021-03-31,DR Horton Inc,DR HORTON,23331A109,,IN_MEMBERSHIP
DHI,2021-06-30,DR Horton Inc,DR HORTON,23331A109,,IN_MEMBERSHIP
DHI,2021-09-30,DR Horton Inc,DR HORTON,23331A109,,IN_MEMBERSHIP
DHI,2021-12-31,DR Horton Inc,DR HORTON,23331A109,,IN_MEMBERSHIP
DHI,2022-03-31,DR Horton Inc,DR HORTON,23331A109,,IN_MEMBERSHIP
DHI,2022-06-30,DR Horton Inc,DR HORTON,23331A109,,IN_MEMBERSHIP
DHI,2022-09-30,DR Horton Inc,DR HORTON,23331A109,,IN_MEMBERSHIP
DHI,2022-12-31,DR Horton Inc,DR HORTON,23331A109,,IN_MEMBERSHIP
DHI,2023-03-31,DR Horton Inc,DR HORTON,23331A109,,IN_MEMBERSHIP
DHI,2023-06-30,DR Horton Inc,DR HORTON,23331A109,,IN_MEMBERSHIP
DHI,2023-09-30,DR Horton Inc,DR HORTON,23331A109,,IN_MEMBERSHIP
DHI,2023-12-31,DR Horton Inc,DR HORTON,23331A109,,IN_MEMBERSHIP
DHI,2024-03-31,DR Horton Inc,DR HORTON,23331A109,,IN_MEMBERSHIP
DHI,2024-06-30,DR Horton Inc,DR HORTON,23331A109,,IN_MEMBERSHIP
DHI,2024-09-30,DR Horton Inc,DR HORTON,23331A109,,IN_MEMBERSHIP
DHI,2024-12-31,DR Horton Inc,DR HORTON,23331A109,,IN_MEMBERSHIP
DHI,2025-03-31,DR Horton Inc,DR HORTON,23331A109,,IN_MEMBERSHIP
DHI,2025-06-30,DR Horton Inc,DR HORTON,23331A109,,IN_MEMBERSHIP
DHI,2025-09-30,DR Horton Inc,DR HORTON,23331A109,,IN_MEMBERSHIP
DHI,2025-12-31,DR Horton Inc,DR HORTON,23331A109,,IN_MEMBERSHIP
DHR,2020-12-31,Danaher Corp,DANAHER,235851102,,PRE_WINDOW_SUPPORT
DHR,2021-03-31,Danaher Corp,DANAHER,235851102,,IN_MEMBERSHIP
DHR,2021-06-30,Danaher Corp,DANAHER,235851102,,IN_MEMBERSHIP
DHR,2021-09-30,Danaher Corp,DANAHER,235851102,,IN_MEMBERSHIP
DHR,2021-12-31,Danaher Corp,DANAHER,235851102,,IN_MEMBERSHIP
DHR,2022-03-31,Danaher Corp,DANAHER,235851102,,IN_MEMBERSHIP
DHR,2022-06-30,Danaher Corp,DANAHER,235851102,,IN_MEMBERSHIP
DHR,2022-09-30,Danaher Corp,DANAHER,235851102,,IN_MEMBERSHIP
DHR,2022-12-31,Danaher Corp,DANAHER,235851102,,IN_MEMBERSHIP
DHR,2023-03-31,Danaher Corp,DANAHER,235851102,,IN_MEMBERSHIP
DHR,2023-06-30,Danaher Corp,DANAHER,235851102,,IN_MEMBERSHIP
DHR,2023-09-30,Danaher Corp,DANAHER,235851102,,IN_MEMBERSHIP
DHR,2023-12-31,Danaher Corp,DANAHER,235851102,,IN_MEMBERSHIP
DHR,2024-03-31,Danaher Corp,DANAHER,235851102,,IN_MEMBERSHIP
DHR,2024-06-30,Danaher Corp,DANAHER,235851102,,IN_MEMBERSHIP
DHR,2024-09-30,Danaher Corp,DANAHER,235851102,,IN_MEMBERSHIP
DHR,2024-12-31,Danaher Corp,DANAHER,235851102,,IN_MEMBERSHIP
DHR,2025-03-31,Danaher Corp,DANAHER,235851102,,IN_MEMBERSHIP
DHR,2025-06-30,Danaher Corp,DANAHER,235851102,,IN_MEMBERSHIP
DHR,2025-09-30,Danaher Corp,DANAHER,235851102,,IN_MEMBERSHIP
DHR,2025-12-31,Danaher Corp,DANAHER,235851102,,IN_MEMBERSHIP
DIS,2020-12-31,Walt Disney Co/The,WALT DISNEY,254687106,,PRE_WINDOW_SUPPORT
DIS,2021-03-31,Walt Disney Co/The,WALT DISNEY,254687106,,IN_MEMBERSHIP
DIS,2021-06-30,Walt Disney Co/The,WALT DISNEY,254687106,,IN_MEMBERSHIP
DIS,2021-09-30,Walt Disney Co/The,WALT DISNEY,254687106,,IN_MEMBERSHIP
DIS,2021-12-31,Walt Disney Co/The,WALT DISNEY,254687106,,IN_MEMBERSHIP
DIS,2022-03-31,Walt Disney Co/The,WALT DISNEY,254687106,,IN_MEMBERSHIP
DIS,2022-06-30,Walt Disney Co/The,WALT DISNEY,254687106,,IN_MEMBERSHIP
DIS,2022-09-30,Walt Disney Co/The,WALT DISNEY,254687106,,IN_MEMBERSHIP
DIS,2022-12-31,Walt Disney Co/The,WALT DISNEY,254687106,,IN_MEMBERSHIP
DIS,2023-03-31,Walt Disney Co/The,WALT DISNEY,254687106,,IN_MEMBERSHIP
DIS,2023-06-30,Walt Disney Co/The,WALT DISNEY,254687106,,IN_MEMBERSHIP
DIS,2023-09-30,Walt Disney Co/The,WALT DISNEY,254687106,,IN_MEMBERSHIP
DIS,2023-12-31,Walt Disney Co/The,WALT DISNEY,254687106,,IN_MEMBERSHIP
DIS,2024-03-31,Walt Disney Co/The,WALT DISNEY,254687106,,IN_MEMBERSHIP
DIS,2024-06-30,Walt Disney Co/The,WALT DISNEY,254687106,,IN_MEMBERSHIP
DIS,2024-09-30,Walt Disney Co/The,WALT DISNEY,254687106,,IN_MEMBERSHIP
DIS,2024-12-31,Walt Disney Co/The,WALT DISNEY,254687106,,IN_MEMBERSHIP
DIS,2025-03-31,Walt Disney Co/The,WALT DISNEY,254687106,,IN_MEMBERSHIP
DIS,2025-06-30,Walt Disney Co/The,WALT DISNEY,254687106,,IN_MEMBERSHIP
DIS,2025-09-30,Walt Disney Co/The,WALT DISNEY,254687106,,IN_MEMBERSHIP
DIS,2025-12-31,Walt Disney Co/The,WALT DISNEY,254687106,,IN_MEMBERSHIP
DLR,2020-12-31,Digital Realty Trust Inc,DIGITAL REALTY TRUST,253868103,,PRE_WINDOW_SUPPORT
DLR,2021-03-31,Digital Realty Trust Inc,DIGITAL REALTY TRUST,253868103,,IN_MEMBERSHIP
DLR,2021-06-30,Digital Realty Trust Inc,DIGITAL REALTY TRUST,253868103,,IN_MEMBERSHIP
DLR,2021-09-30,Digital Realty Trust Inc,DIGITAL REALTY TRUST,253868103,,IN_MEMBERSHIP
DLR,2021-12-31,Digital Realty Trust Inc,DIGITAL REALTY TRUST,253868103,,IN_MEMBERSHIP
DLR,2022-03-31,Digital Realty Trust Inc,DIGITAL REALTY TRUST,253868103,,IN_MEMBERSHIP
DLR,2022-06-30,Digital Realty Trust Inc,DIGITAL REALTY TRUST,253868103,,IN_MEMBERSHIP
DLR,2022-09-30,Digital Realty Trust Inc,DIGITAL REALTY TRUST,253868103,,IN_MEMBERSHIP
DLR,2022-12-31,Digital Realty Trust Inc,DIGITAL REALTY TRUST,253868103,,IN_MEMBERSHIP
DLR,2023-03-31,Digital Realty Trust Inc,DIGITAL REALTY TRUST,253868103,,IN_MEMBERSHIP
DLR,2023-06-30,Digital Realty Trust Inc,DIGITAL REALTY TRUST,253868103,,IN_MEMBERSHIP
DLR,2023-09-30,Digital Realty Trust Inc,DIGITAL REALTY TRUST,253868103,,IN_MEMBERSHIP
DLR,2023-12-31,Digital Realty Trust Inc,DIGITAL REALTY TRUST,253868103,,IN_MEMBERSHIP
DLR,2024-03-31,Digital Realty Trust Inc,DIGITAL REALTY TRUST,253868103,,IN_MEMBERSHIP
DLR,2024-06-30,Digital Realty Trust Inc,DIGITAL REALTY TRUST,253868103,,IN_MEMBERSHIP
DLR,2024-09-30,Digital Realty Trust Inc,DIGITAL REALTY TRUST,253868103,,IN_MEMBERSHIP
DLR,2024-12-31,Digital Realty Trust Inc,DIGITAL REALTY TRUST,253868103,,IN_MEMBERSHIP
DLR,2025-03-31,Digital Realty Trust Inc,DIGITAL REALTY TRUST,253868103,,IN_MEMBERSHIP
DLR,2025-06-30,Digital Realty Trust Inc,DIGITAL REALTY TRUST,253868103,,IN_MEMBERSHIP
DLR,2025-09-30,Digital Realty Trust Inc,DIGITAL REALTY TRUST,253868103,,IN_MEMBERSHIP
DLR,2025-12-31,Digital Realty Trust Inc,DIGITAL REALTY TRUST,253868103,,IN_MEMBERSHIP
DLTR,2020-12-31,Dollar Tree Inc,DOLLAR TREE,256746108,,PRE_WINDOW_SUPPORT
DLTR,2021-03-31,Dollar Tree Inc,DOLLAR TREE,256746108,,IN_MEMBERSHIP
DLTR,2021-06-30,Dollar Tree Inc,DOLLAR TREE,256746108,,IN_MEMBERSHIP
DLTR,2021-09-30,Dollar Tree Inc,DOLLAR TREE,256746108,,IN_MEMBERSHIP
DLTR,2021-12-31,Dollar Tree Inc,DOLLAR TREE,256746108,,IN_MEMBERSHIP
DLTR,2022-03-31,Dollar Tree Inc,DOLLAR TREE,256746108,,IN_MEMBERSHIP
DLTR,2022-06-30,Dollar Tree Inc,DOLLAR TREE,256746108,,IN_MEMBERSHIP
DLTR,2022-09-30,Dollar Tree Inc,DOLLAR TREE,256746108,,IN_MEMBERSHIP
DLTR,2022-12-31,Dollar Tree Inc,DOLLAR TREE,256746108,,IN_MEMBERSHIP
DLTR,2023-03-31,Dollar Tree Inc,DOLLAR TREE,256746108,,IN_MEMBERSHIP
DLTR,2023-06-30,Dollar Tree Inc,DOLLAR TREE,256746108,,IN_MEMBERSHIP
DLTR,2023-09-30,Dollar Tree Inc,DOLLAR TREE,256746108,,IN_MEMBERSHIP
DLTR,2023-12-31,Dollar Tree Inc,DOLLAR TREE,256746108,,IN_MEMBERSHIP
DLTR,2024-03-31,Dollar Tree Inc,DOLLAR TREE,256746108,,IN_MEMBERSHIP
DLTR,2024-06-30,Dollar Tree Inc,DOLLAR TREE,256746108,,IN_MEMBERSHIP
DLTR,2024-09-30,Dollar Tree Inc,DOLLAR TREE,256746108,,IN_MEMBERSHIP
DLTR,2024-12-31,Dollar Tree Inc,DOLLAR TREE,256746108,,IN_MEMBERSHIP
DLTR,2025-03-31,Dollar Tree Inc,DOLLAR TREE,256746108,,IN_MEMBERSHIP
DLTR,2025-06-30,Dollar Tree Inc,DOLLAR TREE,256746108,,IN_MEMBERSHIP
DLTR,2025-09-30,Dollar Tree Inc,DOLLAR TREE,256746108,,IN_MEMBERSHIP
DLTR,2025-12-31,Dollar Tree Inc,DOLLAR TREE,256746108,,IN_MEMBERSHIP
DOC,2020-12-31,Healthpeak Properties Inc,HEALTHPEAK PROPERTIES,42250P103,,PRE_WINDOW_SUPPORT
DOC,2021-03-31,Healthpeak Properties Inc,HEALTHPEAK PROPERTIES,42250P103,,IN_MEMBERSHIP
DOC,2021-06-30,Healthpeak Properties Inc,HEALTHPEAK PROPERTIES,42250P103,,IN_MEMBERSHIP
DOC,2021-09-30,Healthpeak Properties Inc,HEALTHPEAK PROPERTIES,42250P103,,IN_MEMBERSHIP
DOC,2021-12-31,Healthpeak Properties Inc,HEALTHPEAK PROPERTIES,42250P103,,IN_MEMBERSHIP
DOC,2022-03-31,Healthpeak Properties Inc,HEALTHPEAK PROPERTIES,42250P103,,IN_MEMBERSHIP
DOC,2022-06-30,Healthpeak Properties Inc,HEALTHPEAK PROPERTIES,42250P103,,IN_MEMBERSHIP
DOC,2022-09-30,Healthpeak Properties Inc,HEALTHPEAK PROPERTIES,42250P103,,IN_MEMBERSHIP
DOC,2022-12-31,Healthpeak Properties Inc,HEALTHPEAK PROPERTIES,42250P103,,IN_MEMBERSHIP
DOC,2023-03-31,Healthpeak Properties Inc,HEALTHPEAK PROPERTIES,42250P103,,IN_MEMBERSHIP
DOC,2023-06-30,Healthpeak Properties Inc,HEALTHPEAK PROPERTIES,42250P103,,IN_MEMBERSHIP
DOC,2023-09-30,Healthpeak Properties Inc,HEALTHPEAK PROPERTIES,42250P103,,IN_MEMBERSHIP
DOC,2023-12-31,Healthpeak Properties Inc,HEALTHPEAK PROPERTIES,42250P103,,IN_MEMBERSHIP
DOC,2024-03-31,Healthpeak Properties Inc,HEALTHPEAK PROPERTIES,42250P103,,IN_MEMBERSHIP
DOC,2024-06-30,Healthpeak Properties Inc,HEALTHPEAK PROPERTIES,42250P103,,IN_MEMBERSHIP
DOC,2024-09-30,Healthpeak Properties Inc,HEALTHPEAK PROPERTIES,42250P103,,IN_MEMBERSHIP
DOC,2024-12-31,Healthpeak Properties Inc,HEALTHPEAK PROPERTIES,42250P103,,IN_MEMBERSHIP
DOC,2025-03-31,Healthpeak Properties Inc,HEALTHPEAK PROPERTIES,42250P103,,IN_MEMBERSHIP
DOC,2025-06-30,Healthpeak Properties Inc,HEALTHPEAK PROPERTIES,42250P103,,IN_MEMBERSHIP
DOC,2025-09-30,Healthpeak Properties Inc,HEALTHPEAK PROPERTIES,42250P103,,IN_MEMBERSHIP
DOC,2025-12-31,Healthpeak Properties Inc,HEALTHPEAK PROPERTIES,42250P103,,IN_MEMBERSHIP
DOV,2020-12-31,Dover Corp,DOVER,260003108,,PRE_WINDOW_SUPPORT
DOV,2021-03-31,Dover Corp,DOVER,260003108,,IN_MEMBERSHIP
DOV,2021-06-30,Dover Corp,DOVER,260003108,,IN_MEMBERSHIP
DOV,2021-09-30,Dover Corp,DOVER,260003108,,IN_MEMBERSHIP
DOV,2021-12-31,Dover Corp,DOVER,260003108,,IN_MEMBERSHIP
DOV,2022-03-31,Dover Corp,DOVER,260003108,,IN_MEMBERSHIP
DOV,2022-06-30,Dover Corp,DOVER,260003108,,IN_MEMBERSHIP
DOV,2022-09-30,Dover Corp,DOVER,260003108,,IN_MEMBERSHIP
DOV,2022-12-31,Dover Corp,DOVER,260003108,,IN_MEMBERSHIP
DOV,2023-03-31,Dover Corp,DOVER,260003108,,IN_MEMBERSHIP
DOV,2023-06-30,Dover Corp,DOVER,260003108,,IN_MEMBERSHIP
DOV,2023-09-30,Dover Corp,DOVER,260003108,,IN_MEMBERSHIP
DOV,2023-12-31,Dover Corp,DOVER,260003108,,IN_MEMBERSHIP
DOV,2024-03-31,Dover Corp,DOVER,260003108,,IN_MEMBERSHIP
DOV,2024-06-30,Dover Corp,DOVER,260003108,,IN_MEMBERSHIP
DOV,2024-09-30,Dover Corp,DOVER,260003108,,IN_MEMBERSHIP
DOV,2024-12-31,Dover Corp,DOVER,260003108,,IN_MEMBERSHIP
DOV,2025-03-31,Dover Corp,DOVER,260003108,,IN_MEMBERSHIP
DOV,2025-06-30,Dover Corp,DOVER,260003108,,IN_MEMBERSHIP
DOV,2025-09-30,Dover Corp,DOVER,260003108,,IN_MEMBERSHIP
DOV,2025-12-31,Dover Corp,DOVER,260003108,,IN_MEMBERSHIP
DOW,2020-12-31,Dow Inc,DOW,260557103,,PRE_WINDOW_SUPPORT
DOW,2021-03-31,Dow Inc,DOW,260557103,,IN_MEMBERSHIP
DOW,2021-06-30,Dow Inc,DOW,260557103,,IN_MEMBERSHIP
DOW,2021-09-30,Dow Inc,DOW,260557103,,IN_MEMBERSHIP
DOW,2021-12-31,Dow Inc,DOW,260557103,,IN_MEMBERSHIP
DOW,2022-03-31,Dow Inc,DOW,260557103,,IN_MEMBERSHIP
DOW,2022-06-30,Dow Inc,DOW,260557103,,IN_MEMBERSHIP
DOW,2022-09-30,Dow Inc,DOW,260557103,,IN_MEMBERSHIP
DOW,2022-12-31,Dow Inc,DOW,260557103,,IN_MEMBERSHIP
DOW,2023-03-31,Dow Inc,DOW,260557103,,IN_MEMBERSHIP
DOW,2023-06-30,Dow Inc,DOW,260557103,,IN_MEMBERSHIP
DOW,2023-09-30,Dow Inc,DOW,260557103,,IN_MEMBERSHIP
DOW,2023-12-31,Dow Inc,DOW,260557103,,IN_MEMBERSHIP
DOW,2024-03-31,Dow Inc,DOW,260557103,,IN_MEMBERSHIP
DOW,2024-06-30,Dow Inc,DOW,260557103,,IN_MEMBERSHIP
DOW,2024-09-30,Dow Inc,DOW,260557103,,IN_MEMBERSHIP
DOW,2024-12-31,Dow Inc,DOW,260557103,,IN_MEMBERSHIP
DOW,2025-03-31,Dow Inc,DOW,260557103,,IN_MEMBERSHIP
DOW,2025-06-30,Dow Inc,DOW,260557103,,IN_MEMBERSHIP
DOW,2025-09-30,Dow Inc,DOW,260557103,,IN_MEMBERSHIP
DOW,2025-12-31,Dow Inc,DOW,260557103,,IN_MEMBERSHIP
DPZ,2020-12-31,Domino's Pizza Inc,DOMINO S PIZZA,25754A201,,PRE_WINDOW_SUPPORT
DPZ,2021-03-31,Domino's Pizza Inc,DOMINO S PIZZA,25754A201,,IN_MEMBERSHIP
DPZ,2021-06-30,Domino's Pizza Inc,DOMINO S PIZZA,25754A201,,IN_MEMBERSHIP
DPZ,2021-09-30,Domino's Pizza Inc,DOMINO S PIZZA,25754A201,,IN_MEMBERSHIP
DPZ,2021-12-31,Domino's Pizza Inc,DOMINO S PIZZA,25754A201,,IN_MEMBERSHIP
DPZ,2022-03-31,Domino's Pizza Inc,DOMINO S PIZZA,25754A201,,IN_MEMBERSHIP
DPZ,2022-06-30,Domino's Pizza Inc,DOMINO S PIZZA,25754A201,,IN_MEMBERSHIP
DPZ,2022-09-30,Domino's Pizza Inc,DOMINO S PIZZA,25754A201,,IN_MEMBERSHIP
DPZ,2022-12-31,Domino's Pizza Inc,DOMINO S PIZZA,25754A201,,IN_MEMBERSHIP
DPZ,2023-03-31,Domino's Pizza Inc,DOMINO S PIZZA,25754A201,,IN_MEMBERSHIP
DPZ,2023-06-30,Domino's Pizza Inc,DOMINO S PIZZA,25754A201,,IN_MEMBERSHIP
DPZ,2023-09-30,Domino's Pizza Inc,DOMINO S PIZZA,25754A201,,IN_MEMBERSHIP
DPZ,2023-12-31,Domino's Pizza Inc,DOMINO S PIZZA,25754A201,,IN_MEMBERSHIP
DPZ,2024-03-31,Domino's Pizza Inc,DOMINO S PIZZA,25754A201,,IN_MEMBERSHIP
DPZ,2024-06-30,Domino's Pizza Inc,DOMINO S PIZZA,25754A201,,IN_MEMBERSHIP
DPZ,2024-09-30,Domino's Pizza Inc,DOMINO S PIZZA,25754A201,,IN_MEMBERSHIP
DPZ,2024-12-31,Domino's Pizza Inc,DOMINO S PIZZA,25754A201,,IN_MEMBERSHIP
DPZ,2025-03-31,Domino's Pizza Inc,DOMINO S PIZZA,25754A201,,IN_MEMBERSHIP
DPZ,2025-06-30,Domino's Pizza Inc,DOMINO S PIZZA,25754A201,,IN_MEMBERSHIP
DPZ,2025-09-30,Domino's Pizza Inc,DOMINO S PIZZA,25754A201,,IN_MEMBERSHIP
DPZ,2025-12-31,Domino's Pizza Inc,DOMINO S PIZZA,25754A201,,IN_MEMBERSHIP
DRI,2020-12-31,Darden Restaurants Inc,DARDEN RESTAURANTS,237194105,,PRE_WINDOW_SUPPORT
DRI,2021-03-31,Darden Restaurants Inc,DARDEN RESTAURANTS,237194105,,IN_MEMBERSHIP
DRI,2021-06-30,Darden Restaurants Inc,DARDEN RESTAURANTS,237194105,,IN_MEMBERSHIP
DRI,2021-09-30,Darden Restaurants Inc,DARDEN RESTAURANTS,237194105,,IN_MEMBERSHIP
DRI,2021-12-31,Darden Restaurants Inc,DARDEN RESTAURANTS,237194105,,IN_MEMBERSHIP
DRI,2022-03-31,Darden Restaurants Inc,DARDEN RESTAURANTS,237194105,,IN_MEMBERSHIP
DRI,2022-06-30,Darden Restaurants Inc,DARDEN RESTAURANTS,237194105,,IN_MEMBERSHIP
DRI,2022-09-30,Darden Restaurants Inc,DARDEN RESTAURANTS,237194105,,IN_MEMBERSHIP
DRI,2022-12-31,Darden Restaurants Inc,DARDEN RESTAURANTS,237194105,,IN_MEMBERSHIP
DRI,2023-03-31,Darden Restaurants Inc,DARDEN RESTAURANTS,237194105,,IN_MEMBERSHIP
DRI,2023-06-30,Darden Restaurants Inc,DARDEN RESTAURANTS,237194105,,IN_MEMBERSHIP
DRI,2023-09-30,Darden Restaurants Inc,DARDEN RESTAURANTS,237194105,,IN_MEMBERSHIP
DRI,2023-12-31,Darden Restaurants Inc,DARDEN RESTAURANTS,237194105,,IN_MEMBERSHIP
DRI,2024-03-31,Darden Restaurants Inc,DARDEN RESTAURANTS,237194105,,IN_MEMBERSHIP
DRI,2024-06-30,Darden Restaurants Inc,DARDEN RESTAURANTS,237194105,,IN_MEMBERSHIP
DRI,2024-09-30,Darden Restaurants Inc,DARDEN RESTAURANTS,237194105,,IN_MEMBERSHIP
DRI,2024-12-31,Darden Restaurants Inc,DARDEN RESTAURANTS,237194105,,IN_MEMBERSHIP
DRI,2025-03-31,Darden Restaurants Inc,DARDEN RESTAURANTS,237194105,,IN_MEMBERSHIP
DRI,2025-06-30,Darden Restaurants Inc,DARDEN RESTAURANTS,237194105,,IN_MEMBERSHIP
DRI,2025-09-30,Darden Restaurants Inc,DARDEN RESTAURANTS,237194105,,IN_MEMBERSHIP
DRI,2025-12-31,Darden Restaurants Inc,DARDEN RESTAURANTS,237194105,,IN_MEMBERSHIP
DTE,2020-12-31,DTE Energy Co,DTE ENERGY,233331107,,PRE_WINDOW_SUPPORT
DTE,2021-03-31,DTE Energy Co,DTE ENERGY,233331107,,IN_MEMBERSHIP
DTE,2021-06-30,DTE Energy Co,DTE ENERGY,233331107,,IN_MEMBERSHIP
DTE,2021-09-30,DTE Energy Co,DTE ENERGY,233331107,,IN_MEMBERSHIP
DTE,2021-12-31,DTE Energy Co,DTE ENERGY,233331107,,IN_MEMBERSHIP
DTE,2022-03-31,DTE Energy Co,DTE ENERGY,233331107,,IN_MEMBERSHIP
DTE,2022-06-30,DTE Energy Co,DTE ENERGY,233331107,,IN_MEMBERSHIP
DTE,2022-09-30,DTE Energy Co,DTE ENERGY,233331107,,IN_MEMBERSHIP
DTE,2022-12-31,DTE Energy Co,DTE ENERGY,233331107,,IN_MEMBERSHIP
DTE,2023-03-31,DTE Energy Co,DTE ENERGY,233331107,,IN_MEMBERSHIP
DTE,2023-06-30,DTE Energy Co,DTE ENERGY,233331107,,IN_MEMBERSHIP
DTE,2023-09-30,DTE Energy Co,DTE ENERGY,233331107,,IN_MEMBERSHIP
DTE,2023-12-31,DTE Energy Co,DTE ENERGY,233331107,,IN_MEMBERSHIP
DTE,2024-03-31,DTE Energy Co,DTE ENERGY,233331107,,IN_MEMBERSHIP
DTE,2024-06-30,DTE Energy Co,DTE ENERGY,233331107,,IN_MEMBERSHIP
DTE,2024-09-30,DTE Energy Co,DTE ENERGY,233331107,,IN_MEMBERSHIP
DTE,2024-12-31,DTE Energy Co,DTE ENERGY,233331107,,IN_MEMBERSHIP
DTE,2025-03-31,DTE Energy Co,DTE ENERGY,233331107,,IN_MEMBERSHIP
DTE,2025-06-30,DTE Energy Co,DTE ENERGY,233331107,,IN_MEMBERSHIP
DTE,2025-09-30,DTE Energy Co,DTE ENERGY,233331107,,IN_MEMBERSHIP
DTE,2025-12-31,DTE Energy Co,DTE ENERGY,233331107,,IN_MEMBERSHIP
DUK,2020-12-31,Duke Energy Corp,DUKE ENERGY,26441C204,,PRE_WINDOW_SUPPORT
DUK,2021-03-31,Duke Energy Corp,DUKE ENERGY,26441C204,,IN_MEMBERSHIP
DUK,2021-06-30,Duke Energy Corp,DUKE ENERGY,26441C204,,IN_MEMBERSHIP
DUK,2021-09-30,Duke Energy Corp,DUKE ENERGY,26441C204,,IN_MEMBERSHIP
DUK,2021-12-31,Duke Energy Corp,DUKE ENERGY,26441C204,,IN_MEMBERSHIP
DUK,2022-03-31,Duke Energy Corp,DUKE ENERGY,26441C204,,IN_MEMBERSHIP
DUK,2022-06-30,Duke Energy Corp,DUKE ENERGY,26441C204,,IN_MEMBERSHIP
DUK,2022-09-30,Duke Energy Corp,DUKE ENERGY,26441C204,,IN_MEMBERSHIP
DUK,2022-12-31,Duke Energy Corp,DUKE ENERGY,26441C204,,IN_MEMBERSHIP
DUK,2023-03-31,Duke Energy Corp,DUKE ENERGY,26441C204,,IN_MEMBERSHIP
DUK,2023-06-30,Duke Energy Corp,DUKE ENERGY,26441C204,,IN_MEMBERSHIP
DUK,2023-09-30,Duke Energy Corp,DUKE ENERGY,26441C204,,IN_MEMBERSHIP
DUK,2023-12-31,Duke Energy Corp,DUKE ENERGY,26441C204,,IN_MEMBERSHIP
DUK,2024-03-31,Duke Energy Corp,DUKE ENERGY,26441C204,,IN_MEMBERSHIP
DUK,2024-06-30,Duke Energy Corp,DUKE ENERGY,26441C204,,IN_MEMBERSHIP
DUK,2024-09-30,Duke Energy Corp,DUKE ENERGY,26441C204,,IN_MEMBERSHIP
DUK,2024-12-31,Duke Energy Corp,DUKE ENERGY,26441C204,,IN_MEMBERSHIP
DUK,2025-03-31,Duke Energy Corp,DUKE ENERGY,26441C204,,IN_MEMBERSHIP
DUK,2025-06-30,Duke Energy Corp,DUKE ENERGY,26441C204,,IN_MEMBERSHIP
DUK,2025-09-30,Duke Energy Corp,DUKE ENERGY,26441C204,,IN_MEMBERSHIP
DUK,2025-12-31,Duke Energy Corp,DUKE ENERGY,26441C204,,IN_MEMBERSHIP
DVA,2020-12-31,DaVita Inc,DAVITA,23918K108,,PRE_WINDOW_SUPPORT
DVA,2021-03-31,DaVita Inc,DAVITA,23918K108,,IN_MEMBERSHIP
DVA,2021-06-30,DaVita Inc,DAVITA,23918K108,,IN_MEMBERSHIP
DVA,2021-09-30,DaVita Inc,DAVITA,23918K108,,IN_MEMBERSHIP
DVA,2021-12-31,DaVita Inc,DAVITA,23918K108,,IN_MEMBERSHIP
DVA,2022-03-31,DaVita Inc,DAVITA,23918K108,,IN_MEMBERSHIP
DVA,2022-06-30,DaVita Inc,DAVITA,23918K108,,IN_MEMBERSHIP
DVA,2022-09-30,DaVita Inc,DAVITA,23918K108,,IN_MEMBERSHIP
DVA,2022-12-31,DaVita Inc,DAVITA,23918K108,,IN_MEMBERSHIP
DVA,2023-03-31,DaVita Inc,DAVITA,23918K108,,IN_MEMBERSHIP
DVA,2023-06-30,DaVita Inc,DAVITA,23918K108,,IN_MEMBERSHIP
DVA,2023-09-30,DaVita Inc,DAVITA,23918K108,,IN_MEMBERSHIP
DVA,2023-12-31,DaVita Inc,DAVITA,23918K108,,IN_MEMBERSHIP
DVA,2024-03-31,DaVita Inc,DAVITA,23918K108,,IN_MEMBERSHIP
DVA,2024-06-30,DaVita Inc,DAVITA,23918K108,,IN_MEMBERSHIP
DVA,2024-09-30,DaVita Inc,DAVITA,23918K108,,IN_MEMBERSHIP
DVA,2024-12-31,DaVita Inc,DAVITA,23918K108,,IN_MEMBERSHIP
DVA,2025-03-31,DaVita Inc,DAVITA,23918K108,,IN_MEMBERSHIP
DVA,2025-06-30,DaVita Inc,DAVITA,23918K108,,IN_MEMBERSHIP
DVA,2025-09-30,DaVita Inc,DAVITA,23918K108,,IN_MEMBERSHIP
DVA,2025-12-31,DaVita Inc,DAVITA,23918K108,,IN_MEMBERSHIP
DVN,2020-12-31,Devon Energy Corp,DEVON ENERGY,25179M103,,PRE_WINDOW_SUPPORT
DVN,2021-03-31,Devon Energy Corp,DEVON ENERGY,25179M103,,IN_MEMBERSHIP
DVN,2021-06-30,Devon Energy Corp,DEVON ENERGY,25179M103,,IN_MEMBERSHIP
DVN,2021-09-30,Devon Energy Corp,DEVON ENERGY,25179M103,,IN_MEMBERSHIP
DVN,2021-12-31,Devon Energy Corp,DEVON ENERGY,25179M103,,IN_MEMBERSHIP
DVN,2022-03-31,Devon Energy Corp,DEVON ENERGY,25179M103,,IN_MEMBERSHIP
DVN,2022-06-30,Devon Energy Corp,DEVON ENERGY,25179M103,,IN_MEMBERSHIP
DVN,2022-09-30,Devon Energy Corp,DEVON ENERGY,25179M103,,IN_MEMBERSHIP
DVN,2022-12-31,Devon Energy Corp,DEVON ENERGY,25179M103,,IN_MEMBERSHIP
DVN,2023-03-31,Devon Energy Corp,DEVON ENERGY,25179M103,,IN_MEMBERSHIP
DVN,2023-06-30,Devon Energy Corp,DEVON ENERGY,25179M103,,IN_MEMBERSHIP
DVN,2023-09-30,Devon Energy Corp,DEVON ENERGY,25179M103,,IN_MEMBERSHIP
DVN,2023-12-31,Devon Energy Corp,DEVON ENERGY,25179M103,,IN_MEMBERSHIP
DVN,2024-03-31,Devon Energy Corp,DEVON ENERGY,25179M103,,IN_MEMBERSHIP
DVN,2024-06-30,Devon Energy Corp,DEVON ENERGY,25179M103,,IN_MEMBERSHIP
DVN,2024-09-30,Devon Energy Corp,DEVON ENERGY,25179M103,,IN_MEMBERSHIP
DVN,2024-12-31,Devon Energy Corp,DEVON ENERGY,25179M103,,IN_MEMBERSHIP
DVN,2025-03-31,Devon Energy Corp,DEVON ENERGY,25179M103,,IN_MEMBERSHIP
DVN,2025-06-30,Devon Energy Corp,DEVON ENERGY,25179M103,,IN_MEMBERSHIP
DVN,2025-09-30,Devon Energy Corp,DEVON ENERGY,25179M103,,IN_MEMBERSHIP
DVN,2025-12-31,Devon Energy Corp,DEVON ENERGY,25179M103,,IN_MEMBERSHIP
DXCM,2020-12-31,DexCom Inc,DEXCOM,252131107,,PRE_WINDOW_SUPPORT
DXCM,2021-03-31,Dexcom Inc,DEXCOM,252131107,,IN_MEMBERSHIP
DXCM,2021-06-30,Dexcom Inc,DEXCOM,252131107,,IN_MEMBERSHIP
DXCM,2021-09-30,Dexcom Inc,DEXCOM,252131107,,IN_MEMBERSHIP
DXCM,2021-12-31,Dexcom Inc,DEXCOM,252131107,,IN_MEMBERSHIP
DXCM,2022-03-31,Dexcom Inc,DEXCOM,252131107,,IN_MEMBERSHIP
DXCM,2022-06-30,Dexcom Inc,DEXCOM,252131107,,IN_MEMBERSHIP
DXCM,2022-09-30,Dexcom Inc,DEXCOM,252131107,,IN_MEMBERSHIP
DXCM,2022-12-31,Dexcom Inc,DEXCOM,252131107,,IN_MEMBERSHIP
DXCM,2023-03-31,Dexcom Inc,DEXCOM,252131107,,IN_MEMBERSHIP
DXCM,2023-06-30,Dexcom Inc,DEXCOM,252131107,,IN_MEMBERSHIP
DXCM,2023-09-30,Dexcom Inc,DEXCOM,252131107,,IN_MEMBERSHIP
DXCM,2023-12-31,Dexcom Inc,DEXCOM,252131107,,IN_MEMBERSHIP
DXCM,2024-03-31,Dexcom Inc,DEXCOM,252131107,,IN_MEMBERSHIP
DXCM,2024-06-30,Dexcom Inc,DEXCOM,252131107,,IN_MEMBERSHIP
DXCM,2024-09-30,Dexcom Inc,DEXCOM,252131107,,IN_MEMBERSHIP
DXCM,2024-12-31,Dexcom Inc,DEXCOM,252131107,,IN_MEMBERSHIP
DXCM,2025-03-31,Dexcom Inc,DEXCOM,252131107,,IN_MEMBERSHIP
DXCM,2025-06-30,Dexcom Inc,DEXCOM,252131107,,IN_MEMBERSHIP
DXCM,2025-09-30,Dexcom Inc,DEXCOM,252131107,,IN_MEMBERSHIP
DXCM,2025-12-31,Dexcom Inc,DEXCOM,252131107,,IN_MEMBERSHIP
EA,2020-12-31,Electronic Arts Inc,ELECTRONIC ARTS,285512109,,PRE_WINDOW_SUPPORT
EA,2021-03-31,Electronic Arts Inc,ELECTRONIC ARTS,285512109,,IN_MEMBERSHIP
EA,2021-06-30,Electronic Arts Inc,ELECTRONIC ARTS,285512109,,IN_MEMBERSHIP
EA,2021-09-30,Electronic Arts Inc,ELECTRONIC ARTS,285512109,,IN_MEMBERSHIP
EA,2021-12-31,Electronic Arts Inc,ELECTRONIC ARTS,285512109,,IN_MEMBERSHIP
EA,2022-03-31,Electronic Arts Inc,ELECTRONIC ARTS,285512109,,IN_MEMBERSHIP
EA,2022-06-30,Electronic Arts Inc,ELECTRONIC ARTS,285512109,,IN_MEMBERSHIP
EA,2022-09-30,Electronic Arts Inc,ELECTRONIC ARTS,285512109,,IN_MEMBERSHIP
EA,2022-12-31,Electronic Arts Inc,ELECTRONIC ARTS,285512109,,IN_MEMBERSHIP
EA,2023-03-31,Electronic Arts Inc,ELECTRONIC ARTS,285512109,,IN_MEMBERSHIP
EA,2023-06-30,Electronic Arts Inc,ELECTRONIC ARTS,285512109,,IN_MEMBERSHIP
EA,2023-09-30,Electronic Arts Inc,ELECTRONIC ARTS,285512109,,IN_MEMBERSHIP
EA,2023-12-31,Electronic Arts Inc,ELECTRONIC ARTS,285512109,,IN_MEMBERSHIP
EA,2024-03-31,Electronic Arts Inc,ELECTRONIC ARTS,285512109,,IN_MEMBERSHIP
EA,2024-06-30,Electronic Arts Inc,ELECTRONIC ARTS,285512109,,IN_MEMBERSHIP
EA,2024-09-30,Electronic Arts Inc,ELECTRONIC ARTS,285512109,,IN_MEMBERSHIP
EA,2024-12-31,Electronic Arts Inc,ELECTRONIC ARTS,285512109,,IN_MEMBERSHIP
EA,2025-03-31,Electronic Arts Inc,ELECTRONIC ARTS,285512109,,IN_MEMBERSHIP
EA,2025-06-30,Electronic Arts Inc,ELECTRONIC ARTS,285512109,,IN_MEMBERSHIP
EA,2025-09-30,Electronic Arts Inc,ELECTRONIC ARTS,285512109,,IN_MEMBERSHIP
EA,2025-12-31,Electronic Arts Inc,ELECTRONIC ARTS,285512109,,IN_MEMBERSHIP
EBAY,2020-12-31,eBay Inc,EBAY,278642103,,PRE_WINDOW_SUPPORT
EBAY,2021-03-31,eBay Inc,EBAY,278642103,,IN_MEMBERSHIP
EBAY,2021-06-30,eBay Inc,EBAY,278642103,,IN_MEMBERSHIP
EBAY,2021-09-30,eBay Inc,EBAY,278642103,,IN_MEMBERSHIP
EBAY,2021-12-31,eBay Inc,EBAY,278642103,,IN_MEMBERSHIP
EBAY,2022-03-31,eBay Inc,EBAY,278642103,,IN_MEMBERSHIP
EBAY,2022-06-30,eBay Inc,EBAY,278642103,,IN_MEMBERSHIP
EBAY,2022-09-30,eBay Inc,EBAY,278642103,,IN_MEMBERSHIP
EBAY,2022-12-31,eBay Inc,EBAY,278642103,,IN_MEMBERSHIP
EBAY,2023-03-31,eBay Inc,EBAY,278642103,,IN_MEMBERSHIP
EBAY,2023-06-30,eBay Inc,EBAY,278642103,,IN_MEMBERSHIP
EBAY,2023-09-30,eBay Inc,EBAY,278642103,,IN_MEMBERSHIP
EBAY,2023-12-31,eBay Inc,EBAY,278642103,,IN_MEMBERSHIP
EBAY,2024-03-31,eBay Inc,EBAY,278642103,,IN_MEMBERSHIP
EBAY,2024-06-30,eBay Inc,EBAY,278642103,,IN_MEMBERSHIP
EBAY,2024-09-30,eBay Inc,EBAY,278642103,,IN_MEMBERSHIP
EBAY,2024-12-31,eBay Inc,EBAY,278642103,,IN_MEMBERSHIP
EBAY,2025-03-31,eBay Inc,EBAY,278642103,,IN_MEMBERSHIP
EBAY,2025-06-30,eBay Inc,EBAY,278642103,,IN_MEMBERSHIP
EBAY,2025-09-30,eBay Inc,EBAY,278642103,,IN_MEMBERSHIP
EBAY,2025-12-31,eBay Inc,EBAY,278642103,,IN_MEMBERSHIP
ECL,2020-12-31,Ecolab Inc,ECOLAB,278865100,,PRE_WINDOW_SUPPORT
ECL,2021-03-31,Ecolab Inc,ECOLAB,278865100,,IN_MEMBERSHIP
ECL,2021-06-30,Ecolab Inc,ECOLAB,278865100,,IN_MEMBERSHIP
ECL,2021-09-30,Ecolab Inc,ECOLAB,278865100,,IN_MEMBERSHIP
ECL,2021-12-31,Ecolab Inc,ECOLAB,278865100,,IN_MEMBERSHIP
ECL,2022-03-31,Ecolab Inc,ECOLAB,278865100,,IN_MEMBERSHIP
ECL,2022-06-30,Ecolab Inc,ECOLAB,278865100,,IN_MEMBERSHIP
ECL,2022-09-30,Ecolab Inc,ECOLAB,278865100,,IN_MEMBERSHIP
ECL,2022-12-31,Ecolab Inc,ECOLAB,278865100,,IN_MEMBERSHIP
ECL,2023-03-31,Ecolab Inc,ECOLAB,278865100,,IN_MEMBERSHIP
ECL,2023-06-30,Ecolab Inc,ECOLAB,278865100,,IN_MEMBERSHIP
ECL,2023-09-30,Ecolab Inc,ECOLAB,278865100,,IN_MEMBERSHIP
ECL,2023-12-31,Ecolab Inc,ECOLAB,278865100,,IN_MEMBERSHIP
ECL,2024-03-31,Ecolab Inc,ECOLAB,278865100,,IN_MEMBERSHIP
ECL,2024-06-30,Ecolab Inc,ECOLAB,278865100,,IN_MEMBERSHIP
ECL,2024-09-30,Ecolab Inc,ECOLAB,278865100,,IN_MEMBERSHIP
ECL,2024-12-31,Ecolab Inc,ECOLAB,278865100,,IN_MEMBERSHIP
ECL,2025-03-31,Ecolab Inc,ECOLAB,278865100,,IN_MEMBERSHIP
ECL,2025-06-30,Ecolab Inc,ECOLAB,278865100,,IN_MEMBERSHIP
ECL,2025-09-30,Ecolab Inc,ECOLAB,278865100,,IN_MEMBERSHIP
ECL,2025-12-31,Ecolab Inc,ECOLAB,278865100,,IN_MEMBERSHIP
ED,2020-12-31,Consolidated Edison Inc,CONSOLIDATED EDISON,209115104,,PRE_WINDOW_SUPPORT
ED,2021-03-31,Consolidated Edison Inc,CONSOLIDATED EDISON,209115104,,IN_MEMBERSHIP
ED,2021-06-30,Consolidated Edison Inc,CONSOLIDATED EDISON,209115104,,IN_MEMBERSHIP
ED,2021-09-30,Consolidated Edison Inc,CONSOLIDATED EDISON,209115104,,IN_MEMBERSHIP
ED,2021-12-31,Consolidated Edison Inc,CONSOLIDATED EDISON,209115104,,IN_MEMBERSHIP
ED,2022-03-31,Consolidated Edison Inc,CONSOLIDATED EDISON,209115104,,IN_MEMBERSHIP
ED,2022-06-30,Consolidated Edison Inc,CONSOLIDATED EDISON,209115104,,IN_MEMBERSHIP
ED,2022-09-30,Consolidated Edison Inc,CONSOLIDATED EDISON,209115104,,IN_MEMBERSHIP
ED,2022-12-31,Consolidated Edison Inc,CONSOLIDATED EDISON,209115104,,IN_MEMBERSHIP
ED,2023-03-31,Consolidated Edison Inc,CONSOLIDATED EDISON,209115104,,IN_MEMBERSHIP
ED,2023-06-30,Consolidated Edison Inc,CONSOLIDATED EDISON,209115104,,IN_MEMBERSHIP
ED,2023-09-30,Consolidated Edison Inc,CONSOLIDATED EDISON,209115104,,IN_MEMBERSHIP
ED,2023-12-31,Consolidated Edison Inc,CONSOLIDATED EDISON,209115104,,IN_MEMBERSHIP
ED,2024-03-31,Consolidated Edison Inc,CONSOLIDATED EDISON,209115104,,IN_MEMBERSHIP
ED,2024-06-30,Consolidated Edison Inc,CONSOLIDATED EDISON,209115104,,IN_MEMBERSHIP
ED,2024-09-30,Consolidated Edison Inc,CONSOLIDATED EDISON,209115104,,IN_MEMBERSHIP
ED,2024-12-31,Consolidated Edison Inc,CONSOLIDATED EDISON,209115104,,IN_MEMBERSHIP
ED,2025-03-31,Consolidated Edison Inc,CONSOLIDATED EDISON,209115104,,IN_MEMBERSHIP
ED,2025-06-30,Consolidated Edison Inc,CONSOLIDATED EDISON,209115104,,IN_MEMBERSHIP
ED,2025-09-30,Consolidated Edison Inc,CONSOLIDATED EDISON,209115104,,IN_MEMBERSHIP
ED,2025-12-31,Consolidated Edison Inc,CONSOLIDATED EDISON,209115104,,IN_MEMBERSHIP
EFX,2020-12-31,Equifax Inc,EQUIFAX,294429105,,PRE_WINDOW_SUPPORT
EFX,2021-03-31,Equifax Inc,EQUIFAX,294429105,,IN_MEMBERSHIP
EFX,2021-06-30,Equifax Inc,EQUIFAX,294429105,,IN_MEMBERSHIP
EFX,2021-09-30,Equifax Inc,EQUIFAX,294429105,,IN_MEMBERSHIP
EFX,2021-12-31,Equifax Inc,EQUIFAX,294429105,,IN_MEMBERSHIP
EFX,2022-03-31,Equifax Inc,EQUIFAX,294429105,,IN_MEMBERSHIP
EFX,2022-06-30,Equifax Inc,EQUIFAX,294429105,,IN_MEMBERSHIP
EFX,2022-09-30,Equifax Inc,EQUIFAX,294429105,,IN_MEMBERSHIP
EFX,2022-12-31,Equifax Inc,EQUIFAX,294429105,,IN_MEMBERSHIP
EFX,2023-03-31,Equifax Inc,EQUIFAX,294429105,,IN_MEMBERSHIP
EFX,2023-06-30,Equifax Inc,EQUIFAX,294429105,,IN_MEMBERSHIP
EFX,2023-09-30,Equifax Inc,EQUIFAX,294429105,,IN_MEMBERSHIP
EFX,2023-12-31,Equifax Inc,EQUIFAX,294429105,,IN_MEMBERSHIP
EFX,2024-03-31,Equifax Inc,EQUIFAX,294429105,,IN_MEMBERSHIP
EFX,2024-06-30,Equifax Inc,EQUIFAX,294429105,,IN_MEMBERSHIP
EFX,2024-09-30,Equifax Inc,EQUIFAX,294429105,,IN_MEMBERSHIP
EFX,2024-12-31,Equifax Inc,EQUIFAX,294429105,,IN_MEMBERSHIP
EFX,2025-03-31,Equifax Inc,EQUIFAX,294429105,,IN_MEMBERSHIP
EFX,2025-06-30,Equifax Inc,EQUIFAX,294429105,,IN_MEMBERSHIP
EFX,2025-09-30,Equifax Inc,EQUIFAX,294429105,,IN_MEMBERSHIP
EFX,2025-12-31,Equifax Inc,EQUIFAX,294429105,,IN_MEMBERSHIP
EG,2020-12-31,Everest Re Group Ltd,EVEREST RE GROUP,BMG3223R1088,,PRE_WINDOW_SUPPORT
EG,2021-03-31,Everest Re Group Ltd,EVEREST RE GROUP,BMG3223R1088,,IN_MEMBERSHIP
EG,2021-06-30,Everest Re Group Ltd,EVEREST RE GROUP,BMG3223R1088,,IN_MEMBERSHIP
EG,2021-09-30,Everest Re Group Ltd,EVEREST RE GROUP,BMG3223R1088,,IN_MEMBERSHIP
EG,2021-12-31,Everest Re Group Ltd,EVEREST RE GROUP,BMG3223R1088,,IN_MEMBERSHIP
EG,2022-03-31,Everest Re Group Ltd,EVEREST RE GROUP,BMG3223R1088,,IN_MEMBERSHIP
EG,2022-06-30,Everest Re Group Ltd,EVEREST RE GROUP,BMG3223R1088,,IN_MEMBERSHIP
EG,2022-09-30,Everest Re Group Ltd,EVEREST RE GROUP,BMG3223R1088,,IN_MEMBERSHIP
EG,2022-12-31,Everest Re Group Ltd,EVEREST RE GROUP,BMG3223R1088,,IN_MEMBERSHIP
EG,2023-03-31,Everest Re Group Ltd,EVEREST RE GROUP,BMG3223R1088,,IN_MEMBERSHIP
EG,2023-06-30,Everest Re Group Ltd,EVEREST RE GROUP,BMG3223R1088,,IN_MEMBERSHIP
EG,2023-09-30,Everest Group Ltd,EVEREST GROUP,BMG3223R1088,,IN_MEMBERSHIP
EG,2023-12-31,Everest Group Ltd,EVEREST GROUP,BMG3223R1088,,IN_MEMBERSHIP
EG,2024-03-31,Everest Group Ltd,EVEREST GROUP,BMG3223R1088,,IN_MEMBERSHIP
EG,2024-06-30,Everest Group Ltd,EVEREST GROUP,BMG3223R1088,,IN_MEMBERSHIP
EG,2024-09-30,Everest Group Ltd,EVEREST GROUP,BMG3223R1088,,IN_MEMBERSHIP
EG,2024-12-31,Everest Group Ltd,EVEREST GROUP,BMG3223R1088,,IN_MEMBERSHIP
EG,2025-03-31,Everest Group Ltd,EVEREST GROUP,BMG3223R1088,,IN_MEMBERSHIP
EG,2025-06-30,Everest Group Ltd,EVEREST GROUP,BMG3223R1088,,IN_MEMBERSHIP
EG,2025-09-30,Everest Group Ltd,EVEREST GROUP,BMG3223R1088,,IN_MEMBERSHIP
EG,2025-12-31,Everest Group Ltd,EVEREST GROUP,BMG3223R1088,,IN_MEMBERSHIP
EIX,2020-12-31,Edison International,EDISON INTERNATIONAL,281020107,,PRE_WINDOW_SUPPORT
EIX,2021-03-31,Edison International,EDISON INTERNATIONAL,281020107,,IN_MEMBERSHIP
EIX,2021-06-30,Edison International,EDISON INTERNATIONAL,281020107,,IN_MEMBERSHIP
EIX,2021-09-30,Edison International,EDISON INTERNATIONAL,281020107,,IN_MEMBERSHIP
EIX,2021-12-31,Edison International,EDISON INTERNATIONAL,281020107,,IN_MEMBERSHIP
EIX,2022-03-31,Edison International,EDISON INTERNATIONAL,281020107,,IN_MEMBERSHIP
EIX,2022-06-30,Edison International,EDISON INTERNATIONAL,281020107,,IN_MEMBERSHIP
EIX,2022-09-30,Edison International,EDISON INTERNATIONAL,281020107,,IN_MEMBERSHIP
EIX,2022-12-31,Edison International,EDISON INTERNATIONAL,281020107,,IN_MEMBERSHIP
EIX,2023-03-31,Edison International,EDISON INTERNATIONAL,281020107,,IN_MEMBERSHIP
EIX,2023-06-30,Edison International,EDISON INTERNATIONAL,281020107,,IN_MEMBERSHIP
EIX,2023-09-30,Edison International,EDISON INTERNATIONAL,281020107,,IN_MEMBERSHIP
EIX,2023-12-31,Edison International,EDISON INTERNATIONAL,281020107,,IN_MEMBERSHIP
EIX,2024-03-31,Edison International,EDISON INTERNATIONAL,281020107,,IN_MEMBERSHIP
EIX,2024-06-30,Edison International,EDISON INTERNATIONAL,281020107,,IN_MEMBERSHIP
EIX,2024-09-30,Edison International,EDISON INTERNATIONAL,281020107,,IN_MEMBERSHIP
EIX,2024-12-31,Edison International,EDISON INTERNATIONAL,281020107,,IN_MEMBERSHIP
EIX,2025-03-31,Edison International,EDISON INTERNATIONAL,281020107,,IN_MEMBERSHIP
EIX,2025-06-30,Edison International,EDISON INTERNATIONAL,281020107,,IN_MEMBERSHIP
EIX,2025-09-30,Edison International,EDISON INTERNATIONAL,281020107,,IN_MEMBERSHIP
EIX,2025-12-31,Edison International,EDISON INTERNATIONAL,281020107,,IN_MEMBERSHIP
EL,2020-12-31,Estee Lauder Cos Inc/The,ESTEE LAUDER COS,518439104,,PRE_WINDOW_SUPPORT
EL,2021-03-31,Estee Lauder Cos Inc/The,ESTEE LAUDER COS,518439104,,IN_MEMBERSHIP
EL,2021-06-30,Estee Lauder Cos Inc/The,ESTEE LAUDER COS,518439104,,IN_MEMBERSHIP
EL,2021-09-30,Estee Lauder Cos Inc/The,ESTEE LAUDER COS,518439104,,IN_MEMBERSHIP
EL,2021-12-31,Estee Lauder Cos Inc/The,ESTEE LAUDER COS,518439104,,IN_MEMBERSHIP
EL,2022-03-31,Estee Lauder Cos Inc/The,ESTEE LAUDER COS,518439104,,IN_MEMBERSHIP
EL,2022-06-30,Estee Lauder Cos Inc/The,ESTEE LAUDER COS,518439104,,IN_MEMBERSHIP
EL,2022-09-30,Estee Lauder Cos Inc/The,ESTEE LAUDER COS,518439104,,IN_MEMBERSHIP
EL,2022-12-31,Estee Lauder Cos Inc/The,ESTEE LAUDER COS,518439104,,IN_MEMBERSHIP
EL,2023-03-31,Estee Lauder Cos Inc/The,ESTEE LAUDER COS,518439104,,IN_MEMBERSHIP
EL,2023-06-30,Estee Lauder Cos Inc/The,ESTEE LAUDER COS,518439104,,IN_MEMBERSHIP
EL,2023-09-30,Estee Lauder Cos Inc/The,ESTEE LAUDER COS,518439104,,IN_MEMBERSHIP
EL,2023-12-31,Estee Lauder Cos Inc/The,ESTEE LAUDER COS,518439104,,IN_MEMBERSHIP
EL,2024-03-31,Estee Lauder Cos Inc/The,ESTEE LAUDER COS,518439104,,IN_MEMBERSHIP
EL,2024-06-30,Estee Lauder Cos Inc/The,ESTEE LAUDER COS,518439104,,IN_MEMBERSHIP
EL,2024-09-30,Estee Lauder Cos Inc/The,ESTEE LAUDER COS,518439104,,IN_MEMBERSHIP
EL,2024-12-31,Estee Lauder Cos Inc/The,ESTEE LAUDER COS,518439104,,IN_MEMBERSHIP
EL,2025-03-31,Estee Lauder Cos Inc/The,ESTEE LAUDER COS,518439104,,IN_MEMBERSHIP
EL,2025-06-30,Estee Lauder Cos Inc/The,ESTEE LAUDER COS,518439104,,IN_MEMBERSHIP
EL,2025-09-30,Estee Lauder Cos Inc/The,ESTEE LAUDER COS,518439104,,IN_MEMBERSHIP
EL,2025-12-31,Estee Lauder Cos Inc/The,ESTEE LAUDER COS,518439104,,IN_MEMBERSHIP
ELV,2020-12-31,Anthem Inc,ANTHEM,036752103,,PRE_WINDOW_SUPPORT
ELV,2021-03-31,Anthem Inc,ANTHEM,036752103,,IN_MEMBERSHIP
ELV,2021-06-30,Anthem Inc,ANTHEM,036752103,,IN_MEMBERSHIP
ELV,2021-09-30,Anthem Inc,ANTHEM,036752103,,IN_MEMBERSHIP
ELV,2021-12-31,Anthem Inc,ANTHEM,036752103,,IN_MEMBERSHIP
ELV,2022-03-31,Anthem Inc,ANTHEM,036752103,,IN_MEMBERSHIP
ELV,2022-06-30,Elevance Health Inc,ELEVANCE HEALTH,036752103,,IN_MEMBERSHIP
ELV,2022-09-30,Elevance Health Inc,ELEVANCE HEALTH,036752103,,IN_MEMBERSHIP
ELV,2022-12-31,Elevance Health Inc,ELEVANCE HEALTH,036752103,,IN_MEMBERSHIP
ELV,2023-03-31,Elevance Health Inc,ELEVANCE HEALTH,036752103,,IN_MEMBERSHIP
ELV,2023-06-30,Elevance Health Inc,ELEVANCE HEALTH,036752103,,IN_MEMBERSHIP
ELV,2023-09-30,Elevance Health Inc,ELEVANCE HEALTH,036752103,,IN_MEMBERSHIP
ELV,2023-12-31,Elevance Health Inc,ELEVANCE HEALTH,036752103,,IN_MEMBERSHIP
ELV,2024-03-31,Elevance Health Inc,ELEVANCE HEALTH,036752103,,IN_MEMBERSHIP
ELV,2024-06-30,Elevance Health Inc,ELEVANCE HEALTH,036752103,,IN_MEMBERSHIP
ELV,2024-09-30,Elevance Health Inc,ELEVANCE HEALTH,036752103,,IN_MEMBERSHIP
ELV,2024-12-31,Elevance Health Inc,ELEVANCE HEALTH,036752103,,IN_MEMBERSHIP
ELV,2025-03-31,Elevance Health Inc,ELEVANCE HEALTH,036752103,,IN_MEMBERSHIP
ELV,2025-06-30,Elevance Health Inc,ELEVANCE HEALTH,036752103,,IN_MEMBERSHIP
ELV,2025-09-30,Elevance Health Inc,ELEVANCE HEALTH,036752103,,IN_MEMBERSHIP
ELV,2025-12-31,Elevance Health Inc,ELEVANCE HEALTH,036752103,,IN_MEMBERSHIP
EME,2025-09-30,EMCOR Group Inc,EMCOR GROUP,29084Q100,,IN_MEMBERSHIP
EME,2025-12-31,EMCOR Group Inc,EMCOR GROUP,29084Q100,,IN_MEMBERSHIP
EMR,2020-12-31,Emerson Electric Co,EMERSON ELECTRIC,291011104,,PRE_WINDOW_SUPPORT
EMR,2021-03-31,Emerson Electric Co,EMERSON ELECTRIC,291011104,,IN_MEMBERSHIP
EMR,2021-06-30,Emerson Electric Co,EMERSON ELECTRIC,291011104,,IN_MEMBERSHIP
EMR,2021-09-30,Emerson Electric Co,EMERSON ELECTRIC,291011104,,IN_MEMBERSHIP
EMR,2021-12-31,Emerson Electric Co,EMERSON ELECTRIC,291011104,,IN_MEMBERSHIP
EMR,2022-03-31,Emerson Electric Co,EMERSON ELECTRIC,291011104,,IN_MEMBERSHIP
EMR,2022-06-30,Emerson Electric Co,EMERSON ELECTRIC,291011104,,IN_MEMBERSHIP
EMR,2022-09-30,Emerson Electric Co,EMERSON ELECTRIC,291011104,,IN_MEMBERSHIP
EMR,2022-12-31,Emerson Electric Co,EMERSON ELECTRIC,291011104,,IN_MEMBERSHIP
EMR,2023-03-31,Emerson Electric Co,EMERSON ELECTRIC,291011104,,IN_MEMBERSHIP
EMR,2023-06-30,Emerson Electric Co,EMERSON ELECTRIC,291011104,,IN_MEMBERSHIP
EMR,2023-09-30,Emerson Electric Co,EMERSON ELECTRIC,291011104,,IN_MEMBERSHIP
EMR,2023-12-31,Emerson Electric Co,EMERSON ELECTRIC,291011104,,IN_MEMBERSHIP
EMR,2024-03-31,Emerson Electric Co,EMERSON ELECTRIC,291011104,,IN_MEMBERSHIP
EMR,2024-06-30,Emerson Electric Co,EMERSON ELECTRIC,291011104,,IN_MEMBERSHIP
EMR,2024-09-30,Emerson Electric Co,EMERSON ELECTRIC,291011104,,IN_MEMBERSHIP
EMR,2024-12-31,Emerson Electric Co,EMERSON ELECTRIC,291011104,,IN_MEMBERSHIP
EMR,2025-03-31,Emerson Electric Co,EMERSON ELECTRIC,291011104,,IN_MEMBERSHIP
EMR,2025-06-30,Emerson Electric Co,EMERSON ELECTRIC,291011104,,IN_MEMBERSHIP
EMR,2025-09-30,Emerson Electric Co,EMERSON ELECTRIC,291011104,,IN_MEMBERSHIP
EMR,2025-12-31,Emerson Electric Co,EMERSON ELECTRIC,291011104,,IN_MEMBERSHIP
EOG,2020-12-31,EOG Resources Inc,EOG RESOURCES,26875P101,,PRE_WINDOW_SUPPORT
EOG,2021-03-31,EOG Resources Inc,EOG RESOURCES,26875P101,,IN_MEMBERSHIP
EOG,2021-06-30,EOG Resources Inc,EOG RESOURCES,26875P101,,IN_MEMBERSHIP
EOG,2021-09-30,EOG Resources Inc,EOG RESOURCES,26875P101,,IN_MEMBERSHIP
EOG,2021-12-31,EOG Resources Inc,EOG RESOURCES,26875P101,,IN_MEMBERSHIP
EOG,2022-03-31,EOG Resources Inc,EOG RESOURCES,26875P101,,IN_MEMBERSHIP
EOG,2022-06-30,EOG Resources Inc,EOG RESOURCES,26875P101,,IN_MEMBERSHIP
EOG,2022-09-30,EOG Resources Inc,EOG RESOURCES,26875P101,,IN_MEMBERSHIP
EOG,2022-12-31,EOG Resources Inc,EOG RESOURCES,26875P101,,IN_MEMBERSHIP
EOG,2023-03-31,EOG Resources Inc,EOG RESOURCES,26875P101,,IN_MEMBERSHIP
EOG,2023-06-30,EOG Resources Inc,EOG RESOURCES,26875P101,,IN_MEMBERSHIP
EOG,2023-09-30,EOG Resources Inc,EOG RESOURCES,26875P101,,IN_MEMBERSHIP
EOG,2023-12-31,EOG Resources Inc,EOG RESOURCES,26875P101,,IN_MEMBERSHIP
EOG,2024-03-31,EOG Resources Inc,EOG RESOURCES,26875P101,,IN_MEMBERSHIP
EOG,2024-06-30,EOG Resources Inc,EOG RESOURCES,26875P101,,IN_MEMBERSHIP
EOG,2024-09-30,EOG Resources Inc,EOG RESOURCES,26875P101,,IN_MEMBERSHIP
EOG,2024-12-31,EOG Resources Inc,EOG RESOURCES,26875P101,,IN_MEMBERSHIP
EOG,2025-03-31,EOG Resources Inc,EOG RESOURCES,26875P101,,IN_MEMBERSHIP
EOG,2025-06-30,EOG Resources Inc,EOG RESOURCES,26875P101,,IN_MEMBERSHIP
EOG,2025-09-30,EOG Resources Inc,EOG RESOURCES,26875P101,,IN_MEMBERSHIP
EOG,2025-12-31,EOG Resources Inc,EOG RESOURCES,26875P101,,IN_MEMBERSHIP
EQIX,2020-12-31,Equinix Inc,EQUINIX,29444U700,,PRE_WINDOW_SUPPORT
EQIX,2021-03-31,Equinix Inc,EQUINIX,29444U700,,IN_MEMBERSHIP
EQIX,2021-06-30,Equinix Inc,EQUINIX,29444U700,,IN_MEMBERSHIP
EQIX,2021-09-30,Equinix Inc,EQUINIX,29444U700,,IN_MEMBERSHIP
EQIX,2021-12-31,Equinix Inc,EQUINIX,29444U700,,IN_MEMBERSHIP
EQIX,2022-03-31,Equinix Inc,EQUINIX,29444U700,,IN_MEMBERSHIP
EQIX,2022-06-30,Equinix Inc,EQUINIX,29444U700,,IN_MEMBERSHIP
EQIX,2022-09-30,Equinix Inc,EQUINIX,29444U700,,IN_MEMBERSHIP
EQIX,2022-12-31,Equinix Inc,EQUINIX,29444U700,,IN_MEMBERSHIP
EQIX,2023-03-31,Equinix Inc,EQUINIX,29444U700,,IN_MEMBERSHIP
EQIX,2023-06-30,Equinix Inc,EQUINIX,29444U700,,IN_MEMBERSHIP
EQIX,2023-09-30,Equinix Inc,EQUINIX,29444U700,,IN_MEMBERSHIP
EQIX,2023-12-31,Equinix Inc,EQUINIX,29444U700,,IN_MEMBERSHIP
EQIX,2024-03-31,Equinix Inc,EQUINIX,29444U700,,IN_MEMBERSHIP
EQIX,2024-06-30,Equinix Inc,EQUINIX,29444U700,,IN_MEMBERSHIP
EQIX,2024-09-30,Equinix Inc,EQUINIX,29444U700,,IN_MEMBERSHIP
EQIX,2024-12-31,Equinix Inc,EQUINIX,29444U700,,IN_MEMBERSHIP
EQIX,2025-03-31,Equinix Inc,EQUINIX,29444U700,,IN_MEMBERSHIP
EQIX,2025-06-30,Equinix Inc,EQUINIX,29444U700,,IN_MEMBERSHIP
EQIX,2025-09-30,Equinix Inc,EQUINIX,29444U700,,IN_MEMBERSHIP
EQIX,2025-12-31,Equinix Inc,EQUINIX,29444U700,,IN_MEMBERSHIP
EQR,2020-12-31,Equity Residential,EQUITY RESIDENTIAL,29476L107,,PRE_WINDOW_SUPPORT
EQR,2021-03-31,Equity Residential,EQUITY RESIDENTIAL,29476L107,,IN_MEMBERSHIP
EQR,2021-06-30,Equity Residential,EQUITY RESIDENTIAL,29476L107,,IN_MEMBERSHIP
EQR,2021-09-30,Equity Residential,EQUITY RESIDENTIAL,29476L107,,IN_MEMBERSHIP
EQR,2021-12-31,Equity Residential,EQUITY RESIDENTIAL,29476L107,,IN_MEMBERSHIP
EQR,2022-03-31,Equity Residential,EQUITY RESIDENTIAL,29476L107,,IN_MEMBERSHIP
EQR,2022-06-30,Equity Residential,EQUITY RESIDENTIAL,29476L107,,IN_MEMBERSHIP
EQR,2022-09-30,Equity Residential,EQUITY RESIDENTIAL,29476L107,,IN_MEMBERSHIP
EQR,2022-12-31,Equity Residential,EQUITY RESIDENTIAL,29476L107,,IN_MEMBERSHIP
EQR,2023-03-31,Equity Residential,EQUITY RESIDENTIAL,29476L107,,IN_MEMBERSHIP
EQR,2023-06-30,Equity Residential,EQUITY RESIDENTIAL,29476L107,,IN_MEMBERSHIP
EQR,2023-09-30,Equity Residential,EQUITY RESIDENTIAL,29476L107,,IN_MEMBERSHIP
EQR,2023-12-31,Equity Residential,EQUITY RESIDENTIAL,29476L107,,IN_MEMBERSHIP
EQR,2024-03-31,Equity Residential,EQUITY RESIDENTIAL,29476L107,,IN_MEMBERSHIP
EQR,2024-06-30,Equity Residential,EQUITY RESIDENTIAL,29476L107,,IN_MEMBERSHIP
EQR,2024-09-30,Equity Residential,EQUITY RESIDENTIAL,29476L107,,IN_MEMBERSHIP
EQR,2024-12-31,Equity Residential,EQUITY RESIDENTIAL,29476L107,,IN_MEMBERSHIP
EQR,2025-03-31,Equity Residential,EQUITY RESIDENTIAL,29476L107,,IN_MEMBERSHIP
EQR,2025-06-30,Equity Residential,EQUITY RESIDENTIAL,29476L107,,IN_MEMBERSHIP
EQR,2025-09-30,Equity Residential,EQUITY RESIDENTIAL,29476L107,,IN_MEMBERSHIP
EQR,2025-12-31,Equity Residential,EQUITY RESIDENTIAL,29476L107,,IN_MEMBERSHIP
EQT,2022-12-31,EQT Corp,EQT,26884L109,,IN_MEMBERSHIP
EQT,2023-03-31,EQT Corp,EQT,26884L109,,IN_MEMBERSHIP
EQT,2023-06-30,EQT Corp,EQT,26884L109,,IN_MEMBERSHIP
EQT,2023-09-30,EQT Corp,EQT,26884L109,,IN_MEMBERSHIP
EQT,2023-12-31,EQT Corp,EQT,26884L109,,IN_MEMBERSHIP
EQT,2024-03-31,EQT Corp,EQT,26884L109,,IN_MEMBERSHIP
EQT,2024-06-30,EQT Corp,EQT,26884L109,,IN_MEMBERSHIP
EQT,2024-09-30,EQT Corp,EQT,26884L109,,IN_MEMBERSHIP
EQT,2024-12-31,EQT Corp,EQT,26884L109,,IN_MEMBERSHIP
EQT,2025-03-31,EQT Corp,EQT,26884L109,,IN_MEMBERSHIP
EQT,2025-06-30,EQT Corp,EQT,26884L109,,IN_MEMBERSHIP
EQT,2025-09-30,EQT Corp,EQT,26884L109,,IN_MEMBERSHIP
EQT,2025-12-31,EQT Corp,EQT,26884L109,,IN_MEMBERSHIP
ERIE,2024-09-30,Erie Indemnity Co,ERIE INDEMNITY,29530P102,,IN_MEMBERSHIP
ERIE,2024-12-31,Erie Indemnity Co,ERIE INDEMNITY,29530P102,,IN_MEMBERSHIP
ERIE,2025-03-31,Erie Indemnity Co,ERIE INDEMNITY,29530P102,,IN_MEMBERSHIP
ERIE,2025-06-30,Erie Indemnity Co,ERIE INDEMNITY,29530P102,,IN_MEMBERSHIP
ERIE,2025-09-30,Erie Indemnity Co,ERIE INDEMNITY,29530P102,,IN_MEMBERSHIP
ERIE,2025-12-31,Erie Indemnity Co,ERIE INDEMNITY,29530P102,,IN_MEMBERSHIP
ES,2020-12-31,Eversource Energy,EVERSOURCE ENERGY,30040W108,,PRE_WINDOW_SUPPORT
ES,2021-03-31,Eversource Energy,EVERSOURCE ENERGY,30040W108,,IN_MEMBERSHIP
ES,2021-06-30,Eversource Energy,EVERSOURCE ENERGY,30040W108,,IN_MEMBERSHIP
ES,2021-09-30,Eversource Energy,EVERSOURCE ENERGY,30040W108,,IN_MEMBERSHIP
ES,2021-12-31,Eversource Energy,EVERSOURCE ENERGY,30040W108,,IN_MEMBERSHIP
ES,2022-03-31,Eversource Energy,EVERSOURCE ENERGY,30040W108,,IN_MEMBERSHIP
ES,2022-06-30,Eversource Energy,EVERSOURCE ENERGY,30040W108,,IN_MEMBERSHIP
ES,2022-09-30,Eversource Energy,EVERSOURCE ENERGY,30040W108,,IN_MEMBERSHIP
ES,2022-12-31,Eversource Energy,EVERSOURCE ENERGY,30040W108,,IN_MEMBERSHIP
ES,2023-03-31,Eversource Energy,EVERSOURCE ENERGY,30040W108,,IN_MEMBERSHIP
ES,2023-06-30,Eversource Energy,EVERSOURCE ENERGY,30040W108,,IN_MEMBERSHIP
ES,2023-09-30,Eversource Energy,EVERSOURCE ENERGY,30040W108,,IN_MEMBERSHIP
ES,2023-12-31,Eversource Energy,EVERSOURCE ENERGY,30040W108,,IN_MEMBERSHIP
ES,2024-03-31,Eversource Energy,EVERSOURCE ENERGY,30040W108,,IN_MEMBERSHIP
ES,2024-06-30,Eversource Energy,EVERSOURCE ENERGY,30040W108,,IN_MEMBERSHIP
ES,2024-09-30,Eversource Energy,EVERSOURCE ENERGY,30040W108,,IN_MEMBERSHIP
ES,2024-12-31,Eversource Energy,EVERSOURCE ENERGY,30040W108,,IN_MEMBERSHIP
ES,2025-03-31,Eversource Energy,EVERSOURCE ENERGY,30040W108,,IN_MEMBERSHIP
ES,2025-06-30,Eversource Energy,EVERSOURCE ENERGY,30040W108,,IN_MEMBERSHIP
ES,2025-09-30,Eversource Energy,EVERSOURCE ENERGY,30040W108,,IN_MEMBERSHIP
ES,2025-12-31,Eversource Energy,EVERSOURCE ENERGY,30040W108,,IN_MEMBERSHIP
ESS,2020-12-31,Essex Property Trust Inc,ESSEX PROPERTY TRUST,297178105,,PRE_WINDOW_SUPPORT
ESS,2021-03-31,Essex Property Trust Inc,ESSEX PROPERTY TRUST,297178105,,IN_MEMBERSHIP
ESS,2021-06-30,Essex Property Trust Inc,ESSEX PROPERTY TRUST,297178105,,IN_MEMBERSHIP
ESS,2021-09-30,Essex Property Trust Inc,ESSEX PROPERTY TRUST,297178105,,IN_MEMBERSHIP
ESS,2021-12-31,Essex Property Trust Inc,ESSEX PROPERTY TRUST,297178105,,IN_MEMBERSHIP
ESS,2022-03-31,Essex Property Trust Inc,ESSEX PROPERTY TRUST,297178105,,IN_MEMBERSHIP
ESS,2022-06-30,Essex Property Trust Inc,ESSEX PROPERTY TRUST,297178105,,IN_MEMBERSHIP
ESS,2022-09-30,Essex Property Trust Inc,ESSEX PROPERTY TRUST,297178105,,IN_MEMBERSHIP
ESS,2022-12-31,Essex Property Trust Inc,ESSEX PROPERTY TRUST,297178105,,IN_MEMBERSHIP
ESS,2023-03-31,Essex Property Trust Inc,ESSEX PROPERTY TRUST,297178105,,IN_MEMBERSHIP
ESS,2023-06-30,Essex Property Trust Inc,ESSEX PROPERTY TRUST,297178105,,IN_MEMBERSHIP
ESS,2023-09-30,Essex Property Trust Inc,ESSEX PROPERTY TRUST,297178105,,IN_MEMBERSHIP
ESS,2023-12-31,Essex Property Trust Inc,ESSEX PROPERTY TRUST,297178105,,IN_MEMBERSHIP
ESS,2024-03-31,Essex Property Trust Inc,ESSEX PROPERTY TRUST,297178105,,IN_MEMBERSHIP
ESS,2024-06-30,Essex Property Trust Inc,ESSEX PROPERTY TRUST,297178105,,IN_MEMBERSHIP
ESS,2024-09-30,Essex Property Trust Inc,ESSEX PROPERTY TRUST,297178105,,IN_MEMBERSHIP
ESS,2024-12-31,Essex Property Trust Inc,ESSEX PROPERTY TRUST,297178105,,IN_MEMBERSHIP
ESS,2025-03-31,Essex Property Trust Inc,ESSEX PROPERTY TRUST,297178105,,IN_MEMBERSHIP
ESS,2025-06-30,Essex Property Trust Inc,ESSEX PROPERTY TRUST,297178105,,IN_MEMBERSHIP
ESS,2025-09-30,Essex Property Trust Inc,ESSEX PROPERTY TRUST,297178105,,IN_MEMBERSHIP
ESS,2025-12-31,Essex Property Trust Inc,ESSEX PROPERTY TRUST,297178105,,IN_MEMBERSHIP
ETN,2020-12-31,Eaton Corp PLC,EATON,IE00B8KQN827,,PRE_WINDOW_SUPPORT
ETN,2021-03-31,Eaton Corp PLC,EATON,IE00B8KQN827,,IN_MEMBERSHIP
ETN,2021-06-30,Eaton Corp PLC,EATON,IE00B8KQN827,,IN_MEMBERSHIP
ETN,2021-09-30,Eaton Corp PLC,EATON,IE00B8KQN827,,IN_MEMBERSHIP
ETN,2021-12-31,Eaton Corp PLC,EATON,IE00B8KQN827,,IN_MEMBERSHIP
ETN,2022-03-31,Eaton Corp PLC,EATON,IE00B8KQN827,,IN_MEMBERSHIP
ETN,2022-06-30,Eaton Corp PLC,EATON,IE00B8KQN827,,IN_MEMBERSHIP
ETN,2022-09-30,Eaton Corp PLC,EATON,IE00B8KQN827,,IN_MEMBERSHIP
ETN,2022-12-31,Eaton Corp PLC,EATON,IE00B8KQN827,,IN_MEMBERSHIP
ETN,2023-03-31,Eaton Corp PLC,EATON,IE00B8KQN827,,IN_MEMBERSHIP
ETN,2023-06-30,Eaton Corp PLC,EATON,IE00B8KQN827,,IN_MEMBERSHIP
ETN,2023-09-30,Eaton Corp PLC,EATON,IE00B8KQN827,,IN_MEMBERSHIP
ETN,2023-12-31,Eaton Corp PLC,EATON,IE00B8KQN827,,IN_MEMBERSHIP
ETN,2024-03-31,Eaton Corp PLC,EATON,IE00B8KQN827,,IN_MEMBERSHIP
ETN,2024-06-30,Eaton Corp PLC,EATON,IE00B8KQN827,,IN_MEMBERSHIP
ETN,2024-09-30,Eaton Corp PLC,EATON,IE00B8KQN827,,IN_MEMBERSHIP
ETN,2024-12-31,Eaton Corp PLC,EATON,IE00B8KQN827,,IN_MEMBERSHIP
ETN,2025-03-31,Eaton Corp PLC,EATON,IE00B8KQN827,,IN_MEMBERSHIP
ETN,2025-06-30,Eaton Corp PLC,EATON,IE00B8KQN827,,IN_MEMBERSHIP
ETN,2025-09-30,Eaton Corp PLC,EATON,IE00B8KQN827,,IN_MEMBERSHIP
ETN,2025-12-31,Eaton Corp PLC,EATON,IE00B8KQN827,,IN_MEMBERSHIP
ETR,2020-12-31,Entergy Corp,ENTERGY,29364G103,,PRE_WINDOW_SUPPORT
ETR,2021-03-31,Entergy Corp,ENTERGY,29364G103,,IN_MEMBERSHIP
ETR,2021-06-30,Entergy Corp,ENTERGY,29364G103,,IN_MEMBERSHIP
ETR,2021-09-30,Entergy Corp,ENTERGY,29364G103,,IN_MEMBERSHIP
ETR,2021-12-31,Entergy Corp,ENTERGY,29364G103,,IN_MEMBERSHIP
ETR,2022-03-31,Entergy Corp,ENTERGY,29364G103,,IN_MEMBERSHIP
ETR,2022-06-30,Entergy Corp,ENTERGY,29364G103,,IN_MEMBERSHIP
ETR,2022-09-30,Entergy Corp,ENTERGY,29364G103,,IN_MEMBERSHIP
ETR,2022-12-31,Entergy Corp,ENTERGY,29364G103,,IN_MEMBERSHIP
ETR,2023-03-31,Entergy Corp,ENTERGY,29364G103,,IN_MEMBERSHIP
ETR,2023-06-30,Entergy Corp,ENTERGY,29364G103,,IN_MEMBERSHIP
ETR,2023-09-30,Entergy Corp,ENTERGY,29364G103,,IN_MEMBERSHIP
ETR,2023-12-31,Entergy Corp,ENTERGY,29364G103,,IN_MEMBERSHIP
ETR,2024-03-31,Entergy Corp,ENTERGY,29364G103,,IN_MEMBERSHIP
ETR,2024-06-30,Entergy Corp,ENTERGY,29364G103,,IN_MEMBERSHIP
ETR,2024-09-30,Entergy Corp,ENTERGY,29364G103,,IN_MEMBERSHIP
ETR,2024-12-31,Entergy Corp,ENTERGY,29364G103,,IN_MEMBERSHIP
ETR,2025-03-31,Entergy Corp,ENTERGY,29364G103,,IN_MEMBERSHIP
ETR,2025-06-30,Entergy Corp,ENTERGY,29364G103,,IN_MEMBERSHIP
ETR,2025-09-30,Entergy Corp,ENTERGY,29364G103,,IN_MEMBERSHIP
ETR,2025-12-31,Entergy Corp,ENTERGY,29364G103,,IN_MEMBERSHIP
EVRG,2020-12-31,Evergy Inc,EVERGY,30034W106,,PRE_WINDOW_SUPPORT
EVRG,2021-03-31,Evergy Inc,EVERGY,30034W106,,IN_MEMBERSHIP
EVRG,2021-06-30,Evergy Inc,EVERGY,30034W106,,IN_MEMBERSHIP
EVRG,2021-09-30,Evergy Inc,EVERGY,30034W106,,IN_MEMBERSHIP
EVRG,2021-12-31,Evergy Inc,EVERGY,30034W106,,IN_MEMBERSHIP
EVRG,2022-03-31,Evergy Inc,EVERGY,30034W106,,IN_MEMBERSHIP
EVRG,2022-06-30,Evergy Inc,EVERGY,30034W106,,IN_MEMBERSHIP
EVRG,2022-09-30,Evergy Inc,EVERGY,30034W106,,IN_MEMBERSHIP
EVRG,2022-12-31,Evergy Inc,EVERGY,30034W106,,IN_MEMBERSHIP
EVRG,2023-03-31,Evergy Inc,EVERGY,30034W106,,IN_MEMBERSHIP
EVRG,2023-06-30,Evergy Inc,EVERGY,30034W106,,IN_MEMBERSHIP
EVRG,2023-09-30,Evergy Inc,EVERGY,30034W106,,IN_MEMBERSHIP
EVRG,2023-12-31,Evergy Inc,EVERGY,30034W106,,IN_MEMBERSHIP
EVRG,2024-03-31,Evergy Inc,EVERGY,30034W106,,IN_MEMBERSHIP
EVRG,2024-06-30,Evergy Inc,EVERGY,30034W106,,IN_MEMBERSHIP
EVRG,2024-09-30,Evergy Inc,EVERGY,30034W106,,IN_MEMBERSHIP
EVRG,2024-12-31,Evergy Inc,EVERGY,30034W106,,IN_MEMBERSHIP
EVRG,2025-03-31,Evergy Inc,EVERGY,30034W106,,IN_MEMBERSHIP
EVRG,2025-06-30,Evergy Inc,EVERGY,30034W106,,IN_MEMBERSHIP
EVRG,2025-09-30,Evergy Inc,EVERGY,30034W106,,IN_MEMBERSHIP
EVRG,2025-12-31,Evergy Inc,EVERGY,30034W106,,IN_MEMBERSHIP
EW,2020-12-31,Edwards Lifesciences Corp,EDWARDS LIFESCIENCES,28176E108,,PRE_WINDOW_SUPPORT
EW,2021-03-31,Edwards Lifesciences Corp,EDWARDS LIFESCIENCES,28176E108,,IN_MEMBERSHIP
EW,2021-06-30,Edwards Lifesciences Corp,EDWARDS LIFESCIENCES,28176E108,,IN_MEMBERSHIP
EW,2021-09-30,Edwards Lifesciences Corp,EDWARDS LIFESCIENCES,28176E108,,IN_MEMBERSHIP
EW,2021-12-31,Edwards Lifesciences Corp,EDWARDS LIFESCIENCES,28176E108,,IN_MEMBERSHIP
EW,2022-03-31,Edwards Lifesciences Corp,EDWARDS LIFESCIENCES,28176E108,,IN_MEMBERSHIP
EW,2022-06-30,Edwards Lifesciences Corp,EDWARDS LIFESCIENCES,28176E108,,IN_MEMBERSHIP
EW,2022-09-30,Edwards Lifesciences Corp,EDWARDS LIFESCIENCES,28176E108,,IN_MEMBERSHIP
EW,2022-12-31,Edwards Lifesciences Corp,EDWARDS LIFESCIENCES,28176E108,,IN_MEMBERSHIP
EW,2023-03-31,Edwards Lifesciences Corp,EDWARDS LIFESCIENCES,28176E108,,IN_MEMBERSHIP
EW,2023-06-30,Edwards Lifesciences Corp,EDWARDS LIFESCIENCES,28176E108,,IN_MEMBERSHIP
EW,2023-09-30,Edwards Lifesciences Corp,EDWARDS LIFESCIENCES,28176E108,,IN_MEMBERSHIP
EW,2023-12-31,Edwards Lifesciences Corp,EDWARDS LIFESCIENCES,28176E108,,IN_MEMBERSHIP
EW,2024-03-31,Edwards Lifesciences Corp,EDWARDS LIFESCIENCES,28176E108,,IN_MEMBERSHIP
EW,2024-06-30,Edwards Lifesciences Corp,EDWARDS LIFESCIENCES,28176E108,,IN_MEMBERSHIP
EW,2024-09-30,Edwards Lifesciences Corp,EDWARDS LIFESCIENCES,28176E108,,IN_MEMBERSHIP
EW,2024-12-31,Edwards Lifesciences Corp,EDWARDS LIFESCIENCES,28176E108,,IN_MEMBERSHIP
EW,2025-03-31,Edwards Lifesciences Corp,EDWARDS LIFESCIENCES,28176E108,,IN_MEMBERSHIP
EW,2025-06-30,Edwards Lifesciences Corp,EDWARDS LIFESCIENCES,28176E108,,IN_MEMBERSHIP
EW,2025-09-30,Edwards Lifesciences Corp,EDWARDS LIFESCIENCES,28176E108,,IN_MEMBERSHIP
EW,2025-12-31,Edwards Lifesciences Corp,EDWARDS LIFESCIENCES,28176E108,,IN_MEMBERSHIP
EXC,2020-12-31,Exelon Corp,EXELON,30161N101,,PRE_WINDOW_SUPPORT
EXC,2021-03-31,Exelon Corp,EXELON,30161N101,,IN_MEMBERSHIP
EXC,2021-06-30,Exelon Corp,EXELON,30161N101,,IN_MEMBERSHIP
EXC,2021-09-30,Exelon Corp,EXELON,30161N101,,IN_MEMBERSHIP
EXC,2021-12-31,Exelon Corp,EXELON,30161N101,,IN_MEMBERSHIP
EXC,2022-03-31,Exelon Corp,EXELON,30161N101,,IN_MEMBERSHIP
EXC,2022-06-30,Exelon Corp,EXELON,30161N101,,IN_MEMBERSHIP
EXC,2022-09-30,Exelon Corp,EXELON,30161N101,,IN_MEMBERSHIP
EXC,2022-12-31,Exelon Corp,EXELON,30161N101,,IN_MEMBERSHIP
EXC,2023-03-31,Exelon Corp,EXELON,30161N101,,IN_MEMBERSHIP
EXC,2023-06-30,Exelon Corp,EXELON,30161N101,,IN_MEMBERSHIP
EXC,2023-09-30,Exelon Corp,EXELON,30161N101,,IN_MEMBERSHIP
EXC,2023-12-31,Exelon Corp,EXELON,30161N101,,IN_MEMBERSHIP
EXC,2024-03-31,Exelon Corp,EXELON,30161N101,,IN_MEMBERSHIP
EXC,2024-06-30,Exelon Corp,EXELON,30161N101,,IN_MEMBERSHIP
EXC,2024-09-30,Exelon Corp,EXELON,30161N101,,IN_MEMBERSHIP
EXC,2024-12-31,Exelon Corp,EXELON,30161N101,,IN_MEMBERSHIP
EXC,2025-03-31,Exelon Corp,EXELON,30161N101,,IN_MEMBERSHIP
EXC,2025-06-30,Exelon Corp,EXELON,30161N101,,IN_MEMBERSHIP
EXC,2025-09-30,Exelon Corp,EXELON,30161N101,,IN_MEMBERSHIP
EXC,2025-12-31,Exelon Corp,EXELON,30161N101,,IN_MEMBERSHIP
EXE,2025-03-31,Expand Energy Corp,EXPAND ENERGY,165167735,,IN_MEMBERSHIP
EXE,2025-06-30,Expand Energy Corp,EXPAND ENERGY,165167735,,IN_MEMBERSHIP
EXE,2025-09-30,Expand Energy Corp,EXPAND ENERGY,165167735,,IN_MEMBERSHIP
EXE,2025-12-31,Expand Energy Corp,EXPAND ENERGY,165167735,,IN_MEMBERSHIP
EXPD,2020-12-31,Expeditors International of Washington Inc,EXPEDITORS INTERNATIONAL OF WASHINGTON,302130109,,PRE_WINDOW_SUPPORT
EXPD,2021-03-31,Expeditors International of Washington Inc,EXPEDITORS INTERNATIONAL OF WASHINGTON,302130109,,IN_MEMBERSHIP
EXPD,2021-06-30,Expeditors International of Washington Inc,EXPEDITORS INTERNATIONAL OF WASHINGTON,302130109,,IN_MEMBERSHIP
EXPD,2021-09-30,Expeditors International of Washington Inc,EXPEDITORS INTERNATIONAL OF WASHINGTON,302130109,,IN_MEMBERSHIP
EXPD,2021-12-31,Expeditors International of Washington Inc,EXPEDITORS INTERNATIONAL OF WASHINGTON,302130109,,IN_MEMBERSHIP
EXPD,2022-03-31,Expeditors International of Washington Inc,EXPEDITORS INTERNATIONAL OF WASHINGTON,302130109,,IN_MEMBERSHIP
EXPD,2022-06-30,Expeditors International of Washington Inc,EXPEDITORS INTERNATIONAL OF WASHINGTON,302130109,,IN_MEMBERSHIP
EXPD,2022-09-30,Expeditors International of Washington Inc,EXPEDITORS INTERNATIONAL OF WASHINGTON,302130109,,IN_MEMBERSHIP
EXPD,2022-12-31,Expeditors International of Washington Inc,EXPEDITORS INTERNATIONAL OF WASHINGTON,302130109,,IN_MEMBERSHIP
EXPD,2023-03-31,Expeditors International of Washington Inc,EXPEDITORS INTERNATIONAL OF WASHINGTON,302130109,,IN_MEMBERSHIP
EXPD,2023-06-30,Expeditors International of Washington Inc,EXPEDITORS INTERNATIONAL OF WASHINGTON,302130109,,IN_MEMBERSHIP
EXPD,2023-09-30,Expeditors International of Washington Inc,EXPEDITORS INTERNATIONAL OF WASHINGTON,302130109,,IN_MEMBERSHIP
EXPD,2023-12-31,Expeditors International of Washington Inc,EXPEDITORS INTERNATIONAL OF WASHINGTON,302130109,,IN_MEMBERSHIP
EXPD,2024-03-31,Expeditors International of Washington Inc,EXPEDITORS INTERNATIONAL OF WASHINGTON,302130109,,IN_MEMBERSHIP
EXPD,2024-06-30,Expeditors International of Washington Inc,EXPEDITORS INTERNATIONAL OF WASHINGTON,302130109,,IN_MEMBERSHIP
EXPD,2024-09-30,Expeditors International of Washington Inc,EXPEDITORS INTERNATIONAL OF WASHINGTON,302130109,,IN_MEMBERSHIP
EXPD,2024-12-31,Expeditors International of Washington Inc,EXPEDITORS INTERNATIONAL OF WASHINGTON,302130109,,IN_MEMBERSHIP
EXPD,2025-03-31,Expeditors International of Washington Inc,EXPEDITORS INTERNATIONAL OF WASHINGTON,302130109,,IN_MEMBERSHIP
EXPD,2025-06-30,Expeditors International of Washington Inc,EXPEDITORS INTERNATIONAL OF WASHINGTON,302130109,,IN_MEMBERSHIP
EXPD,2025-09-30,Expeditors International of Washington Inc,EXPEDITORS INTERNATIONAL OF WASHINGTON,302130109,,IN_MEMBERSHIP
EXPD,2025-12-31,Expeditors International of Washington Inc,EXPEDITORS INTERNATIONAL OF WASHINGTON,302130109,,IN_MEMBERSHIP
EXPE,2020-12-31,Expedia Group Inc,EXPEDIA GROUP,30212P303,,PRE_WINDOW_SUPPORT
EXPE,2021-03-31,Expedia Group Inc,EXPEDIA GROUP,30212P303,,IN_MEMBERSHIP
EXPE,2021-06-30,Expedia Group Inc,EXPEDIA GROUP,30212P303,,IN_MEMBERSHIP
EXPE,2021-09-30,Expedia Group Inc,EXPEDIA GROUP,30212P303,,IN_MEMBERSHIP
EXPE,2021-12-31,Expedia Group Inc,EXPEDIA GROUP,30212P303,,IN_MEMBERSHIP
EXPE,2022-03-31,Expedia Group Inc,EXPEDIA GROUP,30212P303,,IN_MEMBERSHIP
EXPE,2022-06-30,Expedia Group Inc,EXPEDIA GROUP,30212P303,,IN_MEMBERSHIP
EXPE,2022-09-30,Expedia Group Inc,EXPEDIA GROUP,30212P303,,IN_MEMBERSHIP
EXPE,2022-12-31,Expedia Group Inc,EXPEDIA GROUP,30212P303,,IN_MEMBERSHIP
EXPE,2023-03-31,Expedia Group Inc,EXPEDIA GROUP,30212P303,,IN_MEMBERSHIP
EXPE,2023-06-30,Expedia Group Inc,EXPEDIA GROUP,30212P303,,IN_MEMBERSHIP
EXPE,2023-09-30,Expedia Group Inc,EXPEDIA GROUP,30212P303,,IN_MEMBERSHIP
EXPE,2023-12-31,Expedia Group Inc,EXPEDIA GROUP,30212P303,,IN_MEMBERSHIP
EXPE,2024-03-31,Expedia Group Inc,EXPEDIA GROUP,30212P303,,IN_MEMBERSHIP
EXPE,2024-06-30,Expedia Group Inc,EXPEDIA GROUP,30212P303,,IN_MEMBERSHIP
EXPE,2024-09-30,Expedia Group Inc,EXPEDIA GROUP,30212P303,,IN_MEMBERSHIP
EXPE,2024-12-31,Expedia Group Inc,EXPEDIA GROUP,30212P303,,IN_MEMBERSHIP
EXPE,2025-03-31,Expedia Group Inc,EXPEDIA GROUP,30212P303,,IN_MEMBERSHIP
EXPE,2025-06-30,Expedia Group Inc,EXPEDIA GROUP,30212P303,,IN_MEMBERSHIP
EXPE,2025-09-30,Expedia Group Inc,EXPEDIA GROUP,30212P303,,IN_MEMBERSHIP
EXPE,2025-12-31,Expedia Group Inc,EXPEDIA GROUP,30212P303,,IN_MEMBERSHIP
EXR,2020-12-31,Extra Space Storage Inc,EXTRA SPACE STORAGE,30225T102,,PRE_WINDOW_SUPPORT
EXR,2021-03-31,Extra Space Storage Inc,EXTRA SPACE STORAGE,30225T102,,IN_MEMBERSHIP
EXR,2021-06-30,Extra Space Storage Inc,EXTRA SPACE STORAGE,30225T102,,IN_MEMBERSHIP
EXR,2021-09-30,Extra Space Storage Inc,EXTRA SPACE STORAGE,30225T102,,IN_MEMBERSHIP
EXR,2021-12-31,Extra Space Storage Inc,EXTRA SPACE STORAGE,30225T102,,IN_MEMBERSHIP
EXR,2022-03-31,Extra Space Storage Inc,EXTRA SPACE STORAGE,30225T102,,IN_MEMBERSHIP
EXR,2022-06-30,Extra Space Storage Inc,EXTRA SPACE STORAGE,30225T102,,IN_MEMBERSHIP
EXR,2022-09-30,Extra Space Storage Inc,EXTRA SPACE STORAGE,30225T102,,IN_MEMBERSHIP
EXR,2022-12-31,Extra Space Storage Inc,EXTRA SPACE STORAGE,30225T102,,IN_MEMBERSHIP
EXR,2023-03-31,Extra Space Storage Inc,EXTRA SPACE STORAGE,30225T102,,IN_MEMBERSHIP
EXR,2023-06-30,Extra Space Storage Inc,EXTRA SPACE STORAGE,30225T102,,IN_MEMBERSHIP
EXR,2023-09-30,Extra Space Storage Inc,EXTRA SPACE STORAGE,30225T102,,IN_MEMBERSHIP
EXR,2023-12-31,Extra Space Storage Inc,EXTRA SPACE STORAGE,30225T102,,IN_MEMBERSHIP
EXR,2024-03-31,Extra Space Storage Inc,EXTRA SPACE STORAGE,30225T102,,IN_MEMBERSHIP
EXR,2024-06-30,Extra Space Storage Inc,EXTRA SPACE STORAGE,30225T102,,IN_MEMBERSHIP
EXR,2024-09-30,Extra Space Storage Inc,EXTRA SPACE STORAGE,30225T102,,IN_MEMBERSHIP
EXR,2024-12-31,Extra Space Storage Inc,EXTRA SPACE STORAGE,30225T102,,IN_MEMBERSHIP
EXR,2025-03-31,Extra Space Storage Inc,EXTRA SPACE STORAGE,30225T102,,IN_MEMBERSHIP
EXR,2025-06-30,Extra Space Storage Inc,EXTRA SPACE STORAGE,30225T102,,IN_MEMBERSHIP
EXR,2025-09-30,Extra Space Storage Inc,EXTRA SPACE STORAGE,30225T102,,IN_MEMBERSHIP
EXR,2025-12-31,Extra Space Storage Inc,EXTRA SPACE STORAGE,30225T102,,IN_MEMBERSHIP
F,2020-12-31,Ford Motor Co,FORD MOTOR,345370860,,PRE_WINDOW_SUPPORT
F,2021-03-31,Ford Motor Co,FORD MOTOR,345370860,,IN_MEMBERSHIP
F,2021-06-30,Ford Motor Co,FORD MOTOR,345370860,,IN_MEMBERSHIP
F,2021-09-30,Ford Motor Co,FORD MOTOR,345370860,,IN_MEMBERSHIP
F,2021-12-31,Ford Motor Co,FORD MOTOR,345370860,,IN_MEMBERSHIP
F,2022-03-31,Ford Motor Co,FORD MOTOR,345370860,,IN_MEMBERSHIP
F,2022-06-30,Ford Motor Co,FORD MOTOR,345370860,,IN_MEMBERSHIP
F,2022-09-30,Ford Motor Co,FORD MOTOR,345370860,,IN_MEMBERSHIP
F,2022-12-31,Ford Motor Co,FORD MOTOR,345370860,,IN_MEMBERSHIP
F,2023-03-31,Ford Motor Co,FORD MOTOR,345370860,,IN_MEMBERSHIP
F,2023-06-30,Ford Motor Co,FORD MOTOR,345370860,,IN_MEMBERSHIP
F,2023-09-30,Ford Motor Co,FORD MOTOR,345370860,,IN_MEMBERSHIP
F,2023-12-31,Ford Motor Co,FORD MOTOR,345370860,,IN_MEMBERSHIP
F,2024-03-31,Ford Motor Co,FORD MOTOR,345370860,,IN_MEMBERSHIP
F,2024-06-30,Ford Motor Co,FORD MOTOR,345370860,,IN_MEMBERSHIP
F,2024-09-30,Ford Motor Co,FORD MOTOR,345370860,,IN_MEMBERSHIP
F,2024-12-31,Ford Motor Co,FORD MOTOR,345370860,,IN_MEMBERSHIP
F,2025-03-31,Ford Motor Co,FORD MOTOR,345370860,,IN_MEMBERSHIP
F,2025-06-30,Ford Motor Co,FORD MOTOR,345370860,,IN_MEMBERSHIP
F,2025-09-30,Ford Motor Co,FORD MOTOR,345370860,,IN_MEMBERSHIP
F,2025-12-31,Ford Motor Co,FORD MOTOR,345370860,,IN_MEMBERSHIP
FANG,2020-12-31,Diamondback Energy Inc,DIAMONDBACK ENERGY,25278X109,,PRE_WINDOW_SUPPORT
FANG,2021-03-31,Diamondback Energy Inc,DIAMONDBACK ENERGY,25278X109,,IN_MEMBERSHIP
FANG,2021-06-30,Diamondback Energy Inc,DIAMONDBACK ENERGY,25278X109,,IN_MEMBERSHIP
FANG,2021-09-30,Diamondback Energy Inc,DIAMONDBACK ENERGY,25278X109,,IN_MEMBERSHIP
FANG,2021-12-31,Diamondback Energy Inc,DIAMONDBACK ENERGY,25278X109,,IN_MEMBERSHIP
FANG,2022-03-31,Diamondback Energy Inc,DIAMONDBACK ENERGY,25278X109,,IN_MEMBERSHIP
FANG,2022-06-30,Diamondback Energy Inc,DIAMONDBACK ENERGY,25278X109,,IN_MEMBERSHIP
FANG,2022-09-30,Diamondback Energy Inc,DIAMONDBACK ENERGY,25278X109,,IN_MEMBERSHIP
FANG,2022-12-31,Diamondback Energy Inc,DIAMONDBACK ENERGY,25278X109,,IN_MEMBERSHIP
FANG,2023-03-31,Diamondback Energy Inc,DIAMONDBACK ENERGY,25278X109,,IN_MEMBERSHIP
FANG,2023-06-30,Diamondback Energy Inc,DIAMONDBACK ENERGY,25278X109,,IN_MEMBERSHIP
FANG,2023-09-30,Diamondback Energy Inc,DIAMONDBACK ENERGY,25278X109,,IN_MEMBERSHIP
FANG,2023-12-31,Diamondback Energy Inc,DIAMONDBACK ENERGY,25278X109,,IN_MEMBERSHIP
FANG,2024-03-31,Diamondback Energy Inc,DIAMONDBACK ENERGY,25278X109,,IN_MEMBERSHIP
FANG,2024-06-30,Diamondback Energy Inc,DIAMONDBACK ENERGY,25278X109,,IN_MEMBERSHIP
FANG,2024-09-30,Diamondback Energy Inc,DIAMONDBACK ENERGY,25278X109,,IN_MEMBERSHIP
FANG,2024-12-31,Diamondback Energy Inc,DIAMONDBACK ENERGY,25278X109,,IN_MEMBERSHIP
FANG,2025-03-31,Diamondback Energy Inc,DIAMONDBACK ENERGY,25278X109,,IN_MEMBERSHIP
FANG,2025-06-30,Diamondback Energy Inc,DIAMONDBACK ENERGY,25278X109,,IN_MEMBERSHIP
FANG,2025-09-30,Diamondback Energy Inc,DIAMONDBACK ENERGY,25278X109,,IN_MEMBERSHIP
FANG,2025-12-31,Diamondback Energy Inc,DIAMONDBACK ENERGY,25278X109,,IN_MEMBERSHIP
FAST,2020-12-31,Fastenal Co,FASTENAL,311900104,,PRE_WINDOW_SUPPORT
FAST,2021-03-31,Fastenal Co,FASTENAL,311900104,,IN_MEMBERSHIP
FAST,2021-06-30,Fastenal Co,FASTENAL,311900104,,IN_MEMBERSHIP
FAST,2021-09-30,Fastenal Co,FASTENAL,311900104,,IN_MEMBERSHIP
FAST,2021-12-31,Fastenal Co,FASTENAL,311900104,,IN_MEMBERSHIP
FAST,2022-03-31,Fastenal Co,FASTENAL,311900104,,IN_MEMBERSHIP
FAST,2022-06-30,Fastenal Co,FASTENAL,311900104,,IN_MEMBERSHIP
FAST,2022-09-30,Fastenal Co,FASTENAL,311900104,,IN_MEMBERSHIP
FAST,2022-12-31,Fastenal Co,FASTENAL,311900104,,IN_MEMBERSHIP
FAST,2023-03-31,Fastenal Co,FASTENAL,311900104,,IN_MEMBERSHIP
FAST,2023-06-30,Fastenal Co,FASTENAL,311900104,,IN_MEMBERSHIP
FAST,2023-09-30,Fastenal Co,FASTENAL,311900104,,IN_MEMBERSHIP
FAST,2023-12-31,Fastenal Co,FASTENAL,311900104,,IN_MEMBERSHIP
FAST,2024-03-31,Fastenal Co,FASTENAL,311900104,,IN_MEMBERSHIP
FAST,2024-06-30,Fastenal Co,FASTENAL,311900104,,IN_MEMBERSHIP
FAST,2024-09-30,Fastenal Co,FASTENAL,311900104,,IN_MEMBERSHIP
FAST,2024-12-31,Fastenal Co,FASTENAL,311900104,,IN_MEMBERSHIP
FAST,2025-03-31,Fastenal Co,FASTENAL,311900104,,IN_MEMBERSHIP
FAST,2025-06-30,Fastenal Co,FASTENAL,311900104,,IN_MEMBERSHIP
FAST,2025-09-30,Fastenal Co,FASTENAL,311900104,,IN_MEMBERSHIP
FAST,2025-12-31,Fastenal Co,FASTENAL,311900104,,IN_MEMBERSHIP
FCX,2020-12-31,Freeport-McMoRan Inc,FREEPORT MCMORAN,35671D857,,PRE_WINDOW_SUPPORT
FCX,2021-03-31,Freeport-McMoRan Inc,FREEPORT MCMORAN,35671D857,,IN_MEMBERSHIP
FCX,2021-06-30,Freeport-McMoRan Inc,FREEPORT MCMORAN,35671D857,,IN_MEMBERSHIP
FCX,2021-09-30,Freeport-McMoRan Inc,FREEPORT MCMORAN,35671D857,,IN_MEMBERSHIP
FCX,2021-12-31,Freeport-McMoRan Inc,FREEPORT MCMORAN,35671D857,,IN_MEMBERSHIP
FCX,2022-03-31,Freeport-McMoRan Inc,FREEPORT MCMORAN,35671D857,,IN_MEMBERSHIP
FCX,2022-06-30,Freeport-McMoRan Inc,FREEPORT MCMORAN,35671D857,,IN_MEMBERSHIP
FCX,2022-09-30,Freeport-McMoRan Inc,FREEPORT MCMORAN,35671D857,,IN_MEMBERSHIP
FCX,2022-12-31,Freeport-McMoRan Inc,FREEPORT MCMORAN,35671D857,,IN_MEMBERSHIP
FCX,2023-03-31,Freeport-McMoRan Inc,FREEPORT MCMORAN,35671D857,,IN_MEMBERSHIP
FCX,2023-06-30,Freeport-McMoRan Inc,FREEPORT MCMORAN,35671D857,,IN_MEMBERSHIP
FCX,2023-09-30,Freeport-McMoRan Inc,FREEPORT MCMORAN,35671D857,,IN_MEMBERSHIP
FCX,2023-12-31,Freeport-McMoRan Inc,FREEPORT MCMORAN,35671D857,,IN_MEMBERSHIP
FCX,2024-03-31,Freeport-McMoRan Inc,FREEPORT MCMORAN,35671D857,,IN_MEMBERSHIP
FCX,2024-06-30,Freeport-McMoRan Inc,FREEPORT MCMORAN,35671D857,,IN_MEMBERSHIP
FCX,2024-09-30,Freeport-McMoRan Inc,FREEPORT MCMORAN,35671D857,,IN_MEMBERSHIP
FCX,2024-12-31,Freeport-McMoRan Inc,FREEPORT MCMORAN,35671D857,,IN_MEMBERSHIP
FCX,2025-03-31,Freeport-McMoRan Inc,FREEPORT MCMORAN,35671D857,,IN_MEMBERSHIP
FCX,2025-06-30,Freeport-McMoRan Inc,FREEPORT MCMORAN,35671D857,,IN_MEMBERSHIP
FCX,2025-09-30,Freeport-McMoRan Inc,FREEPORT MCMORAN,35671D857,,IN_MEMBERSHIP
FCX,2025-12-31,Freeport-McMoRan Inc,FREEPORT MCMORAN,35671D857,,IN_MEMBERSHIP
FDS,2021-12-31,FactSet Research Systems Inc,FACTSET RESEARCH SYSTEMS,303075105,,IN_MEMBERSHIP
FDS,2022-03-31,FactSet Research Systems Inc,FACTSET RESEARCH SYSTEMS,303075105,,IN_MEMBERSHIP
FDS,2022-06-30,FactSet Research Systems Inc,FACTSET RESEARCH SYSTEMS,303075105,,IN_MEMBERSHIP
FDS,2022-09-30,FactSet Research Systems Inc,FACTSET RESEARCH SYSTEMS,303075105,,IN_MEMBERSHIP
FDS,2022-12-31,FactSet Research Systems Inc,FACTSET RESEARCH SYSTEMS,303075105,,IN_MEMBERSHIP
FDS,2023-03-31,FactSet Research Systems Inc,FACTSET RESEARCH SYSTEMS,303075105,,IN_MEMBERSHIP
FDS,2023-06-30,FactSet Research Systems Inc,FACTSET RESEARCH SYSTEMS,303075105,,IN_MEMBERSHIP
FDS,2023-09-30,FactSet Research Systems Inc,FACTSET RESEARCH SYSTEMS,303075105,,IN_MEMBERSHIP
FDS,2023-12-31,FactSet Research Systems Inc,FACTSET RESEARCH SYSTEMS,303075105,,IN_MEMBERSHIP
FDS,2024-03-31,FactSet Research Systems Inc,FACTSET RESEARCH SYSTEMS,303075105,,IN_MEMBERSHIP
FDS,2024-06-30,FactSet Research Systems Inc,FACTSET RESEARCH SYSTEMS,303075105,,IN_MEMBERSHIP
FDS,2024-09-30,FactSet Research Systems Inc,FACTSET RESEARCH SYSTEMS,303075105,,IN_MEMBERSHIP
FDS,2024-12-31,FactSet Research Systems Inc,FACTSET RESEARCH SYSTEMS,303075105,,IN_MEMBERSHIP
FDS,2025-03-31,FactSet Research Systems Inc,FACTSET RESEARCH SYSTEMS,303075105,,IN_MEMBERSHIP
FDS,2025-06-30,FactSet Research Systems Inc,FACTSET RESEARCH SYSTEMS,303075105,,IN_MEMBERSHIP
FDS,2025-09-30,FactSet Research Systems Inc,FACTSET RESEARCH SYSTEMS,303075105,,IN_MEMBERSHIP
FDS,2025-12-31,FactSet Research Systems Inc,FACTSET RESEARCH SYSTEMS,303075105,,IN_MEMBERSHIP
FDX,2020-12-31,FedEx Corp,FEDEX,31428X106,,PRE_WINDOW_SUPPORT
FDX,2021-03-31,FedEx Corp,FEDEX,31428X106,,IN_MEMBERSHIP
FDX,2021-06-30,FedEx Corp,FEDEX,31428X106,,IN_MEMBERSHIP
FDX,2021-09-30,FedEx Corp,FEDEX,31428X106,,IN_MEMBERSHIP
FDX,2021-12-31,FedEx Corp,FEDEX,31428X106,,IN_MEMBERSHIP
FDX,2022-03-31,FedEx Corp,FEDEX,31428X106,,IN_MEMBERSHIP
FDX,2022-06-30,FedEx Corp,FEDEX,31428X106,,IN_MEMBERSHIP
FDX,2022-09-30,FedEx Corp,FEDEX,31428X106,,IN_MEMBERSHIP
FDX,2022-12-31,FedEx Corp,FEDEX,31428X106,,IN_MEMBERSHIP
FDX,2023-03-31,FedEx Corp,FEDEX,31428X106,,IN_MEMBERSHIP
FDX,2023-06-30,FedEx Corp,FEDEX,31428X106,,IN_MEMBERSHIP
FDX,2023-09-30,FedEx Corp,FEDEX,31428X106,,IN_MEMBERSHIP
FDX,2023-12-31,FedEx Corp,FEDEX,31428X106,,IN_MEMBERSHIP
FDX,2024-03-31,FedEx Corp,FEDEX,31428X106,,IN_MEMBERSHIP
FDX,2024-06-30,FedEx Corp,FEDEX,31428X106,,IN_MEMBERSHIP
FDX,2024-09-30,FedEx Corp,FEDEX,31428X106,,IN_MEMBERSHIP
FDX,2024-12-31,FedEx Corp,FEDEX,31428X106,,IN_MEMBERSHIP
FDX,2025-03-31,FedEx Corp,FEDEX,31428X106,,IN_MEMBERSHIP
FDX,2025-06-30,FedEx Corp,FEDEX,31428X106,,IN_MEMBERSHIP
FDX,2025-09-30,FedEx Corp,FEDEX,31428X106,,IN_MEMBERSHIP
FDX,2025-12-31,FedEx Corp,FEDEX,31428X106,,IN_MEMBERSHIP
FE,2020-12-31,FirstEnergy Corp,FIRSTENERGY,337932107,,PRE_WINDOW_SUPPORT
FE,2021-03-31,FirstEnergy Corp,FIRSTENERGY,337932107,,IN_MEMBERSHIP
FE,2021-06-30,FirstEnergy Corp,FIRSTENERGY,337932107,,IN_MEMBERSHIP
FE,2021-09-30,FirstEnergy Corp,FIRSTENERGY,337932107,,IN_MEMBERSHIP
FE,2021-12-31,FirstEnergy Corp,FIRSTENERGY,337932107,,IN_MEMBERSHIP
FE,2022-03-31,FirstEnergy Corp,FIRSTENERGY,337932107,,IN_MEMBERSHIP
FE,2022-06-30,FirstEnergy Corp,FIRSTENERGY,337932107,,IN_MEMBERSHIP
FE,2022-09-30,FirstEnergy Corp,FIRSTENERGY,337932107,,IN_MEMBERSHIP
FE,2022-12-31,FirstEnergy Corp,FIRSTENERGY,337932107,,IN_MEMBERSHIP
FE,2023-03-31,FirstEnergy Corp,FIRSTENERGY,337932107,,IN_MEMBERSHIP
FE,2023-06-30,FirstEnergy Corp,FIRSTENERGY,337932107,,IN_MEMBERSHIP
FE,2023-09-30,FirstEnergy Corp,FIRSTENERGY,337932107,,IN_MEMBERSHIP
FE,2023-12-31,FirstEnergy Corp,FIRSTENERGY,337932107,,IN_MEMBERSHIP
FE,2024-03-31,FirstEnergy Corp,FIRSTENERGY,337932107,,IN_MEMBERSHIP
FE,2024-06-30,FirstEnergy Corp,FIRSTENERGY,337932107,,IN_MEMBERSHIP
FE,2024-09-30,FirstEnergy Corp,FIRSTENERGY,337932107,,IN_MEMBERSHIP
FE,2024-12-31,FirstEnergy Corp,FIRSTENERGY,337932107,,IN_MEMBERSHIP
FE,2025-03-31,FirstEnergy Corp,FIRSTENERGY,337932107,,IN_MEMBERSHIP
FE,2025-06-30,FirstEnergy Corp,FIRSTENERGY,337932107,,IN_MEMBERSHIP
FE,2025-09-30,FirstEnergy Corp,FIRSTENERGY,337932107,,IN_MEMBERSHIP
FE,2025-12-31,FirstEnergy Corp,FIRSTENERGY,337932107,,IN_MEMBERSHIP
FFIV,2020-12-31,F5 Networks Inc,F5 NETWORKS,315616102,,PRE_WINDOW_SUPPORT
FFIV,2021-03-31,F5 Networks Inc,F5 NETWORKS,315616102,,IN_MEMBERSHIP
FFIV,2021-06-30,F5 Networks Inc,F5 NETWORKS,315616102,,IN_MEMBERSHIP
FFIV,2021-09-30,F5 Networks Inc,F5 NETWORKS,315616102,,IN_MEMBERSHIP
FFIV,2021-12-31,F5 Inc,F5,315616102,,IN_MEMBERSHIP
FFIV,2022-03-31,F5 Inc,F5,315616102,,IN_MEMBERSHIP
FFIV,2022-06-30,F5 Inc,F5,315616102,,IN_MEMBERSHIP
FFIV,2022-09-30,F5 Inc,F5,315616102,,IN_MEMBERSHIP
FFIV,2022-12-31,F5 Inc,F5,315616102,,IN_MEMBERSHIP
FFIV,2023-03-31,F5 Inc,F5,315616102,,IN_MEMBERSHIP
FFIV,2023-06-30,F5 Inc,F5,315616102,,IN_MEMBERSHIP
FFIV,2023-09-30,F5 Inc,F5,315616102,,IN_MEMBERSHIP
FFIV,2023-12-31,F5 Inc,F5,315616102,,IN_MEMBERSHIP
FFIV,2024-03-31,F5 Inc,F5,315616102,,IN_MEMBERSHIP
FFIV,2024-06-30,F5 Inc,F5,315616102,,IN_MEMBERSHIP
FFIV,2024-09-30,F5 Inc,F5,315616102,,IN_MEMBERSHIP
FFIV,2024-12-31,F5 Inc,F5,315616102,,IN_MEMBERSHIP
FFIV,2025-03-31,F5 Inc,F5,315616102,,IN_MEMBERSHIP
FFIV,2025-06-30,F5 Inc,F5,315616102,,IN_MEMBERSHIP
FFIV,2025-09-30,F5 Inc,F5,315616102,,IN_MEMBERSHIP
FFIV,2025-12-31,F5 Inc,F5,315616102,,IN_MEMBERSHIP
FICO,2023-03-31,Fair Isaac Corp,FAIR ISAAC,303250104,,IN_MEMBERSHIP
FICO,2023-06-30,Fair Isaac Corp,FAIR ISAAC,303250104,,IN_MEMBERSHIP
FICO,2023-09-30,Fair Isaac Corp,FAIR ISAAC,303250104,,IN_MEMBERSHIP
FICO,2023-12-31,Fair Isaac Corp,FAIR ISAAC,303250104,,IN_MEMBERSHIP
FICO,2024-03-31,Fair Isaac Corp,FAIR ISAAC,303250104,,IN_MEMBERSHIP
FICO,2024-06-30,Fair Isaac Corp,FAIR ISAAC,303250104,,IN_MEMBERSHIP
FICO,2024-09-30,Fair Isaac Corp,FAIR ISAAC,303250104,,IN_MEMBERSHIP
FICO,2024-12-31,Fair Isaac Corp,FAIR ISAAC,303250104,,IN_MEMBERSHIP
FICO,2025-03-31,Fair Isaac Corp,FAIR ISAAC,303250104,,IN_MEMBERSHIP
FICO,2025-06-30,Fair Isaac Corp,FAIR ISAAC,303250104,,IN_MEMBERSHIP
FICO,2025-09-30,Fair Isaac Corp,FAIR ISAAC,303250104,,IN_MEMBERSHIP
FICO,2025-12-31,Fair Isaac Corp,FAIR ISAAC,303250104,,IN_MEMBERSHIP
FIS,2020-12-31,Fidelity National Information Services Inc,FIDELITY NATIONAL INFORMATION SERVICES,31620M106,,PRE_WINDOW_SUPPORT
FIS,2021-03-31,Fidelity National Information Services Inc,FIDELITY NATIONAL INFORMATION SERVICES,31620M106,,IN_MEMBERSHIP
FIS,2021-06-30,Fidelity National Information Services Inc,FIDELITY NATIONAL INFORMATION SERVICES,31620M106,,IN_MEMBERSHIP
FIS,2021-09-30,Fidelity National Information Services Inc,FIDELITY NATIONAL INFORMATION SERVICES,31620M106,,IN_MEMBERSHIP
FIS,2021-12-31,Fidelity National Information Services Inc,FIDELITY NATIONAL INFORMATION SERVICES,31620M106,,IN_MEMBERSHIP
FIS,2022-03-31,Fidelity National Information Services Inc,FIDELITY NATIONAL INFORMATION SERVICES,31620M106,,IN_MEMBERSHIP
FIS,2022-06-30,Fidelity National Information Services Inc,FIDELITY NATIONAL INFORMATION SERVICES,31620M106,,IN_MEMBERSHIP
FIS,2022-09-30,Fidelity National Information Services Inc,FIDELITY NATIONAL INFORMATION SERVICES,31620M106,,IN_MEMBERSHIP
FIS,2022-12-31,Fidelity National Information Services Inc,FIDELITY NATIONAL INFORMATION SERVICES,31620M106,,IN_MEMBERSHIP
FIS,2023-03-31,Fidelity National Information Services Inc,FIDELITY NATIONAL INFORMATION SERVICES,31620M106,,IN_MEMBERSHIP
FIS,2023-06-30,Fidelity National Information Services Inc,FIDELITY NATIONAL INFORMATION SERVICES,31620M106,,IN_MEMBERSHIP
FIS,2023-09-30,Fidelity National Information Services Inc,FIDELITY NATIONAL INFORMATION SERVICES,31620M106,,IN_MEMBERSHIP
FIS,2023-12-31,Fidelity National Information Services Inc,FIDELITY NATIONAL INFORMATION SERVICES,31620M106,,IN_MEMBERSHIP
FIS,2024-03-31,Fidelity National Information Services Inc,FIDELITY NATIONAL INFORMATION SERVICES,31620M106,,IN_MEMBERSHIP
FIS,2024-06-30,Fidelity National Information Services Inc,FIDELITY NATIONAL INFORMATION SERVICES,31620M106,,IN_MEMBERSHIP
FIS,2024-09-30,Fidelity National Information Services Inc,FIDELITY NATIONAL INFORMATION SERVICES,31620M106,,IN_MEMBERSHIP
FIS,2024-12-31,Fidelity National Information Services Inc,FIDELITY NATIONAL INFORMATION SERVICES,31620M106,,IN_MEMBERSHIP
FIS,2025-03-31,Fidelity National Information Services Inc,FIDELITY NATIONAL INFORMATION SERVICES,31620M106,,IN_MEMBERSHIP
FIS,2025-06-30,Fidelity National Information Services Inc,FIDELITY NATIONAL INFORMATION SERVICES,31620M106,,IN_MEMBERSHIP
FIS,2025-09-30,Fidelity National Information Services Inc,FIDELITY NATIONAL INFORMATION SERVICES,31620M106,,IN_MEMBERSHIP
FIS,2025-12-31,Fidelity National Information Services Inc,FIDELITY NATIONAL INFORMATION SERVICES,31620M106,,IN_MEMBERSHIP
FISV,2020-12-31,Fiserv Inc,FISERV,337738108,,PRE_WINDOW_SUPPORT
FISV,2021-03-31,Fiserv Inc,FISERV,337738108,,IN_MEMBERSHIP
FISV,2021-06-30,Fiserv Inc,FISERV,337738108,,IN_MEMBERSHIP
FISV,2021-09-30,Fiserv Inc,FISERV,337738108,,IN_MEMBERSHIP
FISV,2021-12-31,Fiserv Inc,FISERV,337738108,,IN_MEMBERSHIP
FISV,2022-03-31,Fiserv Inc,FISERV,337738108,,IN_MEMBERSHIP
FISV,2022-06-30,Fiserv Inc,FISERV,337738108,,IN_MEMBERSHIP
FISV,2022-09-30,Fiserv Inc,FISERV,337738108,,IN_MEMBERSHIP
FISV,2022-12-31,Fiserv Inc,FISERV,337738108,,IN_MEMBERSHIP
FISV,2023-03-31,Fiserv Inc,FISERV,337738108,,IN_MEMBERSHIP
FISV,2023-06-30,Fiserv Inc,FISERV,337738108,,IN_MEMBERSHIP
FISV,2023-09-30,Fiserv Inc,FISERV,337738108,,IN_MEMBERSHIP
FISV,2023-12-31,Fiserv Inc,FISERV,337738108,,IN_MEMBERSHIP
FISV,2024-03-31,Fiserv Inc,FISERV,337738108,,IN_MEMBERSHIP
FISV,2024-06-30,Fiserv Inc,FISERV,337738108,,IN_MEMBERSHIP
FISV,2024-09-30,Fiserv Inc,FISERV,337738108,,IN_MEMBERSHIP
FISV,2024-12-31,Fiserv Inc,FISERV,337738108,,IN_MEMBERSHIP
FISV,2025-03-31,Fiserv Inc,FISERV,337738108,,IN_MEMBERSHIP
FISV,2025-06-30,Fiserv Inc,FISERV,337738108,,IN_MEMBERSHIP
FISV,2025-09-30,Fiserv Inc,FISERV,337738108,,IN_MEMBERSHIP
FISV,2025-12-31,Fiserv Inc,FISERV,337738108,,IN_MEMBERSHIP
FITB,2020-12-31,Fifth Third Bancorp,FIFTH THIRD BANCORP,316773100,,PRE_WINDOW_SUPPORT
FITB,2021-03-31,Fifth Third Bancorp,FIFTH THIRD BANCORP,316773100,,IN_MEMBERSHIP
FITB,2021-06-30,Fifth Third Bancorp,FIFTH THIRD BANCORP,316773100,,IN_MEMBERSHIP
FITB,2021-09-30,Fifth Third Bancorp,FIFTH THIRD BANCORP,316773100,,IN_MEMBERSHIP
FITB,2021-12-31,Fifth Third Bancorp,FIFTH THIRD BANCORP,316773100,,IN_MEMBERSHIP
FITB,2022-03-31,Fifth Third Bancorp,FIFTH THIRD BANCORP,316773100,,IN_MEMBERSHIP
FITB,2022-06-30,Fifth Third Bancorp,FIFTH THIRD BANCORP,316773100,,IN_MEMBERSHIP
FITB,2022-09-30,Fifth Third Bancorp,FIFTH THIRD BANCORP,316773100,,IN_MEMBERSHIP
FITB,2022-12-31,Fifth Third Bancorp,FIFTH THIRD BANCORP,316773100,,IN_MEMBERSHIP
FITB,2023-03-31,Fifth Third Bancorp,FIFTH THIRD BANCORP,316773100,,IN_MEMBERSHIP
FITB,2023-06-30,Fifth Third Bancorp,FIFTH THIRD BANCORP,316773100,,IN_MEMBERSHIP
FITB,2023-09-30,Fifth Third Bancorp,FIFTH THIRD BANCORP,316773100,,IN_MEMBERSHIP
FITB,2023-12-31,Fifth Third Bancorp,FIFTH THIRD BANCORP,316773100,,IN_MEMBERSHIP
FITB,2024-03-31,Fifth Third Bancorp,FIFTH THIRD BANCORP,316773100,,IN_MEMBERSHIP
FITB,2024-06-30,Fifth Third Bancorp,FIFTH THIRD BANCORP,316773100,,IN_MEMBERSHIP
FITB,2024-09-30,Fifth Third Bancorp,FIFTH THIRD BANCORP,316773100,,IN_MEMBERSHIP
FITB,2024-12-31,Fifth Third Bancorp,FIFTH THIRD BANCORP,316773100,,IN_MEMBERSHIP
FITB,2025-03-31,Fifth Third Bancorp,FIFTH THIRD BANCORP,316773100,,IN_MEMBERSHIP
FITB,2025-06-30,Fifth Third Bancorp,FIFTH THIRD BANCORP,316773100,,IN_MEMBERSHIP
FITB,2025-09-30,Fifth Third Bancorp,FIFTH THIRD BANCORP,316773100,,IN_MEMBERSHIP
FITB,2025-12-31,Fifth Third Bancorp,FIFTH THIRD BANCORP,316773100,,IN_MEMBERSHIP
FIX,2025-12-31,Comfort Systems USA Inc,COMFORT SYSTEMS USA,199908104,,IN_MEMBERSHIP
FOX,2020-12-31,Fox Corp,FOX,35137L204,,PRE_WINDOW_SUPPORT
FOX,2021-03-31,Fox Corp,FOX,35137L204,,IN_MEMBERSHIP
FOX,2021-06-30,Fox Corp,FOX,35137L204,,IN_MEMBERSHIP
FOX,2021-09-30,Fox Corp,FOX,35137L204,,IN_MEMBERSHIP
FOX,2021-12-31,Fox Corp,FOX,35137L204,,IN_MEMBERSHIP
FOX,2022-03-31,Fox Corp,FOX,35137L204,,IN_MEMBERSHIP
FOX,2022-06-30,Fox Corp,FOX,35137L204,,IN_MEMBERSHIP
FOX,2022-09-30,Fox Corp,FOX,35137L204,,IN_MEMBERSHIP
FOX,2022-12-31,Fox Corp,FOX,35137L204,,IN_MEMBERSHIP
FOX,2023-03-31,Fox Corp,FOX,35137L204,,IN_MEMBERSHIP
FOX,2023-06-30,Fox Corp,FOX,35137L204,,IN_MEMBERSHIP
FOX,2023-09-30,Fox Corp,FOX,35137L204,,IN_MEMBERSHIP
FOX,2023-12-31,Fox Corp,FOX,35137L204,,IN_MEMBERSHIP
FOX,2024-03-31,Fox Corp,FOX,35137L204,,IN_MEMBERSHIP
FOX,2024-06-30,Fox Corp,FOX,35137L204,,IN_MEMBERSHIP
FOX,2024-09-30,Fox Corp,FOX,35137L204,,IN_MEMBERSHIP
FOX,2024-12-31,Fox Corp,FOX,35137L204,,IN_MEMBERSHIP
FOX,2025-03-31,Fox Corp,FOX,35137L204,,IN_MEMBERSHIP
FOX,2025-06-30,Fox Corp,FOX,35137L204,,IN_MEMBERSHIP
FOX,2025-09-30,Fox Corp,FOX,35137L204,,IN_MEMBERSHIP
FOX,2025-12-31,Fox Corp,FOX,35137L204,,IN_MEMBERSHIP
FOXA,2020-12-31,Fox Corp,FOX,35137L105,,PRE_WINDOW_SUPPORT
FOXA,2021-03-31,Fox Corp,FOX,35137L105,,IN_MEMBERSHIP
FOXA,2021-06-30,Fox Corp,FOX,35137L105,,IN_MEMBERSHIP
FOXA,2021-09-30,Fox Corp,FOX,35137L105,,IN_MEMBERSHIP
FOXA,2021-12-31,Fox Corp,FOX,35137L105,,IN_MEMBERSHIP
FOXA,2022-03-31,Fox Corp,FOX,35137L105,,IN_MEMBERSHIP
FOXA,2022-06-30,Fox Corp,FOX,35137L105,,IN_MEMBERSHIP
FOXA,2022-09-30,Fox Corp,FOX,35137L105,,IN_MEMBERSHIP
FOXA,2022-12-31,Fox Corp,FOX,35137L105,,IN_MEMBERSHIP
FOXA,2023-03-31,Fox Corp,FOX,35137L105,,IN_MEMBERSHIP
FOXA,2023-06-30,Fox Corp,FOX,35137L105,,IN_MEMBERSHIP
FOXA,2023-09-30,Fox Corp,FOX,35137L105,,IN_MEMBERSHIP
FOXA,2023-12-31,Fox Corp,FOX,35137L105,,IN_MEMBERSHIP
FOXA,2024-03-31,Fox Corp,FOX,35137L105,,IN_MEMBERSHIP
FOXA,2024-06-30,Fox Corp,FOX,35137L105,,IN_MEMBERSHIP
FOXA,2024-09-30,Fox Corp,FOX,35137L105,,IN_MEMBERSHIP
FOXA,2024-12-31,Fox Corp,FOX,35137L105,,IN_MEMBERSHIP
FOXA,2025-03-31,Fox Corp,FOX,35137L105,,IN_MEMBERSHIP
FOXA,2025-06-30,Fox Corp,FOX,35137L105,,IN_MEMBERSHIP
FOXA,2025-09-30,Fox Corp,FOX,35137L105,,IN_MEMBERSHIP
FOXA,2025-12-31,Fox Corp,FOX,35137L105,,IN_MEMBERSHIP
FRT,2022-03-31,Federal Realty Investment Trust,FEDERAL REALTY INVESTMENT TRUST,313745101,,IN_MEMBERSHIP
FRT,2022-06-30,Federal Realty OP LP,FEDERAL REALTY OP LP,313745101,,IN_MEMBERSHIP
FRT,2022-09-30,Federal Realty Investment Trust,FEDERAL REALTY INVESTMENT TRUST,313745101,,IN_MEMBERSHIP
FRT,2022-12-31,Federal Realty Investment Trust,FEDERAL REALTY INVESTMENT TRUST,313745101,,IN_MEMBERSHIP
FRT,2023-03-31,Federal Realty Investment Trust,FEDERAL REALTY INVESTMENT TRUST,313745101,,IN_MEMBERSHIP
FRT,2023-06-30,Federal Realty Investment Trust,FEDERAL REALTY INVESTMENT TRUST,313745101,,IN_MEMBERSHIP
FRT,2023-09-30,Federal Realty Investment Trust,FEDERAL REALTY INVESTMENT TRUST,313745101,,IN_MEMBERSHIP
FRT,2023-12-31,Federal Realty Investment Trust,FEDERAL REALTY INVESTMENT TRUST,313745101,,IN_MEMBERSHIP
FRT,2024-03-31,Federal Realty Investment Trust,FEDERAL REALTY INVESTMENT TRUST,313745101,,IN_MEMBERSHIP
FRT,2024-06-30,Federal Realty Investment Trust,FEDERAL REALTY INVESTMENT TRUST,313745101,,IN_MEMBERSHIP
FRT,2024-09-30,Federal Realty Investment Trust,FEDERAL REALTY INVESTMENT TRUST,313745101,,IN_MEMBERSHIP
FRT,2024-12-31,Federal Realty Investment Trust,FEDERAL REALTY INVESTMENT TRUST,313745101,,IN_MEMBERSHIP
FRT,2025-03-31,Federal Realty Investment Trust,FEDERAL REALTY INVESTMENT TRUST,313745101,,IN_MEMBERSHIP
FRT,2025-06-30,Federal Realty Investment Trust,FEDERAL REALTY INVESTMENT TRUST,313745101,,IN_MEMBERSHIP
FRT,2025-09-30,Federal Realty Investment Trust,FEDERAL REALTY INVESTMENT TRUST,313745101,,IN_MEMBERSHIP
FRT,2025-12-31,Federal Realty Investment Trust,FEDERAL REALTY INVESTMENT TRUST,313745101,,IN_MEMBERSHIP
FSLR,2022-12-31,First Solar Inc,FIRST SOLAR,336433107,,IN_MEMBERSHIP
FSLR,2023-03-31,First Solar Inc,FIRST SOLAR,336433107,,IN_MEMBERSHIP
FSLR,2023-06-30,First Solar Inc,FIRST SOLAR,336433107,,IN_MEMBERSHIP
FSLR,2023-09-30,First Solar Inc,FIRST SOLAR,336433107,,IN_MEMBERSHIP
FSLR,2023-12-31,First Solar Inc,FIRST SOLAR,336433107,,IN_MEMBERSHIP
FSLR,2024-03-31,First Solar Inc,FIRST SOLAR,336433107,,IN_MEMBERSHIP
FSLR,2024-06-30,First Solar Inc,FIRST SOLAR,336433107,,IN_MEMBERSHIP
FSLR,2024-09-30,First Solar Inc,FIRST SOLAR,336433107,,IN_MEMBERSHIP
FSLR,2024-12-31,First Solar Inc,FIRST SOLAR,336433107,,IN_MEMBERSHIP
FSLR,2025-03-31,First Solar Inc,FIRST SOLAR,336433107,,IN_MEMBERSHIP
FSLR,2025-06-30,First Solar Inc,FIRST SOLAR,336433107,,IN_MEMBERSHIP
FSLR,2025-09-30,First Solar Inc,FIRST SOLAR,336433107,,IN_MEMBERSHIP
FSLR,2025-12-31,First Solar Inc,FIRST SOLAR,336433107,,IN_MEMBERSHIP
FTNT,2020-12-31,Fortinet Inc,FORTINET,34959E109,,PRE_WINDOW_SUPPORT
FTNT,2021-03-31,Fortinet Inc,FORTINET,34959E109,,IN_MEMBERSHIP
FTNT,2021-06-30,Fortinet Inc,FORTINET,34959E109,,IN_MEMBERSHIP
FTNT,2021-09-30,Fortinet Inc,FORTINET,34959E109,,IN_MEMBERSHIP
FTNT,2021-12-31,Fortinet Inc,FORTINET,34959E109,,IN_MEMBERSHIP
FTNT,2022-03-31,Fortinet Inc,FORTINET,34959E109,,IN_MEMBERSHIP
FTNT,2022-06-30,Fortinet Inc,FORTINET,34959E109,,IN_MEMBERSHIP
FTNT,2022-09-30,Fortinet Inc,FORTINET,34959E109,,IN_MEMBERSHIP
FTNT,2022-12-31,Fortinet Inc,FORTINET,34959E109,,IN_MEMBERSHIP
FTNT,2023-03-31,Fortinet Inc,FORTINET,34959E109,,IN_MEMBERSHIP
FTNT,2023-06-30,Fortinet Inc,FORTINET,34959E109,,IN_MEMBERSHIP
FTNT,2023-09-30,Fortinet Inc,FORTINET,34959E109,,IN_MEMBERSHIP
FTNT,2023-12-31,Fortinet Inc,FORTINET,34959E109,,IN_MEMBERSHIP
FTNT,2024-03-31,Fortinet Inc,FORTINET,34959E109,,IN_MEMBERSHIP
FTNT,2024-06-30,Fortinet Inc,FORTINET,34959E109,,IN_MEMBERSHIP
FTNT,2024-09-30,Fortinet Inc,FORTINET,34959E109,,IN_MEMBERSHIP
FTNT,2024-12-31,Fortinet Inc,FORTINET,34959E109,,IN_MEMBERSHIP
FTNT,2025-03-31,Fortinet Inc,FORTINET,34959E109,,IN_MEMBERSHIP
FTNT,2025-06-30,Fortinet Inc,FORTINET,34959E109,,IN_MEMBERSHIP
FTNT,2025-09-30,Fortinet Inc,FORTINET,34959E109,,IN_MEMBERSHIP
FTNT,2025-12-31,Fortinet Inc,FORTINET,34959E109,,IN_MEMBERSHIP
FTV,2020-12-31,Fortive Corp,FORTIVE,34959J108,,PRE_WINDOW_SUPPORT
FTV,2021-03-31,Fortive Corp,FORTIVE,34959J108,,IN_MEMBERSHIP
FTV,2021-06-30,Fortive Corp,FORTIVE,34959J108,,IN_MEMBERSHIP
FTV,2021-09-30,Fortive Corp,FORTIVE,34959J108,,IN_MEMBERSHIP
FTV,2021-12-31,Fortive Corp,FORTIVE,34959J108,,IN_MEMBERSHIP
FTV,2022-03-31,Fortive Corp,FORTIVE,34959J108,,IN_MEMBERSHIP
FTV,2022-06-30,Fortive Corp,FORTIVE,34959J108,,IN_MEMBERSHIP
FTV,2022-09-30,Fortive Corp,FORTIVE,34959J108,,IN_MEMBERSHIP
FTV,2022-12-31,Fortive Corp,FORTIVE,34959J108,,IN_MEMBERSHIP
FTV,2023-03-31,Fortive Corp,FORTIVE,34959J108,,IN_MEMBERSHIP
FTV,2023-06-30,Fortive Corp,FORTIVE,34959J108,,IN_MEMBERSHIP
FTV,2023-09-30,Fortive Corp,FORTIVE,34959J108,,IN_MEMBERSHIP
FTV,2023-12-31,Fortive Corp,FORTIVE,34959J108,,IN_MEMBERSHIP
FTV,2024-03-31,Fortive Corp,FORTIVE,34959J108,,IN_MEMBERSHIP
FTV,2024-06-30,Fortive Corp,FORTIVE,34959J108,,IN_MEMBERSHIP
FTV,2024-09-30,Fortive Corp,FORTIVE,34959J108,,IN_MEMBERSHIP
FTV,2024-12-31,Fortive Corp,FORTIVE,34959J108,,IN_MEMBERSHIP
FTV,2025-03-31,Fortive Corp,FORTIVE,34959J108,,IN_MEMBERSHIP
FTV,2025-06-30,Fortive Corp,FORTIVE,34959J108,,IN_MEMBERSHIP
FTV,2025-09-30,Fortive Corp,FORTIVE,34959J108,,IN_MEMBERSHIP
FTV,2025-12-31,Fortive Corp,FORTIVE,34959J108,,IN_MEMBERSHIP
GD,2020-12-31,General Dynamics Corp,GENERAL DYNAMICS,369550108,,PRE_WINDOW_SUPPORT
GD,2021-03-31,General Dynamics Corp,GENERAL DYNAMICS,369550108,,IN_MEMBERSHIP
GD,2021-06-30,General Dynamics Corp,GENERAL DYNAMICS,369550108,,IN_MEMBERSHIP
GD,2021-09-30,General Dynamics Corp,GENERAL DYNAMICS,369550108,,IN_MEMBERSHIP
GD,2021-12-31,General Dynamics Corp,GENERAL DYNAMICS,369550108,,IN_MEMBERSHIP
GD,2022-03-31,General Dynamics Corp,GENERAL DYNAMICS,369550108,,IN_MEMBERSHIP
GD,2022-06-30,General Dynamics Corp,GENERAL DYNAMICS,369550108,,IN_MEMBERSHIP
GD,2022-09-30,General Dynamics Corp,GENERAL DYNAMICS,369550108,,IN_MEMBERSHIP
GD,2022-12-31,General Dynamics Corp,GENERAL DYNAMICS,369550108,,IN_MEMBERSHIP
GD,2023-03-31,General Dynamics Corp,GENERAL DYNAMICS,369550108,,IN_MEMBERSHIP
GD,2023-06-30,General Dynamics Corp,GENERAL DYNAMICS,369550108,,IN_MEMBERSHIP
GD,2023-09-30,General Dynamics Corp,GENERAL DYNAMICS,369550108,,IN_MEMBERSHIP
GD,2023-12-31,General Dynamics Corp,GENERAL DYNAMICS,369550108,,IN_MEMBERSHIP
GD,2024-03-31,General Dynamics Corp,GENERAL DYNAMICS,369550108,,IN_MEMBERSHIP
GD,2024-06-30,General Dynamics Corp,GENERAL DYNAMICS,369550108,,IN_MEMBERSHIP
GD,2024-09-30,General Dynamics Corp,GENERAL DYNAMICS,369550108,,IN_MEMBERSHIP
GD,2024-12-31,General Dynamics Corp,GENERAL DYNAMICS,369550108,,IN_MEMBERSHIP
GD,2025-03-31,General Dynamics Corp,GENERAL DYNAMICS,369550108,,IN_MEMBERSHIP
GD,2025-06-30,General Dynamics Corp,GENERAL DYNAMICS,369550108,,IN_MEMBERSHIP
GD,2025-09-30,General Dynamics Corp,GENERAL DYNAMICS,369550108,,IN_MEMBERSHIP
GD,2025-12-31,General Dynamics Corp,GENERAL DYNAMICS,369550108,,IN_MEMBERSHIP
GDDY,2024-06-30,GoDaddy Inc,GODADDY,380237107,,IN_MEMBERSHIP
GDDY,2024-09-30,GoDaddy Inc,GODADDY,380237107,,IN_MEMBERSHIP
GDDY,2024-12-31,GoDaddy Inc,GODADDY,380237107,,IN_MEMBERSHIP
GDDY,2025-03-31,GoDaddy Inc,GODADDY,380237107,,IN_MEMBERSHIP
GDDY,2025-06-30,GoDaddy Inc,GODADDY,380237107,,IN_MEMBERSHIP
GDDY,2025-09-30,GoDaddy Inc,GODADDY,380237107,,IN_MEMBERSHIP
GDDY,2025-12-31,GoDaddy Inc,GODADDY,380237107,,IN_MEMBERSHIP
GE,2020-12-31,General Electric Co,GENERAL ELECTRIC,369604103,,PRE_WINDOW_SUPPORT
GE,2021-03-31,General Electric Co,GENERAL ELECTRIC,369604103,,IN_MEMBERSHIP
GE,2021-06-30,General Electric Co,GENERAL ELECTRIC,369604103,,IN_MEMBERSHIP
GE,2021-09-30,General Electric Co,GENERAL ELECTRIC,369604301,,IN_MEMBERSHIP
GE,2021-12-31,General Electric Co,GENERAL ELECTRIC,369604301,,IN_MEMBERSHIP
GE,2022-03-31,General Electric Co,GENERAL ELECTRIC,369604301,,IN_MEMBERSHIP
GE,2022-06-30,General Electric Co,GENERAL ELECTRIC,369604301,,IN_MEMBERSHIP
GE,2022-09-30,General Electric Co,GENERAL ELECTRIC,369604301,,IN_MEMBERSHIP
GE,2022-12-31,General Electric Co,GENERAL ELECTRIC,369604301,,IN_MEMBERSHIP
GE,2023-03-31,General Electric Co,GENERAL ELECTRIC,369604301,,IN_MEMBERSHIP
GE,2023-06-30,General Electric Co,GENERAL ELECTRIC,369604301,,IN_MEMBERSHIP
GE,2023-09-30,General Electric Co,GENERAL ELECTRIC,369604301,,IN_MEMBERSHIP
GE,2023-12-31,General Electric Co,GENERAL ELECTRIC,369604301,,IN_MEMBERSHIP
GE,2024-03-31,General Electric Co,GENERAL ELECTRIC,369604301,,IN_MEMBERSHIP
GE,2024-06-30,General Electric Co,GENERAL ELECTRIC,369604301,,IN_MEMBERSHIP
GE,2024-09-30,General Electric Co,GENERAL ELECTRIC,369604301,,IN_MEMBERSHIP
GE,2024-12-31,General Electric Co,GENERAL ELECTRIC,369604301,,IN_MEMBERSHIP
GE,2025-03-31,General Electric Co,GENERAL ELECTRIC,369604301,,IN_MEMBERSHIP
GE,2025-06-30,General Electric Co,GENERAL ELECTRIC,369604301,,IN_MEMBERSHIP
GE,2025-09-30,General Electric Co,GENERAL ELECTRIC,369604301,,IN_MEMBERSHIP
GE,2025-12-31,General Electric Co,GENERAL ELECTRIC,369604301,,IN_MEMBERSHIP
GEHC,2023-03-31,GE HealthCare Technologies Inc,GE HEALTHCARE TECHNOLOGIES,36266G107,,IN_MEMBERSHIP
GEHC,2023-06-30,GE HealthCare Technologies Inc,GE HEALTHCARE TECHNOLOGIES,36266G107,,IN_MEMBERSHIP
GEHC,2023-09-30,GE HealthCare Technologies Inc,GE HEALTHCARE TECHNOLOGIES,36266G107,,IN_MEMBERSHIP
GEHC,2023-12-31,GE HealthCare Technologies Inc,GE HEALTHCARE TECHNOLOGIES,36266G107,,IN_MEMBERSHIP
GEHC,2024-03-31,GE HealthCare Technologies Inc,GE HEALTHCARE TECHNOLOGIES,36266G107,,IN_MEMBERSHIP
GEHC,2024-06-30,GE HealthCare Technologies Inc,GE HEALTHCARE TECHNOLOGIES,36266G107,,IN_MEMBERSHIP
GEHC,2024-09-30,GE HealthCare Technologies Inc,GE HEALTHCARE TECHNOLOGIES,36266G107,,IN_MEMBERSHIP
GEHC,2024-12-31,GE HealthCare Technologies Inc,GE HEALTHCARE TECHNOLOGIES,36266G107,,IN_MEMBERSHIP
GEHC,2025-03-31,GE HealthCare Technologies Inc,GE HEALTHCARE TECHNOLOGIES,36266G107,,IN_MEMBERSHIP
GEHC,2025-06-30,GE HealthCare Technologies Inc,GE HEALTHCARE TECHNOLOGIES,36266G107,,IN_MEMBERSHIP
GEHC,2025-09-30,GE HealthCare Technologies Inc,GE HEALTHCARE TECHNOLOGIES,36266G107,,IN_MEMBERSHIP
GEHC,2025-12-31,GE HealthCare Technologies Inc,GE HEALTHCARE TECHNOLOGIES,36266G107,,IN_MEMBERSHIP
GEN,2020-12-31,NortonLifeLock Inc,NORTONLIFELOCK,668771108,,PRE_WINDOW_SUPPORT
GEN,2021-03-31,NortonLifeLock Inc,NORTONLIFELOCK,668771108,,IN_MEMBERSHIP
GEN,2021-06-30,NortonLifeLock Inc,NORTONLIFELOCK,668771108,,IN_MEMBERSHIP
GEN,2021-09-30,NortonLifeLock Inc,NORTONLIFELOCK,668771108,,IN_MEMBERSHIP
GEN,2021-12-31,NortonLifeLock Inc,NORTONLIFELOCK,668771108,,IN_MEMBERSHIP
GEN,2022-03-31,NortonLifeLock Inc,NORTONLIFELOCK,668771108,,IN_MEMBERSHIP
GEN,2022-06-30,NortonLifeLock Inc,NORTONLIFELOCK,668771108,,IN_MEMBERSHIP
GEN,2022-09-30,NortonLifeLock Inc,NORTONLIFELOCK,668771108,,IN_MEMBERSHIP
GEN,2022-12-31,Gen Digital Inc,GEN DIGITAL,668771108,,IN_MEMBERSHIP
GEN,2023-03-31,Gen Digital Inc,GEN DIGITAL,668771108,,IN_MEMBERSHIP
GEN,2023-06-30,Gen Digital Inc,GEN DIGITAL,668771108,,IN_MEMBERSHIP
GEN,2023-09-30,Gen Digital Inc,GEN DIGITAL,668771108,,IN_MEMBERSHIP
GEN,2023-12-31,Gen Digital Inc,GEN DIGITAL,668771108,,IN_MEMBERSHIP
GEN,2024-03-31,Gen Digital Inc,GEN DIGITAL,668771108,,IN_MEMBERSHIP
GEN,2024-06-30,Gen Digital Inc,GEN DIGITAL,668771108,,IN_MEMBERSHIP
GEN,2024-09-30,Gen Digital Inc,GEN DIGITAL,668771108,,IN_MEMBERSHIP
GEN,2024-12-31,Gen Digital Inc,GEN DIGITAL,668771108,,IN_MEMBERSHIP
GEN,2025-03-31,Gen Digital Inc,GEN DIGITAL,668771108,,IN_MEMBERSHIP
GEN,2025-06-30,Gen Digital Inc,GEN DIGITAL,668771108,,IN_MEMBERSHIP
GEN,2025-09-30,Gen Digital Inc,GEN DIGITAL,668771108,,IN_MEMBERSHIP
GEN,2025-12-31,Gen Digital Inc,GEN DIGITAL,668771108,,IN_MEMBERSHIP
GEV,2024-06-30,GE Vernova Inc,GE VERNOVA,36828A101,,IN_MEMBERSHIP
GEV,2024-09-30,GE Vernova Inc,GE VERNOVA,36828A101,,IN_MEMBERSHIP
GEV,2024-12-31,GE Vernova Inc,GE VERNOVA,36828A101,,IN_MEMBERSHIP
GEV,2025-03-31,GE Vernova Inc,GE VERNOVA,36828A101,,IN_MEMBERSHIP
GEV,2025-06-30,GE Vernova Inc,GE VERNOVA,36828A101,,IN_MEMBERSHIP
GEV,2025-09-30,GE Vernova Inc,GE VERNOVA,36828A101,,IN_MEMBERSHIP
GEV,2025-12-31,GE Vernova Inc,GE VERNOVA,36828A101,,IN_MEMBERSHIP
GILD,2020-12-31,Gilead Sciences Inc,GILEAD SCIENCES,375558103,,PRE_WINDOW_SUPPORT
GILD,2021-03-31,Gilead Sciences Inc,GILEAD SCIENCES,375558103,,IN_MEMBERSHIP
GILD,2021-06-30,Gilead Sciences Inc,GILEAD SCIENCES,375558103,,IN_MEMBERSHIP
GILD,2021-09-30,Gilead Sciences Inc,GILEAD SCIENCES,375558103,,IN_MEMBERSHIP
GILD,2021-12-31,Gilead Sciences Inc,GILEAD SCIENCES,375558103,,IN_MEMBERSHIP
GILD,2022-03-31,Gilead Sciences Inc,GILEAD SCIENCES,375558103,,IN_MEMBERSHIP
GILD,2022-06-30,Gilead Sciences Inc,GILEAD SCIENCES,375558103,,IN_MEMBERSHIP
GILD,2022-09-30,Gilead Sciences Inc,GILEAD SCIENCES,375558103,,IN_MEMBERSHIP
GILD,2022-12-31,Gilead Sciences Inc,GILEAD SCIENCES,375558103,,IN_MEMBERSHIP
GILD,2023-03-31,Gilead Sciences Inc,GILEAD SCIENCES,375558103,,IN_MEMBERSHIP
GILD,2023-06-30,Gilead Sciences Inc,GILEAD SCIENCES,375558103,,IN_MEMBERSHIP
GILD,2023-09-30,Gilead Sciences Inc,GILEAD SCIENCES,375558103,,IN_MEMBERSHIP
GILD,2023-12-31,Gilead Sciences Inc,GILEAD SCIENCES,375558103,,IN_MEMBERSHIP
GILD,2024-03-31,Gilead Sciences Inc,GILEAD SCIENCES,375558103,,IN_MEMBERSHIP
GILD,2024-06-30,Gilead Sciences Inc,GILEAD SCIENCES,375558103,,IN_MEMBERSHIP
GILD,2024-09-30,Gilead Sciences Inc,GILEAD SCIENCES,375558103,,IN_MEMBERSHIP
GILD,2024-12-31,Gilead Sciences Inc,GILEAD SCIENCES,375558103,,IN_MEMBERSHIP
GILD,2025-03-31,Gilead Sciences Inc,GILEAD SCIENCES,375558103,,IN_MEMBERSHIP
GILD,2025-06-30,Gilead Sciences Inc,GILEAD SCIENCES,375558103,,IN_MEMBERSHIP
GILD,2025-09-30,Gilead Sciences Inc,GILEAD SCIENCES,375558103,,IN_MEMBERSHIP
GILD,2025-12-31,Gilead Sciences Inc,GILEAD SCIENCES,375558103,,IN_MEMBERSHIP
GIS,2020-12-31,General Mills Inc,GENERAL MILLS,370334104,,PRE_WINDOW_SUPPORT
GIS,2021-03-31,General Mills Inc,GENERAL MILLS,370334104,,IN_MEMBERSHIP
GIS,2021-06-30,General Mills Inc,GENERAL MILLS,370334104,,IN_MEMBERSHIP
GIS,2021-09-30,General Mills Inc,GENERAL MILLS,370334104,,IN_MEMBERSHIP
GIS,2021-12-31,General Mills Inc,GENERAL MILLS,370334104,,IN_MEMBERSHIP
GIS,2022-03-31,General Mills Inc,GENERAL MILLS,370334104,,IN_MEMBERSHIP
GIS,2022-06-30,General Mills Inc,GENERAL MILLS,370334104,,IN_MEMBERSHIP
GIS,2022-09-30,General Mills Inc,GENERAL MILLS,370334104,,IN_MEMBERSHIP
GIS,2022-12-31,General Mills Inc,GENERAL MILLS,370334104,,IN_MEMBERSHIP
GIS,2023-03-31,General Mills Inc,GENERAL MILLS,370334104,,IN_MEMBERSHIP
GIS,2023-06-30,General Mills Inc,GENERAL MILLS,370334104,,IN_MEMBERSHIP
GIS,2023-09-30,General Mills Inc,GENERAL MILLS,370334104,,IN_MEMBERSHIP
GIS,2023-12-31,General Mills Inc,GENERAL MILLS,370334104,,IN_MEMBERSHIP
GIS,2024-03-31,General Mills Inc,GENERAL MILLS,370334104,,IN_MEMBERSHIP
GIS,2024-06-30,General Mills Inc,GENERAL MILLS,370334104,,IN_MEMBERSHIP
GIS,2024-09-30,General Mills Inc,GENERAL MILLS,370334104,,IN_MEMBERSHIP
GIS,2024-12-31,General Mills Inc,GENERAL MILLS,370334104,,IN_MEMBERSHIP
GIS,2025-03-31,General Mills Inc,GENERAL MILLS,370334104,,IN_MEMBERSHIP
GIS,2025-06-30,General Mills Inc,GENERAL MILLS,370334104,,IN_MEMBERSHIP
GIS,2025-09-30,General Mills Inc,GENERAL MILLS,370334104,,IN_MEMBERSHIP
GIS,2025-12-31,General Mills Inc,GENERAL MILLS,370334104,,IN_MEMBERSHIP
GL,2020-12-31,Globe Life Inc,GLOBE LIFE,37959E102,,PRE_WINDOW_SUPPORT
GL,2021-03-31,Globe Life Inc,GLOBE LIFE,37959E102,,IN_MEMBERSHIP
GL,2021-06-30,Globe Life Inc,GLOBE LIFE,37959E102,,IN_MEMBERSHIP
GL,2021-09-30,Globe Life Inc,GLOBE LIFE,37959E102,,IN_MEMBERSHIP
GL,2021-12-31,Globe Life Inc,GLOBE LIFE,37959E102,,IN_MEMBERSHIP
GL,2022-03-31,Globe Life Inc,GLOBE LIFE,37959E102,,IN_MEMBERSHIP
GL,2022-06-30,Globe Life Inc,GLOBE LIFE,37959E102,,IN_MEMBERSHIP
GL,2022-09-30,Globe Life Inc,GLOBE LIFE,37959E102,,IN_MEMBERSHIP
GL,2022-12-31,Globe Life Inc,GLOBE LIFE,37959E102,,IN_MEMBERSHIP
GL,2023-03-31,Globe Life Inc,GLOBE LIFE,37959E102,,IN_MEMBERSHIP
GL,2023-06-30,Globe Life Inc,GLOBE LIFE,37959E102,,IN_MEMBERSHIP
GL,2023-09-30,Globe Life Inc,GLOBE LIFE,37959E102,,IN_MEMBERSHIP
GL,2023-12-31,Globe Life Inc,GLOBE LIFE,37959E102,,IN_MEMBERSHIP
GL,2024-03-31,Globe Life Inc,GLOBE LIFE,37959E102,,IN_MEMBERSHIP
GL,2024-06-30,Globe Life Inc,GLOBE LIFE,37959E102,,IN_MEMBERSHIP
GL,2024-09-30,Globe Life Inc,GLOBE LIFE,37959E102,,IN_MEMBERSHIP
GL,2024-12-31,Globe Life Inc,GLOBE LIFE,37959E102,,IN_MEMBERSHIP
GL,2025-03-31,Globe Life Inc,GLOBE LIFE,37959E102,,IN_MEMBERSHIP
GL,2025-06-30,Globe Life Inc,GLOBE LIFE,37959E102,,IN_MEMBERSHIP
GL,2025-09-30,Globe Life Inc,GLOBE LIFE,37959E102,,IN_MEMBERSHIP
GL,2025-12-31,Globe Life Inc,GLOBE LIFE,37959E102,,IN_MEMBERSHIP
GLW,2020-12-31,Corning Inc,CORNING,219350105,,PRE_WINDOW_SUPPORT
GLW,2021-03-31,Corning Inc,CORNING,219350105,,IN_MEMBERSHIP
GLW,2021-06-30,Corning Inc,CORNING,219350105,,IN_MEMBERSHIP
GLW,2021-09-30,Corning Inc,CORNING,219350105,,IN_MEMBERSHIP
GLW,2021-12-31,Corning Inc,CORNING,219350105,,IN_MEMBERSHIP
GLW,2022-03-31,Corning Inc,CORNING,219350105,,IN_MEMBERSHIP
GLW,2022-06-30,Corning Inc,CORNING,219350105,,IN_MEMBERSHIP
GLW,2022-09-30,Corning Inc,CORNING,219350105,,IN_MEMBERSHIP
GLW,2022-12-31,Corning Inc,CORNING,219350105,,IN_MEMBERSHIP
GLW,2023-03-31,Corning Inc,CORNING,219350105,,IN_MEMBERSHIP
GLW,2023-06-30,Corning Inc,CORNING,219350105,,IN_MEMBERSHIP
GLW,2023-09-30,Corning Inc,CORNING,219350105,,IN_MEMBERSHIP
GLW,2023-12-31,Corning Inc,CORNING,219350105,,IN_MEMBERSHIP
GLW,2024-03-31,Corning Inc,CORNING,219350105,,IN_MEMBERSHIP
GLW,2024-06-30,Corning Inc,CORNING,219350105,,IN_MEMBERSHIP
GLW,2024-09-30,Corning Inc,CORNING,219350105,,IN_MEMBERSHIP
GLW,2024-12-31,Corning Inc,CORNING,219350105,,IN_MEMBERSHIP
GLW,2025-03-31,Corning Inc,CORNING,219350105,,IN_MEMBERSHIP
GLW,2025-06-30,Corning Inc,CORNING,219350105,,IN_MEMBERSHIP
GLW,2025-09-30,Corning Inc,CORNING,219350105,,IN_MEMBERSHIP
GLW,2025-12-31,Corning Inc,CORNING,219350105,,IN_MEMBERSHIP
GM,2020-12-31,General Motors Co,GENERAL MOTORS,37045V100,,PRE_WINDOW_SUPPORT
GM,2021-03-31,General Motors Co,GENERAL MOTORS,37045V100,,IN_MEMBERSHIP
GM,2021-06-30,General Motors Co,GENERAL MOTORS,37045V100,,IN_MEMBERSHIP
GM,2021-09-30,General Motors Co,GENERAL MOTORS,37045V100,,IN_MEMBERSHIP
GM,2021-12-31,General Motors Co,GENERAL MOTORS,37045V100,,IN_MEMBERSHIP
GM,2022-03-31,General Motors Co,GENERAL MOTORS,37045V100,,IN_MEMBERSHIP
GM,2022-06-30,General Motors Co,GENERAL MOTORS,37045V100,,IN_MEMBERSHIP
GM,2022-09-30,General Motors Co,GENERAL MOTORS,37045V100,,IN_MEMBERSHIP
GM,2022-12-31,General Motors Co,GENERAL MOTORS,37045V100,,IN_MEMBERSHIP
GM,2023-03-31,General Motors Co,GENERAL MOTORS,37045V100,,IN_MEMBERSHIP
GM,2023-06-30,General Motors Co,GENERAL MOTORS,37045V100,,IN_MEMBERSHIP
GM,2023-09-30,General Motors Co,GENERAL MOTORS,37045V100,,IN_MEMBERSHIP
GM,2023-12-31,General Motors Co,GENERAL MOTORS,37045V100,,IN_MEMBERSHIP
GM,2024-03-31,General Motors Co,GENERAL MOTORS,37045V100,,IN_MEMBERSHIP
GM,2024-06-30,General Motors Co,GENERAL MOTORS,37045V100,,IN_MEMBERSHIP
GM,2024-09-30,General Motors Co,GENERAL MOTORS,37045V100,,IN_MEMBERSHIP
GM,2024-12-31,General Motors Co,GENERAL MOTORS,37045V100,,IN_MEMBERSHIP
GM,2025-03-31,General Motors Co,GENERAL MOTORS,37045V100,,IN_MEMBERSHIP
GM,2025-06-30,General Motors Co,GENERAL MOTORS,37045V100,,IN_MEMBERSHIP
GM,2025-09-30,General Motors Co,GENERAL MOTORS,37045V100,,IN_MEMBERSHIP
GM,2025-12-31,General Motors Co,GENERAL MOTORS,37045V100,,IN_MEMBERSHIP
GNRC,2021-03-31,Generac Holdings Inc,GENERAC,368736104,,IN_MEMBERSHIP
GNRC,2021-06-30,Generac Holdings Inc,GENERAC,368736104,,IN_MEMBERSHIP
GNRC,2021-09-30,Generac Holdings Inc,GENERAC,368736104,,IN_MEMBERSHIP
GNRC,2021-12-31,Generac Holdings Inc,GENERAC,368736104,,IN_MEMBERSHIP
GNRC,2022-03-31,Generac Holdings Inc,GENERAC,368736104,,IN_MEMBERSHIP
GNRC,2022-06-30,Generac Holdings Inc,GENERAC,368736104,,IN_MEMBERSHIP
GNRC,2022-09-30,Generac Holdings Inc,GENERAC,368736104,,IN_MEMBERSHIP
GNRC,2022-12-31,Generac Holdings Inc,GENERAC,368736104,,IN_MEMBERSHIP
GNRC,2023-03-31,Generac Holdings Inc,GENERAC,368736104,,IN_MEMBERSHIP
GNRC,2023-06-30,Generac Holdings Inc,GENERAC,368736104,,IN_MEMBERSHIP
GNRC,2023-09-30,Generac Holdings Inc,GENERAC,368736104,,IN_MEMBERSHIP
GNRC,2023-12-31,Generac Holdings Inc,GENERAC,368736104,,IN_MEMBERSHIP
GNRC,2024-03-31,Generac Holdings Inc,GENERAC,368736104,,IN_MEMBERSHIP
GNRC,2024-06-30,Generac Holdings Inc,GENERAC,368736104,,IN_MEMBERSHIP
GNRC,2024-09-30,Generac Holdings Inc,GENERAC,368736104,,IN_MEMBERSHIP
GNRC,2024-12-31,Generac Holdings Inc,GENERAC,368736104,,IN_MEMBERSHIP
GNRC,2025-03-31,Generac Holdings Inc,GENERAC,368736104,,IN_MEMBERSHIP
GNRC,2025-06-30,Generac Holdings Inc,GENERAC,368736104,,IN_MEMBERSHIP
GNRC,2025-09-30,Generac Holdings Inc,GENERAC,368736104,,IN_MEMBERSHIP
GNRC,2025-12-31,Generac Holdings Inc,GENERAC,368736104,,IN_MEMBERSHIP
GOOG,2020-12-31,Alphabet Inc,ALPHABET,02079K107,,PRE_WINDOW_SUPPORT
GOOG,2021-03-31,Alphabet Inc,ALPHABET,02079K107,,IN_MEMBERSHIP
GOOG,2021-06-30,Alphabet Inc,ALPHABET,02079K107,,IN_MEMBERSHIP
GOOG,2021-09-30,Alphabet Inc,ALPHABET,02079K107,,IN_MEMBERSHIP
GOOG,2021-12-31,Alphabet Inc,ALPHABET,02079K107,,IN_MEMBERSHIP
GOOG,2022-03-31,Alphabet Inc,ALPHABET,02079K107,,IN_MEMBERSHIP
GOOG,2022-06-30,Alphabet Inc,ALPHABET,02079K107,,IN_MEMBERSHIP
GOOG,2022-09-30,Alphabet Inc,ALPHABET,02079K107,,IN_MEMBERSHIP
GOOG,2022-12-31,Alphabet Inc,ALPHABET,02079K107,,IN_MEMBERSHIP
GOOG,2023-03-31,Alphabet Inc,ALPHABET,02079K107,,IN_MEMBERSHIP
GOOG,2023-06-30,Alphabet Inc,ALPHABET,02079K107,,IN_MEMBERSHIP
GOOG,2023-09-30,Alphabet Inc,ALPHABET,02079K107,,IN_MEMBERSHIP
GOOG,2023-12-31,Alphabet Inc,ALPHABET,02079K107,,IN_MEMBERSHIP
GOOG,2024-03-31,Alphabet Inc,ALPHABET,02079K107,,IN_MEMBERSHIP
GOOG,2024-06-30,Alphabet Inc,ALPHABET,02079K107,,IN_MEMBERSHIP
GOOG,2024-09-30,Alphabet Inc,ALPHABET,02079K107,,IN_MEMBERSHIP
GOOG,2024-12-31,Alphabet Inc,ALPHABET,02079K107,,IN_MEMBERSHIP
GOOG,2025-03-31,Alphabet Inc,ALPHABET,02079K107,,IN_MEMBERSHIP
GOOG,2025-06-30,Alphabet Inc,ALPHABET,02079K107,,IN_MEMBERSHIP
GOOG,2025-09-30,Alphabet Inc,ALPHABET,02079K107,,IN_MEMBERSHIP
GOOG,2025-12-31,Alphabet Inc,ALPHABET,02079K107,,IN_MEMBERSHIP
GOOGL,2020-12-31,Alphabet Inc,ALPHABET,02079K305,,PRE_WINDOW_SUPPORT
GOOGL,2021-03-31,Alphabet Inc,ALPHABET,02079K305,,IN_MEMBERSHIP
GOOGL,2021-06-30,Alphabet Inc,ALPHABET,02079K305,,IN_MEMBERSHIP
GOOGL,2021-09-30,Alphabet Inc,ALPHABET,02079K305,,IN_MEMBERSHIP
GOOGL,2021-12-31,Alphabet Inc,ALPHABET,02079K305,,IN_MEMBERSHIP
GOOGL,2022-03-31,Alphabet Inc,ALPHABET,02079K305,,IN_MEMBERSHIP
GOOGL,2022-06-30,Alphabet Inc,ALPHABET,02079K305,,IN_MEMBERSHIP
GOOGL,2022-09-30,Alphabet Inc,ALPHABET,02079K305,,IN_MEMBERSHIP
GOOGL,2022-12-31,Alphabet Inc,ALPHABET,02079K305,,IN_MEMBERSHIP
GOOGL,2023-03-31,Alphabet Inc,ALPHABET,02079K305,,IN_MEMBERSHIP
GOOGL,2023-06-30,Alphabet Inc,ALPHABET,02079K305,,IN_MEMBERSHIP
GOOGL,2023-09-30,Alphabet Inc,ALPHABET,02079K305,,IN_MEMBERSHIP
GOOGL,2023-12-31,Alphabet Inc,ALPHABET,02079K305,,IN_MEMBERSHIP
GOOGL,2024-03-31,Alphabet Inc,ALPHABET,02079K305,,IN_MEMBERSHIP
GOOGL,2024-06-30,Alphabet Inc,ALPHABET,02079K305,,IN_MEMBERSHIP
GOOGL,2024-09-30,Alphabet Inc,ALPHABET,02079K305,,IN_MEMBERSHIP
GOOGL,2024-12-31,Alphabet Inc,ALPHABET,02079K305,,IN_MEMBERSHIP
GOOGL,2025-03-31,Alphabet Inc,ALPHABET,02079K305,,IN_MEMBERSHIP
GOOGL,2025-06-30,Alphabet Inc,ALPHABET,02079K305,,IN_MEMBERSHIP
GOOGL,2025-09-30,Alphabet Inc,ALPHABET,02079K305,,IN_MEMBERSHIP
GOOGL,2025-12-31,Alphabet Inc,ALPHABET,02079K305,,IN_MEMBERSHIP
GPC,2020-12-31,Genuine Parts Co,GENUINE PARTS,372460105,,PRE_WINDOW_SUPPORT
GPC,2021-03-31,Genuine Parts Co,GENUINE PARTS,372460105,,IN_MEMBERSHIP
GPC,2021-06-30,Genuine Parts Co,GENUINE PARTS,372460105,,IN_MEMBERSHIP
GPC,2021-09-30,Genuine Parts Co,GENUINE PARTS,372460105,,IN_MEMBERSHIP
GPC,2021-12-31,Genuine Parts Co,GENUINE PARTS,372460105,,IN_MEMBERSHIP
GPC,2022-03-31,Genuine Parts Co,GENUINE PARTS,372460105,,IN_MEMBERSHIP
GPC,2022-06-30,Genuine Parts Co,GENUINE PARTS,372460105,,IN_MEMBERSHIP
GPC,2022-09-30,Genuine Parts Co,GENUINE PARTS,372460105,,IN_MEMBERSHIP
GPC,2022-12-31,Genuine Parts Co,GENUINE PARTS,372460105,,IN_MEMBERSHIP
GPC,2023-03-31,Genuine Parts Co,GENUINE PARTS,372460105,,IN_MEMBERSHIP
GPC,2023-06-30,Genuine Parts Co,GENUINE PARTS,372460105,,IN_MEMBERSHIP
GPC,2023-09-30,Genuine Parts Co,GENUINE PARTS,372460105,,IN_MEMBERSHIP
GPC,2023-12-31,Genuine Parts Co,GENUINE PARTS,372460105,,IN_MEMBERSHIP
GPC,2024-03-31,Genuine Parts Co,GENUINE PARTS,372460105,,IN_MEMBERSHIP
GPC,2024-06-30,Genuine Parts Co,GENUINE PARTS,372460105,,IN_MEMBERSHIP
GPC,2024-09-30,Genuine Parts Co,GENUINE PARTS,372460105,,IN_MEMBERSHIP
GPC,2024-12-31,Genuine Parts Co,GENUINE PARTS,372460105,,IN_MEMBERSHIP
GPC,2025-03-31,Genuine Parts Co,GENUINE PARTS,372460105,,IN_MEMBERSHIP
GPC,2025-06-30,Genuine Parts Co,GENUINE PARTS,372460105,,IN_MEMBERSHIP
GPC,2025-09-30,Genuine Parts Co,GENUINE PARTS,372460105,,IN_MEMBERSHIP
GPC,2025-12-31,Genuine Parts Co,GENUINE PARTS,372460105,,IN_MEMBERSHIP
GPN,2020-12-31,Global Payments Inc,GLOBAL PAYMENTS,37940X102,,PRE_WINDOW_SUPPORT
GPN,2021-03-31,Global Payments Inc,GLOBAL PAYMENTS,37940X102,,IN_MEMBERSHIP
GPN,2021-06-30,Global Payments Inc,GLOBAL PAYMENTS,37940X102,,IN_MEMBERSHIP
GPN,2021-09-30,Global Payments Inc,GLOBAL PAYMENTS,37940X102,,IN_MEMBERSHIP
GPN,2021-12-31,Global Payments Inc,GLOBAL PAYMENTS,37940X102,,IN_MEMBERSHIP
GPN,2022-03-31,Global Payments Inc,GLOBAL PAYMENTS,37940X102,,IN_MEMBERSHIP
GPN,2022-06-30,Global Payments Inc,GLOBAL PAYMENTS,37940X102,,IN_MEMBERSHIP
GPN,2022-09-30,Global Payments Inc,GLOBAL PAYMENTS,37940X102,,IN_MEMBERSHIP
GPN,2022-12-31,Global Payments Inc,GLOBAL PAYMENTS,37940X102,,IN_MEMBERSHIP
GPN,2023-03-31,Global Payments Inc,GLOBAL PAYMENTS,37940X102,,IN_MEMBERSHIP
GPN,2023-06-30,Global Payments Inc,GLOBAL PAYMENTS,37940X102,,IN_MEMBERSHIP
GPN,2023-09-30,Global Payments Inc,GLOBAL PAYMENTS,37940X102,,IN_MEMBERSHIP
GPN,2023-12-31,Global Payments Inc,GLOBAL PAYMENTS,37940X102,,IN_MEMBERSHIP
GPN,2024-03-31,Global Payments Inc,GLOBAL PAYMENTS,37940X102,,IN_MEMBERSHIP
GPN,2024-06-30,Global Payments Inc,GLOBAL PAYMENTS,37940X102,,IN_MEMBERSHIP
GPN,2024-09-30,Global Payments Inc,GLOBAL PAYMENTS,37940X102,,IN_MEMBERSHIP
GPN,2024-12-31,Global Payments Inc,GLOBAL PAYMENTS,37940X102,,IN_MEMBERSHIP
GPN,2025-03-31,Global Payments Inc,GLOBAL PAYMENTS,37940X102,,IN_MEMBERSHIP
GPN,2025-06-30,Global Payments Inc,GLOBAL PAYMENTS,37940X102,,IN_MEMBERSHIP
GPN,2025-09-30,Global Payments Inc,GLOBAL PAYMENTS,37940X102,,IN_MEMBERSHIP
GPN,2025-12-31,Global Payments Inc,GLOBAL PAYMENTS,37940X102,,IN_MEMBERSHIP
GRMN,2020-12-31,Garmin Ltd,GARMIN,CH0114405324,,PRE_WINDOW_SUPPORT
GRMN,2021-03-31,Garmin Ltd,GARMIN,CH0114405324,,IN_MEMBERSHIP
GRMN,2021-06-30,Garmin Ltd,GARMIN,CH0114405324,,IN_MEMBERSHIP
GRMN,2021-09-30,Garmin Ltd,GARMIN,CH0114405324,,IN_MEMBERSHIP
GRMN,2021-12-31,Garmin Ltd,GARMIN,CH0114405324,,IN_MEMBERSHIP
GRMN,2022-03-31,Garmin Ltd,GARMIN,CH0114405324,,IN_MEMBERSHIP
GRMN,2022-06-30,Garmin Ltd,GARMIN,CH0114405324,,IN_MEMBERSHIP
GRMN,2022-09-30,Garmin Ltd,GARMIN,CH0114405324,,IN_MEMBERSHIP
GRMN,2022-12-31,Garmin Ltd,GARMIN,CH0114405324,,IN_MEMBERSHIP
GRMN,2023-03-31,Garmin Ltd,GARMIN,CH0114405324,,IN_MEMBERSHIP
GRMN,2023-06-30,Garmin Ltd,GARMIN,CH0114405324,,IN_MEMBERSHIP
GRMN,2023-09-30,Garmin Ltd,GARMIN,CH0114405324,,IN_MEMBERSHIP
GRMN,2023-12-31,Garmin Ltd,GARMIN,CH0114405324,,IN_MEMBERSHIP
GRMN,2024-03-31,Garmin Ltd,GARMIN,CH0114405324,,IN_MEMBERSHIP
GRMN,2024-06-30,Garmin Ltd,GARMIN,CH0114405324,,IN_MEMBERSHIP
GRMN,2024-09-30,Garmin Ltd,GARMIN,CH0114405324,,IN_MEMBERSHIP
GRMN,2024-12-31,Garmin Ltd,GARMIN,CH0114405324,,IN_MEMBERSHIP
GRMN,2025-03-31,Garmin Ltd,GARMIN,CH0114405324,,IN_MEMBERSHIP
GRMN,2025-06-30,Garmin Ltd,GARMIN,CH0114405324,,IN_MEMBERSHIP
GRMN,2025-09-30,Garmin Ltd,GARMIN,CH0114405324,,IN_MEMBERSHIP
GRMN,2025-12-31,Garmin Ltd,GARMIN,CH0114405324,,IN_MEMBERSHIP
GS,2020-12-31,Goldman Sachs Group Inc/The,GOLDMAN SACHS GROUP,38141G104,,PRE_WINDOW_SUPPORT
GS,2021-03-31,Goldman Sachs Group Inc/The,GOLDMAN SACHS GROUP,38141G104,,IN_MEMBERSHIP
GS,2021-06-30,Goldman Sachs Group Inc/The,GOLDMAN SACHS GROUP,38141G104,,IN_MEMBERSHIP
GS,2021-09-30,Goldman Sachs Group Inc/The,GOLDMAN SACHS GROUP,38141G104,,IN_MEMBERSHIP
GS,2021-12-31,Goldman Sachs Group Inc/The,GOLDMAN SACHS GROUP,38141G104,,IN_MEMBERSHIP
GS,2022-03-31,Goldman Sachs Group Inc/The,GOLDMAN SACHS GROUP,38141G104,,IN_MEMBERSHIP
GS,2022-06-30,Goldman Sachs Group Inc/The,GOLDMAN SACHS GROUP,38141G104,,IN_MEMBERSHIP
GS,2022-09-30,Goldman Sachs Group Inc/The,GOLDMAN SACHS GROUP,38141G104,,IN_MEMBERSHIP
GS,2022-12-31,Goldman Sachs Group Inc/The,GOLDMAN SACHS GROUP,38141G104,,IN_MEMBERSHIP
GS,2023-03-31,Goldman Sachs Group Inc/The,GOLDMAN SACHS GROUP,38141G104,,IN_MEMBERSHIP
GS,2023-06-30,Goldman Sachs Group Inc/The,GOLDMAN SACHS GROUP,38141G104,,IN_MEMBERSHIP
GS,2023-09-30,Goldman Sachs Group Inc/The,GOLDMAN SACHS GROUP,38141G104,,IN_MEMBERSHIP
GS,2023-12-31,Goldman Sachs Group Inc/The,GOLDMAN SACHS GROUP,38141G104,,IN_MEMBERSHIP
GS,2024-03-31,Goldman Sachs Group Inc/The,GOLDMAN SACHS GROUP,38141G104,,IN_MEMBERSHIP
GS,2024-06-30,Goldman Sachs Group Inc/The,GOLDMAN SACHS GROUP,38141G104,,IN_MEMBERSHIP
GS,2024-09-30,Goldman Sachs Group Inc/The,GOLDMAN SACHS GROUP,38141G104,,IN_MEMBERSHIP
GS,2024-12-31,Goldman Sachs Group Inc/The,GOLDMAN SACHS GROUP,38141G104,,IN_MEMBERSHIP
GS,2025-03-31,Goldman Sachs Group Inc/The,GOLDMAN SACHS GROUP,38141G104,,IN_MEMBERSHIP
GS,2025-06-30,Goldman Sachs Group Inc/The,GOLDMAN SACHS GROUP,38141G104,,IN_MEMBERSHIP
GS,2025-09-30,Goldman Sachs Group Inc/The,GOLDMAN SACHS GROUP,38141G104,,IN_MEMBERSHIP
GS,2025-12-31,Goldman Sachs Group Inc/The,GOLDMAN SACHS GROUP,38141G104,,IN_MEMBERSHIP
GWW,2020-12-31,WW Grainger Inc,WW GRAINGER,384802104,,PRE_WINDOW_SUPPORT
GWW,2021-03-31,WW Grainger Inc,WW GRAINGER,384802104,,IN_MEMBERSHIP
GWW,2021-06-30,WW Grainger Inc,WW GRAINGER,384802104,,IN_MEMBERSHIP
GWW,2021-09-30,WW Grainger Inc,WW GRAINGER,384802104,,IN_MEMBERSHIP
GWW,2021-12-31,WW Grainger Inc,WW GRAINGER,384802104,,IN_MEMBERSHIP
GWW,2022-03-31,WW Grainger Inc,WW GRAINGER,384802104,,IN_MEMBERSHIP
GWW,2022-06-30,WW Grainger Inc,WW GRAINGER,384802104,,IN_MEMBERSHIP
GWW,2022-09-30,WW Grainger Inc,WW GRAINGER,384802104,,IN_MEMBERSHIP
GWW,2022-12-31,WW Grainger Inc,WW GRAINGER,384802104,,IN_MEMBERSHIP
GWW,2023-03-31,WW Grainger Inc,WW GRAINGER,384802104,,IN_MEMBERSHIP
GWW,2023-06-30,WW Grainger Inc,WW GRAINGER,384802104,,IN_MEMBERSHIP
GWW,2023-09-30,WW Grainger Inc,WW GRAINGER,384802104,,IN_MEMBERSHIP
GWW,2023-12-31,WW Grainger Inc,WW GRAINGER,384802104,,IN_MEMBERSHIP
GWW,2024-03-31,WW Grainger Inc,WW GRAINGER,384802104,,IN_MEMBERSHIP
GWW,2024-06-30,WW Grainger Inc,WW GRAINGER,384802104,,IN_MEMBERSHIP
GWW,2024-09-30,WW Grainger Inc,WW GRAINGER,384802104,,IN_MEMBERSHIP
GWW,2024-12-31,WW Grainger Inc,WW GRAINGER,384802104,,IN_MEMBERSHIP
GWW,2025-03-31,WW Grainger Inc,WW GRAINGER,384802104,,IN_MEMBERSHIP
GWW,2025-06-30,WW Grainger Inc,WW GRAINGER,384802104,,IN_MEMBERSHIP
GWW,2025-09-30,WW Grainger Inc,WW GRAINGER,384802104,,IN_MEMBERSHIP
GWW,2025-12-31,WW Grainger Inc,WW GRAINGER,384802104,,IN_MEMBERSHIP
HAL,2020-12-31,Halliburton Co,HALLIBURTON,406216101,,PRE_WINDOW_SUPPORT
HAL,2021-03-31,Halliburton Co,HALLIBURTON,406216101,,IN_MEMBERSHIP
HAL,2021-06-30,Halliburton Co,HALLIBURTON,406216101,,IN_MEMBERSHIP
HAL,2021-09-30,Halliburton Co,HALLIBURTON,406216101,,IN_MEMBERSHIP
HAL,2021-12-31,Halliburton Co,HALLIBURTON,406216101,,IN_MEMBERSHIP
HAL,2022-03-31,Halliburton Co,HALLIBURTON,406216101,,IN_MEMBERSHIP
HAL,2022-06-30,Halliburton Co,HALLIBURTON,406216101,,IN_MEMBERSHIP
HAL,2022-09-30,Halliburton Co,HALLIBURTON,406216101,,IN_MEMBERSHIP
HAL,2022-12-31,Halliburton Co,HALLIBURTON,406216101,,IN_MEMBERSHIP
HAL,2023-03-31,Halliburton Co,HALLIBURTON,406216101,,IN_MEMBERSHIP
HAL,2023-06-30,Halliburton Co,HALLIBURTON,406216101,,IN_MEMBERSHIP
HAL,2023-09-30,Halliburton Co,HALLIBURTON,406216101,,IN_MEMBERSHIP
HAL,2023-12-31,Halliburton Co,HALLIBURTON,406216101,,IN_MEMBERSHIP
HAL,2024-03-31,Halliburton Co,HALLIBURTON,406216101,,IN_MEMBERSHIP
HAL,2024-06-30,Halliburton Co,HALLIBURTON,406216101,,IN_MEMBERSHIP
HAL,2024-09-30,Halliburton Co,HALLIBURTON,406216101,,IN_MEMBERSHIP
HAL,2024-12-31,Halliburton Co,HALLIBURTON,406216101,,IN_MEMBERSHIP
HAL,2025-03-31,Halliburton Co,HALLIBURTON,406216101,,IN_MEMBERSHIP
HAL,2025-06-30,Halliburton Co,HALLIBURTON,406216101,,IN_MEMBERSHIP
HAL,2025-09-30,Halliburton Co,HALLIBURTON,406216101,,IN_MEMBERSHIP
HAL,2025-12-31,Halliburton Co,HALLIBURTON,406216101,,IN_MEMBERSHIP
HAS,2020-12-31,Hasbro Inc,HASBRO,418056107,,PRE_WINDOW_SUPPORT
HAS,2021-03-31,Hasbro Inc,HASBRO,418056107,,IN_MEMBERSHIP
HAS,2021-06-30,Hasbro Inc,HASBRO,418056107,,IN_MEMBERSHIP
HAS,2021-09-30,Hasbro Inc,HASBRO,418056107,,IN_MEMBERSHIP
HAS,2021-12-31,Hasbro Inc,HASBRO,418056107,,IN_MEMBERSHIP
HAS,2022-03-31,Hasbro Inc,HASBRO,418056107,,IN_MEMBERSHIP
HAS,2022-06-30,Hasbro Inc,HASBRO,418056107,,IN_MEMBERSHIP
HAS,2022-09-30,Hasbro Inc,HASBRO,418056107,,IN_MEMBERSHIP
HAS,2022-12-31,Hasbro Inc,HASBRO,418056107,,IN_MEMBERSHIP
HAS,2023-03-31,Hasbro Inc,HASBRO,418056107,,IN_MEMBERSHIP
HAS,2023-06-30,Hasbro Inc,HASBRO,418056107,,IN_MEMBERSHIP
HAS,2023-09-30,Hasbro Inc,HASBRO,418056107,,IN_MEMBERSHIP
HAS,2023-12-31,Hasbro Inc,HASBRO,418056107,,IN_MEMBERSHIP
HAS,2024-03-31,Hasbro Inc,HASBRO,418056107,,IN_MEMBERSHIP
HAS,2024-06-30,Hasbro Inc,HASBRO,418056107,,IN_MEMBERSHIP
HAS,2024-09-30,Hasbro Inc,HASBRO,418056107,,IN_MEMBERSHIP
HAS,2024-12-31,Hasbro Inc,HASBRO,418056107,,IN_MEMBERSHIP
HAS,2025-03-31,Hasbro Inc,HASBRO,418056107,,IN_MEMBERSHIP
HAS,2025-06-30,Hasbro Inc,HASBRO,418056107,,IN_MEMBERSHIP
HAS,2025-09-30,Hasbro Inc,HASBRO,418056107,,IN_MEMBERSHIP
HAS,2025-12-31,Hasbro Inc,HASBRO,418056107,,IN_MEMBERSHIP
HBAN,2020-12-31,Huntington Bancshares Inc/OH,HUNTINGTON BANCSHARES INC OH,446150104,,PRE_WINDOW_SUPPORT
HBAN,2021-03-31,Huntington Bancshares Inc/OH,HUNTINGTON BANCSHARES INC OH,446150104,,IN_MEMBERSHIP
HBAN,2021-06-30,Huntington Bancshares Inc/OH,HUNTINGTON BANCSHARES INC OH,446150104,,IN_MEMBERSHIP
HBAN,2021-09-30,Huntington Bancshares Inc/OH,HUNTINGTON BANCSHARES INC OH,446150104,,IN_MEMBERSHIP
HBAN,2021-12-31,Huntington Bancshares Inc/OH,HUNTINGTON BANCSHARES INC OH,446150104,,IN_MEMBERSHIP
HBAN,2022-03-31,Huntington Bancshares Inc/OH,HUNTINGTON BANCSHARES INC OH,446150104,,IN_MEMBERSHIP
HBAN,2022-06-30,Huntington Bancshares Inc/OH,HUNTINGTON BANCSHARES INC OH,446150104,,IN_MEMBERSHIP
HBAN,2022-09-30,Huntington Bancshares Inc/OH,HUNTINGTON BANCSHARES INC OH,446150104,,IN_MEMBERSHIP
HBAN,2022-12-31,Huntington Bancshares Inc/OH,HUNTINGTON BANCSHARES INC OH,446150104,,IN_MEMBERSHIP
HBAN,2023-03-31,Huntington Bancshares Inc/OH,HUNTINGTON BANCSHARES INC OH,446150104,,IN_MEMBERSHIP
HBAN,2023-06-30,Huntington Bancshares Inc/OH,HUNTINGTON BANCSHARES INC OH,446150104,,IN_MEMBERSHIP
HBAN,2023-09-30,Huntington Bancshares Inc/OH,HUNTINGTON BANCSHARES INC OH,446150104,,IN_MEMBERSHIP
HBAN,2023-12-31,Huntington Bancshares Inc/OH,HUNTINGTON BANCSHARES INC OH,446150104,,IN_MEMBERSHIP
HBAN,2024-03-31,Huntington Bancshares Inc/OH,HUNTINGTON BANCSHARES INC OH,446150104,,IN_MEMBERSHIP
HBAN,2024-06-30,Huntington Bancshares Inc/OH,HUNTINGTON BANCSHARES INC OH,446150104,,IN_MEMBERSHIP
HBAN,2024-09-30,Huntington Bancshares Inc/OH,HUNTINGTON BANCSHARES INC OH,446150104,,IN_MEMBERSHIP
HBAN,2024-12-31,Huntington Bancshares Inc/OH,HUNTINGTON BANCSHARES INC OH,446150104,,IN_MEMBERSHIP
HBAN,2025-03-31,Huntington Bancshares Inc/OH,HUNTINGTON BANCSHARES INC OH,446150104,,IN_MEMBERSHIP
HBAN,2025-06-30,Huntington Bancshares Inc/OH,HUNTINGTON BANCSHARES INC OH,446150104,,IN_MEMBERSHIP
HBAN,2025-09-30,Huntington Bancshares Inc/OH,HUNTINGTON BANCSHARES INC OH,446150104,,IN_MEMBERSHIP
HBAN,2025-12-31,Huntington Bancshares Inc/OH,HUNTINGTON BANCSHARES INC OH,446150104,,IN_MEMBERSHIP
HCA,2020-12-31,HCA Healthcare Inc,HCA HEALTHCARE,40412C101,,PRE_WINDOW_SUPPORT
HCA,2021-03-31,HCA Healthcare Inc,HCA HEALTHCARE,40412C101,,IN_MEMBERSHIP
HCA,2021-06-30,HCA Healthcare Inc,HCA HEALTHCARE,40412C101,,IN_MEMBERSHIP
HCA,2021-09-30,HCA Healthcare Inc,HCA HEALTHCARE,40412C101,,IN_MEMBERSHIP
HCA,2021-12-31,HCA Healthcare Inc,HCA HEALTHCARE,40412C101,,IN_MEMBERSHIP
HCA,2022-03-31,HCA Healthcare Inc,HCA HEALTHCARE,40412C101,,IN_MEMBERSHIP
HCA,2022-06-30,HCA Healthcare Inc,HCA HEALTHCARE,40412C101,,IN_MEMBERSHIP
HCA,2022-09-30,HCA Healthcare Inc,HCA HEALTHCARE,40412C101,,IN_MEMBERSHIP
HCA,2022-12-31,HCA Healthcare Inc,HCA HEALTHCARE,40412C101,,IN_MEMBERSHIP
HCA,2023-03-31,HCA Healthcare Inc,HCA HEALTHCARE,40412C101,,IN_MEMBERSHIP
HCA,2023-06-30,HCA Healthcare Inc,HCA HEALTHCARE,40412C101,,IN_MEMBERSHIP
HCA,2023-09-30,HCA Healthcare Inc,HCA HEALTHCARE,40412C101,,IN_MEMBERSHIP
HCA,2023-12-31,HCA Healthcare Inc,HCA HEALTHCARE,40412C101,,IN_MEMBERSHIP
HCA,2024-03-31,HCA Healthcare Inc,HCA HEALTHCARE,40412C101,,IN_MEMBERSHIP
HCA,2024-06-30,HCA Healthcare Inc,HCA HEALTHCARE,40412C101,,IN_MEMBERSHIP
HCA,2024-09-30,HCA Healthcare Inc,HCA HEALTHCARE,40412C101,,IN_MEMBERSHIP
HCA,2024-12-31,HCA Healthcare Inc,HCA HEALTHCARE,40412C101,,IN_MEMBERSHIP
HCA,2025-03-31,HCA Healthcare Inc,HCA HEALTHCARE,40412C101,,IN_MEMBERSHIP
HCA,2025-06-30,HCA Healthcare Inc,HCA HEALTHCARE,40412C101,,IN_MEMBERSHIP
HCA,2025-09-30,HCA Healthcare Inc,HCA HEALTHCARE,40412C101,,IN_MEMBERSHIP
HCA,2025-12-31,HCA Healthcare Inc,HCA HEALTHCARE,40412C101,,IN_MEMBERSHIP
HD,2020-12-31,Home Depot Inc/The,HOME DEPOT,437076102,,PRE_WINDOW_SUPPORT
HD,2021-03-31,Home Depot Inc/The,HOME DEPOT,437076102,,IN_MEMBERSHIP
HD,2021-06-30,Home Depot Inc/The,HOME DEPOT,437076102,,IN_MEMBERSHIP
HD,2021-09-30,Home Depot Inc/The,HOME DEPOT,437076102,,IN_MEMBERSHIP
HD,2021-12-31,Home Depot Inc/The,HOME DEPOT,437076102,,IN_MEMBERSHIP
HD,2022-03-31,Home Depot Inc/The,HOME DEPOT,437076102,,IN_MEMBERSHIP
HD,2022-06-30,Home Depot Inc/The,HOME DEPOT,437076102,,IN_MEMBERSHIP
HD,2022-09-30,Home Depot Inc/The,HOME DEPOT,437076102,,IN_MEMBERSHIP
HD,2022-12-31,Home Depot Inc/The,HOME DEPOT,437076102,,IN_MEMBERSHIP
HD,2023-03-31,Home Depot Inc/The,HOME DEPOT,437076102,,IN_MEMBERSHIP
HD,2023-06-30,Home Depot Inc/The,HOME DEPOT,437076102,,IN_MEMBERSHIP
HD,2023-09-30,Home Depot Inc/The,HOME DEPOT,437076102,,IN_MEMBERSHIP
HD,2023-12-31,Home Depot Inc/The,HOME DEPOT,437076102,,IN_MEMBERSHIP
HD,2024-03-31,Home Depot Inc/The,HOME DEPOT,437076102,,IN_MEMBERSHIP
HD,2024-06-30,Home Depot Inc/The,HOME DEPOT,437076102,,IN_MEMBERSHIP
HD,2024-09-30,Home Depot Inc/The,HOME DEPOT,437076102,,IN_MEMBERSHIP
HD,2024-12-31,Home Depot Inc/The,HOME DEPOT,437076102,,IN_MEMBERSHIP
HD,2025-03-31,Home Depot Inc/The,HOME DEPOT,437076102,,IN_MEMBERSHIP
HD,2025-06-30,Home Depot Inc/The,HOME DEPOT,437076102,,IN_MEMBERSHIP
HD,2025-09-30,Home Depot Inc/The,HOME DEPOT,437076102,,IN_MEMBERSHIP
HD,2025-12-31,Home Depot Inc/The,HOME DEPOT,437076102,,IN_MEMBERSHIP
HIG,2020-12-31,Hartford Financial Services Group Inc/The,HARTFORD FINANCIAL SERVICES GROUP,416515104,,PRE_WINDOW_SUPPORT
HIG,2021-03-31,Hartford Financial Services Group Inc/The,HARTFORD FINANCIAL SERVICES GROUP,416515104,,IN_MEMBERSHIP
HIG,2021-06-30,Hartford Financial Services Group Inc/The,HARTFORD FINANCIAL SERVICES GROUP,416515104,,IN_MEMBERSHIP
HIG,2021-09-30,Hartford Financial Services Group Inc/The,HARTFORD FINANCIAL SERVICES GROUP,416515104,,IN_MEMBERSHIP
HIG,2021-12-31,Hartford Financial Services Group Inc/The,HARTFORD FINANCIAL SERVICES GROUP,416515104,,IN_MEMBERSHIP
HIG,2022-03-31,Hartford Financial Services Group Inc/The,HARTFORD FINANCIAL SERVICES GROUP,416515104,,IN_MEMBERSHIP
HIG,2022-06-30,Hartford Financial Services Group Inc/The,HARTFORD FINANCIAL SERVICES GROUP,416515104,,IN_MEMBERSHIP
HIG,2022-09-30,Hartford Financial Services Group Inc/The,HARTFORD FINANCIAL SERVICES GROUP,416515104,,IN_MEMBERSHIP
HIG,2022-12-31,Hartford Financial Services Group Inc/The,HARTFORD FINANCIAL SERVICES GROUP,416515104,,IN_MEMBERSHIP
HIG,2023-03-31,Hartford Financial Services Group Inc/The,HARTFORD FINANCIAL SERVICES GROUP,416515104,,IN_MEMBERSHIP
HIG,2023-06-30,Hartford Financial Services Group Inc/The,HARTFORD FINANCIAL SERVICES GROUP,416515104,,IN_MEMBERSHIP
HIG,2023-09-30,Hartford Financial Services Group Inc/The,HARTFORD FINANCIAL SERVICES GROUP,416515104,,IN_MEMBERSHIP
HIG,2023-12-31,Hartford Financial Services Group Inc/The,HARTFORD FINANCIAL SERVICES GROUP,416515104,,IN_MEMBERSHIP
HIG,2024-03-31,Hartford Financial Services Group Inc/The,HARTFORD FINANCIAL SERVICES GROUP,416515104,,IN_MEMBERSHIP
HIG,2024-06-30,Hartford Financial Services Group Inc/The,HARTFORD FINANCIAL SERVICES GROUP,416515104,,IN_MEMBERSHIP
HIG,2024-09-30,Hartford Financial Services Group Inc/The,HARTFORD FINANCIAL SERVICES GROUP,416515104,,IN_MEMBERSHIP
HIG,2024-12-31,Hartford Financial Services Group Inc/The,HARTFORD FINANCIAL SERVICES GROUP,416515104,,IN_MEMBERSHIP
HIG,2025-03-31,Hartford Insurance Group Inc/The,HARTFORD INSURANCE GROUP,416515104,,IN_MEMBERSHIP
HIG,2025-06-30,Hartford Insurance Group Inc/The,HARTFORD INSURANCE GROUP,416515104,,IN_MEMBERSHIP
HIG,2025-09-30,Hartford Insurance Group Inc/The,HARTFORD INSURANCE GROUP,416515104,,IN_MEMBERSHIP
HIG,2025-12-31,Hartford Insurance Group Inc/The,HARTFORD INSURANCE GROUP,416515104,,IN_MEMBERSHIP
HII,2020-12-31,Huntington Ingalls Industries Inc,HUNTINGTON INGALLS INDUSTRIES,446413106,,PRE_WINDOW_SUPPORT
HII,2021-03-31,Huntington Ingalls Industries Inc,HUNTINGTON INGALLS INDUSTRIES,446413106,,IN_MEMBERSHIP
HII,2021-06-30,Huntington Ingalls Industries Inc,HUNTINGTON INGALLS INDUSTRIES,446413106,,IN_MEMBERSHIP
HII,2021-09-30,Huntington Ingalls Industries Inc,HUNTINGTON INGALLS INDUSTRIES,446413106,,IN_MEMBERSHIP
HII,2021-12-31,Huntington Ingalls Industries Inc,HUNTINGTON INGALLS INDUSTRIES,446413106,,IN_MEMBERSHIP
HII,2022-03-31,Huntington Ingalls Industries Inc,HUNTINGTON INGALLS INDUSTRIES,446413106,,IN_MEMBERSHIP
HII,2022-06-30,Huntington Ingalls Industries Inc,HUNTINGTON INGALLS INDUSTRIES,446413106,,IN_MEMBERSHIP
HII,2022-09-30,Huntington Ingalls Industries Inc,HUNTINGTON INGALLS INDUSTRIES,446413106,,IN_MEMBERSHIP
HII,2022-12-31,Huntington Ingalls Industries Inc,HUNTINGTON INGALLS INDUSTRIES,446413106,,IN_MEMBERSHIP
HII,2023-03-31,Huntington Ingalls Industries Inc,HUNTINGTON INGALLS INDUSTRIES,446413106,,IN_MEMBERSHIP
HII,2023-06-30,Huntington Ingalls Industries Inc,HUNTINGTON INGALLS INDUSTRIES,446413106,,IN_MEMBERSHIP
HII,2023-09-30,Huntington Ingalls Industries Inc,HUNTINGTON INGALLS INDUSTRIES,446413106,,IN_MEMBERSHIP
HII,2023-12-31,Huntington Ingalls Industries Inc,HUNTINGTON INGALLS INDUSTRIES,446413106,,IN_MEMBERSHIP
HII,2024-03-31,Huntington Ingalls Industries Inc,HUNTINGTON INGALLS INDUSTRIES,446413106,,IN_MEMBERSHIP
HII,2024-06-30,Huntington Ingalls Industries Inc,HUNTINGTON INGALLS INDUSTRIES,446413106,,IN_MEMBERSHIP
HII,2024-09-30,Huntington Ingalls Industries Inc,HUNTINGTON INGALLS INDUSTRIES,446413106,,IN_MEMBERSHIP
HII,2024-12-31,Huntington Ingalls Industries Inc,HUNTINGTON INGALLS INDUSTRIES,446413106,,IN_MEMBERSHIP
HII,2025-03-31,Huntington Ingalls Industries Inc,HUNTINGTON INGALLS INDUSTRIES,446413106,,IN_MEMBERSHIP
HII,2025-06-30,Huntington Ingalls Industries Inc,HUNTINGTON INGALLS INDUSTRIES,446413106,,IN_MEMBERSHIP
HII,2025-09-30,Huntington Ingalls Industries Inc,HUNTINGTON INGALLS INDUSTRIES,446413106,,IN_MEMBERSHIP
HII,2025-12-31,Huntington Ingalls Industries Inc,HUNTINGTON INGALLS INDUSTRIES,446413106,,IN_MEMBERSHIP
HLT,2020-12-31,Hilton Worldwide Holdings Inc,HILTON WORLDWIDE,43300A203,,PRE_WINDOW_SUPPORT
HLT,2021-03-31,Hilton Worldwide Holdings Inc,HILTON WORLDWIDE,43300A203,,IN_MEMBERSHIP
HLT,2021-06-30,Hilton Worldwide Holdings Inc,HILTON WORLDWIDE,43300A203,,IN_MEMBERSHIP
HLT,2021-09-30,Hilton Worldwide Holdings Inc,HILTON WORLDWIDE,43300A203,,IN_MEMBERSHIP
HLT,2021-12-31,Hilton Worldwide Holdings Inc,HILTON WORLDWIDE,43300A203,,IN_MEMBERSHIP
HLT,2022-03-31,Hilton Worldwide Holdings Inc,HILTON WORLDWIDE,43300A203,,IN_MEMBERSHIP
HLT,2022-06-30,Hilton Worldwide Holdings Inc,HILTON WORLDWIDE,43300A203,,IN_MEMBERSHIP
HLT,2022-09-30,Hilton Worldwide Holdings Inc,HILTON WORLDWIDE,43300A203,,IN_MEMBERSHIP
HLT,2022-12-31,Hilton Worldwide Holdings Inc,HILTON WORLDWIDE,43300A203,,IN_MEMBERSHIP
HLT,2023-03-31,Hilton Worldwide Holdings Inc,HILTON WORLDWIDE,43300A203,,IN_MEMBERSHIP
HLT,2023-06-30,Hilton Worldwide Holdings Inc,HILTON WORLDWIDE,43300A203,,IN_MEMBERSHIP
HLT,2023-09-30,Hilton Worldwide Holdings Inc,HILTON WORLDWIDE,43300A203,,IN_MEMBERSHIP
HLT,2023-12-31,Hilton Worldwide Holdings Inc,HILTON WORLDWIDE,43300A203,,IN_MEMBERSHIP
HLT,2024-03-31,Hilton Worldwide Holdings Inc,HILTON WORLDWIDE,43300A203,,IN_MEMBERSHIP
HLT,2024-06-30,Hilton Worldwide Holdings Inc,HILTON WORLDWIDE,43300A203,,IN_MEMBERSHIP
HLT,2024-09-30,Hilton Worldwide Holdings Inc,HILTON WORLDWIDE,43300A203,,IN_MEMBERSHIP
HLT,2024-12-31,Hilton Worldwide Holdings Inc,HILTON WORLDWIDE,43300A203,,IN_MEMBERSHIP
HLT,2025-03-31,Hilton Worldwide Holdings Inc,HILTON WORLDWIDE,43300A203,,IN_MEMBERSHIP
HLT,2025-06-30,Hilton Worldwide Holdings Inc,HILTON WORLDWIDE,43300A203,,IN_MEMBERSHIP
HLT,2025-09-30,Hilton Worldwide Holdings Inc,HILTON WORLDWIDE,43300A203,,IN_MEMBERSHIP
HLT,2025-12-31,Hilton Worldwide Holdings Inc,HILTON WORLDWIDE,43300A203,,IN_MEMBERSHIP
HOLX,2020-12-31,Hologic Inc,HOLOGIC,436440101,,PRE_WINDOW_SUPPORT
HOLX,2021-03-31,Hologic Inc,HOLOGIC,436440101,,IN_MEMBERSHIP
HOLX,2021-06-30,Hologic Inc,HOLOGIC,436440101,,IN_MEMBERSHIP
HOLX,2021-09-30,Hologic Inc,HOLOGIC,436440101,,IN_MEMBERSHIP
HOLX,2021-12-31,Hologic Inc,HOLOGIC,436440101,,IN_MEMBERSHIP
HOLX,2022-03-31,Hologic Inc,HOLOGIC,436440101,,IN_MEMBERSHIP
HOLX,2022-06-30,Hologic Inc,HOLOGIC,436440101,,IN_MEMBERSHIP
HOLX,2022-09-30,Hologic Inc,HOLOGIC,436440101,,IN_MEMBERSHIP
HOLX,2022-12-31,Hologic Inc,HOLOGIC,436440101,,IN_MEMBERSHIP
HOLX,2023-03-31,Hologic Inc,HOLOGIC,436440101,,IN_MEMBERSHIP
HOLX,2023-06-30,Hologic Inc,HOLOGIC,436440101,,IN_MEMBERSHIP
HOLX,2023-09-30,Hologic Inc,HOLOGIC,436440101,,IN_MEMBERSHIP
HOLX,2023-12-31,Hologic Inc,HOLOGIC,436440101,,IN_MEMBERSHIP
HOLX,2024-03-31,Hologic Inc,HOLOGIC,436440101,,IN_MEMBERSHIP
HOLX,2024-06-30,Hologic Inc,HOLOGIC,436440101,,IN_MEMBERSHIP
HOLX,2024-09-30,Hologic Inc,HOLOGIC,436440101,,IN_MEMBERSHIP
HOLX,2024-12-31,Hologic Inc,HOLOGIC,436440101,,IN_MEMBERSHIP
HOLX,2025-03-31,Hologic Inc,HOLOGIC,436440101,,IN_MEMBERSHIP
HOLX,2025-06-30,Hologic Inc,HOLOGIC,436440101,,IN_MEMBERSHIP
HOLX,2025-09-30,Hologic Inc,HOLOGIC,436440101,,IN_MEMBERSHIP
HOLX,2025-12-31,Hologic Inc,HOLOGIC,436440101,,IN_MEMBERSHIP
HON,2020-12-31,Honeywell International Inc,HONEYWELL INTERNATIONAL,438516106,,PRE_WINDOW_SUPPORT
HON,2021-03-31,Honeywell International Inc,HONEYWELL INTERNATIONAL,438516106,,IN_MEMBERSHIP
HON,2021-06-30,Honeywell International Inc,HONEYWELL INTERNATIONAL,438516106,,IN_MEMBERSHIP
HON,2021-09-30,Honeywell International Inc,HONEYWELL INTERNATIONAL,438516106,,IN_MEMBERSHIP
HON,2021-12-31,Honeywell International Inc,HONEYWELL INTERNATIONAL,438516106,,IN_MEMBERSHIP
HON,2022-03-31,Honeywell International Inc,HONEYWELL INTERNATIONAL,438516106,,IN_MEMBERSHIP
HON,2022-06-30,Honeywell International Inc,HONEYWELL INTERNATIONAL,438516106,,IN_MEMBERSHIP
HON,2022-09-30,Honeywell International Inc,HONEYWELL INTERNATIONAL,438516106,,IN_MEMBERSHIP
HON,2022-12-31,Honeywell International Inc,HONEYWELL INTERNATIONAL,438516106,,IN_MEMBERSHIP
HON,2023-03-31,Honeywell International Inc,HONEYWELL INTERNATIONAL,438516106,,IN_MEMBERSHIP
HON,2023-06-30,Honeywell International Inc,HONEYWELL INTERNATIONAL,438516106,,IN_MEMBERSHIP
HON,2023-09-30,Honeywell International Inc,HONEYWELL INTERNATIONAL,438516106,,IN_MEMBERSHIP
HON,2023-12-31,Honeywell International Inc,HONEYWELL INTERNATIONAL,438516106,,IN_MEMBERSHIP
HON,2024-03-31,Honeywell International Inc,HONEYWELL INTERNATIONAL,438516106,,IN_MEMBERSHIP
HON,2024-06-30,Honeywell International Inc,HONEYWELL INTERNATIONAL,438516106,,IN_MEMBERSHIP
HON,2024-09-30,Honeywell International Inc,HONEYWELL INTERNATIONAL,438516106,,IN_MEMBERSHIP
HON,2024-12-31,Honeywell International Inc,HONEYWELL INTERNATIONAL,438516106,,IN_MEMBERSHIP
HON,2025-03-31,Honeywell International Inc,HONEYWELL INTERNATIONAL,438516106,,IN_MEMBERSHIP
HON,2025-06-30,Honeywell International Inc,HONEYWELL INTERNATIONAL,438516106,,IN_MEMBERSHIP
HON,2025-09-30,Honeywell International Inc,HONEYWELL INTERNATIONAL,438516106,,IN_MEMBERSHIP
HON,2025-12-31,Honeywell International Inc,HONEYWELL INTERNATIONAL,438516106,,IN_MEMBERSHIP
HOOD,2025-09-30,Robinhood Markets Inc,ROBINHOOD MARKETS,770700102,,IN_MEMBERSHIP
HOOD,2025-12-31,Robinhood Markets Inc,ROBINHOOD MARKETS,770700102,,IN_MEMBERSHIP
HPE,2020-12-31,Hewlett Packard Enterprise Co,HEWLETT PACKARD ENTERPRISE,42824C109,,PRE_WINDOW_SUPPORT
HPE,2021-03-31,Hewlett Packard Enterprise Co,HEWLETT PACKARD ENTERPRISE,42824C109,,IN_MEMBERSHIP
HPE,2021-06-30,Hewlett Packard Enterprise Co,HEWLETT PACKARD ENTERPRISE,42824C109,,IN_MEMBERSHIP
HPE,2021-09-30,Hewlett Packard Enterprise Co,HEWLETT PACKARD ENTERPRISE,42824C109,,IN_MEMBERSHIP
HPE,2021-12-31,Hewlett Packard Enterprise Co,HEWLETT PACKARD ENTERPRISE,42824C109,,IN_MEMBERSHIP
HPE,2022-03-31,Hewlett Packard Enterprise Co,HEWLETT PACKARD ENTERPRISE,42824C109,,IN_MEMBERSHIP
HPE,2022-06-30,Hewlett Packard Enterprise Co,HEWLETT PACKARD ENTERPRISE,42824C109,,IN_MEMBERSHIP
HPE,2022-09-30,Hewlett Packard Enterprise Co,HEWLETT PACKARD ENTERPRISE,42824C109,,IN_MEMBERSHIP
HPE,2022-12-31,Hewlett Packard Enterprise Co,HEWLETT PACKARD ENTERPRISE,42824C109,,IN_MEMBERSHIP
HPE,2023-03-31,Hewlett Packard Enterprise Co,HEWLETT PACKARD ENTERPRISE,42824C109,,IN_MEMBERSHIP
HPE,2023-06-30,Hewlett Packard Enterprise Co,HEWLETT PACKARD ENTERPRISE,42824C109,,IN_MEMBERSHIP
HPE,2023-09-30,Hewlett Packard Enterprise Co,HEWLETT PACKARD ENTERPRISE,42824C109,,IN_MEMBERSHIP
HPE,2023-12-31,Hewlett Packard Enterprise Co,HEWLETT PACKARD ENTERPRISE,42824C109,,IN_MEMBERSHIP
HPE,2024-03-31,Hewlett Packard Enterprise Co,HEWLETT PACKARD ENTERPRISE,42824C109,,IN_MEMBERSHIP
HPE,2024-06-30,Hewlett Packard Enterprise Co,HEWLETT PACKARD ENTERPRISE,42824C109,,IN_MEMBERSHIP
HPE,2024-09-30,Hewlett Packard Enterprise Co,HEWLETT PACKARD ENTERPRISE,42824C109,,IN_MEMBERSHIP
HPE,2024-12-31,Hewlett Packard Enterprise Co,HEWLETT PACKARD ENTERPRISE,42824C109,,IN_MEMBERSHIP
HPE,2025-03-31,Hewlett Packard Enterprise Co,HEWLETT PACKARD ENTERPRISE,42824C109,,IN_MEMBERSHIP
HPE,2025-06-30,Hewlett Packard Enterprise Co,HEWLETT PACKARD ENTERPRISE,42824C109,,IN_MEMBERSHIP
HPE,2025-09-30,Hewlett Packard Enterprise Co,HEWLETT PACKARD ENTERPRISE,42824C109,,IN_MEMBERSHIP
HPE,2025-12-31,Hewlett Packard Enterprise Co,HEWLETT PACKARD ENTERPRISE,42824C109,,IN_MEMBERSHIP
HPQ,2020-12-31,HP Inc,HP,40434L105,,PRE_WINDOW_SUPPORT
HPQ,2021-03-31,HP Inc,HP,40434L105,,IN_MEMBERSHIP
HPQ,2021-06-30,HP Inc,HP,40434L105,,IN_MEMBERSHIP
HPQ,2021-09-30,HP Inc,HP,40434L105,,IN_MEMBERSHIP
HPQ,2021-12-31,HP Inc,HP,40434L105,,IN_MEMBERSHIP
HPQ,2022-03-31,HP Inc,HP,40434L105,,IN_MEMBERSHIP
HPQ,2022-06-30,HP Inc,HP,40434L105,,IN_MEMBERSHIP
HPQ,2022-09-30,HP Inc,HP,40434L105,,IN_MEMBERSHIP
HPQ,2022-12-31,HP Inc,HP,40434L105,,IN_MEMBERSHIP
HPQ,2023-03-31,HP Inc,HP,40434L105,,IN_MEMBERSHIP
HPQ,2023-06-30,HP Inc,HP,40434L105,,IN_MEMBERSHIP
HPQ,2023-09-30,HP Inc,HP,40434L105,,IN_MEMBERSHIP
HPQ,2023-12-31,HP Inc,HP,40434L105,,IN_MEMBERSHIP
HPQ,2024-03-31,HP Inc,HP,40434L105,,IN_MEMBERSHIP
HPQ,2024-06-30,HP Inc,HP,40434L105,,IN_MEMBERSHIP
HPQ,2024-09-30,HP Inc,HP,40434L105,,IN_MEMBERSHIP
HPQ,2024-12-31,HP Inc,HP,40434L105,,IN_MEMBERSHIP
HPQ,2025-03-31,HP Inc,HP,40434L105,,IN_MEMBERSHIP
HPQ,2025-06-30,HP Inc,HP,40434L105,,IN_MEMBERSHIP
HPQ,2025-09-30,HP Inc,HP,40434L105,,IN_MEMBERSHIP
HPQ,2025-12-31,HP Inc,HP,40434L105,,IN_MEMBERSHIP
HRL,2020-12-31,Hormel Foods Corp,HORMEL FOODS,440452100,,PRE_WINDOW_SUPPORT
HRL,2021-03-31,Hormel Foods Corp,HORMEL FOODS,440452100,,IN_MEMBERSHIP
HRL,2021-06-30,Hormel Foods Corp,HORMEL FOODS,440452100,,IN_MEMBERSHIP
HRL,2021-09-30,Hormel Foods Corp,HORMEL FOODS,440452100,,IN_MEMBERSHIP
HRL,2021-12-31,Hormel Foods Corp,HORMEL FOODS,440452100,,IN_MEMBERSHIP
HRL,2022-03-31,Hormel Foods Corp,HORMEL FOODS,440452100,,IN_MEMBERSHIP
HRL,2022-06-30,Hormel Foods Corp,HORMEL FOODS,440452100,,IN_MEMBERSHIP
HRL,2022-09-30,Hormel Foods Corp,HORMEL FOODS,440452100,,IN_MEMBERSHIP
HRL,2022-12-31,Hormel Foods Corp,HORMEL FOODS,440452100,,IN_MEMBERSHIP
HRL,2023-03-31,Hormel Foods Corp,HORMEL FOODS,440452100,,IN_MEMBERSHIP
HRL,2023-06-30,Hormel Foods Corp,HORMEL FOODS,440452100,,IN_MEMBERSHIP
HRL,2023-09-30,Hormel Foods Corp,HORMEL FOODS,440452100,,IN_MEMBERSHIP
HRL,2023-12-31,Hormel Foods Corp,HORMEL FOODS,440452100,,IN_MEMBERSHIP
HRL,2024-03-31,Hormel Foods Corp,HORMEL FOODS,440452100,,IN_MEMBERSHIP
HRL,2024-06-30,Hormel Foods Corp,HORMEL FOODS,440452100,,IN_MEMBERSHIP
HRL,2024-09-30,Hormel Foods Corp,HORMEL FOODS,440452100,,IN_MEMBERSHIP
HRL,2024-12-31,Hormel Foods Corp,HORMEL FOODS,440452100,,IN_MEMBERSHIP
HRL,2025-03-31,Hormel Foods Corp,HORMEL FOODS,440452100,,IN_MEMBERSHIP
HRL,2025-06-30,Hormel Foods Corp,HORMEL FOODS,440452100,,IN_MEMBERSHIP
HRL,2025-09-30,Hormel Foods Corp,HORMEL FOODS,440452100,,IN_MEMBERSHIP
HRL,2025-12-31,Hormel Foods Corp,HORMEL FOODS,440452100,,IN_MEMBERSHIP
HSIC,2020-12-31,Henry Schein Inc,HENRY SCHEIN,806407102,,PRE_WINDOW_SUPPORT
HSIC,2021-03-31,Henry Schein Inc,HENRY SCHEIN,806407102,,IN_MEMBERSHIP
HSIC,2021-06-30,Henry Schein Inc,HENRY SCHEIN,806407102,,IN_MEMBERSHIP
HSIC,2021-09-30,Henry Schein Inc,HENRY SCHEIN,806407102,,IN_MEMBERSHIP
HSIC,2021-12-31,Henry Schein Inc,HENRY SCHEIN,806407102,,IN_MEMBERSHIP
HSIC,2022-03-31,Henry Schein Inc,HENRY SCHEIN,806407102,,IN_MEMBERSHIP
HSIC,2022-06-30,Henry Schein Inc,HENRY SCHEIN,806407102,,IN_MEMBERSHIP
HSIC,2022-09-30,Henry Schein Inc,HENRY SCHEIN,806407102,,IN_MEMBERSHIP
HSIC,2022-12-31,Henry Schein Inc,HENRY SCHEIN,806407102,,IN_MEMBERSHIP
HSIC,2023-03-31,Henry Schein Inc,HENRY SCHEIN,806407102,,IN_MEMBERSHIP
HSIC,2023-06-30,Henry Schein Inc,HENRY SCHEIN,806407102,,IN_MEMBERSHIP
HSIC,2023-09-30,Henry Schein Inc,HENRY SCHEIN,806407102,,IN_MEMBERSHIP
HSIC,2023-12-31,Henry Schein Inc,HENRY SCHEIN,806407102,,IN_MEMBERSHIP
HSIC,2024-03-31,Henry Schein Inc,HENRY SCHEIN,806407102,,IN_MEMBERSHIP
HSIC,2024-06-30,Henry Schein Inc,HENRY SCHEIN,806407102,,IN_MEMBERSHIP
HSIC,2024-09-30,Henry Schein Inc,HENRY SCHEIN,806407102,,IN_MEMBERSHIP
HSIC,2024-12-31,Henry Schein Inc,HENRY SCHEIN,806407102,,IN_MEMBERSHIP
HSIC,2025-03-31,Henry Schein Inc,HENRY SCHEIN,806407102,,IN_MEMBERSHIP
HSIC,2025-06-30,Henry Schein Inc,HENRY SCHEIN,806407102,,IN_MEMBERSHIP
HSIC,2025-09-30,Henry Schein Inc,HENRY SCHEIN,806407102,,IN_MEMBERSHIP
HSIC,2025-12-31,Henry Schein Inc,HENRY SCHEIN,806407102,,IN_MEMBERSHIP
HST,2020-12-31,Host Hotels & Resorts Inc,HOST HOTELS AND RESORTS,44107P104,,PRE_WINDOW_SUPPORT
HST,2021-03-31,Host Hotels & Resorts Inc,HOST HOTELS AND RESORTS,44107P104,,IN_MEMBERSHIP
HST,2021-06-30,Host Hotels & Resorts Inc,HOST HOTELS AND RESORTS,44107P104,,IN_MEMBERSHIP
HST,2021-09-30,Host Hotels & Resorts Inc,HOST HOTELS AND RESORTS,44107P104,,IN_MEMBERSHIP
HST,2021-12-31,Host Hotels & Resorts Inc,HOST HOTELS AND RESORTS,44107P104,,IN_MEMBERSHIP
HST,2022-03-31,Host Hotels & Resorts Inc,HOST HOTELS AND RESORTS,44107P104,,IN_MEMBERSHIP
HST,2022-06-30,Host Hotels & Resorts Inc,HOST HOTELS AND RESORTS,44107P104,,IN_MEMBERSHIP
HST,2022-09-30,Host Hotels & Resorts Inc,HOST HOTELS AND RESORTS,44107P104,,IN_MEMBERSHIP
HST,2022-12-31,Host Hotels & Resorts Inc,HOST HOTELS AND RESORTS,44107P104,,IN_MEMBERSHIP
HST,2023-03-31,Host Hotels & Resorts Inc,HOST HOTELS AND RESORTS,44107P104,,IN_MEMBERSHIP
HST,2023-06-30,Host Hotels & Resorts Inc,HOST HOTELS AND RESORTS,44107P104,,IN_MEMBERSHIP
HST,2023-09-30,Host Hotels & Resorts Inc,HOST HOTELS AND RESORTS,44107P104,,IN_MEMBERSHIP
HST,2023-12-31,Host Hotels & Resorts Inc,HOST HOTELS AND RESORTS,44107P104,,IN_MEMBERSHIP
HST,2024-03-31,Host Hotels & Resorts Inc,HOST HOTELS AND RESORTS,44107P104,,IN_MEMBERSHIP
HST,2024-06-30,Host Hotels & Resorts Inc,HOST HOTELS AND RESORTS,44107P104,,IN_MEMBERSHIP
HST,2024-09-30,Host Hotels & Resorts Inc,HOST HOTELS AND RESORTS,44107P104,,IN_MEMBERSHIP
HST,2024-12-31,Host Hotels & Resorts Inc,HOST HOTELS AND RESORTS,44107P104,,IN_MEMBERSHIP
HST,2025-03-31,Host Hotels & Resorts Inc,HOST HOTELS AND RESORTS,44107P104,,IN_MEMBERSHIP
HST,2025-06-30,Host Hotels & Resorts Inc,HOST HOTELS AND RESORTS,44107P104,,IN_MEMBERSHIP
HST,2025-09-30,Host Hotels & Resorts Inc,HOST HOTELS AND RESORTS,44107P104,,IN_MEMBERSHIP
HST,2025-12-31,Host Hotels & Resorts Inc,HOST HOTELS AND RESORTS,44107P104,,IN_MEMBERSHIP
HSY,2020-12-31,Hershey Co/The,HERSHEY,427866108,,PRE_WINDOW_SUPPORT
HSY,2021-03-31,Hershey Co/The,HERSHEY,427866108,,IN_MEMBERSHIP
HSY,2021-06-30,Hershey Co/The,HERSHEY,427866108,,IN_MEMBERSHIP
HSY,2021-09-30,Hershey Co/The,HERSHEY,427866108,,IN_MEMBERSHIP
HSY,2021-12-31,Hershey Co/The,HERSHEY,427866108,,IN_MEMBERSHIP
HSY,2022-03-31,Hershey Co/The,HERSHEY,427866108,,IN_MEMBERSHIP
HSY,2022-06-30,Hershey Co/The,HERSHEY,427866108,,IN_MEMBERSHIP
HSY,2022-09-30,Hershey Co/The,HERSHEY,427866108,,IN_MEMBERSHIP
HSY,2022-12-31,Hershey Co/The,HERSHEY,427866108,,IN_MEMBERSHIP
HSY,2023-03-31,Hershey Co/The,HERSHEY,427866108,,IN_MEMBERSHIP
HSY,2023-06-30,Hershey Co/The,HERSHEY,427866108,,IN_MEMBERSHIP
HSY,2023-09-30,Hershey Co/The,HERSHEY,427866108,,IN_MEMBERSHIP
HSY,2023-12-31,Hershey Co/The,HERSHEY,427866108,,IN_MEMBERSHIP
HSY,2024-03-31,Hershey Co/The,HERSHEY,427866108,,IN_MEMBERSHIP
HSY,2024-06-30,Hershey Co/The,HERSHEY,427866108,,IN_MEMBERSHIP
HSY,2024-09-30,Hershey Co/The,HERSHEY,427866108,,IN_MEMBERSHIP
HSY,2024-12-31,Hershey Co/The,HERSHEY,427866108,,IN_MEMBERSHIP
HSY,2025-03-31,Hershey Co/The,HERSHEY,427866108,,IN_MEMBERSHIP
HSY,2025-06-30,Hershey Co/The,HERSHEY,427866108,,IN_MEMBERSHIP
HSY,2025-09-30,Hershey Co/The,HERSHEY,427866108,,IN_MEMBERSHIP
HSY,2025-12-31,Hershey Co/The,HERSHEY,427866108,,IN_MEMBERSHIP
HUBB,2023-12-31,Hubbell Inc,HUBBELL,443510607,,IN_MEMBERSHIP
HUBB,2024-03-31,Hubbell Inc,HUBBELL,443510607,,IN_MEMBERSHIP
HUBB,2024-06-30,Hubbell Inc,HUBBELL,443510607,,IN_MEMBERSHIP
HUBB,2024-09-30,Hubbell Inc,HUBBELL,443510607,,IN_MEMBERSHIP
HUBB,2024-12-31,Hubbell Inc,HUBBELL,443510607,,IN_MEMBERSHIP
HUBB,2025-03-31,Hubbell Inc,HUBBELL,443510607,,IN_MEMBERSHIP
HUBB,2025-06-30,Hubbell Inc,HUBBELL,443510607,,IN_MEMBERSHIP
HUBB,2025-09-30,Hubbell Inc,HUBBELL,443510607,,IN_MEMBERSHIP
HUBB,2025-12-31,Hubbell Inc,HUBBELL,443510607,,IN_MEMBERSHIP
HUM,2020-12-31,Humana Inc,HUMANA,444859102,,PRE_WINDOW_SUPPORT
HUM,2021-03-31,Humana Inc,HUMANA,444859102,,IN_MEMBERSHIP
HUM,2021-06-30,Humana Inc,HUMANA,444859102,,IN_MEMBERSHIP
HUM,2021-09-30,Humana Inc,HUMANA,444859102,,IN_MEMBERSHIP
HUM,2021-12-31,Humana Inc,HUMANA,444859102,,IN_MEMBERSHIP
HUM,2022-03-31,Humana Inc,HUMANA,444859102,,IN_MEMBERSHIP
HUM,2022-06-30,Humana Inc,HUMANA,444859102,,IN_MEMBERSHIP
HUM,2022-09-30,Humana Inc,HUMANA,444859102,,IN_MEMBERSHIP
HUM,2022-12-31,Humana Inc,HUMANA,444859102,,IN_MEMBERSHIP
HUM,2023-03-31,Humana Inc,HUMANA,444859102,,IN_MEMBERSHIP
HUM,2023-06-30,Humana Inc,HUMANA,444859102,,IN_MEMBERSHIP
HUM,2023-09-30,Humana Inc,HUMANA,444859102,,IN_MEMBERSHIP
HUM,2023-12-31,Humana Inc,HUMANA,444859102,,IN_MEMBERSHIP
HUM,2024-03-31,Humana Inc,HUMANA,444859102,,IN_MEMBERSHIP
HUM,2024-06-30,Humana Inc,HUMANA,444859102,,IN_MEMBERSHIP
HUM,2024-09-30,Humana Inc,HUMANA,444859102,,IN_MEMBERSHIP
HUM,2024-12-31,Humana Inc,HUMANA,444859102,,IN_MEMBERSHIP
HUM,2025-03-31,Humana Inc,HUMANA,444859102,,IN_MEMBERSHIP
HUM,2025-06-30,Humana Inc,HUMANA,444859102,,IN_MEMBERSHIP
HUM,2025-09-30,Humana Inc,HUMANA,444859102,,IN_MEMBERSHIP
HUM,2025-12-31,Humana Inc,HUMANA,444859102,,IN_MEMBERSHIP
HWM,2020-12-31,Howmet Aerospace Inc,HOWMET AEROSPACE,443201108,,PRE_WINDOW_SUPPORT
HWM,2021-03-31,Howmet Aerospace Inc,HOWMET AEROSPACE,443201108,,IN_MEMBERSHIP
HWM,2021-06-30,Howmet Aerospace Inc,HOWMET AEROSPACE,443201108,,IN_MEMBERSHIP
HWM,2021-09-30,Howmet Aerospace Inc,HOWMET AEROSPACE,443201108,,IN_MEMBERSHIP
HWM,2021-12-31,Howmet Aerospace Inc,HOWMET AEROSPACE,443201108,,IN_MEMBERSHIP
HWM,2022-03-31,Howmet Aerospace Inc,HOWMET AEROSPACE,443201108,,IN_MEMBERSHIP
HWM,2022-06-30,Howmet Aerospace Inc,HOWMET AEROSPACE,443201108,,IN_MEMBERSHIP
HWM,2022-09-30,Howmet Aerospace Inc,HOWMET AEROSPACE,443201108,,IN_MEMBERSHIP
HWM,2022-12-31,Howmet Aerospace Inc,HOWMET AEROSPACE,443201108,,IN_MEMBERSHIP
HWM,2023-03-31,Howmet Aerospace Inc,HOWMET AEROSPACE,443201108,,IN_MEMBERSHIP
HWM,2023-06-30,Howmet Aerospace Inc,HOWMET AEROSPACE,443201108,,IN_MEMBERSHIP
HWM,2023-09-30,Howmet Aerospace Inc,HOWMET AEROSPACE,443201108,,IN_MEMBERSHIP
HWM,2023-12-31,Howmet Aerospace Inc,HOWMET AEROSPACE,443201108,,IN_MEMBERSHIP
HWM,2024-03-31,Howmet Aerospace Inc,HOWMET AEROSPACE,443201108,,IN_MEMBERSHIP
HWM,2024-06-30,Howmet Aerospace Inc,HOWMET AEROSPACE,443201108,,IN_MEMBERSHIP
HWM,2024-09-30,Howmet Aerospace Inc,HOWMET AEROSPACE,443201108,,IN_MEMBERSHIP
HWM,2024-12-31,Howmet Aerospace Inc,HOWMET AEROSPACE,443201108,,IN_MEMBERSHIP
HWM,2025-03-31,Howmet Aerospace Inc,HOWMET AEROSPACE,443201108,,IN_MEMBERSHIP
HWM,2025-06-30,Howmet Aerospace Inc,HOWMET AEROSPACE,443201108,,IN_MEMBERSHIP
HWM,2025-09-30,Howmet Aerospace Inc,HOWMET AEROSPACE,443201108,,IN_MEMBERSHIP
HWM,2025-12-31,Howmet Aerospace Inc,HOWMET AEROSPACE,443201108,,IN_MEMBERSHIP
IBKR,2025-09-30,Interactive Brokers Group Inc,INTERACTIVE BROKERS GROUP,45841N107,,IN_MEMBERSHIP
IBKR,2025-12-31,Interactive Brokers Group Inc,INTERACTIVE BROKERS GROUP,45841N107,,IN_MEMBERSHIP
IBM,2020-12-31,International Business Machines Corp,INTERNATIONAL BUSINESS MACHINES,459200101,,PRE_WINDOW_SUPPORT
IBM,2021-03-31,International Business Machines Corp,INTERNATIONAL BUSINESS MACHINES,459200101,,IN_MEMBERSHIP
IBM,2021-06-30,International Business Machines Corp,INTERNATIONAL BUSINESS MACHINES,459200101,,IN_MEMBERSHIP
IBM,2021-09-30,International Business Machines Corp,INTERNATIONAL BUSINESS MACHINES,459200101,,IN_MEMBERSHIP
IBM,2021-12-31,International Business Machines Corp,INTERNATIONAL BUSINESS MACHINES,459200101,,IN_MEMBERSHIP
IBM,2022-03-31,International Business Machines Corp,INTERNATIONAL BUSINESS MACHINES,459200101,,IN_MEMBERSHIP
IBM,2022-06-30,International Business Machines Corp,INTERNATIONAL BUSINESS MACHINES,459200101,,IN_MEMBERSHIP
IBM,2022-09-30,International Business Machines Corp,INTERNATIONAL BUSINESS MACHINES,459200101,,IN_MEMBERSHIP
IBM,2022-12-31,International Business Machines Corp,INTERNATIONAL BUSINESS MACHINES,459200101,,IN_MEMBERSHIP
IBM,2023-03-31,International Business Machines Corp,INTERNATIONAL BUSINESS MACHINES,459200101,,IN_MEMBERSHIP
IBM,2023-06-30,International Business Machines Corp,INTERNATIONAL BUSINESS MACHINES,459200101,,IN_MEMBERSHIP
IBM,2023-09-30,International Business Machines Corp,INTERNATIONAL BUSINESS MACHINES,459200101,,IN_MEMBERSHIP
IBM,2023-12-31,International Business Machines Corp,INTERNATIONAL BUSINESS MACHINES,459200101,,IN_MEMBERSHIP
IBM,2024-03-31,International Business Machines Corp,INTERNATIONAL BUSINESS MACHINES,459200101,,IN_MEMBERSHIP
IBM,2024-06-30,International Business Machines Corp,INTERNATIONAL BUSINESS MACHINES,459200101,,IN_MEMBERSHIP
IBM,2024-09-30,International Business Machines Corp,INTERNATIONAL BUSINESS MACHINES,459200101,,IN_MEMBERSHIP
IBM,2024-12-31,International Business Machines Corp,INTERNATIONAL BUSINESS MACHINES,459200101,,IN_MEMBERSHIP
IBM,2025-03-31,International Business Machines Corp,INTERNATIONAL BUSINESS MACHINES,459200101,,IN_MEMBERSHIP
IBM,2025-06-30,International Business Machines Corp,INTERNATIONAL BUSINESS MACHINES,459200101,,IN_MEMBERSHIP
IBM,2025-09-30,International Business Machines Corp,INTERNATIONAL BUSINESS MACHINES,459200101,,IN_MEMBERSHIP
IBM,2025-12-31,International Business Machines Corp,INTERNATIONAL BUSINESS MACHINES,459200101,,IN_MEMBERSHIP
ICE,2020-12-31,Intercontinental Exchange Inc,INTERCONTINENTAL EXCHANGE,45866F104,,PRE_WINDOW_SUPPORT
ICE,2021-03-31,Intercontinental Exchange Inc,INTERCONTINENTAL EXCHANGE,45866F104,,IN_MEMBERSHIP
ICE,2021-06-30,Intercontinental Exchange Inc,INTERCONTINENTAL EXCHANGE,45866F104,,IN_MEMBERSHIP
ICE,2021-09-30,Intercontinental Exchange Inc,INTERCONTINENTAL EXCHANGE,45866F104,,IN_MEMBERSHIP
ICE,2021-12-31,Intercontinental Exchange Inc,INTERCONTINENTAL EXCHANGE,45866F104,,IN_MEMBERSHIP
ICE,2022-03-31,Intercontinental Exchange Inc,INTERCONTINENTAL EXCHANGE,45866F104,,IN_MEMBERSHIP
ICE,2022-06-30,Intercontinental Exchange Inc,INTERCONTINENTAL EXCHANGE,45866F104,,IN_MEMBERSHIP
ICE,2022-09-30,Intercontinental Exchange Inc,INTERCONTINENTAL EXCHANGE,45866F104,,IN_MEMBERSHIP
ICE,2022-12-31,Intercontinental Exchange Inc,INTERCONTINENTAL EXCHANGE,45866F104,,IN_MEMBERSHIP
ICE,2023-03-31,Intercontinental Exchange Inc,INTERCONTINENTAL EXCHANGE,45866F104,,IN_MEMBERSHIP
ICE,2023-06-30,Intercontinental Exchange Inc,INTERCONTINENTAL EXCHANGE,45866F104,,IN_MEMBERSHIP
ICE,2023-09-30,Intercontinental Exchange Inc,INTERCONTINENTAL EXCHANGE,45866F104,,IN_MEMBERSHIP
ICE,2023-12-31,Intercontinental Exchange Inc,INTERCONTINENTAL EXCHANGE,45866F104,,IN_MEMBERSHIP
ICE,2024-03-31,Intercontinental Exchange Inc,INTERCONTINENTAL EXCHANGE,45866F104,,IN_MEMBERSHIP
ICE,2024-06-30,Intercontinental Exchange Inc,INTERCONTINENTAL EXCHANGE,45866F104,,IN_MEMBERSHIP
ICE,2024-09-30,Intercontinental Exchange Inc,INTERCONTINENTAL EXCHANGE,45866F104,,IN_MEMBERSHIP
ICE,2024-12-31,Intercontinental Exchange Inc,INTERCONTINENTAL EXCHANGE,45866F104,,IN_MEMBERSHIP
ICE,2025-03-31,Intercontinental Exchange Inc,INTERCONTINENTAL EXCHANGE,45866F104,,IN_MEMBERSHIP
ICE,2025-06-30,Intercontinental Exchange Inc,INTERCONTINENTAL EXCHANGE,45866F104,,IN_MEMBERSHIP
ICE,2025-09-30,Intercontinental Exchange Inc,INTERCONTINENTAL EXCHANGE,45866F104,,IN_MEMBERSHIP
ICE,2025-12-31,Intercontinental Exchange Inc,INTERCONTINENTAL EXCHANGE,45866F104,,IN_MEMBERSHIP
IDXX,2020-12-31,IDEXX Laboratories Inc,IDEXX LABORATORIES,45168D104,,PRE_WINDOW_SUPPORT
IDXX,2021-03-31,IDEXX Laboratories Inc,IDEXX LABORATORIES,45168D104,,IN_MEMBERSHIP
IDXX,2021-06-30,IDEXX Laboratories Inc,IDEXX LABORATORIES,45168D104,,IN_MEMBERSHIP
IDXX,2021-09-30,IDEXX Laboratories Inc,IDEXX LABORATORIES,45168D104,,IN_MEMBERSHIP
IDXX,2021-12-31,IDEXX Laboratories Inc,IDEXX LABORATORIES,45168D104,,IN_MEMBERSHIP
IDXX,2022-03-31,IDEXX Laboratories Inc,IDEXX LABORATORIES,45168D104,,IN_MEMBERSHIP
IDXX,2022-06-30,IDEXX Laboratories Inc,IDEXX LABORATORIES,45168D104,,IN_MEMBERSHIP
IDXX,2022-09-30,IDEXX Laboratories Inc,IDEXX LABORATORIES,45168D104,,IN_MEMBERSHIP
IDXX,2022-12-31,IDEXX Laboratories Inc,IDEXX LABORATORIES,45168D104,,IN_MEMBERSHIP
IDXX,2023-03-31,IDEXX Laboratories Inc,IDEXX LABORATORIES,45168D104,,IN_MEMBERSHIP
IDXX,2023-06-30,IDEXX Laboratories Inc,IDEXX LABORATORIES,45168D104,,IN_MEMBERSHIP
IDXX,2023-09-30,IDEXX Laboratories Inc,IDEXX LABORATORIES,45168D104,,IN_MEMBERSHIP
IDXX,2023-12-31,IDEXX Laboratories Inc,IDEXX LABORATORIES,45168D104,,IN_MEMBERSHIP
IDXX,2024-03-31,IDEXX Laboratories Inc,IDEXX LABORATORIES,45168D104,,IN_MEMBERSHIP
IDXX,2024-06-30,IDEXX Laboratories Inc,IDEXX LABORATORIES,45168D104,,IN_MEMBERSHIP
IDXX,2024-09-30,IDEXX Laboratories Inc,IDEXX LABORATORIES,45168D104,,IN_MEMBERSHIP
IDXX,2024-12-31,IDEXX Laboratories Inc,IDEXX LABORATORIES,45168D104,,IN_MEMBERSHIP
IDXX,2025-03-31,IDEXX Laboratories Inc,IDEXX LABORATORIES,45168D104,,IN_MEMBERSHIP
IDXX,2025-06-30,IDEXX Laboratories Inc,IDEXX LABORATORIES,45168D104,,IN_MEMBERSHIP
IDXX,2025-09-30,IDEXX Laboratories Inc,IDEXX LABORATORIES,45168D104,,IN_MEMBERSHIP
IDXX,2025-12-31,IDEXX Laboratories Inc,IDEXX LABORATORIES,45168D104,,IN_MEMBERSHIP
IEX,2020-12-31,IDEX Corp,IDEX,45167R104,,PRE_WINDOW_SUPPORT
IEX,2021-03-31,IDEX Corp,IDEX,45167R104,,IN_MEMBERSHIP
IEX,2021-06-30,IDEX Corp,IDEX,45167R104,,IN_MEMBERSHIP
IEX,2021-09-30,IDEX Corp,IDEX,45167R104,,IN_MEMBERSHIP
IEX,2021-12-31,IDEX Corp,IDEX,45167R104,,IN_MEMBERSHIP
IEX,2022-03-31,IDEX Corp,IDEX,45167R104,,IN_MEMBERSHIP
IEX,2022-06-30,IDEX Corp,IDEX,45167R104,,IN_MEMBERSHIP
IEX,2022-09-30,IDEX Corp,IDEX,45167R104,,IN_MEMBERSHIP
IEX,2022-12-31,IDEX Corp,IDEX,45167R104,,IN_MEMBERSHIP
IEX,2023-03-31,IDEX Corp,IDEX,45167R104,,IN_MEMBERSHIP
IEX,2023-06-30,IDEX Corp,IDEX,45167R104,,IN_MEMBERSHIP
IEX,2023-09-30,IDEX Corp,IDEX,45167R104,,IN_MEMBERSHIP
IEX,2023-12-31,IDEX Corp,IDEX,45167R104,,IN_MEMBERSHIP
IEX,2024-03-31,IDEX Corp,IDEX,45167R104,,IN_MEMBERSHIP
IEX,2024-06-30,IDEX Corp,IDEX,45167R104,,IN_MEMBERSHIP
IEX,2024-09-30,IDEX Corp,IDEX,45167R104,,IN_MEMBERSHIP
IEX,2024-12-31,IDEX Corp,IDEX,45167R104,,IN_MEMBERSHIP
IEX,2025-03-31,IDEX Corp,IDEX,45167R104,,IN_MEMBERSHIP
IEX,2025-06-30,IDEX Corp,IDEX,45167R104,,IN_MEMBERSHIP
IEX,2025-09-30,IDEX Corp,IDEX,45167R104,,IN_MEMBERSHIP
IEX,2025-12-31,IDEX Corp,IDEX,45167R104,,IN_MEMBERSHIP
IFF,2020-12-31,International Flavors & Fragrances Inc,INTERNATIONAL FLAVORS AND FRAGRANCES,459506101,,PRE_WINDOW_SUPPORT
IFF,2021-03-31,International Flavors & Fragrances Inc,INTERNATIONAL FLAVORS AND FRAGRANCES,459506101,,IN_MEMBERSHIP
IFF,2021-06-30,International Flavors & Fragrances Inc,INTERNATIONAL FLAVORS AND FRAGRANCES,459506101,,IN_MEMBERSHIP
IFF,2021-09-30,International Flavors & Fragrances Inc,INTERNATIONAL FLAVORS AND FRAGRANCES,459506101,,IN_MEMBERSHIP
IFF,2021-12-31,International Flavors & Fragrances Inc,INTERNATIONAL FLAVORS AND FRAGRANCES,459506101,,IN_MEMBERSHIP
IFF,2022-03-31,International Flavors & Fragrances Inc,INTERNATIONAL FLAVORS AND FRAGRANCES,459506101,,IN_MEMBERSHIP
IFF,2022-06-30,International Flavors & Fragrances Inc,INTERNATIONAL FLAVORS AND FRAGRANCES,459506101,,IN_MEMBERSHIP
IFF,2022-09-30,International Flavors & Fragrances Inc,INTERNATIONAL FLAVORS AND FRAGRANCES,459506101,,IN_MEMBERSHIP
IFF,2022-12-31,International Flavors & Fragrances Inc,INTERNATIONAL FLAVORS AND FRAGRANCES,459506101,,IN_MEMBERSHIP
IFF,2023-03-31,International Flavors & Fragrances Inc,INTERNATIONAL FLAVORS AND FRAGRANCES,459506101,,IN_MEMBERSHIP
IFF,2023-06-30,International Flavors & Fragrances Inc,INTERNATIONAL FLAVORS AND FRAGRANCES,459506101,,IN_MEMBERSHIP
IFF,2023-09-30,International Flavors & Fragrances Inc,INTERNATIONAL FLAVORS AND FRAGRANCES,459506101,,IN_MEMBERSHIP
IFF,2023-12-31,International Flavors & Fragrances Inc,INTERNATIONAL FLAVORS AND FRAGRANCES,459506101,,IN_MEMBERSHIP
IFF,2024-03-31,International Flavors & Fragrances Inc,INTERNATIONAL FLAVORS AND FRAGRANCES,459506101,,IN_MEMBERSHIP
IFF,2024-06-30,International Flavors & Fragrances Inc,INTERNATIONAL FLAVORS AND FRAGRANCES,459506101,,IN_MEMBERSHIP
IFF,2024-09-30,International Flavors & Fragrances Inc,INTERNATIONAL FLAVORS AND FRAGRANCES,459506101,,IN_MEMBERSHIP
IFF,2024-12-31,International Flavors & Fragrances Inc,INTERNATIONAL FLAVORS AND FRAGRANCES,459506101,,IN_MEMBERSHIP
IFF,2025-03-31,International Flavors & Fragrances Inc,INTERNATIONAL FLAVORS AND FRAGRANCES,459506101,,IN_MEMBERSHIP
IFF,2025-06-30,International Flavors & Fragrances Inc,INTERNATIONAL FLAVORS AND FRAGRANCES,459506101,,IN_MEMBERSHIP
IFF,2025-09-30,International Flavors & Fragrances Inc,INTERNATIONAL FLAVORS AND FRAGRANCES,459506101,,IN_MEMBERSHIP
IFF,2025-12-31,International Flavors & Fragrances Inc,INTERNATIONAL FLAVORS AND FRAGRANCES,459506101,,IN_MEMBERSHIP
INCY,2020-12-31,Incyte Corp,INCYTE,45337C102,,PRE_WINDOW_SUPPORT
INCY,2021-03-31,Incyte Corp,INCYTE,45337C102,,IN_MEMBERSHIP
INCY,2021-06-30,Incyte Corp,INCYTE,45337C102,,IN_MEMBERSHIP
INCY,2021-09-30,Incyte Corp,INCYTE,45337C102,,IN_MEMBERSHIP
INCY,2021-12-31,Incyte Corp,INCYTE,45337C102,,IN_MEMBERSHIP
INCY,2022-03-31,Incyte Corp,INCYTE,45337C102,,IN_MEMBERSHIP
INCY,2022-06-30,Incyte Corp,INCYTE,45337C102,,IN_MEMBERSHIP
INCY,2022-09-30,Incyte Corp,INCYTE,45337C102,,IN_MEMBERSHIP
INCY,2022-12-31,Incyte Corp,INCYTE,45337C102,,IN_MEMBERSHIP
INCY,2023-03-31,Incyte Corp,INCYTE,45337C102,,IN_MEMBERSHIP
INCY,2023-06-30,Incyte Corp,INCYTE,45337C102,,IN_MEMBERSHIP
INCY,2023-09-30,Incyte Corp,INCYTE,45337C102,,IN_MEMBERSHIP
INCY,2023-12-31,Incyte Corp,INCYTE,45337C102,,IN_MEMBERSHIP
INCY,2024-03-31,Incyte Corp,INCYTE,45337C102,,IN_MEMBERSHIP
INCY,2024-06-30,Incyte Corp,INCYTE,45337C102,,IN_MEMBERSHIP
INCY,2024-09-30,Incyte Corp,INCYTE,45337C102,,IN_MEMBERSHIP
INCY,2024-12-31,Incyte Corp,INCYTE,45337C102,,IN_MEMBERSHIP
INCY,2025-03-31,Incyte Corp,INCYTE,45337C102,,IN_MEMBERSHIP
INCY,2025-06-30,Incyte Corp,INCYTE,45337C102,,IN_MEMBERSHIP
INCY,2025-09-30,Incyte Corp,INCYTE,45337C102,,IN_MEMBERSHIP
INCY,2025-12-31,Incyte Corp,INCYTE,45337C102,,IN_MEMBERSHIP
INTC,2020-12-31,Intel Corp,INTEL,458140100,,PRE_WINDOW_SUPPORT
INTC,2021-03-31,Intel Corp,INTEL,458140100,,IN_MEMBERSHIP
INTC,2021-06-30,Intel Corp,INTEL,458140100,,IN_MEMBERSHIP
INTC,2021-09-30,Intel Corp,INTEL,458140100,,IN_MEMBERSHIP
INTC,2021-12-31,Intel Corp,INTEL,458140100,,IN_MEMBERSHIP
INTC,2022-03-31,Intel Corp,INTEL,458140100,,IN_MEMBERSHIP
INTC,2022-06-30,Intel Corp,INTEL,458140100,,IN_MEMBERSHIP
INTC,2022-09-30,Intel Corp,INTEL,458140100,,IN_MEMBERSHIP
INTC,2022-12-31,Intel Corp,INTEL,458140100,,IN_MEMBERSHIP
INTC,2023-03-31,Intel Corp,INTEL,458140100,,IN_MEMBERSHIP
INTC,2023-06-30,Intel Corp,INTEL,458140100,,IN_MEMBERSHIP
INTC,2023-09-30,Intel Corp,INTEL,458140100,,IN_MEMBERSHIP
INTC,2023-12-31,Intel Corp,INTEL,458140100,,IN_MEMBERSHIP
INTC,2024-03-31,Intel Corp,INTEL,458140100,,IN_MEMBERSHIP
INTC,2024-06-30,Intel Corp,INTEL,458140100,,IN_MEMBERSHIP
INTC,2024-09-30,Intel Corp,INTEL,458140100,,IN_MEMBERSHIP
INTC,2024-12-31,Intel Corp,INTEL,458140100,,IN_MEMBERSHIP
INTC,2025-03-31,Intel Corp,INTEL,458140100,,IN_MEMBERSHIP
INTC,2025-06-30,Intel Corp,INTEL,458140100,,IN_MEMBERSHIP
INTC,2025-09-30,Intel Corp,INTEL,458140100,,IN_MEMBERSHIP
INTC,2025-12-31,Intel Corp,INTEL,458140100,,IN_MEMBERSHIP
INTU,2020-12-31,Intuit Inc,INTUIT,461202103,,PRE_WINDOW_SUPPORT
INTU,2021-03-31,Intuit Inc,INTUIT,461202103,,IN_MEMBERSHIP
INTU,2021-06-30,Intuit Inc,INTUIT,461202103,,IN_MEMBERSHIP
INTU,2021-09-30,Intuit Inc,INTUIT,461202103,,IN_MEMBERSHIP
INTU,2021-12-31,Intuit Inc,INTUIT,461202103,,IN_MEMBERSHIP
INTU,2022-03-31,Intuit Inc,INTUIT,461202103,,IN_MEMBERSHIP
INTU,2022-06-30,Intuit Inc,INTUIT,461202103,,IN_MEMBERSHIP
INTU,2022-09-30,Intuit Inc,INTUIT,461202103,,IN_MEMBERSHIP
INTU,2022-12-31,Intuit Inc,INTUIT,461202103,,IN_MEMBERSHIP
INTU,2023-03-31,Intuit Inc,INTUIT,461202103,,IN_MEMBERSHIP
INTU,2023-06-30,Intuit Inc,INTUIT,461202103,,IN_MEMBERSHIP
INTU,2023-09-30,Intuit Inc,INTUIT,461202103,,IN_MEMBERSHIP
INTU,2023-12-31,Intuit Inc,INTUIT,461202103,,IN_MEMBERSHIP
INTU,2024-03-31,Intuit Inc,INTUIT,461202103,,IN_MEMBERSHIP
INTU,2024-06-30,Intuit Inc,INTUIT,461202103,,IN_MEMBERSHIP
INTU,2024-09-30,Intuit Inc,INTUIT,461202103,,IN_MEMBERSHIP
INTU,2024-12-31,Intuit Inc,INTUIT,461202103,,IN_MEMBERSHIP
INTU,2025-03-31,Intuit Inc,INTUIT,461202103,,IN_MEMBERSHIP
INTU,2025-06-30,Intuit Inc,INTUIT,461202103,,IN_MEMBERSHIP
INTU,2025-09-30,Intuit Inc,INTUIT,461202103,,IN_MEMBERSHIP
INTU,2025-12-31,Intuit Inc,INTUIT,461202103,,IN_MEMBERSHIP
INVH,2022-09-30,Invitation Homes Inc,INVITATION HOMES,46187W107,,IN_MEMBERSHIP
INVH,2022-12-31,Invitation Homes Inc,INVITATION HOMES,46187W107,,IN_MEMBERSHIP
INVH,2023-03-31,Invitation Homes Inc,INVITATION HOMES,46187W107,,IN_MEMBERSHIP
INVH,2023-06-30,Invitation Homes Inc,INVITATION HOMES,46187W107,,IN_MEMBERSHIP
INVH,2023-09-30,Invitation Homes Inc,INVITATION HOMES,46187W107,,IN_MEMBERSHIP
INVH,2023-12-31,Invitation Homes Inc,INVITATION HOMES,46187W107,,IN_MEMBERSHIP
INVH,2024-03-31,Invitation Homes Inc,INVITATION HOMES,46187W107,,IN_MEMBERSHIP
INVH,2024-06-30,Invitation Homes Inc,INVITATION HOMES,46187W107,,IN_MEMBERSHIP
INVH,2024-09-30,Invitation Homes Inc,INVITATION HOMES,46187W107,,IN_MEMBERSHIP
INVH,2024-12-31,Invitation Homes Inc,INVITATION HOMES,46187W107,,IN_MEMBERSHIP
INVH,2025-03-31,Invitation Homes Inc,INVITATION HOMES,46187W107,,IN_MEMBERSHIP
INVH,2025-06-30,Invitation Homes Inc,INVITATION HOMES,46187W107,,IN_MEMBERSHIP
INVH,2025-09-30,Invitation Homes Inc,INVITATION HOMES,46187W107,,IN_MEMBERSHIP
INVH,2025-12-31,Invitation Homes Inc,INVITATION HOMES,46187W107,,IN_MEMBERSHIP
IP,2020-12-31,International Paper Co,INTERNATIONAL PAPER,460146103,,PRE_WINDOW_SUPPORT
IP,2021-03-31,International Paper Co,INTERNATIONAL PAPER,460146103,,IN_MEMBERSHIP
IP,2021-06-30,International Paper Co,INTERNATIONAL PAPER,460146103,,IN_MEMBERSHIP
IP,2021-09-30,International Paper Co,INTERNATIONAL PAPER,460146103,,IN_MEMBERSHIP
IP,2021-12-31,International Paper Co,INTERNATIONAL PAPER,460146103,,IN_MEMBERSHIP
IP,2022-03-31,International Paper Co,INTERNATIONAL PAPER,460146103,,IN_MEMBERSHIP
IP,2022-06-30,International Paper Co,INTERNATIONAL PAPER,460146103,,IN_MEMBERSHIP
IP,2022-09-30,International Paper Co,INTERNATIONAL PAPER,460146103,,IN_MEMBERSHIP
IP,2022-12-31,International Paper Co,INTERNATIONAL PAPER,460146103,,IN_MEMBERSHIP
IP,2023-03-31,International Paper Co,INTERNATIONAL PAPER,460146103,,IN_MEMBERSHIP
IP,2023-06-30,International Paper Co,INTERNATIONAL PAPER,460146103,,IN_MEMBERSHIP
IP,2023-09-30,International Paper Co,INTERNATIONAL PAPER,460146103,,IN_MEMBERSHIP
IP,2023-12-31,International Paper Co,INTERNATIONAL PAPER,460146103,,IN_MEMBERSHIP
IP,2024-03-31,International Paper Co,INTERNATIONAL PAPER,460146103,,IN_MEMBERSHIP
IP,2024-06-30,International Paper Co,INTERNATIONAL PAPER,460146103,,IN_MEMBERSHIP
IP,2024-09-30,International Paper Co,INTERNATIONAL PAPER,460146103,,IN_MEMBERSHIP
IP,2024-12-31,International Paper Co,INTERNATIONAL PAPER,460146103,,IN_MEMBERSHIP
IP,2025-03-31,International Paper Co,INTERNATIONAL PAPER,460146103,,IN_MEMBERSHIP
IP,2025-06-30,International Paper Co,INTERNATIONAL PAPER,460146103,,IN_MEMBERSHIP
IP,2025-09-30,International Paper Co,INTERNATIONAL PAPER,460146103,,IN_MEMBERSHIP
IP,2025-12-31,International Paper Co,INTERNATIONAL PAPER,460146103,,IN_MEMBERSHIP
IQV,2020-12-31,IQVIA Holdings Inc,IQVIA,46266C105,,PRE_WINDOW_SUPPORT
IQV,2021-03-31,IQVIA Holdings Inc,IQVIA,46266C105,,IN_MEMBERSHIP
IQV,2021-06-30,IQVIA Holdings Inc,IQVIA,46266C105,,IN_MEMBERSHIP
IQV,2021-09-30,IQVIA Holdings Inc,IQVIA,46266C105,,IN_MEMBERSHIP
IQV,2021-12-31,IQVIA Holdings Inc,IQVIA,46266C105,,IN_MEMBERSHIP
IQV,2022-03-31,IQVIA Holdings Inc,IQVIA,46266C105,,IN_MEMBERSHIP
IQV,2022-06-30,IQVIA Holdings Inc,IQVIA,46266C105,,IN_MEMBERSHIP
IQV,2022-09-30,IQVIA Holdings Inc,IQVIA,46266C105,,IN_MEMBERSHIP
IQV,2022-12-31,IQVIA Holdings Inc,IQVIA,46266C105,,IN_MEMBERSHIP
IQV,2023-03-31,IQVIA Holdings Inc,IQVIA,46266C105,,IN_MEMBERSHIP
IQV,2023-06-30,IQVIA Holdings Inc,IQVIA,46266C105,,IN_MEMBERSHIP
IQV,2023-09-30,IQVIA Holdings Inc,IQVIA,46266C105,,IN_MEMBERSHIP
IQV,2023-12-31,IQVIA Holdings Inc,IQVIA,46266C105,,IN_MEMBERSHIP
IQV,2024-03-31,IQVIA Holdings Inc,IQVIA,46266C105,,IN_MEMBERSHIP
IQV,2024-06-30,IQVIA Holdings Inc,IQVIA,46266C105,,IN_MEMBERSHIP
IQV,2024-09-30,IQVIA Holdings Inc,IQVIA,46266C105,,IN_MEMBERSHIP
IQV,2024-12-31,IQVIA Holdings Inc,IQVIA,46266C105,,IN_MEMBERSHIP
IQV,2025-03-31,IQVIA Holdings Inc,IQVIA,46266C105,,IN_MEMBERSHIP
IQV,2025-06-30,IQVIA Holdings Inc,IQVIA,46266C105,,IN_MEMBERSHIP
IQV,2025-09-30,IQVIA Holdings Inc,IQVIA,46266C105,,IN_MEMBERSHIP
IQV,2025-12-31,IQVIA Holdings Inc,IQVIA,46266C105,,IN_MEMBERSHIP
IR,2020-12-31,Ingersoll Rand Inc,INGERSOLL RAND,45687V106,,PRE_WINDOW_SUPPORT
IR,2021-03-31,Ingersoll Rand Inc,INGERSOLL RAND,45687V106,,IN_MEMBERSHIP
IR,2021-06-30,Ingersoll Rand Inc,INGERSOLL RAND,45687V106,,IN_MEMBERSHIP
IR,2021-09-30,Ingersoll Rand Inc,INGERSOLL RAND,45687V106,,IN_MEMBERSHIP
IR,2021-12-31,Ingersoll Rand Inc,INGERSOLL RAND,45687V106,,IN_MEMBERSHIP
IR,2022-03-31,Ingersoll Rand Inc,INGERSOLL RAND,45687V106,,IN_MEMBERSHIP
IR,2022-06-30,Ingersoll Rand Inc,INGERSOLL RAND,45687V106,,IN_MEMBERSHIP
IR,2022-09-30,Ingersoll Rand Inc,INGERSOLL RAND,45687V106,,IN_MEMBERSHIP
IR,2022-12-31,Ingersoll Rand Inc,INGERSOLL RAND,45687V106,,IN_MEMBERSHIP
IR,2023-03-31,Ingersoll Rand Inc,INGERSOLL RAND,45687V106,,IN_MEMBERSHIP
IR,2023-06-30,Ingersoll Rand Inc,INGERSOLL RAND,45687V106,,IN_MEMBERSHIP
IR,2023-09-30,Ingersoll Rand Inc,INGERSOLL RAND,45687V106,,IN_MEMBERSHIP
IR,2023-12-31,Ingersoll Rand Inc,INGERSOLL RAND,45687V106,,IN_MEMBERSHIP
IR,2024-03-31,Ingersoll Rand Inc,INGERSOLL RAND,45687V106,,IN_MEMBERSHIP
IR,2024-06-30,Ingersoll Rand Inc,INGERSOLL RAND,45687V106,,IN_MEMBERSHIP
IR,2024-09-30,Ingersoll Rand Inc,INGERSOLL RAND,45687V106,,IN_MEMBERSHIP
IR,2024-12-31,Ingersoll Rand Inc,INGERSOLL RAND,45687V106,,IN_MEMBERSHIP
IR,2025-03-31,Ingersoll Rand Inc,INGERSOLL RAND,45687V106,,IN_MEMBERSHIP
IR,2025-06-30,Ingersoll Rand Inc,INGERSOLL RAND,45687V106,,IN_MEMBERSHIP
IR,2025-09-30,Ingersoll Rand Inc,INGERSOLL RAND,45687V106,,IN_MEMBERSHIP
IR,2025-12-31,Ingersoll Rand Inc,INGERSOLL RAND,45687V106,,IN_MEMBERSHIP
IRM,2020-12-31,Iron Mountain Inc,IRON MOUNTAIN,46284V101,,PRE_WINDOW_SUPPORT
IRM,2021-03-31,Iron Mountain Inc,IRON MOUNTAIN,46284V101,,IN_MEMBERSHIP
IRM,2021-06-30,Iron Mountain Inc,IRON MOUNTAIN,46284V101,,IN_MEMBERSHIP
IRM,2021-09-30,Iron Mountain Inc,IRON MOUNTAIN,46284V101,,IN_MEMBERSHIP
IRM,2021-12-31,Iron Mountain Inc,IRON MOUNTAIN,46284V101,,IN_MEMBERSHIP
IRM,2022-03-31,Iron Mountain Inc,IRON MOUNTAIN,46284V101,,IN_MEMBERSHIP
IRM,2022-06-30,Iron Mountain Inc,IRON MOUNTAIN,46284V101,,IN_MEMBERSHIP
IRM,2022-09-30,Iron Mountain Inc,IRON MOUNTAIN,46284V101,,IN_MEMBERSHIP
IRM,2022-12-31,Iron Mountain Inc,IRON MOUNTAIN,46284V101,,IN_MEMBERSHIP
IRM,2023-03-31,Iron Mountain Inc,IRON MOUNTAIN,46284V101,,IN_MEMBERSHIP
IRM,2023-06-30,Iron Mountain Inc,IRON MOUNTAIN,46284V101,,IN_MEMBERSHIP
IRM,2023-09-30,Iron Mountain Inc,IRON MOUNTAIN,46284V101,,IN_MEMBERSHIP
IRM,2023-12-31,Iron Mountain Inc,IRON MOUNTAIN,46284V101,,IN_MEMBERSHIP
IRM,2024-03-31,Iron Mountain Inc,IRON MOUNTAIN,46284V101,,IN_MEMBERSHIP
IRM,2024-06-30,Iron Mountain Inc,IRON MOUNTAIN,46284V101,,IN_MEMBERSHIP
IRM,2024-09-30,Iron Mountain Inc,IRON MOUNTAIN,46284V101,,IN_MEMBERSHIP
IRM,2024-12-31,Iron Mountain Inc,IRON MOUNTAIN,46284V101,,IN_MEMBERSHIP
IRM,2025-03-31,Iron Mountain Inc,IRON MOUNTAIN,46284V101,,IN_MEMBERSHIP
IRM,2025-06-30,Iron Mountain Inc,IRON MOUNTAIN,46284V101,,IN_MEMBERSHIP
IRM,2025-09-30,Iron Mountain Inc,IRON MOUNTAIN,46284V101,,IN_MEMBERSHIP
IRM,2025-12-31,Iron Mountain Inc,IRON MOUNTAIN,46284V101,,IN_MEMBERSHIP
ISRG,2020-12-31,Intuitive Surgical Inc,INTUITIVE SURGICAL,46120E602,,PRE_WINDOW_SUPPORT
ISRG,2021-03-31,Intuitive Surgical Inc,INTUITIVE SURGICAL,46120E602,,IN_MEMBERSHIP
ISRG,2021-06-30,Intuitive Surgical Inc,INTUITIVE SURGICAL,46120E602,,IN_MEMBERSHIP
ISRG,2021-09-30,Intuitive Surgical Inc,INTUITIVE SURGICAL,46120E602,,IN_MEMBERSHIP
ISRG,2021-12-31,Intuitive Surgical Inc,INTUITIVE SURGICAL,46120E602,,IN_MEMBERSHIP
ISRG,2022-03-31,Intuitive Surgical Inc,INTUITIVE SURGICAL,46120E602,,IN_MEMBERSHIP
ISRG,2022-06-30,Intuitive Surgical Inc,INTUITIVE SURGICAL,46120E602,,IN_MEMBERSHIP
ISRG,2022-09-30,Intuitive Surgical Inc,INTUITIVE SURGICAL,46120E602,,IN_MEMBERSHIP
ISRG,2022-12-31,Intuitive Surgical Inc,INTUITIVE SURGICAL,46120E602,,IN_MEMBERSHIP
ISRG,2023-03-31,Intuitive Surgical Inc,INTUITIVE SURGICAL,46120E602,,IN_MEMBERSHIP
ISRG,2023-06-30,Intuitive Surgical Inc,INTUITIVE SURGICAL,46120E602,,IN_MEMBERSHIP
ISRG,2023-09-30,Intuitive Surgical Inc,INTUITIVE SURGICAL,46120E602,,IN_MEMBERSHIP
ISRG,2023-12-31,Intuitive Surgical Inc,INTUITIVE SURGICAL,46120E602,,IN_MEMBERSHIP
ISRG,2024-03-31,Intuitive Surgical Inc,INTUITIVE SURGICAL,46120E602,,IN_MEMBERSHIP
ISRG,2024-06-30,Intuitive Surgical Inc,INTUITIVE SURGICAL,46120E602,,IN_MEMBERSHIP
ISRG,2024-09-30,Intuitive Surgical Inc,INTUITIVE SURGICAL,46120E602,,IN_MEMBERSHIP
ISRG,2024-12-31,Intuitive Surgical Inc,INTUITIVE SURGICAL,46120E602,,IN_MEMBERSHIP
ISRG,2025-03-31,Intuitive Surgical Inc,INTUITIVE SURGICAL,46120E602,,IN_MEMBERSHIP
ISRG,2025-06-30,Intuitive Surgical Inc,INTUITIVE SURGICAL,46120E602,,IN_MEMBERSHIP
ISRG,2025-09-30,Intuitive Surgical Inc,INTUITIVE SURGICAL,46120E602,,IN_MEMBERSHIP
ISRG,2025-12-31,Intuitive Surgical Inc,INTUITIVE SURGICAL,46120E602,,IN_MEMBERSHIP
IT,2020-12-31,Gartner Inc,GARTNER,366651107,,PRE_WINDOW_SUPPORT
IT,2021-03-31,Gartner Inc,GARTNER,366651107,,IN_MEMBERSHIP
IT,2021-06-30,Gartner Inc,GARTNER,366651107,,IN_MEMBERSHIP
IT,2021-09-30,Gartner Inc,GARTNER,366651107,,IN_MEMBERSHIP
IT,2021-12-31,Gartner Inc,GARTNER,366651107,,IN_MEMBERSHIP
IT,2022-03-31,Gartner Inc,GARTNER,366651107,,IN_MEMBERSHIP
IT,2022-06-30,Gartner Inc,GARTNER,366651107,,IN_MEMBERSHIP
IT,2022-09-30,Gartner Inc,GARTNER,366651107,,IN_MEMBERSHIP
IT,2022-12-31,Gartner Inc,GARTNER,366651107,,IN_MEMBERSHIP
IT,2023-03-31,Gartner Inc,GARTNER,366651107,,IN_MEMBERSHIP
IT,2023-06-30,Gartner Inc,GARTNER,366651107,,IN_MEMBERSHIP
IT,2023-09-30,Gartner Inc,GARTNER,366651107,,IN_MEMBERSHIP
IT,2023-12-31,Gartner Inc,GARTNER,366651107,,IN_MEMBERSHIP
IT,2024-03-31,Gartner Inc,GARTNER,366651107,,IN_MEMBERSHIP
IT,2024-06-30,Gartner Inc,GARTNER,366651107,,IN_MEMBERSHIP
IT,2024-09-30,Gartner Inc,GARTNER,366651107,,IN_MEMBERSHIP
IT,2024-12-31,Gartner Inc,GARTNER,366651107,,IN_MEMBERSHIP
IT,2025-03-31,Gartner Inc,GARTNER,366651107,,IN_MEMBERSHIP
IT,2025-06-30,Gartner Inc,GARTNER,366651107,,IN_MEMBERSHIP
IT,2025-09-30,Gartner Inc,GARTNER,366651107,,IN_MEMBERSHIP
IT,2025-12-31,Gartner Inc,GARTNER,366651107,,IN_MEMBERSHIP
ITW,2020-12-31,Illinois Tool Works Inc,ILLINOIS TOOL WORKS,452308109,,PRE_WINDOW_SUPPORT
ITW,2021-03-31,Illinois Tool Works Inc,ILLINOIS TOOL WORKS,452308109,,IN_MEMBERSHIP
ITW,2021-06-30,Illinois Tool Works Inc,ILLINOIS TOOL WORKS,452308109,,IN_MEMBERSHIP
ITW,2021-09-30,Illinois Tool Works Inc,ILLINOIS TOOL WORKS,452308109,,IN_MEMBERSHIP
ITW,2021-12-31,Illinois Tool Works Inc,ILLINOIS TOOL WORKS,452308109,,IN_MEMBERSHIP
ITW,2022-03-31,Illinois Tool Works Inc,ILLINOIS TOOL WORKS,452308109,,IN_MEMBERSHIP
ITW,2022-06-30,Illinois Tool Works Inc,ILLINOIS TOOL WORKS,452308109,,IN_MEMBERSHIP
ITW,2022-09-30,Illinois Tool Works Inc,ILLINOIS TOOL WORKS,452308109,,IN_MEMBERSHIP
ITW,2022-12-31,Illinois Tool Works Inc,ILLINOIS TOOL WORKS,452308109,,IN_MEMBERSHIP
ITW,2023-03-31,Illinois Tool Works Inc,ILLINOIS TOOL WORKS,452308109,,IN_MEMBERSHIP
ITW,2023-06-30,Illinois Tool Works Inc,ILLINOIS TOOL WORKS,452308109,,IN_MEMBERSHIP
ITW,2023-09-30,Illinois Tool Works Inc,ILLINOIS TOOL WORKS,452308109,,IN_MEMBERSHIP
ITW,2023-12-31,Illinois Tool Works Inc,ILLINOIS TOOL WORKS,452308109,,IN_MEMBERSHIP
ITW,2024-03-31,Illinois Tool Works Inc,ILLINOIS TOOL WORKS,452308109,,IN_MEMBERSHIP
ITW,2024-06-30,Illinois Tool Works Inc,ILLINOIS TOOL WORKS,452308109,,IN_MEMBERSHIP
ITW,2024-09-30,Illinois Tool Works Inc,ILLINOIS TOOL WORKS,452308109,,IN_MEMBERSHIP
ITW,2024-12-31,Illinois Tool Works Inc,ILLINOIS TOOL WORKS,452308109,,IN_MEMBERSHIP
ITW,2025-03-31,Illinois Tool Works Inc,ILLINOIS TOOL WORKS,452308109,,IN_MEMBERSHIP
ITW,2025-06-30,Illinois Tool Works Inc,ILLINOIS TOOL WORKS,452308109,,IN_MEMBERSHIP
ITW,2025-09-30,Illinois Tool Works Inc,ILLINOIS TOOL WORKS,452308109,,IN_MEMBERSHIP
ITW,2025-12-31,Illinois Tool Works Inc,ILLINOIS TOOL WORKS,452308109,,IN_MEMBERSHIP
IVZ,2020-12-31,Invesco Ltd,INVESCO,BMG491BT1088,,PRE_WINDOW_SUPPORT
IVZ,2021-03-31,Invesco Ltd,INVESCO,BMG491BT1088,,IN_MEMBERSHIP
IVZ,2021-06-30,Invesco Ltd,INVESCO,BMG491BT1088,,IN_MEMBERSHIP
IVZ,2021-09-30,Invesco Ltd,INVESCO,BMG491BT1088,,IN_MEMBERSHIP
IVZ,2021-12-31,Invesco Ltd,INVESCO,BMG491BT1088,,IN_MEMBERSHIP
IVZ,2022-03-31,Invesco Ltd,INVESCO,BMG491BT1088,,IN_MEMBERSHIP
IVZ,2022-06-30,Invesco Ltd,INVESCO,BMG491BT1088,,IN_MEMBERSHIP
IVZ,2022-09-30,Invesco Ltd,INVESCO,BMG491BT1088,,IN_MEMBERSHIP
IVZ,2022-12-31,Invesco Ltd,INVESCO,BMG491BT1088,,IN_MEMBERSHIP
IVZ,2023-03-31,Invesco Ltd,INVESCO,BMG491BT1088,,IN_MEMBERSHIP
IVZ,2023-06-30,Invesco Ltd,INVESCO,BMG491BT1088,,IN_MEMBERSHIP
IVZ,2023-09-30,Invesco Ltd,INVESCO,BMG491BT1088,,IN_MEMBERSHIP
IVZ,2023-12-31,Invesco Ltd,INVESCO,BMG491BT1088,,IN_MEMBERSHIP
IVZ,2024-03-31,Invesco Ltd,INVESCO,BMG491BT1088,,IN_MEMBERSHIP
IVZ,2024-06-30,Invesco Ltd,INVESCO,BMG491BT1088,,IN_MEMBERSHIP
IVZ,2024-09-30,Invesco Ltd,INVESCO,BMG491BT1088,,IN_MEMBERSHIP
IVZ,2024-12-31,Invesco Ltd,INVESCO,BMG491BT1088,,IN_MEMBERSHIP
IVZ,2025-03-31,Invesco Ltd,INVESCO,BMG491BT1088,,IN_MEMBERSHIP
IVZ,2025-06-30,Invesco Ltd,INVESCO,BMG491BT1088,,IN_MEMBERSHIP
IVZ,2025-09-30,Invesco Ltd,INVESCO,BMG491BT1088,,IN_MEMBERSHIP
IVZ,2025-12-31,Invesco Ltd,INVESCO,BMG491BT1088,,IN_MEMBERSHIP
J,2022-09-30,Jacobs Solutions Inc,JACOBS SOLUTIONS,46982L108,,IN_MEMBERSHIP
J,2022-12-31,Jacobs Solutions Inc,JACOBS SOLUTIONS,46982L108,,IN_MEMBERSHIP
J,2023-03-31,Jacobs Solutions Inc,JACOBS SOLUTIONS,46982L108,,IN_MEMBERSHIP
J,2023-06-30,Jacobs Solutions Inc,JACOBS SOLUTIONS,46982L108,,IN_MEMBERSHIP
J,2023-09-30,Jacobs Solutions Inc,JACOBS SOLUTIONS,46982L108,,IN_MEMBERSHIP
J,2023-12-31,Jacobs Solutions Inc,JACOBS SOLUTIONS,46982L108,,IN_MEMBERSHIP
J,2024-03-31,Jacobs Solutions Inc,JACOBS SOLUTIONS,46982L108,,IN_MEMBERSHIP
J,2024-06-30,Jacobs Solutions Inc,JACOBS SOLUTIONS,46982L108,,IN_MEMBERSHIP
J,2024-09-30,Jacobs Solutions Inc,JACOBS SOLUTIONS,46982L108,,IN_MEMBERSHIP
J,2024-12-31,Jacobs Solutions Inc,JACOBS SOLUTIONS,46982L108,,IN_MEMBERSHIP
J,2025-03-31,Jacobs Solutions Inc,JACOBS SOLUTIONS,46982L108,,IN_MEMBERSHIP
J,2025-06-30,Jacobs Solutions Inc,JACOBS SOLUTIONS,46982L108,,IN_MEMBERSHIP
J,2025-09-30,Jacobs Solutions Inc,JACOBS SOLUTIONS,46982L108,,IN_MEMBERSHIP
J,2025-12-31,Jacobs Solutions Inc,JACOBS SOLUTIONS,46982L108,,IN_MEMBERSHIP
JBHT,2020-12-31,JB Hunt Transport Services Inc,JB HUNT TRANSPORT SERVICES,445658107,,PRE_WINDOW_SUPPORT
JBHT,2021-03-31,JB Hunt Transport Services Inc,JB HUNT TRANSPORT SERVICES,445658107,,IN_MEMBERSHIP
JBHT,2021-06-30,JB Hunt Transport Services Inc,JB HUNT TRANSPORT SERVICES,445658107,,IN_MEMBERSHIP
JBHT,2021-09-30,JB Hunt Transport Services Inc,JB HUNT TRANSPORT SERVICES,445658107,,IN_MEMBERSHIP
JBHT,2021-12-31,JB Hunt Transport Services Inc,JB HUNT TRANSPORT SERVICES,445658107,,IN_MEMBERSHIP
JBHT,2022-03-31,JB Hunt Transport Services Inc,JB HUNT TRANSPORT SERVICES,445658107,,IN_MEMBERSHIP
JBHT,2022-06-30,JB Hunt Transport Services Inc,JB HUNT TRANSPORT SERVICES,445658107,,IN_MEMBERSHIP
JBHT,2022-09-30,JB Hunt Transport Services Inc,JB HUNT TRANSPORT SERVICES,445658107,,IN_MEMBERSHIP
JBHT,2022-12-31,JB Hunt Transport Services Inc,JB HUNT TRANSPORT SERVICES,445658107,,IN_MEMBERSHIP
JBHT,2023-03-31,JB Hunt Transport Services Inc,JB HUNT TRANSPORT SERVICES,445658107,,IN_MEMBERSHIP
JBHT,2023-06-30,JB Hunt Transport Services Inc,JB HUNT TRANSPORT SERVICES,445658107,,IN_MEMBERSHIP
JBHT,2023-09-30,JB Hunt Transport Services Inc,JB HUNT TRANSPORT SERVICES,445658107,,IN_MEMBERSHIP
JBHT,2023-12-31,JB Hunt Transport Services Inc,JB HUNT TRANSPORT SERVICES,445658107,,IN_MEMBERSHIP
JBHT,2024-03-31,JB Hunt Transport Services Inc,JB HUNT TRANSPORT SERVICES,445658107,,IN_MEMBERSHIP
JBHT,2024-06-30,JB Hunt Transport Services Inc,JB HUNT TRANSPORT SERVICES,445658107,,IN_MEMBERSHIP
JBHT,2024-09-30,JB Hunt Transport Services Inc,JB HUNT TRANSPORT SERVICES,445658107,,IN_MEMBERSHIP
JBHT,2024-12-31,JB Hunt Transport Services Inc,JB HUNT TRANSPORT SERVICES,445658107,,IN_MEMBERSHIP
JBHT,2025-03-31,JB Hunt Transport Services Inc,JB HUNT TRANSPORT SERVICES,445658107,,IN_MEMBERSHIP
JBHT,2025-06-30,JB Hunt Transport Services Inc,JB HUNT TRANSPORT SERVICES,445658107,,IN_MEMBERSHIP
JBHT,2025-09-30,JB Hunt Transport Services Inc,JB HUNT TRANSPORT SERVICES,445658107,,IN_MEMBERSHIP
JBHT,2025-12-31,JB Hunt Transport Services Inc,JB HUNT TRANSPORT SERVICES,445658107,,IN_MEMBERSHIP
JBL,2023-12-31,Jabil Inc,JABIL,466313103,,IN_MEMBERSHIP
JBL,2024-03-31,Jabil Inc,JABIL,466313103,,IN_MEMBERSHIP
JBL,2024-06-30,Jabil Inc,JABIL,466313103,,IN_MEMBERSHIP
JBL,2024-09-30,Jabil Inc,JABIL,466313103,,IN_MEMBERSHIP
JBL,2024-12-31,Jabil Inc,JABIL,466313103,,IN_MEMBERSHIP
JBL,2025-03-31,Jabil Inc,JABIL,466313103,,IN_MEMBERSHIP
JBL,2025-06-30,Jabil Inc,JABIL,466313103,,IN_MEMBERSHIP
JBL,2025-09-30,Jabil Inc,JABIL,466313103,,IN_MEMBERSHIP
JBL,2025-12-31,Jabil Inc,JABIL,466313103,,IN_MEMBERSHIP
JCI,2020-12-31,Johnson Controls International plc,JOHNSON CONTROLS INTERNATIONAL,IE00BY7QL619,,PRE_WINDOW_SUPPORT
JCI,2021-03-31,Johnson Controls International plc,JOHNSON CONTROLS INTERNATIONAL,IE00BY7QL619,,IN_MEMBERSHIP
JCI,2021-06-30,Johnson Controls International plc,JOHNSON CONTROLS INTERNATIONAL,IE00BY7QL619,,IN_MEMBERSHIP
JCI,2021-09-30,Johnson Controls International plc,JOHNSON CONTROLS INTERNATIONAL,IE00BY7QL619,,IN_MEMBERSHIP
JCI,2021-12-31,Johnson Controls International plc,JOHNSON CONTROLS INTERNATIONAL,IE00BY7QL619,,IN_MEMBERSHIP
JCI,2022-03-31,Johnson Controls International plc,JOHNSON CONTROLS INTERNATIONAL,IE00BY7QL619,,IN_MEMBERSHIP
JCI,2022-06-30,Johnson Controls International plc,JOHNSON CONTROLS INTERNATIONAL,IE00BY7QL619,,IN_MEMBERSHIP
JCI,2022-09-30,Johnson Controls International plc,JOHNSON CONTROLS INTERNATIONAL,IE00BY7QL619,,IN_MEMBERSHIP
JCI,2022-12-31,Johnson Controls International plc,JOHNSON CONTROLS INTERNATIONAL,IE00BY7QL619,,IN_MEMBERSHIP
JCI,2023-03-31,Johnson Controls International plc,JOHNSON CONTROLS INTERNATIONAL,IE00BY7QL619,,IN_MEMBERSHIP
JCI,2023-06-30,Johnson Controls International plc,JOHNSON CONTROLS INTERNATIONAL,IE00BY7QL619,,IN_MEMBERSHIP
JCI,2023-09-30,Johnson Controls International plc,JOHNSON CONTROLS INTERNATIONAL,IE00BY7QL619,,IN_MEMBERSHIP
JCI,2023-12-31,Johnson Controls International plc,JOHNSON CONTROLS INTERNATIONAL,IE00BY7QL619,,IN_MEMBERSHIP
JCI,2024-03-31,Johnson Controls International plc,JOHNSON CONTROLS INTERNATIONAL,IE00BY7QL619,,IN_MEMBERSHIP
JCI,2024-06-30,Johnson Controls International plc,JOHNSON CONTROLS INTERNATIONAL,IE00BY7QL619,,IN_MEMBERSHIP
JCI,2024-09-30,Johnson Controls International plc,JOHNSON CONTROLS INTERNATIONAL,IE00BY7QL619,,IN_MEMBERSHIP
JCI,2024-12-31,Johnson Controls International plc,JOHNSON CONTROLS INTERNATIONAL,IE00BY7QL619,,IN_MEMBERSHIP
JCI,2025-03-31,Johnson Controls International plc,JOHNSON CONTROLS INTERNATIONAL,IE00BY7QL619,,IN_MEMBERSHIP
JCI,2025-06-30,Johnson Controls International plc,JOHNSON CONTROLS INTERNATIONAL,IE00BY7QL619,,IN_MEMBERSHIP
JCI,2025-09-30,Johnson Controls International plc,JOHNSON CONTROLS INTERNATIONAL,IE00BY7QL619,,IN_MEMBERSHIP
JCI,2025-12-31,Johnson Controls International plc,JOHNSON CONTROLS INTERNATIONAL,IE00BY7QL619,,IN_MEMBERSHIP
JKHY,2020-12-31,Jack Henry & Associates Inc,JACK HENRY AND ASSOCIATES,426281101,,PRE_WINDOW_SUPPORT
JKHY,2021-03-31,Jack Henry & Associates Inc,JACK HENRY AND ASSOCIATES,426281101,,IN_MEMBERSHIP
JKHY,2021-06-30,Jack Henry & Associates Inc,JACK HENRY AND ASSOCIATES,426281101,,IN_MEMBERSHIP
JKHY,2021-09-30,Jack Henry & Associates Inc,JACK HENRY AND ASSOCIATES,426281101,,IN_MEMBERSHIP
JKHY,2021-12-31,Jack Henry & Associates Inc,JACK HENRY AND ASSOCIATES,426281101,,IN_MEMBERSHIP
JKHY,2022-03-31,Jack Henry & Associates Inc,JACK HENRY AND ASSOCIATES,426281101,,IN_MEMBERSHIP
JKHY,2022-06-30,Jack Henry & Associates Inc,JACK HENRY AND ASSOCIATES,426281101,,IN_MEMBERSHIP
JKHY,2022-09-30,Jack Henry & Associates Inc,JACK HENRY AND ASSOCIATES,426281101,,IN_MEMBERSHIP
JKHY,2022-12-31,Jack Henry & Associates Inc,JACK HENRY AND ASSOCIATES,426281101,,IN_MEMBERSHIP
JKHY,2023-03-31,Jack Henry & Associates Inc,JACK HENRY AND ASSOCIATES,426281101,,IN_MEMBERSHIP
JKHY,2023-06-30,Jack Henry & Associates Inc,JACK HENRY AND ASSOCIATES,426281101,,IN_MEMBERSHIP
JKHY,2023-09-30,Jack Henry & Associates Inc,JACK HENRY AND ASSOCIATES,426281101,,IN_MEMBERSHIP
JKHY,2023-12-31,Jack Henry & Associates Inc,JACK HENRY AND ASSOCIATES,426281101,,IN_MEMBERSHIP
JKHY,2024-03-31,Jack Henry & Associates Inc,JACK HENRY AND ASSOCIATES,426281101,,IN_MEMBERSHIP
JKHY,2024-06-30,Jack Henry & Associates Inc,JACK HENRY AND ASSOCIATES,426281101,,IN_MEMBERSHIP
JKHY,2024-09-30,Jack Henry & Associates Inc,JACK HENRY AND ASSOCIATES,426281101,,IN_MEMBERSHIP
JKHY,2024-12-31,Jack Henry & Associates Inc,JACK HENRY AND ASSOCIATES,426281101,,IN_MEMBERSHIP
JKHY,2025-03-31,Jack Henry & Associates Inc,JACK HENRY AND ASSOCIATES,426281101,,IN_MEMBERSHIP
JKHY,2025-06-30,Jack Henry & Associates Inc,JACK HENRY AND ASSOCIATES,426281101,,IN_MEMBERSHIP
JKHY,2025-09-30,Jack Henry & Associates Inc,JACK HENRY AND ASSOCIATES,426281101,,IN_MEMBERSHIP
JKHY,2025-12-31,Jack Henry & Associates Inc,JACK HENRY AND ASSOCIATES,426281101,,IN_MEMBERSHIP
JNJ,2020-12-31,Johnson & Johnson,JOHNSON AND JOHNSON,478160104,,PRE_WINDOW_SUPPORT
JNJ,2021-03-31,Johnson & Johnson,JOHNSON AND JOHNSON,478160104,,IN_MEMBERSHIP
JNJ,2021-06-30,Johnson & Johnson,JOHNSON AND JOHNSON,478160104,,IN_MEMBERSHIP
JNJ,2021-09-30,Johnson & Johnson,JOHNSON AND JOHNSON,478160104,,IN_MEMBERSHIP
JNJ,2021-12-31,Johnson & Johnson,JOHNSON AND JOHNSON,478160104,,IN_MEMBERSHIP
JNJ,2022-03-31,Johnson & Johnson,JOHNSON AND JOHNSON,478160104,,IN_MEMBERSHIP
JNJ,2022-06-30,Johnson & Johnson,JOHNSON AND JOHNSON,478160104,,IN_MEMBERSHIP
JNJ,2022-09-30,Johnson & Johnson,JOHNSON AND JOHNSON,478160104,,IN_MEMBERSHIP
JNJ,2022-12-31,Johnson & Johnson,JOHNSON AND JOHNSON,478160104,,IN_MEMBERSHIP
JNJ,2023-03-31,Johnson & Johnson,JOHNSON AND JOHNSON,478160104,,IN_MEMBERSHIP
JNJ,2023-06-30,Johnson & Johnson,JOHNSON AND JOHNSON,478160104,,IN_MEMBERSHIP
JNJ,2023-09-30,Johnson & Johnson,JOHNSON AND JOHNSON,478160104,,IN_MEMBERSHIP
JNJ,2023-12-31,Johnson & Johnson,JOHNSON AND JOHNSON,478160104,,IN_MEMBERSHIP
JNJ,2024-03-31,Johnson & Johnson,JOHNSON AND JOHNSON,478160104,,IN_MEMBERSHIP
JNJ,2024-06-30,Johnson & Johnson,JOHNSON AND JOHNSON,478160104,,IN_MEMBERSHIP
JNJ,2024-09-30,Johnson & Johnson,JOHNSON AND JOHNSON,478160104,,IN_MEMBERSHIP
JNJ,2024-12-31,Johnson & Johnson,JOHNSON AND JOHNSON,478160104,,IN_MEMBERSHIP
JNJ,2025-03-31,Johnson & Johnson,JOHNSON AND JOHNSON,478160104,,IN_MEMBERSHIP
JNJ,2025-06-30,Johnson & Johnson,JOHNSON AND JOHNSON,478160104,,IN_MEMBERSHIP
JNJ,2025-09-30,Johnson & Johnson,JOHNSON AND JOHNSON,478160104,,IN_MEMBERSHIP
JNJ,2025-12-31,Johnson & Johnson,JOHNSON AND JOHNSON,478160104,,IN_MEMBERSHIP
JPM,2020-12-31,JPMorgan Chase & Co,JPMORGAN CHASE AND,46625H100,,PRE_WINDOW_SUPPORT
JPM,2021-03-31,JPMorgan Chase & Co,JPMORGAN CHASE AND,46625H100,,IN_MEMBERSHIP
JPM,2021-06-30,JPMorgan Chase & Co,JPMORGAN CHASE AND,46625H100,,IN_MEMBERSHIP
JPM,2021-09-30,JPMorgan Chase & Co,JPMORGAN CHASE AND,46625H100,,IN_MEMBERSHIP
JPM,2021-12-31,JPMorgan Chase & Co,JPMORGAN CHASE AND,46625H100,,IN_MEMBERSHIP
JPM,2022-03-31,JPMorgan Chase & Co,JPMORGAN CHASE AND,46625H100,,IN_MEMBERSHIP
JPM,2022-06-30,JPMorgan Chase & Co,JPMORGAN CHASE AND,46625H100,,IN_MEMBERSHIP
JPM,2022-09-30,JPMorgan Chase & Co,JPMORGAN CHASE AND,46625H100,,IN_MEMBERSHIP
JPM,2022-12-31,JPMorgan Chase & Co,JPMORGAN CHASE AND,46625H100,,IN_MEMBERSHIP
JPM,2023-03-31,JPMorgan Chase & Co,JPMORGAN CHASE AND,46625H100,,IN_MEMBERSHIP
JPM,2023-06-30,JPMorgan Chase & Co,JPMORGAN CHASE AND,46625H100,,IN_MEMBERSHIP
JPM,2023-09-30,JPMorgan Chase & Co,JPMORGAN CHASE AND,46625H100,,IN_MEMBERSHIP
JPM,2023-12-31,JPMorgan Chase & Co,JPMORGAN CHASE AND,46625H100,,IN_MEMBERSHIP
JPM,2024-03-31,JPMorgan Chase & Co,JPMORGAN CHASE AND,46625H100,,IN_MEMBERSHIP
JPM,2024-06-30,JPMorgan Chase & Co,JPMORGAN CHASE AND,46625H100,,IN_MEMBERSHIP
JPM,2024-09-30,JPMorgan Chase & Co,JPMORGAN CHASE AND,46625H100,,IN_MEMBERSHIP
JPM,2024-12-31,JPMorgan Chase & Co,JPMORGAN CHASE AND,46625H100,,IN_MEMBERSHIP
JPM,2025-03-31,JPMorgan Chase & Co,JPMORGAN CHASE AND,46625H100,,IN_MEMBERSHIP
JPM,2025-06-30,JPMorgan Chase & Co,JPMORGAN CHASE AND,46625H100,,IN_MEMBERSHIP
JPM,2025-09-30,JPMorgan Chase & Co,JPMORGAN CHASE AND,46625H100,,IN_MEMBERSHIP
JPM,2025-12-31,JPMorgan Chase & Co,JPMORGAN CHASE AND,46625H100,,IN_MEMBERSHIP
KDP,2022-06-30,Keurig Dr Pepper Inc,KEURIG DR PEPPER,49271V100,,IN_MEMBERSHIP
KDP,2022-09-30,Keurig Dr Pepper Inc,KEURIG DR PEPPER,49271V100,,IN_MEMBERSHIP
KDP,2022-12-31,Keurig Dr Pepper Inc,KEURIG DR PEPPER,49271V100,,IN_MEMBERSHIP
KDP,2023-03-31,Keurig Dr Pepper Inc,KEURIG DR PEPPER,49271V100,,IN_MEMBERSHIP
KDP,2023-06-30,Keurig Dr Pepper Inc,KEURIG DR PEPPER,49271V100,,IN_MEMBERSHIP
KDP,2023-09-30,Keurig Dr Pepper Inc,KEURIG DR PEPPER,49271V100,,IN_MEMBERSHIP
KDP,2023-12-31,Keurig Dr Pepper Inc,KEURIG DR PEPPER,49271V100,,IN_MEMBERSHIP
KDP,2024-03-31,Keurig Dr Pepper Inc,KEURIG DR PEPPER,49271V100,,IN_MEMBERSHIP
KDP,2024-06-30,Keurig Dr Pepper Inc,KEURIG DR PEPPER,49271V100,,IN_MEMBERSHIP
KDP,2024-09-30,Keurig Dr Pepper Inc,KEURIG DR PEPPER,49271V100,,IN_MEMBERSHIP
KDP,2024-12-31,Keurig Dr Pepper Inc,KEURIG DR PEPPER,49271V100,,IN_MEMBERSHIP
KDP,2025-03-31,Keurig Dr Pepper Inc,KEURIG DR PEPPER,49271V100,,IN_MEMBERSHIP
KDP,2025-06-30,Keurig Dr Pepper Inc,KEURIG DR PEPPER,49271V100,,IN_MEMBERSHIP
KDP,2025-09-30,Keurig Dr Pepper Inc,KEURIG DR PEPPER,49271V100,,IN_MEMBERSHIP
KDP,2025-12-31,Keurig Dr Pepper Inc,KEURIG DR PEPPER,49271V100,,IN_MEMBERSHIP
KEY,2020-12-31,KeyCorp,KEYCORP,493267108,,PRE_WINDOW_SUPPORT
KEY,2021-03-31,KeyCorp,KEYCORP,493267108,,IN_MEMBERSHIP
KEY,2021-06-30,KeyCorp,KEYCORP,493267108,,IN_MEMBERSHIP
KEY,2021-09-30,KeyCorp,KEYCORP,493267108,,IN_MEMBERSHIP
KEY,2021-12-31,KeyCorp,KEYCORP,493267108,,IN_MEMBERSHIP
KEY,2022-03-31,KeyCorp,KEYCORP,493267108,,IN_MEMBERSHIP
KEY,2022-06-30,KeyCorp,KEYCORP,493267108,,IN_MEMBERSHIP
KEY,2022-09-30,KeyCorp,KEYCORP,493267108,,IN_MEMBERSHIP
KEY,2022-12-31,KeyCorp,KEYCORP,493267108,,IN_MEMBERSHIP
KEY,2023-03-31,KeyCorp,KEYCORP,493267108,,IN_MEMBERSHIP
KEY,2023-06-30,KeyCorp,KEYCORP,493267108,,IN_MEMBERSHIP
KEY,2023-09-30,KeyCorp,KEYCORP,493267108,,IN_MEMBERSHIP
KEY,2023-12-31,KeyCorp,KEYCORP,493267108,,IN_MEMBERSHIP
KEY,2024-03-31,KeyCorp,KEYCORP,493267108,,IN_MEMBERSHIP
KEY,2024-06-30,KeyCorp,KEYCORP,493267108,,IN_MEMBERSHIP
KEY,2024-09-30,KeyCorp,KEYCORP,493267108,,IN_MEMBERSHIP
KEY,2024-12-31,KeyCorp,KEYCORP,493267108,,IN_MEMBERSHIP
KEY,2025-03-31,KeyCorp,KEYCORP,493267108,,IN_MEMBERSHIP
KEY,2025-06-30,KeyCorp,KEYCORP,493267108,,IN_MEMBERSHIP
KEY,2025-09-30,KeyCorp,KEYCORP,493267108,,IN_MEMBERSHIP
KEY,2025-12-31,KeyCorp,KEYCORP,493267108,,IN_MEMBERSHIP
KEYS,2020-12-31,Keysight Technologies Inc,KEYSIGHT TECHNOLOGIES,49338L103,,PRE_WINDOW_SUPPORT
KEYS,2021-03-31,Keysight Technologies Inc,KEYSIGHT TECHNOLOGIES,49338L103,,IN_MEMBERSHIP
KEYS,2021-06-30,Keysight Technologies Inc,KEYSIGHT TECHNOLOGIES,49338L103,,IN_MEMBERSHIP
KEYS,2021-09-30,Keysight Technologies Inc,KEYSIGHT TECHNOLOGIES,49338L103,,IN_MEMBERSHIP
KEYS,2021-12-31,Keysight Technologies Inc,KEYSIGHT TECHNOLOGIES,49338L103,,IN_MEMBERSHIP
KEYS,2022-03-31,Keysight Technologies Inc,KEYSIGHT TECHNOLOGIES,49338L103,,IN_MEMBERSHIP
KEYS,2022-06-30,Keysight Technologies Inc,KEYSIGHT TECHNOLOGIES,49338L103,,IN_MEMBERSHIP
KEYS,2022-09-30,Keysight Technologies Inc,KEYSIGHT TECHNOLOGIES,49338L103,,IN_MEMBERSHIP
KEYS,2022-12-31,Keysight Technologies Inc,KEYSIGHT TECHNOLOGIES,49338L103,,IN_MEMBERSHIP
KEYS,2023-03-31,Keysight Technologies Inc,KEYSIGHT TECHNOLOGIES,49338L103,,IN_MEMBERSHIP
KEYS,2023-06-30,Keysight Technologies Inc,KEYSIGHT TECHNOLOGIES,49338L103,,IN_MEMBERSHIP
KEYS,2023-09-30,Keysight Technologies Inc,KEYSIGHT TECHNOLOGIES,49338L103,,IN_MEMBERSHIP
KEYS,2023-12-31,Keysight Technologies Inc,KEYSIGHT TECHNOLOGIES,49338L103,,IN_MEMBERSHIP
KEYS,2024-03-31,Keysight Technologies Inc,KEYSIGHT TECHNOLOGIES,49338L103,,IN_MEMBERSHIP
KEYS,2024-06-30,Keysight Technologies Inc,KEYSIGHT TECHNOLOGIES,49338L103,,IN_MEMBERSHIP
KEYS,2024-09-30,Keysight Technologies Inc,KEYSIGHT TECHNOLOGIES,49338L103,,IN_MEMBERSHIP
KEYS,2024-12-31,Keysight Technologies Inc,KEYSIGHT TECHNOLOGIES,49338L103,,IN_MEMBERSHIP
KEYS,2025-03-31,Keysight Technologies Inc,KEYSIGHT TECHNOLOGIES,49338L103,,IN_MEMBERSHIP
KEYS,2025-06-30,Keysight Technologies Inc,KEYSIGHT TECHNOLOGIES,49338L103,,IN_MEMBERSHIP
KEYS,2025-09-30,Keysight Technologies Inc,KEYSIGHT TECHNOLOGIES,49338L103,,IN_MEMBERSHIP
KEYS,2025-12-31,Keysight Technologies Inc,KEYSIGHT TECHNOLOGIES,49338L103,,IN_MEMBERSHIP
KHC,2020-12-31,Kraft Heinz Co/The,KRAFT HEINZ,500754106,,PRE_WINDOW_SUPPORT
KHC,2021-03-31,Kraft Heinz Co/The,KRAFT HEINZ,500754106,,IN_MEMBERSHIP
KHC,2021-06-30,Kraft Heinz Co/The,KRAFT HEINZ,500754106,,IN_MEMBERSHIP
KHC,2021-09-30,Kraft Heinz Co/The,KRAFT HEINZ,500754106,,IN_MEMBERSHIP
KHC,2021-12-31,Kraft Heinz Co/The,KRAFT HEINZ,500754106,,IN_MEMBERSHIP
KHC,2022-03-31,Kraft Heinz Co/The,KRAFT HEINZ,500754106,,IN_MEMBERSHIP
KHC,2022-06-30,Kraft Heinz Co/The,KRAFT HEINZ,500754106,,IN_MEMBERSHIP
KHC,2022-09-30,Kraft Heinz Co/The,KRAFT HEINZ,500754106,,IN_MEMBERSHIP
KHC,2022-12-31,Kraft Heinz Co/The,KRAFT HEINZ,500754106,,IN_MEMBERSHIP
KHC,2023-03-31,Kraft Heinz Co/The,KRAFT HEINZ,500754106,,IN_MEMBERSHIP
KHC,2023-06-30,Kraft Heinz Co/The,KRAFT HEINZ,500754106,,IN_MEMBERSHIP
KHC,2023-09-30,Kraft Heinz Co/The,KRAFT HEINZ,500754106,,IN_MEMBERSHIP
KHC,2023-12-31,Kraft Heinz Co/The,KRAFT HEINZ,500754106,,IN_MEMBERSHIP
KHC,2024-03-31,Kraft Heinz Co/The,KRAFT HEINZ,500754106,,IN_MEMBERSHIP
KHC,2024-06-30,Kraft Heinz Co/The,KRAFT HEINZ,500754106,,IN_MEMBERSHIP
KHC,2024-09-30,Kraft Heinz Co/The,KRAFT HEINZ,500754106,,IN_MEMBERSHIP
KHC,2024-12-31,Kraft Heinz Co/The,KRAFT HEINZ,500754106,,IN_MEMBERSHIP
KHC,2025-03-31,Kraft Heinz Co/The,KRAFT HEINZ,500754106,,IN_MEMBERSHIP
KHC,2025-06-30,Kraft Heinz Co/The,KRAFT HEINZ,500754106,,IN_MEMBERSHIP
KHC,2025-09-30,Kraft Heinz Co/The,KRAFT HEINZ,500754106,,IN_MEMBERSHIP
KHC,2025-12-31,Kraft Heinz Co/The,KRAFT HEINZ,500754106,,IN_MEMBERSHIP
KIM,2020-12-31,Kimco Realty Corp,KIMCO REALTY,49446R109,,PRE_WINDOW_SUPPORT
KIM,2021-03-31,Kimco Realty Corp,KIMCO REALTY,49446R109,,IN_MEMBERSHIP
KIM,2021-06-30,Kimco Realty Corp,KIMCO REALTY,49446R109,,IN_MEMBERSHIP
KIM,2021-09-30,Kimco Realty Corp,KIMCO REALTY,49446R109,,IN_MEMBERSHIP
KIM,2021-12-31,Kimco Realty Corp,KIMCO REALTY,49446R109,,IN_MEMBERSHIP
KIM,2022-03-31,Kimco Realty Corp,KIMCO REALTY,49446R109,,IN_MEMBERSHIP
KIM,2022-06-30,Kimco Realty Corp,KIMCO REALTY,49446R109,,IN_MEMBERSHIP
KIM,2022-09-30,Kimco Realty Corp,KIMCO REALTY,49446R109,,IN_MEMBERSHIP
KIM,2022-12-31,Kimco Realty Corp,KIMCO REALTY,49446R109,,IN_MEMBERSHIP
KIM,2023-03-31,Kimco Realty Corp,KIMCO REALTY,49446R109,,IN_MEMBERSHIP
KIM,2023-06-30,Kimco Realty Corp,KIMCO REALTY,49446R109,,IN_MEMBERSHIP
KIM,2023-09-30,Kimco Realty Corp,KIMCO REALTY,49446R109,,IN_MEMBERSHIP
KIM,2023-12-31,Kimco Realty Corp,KIMCO REALTY,49446R109,,IN_MEMBERSHIP
KIM,2024-03-31,Kimco Realty Corp,KIMCO REALTY,49446R109,,IN_MEMBERSHIP
KIM,2024-06-30,Kimco Realty Corp,KIMCO REALTY,49446R109,,IN_MEMBERSHIP
KIM,2024-09-30,Kimco Realty Corp,KIMCO REALTY,49446R109,,IN_MEMBERSHIP
KIM,2024-12-31,Kimco Realty Corp,KIMCO REALTY,49446R109,,IN_MEMBERSHIP
KIM,2025-03-31,Kimco Realty Corp,KIMCO REALTY,49446R109,,IN_MEMBERSHIP
KIM,2025-06-30,Kimco Realty Corp,KIMCO REALTY,49446R109,,IN_MEMBERSHIP
KIM,2025-09-30,Kimco Realty Corp,KIMCO REALTY,49446R109,,IN_MEMBERSHIP
KIM,2025-12-31,Kimco Realty Corp,KIMCO REALTY,49446R109,,IN_MEMBERSHIP
KKR,2024-06-30,KKR & Co Inc,KKR AND,48251W104,,IN_MEMBERSHIP
KKR,2024-09-30,KKR & Co Inc,KKR AND,48251W104,,IN_MEMBERSHIP
KKR,2024-12-31,KKR & Co Inc,KKR AND,48251W104,,IN_MEMBERSHIP
KKR,2025-03-31,KKR & Co Inc,KKR AND,48251W104,,IN_MEMBERSHIP
KKR,2025-06-30,KKR & Co Inc,KKR AND,48251W104,,IN_MEMBERSHIP
KKR,2025-09-30,KKR & Co Inc,KKR AND,48251W104,,IN_MEMBERSHIP
KKR,2025-12-31,KKR & Co Inc,KKR AND,48251W104,,IN_MEMBERSHIP
KLAC,2020-12-31,KLA Corp,KLA,482480100,,PRE_WINDOW_SUPPORT
KLAC,2021-03-31,KLA Corp,KLA,482480100,,IN_MEMBERSHIP
KLAC,2021-06-30,KLA Corp,KLA,482480100,,IN_MEMBERSHIP
KLAC,2021-09-30,KLA Corp,KLA,482480100,,IN_MEMBERSHIP
KLAC,2021-12-31,KLA Corp,KLA,482480100,,IN_MEMBERSHIP
KLAC,2022-03-31,KLA Corp,KLA,482480100,,IN_MEMBERSHIP
KLAC,2022-06-30,KLA Corp,KLA,482480100,,IN_MEMBERSHIP
KLAC,2022-09-30,KLA Corp,KLA,482480100,,IN_MEMBERSHIP
KLAC,2022-12-31,KLA Corp,KLA,482480100,,IN_MEMBERSHIP
KLAC,2023-03-31,KLA Corp,KLA,482480100,,IN_MEMBERSHIP
KLAC,2023-06-30,KLA Corp,KLA,482480100,,IN_MEMBERSHIP
KLAC,2023-09-30,KLA Corp,KLA,482480100,,IN_MEMBERSHIP
KLAC,2023-12-31,KLA Corp,KLA,482480100,,IN_MEMBERSHIP
KLAC,2024-03-31,KLA Corp,KLA,482480100,,IN_MEMBERSHIP
KLAC,2024-06-30,KLA Corp,KLA,482480100,,IN_MEMBERSHIP
KLAC,2024-09-30,KLA Corp,KLA,482480100,,IN_MEMBERSHIP
KLAC,2024-12-31,KLA Corp,KLA,482480100,,IN_MEMBERSHIP
KLAC,2025-03-31,KLA Corp,KLA,482480100,,IN_MEMBERSHIP
KLAC,2025-06-30,KLA Corp,KLA,482480100,,IN_MEMBERSHIP
KLAC,2025-09-30,KLA Corp,KLA,482480100,,IN_MEMBERSHIP
KLAC,2025-12-31,KLA Corp,KLA,482480100,,IN_MEMBERSHIP
KMB,2020-12-31,Kimberly-Clark Corp,KIMBERLY CLARK,494368103,,PRE_WINDOW_SUPPORT
KMB,2021-03-31,Kimberly-Clark Corp,KIMBERLY CLARK,494368103,,IN_MEMBERSHIP
KMB,2021-06-30,Kimberly-Clark Corp,KIMBERLY CLARK,494368103,,IN_MEMBERSHIP
KMB,2021-09-30,Kimberly-Clark Corp,KIMBERLY CLARK,494368103,,IN_MEMBERSHIP
KMB,2021-12-31,Kimberly-Clark Corp,KIMBERLY CLARK,494368103,,IN_MEMBERSHIP
KMB,2022-03-31,Kimberly-Clark Corp,KIMBERLY CLARK,494368103,,IN_MEMBERSHIP
KMB,2022-06-30,Kimberly-Clark Corp,KIMBERLY CLARK,494368103,,IN_MEMBERSHIP
KMB,2022-09-30,Kimberly-Clark Corp,KIMBERLY CLARK,494368103,,IN_MEMBERSHIP
KMB,2022-12-31,Kimberly-Clark Corp,KIMBERLY CLARK,494368103,,IN_MEMBERSHIP
KMB,2023-03-31,Kimberly-Clark Corp,KIMBERLY CLARK,494368103,,IN_MEMBERSHIP
KMB,2023-06-30,Kimberly-Clark Corp,KIMBERLY CLARK,494368103,,IN_MEMBERSHIP
KMB,2023-09-30,Kimberly-Clark Corp,KIMBERLY CLARK,494368103,,IN_MEMBERSHIP
KMB,2023-12-31,Kimberly-Clark Corp,KIMBERLY CLARK,494368103,,IN_MEMBERSHIP
KMB,2024-03-31,Kimberly-Clark Corp,KIMBERLY CLARK,494368103,,IN_MEMBERSHIP
KMB,2024-06-30,Kimberly-Clark Corp,KIMBERLY CLARK,494368103,,IN_MEMBERSHIP
KMB,2024-09-30,Kimberly-Clark Corp,KIMBERLY CLARK,494368103,,IN_MEMBERSHIP
KMB,2024-12-31,Kimberly-Clark Corp,KIMBERLY CLARK,494368103,,IN_MEMBERSHIP
KMB,2025-03-31,Kimberly-Clark Corp,KIMBERLY CLARK,494368103,,IN_MEMBERSHIP
KMB,2025-06-30,Kimberly-Clark Corp,KIMBERLY CLARK,494368103,,IN_MEMBERSHIP
KMB,2025-09-30,Kimberly-Clark Corp,KIMBERLY CLARK,494368103,,IN_MEMBERSHIP
KMB,2025-12-31,Kimberly-Clark Corp,KIMBERLY CLARK,494368103,,IN_MEMBERSHIP
KMI,2020-12-31,Kinder Morgan Inc,KINDER MORGAN,49456B101,,PRE_WINDOW_SUPPORT
KMI,2021-03-31,Kinder Morgan Inc,KINDER MORGAN,49456B101,,IN_MEMBERSHIP
KMI,2021-06-30,Kinder Morgan Inc,KINDER MORGAN,49456B101,,IN_MEMBERSHIP
KMI,2021-09-30,Kinder Morgan Inc,KINDER MORGAN,49456B101,,IN_MEMBERSHIP
KMI,2021-12-31,Kinder Morgan Inc,KINDER MORGAN,49456B101,,IN_MEMBERSHIP
KMI,2022-03-31,Kinder Morgan Inc,KINDER MORGAN,49456B101,,IN_MEMBERSHIP
KMI,2022-06-30,Kinder Morgan Inc,KINDER MORGAN,49456B101,,IN_MEMBERSHIP
KMI,2022-09-30,Kinder Morgan Inc,KINDER MORGAN,49456B101,,IN_MEMBERSHIP
KMI,2022-12-31,Kinder Morgan Inc,KINDER MORGAN,49456B101,,IN_MEMBERSHIP
KMI,2023-03-31,Kinder Morgan Inc,KINDER MORGAN,49456B101,,IN_MEMBERSHIP
KMI,2023-06-30,Kinder Morgan Inc,KINDER MORGAN,49456B101,,IN_MEMBERSHIP
KMI,2023-09-30,Kinder Morgan Inc,KINDER MORGAN,49456B101,,IN_MEMBERSHIP
KMI,2023-12-31,Kinder Morgan Inc,KINDER MORGAN,49456B101,,IN_MEMBERSHIP
KMI,2024-03-31,Kinder Morgan Inc,KINDER MORGAN,49456B101,,IN_MEMBERSHIP
KMI,2024-06-30,Kinder Morgan Inc,KINDER MORGAN,49456B101,,IN_MEMBERSHIP
KMI,2024-09-30,Kinder Morgan Inc,KINDER MORGAN,49456B101,,IN_MEMBERSHIP
KMI,2024-12-31,Kinder Morgan Inc,KINDER MORGAN,49456B101,,IN_MEMBERSHIP
KMI,2025-03-31,Kinder Morgan Inc,KINDER MORGAN,49456B101,,IN_MEMBERSHIP
KMI,2025-06-30,Kinder Morgan Inc,KINDER MORGAN,49456B101,,IN_MEMBERSHIP
KMI,2025-09-30,Kinder Morgan Inc,KINDER MORGAN,49456B101,,IN_MEMBERSHIP
KMI,2025-12-31,Kinder Morgan Inc,KINDER MORGAN,49456B101,,IN_MEMBERSHIP
KO,2020-12-31,Coca-Cola Co/The,COCA COLA,191216100,,PRE_WINDOW_SUPPORT
KO,2021-03-31,Coca-Cola Co/The,COCA COLA,191216100,,IN_MEMBERSHIP
KO,2021-06-30,Coca-Cola Co/The,COCA COLA,191216100,,IN_MEMBERSHIP
KO,2021-09-30,Coca-Cola Co/The,COCA COLA,191216100,,IN_MEMBERSHIP
KO,2021-12-31,Coca-Cola Co/The,COCA COLA,191216100,,IN_MEMBERSHIP
KO,2022-03-31,Coca-Cola Co/The,COCA COLA,191216100,,IN_MEMBERSHIP
KO,2022-06-30,Coca-Cola Co/The,COCA COLA,191216100,,IN_MEMBERSHIP
KO,2022-09-30,Coca-Cola Co/The,COCA COLA,191216100,,IN_MEMBERSHIP
KO,2022-12-31,Coca-Cola Co/The,COCA COLA,191216100,,IN_MEMBERSHIP
KO,2023-03-31,Coca-Cola Co/The,COCA COLA,191216100,,IN_MEMBERSHIP
KO,2023-06-30,Coca-Cola Co/The,COCA COLA,191216100,,IN_MEMBERSHIP
KO,2023-09-30,Coca-Cola Co/The,COCA COLA,191216100,,IN_MEMBERSHIP
KO,2023-12-31,Coca-Cola Co/The,COCA COLA,191216100,,IN_MEMBERSHIP
KO,2024-03-31,Coca-Cola Co/The,COCA COLA,191216100,,IN_MEMBERSHIP
KO,2024-06-30,Coca-Cola Co/The,COCA COLA,191216100,,IN_MEMBERSHIP
KO,2024-09-30,Coca-Cola Co/The,COCA COLA,191216100,,IN_MEMBERSHIP
KO,2024-12-31,Coca-Cola Co/The,COCA COLA,191216100,,IN_MEMBERSHIP
KO,2025-03-31,Coca-Cola Co/The,COCA COLA,191216100,,IN_MEMBERSHIP
KO,2025-06-30,Coca-Cola Co/The,COCA COLA,191216100,,IN_MEMBERSHIP
KO,2025-09-30,Coca-Cola Co/The,COCA COLA,191216100,,IN_MEMBERSHIP
KO,2025-12-31,Coca-Cola Co/The,COCA COLA,191216100,,IN_MEMBERSHIP
KR,2020-12-31,Kroger Co/The,KROGER,501044101,,PRE_WINDOW_SUPPORT
KR,2021-03-31,Kroger Co/The,KROGER,501044101,,IN_MEMBERSHIP
KR,2021-06-30,Kroger Co/The,KROGER,501044101,,IN_MEMBERSHIP
KR,2021-09-30,Kroger Co/The,KROGER,501044101,,IN_MEMBERSHIP
KR,2021-12-31,Kroger Co/The,KROGER,501044101,,IN_MEMBERSHIP
KR,2022-03-31,Kroger Co/The,KROGER,501044101,,IN_MEMBERSHIP
KR,2022-06-30,Kroger Co/The,KROGER,501044101,,IN_MEMBERSHIP
KR,2022-09-30,Kroger Co/The,KROGER,501044101,,IN_MEMBERSHIP
KR,2022-12-31,Kroger Co/The,KROGER,501044101,,IN_MEMBERSHIP
KR,2023-03-31,Kroger Co/The,KROGER,501044101,,IN_MEMBERSHIP
KR,2023-06-30,Kroger Co/The,KROGER,501044101,,IN_MEMBERSHIP
KR,2023-09-30,Kroger Co/The,KROGER,501044101,,IN_MEMBERSHIP
KR,2023-12-31,Kroger Co/The,KROGER,501044101,,IN_MEMBERSHIP
KR,2024-03-31,Kroger Co/The,KROGER,501044101,,IN_MEMBERSHIP
KR,2024-06-30,Kroger Co/The,KROGER,501044101,,IN_MEMBERSHIP
KR,2024-09-30,Kroger Co/The,KROGER,501044101,,IN_MEMBERSHIP
KR,2024-12-31,Kroger Co/The,KROGER,501044101,,IN_MEMBERSHIP
KR,2025-03-31,Kroger Co/The,KROGER,501044101,,IN_MEMBERSHIP
KR,2025-06-30,Kroger Co/The,KROGER,501044101,,IN_MEMBERSHIP
KR,2025-09-30,Kroger Co/The,KROGER,501044101,,IN_MEMBERSHIP
KR,2025-12-31,Kroger Co/The,KROGER,501044101,,IN_MEMBERSHIP
KVUE,2023-09-30,Kenvue Inc,KENVUE,49177J102,,IN_MEMBERSHIP
KVUE,2023-12-31,Kenvue Inc,KENVUE,49177J102,,IN_MEMBERSHIP
KVUE,2024-03-31,Kenvue Inc,KENVUE,49177J102,,IN_MEMBERSHIP
KVUE,2024-06-30,Kenvue Inc,KENVUE,49177J102,,IN_MEMBERSHIP
KVUE,2024-09-30,Kenvue Inc,KENVUE,49177J102,,IN_MEMBERSHIP
KVUE,2024-12-31,Kenvue Inc,KENVUE,49177J102,,IN_MEMBERSHIP
KVUE,2025-03-31,Kenvue Inc,KENVUE,49177J102,,IN_MEMBERSHIP
KVUE,2025-06-30,Kenvue Inc,KENVUE,49177J102,,IN_MEMBERSHIP
KVUE,2025-09-30,Kenvue Inc,KENVUE,49177J102,,IN_MEMBERSHIP
KVUE,2025-12-31,Kenvue Inc,KENVUE,49177J102,,IN_MEMBERSHIP
L,2020-12-31,Loews Corp,LOEWS,540424108,,PRE_WINDOW_SUPPORT
L,2021-03-31,Loews Corp,LOEWS,540424108,,IN_MEMBERSHIP
L,2021-06-30,Loews Corp,LOEWS,540424108,,IN_MEMBERSHIP
L,2021-09-30,Loews Corp,LOEWS,540424108,,IN_MEMBERSHIP
L,2021-12-31,Loews Corp,LOEWS,540424108,,IN_MEMBERSHIP
L,2022-03-31,Loews Corp,LOEWS,540424108,,IN_MEMBERSHIP
L,2022-06-30,Loews Corp,LOEWS,540424108,,IN_MEMBERSHIP
L,2022-09-30,Loews Corp,LOEWS,540424108,,IN_MEMBERSHIP
L,2022-12-31,Loews Corp,LOEWS,540424108,,IN_MEMBERSHIP
L,2023-03-31,Loews Corp,LOEWS,540424108,,IN_MEMBERSHIP
L,2023-06-30,Loews Corp,LOEWS,540424108,,IN_MEMBERSHIP
L,2023-09-30,Loews Corp,LOEWS,540424108,,IN_MEMBERSHIP
L,2023-12-31,Loews Corp,LOEWS,540424108,,IN_MEMBERSHIP
L,2024-03-31,Loews Corp,LOEWS,540424108,,IN_MEMBERSHIP
L,2024-06-30,Loews Corp,LOEWS,540424108,,IN_MEMBERSHIP
L,2024-09-30,Loews Corp,LOEWS,540424108,,IN_MEMBERSHIP
L,2024-12-31,Loews Corp,LOEWS,540424108,,IN_MEMBERSHIP
L,2025-03-31,Loews Corp,LOEWS,540424108,,IN_MEMBERSHIP
L,2025-06-30,Loews Corp,LOEWS,540424108,,IN_MEMBERSHIP
L,2025-09-30,Loews Corp,LOEWS,540424108,,IN_MEMBERSHIP
L,2025-12-31,Loews Corp,LOEWS,540424108,,IN_MEMBERSHIP
LDOS,2020-12-31,Leidos Holdings Inc,LEIDOS,525327102,,PRE_WINDOW_SUPPORT
LDOS,2021-03-31,Leidos Holdings Inc,LEIDOS,525327102,,IN_MEMBERSHIP
LDOS,2021-06-30,Leidos Holdings Inc,LEIDOS,525327102,,IN_MEMBERSHIP
LDOS,2021-09-30,Leidos Holdings Inc,LEIDOS,525327102,,IN_MEMBERSHIP
LDOS,2021-12-31,Leidos Holdings Inc,LEIDOS,525327102,,IN_MEMBERSHIP
LDOS,2022-03-31,Leidos Holdings Inc,LEIDOS,525327102,,IN_MEMBERSHIP
LDOS,2022-06-30,Leidos Holdings Inc,LEIDOS,525327102,,IN_MEMBERSHIP
LDOS,2022-09-30,Leidos Holdings Inc,LEIDOS,525327102,,IN_MEMBERSHIP
LDOS,2022-12-31,Leidos Holdings Inc,LEIDOS,525327102,,IN_MEMBERSHIP
LDOS,2023-03-31,Leidos Holdings Inc,LEIDOS,525327102,,IN_MEMBERSHIP
LDOS,2023-06-30,Leidos Holdings Inc,LEIDOS,525327102,,IN_MEMBERSHIP
LDOS,2023-09-30,Leidos Holdings Inc,LEIDOS,525327102,,IN_MEMBERSHIP
LDOS,2023-12-31,Leidos Holdings Inc,LEIDOS,525327102,,IN_MEMBERSHIP
LDOS,2024-03-31,Leidos Holdings Inc,LEIDOS,525327102,,IN_MEMBERSHIP
LDOS,2024-06-30,Leidos Holdings Inc,LEIDOS,525327102,,IN_MEMBERSHIP
LDOS,2024-09-30,Leidos Holdings Inc,LEIDOS,525327102,,IN_MEMBERSHIP
LDOS,2024-12-31,Leidos Holdings Inc,LEIDOS,525327102,,IN_MEMBERSHIP
LDOS,2025-03-31,Leidos Holdings Inc,LEIDOS,525327102,,IN_MEMBERSHIP
LDOS,2025-06-30,Leidos Holdings Inc,LEIDOS,525327102,,IN_MEMBERSHIP
LDOS,2025-09-30,Leidos Holdings Inc,LEIDOS,525327102,,IN_MEMBERSHIP
LDOS,2025-12-31,Leidos Holdings Inc,LEIDOS,525327102,,IN_MEMBERSHIP
LEN,2020-12-31,Lennar Corp,LENNAR,526057104,,PRE_WINDOW_SUPPORT
LEN,2021-03-31,Lennar Corp,LENNAR,526057104,,IN_MEMBERSHIP
LEN,2021-06-30,Lennar Corp,LENNAR,526057104,,IN_MEMBERSHIP
LEN,2021-09-30,Lennar Corp,LENNAR,526057104,,IN_MEMBERSHIP
LEN,2021-12-31,Lennar Corp,LENNAR,526057104,,IN_MEMBERSHIP
LEN,2022-03-31,Lennar Corp,LENNAR,526057104,,IN_MEMBERSHIP
LEN,2022-06-30,Lennar Corp,LENNAR,526057104,,IN_MEMBERSHIP
LEN,2022-09-30,Lennar Corp,LENNAR,526057104,,IN_MEMBERSHIP
LEN,2022-12-31,Lennar Corp,LENNAR,526057104,,IN_MEMBERSHIP
LEN,2023-03-31,Lennar Corp,LENNAR,526057104,,IN_MEMBERSHIP
LEN,2023-06-30,Lennar Corp,LENNAR,526057104,,IN_MEMBERSHIP
LEN,2023-09-30,Lennar Corp,LENNAR,526057104,,IN_MEMBERSHIP
LEN,2023-12-31,Lennar Corp,LENNAR,526057104,,IN_MEMBERSHIP
LEN,2024-03-31,Lennar Corp,LENNAR,526057104,,IN_MEMBERSHIP
LEN,2024-06-30,Lennar Corp,LENNAR,526057104,,IN_MEMBERSHIP
LEN,2024-09-30,Lennar Corp,LENNAR,526057104,,IN_MEMBERSHIP
LEN,2024-12-31,Lennar Corp,LENNAR,526057104,,IN_MEMBERSHIP
LEN,2025-03-31,Lennar Corp,LENNAR,526057104,,IN_MEMBERSHIP
LEN,2025-06-30,Lennar Corp,LENNAR,526057104,,IN_MEMBERSHIP
LEN,2025-09-30,Lennar Corp,LENNAR,526057104,,IN_MEMBERSHIP
LEN,2025-12-31,Lennar Corp,LENNAR,526057104,,IN_MEMBERSHIP
LH,2024-06-30,Labcorp Holdings Inc,LABCORP,504922105,,IN_MEMBERSHIP
LH,2024-09-30,Labcorp Holdings Inc,LABCORP,504922105,,IN_MEMBERSHIP
LH,2024-12-31,Labcorp Holdings Inc,LABCORP,504922105,,IN_MEMBERSHIP
LH,2025-03-31,Labcorp Holdings Inc,LABCORP,504922105,,IN_MEMBERSHIP
LH,2025-06-30,Labcorp Holdings Inc,LABCORP,504922105,,IN_MEMBERSHIP
LH,2025-09-30,Labcorp Holdings Inc,LABCORP,504922105,,IN_MEMBERSHIP
LH,2025-12-31,Labcorp Holdings Inc,LABCORP,504922105,,IN_MEMBERSHIP
LHX,2020-12-31,L3Harris Technologies Inc,L3HARRIS TECHNOLOGIES,502431109,,PRE_WINDOW_SUPPORT
LHX,2021-03-31,L3Harris Technologies Inc,L3HARRIS TECHNOLOGIES,502431109,,IN_MEMBERSHIP
LHX,2021-06-30,L3Harris Technologies Inc,L3HARRIS TECHNOLOGIES,502431109,,IN_MEMBERSHIP
LHX,2021-09-30,L3Harris Technologies Inc,L3HARRIS TECHNOLOGIES,502431109,,IN_MEMBERSHIP
LHX,2021-12-31,L3Harris Technologies Inc,L3HARRIS TECHNOLOGIES,502431109,,IN_MEMBERSHIP
LHX,2022-03-31,L3Harris Technologies Inc,L3HARRIS TECHNOLOGIES,502431109,,IN_MEMBERSHIP
LHX,2022-06-30,L3Harris Technologies Inc,L3HARRIS TECHNOLOGIES,502431109,,IN_MEMBERSHIP
LHX,2022-09-30,L3Harris Technologies Inc,L3HARRIS TECHNOLOGIES,502431109,,IN_MEMBERSHIP
LHX,2022-12-31,L3Harris Technologies Inc,L3HARRIS TECHNOLOGIES,502431109,,IN_MEMBERSHIP
LHX,2023-03-31,L3Harris Technologies Inc,L3HARRIS TECHNOLOGIES,502431109,,IN_MEMBERSHIP
LHX,2023-06-30,L3Harris Technologies Inc,L3HARRIS TECHNOLOGIES,502431109,,IN_MEMBERSHIP
LHX,2023-09-30,L3Harris Technologies Inc,L3HARRIS TECHNOLOGIES,502431109,,IN_MEMBERSHIP
LHX,2023-12-31,L3Harris Technologies Inc,L3HARRIS TECHNOLOGIES,502431109,,IN_MEMBERSHIP
LHX,2024-03-31,L3Harris Technologies Inc,L3HARRIS TECHNOLOGIES,502431109,,IN_MEMBERSHIP
LHX,2024-06-30,L3Harris Technologies Inc,L3HARRIS TECHNOLOGIES,502431109,,IN_MEMBERSHIP
LHX,2024-09-30,L3Harris Technologies Inc,L3HARRIS TECHNOLOGIES,502431109,,IN_MEMBERSHIP
LHX,2024-12-31,L3Harris Technologies Inc,L3HARRIS TECHNOLOGIES,502431109,,IN_MEMBERSHIP
LHX,2025-03-31,L3Harris Technologies Inc,L3HARRIS TECHNOLOGIES,502431109,,IN_MEMBERSHIP
LHX,2025-06-30,L3Harris Technologies Inc,L3HARRIS TECHNOLOGIES,502431109,,IN_MEMBERSHIP
LHX,2025-09-30,L3Harris Technologies Inc,L3HARRIS TECHNOLOGIES,502431109,,IN_MEMBERSHIP
LHX,2025-12-31,L3Harris Technologies Inc,L3HARRIS TECHNOLOGIES,502431109,,IN_MEMBERSHIP
LII,2024-12-31,Lennox International Inc,LENNOX INTERNATIONAL,526107107,,IN_MEMBERSHIP
LII,2025-03-31,Lennox International Inc,LENNOX INTERNATIONAL,526107107,,IN_MEMBERSHIP
LII,2025-06-30,Lennox International Inc,LENNOX INTERNATIONAL,526107107,,IN_MEMBERSHIP
LII,2025-09-30,Lennox International Inc,LENNOX INTERNATIONAL,526107107,,IN_MEMBERSHIP
LII,2025-12-31,Lennox International Inc,LENNOX INTERNATIONAL,526107107,,IN_MEMBERSHIP
LIN,2020-12-31,Linde PLC,LINDE,IE00BZ12WP82,,PRE_WINDOW_SUPPORT
LIN,2021-03-31,Linde PLC,LINDE,IE00BZ12WP82,,IN_MEMBERSHIP
LIN,2021-06-30,Linde PLC,LINDE,IE00BZ12WP82,,IN_MEMBERSHIP
LIN,2021-09-30,Linde PLC,LINDE,IE00BZ12WP82,,IN_MEMBERSHIP
LIN,2021-12-31,Linde PLC,LINDE,IE00BZ12WP82,,IN_MEMBERSHIP
LIN,2022-03-31,Linde PLC,LINDE,IE00BZ12WP82,,IN_MEMBERSHIP
LIN,2022-06-30,Linde PLC,LINDE,IE00BZ12WP82,,IN_MEMBERSHIP
LIN,2022-09-30,Linde PLC,LINDE,IE00BZ12WP82,,IN_MEMBERSHIP
LIN,2022-12-31,Linde PLC,LINDE,IE00BZ12WP82,,IN_MEMBERSHIP
LIN,2023-03-31,Linde PLC,LINDE,IE000S9YS762,,IN_MEMBERSHIP
LIN,2023-06-30,Linde PLC,LINDE,IE000S9YS762,,IN_MEMBERSHIP
LIN,2023-09-30,Linde PLC,LINDE,IE000S9YS762,,IN_MEMBERSHIP
LIN,2023-12-31,Linde PLC,LINDE,IE000S9YS762,,IN_MEMBERSHIP
LIN,2024-03-31,Linde PLC,LINDE,IE000S9YS762,,IN_MEMBERSHIP
LIN,2024-06-30,Linde PLC,LINDE,IE000S9YS762,,IN_MEMBERSHIP
LIN,2024-09-30,Linde PLC,LINDE,IE000S9YS762,,IN_MEMBERSHIP
LIN,2024-12-31,Linde PLC,LINDE,IE000S9YS762,,IN_MEMBERSHIP
LIN,2025-03-31,Linde PLC,LINDE,IE000S9YS762,,IN_MEMBERSHIP
LIN,2025-06-30,Linde PLC,LINDE,IE000S9YS762,,IN_MEMBERSHIP
LIN,2025-09-30,Linde PLC,LINDE,IE000S9YS762,,IN_MEMBERSHIP
LIN,2025-12-31,Linde PLC,LINDE,IE000S9YS762,,IN_MEMBERSHIP
LLY,2020-12-31,Eli Lilly and Co,ELI LILLY AND,532457108,,PRE_WINDOW_SUPPORT
LLY,2021-03-31,Eli Lilly and Co,ELI LILLY AND,532457108,,IN_MEMBERSHIP
LLY,2021-06-30,Eli Lilly & Co,ELI LILLY AND,532457108,,IN_MEMBERSHIP
LLY,2021-09-30,Eli Lilly & Co,ELI LILLY AND,532457108,,IN_MEMBERSHIP
LLY,2021-12-31,Eli Lilly & Co,ELI LILLY AND,532457108,,IN_MEMBERSHIP
LLY,2022-03-31,Eli Lilly & Co,ELI LILLY AND,532457108,,IN_MEMBERSHIP
LLY,2022-06-30,Eli Lilly & Co,ELI LILLY AND,532457108,,IN_MEMBERSHIP
LLY,2022-09-30,Eli Lilly & Co,ELI LILLY AND,532457108,,IN_MEMBERSHIP
LLY,2022-12-31,Eli Lilly & Co,ELI LILLY AND,532457108,,IN_MEMBERSHIP
LLY,2023-03-31,Eli Lilly & Co,ELI LILLY AND,532457108,,IN_MEMBERSHIP
LLY,2023-06-30,Eli Lilly & Co,ELI LILLY AND,532457108,,IN_MEMBERSHIP
LLY,2023-09-30,Eli Lilly & Co,ELI LILLY AND,532457108,,IN_MEMBERSHIP
LLY,2023-12-31,Eli Lilly & Co,ELI LILLY AND,532457108,,IN_MEMBERSHIP
LLY,2024-03-31,Eli Lilly & Co,ELI LILLY AND,532457108,,IN_MEMBERSHIP
LLY,2024-06-30,Eli Lilly & Co,ELI LILLY AND,532457108,,IN_MEMBERSHIP
LLY,2024-09-30,Eli Lilly & Co,ELI LILLY AND,532457108,,IN_MEMBERSHIP
LLY,2024-12-31,Eli Lilly & Co,ELI LILLY AND,532457108,,IN_MEMBERSHIP
LLY,2025-03-31,Eli Lilly & Co,ELI LILLY AND,532457108,,IN_MEMBERSHIP
LLY,2025-06-30,Eli Lilly & Co,ELI LILLY AND,532457108,,IN_MEMBERSHIP
LLY,2025-09-30,Eli Lilly & Co,ELI LILLY AND,532457108,,IN_MEMBERSHIP
LLY,2025-12-31,Eli Lilly & Co,ELI LILLY AND,532457108,,IN_MEMBERSHIP
LMT,2020-12-31,Lockheed Martin Corp,LOCKHEED MARTIN,539830109,,PRE_WINDOW_SUPPORT
LMT,2021-03-31,Lockheed Martin Corp,LOCKHEED MARTIN,539830109,,IN_MEMBERSHIP
LMT,2021-06-30,Lockheed Martin Corp,LOCKHEED MARTIN,539830109,,IN_MEMBERSHIP
LMT,2021-09-30,Lockheed Martin Corp,LOCKHEED MARTIN,539830109,,IN_MEMBERSHIP
LMT,2021-12-31,Lockheed Martin Corp,LOCKHEED MARTIN,539830109,,IN_MEMBERSHIP
LMT,2022-03-31,Lockheed Martin Corp,LOCKHEED MARTIN,539830109,,IN_MEMBERSHIP
LMT,2022-06-30,Lockheed Martin Corp,LOCKHEED MARTIN,539830109,,IN_MEMBERSHIP
LMT,2022-09-30,Lockheed Martin Corp,LOCKHEED MARTIN,539830109,,IN_MEMBERSHIP
LMT,2022-12-31,Lockheed Martin Corp,LOCKHEED MARTIN,539830109,,IN_MEMBERSHIP
LMT,2023-03-31,Lockheed Martin Corp,LOCKHEED MARTIN,539830109,,IN_MEMBERSHIP
LMT,2023-06-30,Lockheed Martin Corp,LOCKHEED MARTIN,539830109,,IN_MEMBERSHIP
LMT,2023-09-30,Lockheed Martin Corp,LOCKHEED MARTIN,539830109,,IN_MEMBERSHIP
LMT,2023-12-31,Lockheed Martin Corp,LOCKHEED MARTIN,539830109,,IN_MEMBERSHIP
LMT,2024-03-31,Lockheed Martin Corp,LOCKHEED MARTIN,539830109,,IN_MEMBERSHIP
LMT,2024-06-30,Lockheed Martin Corp,LOCKHEED MARTIN,539830109,,IN_MEMBERSHIP
LMT,2024-09-30,Lockheed Martin Corp,LOCKHEED MARTIN,539830109,,IN_MEMBERSHIP
LMT,2024-12-31,Lockheed Martin Corp,LOCKHEED MARTIN,539830109,,IN_MEMBERSHIP
LMT,2025-03-31,Lockheed Martin Corp,LOCKHEED MARTIN,539830109,,IN_MEMBERSHIP
LMT,2025-06-30,Lockheed Martin Corp,LOCKHEED MARTIN,539830109,,IN_MEMBERSHIP
LMT,2025-09-30,Lockheed Martin Corp,LOCKHEED MARTIN,539830109,,IN_MEMBERSHIP
LMT,2025-12-31,Lockheed Martin Corp,LOCKHEED MARTIN,539830109,,IN_MEMBERSHIP
LNT,2020-12-31,Alliant Energy Corp,ALLIANT ENERGY,018802108,,PRE_WINDOW_SUPPORT
LNT,2021-03-31,Alliant Energy Corp,ALLIANT ENERGY,018802108,,IN_MEMBERSHIP
LNT,2021-06-30,Alliant Energy Corp,ALLIANT ENERGY,018802108,,IN_MEMBERSHIP
LNT,2021-09-30,Alliant Energy Corp,ALLIANT ENERGY,018802108,,IN_MEMBERSHIP
LNT,2021-12-31,Alliant Energy Corp,ALLIANT ENERGY,018802108,,IN_MEMBERSHIP
LNT,2022-03-31,Alliant Energy Corp,ALLIANT ENERGY,018802108,,IN_MEMBERSHIP
LNT,2022-06-30,Alliant Energy Corp,ALLIANT ENERGY,018802108,,IN_MEMBERSHIP
LNT,2022-09-30,Alliant Energy Corp,ALLIANT ENERGY,018802108,,IN_MEMBERSHIP
LNT,2022-12-31,Alliant Energy Corp,ALLIANT ENERGY,018802108,,IN_MEMBERSHIP
LNT,2023-03-31,Alliant Energy Corp,ALLIANT ENERGY,018802108,,IN_MEMBERSHIP
LNT,2023-06-30,Alliant Energy Corp,ALLIANT ENERGY,018802108,,IN_MEMBERSHIP
LNT,2023-09-30,Alliant Energy Corp,ALLIANT ENERGY,018802108,,IN_MEMBERSHIP
LNT,2023-12-31,Alliant Energy Corp,ALLIANT ENERGY,018802108,,IN_MEMBERSHIP
LNT,2024-03-31,Alliant Energy Corp,ALLIANT ENERGY,018802108,,IN_MEMBERSHIP
LNT,2024-06-30,Alliant Energy Corp,ALLIANT ENERGY,018802108,,IN_MEMBERSHIP
LNT,2024-09-30,Alliant Energy Corp,ALLIANT ENERGY,018802108,,IN_MEMBERSHIP
LNT,2024-12-31,Alliant Energy Corp,ALLIANT ENERGY,018802108,,IN_MEMBERSHIP
LNT,2025-03-31,Alliant Energy Corp,ALLIANT ENERGY,018802108,,IN_MEMBERSHIP
LNT,2025-06-30,Alliant Energy Corp,ALLIANT ENERGY,018802108,,IN_MEMBERSHIP
LNT,2025-09-30,Alliant Energy Corp,ALLIANT ENERGY,018802108,,IN_MEMBERSHIP
LNT,2025-12-31,Alliant Energy Corp,ALLIANT ENERGY,018802108,,IN_MEMBERSHIP
LOW,2020-12-31,Lowe's Cos Inc,LOWE S COS,548661107,,PRE_WINDOW_SUPPORT
LOW,2021-03-31,Lowe's Cos Inc,LOWE S COS,548661107,,IN_MEMBERSHIP
LOW,2021-06-30,Lowe's Cos Inc,LOWE S COS,548661107,,IN_MEMBERSHIP
LOW,2021-09-30,Lowe's Cos Inc,LOWE S COS,548661107,,IN_MEMBERSHIP
LOW,2021-12-31,Lowe's Cos Inc,LOWE S COS,548661107,,IN_MEMBERSHIP
LOW,2022-03-31,Lowe's Cos Inc,LOWE S COS,548661107,,IN_MEMBERSHIP
LOW,2022-06-30,Lowe's Cos Inc,LOWE S COS,548661107,,IN_MEMBERSHIP
LOW,2022-09-30,Lowe's Cos Inc,LOWE S COS,548661107,,IN_MEMBERSHIP
LOW,2022-12-31,Lowe's Cos Inc,LOWE S COS,548661107,,IN_MEMBERSHIP
LOW,2023-03-31,Lowe's Cos Inc,LOWE S COS,548661107,,IN_MEMBERSHIP
LOW,2023-06-30,Lowe's Cos Inc,LOWE S COS,548661107,,IN_MEMBERSHIP
LOW,2023-09-30,Lowe's Cos Inc,LOWE S COS,548661107,,IN_MEMBERSHIP
LOW,2023-12-31,Lowe's Cos Inc,LOWE S COS,548661107,,IN_MEMBERSHIP
LOW,2024-03-31,Lowe's Cos Inc,LOWE S COS,548661107,,IN_MEMBERSHIP
LOW,2024-06-30,Lowe's Cos Inc,LOWE S COS,548661107,,IN_MEMBERSHIP
LOW,2024-09-30,Lowe's Cos Inc,LOWE S COS,548661107,,IN_MEMBERSHIP
LOW,2024-12-31,Lowe's Cos Inc,LOWE S COS,548661107,,IN_MEMBERSHIP
LOW,2025-03-31,Lowe's Cos Inc,LOWE S COS,548661107,,IN_MEMBERSHIP
LOW,2025-06-30,Lowe's Cos Inc,LOWE S COS,548661107,,IN_MEMBERSHIP
LOW,2025-09-30,Lowe's Cos Inc,LOWE S COS,548661107,,IN_MEMBERSHIP
LOW,2025-12-31,Lowe's Cos Inc,LOWE S COS,548661107,,IN_MEMBERSHIP
LRCX,2020-12-31,Lam Research Corp,LAM RESEARCH,512807108,,PRE_WINDOW_SUPPORT
LRCX,2021-03-31,Lam Research Corp,LAM RESEARCH,512807108,,IN_MEMBERSHIP
LRCX,2021-06-30,Lam Research Corp,LAM RESEARCH,512807108,,IN_MEMBERSHIP
LRCX,2021-09-30,Lam Research Corp,LAM RESEARCH,512807108,,IN_MEMBERSHIP
LRCX,2021-12-31,Lam Research Corp,LAM RESEARCH,512807108,,IN_MEMBERSHIP
LRCX,2022-03-31,Lam Research Corp,LAM RESEARCH,512807108,,IN_MEMBERSHIP
LRCX,2022-06-30,Lam Research Corp,LAM RESEARCH,512807108,,IN_MEMBERSHIP
LRCX,2022-09-30,Lam Research Corp,LAM RESEARCH,512807108,,IN_MEMBERSHIP
LRCX,2022-12-31,Lam Research Corp,LAM RESEARCH,512807108,,IN_MEMBERSHIP
LRCX,2023-03-31,Lam Research Corp,LAM RESEARCH,512807108,,IN_MEMBERSHIP
LRCX,2023-06-30,Lam Research Corp,LAM RESEARCH,512807108,,IN_MEMBERSHIP
LRCX,2023-09-30,Lam Research Corp,LAM RESEARCH,512807108,,IN_MEMBERSHIP
LRCX,2023-12-31,Lam Research Corp,LAM RESEARCH,512807108,,IN_MEMBERSHIP
LRCX,2024-03-31,Lam Research Corp,LAM RESEARCH,512807108,,IN_MEMBERSHIP
LRCX,2024-06-30,Lam Research Corp,LAM RESEARCH,512807108,,IN_MEMBERSHIP
LRCX,2024-09-30,Lam Research Corp,LAM RESEARCH,512807108,,IN_MEMBERSHIP
LRCX,2024-12-31,Lam Research Corp,LAM RESEARCH,512807306,,IN_MEMBERSHIP
LRCX,2025-03-31,Lam Research Corp,LAM RESEARCH,512807306,,IN_MEMBERSHIP
LRCX,2025-06-30,Lam Research Corp,LAM RESEARCH,512807306,,IN_MEMBERSHIP
LRCX,2025-09-30,Lam Research Corp,LAM RESEARCH,512807306,,IN_MEMBERSHIP
LRCX,2025-12-31,Lam Research Corp,LAM RESEARCH,512807306,,IN_MEMBERSHIP
LULU,2023-12-31,Lululemon Athletica Inc,LULULEMON ATHLETICA,550021109,,IN_MEMBERSHIP
LULU,2024-03-31,Lululemon Athletica Inc,LULULEMON ATHLETICA,550021109,,IN_MEMBERSHIP
LULU,2024-06-30,Lululemon Athletica Inc,LULULEMON ATHLETICA,550021109,,IN_MEMBERSHIP
LULU,2024-09-30,Lululemon Athletica Inc,LULULEMON ATHLETICA,550021109,,IN_MEMBERSHIP
LULU,2024-12-31,Lululemon Athletica Inc,LULULEMON ATHLETICA,550021109,,IN_MEMBERSHIP
LULU,2025-03-31,Lululemon Athletica Inc,LULULEMON ATHLETICA,550021109,,IN_MEMBERSHIP
LULU,2025-06-30,Lululemon Athletica Inc,LULULEMON ATHLETICA,550021109,,IN_MEMBERSHIP
LULU,2025-09-30,Lululemon Athletica Inc,LULULEMON ATHLETICA,550021109,,IN_MEMBERSHIP
LULU,2025-12-31,Lululemon Athletica Inc,LULULEMON ATHLETICA,550021109,,IN_MEMBERSHIP
LUV,2020-12-31,Southwest Airlines Co,SOUTHWEST AIRLINES,844741108,,PRE_WINDOW_SUPPORT
LUV,2021-03-31,Southwest Airlines Co,SOUTHWEST AIRLINES,844741108,,IN_MEMBERSHIP
LUV,2021-06-30,Southwest Airlines Co,SOUTHWEST AIRLINES,844741108,,IN_MEMBERSHIP
LUV,2021-09-30,Southwest Airlines Co,SOUTHWEST AIRLINES,844741108,,IN_MEMBERSHIP
LUV,2021-12-31,Southwest Airlines Co,SOUTHWEST AIRLINES,844741108,,IN_MEMBERSHIP
LUV,2022-03-31,Southwest Airlines Co,SOUTHWEST AIRLINES,844741108,,IN_MEMBERSHIP
LUV,2022-06-30,Southwest Airlines Co,SOUTHWEST AIRLINES,844741108,,IN_MEMBERSHIP
LUV,2022-09-30,Southwest Airlines Co,SOUTHWEST AIRLINES,844741108,,IN_MEMBERSHIP
LUV,2022-12-31,Southwest Airlines Co,SOUTHWEST AIRLINES,844741108,,IN_MEMBERSHIP
LUV,2023-03-31,Southwest Airlines Co,SOUTHWEST AIRLINES,844741108,,IN_MEMBERSHIP
LUV,2023-06-30,Southwest Airlines Co,SOUTHWEST AIRLINES,844741108,,IN_MEMBERSHIP
LUV,2023-09-30,Southwest Airlines Co,SOUTHWEST AIRLINES,844741108,,IN_MEMBERSHIP
LUV,2023-12-31,Southwest Airlines Co,SOUTHWEST AIRLINES,844741108,,IN_MEMBERSHIP
LUV,2024-03-31,Southwest Airlines Co,SOUTHWEST AIRLINES,844741108,,IN_MEMBERSHIP
LUV,2024-06-30,Southwest Airlines Co,SOUTHWEST AIRLINES,844741108,,IN_MEMBERSHIP
LUV,2024-09-30,Southwest Airlines Co,SOUTHWEST AIRLINES,844741108,,IN_MEMBERSHIP
LUV,2024-12-31,Southwest Airlines Co,SOUTHWEST AIRLINES,844741108,,IN_MEMBERSHIP
LUV,2025-03-31,Southwest Airlines Co,SOUTHWEST AIRLINES,844741108,,IN_MEMBERSHIP
LUV,2025-06-30,Southwest Airlines Co,SOUTHWEST AIRLINES,844741108,,IN_MEMBERSHIP
LUV,2025-09-30,Southwest Airlines Co,SOUTHWEST AIRLINES,844741108,,IN_MEMBERSHIP
LUV,2025-12-31,Southwest Airlines Co,SOUTHWEST AIRLINES,844741108,,IN_MEMBERSHIP
LVS,2020-12-31,Las Vegas Sands Corp,LAS VEGAS SANDS,517834107,,PRE_WINDOW_SUPPORT
LVS,2021-03-31,Las Vegas Sands Corp,LAS VEGAS SANDS,517834107,,IN_MEMBERSHIP
LVS,2021-06-30,Las Vegas Sands Corp,LAS VEGAS SANDS,517834107,,IN_MEMBERSHIP
LVS,2021-09-30,Las Vegas Sands Corp,LAS VEGAS SANDS,517834107,,IN_MEMBERSHIP
LVS,2021-12-31,Las Vegas Sands Corp,LAS VEGAS SANDS,517834107,,IN_MEMBERSHIP
LVS,2022-03-31,Las Vegas Sands Corp,LAS VEGAS SANDS,517834107,,IN_MEMBERSHIP
LVS,2022-06-30,Las Vegas Sands Corp,LAS VEGAS SANDS,517834107,,IN_MEMBERSHIP
LVS,2022-09-30,Las Vegas Sands Corp,LAS VEGAS SANDS,517834107,,IN_MEMBERSHIP
LVS,2022-12-31,Las Vegas Sands Corp,LAS VEGAS SANDS,517834107,,IN_MEMBERSHIP
LVS,2023-03-31,Las Vegas Sands Corp,LAS VEGAS SANDS,517834107,,IN_MEMBERSHIP
LVS,2023-06-30,Las Vegas Sands Corp,LAS VEGAS SANDS,517834107,,IN_MEMBERSHIP
LVS,2023-09-30,Las Vegas Sands Corp,LAS VEGAS SANDS,517834107,,IN_MEMBERSHIP
LVS,2023-12-31,Las Vegas Sands Corp,LAS VEGAS SANDS,517834107,,IN_MEMBERSHIP
LVS,2024-03-31,Las Vegas Sands Corp,LAS VEGAS SANDS,517834107,,IN_MEMBERSHIP
LVS,2024-06-30,Las Vegas Sands Corp,LAS VEGAS SANDS,517834107,,IN_MEMBERSHIP
LVS,2024-09-30,Las Vegas Sands Corp,LAS VEGAS SANDS,517834107,,IN_MEMBERSHIP
LVS,2024-12-31,Las Vegas Sands Corp,LAS VEGAS SANDS,517834107,,IN_MEMBERSHIP
LVS,2025-03-31,Las Vegas Sands Corp,LAS VEGAS SANDS,517834107,,IN_MEMBERSHIP
LVS,2025-06-30,Las Vegas Sands Corp,LAS VEGAS SANDS,517834107,,IN_MEMBERSHIP
LVS,2025-09-30,Las Vegas Sands Corp,LAS VEGAS SANDS,517834107,,IN_MEMBERSHIP
LVS,2025-12-31,Las Vegas Sands Corp,LAS VEGAS SANDS,517834107,,IN_MEMBERSHIP
LW,2020-12-31,Lamb Weston Holdings Inc,LAMB WESTON,513272104,,PRE_WINDOW_SUPPORT
LW,2021-03-31,Lamb Weston Holdings Inc,LAMB WESTON,513272104,,IN_MEMBERSHIP
LW,2021-06-30,Lamb Weston Holdings Inc,LAMB WESTON,513272104,,IN_MEMBERSHIP
LW,2021-09-30,Lamb Weston Holdings Inc,LAMB WESTON,513272104,,IN_MEMBERSHIP
LW,2021-12-31,Lamb Weston Holdings Inc,LAMB WESTON,513272104,,IN_MEMBERSHIP
LW,2022-03-31,Lamb Weston Holdings Inc,LAMB WESTON,513272104,,IN_MEMBERSHIP
LW,2022-06-30,Lamb Weston Holdings Inc,LAMB WESTON,513272104,,IN_MEMBERSHIP
LW,2022-09-30,Lamb Weston Holdings Inc,LAMB WESTON,513272104,,IN_MEMBERSHIP
LW,2022-12-31,Lamb Weston Holdings Inc,LAMB WESTON,513272104,,IN_MEMBERSHIP
LW,2023-03-31,Lamb Weston Holdings Inc,LAMB WESTON,513272104,,IN_MEMBERSHIP
LW,2023-06-30,Lamb Weston Holdings Inc,LAMB WESTON,513272104,,IN_MEMBERSHIP
LW,2023-09-30,Lamb Weston Holdings Inc,LAMB WESTON,513272104,,IN_MEMBERSHIP
LW,2023-12-31,Lamb Weston Holdings Inc,LAMB WESTON,513272104,,IN_MEMBERSHIP
LW,2024-03-31,Lamb Weston Holdings Inc,LAMB WESTON,513272104,,IN_MEMBERSHIP
LW,2024-06-30,Lamb Weston Holdings Inc,LAMB WESTON,513272104,,IN_MEMBERSHIP
LW,2024-09-30,Lamb Weston Holdings Inc,LAMB WESTON,513272104,,IN_MEMBERSHIP
LW,2024-12-31,Lamb Weston Holdings Inc,LAMB WESTON,513272104,,IN_MEMBERSHIP
LW,2025-03-31,Lamb Weston Holdings Inc,LAMB WESTON,513272104,,IN_MEMBERSHIP
LW,2025-06-30,Lamb Weston Holdings Inc,LAMB WESTON,513272104,,IN_MEMBERSHIP
LW,2025-09-30,Lamb Weston Holdings Inc,LAMB WESTON,513272104,,IN_MEMBERSHIP
LW,2025-12-31,Lamb Weston Holdings Inc,LAMB WESTON,513272104,,IN_MEMBERSHIP
LYB,2020-12-31,LyondellBasell Industries NV,LYONDELLBASELL INDUSTRIES NV,NL0009434992,,PRE_WINDOW_SUPPORT
LYB,2021-03-31,LyondellBasell Industries NV,LYONDELLBASELL INDUSTRIES NV,NL0009434992,,IN_MEMBERSHIP
LYB,2021-06-30,LyondellBasell Industries NV,LYONDELLBASELL INDUSTRIES NV,NL0009434992,,IN_MEMBERSHIP
LYB,2021-09-30,LyondellBasell Industries NV,LYONDELLBASELL INDUSTRIES NV,NL0009434992,,IN_MEMBERSHIP
LYB,2021-12-31,LyondellBasell Industries NV,LYONDELLBASELL INDUSTRIES NV,NL0009434992,,IN_MEMBERSHIP
LYB,2022-03-31,LyondellBasell Industries NV,LYONDELLBASELL INDUSTRIES NV,NL0009434992,,IN_MEMBERSHIP
LYB,2022-06-30,LyondellBasell Industries NV,LYONDELLBASELL INDUSTRIES NV,NL0009434992,,IN_MEMBERSHIP
LYB,2022-09-30,LyondellBasell Industries NV,LYONDELLBASELL INDUSTRIES NV,NL0009434992,,IN_MEMBERSHIP
LYB,2022-12-31,LyondellBasell Industries NV,LYONDELLBASELL INDUSTRIES NV,NL0009434992,,IN_MEMBERSHIP
LYB,2023-03-31,LyondellBasell Industries NV,LYONDELLBASELL INDUSTRIES NV,NL0009434992,,IN_MEMBERSHIP
LYB,2023-06-30,LyondellBasell Industries NV,LYONDELLBASELL INDUSTRIES NV,NL0009434992,,IN_MEMBERSHIP
LYB,2023-09-30,LyondellBasell Industries NV,LYONDELLBASELL INDUSTRIES NV,NL0009434992,,IN_MEMBERSHIP
LYB,2023-12-31,LyondellBasell Industries NV,LYONDELLBASELL INDUSTRIES NV,NL0009434992,,IN_MEMBERSHIP
LYB,2024-03-31,LyondellBasell Industries NV,LYONDELLBASELL INDUSTRIES NV,NL0009434992,,IN_MEMBERSHIP
LYB,2024-06-30,LyondellBasell Industries NV,LYONDELLBASELL INDUSTRIES NV,NL0009434992,,IN_MEMBERSHIP
LYB,2024-09-30,LyondellBasell Industries NV,LYONDELLBASELL INDUSTRIES NV,NL0009434992,,IN_MEMBERSHIP
LYB,2024-12-31,LyondellBasell Industries NV,LYONDELLBASELL INDUSTRIES NV,NL0009434992,,IN_MEMBERSHIP
LYB,2025-03-31,LyondellBasell Industries NV,LYONDELLBASELL INDUSTRIES NV,NL0009434992,,IN_MEMBERSHIP
LYB,2025-06-30,LyondellBasell Industries NV,LYONDELLBASELL INDUSTRIES NV,NL0009434992,,IN_MEMBERSHIP
LYB,2025-09-30,LyondellBasell Industries NV,LYONDELLBASELL INDUSTRIES NV,NL0009434992,,IN_MEMBERSHIP
LYB,2025-12-31,LyondellBasell Industries NV,LYONDELLBASELL INDUSTRIES NV,NL0009434992,,IN_MEMBERSHIP
LYV,2020-12-31,Live Nation Entertainment Inc,LIVE NATION ENTERTAINMENT,538034109,,PRE_WINDOW_SUPPORT
LYV,2021-03-31,Live Nation Entertainment Inc,LIVE NATION ENTERTAINMENT,538034109,,IN_MEMBERSHIP
LYV,2021-06-30,Live Nation Entertainment Inc,LIVE NATION ENTERTAINMENT,538034109,,IN_MEMBERSHIP
LYV,2021-09-30,Live Nation Entertainment Inc,LIVE NATION ENTERTAINMENT,538034109,,IN_MEMBERSHIP
LYV,2021-12-31,Live Nation Entertainment Inc,LIVE NATION ENTERTAINMENT,538034109,,IN_MEMBERSHIP
LYV,2022-03-31,Live Nation Entertainment Inc,LIVE NATION ENTERTAINMENT,538034109,,IN_MEMBERSHIP
LYV,2022-06-30,Live Nation Entertainment Inc,LIVE NATION ENTERTAINMENT,538034109,,IN_MEMBERSHIP
LYV,2022-09-30,Live Nation Entertainment Inc,LIVE NATION ENTERTAINMENT,538034109,,IN_MEMBERSHIP
LYV,2022-12-31,Live Nation Entertainment Inc,LIVE NATION ENTERTAINMENT,538034109,,IN_MEMBERSHIP
LYV,2023-03-31,Live Nation Entertainment Inc,LIVE NATION ENTERTAINMENT,538034109,,IN_MEMBERSHIP
LYV,2023-06-30,Live Nation Entertainment Inc,LIVE NATION ENTERTAINMENT,538034109,,IN_MEMBERSHIP
LYV,2023-09-30,Live Nation Entertainment Inc,LIVE NATION ENTERTAINMENT,538034109,,IN_MEMBERSHIP
LYV,2023-12-31,Live Nation Entertainment Inc,LIVE NATION ENTERTAINMENT,538034109,,IN_MEMBERSHIP
LYV,2024-03-31,Live Nation Entertainment Inc,LIVE NATION ENTERTAINMENT,538034109,,IN_MEMBERSHIP
LYV,2024-06-30,Live Nation Entertainment Inc,LIVE NATION ENTERTAINMENT,538034109,,IN_MEMBERSHIP
LYV,2024-09-30,Live Nation Entertainment Inc,LIVE NATION ENTERTAINMENT,538034109,,IN_MEMBERSHIP
LYV,2024-12-31,Live Nation Entertainment Inc,LIVE NATION ENTERTAINMENT,538034109,,IN_MEMBERSHIP
LYV,2025-03-31,Live Nation Entertainment Inc,LIVE NATION ENTERTAINMENT,538034109,,IN_MEMBERSHIP
LYV,2025-06-30,Live Nation Entertainment Inc,LIVE NATION ENTERTAINMENT,538034109,,IN_MEMBERSHIP
LYV,2025-09-30,Live Nation Entertainment Inc,LIVE NATION ENTERTAINMENT,538034109,,IN_MEMBERSHIP
LYV,2025-12-31,Live Nation Entertainment Inc,LIVE NATION ENTERTAINMENT,538034109,,IN_MEMBERSHIP
MA,2020-12-31,Mastercard Inc,MASTERCARD,57636Q104,,PRE_WINDOW_SUPPORT
MA,2021-03-31,Mastercard Inc,MASTERCARD,57636Q104,,IN_MEMBERSHIP
MA,2021-06-30,Mastercard Inc,MASTERCARD,57636Q104,,IN_MEMBERSHIP
MA,2021-09-30,Mastercard Inc,MASTERCARD,57636Q104,,IN_MEMBERSHIP
MA,2021-12-31,Mastercard Inc,MASTERCARD,57636Q104,,IN_MEMBERSHIP
MA,2022-03-31,Mastercard Inc,MASTERCARD,57636Q104,,IN_MEMBERSHIP
MA,2022-06-30,Mastercard Inc,MASTERCARD,57636Q104,,IN_MEMBERSHIP
MA,2022-09-30,Mastercard Inc,MASTERCARD,57636Q104,,IN_MEMBERSHIP
MA,2022-12-31,Mastercard Inc,MASTERCARD,57636Q104,,IN_MEMBERSHIP
MA,2023-03-31,Mastercard Inc,MASTERCARD,57636Q104,,IN_MEMBERSHIP
MA,2023-06-30,Mastercard Inc,MASTERCARD,57636Q104,,IN_MEMBERSHIP
MA,2023-09-30,Mastercard Inc,MASTERCARD,57636Q104,,IN_MEMBERSHIP
MA,2023-12-31,Mastercard Inc,MASTERCARD,57636Q104,,IN_MEMBERSHIP
MA,2024-03-31,Mastercard Inc,MASTERCARD,57636Q104,,IN_MEMBERSHIP
MA,2024-06-30,Mastercard Inc,MASTERCARD,57636Q104,,IN_MEMBERSHIP
MA,2024-09-30,Mastercard Inc,MASTERCARD,57636Q104,,IN_MEMBERSHIP
MA,2024-12-31,Mastercard Inc,MASTERCARD,57636Q104,,IN_MEMBERSHIP
MA,2025-03-31,Mastercard Inc,MASTERCARD,57636Q104,,IN_MEMBERSHIP
MA,2025-06-30,Mastercard Inc,MASTERCARD,57636Q104,,IN_MEMBERSHIP
MA,2025-09-30,Mastercard Inc,MASTERCARD,57636Q104,,IN_MEMBERSHIP
MA,2025-12-31,Mastercard Inc,MASTERCARD,57636Q104,,IN_MEMBERSHIP
MAA,2020-12-31,Mid-America Apartment Communities Inc,MID AMERICA APARTMENT COMMUNITIES,59522J103,,PRE_WINDOW_SUPPORT
MAA,2021-03-31,Mid-America Apartment Communities Inc,MID AMERICA APARTMENT COMMUNITIES,59522J103,,IN_MEMBERSHIP
MAA,2021-06-30,Mid-America Apartment Communities Inc,MID AMERICA APARTMENT COMMUNITIES,59522J103,,IN_MEMBERSHIP
MAA,2021-09-30,Mid-America Apartment Communities Inc,MID AMERICA APARTMENT COMMUNITIES,59522J103,,IN_MEMBERSHIP
MAA,2021-12-31,Mid-America Apartment Communities Inc,MID AMERICA APARTMENT COMMUNITIES,59522J103,,IN_MEMBERSHIP
MAA,2022-03-31,Mid-America Apartment Communities Inc,MID AMERICA APARTMENT COMMUNITIES,59522J103,,IN_MEMBERSHIP
MAA,2022-06-30,Mid-America Apartment Communities Inc,MID AMERICA APARTMENT COMMUNITIES,59522J103,,IN_MEMBERSHIP
MAA,2022-09-30,Mid-America Apartment Communities Inc,MID AMERICA APARTMENT COMMUNITIES,59522J103,,IN_MEMBERSHIP
MAA,2022-12-31,Mid-America Apartment Communities Inc,MID AMERICA APARTMENT COMMUNITIES,59522J103,,IN_MEMBERSHIP
MAA,2023-03-31,Mid-America Apartment Communities Inc,MID AMERICA APARTMENT COMMUNITIES,59522J103,,IN_MEMBERSHIP
MAA,2023-06-30,Mid-America Apartment Communities Inc,MID AMERICA APARTMENT COMMUNITIES,59522J103,,IN_MEMBERSHIP
MAA,2023-09-30,Mid-America Apartment Communities Inc,MID AMERICA APARTMENT COMMUNITIES,59522J103,,IN_MEMBERSHIP
MAA,2023-12-31,Mid-America Apartment Communities Inc,MID AMERICA APARTMENT COMMUNITIES,59522J103,,IN_MEMBERSHIP
MAA,2024-03-31,Mid-America Apartment Communities Inc,MID AMERICA APARTMENT COMMUNITIES,59522J103,,IN_MEMBERSHIP
MAA,2024-06-30,Mid-America Apartment Communities Inc,MID AMERICA APARTMENT COMMUNITIES,59522J103,,IN_MEMBERSHIP
MAA,2024-09-30,Mid-America Apartment Communities Inc,MID AMERICA APARTMENT COMMUNITIES,59522J103,,IN_MEMBERSHIP
MAA,2024-12-31,Mid-America Apartment Communities Inc,MID AMERICA APARTMENT COMMUNITIES,59522J103,,IN_MEMBERSHIP
MAA,2025-03-31,Mid-America Apartment Communities Inc,MID AMERICA APARTMENT COMMUNITIES,59522J103,,IN_MEMBERSHIP
MAA,2025-06-30,Mid-America Apartment Communities Inc,MID AMERICA APARTMENT COMMUNITIES,59522J103,,IN_MEMBERSHIP
MAA,2025-09-30,Mid-America Apartment Communities Inc,MID AMERICA APARTMENT COMMUNITIES,59522J103,,IN_MEMBERSHIP
MAA,2025-12-31,Mid-America Apartment Communities Inc,MID AMERICA APARTMENT COMMUNITIES,59522J103,,IN_MEMBERSHIP
MAR,2020-12-31,Marriott International Inc/MD,MARRIOTT INTERNATIONAL INC MD,571903202,,PRE_WINDOW_SUPPORT
MAR,2021-03-31,Marriott International Inc/MD,MARRIOTT INTERNATIONAL INC MD,571903202,,IN_MEMBERSHIP
MAR,2021-06-30,Marriott International Inc/MD,MARRIOTT INTERNATIONAL INC MD,571903202,,IN_MEMBERSHIP
MAR,2021-09-30,Marriott International Inc/MD,MARRIOTT INTERNATIONAL INC MD,571903202,,IN_MEMBERSHIP
MAR,2021-12-31,Marriott International Inc/MD,MARRIOTT INTERNATIONAL INC MD,571903202,,IN_MEMBERSHIP
MAR,2022-03-31,Marriott International Inc/MD,MARRIOTT INTERNATIONAL INC MD,571903202,,IN_MEMBERSHIP
MAR,2022-06-30,Marriott International Inc/MD,MARRIOTT INTERNATIONAL INC MD,571903202,,IN_MEMBERSHIP
MAR,2022-09-30,Marriott International Inc/MD,MARRIOTT INTERNATIONAL INC MD,571903202,,IN_MEMBERSHIP
MAR,2022-12-31,Marriott International Inc/MD,MARRIOTT INTERNATIONAL INC MD,571903202,,IN_MEMBERSHIP
MAR,2023-03-31,Marriott International Inc/MD,MARRIOTT INTERNATIONAL INC MD,571903202,,IN_MEMBERSHIP
MAR,2023-06-30,Marriott International Inc/MD,MARRIOTT INTERNATIONAL INC MD,571903202,,IN_MEMBERSHIP
MAR,2023-09-30,Marriott International Inc/MD,MARRIOTT INTERNATIONAL INC MD,571903202,,IN_MEMBERSHIP
MAR,2023-12-31,Marriott International Inc/MD,MARRIOTT INTERNATIONAL INC MD,571903202,,IN_MEMBERSHIP
MAR,2024-03-31,Marriott International Inc/MD,MARRIOTT INTERNATIONAL INC MD,571903202,,IN_MEMBERSHIP
MAR,2024-06-30,Marriott International Inc/MD,MARRIOTT INTERNATIONAL INC MD,571903202,,IN_MEMBERSHIP
MAR,2024-09-30,Marriott International Inc/MD,MARRIOTT INTERNATIONAL INC MD,571903202,,IN_MEMBERSHIP
MAR,2024-12-31,Marriott International Inc/MD,MARRIOTT INTERNATIONAL INC MD,571903202,,IN_MEMBERSHIP
MAR,2025-03-31,Marriott International Inc/MD,MARRIOTT INTERNATIONAL INC MD,571903202,,IN_MEMBERSHIP
MAR,2025-06-30,Marriott International Inc/MD,MARRIOTT INTERNATIONAL INC MD,571903202,,IN_MEMBERSHIP
MAR,2025-09-30,Marriott International Inc/MD,MARRIOTT INTERNATIONAL INC MD,571903202,,IN_MEMBERSHIP
MAR,2025-12-31,Marriott International Inc/MD,MARRIOTT INTERNATIONAL INC MD,571903202,,IN_MEMBERSHIP
MAS,2020-12-31,Masco Corp,MASCO,574599106,,PRE_WINDOW_SUPPORT
MAS,2021-03-31,Masco Corp,MASCO,574599106,,IN_MEMBERSHIP
MAS,2021-06-30,Masco Corp,MASCO,574599106,,IN_MEMBERSHIP
MAS,2021-09-30,Masco Corp,MASCO,574599106,,IN_MEMBERSHIP
MAS,2021-12-31,Masco Corp,MASCO,574599106,,IN_MEMBERSHIP
MAS,2022-03-31,Masco Corp,MASCO,574599106,,IN_MEMBERSHIP
MAS,2022-06-30,Masco Corp,MASCO,574599106,,IN_MEMBERSHIP
MAS,2022-09-30,Masco Corp,MASCO,574599106,,IN_MEMBERSHIP
MAS,2022-12-31,Masco Corp,MASCO,574599106,,IN_MEMBERSHIP
MAS,2023-03-31,Masco Corp,MASCO,574599106,,IN_MEMBERSHIP
MAS,2023-06-30,Masco Corp,MASCO,574599106,,IN_MEMBERSHIP
MAS,2023-09-30,Masco Corp,MASCO,574599106,,IN_MEMBERSHIP
MAS,2023-12-31,Masco Corp,MASCO,574599106,,IN_MEMBERSHIP
MAS,2024-03-31,Masco Corp,MASCO,574599106,,IN_MEMBERSHIP
MAS,2024-06-30,Masco Corp,MASCO,574599106,,IN_MEMBERSHIP
MAS,2024-09-30,Masco Corp,MASCO,574599106,,IN_MEMBERSHIP
MAS,2024-12-31,Masco Corp,MASCO,574599106,,IN_MEMBERSHIP
MAS,2025-03-31,Masco Corp,MASCO,574599106,,IN_MEMBERSHIP
MAS,2025-06-30,Masco Corp,MASCO,574599106,,IN_MEMBERSHIP
MAS,2025-09-30,Masco Corp,MASCO,574599106,,IN_MEMBERSHIP
MAS,2025-12-31,Masco Corp,MASCO,574599106,,IN_MEMBERSHIP
MCD,2020-12-31,McDonald's Corp,MCDONALD S,580135101,,PRE_WINDOW_SUPPORT
MCD,2021-03-31,McDonald's Corp,MCDONALD S,580135101,,IN_MEMBERSHIP
MCD,2021-06-30,McDonald's Corp,MCDONALD S,580135101,,IN_MEMBERSHIP
MCD,2021-09-30,McDonald's Corp,MCDONALD S,580135101,,IN_MEMBERSHIP
MCD,2021-12-31,McDonald's Corp,MCDONALD S,580135101,,IN_MEMBERSHIP
MCD,2022-03-31,McDonald's Corp,MCDONALD S,580135101,,IN_MEMBERSHIP
MCD,2022-06-30,McDonald's Corp,MCDONALD S,580135101,,IN_MEMBERSHIP
MCD,2022-09-30,McDonald's Corp,MCDONALD S,580135101,,IN_MEMBERSHIP
MCD,2022-12-31,McDonald's Corp,MCDONALD S,580135101,,IN_MEMBERSHIP
MCD,2023-03-31,McDonald's Corp,MCDONALD S,580135101,,IN_MEMBERSHIP
MCD,2023-06-30,McDonald's Corp,MCDONALD S,580135101,,IN_MEMBERSHIP
MCD,2023-09-30,McDonald's Corp,MCDONALD S,580135101,,IN_MEMBERSHIP
MCD,2023-12-31,McDonald's Corp,MCDONALD S,580135101,,IN_MEMBERSHIP
MCD,2024-03-31,McDonald's Corp,MCDONALD S,580135101,,IN_MEMBERSHIP
MCD,2024-06-30,McDonald's Corp,MCDONALD S,580135101,,IN_MEMBERSHIP
MCD,2024-09-30,McDonald's Corp,MCDONALD S,580135101,,IN_MEMBERSHIP
MCD,2024-12-31,McDonald's Corp,MCDONALD S,580135101,,IN_MEMBERSHIP
MCD,2025-03-31,McDonald's Corp,MCDONALD S,580135101,,IN_MEMBERSHIP
MCD,2025-06-30,McDonald's Corp,MCDONALD S,580135101,,IN_MEMBERSHIP
MCD,2025-09-30,McDonald's Corp,MCDONALD S,580135101,,IN_MEMBERSHIP
MCD,2025-12-31,McDonald's Corp,MCDONALD S,580135101,,IN_MEMBERSHIP
MCHP,2020-12-31,Microchip Technology Inc,MICROCHIP TECHNOLOGY,595017104,,PRE_WINDOW_SUPPORT
MCHP,2021-03-31,Microchip Technology Inc,MICROCHIP TECHNOLOGY,595017104,,IN_MEMBERSHIP
MCHP,2021-06-30,Microchip Technology Inc,MICROCHIP TECHNOLOGY,595017104,,IN_MEMBERSHIP
MCHP,2021-09-30,Microchip Technology Inc,MICROCHIP TECHNOLOGY,595017104,,IN_MEMBERSHIP
MCHP,2021-12-31,Microchip Technology Inc,MICROCHIP TECHNOLOGY,595017104,,IN_MEMBERSHIP
MCHP,2022-03-31,Microchip Technology Inc,MICROCHIP TECHNOLOGY,595017104,,IN_MEMBERSHIP
MCHP,2022-06-30,Microchip Technology Inc,MICROCHIP TECHNOLOGY,595017104,,IN_MEMBERSHIP
MCHP,2022-09-30,Microchip Technology Inc,MICROCHIP TECHNOLOGY,595017104,,IN_MEMBERSHIP
MCHP,2022-12-31,Microchip Technology Inc,MICROCHIP TECHNOLOGY,595017104,,IN_MEMBERSHIP
MCHP,2023-03-31,Microchip Technology Inc,MICROCHIP TECHNOLOGY,595017104,,IN_MEMBERSHIP
MCHP,2023-06-30,Microchip Technology Inc,MICROCHIP TECHNOLOGY,595017104,,IN_MEMBERSHIP
MCHP,2023-09-30,Microchip Technology Inc,MICROCHIP TECHNOLOGY,595017104,,IN_MEMBERSHIP
MCHP,2023-12-31,Microchip Technology Inc,MICROCHIP TECHNOLOGY,595017104,,IN_MEMBERSHIP
MCHP,2024-03-31,Microchip Technology Inc,MICROCHIP TECHNOLOGY,595017104,,IN_MEMBERSHIP
MCHP,2024-06-30,Microchip Technology Inc,MICROCHIP TECHNOLOGY,595017104,,IN_MEMBERSHIP
MCHP,2024-09-30,Microchip Technology Inc,MICROCHIP TECHNOLOGY,595017104,,IN_MEMBERSHIP
MCHP,2024-12-31,Microchip Technology Inc,MICROCHIP TECHNOLOGY,595017104,,IN_MEMBERSHIP
MCHP,2025-03-31,Microchip Technology Inc,MICROCHIP TECHNOLOGY,595017104,,IN_MEMBERSHIP
MCHP,2025-06-30,Microchip Technology Inc,MICROCHIP TECHNOLOGY,595017104,,IN_MEMBERSHIP
MCHP,2025-09-30,Microchip Technology Inc,MICROCHIP TECHNOLOGY,595017104,,IN_MEMBERSHIP
MCHP,2025-12-31,Microchip Technology Inc,MICROCHIP TECHNOLOGY,595017104,,IN_MEMBERSHIP
MCK,2020-12-31,McKesson Corp,MCKESSON,58155Q103,,PRE_WINDOW_SUPPORT
MCK,2021-03-31,McKesson Corp,MCKESSON,58155Q103,,IN_MEMBERSHIP
MCK,2021-06-30,McKesson Corp,MCKESSON,58155Q103,,IN_MEMBERSHIP
MCK,2021-09-30,McKesson Corp,MCKESSON,58155Q103,,IN_MEMBERSHIP
MCK,2021-12-31,McKesson Corp,MCKESSON,58155Q103,,IN_MEMBERSHIP
MCK,2022-03-31,McKesson Corp,MCKESSON,58155Q103,,IN_MEMBERSHIP
MCK,2022-06-30,McKesson Corp,MCKESSON,58155Q103,,IN_MEMBERSHIP
MCK,2022-09-30,McKesson Corp,MCKESSON,58155Q103,,IN_MEMBERSHIP
MCK,2022-12-31,McKesson Corp,MCKESSON,58155Q103,,IN_MEMBERSHIP
MCK,2023-03-31,McKesson Corp,MCKESSON,58155Q103,,IN_MEMBERSHIP
MCK,2023-06-30,McKesson Corp,MCKESSON,58155Q103,,IN_MEMBERSHIP
MCK,2023-09-30,McKesson Corp,MCKESSON,58155Q103,,IN_MEMBERSHIP
MCK,2023-12-31,McKesson Corp,MCKESSON,58155Q103,,IN_MEMBERSHIP
MCK,2024-03-31,McKesson Corp,MCKESSON,58155Q103,,IN_MEMBERSHIP
MCK,2024-06-30,McKesson Corp,MCKESSON,58155Q103,,IN_MEMBERSHIP
MCK,2024-09-30,McKesson Corp,MCKESSON,58155Q103,,IN_MEMBERSHIP
MCK,2024-12-31,McKesson Corp,MCKESSON,58155Q103,,IN_MEMBERSHIP
MCK,2025-03-31,McKesson Corp,MCKESSON,58155Q103,,IN_MEMBERSHIP
MCK,2025-06-30,McKesson Corp,MCKESSON,58155Q103,,IN_MEMBERSHIP
MCK,2025-09-30,McKesson Corp,MCKESSON,58155Q103,,IN_MEMBERSHIP
MCK,2025-12-31,McKesson Corp,MCKESSON,58155Q103,,IN_MEMBERSHIP
MCO,2020-12-31,Moody's Corp,MOODY S,615369105,,PRE_WINDOW_SUPPORT
MCO,2021-03-31,Moody's Corp,MOODY S,615369105,,IN_MEMBERSHIP
MCO,2021-06-30,Moody's Corp,MOODY S,615369105,,IN_MEMBERSHIP
MCO,2021-09-30,Moody's Corp,MOODY S,615369105,,IN_MEMBERSHIP
MCO,2021-12-31,Moody's Corp,MOODY S,615369105,,IN_MEMBERSHIP
MCO,2022-03-31,Moody's Corp,MOODY S,615369105,,IN_MEMBERSHIP
MCO,2022-06-30,Moody's Corp,MOODY S,615369105,,IN_MEMBERSHIP
MCO,2022-09-30,Moody's Corp,MOODY S,615369105,,IN_MEMBERSHIP
MCO,2022-12-31,Moody's Corp,MOODY S,615369105,,IN_MEMBERSHIP
MCO,2023-03-31,Moody's Corp,MOODY S,615369105,,IN_MEMBERSHIP
MCO,2023-06-30,Moody's Corp,MOODY S,615369105,,IN_MEMBERSHIP
MCO,2023-09-30,Moody's Corp,MOODY S,615369105,,IN_MEMBERSHIP
MCO,2023-12-31,Moody's Corp,MOODY S,615369105,,IN_MEMBERSHIP
MCO,2024-03-31,Moody's Corp,MOODY S,615369105,,IN_MEMBERSHIP
MCO,2024-06-30,Moody's Corp,MOODY S,615369105,,IN_MEMBERSHIP
MCO,2024-09-30,Moody's Corp,MOODY S,615369105,,IN_MEMBERSHIP
MCO,2024-12-31,Moody's Corp,MOODY S,615369105,,IN_MEMBERSHIP
MCO,2025-03-31,Moody's Corp,MOODY S,615369105,,IN_MEMBERSHIP
MCO,2025-06-30,Moody's Corp,MOODY S,615369105,,IN_MEMBERSHIP
MCO,2025-09-30,Moody's Corp,MOODY S,615369105,,IN_MEMBERSHIP
MCO,2025-12-31,Moody's Corp,MOODY S,615369105,,IN_MEMBERSHIP
MDLZ,2020-12-31,Mondelez International Inc,MONDELEZ INTERNATIONAL,609207105,,PRE_WINDOW_SUPPORT
MDLZ,2021-03-31,Mondelez International Inc,MONDELEZ INTERNATIONAL,609207105,,IN_MEMBERSHIP
MDLZ,2021-06-30,Mondelez International Inc,MONDELEZ INTERNATIONAL,609207105,,IN_MEMBERSHIP
MDLZ,2021-09-30,Mondelez International Inc,MONDELEZ INTERNATIONAL,609207105,,IN_MEMBERSHIP
MDLZ,2021-12-31,Mondelez International Inc,MONDELEZ INTERNATIONAL,609207105,,IN_MEMBERSHIP
MDLZ,2022-03-31,Mondelez International Inc,MONDELEZ INTERNATIONAL,609207105,,IN_MEMBERSHIP
MDLZ,2022-06-30,Mondelez International Inc,MONDELEZ INTERNATIONAL,609207105,,IN_MEMBERSHIP
MDLZ,2022-09-30,Mondelez International Inc,MONDELEZ INTERNATIONAL,609207105,,IN_MEMBERSHIP
MDLZ,2022-12-31,Mondelez International Inc,MONDELEZ INTERNATIONAL,609207105,,IN_MEMBERSHIP
MDLZ,2023-03-31,Mondelez International Inc,MONDELEZ INTERNATIONAL,609207105,,IN_MEMBERSHIP
MDLZ,2023-06-30,Mondelez International Inc,MONDELEZ INTERNATIONAL,609207105,,IN_MEMBERSHIP
MDLZ,2023-09-30,Mondelez International Inc,MONDELEZ INTERNATIONAL,609207105,,IN_MEMBERSHIP
MDLZ,2023-12-31,Mondelez International Inc,MONDELEZ INTERNATIONAL,609207105,,IN_MEMBERSHIP
MDLZ,2024-03-31,Mondelez International Inc,MONDELEZ INTERNATIONAL,609207105,,IN_MEMBERSHIP
MDLZ,2024-06-30,Mondelez International Inc,MONDELEZ INTERNATIONAL,609207105,,IN_MEMBERSHIP
MDLZ,2024-09-30,Mondelez International Inc,MONDELEZ INTERNATIONAL,609207105,,IN_MEMBERSHIP
MDLZ,2024-12-31,Mondelez International Inc,MONDELEZ INTERNATIONAL,609207105,,IN_MEMBERSHIP
MDLZ,2025-03-31,Mondelez International Inc,MONDELEZ INTERNATIONAL,609207105,,IN_MEMBERSHIP
MDLZ,2025-06-30,Mondelez International Inc,MONDELEZ INTERNATIONAL,609207105,,IN_MEMBERSHIP
MDLZ,2025-09-30,Mondelez International Inc,MONDELEZ INTERNATIONAL,609207105,,IN_MEMBERSHIP
MDLZ,2025-12-31,Mondelez International Inc,MONDELEZ INTERNATIONAL,609207105,,IN_MEMBERSHIP
MDT,2020-12-31,Medtronic PLC,MEDTRONIC,IE00BTN1Y115,,PRE_WINDOW_SUPPORT
MDT,2021-03-31,Medtronic PLC,MEDTRONIC,IE00BTN1Y115,,IN_MEMBERSHIP
MDT,2021-06-30,Medtronic PLC,MEDTRONIC,IE00BTN1Y115,,IN_MEMBERSHIP
MDT,2021-09-30,Medtronic PLC,MEDTRONIC,IE00BTN1Y115,,IN_MEMBERSHIP
MDT,2021-12-31,Medtronic PLC,MEDTRONIC,IE00BTN1Y115,,IN_MEMBERSHIP
MDT,2022-03-31,Medtronic PLC,MEDTRONIC,IE00BTN1Y115,,IN_MEMBERSHIP
MDT,2022-06-30,Medtronic PLC,MEDTRONIC,IE00BTN1Y115,,IN_MEMBERSHIP
MDT,2022-09-30,Medtronic PLC,MEDTRONIC,IE00BTN1Y115,,IN_MEMBERSHIP
MDT,2022-12-31,Medtronic PLC,MEDTRONIC,IE00BTN1Y115,,IN_MEMBERSHIP
MDT,2023-03-31,Medtronic PLC,MEDTRONIC,IE00BTN1Y115,,IN_MEMBERSHIP
MDT,2023-06-30,Medtronic PLC,MEDTRONIC,IE00BTN1Y115,,IN_MEMBERSHIP
MDT,2023-09-30,Medtronic PLC,MEDTRONIC,IE00BTN1Y115,,IN_MEMBERSHIP
MDT,2023-12-31,Medtronic PLC,MEDTRONIC,IE00BTN1Y115,,IN_MEMBERSHIP
MDT,2024-03-31,Medtronic PLC,MEDTRONIC,IE00BTN1Y115,,IN_MEMBERSHIP
MDT,2024-06-30,Medtronic PLC,MEDTRONIC,IE00BTN1Y115,,IN_MEMBERSHIP
MDT,2024-09-30,Medtronic PLC,MEDTRONIC,IE00BTN1Y115,,IN_MEMBERSHIP
MDT,2024-12-31,Medtronic PLC,MEDTRONIC,IE00BTN1Y115,,IN_MEMBERSHIP
MDT,2025-03-31,Medtronic PLC,MEDTRONIC,IE00BTN1Y115,,IN_MEMBERSHIP
MDT,2025-06-30,Medtronic PLC,MEDTRONIC,IE00BTN1Y115,,IN_MEMBERSHIP
MDT,2025-09-30,Medtronic PLC,MEDTRONIC,IE00BTN1Y115,,IN_MEMBERSHIP
MDT,2025-12-31,Medtronic PLC,MEDTRONIC,IE00BTN1Y115,,IN_MEMBERSHIP
MET,2020-12-31,MetLife Inc,METLIFE,59156R108,,PRE_WINDOW_SUPPORT
MET,2021-03-31,MetLife Inc,METLIFE,59156R108,,IN_MEMBERSHIP
MET,2021-06-30,MetLife Inc,METLIFE,59156R108,,IN_MEMBERSHIP
MET,2021-09-30,MetLife Inc,METLIFE,59156R108,,IN_MEMBERSHIP
MET,2021-12-31,MetLife Inc,METLIFE,59156R108,,IN_MEMBERSHIP
MET,2022-03-31,MetLife Inc,METLIFE,59156R108,,IN_MEMBERSHIP
MET,2022-06-30,MetLife Inc,METLIFE,59156R108,,IN_MEMBERSHIP
MET,2022-09-30,MetLife Inc,METLIFE,59156R108,,IN_MEMBERSHIP
MET,2022-12-31,MetLife Inc,METLIFE,59156R108,,IN_MEMBERSHIP
MET,2023-03-31,MetLife Inc,METLIFE,59156R108,,IN_MEMBERSHIP
MET,2023-06-30,MetLife Inc,METLIFE,59156R108,,IN_MEMBERSHIP
MET,2023-09-30,MetLife Inc,METLIFE,59156R108,,IN_MEMBERSHIP
MET,2023-12-31,MetLife Inc,METLIFE,59156R108,,IN_MEMBERSHIP
MET,2024-03-31,MetLife Inc,METLIFE,59156R108,,IN_MEMBERSHIP
MET,2024-06-30,MetLife Inc,METLIFE,59156R108,,IN_MEMBERSHIP
MET,2024-09-30,MetLife Inc,METLIFE,59156R108,,IN_MEMBERSHIP
MET,2024-12-31,MetLife Inc,METLIFE,59156R108,,IN_MEMBERSHIP
MET,2025-03-31,MetLife Inc,METLIFE,59156R108,,IN_MEMBERSHIP
MET,2025-06-30,MetLife Inc,METLIFE,59156R108,,IN_MEMBERSHIP
MET,2025-09-30,MetLife Inc,METLIFE,59156R108,,IN_MEMBERSHIP
MET,2025-12-31,MetLife Inc,METLIFE,59156R108,,IN_MEMBERSHIP
META,2020-12-31,Facebook Inc,FACEBOOK,30303M102,,PRE_WINDOW_SUPPORT
META,2021-03-31,Facebook Inc,FACEBOOK,30303M102,,IN_MEMBERSHIP
META,2021-06-30,Facebook Inc,FACEBOOK,30303M102,,IN_MEMBERSHIP
META,2021-09-30,Facebook Inc,FACEBOOK,30303M102,,IN_MEMBERSHIP
META,2021-12-31,Meta Platforms Inc,META PLATFORMS,30303M102,,IN_MEMBERSHIP
META,2022-03-31,Meta Platforms Inc,META PLATFORMS,30303M102,,IN_MEMBERSHIP
META,2022-06-30,Meta Platforms Inc,META PLATFORMS,30303M102,,IN_MEMBERSHIP
META,2022-09-30,Meta Platforms Inc,META PLATFORMS,30303M102,,IN_MEMBERSHIP
META,2022-12-31,Meta Platforms Inc,META PLATFORMS,30303M102,,IN_MEMBERSHIP
META,2023-03-31,Meta Platforms Inc,META PLATFORMS,30303M102,,IN_MEMBERSHIP
META,2023-06-30,Meta Platforms Inc,META PLATFORMS,30303M102,,IN_MEMBERSHIP
META,2023-09-30,Meta Platforms Inc,META PLATFORMS,30303M102,,IN_MEMBERSHIP
META,2023-12-31,Meta Platforms Inc,META PLATFORMS,30303M102,,IN_MEMBERSHIP
META,2024-03-31,Meta Platforms Inc,META PLATFORMS,30303M102,,IN_MEMBERSHIP
META,2024-06-30,Meta Platforms Inc,META PLATFORMS,30303M102,,IN_MEMBERSHIP
META,2024-09-30,Meta Platforms Inc,META PLATFORMS,30303M102,,IN_MEMBERSHIP
META,2024-12-31,Meta Platforms Inc,META PLATFORMS,30303M102,,IN_MEMBERSHIP
META,2025-03-31,Meta Platforms Inc,META PLATFORMS,30303M102,,IN_MEMBERSHIP
META,2025-06-30,Meta Platforms Inc,META PLATFORMS,30303M102,,IN_MEMBERSHIP
META,2025-09-30,Meta Platforms Inc,META PLATFORMS,30303M102,,IN_MEMBERSHIP
META,2025-12-31,Meta Platforms Inc,META PLATFORMS,30303M102,,IN_MEMBERSHIP
MGM,2020-12-31,MGM Resorts International,MGM RESORTS INTERNATIONAL,552953101,,PRE_WINDOW_SUPPORT
MGM,2021-03-31,MGM Resorts International,MGM RESORTS INTERNATIONAL,552953101,,IN_MEMBERSHIP
MGM,2021-06-30,MGM Resorts International,MGM RESORTS INTERNATIONAL,552953101,,IN_MEMBERSHIP
MGM,2021-09-30,MGM Resorts International,MGM RESORTS INTERNATIONAL,552953101,,IN_MEMBERSHIP
MGM,2021-12-31,MGM Resorts International,MGM RESORTS INTERNATIONAL,552953101,,IN_MEMBERSHIP
MGM,2022-03-31,MGM Resorts International,MGM RESORTS INTERNATIONAL,552953101,,IN_MEMBERSHIP
MGM,2022-06-30,MGM Resorts International,MGM RESORTS INTERNATIONAL,552953101,,IN_MEMBERSHIP
MGM,2022-09-30,MGM Resorts International,MGM RESORTS INTERNATIONAL,552953101,,IN_MEMBERSHIP
MGM,2022-12-31,MGM Resorts International,MGM RESORTS INTERNATIONAL,552953101,,IN_MEMBERSHIP
MGM,2023-03-31,MGM Resorts International,MGM RESORTS INTERNATIONAL,552953101,,IN_MEMBERSHIP
MGM,2023-06-30,MGM Resorts International,MGM RESORTS INTERNATIONAL,552953101,,IN_MEMBERSHIP
MGM,2023-09-30,MGM Resorts International,MGM RESORTS INTERNATIONAL,552953101,,IN_MEMBERSHIP
MGM,2023-12-31,MGM Resorts International,MGM RESORTS INTERNATIONAL,552953101,,IN_MEMBERSHIP
MGM,2024-03-31,MGM Resorts International,MGM RESORTS INTERNATIONAL,552953101,,IN_MEMBERSHIP
MGM,2024-06-30,MGM Resorts International,MGM RESORTS INTERNATIONAL,552953101,,IN_MEMBERSHIP
MGM,2024-09-30,MGM Resorts International,MGM RESORTS INTERNATIONAL,552953101,,IN_MEMBERSHIP
MGM,2024-12-31,MGM Resorts International,MGM RESORTS INTERNATIONAL,552953101,,IN_MEMBERSHIP
MGM,2025-03-31,MGM Resorts International,MGM RESORTS INTERNATIONAL,552953101,,IN_MEMBERSHIP
MGM,2025-06-30,MGM Resorts International,MGM RESORTS INTERNATIONAL,552953101,,IN_MEMBERSHIP
MGM,2025-09-30,MGM Resorts International,MGM RESORTS INTERNATIONAL,552953101,,IN_MEMBERSHIP
MGM,2025-12-31,MGM Resorts International,MGM RESORTS INTERNATIONAL,552953101,,IN_MEMBERSHIP
MKC,2020-12-31,McCormick & Co Inc/MD,MCCORMICK AND CO INC MD,579780206,,PRE_WINDOW_SUPPORT
MKC,2021-03-31,McCormick & Co Inc/MD,MCCORMICK AND CO INC MD,579780206,,IN_MEMBERSHIP
MKC,2021-06-30,McCormick & Co Inc/MD,MCCORMICK AND CO INC MD,579780206,,IN_MEMBERSHIP
MKC,2021-09-30,McCormick & Co Inc/MD,MCCORMICK AND CO INC MD,579780206,,IN_MEMBERSHIP
MKC,2021-12-31,McCormick & Co Inc/MD,MCCORMICK AND CO INC MD,579780206,,IN_MEMBERSHIP
MKC,2022-03-31,McCormick & Co Inc/MD,MCCORMICK AND CO INC MD,579780206,,IN_MEMBERSHIP
MKC,2022-06-30,McCormick & Co Inc/MD,MCCORMICK AND CO INC MD,579780206,,IN_MEMBERSHIP
MKC,2022-09-30,McCormick & Co Inc/MD,MCCORMICK AND CO INC MD,579780206,,IN_MEMBERSHIP
MKC,2022-12-31,McCormick & Co Inc/MD,MCCORMICK AND CO INC MD,579780206,,IN_MEMBERSHIP
MKC,2023-03-31,McCormick & Co Inc/MD,MCCORMICK AND CO INC MD,579780206,,IN_MEMBERSHIP
MKC,2023-06-30,McCormick & Co Inc/MD,MCCORMICK AND CO INC MD,579780206,,IN_MEMBERSHIP
MKC,2023-09-30,McCormick & Co Inc/MD,MCCORMICK AND CO INC MD,579780206,,IN_MEMBERSHIP
MKC,2023-12-31,McCormick & Co Inc/MD,MCCORMICK AND CO INC MD,579780206,,IN_MEMBERSHIP
MKC,2024-03-31,McCormick & Co Inc/MD,MCCORMICK AND CO INC MD,579780206,,IN_MEMBERSHIP
MKC,2024-06-30,McCormick & Co Inc/MD,MCCORMICK AND CO INC MD,579780206,,IN_MEMBERSHIP
MKC,2024-09-30,McCormick & Co Inc/MD,MCCORMICK AND CO INC MD,579780206,,IN_MEMBERSHIP
MKC,2024-12-31,McCormick & Co Inc/MD,MCCORMICK AND CO INC MD,579780206,,IN_MEMBERSHIP
MKC,2025-03-31,McCormick & Co Inc/MD,MCCORMICK AND CO INC MD,579780206,,IN_MEMBERSHIP
MKC,2025-06-30,McCormick & Co Inc/MD,MCCORMICK AND CO INC MD,579780206,,IN_MEMBERSHIP
MKC,2025-09-30,McCormick & Co Inc/MD,MCCORMICK AND CO INC MD,579780206,,IN_MEMBERSHIP
MKC,2025-12-31,McCormick & Co Inc/MD,MCCORMICK AND CO INC MD,579780206,,IN_MEMBERSHIP
MLM,2020-12-31,Martin Marietta Materials Inc,MARTIN MARIETTA MATERIALS,573284106,,PRE_WINDOW_SUPPORT
MLM,2021-03-31,Martin Marietta Materials Inc,MARTIN MARIETTA MATERIALS,573284106,,IN_MEMBERSHIP
MLM,2021-06-30,Martin Marietta Materials Inc,MARTIN MARIETTA MATERIALS,573284106,,IN_MEMBERSHIP
MLM,2021-09-30,Martin Marietta Materials Inc,MARTIN MARIETTA MATERIALS,573284106,,IN_MEMBERSHIP
MLM,2021-12-31,Martin Marietta Materials Inc,MARTIN MARIETTA MATERIALS,573284106,,IN_MEMBERSHIP
MLM,2022-03-31,Martin Marietta Materials Inc,MARTIN MARIETTA MATERIALS,573284106,,IN_MEMBERSHIP
MLM,2022-06-30,Martin Marietta Materials Inc,MARTIN MARIETTA MATERIALS,573284106,,IN_MEMBERSHIP
MLM,2022-09-30,Martin Marietta Materials Inc,MARTIN MARIETTA MATERIALS,573284106,,IN_MEMBERSHIP
MLM,2022-12-31,Martin Marietta Materials Inc,MARTIN MARIETTA MATERIALS,573284106,,IN_MEMBERSHIP
MLM,2023-03-31,Martin Marietta Materials Inc,MARTIN MARIETTA MATERIALS,573284106,,IN_MEMBERSHIP
MLM,2023-06-30,Martin Marietta Materials Inc,MARTIN MARIETTA MATERIALS,573284106,,IN_MEMBERSHIP
MLM,2023-09-30,Martin Marietta Materials Inc,MARTIN MARIETTA MATERIALS,573284106,,IN_MEMBERSHIP
MLM,2023-12-31,Martin Marietta Materials Inc,MARTIN MARIETTA MATERIALS,573284106,,IN_MEMBERSHIP
MLM,2024-03-31,Martin Marietta Materials Inc,MARTIN MARIETTA MATERIALS,573284106,,IN_MEMBERSHIP
MLM,2024-06-30,Martin Marietta Materials Inc,MARTIN MARIETTA MATERIALS,573284106,,IN_MEMBERSHIP
MLM,2024-09-30,Martin Marietta Materials Inc,MARTIN MARIETTA MATERIALS,573284106,,IN_MEMBERSHIP
MLM,2024-12-31,Martin Marietta Materials Inc,MARTIN MARIETTA MATERIALS,573284106,,IN_MEMBERSHIP
MLM,2025-03-31,Martin Marietta Materials Inc,MARTIN MARIETTA MATERIALS,573284106,,IN_MEMBERSHIP
MLM,2025-06-30,Martin Marietta Materials Inc,MARTIN MARIETTA MATERIALS,573284106,,IN_MEMBERSHIP
MLM,2025-09-30,Martin Marietta Materials Inc,MARTIN MARIETTA MATERIALS,573284106,,IN_MEMBERSHIP
MLM,2025-12-31,Martin Marietta Materials Inc,MARTIN MARIETTA MATERIALS,573284106,,IN_MEMBERSHIP
MMM,2020-12-31,3M Co,3M,88579Y101,,PRE_WINDOW_SUPPORT
MMM,2021-03-31,3M Co,3M,88579Y101,,IN_MEMBERSHIP
MMM,2021-06-30,3M Co,3M,88579Y101,,IN_MEMBERSHIP
MMM,2021-09-30,3M Co,3M,88579Y101,,IN_MEMBERSHIP
MMM,2021-12-31,3M Co,3M,88579Y101,,IN_MEMBERSHIP
MMM,2022-03-31,3M Co,3M,88579Y101,,IN_MEMBERSHIP
MMM,2022-06-30,3M Co,3M,88579Y101,,IN_MEMBERSHIP
MMM,2022-09-30,3M Co,3M,88579Y101,,IN_MEMBERSHIP
MMM,2022-12-31,3M Co,3M,88579Y101,,IN_MEMBERSHIP
MMM,2023-03-31,3M Co,3M,88579Y101,,IN_MEMBERSHIP
MMM,2023-06-30,3M Co,3M,88579Y101,,IN_MEMBERSHIP
MMM,2023-09-30,3M Co,3M,88579Y101,,IN_MEMBERSHIP
MMM,2023-12-31,3M Co,3M,88579Y101,,IN_MEMBERSHIP
MMM,2024-03-31,3M Co,3M,88579Y101,,IN_MEMBERSHIP
MMM,2024-06-30,3M Co,3M,88579Y101,,IN_MEMBERSHIP
MMM,2024-09-30,3M Co,3M,88579Y101,,IN_MEMBERSHIP
MMM,2024-12-31,3M Co,3M,88579Y101,,IN_MEMBERSHIP
MMM,2025-03-31,3M Co,3M,88579Y101,,IN_MEMBERSHIP
MMM,2025-06-30,3M Co,3M,88579Y101,,IN_MEMBERSHIP
MMM,2025-09-30,3M Co,3M,88579Y101,,IN_MEMBERSHIP
MMM,2025-12-31,3M Co,3M,88579Y101,,IN_MEMBERSHIP
MNST,2020-12-31,Monster Beverage Corp,MONSTER BEVERAGE,61174X109,,PRE_WINDOW_SUPPORT
MNST,2021-03-31,Monster Beverage Corp,MONSTER BEVERAGE,61174X109,,IN_MEMBERSHIP
MNST,2021-06-30,Monster Beverage Corp,MONSTER BEVERAGE,61174X109,,IN_MEMBERSHIP
MNST,2021-09-30,Monster Beverage Corp,MONSTER BEVERAGE,61174X109,,IN_MEMBERSHIP
MNST,2021-12-31,Monster Beverage Corp,MONSTER BEVERAGE,61174X109,,IN_MEMBERSHIP
MNST,2022-03-31,Monster Beverage Corp,MONSTER BEVERAGE,61174X109,,IN_MEMBERSHIP
MNST,2022-06-30,Monster Beverage Corp,MONSTER BEVERAGE,61174X109,,IN_MEMBERSHIP
MNST,2022-09-30,Monster Beverage Corp,MONSTER BEVERAGE,61174X109,,IN_MEMBERSHIP
MNST,2022-12-31,Monster Beverage Corp,MONSTER BEVERAGE,61174X109,,IN_MEMBERSHIP
MNST,2023-03-31,Monster Beverage Corp,MONSTER BEVERAGE,61174X109,,IN_MEMBERSHIP
MNST,2023-06-30,Monster Beverage Corp,MONSTER BEVERAGE,61174X109,,IN_MEMBERSHIP
MNST,2023-09-30,Monster Beverage Corp,MONSTER BEVERAGE,61174X109,,IN_MEMBERSHIP
MNST,2023-12-31,Monster Beverage Corp,MONSTER BEVERAGE,61174X109,,IN_MEMBERSHIP
MNST,2024-03-31,Monster Beverage Corp,MONSTER BEVERAGE,61174X109,,IN_MEMBERSHIP
MNST,2024-06-30,Monster Beverage Corp,MONSTER BEVERAGE,61174X109,,IN_MEMBERSHIP
MNST,2024-09-30,Monster Beverage Corp,MONSTER BEVERAGE,61174X109,,IN_MEMBERSHIP
MNST,2024-12-31,Monster Beverage Corp,MONSTER BEVERAGE,61174X109,,IN_MEMBERSHIP
MNST,2025-03-31,Monster Beverage Corp,MONSTER BEVERAGE,61174X109,,IN_MEMBERSHIP
MNST,2025-06-30,Monster Beverage Corp,MONSTER BEVERAGE,61174X109,,IN_MEMBERSHIP
MNST,2025-09-30,Monster Beverage Corp,MONSTER BEVERAGE,61174X109,,IN_MEMBERSHIP
MNST,2025-12-31,Monster Beverage Corp,MONSTER BEVERAGE,61174X109,,IN_MEMBERSHIP
MO,2020-12-31,Altria Group Inc,ALTRIA GROUP,02209S103,,PRE_WINDOW_SUPPORT
MO,2021-03-31,Altria Group Inc,ALTRIA GROUP,02209S103,,IN_MEMBERSHIP
MO,2021-06-30,Altria Group Inc,ALTRIA GROUP,02209S103,,IN_MEMBERSHIP
MO,2021-09-30,Altria Group Inc,ALTRIA GROUP,02209S103,,IN_MEMBERSHIP
MO,2021-12-31,Altria Group Inc,ALTRIA GROUP,02209S103,,IN_MEMBERSHIP
MO,2022-03-31,Altria Group Inc,ALTRIA GROUP,02209S103,,IN_MEMBERSHIP
MO,2022-06-30,Altria Group Inc,ALTRIA GROUP,02209S103,,IN_MEMBERSHIP
MO,2022-09-30,Altria Group Inc,ALTRIA GROUP,02209S103,,IN_MEMBERSHIP
MO,2022-12-31,Altria Group Inc,ALTRIA GROUP,02209S103,,IN_MEMBERSHIP
MO,2023-03-31,Altria Group Inc,ALTRIA GROUP,02209S103,,IN_MEMBERSHIP
MO,2023-06-30,Altria Group Inc,ALTRIA GROUP,02209S103,,IN_MEMBERSHIP
MO,2023-09-30,Altria Group Inc,ALTRIA GROUP,02209S103,,IN_MEMBERSHIP
MO,2023-12-31,Altria Group Inc,ALTRIA GROUP,02209S103,,IN_MEMBERSHIP
MO,2024-03-31,Altria Group Inc,ALTRIA GROUP,02209S103,,IN_MEMBERSHIP
MO,2024-06-30,Altria Group Inc,ALTRIA GROUP,02209S103,,IN_MEMBERSHIP
MO,2024-09-30,Altria Group Inc,ALTRIA GROUP,02209S103,,IN_MEMBERSHIP
MO,2024-12-31,Altria Group Inc,ALTRIA GROUP,02209S103,,IN_MEMBERSHIP
MO,2025-03-31,Altria Group Inc,ALTRIA GROUP,02209S103,,IN_MEMBERSHIP
MO,2025-06-30,Altria Group Inc,ALTRIA GROUP,02209S103,,IN_MEMBERSHIP
MO,2025-09-30,Altria Group Inc,ALTRIA GROUP,02209S103,,IN_MEMBERSHIP
MO,2025-12-31,Altria Group Inc,ALTRIA GROUP,02209S103,,IN_MEMBERSHIP
MOS,2020-12-31,Mosaic Co/The,MOSAIC,61945C103,,PRE_WINDOW_SUPPORT
MOS,2021-03-31,Mosaic Co/The,MOSAIC,61945C103,,IN_MEMBERSHIP
MOS,2021-06-30,Mosaic Co/The,MOSAIC,61945C103,,IN_MEMBERSHIP
MOS,2021-09-30,Mosaic Co/The,MOSAIC,61945C103,,IN_MEMBERSHIP
MOS,2021-12-31,Mosaic Co/The,MOSAIC,61945C103,,IN_MEMBERSHIP
MOS,2022-03-31,Mosaic Co/The,MOSAIC,61945C103,,IN_MEMBERSHIP
MOS,2022-06-30,Mosaic Co/The,MOSAIC,61945C103,,IN_MEMBERSHIP
MOS,2022-09-30,Mosaic Co/The,MOSAIC,61945C103,,IN_MEMBERSHIP
MOS,2022-12-31,Mosaic Co/The,MOSAIC,61945C103,,IN_MEMBERSHIP
MOS,2023-03-31,Mosaic Co/The,MOSAIC,61945C103,,IN_MEMBERSHIP
MOS,2023-06-30,Mosaic Co/The,MOSAIC,61945C103,,IN_MEMBERSHIP
MOS,2023-09-30,Mosaic Co/The,MOSAIC,61945C103,,IN_MEMBERSHIP
MOS,2023-12-31,Mosaic Co/The,MOSAIC,61945C103,,IN_MEMBERSHIP
MOS,2024-03-31,Mosaic Co/The,MOSAIC,61945C103,,IN_MEMBERSHIP
MOS,2024-06-30,Mosaic Co/The,MOSAIC,61945C103,,IN_MEMBERSHIP
MOS,2024-09-30,Mosaic Co/The,MOSAIC,61945C103,,IN_MEMBERSHIP
MOS,2024-12-31,Mosaic Co/The,MOSAIC,61945C103,,IN_MEMBERSHIP
MOS,2025-03-31,Mosaic Co/The,MOSAIC,61945C103,,IN_MEMBERSHIP
MOS,2025-06-30,Mosaic Co/The,MOSAIC,61945C103,,IN_MEMBERSHIP
MOS,2025-09-30,Mosaic Co/The,MOSAIC,61945C103,,IN_MEMBERSHIP
MOS,2025-12-31,Mosaic Co/The,MOSAIC,61945C103,,IN_MEMBERSHIP
MPC,2020-12-31,Marathon Petroleum Corp,MARATHON PETROLEUM,56585A102,,PRE_WINDOW_SUPPORT
MPC,2021-03-31,Marathon Petroleum Corp,MARATHON PETROLEUM,56585A102,,IN_MEMBERSHIP
MPC,2021-06-30,Marathon Petroleum Corp,MARATHON PETROLEUM,56585A102,,IN_MEMBERSHIP
MPC,2021-09-30,Marathon Petroleum Corp,MARATHON PETROLEUM,56585A102,,IN_MEMBERSHIP
MPC,2021-12-31,Marathon Petroleum Corp,MARATHON PETROLEUM,56585A102,,IN_MEMBERSHIP
MPC,2022-03-31,Marathon Petroleum Corp,MARATHON PETROLEUM,56585A102,,IN_MEMBERSHIP
MPC,2022-06-30,Marathon Petroleum Corp,MARATHON PETROLEUM,56585A102,,IN_MEMBERSHIP
MPC,2022-09-30,Marathon Petroleum Corp,MARATHON PETROLEUM,56585A102,,IN_MEMBERSHIP
MPC,2022-12-31,Marathon Petroleum Corp,MARATHON PETROLEUM,56585A102,,IN_MEMBERSHIP
MPC,2023-03-31,Marathon Petroleum Corp,MARATHON PETROLEUM,56585A102,,IN_MEMBERSHIP
MPC,2023-06-30,Marathon Petroleum Corp,MARATHON PETROLEUM,56585A102,,IN_MEMBERSHIP
MPC,2023-09-30,Marathon Petroleum Corp,MARATHON PETROLEUM,56585A102,,IN_MEMBERSHIP
MPC,2023-12-31,Marathon Petroleum Corp,MARATHON PETROLEUM,56585A102,,IN_MEMBERSHIP
MPC,2024-03-31,Marathon Petroleum Corp,MARATHON PETROLEUM,56585A102,,IN_MEMBERSHIP
MPC,2024-06-30,Marathon Petroleum Corp,MARATHON PETROLEUM,56585A102,,IN_MEMBERSHIP
MPC,2024-09-30,Marathon Petroleum Corp,MARATHON PETROLEUM,56585A102,,IN_MEMBERSHIP
MPC,2024-12-31,Marathon Petroleum Corp,MARATHON PETROLEUM,56585A102,,IN_MEMBERSHIP
MPC,2025-03-31,Marathon Petroleum Corp,MARATHON PETROLEUM,56585A102,,IN_MEMBERSHIP
MPC,2025-06-30,Marathon Petroleum Corp,MARATHON PETROLEUM,56585A102,,IN_MEMBERSHIP
MPC,2025-09-30,Marathon Petroleum Corp,MARATHON PETROLEUM,56585A102,,IN_MEMBERSHIP
MPC,2025-12-31,Marathon Petroleum Corp,MARATHON PETROLEUM,56585A102,,IN_MEMBERSHIP
MPWR,2021-03-31,Monolithic Power Systems Inc,MONOLITHIC POWER SYSTEMS,609839105,,IN_MEMBERSHIP
MPWR,2021-06-30,Monolithic Power Systems Inc,MONOLITHIC POWER SYSTEMS,609839105,,IN_MEMBERSHIP
MPWR,2021-09-30,Monolithic Power Systems Inc,MONOLITHIC POWER SYSTEMS,609839105,,IN_MEMBERSHIP
MPWR,2021-12-31,Monolithic Power Systems Inc,MONOLITHIC POWER SYSTEMS,609839105,,IN_MEMBERSHIP
MPWR,2022-03-31,Monolithic Power Systems Inc,MONOLITHIC POWER SYSTEMS,609839105,,IN_MEMBERSHIP
MPWR,2022-06-30,Monolithic Power Systems Inc,MONOLITHIC POWER SYSTEMS,609839105,,IN_MEMBERSHIP
MPWR,2022-09-30,Monolithic Power Systems Inc,MONOLITHIC POWER SYSTEMS,609839105,,IN_MEMBERSHIP
MPWR,2022-12-31,Monolithic Power Systems Inc,MONOLITHIC POWER SYSTEMS,609839105,,IN_MEMBERSHIP
MPWR,2023-03-31,Monolithic Power Systems Inc,MONOLITHIC POWER SYSTEMS,609839105,,IN_MEMBERSHIP
MPWR,2023-06-30,Monolithic Power Systems Inc,MONOLITHIC POWER SYSTEMS,609839105,,IN_MEMBERSHIP
MPWR,2023-09-30,Monolithic Power Systems Inc,MONOLITHIC POWER SYSTEMS,609839105,,IN_MEMBERSHIP
MPWR,2023-12-31,Monolithic Power Systems Inc,MONOLITHIC POWER SYSTEMS,609839105,,IN_MEMBERSHIP
MPWR,2024-03-31,Monolithic Power Systems Inc,MONOLITHIC POWER SYSTEMS,609839105,,IN_MEMBERSHIP
MPWR,2024-06-30,Monolithic Power Systems Inc,MONOLITHIC POWER SYSTEMS,609839105,,IN_MEMBERSHIP
MPWR,2024-09-30,Monolithic Power Systems Inc,MONOLITHIC POWER SYSTEMS,609839105,,IN_MEMBERSHIP
MPWR,2024-12-31,Monolithic Power Systems Inc,MONOLITHIC POWER SYSTEMS,609839105,,IN_MEMBERSHIP
MPWR,2025-03-31,Monolithic Power Systems Inc,MONOLITHIC POWER SYSTEMS,609839105,,IN_MEMBERSHIP
MPWR,2025-06-30,Monolithic Power Systems Inc,MONOLITHIC POWER SYSTEMS,609839105,,IN_MEMBERSHIP
MPWR,2025-09-30,Monolithic Power Systems Inc,MONOLITHIC POWER SYSTEMS,609839105,,IN_MEMBERSHIP
MPWR,2025-12-31,Monolithic Power Systems Inc,MONOLITHIC POWER SYSTEMS,609839105,,IN_MEMBERSHIP
MRK,2020-12-31,Merck & Co Inc,MERCK AND,58933Y105,,PRE_WINDOW_SUPPORT
MRK,2021-03-31,Merck & Co Inc,MERCK AND,58933Y105,,IN_MEMBERSHIP
MRK,2021-06-30,Merck & Co Inc,MERCK AND,58933Y105,,IN_MEMBERSHIP
MRK,2021-09-30,Merck & Co Inc,MERCK AND,58933Y105,,IN_MEMBERSHIP
MRK,2021-12-31,Merck & Co Inc,MERCK AND,58933Y105,,IN_MEMBERSHIP
MRK,2022-03-31,Merck & Co Inc,MERCK AND,58933Y105,,IN_MEMBERSHIP
MRK,2022-06-30,Merck & Co Inc,MERCK AND,58933Y105,,IN_MEMBERSHIP
MRK,2022-09-30,Merck & Co Inc,MERCK AND,58933Y105,,IN_MEMBERSHIP
MRK,2022-12-31,Merck & Co Inc,MERCK AND,58933Y105,,IN_MEMBERSHIP
MRK,2023-03-31,Merck & Co Inc,MERCK AND,58933Y105,,IN_MEMBERSHIP
MRK,2023-06-30,Merck & Co Inc,MERCK AND,58933Y105,,IN_MEMBERSHIP
MRK,2023-09-30,Merck & Co Inc,MERCK AND,58933Y105,,IN_MEMBERSHIP
MRK,2023-12-31,Merck & Co Inc,MERCK AND,58933Y105,,IN_MEMBERSHIP
MRK,2024-03-31,Merck & Co Inc,MERCK AND,58933Y105,,IN_MEMBERSHIP
MRK,2024-06-30,Merck & Co Inc,MERCK AND,58933Y105,,IN_MEMBERSHIP
MRK,2024-09-30,Merck & Co Inc,MERCK AND,58933Y105,,IN_MEMBERSHIP
MRK,2024-12-31,Merck & Co Inc,MERCK AND,58933Y105,,IN_MEMBERSHIP
MRK,2025-03-31,Merck & Co Inc,MERCK AND,58933Y105,,IN_MEMBERSHIP
MRK,2025-06-30,Merck & Co Inc,MERCK AND,58933Y105,,IN_MEMBERSHIP
MRK,2025-09-30,Merck & Co Inc,MERCK AND,58933Y105,,IN_MEMBERSHIP
MRK,2025-12-31,Merck & Co Inc,MERCK AND,58933Y105,,IN_MEMBERSHIP
MRNA,2021-09-30,Moderna Inc,MODERNA,60770K107,,IN_MEMBERSHIP
MRNA,2021-12-31,Moderna Inc,MODERNA,60770K107,,IN_MEMBERSHIP
MRNA,2022-03-31,Moderna Inc,MODERNA,60770K107,,IN_MEMBERSHIP
MRNA,2022-06-30,Moderna Inc,MODERNA,60770K107,,IN_MEMBERSHIP
MRNA,2022-09-30,Moderna Inc,MODERNA,60770K107,,IN_MEMBERSHIP
MRNA,2022-12-31,Moderna Inc,MODERNA,60770K107,,IN_MEMBERSHIP
MRNA,2023-03-31,Moderna Inc,MODERNA,60770K107,,IN_MEMBERSHIP
MRNA,2023-06-30,Moderna Inc,MODERNA,60770K107,,IN_MEMBERSHIP
MRNA,2023-09-30,Moderna Inc,MODERNA,60770K107,,IN_MEMBERSHIP
MRNA,2023-12-31,Moderna Inc,MODERNA,60770K107,,IN_MEMBERSHIP
MRNA,2024-03-31,Moderna Inc,MODERNA,60770K107,,IN_MEMBERSHIP
MRNA,2024-06-30,Moderna Inc,MODERNA,60770K107,,IN_MEMBERSHIP
MRNA,2024-09-30,Moderna Inc,MODERNA,60770K107,,IN_MEMBERSHIP
MRNA,2024-12-31,Moderna Inc,MODERNA,60770K107,,IN_MEMBERSHIP
MRNA,2025-03-31,Moderna Inc,MODERNA,60770K107,,IN_MEMBERSHIP
MRNA,2025-06-30,Moderna Inc,MODERNA,60770K107,,IN_MEMBERSHIP
MRNA,2025-09-30,Moderna Inc,MODERNA,60770K107,,IN_MEMBERSHIP
MRNA,2025-12-31,Moderna Inc,MODERNA,60770K107,,IN_MEMBERSHIP
MRSH,2020-12-31,Marsh & McLennan Cos Inc,MARSH AND MCLENNAN COS,571748102,,PRE_WINDOW_SUPPORT
MRSH,2021-03-31,Marsh & McLennan Cos Inc,MARSH AND MCLENNAN COS,571748102,,IN_MEMBERSHIP
MRSH,2021-06-30,Marsh & McLennan Cos Inc,MARSH AND MCLENNAN COS,571748102,,IN_MEMBERSHIP
MRSH,2021-09-30,Marsh & McLennan Cos Inc,MARSH AND MCLENNAN COS,571748102,,IN_MEMBERSHIP
MRSH,2021-12-31,Marsh & McLennan Cos Inc,MARSH AND MCLENNAN COS,571748102,,IN_MEMBERSHIP
MRSH,2022-03-31,Marsh & McLennan Cos Inc,MARSH AND MCLENNAN COS,571748102,,IN_MEMBERSHIP
MRSH,2022-06-30,Marsh & McLennan Cos Inc,MARSH AND MCLENNAN COS,571748102,,IN_MEMBERSHIP
MRSH,2022-09-30,Marsh & McLennan Cos Inc,MARSH AND MCLENNAN COS,571748102,,IN_MEMBERSHIP
MRSH,2022-12-31,Marsh & McLennan Cos Inc,MARSH AND MCLENNAN COS,571748102,,IN_MEMBERSHIP
MRSH,2023-03-31,Marsh & McLennan Cos Inc,MARSH AND MCLENNAN COS,571748102,,IN_MEMBERSHIP
MRSH,2023-06-30,Marsh & McLennan Cos Inc,MARSH AND MCLENNAN COS,571748102,,IN_MEMBERSHIP
MRSH,2023-09-30,Marsh & McLennan Cos Inc,MARSH AND MCLENNAN COS,571748102,,IN_MEMBERSHIP
MRSH,2023-12-31,Marsh & McLennan Cos Inc,MARSH AND MCLENNAN COS,571748102,,IN_MEMBERSHIP
MRSH,2024-03-31,Marsh & McLennan Cos Inc,MARSH AND MCLENNAN COS,571748102,,IN_MEMBERSHIP
MRSH,2024-06-30,Marsh & McLennan Cos Inc,MARSH AND MCLENNAN COS,571748102,,IN_MEMBERSHIP
MRSH,2024-09-30,Marsh & McLennan Cos Inc,MARSH AND MCLENNAN COS,571748102,,IN_MEMBERSHIP
MRSH,2024-12-31,Marsh & McLennan Cos Inc,MARSH AND MCLENNAN COS,571748102,,IN_MEMBERSHIP
MRSH,2025-03-31,Marsh & McLennan Cos Inc,MARSH AND MCLENNAN COS,571748102,,IN_MEMBERSHIP
MRSH,2025-06-30,Marsh & McLennan Cos Inc,MARSH AND MCLENNAN COS,571748102,,IN_MEMBERSHIP
MRSH,2025-09-30,Marsh & McLennan Cos Inc,MARSH AND MCLENNAN COS,571748102,,IN_MEMBERSHIP
MRSH,2025-12-31,Marsh & McLennan Cos Inc,MARSH AND MCLENNAN COS,571748102,,IN_MEMBERSHIP
MS,2020-12-31,Morgan Stanley,MORGAN STANLEY,617446448,,PRE_WINDOW_SUPPORT
MS,2021-03-31,Morgan Stanley,MORGAN STANLEY,617446448,,IN_MEMBERSHIP
MS,2021-06-30,Morgan Stanley,MORGAN STANLEY,617446448,,IN_MEMBERSHIP
MS,2021-09-30,Morgan Stanley,MORGAN STANLEY,617446448,,IN_MEMBERSHIP
MS,2021-12-31,Morgan Stanley,MORGAN STANLEY,617446448,,IN_MEMBERSHIP
MS,2022-03-31,Morgan Stanley,MORGAN STANLEY,617446448,,IN_MEMBERSHIP
MS,2022-06-30,Morgan Stanley,MORGAN STANLEY,617446448,,IN_MEMBERSHIP
MS,2022-09-30,Morgan Stanley,MORGAN STANLEY,617446448,,IN_MEMBERSHIP
MS,2022-12-31,Morgan Stanley,MORGAN STANLEY,617446448,,IN_MEMBERSHIP
MS,2023-03-31,Morgan Stanley,MORGAN STANLEY,617446448,,IN_MEMBERSHIP
MS,2023-06-30,Morgan Stanley,MORGAN STANLEY,617446448,,IN_MEMBERSHIP
MS,2023-09-30,Morgan Stanley,MORGAN STANLEY,617446448,,IN_MEMBERSHIP
MS,2023-12-31,Morgan Stanley,MORGAN STANLEY,617446448,,IN_MEMBERSHIP
MS,2024-03-31,Morgan Stanley,MORGAN STANLEY,617446448,,IN_MEMBERSHIP
MS,2024-06-30,Morgan Stanley,MORGAN STANLEY,617446448,,IN_MEMBERSHIP
MS,2024-09-30,Morgan Stanley,MORGAN STANLEY,617446448,,IN_MEMBERSHIP
MS,2024-12-31,Morgan Stanley,MORGAN STANLEY,617446448,,IN_MEMBERSHIP
MS,2025-03-31,Morgan Stanley,MORGAN STANLEY,617446448,,IN_MEMBERSHIP
MS,2025-06-30,Morgan Stanley,MORGAN STANLEY,617446448,,IN_MEMBERSHIP
MS,2025-09-30,Morgan Stanley,MORGAN STANLEY,617446448,,IN_MEMBERSHIP
MS,2025-12-31,Morgan Stanley,MORGAN STANLEY,617446448,,IN_MEMBERSHIP
MSCI,2020-12-31,MSCI Inc,MSCI,55354G100,,PRE_WINDOW_SUPPORT
MSCI,2021-03-31,MSCI Inc,MSCI,55354G100,,IN_MEMBERSHIP
MSCI,2021-06-30,MSCI Inc,MSCI,55354G100,,IN_MEMBERSHIP
MSCI,2021-09-30,MSCI Inc,MSCI,55354G100,,IN_MEMBERSHIP
MSCI,2021-12-31,MSCI Inc,MSCI,55354G100,,IN_MEMBERSHIP
MSCI,2022-03-31,MSCI Inc,MSCI,55354G100,,IN_MEMBERSHIP
MSCI,2022-06-30,MSCI Inc,MSCI,55354G100,,IN_MEMBERSHIP
MSCI,2022-09-30,MSCI Inc,MSCI,55354G100,,IN_MEMBERSHIP
MSCI,2022-12-31,MSCI Inc,MSCI,55354G100,,IN_MEMBERSHIP
MSCI,2023-03-31,MSCI Inc,MSCI,55354G100,,IN_MEMBERSHIP
MSCI,2023-06-30,MSCI Inc,MSCI,55354G100,,IN_MEMBERSHIP
MSCI,2023-09-30,MSCI Inc,MSCI,55354G100,,IN_MEMBERSHIP
MSCI,2023-12-31,MSCI Inc,MSCI,55354G100,,IN_MEMBERSHIP
MSCI,2024-03-31,MSCI Inc,MSCI,55354G100,,IN_MEMBERSHIP
MSCI,2024-06-30,MSCI Inc,MSCI,55354G100,,IN_MEMBERSHIP
MSCI,2024-09-30,MSCI Inc,MSCI,55354G100,,IN_MEMBERSHIP
MSCI,2024-12-31,MSCI Inc,MSCI,55354G100,,IN_MEMBERSHIP
MSCI,2025-03-31,MSCI Inc,MSCI,55354G100,,IN_MEMBERSHIP
MSCI,2025-06-30,MSCI Inc,MSCI,55354G100,,IN_MEMBERSHIP
MSCI,2025-09-30,MSCI Inc,MSCI,55354G100,,IN_MEMBERSHIP
MSCI,2025-12-31,MSCI Inc,MSCI,55354G100,,IN_MEMBERSHIP
MSFT,2020-12-31,Microsoft Corp,MICROSOFT,594918104,,PRE_WINDOW_SUPPORT
MSFT,2021-03-31,Microsoft Corp,MICROSOFT,594918104,,IN_MEMBERSHIP
MSFT,2021-06-30,Microsoft Corp,MICROSOFT,594918104,,IN_MEMBERSHIP
MSFT,2021-09-30,Microsoft Corp,MICROSOFT,594918104,,IN_MEMBERSHIP
MSFT,2021-12-31,Microsoft Corp,MICROSOFT,594918104,,IN_MEMBERSHIP
MSFT,2022-03-31,Microsoft Corp,MICROSOFT,594918104,,IN_MEMBERSHIP
MSFT,2022-06-30,Microsoft Corp,MICROSOFT,594918104,,IN_MEMBERSHIP
MSFT,2022-09-30,Microsoft Corp,MICROSOFT,594918104,,IN_MEMBERSHIP
MSFT,2022-12-31,Microsoft Corp,MICROSOFT,594918104,,IN_MEMBERSHIP
MSFT,2023-03-31,Microsoft Corp,MICROSOFT,594918104,,IN_MEMBERSHIP
MSFT,2023-06-30,Microsoft Corp,MICROSOFT,594918104,,IN_MEMBERSHIP
MSFT,2023-09-30,Microsoft Corp,MICROSOFT,594918104,,IN_MEMBERSHIP
MSFT,2023-12-31,Microsoft Corp,MICROSOFT,594918104,,IN_MEMBERSHIP
MSFT,2024-03-31,Microsoft Corp,MICROSOFT,594918104,,IN_MEMBERSHIP
MSFT,2024-06-30,Microsoft Corp,MICROSOFT,594918104,,IN_MEMBERSHIP
MSFT,2024-09-30,Microsoft Corp,MICROSOFT,594918104,,IN_MEMBERSHIP
MSFT,2024-12-31,Microsoft Corp,MICROSOFT,594918104,,IN_MEMBERSHIP
MSFT,2025-03-31,Microsoft Corp,MICROSOFT,594918104,,IN_MEMBERSHIP
MSFT,2025-06-30,Microsoft Corp,MICROSOFT,594918104,,IN_MEMBERSHIP
MSFT,2025-09-30,Microsoft Corp,MICROSOFT,594918104,,IN_MEMBERSHIP
MSFT,2025-12-31,Microsoft Corp,MICROSOFT,594918104,,IN_MEMBERSHIP
MSI,2020-12-31,Motorola Solutions Inc,MOTOROLA SOLUTIONS,620076307,,PRE_WINDOW_SUPPORT
MSI,2021-03-31,Motorola Solutions Inc,MOTOROLA SOLUTIONS,620076307,,IN_MEMBERSHIP
MSI,2021-06-30,Motorola Solutions Inc,MOTOROLA SOLUTIONS,620076307,,IN_MEMBERSHIP
MSI,2021-09-30,Motorola Solutions Inc,MOTOROLA SOLUTIONS,620076307,,IN_MEMBERSHIP
MSI,2021-12-31,Motorola Solutions Inc,MOTOROLA SOLUTIONS,620076307,,IN_MEMBERSHIP
MSI,2022-03-31,Motorola Solutions Inc,MOTOROLA SOLUTIONS,620076307,,IN_MEMBERSHIP
MSI,2022-06-30,Motorola Solutions Inc,MOTOROLA SOLUTIONS,620076307,,IN_MEMBERSHIP
MSI,2022-09-30,Motorola Solutions Inc,MOTOROLA SOLUTIONS,620076307,,IN_MEMBERSHIP
MSI,2022-12-31,Motorola Solutions Inc,MOTOROLA SOLUTIONS,620076307,,IN_MEMBERSHIP
MSI,2023-03-31,Motorola Solutions Inc,MOTOROLA SOLUTIONS,620076307,,IN_MEMBERSHIP
MSI,2023-06-30,Motorola Solutions Inc,MOTOROLA SOLUTIONS,620076307,,IN_MEMBERSHIP
MSI,2023-09-30,Motorola Solutions Inc,MOTOROLA SOLUTIONS,620076307,,IN_MEMBERSHIP
MSI,2023-12-31,Motorola Solutions Inc,MOTOROLA SOLUTIONS,620076307,,IN_MEMBERSHIP
MSI,2024-03-31,Motorola Solutions Inc,MOTOROLA SOLUTIONS,620076307,,IN_MEMBERSHIP
MSI,2024-06-30,Motorola Solutions Inc,MOTOROLA SOLUTIONS,620076307,,IN_MEMBERSHIP
MSI,2024-09-30,Motorola Solutions Inc,MOTOROLA SOLUTIONS,620076307,,IN_MEMBERSHIP
MSI,2024-12-31,Motorola Solutions Inc,MOTOROLA SOLUTIONS,620076307,,IN_MEMBERSHIP
MSI,2025-03-31,Motorola Solutions Inc,MOTOROLA SOLUTIONS,620076307,,IN_MEMBERSHIP
MSI,2025-06-30,Motorola Solutions Inc,MOTOROLA SOLUTIONS,620076307,,IN_MEMBERSHIP
MSI,2025-09-30,Motorola Solutions Inc,MOTOROLA SOLUTIONS,620076307,,IN_MEMBERSHIP
MSI,2025-12-31,Motorola Solutions Inc,MOTOROLA SOLUTIONS,620076307,,IN_MEMBERSHIP
MTB,2020-12-31,M&T Bank Corp,M AND T BANK,55261F104,,PRE_WINDOW_SUPPORT
MTB,2021-03-31,M&T Bank Corp,M AND T BANK,55261F104,,IN_MEMBERSHIP
MTB,2021-06-30,M&T Bank Corp,M AND T BANK,55261F104,,IN_MEMBERSHIP
MTB,2021-09-30,M&T Bank Corp,M AND T BANK,55261F104,,IN_MEMBERSHIP
MTB,2021-12-31,M&T Bank Corp,M AND T BANK,55261F104,,IN_MEMBERSHIP
MTB,2022-03-31,M&T Bank Corp,M AND T BANK,55261F104,,IN_MEMBERSHIP
MTB,2022-06-30,M&T Bank Corp,M AND T BANK,55261F104,,IN_MEMBERSHIP
MTB,2022-09-30,M&T Bank Corp,M AND T BANK,55261F104,,IN_MEMBERSHIP
MTB,2022-12-31,M&T Bank Corp,M AND T BANK,55261F104,,IN_MEMBERSHIP
MTB,2023-03-31,M&T Bank Corp,M AND T BANK,55261F104,,IN_MEMBERSHIP
MTB,2023-06-30,M&T Bank Corp,M AND T BANK,55261F104,,IN_MEMBERSHIP
MTB,2023-09-30,M&T Bank Corp,M AND T BANK,55261F104,,IN_MEMBERSHIP
MTB,2023-12-31,M&T Bank Corp,M AND T BANK,55261F104,,IN_MEMBERSHIP
MTB,2024-03-31,M&T Bank Corp,M AND T BANK,55261F104,,IN_MEMBERSHIP
MTB,2024-06-30,M&T Bank Corp,M AND T BANK,55261F104,,IN_MEMBERSHIP
MTB,2024-09-30,M&T Bank Corp,M AND T BANK,55261F104,,IN_MEMBERSHIP
MTB,2024-12-31,M&T Bank Corp,M AND T BANK,55261F104,,IN_MEMBERSHIP
MTB,2025-03-31,M&T Bank Corp,M AND T BANK,55261F104,,IN_MEMBERSHIP
MTB,2025-06-30,M&T Bank Corp,M AND T BANK,55261F104,,IN_MEMBERSHIP
MTB,2025-09-30,M&T Bank Corp,M AND T BANK,55261F104,,IN_MEMBERSHIP
MTB,2025-12-31,M&T Bank Corp,M AND T BANK,55261F104,,IN_MEMBERSHIP
MTD,2020-12-31,Mettler-Toledo International Inc,METTLER TOLEDO INTERNATIONAL,592688105,,PRE_WINDOW_SUPPORT
MTD,2021-03-31,Mettler-Toledo International Inc,METTLER TOLEDO INTERNATIONAL,592688105,,IN_MEMBERSHIP
MTD,2021-06-30,Mettler-Toledo International Inc,METTLER TOLEDO INTERNATIONAL,592688105,,IN_MEMBERSHIP
MTD,2021-09-30,Mettler-Toledo International Inc,METTLER TOLEDO INTERNATIONAL,592688105,,IN_MEMBERSHIP
MTD,2021-12-31,Mettler-Toledo International Inc,METTLER TOLEDO INTERNATIONAL,592688105,,IN_MEMBERSHIP
MTD,2022-03-31,Mettler-Toledo International Inc,METTLER TOLEDO INTERNATIONAL,592688105,,IN_MEMBERSHIP
MTD,2022-06-30,Mettler-Toledo International Inc,METTLER TOLEDO INTERNATIONAL,592688105,,IN_MEMBERSHIP
MTD,2022-09-30,Mettler-Toledo International Inc,METTLER TOLEDO INTERNATIONAL,592688105,,IN_MEMBERSHIP
MTD,2022-12-31,Mettler-Toledo International Inc,METTLER TOLEDO INTERNATIONAL,592688105,,IN_MEMBERSHIP
MTD,2023-03-31,Mettler-Toledo International Inc,METTLER TOLEDO INTERNATIONAL,592688105,,IN_MEMBERSHIP
MTD,2023-06-30,Mettler-Toledo International Inc,METTLER TOLEDO INTERNATIONAL,592688105,,IN_MEMBERSHIP
MTD,2023-09-30,Mettler-Toledo International Inc,METTLER TOLEDO INTERNATIONAL,592688105,,IN_MEMBERSHIP
MTD,2023-12-31,Mettler-Toledo International Inc,METTLER TOLEDO INTERNATIONAL,592688105,,IN_MEMBERSHIP
MTD,2024-03-31,Mettler-Toledo International Inc,METTLER TOLEDO INTERNATIONAL,592688105,,IN_MEMBERSHIP
MTD,2024-06-30,Mettler-Toledo International Inc,METTLER TOLEDO INTERNATIONAL,592688105,,IN_MEMBERSHIP
MTD,2024-09-30,Mettler-Toledo International Inc,METTLER TOLEDO INTERNATIONAL,592688105,,IN_MEMBERSHIP
MTD,2024-12-31,Mettler-Toledo International Inc,METTLER TOLEDO INTERNATIONAL,592688105,,IN_MEMBERSHIP
MTD,2025-03-31,Mettler-Toledo International Inc,METTLER TOLEDO INTERNATIONAL,592688105,,IN_MEMBERSHIP
MTD,2025-06-30,Mettler-Toledo International Inc,METTLER TOLEDO INTERNATIONAL,592688105,,IN_MEMBERSHIP
MTD,2025-09-30,Mettler-Toledo International Inc,METTLER TOLEDO INTERNATIONAL,592688105,,IN_MEMBERSHIP
MTD,2025-12-31,Mettler-Toledo International Inc,METTLER TOLEDO INTERNATIONAL,592688105,,IN_MEMBERSHIP
MU,2020-12-31,Micron Technology Inc,MICRON TECHNOLOGY,595112103,,PRE_WINDOW_SUPPORT
MU,2021-03-31,Micron Technology Inc,MICRON TECHNOLOGY,595112103,,IN_MEMBERSHIP
MU,2021-06-30,Micron Technology Inc,MICRON TECHNOLOGY,595112103,,IN_MEMBERSHIP
MU,2021-09-30,Micron Technology Inc,MICRON TECHNOLOGY,595112103,,IN_MEMBERSHIP
MU,2021-12-31,Micron Technology Inc,MICRON TECHNOLOGY,595112103,,IN_MEMBERSHIP
MU,2022-03-31,Micron Technology Inc,MICRON TECHNOLOGY,595112103,,IN_MEMBERSHIP
MU,2022-06-30,Micron Technology Inc,MICRON TECHNOLOGY,595112103,,IN_MEMBERSHIP
MU,2022-09-30,Micron Technology Inc,MICRON TECHNOLOGY,595112103,,IN_MEMBERSHIP
MU,2022-12-31,Micron Technology Inc,MICRON TECHNOLOGY,595112103,,IN_MEMBERSHIP
MU,2023-03-31,Micron Technology Inc,MICRON TECHNOLOGY,595112103,,IN_MEMBERSHIP
MU,2023-06-30,Micron Technology Inc,MICRON TECHNOLOGY,595112103,,IN_MEMBERSHIP
MU,2023-09-30,Micron Technology Inc,MICRON TECHNOLOGY,595112103,,IN_MEMBERSHIP
MU,2023-12-31,Micron Technology Inc,MICRON TECHNOLOGY,595112103,,IN_MEMBERSHIP
MU,2024-03-31,Micron Technology Inc,MICRON TECHNOLOGY,595112103,,IN_MEMBERSHIP
MU,2024-06-30,Micron Technology Inc,MICRON TECHNOLOGY,595112103,,IN_MEMBERSHIP
MU,2024-09-30,Micron Technology Inc,MICRON TECHNOLOGY,595112103,,IN_MEMBERSHIP
MU,2024-12-31,Micron Technology Inc,MICRON TECHNOLOGY,595112103,,IN_MEMBERSHIP
MU,2025-03-31,Micron Technology Inc,MICRON TECHNOLOGY,595112103,,IN_MEMBERSHIP
MU,2025-06-30,Micron Technology Inc,MICRON TECHNOLOGY,595112103,,IN_MEMBERSHIP
MU,2025-09-30,Micron Technology Inc,MICRON TECHNOLOGY,595112103,,IN_MEMBERSHIP
MU,2025-12-31,Micron Technology Inc,MICRON TECHNOLOGY,595112103,,IN_MEMBERSHIP
NCLH,2020-12-31,Norwegian Cruise Line Holdings Ltd,NORWEGIAN CRUISE LINE,BMG667211046,,PRE_WINDOW_SUPPORT
NCLH,2021-03-31,Norwegian Cruise Line Holdings Ltd,NORWEGIAN CRUISE LINE,BMG667211046,,IN_MEMBERSHIP
NCLH,2021-06-30,Norwegian Cruise Line Holdings Ltd,NORWEGIAN CRUISE LINE,BMG667211046,,IN_MEMBERSHIP
NCLH,2021-09-30,Norwegian Cruise Line Holdings Ltd,NORWEGIAN CRUISE LINE,BMG667211046,,IN_MEMBERSHIP
NCLH,2021-12-31,Norwegian Cruise Line Holdings Ltd,NORWEGIAN CRUISE LINE,BMG667211046,,IN_MEMBERSHIP
NCLH,2022-03-31,Norwegian Cruise Line Holdings Ltd,NORWEGIAN CRUISE LINE,BMG667211046,,IN_MEMBERSHIP
NCLH,2022-06-30,Norwegian Cruise Line Holdings Ltd,NORWEGIAN CRUISE LINE,BMG667211046,,IN_MEMBERSHIP
NCLH,2022-09-30,Norwegian Cruise Line Holdings Ltd,NORWEGIAN CRUISE LINE,BMG667211046,,IN_MEMBERSHIP
NCLH,2022-12-31,Norwegian Cruise Line Holdings Ltd,NORWEGIAN CRUISE LINE,BMG667211046,,IN_MEMBERSHIP
NCLH,2023-03-31,Norwegian Cruise Line Holdings Ltd,NORWEGIAN CRUISE LINE,BMG667211046,,IN_MEMBERSHIP
NCLH,2023-06-30,Norwegian Cruise Line Holdings Ltd,NORWEGIAN CRUISE LINE,BMG667211046,,IN_MEMBERSHIP
NCLH,2023-09-30,Norwegian Cruise Line Holdings Ltd,NORWEGIAN CRUISE LINE,BMG667211046,,IN_MEMBERSHIP
NCLH,2023-12-31,Norwegian Cruise Line Holdings Ltd,NORWEGIAN CRUISE LINE,BMG667211046,,IN_MEMBERSHIP
NCLH,2024-03-31,Norwegian Cruise Line Holdings Ltd,NORWEGIAN CRUISE LINE,BMG667211046,,IN_MEMBERSHIP
NCLH,2024-06-30,Norwegian Cruise Line Holdings Ltd,NORWEGIAN CRUISE LINE,BMG667211046,,IN_MEMBERSHIP
NCLH,2024-09-30,Norwegian Cruise Line Holdings Ltd,NORWEGIAN CRUISE LINE,BMG667211046,,IN_MEMBERSHIP
NCLH,2024-12-31,Norwegian Cruise Line Holdings Ltd,NORWEGIAN CRUISE LINE,BMG667211046,,IN_MEMBERSHIP
NCLH,2025-03-31,Norwegian Cruise Line Holdings Ltd,NORWEGIAN CRUISE LINE,BMG667211046,,IN_MEMBERSHIP
NCLH,2025-06-30,Norwegian Cruise Line Holdings Ltd,NORWEGIAN CRUISE LINE,BMG667211046,,IN_MEMBERSHIP
NCLH,2025-09-30,Norwegian Cruise Line Holdings Ltd,NORWEGIAN CRUISE LINE,BMG667211046,,IN_MEMBERSHIP
NCLH,2025-12-31,Norwegian Cruise Line Holdings Ltd,NORWEGIAN CRUISE LINE,BMG667211046,,IN_MEMBERSHIP
NDAQ,2020-12-31,Nasdaq Inc,NASDAQ,631103108,,PRE_WINDOW_SUPPORT
NDAQ,2021-03-31,Nasdaq Inc,NASDAQ,631103108,,IN_MEMBERSHIP
NDAQ,2021-06-30,Nasdaq Inc,NASDAQ,631103108,,IN_MEMBERSHIP
NDAQ,2021-09-30,Nasdaq Inc,NASDAQ,631103108,,IN_MEMBERSHIP
NDAQ,2021-12-31,Nasdaq Inc,NASDAQ,631103108,,IN_MEMBERSHIP
NDAQ,2022-03-31,Nasdaq Inc,NASDAQ,631103108,,IN_MEMBERSHIP
NDAQ,2022-06-30,Nasdaq Inc,NASDAQ,631103108,,IN_MEMBERSHIP
NDAQ,2022-09-30,Nasdaq Inc,NASDAQ,631103108,,IN_MEMBERSHIP
NDAQ,2022-12-31,Nasdaq Inc,NASDAQ,631103108,,IN_MEMBERSHIP
NDAQ,2023-03-31,Nasdaq Inc,NASDAQ,631103108,,IN_MEMBERSHIP
NDAQ,2023-06-30,Nasdaq Inc,NASDAQ,631103108,,IN_MEMBERSHIP
NDAQ,2023-09-30,Nasdaq Inc,NASDAQ,631103108,,IN_MEMBERSHIP
NDAQ,2023-12-31,Nasdaq Inc,NASDAQ,631103108,,IN_MEMBERSHIP
NDAQ,2024-03-31,Nasdaq Inc,NASDAQ,631103108,,IN_MEMBERSHIP
NDAQ,2024-06-30,Nasdaq Inc,NASDAQ,631103108,,IN_MEMBERSHIP
NDAQ,2024-09-30,Nasdaq Inc,NASDAQ,631103108,,IN_MEMBERSHIP
NDAQ,2024-12-31,Nasdaq Inc,NASDAQ,631103108,,IN_MEMBERSHIP
NDAQ,2025-03-31,Nasdaq Inc,NASDAQ,631103108,,IN_MEMBERSHIP
NDAQ,2025-06-30,Nasdaq Inc,NASDAQ,631103108,,IN_MEMBERSHIP
NDAQ,2025-09-30,Nasdaq Inc,NASDAQ,631103108,,IN_MEMBERSHIP
NDAQ,2025-12-31,Nasdaq Inc,NASDAQ,631103108,,IN_MEMBERSHIP
NDSN,2022-03-31,Nordson Corp,NORDSON,655663102,,IN_MEMBERSHIP
NDSN,2022-06-30,Nordson Corp,NORDSON,655663102,,IN_MEMBERSHIP
NDSN,2022-09-30,Nordson Corp,NORDSON,655663102,,IN_MEMBERSHIP
NDSN,2022-12-31,Nordson Corp,NORDSON,655663102,,IN_MEMBERSHIP
NDSN,2023-03-31,Nordson Corp,NORDSON,655663102,,IN_MEMBERSHIP
NDSN,2023-06-30,Nordson Corp,NORDSON,655663102,,IN_MEMBERSHIP
NDSN,2023-09-30,Nordson Corp,NORDSON,655663102,,IN_MEMBERSHIP
NDSN,2023-12-31,Nordson Corp,NORDSON,655663102,,IN_MEMBERSHIP
NDSN,2024-03-31,Nordson Corp,NORDSON,655663102,,IN_MEMBERSHIP
NDSN,2024-06-30,Nordson Corp,NORDSON,655663102,,IN_MEMBERSHIP
NDSN,2024-09-30,Nordson Corp,NORDSON,655663102,,IN_MEMBERSHIP
NDSN,2024-12-31,Nordson Corp,NORDSON,655663102,,IN_MEMBERSHIP
NDSN,2025-03-31,Nordson Corp,NORDSON,655663102,,IN_MEMBERSHIP
NDSN,2025-06-30,Nordson Corp,NORDSON,655663102,,IN_MEMBERSHIP
NDSN,2025-09-30,Nordson Corp,NORDSON,655663102,,IN_MEMBERSHIP
NDSN,2025-12-31,Nordson Corp,NORDSON,655663102,,IN_MEMBERSHIP
NEE,2020-12-31,NextEra Energy Inc,NEXTERA ENERGY,65339F101,,PRE_WINDOW_SUPPORT
NEE,2021-03-31,NextEra Energy Inc,NEXTERA ENERGY,65339F101,,IN_MEMBERSHIP
NEE,2021-06-30,NextEra Energy Inc,NEXTERA ENERGY,65339F101,,IN_MEMBERSHIP
NEE,2021-09-30,NextEra Energy Inc,NEXTERA ENERGY,65339F101,,IN_MEMBERSHIP
NEE,2021-12-31,NextEra Energy Inc,NEXTERA ENERGY,65339F101,,IN_MEMBERSHIP
NEE,2022-03-31,NextEra Energy Inc,NEXTERA ENERGY,65339F101,,IN_MEMBERSHIP
NEE,2022-06-30,NextEra Energy Inc,NEXTERA ENERGY,65339F101,,IN_MEMBERSHIP
NEE,2022-09-30,NextEra Energy Inc,NEXTERA ENERGY,65339F101,,IN_MEMBERSHIP
NEE,2022-12-31,NextEra Energy Inc,NEXTERA ENERGY,65339F101,,IN_MEMBERSHIP
NEE,2023-03-31,NextEra Energy Inc,NEXTERA ENERGY,65339F101,,IN_MEMBERSHIP
NEE,2023-06-30,NextEra Energy Inc,NEXTERA ENERGY,65339F101,,IN_MEMBERSHIP
NEE,2023-09-30,NextEra Energy Inc,NEXTERA ENERGY,65339F101,,IN_MEMBERSHIP
NEE,2023-12-31,NextEra Energy Inc,NEXTERA ENERGY,65339F101,,IN_MEMBERSHIP
NEE,2024-03-31,NextEra Energy Inc,NEXTERA ENERGY,65339F101,,IN_MEMBERSHIP
NEE,2024-06-30,NextEra Energy Inc,NEXTERA ENERGY,65339F101,,IN_MEMBERSHIP
NEE,2024-09-30,NextEra Energy Inc,NEXTERA ENERGY,65339F101,,IN_MEMBERSHIP
NEE,2024-12-31,NextEra Energy Inc,NEXTERA ENERGY,65339F101,,IN_MEMBERSHIP
NEE,2025-03-31,NextEra Energy Inc,NEXTERA ENERGY,65339F101,,IN_MEMBERSHIP
NEE,2025-06-30,NextEra Energy Inc,NEXTERA ENERGY,65339F101,,IN_MEMBERSHIP
NEE,2025-09-30,NextEra Energy Inc,NEXTERA ENERGY,65339F101,,IN_MEMBERSHIP
NEE,2025-12-31,NextEra Energy Inc,NEXTERA ENERGY,65339F101,,IN_MEMBERSHIP
NEM,2020-12-31,Newmont Corp,NEWMONT,651639106,,PRE_WINDOW_SUPPORT
NEM,2021-03-31,Newmont Corp,NEWMONT,651639106,,IN_MEMBERSHIP
NEM,2021-06-30,Newmont Corp,NEWMONT,651639106,,IN_MEMBERSHIP
NEM,2021-09-30,Newmont Corp,NEWMONT,651639106,,IN_MEMBERSHIP
NEM,2021-12-31,Newmont Corp,NEWMONT,651639106,,IN_MEMBERSHIP
NEM,2022-03-31,Newmont Corp,NEWMONT,651639106,,IN_MEMBERSHIP
NEM,2022-06-30,Newmont Corp,NEWMONT,651639106,,IN_MEMBERSHIP
NEM,2022-09-30,Newmont Corp,NEWMONT,651639106,,IN_MEMBERSHIP
NEM,2022-12-31,Newmont Corp,NEWMONT,651639106,,IN_MEMBERSHIP
NEM,2023-03-31,Newmont Corp,NEWMONT,651639106,,IN_MEMBERSHIP
NEM,2023-06-30,Newmont Corp,NEWMONT,651639106,,IN_MEMBERSHIP
NEM,2023-09-30,Newmont Corp,NEWMONT,651639106,,IN_MEMBERSHIP
NEM,2023-12-31,Newmont Corp,NEWMONT,651639106,,IN_MEMBERSHIP
NEM,2024-03-31,Newmont Corp,NEWMONT,651639106,,IN_MEMBERSHIP
NEM,2024-06-30,Newmont Corp,NEWMONT,651639106,,IN_MEMBERSHIP
NEM,2024-09-30,Newmont Corp,NEWMONT,651639106,,IN_MEMBERSHIP
NEM,2024-12-31,Newmont Corp,NEWMONT,651639106,,IN_MEMBERSHIP
NEM,2025-03-31,Newmont Corp,NEWMONT,651639106,,IN_MEMBERSHIP
NEM,2025-06-30,Newmont Corp,NEWMONT,651639106,,IN_MEMBERSHIP
NEM,2025-09-30,Newmont Corp,NEWMONT,651639106,,IN_MEMBERSHIP
NEM,2025-12-31,Newmont Corp,NEWMONT,651639106,,IN_MEMBERSHIP
NFLX,2020-12-31,Netflix Inc,NETFLIX,64110L106,,PRE_WINDOW_SUPPORT
NFLX,2021-03-31,Netflix Inc,NETFLIX,64110L106,,IN_MEMBERSHIP
NFLX,2021-06-30,Netflix Inc,NETFLIX,64110L106,,IN_MEMBERSHIP
NFLX,2021-09-30,Netflix Inc,NETFLIX,64110L106,,IN_MEMBERSHIP
NFLX,2021-12-31,Netflix Inc,NETFLIX,64110L106,,IN_MEMBERSHIP
NFLX,2022-03-31,Netflix Inc,NETFLIX,64110L106,,IN_MEMBERSHIP
NFLX,2022-06-30,Netflix Inc,NETFLIX,64110L106,,IN_MEMBERSHIP
NFLX,2022-09-30,Netflix Inc,NETFLIX,64110L106,,IN_MEMBERSHIP
NFLX,2022-12-31,Netflix Inc,NETFLIX,64110L106,,IN_MEMBERSHIP
NFLX,2023-03-31,Netflix Inc,NETFLIX,64110L106,,IN_MEMBERSHIP
NFLX,2023-06-30,Netflix Inc,NETFLIX,64110L106,,IN_MEMBERSHIP
NFLX,2023-09-30,Netflix Inc,NETFLIX,64110L106,,IN_MEMBERSHIP
NFLX,2023-12-31,Netflix Inc,NETFLIX,64110L106,,IN_MEMBERSHIP
NFLX,2024-03-31,Netflix Inc,NETFLIX,64110L106,,IN_MEMBERSHIP
NFLX,2024-06-30,Netflix Inc,NETFLIX,64110L106,,IN_MEMBERSHIP
NFLX,2024-09-30,Netflix Inc,NETFLIX,64110L106,,IN_MEMBERSHIP
NFLX,2024-12-31,Netflix Inc,NETFLIX,64110L106,,IN_MEMBERSHIP
NFLX,2025-03-31,Netflix Inc,NETFLIX,64110L106,,IN_MEMBERSHIP
NFLX,2025-06-30,Netflix Inc,NETFLIX,64110L106,,IN_MEMBERSHIP
NFLX,2025-09-30,Netflix Inc,NETFLIX,64110L106,,IN_MEMBERSHIP
NFLX,2025-12-31,Netflix Inc,NETFLIX,64110L106,,IN_MEMBERSHIP
NI,2020-12-31,NiSource Inc,NISOURCE,65473P105,,PRE_WINDOW_SUPPORT
NI,2021-03-31,NiSource Inc,NISOURCE,65473P105,,IN_MEMBERSHIP
NI,2021-06-30,NiSource Inc,NISOURCE,65473P105,,IN_MEMBERSHIP
NI,2021-09-30,NiSource Inc,NISOURCE,65473P105,,IN_MEMBERSHIP
NI,2021-12-31,NiSource Inc,NISOURCE,65473P105,,IN_MEMBERSHIP
NI,2022-03-31,NiSource Inc,NISOURCE,65473P105,,IN_MEMBERSHIP
NI,2022-06-30,NiSource Inc,NISOURCE,65473P105,,IN_MEMBERSHIP
NI,2022-09-30,NiSource Inc,NISOURCE,65473P105,,IN_MEMBERSHIP
NI,2022-12-31,NiSource Inc,NISOURCE,65473P105,,IN_MEMBERSHIP
NI,2023-03-31,NiSource Inc,NISOURCE,65473P105,,IN_MEMBERSHIP
NI,2023-06-30,NiSource Inc,NISOURCE,65473P105,,IN_MEMBERSHIP
NI,2023-09-30,NiSource Inc,NISOURCE,65473P105,,IN_MEMBERSHIP
NI,2023-12-31,NiSource Inc,NISOURCE,65473P105,,IN_MEMBERSHIP
NI,2024-03-31,NiSource Inc,NISOURCE,65473P105,,IN_MEMBERSHIP
NI,2024-06-30,NiSource Inc,NISOURCE,65473P105,,IN_MEMBERSHIP
NI,2024-09-30,NiSource Inc,NISOURCE,65473P105,,IN_MEMBERSHIP
NI,2024-12-31,NiSource Inc,NISOURCE,65473P105,,IN_MEMBERSHIP
NI,2025-03-31,NiSource Inc,NISOURCE,65473P105,,IN_MEMBERSHIP
NI,2025-06-30,NiSource Inc,NISOURCE,65473P105,,IN_MEMBERSHIP
NI,2025-09-30,NiSource Inc,NISOURCE,65473P105,,IN_MEMBERSHIP
NI,2025-12-31,NiSource Inc,NISOURCE,65473P105,,IN_MEMBERSHIP
NKE,2020-12-31,NIKE Inc,NIKE,654106103,,PRE_WINDOW_SUPPORT
NKE,2021-03-31,NIKE Inc,NIKE,654106103,,IN_MEMBERSHIP
NKE,2021-06-30,NIKE Inc,NIKE,654106103,,IN_MEMBERSHIP
NKE,2021-09-30,NIKE Inc,NIKE,654106103,,IN_MEMBERSHIP
NKE,2021-12-31,NIKE Inc,NIKE,654106103,,IN_MEMBERSHIP
NKE,2022-03-31,NIKE Inc,NIKE,654106103,,IN_MEMBERSHIP
NKE,2022-06-30,NIKE Inc,NIKE,654106103,,IN_MEMBERSHIP
NKE,2022-09-30,NIKE Inc,NIKE,654106103,,IN_MEMBERSHIP
NKE,2022-12-31,NIKE Inc,NIKE,654106103,,IN_MEMBERSHIP
NKE,2023-03-31,NIKE Inc,NIKE,654106103,,IN_MEMBERSHIP
NKE,2023-06-30,NIKE Inc,NIKE,654106103,,IN_MEMBERSHIP
NKE,2023-09-30,NIKE Inc,NIKE,654106103,,IN_MEMBERSHIP
NKE,2023-12-31,NIKE Inc,NIKE,654106103,,IN_MEMBERSHIP
NKE,2024-03-31,NIKE Inc,NIKE,654106103,,IN_MEMBERSHIP
NKE,2024-06-30,NIKE Inc,NIKE,654106103,,IN_MEMBERSHIP
NKE,2024-09-30,NIKE Inc,NIKE,654106103,,IN_MEMBERSHIP
NKE,2024-12-31,NIKE Inc,NIKE,654106103,,IN_MEMBERSHIP
NKE,2025-03-31,NIKE Inc,NIKE,654106103,,IN_MEMBERSHIP
NKE,2025-06-30,NIKE Inc,NIKE,654106103,,IN_MEMBERSHIP
NKE,2025-09-30,NIKE Inc,NIKE,654106103,,IN_MEMBERSHIP
NKE,2025-12-31,NIKE Inc,NIKE,654106103,,IN_MEMBERSHIP
NOC,2020-12-31,Northrop Grumman Corp,NORTHROP GRUMMAN,666807102,,PRE_WINDOW_SUPPORT
NOC,2021-03-31,Northrop Grumman Corp,NORTHROP GRUMMAN,666807102,,IN_MEMBERSHIP
NOC,2021-06-30,Northrop Grumman Corp,NORTHROP GRUMMAN,666807102,,IN_MEMBERSHIP
NOC,2021-09-30,Northrop Grumman Corp,NORTHROP GRUMMAN,666807102,,IN_MEMBERSHIP
NOC,2021-12-31,Northrop Grumman Corp,NORTHROP GRUMMAN,666807102,,IN_MEMBERSHIP
NOC,2022-03-31,Northrop Grumman Corp,NORTHROP GRUMMAN,666807102,,IN_MEMBERSHIP
NOC,2022-06-30,Northrop Grumman Corp,NORTHROP GRUMMAN,666807102,,IN_MEMBERSHIP
NOC,2022-09-30,Northrop Grumman Corp,NORTHROP GRUMMAN,666807102,,IN_MEMBERSHIP
NOC,2022-12-31,Northrop Grumman Corp,NORTHROP GRUMMAN,666807102,,IN_MEMBERSHIP
NOC,2023-03-31,Northrop Grumman Corp,NORTHROP GRUMMAN,666807102,,IN_MEMBERSHIP
NOC,2023-06-30,Northrop Grumman Corp,NORTHROP GRUMMAN,666807102,,IN_MEMBERSHIP
NOC,2023-09-30,Northrop Grumman Corp,NORTHROP GRUMMAN,666807102,,IN_MEMBERSHIP
NOC,2023-12-31,Northrop Grumman Corp,NORTHROP GRUMMAN,666807102,,IN_MEMBERSHIP
NOC,2024-03-31,Northrop Grumman Corp,NORTHROP GRUMMAN,666807102,,IN_MEMBERSHIP
NOC,2024-06-30,Northrop Grumman Corp,NORTHROP GRUMMAN,666807102,,IN_MEMBERSHIP
NOC,2024-09-30,Northrop Grumman Corp,NORTHROP GRUMMAN,666807102,,IN_MEMBERSHIP
NOC,2024-12-31,Northrop Grumman Corp,NORTHROP GRUMMAN,666807102,,IN_MEMBERSHIP
NOC,2025-03-31,Northrop Grumman Corp,NORTHROP GRUMMAN,666807102,,IN_MEMBERSHIP
NOC,2025-06-30,Northrop Grumman Corp,NORTHROP GRUMMAN,666807102,,IN_MEMBERSHIP
NOC,2025-09-30,Northrop Grumman Corp,NORTHROP GRUMMAN,666807102,,IN_MEMBERSHIP
NOC,2025-12-31,Northrop Grumman Corp,NORTHROP GRUMMAN,666807102,,IN_MEMBERSHIP
NOW,2020-12-31,ServiceNow Inc,SERVICENOW,81762P102,,PRE_WINDOW_SUPPORT
NOW,2021-03-31,ServiceNow Inc,SERVICENOW,81762P102,,IN_MEMBERSHIP
NOW,2021-06-30,ServiceNow Inc,SERVICENOW,81762P102,,IN_MEMBERSHIP
NOW,2021-09-30,ServiceNow Inc,SERVICENOW,81762P102,,IN_MEMBERSHIP
NOW,2021-12-31,ServiceNow Inc,SERVICENOW,81762P102,,IN_MEMBERSHIP
NOW,2022-03-31,ServiceNow Inc,SERVICENOW,81762P102,,IN_MEMBERSHIP
NOW,2022-06-30,ServiceNow Inc,SERVICENOW,81762P102,,IN_MEMBERSHIP
NOW,2022-09-30,ServiceNow Inc,SERVICENOW,81762P102,,IN_MEMBERSHIP
NOW,2022-12-31,ServiceNow Inc,SERVICENOW,81762P102,,IN_MEMBERSHIP
NOW,2023-03-31,ServiceNow Inc,SERVICENOW,81762P102,,IN_MEMBERSHIP
NOW,2023-06-30,ServiceNow Inc,SERVICENOW,81762P102,,IN_MEMBERSHIP
NOW,2023-09-30,ServiceNow Inc,SERVICENOW,81762P102,,IN_MEMBERSHIP
NOW,2023-12-31,ServiceNow Inc,SERVICENOW,81762P102,,IN_MEMBERSHIP
NOW,2024-03-31,ServiceNow Inc,SERVICENOW,81762P102,,IN_MEMBERSHIP
NOW,2024-06-30,ServiceNow Inc,SERVICENOW,81762P102,,IN_MEMBERSHIP
NOW,2024-09-30,ServiceNow Inc,SERVICENOW,81762P102,,IN_MEMBERSHIP
NOW,2024-12-31,ServiceNow Inc,SERVICENOW,81762P102,,IN_MEMBERSHIP
NOW,2025-03-31,ServiceNow Inc,SERVICENOW,81762P102,,IN_MEMBERSHIP
NOW,2025-06-30,ServiceNow Inc,SERVICENOW,81762P102,,IN_MEMBERSHIP
NOW,2025-09-30,ServiceNow Inc,SERVICENOW,81762P102,,IN_MEMBERSHIP
NOW,2025-12-31,ServiceNow Inc,SERVICENOW,81762P102,,IN_MEMBERSHIP
NRG,2020-12-31,NRG Energy Inc,NRG ENERGY,629377508,,PRE_WINDOW_SUPPORT
NRG,2021-03-31,NRG Energy Inc,NRG ENERGY,629377508,,IN_MEMBERSHIP
NRG,2021-06-30,NRG Energy Inc,NRG ENERGY,629377508,,IN_MEMBERSHIP
NRG,2021-09-30,NRG Energy Inc,NRG ENERGY,629377508,,IN_MEMBERSHIP
NRG,2021-12-31,NRG Energy Inc,NRG ENERGY,629377508,,IN_MEMBERSHIP
NRG,2022-03-31,NRG Energy Inc,NRG ENERGY,629377508,,IN_MEMBERSHIP
NRG,2022-06-30,NRG Energy Inc,NRG ENERGY,629377508,,IN_MEMBERSHIP
NRG,2022-09-30,NRG Energy Inc,NRG ENERGY,629377508,,IN_MEMBERSHIP
NRG,2022-12-31,NRG Energy Inc,NRG ENERGY,629377508,,IN_MEMBERSHIP
NRG,2023-03-31,NRG Energy Inc,NRG ENERGY,629377508,,IN_MEMBERSHIP
NRG,2023-06-30,NRG Energy Inc,NRG ENERGY,629377508,,IN_MEMBERSHIP
NRG,2023-09-30,NRG Energy Inc,NRG ENERGY,629377508,,IN_MEMBERSHIP
NRG,2023-12-31,NRG Energy Inc,NRG ENERGY,629377508,,IN_MEMBERSHIP
NRG,2024-03-31,NRG Energy Inc,NRG ENERGY,629377508,,IN_MEMBERSHIP
NRG,2024-06-30,NRG Energy Inc,NRG ENERGY,629377508,,IN_MEMBERSHIP
NRG,2024-09-30,NRG Energy Inc,NRG ENERGY,629377508,,IN_MEMBERSHIP
NRG,2024-12-31,NRG Energy Inc,NRG ENERGY,629377508,,IN_MEMBERSHIP
NRG,2025-03-31,NRG Energy Inc,NRG ENERGY,629377508,,IN_MEMBERSHIP
NRG,2025-06-30,NRG Energy Inc,NRG ENERGY,629377508,,IN_MEMBERSHIP
NRG,2025-09-30,NRG Energy Inc,NRG ENERGY,629377508,,IN_MEMBERSHIP
NRG,2025-12-31,NRG Energy Inc,NRG ENERGY,629377508,,IN_MEMBERSHIP
NSC,2020-12-31,Norfolk Southern Corp,NORFOLK SOUTHERN,655844108,,PRE_WINDOW_SUPPORT
NSC,2021-03-31,Norfolk Southern Corp,NORFOLK SOUTHERN,655844108,,IN_MEMBERSHIP
NSC,2021-06-30,Norfolk Southern Corp,NORFOLK SOUTHERN,655844108,,IN_MEMBERSHIP
NSC,2021-09-30,Norfolk Southern Corp,NORFOLK SOUTHERN,655844108,,IN_MEMBERSHIP
NSC,2021-12-31,Norfolk Southern Corp,NORFOLK SOUTHERN,655844108,,IN_MEMBERSHIP
NSC,2022-03-31,Norfolk Southern Corp,NORFOLK SOUTHERN,655844108,,IN_MEMBERSHIP
NSC,2022-06-30,Norfolk Southern Corp,NORFOLK SOUTHERN,655844108,,IN_MEMBERSHIP
NSC,2022-09-30,Norfolk Southern Corp,NORFOLK SOUTHERN,655844108,,IN_MEMBERSHIP
NSC,2022-12-31,Norfolk Southern Corp,NORFOLK SOUTHERN,655844108,,IN_MEMBERSHIP
NSC,2023-03-31,Norfolk Southern Corp,NORFOLK SOUTHERN,655844108,,IN_MEMBERSHIP
NSC,2023-06-30,Norfolk Southern Corp,NORFOLK SOUTHERN,655844108,,IN_MEMBERSHIP
NSC,2023-09-30,Norfolk Southern Corp,NORFOLK SOUTHERN,655844108,,IN_MEMBERSHIP
NSC,2023-12-31,Norfolk Southern Corp,NORFOLK SOUTHERN,655844108,,IN_MEMBERSHIP
NSC,2024-03-31,Norfolk Southern Corp,NORFOLK SOUTHERN,655844108,,IN_MEMBERSHIP
NSC,2024-06-30,Norfolk Southern Corp,NORFOLK SOUTHERN,655844108,,IN_MEMBERSHIP
NSC,2024-09-30,Norfolk Southern Corp,NORFOLK SOUTHERN,655844108,,IN_MEMBERSHIP
NSC,2024-12-31,Norfolk Southern Corp,NORFOLK SOUTHERN,655844108,,IN_MEMBERSHIP
NSC,2025-03-31,Norfolk Southern Corp,NORFOLK SOUTHERN,655844108,,IN_MEMBERSHIP
NSC,2025-06-30,Norfolk Southern Corp,NORFOLK SOUTHERN,655844108,,IN_MEMBERSHIP
NSC,2025-09-30,Norfolk Southern Corp,NORFOLK SOUTHERN,655844108,,IN_MEMBERSHIP
NSC,2025-12-31,Norfolk Southern Corp,NORFOLK SOUTHERN,655844108,,IN_MEMBERSHIP
NTAP,2020-12-31,NetApp Inc,NETAPP,64110D104,,PRE_WINDOW_SUPPORT
NTAP,2021-03-31,NetApp Inc,NETAPP,64110D104,,IN_MEMBERSHIP
NTAP,2021-06-30,NetApp Inc,NETAPP,64110D104,,IN_MEMBERSHIP
NTAP,2021-09-30,NetApp Inc,NETAPP,64110D104,,IN_MEMBERSHIP
NTAP,2021-12-31,NetApp Inc,NETAPP,64110D104,,IN_MEMBERSHIP
NTAP,2022-03-31,NetApp Inc,NETAPP,64110D104,,IN_MEMBERSHIP
NTAP,2022-06-30,NetApp Inc,NETAPP,64110D104,,IN_MEMBERSHIP
NTAP,2022-09-30,NetApp Inc,NETAPP,64110D104,,IN_MEMBERSHIP
NTAP,2022-12-31,NetApp Inc,NETAPP,64110D104,,IN_MEMBERSHIP
NTAP,2023-03-31,NetApp Inc,NETAPP,64110D104,,IN_MEMBERSHIP
NTAP,2023-06-30,NetApp Inc,NETAPP,64110D104,,IN_MEMBERSHIP
NTAP,2023-09-30,NetApp Inc,NETAPP,64110D104,,IN_MEMBERSHIP
NTAP,2023-12-31,NetApp Inc,NETAPP,64110D104,,IN_MEMBERSHIP
NTAP,2024-03-31,NetApp Inc,NETAPP,64110D104,,IN_MEMBERSHIP
NTAP,2024-06-30,NetApp Inc,NETAPP,64110D104,,IN_MEMBERSHIP
NTAP,2024-09-30,NetApp Inc,NETAPP,64110D104,,IN_MEMBERSHIP
NTAP,2024-12-31,NetApp Inc,NETAPP,64110D104,,IN_MEMBERSHIP
NTAP,2025-03-31,NetApp Inc,NETAPP,64110D104,,IN_MEMBERSHIP
NTAP,2025-06-30,NetApp Inc,NETAPP,64110D104,,IN_MEMBERSHIP
NTAP,2025-09-30,NetApp Inc,NETAPP,64110D104,,IN_MEMBERSHIP
NTAP,2025-12-31,NetApp Inc,NETAPP,64110D104,,IN_MEMBERSHIP
NTRS,2020-12-31,Northern Trust Corp,NORTHERN TRUST,665859104,,PRE_WINDOW_SUPPORT
NTRS,2021-03-31,Northern Trust Corp,NORTHERN TRUST,665859104,,IN_MEMBERSHIP
NTRS,2021-06-30,Northern Trust Corp,NORTHERN TRUST,665859104,,IN_MEMBERSHIP
NTRS,2021-09-30,Northern Trust Corp,NORTHERN TRUST,665859104,,IN_MEMBERSHIP
NTRS,2021-12-31,Northern Trust Corp,NORTHERN TRUST,665859104,,IN_MEMBERSHIP
NTRS,2022-03-31,Northern Trust Corp,NORTHERN TRUST,665859104,,IN_MEMBERSHIP
NTRS,2022-06-30,Northern Trust Corp,NORTHERN TRUST,665859104,,IN_MEMBERSHIP
NTRS,2022-09-30,Northern Trust Corp,NORTHERN TRUST,665859104,,IN_MEMBERSHIP
NTRS,2022-12-31,Northern Trust Corp,NORTHERN TRUST,665859104,,IN_MEMBERSHIP
NTRS,2023-03-31,Northern Trust Corp,NORTHERN TRUST,665859104,,IN_MEMBERSHIP
NTRS,2023-06-30,Northern Trust Corp,NORTHERN TRUST,665859104,,IN_MEMBERSHIP
NTRS,2023-09-30,Northern Trust Corp,NORTHERN TRUST,665859104,,IN_MEMBERSHIP
NTRS,2023-12-31,Northern Trust Corp,NORTHERN TRUST,665859104,,IN_MEMBERSHIP
NTRS,2024-03-31,Northern Trust Corp,NORTHERN TRUST,665859104,,IN_MEMBERSHIP
NTRS,2024-06-30,Northern Trust Corp,NORTHERN TRUST,665859104,,IN_MEMBERSHIP
NTRS,2024-09-30,Northern Trust Corp,NORTHERN TRUST,665859104,,IN_MEMBERSHIP
NTRS,2024-12-31,Northern Trust Corp,NORTHERN TRUST,665859104,,IN_MEMBERSHIP
NTRS,2025-03-31,Northern Trust Corp,NORTHERN TRUST,665859104,,IN_MEMBERSHIP
NTRS,2025-06-30,Northern Trust Corp,NORTHERN TRUST,665859104,,IN_MEMBERSHIP
NTRS,2025-09-30,Northern Trust Corp,NORTHERN TRUST,665859104,,IN_MEMBERSHIP
NTRS,2025-12-31,Northern Trust Corp,NORTHERN TRUST,665859104,,IN_MEMBERSHIP
NUE,2020-12-31,Nucor Corp,NUCOR,670346105,,PRE_WINDOW_SUPPORT
NUE,2021-03-31,Nucor Corp,NUCOR,670346105,,IN_MEMBERSHIP
NUE,2021-06-30,Nucor Corp,NUCOR,670346105,,IN_MEMBERSHIP
NUE,2021-09-30,Nucor Corp,NUCOR,670346105,,IN_MEMBERSHIP
NUE,2021-12-31,Nucor Corp,NUCOR,670346105,,IN_MEMBERSHIP
NUE,2022-03-31,Nucor Corp,NUCOR,670346105,,IN_MEMBERSHIP
NUE,2022-06-30,Nucor Corp,NUCOR,670346105,,IN_MEMBERSHIP
NUE,2022-09-30,Nucor Corp,NUCOR,670346105,,IN_MEMBERSHIP
NUE,2022-12-31,Nucor Corp,NUCOR,670346105,,IN_MEMBERSHIP
NUE,2023-03-31,Nucor Corp,NUCOR,670346105,,IN_MEMBERSHIP
NUE,2023-06-30,Nucor Corp,NUCOR,670346105,,IN_MEMBERSHIP
NUE,2023-09-30,Nucor Corp,NUCOR,670346105,,IN_MEMBERSHIP
NUE,2023-12-31,Nucor Corp,NUCOR,670346105,,IN_MEMBERSHIP
NUE,2024-03-31,Nucor Corp,NUCOR,670346105,,IN_MEMBERSHIP
NUE,2024-06-30,Nucor Corp,NUCOR,670346105,,IN_MEMBERSHIP
NUE,2024-09-30,Nucor Corp,NUCOR,670346105,,IN_MEMBERSHIP
NUE,2024-12-31,Nucor Corp,NUCOR,670346105,,IN_MEMBERSHIP
NUE,2025-03-31,Nucor Corp,NUCOR,670346105,,IN_MEMBERSHIP
NUE,2025-06-30,Nucor Corp,NUCOR,670346105,,IN_MEMBERSHIP
NUE,2025-09-30,Nucor Corp,NUCOR,670346105,,IN_MEMBERSHIP
NUE,2025-12-31,Nucor Corp,NUCOR,670346105,,IN_MEMBERSHIP
NVDA,2020-12-31,NVIDIA Corp,NVIDIA,67066G104,,PRE_WINDOW_SUPPORT
NVDA,2021-03-31,NVIDIA Corp,NVIDIA,67066G104,,IN_MEMBERSHIP
NVDA,2021-06-30,NVIDIA Corp,NVIDIA,67066G104,,IN_MEMBERSHIP
NVDA,2021-09-30,NVIDIA Corp,NVIDIA,67066G104,,IN_MEMBERSHIP
NVDA,2021-12-31,NVIDIA Corp,NVIDIA,67066G104,,IN_MEMBERSHIP
NVDA,2022-03-31,NVIDIA Corp,NVIDIA,67066G104,,IN_MEMBERSHIP
NVDA,2022-06-30,NVIDIA Corp,NVIDIA,67066G104,,IN_MEMBERSHIP
NVDA,2022-09-30,NVIDIA Corp,NVIDIA,67066G104,,IN_MEMBERSHIP
NVDA,2022-12-31,NVIDIA Corp,NVIDIA,67066G104,,IN_MEMBERSHIP
NVDA,2023-03-31,NVIDIA Corp,NVIDIA,67066G104,,IN_MEMBERSHIP
NVDA,2023-06-30,NVIDIA Corp,NVIDIA,67066G104,,IN_MEMBERSHIP
NVDA,2023-09-30,NVIDIA Corp,NVIDIA,67066G104,,IN_MEMBERSHIP
NVDA,2023-12-31,NVIDIA Corp,NVIDIA,67066G104,,IN_MEMBERSHIP
NVDA,2024-03-31,NVIDIA Corp,NVIDIA,67066G104,,IN_MEMBERSHIP
NVDA,2024-06-30,NVIDIA Corp,NVIDIA,67066G104,,IN_MEMBERSHIP
NVDA,2024-09-30,NVIDIA Corp,NVIDIA,67066G104,,IN_MEMBERSHIP
NVDA,2024-12-31,NVIDIA Corp,NVIDIA,67066G104,,IN_MEMBERSHIP
NVDA,2025-03-31,NVIDIA Corp,NVIDIA,67066G104,,IN_MEMBERSHIP
NVDA,2025-06-30,NVIDIA Corp,NVIDIA,67066G104,,IN_MEMBERSHIP
NVDA,2025-09-30,NVIDIA Corp,NVIDIA,67066G104,,IN_MEMBERSHIP
NVDA,2025-12-31,NVIDIA Corp,NVIDIA,67066G104,,IN_MEMBERSHIP
NVR,2020-12-31,NVR Inc,NVR,62944T105,,PRE_WINDOW_SUPPORT
NVR,2021-03-31,NVR Inc,NVR,62944T105,,IN_MEMBERSHIP
NVR,2021-06-30,NVR Inc,NVR,62944T105,,IN_MEMBERSHIP
NVR,2021-09-30,NVR Inc,NVR,62944T105,,IN_MEMBERSHIP
NVR,2021-12-31,NVR Inc,NVR,62944T105,,IN_MEMBERSHIP
NVR,2022-03-31,NVR Inc,NVR,62944T105,,IN_MEMBERSHIP
NVR,2022-06-30,NVR Inc,NVR,62944T105,,IN_MEMBERSHIP
NVR,2022-09-30,NVR Inc,NVR,62944T105,,IN_MEMBERSHIP
NVR,2022-12-31,NVR Inc,NVR,62944T105,,IN_MEMBERSHIP
NVR,2023-03-31,NVR Inc,NVR,62944T105,,IN_MEMBERSHIP
NVR,2023-06-30,NVR Inc,NVR,62944T105,,IN_MEMBERSHIP
NVR,2023-09-30,NVR Inc,NVR,62944T105,,IN_MEMBERSHIP
NVR,2023-12-31,NVR Inc,NVR,62944T105,,IN_MEMBERSHIP
NVR,2024-03-31,NVR Inc,NVR,62944T105,,IN_MEMBERSHIP
NVR,2024-06-30,NVR Inc,NVR,62944T105,,IN_MEMBERSHIP
NVR,2024-09-30,NVR Inc,NVR,62944T105,,IN_MEMBERSHIP
NVR,2024-12-31,NVR Inc,NVR,62944T105,,IN_MEMBERSHIP
NVR,2025-03-31,NVR Inc,NVR,62944T105,,IN_MEMBERSHIP
NVR,2025-06-30,NVR Inc,NVR,62944T105,,IN_MEMBERSHIP
NVR,2025-09-30,NVR Inc,NVR,62944T105,,IN_MEMBERSHIP
NVR,2025-12-31,NVR Inc,NVR,62944T105,,IN_MEMBERSHIP
NWS,2020-12-31,News Corp,NEWS,65249B208,,PRE_WINDOW_SUPPORT
NWS,2021-03-31,News Corp,NEWS,65249B208,,IN_MEMBERSHIP
NWS,2021-06-30,News Corp,NEWS,65249B208,,IN_MEMBERSHIP
NWS,2021-09-30,News Corp,NEWS,65249B208,,IN_MEMBERSHIP
NWS,2021-12-31,News Corp,NEWS,65249B208,,IN_MEMBERSHIP
NWS,2022-03-31,News Corp,NEWS,65249B208,,IN_MEMBERSHIP
NWS,2022-06-30,News Corp,NEWS,65249B208,,IN_MEMBERSHIP
NWS,2022-09-30,News Corp,NEWS,65249B208,,IN_MEMBERSHIP
NWS,2022-12-31,News Corp,NEWS,65249B208,,IN_MEMBERSHIP
NWS,2023-03-31,News Corp,NEWS,65249B208,,IN_MEMBERSHIP
NWS,2023-06-30,News Corp,NEWS,65249B208,,IN_MEMBERSHIP
NWS,2023-09-30,News Corp,NEWS,65249B208,,IN_MEMBERSHIP
NWS,2023-12-31,News Corp,NEWS,65249B208,,IN_MEMBERSHIP
NWS,2024-03-31,News Corp,NEWS,65249B208,,IN_MEMBERSHIP
NWS,2024-06-30,News Corp,NEWS,65249B208,,IN_MEMBERSHIP
NWS,2024-09-30,News Corp,NEWS,65249B208,,IN_MEMBERSHIP
NWS,2024-12-31,News Corp,NEWS,65249B208,,IN_MEMBERSHIP
NWS,2025-03-31,News Corp,NEWS,65249B208,,IN_MEMBERSHIP
NWS,2025-06-30,News Corp,NEWS,65249B208,,IN_MEMBERSHIP
NWS,2025-09-30,News Corp,NEWS,65249B208,,IN_MEMBERSHIP
NWS,2025-12-31,News Corp,NEWS,65249B208,,IN_MEMBERSHIP
NWSA,2020-12-31,News Corp,NEWS,65249B109,,PRE_WINDOW_SUPPORT
NWSA,2021-03-31,News Corp,NEWS,65249B109,,IN_MEMBERSHIP
NWSA,2021-06-30,News Corp,NEWS,65249B109,,IN_MEMBERSHIP
NWSA,2021-09-30,News Corp,NEWS,65249B109,,IN_MEMBERSHIP
NWSA,2021-12-31,News Corp,NEWS,65249B109,,IN_MEMBERSHIP
NWSA,2022-03-31,News Corp,NEWS,65249B109,,IN_MEMBERSHIP
NWSA,2022-06-30,News Corp,NEWS,65249B109,,IN_MEMBERSHIP
NWSA,2022-09-30,News Corp,NEWS,65249B109,,IN_MEMBERSHIP
NWSA,2022-12-31,News Corp,NEWS,65249B109,,IN_MEMBERSHIP
NWSA,2023-03-31,News Corp,NEWS,65249B109,,IN_MEMBERSHIP
NWSA,2023-06-30,News Corp,NEWS,65249B109,,IN_MEMBERSHIP
NWSA,2023-09-30,News Corp,NEWS,65249B109,,IN_MEMBERSHIP
NWSA,2023-12-31,News Corp,NEWS,65249B109,,IN_MEMBERSHIP
NWSA,2024-03-31,News Corp,NEWS,65249B109,,IN_MEMBERSHIP
NWSA,2024-06-30,News Corp,NEWS,65249B109,,IN_MEMBERSHIP
NWSA,2024-09-30,News Corp,NEWS,65249B109,,IN_MEMBERSHIP
NWSA,2024-12-31,News Corp,NEWS,65249B109,,IN_MEMBERSHIP
NWSA,2025-03-31,News Corp,NEWS,65249B109,,IN_MEMBERSHIP
NWSA,2025-06-30,News Corp,NEWS,65249B109,,IN_MEMBERSHIP
NWSA,2025-09-30,News Corp,NEWS,65249B109,,IN_MEMBERSHIP
NWSA,2025-12-31,News Corp,NEWS,65249B109,,IN_MEMBERSHIP
NXPI,2021-03-31,NXP Semiconductors NV,NXP SEMICONDUCTORS NV,NL0009538784,,IN_MEMBERSHIP
NXPI,2021-06-30,NXP Semiconductors NV,NXP SEMICONDUCTORS NV,NL0009538784,,IN_MEMBERSHIP
NXPI,2021-09-30,NXP Semiconductors NV,NXP SEMICONDUCTORS NV,NL0009538784,,IN_MEMBERSHIP
NXPI,2021-12-31,NXP Semiconductors NV,NXP SEMICONDUCTORS NV,NL0009538784,,IN_MEMBERSHIP
NXPI,2022-03-31,NXP Semiconductors NV,NXP SEMICONDUCTORS NV,NL0009538784,,IN_MEMBERSHIP
NXPI,2022-06-30,NXP Semiconductors NV,NXP SEMICONDUCTORS NV,NL0009538784,,IN_MEMBERSHIP
NXPI,2022-09-30,NXP Semiconductors NV,NXP SEMICONDUCTORS NV,NL0009538784,,IN_MEMBERSHIP
NXPI,2022-12-31,NXP Semiconductors NV,NXP SEMICONDUCTORS NV,NL0009538784,,IN_MEMBERSHIP
NXPI,2023-03-31,NXP Semiconductors NV,NXP SEMICONDUCTORS NV,NL0009538784,,IN_MEMBERSHIP
NXPI,2023-06-30,NXP Semiconductors NV,NXP SEMICONDUCTORS NV,NL0009538784,,IN_MEMBERSHIP
NXPI,2023-09-30,NXP Semiconductors NV,NXP SEMICONDUCTORS NV,NL0009538784,,IN_MEMBERSHIP
NXPI,2023-12-31,NXP Semiconductors NV,NXP SEMICONDUCTORS NV,NL0009538784,,IN_MEMBERSHIP
NXPI,2024-03-31,NXP Semiconductors NV,NXP SEMICONDUCTORS NV,NL0009538784,,IN_MEMBERSHIP
NXPI,2024-06-30,NXP Semiconductors NV,NXP SEMICONDUCTORS NV,NL0009538784,,IN_MEMBERSHIP
NXPI,2024-09-30,NXP Semiconductors NV,NXP SEMICONDUCTORS NV,NL0009538784,,IN_MEMBERSHIP
NXPI,2024-12-31,NXP Semiconductors NV,NXP SEMICONDUCTORS NV,NL0009538784,,IN_MEMBERSHIP
NXPI,2025-03-31,NXP Semiconductors NV,NXP SEMICONDUCTORS NV,NL0009538784,,IN_MEMBERSHIP
NXPI,2025-06-30,NXP Semiconductors NV,NXP SEMICONDUCTORS NV,NL0009538784,,IN_MEMBERSHIP
NXPI,2025-09-30,NXP Semiconductors NV,NXP SEMICONDUCTORS NV,NL0009538784,,IN_MEMBERSHIP
NXPI,2025-12-31,NXP Semiconductors NV,NXP SEMICONDUCTORS NV,NL0009538784,,IN_MEMBERSHIP
O,2020-12-31,Realty Income Corp,REALTY INCOME,756109104,,PRE_WINDOW_SUPPORT
O,2021-03-31,Realty Income Corp,REALTY INCOME,756109104,,IN_MEMBERSHIP
O,2021-06-30,Realty Income Corp,REALTY INCOME,756109104,,IN_MEMBERSHIP
O,2021-09-30,Realty Income Corp,REALTY INCOME,756109104,,IN_MEMBERSHIP
O,2021-12-31,Realty Income Corp,REALTY INCOME,756109104,,IN_MEMBERSHIP
O,2022-03-31,Realty Income Corp,REALTY INCOME,756109104,,IN_MEMBERSHIP
O,2022-06-30,Realty Income Corp,REALTY INCOME,756109104,,IN_MEMBERSHIP
O,2022-09-30,Realty Income Corp,REALTY INCOME,756109104,,IN_MEMBERSHIP
O,2022-12-31,Realty Income Corp,REALTY INCOME,756109104,,IN_MEMBERSHIP
O,2023-03-31,Realty Income Corp,REALTY INCOME,756109104,,IN_MEMBERSHIP
O,2023-06-30,Realty Income Corp,REALTY INCOME,756109104,,IN_MEMBERSHIP
O,2023-09-30,Realty Income Corp,REALTY INCOME,756109104,,IN_MEMBERSHIP
O,2023-12-31,Realty Income Corp,REALTY INCOME,756109104,,IN_MEMBERSHIP
O,2024-03-31,Realty Income Corp,REALTY INCOME,756109104,,IN_MEMBERSHIP
O,2024-06-30,Realty Income Corp,REALTY INCOME,756109104,,IN_MEMBERSHIP
O,2024-09-30,Realty Income Corp,REALTY INCOME,756109104,,IN_MEMBERSHIP
O,2024-12-31,Realty Income Corp,REALTY INCOME,756109104,,IN_MEMBERSHIP
O,2025-03-31,Realty Income Corp,REALTY INCOME,756109104,,IN_MEMBERSHIP
O,2025-06-30,Realty Income Corp,REALTY INCOME,756109104,,IN_MEMBERSHIP
O,2025-09-30,Realty Income Corp,REALTY INCOME,756109104,,IN_MEMBERSHIP
O,2025-12-31,Realty Income Corp,REALTY INCOME,756109104,,IN_MEMBERSHIP
ODFL,2020-12-31,Old Dominion Freight Line Inc,OLD DOMINION FREIGHT LINE,679580100,,PRE_WINDOW_SUPPORT
ODFL,2021-03-31,Old Dominion Freight Line Inc,OLD DOMINION FREIGHT LINE,679580100,,IN_MEMBERSHIP
ODFL,2021-06-30,Old Dominion Freight Line Inc,OLD DOMINION FREIGHT LINE,679580100,,IN_MEMBERSHIP
ODFL,2021-09-30,Old Dominion Freight Line Inc,OLD DOMINION FREIGHT LINE,679580100,,IN_MEMBERSHIP
ODFL,2021-12-31,Old Dominion Freight Line Inc,OLD DOMINION FREIGHT LINE,679580100,,IN_MEMBERSHIP
ODFL,2022-03-31,Old Dominion Freight Line Inc,OLD DOMINION FREIGHT LINE,679580100,,IN_MEMBERSHIP
ODFL,2022-06-30,Old Dominion Freight Line Inc,OLD DOMINION FREIGHT LINE,679580100,,IN_MEMBERSHIP
ODFL,2022-09-30,Old Dominion Freight Line Inc,OLD DOMINION FREIGHT LINE,679580100,,IN_MEMBERSHIP
ODFL,2022-12-31,Old Dominion Freight Line Inc,OLD DOMINION FREIGHT LINE,679580100,,IN_MEMBERSHIP
ODFL,2023-03-31,Old Dominion Freight Line Inc,OLD DOMINION FREIGHT LINE,679580100,,IN_MEMBERSHIP
ODFL,2023-06-30,Old Dominion Freight Line Inc,OLD DOMINION FREIGHT LINE,679580100,,IN_MEMBERSHIP
ODFL,2023-09-30,Old Dominion Freight Line Inc,OLD DOMINION FREIGHT LINE,679580100,,IN_MEMBERSHIP
ODFL,2023-12-31,Old Dominion Freight Line Inc,OLD DOMINION FREIGHT LINE,679580100,,IN_MEMBERSHIP
ODFL,2024-03-31,Old Dominion Freight Line Inc,OLD DOMINION FREIGHT LINE,679580100,,IN_MEMBERSHIP
ODFL,2024-06-30,Old Dominion Freight Line Inc,OLD DOMINION FREIGHT LINE,679580100,,IN_MEMBERSHIP
ODFL,2024-09-30,Old Dominion Freight Line Inc,OLD DOMINION FREIGHT LINE,679580100,,IN_MEMBERSHIP
ODFL,2024-12-31,Old Dominion Freight Line Inc,OLD DOMINION FREIGHT LINE,679580100,,IN_MEMBERSHIP
ODFL,2025-03-31,Old Dominion Freight Line Inc,OLD DOMINION FREIGHT LINE,679580100,,IN_MEMBERSHIP
ODFL,2025-06-30,Old Dominion Freight Line Inc,OLD DOMINION FREIGHT LINE,679580100,,IN_MEMBERSHIP
ODFL,2025-09-30,Old Dominion Freight Line Inc,OLD DOMINION FREIGHT LINE,679580100,,IN_MEMBERSHIP
ODFL,2025-12-31,Old Dominion Freight Line Inc,OLD DOMINION FREIGHT LINE,679580100,,IN_MEMBERSHIP
OKE,2020-12-31,ONEOK Inc,ONEOK,682680103,,PRE_WINDOW_SUPPORT
OKE,2021-03-31,ONEOK Inc,ONEOK,682680103,,IN_MEMBERSHIP
OKE,2021-06-30,ONEOK Inc,ONEOK,682680103,,IN_MEMBERSHIP
OKE,2021-09-30,ONEOK Inc,ONEOK,682680103,,IN_MEMBERSHIP
OKE,2021-12-31,ONEOK Inc,ONEOK,682680103,,IN_MEMBERSHIP
OKE,2022-03-31,ONEOK Inc,ONEOK,682680103,,IN_MEMBERSHIP
OKE,2022-06-30,ONEOK Inc,ONEOK,682680103,,IN_MEMBERSHIP
OKE,2022-09-30,ONEOK Inc,ONEOK,682680103,,IN_MEMBERSHIP
OKE,2022-12-31,ONEOK Inc,ONEOK,682680103,,IN_MEMBERSHIP
OKE,2023-03-31,ONEOK Inc,ONEOK,682680103,,IN_MEMBERSHIP
OKE,2023-06-30,ONEOK Inc,ONEOK,682680103,,IN_MEMBERSHIP
OKE,2023-09-30,ONEOK Inc,ONEOK,682680103,,IN_MEMBERSHIP
OKE,2023-12-31,ONEOK Inc,ONEOK,682680103,,IN_MEMBERSHIP
OKE,2024-03-31,ONEOK Inc,ONEOK,682680103,,IN_MEMBERSHIP
OKE,2024-06-30,ONEOK Inc,ONEOK,682680103,,IN_MEMBERSHIP
OKE,2024-09-30,ONEOK Inc,ONEOK,682680103,,IN_MEMBERSHIP
OKE,2024-12-31,ONEOK Inc,ONEOK,682680103,,IN_MEMBERSHIP
OKE,2025-03-31,ONEOK Inc,ONEOK,682680103,,IN_MEMBERSHIP
OKE,2025-06-30,ONEOK Inc,ONEOK,682680103,,IN_MEMBERSHIP
OKE,2025-09-30,ONEOK Inc,ONEOK,682680103,,IN_MEMBERSHIP
OKE,2025-12-31,ONEOK Inc,ONEOK,682680103,,IN_MEMBERSHIP
OMC,2020-12-31,Omnicom Group Inc,OMNICOM GROUP,681919106,,PRE_WINDOW_SUPPORT
OMC,2021-03-31,Omnicom Group Inc,OMNICOM GROUP,681919106,,IN_MEMBERSHIP
OMC,2021-06-30,Omnicom Group Inc,OMNICOM GROUP,681919106,,IN_MEMBERSHIP
OMC,2021-09-30,Omnicom Group Inc,OMNICOM GROUP,681919106,,IN_MEMBERSHIP
OMC,2021-12-31,Omnicom Group Inc,OMNICOM GROUP,681919106,,IN_MEMBERSHIP
OMC,2022-03-31,Omnicom Group Inc,OMNICOM GROUP,681919106,,IN_MEMBERSHIP
OMC,2022-06-30,Omnicom Group Inc,OMNICOM GROUP,681919106,,IN_MEMBERSHIP
OMC,2022-09-30,Omnicom Group Inc,OMNICOM GROUP,681919106,,IN_MEMBERSHIP
OMC,2022-12-31,Omnicom Group Inc,OMNICOM GROUP,681919106,,IN_MEMBERSHIP
OMC,2023-03-31,Omnicom Group Inc,OMNICOM GROUP,681919106,,IN_MEMBERSHIP
OMC,2023-06-30,Omnicom Group Inc,OMNICOM GROUP,681919106,,IN_MEMBERSHIP
OMC,2023-09-30,Omnicom Group Inc,OMNICOM GROUP,681919106,,IN_MEMBERSHIP
OMC,2023-12-31,Omnicom Group Inc,OMNICOM GROUP,681919106,,IN_MEMBERSHIP
OMC,2024-03-31,Omnicom Group Inc,OMNICOM GROUP,681919106,,IN_MEMBERSHIP
OMC,2024-06-30,Omnicom Group Inc,OMNICOM GROUP,681919106,,IN_MEMBERSHIP
OMC,2024-09-30,Omnicom Group Inc,OMNICOM GROUP,681919106,,IN_MEMBERSHIP
OMC,2024-12-31,Omnicom Group Inc,OMNICOM GROUP,681919106,,IN_MEMBERSHIP
OMC,2025-03-31,Omnicom Group Inc,OMNICOM GROUP,681919106,,IN_MEMBERSHIP
OMC,2025-06-30,Omnicom Group Inc,OMNICOM GROUP,681919106,,IN_MEMBERSHIP
OMC,2025-09-30,Omnicom Group Inc,OMNICOM GROUP,681919106,,IN_MEMBERSHIP
OMC,2025-12-31,Omnicom Group Inc,OMNICOM GROUP,681919106,,IN_MEMBERSHIP
ON,2022-06-30,ON Semiconductor Corp,ON SEMICONDUCTOR,682189105,,IN_MEMBERSHIP
ON,2022-09-30,ON Semiconductor Corp,ON SEMICONDUCTOR,682189105,,IN_MEMBERSHIP
ON,2022-12-31,ON Semiconductor Corp,ON SEMICONDUCTOR,682189105,,IN_MEMBERSHIP
ON,2023-03-31,ON Semiconductor Corp,ON SEMICONDUCTOR,682189105,,IN_MEMBERSHIP
ON,2023-06-30,ON Semiconductor Corp,ON SEMICONDUCTOR,682189105,,IN_MEMBERSHIP
ON,2023-09-30,ON Semiconductor Corp,ON SEMICONDUCTOR,682189105,,IN_MEMBERSHIP
ON,2023-12-31,ON Semiconductor Corp,ON SEMICONDUCTOR,682189105,,IN_MEMBERSHIP
ON,2024-03-31,ON Semiconductor Corp,ON SEMICONDUCTOR,682189105,,IN_MEMBERSHIP
ON,2024-06-30,ON Semiconductor Corp,ON SEMICONDUCTOR,682189105,,IN_MEMBERSHIP
ON,2024-09-30,ON Semiconductor Corp,ON SEMICONDUCTOR,682189105,,IN_MEMBERSHIP
ON,2024-12-31,ON Semiconductor Corp,ON SEMICONDUCTOR,682189105,,IN_MEMBERSHIP
ON,2025-03-31,ON Semiconductor Corp,ON SEMICONDUCTOR,682189105,,IN_MEMBERSHIP
ON,2025-06-30,ON Semiconductor Corp,ON SEMICONDUCTOR,682189105,,IN_MEMBERSHIP
ON,2025-09-30,ON Semiconductor Corp,ON SEMICONDUCTOR,682189105,,IN_MEMBERSHIP
ON,2025-12-31,ON Semiconductor Corp,ON SEMICONDUCTOR,682189105,,IN_MEMBERSHIP
ORCL,2020-12-31,Oracle Corp,ORACLE,68389X105,,PRE_WINDOW_SUPPORT
ORCL,2021-03-31,Oracle Corp,ORACLE,68389X105,,IN_MEMBERSHIP
ORCL,2021-06-30,Oracle Corp,ORACLE,68389X105,,IN_MEMBERSHIP
ORCL,2021-09-30,Oracle Corp,ORACLE,68389X105,,IN_MEMBERSHIP
ORCL,2021-12-31,Oracle Corp,ORACLE,68389X105,,IN_MEMBERSHIP
ORCL,2022-03-31,Oracle Corp,ORACLE,68389X105,,IN_MEMBERSHIP
ORCL,2022-06-30,Oracle Corp,ORACLE,68389X105,,IN_MEMBERSHIP
ORCL,2022-09-30,Oracle Corp,ORACLE,68389X105,,IN_MEMBERSHIP
ORCL,2022-12-31,Oracle Corp,ORACLE,68389X105,,IN_MEMBERSHIP
ORCL,2023-03-31,Oracle Corp,ORACLE,68389X105,,IN_MEMBERSHIP
ORCL,2023-06-30,Oracle Corp,ORACLE,68389X105,,IN_MEMBERSHIP
ORCL,2023-09-30,Oracle Corp,ORACLE,68389X105,,IN_MEMBERSHIP
ORCL,2023-12-31,Oracle Corp,ORACLE,68389X105,,IN_MEMBERSHIP
ORCL,2024-03-31,Oracle Corp,ORACLE,68389X105,,IN_MEMBERSHIP
ORCL,2024-06-30,Oracle Corp,ORACLE,68389X105,,IN_MEMBERSHIP
ORCL,2024-09-30,Oracle Corp,ORACLE,68389X105,,IN_MEMBERSHIP
ORCL,2024-12-31,Oracle Corp,ORACLE,68389X105,,IN_MEMBERSHIP
ORCL,2025-03-31,Oracle Corp,ORACLE,68389X105,,IN_MEMBERSHIP
ORCL,2025-06-30,Oracle Corp,ORACLE,68389X105,,IN_MEMBERSHIP
ORCL,2025-09-30,Oracle Corp,ORACLE,68389X105,,IN_MEMBERSHIP
ORCL,2025-12-31,Oracle Corp,ORACLE,68389X105,,IN_MEMBERSHIP
ORLY,2020-12-31,O'Reilly Automotive Inc,O REILLY AUTOMOTIVE,67103H107,,PRE_WINDOW_SUPPORT
ORLY,2021-03-31,O'Reilly Automotive Inc,O REILLY AUTOMOTIVE,67103H107,,IN_MEMBERSHIP
ORLY,2021-06-30,O'Reilly Automotive Inc,O REILLY AUTOMOTIVE,67103H107,,IN_MEMBERSHIP
ORLY,2021-09-30,O'Reilly Automotive Inc,O REILLY AUTOMOTIVE,67103H107,,IN_MEMBERSHIP
ORLY,2021-12-31,O'Reilly Automotive Inc,O REILLY AUTOMOTIVE,67103H107,,IN_MEMBERSHIP
ORLY,2022-03-31,O'Reilly Automotive Inc,O REILLY AUTOMOTIVE,67103H107,,IN_MEMBERSHIP
ORLY,2022-06-30,O'Reilly Automotive Inc,O REILLY AUTOMOTIVE,67103H107,,IN_MEMBERSHIP
ORLY,2022-09-30,O'Reilly Automotive Inc,O REILLY AUTOMOTIVE,67103H107,,IN_MEMBERSHIP
ORLY,2022-12-31,O'Reilly Automotive Inc,O REILLY AUTOMOTIVE,67103H107,,IN_MEMBERSHIP
ORLY,2023-03-31,O'Reilly Automotive Inc,O REILLY AUTOMOTIVE,67103H107,,IN_MEMBERSHIP
ORLY,2023-06-30,O'Reilly Automotive Inc,O REILLY AUTOMOTIVE,67103H107,,IN_MEMBERSHIP
ORLY,2023-09-30,O'Reilly Automotive Inc,O REILLY AUTOMOTIVE,67103H107,,IN_MEMBERSHIP
ORLY,2023-12-31,O'Reilly Automotive Inc,O REILLY AUTOMOTIVE,67103H107,,IN_MEMBERSHIP
ORLY,2024-03-31,O'Reilly Automotive Inc,O REILLY AUTOMOTIVE,67103H107,,IN_MEMBERSHIP
ORLY,2024-06-30,O'Reilly Automotive Inc,O REILLY AUTOMOTIVE,67103H107,,IN_MEMBERSHIP
ORLY,2024-09-30,O'Reilly Automotive Inc,O REILLY AUTOMOTIVE,67103H107,,IN_MEMBERSHIP
ORLY,2024-12-31,O'Reilly Automotive Inc,O REILLY AUTOMOTIVE,67103H107,,IN_MEMBERSHIP
ORLY,2025-03-31,O'Reilly Automotive Inc,O REILLY AUTOMOTIVE,67103H107,,IN_MEMBERSHIP
ORLY,2025-06-30,O'Reilly Automotive Inc,O REILLY AUTOMOTIVE,67103H107,,IN_MEMBERSHIP
ORLY,2025-09-30,O'Reilly Automotive Inc,O REILLY AUTOMOTIVE,67103H107,,IN_MEMBERSHIP
ORLY,2025-12-31,O'Reilly Automotive Inc,O REILLY AUTOMOTIVE,67103H107,,IN_MEMBERSHIP
OTIS,2020-12-31,Otis Worldwide Corp,OTIS WORLDWIDE,68902V107,,PRE_WINDOW_SUPPORT
OTIS,2021-03-31,Otis Worldwide Corp,OTIS WORLDWIDE,68902V107,,IN_MEMBERSHIP
OTIS,2021-06-30,Otis Worldwide Corp,OTIS WORLDWIDE,68902V107,,IN_MEMBERSHIP
OTIS,2021-09-30,Otis Worldwide Corp,OTIS WORLDWIDE,68902V107,,IN_MEMBERSHIP
OTIS,2021-12-31,Otis Worldwide Corp,OTIS WORLDWIDE,68902V107,,IN_MEMBERSHIP
OTIS,2022-03-31,Otis Worldwide Corp,OTIS WORLDWIDE,68902V107,,IN_MEMBERSHIP
OTIS,2022-06-30,Otis Worldwide Corp,OTIS WORLDWIDE,68902V107,,IN_MEMBERSHIP
OTIS,2022-09-30,Otis Worldwide Corp,OTIS WORLDWIDE,68902V107,,IN_MEMBERSHIP
OTIS,2022-12-31,Otis Worldwide Corp,OTIS WORLDWIDE,68902V107,,IN_MEMBERSHIP
OTIS,2023-03-31,Otis Worldwide Corp,OTIS WORLDWIDE,68902V107,,IN_MEMBERSHIP
OTIS,2023-06-30,Otis Worldwide Corp,OTIS WORLDWIDE,68902V107,,IN_MEMBERSHIP
OTIS,2023-09-30,Otis Worldwide Corp,OTIS WORLDWIDE,68902V107,,IN_MEMBERSHIP
OTIS,2023-12-31,Otis Worldwide Corp,OTIS WORLDWIDE,68902V107,,IN_MEMBERSHIP
OTIS,2024-03-31,Otis Worldwide Corp,OTIS WORLDWIDE,68902V107,,IN_MEMBERSHIP
OTIS,2024-06-30,Otis Worldwide Corp,OTIS WORLDWIDE,68902V107,,IN_MEMBERSHIP
OTIS,2024-09-30,Otis Worldwide Corp,OTIS WORLDWIDE,68902V107,,IN_MEMBERSHIP
OTIS,2024-12-31,Otis Worldwide Corp,OTIS WORLDWIDE,68902V107,,IN_MEMBERSHIP
OTIS,2025-03-31,Otis Worldwide Corp,OTIS WORLDWIDE,68902V107,,IN_MEMBERSHIP
OTIS,2025-06-30,Otis Worldwide Corp,OTIS WORLDWIDE,68902V107,,IN_MEMBERSHIP
OTIS,2025-09-30,Otis Worldwide Corp,OTIS WORLDWIDE,68902V107,,IN_MEMBERSHIP
OTIS,2025-12-31,Otis Worldwide Corp,OTIS WORLDWIDE,68902V107,,IN_MEMBERSHIP
OXY,2020-12-31,Occidental Petroleum Corp,OCCIDENTAL PETROLEUM,674599105,,PRE_WINDOW_SUPPORT
OXY,2021-03-31,Occidental Petroleum Corp,OCCIDENTAL PETROLEUM,674599105,,IN_MEMBERSHIP
OXY,2021-06-30,Occidental Petroleum Corp,OCCIDENTAL PETROLEUM,674599105,,IN_MEMBERSHIP
OXY,2021-09-30,Occidental Petroleum Corp,OCCIDENTAL PETROLEUM,674599105,,IN_MEMBERSHIP
OXY,2021-12-31,Occidental Petroleum Corp,OCCIDENTAL PETROLEUM,674599105,,IN_MEMBERSHIP
OXY,2022-03-31,Occidental Petroleum Corp,OCCIDENTAL PETROLEUM,674599105,,IN_MEMBERSHIP
OXY,2022-06-30,Occidental Petroleum Corp,OCCIDENTAL PETROLEUM,674599105,,IN_MEMBERSHIP
OXY,2022-09-30,Occidental Petroleum Corp,OCCIDENTAL PETROLEUM,674599105,,IN_MEMBERSHIP
OXY,2022-12-31,Occidental Petroleum Corp,OCCIDENTAL PETROLEUM,674599105,,IN_MEMBERSHIP
OXY,2023-03-31,Occidental Petroleum Corp,OCCIDENTAL PETROLEUM,674599105,,IN_MEMBERSHIP
OXY,2023-06-30,Occidental Petroleum Corp,OCCIDENTAL PETROLEUM,674599105,,IN_MEMBERSHIP
OXY,2023-09-30,Occidental Petroleum Corp,OCCIDENTAL PETROLEUM,674599105,,IN_MEMBERSHIP
OXY,2023-12-31,Occidental Petroleum Corp,OCCIDENTAL PETROLEUM,674599105,,IN_MEMBERSHIP
OXY,2024-03-31,Occidental Petroleum Corp,OCCIDENTAL PETROLEUM,674599105,,IN_MEMBERSHIP
OXY,2024-06-30,Occidental Petroleum Corp,OCCIDENTAL PETROLEUM,674599105,,IN_MEMBERSHIP
OXY,2024-09-30,Occidental Petroleum Corp,OCCIDENTAL PETROLEUM,674599105,,IN_MEMBERSHIP
OXY,2024-12-31,Occidental Petroleum Corp,OCCIDENTAL PETROLEUM,674599105,,IN_MEMBERSHIP
OXY,2025-03-31,Occidental Petroleum Corp,OCCIDENTAL PETROLEUM,674599105,,IN_MEMBERSHIP
OXY,2025-06-30,Occidental Petroleum Corp,OCCIDENTAL PETROLEUM,674599105,,IN_MEMBERSHIP
OXY,2025-09-30,Occidental Petroleum Corp,OCCIDENTAL PETROLEUM,674599105,,IN_MEMBERSHIP
OXY,2025-12-31,Occidental Petroleum Corp,OCCIDENTAL PETROLEUM,674599105,,IN_MEMBERSHIP
PANW,2023-06-30,Palo Alto Networks Inc,PALO ALTO NETWORKS,697435105,,IN_MEMBERSHIP
PANW,2023-09-30,Palo Alto Networks Inc,PALO ALTO NETWORKS,697435105,,IN_MEMBERSHIP
PANW,2023-12-31,Palo Alto Networks Inc,PALO ALTO NETWORKS,697435105,,IN_MEMBERSHIP
PANW,2024-03-31,Palo Alto Networks Inc,PALO ALTO NETWORKS,697435105,,IN_MEMBERSHIP
PANW,2024-06-30,Palo Alto Networks Inc,PALO ALTO NETWORKS,697435105,,IN_MEMBERSHIP
PANW,2024-09-30,Palo Alto Networks Inc,PALO ALTO NETWORKS,697435105,,IN_MEMBERSHIP
PANW,2024-12-31,Palo Alto Networks Inc,PALO ALTO NETWORKS,697435105,,IN_MEMBERSHIP
PANW,2025-03-31,Palo Alto Networks Inc,PALO ALTO NETWORKS,697435105,,IN_MEMBERSHIP
PANW,2025-06-30,Palo Alto Networks Inc,PALO ALTO NETWORKS,697435105,,IN_MEMBERSHIP
PANW,2025-09-30,Palo Alto Networks Inc,PALO ALTO NETWORKS,697435105,,IN_MEMBERSHIP
PANW,2025-12-31,Palo Alto Networks Inc,PALO ALTO NETWORKS,697435105,,IN_MEMBERSHIP
PAYC,2020-12-31,Paycom Software Inc,PAYCOM SOFTWARE,70432V102,,PRE_WINDOW_SUPPORT
PAYC,2021-03-31,Paycom Software Inc,PAYCOM SOFTWARE,70432V102,,IN_MEMBERSHIP
PAYC,2021-06-30,Paycom Software Inc,PAYCOM SOFTWARE,70432V102,,IN_MEMBERSHIP
PAYC,2021-09-30,Paycom Software Inc,PAYCOM SOFTWARE,70432V102,,IN_MEMBERSHIP
PAYC,2021-12-31,Paycom Software Inc,PAYCOM SOFTWARE,70432V102,,IN_MEMBERSHIP
PAYC,2022-03-31,Paycom Software Inc,PAYCOM SOFTWARE,70432V102,,IN_MEMBERSHIP
PAYC,2022-06-30,Paycom Software Inc,PAYCOM SOFTWARE,70432V102,,IN_MEMBERSHIP
PAYC,2022-09-30,Paycom Software Inc,PAYCOM SOFTWARE,70432V102,,IN_MEMBERSHIP
PAYC,2022-12-31,Paycom Software Inc,PAYCOM SOFTWARE,70432V102,,IN_MEMBERSHIP
PAYC,2023-03-31,Paycom Software Inc,PAYCOM SOFTWARE,70432V102,,IN_MEMBERSHIP
PAYC,2023-06-30,Paycom Software Inc,PAYCOM SOFTWARE,70432V102,,IN_MEMBERSHIP
PAYC,2023-09-30,Paycom Software Inc,PAYCOM SOFTWARE,70432V102,,IN_MEMBERSHIP
PAYC,2023-12-31,Paycom Software Inc,PAYCOM SOFTWARE,70432V102,,IN_MEMBERSHIP
PAYC,2024-03-31,Paycom Software Inc,PAYCOM SOFTWARE,70432V102,,IN_MEMBERSHIP
PAYC,2024-06-30,Paycom Software Inc,PAYCOM SOFTWARE,70432V102,,IN_MEMBERSHIP
PAYC,2024-09-30,Paycom Software Inc,PAYCOM SOFTWARE,70432V102,,IN_MEMBERSHIP
PAYC,2024-12-31,Paycom Software Inc,PAYCOM SOFTWARE,70432V102,,IN_MEMBERSHIP
PAYC,2025-03-31,Paycom Software Inc,PAYCOM SOFTWARE,70432V102,,IN_MEMBERSHIP
PAYC,2025-06-30,Paycom Software Inc,PAYCOM SOFTWARE,70432V102,,IN_MEMBERSHIP
PAYC,2025-09-30,Paycom Software Inc,PAYCOM SOFTWARE,70432V102,,IN_MEMBERSHIP
PAYC,2025-12-31,Paycom Software Inc,PAYCOM SOFTWARE,70432V102,,IN_MEMBERSHIP
PAYX,2020-12-31,Paychex Inc,PAYCHEX,704326107,,PRE_WINDOW_SUPPORT
PAYX,2021-03-31,Paychex Inc,PAYCHEX,704326107,,IN_MEMBERSHIP
PAYX,2021-06-30,Paychex Inc,PAYCHEX,704326107,,IN_MEMBERSHIP
PAYX,2021-09-30,Paychex Inc,PAYCHEX,704326107,,IN_MEMBERSHIP
PAYX,2021-12-31,Paychex Inc,PAYCHEX,704326107,,IN_MEMBERSHIP
PAYX,2022-03-31,Paychex Inc,PAYCHEX,704326107,,IN_MEMBERSHIP
PAYX,2022-06-30,Paychex Inc,PAYCHEX,704326107,,IN_MEMBERSHIP
PAYX,2022-09-30,Paychex Inc,PAYCHEX,704326107,,IN_MEMBERSHIP
PAYX,2022-12-31,Paychex Inc,PAYCHEX,704326107,,IN_MEMBERSHIP
PAYX,2023-03-31,Paychex Inc,PAYCHEX,704326107,,IN_MEMBERSHIP
PAYX,2023-06-30,Paychex Inc,PAYCHEX,704326107,,IN_MEMBERSHIP
PAYX,2023-09-30,Paychex Inc,PAYCHEX,704326107,,IN_MEMBERSHIP
PAYX,2023-12-31,Paychex Inc,PAYCHEX,704326107,,IN_MEMBERSHIP
PAYX,2024-03-31,Paychex Inc,PAYCHEX,704326107,,IN_MEMBERSHIP
PAYX,2024-06-30,Paychex Inc,PAYCHEX,704326107,,IN_MEMBERSHIP
PAYX,2024-09-30,Paychex Inc,PAYCHEX,704326107,,IN_MEMBERSHIP
PAYX,2024-12-31,Paychex Inc,PAYCHEX,704326107,,IN_MEMBERSHIP
PAYX,2025-03-31,Paychex Inc,PAYCHEX,704326107,,IN_MEMBERSHIP
PAYX,2025-06-30,Paychex Inc,PAYCHEX,704326107,,IN_MEMBERSHIP
PAYX,2025-09-30,Paychex Inc,PAYCHEX,704326107,,IN_MEMBERSHIP
PAYX,2025-12-31,Paychex Inc,PAYCHEX,704326107,,IN_MEMBERSHIP
PCAR,2020-12-31,PACCAR Inc,PACCAR,693718108,,PRE_WINDOW_SUPPORT
PCAR,2021-03-31,PACCAR Inc,PACCAR,693718108,,IN_MEMBERSHIP
PCAR,2021-06-30,PACCAR Inc,PACCAR,693718108,,IN_MEMBERSHIP
PCAR,2021-09-30,PACCAR Inc,PACCAR,693718108,,IN_MEMBERSHIP
PCAR,2021-12-31,PACCAR Inc,PACCAR,693718108,,IN_MEMBERSHIP
PCAR,2022-03-31,PACCAR Inc,PACCAR,693718108,,IN_MEMBERSHIP
PCAR,2022-06-30,PACCAR Inc,PACCAR,693718108,,IN_MEMBERSHIP
PCAR,2022-09-30,PACCAR Inc,PACCAR,693718108,,IN_MEMBERSHIP
PCAR,2022-12-31,PACCAR Inc,PACCAR,693718108,,IN_MEMBERSHIP
PCAR,2023-03-31,PACCAR Inc,PACCAR,693718108,,IN_MEMBERSHIP
PCAR,2023-06-30,PACCAR Inc,PACCAR,693718108,,IN_MEMBERSHIP
PCAR,2023-09-30,PACCAR Inc,PACCAR,693718108,,IN_MEMBERSHIP
PCAR,2023-12-31,PACCAR Inc,PACCAR,693718108,,IN_MEMBERSHIP
PCAR,2024-03-31,PACCAR Inc,PACCAR,693718108,,IN_MEMBERSHIP
PCAR,2024-06-30,PACCAR Inc,PACCAR,693718108,,IN_MEMBERSHIP
PCAR,2024-09-30,PACCAR Inc,PACCAR,693718108,,IN_MEMBERSHIP
PCAR,2024-12-31,PACCAR Inc,PACCAR,693718108,,IN_MEMBERSHIP
PCAR,2025-03-31,PACCAR Inc,PACCAR,693718108,,IN_MEMBERSHIP
PCAR,2025-06-30,PACCAR Inc,PACCAR,693718108,,IN_MEMBERSHIP
PCAR,2025-09-30,PACCAR Inc,PACCAR,693718108,,IN_MEMBERSHIP
PCAR,2025-12-31,PACCAR Inc,PACCAR,693718108,,IN_MEMBERSHIP
PCG,2022-12-31,PG&E Corp,PG AND E,69331C108,,IN_MEMBERSHIP
PCG,2023-03-31,PG&E Corp,PG AND E,69331C108,,IN_MEMBERSHIP
PCG,2023-06-30,PG&E Corp,PG AND E,69331C108,,IN_MEMBERSHIP
PCG,2023-09-30,PG&E Corp,PG AND E,69331C108,,IN_MEMBERSHIP
PCG,2023-12-31,PG&E Corp,PG AND E,69331C108,,IN_MEMBERSHIP
PCG,2024-03-31,PG&E Corp,PG AND E,69331C108,,IN_MEMBERSHIP
PCG,2024-06-30,PG&E Corp,PG AND E,69331C108,,IN_MEMBERSHIP
PCG,2024-09-30,PG&E Corp,PG AND E,69331C108,,IN_MEMBERSHIP
PCG,2024-12-31,PG&E Corp,PG AND E,69331C108,,IN_MEMBERSHIP
PCG,2025-03-31,PG&E Corp,PG AND E,69331C108,,IN_MEMBERSHIP
PCG,2025-06-30,PG&E Corp,PG AND E,69331C108,,IN_MEMBERSHIP
PCG,2025-09-30,PG&E Corp,PG AND E,69331C108,,IN_MEMBERSHIP
PCG,2025-12-31,PG&E Corp,PG AND E,69331C108,,IN_MEMBERSHIP
PEG,2020-12-31,Public Service Enterprise Group Inc,PUBLIC SERVICE ENTERPRISE GROUP,744573106,,PRE_WINDOW_SUPPORT
PEG,2021-03-31,Public Service Enterprise Group Inc,PUBLIC SERVICE ENTERPRISE GROUP,744573106,,IN_MEMBERSHIP
PEG,2021-06-30,Public Service Enterprise Group Inc,PUBLIC SERVICE ENTERPRISE GROUP,744573106,,IN_MEMBERSHIP
PEG,2021-09-30,Public Service Enterprise Group Inc,PUBLIC SERVICE ENTERPRISE GROUP,744573106,,IN_MEMBERSHIP
PEG,2021-12-31,Public Service Enterprise Group Inc,PUBLIC SERVICE ENTERPRISE GROUP,744573106,,IN_MEMBERSHIP
PEG,2022-03-31,Public Service Enterprise Group Inc,PUBLIC SERVICE ENTERPRISE GROUP,744573106,,IN_MEMBERSHIP
PEG,2022-06-30,Public Service Enterprise Group Inc,PUBLIC SERVICE ENTERPRISE GROUP,744573106,,IN_MEMBERSHIP
PEG,2022-09-30,Public Service Enterprise Group Inc,PUBLIC SERVICE ENTERPRISE GROUP,744573106,,IN_MEMBERSHIP
PEG,2022-12-31,Public Service Enterprise Group Inc,PUBLIC SERVICE ENTERPRISE GROUP,744573106,,IN_MEMBERSHIP
PEG,2023-03-31,Public Service Enterprise Group Inc,PUBLIC SERVICE ENTERPRISE GROUP,744573106,,IN_MEMBERSHIP
PEG,2023-06-30,Public Service Enterprise Group Inc,PUBLIC SERVICE ENTERPRISE GROUP,744573106,,IN_MEMBERSHIP
PEG,2023-09-30,Public Service Enterprise Group Inc,PUBLIC SERVICE ENTERPRISE GROUP,744573106,,IN_MEMBERSHIP
PEG,2023-12-31,Public Service Enterprise Group Inc,PUBLIC SERVICE ENTERPRISE GROUP,744573106,,IN_MEMBERSHIP
PEG,2024-03-31,Public Service Enterprise Group Inc,PUBLIC SERVICE ENTERPRISE GROUP,744573106,,IN_MEMBERSHIP
PEG,2024-06-30,Public Service Enterprise Group Inc,PUBLIC SERVICE ENTERPRISE GROUP,744573106,,IN_MEMBERSHIP
PEG,2024-09-30,Public Service Enterprise Group Inc,PUBLIC SERVICE ENTERPRISE GROUP,744573106,,IN_MEMBERSHIP
PEG,2024-12-31,Public Service Enterprise Group Inc,PUBLIC SERVICE ENTERPRISE GROUP,744573106,,IN_MEMBERSHIP
PEG,2025-03-31,Public Service Enterprise Group Inc,PUBLIC SERVICE ENTERPRISE GROUP,744573106,,IN_MEMBERSHIP
PEG,2025-06-30,Public Service Enterprise Group Inc,PUBLIC SERVICE ENTERPRISE GROUP,744573106,,IN_MEMBERSHIP
PEG,2025-09-30,Public Service Enterprise Group Inc,PUBLIC SERVICE ENTERPRISE GROUP,744573106,,IN_MEMBERSHIP
PEG,2025-12-31,Public Service Enterprise Group Inc,PUBLIC SERVICE ENTERPRISE GROUP,744573106,,IN_MEMBERSHIP
PEP,2020-12-31,PepsiCo Inc,PEPSICO,713448108,,PRE_WINDOW_SUPPORT
PEP,2021-03-31,PepsiCo Inc,PEPSICO,713448108,,IN_MEMBERSHIP
PEP,2021-06-30,PepsiCo Inc,PEPSICO,713448108,,IN_MEMBERSHIP
PEP,2021-09-30,PepsiCo Inc,PEPSICO,713448108,,IN_MEMBERSHIP
PEP,2021-12-31,PepsiCo Inc,PEPSICO,713448108,,IN_MEMBERSHIP
PEP,2022-03-31,PepsiCo Inc,PEPSICO,713448108,,IN_MEMBERSHIP
PEP,2022-06-30,PepsiCo Inc,PEPSICO,713448108,,IN_MEMBERSHIP
PEP,2022-09-30,PepsiCo Inc,PEPSICO,713448108,,IN_MEMBERSHIP
PEP,2022-12-31,PepsiCo Inc,PEPSICO,713448108,,IN_MEMBERSHIP
PEP,2023-03-31,PepsiCo Inc,PEPSICO,713448108,,IN_MEMBERSHIP
PEP,2023-06-30,PepsiCo Inc,PEPSICO,713448108,,IN_MEMBERSHIP
PEP,2023-09-30,PepsiCo Inc,PEPSICO,713448108,,IN_MEMBERSHIP
PEP,2023-12-31,PepsiCo Inc,PEPSICO,713448108,,IN_MEMBERSHIP
PEP,2024-03-31,PepsiCo Inc,PEPSICO,713448108,,IN_MEMBERSHIP
PEP,2024-06-30,PepsiCo Inc,PEPSICO,713448108,,IN_MEMBERSHIP
PEP,2024-09-30,PepsiCo Inc,PEPSICO,713448108,,IN_MEMBERSHIP
PEP,2024-12-31,PepsiCo Inc,PEPSICO,713448108,,IN_MEMBERSHIP
PEP,2025-03-31,PepsiCo Inc,PEPSICO,713448108,,IN_MEMBERSHIP
PEP,2025-06-30,PepsiCo Inc,PEPSICO,713448108,,IN_MEMBERSHIP
PEP,2025-09-30,PepsiCo Inc,PEPSICO,713448108,,IN_MEMBERSHIP
PEP,2025-12-31,PepsiCo Inc,PEPSICO,713448108,,IN_MEMBERSHIP
PFE,2020-12-31,Pfizer Inc,PFIZER,717081103,,PRE_WINDOW_SUPPORT
PFE,2021-03-31,Pfizer Inc,PFIZER,717081103,,IN_MEMBERSHIP
PFE,2021-06-30,Pfizer Inc,PFIZER,717081103,,IN_MEMBERSHIP
PFE,2021-09-30,Pfizer Inc,PFIZER,717081103,,IN_MEMBERSHIP
PFE,2021-12-31,Pfizer Inc,PFIZER,717081103,,IN_MEMBERSHIP
PFE,2022-03-31,Pfizer Inc,PFIZER,717081103,,IN_MEMBERSHIP
PFE,2022-06-30,Pfizer Inc,PFIZER,717081103,,IN_MEMBERSHIP
PFE,2022-09-30,Pfizer Inc,PFIZER,717081103,,IN_MEMBERSHIP
PFE,2022-12-31,Pfizer Inc,PFIZER,717081103,,IN_MEMBERSHIP
PFE,2023-03-31,Pfizer Inc,PFIZER,717081103,,IN_MEMBERSHIP
PFE,2023-06-30,Pfizer Inc,PFIZER,717081103,,IN_MEMBERSHIP
PFE,2023-09-30,Pfizer Inc,PFIZER,717081103,,IN_MEMBERSHIP
PFE,2023-12-31,Pfizer Inc,PFIZER,717081103,,IN_MEMBERSHIP
PFE,2024-03-31,Pfizer Inc,PFIZER,717081103,,IN_MEMBERSHIP
PFE,2024-06-30,Pfizer Inc,PFIZER,717081103,,IN_MEMBERSHIP
PFE,2024-09-30,Pfizer Inc,PFIZER,717081103,,IN_MEMBERSHIP
PFE,2024-12-31,Pfizer Inc,PFIZER,717081103,,IN_MEMBERSHIP
PFE,2025-03-31,Pfizer Inc,PFIZER,717081103,,IN_MEMBERSHIP
PFE,2025-06-30,Pfizer Inc,PFIZER,717081103,,IN_MEMBERSHIP
PFE,2025-09-30,Pfizer Inc,PFIZER,717081103,,IN_MEMBERSHIP
PFE,2025-12-31,Pfizer Inc,PFIZER,717081103,,IN_MEMBERSHIP
PFG,2020-12-31,Principal Financial Group Inc,PRINCIPAL FINANCIAL GROUP,74251V102,,PRE_WINDOW_SUPPORT
PFG,2021-03-31,Principal Financial Group Inc,PRINCIPAL FINANCIAL GROUP,74251V102,,IN_MEMBERSHIP
PFG,2021-06-30,Principal Financial Group Inc,PRINCIPAL FINANCIAL GROUP,74251V102,,IN_MEMBERSHIP
PFG,2021-09-30,Principal Financial Group Inc,PRINCIPAL FINANCIAL GROUP,74251V102,,IN_MEMBERSHIP
PFG,2021-12-31,Principal Financial Group Inc,PRINCIPAL FINANCIAL GROUP,74251V102,,IN_MEMBERSHIP
PFG,2022-03-31,Principal Financial Group Inc,PRINCIPAL FINANCIAL GROUP,74251V102,,IN_MEMBERSHIP
PFG,2022-06-30,Principal Financial Group Inc,PRINCIPAL FINANCIAL GROUP,74251V102,,IN_MEMBERSHIP
PFG,2022-09-30,Principal Financial Group Inc,PRINCIPAL FINANCIAL GROUP,74251V102,,IN_MEMBERSHIP
PFG,2022-12-31,Principal Financial Group Inc,PRINCIPAL FINANCIAL GROUP,74251V102,,IN_MEMBERSHIP
PFG,2023-03-31,Principal Financial Group Inc,PRINCIPAL FINANCIAL GROUP,74251V102,,IN_MEMBERSHIP
PFG,2023-06-30,Principal Financial Group Inc,PRINCIPAL FINANCIAL GROUP,74251V102,,IN_MEMBERSHIP
PFG,2023-09-30,Principal Financial Group Inc,PRINCIPAL FINANCIAL GROUP,74251V102,,IN_MEMBERSHIP
PFG,2023-12-31,Principal Financial Group Inc,PRINCIPAL FINANCIAL GROUP,74251V102,,IN_MEMBERSHIP
PFG,2024-03-31,Principal Financial Group Inc,PRINCIPAL FINANCIAL GROUP,74251V102,,IN_MEMBERSHIP
PFG,2024-06-30,Principal Financial Group Inc,PRINCIPAL FINANCIAL GROUP,74251V102,,IN_MEMBERSHIP
PFG,2024-09-30,Principal Financial Group Inc,PRINCIPAL FINANCIAL GROUP,74251V102,,IN_MEMBERSHIP
PFG,2024-12-31,Principal Financial Group Inc,PRINCIPAL FINANCIAL GROUP,74251V102,,IN_MEMBERSHIP
PFG,2025-03-31,Principal Financial Group Inc,PRINCIPAL FINANCIAL GROUP,74251V102,,IN_MEMBERSHIP
PFG,2025-06-30,Principal Financial Group Inc,PRINCIPAL FINANCIAL GROUP,74251V102,,IN_MEMBERSHIP
PFG,2025-09-30,Principal Financial Group Inc,PRINCIPAL FINANCIAL GROUP,74251V102,,IN_MEMBERSHIP
PFG,2025-12-31,Principal Financial Group Inc,PRINCIPAL FINANCIAL GROUP,74251V102,,IN_MEMBERSHIP
PG,2020-12-31,Procter & Gamble Co/The,PROCTER AND GAMBLE,742718109,,PRE_WINDOW_SUPPORT
PG,2021-03-31,Procter & Gamble Co/The,PROCTER AND GAMBLE,742718109,,IN_MEMBERSHIP
PG,2021-06-30,Procter & Gamble Co/The,PROCTER AND GAMBLE,742718109,,IN_MEMBERSHIP
PG,2021-09-30,Procter & Gamble Co/The,PROCTER AND GAMBLE,742718109,,IN_MEMBERSHIP
PG,2021-12-31,Procter & Gamble Co/The,PROCTER AND GAMBLE,742718109,,IN_MEMBERSHIP
PG,2022-03-31,Procter & Gamble Co/The,PROCTER AND GAMBLE,742718109,,IN_MEMBERSHIP
PG,2022-06-30,Procter & Gamble Co/The,PROCTER AND GAMBLE,742718109,,IN_MEMBERSHIP
PG,2022-09-30,Procter & Gamble Co/The,PROCTER AND GAMBLE,742718109,,IN_MEMBERSHIP
PG,2022-12-31,Procter & Gamble Co/The,PROCTER AND GAMBLE,742718109,,IN_MEMBERSHIP
PG,2023-03-31,Procter & Gamble Co/The,PROCTER AND GAMBLE,742718109,,IN_MEMBERSHIP
PG,2023-06-30,Procter & Gamble Co/The,PROCTER AND GAMBLE,742718109,,IN_MEMBERSHIP
PG,2023-09-30,Procter & Gamble Co/The,PROCTER AND GAMBLE,742718109,,IN_MEMBERSHIP
PG,2023-12-31,Procter & Gamble Co/The,PROCTER AND GAMBLE,742718109,,IN_MEMBERSHIP
PG,2024-03-31,Procter & Gamble Co/The,PROCTER AND GAMBLE,742718109,,IN_MEMBERSHIP
PG,2024-06-30,Procter & Gamble Co/The,PROCTER AND GAMBLE,742718109,,IN_MEMBERSHIP
PG,2024-09-30,Procter & Gamble Co/The,PROCTER AND GAMBLE,742718109,,IN_MEMBERSHIP
PG,2024-12-31,Procter & Gamble Co/The,PROCTER AND GAMBLE,742718109,,IN_MEMBERSHIP
PG,2025-03-31,Procter & Gamble Co/The,PROCTER AND GAMBLE,742718109,,IN_MEMBERSHIP
PG,2025-06-30,Procter & Gamble Co/The,PROCTER AND GAMBLE,742718109,,IN_MEMBERSHIP
PG,2025-09-30,Procter & Gamble Co/The,PROCTER AND GAMBLE,742718109,,IN_MEMBERSHIP
PG,2025-12-31,Procter & Gamble Co/The,PROCTER AND GAMBLE,742718109,,IN_MEMBERSHIP
PGR,2020-12-31,Progressive Corp/The,PROGRESSIVE,743315103,,PRE_WINDOW_SUPPORT
PGR,2021-03-31,Progressive Corp/The,PROGRESSIVE,743315103,,IN_MEMBERSHIP
PGR,2021-06-30,Progressive Corp/The,PROGRESSIVE,743315103,,IN_MEMBERSHIP
PGR,2021-09-30,Progressive Corp/The,PROGRESSIVE,743315103,,IN_MEMBERSHIP
PGR,2021-12-31,Progressive Corp/The,PROGRESSIVE,743315103,,IN_MEMBERSHIP
PGR,2022-03-31,Progressive Corp/The,PROGRESSIVE,743315103,,IN_MEMBERSHIP
PGR,2022-06-30,Progressive Corp/The,PROGRESSIVE,743315103,,IN_MEMBERSHIP
PGR,2022-09-30,Progressive Corp/The,PROGRESSIVE,743315103,,IN_MEMBERSHIP
PGR,2022-12-31,Progressive Corp/The,PROGRESSIVE,743315103,,IN_MEMBERSHIP
PGR,2023-03-31,Progressive Corp/The,PROGRESSIVE,743315103,,IN_MEMBERSHIP
PGR,2023-06-30,Progressive Corp/The,PROGRESSIVE,743315103,,IN_MEMBERSHIP
PGR,2023-09-30,Progressive Corp/The,PROGRESSIVE,743315103,,IN_MEMBERSHIP
PGR,2023-12-31,Progressive Corp/The,PROGRESSIVE,743315103,,IN_MEMBERSHIP
PGR,2024-03-31,Progressive Corp/The,PROGRESSIVE,743315103,,IN_MEMBERSHIP
PGR,2024-06-30,Progressive Corp/The,PROGRESSIVE,743315103,,IN_MEMBERSHIP
PGR,2024-09-30,Progressive Corp/The,PROGRESSIVE,743315103,,IN_MEMBERSHIP
PGR,2024-12-31,Progressive Corp/The,PROGRESSIVE,743315103,,IN_MEMBERSHIP
PGR,2025-03-31,Progressive Corp/The,PROGRESSIVE,743315103,,IN_MEMBERSHIP
PGR,2025-06-30,Progressive Corp/The,PROGRESSIVE,743315103,,IN_MEMBERSHIP
PGR,2025-09-30,Progressive Corp/The,PROGRESSIVE,743315103,,IN_MEMBERSHIP
PGR,2025-12-31,Progressive Corp/The,PROGRESSIVE,743315103,,IN_MEMBERSHIP
PH,2020-12-31,Parker-Hannifin Corp,PARKER HANNIFIN,701094104,,PRE_WINDOW_SUPPORT
PH,2021-03-31,Parker-Hannifin Corp,PARKER HANNIFIN,701094104,,IN_MEMBERSHIP
PH,2021-06-30,Parker-Hannifin Corp,PARKER HANNIFIN,701094104,,IN_MEMBERSHIP
PH,2021-09-30,Parker-Hannifin Corp,PARKER HANNIFIN,701094104,,IN_MEMBERSHIP
PH,2021-12-31,Parker-Hannifin Corp,PARKER HANNIFIN,701094104,,IN_MEMBERSHIP
PH,2022-03-31,Parker-Hannifin Corp,PARKER HANNIFIN,701094104,,IN_MEMBERSHIP
PH,2022-06-30,Parker-Hannifin Corp,PARKER HANNIFIN,701094104,,IN_MEMBERSHIP
PH,2022-09-30,Parker-Hannifin Corp,PARKER HANNIFIN,701094104,,IN_MEMBERSHIP
PH,2022-12-31,Parker-Hannifin Corp,PARKER HANNIFIN,701094104,,IN_MEMBERSHIP
PH,2023-03-31,Parker-Hannifin Corp,PARKER HANNIFIN,701094104,,IN_MEMBERSHIP
PH,2023-06-30,Parker-Hannifin Corp,PARKER HANNIFIN,701094104,,IN_MEMBERSHIP
PH,2023-09-30,Parker-Hannifin Corp,PARKER HANNIFIN,701094104,,IN_MEMBERSHIP
PH,2023-12-31,Parker-Hannifin Corp,PARKER HANNIFIN,701094104,,IN_MEMBERSHIP
PH,2024-03-31,Parker-Hannifin Corp,PARKER HANNIFIN,701094104,,IN_MEMBERSHIP
PH,2024-06-30,Parker-Hannifin Corp,PARKER HANNIFIN,701094104,,IN_MEMBERSHIP
PH,2024-09-30,Parker-Hannifin Corp,PARKER HANNIFIN,701094104,,IN_MEMBERSHIP
PH,2024-12-31,Parker-Hannifin Corp,PARKER HANNIFIN,701094104,,IN_MEMBERSHIP
PH,2025-03-31,Parker-Hannifin Corp,PARKER HANNIFIN,701094104,,IN_MEMBERSHIP
PH,2025-06-30,Parker-Hannifin Corp,PARKER HANNIFIN,701094104,,IN_MEMBERSHIP
PH,2025-09-30,Parker-Hannifin Corp,PARKER HANNIFIN,701094104,,IN_MEMBERSHIP
PH,2025-12-31,Parker-Hannifin Corp,PARKER HANNIFIN,701094104,,IN_MEMBERSHIP
PHM,2020-12-31,PulteGroup Inc,PULTEGROUP,745867101,,PRE_WINDOW_SUPPORT
PHM,2021-03-31,PulteGroup Inc,PULTEGROUP,745867101,,IN_MEMBERSHIP
PHM,2021-06-30,PulteGroup Inc,PULTEGROUP,745867101,,IN_MEMBERSHIP
PHM,2021-09-30,PulteGroup Inc,PULTEGROUP,745867101,,IN_MEMBERSHIP
PHM,2021-12-31,PulteGroup Inc,PULTEGROUP,745867101,,IN_MEMBERSHIP
PHM,2022-03-31,PulteGroup Inc,PULTEGROUP,745867101,,IN_MEMBERSHIP
PHM,2022-06-30,PulteGroup Inc,PULTEGROUP,745867101,,IN_MEMBERSHIP
PHM,2022-09-30,PulteGroup Inc,PULTEGROUP,745867101,,IN_MEMBERSHIP
PHM,2022-12-31,PulteGroup Inc,PULTEGROUP,745867101,,IN_MEMBERSHIP
PHM,2023-03-31,PulteGroup Inc,PULTEGROUP,745867101,,IN_MEMBERSHIP
PHM,2023-06-30,PulteGroup Inc,PULTEGROUP,745867101,,IN_MEMBERSHIP
PHM,2023-09-30,PulteGroup Inc,PULTEGROUP,745867101,,IN_MEMBERSHIP
PHM,2023-12-31,PulteGroup Inc,PULTEGROUP,745867101,,IN_MEMBERSHIP
PHM,2024-03-31,PulteGroup Inc,PULTEGROUP,745867101,,IN_MEMBERSHIP
PHM,2024-06-30,PulteGroup Inc,PULTEGROUP,745867101,,IN_MEMBERSHIP
PHM,2024-09-30,PulteGroup Inc,PULTEGROUP,745867101,,IN_MEMBERSHIP
PHM,2024-12-31,PulteGroup Inc,PULTEGROUP,745867101,,IN_MEMBERSHIP
PHM,2025-03-31,PulteGroup Inc,PULTEGROUP,745867101,,IN_MEMBERSHIP
PHM,2025-06-30,PulteGroup Inc,PULTEGROUP,745867101,,IN_MEMBERSHIP
PHM,2025-09-30,PulteGroup Inc,PULTEGROUP,745867101,,IN_MEMBERSHIP
PHM,2025-12-31,PulteGroup Inc,PULTEGROUP,745867101,,IN_MEMBERSHIP
PKG,2020-12-31,Packaging Corp of America,PACKAGING CORP OF AMERICA,695156109,,PRE_WINDOW_SUPPORT
PKG,2021-03-31,Packaging Corp of America,PACKAGING CORP OF AMERICA,695156109,,IN_MEMBERSHIP
PKG,2021-06-30,Packaging Corp of America,PACKAGING CORP OF AMERICA,695156109,,IN_MEMBERSHIP
PKG,2021-09-30,Packaging Corp of America,PACKAGING CORP OF AMERICA,695156109,,IN_MEMBERSHIP
PKG,2021-12-31,Packaging Corp of America,PACKAGING CORP OF AMERICA,695156109,,IN_MEMBERSHIP
PKG,2022-03-31,Packaging Corp of America,PACKAGING CORP OF AMERICA,695156109,,IN_MEMBERSHIP
PKG,2022-06-30,Packaging Corp of America,PACKAGING CORP OF AMERICA,695156109,,IN_MEMBERSHIP
PKG,2022-09-30,Packaging Corp of America,PACKAGING CORP OF AMERICA,695156109,,IN_MEMBERSHIP
PKG,2022-12-31,Packaging Corp of America,PACKAGING CORP OF AMERICA,695156109,,IN_MEMBERSHIP
PKG,2023-03-31,Packaging Corp of America,PACKAGING CORP OF AMERICA,695156109,,IN_MEMBERSHIP
PKG,2023-06-30,Packaging Corp of America,PACKAGING CORP OF AMERICA,695156109,,IN_MEMBERSHIP
PKG,2023-09-30,Packaging Corp of America,PACKAGING CORP OF AMERICA,695156109,,IN_MEMBERSHIP
PKG,2023-12-31,Packaging Corp of America,PACKAGING CORP OF AMERICA,695156109,,IN_MEMBERSHIP
PKG,2024-03-31,Packaging Corp of America,PACKAGING CORP OF AMERICA,695156109,,IN_MEMBERSHIP
PKG,2024-06-30,Packaging Corp of America,PACKAGING CORP OF AMERICA,695156109,,IN_MEMBERSHIP
PKG,2024-09-30,Packaging Corp of America,PACKAGING CORP OF AMERICA,695156109,,IN_MEMBERSHIP
PKG,2024-12-31,Packaging Corp of America,PACKAGING CORP OF AMERICA,695156109,,IN_MEMBERSHIP
PKG,2025-03-31,Packaging Corp of America,PACKAGING CORP OF AMERICA,695156109,,IN_MEMBERSHIP
PKG,2025-06-30,Packaging Corp of America,PACKAGING CORP OF AMERICA,695156109,,IN_MEMBERSHIP
PKG,2025-09-30,Packaging Corp of America,PACKAGING CORP OF AMERICA,695156109,,IN_MEMBERSHIP
PKG,2025-12-31,Packaging Corp of America,PACKAGING CORP OF AMERICA,695156109,,IN_MEMBERSHIP
PLD,2020-12-31,Prologis Inc,PROLOGIS,74340W103,,PRE_WINDOW_SUPPORT
PLD,2021-03-31,Prologis Inc,PROLOGIS,74340W103,,IN_MEMBERSHIP
PLD,2021-06-30,Prologis Inc,PROLOGIS,74340W103,,IN_MEMBERSHIP
PLD,2021-09-30,Prologis Inc,PROLOGIS,74340W103,,IN_MEMBERSHIP
PLD,2021-12-31,Prologis Inc,PROLOGIS,74340W103,,IN_MEMBERSHIP
PLD,2022-03-31,Prologis Inc,PROLOGIS,74340W103,,IN_MEMBERSHIP
PLD,2022-06-30,Prologis Inc,PROLOGIS,74340W103,,IN_MEMBERSHIP
PLD,2022-09-30,Prologis Inc,PROLOGIS,74340W103,,IN_MEMBERSHIP
PLD,2022-12-31,Prologis Inc,PROLOGIS,74340W103,,IN_MEMBERSHIP
PLD,2023-03-31,Prologis Inc,PROLOGIS,74340W103,,IN_MEMBERSHIP
PLD,2023-06-30,Prologis Inc,PROLOGIS,74340W103,,IN_MEMBERSHIP
PLD,2023-09-30,Prologis Inc,PROLOGIS,74340W103,,IN_MEMBERSHIP
PLD,2023-12-31,Prologis Inc,PROLOGIS,74340W103,,IN_MEMBERSHIP
PLD,2024-03-31,Prologis Inc,PROLOGIS,74340W103,,IN_MEMBERSHIP
PLD,2024-06-30,Prologis Inc,PROLOGIS,74340W103,,IN_MEMBERSHIP
PLD,2024-09-30,Prologis Inc,PROLOGIS,74340W103,,IN_MEMBERSHIP
PLD,2024-12-31,Prologis Inc,PROLOGIS,74340W103,,IN_MEMBERSHIP
PLD,2025-03-31,Prologis Inc,PROLOGIS,74340W103,,IN_MEMBERSHIP
PLD,2025-06-30,Prologis Inc,PROLOGIS,74340W103,,IN_MEMBERSHIP
PLD,2025-09-30,Prologis Inc,PROLOGIS,74340W103,,IN_MEMBERSHIP
PLD,2025-12-31,Prologis Inc,PROLOGIS,74340W103,,IN_MEMBERSHIP
PLTR,2024-09-30,Palantir Technologies Inc,PALANTIR TECHNOLOGIES,69608A108,,IN_MEMBERSHIP
PLTR,2024-12-31,Palantir Technologies Inc,PALANTIR TECHNOLOGIES,69608A108,,IN_MEMBERSHIP
PLTR,2025-03-31,Palantir Technologies Inc,PALANTIR TECHNOLOGIES,69608A108,,IN_MEMBERSHIP
PLTR,2025-06-30,Palantir Technologies Inc,PALANTIR TECHNOLOGIES,69608A108,,IN_MEMBERSHIP
PLTR,2025-09-30,Palantir Technologies Inc,PALANTIR TECHNOLOGIES,69608A108,,IN_MEMBERSHIP
PLTR,2025-12-31,Palantir Technologies Inc,PALANTIR TECHNOLOGIES,69608A108,,IN_MEMBERSHIP
PM,2020-12-31,Philip Morris International Inc,PHILIP MORRIS INTERNATIONAL,718172109,,PRE_WINDOW_SUPPORT
PM,2021-03-31,Philip Morris International Inc,PHILIP MORRIS INTERNATIONAL,718172109,,IN_MEMBERSHIP
PM,2021-06-30,Philip Morris International Inc,PHILIP MORRIS INTERNATIONAL,718172109,,IN_MEMBERSHIP
PM,2021-09-30,Philip Morris International Inc,PHILIP MORRIS INTERNATIONAL,718172109,,IN_MEMBERSHIP
PM,2021-12-31,Philip Morris International Inc,PHILIP MORRIS INTERNATIONAL,718172109,,IN_MEMBERSHIP
PM,2022-03-31,Philip Morris International Inc,PHILIP MORRIS INTERNATIONAL,718172109,,IN_MEMBERSHIP
PM,2022-06-30,Philip Morris International Inc,PHILIP MORRIS INTERNATIONAL,718172109,,IN_MEMBERSHIP
PM,2022-09-30,Philip Morris International Inc,PHILIP MORRIS INTERNATIONAL,718172109,,IN_MEMBERSHIP
PM,2022-12-31,Philip Morris International Inc,PHILIP MORRIS INTERNATIONAL,718172109,,IN_MEMBERSHIP
PM,2023-03-31,Philip Morris International Inc,PHILIP MORRIS INTERNATIONAL,718172109,,IN_MEMBERSHIP
PM,2023-06-30,Philip Morris International Inc,PHILIP MORRIS INTERNATIONAL,718172109,,IN_MEMBERSHIP
PM,2023-09-30,Philip Morris International Inc,PHILIP MORRIS INTERNATIONAL,718172109,,IN_MEMBERSHIP
PM,2023-12-31,Philip Morris International Inc,PHILIP MORRIS INTERNATIONAL,718172109,,IN_MEMBERSHIP
PM,2024-03-31,Philip Morris International Inc,PHILIP MORRIS INTERNATIONAL,718172109,,IN_MEMBERSHIP
PM,2024-06-30,Philip Morris International Inc,PHILIP MORRIS INTERNATIONAL,718172109,,IN_MEMBERSHIP
PM,2024-09-30,Philip Morris International Inc,PHILIP MORRIS INTERNATIONAL,718172109,,IN_MEMBERSHIP
PM,2024-12-31,Philip Morris International Inc,PHILIP MORRIS INTERNATIONAL,718172109,,IN_MEMBERSHIP
PM,2025-03-31,Philip Morris International Inc,PHILIP MORRIS INTERNATIONAL,718172109,,IN_MEMBERSHIP
PM,2025-06-30,Philip Morris International Inc,PHILIP MORRIS INTERNATIONAL,718172109,,IN_MEMBERSHIP
PM,2025-09-30,Philip Morris International Inc,PHILIP MORRIS INTERNATIONAL,718172109,,IN_MEMBERSHIP
PM,2025-12-31,Philip Morris International Inc,PHILIP MORRIS INTERNATIONAL,718172109,,IN_MEMBERSHIP
PNC,2020-12-31,PNC Financial Services Group Inc/The,PNC FINANCIAL SERVICES GROUP,693475105,,PRE_WINDOW_SUPPORT
PNC,2021-03-31,PNC Financial Services Group Inc/The,PNC FINANCIAL SERVICES GROUP,693475105,,IN_MEMBERSHIP
PNC,2021-06-30,PNC Financial Services Group Inc/The,PNC FINANCIAL SERVICES GROUP,693475105,,IN_MEMBERSHIP
PNC,2021-09-30,PNC Financial Services Group Inc/The,PNC FINANCIAL SERVICES GROUP,693475105,,IN_MEMBERSHIP
PNC,2021-12-31,PNC Financial Services Group Inc/The,PNC FINANCIAL SERVICES GROUP,693475105,,IN_MEMBERSHIP
PNC,2022-03-31,PNC Financial Services Group Inc/The,PNC FINANCIAL SERVICES GROUP,693475105,,IN_MEMBERSHIP
PNC,2022-06-30,PNC Financial Services Group Inc/The,PNC FINANCIAL SERVICES GROUP,693475105,,IN_MEMBERSHIP
PNC,2022-09-30,PNC Financial Services Group Inc/The,PNC FINANCIAL SERVICES GROUP,693475105,,IN_MEMBERSHIP
PNC,2022-12-31,PNC Financial Services Group Inc/The,PNC FINANCIAL SERVICES GROUP,693475105,,IN_MEMBERSHIP
PNC,2023-03-31,PNC Financial Services Group Inc/The,PNC FINANCIAL SERVICES GROUP,693475105,,IN_MEMBERSHIP
PNC,2023-06-30,PNC Financial Services Group Inc/The,PNC FINANCIAL SERVICES GROUP,693475105,,IN_MEMBERSHIP
PNC,2023-09-30,PNC Financial Services Group Inc/The,PNC FINANCIAL SERVICES GROUP,693475105,,IN_MEMBERSHIP
PNC,2023-12-31,PNC Financial Services Group Inc/The,PNC FINANCIAL SERVICES GROUP,693475105,,IN_MEMBERSHIP
PNC,2024-03-31,PNC Financial Services Group Inc/The,PNC FINANCIAL SERVICES GROUP,693475105,,IN_MEMBERSHIP
PNC,2024-06-30,PNC Financial Services Group Inc/The,PNC FINANCIAL SERVICES GROUP,693475105,,IN_MEMBERSHIP
PNC,2024-09-30,PNC Financial Services Group Inc/The,PNC FINANCIAL SERVICES GROUP,693475105,,IN_MEMBERSHIP
PNC,2024-12-31,PNC Financial Services Group Inc/The,PNC FINANCIAL SERVICES GROUP,693475105,,IN_MEMBERSHIP
PNC,2025-03-31,PNC Financial Services Group Inc/The,PNC FINANCIAL SERVICES GROUP,693475105,,IN_MEMBERSHIP
PNC,2025-06-30,PNC Financial Services Group Inc/The,PNC FINANCIAL SERVICES GROUP,693475105,,IN_MEMBERSHIP
PNC,2025-09-30,PNC Financial Services Group Inc/The,PNC FINANCIAL SERVICES GROUP,693475105,,IN_MEMBERSHIP
PNC,2025-12-31,PNC Financial Services Group Inc/The,PNC FINANCIAL SERVICES GROUP,693475105,,IN_MEMBERSHIP
PNR,2020-12-31,Pentair PLC,PENTAIR,IE00BLS09M33,,PRE_WINDOW_SUPPORT
PNR,2021-03-31,Pentair PLC,PENTAIR,IE00BLS09M33,,IN_MEMBERSHIP
PNR,2021-06-30,Pentair PLC,PENTAIR,IE00BLS09M33,,IN_MEMBERSHIP
PNR,2021-09-30,Pentair PLC,PENTAIR,IE00BLS09M33,,IN_MEMBERSHIP
PNR,2021-12-31,Pentair PLC,PENTAIR,IE00BLS09M33,,IN_MEMBERSHIP
PNR,2022-03-31,Pentair PLC,PENTAIR,IE00BLS09M33,,IN_MEMBERSHIP
PNR,2022-06-30,Pentair PLC,PENTAIR,IE00BLS09M33,,IN_MEMBERSHIP
PNR,2022-09-30,Pentair PLC,PENTAIR,IE00BLS09M33,,IN_MEMBERSHIP
PNR,2022-12-31,Pentair PLC,PENTAIR,IE00BLS09M33,,IN_MEMBERSHIP
PNR,2023-03-31,Pentair PLC,PENTAIR,IE00BLS09M33,,IN_MEMBERSHIP
PNR,2023-06-30,Pentair PLC,PENTAIR,IE00BLS09M33,,IN_MEMBERSHIP
PNR,2023-09-30,Pentair PLC,PENTAIR,IE00BLS09M33,,IN_MEMBERSHIP
PNR,2023-12-31,Pentair PLC,PENTAIR,IE00BLS09M33,,IN_MEMBERSHIP
PNR,2024-03-31,Pentair PLC,PENTAIR,IE00BLS09M33,,IN_MEMBERSHIP
PNR,2024-06-30,Pentair PLC,PENTAIR,IE00BLS09M33,,IN_MEMBERSHIP
PNR,2024-09-30,Pentair PLC,PENTAIR,IE00BLS09M33,,IN_MEMBERSHIP
PNR,2024-12-31,Pentair PLC,PENTAIR,IE00BLS09M33,,IN_MEMBERSHIP
PNR,2025-03-31,Pentair PLC,PENTAIR,IE00BLS09M33,,IN_MEMBERSHIP
PNR,2025-06-30,Pentair PLC,PENTAIR,IE00BLS09M33,,IN_MEMBERSHIP
PNR,2025-09-30,Pentair PLC,PENTAIR,IE00BLS09M33,,IN_MEMBERSHIP
PNR,2025-12-31,Pentair PLC,PENTAIR,IE00BLS09M33,,IN_MEMBERSHIP
PNW,2020-12-31,Pinnacle West Capital Corp,PINNACLE WEST CAPITAL,723484101,,PRE_WINDOW_SUPPORT
PNW,2021-03-31,Pinnacle West Capital Corp,PINNACLE WEST CAPITAL,723484101,,IN_MEMBERSHIP
PNW,2021-06-30,Pinnacle West Capital Corp,PINNACLE WEST CAPITAL,723484101,,IN_MEMBERSHIP
PNW,2021-09-30,Pinnacle West Capital Corp,PINNACLE WEST CAPITAL,723484101,,IN_MEMBERSHIP
PNW,2021-12-31,Pinnacle West Capital Corp,PINNACLE WEST CAPITAL,723484101,,IN_MEMBERSHIP
PNW,2022-03-31,Pinnacle West Capital Corp,PINNACLE WEST CAPITAL,723484101,,IN_MEMBERSHIP
PNW,2022-06-30,Pinnacle West Capital Corp,PINNACLE WEST CAPITAL,723484101,,IN_MEMBERSHIP
PNW,2022-09-30,Pinnacle West Capital Corp,PINNACLE WEST CAPITAL,723484101,,IN_MEMBERSHIP
PNW,2022-12-31,Pinnacle West Capital Corp,PINNACLE WEST CAPITAL,723484101,,IN_MEMBERSHIP
PNW,2023-03-31,Pinnacle West Capital Corp,PINNACLE WEST CAPITAL,723484101,,IN_MEMBERSHIP
PNW,2023-06-30,Pinnacle West Capital Corp,PINNACLE WEST CAPITAL,723484101,,IN_MEMBERSHIP
PNW,2023-09-30,Pinnacle West Capital Corp,PINNACLE WEST CAPITAL,723484101,,IN_MEMBERSHIP
PNW,2023-12-31,Pinnacle West Capital Corp,PINNACLE WEST CAPITAL,723484101,,IN_MEMBERSHIP
PNW,2024-03-31,Pinnacle West Capital Corp,PINNACLE WEST CAPITAL,723484101,,IN_MEMBERSHIP
PNW,2024-06-30,Pinnacle West Capital Corp,PINNACLE WEST CAPITAL,723484101,,IN_MEMBERSHIP
PNW,2024-09-30,Pinnacle West Capital Corp,PINNACLE WEST CAPITAL,723484101,,IN_MEMBERSHIP
PNW,2024-12-31,Pinnacle West Capital Corp,PINNACLE WEST CAPITAL,723484101,,IN_MEMBERSHIP
PNW,2025-03-31,Pinnacle West Capital Corp,PINNACLE WEST CAPITAL,723484101,,IN_MEMBERSHIP
PNW,2025-06-30,Pinnacle West Capital Corp,PINNACLE WEST CAPITAL,723484101,,IN_MEMBERSHIP
PNW,2025-09-30,Pinnacle West Capital Corp,PINNACLE WEST CAPITAL,723484101,,IN_MEMBERSHIP
PNW,2025-12-31,Pinnacle West Capital Corp,PINNACLE WEST CAPITAL,723484101,,IN_MEMBERSHIP
PODD,2023-03-31,Insulet Corp,INSULET,45784P101,,IN_MEMBERSHIP
PODD,2023-06-30,Insulet Corp,INSULET,45784P101,,IN_MEMBERSHIP
PODD,2023-09-30,Insulet Corp,INSULET,45784P101,,IN_MEMBERSHIP
PODD,2023-12-31,Insulet Corp,INSULET,45784P101,,IN_MEMBERSHIP
PODD,2024-03-31,Insulet Corp,INSULET,45784P101,,IN_MEMBERSHIP
PODD,2024-06-30,Insulet Corp,INSULET,45784P101,,IN_MEMBERSHIP
PODD,2024-09-30,Insulet Corp,INSULET,45784P101,,IN_MEMBERSHIP
PODD,2024-12-31,Insulet Corp,INSULET,45784P101,,IN_MEMBERSHIP
PODD,2025-03-31,Insulet Corp,INSULET,45784P101,,IN_MEMBERSHIP
PODD,2025-06-30,Insulet Corp,INSULET,45784P101,,IN_MEMBERSHIP
PODD,2025-09-30,Insulet Corp,INSULET,45784P101,,IN_MEMBERSHIP
PODD,2025-12-31,Insulet Corp,INSULET,45784P101,,IN_MEMBERSHIP
POOL,2020-12-31,Pool Corp,POOL,73278L105,,PRE_WINDOW_SUPPORT
POOL,2021-03-31,Pool Corp,POOL,73278L105,,IN_MEMBERSHIP
POOL,2021-06-30,Pool Corp,POOL,73278L105,,IN_MEMBERSHIP
POOL,2021-09-30,Pool Corp,POOL,73278L105,,IN_MEMBERSHIP
POOL,2021-12-31,Pool Corp,POOL,73278L105,,IN_MEMBERSHIP
POOL,2022-03-31,Pool Corp,POOL,73278L105,,IN_MEMBERSHIP
POOL,2022-06-30,Pool Corp,POOL,73278L105,,IN_MEMBERSHIP
POOL,2022-09-30,Pool Corp,POOL,73278L105,,IN_MEMBERSHIP
POOL,2022-12-31,Pool Corp,POOL,73278L105,,IN_MEMBERSHIP
POOL,2023-03-31,Pool Corp,POOL,73278L105,,IN_MEMBERSHIP
POOL,2023-06-30,Pool Corp,POOL,73278L105,,IN_MEMBERSHIP
POOL,2023-09-30,Pool Corp,POOL,73278L105,,IN_MEMBERSHIP
POOL,2023-12-31,Pool Corp,POOL,73278L105,,IN_MEMBERSHIP
POOL,2024-03-31,Pool Corp,POOL,73278L105,,IN_MEMBERSHIP
POOL,2024-06-30,Pool Corp,POOL,73278L105,,IN_MEMBERSHIP
POOL,2024-09-30,Pool Corp,POOL,73278L105,,IN_MEMBERSHIP
POOL,2024-12-31,Pool Corp,POOL,73278L105,,IN_MEMBERSHIP
POOL,2025-03-31,Pool Corp,POOL,73278L105,,IN_MEMBERSHIP
POOL,2025-06-30,Pool Corp,POOL,73278L105,,IN_MEMBERSHIP
POOL,2025-09-30,Pool Corp,POOL,73278L105,,IN_MEMBERSHIP
POOL,2025-12-31,Pool Corp,POOL,73278L105,,IN_MEMBERSHIP
PPG,2020-12-31,PPG Industries Inc,PPG INDUSTRIES,693506107,,PRE_WINDOW_SUPPORT
PPG,2021-03-31,PPG Industries Inc,PPG INDUSTRIES,693506107,,IN_MEMBERSHIP
PPG,2021-06-30,PPG Industries Inc,PPG INDUSTRIES,693506107,,IN_MEMBERSHIP
PPG,2021-09-30,PPG Industries Inc,PPG INDUSTRIES,693506107,,IN_MEMBERSHIP
PPG,2021-12-31,PPG Industries Inc,PPG INDUSTRIES,693506107,,IN_MEMBERSHIP
PPG,2022-03-31,PPG Industries Inc,PPG INDUSTRIES,693506107,,IN_MEMBERSHIP
PPG,2022-06-30,PPG Industries Inc,PPG INDUSTRIES,693506107,,IN_MEMBERSHIP
PPG,2022-09-30,PPG Industries Inc,PPG INDUSTRIES,693506107,,IN_MEMBERSHIP
PPG,2022-12-31,PPG Industries Inc,PPG INDUSTRIES,693506107,,IN_MEMBERSHIP
PPG,2023-03-31,PPG Industries Inc,PPG INDUSTRIES,693506107,,IN_MEMBERSHIP
PPG,2023-06-30,PPG Industries Inc,PPG INDUSTRIES,693506107,,IN_MEMBERSHIP
PPG,2023-09-30,PPG Industries Inc,PPG INDUSTRIES,693506107,,IN_MEMBERSHIP
PPG,2023-12-31,PPG Industries Inc,PPG INDUSTRIES,693506107,,IN_MEMBERSHIP
PPG,2024-03-31,PPG Industries Inc,PPG INDUSTRIES,693506107,,IN_MEMBERSHIP
PPG,2024-06-30,PPG Industries Inc,PPG INDUSTRIES,693506107,,IN_MEMBERSHIP
PPG,2024-09-30,PPG Industries Inc,PPG INDUSTRIES,693506107,,IN_MEMBERSHIP
PPG,2024-12-31,PPG Industries Inc,PPG INDUSTRIES,693506107,,IN_MEMBERSHIP
PPG,2025-03-31,PPG Industries Inc,PPG INDUSTRIES,693506107,,IN_MEMBERSHIP
PPG,2025-06-30,PPG Industries Inc,PPG INDUSTRIES,693506107,,IN_MEMBERSHIP
PPG,2025-09-30,PPG Industries Inc,PPG INDUSTRIES,693506107,,IN_MEMBERSHIP
PPG,2025-12-31,PPG Industries Inc,PPG INDUSTRIES,693506107,,IN_MEMBERSHIP
PPL,2020-12-31,PPL Corp,PPL,69351T106,,PRE_WINDOW_SUPPORT
PPL,2021-03-31,PPL Corp,PPL,69351T106,,IN_MEMBERSHIP
PPL,2021-06-30,PPL Corp,PPL,69351T106,,IN_MEMBERSHIP
PPL,2021-09-30,PPL Corp,PPL,69351T106,,IN_MEMBERSHIP
PPL,2021-12-31,PPL Corp,PPL,69351T106,,IN_MEMBERSHIP
PPL,2022-03-31,PPL Corp,PPL,69351T106,,IN_MEMBERSHIP
PPL,2022-06-30,PPL Corp,PPL,69351T106,,IN_MEMBERSHIP
PPL,2022-09-30,PPL Corp,PPL,69351T106,,IN_MEMBERSHIP
PPL,2022-12-31,PPL Corp,PPL,69351T106,,IN_MEMBERSHIP
PPL,2023-03-31,PPL Corp,PPL,69351T106,,IN_MEMBERSHIP
PPL,2023-06-30,PPL Corp,PPL,69351T106,,IN_MEMBERSHIP
PPL,2023-09-30,PPL Corp,PPL,69351T106,,IN_MEMBERSHIP
PPL,2023-12-31,PPL Corp,PPL,69351T106,,IN_MEMBERSHIP
PPL,2024-03-31,PPL Corp,PPL,69351T106,,IN_MEMBERSHIP
PPL,2024-06-30,PPL Corp,PPL,69351T106,,IN_MEMBERSHIP
PPL,2024-09-30,PPL Corp,PPL,69351T106,,IN_MEMBERSHIP
PPL,2024-12-31,PPL Corp,PPL,69351T106,,IN_MEMBERSHIP
PPL,2025-03-31,PPL Corp,PPL,69351T106,,IN_MEMBERSHIP
PPL,2025-06-30,PPL Corp,PPL,69351T106,,IN_MEMBERSHIP
PPL,2025-09-30,PPL Corp,PPL,69351T106,,IN_MEMBERSHIP
PPL,2025-12-31,PPL Corp,PPL,69351T106,,IN_MEMBERSHIP
PRU,2020-12-31,Prudential Financial Inc,PRUDENTIAL FINANCIAL,744320102,,PRE_WINDOW_SUPPORT
PRU,2021-03-31,Prudential Financial Inc,PRUDENTIAL FINANCIAL,744320102,,IN_MEMBERSHIP
PRU,2021-06-30,Prudential Financial Inc,PRUDENTIAL FINANCIAL,744320102,,IN_MEMBERSHIP
PRU,2021-09-30,Prudential Financial Inc,PRUDENTIAL FINANCIAL,744320102,,IN_MEMBERSHIP
PRU,2021-12-31,Prudential Financial Inc,PRUDENTIAL FINANCIAL,744320102,,IN_MEMBERSHIP
PRU,2022-03-31,Prudential Financial Inc,PRUDENTIAL FINANCIAL,744320102,,IN_MEMBERSHIP
PRU,2022-06-30,Prudential Financial Inc,PRUDENTIAL FINANCIAL,744320102,,IN_MEMBERSHIP
PRU,2022-09-30,Prudential Financial Inc,PRUDENTIAL FINANCIAL,744320102,,IN_MEMBERSHIP
PRU,2022-12-31,Prudential Financial Inc,PRUDENTIAL FINANCIAL,744320102,,IN_MEMBERSHIP
PRU,2023-03-31,Prudential Financial Inc,PRUDENTIAL FINANCIAL,744320102,,IN_MEMBERSHIP
PRU,2023-06-30,Prudential Financial Inc,PRUDENTIAL FINANCIAL,744320102,,IN_MEMBERSHIP
PRU,2023-09-30,Prudential Financial Inc,PRUDENTIAL FINANCIAL,744320102,,IN_MEMBERSHIP
PRU,2023-12-31,Prudential Financial Inc,PRUDENTIAL FINANCIAL,744320102,,IN_MEMBERSHIP
PRU,2024-03-31,Prudential Financial Inc,PRUDENTIAL FINANCIAL,744320102,,IN_MEMBERSHIP
PRU,2024-06-30,Prudential Financial Inc,PRUDENTIAL FINANCIAL,744320102,,IN_MEMBERSHIP
PRU,2024-09-30,Prudential Financial Inc,PRUDENTIAL FINANCIAL,744320102,,IN_MEMBERSHIP
PRU,2024-12-31,Prudential Financial Inc,PRUDENTIAL FINANCIAL,744320102,,IN_MEMBERSHIP
PRU,2025-03-31,Prudential Financial Inc,PRUDENTIAL FINANCIAL,744320102,,IN_MEMBERSHIP
PRU,2025-06-30,Prudential Financial Inc,PRUDENTIAL FINANCIAL,744320102,,IN_MEMBERSHIP
PRU,2025-09-30,Prudential Financial Inc,PRUDENTIAL FINANCIAL,744320102,,IN_MEMBERSHIP
PRU,2025-12-31,Prudential Financial Inc,PRUDENTIAL FINANCIAL,744320102,,IN_MEMBERSHIP
PSA,2020-12-31,Public Storage,PUBLIC STORAGE,74460D109,,PRE_WINDOW_SUPPORT
PSA,2021-03-31,Public Storage,PUBLIC STORAGE,74460D109,,IN_MEMBERSHIP
PSA,2021-06-30,Public Storage,PUBLIC STORAGE,74460D109,,IN_MEMBERSHIP
PSA,2021-09-30,Public Storage,PUBLIC STORAGE,74460D109,,IN_MEMBERSHIP
PSA,2021-12-31,Public Storage,PUBLIC STORAGE,74460D109,,IN_MEMBERSHIP
PSA,2022-03-31,Public Storage,PUBLIC STORAGE,74460D109,,IN_MEMBERSHIP
PSA,2022-06-30,Public Storage,PUBLIC STORAGE,74460D109,,IN_MEMBERSHIP
PSA,2022-09-30,Public Storage,PUBLIC STORAGE,74460D109,,IN_MEMBERSHIP
PSA,2022-12-31,Public Storage,PUBLIC STORAGE,74460D109,,IN_MEMBERSHIP
PSA,2023-03-31,Public Storage,PUBLIC STORAGE,74460D109,,IN_MEMBERSHIP
PSA,2023-06-30,Public Storage,PUBLIC STORAGE,74460D109,,IN_MEMBERSHIP
PSA,2023-09-30,Public Storage,PUBLIC STORAGE,74460D109,,IN_MEMBERSHIP
PSA,2023-12-31,Public Storage,PUBLIC STORAGE,74460D109,,IN_MEMBERSHIP
PSA,2024-03-31,Public Storage,PUBLIC STORAGE,74460D109,,IN_MEMBERSHIP
PSA,2024-06-30,Public Storage,PUBLIC STORAGE,74460D109,,IN_MEMBERSHIP
PSA,2024-09-30,Public Storage,PUBLIC STORAGE,74460D109,,IN_MEMBERSHIP
PSA,2024-12-31,Public Storage,PUBLIC STORAGE,74460D109,,IN_MEMBERSHIP
PSA,2025-03-31,Public Storage,PUBLIC STORAGE,74460D109,,IN_MEMBERSHIP
PSA,2025-06-30,Public Storage,PUBLIC STORAGE,74460D109,,IN_MEMBERSHIP
PSA,2025-09-30,Public Storage,PUBLIC STORAGE,74460D109,,IN_MEMBERSHIP
PSA,2025-12-31,Public Storage,PUBLIC STORAGE,74460D109,,IN_MEMBERSHIP
PSKY,2025-09-30,Paramount Skydance Corp,PARAMOUNT SKYDANCE,69932A204,,IN_MEMBERSHIP
PSKY,2025-12-31,Paramount Skydance Corp,PARAMOUNT SKYDANCE,69932A204,,IN_MEMBERSHIP
PSX,2020-12-31,Phillips 66,PHILLIPS 66,718546104,,PRE_WINDOW_SUPPORT
PSX,2021-03-31,Phillips 66,PHILLIPS 66,718546104,,IN_MEMBERSHIP
PSX,2021-06-30,Phillips 66,PHILLIPS 66,718546104,,IN_MEMBERSHIP
PSX,2021-09-30,Phillips 66,PHILLIPS 66,718546104,,IN_MEMBERSHIP
PSX,2021-12-31,Phillips 66,PHILLIPS 66,718546104,,IN_MEMBERSHIP
PSX,2022-03-31,Phillips 66,PHILLIPS 66,718546104,,IN_MEMBERSHIP
PSX,2022-06-30,Phillips 66,PHILLIPS 66,718546104,,IN_MEMBERSHIP
PSX,2022-09-30,Phillips 66,PHILLIPS 66,718546104,,IN_MEMBERSHIP
PSX,2022-12-31,Phillips 66,PHILLIPS 66,718546104,,IN_MEMBERSHIP
PSX,2023-03-31,Phillips 66,PHILLIPS 66,718546104,,IN_MEMBERSHIP
PSX,2023-06-30,Phillips 66,PHILLIPS 66,718546104,,IN_MEMBERSHIP
PSX,2023-09-30,Phillips 66,PHILLIPS 66,718546104,,IN_MEMBERSHIP
PSX,2023-12-31,Phillips 66,PHILLIPS 66,718546104,,IN_MEMBERSHIP
PSX,2024-03-31,Phillips 66,PHILLIPS 66,718546104,,IN_MEMBERSHIP
PSX,2024-06-30,Phillips 66,PHILLIPS 66,718546104,,IN_MEMBERSHIP
PSX,2024-09-30,Phillips 66,PHILLIPS 66,718546104,,IN_MEMBERSHIP
PSX,2024-12-31,Phillips 66,PHILLIPS 66,718546104,,IN_MEMBERSHIP
PSX,2025-03-31,Phillips 66,PHILLIPS 66,718546104,,IN_MEMBERSHIP
PSX,2025-06-30,Phillips 66,PHILLIPS 66,718546104,,IN_MEMBERSHIP
PSX,2025-09-30,Phillips 66,PHILLIPS 66,718546104,,IN_MEMBERSHIP
PSX,2025-12-31,Phillips 66,PHILLIPS 66,718546104,,IN_MEMBERSHIP
PTC,2021-06-30,PTC Inc,PTC,69370C100,,IN_MEMBERSHIP
PTC,2021-09-30,PTC Inc,PTC,69370C100,,IN_MEMBERSHIP
PTC,2021-12-31,PTC Inc,PTC,69370C100,,IN_MEMBERSHIP
PTC,2022-03-31,PTC Inc,PTC,69370C100,,IN_MEMBERSHIP
PTC,2022-06-30,PTC Inc,PTC,69370C100,,IN_MEMBERSHIP
PTC,2022-09-30,PTC Inc,PTC,69370C100,,IN_MEMBERSHIP
PTC,2022-12-31,PTC Inc,PTC,69370C100,,IN_MEMBERSHIP
PTC,2023-03-31,PTC Inc,PTC,69370C100,,IN_MEMBERSHIP
PTC,2023-06-30,PTC Inc,PTC,69370C100,,IN_MEMBERSHIP
PTC,2023-09-30,PTC Inc,PTC,69370C100,,IN_MEMBERSHIP
PTC,2023-12-31,PTC Inc,PTC,69370C100,,IN_MEMBERSHIP
PTC,2024-03-31,PTC Inc,PTC,69370C100,,IN_MEMBERSHIP
PTC,2024-06-30,PTC Inc,PTC,69370C100,,IN_MEMBERSHIP
PTC,2024-09-30,PTC Inc,PTC,69370C100,,IN_MEMBERSHIP
PTC,2024-12-31,PTC Inc,PTC,69370C100,,IN_MEMBERSHIP
PTC,2025-03-31,PTC Inc,PTC,69370C100,,IN_MEMBERSHIP
PTC,2025-06-30,PTC Inc,PTC,69370C100,,IN_MEMBERSHIP
PTC,2025-09-30,PTC Inc,PTC,69370C100,,IN_MEMBERSHIP
PTC,2025-12-31,PTC Inc,PTC,69370C100,,IN_MEMBERSHIP
PWR,2020-12-31,Quanta Services Inc,QUANTA SERVICES,74762E102,,PRE_WINDOW_SUPPORT
PWR,2021-03-31,Quanta Services Inc,QUANTA SERVICES,74762E102,,IN_MEMBERSHIP
PWR,2021-06-30,Quanta Services Inc,QUANTA SERVICES,74762E102,,IN_MEMBERSHIP
PWR,2021-09-30,Quanta Services Inc,QUANTA SERVICES,74762E102,,IN_MEMBERSHIP
PWR,2021-12-31,Quanta Services Inc,QUANTA SERVICES,74762E102,,IN_MEMBERSHIP
PWR,2022-03-31,Quanta Services Inc,QUANTA SERVICES,74762E102,,IN_MEMBERSHIP
PWR,2022-06-30,Quanta Services Inc,QUANTA SERVICES,74762E102,,IN_MEMBERSHIP
PWR,2022-09-30,Quanta Services Inc,QUANTA SERVICES,74762E102,,IN_MEMBERSHIP
PWR,2022-12-31,Quanta Services Inc,QUANTA SERVICES,74762E102,,IN_MEMBERSHIP
PWR,2023-03-31,Quanta Services Inc,QUANTA SERVICES,74762E102,,IN_MEMBERSHIP
PWR,2023-06-30,Quanta Services Inc,QUANTA SERVICES,74762E102,,IN_MEMBERSHIP
PWR,2023-09-30,Quanta Services Inc,QUANTA SERVICES,74762E102,,IN_MEMBERSHIP
PWR,2023-12-31,Quanta Services Inc,QUANTA SERVICES,74762E102,,IN_MEMBERSHIP
PWR,2024-03-31,Quanta Services Inc,QUANTA SERVICES,74762E102,,IN_MEMBERSHIP
PWR,2024-06-30,Quanta Services Inc,QUANTA SERVICES,74762E102,,IN_MEMBERSHIP
PWR,2024-09-30,Quanta Services Inc,QUANTA SERVICES,74762E102,,IN_MEMBERSHIP
PWR,2024-12-31,Quanta Services Inc,QUANTA SERVICES,74762E102,,IN_MEMBERSHIP
PWR,2025-03-31,Quanta Services Inc,QUANTA SERVICES,74762E102,,IN_MEMBERSHIP
PWR,2025-06-30,Quanta Services Inc,QUANTA SERVICES,74762E102,,IN_MEMBERSHIP
PWR,2025-09-30,Quanta Services Inc,QUANTA SERVICES,74762E102,,IN_MEMBERSHIP
PWR,2025-12-31,Quanta Services Inc,QUANTA SERVICES,74762E102,,IN_MEMBERSHIP
PYPL,2020-12-31,PayPal Holdings Inc,PAYPAL,70450Y103,,PRE_WINDOW_SUPPORT
PYPL,2021-03-31,PayPal Holdings Inc,PAYPAL,70450Y103,,IN_MEMBERSHIP
PYPL,2021-06-30,PayPal Holdings Inc,PAYPAL,70450Y103,,IN_MEMBERSHIP
PYPL,2021-09-30,PayPal Holdings Inc,PAYPAL,70450Y103,,IN_MEMBERSHIP
PYPL,2021-12-31,PayPal Holdings Inc,PAYPAL,70450Y103,,IN_MEMBERSHIP
PYPL,2022-03-31,PayPal Holdings Inc,PAYPAL,70450Y103,,IN_MEMBERSHIP
PYPL,2022-06-30,PayPal Holdings Inc,PAYPAL,70450Y103,,IN_MEMBERSHIP
PYPL,2022-09-30,PayPal Holdings Inc,PAYPAL,70450Y103,,IN_MEMBERSHIP
PYPL,2022-12-31,PayPal Holdings Inc,PAYPAL,70450Y103,,IN_MEMBERSHIP
PYPL,2023-03-31,PayPal Holdings Inc,PAYPAL,70450Y103,,IN_MEMBERSHIP
PYPL,2023-06-30,PayPal Holdings Inc,PAYPAL,70450Y103,,IN_MEMBERSHIP
PYPL,2023-09-30,PayPal Holdings Inc,PAYPAL,70450Y103,,IN_MEMBERSHIP
PYPL,2023-12-31,PayPal Holdings Inc,PAYPAL,70450Y103,,IN_MEMBERSHIP
PYPL,2024-03-31,PayPal Holdings Inc,PAYPAL,70450Y103,,IN_MEMBERSHIP
PYPL,2024-06-30,PayPal Holdings Inc,PAYPAL,70450Y103,,IN_MEMBERSHIP
PYPL,2024-09-30,PayPal Holdings Inc,PAYPAL,70450Y103,,IN_MEMBERSHIP
PYPL,2024-12-31,PayPal Holdings Inc,PAYPAL,70450Y103,,IN_MEMBERSHIP
PYPL,2025-03-31,PayPal Holdings Inc,PAYPAL,70450Y103,,IN_MEMBERSHIP
PYPL,2025-06-30,PayPal Holdings Inc,PAYPAL,70450Y103,,IN_MEMBERSHIP
PYPL,2025-09-30,PayPal Holdings Inc,PAYPAL,70450Y103,,IN_MEMBERSHIP
PYPL,2025-12-31,PayPal Holdings Inc,PAYPAL,70450Y103,,IN_MEMBERSHIP
Q,2025-12-31,Qnity Electronics Inc,QNITY ELECTRONICS,74743L100,,IN_MEMBERSHIP
QCOM,2020-12-31,QUALCOMM Inc,QUALCOMM,747525103,,PRE_WINDOW_SUPPORT
QCOM,2021-03-31,QUALCOMM Inc,QUALCOMM,747525103,,IN_MEMBERSHIP
QCOM,2021-06-30,QUALCOMM Inc,QUALCOMM,747525103,,IN_MEMBERSHIP
QCOM,2021-09-30,QUALCOMM Inc,QUALCOMM,747525103,,IN_MEMBERSHIP
QCOM,2021-12-31,QUALCOMM Inc,QUALCOMM,747525103,,IN_MEMBERSHIP
QCOM,2022-03-31,QUALCOMM Inc,QUALCOMM,747525103,,IN_MEMBERSHIP
QCOM,2022-06-30,QUALCOMM Inc,QUALCOMM,747525103,,IN_MEMBERSHIP
QCOM,2022-09-30,QUALCOMM Inc,QUALCOMM,747525103,,IN_MEMBERSHIP
QCOM,2022-12-31,QUALCOMM Inc,QUALCOMM,747525103,,IN_MEMBERSHIP
QCOM,2023-03-31,QUALCOMM Inc,QUALCOMM,747525103,,IN_MEMBERSHIP
QCOM,2023-06-30,QUALCOMM Inc,QUALCOMM,747525103,,IN_MEMBERSHIP
QCOM,2023-09-30,QUALCOMM Inc,QUALCOMM,747525103,,IN_MEMBERSHIP
QCOM,2023-12-31,QUALCOMM Inc,QUALCOMM,747525103,,IN_MEMBERSHIP
QCOM,2024-03-31,QUALCOMM Inc,QUALCOMM,747525103,,IN_MEMBERSHIP
QCOM,2024-06-30,QUALCOMM Inc,QUALCOMM,747525103,,IN_MEMBERSHIP
QCOM,2024-09-30,QUALCOMM Inc,QUALCOMM,747525103,,IN_MEMBERSHIP
QCOM,2024-12-31,QUALCOMM Inc,QUALCOMM,747525103,,IN_MEMBERSHIP
QCOM,2025-03-31,QUALCOMM Inc,QUALCOMM,747525103,,IN_MEMBERSHIP
QCOM,2025-06-30,QUALCOMM Inc,QUALCOMM,747525103,,IN_MEMBERSHIP
QCOM,2025-09-30,QUALCOMM Inc,QUALCOMM,747525103,,IN_MEMBERSHIP
QCOM,2025-12-31,QUALCOMM Inc,QUALCOMM,747525103,,IN_MEMBERSHIP
RCL,2020-12-31,Royal Caribbean Cruises Ltd,ROYAL CARIBBEAN CRUISES,LR0008862868,,PRE_WINDOW_SUPPORT
RCL,2021-03-31,Royal Caribbean Cruises Ltd,ROYAL CARIBBEAN CRUISES,LR0008862868,,IN_MEMBERSHIP
RCL,2021-06-30,Royal Caribbean Cruises Ltd,ROYAL CARIBBEAN CRUISES,LR0008862868,,IN_MEMBERSHIP
RCL,2021-09-30,Royal Caribbean Cruises Ltd,ROYAL CARIBBEAN CRUISES,LR0008862868,,IN_MEMBERSHIP
RCL,2021-12-31,Royal Caribbean Cruises Ltd,ROYAL CARIBBEAN CRUISES,LR0008862868,,IN_MEMBERSHIP
RCL,2022-03-31,Royal Caribbean Cruises Ltd,ROYAL CARIBBEAN CRUISES,LR0008862868,,IN_MEMBERSHIP
RCL,2022-06-30,Royal Caribbean Cruises Ltd,ROYAL CARIBBEAN CRUISES,LR0008862868,,IN_MEMBERSHIP
RCL,2022-09-30,Royal Caribbean Cruises Ltd,ROYAL CARIBBEAN CRUISES,LR0008862868,,IN_MEMBERSHIP
RCL,2022-12-31,Royal Caribbean Cruises Ltd,ROYAL CARIBBEAN CRUISES,LR0008862868,,IN_MEMBERSHIP
RCL,2023-03-31,Royal Caribbean Cruises Ltd,ROYAL CARIBBEAN CRUISES,LR0008862868,,IN_MEMBERSHIP
RCL,2023-06-30,Royal Caribbean Cruises Ltd,ROYAL CARIBBEAN CRUISES,LR0008862868,,IN_MEMBERSHIP
RCL,2023-09-30,Royal Caribbean Cruises Ltd,ROYAL CARIBBEAN CRUISES,LR0008862868,,IN_MEMBERSHIP
RCL,2023-12-31,Royal Caribbean Cruises Ltd,ROYAL CARIBBEAN CRUISES,LR0008862868,,IN_MEMBERSHIP
RCL,2024-03-31,Royal Caribbean Cruises Ltd,ROYAL CARIBBEAN CRUISES,LR0008862868,,IN_MEMBERSHIP
RCL,2024-06-30,Royal Caribbean Cruises Ltd,ROYAL CARIBBEAN CRUISES,LR0008862868,,IN_MEMBERSHIP
RCL,2024-09-30,Royal Caribbean Cruises Ltd,ROYAL CARIBBEAN CRUISES,LR0008862868,,IN_MEMBERSHIP
RCL,2024-12-31,Royal Caribbean Cruises Ltd,ROYAL CARIBBEAN CRUISES,LR0008862868,,IN_MEMBERSHIP
RCL,2025-03-31,Royal Caribbean Cruises Ltd,ROYAL CARIBBEAN CRUISES,LR0008862868,,IN_MEMBERSHIP
RCL,2025-06-30,Royal Caribbean Cruises Ltd,ROYAL CARIBBEAN CRUISES,LR0008862868,,IN_MEMBERSHIP
RCL,2025-09-30,Royal Caribbean Cruises Ltd,ROYAL CARIBBEAN CRUISES,LR0008862868,,IN_MEMBERSHIP
RCL,2025-12-31,Royal Caribbean Cruises Ltd,ROYAL CARIBBEAN CRUISES,LR0008862868,,IN_MEMBERSHIP
REG,2020-12-31,Regency Centers Corp,REGENCY CENTERS,758849103,,PRE_WINDOW_SUPPORT
REG,2021-03-31,Regency Centers Corp,REGENCY CENTERS,758849103,,IN_MEMBERSHIP
REG,2021-06-30,Regency Centers Corp,REGENCY CENTERS,758849103,,IN_MEMBERSHIP
REG,2021-09-30,Regency Centers Corp,REGENCY CENTERS,758849103,,IN_MEMBERSHIP
REG,2021-12-31,Regency Centers Corp,REGENCY CENTERS,758849103,,IN_MEMBERSHIP
REG,2022-03-31,Regency Centers Corp,REGENCY CENTERS,758849103,,IN_MEMBERSHIP
REG,2022-06-30,Regency Centers Corp,REGENCY CENTERS,758849103,,IN_MEMBERSHIP
REG,2022-09-30,Regency Centers Corp,REGENCY CENTERS,758849103,,IN_MEMBERSHIP
REG,2022-12-31,Regency Centers Corp,REGENCY CENTERS,758849103,,IN_MEMBERSHIP
REG,2023-03-31,Regency Centers Corp,REGENCY CENTERS,758849103,,IN_MEMBERSHIP
REG,2023-06-30,Regency Centers Corp,REGENCY CENTERS,758849103,,IN_MEMBERSHIP
REG,2023-09-30,Regency Centers Corp,REGENCY CENTERS,758849103,,IN_MEMBERSHIP
REG,2023-12-31,Regency Centers Corp,REGENCY CENTERS,758849103,,IN_MEMBERSHIP
REG,2024-03-31,Regency Centers Corp,REGENCY CENTERS,758849103,,IN_MEMBERSHIP
REG,2024-06-30,Regency Centers Corp,REGENCY CENTERS,758849103,,IN_MEMBERSHIP
REG,2024-09-30,Regency Centers Corp,REGENCY CENTERS,758849103,,IN_MEMBERSHIP
REG,2024-12-31,Regency Centers Corp,REGENCY CENTERS,758849103,,IN_MEMBERSHIP
REG,2025-03-31,Regency Centers Corp,REGENCY CENTERS,758849103,,IN_MEMBERSHIP
REG,2025-06-30,Regency Centers Corp,REGENCY CENTERS,758849103,,IN_MEMBERSHIP
REG,2025-09-30,Regency Centers Corp,REGENCY CENTERS,758849103,,IN_MEMBERSHIP
REG,2025-12-31,Regency Centers Corp,REGENCY CENTERS,758849103,,IN_MEMBERSHIP
REGN,2020-12-31,Regeneron Pharmaceuticals Inc,REGENERON PHARMACEUTICALS,75886F107,,PRE_WINDOW_SUPPORT
REGN,2021-03-31,Regeneron Pharmaceuticals Inc,REGENERON PHARMACEUTICALS,75886F107,,IN_MEMBERSHIP
REGN,2021-06-30,Regeneron Pharmaceuticals Inc,REGENERON PHARMACEUTICALS,75886F107,,IN_MEMBERSHIP
REGN,2021-09-30,Regeneron Pharmaceuticals Inc,REGENERON PHARMACEUTICALS,75886F107,,IN_MEMBERSHIP
REGN,2021-12-31,Regeneron Pharmaceuticals Inc,REGENERON PHARMACEUTICALS,75886F107,,IN_MEMBERSHIP
REGN,2022-03-31,Regeneron Pharmaceuticals Inc,REGENERON PHARMACEUTICALS,75886F107,,IN_MEMBERSHIP
REGN,2022-06-30,Regeneron Pharmaceuticals Inc,REGENERON PHARMACEUTICALS,75886F107,,IN_MEMBERSHIP
REGN,2022-09-30,Regeneron Pharmaceuticals Inc,REGENERON PHARMACEUTICALS,75886F107,,IN_MEMBERSHIP
REGN,2022-12-31,Regeneron Pharmaceuticals Inc,REGENERON PHARMACEUTICALS,75886F107,,IN_MEMBERSHIP
REGN,2023-03-31,Regeneron Pharmaceuticals Inc,REGENERON PHARMACEUTICALS,75886F107,,IN_MEMBERSHIP
REGN,2023-06-30,Regeneron Pharmaceuticals Inc,REGENERON PHARMACEUTICALS,75886F107,,IN_MEMBERSHIP
REGN,2023-09-30,Regeneron Pharmaceuticals Inc,REGENERON PHARMACEUTICALS,75886F107,,IN_MEMBERSHIP
REGN,2023-12-31,Regeneron Pharmaceuticals Inc,REGENERON PHARMACEUTICALS,75886F107,,IN_MEMBERSHIP
REGN,2024-03-31,Regeneron Pharmaceuticals Inc,REGENERON PHARMACEUTICALS,75886F107,,IN_MEMBERSHIP
REGN,2024-06-30,Regeneron Pharmaceuticals Inc,REGENERON PHARMACEUTICALS,75886F107,,IN_MEMBERSHIP
REGN,2024-09-30,Regeneron Pharmaceuticals Inc,REGENERON PHARMACEUTICALS,75886F107,,IN_MEMBERSHIP
REGN,2024-12-31,Regeneron Pharmaceuticals Inc,REGENERON PHARMACEUTICALS,75886F107,,IN_MEMBERSHIP
REGN,2025-03-31,Regeneron Pharmaceuticals Inc,REGENERON PHARMACEUTICALS,75886F107,,IN_MEMBERSHIP
REGN,2025-06-30,Regeneron Pharmaceuticals Inc,REGENERON PHARMACEUTICALS,75886F107,,IN_MEMBERSHIP
REGN,2025-09-30,Regeneron Pharmaceuticals Inc,REGENERON PHARMACEUTICALS,75886F107,,IN_MEMBERSHIP
REGN,2025-12-31,Regeneron Pharmaceuticals Inc,REGENERON PHARMACEUTICALS,75886F107,,IN_MEMBERSHIP
RF,2020-12-31,Regions Financial Corp,REGIONS FINANCIAL,7591EP100,,PRE_WINDOW_SUPPORT
RF,2021-03-31,Regions Financial Corp,REGIONS FINANCIAL,7591EP100,,IN_MEMBERSHIP
RF,2021-06-30,Regions Financial Corp,REGIONS FINANCIAL,7591EP100,,IN_MEMBERSHIP
RF,2021-09-30,Regions Financial Corp,REGIONS FINANCIAL,7591EP100,,IN_MEMBERSHIP
RF,2021-12-31,Regions Financial Corp,REGIONS FINANCIAL,7591EP100,,IN_MEMBERSHIP
RF,2022-03-31,Regions Financial Corp,REGIONS FINANCIAL,7591EP100,,IN_MEMBERSHIP
RF,2022-06-30,Regions Financial Corp,REGIONS FINANCIAL,7591EP100,,IN_MEMBERSHIP
RF,2022-09-30,Regions Financial Corp,REGIONS FINANCIAL,7591EP100,,IN_MEMBERSHIP
RF,2022-12-31,Regions Financial Corp,REGIONS FINANCIAL,7591EP100,,IN_MEMBERSHIP
RF,2023-03-31,Regions Financial Corp,REGIONS FINANCIAL,7591EP100,,IN_MEMBERSHIP
RF,2023-06-30,Regions Financial Corp,REGIONS FINANCIAL,7591EP100,,IN_MEMBERSHIP
RF,2023-09-30,Regions Financial Corp,REGIONS FINANCIAL,7591EP100,,IN_MEMBERSHIP
RF,2023-12-31,Regions Financial Corp,REGIONS FINANCIAL,7591EP100,,IN_MEMBERSHIP
RF,2024-03-31,Regions Financial Corp,REGIONS FINANCIAL,7591EP100,,IN_MEMBERSHIP
RF,2024-06-30,Regions Financial Corp,REGIONS FINANCIAL,7591EP100,,IN_MEMBERSHIP
RF,2024-09-30,Regions Financial Corp,REGIONS FINANCIAL,7591EP100,,IN_MEMBERSHIP
RF,2024-12-31,Regions Financial Corp,REGIONS FINANCIAL,7591EP100,,IN_MEMBERSHIP
RF,2025-03-31,Regions Financial Corp,REGIONS FINANCIAL,7591EP100,,IN_MEMBERSHIP
RF,2025-06-30,Regions Financial Corp,REGIONS FINANCIAL,7591EP100,,IN_MEMBERSHIP
RF,2025-09-30,Regions Financial Corp,REGIONS FINANCIAL,7591EP100,,IN_MEMBERSHIP
RF,2025-12-31,Regions Financial Corp,REGIONS FINANCIAL,7591EP100,,IN_MEMBERSHIP
RJF,2020-12-31,Raymond James Financial Inc,RAYMOND JAMES FINANCIAL,754730109,,PRE_WINDOW_SUPPORT
RJF,2021-03-31,Raymond James Financial Inc,RAYMOND JAMES FINANCIAL,754730109,,IN_MEMBERSHIP
RJF,2021-06-30,Raymond James Financial Inc,RAYMOND JAMES FINANCIAL,754730109,,IN_MEMBERSHIP
RJF,2021-09-30,Raymond James Financial Inc,RAYMOND JAMES FINANCIAL,754730109,,IN_MEMBERSHIP
RJF,2021-12-31,Raymond James Financial Inc,RAYMOND JAMES FINANCIAL,754730109,,IN_MEMBERSHIP
RJF,2022-03-31,Raymond James Financial Inc,RAYMOND JAMES FINANCIAL,754730109,,IN_MEMBERSHIP
RJF,2022-06-30,Raymond James Financial Inc,RAYMOND JAMES FINANCIAL,754730109,,IN_MEMBERSHIP
RJF,2022-09-30,Raymond James Financial Inc,RAYMOND JAMES FINANCIAL,754730109,,IN_MEMBERSHIP
RJF,2022-12-31,Raymond James Financial Inc,RAYMOND JAMES FINANCIAL,754730109,,IN_MEMBERSHIP
RJF,2023-03-31,Raymond James Financial Inc,RAYMOND JAMES FINANCIAL,754730109,,IN_MEMBERSHIP
RJF,2023-06-30,Raymond James Financial Inc,RAYMOND JAMES FINANCIAL,754730109,,IN_MEMBERSHIP
RJF,2023-09-30,Raymond James Financial Inc,RAYMOND JAMES FINANCIAL,754730109,,IN_MEMBERSHIP
RJF,2023-12-31,Raymond James Financial Inc,RAYMOND JAMES FINANCIAL,754730109,,IN_MEMBERSHIP
RJF,2024-03-31,Raymond James Financial Inc,RAYMOND JAMES FINANCIAL,754730109,,IN_MEMBERSHIP
RJF,2024-06-30,Raymond James Financial Inc,RAYMOND JAMES FINANCIAL,754730109,,IN_MEMBERSHIP
RJF,2024-09-30,Raymond James Financial Inc,RAYMOND JAMES FINANCIAL,754730109,,IN_MEMBERSHIP
RJF,2024-12-31,Raymond James Financial Inc,RAYMOND JAMES FINANCIAL,754730109,,IN_MEMBERSHIP
RJF,2025-03-31,Raymond James Financial Inc,RAYMOND JAMES FINANCIAL,754730109,,IN_MEMBERSHIP
RJF,2025-06-30,Raymond James Financial Inc,RAYMOND JAMES FINANCIAL,754730109,,IN_MEMBERSHIP
RJF,2025-09-30,Raymond James Financial Inc,RAYMOND JAMES FINANCIAL,754730109,,IN_MEMBERSHIP
RJF,2025-12-31,Raymond James Financial Inc,RAYMOND JAMES FINANCIAL,754730109,,IN_MEMBERSHIP
RL,2020-12-31,Ralph Lauren Corp,RALPH LAUREN,751212101,,PRE_WINDOW_SUPPORT
RL,2021-03-31,Ralph Lauren Corp,RALPH LAUREN,751212101,,IN_MEMBERSHIP
RL,2021-06-30,Ralph Lauren Corp,RALPH LAUREN,751212101,,IN_MEMBERSHIP
RL,2021-09-30,Ralph Lauren Corp,RALPH LAUREN,751212101,,IN_MEMBERSHIP
RL,2021-12-31,Ralph Lauren Corp,RALPH LAUREN,751212101,,IN_MEMBERSHIP
RL,2022-03-31,Ralph Lauren Corp,RALPH LAUREN,751212101,,IN_MEMBERSHIP
RL,2022-06-30,Ralph Lauren Corp,RALPH LAUREN,751212101,,IN_MEMBERSHIP
RL,2022-09-30,Ralph Lauren Corp,RALPH LAUREN,751212101,,IN_MEMBERSHIP
RL,2022-12-31,Ralph Lauren Corp,RALPH LAUREN,751212101,,IN_MEMBERSHIP
RL,2023-03-31,Ralph Lauren Corp,RALPH LAUREN,751212101,,IN_MEMBERSHIP
RL,2023-06-30,Ralph Lauren Corp,RALPH LAUREN,751212101,,IN_MEMBERSHIP
RL,2023-09-30,Ralph Lauren Corp,RALPH LAUREN,751212101,,IN_MEMBERSHIP
RL,2023-12-31,Ralph Lauren Corp,RALPH LAUREN,751212101,,IN_MEMBERSHIP
RL,2024-03-31,Ralph Lauren Corp,RALPH LAUREN,751212101,,IN_MEMBERSHIP
RL,2024-06-30,Ralph Lauren Corp,RALPH LAUREN,751212101,,IN_MEMBERSHIP
RL,2024-09-30,Ralph Lauren Corp,RALPH LAUREN,751212101,,IN_MEMBERSHIP
RL,2024-12-31,Ralph Lauren Corp,RALPH LAUREN,751212101,,IN_MEMBERSHIP
RL,2025-03-31,Ralph Lauren Corp,RALPH LAUREN,751212101,,IN_MEMBERSHIP
RL,2025-06-30,Ralph Lauren Corp,RALPH LAUREN,751212101,,IN_MEMBERSHIP
RL,2025-09-30,Ralph Lauren Corp,RALPH LAUREN,751212101,,IN_MEMBERSHIP
RL,2025-12-31,Ralph Lauren Corp,RALPH LAUREN,751212101,,IN_MEMBERSHIP
RMD,2020-12-31,ResMed Inc,RESMED,761152107,,PRE_WINDOW_SUPPORT
RMD,2021-03-31,ResMed Inc,RESMED,761152107,,IN_MEMBERSHIP
RMD,2021-06-30,ResMed Inc,RESMED,761152107,,IN_MEMBERSHIP
RMD,2021-09-30,ResMed Inc,RESMED,761152107,,IN_MEMBERSHIP
RMD,2021-12-31,ResMed Inc,RESMED,761152107,,IN_MEMBERSHIP
RMD,2022-03-31,ResMed Inc,RESMED,761152107,,IN_MEMBERSHIP
RMD,2022-06-30,ResMed Inc,RESMED,761152107,,IN_MEMBERSHIP
RMD,2022-09-30,ResMed Inc,RESMED,761152107,,IN_MEMBERSHIP
RMD,2022-12-31,ResMed Inc,RESMED,761152107,,IN_MEMBERSHIP
RMD,2023-03-31,ResMed Inc,RESMED,761152107,,IN_MEMBERSHIP
RMD,2023-06-30,ResMed Inc,RESMED,761152107,,IN_MEMBERSHIP
RMD,2023-09-30,ResMed Inc,RESMED,761152107,,IN_MEMBERSHIP
RMD,2023-12-31,ResMed Inc,RESMED,761152107,,IN_MEMBERSHIP
RMD,2024-03-31,ResMed Inc,RESMED,761152107,,IN_MEMBERSHIP
RMD,2024-06-30,ResMed Inc,RESMED,761152107,,IN_MEMBERSHIP
RMD,2024-09-30,ResMed Inc,RESMED,761152107,,IN_MEMBERSHIP
RMD,2024-12-31,ResMed Inc,RESMED,761152107,,IN_MEMBERSHIP
RMD,2025-03-31,ResMed Inc,RESMED,761152107,,IN_MEMBERSHIP
RMD,2025-06-30,ResMed Inc,RESMED,761152107,,IN_MEMBERSHIP
RMD,2025-09-30,ResMed Inc,RESMED,761152107,,IN_MEMBERSHIP
RMD,2025-12-31,ResMed Inc,RESMED,761152107,,IN_MEMBERSHIP
ROK,2020-12-31,Rockwell Automation Inc,ROCKWELL AUTOMATION,773903109,,PRE_WINDOW_SUPPORT
ROK,2021-03-31,Rockwell Automation Inc,ROCKWELL AUTOMATION,773903109,,IN_MEMBERSHIP
ROK,2021-06-30,Rockwell Automation Inc,ROCKWELL AUTOMATION,773903109,,IN_MEMBERSHIP
ROK,2021-09-30,Rockwell Automation Inc,ROCKWELL AUTOMATION,773903109,,IN_MEMBERSHIP
ROK,2021-12-31,Rockwell Automation Inc,ROCKWELL AUTOMATION,773903109,,IN_MEMBERSHIP
ROK,2022-03-31,Rockwell Automation Inc,ROCKWELL AUTOMATION,773903109,,IN_MEMBERSHIP
ROK,2022-06-30,Rockwell Automation Inc,ROCKWELL AUTOMATION,773903109,,IN_MEMBERSHIP
ROK,2022-09-30,Rockwell Automation Inc,ROCKWELL AUTOMATION,773903109,,IN_MEMBERSHIP
ROK,2022-12-31,Rockwell Automation Inc,ROCKWELL AUTOMATION,773903109,,IN_MEMBERSHIP
ROK,2023-03-31,Rockwell Automation Inc,ROCKWELL AUTOMATION,773903109,,IN_MEMBERSHIP
ROK,2023-06-30,Rockwell Automation Inc,ROCKWELL AUTOMATION,773903109,,IN_MEMBERSHIP
ROK,2023-09-30,Rockwell Automation Inc,ROCKWELL AUTOMATION,773903109,,IN_MEMBERSHIP
ROK,2023-12-31,Rockwell Automation Inc,ROCKWELL AUTOMATION,773903109,,IN_MEMBERSHIP
ROK,2024-03-31,Rockwell Automation Inc,ROCKWELL AUTOMATION,773903109,,IN_MEMBERSHIP
ROK,2024-06-30,Rockwell Automation Inc,ROCKWELL AUTOMATION,773903109,,IN_MEMBERSHIP
ROK,2024-09-30,Rockwell Automation Inc,ROCKWELL AUTOMATION,773903109,,IN_MEMBERSHIP
ROK,2024-12-31,Rockwell Automation Inc,ROCKWELL AUTOMATION,773903109,,IN_MEMBERSHIP
ROK,2025-03-31,Rockwell Automation Inc,ROCKWELL AUTOMATION,773903109,,IN_MEMBERSHIP
ROK,2025-06-30,Rockwell Automation Inc,ROCKWELL AUTOMATION,773903109,,IN_MEMBERSHIP
ROK,2025-09-30,Rockwell Automation Inc,ROCKWELL AUTOMATION,773903109,,IN_MEMBERSHIP
ROK,2025-12-31,Rockwell Automation Inc,ROCKWELL AUTOMATION,773903109,,IN_MEMBERSHIP
ROL,2020-12-31,Rollins Inc,ROLLINS,775711104,,PRE_WINDOW_SUPPORT
ROL,2021-03-31,Rollins Inc,ROLLINS,775711104,,IN_MEMBERSHIP
ROL,2021-06-30,Rollins Inc,ROLLINS,775711104,,IN_MEMBERSHIP
ROL,2021-09-30,Rollins Inc,ROLLINS,775711104,,IN_MEMBERSHIP
ROL,2021-12-31,Rollins Inc,ROLLINS,775711104,,IN_MEMBERSHIP
ROL,2022-03-31,Rollins Inc,ROLLINS,775711104,,IN_MEMBERSHIP
ROL,2022-06-30,Rollins Inc,ROLLINS,775711104,,IN_MEMBERSHIP
ROL,2022-09-30,Rollins Inc,ROLLINS,775711104,,IN_MEMBERSHIP
ROL,2022-12-31,Rollins Inc,ROLLINS,775711104,,IN_MEMBERSHIP
ROL,2023-03-31,Rollins Inc,ROLLINS,775711104,,IN_MEMBERSHIP
ROL,2023-06-30,Rollins Inc,ROLLINS,775711104,,IN_MEMBERSHIP
ROL,2023-09-30,Rollins Inc,ROLLINS,775711104,,IN_MEMBERSHIP
ROL,2023-12-31,Rollins Inc,ROLLINS,775711104,,IN_MEMBERSHIP
ROL,2024-03-31,Rollins Inc,ROLLINS,775711104,,IN_MEMBERSHIP
ROL,2024-06-30,Rollins Inc,ROLLINS,775711104,,IN_MEMBERSHIP
ROL,2024-09-30,Rollins Inc,ROLLINS,775711104,,IN_MEMBERSHIP
ROL,2024-12-31,Rollins Inc,ROLLINS,775711104,,IN_MEMBERSHIP
ROL,2025-03-31,Rollins Inc,ROLLINS,775711104,,IN_MEMBERSHIP
ROL,2025-06-30,Rollins Inc,ROLLINS,775711104,,IN_MEMBERSHIP
ROL,2025-09-30,Rollins Inc,ROLLINS,775711104,,IN_MEMBERSHIP
ROL,2025-12-31,Rollins Inc,ROLLINS,775711104,,IN_MEMBERSHIP
ROP,2020-12-31,Roper Technologies Inc,ROPER TECHNOLOGIES,776696106,,PRE_WINDOW_SUPPORT
ROP,2021-03-31,Roper Technologies Inc,ROPER TECHNOLOGIES,776696106,,IN_MEMBERSHIP
ROP,2021-06-30,Roper Technologies Inc,ROPER TECHNOLOGIES,776696106,,IN_MEMBERSHIP
ROP,2021-09-30,Roper Technologies Inc,ROPER TECHNOLOGIES,776696106,,IN_MEMBERSHIP
ROP,2021-12-31,Roper Technologies Inc,ROPER TECHNOLOGIES,776696106,,IN_MEMBERSHIP
ROP,2022-03-31,Roper Technologies Inc,ROPER TECHNOLOGIES,776696106,,IN_MEMBERSHIP
ROP,2022-06-30,Roper Technologies Inc,ROPER TECHNOLOGIES,776696106,,IN_MEMBERSHIP
ROP,2022-09-30,Roper Technologies Inc,ROPER TECHNOLOGIES,776696106,,IN_MEMBERSHIP
ROP,2022-12-31,Roper Technologies Inc,ROPER TECHNOLOGIES,776696106,,IN_MEMBERSHIP
ROP,2023-03-31,Roper Technologies Inc,ROPER TECHNOLOGIES,776696106,,IN_MEMBERSHIP
ROP,2023-06-30,Roper Technologies Inc,ROPER TECHNOLOGIES,776696106,,IN_MEMBERSHIP
ROP,2023-09-30,Roper Technologies Inc,ROPER TECHNOLOGIES,776696106,,IN_MEMBERSHIP
ROP,2023-12-31,Roper Technologies Inc,ROPER TECHNOLOGIES,776696106,,IN_MEMBERSHIP
ROP,2024-03-31,Roper Technologies Inc,ROPER TECHNOLOGIES,776696106,,IN_MEMBERSHIP
ROP,2024-06-30,Roper Technologies Inc,ROPER TECHNOLOGIES,776696106,,IN_MEMBERSHIP
ROP,2024-09-30,Roper Technologies Inc,ROPER TECHNOLOGIES,776696106,,IN_MEMBERSHIP
ROP,2024-12-31,Roper Technologies Inc,ROPER TECHNOLOGIES,776696106,,IN_MEMBERSHIP
ROP,2025-03-31,Roper Technologies Inc,ROPER TECHNOLOGIES,776696106,,IN_MEMBERSHIP
ROP,2025-06-30,Roper Technologies Inc,ROPER TECHNOLOGIES,776696106,,IN_MEMBERSHIP
ROP,2025-09-30,Roper Technologies Inc,ROPER TECHNOLOGIES,776696106,,IN_MEMBERSHIP
ROP,2025-12-31,Roper Technologies Inc,ROPER TECHNOLOGIES,776696106,,IN_MEMBERSHIP
ROST,2020-12-31,Ross Stores Inc,ROSS STORES,778296103,,PRE_WINDOW_SUPPORT
ROST,2021-03-31,Ross Stores Inc,ROSS STORES,778296103,,IN_MEMBERSHIP
ROST,2021-06-30,Ross Stores Inc,ROSS STORES,778296103,,IN_MEMBERSHIP
ROST,2021-09-30,Ross Stores Inc,ROSS STORES,778296103,,IN_MEMBERSHIP
ROST,2021-12-31,Ross Stores Inc,ROSS STORES,778296103,,IN_MEMBERSHIP
ROST,2022-03-31,Ross Stores Inc,ROSS STORES,778296103,,IN_MEMBERSHIP
ROST,2022-06-30,Ross Stores Inc,ROSS STORES,778296103,,IN_MEMBERSHIP
ROST,2022-09-30,Ross Stores Inc,ROSS STORES,778296103,,IN_MEMBERSHIP
ROST,2022-12-31,Ross Stores Inc,ROSS STORES,778296103,,IN_MEMBERSHIP
ROST,2023-03-31,Ross Stores Inc,ROSS STORES,778296103,,IN_MEMBERSHIP
ROST,2023-06-30,Ross Stores Inc,ROSS STORES,778296103,,IN_MEMBERSHIP
ROST,2023-09-30,Ross Stores Inc,ROSS STORES,778296103,,IN_MEMBERSHIP
ROST,2023-12-31,Ross Stores Inc,ROSS STORES,778296103,,IN_MEMBERSHIP
ROST,2024-03-31,Ross Stores Inc,ROSS STORES,778296103,,IN_MEMBERSHIP
ROST,2024-06-30,Ross Stores Inc,ROSS STORES,778296103,,IN_MEMBERSHIP
ROST,2024-09-30,Ross Stores Inc,ROSS STORES,778296103,,IN_MEMBERSHIP
ROST,2024-12-31,Ross Stores Inc,ROSS STORES,778296103,,IN_MEMBERSHIP
ROST,2025-03-31,Ross Stores Inc,ROSS STORES,778296103,,IN_MEMBERSHIP
ROST,2025-06-30,Ross Stores Inc,ROSS STORES,778296103,,IN_MEMBERSHIP
ROST,2025-09-30,Ross Stores Inc,ROSS STORES,778296103,,IN_MEMBERSHIP
ROST,2025-12-31,Ross Stores Inc,ROSS STORES,778296103,,IN_MEMBERSHIP
RSG,2020-12-31,Republic Services Inc,REPUBLIC SERVICES,760759100,,PRE_WINDOW_SUPPORT
RSG,2021-03-31,Republic Services Inc,REPUBLIC SERVICES,760759100,,IN_MEMBERSHIP
RSG,2021-06-30,Republic Services Inc,REPUBLIC SERVICES,760759100,,IN_MEMBERSHIP
RSG,2021-09-30,Republic Services Inc,REPUBLIC SERVICES,760759100,,IN_MEMBERSHIP
RSG,2021-12-31,Republic Services Inc,REPUBLIC SERVICES,760759100,,IN_MEMBERSHIP
RSG,2022-03-31,Republic Services Inc,REPUBLIC SERVICES,760759100,,IN_MEMBERSHIP
RSG,2022-06-30,Republic Services Inc,REPUBLIC SERVICES,760759100,,IN_MEMBERSHIP
RSG,2022-09-30,Republic Services Inc,REPUBLIC SERVICES,760759100,,IN_MEMBERSHIP
RSG,2022-12-31,Republic Services Inc,REPUBLIC SERVICES,760759100,,IN_MEMBERSHIP
RSG,2023-03-31,Republic Services Inc,REPUBLIC SERVICES,760759100,,IN_MEMBERSHIP
RSG,2023-06-30,Republic Services Inc,REPUBLIC SERVICES,760759100,,IN_MEMBERSHIP
RSG,2023-09-30,Republic Services Inc,REPUBLIC SERVICES,760759100,,IN_MEMBERSHIP
RSG,2023-12-31,Republic Services Inc,REPUBLIC SERVICES,760759100,,IN_MEMBERSHIP
RSG,2024-03-31,Republic Services Inc,REPUBLIC SERVICES,760759100,,IN_MEMBERSHIP
RSG,2024-06-30,Republic Services Inc,REPUBLIC SERVICES,760759100,,IN_MEMBERSHIP
RSG,2024-09-30,Republic Services Inc,REPUBLIC SERVICES,760759100,,IN_MEMBERSHIP
RSG,2024-12-31,Republic Services Inc,REPUBLIC SERVICES,760759100,,IN_MEMBERSHIP
RSG,2025-03-31,Republic Services Inc,REPUBLIC SERVICES,760759100,,IN_MEMBERSHIP
RSG,2025-06-30,Republic Services Inc,REPUBLIC SERVICES,760759100,,IN_MEMBERSHIP
RSG,2025-09-30,Republic Services Inc,REPUBLIC SERVICES,760759100,,IN_MEMBERSHIP
RSG,2025-12-31,Republic Services Inc,REPUBLIC SERVICES,760759100,,IN_MEMBERSHIP
RTX,2020-12-31,Raytheon Technologies Corp,RAYTHEON TECHNOLOGIES,75513E101,,PRE_WINDOW_SUPPORT
RTX,2021-03-31,Raytheon Technologies Corp,RAYTHEON TECHNOLOGIES,75513E101,,IN_MEMBERSHIP
RTX,2021-06-30,Raytheon Technologies Corp,RAYTHEON TECHNOLOGIES,75513E101,,IN_MEMBERSHIP
RTX,2021-09-30,Raytheon Technologies Corp,RAYTHEON TECHNOLOGIES,75513E101,,IN_MEMBERSHIP
RTX,2021-12-31,Raytheon Technologies Corp,RAYTHEON TECHNOLOGIES,75513E101,,IN_MEMBERSHIP
RTX,2022-03-31,Raytheon Technologies Corp,RAYTHEON TECHNOLOGIES,75513E101,,IN_MEMBERSHIP
RTX,2022-06-30,Raytheon Technologies Corp,RAYTHEON TECHNOLOGIES,75513E101,,IN_MEMBERSHIP
RTX,2022-09-30,Raytheon Technologies Corp,RAYTHEON TECHNOLOGIES,75513E101,,IN_MEMBERSHIP
RTX,2022-12-31,Raytheon Technologies Corp,RAYTHEON TECHNOLOGIES,75513E101,,IN_MEMBERSHIP
RTX,2023-03-31,Raytheon Technologies Corp,RAYTHEON TECHNOLOGIES,75513E101,,IN_MEMBERSHIP
RTX,2023-06-30,Raytheon Technologies Corp,RAYTHEON TECHNOLOGIES,75513E101,,IN_MEMBERSHIP
RTX,2023-09-30,RTX Corp,RTX,75513E101,,IN_MEMBERSHIP
RTX,2023-12-31,RTX Corp,RTX,75513E101,,IN_MEMBERSHIP
RTX,2024-03-31,RTX Corp,RTX,75513E101,,IN_MEMBERSHIP
RTX,2024-06-30,RTX Corp,RTX,75513E101,,IN_MEMBERSHIP
RTX,2024-09-30,RTX Corp,RTX,75513E101,,IN_MEMBERSHIP
RTX,2024-12-31,RTX Corp,RTX,75513E101,,IN_MEMBERSHIP
RTX,2025-03-31,RTX Corp,RTX,75513E101,,IN_MEMBERSHIP
RTX,2025-06-30,RTX Corp,RTX,75513E101,,IN_MEMBERSHIP
RTX,2025-09-30,RTX Corp,RTX,75513E101,,IN_MEMBERSHIP
RTX,2025-12-31,RTX Corp,RTX,75513E101,,IN_MEMBERSHIP
RVTY,2020-12-31,PerkinElmer Inc,PERKINELMER,714046109,,PRE_WINDOW_SUPPORT
RVTY,2021-03-31,PerkinElmer Inc,PERKINELMER,714046109,,IN_MEMBERSHIP
RVTY,2021-06-30,PerkinElmer Inc,PERKINELMER,714046109,,IN_MEMBERSHIP
RVTY,2021-09-30,PerkinElmer Inc,PERKINELMER,714046109,,IN_MEMBERSHIP
RVTY,2021-12-31,PerkinElmer Inc,PERKINELMER,714046109,,IN_MEMBERSHIP
RVTY,2022-03-31,PerkinElmer Inc,PERKINELMER,714046109,,IN_MEMBERSHIP
RVTY,2022-06-30,PerkinElmer Inc,PERKINELMER,714046109,,IN_MEMBERSHIP
RVTY,2022-09-30,PerkinElmer Inc,PERKINELMER,714046109,,IN_MEMBERSHIP
RVTY,2022-12-31,PerkinElmer Inc,PERKINELMER,714046109,,IN_MEMBERSHIP
RVTY,2023-03-31,PerkinElmer Inc,PERKINELMER,714046109,,IN_MEMBERSHIP
RVTY,2023-06-30,Revvity Inc,REVVITY,714046109,,IN_MEMBERSHIP
RVTY,2023-09-30,Revvity Inc,REVVITY,714046109,,IN_MEMBERSHIP
RVTY,2023-12-31,Revvity Inc,REVVITY,714046109,,IN_MEMBERSHIP
RVTY,2024-03-31,Revvity Inc,REVVITY,714046109,,IN_MEMBERSHIP
RVTY,2024-06-30,Revvity Inc,REVVITY,714046109,,IN_MEMBERSHIP
RVTY,2024-09-30,Revvity Inc,REVVITY,714046109,,IN_MEMBERSHIP
RVTY,2024-12-31,Revvity Inc,REVVITY,714046109,,IN_MEMBERSHIP
RVTY,2025-03-31,Revvity Inc,REVVITY,714046109,,IN_MEMBERSHIP
RVTY,2025-06-30,Revvity Inc,REVVITY,714046109,,IN_MEMBERSHIP
RVTY,2025-09-30,Revvity Inc,REVVITY,714046109,,IN_MEMBERSHIP
RVTY,2025-12-31,Revvity Inc,REVVITY,714046109,,IN_MEMBERSHIP
SBAC,2020-12-31,SBA Communications Corp,SBA COMMUNICATIONS,78410G104,,PRE_WINDOW_SUPPORT
SBAC,2021-03-31,SBA Communications Corp,SBA COMMUNICATIONS,78410G104,,IN_MEMBERSHIP
SBAC,2021-06-30,SBA Communications Corp,SBA COMMUNICATIONS,78410G104,,IN_MEMBERSHIP
SBAC,2021-09-30,SBA Communications Corp,SBA COMMUNICATIONS,78410G104,,IN_MEMBERSHIP
SBAC,2021-12-31,SBA Communications Corp,SBA COMMUNICATIONS,78410G104,,IN_MEMBERSHIP
SBAC,2022-03-31,SBA Communications Corp,SBA COMMUNICATIONS,78410G104,,IN_MEMBERSHIP
SBAC,2022-06-30,SBA Communications Corp,SBA COMMUNICATIONS,78410G104,,IN_MEMBERSHIP
SBAC,2022-09-30,SBA Communications Corp,SBA COMMUNICATIONS,78410G104,,IN_MEMBERSHIP
SBAC,2022-12-31,SBA Communications Corp,SBA COMMUNICATIONS,78410G104,,IN_MEMBERSHIP
SBAC,2023-03-31,SBA Communications Corp,SBA COMMUNICATIONS,78410G104,,IN_MEMBERSHIP
SBAC,2023-06-30,SBA Communications Corp,SBA COMMUNICATIONS,78410G104,,IN_MEMBERSHIP
SBAC,2023-09-30,SBA Communications Corp,SBA COMMUNICATIONS,78410G104,,IN_MEMBERSHIP
SBAC,2023-12-31,SBA Communications Corp,SBA COMMUNICATIONS,78410G104,,IN_MEMBERSHIP
SBAC,2024-03-31,SBA Communications Corp,SBA COMMUNICATIONS,78410G104,,IN_MEMBERSHIP
SBAC,2024-06-30,SBA Communications Corp,SBA COMMUNICATIONS,78410G104,,IN_MEMBERSHIP
SBAC,2024-09-30,SBA Communications Corp,SBA COMMUNICATIONS,78410G104,,IN_MEMBERSHIP
SBAC,2024-12-31,SBA Communications Corp,SBA COMMUNICATIONS,78410G104,,IN_MEMBERSHIP
SBAC,2025-03-31,SBA Communications Corp,SBA COMMUNICATIONS,78410G104,,IN_MEMBERSHIP
SBAC,2025-06-30,SBA Communications Corp,SBA COMMUNICATIONS,78410G104,,IN_MEMBERSHIP
SBAC,2025-09-30,SBA Communications Corp,SBA COMMUNICATIONS,78410G104,,IN_MEMBERSHIP
SBAC,2025-12-31,SBA Communications Corp,SBA COMMUNICATIONS,78410G104,,IN_MEMBERSHIP
SBUX,2020-12-31,Starbucks Corp,STARBUCKS,855244109,,PRE_WINDOW_SUPPORT
SBUX,2021-03-31,Starbucks Corp,STARBUCKS,855244109,,IN_MEMBERSHIP
SBUX,2021-06-30,Starbucks Corp,STARBUCKS,855244109,,IN_MEMBERSHIP
SBUX,2021-09-30,Starbucks Corp,STARBUCKS,855244109,,IN_MEMBERSHIP
SBUX,2021-12-31,Starbucks Corp,STARBUCKS,855244109,,IN_MEMBERSHIP
SBUX,2022-03-31,Starbucks Corp,STARBUCKS,855244109,,IN_MEMBERSHIP
SBUX,2022-06-30,Starbucks Corp,STARBUCKS,855244109,,IN_MEMBERSHIP
SBUX,2022-09-30,Starbucks Corp,STARBUCKS,855244109,,IN_MEMBERSHIP
SBUX,2022-12-31,Starbucks Corp,STARBUCKS,855244109,,IN_MEMBERSHIP
SBUX,2023-03-31,Starbucks Corp,STARBUCKS,855244109,,IN_MEMBERSHIP
SBUX,2023-06-30,Starbucks Corp,STARBUCKS,855244109,,IN_MEMBERSHIP
SBUX,2023-09-30,Starbucks Corp,STARBUCKS,855244109,,IN_MEMBERSHIP
SBUX,2023-12-31,Starbucks Corp,STARBUCKS,855244109,,IN_MEMBERSHIP
SBUX,2024-03-31,Starbucks Corp,STARBUCKS,855244109,,IN_MEMBERSHIP
SBUX,2024-06-30,Starbucks Corp,STARBUCKS,855244109,,IN_MEMBERSHIP
SBUX,2024-09-30,Starbucks Corp,STARBUCKS,855244109,,IN_MEMBERSHIP
SBUX,2024-12-31,Starbucks Corp,STARBUCKS,855244109,,IN_MEMBERSHIP
SBUX,2025-03-31,Starbucks Corp,STARBUCKS,855244109,,IN_MEMBERSHIP
SBUX,2025-06-30,Starbucks Corp,STARBUCKS,855244109,,IN_MEMBERSHIP
SBUX,2025-09-30,Starbucks Corp,STARBUCKS,855244109,,IN_MEMBERSHIP
SBUX,2025-12-31,Starbucks Corp,STARBUCKS,855244109,,IN_MEMBERSHIP
SCHW,2020-12-31,Charles Schwab Corp/The,CHARLES SCHWAB,808513105,,PRE_WINDOW_SUPPORT
SCHW,2021-03-31,Charles Schwab Corp/The,CHARLES SCHWAB,808513105,,IN_MEMBERSHIP
SCHW,2021-06-30,Charles Schwab Corp/The,CHARLES SCHWAB,808513105,,IN_MEMBERSHIP
SCHW,2021-09-30,Charles Schwab Corp/The,CHARLES SCHWAB,808513105,,IN_MEMBERSHIP
SCHW,2021-12-31,Charles Schwab Corp/The,CHARLES SCHWAB,808513105,,IN_MEMBERSHIP
SCHW,2022-03-31,Charles Schwab Corp/The,CHARLES SCHWAB,808513105,,IN_MEMBERSHIP
SCHW,2022-06-30,Charles Schwab Corp/The,CHARLES SCHWAB,808513105,,IN_MEMBERSHIP
SCHW,2022-09-30,Charles Schwab Corp/The,CHARLES SCHWAB,808513105,,IN_MEMBERSHIP
SCHW,2022-12-31,Charles Schwab Corp/The,CHARLES SCHWAB,808513105,,IN_MEMBERSHIP
SCHW,2023-03-31,Charles Schwab Corp/The,CHARLES SCHWAB,808513105,,IN_MEMBERSHIP
SCHW,2023-06-30,Charles Schwab Corp/The,CHARLES SCHWAB,808513105,,IN_MEMBERSHIP
SCHW,2023-09-30,Charles Schwab Corp/The,CHARLES SCHWAB,808513105,,IN_MEMBERSHIP
SCHW,2023-12-31,Charles Schwab Corp/The,CHARLES SCHWAB,808513105,,IN_MEMBERSHIP
SCHW,2024-03-31,Charles Schwab Corp/The,CHARLES SCHWAB,808513105,,IN_MEMBERSHIP
SCHW,2024-06-30,Charles Schwab Corp/The,CHARLES SCHWAB,808513105,,IN_MEMBERSHIP
SCHW,2024-09-30,Charles Schwab Corp/The,CHARLES SCHWAB,808513105,,IN_MEMBERSHIP
SCHW,2024-12-31,Charles Schwab Corp/The,CHARLES SCHWAB,808513105,,IN_MEMBERSHIP
SCHW,2025-03-31,Charles Schwab Corp/The,CHARLES SCHWAB,808513105,,IN_MEMBERSHIP
SCHW,2025-06-30,Charles Schwab Corp/The,CHARLES SCHWAB,808513105,,IN_MEMBERSHIP
SCHW,2025-09-30,Charles Schwab Corp/The,CHARLES SCHWAB,808513105,,IN_MEMBERSHIP
SCHW,2025-12-31,Charles Schwab Corp/The,CHARLES SCHWAB,808513105,,IN_MEMBERSHIP
SHW,2020-12-31,Sherwin-Williams Co/The,SHERWIN WILLIAMS,824348106,,PRE_WINDOW_SUPPORT
SHW,2021-03-31,Sherwin-Williams Co/The,SHERWIN WILLIAMS,824348106,,IN_MEMBERSHIP
SHW,2021-06-30,Sherwin-Williams Co/The,SHERWIN WILLIAMS,824348106,,IN_MEMBERSHIP
SHW,2021-09-30,Sherwin-Williams Co/The,SHERWIN WILLIAMS,824348106,,IN_MEMBERSHIP
SHW,2021-12-31,Sherwin-Williams Co/The,SHERWIN WILLIAMS,824348106,,IN_MEMBERSHIP
SHW,2022-03-31,Sherwin-Williams Co/The,SHERWIN WILLIAMS,824348106,,IN_MEMBERSHIP
SHW,2022-06-30,Sherwin-Williams Co/The,SHERWIN WILLIAMS,824348106,,IN_MEMBERSHIP
SHW,2022-09-30,Sherwin-Williams Co/The,SHERWIN WILLIAMS,824348106,,IN_MEMBERSHIP
SHW,2022-12-31,Sherwin-Williams Co/The,SHERWIN WILLIAMS,824348106,,IN_MEMBERSHIP
SHW,2023-03-31,Sherwin-Williams Co/The,SHERWIN WILLIAMS,824348106,,IN_MEMBERSHIP
SHW,2023-06-30,Sherwin-Williams Co/The,SHERWIN WILLIAMS,824348106,,IN_MEMBERSHIP
SHW,2023-09-30,Sherwin-Williams Co/The,SHERWIN WILLIAMS,824348106,,IN_MEMBERSHIP
SHW,2023-12-31,Sherwin-Williams Co/The,SHERWIN WILLIAMS,824348106,,IN_MEMBERSHIP
SHW,2024-03-31,Sherwin-Williams Co/The,SHERWIN WILLIAMS,824348106,,IN_MEMBERSHIP
SHW,2024-06-30,Sherwin-Williams Co/The,SHERWIN WILLIAMS,824348106,,IN_MEMBERSHIP
SHW,2024-09-30,Sherwin-Williams Co/The,SHERWIN WILLIAMS,824348106,,IN_MEMBERSHIP
SHW,2024-12-31,Sherwin-Williams Co/The,SHERWIN WILLIAMS,824348106,,IN_MEMBERSHIP
SHW,2025-03-31,Sherwin-Williams Co/The,SHERWIN WILLIAMS,824348106,,IN_MEMBERSHIP
SHW,2025-06-30,Sherwin-Williams Co/The,SHERWIN WILLIAMS,824348106,,IN_MEMBERSHIP
SHW,2025-09-30,Sherwin-Williams Co/The,SHERWIN WILLIAMS,824348106,,IN_MEMBERSHIP
SHW,2025-12-31,Sherwin-Williams Co/The,SHERWIN WILLIAMS,824348106,,IN_MEMBERSHIP
SJM,2020-12-31,J M Smucker Co/The,J M SMUCKER,832696405,,PRE_WINDOW_SUPPORT
SJM,2021-03-31,J M Smucker Co/The,J M SMUCKER,832696405,,IN_MEMBERSHIP
SJM,2021-06-30,J M Smucker Co/The,J M SMUCKER,832696405,,IN_MEMBERSHIP
SJM,2021-09-30,J M Smucker Co/The,J M SMUCKER,832696405,,IN_MEMBERSHIP
SJM,2021-12-31,J M Smucker Co/The,J M SMUCKER,832696405,,IN_MEMBERSHIP
SJM,2022-03-31,J M Smucker Co/The,J M SMUCKER,832696405,,IN_MEMBERSHIP
SJM,2022-06-30,J M Smucker Co/The,J M SMUCKER,832696405,,IN_MEMBERSHIP
SJM,2022-09-30,J M Smucker Co/The,J M SMUCKER,832696405,,IN_MEMBERSHIP
SJM,2022-12-31,J M Smucker Co/The,J M SMUCKER,832696405,,IN_MEMBERSHIP
SJM,2023-03-31,J M Smucker Co/The,J M SMUCKER,832696405,,IN_MEMBERSHIP
SJM,2023-06-30,J M Smucker Co/The,J M SMUCKER,832696405,,IN_MEMBERSHIP
SJM,2023-09-30,J M Smucker Co/The,J M SMUCKER,832696405,,IN_MEMBERSHIP
SJM,2023-12-31,J M Smucker Co/The,J M SMUCKER,832696405,,IN_MEMBERSHIP
SJM,2024-03-31,J M Smucker Co/The,J M SMUCKER,832696405,,IN_MEMBERSHIP
SJM,2024-06-30,J M Smucker Co/The,J M SMUCKER,832696405,,IN_MEMBERSHIP
SJM,2024-09-30,J M Smucker Co/The,J M SMUCKER,832696405,,IN_MEMBERSHIP
SJM,2024-12-31,J M Smucker Co/The,J M SMUCKER,832696405,,IN_MEMBERSHIP
SJM,2025-03-31,J M Smucker Co/The,J M SMUCKER,832696405,,IN_MEMBERSHIP
SJM,2025-06-30,J M Smucker Co/The,J M SMUCKER,832696405,,IN_MEMBERSHIP
SJM,2025-09-30,J M Smucker Co/The,J M SMUCKER,832696405,,IN_MEMBERSHIP
SJM,2025-12-31,J M Smucker Co/The,J M SMUCKER,832696405,,IN_MEMBERSHIP
SLB,2022-03-31,Schlumberger NV,SCHLUMBERGER NV,806857108,,IN_MEMBERSHIP
SLB,2022-06-30,Schlumberger NV,SCHLUMBERGER NV,806857108,,IN_MEMBERSHIP
SLB,2022-09-30,Schlumberger NV,SCHLUMBERGER NV,806857108,,IN_MEMBERSHIP
SLB,2023-06-30,Schlumberger NV,SCHLUMBERGER NV,806857108,,IN_MEMBERSHIP
SLB,2023-09-30,Schlumberger NV,SCHLUMBERGER NV,806857108,,IN_MEMBERSHIP
SLB,2023-12-31,Schlumberger NV,SCHLUMBERGER NV,806857108,,IN_MEMBERSHIP
SLB,2024-03-31,Schlumberger NV,SCHLUMBERGER NV,806857108,,IN_MEMBERSHIP
SLB,2024-06-30,Schlumberger NV,SCHLUMBERGER NV,806857108,,IN_MEMBERSHIP
SLB,2024-09-30,Schlumberger NV,SCHLUMBERGER NV,806857108,,IN_MEMBERSHIP
SLB,2024-12-31,Schlumberger NV,SCHLUMBERGER NV,806857108,,IN_MEMBERSHIP
SLB,2025-03-31,Schlumberger NV,SCHLUMBERGER NV,806857108,,IN_MEMBERSHIP
SLB,2025-06-30,Schlumberger NV,SCHLUMBERGER NV,806857108,,IN_MEMBERSHIP
SLB,2025-09-30,Schlumberger NV,SCHLUMBERGER NV,806857108,,IN_MEMBERSHIP
SLB,2025-12-31,SLB Ltd,SLB,806857108,,IN_MEMBERSHIP
SMCI,2024-03-31,Super Micro Computer Inc,SUPER MICRO COMPUTER,86800U104,,IN_MEMBERSHIP
SMCI,2024-06-30,Super Micro Computer Inc,SUPER MICRO COMPUTER,86800U104,,IN_MEMBERSHIP
SMCI,2024-09-30,Super Micro Computer Inc,SUPER MICRO COMPUTER,86800U104,,IN_MEMBERSHIP
SMCI,2024-12-31,Super Micro Computer Inc,SUPER MICRO COMPUTER,86800U302,,IN_MEMBERSHIP
SMCI,2025-03-31,Super Micro Computer Inc,SUPER MICRO COMPUTER,86800U302,,IN_MEMBERSHIP
SMCI,2025-06-30,Super Micro Computer Inc,SUPER MICRO COMPUTER,86800U302,,IN_MEMBERSHIP
SMCI,2025-09-30,Super Micro Computer Inc,SUPER MICRO COMPUTER,86800U302,,IN_MEMBERSHIP
SMCI,2025-12-31,Super Micro Computer Inc,SUPER MICRO COMPUTER,86800U302,,IN_MEMBERSHIP
SNA,2020-12-31,Snap-on Inc,SNAP ON,833034101,,PRE_WINDOW_SUPPORT
SNA,2021-03-31,Snap-on Inc,SNAP ON,833034101,,IN_MEMBERSHIP
SNA,2021-06-30,Snap-on Inc,SNAP ON,833034101,,IN_MEMBERSHIP
SNA,2021-09-30,Snap-on Inc,SNAP ON,833034101,,IN_MEMBERSHIP
SNA,2021-12-31,Snap-on Inc,SNAP ON,833034101,,IN_MEMBERSHIP
SNA,2022-03-31,Snap-on Inc,SNAP ON,833034101,,IN_MEMBERSHIP
SNA,2022-06-30,Snap-on Inc,SNAP ON,833034101,,IN_MEMBERSHIP
SNA,2022-09-30,Snap-on Inc,SNAP ON,833034101,,IN_MEMBERSHIP
SNA,2022-12-31,Snap-on Inc,SNAP ON,833034101,,IN_MEMBERSHIP
SNA,2023-03-31,Snap-on Inc,SNAP ON,833034101,,IN_MEMBERSHIP
SNA,2023-06-30,Snap-on Inc,SNAP ON,833034101,,IN_MEMBERSHIP
SNA,2023-09-30,Snap-on Inc,SNAP ON,833034101,,IN_MEMBERSHIP
SNA,2023-12-31,Snap-on Inc,SNAP ON,833034101,,IN_MEMBERSHIP
SNA,2024-03-31,Snap-on Inc,SNAP ON,833034101,,IN_MEMBERSHIP
SNA,2024-06-30,Snap-on Inc,SNAP ON,833034101,,IN_MEMBERSHIP
SNA,2024-09-30,Snap-on Inc,SNAP ON,833034101,,IN_MEMBERSHIP
SNA,2024-12-31,Snap-on Inc,SNAP ON,833034101,,IN_MEMBERSHIP
SNA,2025-03-31,Snap-on Inc,SNAP ON,833034101,,IN_MEMBERSHIP
SNA,2025-06-30,Snap-on Inc,SNAP ON,833034101,,IN_MEMBERSHIP
SNA,2025-09-30,Snap-on Inc,SNAP ON,833034101,,IN_MEMBERSHIP
SNA,2025-12-31,Snap-on Inc,SNAP ON,833034101,,IN_MEMBERSHIP
SNDK,2025-12-31,Sandisk Corp/DE,SANDISK CORP DE,80004C200,,IN_MEMBERSHIP
SNPS,2020-12-31,Synopsys Inc,SYNOPSYS,871607107,,PRE_WINDOW_SUPPORT
SNPS,2021-03-31,Synopsys Inc,SYNOPSYS,871607107,,IN_MEMBERSHIP
SNPS,2021-06-30,Synopsys Inc,SYNOPSYS,871607107,,IN_MEMBERSHIP
SNPS,2021-09-30,Synopsys Inc,SYNOPSYS,871607107,,IN_MEMBERSHIP
SNPS,2021-12-31,Synopsys Inc,SYNOPSYS,871607107,,IN_MEMBERSHIP
SNPS,2022-03-31,Synopsys Inc,SYNOPSYS,871607107,,IN_MEMBERSHIP
SNPS,2022-06-30,Synopsys Inc,SYNOPSYS,871607107,,IN_MEMBERSHIP
SNPS,2022-09-30,Synopsys Inc,SYNOPSYS,871607107,,IN_MEMBERSHIP
SNPS,2022-12-31,Synopsys Inc,SYNOPSYS,871607107,,IN_MEMBERSHIP
SNPS,2023-03-31,Synopsys Inc,SYNOPSYS,871607107,,IN_MEMBERSHIP
SNPS,2023-06-30,Synopsys Inc,SYNOPSYS,871607107,,IN_MEMBERSHIP
SNPS,2023-09-30,Synopsys Inc,SYNOPSYS,871607107,,IN_MEMBERSHIP
SNPS,2023-12-31,Synopsys Inc,SYNOPSYS,871607107,,IN_MEMBERSHIP
SNPS,2024-03-31,Synopsys Inc,SYNOPSYS,871607107,,IN_MEMBERSHIP
SNPS,2024-06-30,Synopsys Inc,SYNOPSYS,871607107,,IN_MEMBERSHIP
SNPS,2024-09-30,Synopsys Inc,SYNOPSYS,871607107,,IN_MEMBERSHIP
SNPS,2024-12-31,Synopsys Inc,SYNOPSYS,871607107,,IN_MEMBERSHIP
SNPS,2025-03-31,Synopsys Inc,SYNOPSYS,871607107,,IN_MEMBERSHIP
SNPS,2025-06-30,Synopsys Inc,SYNOPSYS,871607107,,IN_MEMBERSHIP
SNPS,2025-09-30,Synopsys Inc,SYNOPSYS,871607107,,IN_MEMBERSHIP
SNPS,2025-12-31,Synopsys Inc,SYNOPSYS,871607107,,IN_MEMBERSHIP
SO,2020-12-31,Southern Co/The,SOUTHERN,842587107,,PRE_WINDOW_SUPPORT
SO,2021-03-31,Southern Co/The,SOUTHERN,842587107,,IN_MEMBERSHIP
SO,2021-06-30,Southern Co/The,SOUTHERN,842587107,,IN_MEMBERSHIP
SO,2021-09-30,Southern Co/The,SOUTHERN,842587107,,IN_MEMBERSHIP
SO,2021-12-31,Southern Co/The,SOUTHERN,842587107,,IN_MEMBERSHIP
SO,2022-03-31,Southern Co/The,SOUTHERN,842587107,,IN_MEMBERSHIP
SO,2022-06-30,Southern Co/The,SOUTHERN,842587107,,IN_MEMBERSHIP
SO,2022-09-30,Southern Co/The,SOUTHERN,842587107,,IN_MEMBERSHIP
SO,2022-12-31,Southern Co/The,SOUTHERN,842587107,,IN_MEMBERSHIP
SO,2023-03-31,Southern Co/The,SOUTHERN,842587107,,IN_MEMBERSHIP
SO,2023-06-30,Southern Co/The,SOUTHERN,842587107,,IN_MEMBERSHIP
SO,2023-09-30,Southern Co/The,SOUTHERN,842587107,,IN_MEMBERSHIP
SO,2023-12-31,Southern Co/The,SOUTHERN,842587107,,IN_MEMBERSHIP
SO,2024-03-31,Southern Co/The,SOUTHERN,842587107,,IN_MEMBERSHIP
SO,2024-06-30,Southern Co/The,SOUTHERN,842587107,,IN_MEMBERSHIP
SO,2024-09-30,Southern Co/The,SOUTHERN,842587107,,IN_MEMBERSHIP
SO,2024-12-31,Southern Co/The,SOUTHERN,842587107,,IN_MEMBERSHIP
SO,2025-03-31,Southern Co/The,SOUTHERN,842587107,,IN_MEMBERSHIP
SO,2025-06-30,Southern Co/The,SOUTHERN,842587107,,IN_MEMBERSHIP
SO,2025-09-30,Southern Co/The,SOUTHERN,842587107,,IN_MEMBERSHIP
SO,2025-12-31,Southern Co/The,SOUTHERN,842587107,,IN_MEMBERSHIP
SOLV,2024-06-30,Solventum Corp,SOLVENTUM,83444M101,,IN_MEMBERSHIP
SOLV,2024-09-30,Solventum Corp,SOLVENTUM,83444M101,,IN_MEMBERSHIP
SOLV,2024-12-31,Solventum Corp,SOLVENTUM,83444M101,,IN_MEMBERSHIP
SOLV,2025-03-31,Solventum Corp,SOLVENTUM,83444M101,,IN_MEMBERSHIP
SOLV,2025-06-30,Solventum Corp,SOLVENTUM,83444M101,,IN_MEMBERSHIP
SOLV,2025-09-30,Solventum Corp,SOLVENTUM,83444M101,,IN_MEMBERSHIP
SOLV,2025-12-31,Solventum Corp,SOLVENTUM,83444M101,,IN_MEMBERSHIP
SPG,2020-12-31,Simon Property Group Inc,SIMON PROPERTY GROUP,828806109,,PRE_WINDOW_SUPPORT
SPG,2021-03-31,Simon Property Group Inc,SIMON PROPERTY GROUP,828806109,,IN_MEMBERSHIP
SPG,2021-06-30,Simon Property Group Inc,SIMON PROPERTY GROUP,828806109,,IN_MEMBERSHIP
SPG,2021-09-30,Simon Property Group Inc,SIMON PROPERTY GROUP,828806109,,IN_MEMBERSHIP
SPG,2021-12-31,Simon Property Group Inc,SIMON PROPERTY GROUP,828806109,,IN_MEMBERSHIP
SPG,2022-03-31,Simon Property Group Inc,SIMON PROPERTY GROUP,828806109,,IN_MEMBERSHIP
SPG,2022-06-30,Simon Property Group Inc,SIMON PROPERTY GROUP,828806109,,IN_MEMBERSHIP
SPG,2022-09-30,Simon Property Group Inc,SIMON PROPERTY GROUP,828806109,,IN_MEMBERSHIP
SPG,2022-12-31,Simon Property Group Inc,SIMON PROPERTY GROUP,828806109,,IN_MEMBERSHIP
SPG,2023-03-31,Simon Property Group Inc,SIMON PROPERTY GROUP,828806109,,IN_MEMBERSHIP
SPG,2023-06-30,Simon Property Group Inc,SIMON PROPERTY GROUP,828806109,,IN_MEMBERSHIP
SPG,2023-09-30,Simon Property Group Inc,SIMON PROPERTY GROUP,828806109,,IN_MEMBERSHIP
SPG,2023-12-31,Simon Property Group Inc,SIMON PROPERTY GROUP,828806109,,IN_MEMBERSHIP
SPG,2024-03-31,Simon Property Group Inc,SIMON PROPERTY GROUP,828806109,,IN_MEMBERSHIP
SPG,2024-06-30,Simon Property Group Inc,SIMON PROPERTY GROUP,828806109,,IN_MEMBERSHIP
SPG,2024-09-30,Simon Property Group Inc,SIMON PROPERTY GROUP,828806109,,IN_MEMBERSHIP
SPG,2024-12-31,Simon Property Group Inc,SIMON PROPERTY GROUP,828806109,,IN_MEMBERSHIP
SPG,2025-03-31,Simon Property Group Inc,SIMON PROPERTY GROUP,828806109,,IN_MEMBERSHIP
SPG,2025-06-30,Simon Property Group Inc,SIMON PROPERTY GROUP,828806109,,IN_MEMBERSHIP
SPG,2025-09-30,Simon Property Group Inc,SIMON PROPERTY GROUP,828806109,,IN_MEMBERSHIP
SPG,2025-12-31,Simon Property Group Inc,SIMON PROPERTY GROUP,828806109,,IN_MEMBERSHIP
SPGI,2020-12-31,S&P Global Inc,S AND P GLOBAL,78409V104,,PRE_WINDOW_SUPPORT
SPGI,2021-03-31,S&P Global Inc,S AND P GLOBAL,78409V104,,IN_MEMBERSHIP
SPGI,2021-06-30,S&P Global Inc,S AND P GLOBAL,78409V104,,IN_MEMBERSHIP
SPGI,2021-09-30,S&P Global Inc,S AND P GLOBAL,78409V104,,IN_MEMBERSHIP
SPGI,2021-12-31,S&P Global Inc,S AND P GLOBAL,78409V104,,IN_MEMBERSHIP
SPGI,2022-03-31,S&P Global Inc,S AND P GLOBAL,78409V104,,IN_MEMBERSHIP
SPGI,2022-06-30,S&P Global Inc,S AND P GLOBAL,78409V104,,IN_MEMBERSHIP
SPGI,2022-09-30,S&P Global Inc,S AND P GLOBAL,78409V104,,IN_MEMBERSHIP
SPGI,2022-12-31,S&P Global Inc,S AND P GLOBAL,78409V104,,IN_MEMBERSHIP
SPGI,2023-03-31,S&P Global Inc,S AND P GLOBAL,78409V104,,IN_MEMBERSHIP
SPGI,2023-06-30,S&P Global Inc,S AND P GLOBAL,78409V104,,IN_MEMBERSHIP
SPGI,2023-09-30,S&P Global Inc,S AND P GLOBAL,78409V104,,IN_MEMBERSHIP
SPGI,2023-12-31,S&P Global Inc,S AND P GLOBAL,78409V104,,IN_MEMBERSHIP
SPGI,2024-03-31,S&P Global Inc,S AND P GLOBAL,78409V104,,IN_MEMBERSHIP
SPGI,2024-06-30,S&P Global Inc,S AND P GLOBAL,78409V104,,IN_MEMBERSHIP
SPGI,2024-09-30,S&P Global Inc,S AND P GLOBAL,78409V104,,IN_MEMBERSHIP
SPGI,2024-12-31,S&P Global Inc,S AND P GLOBAL,78409V104,,IN_MEMBERSHIP
SPGI,2025-03-31,S&P Global Inc,S AND P GLOBAL,78409V104,,IN_MEMBERSHIP
SPGI,2025-06-30,S&P Global Inc,S AND P GLOBAL,78409V104,,IN_MEMBERSHIP
SPGI,2025-09-30,S&P Global Inc,S AND P GLOBAL,78409V104,,IN_MEMBERSHIP
SPGI,2025-12-31,S&P Global Inc,S AND P GLOBAL,78409V104,,IN_MEMBERSHIP
SRE,2020-12-31,Sempra Energy,SEMPRA ENERGY,816851109,,PRE_WINDOW_SUPPORT
SRE,2021-03-31,Sempra Energy,SEMPRA ENERGY,816851109,,IN_MEMBERSHIP
SRE,2021-06-30,Sempra Energy,SEMPRA ENERGY,816851109,,IN_MEMBERSHIP
SRE,2021-09-30,Sempra Energy,SEMPRA ENERGY,816851109,,IN_MEMBERSHIP
SRE,2021-12-31,Sempra Energy,SEMPRA ENERGY,816851109,,IN_MEMBERSHIP
SRE,2022-03-31,Sempra Energy,SEMPRA ENERGY,816851109,,IN_MEMBERSHIP
SRE,2022-06-30,Sempra Energy,SEMPRA ENERGY,816851109,,IN_MEMBERSHIP
SRE,2022-09-30,Sempra Energy,SEMPRA ENERGY,816851109,,IN_MEMBERSHIP
SRE,2022-12-31,Sempra Energy,SEMPRA ENERGY,816851109,,IN_MEMBERSHIP
SRE,2023-03-31,Sempra Energy,SEMPRA ENERGY,816851109,,IN_MEMBERSHIP
SRE,2023-06-30,Sempra Energy,SEMPRA ENERGY,816851109,,IN_MEMBERSHIP
SRE,2023-09-30,Sempra,SEMPRA,816851109,,IN_MEMBERSHIP
SRE,2023-12-31,Sempra,SEMPRA,816851109,,IN_MEMBERSHIP
SRE,2024-03-31,Sempra,SEMPRA,816851109,,IN_MEMBERSHIP
SRE,2024-06-30,Sempra,SEMPRA,816851109,,IN_MEMBERSHIP
SRE,2024-09-30,Sempra,SEMPRA,816851109,,IN_MEMBERSHIP
SRE,2024-12-31,Sempra,SEMPRA,816851109,,IN_MEMBERSHIP
SRE,2025-03-31,Sempra,SEMPRA,816851109,,IN_MEMBERSHIP
SRE,2025-06-30,Sempra,SEMPRA,816851109,,IN_MEMBERSHIP
SRE,2025-09-30,Sempra,SEMPRA,816851109,,IN_MEMBERSHIP
SRE,2025-12-31,Sempra,SEMPRA,816851109,,IN_MEMBERSHIP
STE,2020-12-31,STERIS PLC,STERIS,IE00BFY8C754,,PRE_WINDOW_SUPPORT
STE,2021-03-31,STERIS PLC,STERIS,IE00BFY8C754,,IN_MEMBERSHIP
STE,2021-06-30,STERIS PLC,STERIS,IE00BFY8C754,,IN_MEMBERSHIP
STE,2021-09-30,STERIS PLC,STERIS,IE00BFY8C754,,IN_MEMBERSHIP
STE,2021-12-31,STERIS PLC,STERIS,IE00BFY8C754,,IN_MEMBERSHIP
STE,2022-03-31,STERIS PLC,STERIS,IE00BFY8C754,,IN_MEMBERSHIP
STE,2022-06-30,STERIS PLC,STERIS,IE00BFY8C754,,IN_MEMBERSHIP
STE,2022-09-30,STERIS PLC,STERIS,IE00BFY8C754,,IN_MEMBERSHIP
STE,2022-12-31,STERIS PLC,STERIS,IE00BFY8C754,,IN_MEMBERSHIP
STE,2023-03-31,STERIS PLC,STERIS,IE00BFY8C754,,IN_MEMBERSHIP
STE,2023-06-30,STERIS PLC,STERIS,IE00BFY8C754,,IN_MEMBERSHIP
STE,2023-09-30,STERIS PLC,STERIS,IE00BFY8C754,,IN_MEMBERSHIP
STE,2023-12-31,STERIS PLC,STERIS,IE00BFY8C754,,IN_MEMBERSHIP
STE,2024-03-31,STERIS PLC,STERIS,IE00BFY8C754,,IN_MEMBERSHIP
STE,2024-06-30,STERIS PLC,STERIS,IE00BFY8C754,,IN_MEMBERSHIP
STE,2024-09-30,STERIS PLC,STERIS,IE00BFY8C754,,IN_MEMBERSHIP
STE,2024-12-31,STERIS PLC,STERIS,IE00BFY8C754,,IN_MEMBERSHIP
STE,2025-03-31,STERIS PLC,STERIS,IE00BFY8C754,,IN_MEMBERSHIP
STE,2025-06-30,STERIS PLC,STERIS,IE00BFY8C754,,IN_MEMBERSHIP
STE,2025-09-30,STERIS PLC,STERIS,IE00BFY8C754,,IN_MEMBERSHIP
STE,2025-12-31,STERIS PLC,STERIS,IE00BFY8C754,,IN_MEMBERSHIP
STLD,2022-12-31,Steel Dynamics Inc,STEEL DYNAMICS,858119100,,IN_MEMBERSHIP
STLD,2023-03-31,Steel Dynamics Inc,STEEL DYNAMICS,858119100,,IN_MEMBERSHIP
STLD,2023-06-30,Steel Dynamics Inc,STEEL DYNAMICS,858119100,,IN_MEMBERSHIP
STLD,2023-09-30,Steel Dynamics Inc,STEEL DYNAMICS,858119100,,IN_MEMBERSHIP
STLD,2023-12-31,Steel Dynamics Inc,STEEL DYNAMICS,858119100,,IN_MEMBERSHIP
STLD,2024-03-31,Steel Dynamics Inc,STEEL DYNAMICS,858119100,,IN_MEMBERSHIP
STLD,2024-06-30,Steel Dynamics Inc,STEEL DYNAMICS,858119100,,IN_MEMBERSHIP
STLD,2024-09-30,Steel Dynamics Inc,STEEL DYNAMICS,858119100,,IN_MEMBERSHIP
STLD,2024-12-31,Steel Dynamics Inc,STEEL DYNAMICS,858119100,,IN_MEMBERSHIP
STLD,2025-03-31,Steel Dynamics Inc,STEEL DYNAMICS,858119100,,IN_MEMBERSHIP
STLD,2025-06-30,Steel Dynamics Inc,STEEL DYNAMICS,858119100,,IN_MEMBERSHIP
STLD,2025-09-30,Steel Dynamics Inc,STEEL DYNAMICS,858119100,,IN_MEMBERSHIP
STLD,2025-12-31,Steel Dynamics Inc,STEEL DYNAMICS,858119100,,IN_MEMBERSHIP
STT,2020-12-31,State Street Corp,STATE STREET,857477103,,PRE_WINDOW_SUPPORT
STT,2021-03-31,State Street Corp,STATE STREET,857477103,,IN_MEMBERSHIP
STT,2021-06-30,State Street Corp,STATE STREET,857477103,,IN_MEMBERSHIP
STT,2021-09-30,State Street Corp,STATE STREET,857477103,,IN_MEMBERSHIP
STT,2021-12-31,State Street Corp,STATE STREET,857477103,,IN_MEMBERSHIP
STT,2022-03-31,State Street Corp,STATE STREET,857477103,,IN_MEMBERSHIP
STT,2022-06-30,State Street Corp,STATE STREET,857477103,,IN_MEMBERSHIP
STT,2022-09-30,State Street Corp,STATE STREET,857477103,,IN_MEMBERSHIP
STT,2022-12-31,State Street Corp,STATE STREET,857477103,,IN_MEMBERSHIP
STT,2023-03-31,State Street Corp,STATE STREET,857477103,,IN_MEMBERSHIP
STT,2023-06-30,State Street Corp,STATE STREET,857477103,,IN_MEMBERSHIP
STT,2023-09-30,State Street Corp,STATE STREET,857477103,,IN_MEMBERSHIP
STT,2023-12-31,State Street Corp,STATE STREET,857477103,,IN_MEMBERSHIP
STT,2024-03-31,State Street Corp,STATE STREET,857477103,,IN_MEMBERSHIP
STT,2024-06-30,State Street Corp,STATE STREET,857477103,,IN_MEMBERSHIP
STT,2024-09-30,State Street Corp,STATE STREET,857477103,,IN_MEMBERSHIP
STT,2024-12-31,State Street Corp,STATE STREET,857477103,,IN_MEMBERSHIP
STT,2025-03-31,State Street Corp,STATE STREET,857477103,,IN_MEMBERSHIP
STT,2025-06-30,State Street Corp,STATE STREET,857477103,,IN_MEMBERSHIP
STT,2025-09-30,State Street Corp,STATE STREET,857477103,,IN_MEMBERSHIP
STT,2025-12-31,State Street Corp,STATE STREET,857477103,,IN_MEMBERSHIP
STX,2020-12-31,Seagate Technology PLC,SEAGATE TECHNOLOGY,IE00B58JVZ52,,PRE_WINDOW_SUPPORT
STX,2021-03-31,Seagate Technology PLC,SEAGATE TECHNOLOGY,IE00B58JVZ52,,IN_MEMBERSHIP
STX,2021-06-30,Seagate Technology Holdings PLC,SEAGATE TECHNOLOGY,IE00BKVD2N49,,IN_MEMBERSHIP
STX,2021-09-30,Seagate Technology Holdings PLC,SEAGATE TECHNOLOGY,IE00BKVD2N49,,IN_MEMBERSHIP
STX,2021-12-31,Seagate Technology Holdings PLC,SEAGATE TECHNOLOGY,IE00BKVD2N49,,IN_MEMBERSHIP
STX,2022-03-31,Seagate Technology Holdings PLC,SEAGATE TECHNOLOGY,IE00BKVD2N49,,IN_MEMBERSHIP
STX,2022-06-30,Seagate Technology Holdings PLC,SEAGATE TECHNOLOGY,IE00BKVD2N49,,IN_MEMBERSHIP
STX,2022-09-30,Seagate Technology Holdings PLC,SEAGATE TECHNOLOGY,IE00BKVD2N49,,IN_MEMBERSHIP
STX,2022-12-31,Seagate Technology Holdings PLC,SEAGATE TECHNOLOGY,IE00BKVD2N49,,IN_MEMBERSHIP
STX,2023-03-31,Seagate Technology Holdings PLC,SEAGATE TECHNOLOGY,IE00BKVD2N49,,IN_MEMBERSHIP
STX,2023-06-30,Seagate Technology Holdings PLC,SEAGATE TECHNOLOGY,IE00BKVD2N49,,IN_MEMBERSHIP
STX,2023-09-30,Seagate Technology Holdings PLC,SEAGATE TECHNOLOGY,IE00BKVD2N49,,IN_MEMBERSHIP
STX,2023-12-31,Seagate Technology Holdings PLC,SEAGATE TECHNOLOGY,IE00BKVD2N49,,IN_MEMBERSHIP
STX,2024-03-31,Seagate Technology Holdings PLC,SEAGATE TECHNOLOGY,IE00BKVD2N49,,IN_MEMBERSHIP
STX,2024-06-30,Seagate Technology Holdings PLC,SEAGATE TECHNOLOGY,IE00BKVD2N49,,IN_MEMBERSHIP
STX,2024-09-30,Seagate Technology Holdings PLC,SEAGATE TECHNOLOGY,IE00BKVD2N49,,IN_MEMBERSHIP
STX,2024-12-31,Seagate Technology Holdings PLC,SEAGATE TECHNOLOGY,IE00BKVD2N49,,IN_MEMBERSHIP
STX,2025-03-31,Seagate Technology Holdings PLC,SEAGATE TECHNOLOGY,IE00BKVD2N49,,IN_MEMBERSHIP
STX,2025-06-30,Seagate Technology Holdings PLC,SEAGATE TECHNOLOGY,IE00BKVD2N49,,IN_MEMBERSHIP
STX,2025-09-30,Seagate Technology Holdings PLC,SEAGATE TECHNOLOGY,IE00BKVD2N49,,IN_MEMBERSHIP
STX,2025-12-31,Seagate Technology Holdings PLC,SEAGATE TECHNOLOGY,IE00BKVD2N49,,IN_MEMBERSHIP
STZ,2020-12-31,Constellation Brands Inc,CONSTELLATION BRANDS,21036P108,,PRE_WINDOW_SUPPORT
STZ,2021-03-31,Constellation Brands Inc,CONSTELLATION BRANDS,21036P108,,IN_MEMBERSHIP
STZ,2021-06-30,Constellation Brands Inc,CONSTELLATION BRANDS,21036P108,,IN_MEMBERSHIP
STZ,2021-09-30,Constellation Brands Inc,CONSTELLATION BRANDS,21036P108,,IN_MEMBERSHIP
STZ,2021-12-31,Constellation Brands Inc,CONSTELLATION BRANDS,21036P108,,IN_MEMBERSHIP
STZ,2022-03-31,Constellation Brands Inc,CONSTELLATION BRANDS,21036P108,,IN_MEMBERSHIP
STZ,2022-06-30,Constellation Brands Inc,CONSTELLATION BRANDS,21036P108,,IN_MEMBERSHIP
STZ,2022-09-30,Constellation Brands Inc,CONSTELLATION BRANDS,21036P108,,IN_MEMBERSHIP
STZ,2022-12-31,Constellation Brands Inc,CONSTELLATION BRANDS,21036P108,,IN_MEMBERSHIP
STZ,2023-03-31,Constellation Brands Inc,CONSTELLATION BRANDS,21036P108,,IN_MEMBERSHIP
STZ,2023-06-30,Constellation Brands Inc,CONSTELLATION BRANDS,21036P108,,IN_MEMBERSHIP
STZ,2023-09-30,Constellation Brands Inc,CONSTELLATION BRANDS,21036P108,,IN_MEMBERSHIP
STZ,2023-12-31,Constellation Brands Inc,CONSTELLATION BRANDS,21036P108,,IN_MEMBERSHIP
STZ,2024-03-31,Constellation Brands Inc,CONSTELLATION BRANDS,21036P108,,IN_MEMBERSHIP
STZ,2024-06-30,Constellation Brands Inc,CONSTELLATION BRANDS,21036P108,,IN_MEMBERSHIP
STZ,2024-09-30,Constellation Brands Inc,CONSTELLATION BRANDS,21036P108,,IN_MEMBERSHIP
STZ,2024-12-31,Constellation Brands Inc,CONSTELLATION BRANDS,21036P108,,IN_MEMBERSHIP
STZ,2025-03-31,Constellation Brands Inc,CONSTELLATION BRANDS,21036P108,,IN_MEMBERSHIP
STZ,2025-06-30,Constellation Brands Inc,CONSTELLATION BRANDS,21036P108,,IN_MEMBERSHIP
STZ,2025-09-30,Constellation Brands Inc,CONSTELLATION BRANDS,21036P108,,IN_MEMBERSHIP
STZ,2025-12-31,Constellation Brands Inc,CONSTELLATION BRANDS,21036P108,,IN_MEMBERSHIP
SW,2024-09-30,Smurfit WestRock PLC,SMURFIT WESTROCK,IE00028FXN24,,IN_MEMBERSHIP
SW,2024-12-31,Smurfit WestRock PLC,SMURFIT WESTROCK,IE00028FXN24,,IN_MEMBERSHIP
SW,2025-03-31,Smurfit WestRock PLC,SMURFIT WESTROCK,IE00028FXN24,,IN_MEMBERSHIP
SW,2025-06-30,Smurfit WestRock PLC,SMURFIT WESTROCK,IE00028FXN24,,IN_MEMBERSHIP
SW,2025-09-30,Smurfit WestRock PLC,SMURFIT WESTROCK,IE00028FXN24,,IN_MEMBERSHIP
SW,2025-12-31,Smurfit WestRock PLC,SMURFIT WESTROCK,IE00028FXN24,,IN_MEMBERSHIP
SWK,2020-12-31,Stanley Black & Decker Inc,STANLEY BLACK AND DECKER,854502101,,PRE_WINDOW_SUPPORT
SWK,2021-03-31,Stanley Black & Decker Inc,STANLEY BLACK AND DECKER,854502101,,IN_MEMBERSHIP
SWK,2021-06-30,Stanley Black & Decker Inc,STANLEY BLACK AND DECKER,854502101,,IN_MEMBERSHIP
SWK,2021-09-30,Stanley Black & Decker Inc,STANLEY BLACK AND DECKER,854502101,,IN_MEMBERSHIP
SWK,2021-12-31,Stanley Black & Decker Inc,STANLEY BLACK AND DECKER,854502101,,IN_MEMBERSHIP
SWK,2022-03-31,Stanley Black & Decker Inc,STANLEY BLACK AND DECKER,854502101,,IN_MEMBERSHIP
SWK,2022-06-30,Stanley Black & Decker Inc,STANLEY BLACK AND DECKER,854502101,,IN_MEMBERSHIP
SWK,2022-09-30,Stanley Black & Decker Inc,STANLEY BLACK AND DECKER,854502101,,IN_MEMBERSHIP
SWK,2022-12-31,Stanley Black & Decker Inc,STANLEY BLACK AND DECKER,854502101,,IN_MEMBERSHIP
SWK,2023-03-31,Stanley Black & Decker Inc,STANLEY BLACK AND DECKER,854502101,,IN_MEMBERSHIP
SWK,2023-06-30,Stanley Black & Decker Inc,STANLEY BLACK AND DECKER,854502101,,IN_MEMBERSHIP
SWK,2023-09-30,Stanley Black & Decker Inc,STANLEY BLACK AND DECKER,854502101,,IN_MEMBERSHIP
SWK,2023-12-31,Stanley Black & Decker Inc,STANLEY BLACK AND DECKER,854502101,,IN_MEMBERSHIP
SWK,2024-03-31,Stanley Black & Decker Inc,STANLEY BLACK AND DECKER,854502101,,IN_MEMBERSHIP
SWK,2024-06-30,Stanley Black & Decker Inc,STANLEY BLACK AND DECKER,854502101,,IN_MEMBERSHIP
SWK,2024-09-30,Stanley Black & Decker Inc,STANLEY BLACK AND DECKER,854502101,,IN_MEMBERSHIP
SWK,2024-12-31,Stanley Black & Decker Inc,STANLEY BLACK AND DECKER,854502101,,IN_MEMBERSHIP
SWK,2025-03-31,Stanley Black & Decker Inc,STANLEY BLACK AND DECKER,854502101,,IN_MEMBERSHIP
SWK,2025-06-30,Stanley Black & Decker Inc,STANLEY BLACK AND DECKER,854502101,,IN_MEMBERSHIP
SWK,2025-09-30,Stanley Black & Decker Inc,STANLEY BLACK AND DECKER,854502101,,IN_MEMBERSHIP
SWK,2025-12-31,Stanley Black & Decker Inc,STANLEY BLACK AND DECKER,854502101,,IN_MEMBERSHIP
SWKS,2020-12-31,Skyworks Solutions Inc,SKYWORKS SOLUTIONS,83088M102,,PRE_WINDOW_SUPPORT
SWKS,2021-03-31,Skyworks Solutions Inc,SKYWORKS SOLUTIONS,83088M102,,IN_MEMBERSHIP
SWKS,2021-06-30,Skyworks Solutions Inc,SKYWORKS SOLUTIONS,83088M102,,IN_MEMBERSHIP
SWKS,2021-09-30,Skyworks Solutions Inc,SKYWORKS SOLUTIONS,83088M102,,IN_MEMBERSHIP
SWKS,2021-12-31,Skyworks Solutions Inc,SKYWORKS SOLUTIONS,83088M102,,IN_MEMBERSHIP
SWKS,2022-03-31,Skyworks Solutions Inc,SKYWORKS SOLUTIONS,83088M102,,IN_MEMBERSHIP
SWKS,2022-06-30,Skyworks Solutions Inc,SKYWORKS SOLUTIONS,83088M102,,IN_MEMBERSHIP
SWKS,2022-09-30,Skyworks Solutions Inc,SKYWORKS SOLUTIONS,83088M102,,IN_MEMBERSHIP
SWKS,2022-12-31,Skyworks Solutions Inc,SKYWORKS SOLUTIONS,83088M102,,IN_MEMBERSHIP
SWKS,2023-03-31,Skyworks Solutions Inc,SKYWORKS SOLUTIONS,83088M102,,IN_MEMBERSHIP
SWKS,2023-06-30,Skyworks Solutions Inc,SKYWORKS SOLUTIONS,83088M102,,IN_MEMBERSHIP
SWKS,2023-09-30,Skyworks Solutions Inc,SKYWORKS SOLUTIONS,83088M102,,IN_MEMBERSHIP
SWKS,2023-12-31,Skyworks Solutions Inc,SKYWORKS SOLUTIONS,83088M102,,IN_MEMBERSHIP
SWKS,2024-03-31,Skyworks Solutions Inc,SKYWORKS SOLUTIONS,83088M102,,IN_MEMBERSHIP
SWKS,2024-06-30,Skyworks Solutions Inc,SKYWORKS SOLUTIONS,83088M102,,IN_MEMBERSHIP
SWKS,2024-09-30,Skyworks Solutions Inc,SKYWORKS SOLUTIONS,83088M102,,IN_MEMBERSHIP
SWKS,2024-12-31,Skyworks Solutions Inc,SKYWORKS SOLUTIONS,83088M102,,IN_MEMBERSHIP
SWKS,2025-03-31,Skyworks Solutions Inc,SKYWORKS SOLUTIONS,83088M102,,IN_MEMBERSHIP
SWKS,2025-06-30,Skyworks Solutions Inc,SKYWORKS SOLUTIONS,83088M102,,IN_MEMBERSHIP
SWKS,2025-09-30,Skyworks Solutions Inc,SKYWORKS SOLUTIONS,83088M102,,IN_MEMBERSHIP
SWKS,2025-12-31,Skyworks Solutions Inc,SKYWORKS SOLUTIONS,83088M102,,IN_MEMBERSHIP
SYF,2020-12-31,Synchrony Financial,SYNCHRONY FINANCIAL,87165B103,,PRE_WINDOW_SUPPORT
SYF,2021-03-31,Synchrony Financial,SYNCHRONY FINANCIAL,87165B103,,IN_MEMBERSHIP
SYF,2021-06-30,Synchrony Financial,SYNCHRONY FINANCIAL,87165B103,,IN_MEMBERSHIP
SYF,2021-09-30,Synchrony Financial,SYNCHRONY FINANCIAL,87165B103,,IN_MEMBERSHIP
SYF,2021-12-31,Synchrony Financial,SYNCHRONY FINANCIAL,87165B103,,IN_MEMBERSHIP
SYF,2022-03-31,Synchrony Financial,SYNCHRONY FINANCIAL,87165B103,,IN_MEMBERSHIP
SYF,2022-06-30,Synchrony Financial,SYNCHRONY FINANCIAL,87165B103,,IN_MEMBERSHIP
SYF,2022-09-30,Synchrony Financial,SYNCHRONY FINANCIAL,87165B103,,IN_MEMBERSHIP
SYF,2022-12-31,Synchrony Financial,SYNCHRONY FINANCIAL,87165B103,,IN_MEMBERSHIP
SYF,2023-03-31,Synchrony Financial,SYNCHRONY FINANCIAL,87165B103,,IN_MEMBERSHIP
SYF,2023-06-30,Synchrony Financial,SYNCHRONY FINANCIAL,87165B103,,IN_MEMBERSHIP
SYF,2023-09-30,Synchrony Financial,SYNCHRONY FINANCIAL,87165B103,,IN_MEMBERSHIP
SYF,2023-12-31,Synchrony Financial,SYNCHRONY FINANCIAL,87165B103,,IN_MEMBERSHIP
SYF,2024-03-31,Synchrony Financial,SYNCHRONY FINANCIAL,87165B103,,IN_MEMBERSHIP
SYF,2024-06-30,Synchrony Financial,SYNCHRONY FINANCIAL,87165B103,,IN_MEMBERSHIP
SYF,2024-09-30,Synchrony Financial,SYNCHRONY FINANCIAL,87165B103,,IN_MEMBERSHIP
SYF,2024-12-31,Synchrony Financial,SYNCHRONY FINANCIAL,87165B103,,IN_MEMBERSHIP
SYF,2025-03-31,Synchrony Financial,SYNCHRONY FINANCIAL,87165B103,,IN_MEMBERSHIP
SYF,2025-06-30,Synchrony Financial,SYNCHRONY FINANCIAL,87165B103,,IN_MEMBERSHIP
SYF,2025-09-30,Synchrony Financial,SYNCHRONY FINANCIAL,87165B103,,IN_MEMBERSHIP
SYF,2025-12-31,Synchrony Financial,SYNCHRONY FINANCIAL,87165B103,,IN_MEMBERSHIP
SYK,2020-12-31,Stryker Corp,STRYKER,863667101,,PRE_WINDOW_SUPPORT
SYK,2021-03-31,Stryker Corp,STRYKER,863667101,,IN_MEMBERSHIP
SYK,2021-06-30,Stryker Corp,STRYKER,863667101,,IN_MEMBERSHIP
SYK,2021-09-30,Stryker Corp,STRYKER,863667101,,IN_MEMBERSHIP
SYK,2021-12-31,Stryker Corp,STRYKER,863667101,,IN_MEMBERSHIP
SYK,2022-03-31,Stryker Corp,STRYKER,863667101,,IN_MEMBERSHIP
SYK,2022-06-30,Stryker Corp,STRYKER,863667101,,IN_MEMBERSHIP
SYK,2022-09-30,Stryker Corp,STRYKER,863667101,,IN_MEMBERSHIP
SYK,2022-12-31,Stryker Corp,STRYKER,863667101,,IN_MEMBERSHIP
SYK,2023-03-31,Stryker Corp,STRYKER,863667101,,IN_MEMBERSHIP
SYK,2023-06-30,Stryker Corp,STRYKER,863667101,,IN_MEMBERSHIP
SYK,2023-09-30,Stryker Corp,STRYKER,863667101,,IN_MEMBERSHIP
SYK,2023-12-31,Stryker Corp,STRYKER,863667101,,IN_MEMBERSHIP
SYK,2024-03-31,Stryker Corp,STRYKER,863667101,,IN_MEMBERSHIP
SYK,2024-06-30,Stryker Corp,STRYKER,863667101,,IN_MEMBERSHIP
SYK,2024-09-30,Stryker Corp,STRYKER,863667101,,IN_MEMBERSHIP
SYK,2024-12-31,Stryker Corp,STRYKER,863667101,,IN_MEMBERSHIP
SYK,2025-03-31,Stryker Corp,STRYKER,863667101,,IN_MEMBERSHIP
SYK,2025-06-30,Stryker Corp,STRYKER,863667101,,IN_MEMBERSHIP
SYK,2025-09-30,Stryker Corp,STRYKER,863667101,,IN_MEMBERSHIP
SYK,2025-12-31,Stryker Corp,STRYKER,863667101,,IN_MEMBERSHIP
SYY,2020-12-31,Sysco Corp,SYSCO,871829107,,PRE_WINDOW_SUPPORT
SYY,2021-03-31,Sysco Corp,SYSCO,871829107,,IN_MEMBERSHIP
SYY,2021-06-30,Sysco Corp,SYSCO,871829107,,IN_MEMBERSHIP
SYY,2021-09-30,Sysco Corp,SYSCO,871829107,,IN_MEMBERSHIP
SYY,2021-12-31,Sysco Corp,SYSCO,871829107,,IN_MEMBERSHIP
SYY,2022-03-31,Sysco Corp,SYSCO,871829107,,IN_MEMBERSHIP
SYY,2022-06-30,Sysco Corp,SYSCO,871829107,,IN_MEMBERSHIP
SYY,2022-09-30,Sysco Corp,SYSCO,871829107,,IN_MEMBERSHIP
SYY,2022-12-31,Sysco Corp,SYSCO,871829107,,IN_MEMBERSHIP
SYY,2023-03-31,Sysco Corp,SYSCO,871829107,,IN_MEMBERSHIP
SYY,2023-06-30,Sysco Corp,SYSCO,871829107,,IN_MEMBERSHIP
SYY,2023-09-30,Sysco Corp,SYSCO,871829107,,IN_MEMBERSHIP
SYY,2023-12-31,Sysco Corp,SYSCO,871829107,,IN_MEMBERSHIP
SYY,2024-03-31,Sysco Corp,SYSCO,871829107,,IN_MEMBERSHIP
SYY,2024-06-30,Sysco Corp,SYSCO,871829107,,IN_MEMBERSHIP
SYY,2024-09-30,Sysco Corp,SYSCO,871829107,,IN_MEMBERSHIP
SYY,2024-12-31,Sysco Corp,SYSCO,871829107,,IN_MEMBERSHIP
SYY,2025-03-31,Sysco Corp,SYSCO,871829107,,IN_MEMBERSHIP
SYY,2025-06-30,Sysco Corp,SYSCO,871829107,,IN_MEMBERSHIP
SYY,2025-09-30,Sysco Corp,SYSCO,871829107,,IN_MEMBERSHIP
SYY,2025-12-31,Sysco Corp,SYSCO,871829107,,IN_MEMBERSHIP
T,2020-12-31,AT&T Inc,AT AND T,00206R102,,PRE_WINDOW_SUPPORT
T,2021-03-31,AT&T Inc,AT AND T,00206R102,,IN_MEMBERSHIP
T,2021-06-30,AT&T Inc,AT AND T,00206R102,,IN_MEMBERSHIP
T,2021-09-30,AT&T Inc,AT AND T,00206R102,,IN_MEMBERSHIP
T,2021-12-31,AT&T Inc,AT AND T,00206R102,,IN_MEMBERSHIP
T,2022-03-31,AT&T Inc,AT AND T,00206R102,,IN_MEMBERSHIP
T,2022-06-30,AT&T Inc,AT AND T,00206R102,,IN_MEMBERSHIP
T,2022-09-30,AT&T Inc,AT AND T,00206R102,,IN_MEMBERSHIP
T,2022-12-31,AT&T Inc,AT AND T,00206R102,,IN_MEMBERSHIP
T,2023-03-31,AT&T Inc,AT AND T,00206R102,,IN_MEMBERSHIP
T,2023-06-30,AT&T Inc,AT AND T,00206R102,,IN_MEMBERSHIP
T,2023-09-30,AT&T Inc,AT AND T,00206R102,,IN_MEMBERSHIP
T,2023-12-31,AT&T Inc,AT AND T,00206R102,,IN_MEMBERSHIP
T,2024-03-31,AT&T Inc,AT AND T,00206R102,,IN_MEMBERSHIP
T,2024-06-30,AT&T Inc,AT AND T,00206R102,,IN_MEMBERSHIP
T,2024-09-30,AT&T Inc,AT AND T,00206R102,,IN_MEMBERSHIP
T,2024-12-31,AT&T Inc,AT AND T,00206R102,,IN_MEMBERSHIP
T,2025-03-31,AT&T Inc,AT AND T,00206R102,,IN_MEMBERSHIP
T,2025-06-30,AT&T Inc,AT AND T,00206R102,,IN_MEMBERSHIP
T,2025-09-30,AT&T Inc,AT AND T,00206R102,,IN_MEMBERSHIP
T,2025-12-31,AT&T Inc,AT AND T,00206R102,,IN_MEMBERSHIP
TAP,2020-12-31,Molson Coors Beverage Co,MOLSON COORS BEVERAGE,60871R209,,PRE_WINDOW_SUPPORT
TAP,2021-03-31,Molson Coors Beverage Co,MOLSON COORS BEVERAGE,60871R209,,IN_MEMBERSHIP
TAP,2021-06-30,Molson Coors Beverage Co,MOLSON COORS BEVERAGE,60871R209,,IN_MEMBERSHIP
TAP,2021-09-30,Molson Coors Beverage Co,MOLSON COORS BEVERAGE,60871R209,,IN_MEMBERSHIP
TAP,2021-12-31,Molson Coors Beverage Co,MOLSON COORS BEVERAGE,60871R209,,IN_MEMBERSHIP
TAP,2022-03-31,Molson Coors Beverage Co,MOLSON COORS BEVERAGE,60871R209,,IN_MEMBERSHIP
TAP,2022-06-30,Molson Coors Beverage Co,MOLSON COORS BEVERAGE,60871R209,,IN_MEMBERSHIP
TAP,2022-09-30,Molson Coors Beverage Co,MOLSON COORS BEVERAGE,60871R209,,IN_MEMBERSHIP
TAP,2022-12-31,Molson Coors Beverage Co,MOLSON COORS BEVERAGE,60871R209,,IN_MEMBERSHIP
TAP,2023-03-31,Molson Coors Beverage Co,MOLSON COORS BEVERAGE,60871R209,,IN_MEMBERSHIP
TAP,2023-06-30,Molson Coors Beverage Co,MOLSON COORS BEVERAGE,60871R209,,IN_MEMBERSHIP
TAP,2023-09-30,Molson Coors Beverage Co,MOLSON COORS BEVERAGE,60871R209,,IN_MEMBERSHIP
TAP,2023-12-31,Molson Coors Beverage Co,MOLSON COORS BEVERAGE,60871R209,,IN_MEMBERSHIP
TAP,2024-03-31,Molson Coors Beverage Co,MOLSON COORS BEVERAGE,60871R209,,IN_MEMBERSHIP
TAP,2024-06-30,Molson Coors Beverage Co,MOLSON COORS BEVERAGE,60871R209,,IN_MEMBERSHIP
TAP,2024-09-30,Molson Coors Beverage Co,MOLSON COORS BEVERAGE,60871R209,,IN_MEMBERSHIP
TAP,2024-12-31,Molson Coors Beverage Co,MOLSON COORS BEVERAGE,60871R209,,IN_MEMBERSHIP
TAP,2025-03-31,Molson Coors Beverage Co,MOLSON COORS BEVERAGE,60871R209,,IN_MEMBERSHIP
TAP,2025-06-30,Molson Coors Beverage Co,MOLSON COORS BEVERAGE,60871R209,,IN_MEMBERSHIP
TAP,2025-09-30,Molson Coors Beverage Co,MOLSON COORS BEVERAGE,60871R209,,IN_MEMBERSHIP
TAP,2025-12-31,Molson Coors Beverage Co,MOLSON COORS BEVERAGE,60871R209,,IN_MEMBERSHIP
TDG,2020-12-31,TransDigm Group Inc,TRANSDIGM GROUP,893641100,,PRE_WINDOW_SUPPORT
TDG,2021-03-31,TransDigm Group Inc,TRANSDIGM GROUP,893641100,,IN_MEMBERSHIP
TDG,2021-06-30,TransDigm Group Inc,TRANSDIGM GROUP,893641100,,IN_MEMBERSHIP
TDG,2021-09-30,TransDigm Group Inc,TRANSDIGM GROUP,893641100,,IN_MEMBERSHIP
TDG,2021-12-31,TransDigm Group Inc,TRANSDIGM GROUP,893641100,,IN_MEMBERSHIP
TDG,2022-03-31,TransDigm Group Inc,TRANSDIGM GROUP,893641100,,IN_MEMBERSHIP
TDG,2022-06-30,TransDigm Group Inc,TRANSDIGM GROUP,893641100,,IN_MEMBERSHIP
TDG,2022-09-30,TransDigm Group Inc,TRANSDIGM GROUP,893641100,,IN_MEMBERSHIP
TDG,2022-12-31,TransDigm Group Inc,TRANSDIGM GROUP,893641100,,IN_MEMBERSHIP
TDG,2023-03-31,TransDigm Group Inc,TRANSDIGM GROUP,893641100,,IN_MEMBERSHIP
TDG,2023-06-30,TransDigm Group Inc,TRANSDIGM GROUP,893641100,,IN_MEMBERSHIP
TDG,2023-09-30,TransDigm Group Inc,TRANSDIGM GROUP,893641100,,IN_MEMBERSHIP
TDG,2023-12-31,TransDigm Group Inc,TRANSDIGM GROUP,893641100,,IN_MEMBERSHIP
TDG,2024-03-31,TransDigm Group Inc,TRANSDIGM GROUP,893641100,,IN_MEMBERSHIP
TDG,2024-06-30,TransDigm Group Inc,TRANSDIGM GROUP,893641100,,IN_MEMBERSHIP
TDG,2024-09-30,TransDigm Group Inc,TRANSDIGM GROUP,893641100,,IN_MEMBERSHIP
TDG,2024-12-31,TransDigm Group Inc,TRANSDIGM GROUP,893641100,,IN_MEMBERSHIP
TDG,2025-03-31,TransDigm Group Inc,TRANSDIGM GROUP,893641100,,IN_MEMBERSHIP
TDG,2025-06-30,TransDigm Group Inc,TRANSDIGM GROUP,893641100,,IN_MEMBERSHIP
TDG,2025-09-30,TransDigm Group Inc,TRANSDIGM GROUP,893641100,,IN_MEMBERSHIP
TDG,2025-12-31,TransDigm Group Inc,TRANSDIGM GROUP,893641100,,IN_MEMBERSHIP
TDY,2020-12-31,Teledyne Technologies Inc,TELEDYNE TECHNOLOGIES,879360105,,PRE_WINDOW_SUPPORT
TDY,2021-03-31,Teledyne Technologies Inc,TELEDYNE TECHNOLOGIES,879360105,,IN_MEMBERSHIP
TDY,2021-06-30,Teledyne Technologies Inc,TELEDYNE TECHNOLOGIES,879360105,,IN_MEMBERSHIP
TDY,2021-09-30,Teledyne Technologies Inc,TELEDYNE TECHNOLOGIES,879360105,,IN_MEMBERSHIP
TDY,2021-12-31,Teledyne Technologies Inc,TELEDYNE TECHNOLOGIES,879360105,,IN_MEMBERSHIP
TDY,2022-03-31,Teledyne Technologies Inc,TELEDYNE TECHNOLOGIES,879360105,,IN_MEMBERSHIP
TDY,2022-06-30,Teledyne Technologies Inc,TELEDYNE TECHNOLOGIES,879360105,,IN_MEMBERSHIP
TDY,2022-09-30,Teledyne Technologies Inc,TELEDYNE TECHNOLOGIES,879360105,,IN_MEMBERSHIP
TDY,2022-12-31,Teledyne Technologies Inc,TELEDYNE TECHNOLOGIES,879360105,,IN_MEMBERSHIP
TDY,2023-03-31,Teledyne Technologies Inc,TELEDYNE TECHNOLOGIES,879360105,,IN_MEMBERSHIP
TDY,2023-06-30,Teledyne Technologies Inc,TELEDYNE TECHNOLOGIES,879360105,,IN_MEMBERSHIP
TDY,2023-09-30,Teledyne Technologies Inc,TELEDYNE TECHNOLOGIES,879360105,,IN_MEMBERSHIP
TDY,2023-12-31,Teledyne Technologies Inc,TELEDYNE TECHNOLOGIES,879360105,,IN_MEMBERSHIP
TDY,2024-03-31,Teledyne Technologies Inc,TELEDYNE TECHNOLOGIES,879360105,,IN_MEMBERSHIP
TDY,2024-06-30,Teledyne Technologies Inc,TELEDYNE TECHNOLOGIES,879360105,,IN_MEMBERSHIP
TDY,2024-09-30,Teledyne Technologies Inc,TELEDYNE TECHNOLOGIES,879360105,,IN_MEMBERSHIP
TDY,2024-12-31,Teledyne Technologies Inc,TELEDYNE TECHNOLOGIES,879360105,,IN_MEMBERSHIP
TDY,2025-03-31,Teledyne Technologies Inc,TELEDYNE TECHNOLOGIES,879360105,,IN_MEMBERSHIP
TDY,2025-06-30,Teledyne Technologies Inc,TELEDYNE TECHNOLOGIES,879360105,,IN_MEMBERSHIP
TDY,2025-09-30,Teledyne Technologies Inc,TELEDYNE TECHNOLOGIES,879360105,,IN_MEMBERSHIP
TDY,2025-12-31,Teledyne Technologies Inc,TELEDYNE TECHNOLOGIES,879360105,,IN_MEMBERSHIP
TECH,2021-09-30,Bio-Techne Corp,BIO TECHNE,09073M104,,IN_MEMBERSHIP
TECH,2021-12-31,Bio-Techne Corp,BIO TECHNE,09073M104,,IN_MEMBERSHIP
TECH,2022-03-31,Bio-Techne Corp,BIO TECHNE,09073M104,,IN_MEMBERSHIP
TECH,2022-06-30,Bio-Techne Corp,BIO TECHNE,09073M104,,IN_MEMBERSHIP
TECH,2022-09-30,Bio-Techne Corp,BIO TECHNE,09073M104,,IN_MEMBERSHIP
TECH,2022-12-31,Bio-Techne Corp,BIO TECHNE,09073M104,,IN_MEMBERSHIP
TECH,2023-03-31,Bio-Techne Corp,BIO TECHNE,09073M104,,IN_MEMBERSHIP
TECH,2023-06-30,Bio-Techne Corp,BIO TECHNE,09073M104,,IN_MEMBERSHIP
TECH,2023-09-30,Bio-Techne Corp,BIO TECHNE,09073M104,,IN_MEMBERSHIP
TECH,2023-12-31,Bio-Techne Corp,BIO TECHNE,09073M104,,IN_MEMBERSHIP
TECH,2024-03-31,Bio-Techne Corp,BIO TECHNE,09073M104,,IN_MEMBERSHIP
TECH,2024-06-30,Bio-Techne Corp,BIO TECHNE,09073M104,,IN_MEMBERSHIP
TECH,2024-09-30,Bio-Techne Corp,BIO TECHNE,09073M104,,IN_MEMBERSHIP
TECH,2024-12-31,Bio-Techne Corp,BIO TECHNE,09073M104,,IN_MEMBERSHIP
TECH,2025-03-31,Bio-Techne Corp,BIO TECHNE,09073M104,,IN_MEMBERSHIP
TECH,2025-06-30,Bio-Techne Corp,BIO TECHNE,09073M104,,IN_MEMBERSHIP
TECH,2025-09-30,Bio-Techne Corp,BIO TECHNE,09073M104,,IN_MEMBERSHIP
TECH,2025-12-31,Bio-Techne Corp,BIO TECHNE,09073M104,,IN_MEMBERSHIP
TEL,2020-12-31,TE Connectivity Ltd,TE CONNECTIVITY,CH0102993182,,PRE_WINDOW_SUPPORT
TEL,2021-03-31,TE Connectivity Ltd,TE CONNECTIVITY,CH0102993182,,IN_MEMBERSHIP
TEL,2021-06-30,TE Connectivity Ltd,TE CONNECTIVITY,CH0102993182,,IN_MEMBERSHIP
TEL,2021-09-30,TE Connectivity Ltd,TE CONNECTIVITY,CH0102993182,,IN_MEMBERSHIP
TEL,2021-12-31,TE Connectivity Ltd,TE CONNECTIVITY,CH0102993182,,IN_MEMBERSHIP
TEL,2022-03-31,TE Connectivity Ltd,TE CONNECTIVITY,CH0102993182,,IN_MEMBERSHIP
TEL,2022-06-30,TE Connectivity Ltd,TE CONNECTIVITY,CH0102993182,,IN_MEMBERSHIP
TEL,2022-09-30,TE Connectivity Ltd,TE CONNECTIVITY,CH0102993182,,IN_MEMBERSHIP
TEL,2022-12-31,TE Connectivity Ltd,TE CONNECTIVITY,CH0102993182,,IN_MEMBERSHIP
TEL,2023-03-31,TE Connectivity Ltd,TE CONNECTIVITY,CH0102993182,,IN_MEMBERSHIP
TEL,2023-06-30,TE Connectivity Ltd,TE CONNECTIVITY,CH0102993182,,IN_MEMBERSHIP
TEL,2023-09-30,TE Connectivity Ltd,TE CONNECTIVITY,CH0102993182,,IN_MEMBERSHIP
TEL,2023-12-31,TE Connectivity Ltd,TE CONNECTIVITY,CH0102993182,,IN_MEMBERSHIP
TEL,2024-03-31,TE Connectivity Ltd,TE CONNECTIVITY,CH0102993182,,IN_MEMBERSHIP
TEL,2024-06-30,TE Connectivity Ltd,TE CONNECTIVITY,CH0102993182,,IN_MEMBERSHIP
TEL,2024-09-30,TE Connectivity PLC,TE CONNECTIVITY,IE000IVNQZ81,,IN_MEMBERSHIP
TEL,2024-12-31,TE Connectivity PLC,TE CONNECTIVITY,IE000IVNQZ81,,IN_MEMBERSHIP
TEL,2025-03-31,TE Connectivity PLC,TE CONNECTIVITY,IE000IVNQZ81,,IN_MEMBERSHIP
TEL,2025-06-30,TE Connectivity PLC,TE CONNECTIVITY,IE000IVNQZ81,,IN_MEMBERSHIP
TEL,2025-09-30,TE Connectivity PLC,TE CONNECTIVITY,IE000IVNQZ81,,IN_MEMBERSHIP
TEL,2025-12-31,TE Connectivity PLC,TE CONNECTIVITY,IE000IVNQZ81,,IN_MEMBERSHIP
TER,2020-12-31,Teradyne Inc,TERADYNE,880770102,,PRE_WINDOW_SUPPORT
TER,2021-03-31,Teradyne Inc,TERADYNE,880770102,,IN_MEMBERSHIP
TER,2021-06-30,Teradyne Inc,TERADYNE,880770102,,IN_MEMBERSHIP
TER,2021-09-30,Teradyne Inc,TERADYNE,880770102,,IN_MEMBERSHIP
TER,2021-12-31,Teradyne Inc,TERADYNE,880770102,,IN_MEMBERSHIP
TER,2022-03-31,Teradyne Inc,TERADYNE,880770102,,IN_MEMBERSHIP
TER,2022-06-30,Teradyne Inc,TERADYNE,880770102,,IN_MEMBERSHIP
TER,2022-09-30,Teradyne Inc,TERADYNE,880770102,,IN_MEMBERSHIP
TER,2022-12-31,Teradyne Inc,TERADYNE,880770102,,IN_MEMBERSHIP
TER,2023-03-31,Teradyne Inc,TERADYNE,880770102,,IN_MEMBERSHIP
TER,2023-06-30,Teradyne Inc,TERADYNE,880770102,,IN_MEMBERSHIP
TER,2023-09-30,Teradyne Inc,TERADYNE,880770102,,IN_MEMBERSHIP
TER,2023-12-31,Teradyne Inc,TERADYNE,880770102,,IN_MEMBERSHIP
TER,2024-03-31,Teradyne Inc,TERADYNE,880770102,,IN_MEMBERSHIP
TER,2024-06-30,Teradyne Inc,TERADYNE,880770102,,IN_MEMBERSHIP
TER,2024-09-30,Teradyne Inc,TERADYNE,880770102,,IN_MEMBERSHIP
TER,2024-12-31,Teradyne Inc,TERADYNE,880770102,,IN_MEMBERSHIP
TER,2025-03-31,Teradyne Inc,TERADYNE,880770102,,IN_MEMBERSHIP
TER,2025-06-30,Teradyne Inc,TERADYNE,880770102,,IN_MEMBERSHIP
TER,2025-09-30,Teradyne Inc,TERADYNE,880770102,,IN_MEMBERSHIP
TER,2025-12-31,Teradyne Inc,TERADYNE,880770102,,IN_MEMBERSHIP
TFC,2020-12-31,Truist Financial Corp,TRUIST FINANCIAL,89832Q109,,PRE_WINDOW_SUPPORT
TFC,2021-03-31,Truist Financial Corp,TRUIST FINANCIAL,89832Q109,,IN_MEMBERSHIP
TFC,2021-06-30,Truist Financial Corp,TRUIST FINANCIAL,89832Q109,,IN_MEMBERSHIP
TFC,2021-09-30,Truist Financial Corp,TRUIST FINANCIAL,89832Q109,,IN_MEMBERSHIP
TFC,2021-12-31,Truist Financial Corp,TRUIST FINANCIAL,89832Q109,,IN_MEMBERSHIP
TFC,2022-03-31,Truist Financial Corp,TRUIST FINANCIAL,89832Q109,,IN_MEMBERSHIP
TFC,2022-06-30,Truist Financial Corp,TRUIST FINANCIAL,89832Q109,,IN_MEMBERSHIP
TFC,2022-09-30,Truist Financial Corp,TRUIST FINANCIAL,89832Q109,,IN_MEMBERSHIP
TFC,2022-12-31,Truist Financial Corp,TRUIST FINANCIAL,89832Q109,,IN_MEMBERSHIP
TFC,2023-03-31,Truist Financial Corp,TRUIST FINANCIAL,89832Q109,,IN_MEMBERSHIP
TFC,2023-06-30,Truist Financial Corp,TRUIST FINANCIAL,89832Q109,,IN_MEMBERSHIP
TFC,2023-09-30,Truist Financial Corp,TRUIST FINANCIAL,89832Q109,,IN_MEMBERSHIP
TFC,2023-12-31,Truist Financial Corp,TRUIST FINANCIAL,89832Q109,,IN_MEMBERSHIP
TFC,2024-03-31,Truist Financial Corp,TRUIST FINANCIAL,89832Q109,,IN_MEMBERSHIP
TFC,2024-06-30,Truist Financial Corp,TRUIST FINANCIAL,89832Q109,,IN_MEMBERSHIP
TFC,2024-09-30,Truist Financial Corp,TRUIST FINANCIAL,89832Q109,,IN_MEMBERSHIP
TFC,2024-12-31,Truist Financial Corp,TRUIST FINANCIAL,89832Q109,,IN_MEMBERSHIP
TFC,2025-03-31,Truist Financial Corp,TRUIST FINANCIAL,89832Q109,,IN_MEMBERSHIP
TFC,2025-06-30,Truist Financial Corp,TRUIST FINANCIAL,89832Q109,,IN_MEMBERSHIP
TFC,2025-09-30,Truist Financial Corp,TRUIST FINANCIAL,89832Q109,,IN_MEMBERSHIP
TFC,2025-12-31,Truist Financial Corp,TRUIST FINANCIAL,89832Q109,,IN_MEMBERSHIP
TGT,2020-12-31,Target Corp,TARGET,87612E106,,PRE_WINDOW_SUPPORT
TGT,2021-03-31,Target Corp,TARGET,87612E106,,IN_MEMBERSHIP
TGT,2021-06-30,Target Corp,TARGET,87612E106,,IN_MEMBERSHIP
TGT,2021-09-30,Target Corp,TARGET,87612E106,,IN_MEMBERSHIP
TGT,2021-12-31,Target Corp,TARGET,87612E106,,IN_MEMBERSHIP
TGT,2022-03-31,Target Corp,TARGET,87612E106,,IN_MEMBERSHIP
TGT,2022-06-30,Target Corp,TARGET,87612E106,,IN_MEMBERSHIP
TGT,2022-09-30,Target Corp,TARGET,87612E106,,IN_MEMBERSHIP
TGT,2022-12-31,Target Corp,TARGET,87612E106,,IN_MEMBERSHIP
TGT,2023-03-31,Target Corp,TARGET,87612E106,,IN_MEMBERSHIP
TGT,2023-06-30,Target Corp,TARGET,87612E106,,IN_MEMBERSHIP
TGT,2023-09-30,Target Corp,TARGET,87612E106,,IN_MEMBERSHIP
TGT,2023-12-31,Target Corp,TARGET,87612E106,,IN_MEMBERSHIP
TGT,2024-03-31,Target Corp,TARGET,87612E106,,IN_MEMBERSHIP
TGT,2024-06-30,Target Corp,TARGET,87612E106,,IN_MEMBERSHIP
TGT,2024-09-30,Target Corp,TARGET,87612E106,,IN_MEMBERSHIP
TGT,2024-12-31,Target Corp,TARGET,87612E106,,IN_MEMBERSHIP
TGT,2025-03-31,Target Corp,TARGET,87612E106,,IN_MEMBERSHIP
TGT,2025-06-30,Target Corp,TARGET,87612E106,,IN_MEMBERSHIP
TGT,2025-09-30,Target Corp,TARGET,87612E106,,IN_MEMBERSHIP
TGT,2025-12-31,Target Corp,TARGET,87612E106,,IN_MEMBERSHIP
TJX,2020-12-31,TJX Cos Inc/The,TJX COS,872540109,,PRE_WINDOW_SUPPORT
TJX,2021-03-31,TJX Cos Inc/The,TJX COS,872540109,,IN_MEMBERSHIP
TJX,2021-06-30,TJX Cos Inc/The,TJX COS,872540109,,IN_MEMBERSHIP
TJX,2021-09-30,TJX Cos Inc/The,TJX COS,872540109,,IN_MEMBERSHIP
TJX,2021-12-31,TJX Cos Inc/The,TJX COS,872540109,,IN_MEMBERSHIP
TJX,2022-03-31,TJX Cos Inc/The,TJX COS,872540109,,IN_MEMBERSHIP
TJX,2022-06-30,TJX Cos Inc/The,TJX COS,872540109,,IN_MEMBERSHIP
TJX,2022-09-30,TJX Cos Inc/The,TJX COS,872540109,,IN_MEMBERSHIP
TJX,2022-12-31,TJX Cos Inc/The,TJX COS,872540109,,IN_MEMBERSHIP
TJX,2023-03-31,TJX Cos Inc/The,TJX COS,872540109,,IN_MEMBERSHIP
TJX,2023-06-30,TJX Cos Inc/The,TJX COS,872540109,,IN_MEMBERSHIP
TJX,2023-09-30,TJX Cos Inc/The,TJX COS,872540109,,IN_MEMBERSHIP
TJX,2023-12-31,TJX Cos Inc/The,TJX COS,872540109,,IN_MEMBERSHIP
TJX,2024-03-31,TJX Cos Inc/The,TJX COS,872540109,,IN_MEMBERSHIP
TJX,2024-06-30,TJX Cos Inc/The,TJX COS,872540109,,IN_MEMBERSHIP
TJX,2024-09-30,TJX Cos Inc/The,TJX COS,872540109,,IN_MEMBERSHIP
TJX,2024-12-31,TJX Cos Inc/The,TJX COS,872540109,,IN_MEMBERSHIP
TJX,2025-03-31,TJX Cos Inc/The,TJX COS,872540109,,IN_MEMBERSHIP
TJX,2025-06-30,TJX Cos Inc/The,TJX COS,872540109,,IN_MEMBERSHIP
TJX,2025-09-30,TJX Cos Inc/The,TJX COS,872540109,,IN_MEMBERSHIP
TJX,2025-12-31,TJX Cos Inc/The,TJX COS,872540109,,IN_MEMBERSHIP
TKO,2025-03-31,TKO Group Holdings Inc,TKO GROUP,87256C101,,IN_MEMBERSHIP
TKO,2025-06-30,TKO Group Holdings Inc,TKO GROUP,87256C101,,IN_MEMBERSHIP
TKO,2025-09-30,TKO Group Holdings Inc,TKO GROUP,87256C101,,IN_MEMBERSHIP
TKO,2025-12-31,TKO Group Holdings Inc,TKO GROUP,87256C101,,IN_MEMBERSHIP
TMO,2020-12-31,Thermo Fisher Scientific Inc,THERMO FISHER SCIENTIFIC,883556102,,PRE_WINDOW_SUPPORT
TMO,2021-03-31,Thermo Fisher Scientific Inc,THERMO FISHER SCIENTIFIC,883556102,,IN_MEMBERSHIP
TMO,2021-06-30,Thermo Fisher Scientific Inc,THERMO FISHER SCIENTIFIC,883556102,,IN_MEMBERSHIP
TMO,2021-09-30,Thermo Fisher Scientific Inc,THERMO FISHER SCIENTIFIC,883556102,,IN_MEMBERSHIP
TMO,2021-12-31,Thermo Fisher Scientific Inc,THERMO FISHER SCIENTIFIC,883556102,,IN_MEMBERSHIP
TMO,2022-03-31,Thermo Fisher Scientific Inc,THERMO FISHER SCIENTIFIC,883556102,,IN_MEMBERSHIP
TMO,2022-06-30,Thermo Fisher Scientific Inc,THERMO FISHER SCIENTIFIC,883556102,,IN_MEMBERSHIP
TMO,2022-09-30,Thermo Fisher Scientific Inc,THERMO FISHER SCIENTIFIC,883556102,,IN_MEMBERSHIP
TMO,2022-12-31,Thermo Fisher Scientific Inc,THERMO FISHER SCIENTIFIC,883556102,,IN_MEMBERSHIP
TMO,2023-03-31,Thermo Fisher Scientific Inc,THERMO FISHER SCIENTIFIC,883556102,,IN_MEMBERSHIP
TMO,2023-06-30,Thermo Fisher Scientific Inc,THERMO FISHER SCIENTIFIC,883556102,,IN_MEMBERSHIP
TMO,2023-09-30,Thermo Fisher Scientific Inc,THERMO FISHER SCIENTIFIC,883556102,,IN_MEMBERSHIP
TMO,2023-12-31,Thermo Fisher Scientific Inc,THERMO FISHER SCIENTIFIC,883556102,,IN_MEMBERSHIP
TMO,2024-03-31,Thermo Fisher Scientific Inc,THERMO FISHER SCIENTIFIC,883556102,,IN_MEMBERSHIP
TMO,2024-06-30,Thermo Fisher Scientific Inc,THERMO FISHER SCIENTIFIC,883556102,,IN_MEMBERSHIP
TMO,2024-09-30,Thermo Fisher Scientific Inc,THERMO FISHER SCIENTIFIC,883556102,,IN_MEMBERSHIP
TMO,2024-12-31,Thermo Fisher Scientific Inc,THERMO FISHER SCIENTIFIC,883556102,,IN_MEMBERSHIP
TMO,2025-03-31,Thermo Fisher Scientific Inc,THERMO FISHER SCIENTIFIC,883556102,,IN_MEMBERSHIP
TMO,2025-06-30,Thermo Fisher Scientific Inc,THERMO FISHER SCIENTIFIC,883556102,,IN_MEMBERSHIP
TMO,2025-09-30,Thermo Fisher Scientific Inc,THERMO FISHER SCIENTIFIC,883556102,,IN_MEMBERSHIP
TMO,2025-12-31,Thermo Fisher Scientific Inc,THERMO FISHER SCIENTIFIC,883556102,,IN_MEMBERSHIP
TMUS,2020-12-31,T-Mobile US Inc,T MOBILE US,872590104,,PRE_WINDOW_SUPPORT
TMUS,2021-03-31,T-Mobile US Inc,T MOBILE US,872590104,,IN_MEMBERSHIP
TMUS,2021-06-30,T-Mobile US Inc,T MOBILE US,872590104,,IN_MEMBERSHIP
TMUS,2021-09-30,T-Mobile US Inc,T MOBILE US,872590104,,IN_MEMBERSHIP
TMUS,2021-12-31,T-Mobile US Inc,T MOBILE US,872590104,,IN_MEMBERSHIP
TMUS,2022-03-31,T-Mobile US Inc,T MOBILE US,872590104,,IN_MEMBERSHIP
TMUS,2022-06-30,T-Mobile US Inc,T MOBILE US,872590104,,IN_MEMBERSHIP
TMUS,2022-09-30,T-Mobile US Inc,T MOBILE US,872590104,,IN_MEMBERSHIP
TMUS,2022-12-31,T-Mobile US Inc,T MOBILE US,872590104,,IN_MEMBERSHIP
TMUS,2023-03-31,T-Mobile US Inc,T MOBILE US,872590104,,IN_MEMBERSHIP
TMUS,2023-06-30,T-Mobile US Inc,T MOBILE US,872590104,,IN_MEMBERSHIP
TMUS,2023-09-30,T-Mobile US Inc,T MOBILE US,872590104,,IN_MEMBERSHIP
TMUS,2023-12-31,T-Mobile US Inc,T MOBILE US,872590104,,IN_MEMBERSHIP
TMUS,2024-03-31,T-Mobile US Inc,T MOBILE US,872590104,,IN_MEMBERSHIP
TMUS,2024-06-30,T-Mobile US Inc,T MOBILE US,872590104,,IN_MEMBERSHIP
TMUS,2024-09-30,T-Mobile US Inc,T MOBILE US,872590104,,IN_MEMBERSHIP
TMUS,2024-12-31,T-Mobile US Inc,T MOBILE US,872590104,,IN_MEMBERSHIP
TMUS,2025-03-31,T-Mobile US Inc,T MOBILE US,872590104,,IN_MEMBERSHIP
TMUS,2025-06-30,T-Mobile US Inc,T MOBILE US,872590104,,IN_MEMBERSHIP
TMUS,2025-09-30,T-Mobile US Inc,T MOBILE US,872590104,,IN_MEMBERSHIP
TMUS,2025-12-31,T-Mobile US Inc,T MOBILE US,872590104,,IN_MEMBERSHIP
TPL,2024-12-31,Texas Pacific Land Corp,TEXAS PACIFIC LAND,88262P102,,IN_MEMBERSHIP
TPL,2025-03-31,Texas Pacific Land Corp,TEXAS PACIFIC LAND,88262P102,,IN_MEMBERSHIP
TPL,2025-06-30,Texas Pacific Land Corp,TEXAS PACIFIC LAND,88262P102,,IN_MEMBERSHIP
TPL,2025-09-30,Texas Pacific Land Corp,TEXAS PACIFIC LAND,88262P102,,IN_MEMBERSHIP
TPL,2025-12-31,Texas Pacific Land Corp,TEXAS PACIFIC LAND,88262P102,,IN_MEMBERSHIP
TPR,2020-12-31,Tapestry Inc,TAPESTRY,876030107,,PRE_WINDOW_SUPPORT
TPR,2021-03-31,Tapestry Inc,TAPESTRY,876030107,,IN_MEMBERSHIP
TPR,2021-06-30,Tapestry Inc,TAPESTRY,876030107,,IN_MEMBERSHIP
TPR,2021-09-30,Tapestry Inc,TAPESTRY,876030107,,IN_MEMBERSHIP
TPR,2021-12-31,Tapestry Inc,TAPESTRY,876030107,,IN_MEMBERSHIP
TPR,2022-03-31,Tapestry Inc,TAPESTRY,876030107,,IN_MEMBERSHIP
TPR,2022-06-30,Tapestry Inc,TAPESTRY,876030107,,IN_MEMBERSHIP
TPR,2022-09-30,Tapestry Inc,TAPESTRY,876030107,,IN_MEMBERSHIP
TPR,2022-12-31,Tapestry Inc,TAPESTRY,876030107,,IN_MEMBERSHIP
TPR,2023-03-31,Tapestry Inc,TAPESTRY,876030107,,IN_MEMBERSHIP
TPR,2023-06-30,Tapestry Inc,TAPESTRY,876030107,,IN_MEMBERSHIP
TPR,2023-09-30,Tapestry Inc,TAPESTRY,876030107,,IN_MEMBERSHIP
TPR,2023-12-31,Tapestry Inc,TAPESTRY,876030107,,IN_MEMBERSHIP
TPR,2024-03-31,Tapestry Inc,TAPESTRY,876030107,,IN_MEMBERSHIP
TPR,2024-06-30,Tapestry Inc,TAPESTRY,876030107,,IN_MEMBERSHIP
TPR,2024-09-30,Tapestry Inc,TAPESTRY,876030107,,IN_MEMBERSHIP
TPR,2024-12-31,Tapestry Inc,TAPESTRY,876030107,,IN_MEMBERSHIP
TPR,2025-03-31,Tapestry Inc,TAPESTRY,876030107,,IN_MEMBERSHIP
TPR,2025-06-30,Tapestry Inc,TAPESTRY,876030107,,IN_MEMBERSHIP
TPR,2025-09-30,Tapestry Inc,TAPESTRY,876030107,,IN_MEMBERSHIP
TPR,2025-12-31,Tapestry Inc,TAPESTRY,876030107,,IN_MEMBERSHIP
TRGP,2022-12-31,Targa Resources Corp,TARGA RESOURCES,87612G101,,IN_MEMBERSHIP
TRGP,2023-03-31,Targa Resources Corp,TARGA RESOURCES,87612G101,,IN_MEMBERSHIP
TRGP,2023-06-30,Targa Resources Corp,TARGA RESOURCES,87612G101,,IN_MEMBERSHIP
TRGP,2023-09-30,Targa Resources Corp,TARGA RESOURCES,87612G101,,IN_MEMBERSHIP
TRGP,2023-12-31,Targa Resources Corp,TARGA RESOURCES,87612G101,,IN_MEMBERSHIP
TRGP,2024-03-31,Targa Resources Corp,TARGA RESOURCES,87612G101,,IN_MEMBERSHIP
TRGP,2024-06-30,Targa Resources Corp,TARGA RESOURCES,87612G101,,IN_MEMBERSHIP
TRGP,2024-09-30,Targa Resources Corp,TARGA RESOURCES,87612G101,,IN_MEMBERSHIP
TRGP,2024-12-31,Targa Resources Corp,TARGA RESOURCES,87612G101,,IN_MEMBERSHIP
TRGP,2025-03-31,Targa Resources Corp,TARGA RESOURCES,87612G101,,IN_MEMBERSHIP
TRGP,2025-06-30,Targa Resources Corp,TARGA RESOURCES,87612G101,,IN_MEMBERSHIP
TRGP,2025-09-30,Targa Resources Corp,TARGA RESOURCES,87612G101,,IN_MEMBERSHIP
TRGP,2025-12-31,Targa Resources Corp,TARGA RESOURCES,87612G101,,IN_MEMBERSHIP
TRMB,2021-03-31,Trimble Inc,TRIMBLE,896239100,,IN_MEMBERSHIP
TRMB,2021-06-30,Trimble Inc,TRIMBLE,896239100,,IN_MEMBERSHIP
TRMB,2021-09-30,Trimble Inc,TRIMBLE,896239100,,IN_MEMBERSHIP
TRMB,2021-12-31,Trimble Inc,TRIMBLE,896239100,,IN_MEMBERSHIP
TRMB,2022-03-31,Trimble Inc,TRIMBLE,896239100,,IN_MEMBERSHIP
TRMB,2022-06-30,Trimble Inc,TRIMBLE,896239100,,IN_MEMBERSHIP
TRMB,2022-09-30,Trimble Inc,TRIMBLE,896239100,,IN_MEMBERSHIP
TRMB,2022-12-31,Trimble Inc,TRIMBLE,896239100,,IN_MEMBERSHIP
TRMB,2023-03-31,Trimble Inc,TRIMBLE,896239100,,IN_MEMBERSHIP
TRMB,2023-06-30,Trimble Inc,TRIMBLE,896239100,,IN_MEMBERSHIP
TRMB,2023-09-30,Trimble Inc,TRIMBLE,896239100,,IN_MEMBERSHIP
TRMB,2023-12-31,Trimble Inc,TRIMBLE,896239100,,IN_MEMBERSHIP
TRMB,2024-03-31,Trimble Inc,TRIMBLE,896239100,,IN_MEMBERSHIP
TRMB,2024-06-30,Trimble Inc,TRIMBLE,896239100,,IN_MEMBERSHIP
TRMB,2024-09-30,Trimble Inc,TRIMBLE,896239100,,IN_MEMBERSHIP
TRMB,2024-12-31,Trimble Inc,TRIMBLE,896239100,,IN_MEMBERSHIP
TRMB,2025-03-31,Trimble Inc,TRIMBLE,896239100,,IN_MEMBERSHIP
TRMB,2025-06-30,Trimble Inc,TRIMBLE,896239100,,IN_MEMBERSHIP
TRMB,2025-09-30,Trimble Inc,TRIMBLE,896239100,,IN_MEMBERSHIP
TRMB,2025-12-31,Trimble Inc,TRIMBLE,896239100,,IN_MEMBERSHIP
TROW,2020-12-31,T Rowe Price Group Inc,T ROWE PRICE GROUP,74144T108,,PRE_WINDOW_SUPPORT
TROW,2021-03-31,T Rowe Price Group Inc,T ROWE PRICE GROUP,74144T108,,IN_MEMBERSHIP
TROW,2021-06-30,T Rowe Price Group Inc,T ROWE PRICE GROUP,74144T108,,IN_MEMBERSHIP
TROW,2021-09-30,T Rowe Price Group Inc,T ROWE PRICE GROUP,74144T108,,IN_MEMBERSHIP
TROW,2021-12-31,T Rowe Price Group Inc,T ROWE PRICE GROUP,74144T108,,IN_MEMBERSHIP
TROW,2022-03-31,T Rowe Price Group Inc,T ROWE PRICE GROUP,74144T108,,IN_MEMBERSHIP
TROW,2022-06-30,T Rowe Price Group Inc,T ROWE PRICE GROUP,74144T108,,IN_MEMBERSHIP
TROW,2022-09-30,T Rowe Price Group Inc,T ROWE PRICE GROUP,74144T108,,IN_MEMBERSHIP
TROW,2022-12-31,T Rowe Price Group Inc,T ROWE PRICE GROUP,74144T108,,IN_MEMBERSHIP
TROW,2023-03-31,T Rowe Price Group Inc,T ROWE PRICE GROUP,74144T108,,IN_MEMBERSHIP
TROW,2023-06-30,T Rowe Price Group Inc,T ROWE PRICE GROUP,74144T108,,IN_MEMBERSHIP
TROW,2023-09-30,T Rowe Price Group Inc,T ROWE PRICE GROUP,74144T108,,IN_MEMBERSHIP
TROW,2023-12-31,T Rowe Price Group Inc,T ROWE PRICE GROUP,74144T108,,IN_MEMBERSHIP
TROW,2024-03-31,T Rowe Price Group Inc,T ROWE PRICE GROUP,74144T108,,IN_MEMBERSHIP
TROW,2024-06-30,T Rowe Price Group Inc,T ROWE PRICE GROUP,74144T108,,IN_MEMBERSHIP
TROW,2024-09-30,T Rowe Price Group Inc,T ROWE PRICE GROUP,74144T108,,IN_MEMBERSHIP
TROW,2024-12-31,T Rowe Price Group Inc,T ROWE PRICE GROUP,74144T108,,IN_MEMBERSHIP
TROW,2025-03-31,T Rowe Price Group Inc,T ROWE PRICE GROUP,74144T108,,IN_MEMBERSHIP
TROW,2025-06-30,T Rowe Price Group Inc,T ROWE PRICE GROUP,74144T108,,IN_MEMBERSHIP
TROW,2025-09-30,T Rowe Price Group Inc,T ROWE PRICE GROUP,74144T108,,IN_MEMBERSHIP
TROW,2025-12-31,T Rowe Price Group Inc,T ROWE PRICE GROUP,74144T108,,IN_MEMBERSHIP
TRV,2020-12-31,Travelers Cos Inc/The,TRAVELERS COS,89417E109,,PRE_WINDOW_SUPPORT
TRV,2021-03-31,Travelers Cos Inc/The,TRAVELERS COS,89417E109,,IN_MEMBERSHIP
TRV,2021-06-30,Travelers Cos Inc/The,TRAVELERS COS,89417E109,,IN_MEMBERSHIP
TRV,2021-09-30,Travelers Cos Inc/The,TRAVELERS COS,89417E109,,IN_MEMBERSHIP
TRV,2021-12-31,Travelers Cos Inc/The,TRAVELERS COS,89417E109,,IN_MEMBERSHIP
TRV,2022-03-31,Travelers Cos Inc/The,TRAVELERS COS,89417E109,,IN_MEMBERSHIP
TRV,2022-06-30,Travelers Cos Inc/The,TRAVELERS COS,89417E109,,IN_MEMBERSHIP
TRV,2022-09-30,Travelers Cos Inc/The,TRAVELERS COS,89417E109,,IN_MEMBERSHIP
TRV,2022-12-31,Travelers Cos Inc/The,TRAVELERS COS,89417E109,,IN_MEMBERSHIP
TRV,2023-03-31,Travelers Cos Inc/The,TRAVELERS COS,89417E109,,IN_MEMBERSHIP
TRV,2023-06-30,Travelers Cos Inc/The,TRAVELERS COS,89417E109,,IN_MEMBERSHIP
TRV,2023-09-30,Travelers Cos Inc/The,TRAVELERS COS,89417E109,,IN_MEMBERSHIP
TRV,2023-12-31,Travelers Cos Inc/The,TRAVELERS COS,89417E109,,IN_MEMBERSHIP
TRV,2024-03-31,Travelers Cos Inc/The,TRAVELERS COS,89417E109,,IN_MEMBERSHIP
TRV,2024-06-30,Travelers Cos Inc/The,TRAVELERS COS,89417E109,,IN_MEMBERSHIP
TRV,2024-09-30,Travelers Cos Inc/The,TRAVELERS COS,89417E109,,IN_MEMBERSHIP
TRV,2024-12-31,Travelers Cos Inc/The,TRAVELERS COS,89417E109,,IN_MEMBERSHIP
TRV,2025-03-31,Travelers Cos Inc/The,TRAVELERS COS,89417E109,,IN_MEMBERSHIP
TRV,2025-06-30,Travelers Cos Inc/The,TRAVELERS COS,89417E109,,IN_MEMBERSHIP
TRV,2025-09-30,Travelers Cos Inc/The,TRAVELERS COS,89417E109,,IN_MEMBERSHIP
TRV,2025-12-31,Travelers Cos Inc/The,TRAVELERS COS,89417E109,,IN_MEMBERSHIP
TSCO,2020-12-31,Tractor Supply Co,TRACTOR SUPPLY,892356106,,PRE_WINDOW_SUPPORT
TSCO,2021-03-31,Tractor Supply Co,TRACTOR SUPPLY,892356106,,IN_MEMBERSHIP
TSCO,2021-06-30,Tractor Supply Co,TRACTOR SUPPLY,892356106,,IN_MEMBERSHIP
TSCO,2021-09-30,Tractor Supply Co,TRACTOR SUPPLY,892356106,,IN_MEMBERSHIP
TSCO,2021-12-31,Tractor Supply Co,TRACTOR SUPPLY,892356106,,IN_MEMBERSHIP
TSCO,2022-03-31,Tractor Supply Co,TRACTOR SUPPLY,892356106,,IN_MEMBERSHIP
TSCO,2022-06-30,Tractor Supply Co,TRACTOR SUPPLY,892356106,,IN_MEMBERSHIP
TSCO,2022-09-30,Tractor Supply Co,TRACTOR SUPPLY,892356106,,IN_MEMBERSHIP
TSCO,2022-12-31,Tractor Supply Co,TRACTOR SUPPLY,892356106,,IN_MEMBERSHIP
TSCO,2023-03-31,Tractor Supply Co,TRACTOR SUPPLY,892356106,,IN_MEMBERSHIP
TSCO,2023-06-30,Tractor Supply Co,TRACTOR SUPPLY,892356106,,IN_MEMBERSHIP
TSCO,2023-09-30,Tractor Supply Co,TRACTOR SUPPLY,892356106,,IN_MEMBERSHIP
TSCO,2023-12-31,Tractor Supply Co,TRACTOR SUPPLY,892356106,,IN_MEMBERSHIP
TSCO,2024-03-31,Tractor Supply Co,TRACTOR SUPPLY,892356106,,IN_MEMBERSHIP
TSCO,2024-06-30,Tractor Supply Co,TRACTOR SUPPLY,892356106,,IN_MEMBERSHIP
TSCO,2024-09-30,Tractor Supply Co,TRACTOR SUPPLY,892356106,,IN_MEMBERSHIP
TSCO,2024-12-31,Tractor Supply Co,TRACTOR SUPPLY,892356106,,IN_MEMBERSHIP
TSCO,2025-03-31,Tractor Supply Co,TRACTOR SUPPLY,892356106,,IN_MEMBERSHIP
TSCO,2025-06-30,Tractor Supply Co,TRACTOR SUPPLY,892356106,,IN_MEMBERSHIP
TSCO,2025-09-30,Tractor Supply Co,TRACTOR SUPPLY,892356106,,IN_MEMBERSHIP
TSCO,2025-12-31,Tractor Supply Co,TRACTOR SUPPLY,892356106,,IN_MEMBERSHIP
TSLA,2020-12-31,Tesla Inc,TESLA,88160R101,,PRE_WINDOW_SUPPORT
TSLA,2021-03-31,Tesla Inc,TESLA,88160R101,,IN_MEMBERSHIP
TSLA,2021-06-30,Tesla Inc,TESLA,88160R101,,IN_MEMBERSHIP
TSLA,2021-09-30,Tesla Inc,TESLA,88160R101,,IN_MEMBERSHIP
TSLA,2021-12-31,Tesla Inc,TESLA,88160R101,,IN_MEMBERSHIP
TSLA,2022-03-31,Tesla Inc,TESLA,88160R101,,IN_MEMBERSHIP
TSLA,2022-06-30,Tesla Inc,TESLA,88160R101,,IN_MEMBERSHIP
TSLA,2022-09-30,Tesla Inc,TESLA,88160R101,,IN_MEMBERSHIP
TSLA,2022-12-31,Tesla Inc,TESLA,88160R101,,IN_MEMBERSHIP
TSLA,2023-03-31,Tesla Inc,TESLA,88160R101,,IN_MEMBERSHIP
TSLA,2023-06-30,Tesla Inc,TESLA,88160R101,,IN_MEMBERSHIP
TSLA,2023-09-30,Tesla Inc,TESLA,88160R101,,IN_MEMBERSHIP
TSLA,2023-12-31,Tesla Inc,TESLA,88160R101,,IN_MEMBERSHIP
TSLA,2024-03-31,Tesla Inc,TESLA,88160R101,,IN_MEMBERSHIP
TSLA,2024-06-30,Tesla Inc,TESLA,88160R101,,IN_MEMBERSHIP
TSLA,2024-09-30,Tesla Inc,TESLA,88160R101,,IN_MEMBERSHIP
TSLA,2024-12-31,Tesla Inc,TESLA,88160R101,,IN_MEMBERSHIP
TSLA,2025-03-31,Tesla Inc,TESLA,88160R101,,IN_MEMBERSHIP
TSLA,2025-06-30,Tesla Inc,TESLA,88160R101,,IN_MEMBERSHIP
TSLA,2025-09-30,Tesla Inc,TESLA,88160R101,,IN_MEMBERSHIP
TSLA,2025-12-31,Tesla Inc,TESLA,88160R101,,IN_MEMBERSHIP
TSN,2020-12-31,Tyson Foods Inc,TYSON FOODS,902494103,,PRE_WINDOW_SUPPORT
TSN,2021-03-31,Tyson Foods Inc,TYSON FOODS,902494103,,IN_MEMBERSHIP
TSN,2021-06-30,Tyson Foods Inc,TYSON FOODS,902494103,,IN_MEMBERSHIP
TSN,2021-09-30,Tyson Foods Inc,TYSON FOODS,902494103,,IN_MEMBERSHIP
TSN,2021-12-31,Tyson Foods Inc,TYSON FOODS,902494103,,IN_MEMBERSHIP
TSN,2022-03-31,Tyson Foods Inc,TYSON FOODS,902494103,,IN_MEMBERSHIP
TSN,2022-06-30,Tyson Foods Inc,TYSON FOODS,902494103,,IN_MEMBERSHIP
TSN,2022-09-30,Tyson Foods Inc,TYSON FOODS,902494103,,IN_MEMBERSHIP
TSN,2022-12-31,Tyson Foods Inc,TYSON FOODS,902494103,,IN_MEMBERSHIP
TSN,2023-03-31,Tyson Foods Inc,TYSON FOODS,902494103,,IN_MEMBERSHIP
TSN,2023-06-30,Tyson Foods Inc,TYSON FOODS,902494103,,IN_MEMBERSHIP
TSN,2023-09-30,Tyson Foods Inc,TYSON FOODS,902494103,,IN_MEMBERSHIP
TSN,2023-12-31,Tyson Foods Inc,TYSON FOODS,902494103,,IN_MEMBERSHIP
TSN,2024-03-31,Tyson Foods Inc,TYSON FOODS,902494103,,IN_MEMBERSHIP
TSN,2024-06-30,Tyson Foods Inc,TYSON FOODS,902494103,,IN_MEMBERSHIP
TSN,2024-09-30,Tyson Foods Inc,TYSON FOODS,902494103,,IN_MEMBERSHIP
TSN,2024-12-31,Tyson Foods Inc,TYSON FOODS,902494103,,IN_MEMBERSHIP
TSN,2025-03-31,Tyson Foods Inc,TYSON FOODS,902494103,,IN_MEMBERSHIP
TSN,2025-06-30,Tyson Foods Inc,TYSON FOODS,902494103,,IN_MEMBERSHIP
TSN,2025-09-30,Tyson Foods Inc,TYSON FOODS,902494103,,IN_MEMBERSHIP
TSN,2025-12-31,Tyson Foods Inc,TYSON FOODS,902494103,,IN_MEMBERSHIP
TT,2020-12-31,Trane Technologies PLC,TRANE TECHNOLOGIES,IE00BK9ZQ967,,PRE_WINDOW_SUPPORT
TT,2021-03-31,Trane Technologies PLC,TRANE TECHNOLOGIES,IE00BK9ZQ967,,IN_MEMBERSHIP
TT,2021-06-30,Trane Technologies PLC,TRANE TECHNOLOGIES,IE00BK9ZQ967,,IN_MEMBERSHIP
TT,2021-09-30,Trane Technologies PLC,TRANE TECHNOLOGIES,IE00BK9ZQ967,,IN_MEMBERSHIP
TT,2021-12-31,Trane Technologies PLC,TRANE TECHNOLOGIES,IE00BK9ZQ967,,IN_MEMBERSHIP
TT,2022-03-31,Trane Technologies PLC,TRANE TECHNOLOGIES,IE00BK9ZQ967,,IN_MEMBERSHIP
TT,2022-06-30,Trane Technologies PLC,TRANE TECHNOLOGIES,IE00BK9ZQ967,,IN_MEMBERSHIP
TT,2022-09-30,Trane Technologies PLC,TRANE TECHNOLOGIES,IE00BK9ZQ967,,IN_MEMBERSHIP
TT,2022-12-31,Trane Technologies PLC,TRANE TECHNOLOGIES,IE00BK9ZQ967,,IN_MEMBERSHIP
TT,2023-03-31,Trane Technologies PLC,TRANE TECHNOLOGIES,IE00BK9ZQ967,,IN_MEMBERSHIP
TT,2023-06-30,Trane Technologies PLC,TRANE TECHNOLOGIES,IE00BK9ZQ967,,IN_MEMBERSHIP
TT,2023-09-30,Trane Technologies PLC,TRANE TECHNOLOGIES,IE00BK9ZQ967,,IN_MEMBERSHIP
TT,2023-12-31,Trane Technologies PLC,TRANE TECHNOLOGIES,IE00BK9ZQ967,,IN_MEMBERSHIP
TT,2024-03-31,Trane Technologies PLC,TRANE TECHNOLOGIES,IE00BK9ZQ967,,IN_MEMBERSHIP
TT,2024-06-30,Trane Technologies PLC,TRANE TECHNOLOGIES,IE00BK9ZQ967,,IN_MEMBERSHIP
TT,2024-09-30,Trane Technologies PLC,TRANE TECHNOLOGIES,IE00BK9ZQ967,,IN_MEMBERSHIP
TT,2024-12-31,Trane Technologies PLC,TRANE TECHNOLOGIES,IE00BK9ZQ967,,IN_MEMBERSHIP
TT,2025-03-31,Trane Technologies PLC,TRANE TECHNOLOGIES,IE00BK9ZQ967,,IN_MEMBERSHIP
TT,2025-06-30,Trane Technologies PLC,TRANE TECHNOLOGIES,IE00BK9ZQ967,,IN_MEMBERSHIP
TT,2025-09-30,Trane Technologies PLC,TRANE TECHNOLOGIES,IE00BK9ZQ967,,IN_MEMBERSHIP
TT,2025-12-31,Trane Technologies PLC,TRANE TECHNOLOGIES,IE00BK9ZQ967,,IN_MEMBERSHIP
TTD,2025-09-30,Trade Desk Inc/The,TRADE DESK,88339J105,,IN_MEMBERSHIP
TTD,2025-12-31,Trade Desk Inc/The,TRADE DESK,88339J105,,IN_MEMBERSHIP
TTWO,2020-12-31,Take-Two Interactive Software Inc,TAKE TWO INTERACTIVE SOFTWARE,874054109,,PRE_WINDOW_SUPPORT
TTWO,2021-03-31,Take-Two Interactive Software Inc,TAKE TWO INTERACTIVE SOFTWARE,874054109,,IN_MEMBERSHIP
TTWO,2021-06-30,Take-Two Interactive Software Inc,TAKE TWO INTERACTIVE SOFTWARE,874054109,,IN_MEMBERSHIP
TTWO,2021-09-30,Take-Two Interactive Software Inc,TAKE TWO INTERACTIVE SOFTWARE,874054109,,IN_MEMBERSHIP
TTWO,2021-12-31,Take-Two Interactive Software Inc,TAKE TWO INTERACTIVE SOFTWARE,874054109,,IN_MEMBERSHIP
TTWO,2022-03-31,Take-Two Interactive Software Inc,TAKE TWO INTERACTIVE SOFTWARE,874054109,,IN_MEMBERSHIP
TTWO,2022-06-30,Take-Two Interactive Software Inc,TAKE TWO INTERACTIVE SOFTWARE,874054109,,IN_MEMBERSHIP
TTWO,2022-09-30,Take-Two Interactive Software Inc,TAKE TWO INTERACTIVE SOFTWARE,874054109,,IN_MEMBERSHIP
TTWO,2022-12-31,Take-Two Interactive Software Inc,TAKE TWO INTERACTIVE SOFTWARE,874054109,,IN_MEMBERSHIP
TTWO,2023-03-31,Take-Two Interactive Software Inc,TAKE TWO INTERACTIVE SOFTWARE,874054109,,IN_MEMBERSHIP
TTWO,2023-06-30,Take-Two Interactive Software Inc,TAKE TWO INTERACTIVE SOFTWARE,874054109,,IN_MEMBERSHIP
TTWO,2023-09-30,Take-Two Interactive Software Inc,TAKE TWO INTERACTIVE SOFTWARE,874054109,,IN_MEMBERSHIP
TTWO,2023-12-31,Take-Two Interactive Software Inc,TAKE TWO INTERACTIVE SOFTWARE,874054109,,IN_MEMBERSHIP
TTWO,2024-03-31,Take-Two Interactive Software Inc,TAKE TWO INTERACTIVE SOFTWARE,874054109,,IN_MEMBERSHIP
TTWO,2024-06-30,Take-Two Interactive Software Inc,TAKE TWO INTERACTIVE SOFTWARE,874054109,,IN_MEMBERSHIP
TTWO,2024-09-30,Take-Two Interactive Software Inc,TAKE TWO INTERACTIVE SOFTWARE,874054109,,IN_MEMBERSHIP
TTWO,2024-12-31,Take-Two Interactive Software Inc,TAKE TWO INTERACTIVE SOFTWARE,874054109,,IN_MEMBERSHIP
TTWO,2025-03-31,Take-Two Interactive Software Inc,TAKE TWO INTERACTIVE SOFTWARE,874054109,,IN_MEMBERSHIP
TTWO,2025-06-30,Take-Two Interactive Software Inc,TAKE TWO INTERACTIVE SOFTWARE,874054109,,IN_MEMBERSHIP
TTWO,2025-09-30,Take-Two Interactive Software Inc,TAKE TWO INTERACTIVE SOFTWARE,874054109,,IN_MEMBERSHIP
TTWO,2025-12-31,Take-Two Interactive Software Inc,TAKE TWO INTERACTIVE SOFTWARE,874054109,,IN_MEMBERSHIP
TXN,2020-12-31,Texas Instruments Inc,TEXAS INSTRUMENTS,882508104,,PRE_WINDOW_SUPPORT
TXN,2021-03-31,Texas Instruments Inc,TEXAS INSTRUMENTS,882508104,,IN_MEMBERSHIP
TXN,2021-06-30,Texas Instruments Inc,TEXAS INSTRUMENTS,882508104,,IN_MEMBERSHIP
TXN,2021-09-30,Texas Instruments Inc,TEXAS INSTRUMENTS,882508104,,IN_MEMBERSHIP
TXN,2021-12-31,Texas Instruments Inc,TEXAS INSTRUMENTS,882508104,,IN_MEMBERSHIP
TXN,2022-03-31,Texas Instruments Inc,TEXAS INSTRUMENTS,882508104,,IN_MEMBERSHIP
TXN,2022-06-30,Texas Instruments Inc,TEXAS INSTRUMENTS,882508104,,IN_MEMBERSHIP
TXN,2022-09-30,Texas Instruments Inc,TEXAS INSTRUMENTS,882508104,,IN_MEMBERSHIP
TXN,2022-12-31,Texas Instruments Inc,TEXAS INSTRUMENTS,882508104,,IN_MEMBERSHIP
TXN,2023-03-31,Texas Instruments Inc,TEXAS INSTRUMENTS,882508104,,IN_MEMBERSHIP
TXN,2023-06-30,Texas Instruments Inc,TEXAS INSTRUMENTS,882508104,,IN_MEMBERSHIP
TXN,2023-09-30,Texas Instruments Inc,TEXAS INSTRUMENTS,882508104,,IN_MEMBERSHIP
TXN,2023-12-31,Texas Instruments Inc,TEXAS INSTRUMENTS,882508104,,IN_MEMBERSHIP
TXN,2024-03-31,Texas Instruments Inc,TEXAS INSTRUMENTS,882508104,,IN_MEMBERSHIP
TXN,2024-06-30,Texas Instruments Inc,TEXAS INSTRUMENTS,882508104,,IN_MEMBERSHIP
TXN,2024-09-30,Texas Instruments Inc,TEXAS INSTRUMENTS,882508104,,IN_MEMBERSHIP
TXN,2024-12-31,Texas Instruments Inc,TEXAS INSTRUMENTS,882508104,,IN_MEMBERSHIP
TXN,2025-03-31,Texas Instruments Inc,TEXAS INSTRUMENTS,882508104,,IN_MEMBERSHIP
TXN,2025-06-30,Texas Instruments Inc,TEXAS INSTRUMENTS,882508104,,IN_MEMBERSHIP
TXN,2025-09-30,Texas Instruments Inc,TEXAS INSTRUMENTS,882508104,,IN_MEMBERSHIP
TXN,2025-12-31,Texas Instruments Inc,TEXAS INSTRUMENTS,882508104,,IN_MEMBERSHIP
TXT,2020-12-31,Textron Inc,TEXTRON,883203101,,PRE_WINDOW_SUPPORT
TXT,2021-03-31,Textron Inc,TEXTRON,883203101,,IN_MEMBERSHIP
TXT,2021-06-30,Textron Inc,TEXTRON,883203101,,IN_MEMBERSHIP
TXT,2021-09-30,Textron Inc,TEXTRON,883203101,,IN_MEMBERSHIP
TXT,2021-12-31,Textron Inc,TEXTRON,883203101,,IN_MEMBERSHIP
TXT,2022-03-31,Textron Inc,TEXTRON,883203101,,IN_MEMBERSHIP
TXT,2022-06-30,Textron Inc,TEXTRON,883203101,,IN_MEMBERSHIP
TXT,2022-09-30,Textron Inc,TEXTRON,883203101,,IN_MEMBERSHIP
TXT,2022-12-31,Textron Inc,TEXTRON,883203101,,IN_MEMBERSHIP
TXT,2023-03-31,Textron Inc,TEXTRON,883203101,,IN_MEMBERSHIP
TXT,2023-06-30,Textron Inc,TEXTRON,883203101,,IN_MEMBERSHIP
TXT,2023-09-30,Textron Inc,TEXTRON,883203101,,IN_MEMBERSHIP
TXT,2023-12-31,Textron Inc,TEXTRON,883203101,,IN_MEMBERSHIP
TXT,2024-03-31,Textron Inc,TEXTRON,883203101,,IN_MEMBERSHIP
TXT,2024-06-30,Textron Inc,TEXTRON,883203101,,IN_MEMBERSHIP
TXT,2024-09-30,Textron Inc,TEXTRON,883203101,,IN_MEMBERSHIP
TXT,2024-12-31,Textron Inc,TEXTRON,883203101,,IN_MEMBERSHIP
TXT,2025-03-31,Textron Inc,TEXTRON,883203101,,IN_MEMBERSHIP
TXT,2025-06-30,Textron Inc,TEXTRON,883203101,,IN_MEMBERSHIP
TXT,2025-09-30,Textron Inc,TEXTRON,883203101,,IN_MEMBERSHIP
TXT,2025-12-31,Textron Inc,TEXTRON,883203101,,IN_MEMBERSHIP
TYL,2020-12-31,Tyler Technologies Inc,TYLER TECHNOLOGIES,902252105,,PRE_WINDOW_SUPPORT
TYL,2021-03-31,Tyler Technologies Inc,TYLER TECHNOLOGIES,902252105,,IN_MEMBERSHIP
TYL,2021-06-30,Tyler Technologies Inc,TYLER TECHNOLOGIES,902252105,,IN_MEMBERSHIP
TYL,2021-09-30,Tyler Technologies Inc,TYLER TECHNOLOGIES,902252105,,IN_MEMBERSHIP
TYL,2021-12-31,Tyler Technologies Inc,TYLER TECHNOLOGIES,902252105,,IN_MEMBERSHIP
TYL,2022-03-31,Tyler Technologies Inc,TYLER TECHNOLOGIES,902252105,,IN_MEMBERSHIP
TYL,2022-06-30,Tyler Technologies Inc,TYLER TECHNOLOGIES,902252105,,IN_MEMBERSHIP
TYL,2022-09-30,Tyler Technologies Inc,TYLER TECHNOLOGIES,902252105,,IN_MEMBERSHIP
TYL,2022-12-31,Tyler Technologies Inc,TYLER TECHNOLOGIES,902252105,,IN_MEMBERSHIP
TYL,2023-03-31,Tyler Technologies Inc,TYLER TECHNOLOGIES,902252105,,IN_MEMBERSHIP
TYL,2023-06-30,Tyler Technologies Inc,TYLER TECHNOLOGIES,902252105,,IN_MEMBERSHIP
TYL,2023-09-30,Tyler Technologies Inc,TYLER TECHNOLOGIES,902252105,,IN_MEMBERSHIP
TYL,2023-12-31,Tyler Technologies Inc,TYLER TECHNOLOGIES,902252105,,IN_MEMBERSHIP
TYL,2024-03-31,Tyler Technologies Inc,TYLER TECHNOLOGIES,902252105,,IN_MEMBERSHIP
TYL,2024-06-30,Tyler Technologies Inc,TYLER TECHNOLOGIES,902252105,,IN_MEMBERSHIP
TYL,2024-09-30,Tyler Technologies Inc,TYLER TECHNOLOGIES,902252105,,IN_MEMBERSHIP
TYL,2024-12-31,Tyler Technologies Inc,TYLER TECHNOLOGIES,902252105,,IN_MEMBERSHIP
TYL,2025-03-31,Tyler Technologies Inc,TYLER TECHNOLOGIES,902252105,,IN_MEMBERSHIP
TYL,2025-06-30,Tyler Technologies Inc,TYLER TECHNOLOGIES,902252105,,IN_MEMBERSHIP
TYL,2025-09-30,Tyler Technologies Inc,TYLER TECHNOLOGIES,902252105,,IN_MEMBERSHIP
TYL,2025-12-31,Tyler Technologies Inc,TYLER TECHNOLOGIES,902252105,,IN_MEMBERSHIP
UAL,2020-12-31,United Airlines Holdings Inc,UNITED AIRLINES,910047109,,PRE_WINDOW_SUPPORT
UAL,2021-03-31,United Airlines Holdings Inc,UNITED AIRLINES,910047109,,IN_MEMBERSHIP
UAL,2021-06-30,United Airlines Holdings Inc,UNITED AIRLINES,910047109,,IN_MEMBERSHIP
UAL,2021-09-30,United Airlines Holdings Inc,UNITED AIRLINES,910047109,,IN_MEMBERSHIP
UAL,2021-12-31,United Airlines Holdings Inc,UNITED AIRLINES,910047109,,IN_MEMBERSHIP
UAL,2022-03-31,United Airlines Holdings Inc,UNITED AIRLINES,910047109,,IN_MEMBERSHIP
UAL,2022-06-30,United Airlines Holdings Inc,UNITED AIRLINES,910047109,,IN_MEMBERSHIP
UAL,2022-09-30,United Airlines Holdings Inc,UNITED AIRLINES,910047109,,IN_MEMBERSHIP
UAL,2022-12-31,United Airlines Holdings Inc,UNITED AIRLINES,910047109,,IN_MEMBERSHIP
UAL,2023-03-31,United Airlines Holdings Inc,UNITED AIRLINES,910047109,,IN_MEMBERSHIP
UAL,2023-06-30,United Airlines Holdings Inc,UNITED AIRLINES,910047109,,IN_MEMBERSHIP
UAL,2023-09-30,United Airlines Holdings Inc,UNITED AIRLINES,910047109,,IN_MEMBERSHIP
UAL,2023-12-31,United Airlines Holdings Inc,UNITED AIRLINES,910047109,,IN_MEMBERSHIP
UAL,2024-03-31,United Airlines Holdings Inc,UNITED AIRLINES,910047109,,IN_MEMBERSHIP
UAL,2024-06-30,United Airlines Holdings Inc,UNITED AIRLINES,910047109,,IN_MEMBERSHIP
UAL,2024-09-30,United Airlines Holdings Inc,UNITED AIRLINES,910047109,,IN_MEMBERSHIP
UAL,2024-12-31,United Airlines Holdings Inc,UNITED AIRLINES,910047109,,IN_MEMBERSHIP
UAL,2025-03-31,United Airlines Holdings Inc,UNITED AIRLINES,910047109,,IN_MEMBERSHIP
UAL,2025-06-30,United Airlines Holdings Inc,UNITED AIRLINES,910047109,,IN_MEMBERSHIP
UAL,2025-09-30,United Airlines Holdings Inc,UNITED AIRLINES,910047109,,IN_MEMBERSHIP
UAL,2025-12-31,United Airlines Holdings Inc,UNITED AIRLINES,910047109,,IN_MEMBERSHIP
UBER,2023-12-31,Uber Technologies Inc,UBER TECHNOLOGIES,90353T100,,IN_MEMBERSHIP
UBER,2024-03-31,Uber Technologies Inc,UBER TECHNOLOGIES,90353T100,,IN_MEMBERSHIP
UBER,2024-06-30,Uber Technologies Inc,UBER TECHNOLOGIES,90353T100,,IN_MEMBERSHIP
UBER,2024-09-30,Uber Technologies Inc,UBER TECHNOLOGIES,90353T100,,IN_MEMBERSHIP
UBER,2024-12-31,Uber Technologies Inc,UBER TECHNOLOGIES,90353T100,,IN_MEMBERSHIP
UBER,2025-03-31,Uber Technologies Inc,UBER TECHNOLOGIES,90353T100,,IN_MEMBERSHIP
UBER,2025-06-30,Uber Technologies Inc,UBER TECHNOLOGIES,90353T100,,IN_MEMBERSHIP
UBER,2025-09-30,Uber Technologies Inc,UBER TECHNOLOGIES,90353T100,,IN_MEMBERSHIP
UBER,2025-12-31,Uber Technologies Inc,UBER TECHNOLOGIES,90353T100,,IN_MEMBERSHIP
UDR,2020-12-31,UDR Inc,UDR,902653104,,PRE_WINDOW_SUPPORT
UDR,2021-03-31,UDR Inc,UDR,902653104,,IN_MEMBERSHIP
UDR,2021-06-30,UDR Inc,UDR,902653104,,IN_MEMBERSHIP
UDR,2021-09-30,UDR Inc,UDR,902653104,,IN_MEMBERSHIP
UDR,2021-12-31,UDR Inc,UDR,902653104,,IN_MEMBERSHIP
UDR,2022-03-31,UDR Inc,UDR,902653104,,IN_MEMBERSHIP
UDR,2022-06-30,UDR Inc,UDR,902653104,,IN_MEMBERSHIP
UDR,2022-09-30,UDR Inc,UDR,902653104,,IN_MEMBERSHIP
UDR,2022-12-31,UDR Inc,UDR,902653104,,IN_MEMBERSHIP
UDR,2023-03-31,UDR Inc,UDR,902653104,,IN_MEMBERSHIP
UDR,2023-06-30,UDR Inc,UDR,902653104,,IN_MEMBERSHIP
UDR,2023-09-30,UDR Inc,UDR,902653104,,IN_MEMBERSHIP
UDR,2023-12-31,UDR Inc,UDR,902653104,,IN_MEMBERSHIP
UDR,2024-03-31,UDR Inc,UDR,902653104,,IN_MEMBERSHIP
UDR,2024-06-30,UDR Inc,UDR,902653104,,IN_MEMBERSHIP
UDR,2024-09-30,UDR Inc,UDR,902653104,,IN_MEMBERSHIP
UDR,2024-12-31,UDR Inc,UDR,902653104,,IN_MEMBERSHIP
UDR,2025-03-31,UDR Inc,UDR,902653104,,IN_MEMBERSHIP
UDR,2025-06-30,UDR Inc,UDR,902653104,,IN_MEMBERSHIP
UDR,2025-09-30,UDR Inc,UDR,902653104,,IN_MEMBERSHIP
UDR,2025-12-31,UDR Inc,UDR,902653104,,IN_MEMBERSHIP
UHS,2020-12-31,Universal Health Services Inc,UNIVERSAL HEALTH SERVICES,913903100,,PRE_WINDOW_SUPPORT
UHS,2021-03-31,Universal Health Services Inc,UNIVERSAL HEALTH SERVICES,913903100,,IN_MEMBERSHIP
UHS,2021-06-30,Universal Health Services Inc,UNIVERSAL HEALTH SERVICES,913903100,,IN_MEMBERSHIP
UHS,2021-09-30,Universal Health Services Inc,UNIVERSAL HEALTH SERVICES,913903100,,IN_MEMBERSHIP
UHS,2021-12-31,Universal Health Services Inc,UNIVERSAL HEALTH SERVICES,913903100,,IN_MEMBERSHIP
UHS,2022-03-31,Universal Health Services Inc,UNIVERSAL HEALTH SERVICES,913903100,,IN_MEMBERSHIP
UHS,2022-06-30,Universal Health Services Inc,UNIVERSAL HEALTH SERVICES,913903100,,IN_MEMBERSHIP
UHS,2022-09-30,Universal Health Services Inc,UNIVERSAL HEALTH SERVICES,913903100,,IN_MEMBERSHIP
UHS,2022-12-31,Universal Health Services Inc,UNIVERSAL HEALTH SERVICES,913903100,,IN_MEMBERSHIP
UHS,2023-03-31,Universal Health Services Inc,UNIVERSAL HEALTH SERVICES,913903100,,IN_MEMBERSHIP
UHS,2023-06-30,Universal Health Services Inc,UNIVERSAL HEALTH SERVICES,913903100,,IN_MEMBERSHIP
UHS,2023-09-30,Universal Health Services Inc,UNIVERSAL HEALTH SERVICES,913903100,,IN_MEMBERSHIP
UHS,2023-12-31,Universal Health Services Inc,UNIVERSAL HEALTH SERVICES,913903100,,IN_MEMBERSHIP
UHS,2024-03-31,Universal Health Services Inc,UNIVERSAL HEALTH SERVICES,913903100,,IN_MEMBERSHIP
UHS,2024-06-30,Universal Health Services Inc,UNIVERSAL HEALTH SERVICES,913903100,,IN_MEMBERSHIP
UHS,2024-09-30,Universal Health Services Inc,UNIVERSAL HEALTH SERVICES,913903100,,IN_MEMBERSHIP
UHS,2024-12-31,Universal Health Services Inc,UNIVERSAL HEALTH SERVICES,913903100,,IN_MEMBERSHIP
UHS,2025-03-31,Universal Health Services Inc,UNIVERSAL HEALTH SERVICES,913903100,,IN_MEMBERSHIP
UHS,2025-06-30,Universal Health Services Inc,UNIVERSAL HEALTH SERVICES,913903100,,IN_MEMBERSHIP
UHS,2025-09-30,Universal Health Services Inc,UNIVERSAL HEALTH SERVICES,913903100,,IN_MEMBERSHIP
UHS,2025-12-31,Universal Health Services Inc,UNIVERSAL HEALTH SERVICES,913903100,,IN_MEMBERSHIP
ULTA,2020-12-31,Ulta Beauty Inc,ULTA BEAUTY,90384S303,,PRE_WINDOW_SUPPORT
ULTA,2021-03-31,Ulta Beauty Inc,ULTA BEAUTY,90384S303,,IN_MEMBERSHIP
ULTA,2021-06-30,Ulta Beauty Inc,ULTA BEAUTY,90384S303,,IN_MEMBERSHIP
ULTA,2021-09-30,Ulta Beauty Inc,ULTA BEAUTY,90384S303,,IN_MEMBERSHIP
ULTA,2021-12-31,Ulta Beauty Inc,ULTA BEAUTY,90384S303,,IN_MEMBERSHIP
ULTA,2022-03-31,Ulta Beauty Inc,ULTA BEAUTY,90384S303,,IN_MEMBERSHIP
ULTA,2022-06-30,Ulta Beauty Inc,ULTA BEAUTY,90384S303,,IN_MEMBERSHIP
ULTA,2022-09-30,Ulta Beauty Inc,ULTA BEAUTY,90384S303,,IN_MEMBERSHIP
ULTA,2022-12-31,Ulta Beauty Inc,ULTA BEAUTY,90384S303,,IN_MEMBERSHIP
ULTA,2023-03-31,Ulta Beauty Inc,ULTA BEAUTY,90384S303,,IN_MEMBERSHIP
ULTA,2023-06-30,Ulta Beauty Inc,ULTA BEAUTY,90384S303,,IN_MEMBERSHIP
ULTA,2023-09-30,Ulta Beauty Inc,ULTA BEAUTY,90384S303,,IN_MEMBERSHIP
ULTA,2023-12-31,Ulta Beauty Inc,ULTA BEAUTY,90384S303,,IN_MEMBERSHIP
ULTA,2024-03-31,Ulta Beauty Inc,ULTA BEAUTY,90384S303,,IN_MEMBERSHIP
ULTA,2024-06-30,Ulta Beauty Inc,ULTA BEAUTY,90384S303,,IN_MEMBERSHIP
ULTA,2024-09-30,Ulta Beauty Inc,ULTA BEAUTY,90384S303,,IN_MEMBERSHIP
ULTA,2024-12-31,Ulta Beauty Inc,ULTA BEAUTY,90384S303,,IN_MEMBERSHIP
ULTA,2025-03-31,Ulta Beauty Inc,ULTA BEAUTY,90384S303,,IN_MEMBERSHIP
ULTA,2025-06-30,Ulta Beauty Inc,ULTA BEAUTY,90384S303,,IN_MEMBERSHIP
ULTA,2025-09-30,Ulta Beauty Inc,ULTA BEAUTY,90384S303,,IN_MEMBERSHIP
ULTA,2025-12-31,Ulta Beauty Inc,ULTA BEAUTY,90384S303,,IN_MEMBERSHIP
UNH,2020-12-31,UnitedHealth Group Inc,UNITEDHEALTH GROUP,91324P102,,PRE_WINDOW_SUPPORT
UNH,2021-03-31,UnitedHealth Group Inc,UNITEDHEALTH GROUP,91324P102,,IN_MEMBERSHIP
UNH,2021-06-30,UnitedHealth Group Inc,UNITEDHEALTH GROUP,91324P102,,IN_MEMBERSHIP
UNH,2021-09-30,UnitedHealth Group Inc,UNITEDHEALTH GROUP,91324P102,,IN_MEMBERSHIP
UNH,2021-12-31,UnitedHealth Group Inc,UNITEDHEALTH GROUP,91324P102,,IN_MEMBERSHIP
UNH,2022-03-31,UnitedHealth Group Inc,UNITEDHEALTH GROUP,91324P102,,IN_MEMBERSHIP
UNH,2022-06-30,UnitedHealth Group Inc,UNITEDHEALTH GROUP,91324P102,,IN_MEMBERSHIP
UNH,2022-09-30,UnitedHealth Group Inc,UNITEDHEALTH GROUP,91324P102,,IN_MEMBERSHIP
UNH,2022-12-31,UnitedHealth Group Inc,UNITEDHEALTH GROUP,91324P102,,IN_MEMBERSHIP
UNH,2023-03-31,UnitedHealth Group Inc,UNITEDHEALTH GROUP,91324P102,,IN_MEMBERSHIP
UNH,2023-06-30,UnitedHealth Group Inc,UNITEDHEALTH GROUP,91324P102,,IN_MEMBERSHIP
UNH,2023-09-30,UnitedHealth Group Inc,UNITEDHEALTH GROUP,91324P102,,IN_MEMBERSHIP
UNH,2023-12-31,UnitedHealth Group Inc,UNITEDHEALTH GROUP,91324P102,,IN_MEMBERSHIP
UNH,2024-03-31,UnitedHealth Group Inc,UNITEDHEALTH GROUP,91324P102,,IN_MEMBERSHIP
UNH,2024-06-30,UnitedHealth Group Inc,UNITEDHEALTH GROUP,91324P102,,IN_MEMBERSHIP
UNH,2024-09-30,UnitedHealth Group Inc,UNITEDHEALTH GROUP,91324P102,,IN_MEMBERSHIP
UNH,2024-12-31,UnitedHealth Group Inc,UNITEDHEALTH GROUP,91324P102,,IN_MEMBERSHIP
UNH,2025-03-31,UnitedHealth Group Inc,UNITEDHEALTH GROUP,91324P102,,IN_MEMBERSHIP
UNH,2025-06-30,UnitedHealth Group Inc,UNITEDHEALTH GROUP,91324P102,,IN_MEMBERSHIP
UNH,2025-09-30,UnitedHealth Group Inc,UNITEDHEALTH GROUP,91324P102,,IN_MEMBERSHIP
UNH,2025-12-31,UnitedHealth Group Inc,UNITEDHEALTH GROUP,91324P102,,IN_MEMBERSHIP
UNP,2020-12-31,Union Pacific Corp,UNION PACIFIC,907818108,,PRE_WINDOW_SUPPORT
UNP,2021-03-31,Union Pacific Corp,UNION PACIFIC,907818108,,IN_MEMBERSHIP
UNP,2021-06-30,Union Pacific Corp,UNION PACIFIC,907818108,,IN_MEMBERSHIP
UNP,2021-09-30,Union Pacific Corp,UNION PACIFIC,907818108,,IN_MEMBERSHIP
UNP,2021-12-31,Union Pacific Corp,UNION PACIFIC,907818108,,IN_MEMBERSHIP
UNP,2022-03-31,Union Pacific Corp,UNION PACIFIC,907818108,,IN_MEMBERSHIP
UNP,2022-06-30,Union Pacific Corp,UNION PACIFIC,907818108,,IN_MEMBERSHIP
UNP,2022-09-30,Union Pacific Corp,UNION PACIFIC,907818108,,IN_MEMBERSHIP
UNP,2022-12-31,Union Pacific Corp,UNION PACIFIC,907818108,,IN_MEMBERSHIP
UNP,2023-03-31,Union Pacific Corp,UNION PACIFIC,907818108,,IN_MEMBERSHIP
UNP,2023-06-30,Union Pacific Corp,UNION PACIFIC,907818108,,IN_MEMBERSHIP
UNP,2023-09-30,Union Pacific Corp,UNION PACIFIC,907818108,,IN_MEMBERSHIP
UNP,2023-12-31,Union Pacific Corp,UNION PACIFIC,907818108,,IN_MEMBERSHIP
UNP,2024-03-31,Union Pacific Corp,UNION PACIFIC,907818108,,IN_MEMBERSHIP
UNP,2024-06-30,Union Pacific Corp,UNION PACIFIC,907818108,,IN_MEMBERSHIP
UNP,2024-09-30,Union Pacific Corp,UNION PACIFIC,907818108,,IN_MEMBERSHIP
UNP,2024-12-31,Union Pacific Corp,UNION PACIFIC,907818108,,IN_MEMBERSHIP
UNP,2025-03-31,Union Pacific Corp,UNION PACIFIC,907818108,,IN_MEMBERSHIP
UNP,2025-06-30,Union Pacific Corp,UNION PACIFIC,907818108,,IN_MEMBERSHIP
UNP,2025-09-30,Union Pacific Corp,UNION PACIFIC,907818108,,IN_MEMBERSHIP
UNP,2025-12-31,Union Pacific Corp,UNION PACIFIC,907818108,,IN_MEMBERSHIP
UPS,2020-12-31,United Parcel Service Inc,UNITED PARCEL SERVICE,911312106,,PRE_WINDOW_SUPPORT
UPS,2021-03-31,United Parcel Service Inc,UNITED PARCEL SERVICE,911312106,,IN_MEMBERSHIP
UPS,2021-06-30,United Parcel Service Inc,UNITED PARCEL SERVICE,911312106,,IN_MEMBERSHIP
UPS,2021-09-30,United Parcel Service Inc,UNITED PARCEL SERVICE,911312106,,IN_MEMBERSHIP
UPS,2021-12-31,United Parcel Service Inc,UNITED PARCEL SERVICE,911312106,,IN_MEMBERSHIP
UPS,2022-03-31,United Parcel Service Inc,UNITED PARCEL SERVICE,911312106,,IN_MEMBERSHIP
UPS,2022-06-30,United Parcel Service Inc,UNITED PARCEL SERVICE,911312106,,IN_MEMBERSHIP
UPS,2022-09-30,United Parcel Service Inc,UNITED PARCEL SERVICE,911312106,,IN_MEMBERSHIP
UPS,2022-12-31,United Parcel Service Inc,UNITED PARCEL SERVICE,911312106,,IN_MEMBERSHIP
UPS,2023-03-31,United Parcel Service Inc,UNITED PARCEL SERVICE,911312106,,IN_MEMBERSHIP
UPS,2023-06-30,United Parcel Service Inc,UNITED PARCEL SERVICE,911312106,,IN_MEMBERSHIP
UPS,2023-09-30,United Parcel Service Inc,UNITED PARCEL SERVICE,911312106,,IN_MEMBERSHIP
UPS,2023-12-31,United Parcel Service Inc,UNITED PARCEL SERVICE,911312106,,IN_MEMBERSHIP
UPS,2024-03-31,United Parcel Service Inc,UNITED PARCEL SERVICE,911312106,,IN_MEMBERSHIP
UPS,2024-06-30,United Parcel Service Inc,UNITED PARCEL SERVICE,911312106,,IN_MEMBERSHIP
UPS,2024-09-30,United Parcel Service Inc,UNITED PARCEL SERVICE,911312106,,IN_MEMBERSHIP
UPS,2024-12-31,United Parcel Service Inc,UNITED PARCEL SERVICE,911312106,,IN_MEMBERSHIP
UPS,2025-03-31,United Parcel Service Inc,UNITED PARCEL SERVICE,911312106,,IN_MEMBERSHIP
UPS,2025-06-30,United Parcel Service Inc,UNITED PARCEL SERVICE,911312106,,IN_MEMBERSHIP
UPS,2025-09-30,United Parcel Service Inc,UNITED PARCEL SERVICE,911312106,,IN_MEMBERSHIP
UPS,2025-12-31,United Parcel Service Inc,UNITED PARCEL SERVICE,911312106,,IN_MEMBERSHIP
URI,2020-12-31,United Rentals Inc,UNITED RENTALS,911363109,,PRE_WINDOW_SUPPORT
URI,2021-03-31,United Rentals Inc,UNITED RENTALS,911363109,,IN_MEMBERSHIP
URI,2021-06-30,United Rentals Inc,UNITED RENTALS,911363109,,IN_MEMBERSHIP
URI,2021-09-30,United Rentals Inc,UNITED RENTALS,911363109,,IN_MEMBERSHIP
URI,2021-12-31,United Rentals Inc,UNITED RENTALS,911363109,,IN_MEMBERSHIP
URI,2022-03-31,United Rentals Inc,UNITED RENTALS,911363109,,IN_MEMBERSHIP
URI,2022-06-30,United Rentals Inc,UNITED RENTALS,911363109,,IN_MEMBERSHIP
URI,2022-09-30,United Rentals Inc,UNITED RENTALS,911363109,,IN_MEMBERSHIP
URI,2022-12-31,United Rentals Inc,UNITED RENTALS,911363109,,IN_MEMBERSHIP
URI,2023-03-31,United Rentals Inc,UNITED RENTALS,911363109,,IN_MEMBERSHIP
URI,2023-06-30,United Rentals Inc,UNITED RENTALS,911363109,,IN_MEMBERSHIP
URI,2023-09-30,United Rentals Inc,UNITED RENTALS,911363109,,IN_MEMBERSHIP
URI,2023-12-31,United Rentals Inc,UNITED RENTALS,911363109,,IN_MEMBERSHIP
URI,2024-03-31,United Rentals Inc,UNITED RENTALS,911363109,,IN_MEMBERSHIP
URI,2024-06-30,United Rentals Inc,UNITED RENTALS,911363109,,IN_MEMBERSHIP
URI,2024-09-30,United Rentals Inc,UNITED RENTALS,911363109,,IN_MEMBERSHIP
URI,2024-12-31,United Rentals Inc,UNITED RENTALS,911363109,,IN_MEMBERSHIP
URI,2025-03-31,United Rentals Inc,UNITED RENTALS,911363109,,IN_MEMBERSHIP
URI,2025-06-30,United Rentals Inc,UNITED RENTALS,911363109,,IN_MEMBERSHIP
URI,2025-09-30,United Rentals Inc,UNITED RENTALS,911363109,,IN_MEMBERSHIP
URI,2025-12-31,United Rentals Inc,UNITED RENTALS,911363109,,IN_MEMBERSHIP
USB,2020-12-31,US Bancorp,US BANCORP,902973304,,PRE_WINDOW_SUPPORT
USB,2021-03-31,US Bancorp,US BANCORP,902973304,,IN_MEMBERSHIP
USB,2021-06-30,US Bancorp,US BANCORP,902973304,,IN_MEMBERSHIP
USB,2021-09-30,US Bancorp,US BANCORP,902973304,,IN_MEMBERSHIP
USB,2021-12-31,US Bancorp,US BANCORP,902973304,,IN_MEMBERSHIP
USB,2022-03-31,US Bancorp,US BANCORP,902973304,,IN_MEMBERSHIP
USB,2022-06-30,US Bancorp,US BANCORP,902973304,,IN_MEMBERSHIP
USB,2022-09-30,US Bancorp,US BANCORP,902973304,,IN_MEMBERSHIP
USB,2022-12-31,US Bancorp,US BANCORP,902973304,,IN_MEMBERSHIP
USB,2023-03-31,US Bancorp,US BANCORP,902973304,,IN_MEMBERSHIP
USB,2023-06-30,US Bancorp,US BANCORP,902973304,,IN_MEMBERSHIP
USB,2023-09-30,US Bancorp,US BANCORP,902973304,,IN_MEMBERSHIP
USB,2023-12-31,US Bancorp,US BANCORP,902973304,,IN_MEMBERSHIP
USB,2024-03-31,US Bancorp,US BANCORP,902973304,,IN_MEMBERSHIP
USB,2024-06-30,US Bancorp,US BANCORP,902973304,,IN_MEMBERSHIP
USB,2024-09-30,US Bancorp,US BANCORP,902973304,,IN_MEMBERSHIP
USB,2024-12-31,US Bancorp,US BANCORP,902973304,,IN_MEMBERSHIP
USB,2025-03-31,US Bancorp,US BANCORP,902973304,,IN_MEMBERSHIP
USB,2025-06-30,US Bancorp,US BANCORP,902973304,,IN_MEMBERSHIP
USB,2025-09-30,US Bancorp,US BANCORP,902973304,,IN_MEMBERSHIP
USB,2025-12-31,US Bancorp,US BANCORP,902973304,,IN_MEMBERSHIP
V,2020-12-31,Visa Inc,VISA,92826C839,,PRE_WINDOW_SUPPORT
V,2021-03-31,Visa Inc,VISA,92826C839,,IN_MEMBERSHIP
V,2021-06-30,Visa Inc,VISA,92826C839,,IN_MEMBERSHIP
V,2021-09-30,Visa Inc,VISA,92826C839,,IN_MEMBERSHIP
V,2021-12-31,Visa Inc,VISA,92826C839,,IN_MEMBERSHIP
V,2022-03-31,Visa Inc,VISA,92826C839,,IN_MEMBERSHIP
V,2022-06-30,Visa Inc,VISA,92826C839,,IN_MEMBERSHIP
V,2022-09-30,Visa Inc,VISA,92826C839,,IN_MEMBERSHIP
V,2022-12-31,Visa Inc,VISA,92826C839,,IN_MEMBERSHIP
V,2023-03-31,Visa Inc,VISA,92826C839,,IN_MEMBERSHIP
V,2023-06-30,Visa Inc,VISA,92826C839,,IN_MEMBERSHIP
V,2023-09-30,Visa Inc,VISA,92826C839,,IN_MEMBERSHIP
V,2023-12-31,Visa Inc,VISA,92826C839,,IN_MEMBERSHIP
V,2024-03-31,Visa Inc,VISA,92826C839,,IN_MEMBERSHIP
V,2024-06-30,Visa Inc,VISA,92826C839,,IN_MEMBERSHIP
V,2024-09-30,Visa Inc,VISA,92826C839,,IN_MEMBERSHIP
V,2024-12-31,Visa Inc,VISA,92826C839,,IN_MEMBERSHIP
V,2025-03-31,Visa Inc,VISA,92826C839,,IN_MEMBERSHIP
V,2025-06-30,Visa Inc,VISA,92826C839,,IN_MEMBERSHIP
V,2025-09-30,Visa Inc,VISA,92826C839,,IN_MEMBERSHIP
V,2025-12-31,Visa Inc,VISA,92826C839,,IN_MEMBERSHIP
VICI,2022-06-30,VICI Properties Inc,VICI PROPERTIES,925652109,,IN_MEMBERSHIP
VICI,2022-09-30,VICI Properties Inc,VICI PROPERTIES,925652109,,IN_MEMBERSHIP
VICI,2022-12-31,VICI Properties Inc,VICI PROPERTIES,925652109,,IN_MEMBERSHIP
VICI,2023-03-31,VICI Properties Inc,VICI PROPERTIES,925652109,,IN_MEMBERSHIP
VICI,2023-06-30,VICI Properties Inc,VICI PROPERTIES,925652109,,IN_MEMBERSHIP
VICI,2023-09-30,VICI Properties Inc,VICI PROPERTIES,925652109,,IN_MEMBERSHIP
VICI,2023-12-31,VICI Properties Inc,VICI PROPERTIES,925652109,,IN_MEMBERSHIP
VICI,2024-03-31,VICI Properties Inc,VICI PROPERTIES,925652109,,IN_MEMBERSHIP
VICI,2024-06-30,VICI Properties Inc,VICI PROPERTIES,925652109,,IN_MEMBERSHIP
VICI,2024-09-30,VICI Properties Inc,VICI PROPERTIES,925652109,,IN_MEMBERSHIP
VICI,2024-12-31,VICI Properties Inc,VICI PROPERTIES,925652109,,IN_MEMBERSHIP
VICI,2025-03-31,VICI Properties Inc,VICI PROPERTIES,925652109,,IN_MEMBERSHIP
VICI,2025-06-30,VICI Properties Inc,VICI PROPERTIES,925652109,,IN_MEMBERSHIP
VICI,2025-09-30,VICI Properties Inc,VICI PROPERTIES,925652109,,IN_MEMBERSHIP
VICI,2025-12-31,VICI Properties Inc,VICI PROPERTIES,925652109,,IN_MEMBERSHIP
VLO,2020-12-31,Valero Energy Corp,VALERO ENERGY,91913Y100,,PRE_WINDOW_SUPPORT
VLO,2021-03-31,Valero Energy Corp,VALERO ENERGY,91913Y100,,IN_MEMBERSHIP
VLO,2021-06-30,Valero Energy Corp,VALERO ENERGY,91913Y100,,IN_MEMBERSHIP
VLO,2021-09-30,Valero Energy Corp,VALERO ENERGY,91913Y100,,IN_MEMBERSHIP
VLO,2021-12-31,Valero Energy Corp,VALERO ENERGY,91913Y100,,IN_MEMBERSHIP
VLO,2022-03-31,Valero Energy Corp,VALERO ENERGY,91913Y100,,IN_MEMBERSHIP
VLO,2022-06-30,Valero Energy Corp,VALERO ENERGY,91913Y100,,IN_MEMBERSHIP
VLO,2022-09-30,Valero Energy Corp,VALERO ENERGY,91913Y100,,IN_MEMBERSHIP
VLO,2022-12-31,Valero Energy Corp,VALERO ENERGY,91913Y100,,IN_MEMBERSHIP
VLO,2023-03-31,Valero Energy Corp,VALERO ENERGY,91913Y100,,IN_MEMBERSHIP
VLO,2023-06-30,Valero Energy Corp,VALERO ENERGY,91913Y100,,IN_MEMBERSHIP
VLO,2023-09-30,Valero Energy Corp,VALERO ENERGY,91913Y100,,IN_MEMBERSHIP
VLO,2023-12-31,Valero Energy Corp,VALERO ENERGY,91913Y100,,IN_MEMBERSHIP
VLO,2024-03-31,Valero Energy Corp,VALERO ENERGY,91913Y100,,IN_MEMBERSHIP
VLO,2024-06-30,Valero Energy Corp,VALERO ENERGY,91913Y100,,IN_MEMBERSHIP
VLO,2024-09-30,Valero Energy Corp,VALERO ENERGY,91913Y100,,IN_MEMBERSHIP
VLO,2024-12-31,Valero Energy Corp,VALERO ENERGY,91913Y100,,IN_MEMBERSHIP
VLO,2025-03-31,Valero Energy Corp,VALERO ENERGY,91913Y100,,IN_MEMBERSHIP
VLO,2025-06-30,Valero Energy Corp,VALERO ENERGY,91913Y100,,IN_MEMBERSHIP
VLO,2025-09-30,Valero Energy Corp,VALERO ENERGY,91913Y100,,IN_MEMBERSHIP
VLO,2025-12-31,Valero Energy Corp,VALERO ENERGY,91913Y100,,IN_MEMBERSHIP
VLTO,2023-12-31,Veralto Corp,VERALTO,92338C103,,IN_MEMBERSHIP
VLTO,2024-03-31,Veralto Corp,VERALTO,92338C103,,IN_MEMBERSHIP
VLTO,2024-06-30,Veralto Corp,VERALTO,92338C103,,IN_MEMBERSHIP
VLTO,2024-09-30,Veralto Corp,VERALTO,92338C103,,IN_MEMBERSHIP
VLTO,2024-12-31,Veralto Corp,VERALTO,92338C103,,IN_MEMBERSHIP
VLTO,2025-03-31,Veralto Corp,VERALTO,92338C103,,IN_MEMBERSHIP
VLTO,2025-06-30,Veralto Corp,VERALTO,92338C103,,IN_MEMBERSHIP
VLTO,2025-09-30,Veralto Corp,VERALTO,92338C103,,IN_MEMBERSHIP
VLTO,2025-12-31,Veralto Corp,VERALTO,92338C103,,IN_MEMBERSHIP
VMC,2020-12-31,Vulcan Materials Co,VULCAN MATERIALS,929160109,,PRE_WINDOW_SUPPORT
VMC,2021-03-31,Vulcan Materials Co,VULCAN MATERIALS,929160109,,IN_MEMBERSHIP
VMC,2021-06-30,Vulcan Materials Co,VULCAN MATERIALS,929160109,,IN_MEMBERSHIP
VMC,2021-09-30,Vulcan Materials Co,VULCAN MATERIALS,929160109,,IN_MEMBERSHIP
VMC,2021-12-31,Vulcan Materials Co,VULCAN MATERIALS,929160109,,IN_MEMBERSHIP
VMC,2022-03-31,Vulcan Materials Co,VULCAN MATERIALS,929160109,,IN_MEMBERSHIP
VMC,2022-06-30,Vulcan Materials Co,VULCAN MATERIALS,929160109,,IN_MEMBERSHIP
VMC,2022-09-30,Vulcan Materials Co,VULCAN MATERIALS,929160109,,IN_MEMBERSHIP
VMC,2022-12-31,Vulcan Materials Co,VULCAN MATERIALS,929160109,,IN_MEMBERSHIP
VMC,2023-03-31,Vulcan Materials Co,VULCAN MATERIALS,929160109,,IN_MEMBERSHIP
VMC,2023-06-30,Vulcan Materials Co,VULCAN MATERIALS,929160109,,IN_MEMBERSHIP
VMC,2023-09-30,Vulcan Materials Co,VULCAN MATERIALS,929160109,,IN_MEMBERSHIP
VMC,2023-12-31,Vulcan Materials Co,VULCAN MATERIALS,929160109,,IN_MEMBERSHIP
VMC,2024-03-31,Vulcan Materials Co,VULCAN MATERIALS,929160109,,IN_MEMBERSHIP
VMC,2024-06-30,Vulcan Materials Co,VULCAN MATERIALS,929160109,,IN_MEMBERSHIP
VMC,2024-09-30,Vulcan Materials Co,VULCAN MATERIALS,929160109,,IN_MEMBERSHIP
VMC,2024-12-31,Vulcan Materials Co,VULCAN MATERIALS,929160109,,IN_MEMBERSHIP
VMC,2025-03-31,Vulcan Materials Co,VULCAN MATERIALS,929160109,,IN_MEMBERSHIP
VMC,2025-06-30,Vulcan Materials Co,VULCAN MATERIALS,929160109,,IN_MEMBERSHIP
VMC,2025-09-30,Vulcan Materials Co,VULCAN MATERIALS,929160109,,IN_MEMBERSHIP
VMC,2025-12-31,Vulcan Materials Co,VULCAN MATERIALS,929160109,,IN_MEMBERSHIP
VRSK,2020-12-31,Verisk Analytics Inc,VERISK ANALYTICS,92345Y106,,PRE_WINDOW_SUPPORT
VRSK,2021-03-31,Verisk Analytics Inc,VERISK ANALYTICS,92345Y106,,IN_MEMBERSHIP
VRSK,2021-06-30,Verisk Analytics Inc,VERISK ANALYTICS,92345Y106,,IN_MEMBERSHIP
VRSK,2021-09-30,Verisk Analytics Inc,VERISK ANALYTICS,92345Y106,,IN_MEMBERSHIP
VRSK,2021-12-31,Verisk Analytics Inc,VERISK ANALYTICS,92345Y106,,IN_MEMBERSHIP
VRSK,2022-03-31,Verisk Analytics Inc,VERISK ANALYTICS,92345Y106,,IN_MEMBERSHIP
VRSK,2022-06-30,Verisk Analytics Inc,VERISK ANALYTICS,92345Y106,,IN_MEMBERSHIP
VRSK,2022-09-30,Verisk Analytics Inc,VERISK ANALYTICS,92345Y106,,IN_MEMBERSHIP
VRSK,2022-12-31,Verisk Analytics Inc,VERISK ANALYTICS,92345Y106,,IN_MEMBERSHIP
VRSK,2023-03-31,Verisk Analytics Inc,VERISK ANALYTICS,92345Y106,,IN_MEMBERSHIP
VRSK,2023-06-30,Verisk Analytics Inc,VERISK ANALYTICS,92345Y106,,IN_MEMBERSHIP
VRSK,2023-09-30,Verisk Analytics Inc,VERISK ANALYTICS,92345Y106,,IN_MEMBERSHIP
VRSK,2023-12-31,Verisk Analytics Inc,VERISK ANALYTICS,92345Y106,,IN_MEMBERSHIP
VRSK,2024-03-31,Verisk Analytics Inc,VERISK ANALYTICS,92345Y106,,IN_MEMBERSHIP
VRSK,2024-06-30,Verisk Analytics Inc,VERISK ANALYTICS,92345Y106,,IN_MEMBERSHIP
VRSK,2024-09-30,Verisk Analytics Inc,VERISK ANALYTICS,92345Y106,,IN_MEMBERSHIP
VRSK,2024-12-31,Verisk Analytics Inc,VERISK ANALYTICS,92345Y106,,IN_MEMBERSHIP
VRSK,2025-03-31,Verisk Analytics Inc,VERISK ANALYTICS,92345Y106,,IN_MEMBERSHIP
VRSK,2025-06-30,Verisk Analytics Inc,VERISK ANALYTICS,92345Y106,,IN_MEMBERSHIP
VRSK,2025-09-30,Verisk Analytics Inc,VERISK ANALYTICS,92345Y106,,IN_MEMBERSHIP
VRSK,2025-12-31,Verisk Analytics Inc,VERISK ANALYTICS,92345Y106,,IN_MEMBERSHIP
VRSN,2020-12-31,VeriSign Inc,VERISIGN,92343E102,,PRE_WINDOW_SUPPORT
VRSN,2021-03-31,VeriSign Inc,VERISIGN,92343E102,,IN_MEMBERSHIP
VRSN,2021-06-30,VeriSign Inc,VERISIGN,92343E102,,IN_MEMBERSHIP
VRSN,2021-09-30,VeriSign Inc,VERISIGN,92343E102,,IN_MEMBERSHIP
VRSN,2021-12-31,VeriSign Inc,VERISIGN,92343E102,,IN_MEMBERSHIP
VRSN,2022-03-31,VeriSign Inc,VERISIGN,92343E102,,IN_MEMBERSHIP
VRSN,2022-06-30,VeriSign Inc,VERISIGN,92343E102,,IN_MEMBERSHIP
VRSN,2022-09-30,VeriSign Inc,VERISIGN,92343E102,,IN_MEMBERSHIP
VRSN,2022-12-31,VeriSign Inc,VERISIGN,92343E102,,IN_MEMBERSHIP
VRSN,2023-03-31,VeriSign Inc,VERISIGN,92343E102,,IN_MEMBERSHIP
VRSN,2023-06-30,VeriSign Inc,VERISIGN,92343E102,,IN_MEMBERSHIP
VRSN,2023-09-30,VeriSign Inc,VERISIGN,92343E102,,IN_MEMBERSHIP
VRSN,2023-12-31,VeriSign Inc,VERISIGN,92343E102,,IN_MEMBERSHIP
VRSN,2024-03-31,VeriSign Inc,VERISIGN,92343E102,,IN_MEMBERSHIP
VRSN,2024-06-30,VeriSign Inc,VERISIGN,92343E102,,IN_MEMBERSHIP
VRSN,2024-09-30,VeriSign Inc,VERISIGN,92343E102,,IN_MEMBERSHIP
VRSN,2024-12-31,VeriSign Inc,VERISIGN,92343E102,,IN_MEMBERSHIP
VRSN,2025-03-31,VeriSign Inc,VERISIGN,92343E102,,IN_MEMBERSHIP
VRSN,2025-06-30,VeriSign Inc,VERISIGN,92343E102,,IN_MEMBERSHIP
VRSN,2025-09-30,VeriSign Inc,VERISIGN,92343E102,,IN_MEMBERSHIP
VRSN,2025-12-31,VeriSign Inc,VERISIGN,92343E102,,IN_MEMBERSHIP
VRTX,2020-12-31,Vertex Pharmaceuticals Inc,VERTEX PHARMACEUTICALS,92532F100,,PRE_WINDOW_SUPPORT
VRTX,2021-03-31,Vertex Pharmaceuticals Inc,VERTEX PHARMACEUTICALS,92532F100,,IN_MEMBERSHIP
VRTX,2021-06-30,Vertex Pharmaceuticals Inc,VERTEX PHARMACEUTICALS,92532F100,,IN_MEMBERSHIP
VRTX,2021-09-30,Vertex Pharmaceuticals Inc,VERTEX PHARMACEUTICALS,92532F100,,IN_MEMBERSHIP
VRTX,2021-12-31,Vertex Pharmaceuticals Inc,VERTEX PHARMACEUTICALS,92532F100,,IN_MEMBERSHIP
VRTX,2022-03-31,Vertex Pharmaceuticals Inc,VERTEX PHARMACEUTICALS,92532F100,,IN_MEMBERSHIP
VRTX,2022-06-30,Vertex Pharmaceuticals Inc,VERTEX PHARMACEUTICALS,92532F100,,IN_MEMBERSHIP
VRTX,2022-09-30,Vertex Pharmaceuticals Inc,VERTEX PHARMACEUTICALS,92532F100,,IN_MEMBERSHIP
VRTX,2022-12-31,Vertex Pharmaceuticals Inc,VERTEX PHARMACEUTICALS,92532F100,,IN_MEMBERSHIP
VRTX,2023-03-31,Vertex Pharmaceuticals Inc,VERTEX PHARMACEUTICALS,92532F100,,IN_MEMBERSHIP
VRTX,2023-06-30,Vertex Pharmaceuticals Inc,VERTEX PHARMACEUTICALS,92532F100,,IN_MEMBERSHIP
VRTX,2023-09-30,Vertex Pharmaceuticals Inc,VERTEX PHARMACEUTICALS,92532F100,,IN_MEMBERSHIP
VRTX,2023-12-31,Vertex Pharmaceuticals Inc,VERTEX PHARMACEUTICALS,92532F100,,IN_MEMBERSHIP
VRTX,2024-03-31,Vertex Pharmaceuticals Inc,VERTEX PHARMACEUTICALS,92532F100,,IN_MEMBERSHIP
VRTX,2024-06-30,Vertex Pharmaceuticals Inc,VERTEX PHARMACEUTICALS,92532F100,,IN_MEMBERSHIP
VRTX,2024-09-30,Vertex Pharmaceuticals Inc,VERTEX PHARMACEUTICALS,92532F100,,IN_MEMBERSHIP
VRTX,2024-12-31,Vertex Pharmaceuticals Inc,VERTEX PHARMACEUTICALS,92532F100,,IN_MEMBERSHIP
VRTX,2025-03-31,Vertex Pharmaceuticals Inc,VERTEX PHARMACEUTICALS,92532F100,,IN_MEMBERSHIP
VRTX,2025-06-30,Vertex Pharmaceuticals Inc,VERTEX PHARMACEUTICALS,92532F100,,IN_MEMBERSHIP
VRTX,2025-09-30,Vertex Pharmaceuticals Inc,VERTEX PHARMACEUTICALS,92532F100,,IN_MEMBERSHIP
VRTX,2025-12-31,Vertex Pharmaceuticals Inc,VERTEX PHARMACEUTICALS,92532F100,,IN_MEMBERSHIP
VST,2024-06-30,Vistra Corp,VISTRA,92840M102,,IN_MEMBERSHIP
VST,2024-09-30,Vistra Corp,VISTRA,92840M102,,IN_MEMBERSHIP
VST,2024-12-31,Vistra Corp,VISTRA,92840M102,,IN_MEMBERSHIP
VST,2025-03-31,Vistra Corp,VISTRA,92840M102,,IN_MEMBERSHIP
VST,2025-06-30,Vistra Corp,VISTRA,92840M102,,IN_MEMBERSHIP
VST,2025-09-30,Vistra Corp,VISTRA,92840M102,,IN_MEMBERSHIP
VST,2025-12-31,Vistra Corp,VISTRA,92840M102,,IN_MEMBERSHIP
VTR,2020-12-31,Ventas Inc,VENTAS,92276F100,,PRE_WINDOW_SUPPORT
VTR,2021-03-31,Ventas Inc,VENTAS,92276F100,,IN_MEMBERSHIP
VTR,2021-06-30,Ventas Inc,VENTAS,92276F100,,IN_MEMBERSHIP
VTR,2021-09-30,Ventas Inc,VENTAS,92276F100,,IN_MEMBERSHIP
VTR,2021-12-31,Ventas Inc,VENTAS,92276F100,,IN_MEMBERSHIP
VTR,2022-03-31,Ventas Inc,VENTAS,92276F100,,IN_MEMBERSHIP
VTR,2022-06-30,Ventas Inc,VENTAS,92276F100,,IN_MEMBERSHIP
VTR,2022-09-30,Ventas Inc,VENTAS,92276F100,,IN_MEMBERSHIP
VTR,2022-12-31,Ventas Inc,VENTAS,92276F100,,IN_MEMBERSHIP
VTR,2023-03-31,Ventas Inc,VENTAS,92276F100,,IN_MEMBERSHIP
VTR,2023-06-30,Ventas Inc,VENTAS,92276F100,,IN_MEMBERSHIP
VTR,2023-09-30,Ventas Inc,VENTAS,92276F100,,IN_MEMBERSHIP
VTR,2023-12-31,Ventas Inc,VENTAS,92276F100,,IN_MEMBERSHIP
VTR,2024-03-31,Ventas Inc,VENTAS,92276F100,,IN_MEMBERSHIP
VTR,2024-06-30,Ventas Inc,VENTAS,92276F100,,IN_MEMBERSHIP
VTR,2024-09-30,Ventas Inc,VENTAS,92276F100,,IN_MEMBERSHIP
VTR,2024-12-31,Ventas Inc,VENTAS,92276F100,,IN_MEMBERSHIP
VTR,2025-03-31,Ventas Inc,VENTAS,92276F100,,IN_MEMBERSHIP
VTR,2025-06-30,Ventas Inc,VENTAS,92276F100,,IN_MEMBERSHIP
VTR,2025-09-30,Ventas Inc,VENTAS,92276F100,,IN_MEMBERSHIP
VTR,2025-12-31,Ventas Inc,VENTAS,92276F100,,IN_MEMBERSHIP
VTRS,2020-12-31,Viatris Inc,VIATRIS,92556V106,,PRE_WINDOW_SUPPORT
VTRS,2021-03-31,Viatris Inc,VIATRIS,92556V106,,IN_MEMBERSHIP
VTRS,2021-06-30,Viatris Inc,VIATRIS,92556V106,,IN_MEMBERSHIP
VTRS,2021-09-30,Viatris Inc,VIATRIS,92556V106,,IN_MEMBERSHIP
VTRS,2021-12-31,Viatris Inc,VIATRIS,92556V106,,IN_MEMBERSHIP
VTRS,2022-03-31,Viatris Inc,VIATRIS,92556V106,,IN_MEMBERSHIP
VTRS,2022-06-30,Viatris Inc,VIATRIS,92556V106,,IN_MEMBERSHIP
VTRS,2022-09-30,Viatris Inc,VIATRIS,92556V106,,IN_MEMBERSHIP
VTRS,2022-12-31,Viatris Inc,VIATRIS,92556V106,,IN_MEMBERSHIP
VTRS,2023-03-31,Viatris Inc,VIATRIS,92556V106,,IN_MEMBERSHIP
VTRS,2023-06-30,Viatris Inc,VIATRIS,92556V106,,IN_MEMBERSHIP
VTRS,2023-09-30,Viatris Inc,VIATRIS,92556V106,,IN_MEMBERSHIP
VTRS,2023-12-31,Viatris Inc,VIATRIS,92556V106,,IN_MEMBERSHIP
VTRS,2024-03-31,Viatris Inc,VIATRIS,92556V106,,IN_MEMBERSHIP
VTRS,2024-06-30,Viatris Inc,VIATRIS,92556V106,,IN_MEMBERSHIP
VTRS,2024-09-30,Viatris Inc,VIATRIS,92556V106,,IN_MEMBERSHIP
VTRS,2024-12-31,Viatris Inc,VIATRIS,92556V106,,IN_MEMBERSHIP
VTRS,2025-03-31,Viatris Inc,VIATRIS,92556V106,,IN_MEMBERSHIP
VTRS,2025-06-30,Viatris Inc,VIATRIS,92556V106,,IN_MEMBERSHIP
VTRS,2025-09-30,Viatris Inc,VIATRIS,92556V106,,IN_MEMBERSHIP
VTRS,2025-12-31,Viatris Inc,VIATRIS,92556V106,,IN_MEMBERSHIP
VZ,2020-12-31,Verizon Communications Inc,VERIZON COMMUNICATIONS,92343V104,,PRE_WINDOW_SUPPORT
VZ,2021-03-31,Verizon Communications Inc,VERIZON COMMUNICATIONS,92343V104,,IN_MEMBERSHIP
VZ,2021-06-30,Verizon Communications Inc,VERIZON COMMUNICATIONS,92343V104,,IN_MEMBERSHIP
VZ,2021-09-30,Verizon Communications Inc,VERIZON COMMUNICATIONS,92343V104,,IN_MEMBERSHIP
VZ,2021-12-31,Verizon Communications Inc,VERIZON COMMUNICATIONS,92343V104,,IN_MEMBERSHIP
VZ,2022-03-31,Verizon Communications Inc,VERIZON COMMUNICATIONS,92343V104,,IN_MEMBERSHIP
VZ,2022-06-30,Verizon Communications Inc,VERIZON COMMUNICATIONS,92343V104,,IN_MEMBERSHIP
VZ,2022-09-30,Verizon Communications Inc,VERIZON COMMUNICATIONS,92343V104,,IN_MEMBERSHIP
VZ,2022-12-31,Verizon Communications Inc,VERIZON COMMUNICATIONS,92343V104,,IN_MEMBERSHIP
VZ,2023-03-31,Verizon Communications Inc,VERIZON COMMUNICATIONS,92343V104,,IN_MEMBERSHIP
VZ,2023-06-30,Verizon Communications Inc,VERIZON COMMUNICATIONS,92343V104,,IN_MEMBERSHIP
VZ,2023-09-30,Verizon Communications Inc,VERIZON COMMUNICATIONS,92343V104,,IN_MEMBERSHIP
VZ,2023-12-31,Verizon Communications Inc,VERIZON COMMUNICATIONS,92343V104,,IN_MEMBERSHIP
VZ,2024-03-31,Verizon Communications Inc,VERIZON COMMUNICATIONS,92343V104,,IN_MEMBERSHIP
VZ,2024-06-30,Verizon Communications Inc,VERIZON COMMUNICATIONS,92343V104,,IN_MEMBERSHIP
VZ,2024-09-30,Verizon Communications Inc,VERIZON COMMUNICATIONS,92343V104,,IN_MEMBERSHIP
VZ,2024-12-31,Verizon Communications Inc,VERIZON COMMUNICATIONS,92343V104,,IN_MEMBERSHIP
VZ,2025-03-31,Verizon Communications Inc,VERIZON COMMUNICATIONS,92343V104,,IN_MEMBERSHIP
VZ,2025-06-30,Verizon Communications Inc,VERIZON COMMUNICATIONS,92343V104,,IN_MEMBERSHIP
VZ,2025-09-30,Verizon Communications Inc,VERIZON COMMUNICATIONS,92343V104,,IN_MEMBERSHIP
VZ,2025-12-31,Verizon Communications Inc,VERIZON COMMUNICATIONS,92343V104,,IN_MEMBERSHIP
WAB,2020-12-31,Westinghouse Air Brake Technologies Corp,WESTINGHOUSE AIR BRAKE TECHNOLOGIES,929740108,,PRE_WINDOW_SUPPORT
WAB,2021-03-31,Westinghouse Air Brake Technologies Corp,WESTINGHOUSE AIR BRAKE TECHNOLOGIES,929740108,,IN_MEMBERSHIP
WAB,2021-06-30,Westinghouse Air Brake Technologies Corp,WESTINGHOUSE AIR BRAKE TECHNOLOGIES,929740108,,IN_MEMBERSHIP
WAB,2021-09-30,Westinghouse Air Brake Technologies Corp,WESTINGHOUSE AIR BRAKE TECHNOLOGIES,929740108,,IN_MEMBERSHIP
WAB,2021-12-31,Westinghouse Air Brake Technologies Corp,WESTINGHOUSE AIR BRAKE TECHNOLOGIES,929740108,,IN_MEMBERSHIP
WAB,2022-03-31,Westinghouse Air Brake Technologies Corp,WESTINGHOUSE AIR BRAKE TECHNOLOGIES,929740108,,IN_MEMBERSHIP
WAB,2022-06-30,Westinghouse Air Brake Technologies Corp,WESTINGHOUSE AIR BRAKE TECHNOLOGIES,929740108,,IN_MEMBERSHIP
WAB,2022-09-30,Westinghouse Air Brake Technologies Corp,WESTINGHOUSE AIR BRAKE TECHNOLOGIES,929740108,,IN_MEMBERSHIP
WAB,2022-12-31,Westinghouse Air Brake Technologies Corp,WESTINGHOUSE AIR BRAKE TECHNOLOGIES,929740108,,IN_MEMBERSHIP
WAB,2023-03-31,Westinghouse Air Brake Technologies Corp,WESTINGHOUSE AIR BRAKE TECHNOLOGIES,929740108,,IN_MEMBERSHIP
WAB,2023-06-30,Westinghouse Air Brake Technologies Corp,WESTINGHOUSE AIR BRAKE TECHNOLOGIES,929740108,,IN_MEMBERSHIP
WAB,2023-09-30,Westinghouse Air Brake Technologies Corp,WESTINGHOUSE AIR BRAKE TECHNOLOGIES,929740108,,IN_MEMBERSHIP
WAB,2023-12-31,Westinghouse Air Brake Technologies Corp,WESTINGHOUSE AIR BRAKE TECHNOLOGIES,929740108,,IN_MEMBERSHIP
WAB,2024-03-31,Westinghouse Air Brake Technologies Corp,WESTINGHOUSE AIR BRAKE TECHNOLOGIES,929740108,,IN_MEMBERSHIP
WAB,2024-06-30,Westinghouse Air Brake Technologies Corp,WESTINGHOUSE AIR BRAKE TECHNOLOGIES,929740108,,IN_MEMBERSHIP
WAB,2024-09-30,Westinghouse Air Brake Technologies Corp,WESTINGHOUSE AIR BRAKE TECHNOLOGIES,929740108,,IN_MEMBERSHIP
WAB,2024-12-31,Westinghouse Air Brake Technologies Corp,WESTINGHOUSE AIR BRAKE TECHNOLOGIES,929740108,,IN_MEMBERSHIP
WAB,2025-03-31,Westinghouse Air Brake Technologies Corp,WESTINGHOUSE AIR BRAKE TECHNOLOGIES,929740108,,IN_MEMBERSHIP
WAB,2025-06-30,Westinghouse Air Brake Technologies Corp,WESTINGHOUSE AIR BRAKE TECHNOLOGIES,929740108,,IN_MEMBERSHIP
WAB,2025-09-30,Westinghouse Air Brake Technologies Corp,WESTINGHOUSE AIR BRAKE TECHNOLOGIES,929740108,,IN_MEMBERSHIP
WAB,2025-12-31,Westinghouse Air Brake Technologies Corp,WESTINGHOUSE AIR BRAKE TECHNOLOGIES,929740108,,IN_MEMBERSHIP
WAT,2020-12-31,Waters Corp,WATERS,941848103,,PRE_WINDOW_SUPPORT
WAT,2021-03-31,Waters Corp,WATERS,941848103,,IN_MEMBERSHIP
WAT,2021-06-30,Waters Corp,WATERS,941848103,,IN_MEMBERSHIP
WAT,2021-09-30,Waters Corp,WATERS,941848103,,IN_MEMBERSHIP
WAT,2021-12-31,Waters Corp,WATERS,941848103,,IN_MEMBERSHIP
WAT,2022-03-31,Waters Corp,WATERS,941848103,,IN_MEMBERSHIP
WAT,2022-06-30,Waters Corp,WATERS,941848103,,IN_MEMBERSHIP
WAT,2022-09-30,Waters Corp,WATERS,941848103,,IN_MEMBERSHIP
WAT,2022-12-31,Waters Corp,WATERS,941848103,,IN_MEMBERSHIP
WAT,2023-03-31,Waters Corp,WATERS,941848103,,IN_MEMBERSHIP
WAT,2023-06-30,Waters Corp,WATERS,941848103,,IN_MEMBERSHIP
WAT,2023-09-30,Waters Corp,WATERS,941848103,,IN_MEMBERSHIP
WAT,2023-12-31,Waters Corp,WATERS,941848103,,IN_MEMBERSHIP
WAT,2024-03-31,Waters Corp,WATERS,941848103,,IN_MEMBERSHIP
WAT,2024-06-30,Waters Corp,WATERS,941848103,,IN_MEMBERSHIP
WAT,2024-09-30,Waters Corp,WATERS,941848103,,IN_MEMBERSHIP
WAT,2024-12-31,Waters Corp,WATERS,941848103,,IN_MEMBERSHIP
WAT,2025-03-31,Waters Corp,WATERS,941848103,,IN_MEMBERSHIP
WAT,2025-06-30,Waters Corp,WATERS,941848103,,IN_MEMBERSHIP
WAT,2025-09-30,Waters Corp,WATERS,941848103,,IN_MEMBERSHIP
WAT,2025-12-31,Waters Corp,WATERS,941848103,,IN_MEMBERSHIP
WBD,2022-06-30,Warner Bros Discovery Inc,WARNER BROS DISCOVERY,934423104,,IN_MEMBERSHIP
WBD,2022-09-30,Warner Bros Discovery Inc,WARNER BROS DISCOVERY,934423104,,IN_MEMBERSHIP
WBD,2022-12-31,Warner Bros Discovery Inc,WARNER BROS DISCOVERY,934423104,,IN_MEMBERSHIP
WBD,2023-03-31,Warner Bros Discovery Inc,WARNER BROS DISCOVERY,934423104,,IN_MEMBERSHIP
WBD,2023-06-30,Warner Bros Discovery Inc,WARNER BROS DISCOVERY,934423104,,IN_MEMBERSHIP
WBD,2023-09-30,Warner Bros Discovery Inc,WARNER BROS DISCOVERY,934423104,,IN_MEMBERSHIP
WBD,2023-12-31,Warner Bros Discovery Inc,WARNER BROS DISCOVERY,934423104,,IN_MEMBERSHIP
WBD,2024-03-31,Warner Bros Discovery Inc,WARNER BROS DISCOVERY,934423104,,IN_MEMBERSHIP
WBD,2024-06-30,Warner Bros Discovery Inc,WARNER BROS DISCOVERY,934423104,,IN_MEMBERSHIP
WBD,2024-09-30,Warner Bros Discovery Inc,WARNER BROS DISCOVERY,934423104,,IN_MEMBERSHIP
WBD,2024-12-31,Warner Bros Discovery Inc,WARNER BROS DISCOVERY,934423104,,IN_MEMBERSHIP
WBD,2025-03-31,Warner Bros Discovery Inc,WARNER BROS DISCOVERY,934423104,,IN_MEMBERSHIP
WBD,2025-06-30,Warner Bros Discovery Inc,WARNER BROS DISCOVERY,934423104,,IN_MEMBERSHIP
WBD,2025-09-30,Warner Bros Discovery Inc,WARNER BROS DISCOVERY,934423104,,IN_MEMBERSHIP
WBD,2025-12-31,Warner Bros Discovery Inc,WARNER BROS DISCOVERY,934423104,,IN_MEMBERSHIP
WDAY,2024-12-31,Workday Inc,WORKDAY,98138H101,,IN_MEMBERSHIP
WDAY,2025-03-31,Workday Inc,WORKDAY,98138H101,,IN_MEMBERSHIP
WDAY,2025-06-30,Workday Inc,WORKDAY,98138H101,,IN_MEMBERSHIP
WDAY,2025-09-30,Workday Inc,WORKDAY,98138H101,,IN_MEMBERSHIP
WDAY,2025-12-31,Workday Inc,WORKDAY,98138H101,,IN_MEMBERSHIP
WDC,2020-12-31,Western Digital Corp,WESTERN DIGITAL,958102105,,PRE_WINDOW_SUPPORT
WDC,2021-03-31,Western Digital Corp,WESTERN DIGITAL,958102105,,IN_MEMBERSHIP
WDC,2021-06-30,Western Digital Corp,WESTERN DIGITAL,958102105,,IN_MEMBERSHIP
WDC,2021-09-30,Western Digital Corp,WESTERN DIGITAL,958102105,,IN_MEMBERSHIP
WDC,2021-12-31,Western Digital Corp,WESTERN DIGITAL,958102105,,IN_MEMBERSHIP
WDC,2022-03-31,Western Digital Corp,WESTERN DIGITAL,958102105,,IN_MEMBERSHIP
WDC,2022-06-30,Western Digital Corp,WESTERN DIGITAL,958102105,,IN_MEMBERSHIP
WDC,2022-09-30,Western Digital Corp,WESTERN DIGITAL,958102105,,IN_MEMBERSHIP
WDC,2022-12-31,Western Digital Corp,WESTERN DIGITAL,958102105,,IN_MEMBERSHIP
WDC,2023-03-31,Western Digital Corp,WESTERN DIGITAL,958102105,,IN_MEMBERSHIP
WDC,2023-06-30,Western Digital Corp,WESTERN DIGITAL,958102105,,IN_MEMBERSHIP
WDC,2023-09-30,Western Digital Corp,WESTERN DIGITAL,958102105,,IN_MEMBERSHIP
WDC,2023-12-31,Western Digital Corp,WESTERN DIGITAL,958102105,,IN_MEMBERSHIP
WDC,2024-03-31,Western Digital Corp,WESTERN DIGITAL,958102105,,IN_MEMBERSHIP
WDC,2024-06-30,Western Digital Corp,WESTERN DIGITAL,958102105,,IN_MEMBERSHIP
WDC,2024-09-30,Western Digital Corp,WESTERN DIGITAL,958102105,,IN_MEMBERSHIP
WDC,2024-12-31,Western Digital Corp,WESTERN DIGITAL,958102105,,IN_MEMBERSHIP
WDC,2025-03-31,Western Digital Corp,WESTERN DIGITAL,958102105,,IN_MEMBERSHIP
WDC,2025-06-30,Western Digital Corp,WESTERN DIGITAL,958102105,,IN_MEMBERSHIP
WDC,2025-09-30,Western Digital Corp,WESTERN DIGITAL,958102105,,IN_MEMBERSHIP
WDC,2025-12-31,Western Digital Corp,WESTERN DIGITAL,958102105,,IN_MEMBERSHIP
WEC,2020-12-31,WEC Energy Group Inc,WEC ENERGY GROUP,92939U106,,PRE_WINDOW_SUPPORT
WEC,2021-03-31,WEC Energy Group Inc,WEC ENERGY GROUP,92939U106,,IN_MEMBERSHIP
WEC,2021-06-30,WEC Energy Group Inc,WEC ENERGY GROUP,92939U106,,IN_MEMBERSHIP
WEC,2021-09-30,WEC Energy Group Inc,WEC ENERGY GROUP,92939U106,,IN_MEMBERSHIP
WEC,2021-12-31,WEC Energy Group Inc,WEC ENERGY GROUP,92939U106,,IN_MEMBERSHIP
WEC,2022-03-31,WEC Energy Group Inc,WEC ENERGY GROUP,92939U106,,IN_MEMBERSHIP
WEC,2022-06-30,WEC Energy Group Inc,WEC ENERGY GROUP,92939U106,,IN_MEMBERSHIP
WEC,2022-09-30,WEC Energy Group Inc,WEC ENERGY GROUP,92939U106,,IN_MEMBERSHIP
WEC,2022-12-31,WEC Energy Group Inc,WEC ENERGY GROUP,92939U106,,IN_MEMBERSHIP
WEC,2023-03-31,WEC Energy Group Inc,WEC ENERGY GROUP,92939U106,,IN_MEMBERSHIP
WEC,2023-06-30,WEC Energy Group Inc,WEC ENERGY GROUP,92939U106,,IN_MEMBERSHIP
WEC,2023-09-30,WEC Energy Group Inc,WEC ENERGY GROUP,92939U106,,IN_MEMBERSHIP
WEC,2023-12-31,WEC Energy Group Inc,WEC ENERGY GROUP,92939U106,,IN_MEMBERSHIP
WEC,2024-03-31,WEC Energy Group Inc,WEC ENERGY GROUP,92939U106,,IN_MEMBERSHIP
WEC,2024-06-30,WEC Energy Group Inc,WEC ENERGY GROUP,92939U106,,IN_MEMBERSHIP
WEC,2024-09-30,WEC Energy Group Inc,WEC ENERGY GROUP,92939U106,,IN_MEMBERSHIP
WEC,2024-12-31,WEC Energy Group Inc,WEC ENERGY GROUP,92939U106,,IN_MEMBERSHIP
WEC,2025-03-31,WEC Energy Group Inc,WEC ENERGY GROUP,92939U106,,IN_MEMBERSHIP
WEC,2025-06-30,WEC Energy Group Inc,WEC ENERGY GROUP,92939U106,,IN_MEMBERSHIP
WEC,2025-09-30,WEC Energy Group Inc,WEC ENERGY GROUP,92939U106,,IN_MEMBERSHIP
WEC,2025-12-31,WEC Energy Group Inc,WEC ENERGY GROUP,92939U106,,IN_MEMBERSHIP
WELL,2020-12-31,Welltower Inc,WELLTOWER,95040Q104,,PRE_WINDOW_SUPPORT
WELL,2021-03-31,Welltower Inc,WELLTOWER,95040Q104,,IN_MEMBERSHIP
WELL,2021-06-30,Welltower Inc,WELLTOWER,95040Q104,,IN_MEMBERSHIP
WELL,2021-09-30,Welltower Inc,WELLTOWER,95040Q104,,IN_MEMBERSHIP
WELL,2021-12-31,Welltower Inc,WELLTOWER,95040Q104,,IN_MEMBERSHIP
WELL,2022-03-31,Welltower Inc,WELLTOWER,95040Q104,,IN_MEMBERSHIP
WELL,2022-06-30,Welltower Inc,WELLTOWER,95040Q104,,IN_MEMBERSHIP
WELL,2022-09-30,Welltower Inc,WELLTOWER,95040Q104,,IN_MEMBERSHIP
WELL,2022-12-31,Welltower Inc,WELLTOWER,95040Q104,,IN_MEMBERSHIP
WELL,2023-03-31,Welltower Inc,WELLTOWER,95040Q104,,IN_MEMBERSHIP
WELL,2023-06-30,Welltower Inc,WELLTOWER,95040Q104,,IN_MEMBERSHIP
WELL,2023-09-30,Welltower Inc,WELLTOWER,95040Q104,,IN_MEMBERSHIP
WELL,2023-12-31,Welltower Inc,WELLTOWER,95040Q104,,IN_MEMBERSHIP
WELL,2024-03-31,Welltower Inc,WELLTOWER,95040Q104,,IN_MEMBERSHIP
WELL,2024-06-30,Welltower Inc,WELLTOWER,95040Q104,,IN_MEMBERSHIP
WELL,2024-09-30,Welltower Inc,WELLTOWER,95040Q104,,IN_MEMBERSHIP
WELL,2024-12-31,Welltower Inc,WELLTOWER,95040Q104,,IN_MEMBERSHIP
WELL,2025-03-31,Welltower Inc,WELLTOWER,95040Q104,,IN_MEMBERSHIP
WELL,2025-06-30,Welltower Inc,WELLTOWER,95040Q104,,IN_MEMBERSHIP
WELL,2025-09-30,Welltower Inc,WELLTOWER,95040Q104,,IN_MEMBERSHIP
WELL,2025-12-31,Welltower Inc,WELLTOWER,95040Q104,,IN_MEMBERSHIP
WFC,2020-12-31,Wells Fargo & Co,WELLS FARGO AND,949746101,,PRE_WINDOW_SUPPORT
WFC,2021-03-31,Wells Fargo & Co,WELLS FARGO AND,949746101,,IN_MEMBERSHIP
WFC,2021-06-30,Wells Fargo & Co,WELLS FARGO AND,949746101,,IN_MEMBERSHIP
WFC,2021-09-30,Wells Fargo & Co,WELLS FARGO AND,949746101,,IN_MEMBERSHIP
WFC,2021-12-31,Wells Fargo & Co,WELLS FARGO AND,949746101,,IN_MEMBERSHIP
WFC,2022-03-31,Wells Fargo & Co,WELLS FARGO AND,949746101,,IN_MEMBERSHIP
WFC,2022-06-30,Wells Fargo & Co,WELLS FARGO AND,949746101,,IN_MEMBERSHIP
WFC,2022-09-30,Wells Fargo & Co,WELLS FARGO AND,949746101,,IN_MEMBERSHIP
WFC,2022-12-31,Wells Fargo & Co,WELLS FARGO AND,949746101,,IN_MEMBERSHIP
WFC,2023-03-31,Wells Fargo & Co,WELLS FARGO AND,949746101,,IN_MEMBERSHIP
WFC,2023-06-30,Wells Fargo & Co,WELLS FARGO AND,949746101,,IN_MEMBERSHIP
WFC,2023-09-30,Wells Fargo & Co,WELLS FARGO AND,949746101,,IN_MEMBERSHIP
WFC,2023-12-31,Wells Fargo & Co,WELLS FARGO AND,949746101,,IN_MEMBERSHIP
WFC,2024-03-31,Wells Fargo & Co,WELLS FARGO AND,949746101,,IN_MEMBERSHIP
WFC,2024-06-30,Wells Fargo & Co,WELLS FARGO AND,949746101,,IN_MEMBERSHIP
WFC,2024-09-30,Wells Fargo & Co,WELLS FARGO AND,949746101,,IN_MEMBERSHIP
WFC,2024-12-31,Wells Fargo & Co,WELLS FARGO AND,949746101,,IN_MEMBERSHIP
WFC,2025-03-31,Wells Fargo & Co,WELLS FARGO AND,949746101,,IN_MEMBERSHIP
WFC,2025-06-30,Wells Fargo & Co,WELLS FARGO AND,949746101,,IN_MEMBERSHIP
WFC,2025-09-30,Wells Fargo & Co,WELLS FARGO AND,949746101,,IN_MEMBERSHIP
WFC,2025-12-31,Wells Fargo & Co,WELLS FARGO AND,949746101,,IN_MEMBERSHIP
WM,2020-12-31,Waste Management Inc,WASTE MANAGEMENT,94106L109,,PRE_WINDOW_SUPPORT
WM,2021-03-31,Waste Management Inc,WASTE MANAGEMENT,94106L109,,IN_MEMBERSHIP
WM,2021-06-30,Waste Management Inc,WASTE MANAGEMENT,94106L109,,IN_MEMBERSHIP
WM,2021-09-30,Waste Management Inc,WASTE MANAGEMENT,94106L109,,IN_MEMBERSHIP
WM,2021-12-31,Waste Management Inc,WASTE MANAGEMENT,94106L109,,IN_MEMBERSHIP
WM,2022-03-31,Waste Management Inc,WASTE MANAGEMENT,94106L109,,IN_MEMBERSHIP
WM,2022-06-30,Waste Management Inc,WASTE MANAGEMENT,94106L109,,IN_MEMBERSHIP
WM,2022-09-30,Waste Management Inc,WASTE MANAGEMENT,94106L109,,IN_MEMBERSHIP
WM,2022-12-31,Waste Management Inc,WASTE MANAGEMENT,94106L109,,IN_MEMBERSHIP
WM,2023-03-31,Waste Management Inc,WASTE MANAGEMENT,94106L109,,IN_MEMBERSHIP
WM,2023-06-30,Waste Management Inc,WASTE MANAGEMENT,94106L109,,IN_MEMBERSHIP
WM,2023-09-30,Waste Management Inc,WASTE MANAGEMENT,94106L109,,IN_MEMBERSHIP
WM,2023-12-31,Waste Management Inc,WASTE MANAGEMENT,94106L109,,IN_MEMBERSHIP
WM,2024-03-31,Waste Management Inc,WASTE MANAGEMENT,94106L109,,IN_MEMBERSHIP
WM,2024-06-30,Waste Management Inc,WASTE MANAGEMENT,94106L109,,IN_MEMBERSHIP
WM,2024-09-30,Waste Management Inc,WASTE MANAGEMENT,94106L109,,IN_MEMBERSHIP
WM,2024-12-31,Waste Management Inc,WASTE MANAGEMENT,94106L109,,IN_MEMBERSHIP
WM,2025-03-31,Waste Management Inc,WASTE MANAGEMENT,94106L109,,IN_MEMBERSHIP
WM,2025-06-30,Waste Management Inc,WASTE MANAGEMENT,94106L109,,IN_MEMBERSHIP
WM,2025-09-30,Waste Management Inc,WASTE MANAGEMENT,94106L109,,IN_MEMBERSHIP
WM,2025-12-31,Waste Management Inc,WASTE MANAGEMENT,94106L109,,IN_MEMBERSHIP
WMB,2020-12-31,Williams Cos Inc/The,WILLIAMS COS,969457100,,PRE_WINDOW_SUPPORT
WMB,2021-03-31,Williams Cos Inc/The,WILLIAMS COS,969457100,,IN_MEMBERSHIP
WMB,2021-06-30,Williams Cos Inc/The,WILLIAMS COS,969457100,,IN_MEMBERSHIP
WMB,2021-09-30,Williams Cos Inc/The,WILLIAMS COS,969457100,,IN_MEMBERSHIP
WMB,2021-12-31,Williams Cos Inc/The,WILLIAMS COS,969457100,,IN_MEMBERSHIP
WMB,2022-03-31,Williams Cos Inc/The,WILLIAMS COS,969457100,,IN_MEMBERSHIP
WMB,2022-06-30,Williams Cos Inc/The,WILLIAMS COS,969457100,,IN_MEMBERSHIP
WMB,2022-09-30,Williams Cos Inc/The,WILLIAMS COS,969457100,,IN_MEMBERSHIP
WMB,2022-12-31,Williams Cos Inc/The,WILLIAMS COS,969457100,,IN_MEMBERSHIP
WMB,2023-03-31,Williams Cos Inc/The,WILLIAMS COS,969457100,,IN_MEMBERSHIP
WMB,2023-06-30,Williams Cos Inc/The,WILLIAMS COS,969457100,,IN_MEMBERSHIP
WMB,2023-09-30,Williams Cos Inc/The,WILLIAMS COS,969457100,,IN_MEMBERSHIP
WMB,2023-12-31,Williams Cos Inc/The,WILLIAMS COS,969457100,,IN_MEMBERSHIP
WMB,2024-03-31,Williams Cos Inc/The,WILLIAMS COS,969457100,,IN_MEMBERSHIP
WMB,2024-06-30,Williams Cos Inc/The,WILLIAMS COS,969457100,,IN_MEMBERSHIP
WMB,2024-09-30,Williams Cos Inc/The,WILLIAMS COS,969457100,,IN_MEMBERSHIP
WMB,2024-12-31,Williams Cos Inc/The,WILLIAMS COS,969457100,,IN_MEMBERSHIP
WMB,2025-03-31,Williams Cos Inc/The,WILLIAMS COS,969457100,,IN_MEMBERSHIP
WMB,2025-06-30,Williams Cos Inc/The,WILLIAMS COS,969457100,,IN_MEMBERSHIP
WMB,2025-09-30,Williams Cos Inc/The,WILLIAMS COS,969457100,,IN_MEMBERSHIP
WMB,2025-12-31,Williams Cos Inc/The,WILLIAMS COS,969457100,,IN_MEMBERSHIP
WMT,2020-12-31,Walmart Inc,WALMART,931142103,,PRE_WINDOW_SUPPORT
WMT,2021-03-31,Walmart Inc,WALMART,931142103,,IN_MEMBERSHIP
WMT,2021-06-30,Walmart Inc,WALMART,931142103,,IN_MEMBERSHIP
WMT,2021-09-30,Walmart Inc,WALMART,931142103,,IN_MEMBERSHIP
WMT,2021-12-31,Walmart Inc,WALMART,931142103,,IN_MEMBERSHIP
WMT,2022-03-31,Walmart Inc,WALMART,931142103,,IN_MEMBERSHIP
WMT,2022-06-30,Walmart Inc,WALMART,931142103,,IN_MEMBERSHIP
WMT,2022-09-30,Walmart Inc,WALMART,931142103,,IN_MEMBERSHIP
WMT,2022-12-31,Walmart Inc,WALMART,931142103,,IN_MEMBERSHIP
WMT,2023-03-31,Walmart Inc,WALMART,931142103,,IN_MEMBERSHIP
WMT,2023-06-30,Walmart Inc,WALMART,931142103,,IN_MEMBERSHIP
WMT,2023-09-30,Walmart Inc,WALMART,931142103,,IN_MEMBERSHIP
WMT,2023-12-31,Walmart Inc,WALMART,931142103,,IN_MEMBERSHIP
WMT,2024-03-31,Walmart Inc,WALMART,931142103,,IN_MEMBERSHIP
WMT,2024-06-30,Walmart Inc,WALMART,931142103,,IN_MEMBERSHIP
WMT,2024-09-30,Walmart Inc,WALMART,931142103,,IN_MEMBERSHIP
WMT,2024-12-31,Walmart Inc,WALMART,931142103,,IN_MEMBERSHIP
WMT,2025-03-31,Walmart Inc,WALMART,931142103,,IN_MEMBERSHIP
WMT,2025-06-30,Walmart Inc,WALMART,931142103,,IN_MEMBERSHIP
WMT,2025-09-30,Walmart Inc,WALMART,931142103,,IN_MEMBERSHIP
WMT,2025-12-31,Walmart Inc,WALMART,931142103,,IN_MEMBERSHIP
WRB,2020-12-31,W R Berkley Corp,W R BERKLEY,084423102,,PRE_WINDOW_SUPPORT
WRB,2021-03-31,W R Berkley Corp,W R BERKLEY,084423102,,IN_MEMBERSHIP
WRB,2021-06-30,W R Berkley Corp,W R BERKLEY,084423102,,IN_MEMBERSHIP
WRB,2021-09-30,W R Berkley Corp,W R BERKLEY,084423102,,IN_MEMBERSHIP
WRB,2021-12-31,W R Berkley Corp,W R BERKLEY,084423102,,IN_MEMBERSHIP
WRB,2022-03-31,W R Berkley Corp,W R BERKLEY,084423102,,IN_MEMBERSHIP
WRB,2022-06-30,W R Berkley Corp,W R BERKLEY,084423102,,IN_MEMBERSHIP
WRB,2022-09-30,W R Berkley Corp,W R BERKLEY,084423102,,IN_MEMBERSHIP
WRB,2022-12-31,W R Berkley Corp,W R BERKLEY,084423102,,IN_MEMBERSHIP
WRB,2023-03-31,W R Berkley Corp,W R BERKLEY,084423102,,IN_MEMBERSHIP
WRB,2023-06-30,W R Berkley Corp,W R BERKLEY,084423102,,IN_MEMBERSHIP
WRB,2023-09-30,W R Berkley Corp,W R BERKLEY,084423102,,IN_MEMBERSHIP
WRB,2023-12-31,W R Berkley Corp,W R BERKLEY,084423102,,IN_MEMBERSHIP
WRB,2024-03-31,W R Berkley Corp,W R BERKLEY,084423102,,IN_MEMBERSHIP
WRB,2024-06-30,W R Berkley Corp,W R BERKLEY,084423102,,IN_MEMBERSHIP
WRB,2024-09-30,W R Berkley Corp,W R BERKLEY,084423102,,IN_MEMBERSHIP
WRB,2024-12-31,W R Berkley Corp,W R BERKLEY,084423102,,IN_MEMBERSHIP
WRB,2025-03-31,W R Berkley Corp,W R BERKLEY,084423102,,IN_MEMBERSHIP
WRB,2025-06-30,W R Berkley Corp,W R BERKLEY,084423102,,IN_MEMBERSHIP
WRB,2025-09-30,W R Berkley Corp,W R BERKLEY,084423102,,IN_MEMBERSHIP
WRB,2025-12-31,W R Berkley Corp,W R BERKLEY,084423102,,IN_MEMBERSHIP
WSM,2025-03-31,Williams-Sonoma Inc,WILLIAMS SONOMA,969904101,,IN_MEMBERSHIP
WSM,2025-06-30,Williams-Sonoma Inc,WILLIAMS SONOMA,969904101,,IN_MEMBERSHIP
WSM,2025-09-30,Williams-Sonoma Inc,WILLIAMS SONOMA,969904101,,IN_MEMBERSHIP
WSM,2025-12-31,Williams-Sonoma Inc,WILLIAMS SONOMA,969904101,,IN_MEMBERSHIP
WST,2020-12-31,West Pharmaceutical Services Inc,WEST PHARMACEUTICAL SERVICES,955306105,,PRE_WINDOW_SUPPORT
WST,2021-03-31,West Pharmaceutical Services Inc,WEST PHARMACEUTICAL SERVICES,955306105,,IN_MEMBERSHIP
WST,2021-06-30,West Pharmaceutical Services Inc,WEST PHARMACEUTICAL SERVICES,955306105,,IN_MEMBERSHIP
WST,2021-09-30,West Pharmaceutical Services Inc,WEST PHARMACEUTICAL SERVICES,955306105,,IN_MEMBERSHIP
WST,2021-12-31,West Pharmaceutical Services Inc,WEST PHARMACEUTICAL SERVICES,955306105,,IN_MEMBERSHIP
WST,2022-03-31,West Pharmaceutical Services Inc,WEST PHARMACEUTICAL SERVICES,955306105,,IN_MEMBERSHIP
WST,2022-06-30,West Pharmaceutical Services Inc,WEST PHARMACEUTICAL SERVICES,955306105,,IN_MEMBERSHIP
WST,2022-09-30,West Pharmaceutical Services Inc,WEST PHARMACEUTICAL SERVICES,955306105,,IN_MEMBERSHIP
WST,2022-12-31,West Pharmaceutical Services Inc,WEST PHARMACEUTICAL SERVICES,955306105,,IN_MEMBERSHIP
WST,2023-03-31,West Pharmaceutical Services Inc,WEST PHARMACEUTICAL SERVICES,955306105,,IN_MEMBERSHIP
WST,2023-06-30,West Pharmaceutical Services Inc,WEST PHARMACEUTICAL SERVICES,955306105,,IN_MEMBERSHIP
WST,2023-09-30,West Pharmaceutical Services Inc,WEST PHARMACEUTICAL SERVICES,955306105,,IN_MEMBERSHIP
WST,2023-12-31,West Pharmaceutical Services Inc,WEST PHARMACEUTICAL SERVICES,955306105,,IN_MEMBERSHIP
WST,2024-03-31,West Pharmaceutical Services Inc,WEST PHARMACEUTICAL SERVICES,955306105,,IN_MEMBERSHIP
WST,2024-06-30,West Pharmaceutical Services Inc,WEST PHARMACEUTICAL SERVICES,955306105,,IN_MEMBERSHIP
WST,2024-09-30,West Pharmaceutical Services Inc,WEST PHARMACEUTICAL SERVICES,955306105,,IN_MEMBERSHIP
WST,2024-12-31,West Pharmaceutical Services Inc,WEST PHARMACEUTICAL SERVICES,955306105,,IN_MEMBERSHIP
WST,2025-03-31,West Pharmaceutical Services Inc,WEST PHARMACEUTICAL SERVICES,955306105,,IN_MEMBERSHIP
WST,2025-06-30,West Pharmaceutical Services Inc,WEST PHARMACEUTICAL SERVICES,955306105,,IN_MEMBERSHIP
WST,2025-09-30,West Pharmaceutical Services Inc,WEST PHARMACEUTICAL SERVICES,955306105,,IN_MEMBERSHIP
WST,2025-12-31,West Pharmaceutical Services Inc,WEST PHARMACEUTICAL SERVICES,955306105,,IN_MEMBERSHIP
WTW,2020-12-31,Willis Towers Watson PLC,WILLIS TOWERS WATSON,IE00BDB6Q211,,PRE_WINDOW_SUPPORT
WTW,2021-03-31,Willis Towers Watson PLC,WILLIS TOWERS WATSON,IE00BDB6Q211,,IN_MEMBERSHIP
WTW,2021-06-30,Willis Towers Watson PLC,WILLIS TOWERS WATSON,IE00BDB6Q211,,IN_MEMBERSHIP
WTW,2021-09-30,Willis Towers Watson PLC,WILLIS TOWERS WATSON,IE00BDB6Q211,,IN_MEMBERSHIP
WTW,2021-12-31,Willis Towers Watson PLC,WILLIS TOWERS WATSON,IE00BDB6Q211,,IN_MEMBERSHIP
WTW,2022-03-31,Willis Towers Watson PLC,WILLIS TOWERS WATSON,IE00BDB6Q211,,IN_MEMBERSHIP
WTW,2022-06-30,Willis Towers Watson PLC,WILLIS TOWERS WATSON,IE00BDB6Q211,,IN_MEMBERSHIP
WTW,2022-09-30,Willis Towers Watson PLC,WILLIS TOWERS WATSON,IE00BDB6Q211,,IN_MEMBERSHIP
WTW,2022-12-31,Willis Towers Watson PLC,WILLIS TOWERS WATSON,IE00BDB6Q211,,IN_MEMBERSHIP
WTW,2023-03-31,Willis Towers Watson PLC,WILLIS TOWERS WATSON,IE00BDB6Q211,,IN_MEMBERSHIP
WTW,2023-06-30,Willis Towers Watson PLC,WILLIS TOWERS WATSON,IE00BDB6Q211,,IN_MEMBERSHIP
WTW,2023-09-30,Willis Towers Watson PLC,WILLIS TOWERS WATSON,IE00BDB6Q211,,IN_MEMBERSHIP
WTW,2023-12-31,Willis Towers Watson PLC,WILLIS TOWERS WATSON,IE00BDB6Q211,,IN_MEMBERSHIP
WTW,2024-03-31,Willis Towers Watson PLC,WILLIS TOWERS WATSON,IE00BDB6Q211,,IN_MEMBERSHIP
WTW,2024-06-30,Willis Towers Watson PLC,WILLIS TOWERS WATSON,IE00BDB6Q211,,IN_MEMBERSHIP
WTW,2024-09-30,Willis Towers Watson PLC,WILLIS TOWERS WATSON,IE00BDB6Q211,,IN_MEMBERSHIP
WTW,2024-12-31,Willis Towers Watson PLC,WILLIS TOWERS WATSON,IE00BDB6Q211,,IN_MEMBERSHIP
WTW,2025-03-31,Willis Towers Watson PLC,WILLIS TOWERS WATSON,IE00BDB6Q211,,IN_MEMBERSHIP
WTW,2025-06-30,Willis Towers Watson PLC,WILLIS TOWERS WATSON,IE00BDB6Q211,,IN_MEMBERSHIP
WTW,2025-09-30,Willis Towers Watson PLC,WILLIS TOWERS WATSON,IE00BDB6Q211,,IN_MEMBERSHIP
WTW,2025-12-31,Willis Towers Watson PLC,WILLIS TOWERS WATSON,IE00BDB6Q211,,IN_MEMBERSHIP
WY,2020-12-31,Weyerhaeuser Co,WEYERHAEUSER,962166104,,PRE_WINDOW_SUPPORT
WY,2021-03-31,Weyerhaeuser Co,WEYERHAEUSER,962166104,,IN_MEMBERSHIP
WY,2021-06-30,Weyerhaeuser Co,WEYERHAEUSER,962166104,,IN_MEMBERSHIP
WY,2021-09-30,Weyerhaeuser Co,WEYERHAEUSER,962166104,,IN_MEMBERSHIP
WY,2021-12-31,Weyerhaeuser Co,WEYERHAEUSER,962166104,,IN_MEMBERSHIP
WY,2022-03-31,Weyerhaeuser Co,WEYERHAEUSER,962166104,,IN_MEMBERSHIP
WY,2022-06-30,Weyerhaeuser Co,WEYERHAEUSER,962166104,,IN_MEMBERSHIP
WY,2022-09-30,Weyerhaeuser Co,WEYERHAEUSER,962166104,,IN_MEMBERSHIP
WY,2022-12-31,Weyerhaeuser Co,WEYERHAEUSER,962166104,,IN_MEMBERSHIP
WY,2023-03-31,Weyerhaeuser Co,WEYERHAEUSER,962166104,,IN_MEMBERSHIP
WY,2023-06-30,Weyerhaeuser Co,WEYERHAEUSER,962166104,,IN_MEMBERSHIP
WY,2023-09-30,Weyerhaeuser Co,WEYERHAEUSER,962166104,,IN_MEMBERSHIP
WY,2023-12-31,Weyerhaeuser Co,WEYERHAEUSER,962166104,,IN_MEMBERSHIP
WY,2024-03-31,Weyerhaeuser Co,WEYERHAEUSER,962166104,,IN_MEMBERSHIP
WY,2024-06-30,Weyerhaeuser Co,WEYERHAEUSER,962166104,,IN_MEMBERSHIP
WY,2024-09-30,Weyerhaeuser Co,WEYERHAEUSER,962166104,,IN_MEMBERSHIP
WY,2024-12-31,Weyerhaeuser Co,WEYERHAEUSER,962166104,,IN_MEMBERSHIP
WY,2025-03-31,Weyerhaeuser Co,WEYERHAEUSER,962166104,,IN_MEMBERSHIP
WY,2025-06-30,Weyerhaeuser Co,WEYERHAEUSER,962166104,,IN_MEMBERSHIP
WY,2025-09-30,Weyerhaeuser Co,WEYERHAEUSER,962166104,,IN_MEMBERSHIP
WY,2025-12-31,Weyerhaeuser Co,WEYERHAEUSER,962166104,,IN_MEMBERSHIP
WYNN,2020-12-31,Wynn Resorts Ltd,WYNN RESORTS,983134107,,PRE_WINDOW_SUPPORT
WYNN,2021-03-31,Wynn Resorts Ltd,WYNN RESORTS,983134107,,IN_MEMBERSHIP
WYNN,2021-06-30,Wynn Resorts Ltd,WYNN RESORTS,983134107,,IN_MEMBERSHIP
WYNN,2021-09-30,Wynn Resorts Ltd,WYNN RESORTS,983134107,,IN_MEMBERSHIP
WYNN,2021-12-31,Wynn Resorts Ltd,WYNN RESORTS,983134107,,IN_MEMBERSHIP
WYNN,2022-03-31,Wynn Resorts Ltd,WYNN RESORTS,983134107,,IN_MEMBERSHIP
WYNN,2022-06-30,Wynn Resorts Ltd,WYNN RESORTS,983134107,,IN_MEMBERSHIP
WYNN,2022-09-30,Wynn Resorts Ltd,WYNN RESORTS,983134107,,IN_MEMBERSHIP
WYNN,2022-12-31,Wynn Resorts Ltd,WYNN RESORTS,983134107,,IN_MEMBERSHIP
WYNN,2023-03-31,Wynn Resorts Ltd,WYNN RESORTS,983134107,,IN_MEMBERSHIP
WYNN,2023-06-30,Wynn Resorts Ltd,WYNN RESORTS,983134107,,IN_MEMBERSHIP
WYNN,2023-09-30,Wynn Resorts Ltd,WYNN RESORTS,983134107,,IN_MEMBERSHIP
WYNN,2023-12-31,Wynn Resorts Ltd,WYNN RESORTS,983134107,,IN_MEMBERSHIP
WYNN,2024-03-31,Wynn Resorts Ltd,WYNN RESORTS,983134107,,IN_MEMBERSHIP
WYNN,2024-06-30,Wynn Resorts Ltd,WYNN RESORTS,983134107,,IN_MEMBERSHIP
WYNN,2024-09-30,Wynn Resorts Ltd,WYNN RESORTS,983134107,,IN_MEMBERSHIP
WYNN,2024-12-31,Wynn Resorts Ltd,WYNN RESORTS,983134107,,IN_MEMBERSHIP
WYNN,2025-03-31,Wynn Resorts Ltd,WYNN RESORTS,983134107,,IN_MEMBERSHIP
WYNN,2025-06-30,Wynn Resorts Ltd,WYNN RESORTS,983134107,,IN_MEMBERSHIP
WYNN,2025-09-30,Wynn Resorts Ltd,WYNN RESORTS,983134107,,IN_MEMBERSHIP
WYNN,2025-12-31,Wynn Resorts Ltd,WYNN RESORTS,983134107,,IN_MEMBERSHIP
XEL,2020-12-31,Xcel Energy Inc,XCEL ENERGY,98389B100,,PRE_WINDOW_SUPPORT
XEL,2021-03-31,Xcel Energy Inc,XCEL ENERGY,98389B100,,IN_MEMBERSHIP
XEL,2021-06-30,Xcel Energy Inc,XCEL ENERGY,98389B100,,IN_MEMBERSHIP
XEL,2021-09-30,Xcel Energy Inc,XCEL ENERGY,98389B100,,IN_MEMBERSHIP
XEL,2021-12-31,Xcel Energy Inc,XCEL ENERGY,98389B100,,IN_MEMBERSHIP
XEL,2022-03-31,Xcel Energy Inc,XCEL ENERGY,98389B100,,IN_MEMBERSHIP
XEL,2022-06-30,Xcel Energy Inc,XCEL ENERGY,98389B100,,IN_MEMBERSHIP
XEL,2022-09-30,Xcel Energy Inc,XCEL ENERGY,98389B100,,IN_MEMBERSHIP
XEL,2022-12-31,Xcel Energy Inc,XCEL ENERGY,98389B100,,IN_MEMBERSHIP
XEL,2023-03-31,Xcel Energy Inc,XCEL ENERGY,98389B100,,IN_MEMBERSHIP
XEL,2023-06-30,Xcel Energy Inc,XCEL ENERGY,98389B100,,IN_MEMBERSHIP
XEL,2023-09-30,Xcel Energy Inc,XCEL ENERGY,98389B100,,IN_MEMBERSHIP
XEL,2023-12-31,Xcel Energy Inc,XCEL ENERGY,98389B100,,IN_MEMBERSHIP
XEL,2024-03-31,Xcel Energy Inc,XCEL ENERGY,98389B100,,IN_MEMBERSHIP
XEL,2024-06-30,Xcel Energy Inc,XCEL ENERGY,98389B100,,IN_MEMBERSHIP
XEL,2024-09-30,Xcel Energy Inc,XCEL ENERGY,98389B100,,IN_MEMBERSHIP
XEL,2024-12-31,Xcel Energy Inc,XCEL ENERGY,98389B100,,IN_MEMBERSHIP
XEL,2025-03-31,Xcel Energy Inc,XCEL ENERGY,98389B100,,IN_MEMBERSHIP
XEL,2025-06-30,Xcel Energy Inc,XCEL ENERGY,98389B100,,IN_MEMBERSHIP
XEL,2025-09-30,Xcel Energy Inc,XCEL ENERGY,98389B100,,IN_MEMBERSHIP
XEL,2025-12-31,Xcel Energy Inc,XCEL ENERGY,98389B100,,IN_MEMBERSHIP
XOM,2020-12-31,Exxon Mobil Corp,EXXON MOBIL,30231G102,,PRE_WINDOW_SUPPORT
XOM,2021-03-31,Exxon Mobil Corp,EXXON MOBIL,30231G102,,IN_MEMBERSHIP
XOM,2021-06-30,Exxon Mobil Corp,EXXON MOBIL,30231G102,,IN_MEMBERSHIP
XOM,2021-09-30,Exxon Mobil Corp,EXXON MOBIL,30231G102,,IN_MEMBERSHIP
XOM,2021-12-31,Exxon Mobil Corp,EXXON MOBIL,30231G102,,IN_MEMBERSHIP
XOM,2022-03-31,Exxon Mobil Corp,EXXON MOBIL,30231G102,,IN_MEMBERSHIP
XOM,2022-06-30,Exxon Mobil Corp,EXXON MOBIL,30231G102,,IN_MEMBERSHIP
XOM,2022-09-30,Exxon Mobil Corp,EXXON MOBIL,30231G102,,IN_MEMBERSHIP
XOM,2022-12-31,Exxon Mobil Corp,EXXON MOBIL,30231G102,,IN_MEMBERSHIP
XOM,2023-03-31,Exxon Mobil Corp,EXXON MOBIL,30231G102,,IN_MEMBERSHIP
XOM,2023-06-30,Exxon Mobil Corp,EXXON MOBIL,30231G102,,IN_MEMBERSHIP
XOM,2023-09-30,Exxon Mobil Corp,EXXON MOBIL,30231G102,,IN_MEMBERSHIP
XOM,2023-12-31,Exxon Mobil Corp,EXXON MOBIL,30231G102,,IN_MEMBERSHIP
XOM,2024-03-31,Exxon Mobil Corp,EXXON MOBIL,30231G102,,IN_MEMBERSHIP
XOM,2024-06-30,Exxon Mobil Corp,EXXON MOBIL,30231G102,,IN_MEMBERSHIP
XOM,2024-09-30,Exxon Mobil Corp,EXXON MOBIL,30231G102,,IN_MEMBERSHIP
XOM,2024-12-31,Exxon Mobil Corp,EXXON MOBIL,30231G102,,IN_MEMBERSHIP
XOM,2025-03-31,Exxon Mobil Corp,EXXON MOBIL,30231G102,,IN_MEMBERSHIP
XOM,2025-06-30,Exxon Mobil Corp,EXXON MOBIL,30231G102,,IN_MEMBERSHIP
XOM,2025-09-30,Exxon Mobil Corp,EXXON MOBIL,30231G102,,IN_MEMBERSHIP
XOM,2025-12-31,Exxon Mobil Corp,EXXON MOBIL,30231G102,,IN_MEMBERSHIP
XYL,2020-12-31,Xylem Inc/NY,XYLEM INC NY,98419M100,,PRE_WINDOW_SUPPORT
XYL,2021-03-31,Xylem Inc/NY,XYLEM INC NY,98419M100,,IN_MEMBERSHIP
XYL,2021-06-30,Xylem Inc/NY,XYLEM INC NY,98419M100,,IN_MEMBERSHIP
XYL,2021-09-30,Xylem Inc/NY,XYLEM INC NY,98419M100,,IN_MEMBERSHIP
XYL,2021-12-31,Xylem Inc/NY,XYLEM INC NY,98419M100,,IN_MEMBERSHIP
XYL,2022-03-31,Xylem Inc/NY,XYLEM INC NY,98419M100,,IN_MEMBERSHIP
XYL,2022-06-30,Xylem Inc/NY,XYLEM INC NY,98419M100,,IN_MEMBERSHIP
XYL,2022-09-30,Xylem Inc/NY,XYLEM INC NY,98419M100,,IN_MEMBERSHIP
XYL,2022-12-31,Xylem Inc/NY,XYLEM INC NY,98419M100,,IN_MEMBERSHIP
XYL,2023-03-31,Xylem Inc/NY,XYLEM INC NY,98419M100,,IN_MEMBERSHIP
XYL,2023-06-30,Xylem Inc/NY,XYLEM INC NY,98419M100,,IN_MEMBERSHIP
XYL,2023-09-30,Xylem Inc/NY,XYLEM INC NY,98419M100,,IN_MEMBERSHIP
XYL,2023-12-31,Xylem Inc/NY,XYLEM INC NY,98419M100,,IN_MEMBERSHIP
XYL,2024-03-31,Xylem Inc/NY,XYLEM INC NY,98419M100,,IN_MEMBERSHIP
XYL,2024-06-30,Xylem Inc/NY,XYLEM INC NY,98419M100,,IN_MEMBERSHIP
XYL,2024-09-30,Xylem Inc/NY,XYLEM INC NY,98419M100,,IN_MEMBERSHIP
XYL,2024-12-31,Xylem Inc/NY,XYLEM INC NY,98419M100,,IN_MEMBERSHIP
XYL,2025-03-31,Xylem Inc/NY,XYLEM INC NY,98419M100,,IN_MEMBERSHIP
XYL,2025-06-30,Xylem Inc/NY,XYLEM INC NY,98419M100,,IN_MEMBERSHIP
XYL,2025-09-30,Xylem Inc/NY,XYLEM INC NY,98419M100,,IN_MEMBERSHIP
XYL,2025-12-31,Xylem Inc/NY,XYLEM INC NY,98419M100,,IN_MEMBERSHIP
XYZ,2025-09-30,Block Inc,BLOCK,852234103,,IN_MEMBERSHIP
XYZ,2025-12-31,Block Inc,BLOCK,852234103,,IN_MEMBERSHIP
YUM,2020-12-31,Yum! Brands Inc,YUM BRANDS,988498101,,PRE_WINDOW_SUPPORT
YUM,2021-03-31,Yum! Brands Inc,YUM BRANDS,988498101,,IN_MEMBERSHIP
YUM,2021-06-30,Yum! Brands Inc,YUM BRANDS,988498101,,IN_MEMBERSHIP
YUM,2021-09-30,Yum! Brands Inc,YUM BRANDS,988498101,,IN_MEMBERSHIP
YUM,2021-12-31,Yum! Brands Inc,YUM BRANDS,988498101,,IN_MEMBERSHIP
YUM,2022-03-31,Yum! Brands Inc,YUM BRANDS,988498101,,IN_MEMBERSHIP
YUM,2022-06-30,Yum! Brands Inc,YUM BRANDS,988498101,,IN_MEMBERSHIP
YUM,2022-09-30,Yum! Brands Inc,YUM BRANDS,988498101,,IN_MEMBERSHIP
YUM,2022-12-31,Yum! Brands Inc,YUM BRANDS,988498101,,IN_MEMBERSHIP
YUM,2023-03-31,Yum! Brands Inc,YUM BRANDS,988498101,,IN_MEMBERSHIP
YUM,2023-06-30,Yum! Brands Inc,YUM BRANDS,988498101,,IN_MEMBERSHIP
YUM,2023-09-30,Yum! Brands Inc,YUM BRANDS,988498101,,IN_MEMBERSHIP
YUM,2023-12-31,Yum! Brands Inc,YUM BRANDS,988498101,,IN_MEMBERSHIP
YUM,2024-03-31,Yum! Brands Inc,YUM BRANDS,988498101,,IN_MEMBERSHIP
YUM,2024-06-30,Yum! Brands Inc,YUM BRANDS,988498101,,IN_MEMBERSHIP
YUM,2024-09-30,Yum! Brands Inc,YUM BRANDS,988498101,,IN_MEMBERSHIP
YUM,2024-12-31,Yum! Brands Inc,YUM BRANDS,988498101,,IN_MEMBERSHIP
YUM,2025-03-31,Yum! Brands Inc,YUM BRANDS,988498101,,IN_MEMBERSHIP
YUM,2025-06-30,Yum! Brands Inc,YUM BRANDS,988498101,,IN_MEMBERSHIP
YUM,2025-09-30,Yum! Brands Inc,YUM BRANDS,988498101,,IN_MEMBERSHIP
YUM,2025-12-31,Yum! Brands Inc,YUM BRANDS,988498101,,IN_MEMBERSHIP
ZBH,2020-12-31,Zimmer Biomet Holdings Inc,ZIMMER BIOMET,98956P102,,PRE_WINDOW_SUPPORT
ZBH,2021-03-31,Zimmer Biomet Holdings Inc,ZIMMER BIOMET,98956P102,,IN_MEMBERSHIP
ZBH,2021-06-30,Zimmer Biomet Holdings Inc,ZIMMER BIOMET,98956P102,,IN_MEMBERSHIP
ZBH,2021-09-30,Zimmer Biomet Holdings Inc,ZIMMER BIOMET,98956P102,,IN_MEMBERSHIP
ZBH,2021-12-31,Zimmer Biomet Holdings Inc,ZIMMER BIOMET,98956P102,,IN_MEMBERSHIP
ZBH,2022-03-31,Zimmer Biomet Holdings Inc,ZIMMER BIOMET,98956P102,,IN_MEMBERSHIP
ZBH,2022-06-30,Zimmer Biomet Holdings Inc,ZIMMER BIOMET,98956P102,,IN_MEMBERSHIP
ZBH,2022-09-30,Zimmer Biomet Holdings Inc,ZIMMER BIOMET,98956P102,,IN_MEMBERSHIP
ZBH,2022-12-31,Zimmer Biomet Holdings Inc,ZIMMER BIOMET,98956P102,,IN_MEMBERSHIP
ZBH,2023-03-31,Zimmer Biomet Holdings Inc,ZIMMER BIOMET,98956P102,,IN_MEMBERSHIP
ZBH,2023-06-30,Zimmer Biomet Holdings Inc,ZIMMER BIOMET,98956P102,,IN_MEMBERSHIP
ZBH,2023-09-30,Zimmer Biomet Holdings Inc,ZIMMER BIOMET,98956P102,,IN_MEMBERSHIP
ZBH,2023-12-31,Zimmer Biomet Holdings Inc,ZIMMER BIOMET,98956P102,,IN_MEMBERSHIP
ZBH,2024-03-31,Zimmer Biomet Holdings Inc,ZIMMER BIOMET,98956P102,,IN_MEMBERSHIP
ZBH,2024-06-30,Zimmer Biomet Holdings Inc,ZIMMER BIOMET,98956P102,,IN_MEMBERSHIP
ZBH,2024-09-30,Zimmer Biomet Holdings Inc,ZIMMER BIOMET,98956P102,,IN_MEMBERSHIP
ZBH,2024-12-31,Zimmer Biomet Holdings Inc,ZIMMER BIOMET,98956P102,,IN_MEMBERSHIP
ZBH,2025-03-31,Zimmer Biomet Holdings Inc,ZIMMER BIOMET,98956P102,,IN_MEMBERSHIP
ZBH,2025-06-30,Zimmer Biomet Holdings Inc,ZIMMER BIOMET,98956P102,,IN_MEMBERSHIP
ZBH,2025-09-30,Zimmer Biomet Holdings Inc,ZIMMER BIOMET,98956P102,,IN_MEMBERSHIP
ZBH,2025-12-31,Zimmer Biomet Holdings Inc,ZIMMER BIOMET,98956P102,,IN_MEMBERSHIP
ZBRA,2020-12-31,Zebra Technologies Corp,ZEBRA TECHNOLOGIES,989207105,,PRE_WINDOW_SUPPORT
ZBRA,2021-03-31,Zebra Technologies Corp,ZEBRA TECHNOLOGIES,989207105,,IN_MEMBERSHIP
ZBRA,2021-06-30,Zebra Technologies Corp,ZEBRA TECHNOLOGIES,989207105,,IN_MEMBERSHIP
ZBRA,2021-09-30,Zebra Technologies Corp,ZEBRA TECHNOLOGIES,989207105,,IN_MEMBERSHIP
ZBRA,2021-12-31,Zebra Technologies Corp,ZEBRA TECHNOLOGIES,989207105,,IN_MEMBERSHIP
ZBRA,2022-03-31,Zebra Technologies Corp,ZEBRA TECHNOLOGIES,989207105,,IN_MEMBERSHIP
ZBRA,2022-06-30,Zebra Technologies Corp,ZEBRA TECHNOLOGIES,989207105,,IN_MEMBERSHIP
ZBRA,2022-09-30,Zebra Technologies Corp,ZEBRA TECHNOLOGIES,989207105,,IN_MEMBERSHIP
ZBRA,2022-12-31,Zebra Technologies Corp,ZEBRA TECHNOLOGIES,989207105,,IN_MEMBERSHIP
ZBRA,2023-03-31,Zebra Technologies Corp,ZEBRA TECHNOLOGIES,989207105,,IN_MEMBERSHIP
ZBRA,2023-06-30,Zebra Technologies Corp,ZEBRA TECHNOLOGIES,989207105,,IN_MEMBERSHIP
ZBRA,2023-09-30,Zebra Technologies Corp,ZEBRA TECHNOLOGIES,989207105,,IN_MEMBERSHIP
ZBRA,2023-12-31,Zebra Technologies Corp,ZEBRA TECHNOLOGIES,989207105,,IN_MEMBERSHIP
ZBRA,2024-03-31,Zebra Technologies Corp,ZEBRA TECHNOLOGIES,989207105,,IN_MEMBERSHIP
ZBRA,2024-06-30,Zebra Technologies Corp,ZEBRA TECHNOLOGIES,989207105,,IN_MEMBERSHIP
ZBRA,2024-09-30,Zebra Technologies Corp,ZEBRA TECHNOLOGIES,989207105,,IN_MEMBERSHIP
ZBRA,2024-12-31,Zebra Technologies Corp,ZEBRA TECHNOLOGIES,989207105,,IN_MEMBERSHIP
ZBRA,2025-03-31,Zebra Technologies Corp,ZEBRA TECHNOLOGIES,989207105,,IN_MEMBERSHIP
ZBRA,2025-06-30,Zebra Technologies Corp,ZEBRA TECHNOLOGIES,989207105,,IN_MEMBERSHIP
ZBRA,2025-09-30,Zebra Technologies Corp,ZEBRA TECHNOLOGIES,989207105,,IN_MEMBERSHIP
ZBRA,2025-12-31,Zebra Technologies Corp,ZEBRA TECHNOLOGIES,989207105,,IN_MEMBERSHIP
ZTS,2020-12-31,Zoetis Inc,ZOETIS,98978V103,,PRE_WINDOW_SUPPORT
ZTS,2021-03-31,Zoetis Inc,ZOETIS,98978V103,,IN_MEMBERSHIP
ZTS,2021-06-30,Zoetis Inc,ZOETIS,98978V103,,IN_MEMBERSHIP
ZTS,2021-09-30,Zoetis Inc,ZOETIS,98978V103,,IN_MEMBERSHIP
ZTS,2021-12-31,Zoetis Inc,ZOETIS,98978V103,,IN_MEMBERSHIP
ZTS,2022-03-31,Zoetis Inc,ZOETIS,98978V103,,IN_MEMBERSHIP
ZTS,2022-06-30,Zoetis Inc,ZOETIS,98978V103,,IN_MEMBERSHIP
ZTS,2022-09-30,Zoetis Inc,ZOETIS,98978V103,,IN_MEMBERSHIP
ZTS,2022-12-31,Zoetis Inc,ZOETIS,98978V103,,IN_MEMBERSHIP
ZTS,2023-03-31,Zoetis Inc,ZOETIS,98978V103,,IN_MEMBERSHIP
ZTS,2023-06-30,Zoetis Inc,ZOETIS,98978V103,,IN_MEMBERSHIP
ZTS,2023-09-30,Zoetis Inc,ZOETIS,98978V103,,IN_MEMBERSHIP
ZTS,2023-12-31,Zoetis Inc,ZOETIS,98978V103,,IN_MEMBERSHIP
ZTS,2024-03-31,Zoetis Inc,ZOETIS,98978V103,,IN_MEMBERSHIP
ZTS,2024-06-30,Zoetis Inc,ZOETIS,98978V103,,IN_MEMBERSHIP
ZTS,2024-09-30,Zoetis Inc,ZOETIS,98978V103,,IN_MEMBERSHIP
ZTS,2024-12-31,Zoetis Inc,ZOETIS,98978V103,,IN_MEMBERSHIP
ZTS,2025-03-31,Zoetis Inc,ZOETIS,98978V103,,IN_MEMBERSHIP
ZTS,2025-06-30,Zoetis Inc,ZOETIS,98978V103,,IN_MEMBERSHIP
ZTS,2025-09-30,Zoetis Inc,ZOETIS,98978V103,,IN_MEMBERSHIP
ZTS,2025-12-31,Zoetis Inc,ZOETIS,98978V103,,IN_MEMBERSHIP
