security_key,issuer_cik,issuer_cik_source,latest_project_ticker,structural_ambiguity_tier,ticker_like_exact_name_flag,membership_valid_from,membership_valid_to_exclusive,alias_valid_from,alias_valid_to_exclusive,authoritative_state_name,authoritative_name_source_layer,state_basis,full_normalized_alias,legal_core_alias,production_alias,alias_selection_reason,bare_ticker_qualification_source,matching_mode,policy_id,policy_sha256,bare_ticker_alias_flag
A,0001090872,STAGE3B2_CANDIDATE_CIK,A,MEDIUM,0,2021-01-01,2026-01-01,2021-01-01,2026-01-01,Agilent Technologies Inc,LATEST_IN_MEMBERSHIP_SEC_NPORT_NAME,STABLE,agilent technologies inc,agilent technologies,agilent technologies,CONSERVATIVE_LEGAL_CORE,STATE_NAME,EXACT_NORMALIZED_GKG_ORGANIZATION,H3_PIT_ATTENTION_ALIAS_POLICY_V5,c18b1ce9c421f52afb3d0d2ea85fe4e1e4f282fa5d14a85cefd9ccf21da2bb40,0
AAL,0000006201,STAGE3I_RESOLVED_CIK,AAL,LOW,0,2021-01-01,2024-09-23,2021-01-01,2024-09-23,American Airlines Group,STAGE3I_MEMBERSHIP_NAME,STABLE,american airlines group,american airlines group,american airlines group,CONSERVATIVE_LEGAL_CORE,STATE_NAME,EXACT_NORMALIZED_GKG_ORGANIZATION,H3_PIT_ATTENTION_ALIAS_POLICY_V5,c18b1ce9c421f52afb3d0d2ea85fe4e1e4f282fa5d14a85cefd9ccf21da2bb40,0
AAP,0001158449,STAGE3I_RESOLVED_CIK,AAP,LOW,0,2021-01-01,2023-08-25,2021-01-01,2023-08-25,Advance Auto Parts,STAGE3I_MEMBERSHIP_NAME,STABLE,advance auto parts,advance auto parts,advance auto parts,CONSERVATIVE_LEGAL_CORE,STATE_NAME,EXACT_NORMALIZED_GKG_ORGANIZATION,H3_PIT_ATTENTION_ALIAS_POLICY_V5,c18b1ce9c421f52afb3d0d2ea85fe4e1e4f282fa5d14a85cefd9ccf21da2bb40,0
AAPL,0000320193,STAGE3B2_CANDIDATE_CIK,AAPL,HIGH,0,2021-01-01,2026-01-01,2021-01-01,2026-01-01,Apple Inc,LATEST_IN_MEMBERSHIP_SEC_NPORT_NAME,STABLE,apple inc,apple,apple inc,FULL_AUTHORITATIVE_NAME_PRECISION_CONTROL,STATE_NAME,EXACT_NORMALIZED_GKG_ORGANIZATION,H3_PIT_ATTENTION_ALIAS_POLICY_V5,c18b1ce9c421f52afb3d0d2ea85fe4e1e4f282fa5d14a85cefd9ccf21da2bb40,0
ABBV,0001551152,STAGE3B2_CANDIDATE_CIK,ABBV,HIGH,0,2021-01-01,2026-01-01,2021-01-01,2026-01-01,AbbVie Inc,LATEST_IN_MEMBERSHIP_SEC_NPORT_NAME,STABLE,abbvie inc,abbvie,abbvie inc,FULL_AUTHORITATIVE_NAME_PRECISION_CONTROL,STATE_NAME,EXACT_NORMALIZED_GKG_ORGANIZATION,H3_PIT_ATTENTION_ALIAS_POLICY_V5,c18b1ce9c421f52afb3d0d2ea85fe4e1e4f282fa5d14a85cefd9ccf21da2bb40,0
ABMD,0000815094,STAGE3I_RESOLVED_CIK,ABMD,HIGH,0,2021-01-01,2022-12-22,2021-01-01,2022-12-22,Abiomed,STAGE3I_MEMBERSHIP_NAME,STABLE,abiomed,abiomed,abiomed,FULL_AUTHORITATIVE_NAME_PRECISION_CONTROL,STATE_NAME,EXACT_NORMALIZED_GKG_ORGANIZATION,H3_PIT_ATTENTION_ALIAS_POLICY_V5,c18b1ce9c421f52afb3d0d2ea85fe4e1e4f282fa5d14a85cefd9ccf21da2bb40,0
ABNB,0001559720,STAGE3B2_CANDIDATE_CIK,ABNB,HIGH,0,2023-09-18,2026-01-01,2023-09-18,2026-01-01,Airbnb Inc,LATEST_IN_MEMBERSHIP_SEC_NPORT_NAME,STABLE,airbnb inc,airbnb,airbnb inc,FULL_AUTHORITATIVE_NAME_PRECISION_CONTROL,STATE_NAME,EXACT_NORMALIZED_GKG_ORGANIZATION,H3_PIT_ATTENTION_ALIAS_POLICY_V5,c18b1ce9c421f52afb3d0d2ea85fe4e1e4f282fa5d14a85cefd9ccf21da2bb40,0
ABT,0000001800,STAGE3B2_CANDIDATE_CIK,ABT,MEDIUM,0,2021-01-01,2026-01-01,2021-01-01,2026-01-01,Abbott Laboratories,LATEST_IN_MEMBERSHIP_SEC_NPORT_NAME,STABLE,abbott laboratories,abbott laboratories,abbott laboratories,CONSERVATIVE_LEGAL_CORE,STATE_NAME,EXACT_NORMALIZED_GKG_ORGANIZATION,H3_PIT_ATTENTION_ALIAS_POLICY_V5,c18b1ce9c421f52afb3d0d2ea85fe4e1e4f282fa5d14a85cefd9ccf21da2bb40,0
ACGL,0000947484,STAGE3B2_CANDIDATE_CIK,ACGL,LOW,0,2022-11-01,2026-01-01,2022-11-01,2026-01-01,Arch Capital Group Ltd,LATEST_IN_MEMBERSHIP_SEC_NPORT_NAME,STABLE,arch capital group ltd,arch capital group,arch capital group,CONSERVATIVE_LEGAL_CORE,STATE_NAME,EXACT_NORMALIZED_GKG_ORGANIZATION,H3_PIT_ATTENTION_ALIAS_POLICY_V5,c18b1ce9c421f52afb3d0d2ea85fe4e1e4f282fa5d14a85cefd9ccf21da2bb40,0
ACN,0001467373,STAGE3B2_CANDIDATE_CIK,ACN,LOW,0,2021-01-01,2026-01-01,2021-01-01,2026-01-01,Accenture PLC,LATEST_IN_MEMBERSHIP_SEC_NPORT_NAME,STABLE,accenture plc,accenture,accenture,CONSERVATIVE_LEGAL_CORE,STATE_NAME,EXACT_NORMALIZED_GKG_ORGANIZATION,H3_PIT_ATTENTION_ALIAS_POLICY_V5,c18b1ce9c421f52afb3d0d2ea85fe4e1e4f282fa5d14a85cefd9ccf21da2bb40,0
ADBE,0000796343,STAGE3B2_CANDIDATE_CIK,ADBE,HIGH,0,2021-01-01,2026-01-01,2021-01-01,2026-01-01,Adobe Inc,LATEST_IN_MEMBERSHIP_SEC_NPORT_NAME,STABLE,adobe inc,adobe,adobe inc,FULL_AUTHORITATIVE_NAME_PRECISION_CONTROL,STATE_NAME,EXACT_NORMALIZED_GKG_ORGANIZATION,H3_PIT_ATTENTION_ALIAS_POLICY_V5,c18b1ce9c421f52afb3d0d2ea85fe4e1e4f282fa5d14a85cefd9ccf21da2bb40,0
ADI,0000006281,STAGE3B2_CANDIDATE_CIK,ADI,MEDIUM,0,2021-01-01,2026-01-01,2021-01-01,2026-01-01,Analog Devices Inc,LATEST_IN_MEMBERSHIP_SEC_NPORT_NAME,STABLE,analog devices inc,analog devices,analog devices,CONSERVATIVE_LEGAL_CORE,STATE_NAME,EXACT_NORMALIZED_GKG_ORGANIZATION,H3_PIT_ATTENTION_ALIAS_POLICY_V5,c18b1ce9c421f52afb3d0d2ea85fe4e1e4f282fa5d14a85cefd9ccf21da2bb40,0
ADM,0000007084,STAGE3B2_CANDIDATE_CIK,ADM,LOW,0,2021-01-01,2026-01-01,2021-01-01,2026-01-01,Archer-Daniels-Midland Co,LATEST_IN_MEMBERSHIP_SEC_NPORT_NAME,STABLE,archer daniels midland co,archer daniels midland,archer daniels midland,CONSERVATIVE_LEGAL_CORE,STATE_NAME,EXACT_NORMALIZED_GKG_ORGANIZATION,H3_PIT_ATTENTION_ALIAS_POLICY_V5,c18b1ce9c421f52afb3d0d2ea85fe4e1e4f282fa5d14a85cefd9ccf21da2bb40,0
ADP,0000008670,STAGE3B2_CANDIDATE_CIK,ADP,LOW,0,2021-01-01,2026-01-01,2021-01-01,2026-01-01,Automatic Data Processing Inc,LATEST_IN_MEMBERSHIP_SEC_NPORT_NAME,STABLE,automatic data processing inc,automatic data processing,automatic data processing,CONSERVATIVE_LEGAL_CORE,STATE_NAME,EXACT_NORMALIZED_GKG_ORGANIZATION,H3_PIT_ATTENTION_ALIAS_POLICY_V5,c18b1ce9c421f52afb3d0d2ea85fe4e1e4f282fa5d14a85cefd9ccf21da2bb40,0
ADSK,0000769397,STAGE3B2_CANDIDATE_CIK,ADSK,HIGH,0,2021-01-01,2026-01-01,2021-01-01,2026-01-01,Autodesk Inc,LATEST_IN_MEMBERSHIP_SEC_NPORT_NAME,STABLE,autodesk inc,autodesk,autodesk inc,FULL_AUTHORITATIVE_NAME_PRECISION_CONTROL,STATE_NAME,EXACT_NORMALIZED_GKG_ORGANIZATION,H3_PIT_ATTENTION_ALIAS_POLICY_V5,c18b1ce9c421f52afb3d0d2ea85fe4e1e4f282fa5d14a85cefd9ccf21da2bb40,0
AEE,0001002910,STAGE3B2_CANDIDATE_CIK,AEE,HIGH,0,2021-01-01,2026-01-01,2021-01-01,2026-01-01,Ameren Corp,LATEST_IN_MEMBERSHIP_SEC_NPORT_NAME,STABLE,ameren corp,ameren,ameren corp,FULL_AUTHORITATIVE_NAME_PRECISION_CONTROL,STATE_NAME,EXACT_NORMALIZED_GKG_ORGANIZATION,H3_PIT_ATTENTION_ALIAS_POLICY_V5,c18b1ce9c421f52afb3d0d2ea85fe4e1e4f282fa5d14a85cefd9ccf21da2bb40,0
AEP,0000004904,STAGE3B2_CANDIDATE_CIK,AEP,LOW,0,2021-01-01,2026-01-01,2021-01-01,2026-01-01,American Electric Power Co Inc,LATEST_IN_MEMBERSHIP_SEC_NPORT_NAME,STABLE,american electric power co inc,american electric power,american electric power,CONSERVATIVE_LEGAL_CORE,STATE_NAME,EXACT_NORMALIZED_GKG_ORGANIZATION,H3_PIT_ATTENTION_ALIAS_POLICY_V5,c18b1ce9c421f52afb3d0d2ea85fe4e1e4f282fa5d14a85cefd9ccf21da2bb40,0
AES,0000874761,STAGE3B2_CANDIDATE_CIK,AES,HIGH,0,2021-01-01,2026-01-01,2021-01-01,2026-01-01,AES Corp/The,LATEST_IN_MEMBERSHIP_SEC_NPORT_NAME,STABLE,aes corp,aes,aes corp,FULL_AUTHORITATIVE_NAME_PRECISION_CONTROL,STATE_NAME,EXACT_NORMALIZED_GKG_ORGANIZATION,H3_PIT_ATTENTION_ALIAS_POLICY_V5,c18b1ce9c421f52afb3d0d2ea85fe4e1e4f282fa5d14a85cefd9ccf21da2bb40,0
AFL,0000004977,STAGE3B2_CANDIDATE_CIK,AFL,HIGH,0,2021-01-01,2026-01-01,2021-01-01,2026-01-01,Aflac Inc,LATEST_IN_MEMBERSHIP_SEC_NPORT_NAME,STABLE,aflac inc,aflac,aflac inc,FULL_AUTHORITATIVE_NAME_PRECISION_CONTROL,STATE_NAME,EXACT_NORMALIZED_GKG_ORGANIZATION,H3_PIT_ATTENTION_ALIAS_POLICY_V5,c18b1ce9c421f52afb3d0d2ea85fe4e1e4f282fa5d14a85cefd9ccf21da2bb40,0
AIG,0000005272,STAGE3B2_CANDIDATE_CIK,AIG,LOW,0,2021-01-01,2026-01-01,2021-01-01,2026-01-01,American International Group Inc,LATEST_IN_MEMBERSHIP_SEC_NPORT_NAME,STABLE,american international group inc,american international group,american international group,CONSERVATIVE_LEGAL_CORE,STATE_NAME,EXACT_NORMALIZED_GKG_ORGANIZATION,H3_PIT_ATTENTION_ALIAS_POLICY_V5,c18b1ce9c421f52afb3d0d2ea85fe4e1e4f282fa5d14a85cefd9ccf21da2bb40,0
AIZ,0001267238,STAGE3B2_CANDIDATE_CIK,AIZ,HIGH,0,2021-01-01,2026-01-01,2021-01-01,2026-01-01,Assurant Inc,LATEST_IN_MEMBERSHIP_SEC_NPORT_NAME,STABLE,assurant inc,assurant,assurant inc,FULL_AUTHORITATIVE_NAME_PRECISION_CONTROL,STATE_NAME,EXACT_NORMALIZED_GKG_ORGANIZATION,H3_PIT_ATTENTION_ALIAS_POLICY_V5,c18b1ce9c421f52afb3d0d2ea85fe4e1e4f282fa5d14a85cefd9ccf21da2bb40,0
AJG,0000354190,STAGE3B2_CANDIDATE_CIK,AJG,LOW,0,2021-01-01,2026-01-01,2021-01-01,2026-01-01,Arthur J Gallagher & Co,LATEST_IN_MEMBERSHIP_SEC_NPORT_NAME,STABLE,arthur j gallagher and co,arthur j gallagher and,arthur j gallagher and,CONSERVATIVE_LEGAL_CORE,STATE_NAME,EXACT_NORMALIZED_GKG_ORGANIZATION,H3_PIT_ATTENTION_ALIAS_POLICY_V5,c18b1ce9c421f52afb3d0d2ea85fe4e1e4f282fa5d14a85cefd9ccf21da2bb40,0
AKAM,0001086222,STAGE3B2_CANDIDATE_CIK,AKAM,MEDIUM,0,2021-01-01,2026-01-01,2021-01-01,2026-01-01,Akamai Technologies Inc,LATEST_IN_MEMBERSHIP_SEC_NPORT_NAME,STABLE,akamai technologies inc,akamai technologies,akamai technologies,CONSERVATIVE_LEGAL_CORE,STATE_NAME,EXACT_NORMALIZED_GKG_ORGANIZATION,H3_PIT_ATTENTION_ALIAS_POLICY_V5,c18b1ce9c421f52afb3d0d2ea85fe4e1e4f282fa5d14a85cefd9ccf21da2bb40,0
ALB,0000915913,STAGE3B2_CANDIDATE_CIK,ALB,HIGH,0,2021-01-01,2026-01-01,2021-01-01,2026-01-01,Albemarle Corp,LATEST_IN_MEMBERSHIP_SEC_NPORT_NAME,STABLE,albemarle corp,albemarle,albemarle corp,FULL_AUTHORITATIVE_NAME_PRECISION_CONTROL,STATE_NAME,EXACT_NORMALIZED_GKG_ORGANIZATION,H3_PIT_ATTENTION_ALIAS_POLICY_V5,c18b1ce9c421f52afb3d0d2ea85fe4e1e4f282fa5d14a85cefd9ccf21da2bb40,0
ALGN,0001097149,STAGE3B2_CANDIDATE_CIK,ALGN,MEDIUM,0,2021-01-01,2026-01-01,2021-01-01,2026-01-01,Align Technology Inc,LATEST_IN_MEMBERSHIP_SEC_NPORT_NAME,STABLE,align technology inc,align technology,align technology,CONSERVATIVE_LEGAL_CORE,STATE_NAME,EXACT_NORMALIZED_GKG_ORGANIZATION,H3_PIT_ATTENTION_ALIAS_POLICY_V5,c18b1ce9c421f52afb3d0d2ea85fe4e1e4f282fa5d14a85cefd9ccf21da2bb40,0
ALK,0000766421,STAGE3I_RESOLVED_CIK,ALK,LOW,0,2021-01-01,2023-12-18,2021-01-01,2023-12-18,Alaska Air Group,STAGE3I_MEMBERSHIP_NAME,STABLE,alaska air group,alaska air group,alaska air group,CONSERVATIVE_LEGAL_CORE,STATE_NAME,EXACT_NORMALIZED_GKG_ORGANIZATION,H3_PIT_ATTENTION_ALIAS_POLICY_V5,c18b1ce9c421f52afb3d0d2ea85fe4e1e4f282fa5d14a85cefd9ccf21da2bb40,0
ALL,0000899051,STAGE3B2_CANDIDATE_CIK,ALL,HIGH,0,2021-01-01,2026-01-01,2021-01-01,2026-01-01,Allstate Corp/The,LATEST_IN_MEMBERSHIP_SEC_NPORT_NAME,STABLE,allstate corp,allstate,allstate corp,FULL_AUTHORITATIVE_NAME_PRECISION_CONTROL,STATE_NAME,EXACT_NORMALIZED_GKG_ORGANIZATION,H3_PIT_ATTENTION_ALIAS_POLICY_V5,c18b1ce9c421f52afb3d0d2ea85fe4e1e4f282fa5d14a85cefd9ccf21da2bb40,0
ALLE,0001579241,STAGE3B2_CANDIDATE_CIK,ALLE,HIGH,0,2021-01-01,2026-01-01,2021-01-01,2026-01-01,Allegion plc,LATEST_IN_MEMBERSHIP_SEC_NPORT_NAME,STABLE,allegion plc,allegion,allegion plc,FULL_AUTHORITATIVE_NAME_PRECISION_CONTROL,STATE_NAME,EXACT_NORMALIZED_GKG_ORGANIZATION,H3_PIT_ATTENTION_ALIAS_POLICY_V5,c18b1ce9c421f52afb3d0d2ea85fe4e1e4f282fa5d14a85cefd9ccf21da2bb40,0
ALXN,0000899866,STAGE3I_RESOLVED_CIK,ALXN,MEDIUM,0,2021-01-01,2021-07-21,2021-01-01,2021-07-21,Alexion Pharmaceuticals,STAGE3I_MEMBERSHIP_NAME,STABLE,alexion pharmaceuticals,alexion pharmaceuticals,alexion pharmaceuticals,CONSERVATIVE_LEGAL_CORE,STATE_NAME,EXACT_NORMALIZED_GKG_ORGANIZATION,H3_PIT_ATTENTION_ALIAS_POLICY_V5,c18b1ce9c421f52afb3d0d2ea85fe4e1e4f282fa5d14a85cefd9ccf21da2bb40,0
AMAT,,,AMAT,MEDIUM,0,2021-01-01,2026-01-01,2021-01-01,2026-01-01,Applied Materials Inc,LATEST_IN_MEMBERSHIP_SEC_NPORT_NAME,STABLE,applied materials inc,applied materials,applied materials,CONSERVATIVE_LEGAL_CORE,STATE_NAME,EXACT_NORMALIZED_GKG_ORGANIZATION,H3_PIT_ATTENTION_ALIAS_POLICY_V5,c18b1ce9c421f52afb3d0d2ea85fe4e1e4f282fa5d14a85cefd9ccf21da2bb40,0
AMCR,0001748790,STAGE3B2_CANDIDATE_CIK,AMCR,HIGH,0,2021-01-01,2026-01-01,2021-01-01,2026-01-01,Amcor PLC,LATEST_IN_MEMBERSHIP_SEC_NPORT_NAME,STABLE,amcor plc,amcor,amcor plc,FULL_AUTHORITATIVE_NAME_PRECISION_CONTROL,STATE_NAME,EXACT_NORMALIZED_GKG_ORGANIZATION,H3_PIT_ATTENTION_ALIAS_POLICY_V5,c18b1ce9c421f52afb3d0d2ea85fe4e1e4f282fa5d14a85cefd9ccf21da2bb40,0
AMD,0000002488,STAGE3B2_CANDIDATE_CIK,AMD,LOW,0,2021-01-01,2026-01-01,2021-01-01,2026-01-01,Advanced Micro Devices Inc,LATEST_IN_MEMBERSHIP_SEC_NPORT_NAME,STABLE,advanced micro devices inc,advanced micro devices,advanced micro devices,CONSERVATIVE_LEGAL_CORE,STATE_NAME,EXACT_NORMALIZED_GKG_ORGANIZATION,H3_PIT_ATTENTION_ALIAS_POLICY_V5,c18b1ce9c421f52afb3d0d2ea85fe4e1e4f282fa5d14a85cefd9ccf21da2bb40,0
AME,0001037868,STAGE3B2_CANDIDATE_CIK,AME,HIGH,0,2021-01-01,2026-01-01,2021-01-01,2026-01-01,AMETEK Inc,LATEST_IN_MEMBERSHIP_SEC_NPORT_NAME,STABLE,ametek inc,ametek,ametek inc,FULL_AUTHORITATIVE_NAME_PRECISION_CONTROL,STATE_NAME,EXACT_NORMALIZED_GKG_ORGANIZATION,H3_PIT_ATTENTION_ALIAS_POLICY_V5,c18b1ce9c421f52afb3d0d2ea85fe4e1e4f282fa5d14a85cefd9ccf21da2bb40,0
AMGN,0000318154,STAGE3B2_CANDIDATE_CIK,AMGN,HIGH,0,2021-01-01,2026-01-01,2021-01-01,2026-01-01,Amgen Inc,LATEST_IN_MEMBERSHIP_SEC_NPORT_NAME,STABLE,amgen inc,amgen,amgen inc,FULL_AUTHORITATIVE_NAME_PRECISION_CONTROL,STATE_NAME,EXACT_NORMALIZED_GKG_ORGANIZATION,H3_PIT_ATTENTION_ALIAS_POLICY_V5,c18b1ce9c421f52afb3d0d2ea85fe4e1e4f282fa5d14a85cefd9ccf21da2bb40,0
AMP,0000820027,STAGE3B2_CANDIDATE_CIK,AMP,MEDIUM,0,2021-01-01,2026-01-01,2021-01-01,2026-01-01,Ameriprise Financial Inc,LATEST_IN_MEMBERSHIP_SEC_NPORT_NAME,STABLE,ameriprise financial inc,ameriprise financial,ameriprise financial,CONSERVATIVE_LEGAL_CORE,STATE_NAME,EXACT_NORMALIZED_GKG_ORGANIZATION,H3_PIT_ATTENTION_ALIAS_POLICY_V5,c18b1ce9c421f52afb3d0d2ea85fe4e1e4f282fa5d14a85cefd9ccf21da2bb40,0
AMT,,,AMT,MEDIUM,0,2021-01-01,2026-01-01,2021-01-01,2026-01-01,American Tower Corp,LATEST_IN_MEMBERSHIP_SEC_NPORT_NAME,STABLE,american tower corp,american tower,american tower,CONSERVATIVE_LEGAL_CORE,STATE_NAME,EXACT_NORMALIZED_GKG_ORGANIZATION,H3_PIT_ATTENTION_ALIAS_POLICY_V5,c18b1ce9c421f52afb3d0d2ea85fe4e1e4f282fa5d14a85cefd9ccf21da2bb40,0
AMTM,0002011286,STAGE3I_RESOLVED_CIK,AMTM,HIGH,0,2024-09-30,2024-12-23,2024-09-30,2024-12-23,Amentum,STAGE3I_MEMBERSHIP_NAME,STABLE,amentum,amentum,amentum,FULL_AUTHORITATIVE_NAME_PRECISION_CONTROL,STATE_NAME,EXACT_NORMALIZED_GKG_ORGANIZATION,H3_PIT_ATTENTION_ALIAS_POLICY_V5,c18b1ce9c421f52afb3d0d2ea85fe4e1e4f282fa5d14a85cefd9ccf21da2bb40,0
AMZN,0001018724,STAGE3B2_CANDIDATE_CIK,AMZN,MEDIUM,0,2021-01-01,2026-01-01,2021-01-01,2026-01-01,Amazon.com Inc,LATEST_IN_MEMBERSHIP_SEC_NPORT_NAME,STABLE,amazon com inc,amazon com,amazon com,CONSERVATIVE_LEGAL_CORE,STATE_NAME,EXACT_NORMALIZED_GKG_ORGANIZATION,H3_PIT_ATTENTION_ALIAS_POLICY_V5,c18b1ce9c421f52afb3d0d2ea85fe4e1e4f282fa5d14a85cefd9ccf21da2bb40,0
ANET,0001596532,STAGE3B2_CANDIDATE_CIK,ANET,MEDIUM,0,2021-01-01,2026-01-01,2021-01-01,2026-01-01,Arista Networks Inc,LATEST_IN_MEMBERSHIP_SEC_NPORT_NAME,STABLE,arista networks inc,arista networks,arista networks,CONSERVATIVE_LEGAL_CORE,STATE_NAME,EXACT_NORMALIZED_GKG_ORGANIZATION,H3_PIT_ATTENTION_ALIAS_POLICY_V5,c18b1ce9c421f52afb3d0d2ea85fe4e1e4f282fa5d14a85cefd9ccf21da2bb40,0
ANSS,0001013462,STAGE3I_RESOLVED_CIK,ANSS,HIGH,0,2021-01-01,2025-07-18,2021-01-01,2025-07-18,ANSYS,STAGE3I_MEMBERSHIP_NAME,STABLE,ansys,ansys,ansys,FULL_AUTHORITATIVE_NAME_PRECISION_CONTROL,STATE_NAME,EXACT_NORMALIZED_GKG_ORGANIZATION,H3_PIT_ATTENTION_ALIAS_POLICY_V5,c18b1ce9c421f52afb3d0d2ea85fe4e1e4f282fa5d14a85cefd9ccf21da2bb40,0
AON,0000315293,STAGE3B2_CANDIDATE_CIK,AON,LOW,0,2021-01-01,2026-01-01,2021-01-01,2026-01-01,Aon PLC,LATEST_IN_MEMBERSHIP_SEC_NPORT_NAME,STABLE,aon plc,aon,aon plc,FULL_AUTHORITATIVE_NAME_PRECISION_CONTROL,STATE_NAME,EXACT_NORMALIZED_GKG_ORGANIZATION,H3_PIT_ATTENTION_ALIAS_POLICY_V5,c18b1ce9c421f52afb3d0d2ea85fe4e1e4f282fa5d14a85cefd9ccf21da2bb40,0
AOS,0000091142,STAGE3G_SAMPLE_CIK,AOS,LOW,0,2021-01-01,2026-01-01,2021-01-01,2026-01-01,A. O. Smith Corporation,STAGE3G_AUTHORITATIVE_SAMPLE_NAME,STABLE,a o smith corporation,a o smith,a o smith,CONSERVATIVE_LEGAL_CORE,STATE_NAME,EXACT_NORMALIZED_GKG_ORGANIZATION,H3_PIT_ATTENTION_ALIAS_POLICY_V5,c18b1ce9c421f52afb3d0d2ea85fe4e1e4f282fa5d14a85cefd9ccf21da2bb40,0
APA,0001841666,STAGE3B2_CANDIDATE_CIK,APA,HIGH,0,2021-01-01,2026-01-01,2021-01-01,2026-01-01,APA Corp,LATEST_IN_MEMBERSHIP_SEC_NPORT_NAME,STABLE,apa corp,apa,apa corp,FULL_AUTHORITATIVE_NAME_PRECISION_CONTROL,STATE_NAME,EXACT_NORMALIZED_GKG_ORGANIZATION,H3_PIT_ATTENTION_ALIAS_POLICY_V5,c18b1ce9c421f52afb3d0d2ea85fe4e1e4f282fa5d14a85cefd9ccf21da2bb40,0
APD,0000002969,STAGE3B2_CANDIDATE_CIK,APD,LOW,0,2021-01-01,2026-01-01,2021-01-01,2026-01-01,Air Products and Chemicals Inc,LATEST_IN_MEMBERSHIP_SEC_NPORT_NAME,STABLE,air products and chemicals inc,air products and chemicals,air products and chemicals,CONSERVATIVE_LEGAL_CORE,STATE_NAME,EXACT_NORMALIZED_GKG_ORGANIZATION,H3_PIT_ATTENTION_ALIAS_POLICY_V5,c18b1ce9c421f52afb3d0d2ea85fe4e1e4f282fa5d14a85cefd9ccf21da2bb40,0
APH,0000820313,STAGE3B2_CANDIDATE_CIK,APH,LOW,0,2021-01-01,2026-01-01,2021-01-01,2026-01-01,Amphenol Corp,LATEST_IN_MEMBERSHIP_SEC_NPORT_NAME,STABLE,amphenol corp,amphenol,amphenol,CONSERVATIVE_LEGAL_CORE,STATE_NAME,EXACT_NORMALIZED_GKG_ORGANIZATION,H3_PIT_ATTENTION_ALIAS_POLICY_V5,c18b1ce9c421f52afb3d0d2ea85fe4e1e4f282fa5d14a85cefd9ccf21da2bb40,0
APO,0001858681,STAGE3G_SAMPLE_CIK,APO,LOW,0,2024-12-23,2026-01-01,2024-12-23,2026-01-01,"Apollo Global Management, Inc.",STAGE3G_AUTHORITATIVE_SAMPLE_NAME,STABLE,apollo global management inc,apollo global management,apollo global management,CONSERVATIVE_LEGAL_CORE,STATE_NAME,EXACT_NORMALIZED_GKG_ORGANIZATION,H3_PIT_ATTENTION_ALIAS_POLICY_V5,c18b1ce9c421f52afb3d0d2ea85fe4e1e4f282fa5d14a85cefd9ccf21da2bb40,0
APP,0001751008,STAGE3B2_CANDIDATE_CIK,APP,HIGH,0,2025-09-22,2026-01-01,2025-09-22,2026-01-01,AppLovin Corp,LATEST_IN_MEMBERSHIP_SEC_NPORT_NAME,STABLE,applovin corp,applovin,applovin corp,FULL_AUTHORITATIVE_NAME_PRECISION_CONTROL,STATE_NAME,EXACT_NORMALIZED_GKG_ORGANIZATION,H3_PIT_ATTENTION_ALIAS_POLICY_V5,c18b1ce9c421f52afb3d0d2ea85fe4e1e4f282fa5d14a85cefd9ccf21da2bb40,0
APTV,0001521332,STAGE3B2_CANDIDATE_CIK,APTV,HIGH,0,2021-01-01,2026-01-01,2021-01-01,2026-01-01,Aptiv PLC,LATEST_IN_MEMBERSHIP_SEC_NPORT_NAME,STABLE,aptiv plc,aptiv,aptiv plc,FULL_AUTHORITATIVE_NAME_PRECISION_CONTROL,STATE_NAME,EXACT_NORMALIZED_GKG_ORGANIZATION,H3_PIT_ATTENTION_ALIAS_POLICY_V5,c18b1ce9c421f52afb3d0d2ea85fe4e1e4f282fa5d14a85cefd9ccf21da2bb40,0
ARE,0001035443,STAGE3B2_CANDIDATE_CIK,ARE,LOW,0,2021-01-01,2026-01-01,2021-01-01,2026-01-01,Alexandria Real Estate Equities Inc,LATEST_IN_MEMBERSHIP_SEC_NPORT_NAME,STABLE,alexandria real estate equities inc,alexandria real estate equities,alexandria real estate equities,CONSERVATIVE_LEGAL_CORE,STATE_NAME,EXACT_NORMALIZED_GKG_ORGANIZATION,H3_PIT_ATTENTION_ALIAS_POLICY_V5,c18b1ce9c421f52afb3d0d2ea85fe4e1e4f282fa5d14a85cefd9ccf21da2bb40,0
ARES,0001176948,STAGE3B2_CANDIDATE_CIK,ARES,MEDIUM,0,2025-12-11,2026-01-01,2025-12-11,2026-01-01,Ares Management Corp,LATEST_IN_MEMBERSHIP_SEC_NPORT_NAME,STABLE,ares management corp,ares management,ares management,CONSERVATIVE_LEGAL_CORE,STATE_NAME,EXACT_NORMALIZED_GKG_ORGANIZATION,H3_PIT_ATTENTION_ALIAS_POLICY_V5,c18b1ce9c421f52afb3d0d2ea85fe4e1e4f282fa5d14a85cefd9ccf21da2bb40,0
ATO,0000731802,STAGE3B2_CANDIDATE_CIK,ATO,MEDIUM,0,2021-01-01,2026-01-01,2021-01-01,2026-01-01,Atmos Energy Corp,LATEST_IN_MEMBERSHIP_SEC_NPORT_NAME,STABLE,atmos energy corp,atmos energy,atmos energy,CONSERVATIVE_LEGAL_CORE,STATE_NAME,EXACT_NORMALIZED_GKG_ORGANIZATION,H3_PIT_ATTENTION_ALIAS_POLICY_V5,c18b1ce9c421f52afb3d0d2ea85fe4e1e4f282fa5d14a85cefd9ccf21da2bb40,0
ATVI,0000718877,STAGE3I_RESOLVED_CIK,ATVI,MEDIUM,0,2021-01-01,2023-10-18,2021-01-01,2023-10-18,Activision Blizzard,STAGE3I_MEMBERSHIP_NAME,STABLE,activision blizzard,activision blizzard,activision blizzard,CONSERVATIVE_LEGAL_CORE,STATE_NAME,EXACT_NORMALIZED_GKG_ORGANIZATION,H3_PIT_ATTENTION_ALIAS_POLICY_V5,c18b1ce9c421f52afb3d0d2ea85fe4e1e4f282fa5d14a85cefd9ccf21da2bb40,0
AVB,0000915912,STAGE3B2_CANDIDATE_CIK,AVB,MEDIUM,0,2021-01-01,2026-01-01,2021-01-01,2026-01-01,AvalonBay Communities Inc,LATEST_IN_MEMBERSHIP_SEC_NPORT_NAME,STABLE,avalonbay communities inc,avalonbay communities,avalonbay communities,CONSERVATIVE_LEGAL_CORE,STATE_NAME,EXACT_NORMALIZED_GKG_ORGANIZATION,H3_PIT_ATTENTION_ALIAS_POLICY_V5,c18b1ce9c421f52afb3d0d2ea85fe4e1e4f282fa5d14a85cefd9ccf21da2bb40,0
AVGO,0001730168,STAGE3B2_CANDIDATE_CIK,AVGO,HIGH,0,2021-01-01,2026-01-01,2021-01-01,2026-01-01,Broadcom Inc,LATEST_IN_MEMBERSHIP_SEC_NPORT_NAME,STABLE,broadcom inc,broadcom,broadcom inc,FULL_AUTHORITATIVE_NAME_PRECISION_CONTROL,STATE_NAME,EXACT_NORMALIZED_GKG_ORGANIZATION,H3_PIT_ATTENTION_ALIAS_POLICY_V5,c18b1ce9c421f52afb3d0d2ea85fe4e1e4f282fa5d14a85cefd9ccf21da2bb40,0
AVY,0000008818,STAGE3B2_CANDIDATE_CIK,AVY,MEDIUM,0,2021-01-01,2026-01-01,2021-01-01,2026-01-01,Avery Dennison Corp,LATEST_IN_MEMBERSHIP_SEC_NPORT_NAME,STABLE,avery dennison corp,avery dennison,avery dennison,CONSERVATIVE_LEGAL_CORE,STATE_NAME,EXACT_NORMALIZED_GKG_ORGANIZATION,H3_PIT_ATTENTION_ALIAS_POLICY_V5,c18b1ce9c421f52afb3d0d2ea85fe4e1e4f282fa5d14a85cefd9ccf21da2bb40,0
AWK,,,AWK,LOW,0,2021-01-01,2026-01-01,2021-01-01,2026-01-01,American Water Works Co Inc,LATEST_IN_MEMBERSHIP_SEC_NPORT_NAME,STABLE,american water works co inc,american water works,american water works,CONSERVATIVE_LEGAL_CORE,STATE_NAME,EXACT_NORMALIZED_GKG_ORGANIZATION,H3_PIT_ATTENTION_ALIAS_POLICY_V5,c18b1ce9c421f52afb3d0d2ea85fe4e1e4f282fa5d14a85cefd9ccf21da2bb40,0
AXON,0001069183,STAGE3B2_CANDIDATE_CIK,AXON,MEDIUM,0,2023-05-04,2026-01-01,2023-05-04,2026-01-01,Axon Enterprise Inc,LATEST_IN_MEMBERSHIP_SEC_NPORT_NAME,STABLE,axon enterprise inc,axon enterprise,axon enterprise,CONSERVATIVE_LEGAL_CORE,STATE_NAME,EXACT_NORMALIZED_GKG_ORGANIZATION,H3_PIT_ATTENTION_ALIAS_POLICY_V5,c18b1ce9c421f52afb3d0d2ea85fe4e1e4f282fa5d14a85cefd9ccf21da2bb40,0
AXP,0000004962,STAGE3B2_CANDIDATE_CIK,AXP,MEDIUM,0,2021-01-01,2026-01-01,2021-01-01,2026-01-01,American Express Co,LATEST_IN_MEMBERSHIP_SEC_NPORT_NAME,STABLE,american express co,american express,american express,CONSERVATIVE_LEGAL_CORE,STATE_NAME,EXACT_NORMALIZED_GKG_ORGANIZATION,H3_PIT_ATTENTION_ALIAS_POLICY_V5,c18b1ce9c421f52afb3d0d2ea85fe4e1e4f282fa5d14a85cefd9ccf21da2bb40,0
AZO,0000866787,STAGE3B2_CANDIDATE_CIK,AZO,HIGH,0,2021-01-01,2026-01-01,2021-01-01,2026-01-01,AutoZone Inc,LATEST_IN_MEMBERSHIP_SEC_NPORT_NAME,STABLE,autozone inc,autozone,autozone inc,FULL_AUTHORITATIVE_NAME_PRECISION_CONTROL,STATE_NAME,EXACT_NORMALIZED_GKG_ORGANIZATION,H3_PIT_ATTENTION_ALIAS_POLICY_V5,c18b1ce9c421f52afb3d0d2ea85fe4e1e4f282fa5d14a85cefd9ccf21da2bb40,0
BA,0000012927,STAGE3B2_CANDIDATE_CIK,BA,LOW,0,2021-01-01,2026-01-01,2021-01-01,2026-01-01,Boeing Co/The,LATEST_IN_MEMBERSHIP_SEC_NPORT_NAME,STABLE,boeing co,boeing,boeing,CONSERVATIVE_LEGAL_CORE,STATE_NAME,EXACT_NORMALIZED_GKG_ORGANIZATION,H3_PIT_ATTENTION_ALIAS_POLICY_V5,c18b1ce9c421f52afb3d0d2ea85fe4e1e4f282fa5d14a85cefd9ccf21da2bb40,0
BAC,,,BAC,LOW,0,2021-01-01,2026-01-01,2021-01-01,2026-01-01,Bank of America Corp,LATEST_IN_MEMBERSHIP_SEC_NPORT_NAME,STABLE,bank of america corp,bank of america,bank of america,CONSERVATIVE_LEGAL_CORE,STATE_NAME,EXACT_NORMALIZED_GKG_ORGANIZATION,H3_PIT_ATTENTION_ALIAS_POLICY_V5,c18b1ce9c421f52afb3d0d2ea85fe4e1e4f282fa5d14a85cefd9ccf21da2bb40,0
BALL,0000009389,STAGE3B2_CANDIDATE_CIK,BALL,HIGH,0,2021-01-01,2026-01-01,2021-01-01,2026-01-01,Ball Corp,LATEST_IN_MEMBERSHIP_SEC_NPORT_NAME,STABLE,ball corp,ball,ball corp,FULL_AUTHORITATIVE_NAME_PRECISION_CONTROL,STATE_NAME,EXACT_NORMALIZED_GKG_ORGANIZATION,H3_PIT_ATTENTION_ALIAS_POLICY_V5,c18b1ce9c421f52afb3d0d2ea85fe4e1e4f282fa5d14a85cefd9ccf21da2bb40,0
BAX,0000010456,STAGE3B2_CANDIDATE_CIK,BAX,MEDIUM,0,2021-01-01,2026-01-01,2021-01-01,2026-01-01,Baxter International Inc,LATEST_IN_MEMBERSHIP_SEC_NPORT_NAME,STABLE,baxter international inc,baxter international,baxter international,CONSERVATIVE_LEGAL_CORE,STATE_NAME,EXACT_NORMALIZED_GKG_ORGANIZATION,H3_PIT_ATTENTION_ALIAS_POLICY_V5,c18b1ce9c421f52afb3d0d2ea85fe4e1e4f282fa5d14a85cefd9ccf21da2bb40,0
BBWI,0000701985,STAGE3I_RESOLVED_CIK,BBWI,LOW,0,2021-01-01,2024-10-01,2021-01-01,2021-08-03,"L Brands, Inc.",STAGE3I_MEMBERSHIP_NAME,STAGE3I_KNOWN_PRIMARY_EVENT,l brands inc,l brands,l brands,CONSERVATIVE_LEGAL_CORE,STATE_NAME,EXACT_NORMALIZED_GKG_ORGANIZATION,H3_PIT_ATTENTION_ALIAS_POLICY_V5,c18b1ce9c421f52afb3d0d2ea85fe4e1e4f282fa5d14a85cefd9ccf21da2bb40,0
BBWI,0000701985,STAGE3I_RESOLVED_CIK,BBWI,LOW,0,2021-01-01,2024-10-01,2021-08-03,2024-10-01,"Bath & Body Works, Inc.",STAGE3I_MEMBERSHIP_NAME,POST_TRANSITION,bath and body works inc,bath and body works,bath and body works,CONSERVATIVE_LEGAL_CORE,STATE_NAME,EXACT_NORMALIZED_GKG_ORGANIZATION,H3_PIT_ATTENTION_ALIAS_POLICY_V5,c18b1ce9c421f52afb3d0d2ea85fe4e1e4f282fa5d14a85cefd9ccf21da2bb40,0
BBY,0000764478,STAGE3B2_CANDIDATE_CIK,BBY,HIGH,0,2021-01-01,2026-01-01,2021-01-01,2026-01-01,Best Buy Co Inc,LATEST_IN_MEMBERSHIP_SEC_NPORT_NAME,STABLE,best buy co inc,best buy,best buy co inc,FULL_AUTHORITATIVE_NAME_PRECISION_CONTROL,STATE_NAME,EXACT_NORMALIZED_GKG_ORGANIZATION,H3_PIT_ATTENTION_ALIAS_POLICY_V5,c18b1ce9c421f52afb3d0d2ea85fe4e1e4f282fa5d14a85cefd9ccf21da2bb40,0
BDX,0000010795,STAGE3B2_CANDIDATE_CIK,BDX,LOW,0,2021-01-01,2026-01-01,2021-01-01,2026-01-01,Becton Dickinson & Co,LATEST_IN_MEMBERSHIP_SEC_NPORT_NAME,STABLE,becton dickinson and co,becton dickinson and,becton dickinson and,CONSERVATIVE_LEGAL_CORE,STATE_NAME,EXACT_NORMALIZED_GKG_ORGANIZATION,H3_PIT_ATTENTION_ALIAS_POLICY_V5,c18b1ce9c421f52afb3d0d2ea85fe4e1e4f282fa5d14a85cefd9ccf21da2bb40,0
BEN,0000038777,STAGE3B2_CANDIDATE_CIK,BEN,MEDIUM,0,2021-01-01,2026-01-01,2021-01-01,2026-01-01,Franklin Resources Inc,LATEST_IN_MEMBERSHIP_SEC_NPORT_NAME,STABLE,franklin resources inc,franklin resources,franklin resources,CONSERVATIVE_LEGAL_CORE,STATE_NAME,EXACT_NORMALIZED_GKG_ORGANIZATION,H3_PIT_ATTENTION_ALIAS_POLICY_V5,c18b1ce9c421f52afb3d0d2ea85fe4e1e4f282fa5d14a85cefd9ccf21da2bb40,0
BF.B,0000014693,STAGE3B2_CANDIDATE_CIK,BF.B,LOW,0,2021-01-01,2026-01-01,2021-01-01,2026-01-01,Brown-Forman Corp,LATEST_IN_MEMBERSHIP_SEC_NPORT_NAME,STABLE,brown forman corp,brown forman,brown forman,CONSERVATIVE_LEGAL_CORE,STATE_NAME,EXACT_NORMALIZED_GKG_ORGANIZATION,H3_PIT_ATTENTION_ALIAS_POLICY_V5,c18b1ce9c421f52afb3d0d2ea85fe4e1e4f282fa5d14a85cefd9ccf21da2bb40,0
BG,0001996862,STAGE3B2_CANDIDATE_CIK,BG,HIGH,0,2023-03-15,2026-01-01,2023-03-15,2026-01-01,Bunge Global SA,LATEST_IN_MEMBERSHIP_SEC_NPORT_NAME,STABLE,bunge global sa,bunge global,bunge global sa,FULL_AUTHORITATIVE_NAME_PRECISION_CONTROL,STATE_NAME,EXACT_NORMALIZED_GKG_ORGANIZATION,H3_PIT_ATTENTION_ALIAS_POLICY_V5,c18b1ce9c421f52afb3d0d2ea85fe4e1e4f282fa5d14a85cefd9ccf21da2bb40,0
BIIB,0000875045,STAGE3B2_CANDIDATE_CIK,BIIB,HIGH,0,2021-01-01,2026-01-01,2021-01-01,2026-01-01,Biogen Inc,LATEST_IN_MEMBERSHIP_SEC_NPORT_NAME,STABLE,biogen inc,biogen,biogen inc,FULL_AUTHORITATIVE_NAME_PRECISION_CONTROL,STATE_NAME,EXACT_NORMALIZED_GKG_ORGANIZATION,H3_PIT_ATTENTION_ALIAS_POLICY_V5,c18b1ce9c421f52afb3d0d2ea85fe4e1e4f282fa5d14a85cefd9ccf21da2bb40,0
BIO,0000012208,STAGE3I_RESOLVED_CIK,BIO,LOW,0,2021-01-01,2024-09-23,2021-01-01,2024-09-23,Bio-Rad Laboratories,STAGE3I_MEMBERSHIP_NAME,STABLE,bio rad laboratories,bio rad laboratories,bio rad laboratories,CONSERVATIVE_LEGAL_CORE,STATE_NAME,EXACT_NORMALIZED_GKG_ORGANIZATION,H3_PIT_ATTENTION_ALIAS_POLICY_V5,c18b1ce9c421f52afb3d0d2ea85fe4e1e4f282fa5d14a85cefd9ccf21da2bb40,0
BKNG,0001075531,STAGE3B2_CANDIDATE_CIK,BKNG,HIGH,0,2021-01-01,2026-01-01,2021-01-01,2026-01-01,Booking Holdings Inc,LATEST_IN_MEMBERSHIP_SEC_NPORT_NAME,STABLE,booking holdings inc,booking holdings,booking holdings inc,FULL_AUTHORITATIVE_NAME_PRECISION_CONTROL,STATE_NAME,EXACT_NORMALIZED_GKG_ORGANIZATION,H3_PIT_ATTENTION_ALIAS_POLICY_V5,c18b1ce9c421f52afb3d0d2ea85fe4e1e4f282fa5d14a85cefd9ccf21da2bb40,0
BKR,0001701605,STAGE3B2_CANDIDATE_CIK,BKR,MEDIUM,0,2021-01-01,2026-01-01,2021-01-01,2026-01-01,Baker Hughes Co,LATEST_IN_MEMBERSHIP_SEC_NPORT_NAME,STABLE,baker hughes co,baker hughes,baker hughes,CONSERVATIVE_LEGAL_CORE,STATE_NAME,EXACT_NORMALIZED_GKG_ORGANIZATION,H3_PIT_ATTENTION_ALIAS_POLICY_V5,c18b1ce9c421f52afb3d0d2ea85fe4e1e4f282fa5d14a85cefd9ccf21da2bb40,0
BLDR,0001316835,STAGE3B2_CANDIDATE_CIK,BLDR,MEDIUM,0,2023-12-18,2026-01-01,2023-12-18,2026-01-01,Builders FirstSource Inc,LATEST_IN_MEMBERSHIP_SEC_NPORT_NAME,STABLE,builders firstsource inc,builders firstsource,builders firstsource,CONSERVATIVE_LEGAL_CORE,STATE_NAME,EXACT_NORMALIZED_GKG_ORGANIZATION,H3_PIT_ATTENTION_ALIAS_POLICY_V5,c18b1ce9c421f52afb3d0d2ea85fe4e1e4f282fa5d14a85cefd9ccf21da2bb40,0
BLK,0002012383,STAGE3G_SAMPLE_CIK,BLK,HIGH,0,2021-01-01,2026-01-01,2021-01-01,2026-01-01,"BlackRock, Inc.",STAGE3G_AUTHORITATIVE_SAMPLE_NAME,STABLE,blackrock inc,blackrock,blackrock inc,FULL_AUTHORITATIVE_NAME_PRECISION_CONTROL,STATE_NAME,EXACT_NORMALIZED_GKG_ORGANIZATION,H3_PIT_ATTENTION_ALIAS_POLICY_V5,c18b1ce9c421f52afb3d0d2ea85fe4e1e4f282fa5d14a85cefd9ccf21da2bb40,0
BMY,0000014272,STAGE3B2_CANDIDATE_CIK,BMY,LOW,0,2021-01-01,2026-01-01,2021-01-01,2026-01-01,Bristol-Myers Squibb Co,LATEST_IN_MEMBERSHIP_SEC_NPORT_NAME,STABLE,bristol myers squibb co,bristol myers squibb,bristol myers squibb,CONSERVATIVE_LEGAL_CORE,STATE_NAME,EXACT_NORMALIZED_GKG_ORGANIZATION,H3_PIT_ATTENTION_ALIAS_POLICY_V5,c18b1ce9c421f52afb3d0d2ea85fe4e1e4f282fa5d14a85cefd9ccf21da2bb40,0
BNY,0001390777,STAGE3B2_CANDIDATE_CIK,BNY,LOW,0,2021-01-01,2026-01-01,2021-01-01,2026-01-01,Bank of New York Mellon Corp/The,LATEST_IN_MEMBERSHIP_SEC_NPORT_NAME,STABLE,bank of new york mellon corp,bank of new york mellon,bank of new york mellon,CONSERVATIVE_LEGAL_CORE,STATE_NAME,EXACT_NORMALIZED_GKG_ORGANIZATION,H3_PIT_ATTENTION_ALIAS_POLICY_V5,c18b1ce9c421f52afb3d0d2ea85fe4e1e4f282fa5d14a85cefd9ccf21da2bb40,0
BR,0001383312,STAGE3B2_CANDIDATE_CIK,BR,LOW,0,2021-01-01,2026-01-01,2021-01-01,2026-01-01,Broadridge Financial Solutions Inc,LATEST_IN_MEMBERSHIP_SEC_NPORT_NAME,STABLE,broadridge financial solutions inc,broadridge financial solutions,broadridge financial solutions,CONSERVATIVE_LEGAL_CORE,STATE_NAME,EXACT_NORMALIZED_GKG_ORGANIZATION,H3_PIT_ATTENTION_ALIAS_POLICY_V5,c18b1ce9c421f52afb3d0d2ea85fe4e1e4f282fa5d14a85cefd9ccf21da2bb40,0
BRK.B,0001067983,STAGE3B2_CANDIDATE_CIK,BRK.B,LOW,0,2021-01-01,2026-01-01,2021-01-01,2026-01-01,Berkshire Hathaway Inc,LATEST_IN_MEMBERSHIP_SEC_NPORT_NAME,STABLE,berkshire hathaway inc,berkshire hathaway,berkshire hathaway,CONSERVATIVE_LEGAL_CORE,STATE_NAME,EXACT_NORMALIZED_GKG_ORGANIZATION,H3_PIT_ATTENTION_ALIAS_POLICY_V5,c18b1ce9c421f52afb3d0d2ea85fe4e1e4f282fa5d14a85cefd9ccf21da2bb40,0
BRO,0000079282,STAGE3B2_CANDIDATE_CIK,BRO,LOW,0,2021-09-20,2026-01-01,2021-09-20,2026-01-01,Brown & Brown Inc,LATEST_IN_MEMBERSHIP_SEC_NPORT_NAME,STABLE,brown and brown inc,brown and brown,brown and brown,CONSERVATIVE_LEGAL_CORE,STATE_NAME,EXACT_NORMALIZED_GKG_ORGANIZATION,H3_PIT_ATTENTION_ALIAS_POLICY_V5,c18b1ce9c421f52afb3d0d2ea85fe4e1e4f282fa5d14a85cefd9ccf21da2bb40,0
BSX,0000885725,STAGE3B2_CANDIDATE_CIK,BSX,MEDIUM,0,2021-01-01,2026-01-01,2021-01-01,2026-01-01,Boston Scientific Corp,LATEST_IN_MEMBERSHIP_SEC_NPORT_NAME,STABLE,boston scientific corp,boston scientific,boston scientific,CONSERVATIVE_LEGAL_CORE,STATE_NAME,EXACT_NORMALIZED_GKG_ORGANIZATION,H3_PIT_ATTENTION_ALIAS_POLICY_V5,c18b1ce9c421f52afb3d0d2ea85fe4e1e4f282fa5d14a85cefd9ccf21da2bb40,0
BWA,0000908255,STAGE3I_RESOLVED_CIK,BWA,HIGH,0,2021-01-01,2025-03-24,2021-01-01,2025-03-24,Borgwarner,STAGE3I_MEMBERSHIP_NAME,STABLE,borgwarner,borgwarner,borgwarner,FULL_AUTHORITATIVE_NAME_PRECISION_CONTROL,STATE_NAME,EXACT_NORMALIZED_GKG_ORGANIZATION,H3_PIT_ATTENTION_ALIAS_POLICY_V5,c18b1ce9c421f52afb3d0d2ea85fe4e1e4f282fa5d14a85cefd9ccf21da2bb40,0
BX,0001393818,STAGE3G_SAMPLE_CIK,BX,HIGH,0,2023-09-18,2026-01-01,2023-09-18,2026-01-01,Blackstone Inc.,STAGE3G_AUTHORITATIVE_SAMPLE_NAME,STABLE,blackstone inc,blackstone,blackstone inc,FULL_AUTHORITATIVE_NAME_PRECISION_CONTROL,STATE_NAME,EXACT_NORMALIZED_GKG_ORGANIZATION,H3_PIT_ATTENTION_ALIAS_POLICY_V5,c18b1ce9c421f52afb3d0d2ea85fe4e1e4f282fa5d14a85cefd9ccf21da2bb40,0
BXP,0001037540,STAGE3B2_CANDIDATE_CIK,BXP,HIGH,0,2021-01-01,2026-01-01,2021-01-01,2024-07-01,BOSTON PROPERTIES,LATEST_IN_MEMBERSHIP_SEC_NPORT_NAME,STAGE3D_AUTHORITATIVE_RENAME,boston properties,boston properties,boston properties,FULL_AUTHORITATIVE_NAME_PRECISION_CONTROL,STATE_NAME,EXACT_NORMALIZED_GKG_ORGANIZATION,H3_PIT_ATTENTION_ALIAS_POLICY_V5,c18b1ce9c421f52afb3d0d2ea85fe4e1e4f282fa5d14a85cefd9ccf21da2bb40,0
BXP,0001037540,STAGE3B2_CANDIDATE_CIK,BXP,HIGH,0,2021-01-01,2026-01-01,2024-07-01,2026-01-01,BXP,LATEST_IN_MEMBERSHIP_SEC_NPORT_NAME,POST_TRANSITION,bxp,bxp,bxp inc,QUALIFIED_FULL_AUTHORITATIVE_NAME_BARE_TICKER_CONTROL,INDEPENDENT_SOURCE_NAME,EXACT_NORMALIZED_GKG_ORGANIZATION,H3_PIT_ATTENTION_ALIAS_POLICY_V5,c18b1ce9c421f52afb3d0d2ea85fe4e1e4f282fa5d14a85cefd9ccf21da2bb40,0
C,0000831001,STAGE3B2_CANDIDATE_CIK,C,HIGH,0,2021-01-01,2026-01-01,2021-01-01,2026-01-01,Citigroup Inc,LATEST_IN_MEMBERSHIP_SEC_NPORT_NAME,STABLE,citigroup inc,citigroup,citigroup inc,FULL_AUTHORITATIVE_NAME_PRECISION_CONTROL,STATE_NAME,EXACT_NORMALIZED_GKG_ORGANIZATION,H3_PIT_ATTENTION_ALIAS_POLICY_V5,c18b1ce9c421f52afb3d0d2ea85fe4e1e4f282fa5d14a85cefd9ccf21da2bb40,0
CAG,0000023217,STAGE3B2_CANDIDATE_CIK,CAG,MEDIUM,0,2021-01-01,2026-01-01,2021-01-01,2026-01-01,Conagra Brands Inc,LATEST_IN_MEMBERSHIP_SEC_NPORT_NAME,STABLE,conagra brands inc,conagra brands,conagra brands,CONSERVATIVE_LEGAL_CORE,STATE_NAME,EXACT_NORMALIZED_GKG_ORGANIZATION,H3_PIT_ATTENTION_ALIAS_POLICY_V5,c18b1ce9c421f52afb3d0d2ea85fe4e1e4f282fa5d14a85cefd9ccf21da2bb40,0
CAH,0000721371,STAGE3B2_CANDIDATE_CIK,CAH,MEDIUM,0,2021-01-01,2026-01-01,2021-01-01,2026-01-01,Cardinal Health Inc,LATEST_IN_MEMBERSHIP_SEC_NPORT_NAME,STABLE,cardinal health inc,cardinal health,cardinal health,CONSERVATIVE_LEGAL_CORE,STATE_NAME,EXACT_NORMALIZED_GKG_ORGANIZATION,H3_PIT_ATTENTION_ALIAS_POLICY_V5,c18b1ce9c421f52afb3d0d2ea85fe4e1e4f282fa5d14a85cefd9ccf21da2bb40,0
CARR,0001783180,STAGE3B2_CANDIDATE_CIK,CARR,MEDIUM,0,2021-01-01,2026-01-01,2021-01-01,2026-01-01,Carrier Global Corp,LATEST_IN_MEMBERSHIP_SEC_NPORT_NAME,STABLE,carrier global corp,carrier global,carrier global,CONSERVATIVE_LEGAL_CORE,STATE_NAME,EXACT_NORMALIZED_GKG_ORGANIZATION,H3_PIT_ATTENTION_ALIAS_POLICY_V5,c18b1ce9c421f52afb3d0d2ea85fe4e1e4f282fa5d14a85cefd9ccf21da2bb40,0
CAT,0000018230,STAGE3B2_CANDIDATE_CIK,CAT,HIGH,0,2021-01-01,2026-01-01,2021-01-01,2026-01-01,Caterpillar Inc,LATEST_IN_MEMBERSHIP_SEC_NPORT_NAME,STABLE,caterpillar inc,caterpillar,caterpillar inc,FULL_AUTHORITATIVE_NAME_PRECISION_CONTROL,STATE_NAME,EXACT_NORMALIZED_GKG_ORGANIZATION,H3_PIT_ATTENTION_ALIAS_POLICY_V5,c18b1ce9c421f52afb3d0d2ea85fe4e1e4f282fa5d14a85cefd9ccf21da2bb40,0
CB,0000896159,STAGE3B2_CANDIDATE_CIK,CB,HIGH,0,2021-01-01,2026-01-01,2021-01-01,2026-01-01,Chubb Ltd,LATEST_IN_MEMBERSHIP_SEC_NPORT_NAME,STABLE,chubb ltd,chubb,chubb ltd,FULL_AUTHORITATIVE_NAME_PRECISION_CONTROL,STATE_NAME,EXACT_NORMALIZED_GKG_ORGANIZATION,H3_PIT_ATTENTION_ALIAS_POLICY_V5,c18b1ce9c421f52afb3d0d2ea85fe4e1e4f282fa5d14a85cefd9ccf21da2bb40,0
CBOE,0001374310,STAGE3B2_CANDIDATE_CIK,CBOE,LOW,0,2021-01-01,2026-01-01,2021-01-01,2026-01-01,Cboe Global Markets Inc,LATEST_IN_MEMBERSHIP_SEC_NPORT_NAME,STABLE,cboe global markets inc,cboe global markets,cboe global markets,CONSERVATIVE_LEGAL_CORE,STATE_NAME,EXACT_NORMALIZED_GKG_ORGANIZATION,H3_PIT_ATTENTION_ALIAS_POLICY_V5,c18b1ce9c421f52afb3d0d2ea85fe4e1e4f282fa5d14a85cefd9ccf21da2bb40,0
CBRE,0001138118,STAGE3B2_CANDIDATE_CIK,CBRE,LOW,0,2021-01-01,2026-01-01,2021-01-01,2026-01-01,CBRE Group Inc,LATEST_IN_MEMBERSHIP_SEC_NPORT_NAME,STABLE,cbre group inc,cbre group,cbre group,CONSERVATIVE_LEGAL_CORE,STATE_NAME,EXACT_NORMALIZED_GKG_ORGANIZATION,H3_PIT_ATTENTION_ALIAS_POLICY_V5,c18b1ce9c421f52afb3d0d2ea85fe4e1e4f282fa5d14a85cefd9ccf21da2bb40,0
CCI,0001051470,STAGE3B2_CANDIDATE_CIK,CCI,MEDIUM,0,2021-01-01,2026-01-01,2021-01-01,2022-08-01,CROWN CASTLE INTERNATIONAL,LATEST_IN_MEMBERSHIP_SEC_NPORT_NAME,STAGE3D_AUTHORITATIVE_RENAME,crown castle international,crown castle international,crown castle international,CONSERVATIVE_LEGAL_CORE,STATE_NAME,EXACT_NORMALIZED_GKG_ORGANIZATION,H3_PIT_ATTENTION_ALIAS_POLICY_V5,c18b1ce9c421f52afb3d0d2ea85fe4e1e4f282fa5d14a85cefd9ccf21da2bb40,0
CCI,0001051470,STAGE3B2_CANDIDATE_CIK,CCI,MEDIUM,0,2021-01-01,2026-01-01,2022-08-01,2026-01-01,CROWN CASTLE,LATEST_IN_MEMBERSHIP_SEC_NPORT_NAME,POST_TRANSITION,crown castle,crown castle,crown castle,CONSERVATIVE_LEGAL_CORE,STATE_NAME,EXACT_NORMALIZED_GKG_ORGANIZATION,H3_PIT_ATTENTION_ALIAS_POLICY_V5,c18b1ce9c421f52afb3d0d2ea85fe4e1e4f282fa5d14a85cefd9ccf21da2bb40,0
CCL,0000815097,STAGE3B2_CANDIDATE_CIK,CCL,HIGH,0,2021-01-01,2026-01-01,2021-01-01,2026-01-01,Carnival Corp,LATEST_IN_MEMBERSHIP_SEC_NPORT_NAME,STABLE,carnival corp,carnival,carnival corp,FULL_AUTHORITATIVE_NAME_PRECISION_CONTROL,STATE_NAME,EXACT_NORMALIZED_GKG_ORGANIZATION,H3_PIT_ATTENTION_ALIAS_POLICY_V5,c18b1ce9c421f52afb3d0d2ea85fe4e1e4f282fa5d14a85cefd9ccf21da2bb40,0
CDNS,0000813672,STAGE3B2_CANDIDATE_CIK,CDNS,LOW,0,2021-01-01,2026-01-01,2021-01-01,2026-01-01,Cadence Design Systems Inc,LATEST_IN_MEMBERSHIP_SEC_NPORT_NAME,STABLE,cadence design systems inc,cadence design systems,cadence design systems,CONSERVATIVE_LEGAL_CORE,STATE_NAME,EXACT_NORMALIZED_GKG_ORGANIZATION,H3_PIT_ATTENTION_ALIAS_POLICY_V5,c18b1ce9c421f52afb3d0d2ea85fe4e1e4f282fa5d14a85cefd9ccf21da2bb40,0
CDW,0001402057,STAGE3B2_CANDIDATE_CIK,CDW,LOW,0,2021-01-01,2026-01-01,2021-01-01,2026-01-01,CDW Corp/DE,LATEST_IN_MEMBERSHIP_SEC_NPORT_NAME,STABLE,cdw corp de,cdw corp de,cdw corp de,CONSERVATIVE_LEGAL_CORE,STATE_NAME,EXACT_NORMALIZED_GKG_ORGANIZATION,H3_PIT_ATTENTION_ALIAS_POLICY_V5,c18b1ce9c421f52afb3d0d2ea85fe4e1e4f282fa5d14a85cefd9ccf21da2bb40,0
CE,0001306830,STAGE3I_RESOLVED_CIK,CE,HIGH,0,2021-01-01,2025-03-24,2021-01-01,2025-03-24,Celanese,STAGE3I_MEMBERSHIP_NAME,STABLE,celanese,celanese,celanese,FULL_AUTHORITATIVE_NAME_PRECISION_CONTROL,STATE_NAME,EXACT_NORMALIZED_GKG_ORGANIZATION,H3_PIT_ATTENTION_ALIAS_POLICY_V5,c18b1ce9c421f52afb3d0d2ea85fe4e1e4f282fa5d14a85cefd9ccf21da2bb40,0
CEG,0001868275,STAGE3G_SAMPLE_CIK,CEG,MEDIUM,0,2022-02-02,2026-01-01,2022-02-02,2026-01-01,Constellation Energy Corporation,STAGE3G_AUTHORITATIVE_SAMPLE_NAME,STABLE,constellation energy corporation,constellation energy,constellation energy,CONSERVATIVE_LEGAL_CORE,STATE_NAME,EXACT_NORMALIZED_GKG_ORGANIZATION,H3_PIT_ATTENTION_ALIAS_POLICY_V5,c18b1ce9c421f52afb3d0d2ea85fe4e1e4f282fa5d14a85cefd9ccf21da2bb40,0
CERN,0000804753,STAGE3I_RESOLVED_CIK,CERN,HIGH,0,2021-01-01,2022-06-08,2021-01-01,2022-06-08,Cerner,STAGE3I_MEMBERSHIP_NAME,STABLE,cerner,cerner,cerner,FULL_AUTHORITATIVE_NAME_PRECISION_CONTROL,STATE_NAME,EXACT_NORMALIZED_GKG_ORGANIZATION,H3_PIT_ATTENTION_ALIAS_POLICY_V5,c18b1ce9c421f52afb3d0d2ea85fe4e1e4f282fa5d14a85cefd9ccf21da2bb40,0
CF,0001324404,STAGE3B2_CANDIDATE_CIK,CF,MEDIUM,0,2021-01-01,2026-01-01,2021-01-01,2026-01-01,CF Industries Holdings Inc,LATEST_IN_MEMBERSHIP_SEC_NPORT_NAME,STABLE,cf industries holdings inc,cf industries holdings,cf industries holdings,CONSERVATIVE_LEGAL_CORE,STATE_NAME,EXACT_NORMALIZED_GKG_ORGANIZATION,H3_PIT_ATTENTION_ALIAS_POLICY_V5,c18b1ce9c421f52afb3d0d2ea85fe4e1e4f282fa5d14a85cefd9ccf21da2bb40,0
CFG,0000759944,STAGE3B2_CANDIDATE_CIK,CFG,LOW,0,2021-01-01,2026-01-01,2021-01-01,2026-01-01,Citizens Financial Group Inc,LATEST_IN_MEMBERSHIP_SEC_NPORT_NAME,STABLE,citizens financial group inc,citizens financial group,citizens financial group,CONSERVATIVE_LEGAL_CORE,STATE_NAME,EXACT_NORMALIZED_GKG_ORGANIZATION,H3_PIT_ATTENTION_ALIAS_POLICY_V5,c18b1ce9c421f52afb3d0d2ea85fe4e1e4f282fa5d14a85cefd9ccf21da2bb40,0
CHD,0000313927,STAGE3B2_CANDIDATE_CIK,CHD,MEDIUM,0,2021-01-01,2026-01-01,2021-01-01,2026-01-01,Church & Dwight Co Inc,LATEST_IN_MEMBERSHIP_SEC_NPORT_NAME,STABLE,church and dwight co inc,church and dwight,church and dwight,CONSERVATIVE_LEGAL_CORE,STATE_NAME,EXACT_NORMALIZED_GKG_ORGANIZATION,H3_PIT_ATTENTION_ALIAS_POLICY_V5,c18b1ce9c421f52afb3d0d2ea85fe4e1e4f282fa5d14a85cefd9ccf21da2bb40,0
CHRW,0001043277,STAGE3G_SAMPLE_CIK,CHRW,LOW,0,2021-01-01,2026-01-01,2021-01-01,2026-01-01,"C.H. Robinson Worldwide, Inc.",STAGE3G_AUTHORITATIVE_SAMPLE_NAME,STABLE,c h robinson worldwide inc,c h robinson worldwide,c h robinson worldwide,CONSERVATIVE_LEGAL_CORE,STATE_NAME,EXACT_NORMALIZED_GKG_ORGANIZATION,H3_PIT_ATTENTION_ALIAS_POLICY_V5,c18b1ce9c421f52afb3d0d2ea85fe4e1e4f282fa5d14a85cefd9ccf21da2bb40,0
CHTR,0001091667,STAGE3B2_CANDIDATE_CIK,CHTR,LOW,0,2021-01-01,2026-01-01,2021-01-01,2026-01-01,Charter Communications Inc,LATEST_IN_MEMBERSHIP_SEC_NPORT_NAME,STABLE,charter communications inc,charter communications,charter communications,CONSERVATIVE_LEGAL_CORE,STATE_NAME,EXACT_NORMALIZED_GKG_ORGANIZATION,H3_PIT_ATTENTION_ALIAS_POLICY_V5,c18b1ce9c421f52afb3d0d2ea85fe4e1e4f282fa5d14a85cefd9ccf21da2bb40,0
CI,0001739940,STAGE3B2_CANDIDATE_CIK,CI,LOW,0,2021-01-01,2026-01-01,2021-01-01,2023-02-23,CIGNA,LATEST_IN_MEMBERSHIP_SEC_NPORT_NAME,STAGE3D_AUTHORITATIVE_RENAME,cigna,cigna,cigna,CONSERVATIVE_LEGAL_CORE,STATE_NAME,EXACT_NORMALIZED_GKG_ORGANIZATION,H3_PIT_ATTENTION_ALIAS_POLICY_V5,c18b1ce9c421f52afb3d0d2ea85fe4e1e4f282fa5d14a85cefd9ccf21da2bb40,0
CI,0001739940,STAGE3B2_CANDIDATE_CIK,CI,LOW,0,2021-01-01,2026-01-01,2023-02-23,2026-01-01,CIGNA GROUP,LATEST_IN_MEMBERSHIP_SEC_NPORT_NAME,POST_TRANSITION,cigna group,cigna group,cigna group,CONSERVATIVE_LEGAL_CORE,STATE_NAME,EXACT_NORMALIZED_GKG_ORGANIZATION,H3_PIT_ATTENTION_ALIAS_POLICY_V5,c18b1ce9c421f52afb3d0d2ea85fe4e1e4f282fa5d14a85cefd9ccf21da2bb40,0
CINF,0000020286,STAGE3B2_CANDIDATE_CIK,CINF,MEDIUM,0,2021-01-01,2026-01-01,2021-01-01,2026-01-01,Cincinnati Financial Corp,LATEST_IN_MEMBERSHIP_SEC_NPORT_NAME,STABLE,cincinnati financial corp,cincinnati financial,cincinnati financial,CONSERVATIVE_LEGAL_CORE,STATE_NAME,EXACT_NORMALIZED_GKG_ORGANIZATION,H3_PIT_ATTENTION_ALIAS_POLICY_V5,c18b1ce9c421f52afb3d0d2ea85fe4e1e4f282fa5d14a85cefd9ccf21da2bb40,0
CL,0000021665,STAGE3B2_CANDIDATE_CIK,CL,MEDIUM,0,2021-01-01,2026-01-01,2021-01-01,2026-01-01,Colgate-Palmolive Co,LATEST_IN_MEMBERSHIP_SEC_NPORT_NAME,STABLE,colgate palmolive co,colgate palmolive,colgate palmolive,CONSERVATIVE_LEGAL_CORE,STATE_NAME,EXACT_NORMALIZED_GKG_ORGANIZATION,H3_PIT_ATTENTION_ALIAS_POLICY_V5,c18b1ce9c421f52afb3d0d2ea85fe4e1e4f282fa5d14a85cefd9ccf21da2bb40,0
CLX,0000021076,STAGE3B2_CANDIDATE_CIK,CLX,HIGH,0,2021-01-01,2026-01-01,2021-01-01,2026-01-01,Clorox Co/The,LATEST_IN_MEMBERSHIP_SEC_NPORT_NAME,STABLE,clorox co,clorox,clorox co,FULL_AUTHORITATIVE_NAME_PRECISION_CONTROL,STATE_NAME,EXACT_NORMALIZED_GKG_ORGANIZATION,H3_PIT_ATTENTION_ALIAS_POLICY_V5,c18b1ce9c421f52afb3d0d2ea85fe4e1e4f282fa5d14a85cefd9ccf21da2bb40,0
CMA,0000028412,STAGE3I_RESOLVED_CIK,CMA,HIGH,0,2021-01-01,2024-06-24,2021-01-01,2024-06-24,Comerica,STAGE3I_MEMBERSHIP_NAME,STABLE,comerica,comerica,comerica,FULL_AUTHORITATIVE_NAME_PRECISION_CONTROL,STATE_NAME,EXACT_NORMALIZED_GKG_ORGANIZATION,H3_PIT_ATTENTION_ALIAS_POLICY_V5,c18b1ce9c421f52afb3d0d2ea85fe4e1e4f282fa5d14a85cefd9ccf21da2bb40,0
CMCSA,0001166691,STAGE3B2_CANDIDATE_CIK,CMCSA,LOW,0,2021-01-01,2026-01-01,2021-01-01,2026-01-01,Comcast Corp,LATEST_IN_MEMBERSHIP_SEC_NPORT_NAME,STABLE,comcast corp,comcast,comcast,CONSERVATIVE_LEGAL_CORE,STATE_NAME,EXACT_NORMALIZED_GKG_ORGANIZATION,H3_PIT_ATTENTION_ALIAS_POLICY_V5,c18b1ce9c421f52afb3d0d2ea85fe4e1e4f282fa5d14a85cefd9ccf21da2bb40,0
CME,0001156375,STAGE3B2_CANDIDATE_CIK,CME,MEDIUM,0,2021-01-01,2026-01-01,2021-01-01,2026-01-01,CME Group Inc,LATEST_IN_MEMBERSHIP_SEC_NPORT_NAME,STABLE,cme group inc,cme group,cme group,CONSERVATIVE_LEGAL_CORE,STATE_NAME,EXACT_NORMALIZED_GKG_ORGANIZATION,H3_PIT_ATTENTION_ALIAS_POLICY_V5,c18b1ce9c421f52afb3d0d2ea85fe4e1e4f282fa5d14a85cefd9ccf21da2bb40,0
CMG,0001058090,STAGE3B2_CANDIDATE_CIK,CMG,LOW,0,2021-01-01,2026-01-01,2021-01-01,2026-01-01,Chipotle Mexican Grill Inc,LATEST_IN_MEMBERSHIP_SEC_NPORT_NAME,STABLE,chipotle mexican grill inc,chipotle mexican grill,chipotle mexican grill,CONSERVATIVE_LEGAL_CORE,STATE_NAME,EXACT_NORMALIZED_GKG_ORGANIZATION,H3_PIT_ATTENTION_ALIAS_POLICY_V5,c18b1ce9c421f52afb3d0d2ea85fe4e1e4f282fa5d14a85cefd9ccf21da2bb40,0
CMI,0000026172,STAGE3B2_CANDIDATE_CIK,CMI,HIGH,0,2021-01-01,2026-01-01,2021-01-01,2026-01-01,Cummins Inc,LATEST_IN_MEMBERSHIP_SEC_NPORT_NAME,STABLE,cummins inc,cummins,cummins inc,FULL_AUTHORITATIVE_NAME_PRECISION_CONTROL,STATE_NAME,EXACT_NORMALIZED_GKG_ORGANIZATION,H3_PIT_ATTENTION_ALIAS_POLICY_V5,c18b1ce9c421f52afb3d0d2ea85fe4e1e4f282fa5d14a85cefd9ccf21da2bb40,0
CMS,0000811156,STAGE3B2_CANDIDATE_CIK,CMS,MEDIUM,0,2021-01-01,2026-01-01,2021-01-01,2026-01-01,CMS Energy Corp,LATEST_IN_MEMBERSHIP_SEC_NPORT_NAME,STABLE,cms energy corp,cms energy,cms energy,CONSERVATIVE_LEGAL_CORE,STATE_NAME,EXACT_NORMALIZED_GKG_ORGANIZATION,H3_PIT_ATTENTION_ALIAS_POLICY_V5,c18b1ce9c421f52afb3d0d2ea85fe4e1e4f282fa5d14a85cefd9ccf21da2bb40,0
CNC,0001071739,STAGE3B2_CANDIDATE_CIK,CNC,HIGH,0,2021-01-01,2026-01-01,2021-01-01,2026-01-01,Centene Corp,LATEST_IN_MEMBERSHIP_SEC_NPORT_NAME,STABLE,centene corp,centene,centene corp,FULL_AUTHORITATIVE_NAME_PRECISION_CONTROL,STATE_NAME,EXACT_NORMALIZED_GKG_ORGANIZATION,H3_PIT_ATTENTION_ALIAS_POLICY_V5,c18b1ce9c421f52afb3d0d2ea85fe4e1e4f282fa5d14a85cefd9ccf21da2bb40,0
CNP,0001130310,STAGE3B2_CANDIDATE_CIK,CNP,MEDIUM,0,2021-01-01,2026-01-01,2021-01-01,2026-01-01,CenterPoint Energy Inc,LATEST_IN_MEMBERSHIP_SEC_NPORT_NAME,STABLE,centerpoint energy inc,centerpoint energy,centerpoint energy,CONSERVATIVE_LEGAL_CORE,STATE_NAME,EXACT_NORMALIZED_GKG_ORGANIZATION,H3_PIT_ATTENTION_ALIAS_POLICY_V5,c18b1ce9c421f52afb3d0d2ea85fe4e1e4f282fa5d14a85cefd9ccf21da2bb40,0
COF,0000927628,STAGE3B2_CANDIDATE_CIK,COF,LOW,0,2021-01-01,2026-01-01,2021-01-01,2026-01-01,Capital One Financial Corp,LATEST_IN_MEMBERSHIP_SEC_NPORT_NAME,STABLE,capital one financial corp,capital one financial,capital one financial,CONSERVATIVE_LEGAL_CORE,STATE_NAME,EXACT_NORMALIZED_GKG_ORGANIZATION,H3_PIT_ATTENTION_ALIAS_POLICY_V5,c18b1ce9c421f52afb3d0d2ea85fe4e1e4f282fa5d14a85cefd9ccf21da2bb40,0
COIN,0001679788,STAGE3B2_CANDIDATE_CIK,COIN,MEDIUM,0,2025-05-19,2026-01-01,2025-05-19,2026-01-01,Coinbase Global Inc,LATEST_IN_MEMBERSHIP_SEC_NPORT_NAME,STABLE,coinbase global inc,coinbase global,coinbase global,CONSERVATIVE_LEGAL_CORE,STATE_NAME,EXACT_NORMALIZED_GKG_ORGANIZATION,H3_PIT_ATTENTION_ALIAS_POLICY_V5,c18b1ce9c421f52afb3d0d2ea85fe4e1e4f282fa5d14a85cefd9ccf21da2bb40,0
COO,0000711404,STAGE3B2_CANDIDATE_CIK,COO,LOW,0,2021-01-01,2026-01-01,2021-01-01,2026-01-01,Cooper Cos Inc/The,LATEST_IN_MEMBERSHIP_SEC_NPORT_NAME,STABLE,cooper cos inc,cooper cos,cooper cos,CONSERVATIVE_LEGAL_CORE,STATE_NAME,EXACT_NORMALIZED_GKG_ORGANIZATION,H3_PIT_ATTENTION_ALIAS_POLICY_V5,c18b1ce9c421f52afb3d0d2ea85fe4e1e4f282fa5d14a85cefd9ccf21da2bb40,0
COP,0001163165,STAGE3B2_CANDIDATE_CIK,COP,HIGH,0,2021-01-01,2026-01-01,2021-01-01,2026-01-01,ConocoPhillips,LATEST_IN_MEMBERSHIP_SEC_NPORT_NAME,STABLE,conocophillips,conocophillips,conocophillips,FULL_AUTHORITATIVE_NAME_PRECISION_CONTROL,STATE_NAME,EXACT_NORMALIZED_GKG_ORGANIZATION,H3_PIT_ATTENTION_ALIAS_POLICY_V5,c18b1ce9c421f52afb3d0d2ea85fe4e1e4f282fa5d14a85cefd9ccf21da2bb40,0
COR,0001140859,STAGE3B2_CANDIDATE_CIK,COR,HIGH,0,2021-01-01,2026-01-01,2021-01-01,2023-08-30,AMERISOURCEBERGEN,LATEST_IN_MEMBERSHIP_SEC_NPORT_NAME,STAGE3D_AUTHORITATIVE_RENAME,amerisourcebergen,amerisourcebergen,amerisourcebergen,FULL_AUTHORITATIVE_NAME_PRECISION_CONTROL,STATE_NAME,EXACT_NORMALIZED_GKG_ORGANIZATION,H3_PIT_ATTENTION_ALIAS_POLICY_V5,c18b1ce9c421f52afb3d0d2ea85fe4e1e4f282fa5d14a85cefd9ccf21da2bb40,0
COR,0001140859,STAGE3B2_CANDIDATE_CIK,COR,HIGH,0,2021-01-01,2026-01-01,2023-08-30,2026-01-01,CENCORA,LATEST_IN_MEMBERSHIP_SEC_NPORT_NAME,POST_TRANSITION,cencora,cencora,cencora,FULL_AUTHORITATIVE_NAME_PRECISION_CONTROL,STATE_NAME,EXACT_NORMALIZED_GKG_ORGANIZATION,H3_PIT_ATTENTION_ALIAS_POLICY_V5,c18b1ce9c421f52afb3d0d2ea85fe4e1e4f282fa5d14a85cefd9ccf21da2bb40,0
COST,0000909832,STAGE3B2_CANDIDATE_CIK,COST,MEDIUM,0,2021-01-01,2026-01-01,2021-01-01,2026-01-01,Costco Wholesale Corp,LATEST_IN_MEMBERSHIP_SEC_NPORT_NAME,STABLE,costco wholesale corp,costco wholesale,costco wholesale,CONSERVATIVE_LEGAL_CORE,STATE_NAME,EXACT_NORMALIZED_GKG_ORGANIZATION,H3_PIT_ATTENTION_ALIAS_POLICY_V5,c18b1ce9c421f52afb3d0d2ea85fe4e1e4f282fa5d14a85cefd9ccf21da2bb40,0
CPAY,0001175454,STAGE3B2_CANDIDATE_CIK,CPAY,HIGH,0,2021-01-01,2026-01-01,2021-01-01,2024-03-25,FLEETCOR TECHNOLOGIES,LATEST_IN_MEMBERSHIP_SEC_NPORT_NAME,STAGE3D_AUTHORITATIVE_RENAME,fleetcor technologies,fleetcor technologies,fleetcor technologies,FULL_AUTHORITATIVE_NAME_PRECISION_CONTROL,STATE_NAME,EXACT_NORMALIZED_GKG_ORGANIZATION,H3_PIT_ATTENTION_ALIAS_POLICY_V5,c18b1ce9c421f52afb3d0d2ea85fe4e1e4f282fa5d14a85cefd9ccf21da2bb40,0
CPAY,0001175454,STAGE3B2_CANDIDATE_CIK,CPAY,HIGH,0,2021-01-01,2026-01-01,2024-03-25,2026-01-01,CORPAY,LATEST_IN_MEMBERSHIP_SEC_NPORT_NAME,POST_TRANSITION,corpay,corpay,corpay,FULL_AUTHORITATIVE_NAME_PRECISION_CONTROL,STATE_NAME,EXACT_NORMALIZED_GKG_ORGANIZATION,H3_PIT_ATTENTION_ALIAS_POLICY_V5,c18b1ce9c421f52afb3d0d2ea85fe4e1e4f282fa5d14a85cefd9ccf21da2bb40,0
CPB,0000016732,STAGE3B2_CANDIDATE_CIK,CPB,LOW,0,2021-01-01,2026-01-01,2021-01-01,2024-11-19,CAMPBELL SOUP,LATEST_IN_MEMBERSHIP_SEC_NPORT_NAME,STAGE3D_AUTHORITATIVE_RENAME,campbell soup,campbell soup,campbell soup,CONSERVATIVE_LEGAL_CORE,STATE_NAME,EXACT_NORMALIZED_GKG_ORGANIZATION,H3_PIT_ATTENTION_ALIAS_POLICY_V5,c18b1ce9c421f52afb3d0d2ea85fe4e1e4f282fa5d14a85cefd9ccf21da2bb40,0
CPB,0000016732,STAGE3B2_CANDIDATE_CIK,CPB,LOW,0,2021-01-01,2026-01-01,2024-11-19,2026-01-01,Campbell's Company/The,LATEST_IN_MEMBERSHIP_SEC_NPORT_NAME,POST_TRANSITION|DISPLAY_EQUIVALENCE_CANONICALIZED,campbells company,campbells,campbells,CONSERVATIVE_LEGAL_CORE,STATE_NAME,EXACT_NORMALIZED_GKG_ORGANIZATION,H3_PIT_ATTENTION_ALIAS_POLICY_V5,c18b1ce9c421f52afb3d0d2ea85fe4e1e4f282fa5d14a85cefd9ccf21da2bb40,0
CPRT,0000900075,STAGE3B2_CANDIDATE_CIK,CPRT,HIGH,0,2021-01-01,2026-01-01,2021-01-01,2026-01-01,Copart Inc,LATEST_IN_MEMBERSHIP_SEC_NPORT_NAME,STABLE,copart inc,copart,copart inc,FULL_AUTHORITATIVE_NAME_PRECISION_CONTROL,STATE_NAME,EXACT_NORMALIZED_GKG_ORGANIZATION,H3_PIT_ATTENTION_ALIAS_POLICY_V5,c18b1ce9c421f52afb3d0d2ea85fe4e1e4f282fa5d14a85cefd9ccf21da2bb40,0
CPT,0000906345,STAGE3B2_CANDIDATE_CIK,CPT,LOW,0,2022-04-04,2026-01-01,2022-04-04,2026-01-01,Camden Property Trust,LATEST_IN_MEMBERSHIP_SEC_NPORT_NAME,STABLE,camden property trust,camden property trust,camden property trust,CONSERVATIVE_LEGAL_CORE,STATE_NAME,EXACT_NORMALIZED_GKG_ORGANIZATION,H3_PIT_ATTENTION_ALIAS_POLICY_V5,c18b1ce9c421f52afb3d0d2ea85fe4e1e4f282fa5d14a85cefd9ccf21da2bb40,0
CRH,0000849395,STAGE3B2_CANDIDATE_CIK,CRH,HIGH,1,2025-12-22,2026-01-01,2025-12-22,2026-01-01,CRH PLC,LATEST_IN_MEMBERSHIP_SEC_NPORT_NAME,STABLE,crh plc,crh,crh plc,FULL_AUTHORITATIVE_NAME_PRECISION_CONTROL,STATE_NAME,EXACT_NORMALIZED_GKG_ORGANIZATION,H3_PIT_ATTENTION_ALIAS_POLICY_V5,c18b1ce9c421f52afb3d0d2ea85fe4e1e4f282fa5d14a85cefd9ccf21da2bb40,0
CRL,0001100682,STAGE3B2_CANDIDATE_CIK,CRL,LOW,0,2021-05-14,2026-01-01,2021-05-14,2026-01-01,Charles River Laboratories International Inc,LATEST_IN_MEMBERSHIP_SEC_NPORT_NAME,STABLE,charles river laboratories international inc,charles river laboratories international,charles river laboratories international,CONSERVATIVE_LEGAL_CORE,STATE_NAME,EXACT_NORMALIZED_GKG_ORGANIZATION,H3_PIT_ATTENTION_ALIAS_POLICY_V5,c18b1ce9c421f52afb3d0d2ea85fe4e1e4f282fa5d14a85cefd9ccf21da2bb40,0
CRM,0001108524,STAGE3B2_CANDIDATE_CIK,CRM,HIGH,0,2021-01-01,2026-01-01,2021-01-01,2022-04-04,SALESFORCE COM,LATEST_IN_MEMBERSHIP_SEC_NPORT_NAME,STAGE3D_AUTHORITATIVE_RENAME,salesforce com,salesforce com,salesforce com,FULL_AUTHORITATIVE_NAME_PRECISION_CONTROL,STATE_NAME,EXACT_NORMALIZED_GKG_ORGANIZATION,H3_PIT_ATTENTION_ALIAS_POLICY_V5,c18b1ce9c421f52afb3d0d2ea85fe4e1e4f282fa5d14a85cefd9ccf21da2bb40,0
CRM,0001108524,STAGE3B2_CANDIDATE_CIK,CRM,HIGH,0,2021-01-01,2026-01-01,2022-04-04,2026-01-01,SALESFORCE,LATEST_IN_MEMBERSHIP_SEC_NPORT_NAME,POST_TRANSITION,salesforce,salesforce,salesforce,FULL_AUTHORITATIVE_NAME_PRECISION_CONTROL,STATE_NAME,EXACT_NORMALIZED_GKG_ORGANIZATION,H3_PIT_ATTENTION_ALIAS_POLICY_V5,c18b1ce9c421f52afb3d0d2ea85fe4e1e4f282fa5d14a85cefd9ccf21da2bb40,0
CRWD,0001535527,STAGE3B2_CANDIDATE_CIK,CRWD,HIGH,0,2024-06-24,2026-01-01,2024-06-24,2026-01-01,Crowdstrike Holdings Inc,LATEST_IN_MEMBERSHIP_SEC_NPORT_NAME,STABLE,crowdstrike holdings inc,crowdstrike holdings,crowdstrike holdings inc,FULL_AUTHORITATIVE_NAME_PRECISION_CONTROL,STATE_NAME,EXACT_NORMALIZED_GKG_ORGANIZATION,H3_PIT_ATTENTION_ALIAS_POLICY_V5,c18b1ce9c421f52afb3d0d2ea85fe4e1e4f282fa5d14a85cefd9ccf21da2bb40,0
CSCO,0000858877,STAGE3B2_CANDIDATE_CIK,CSCO,MEDIUM,0,2021-01-01,2026-01-01,2021-01-01,2026-01-01,Cisco Systems Inc,LATEST_IN_MEMBERSHIP_SEC_NPORT_NAME,STABLE,cisco systems inc,cisco systems,cisco systems,CONSERVATIVE_LEGAL_CORE,STATE_NAME,EXACT_NORMALIZED_GKG_ORGANIZATION,H3_PIT_ATTENTION_ALIAS_POLICY_V5,c18b1ce9c421f52afb3d0d2ea85fe4e1e4f282fa5d14a85cefd9ccf21da2bb40,0
CSGP,0001057352,STAGE3B2_CANDIDATE_CIK,CSGP,MEDIUM,0,2022-09-19,2026-01-01,2022-09-19,2026-01-01,CoStar Group Inc,LATEST_IN_MEMBERSHIP_SEC_NPORT_NAME,STABLE,costar group inc,costar group,costar group,CONSERVATIVE_LEGAL_CORE,STATE_NAME,EXACT_NORMALIZED_GKG_ORGANIZATION,H3_PIT_ATTENTION_ALIAS_POLICY_V5,c18b1ce9c421f52afb3d0d2ea85fe4e1e4f282fa5d14a85cefd9ccf21da2bb40,0
CSX,0000277948,STAGE3B2_CANDIDATE_CIK,CSX,HIGH,0,2021-01-01,2026-01-01,2021-01-01,2026-01-01,CSX Corp,LATEST_IN_MEMBERSHIP_SEC_NPORT_NAME,STABLE,csx corp,csx,csx corp,FULL_AUTHORITATIVE_NAME_PRECISION_CONTROL,STATE_NAME,EXACT_NORMALIZED_GKG_ORGANIZATION,H3_PIT_ATTENTION_ALIAS_POLICY_V5,c18b1ce9c421f52afb3d0d2ea85fe4e1e4f282fa5d14a85cefd9ccf21da2bb40,0
CTAS,0000723254,STAGE3B2_CANDIDATE_CIK,CTAS,HIGH,0,2021-01-01,2026-01-01,2021-01-01,2026-01-01,Cintas Corp,LATEST_IN_MEMBERSHIP_SEC_NPORT_NAME,STABLE,cintas corp,cintas,cintas corp,FULL_AUTHORITATIVE_NAME_PRECISION_CONTROL,STATE_NAME,EXACT_NORMALIZED_GKG_ORGANIZATION,H3_PIT_ATTENTION_ALIAS_POLICY_V5,c18b1ce9c421f52afb3d0d2ea85fe4e1e4f282fa5d14a85cefd9ccf21da2bb40,0
CTLT,0001596783,STAGE3I_RESOLVED_CIK,CTLT,HIGH,0,2021-01-01,2024-12-23,2021-01-01,2024-12-23,Catalent,STAGE3I_MEMBERSHIP_NAME,STABLE,catalent,catalent,catalent,FULL_AUTHORITATIVE_NAME_PRECISION_CONTROL,STATE_NAME,EXACT_NORMALIZED_GKG_ORGANIZATION,H3_PIT_ATTENTION_ALIAS_POLICY_V5,c18b1ce9c421f52afb3d0d2ea85fe4e1e4f282fa5d14a85cefd9ccf21da2bb40,0
CTRA,,,CTRA,MEDIUM,0,2021-01-01,2026-01-01,2021-01-01,2021-10-04,CABOT OIL AND GAS,LATEST_IN_MEMBERSHIP_SEC_NPORT_NAME,STAGE3D_AUTHORITATIVE_RENAME,cabot oil and gas,cabot oil and gas,cabot oil and gas,CONSERVATIVE_LEGAL_CORE,STATE_NAME,EXACT_NORMALIZED_GKG_ORGANIZATION,H3_PIT_ATTENTION_ALIAS_POLICY_V5,c18b1ce9c421f52afb3d0d2ea85fe4e1e4f282fa5d14a85cefd9ccf21da2bb40,0
CTRA,,,CTRA,MEDIUM,0,2021-01-01,2026-01-01,2021-10-04,2026-01-01,COTERRA ENERGY,LATEST_IN_MEMBERSHIP_SEC_NPORT_NAME,POST_TRANSITION,coterra energy,coterra energy,coterra energy,CONSERVATIVE_LEGAL_CORE,STATE_NAME,EXACT_NORMALIZED_GKG_ORGANIZATION,H3_PIT_ATTENTION_ALIAS_POLICY_V5,c18b1ce9c421f52afb3d0d2ea85fe4e1e4f282fa5d14a85cefd9ccf21da2bb40,0
CTSH,0001058290,STAGE3B2_CANDIDATE_CIK,CTSH,LOW,0,2021-01-01,2026-01-01,2021-01-01,2026-01-01,Cognizant Technology Solutions Corp,LATEST_IN_MEMBERSHIP_SEC_NPORT_NAME,STABLE,cognizant technology solutions corp,cognizant technology solutions,cognizant technology solutions,CONSERVATIVE_LEGAL_CORE,STATE_NAME,EXACT_NORMALIZED_GKG_ORGANIZATION,H3_PIT_ATTENTION_ALIAS_POLICY_V5,c18b1ce9c421f52afb3d0d2ea85fe4e1e4f282fa5d14a85cefd9ccf21da2bb40,0
CTVA,0001755672,STAGE3B2_CANDIDATE_CIK,CTVA,HIGH,0,2021-01-01,2026-01-01,2021-01-01,2026-01-01,Corteva Inc,LATEST_IN_MEMBERSHIP_SEC_NPORT_NAME,STABLE,corteva inc,corteva,corteva inc,FULL_AUTHORITATIVE_NAME_PRECISION_CONTROL,STATE_NAME,EXACT_NORMALIZED_GKG_ORGANIZATION,H3_PIT_ATTENTION_ALIAS_POLICY_V5,c18b1ce9c421f52afb3d0d2ea85fe4e1e4f282fa5d14a85cefd9ccf21da2bb40,0
CTXS,0000877890,STAGE3I_RESOLVED_CIK,CTXS,MEDIUM,0,2021-01-01,2022-10-03,2021-01-01,2022-10-03,Citrix Systems,STAGE3I_MEMBERSHIP_NAME,STABLE,citrix systems,citrix systems,citrix systems,CONSERVATIVE_LEGAL_CORE,STATE_NAME,EXACT_NORMALIZED_GKG_ORGANIZATION,H3_PIT_ATTENTION_ALIAS_POLICY_V5,c18b1ce9c421f52afb3d0d2ea85fe4e1e4f282fa5d14a85cefd9ccf21da2bb40,0
CVNA,0001690820,STAGE3B2_CANDIDATE_CIK,CVNA,HIGH,0,2025-12-22,2026-01-01,2025-12-22,2026-01-01,Carvana Co,LATEST_IN_MEMBERSHIP_SEC_NPORT_NAME,STABLE,carvana co,carvana,carvana co,FULL_AUTHORITATIVE_NAME_PRECISION_CONTROL,STATE_NAME,EXACT_NORMALIZED_GKG_ORGANIZATION,H3_PIT_ATTENTION_ALIAS_POLICY_V5,c18b1ce9c421f52afb3d0d2ea85fe4e1e4f282fa5d14a85cefd9ccf21da2bb40,0
CVS,0000064803,STAGE3B2_CANDIDATE_CIK,CVS,MEDIUM,0,2021-01-01,2026-01-01,2021-01-01,2026-01-01,CVS Health Corp,LATEST_IN_MEMBERSHIP_SEC_NPORT_NAME,STABLE,cvs health corp,cvs health,cvs health,CONSERVATIVE_LEGAL_CORE,STATE_NAME,EXACT_NORMALIZED_GKG_ORGANIZATION,H3_PIT_ATTENTION_ALIAS_POLICY_V5,c18b1ce9c421f52afb3d0d2ea85fe4e1e4f282fa5d14a85cefd9ccf21da2bb40,0
CVX,0000093410,STAGE3B2_CANDIDATE_CIK,CVX,HIGH,0,2021-01-01,2026-01-01,2021-01-01,2026-01-01,Chevron Corp,LATEST_IN_MEMBERSHIP_SEC_NPORT_NAME,STABLE,chevron corp,chevron,chevron corp,FULL_AUTHORITATIVE_NAME_PRECISION_CONTROL,STATE_NAME,EXACT_NORMALIZED_GKG_ORGANIZATION,H3_PIT_ATTENTION_ALIAS_POLICY_V5,c18b1ce9c421f52afb3d0d2ea85fe4e1e4f282fa5d14a85cefd9ccf21da2bb40,0
CXO,,,CXO,MEDIUM,0,2021-01-01,2021-01-21,2021-01-01,2021-01-21,Concho Resources,STAGE3I_MEMBERSHIP_NAME,STABLE,concho resources,concho resources,concho resources,CONSERVATIVE_LEGAL_CORE,STATE_NAME,EXACT_NORMALIZED_GKG_ORGANIZATION,H3_PIT_ATTENTION_ALIAS_POLICY_V5,c18b1ce9c421f52afb3d0d2ea85fe4e1e4f282fa5d14a85cefd9ccf21da2bb40,0
CZR,0001590895,STAGE3I_RESOLVED_CIK,CZR,MEDIUM,0,2021-03-22,2025-09-22,2021-03-22,2025-09-22,Caesars Entertainment,STAGE3I_MEMBERSHIP_NAME,STABLE,caesars entertainment,caesars entertainment,caesars entertainment,CONSERVATIVE_LEGAL_CORE,STATE_NAME,EXACT_NORMALIZED_GKG_ORGANIZATION,H3_PIT_ATTENTION_ALIAS_POLICY_V5,c18b1ce9c421f52afb3d0d2ea85fe4e1e4f282fa5d14a85cefd9ccf21da2bb40,0
D,0000715957,STAGE3B2_CANDIDATE_CIK,D,MEDIUM,0,2021-01-01,2026-01-01,2021-01-01,2026-01-01,Dominion Energy Inc,LATEST_IN_MEMBERSHIP_SEC_NPORT_NAME,STABLE,dominion energy inc,dominion energy,dominion energy,CONSERVATIVE_LEGAL_CORE,STATE_NAME,EXACT_NORMALIZED_GKG_ORGANIZATION,H3_PIT_ATTENTION_ALIAS_POLICY_V5,c18b1ce9c421f52afb3d0d2ea85fe4e1e4f282fa5d14a85cefd9ccf21da2bb40,0
DAL,0000027904,STAGE3B2_CANDIDATE_CIK,DAL,LOW,0,2021-01-01,2026-01-01,2021-01-01,2026-01-01,Delta Air Lines Inc,LATEST_IN_MEMBERSHIP_SEC_NPORT_NAME,STABLE,delta air lines inc,delta air lines,delta air lines,CONSERVATIVE_LEGAL_CORE,STATE_NAME,EXACT_NORMALIZED_GKG_ORGANIZATION,H3_PIT_ATTENTION_ALIAS_POLICY_V5,c18b1ce9c421f52afb3d0d2ea85fe4e1e4f282fa5d14a85cefd9ccf21da2bb40,0
DASH,0001792789,STAGE3B2_CANDIDATE_CIK,DASH,HIGH,0,2025-03-24,2026-01-01,2025-03-24,2026-01-01,DoorDash Inc,LATEST_IN_MEMBERSHIP_SEC_NPORT_NAME,STABLE,doordash inc,doordash,doordash inc,FULL_AUTHORITATIVE_NAME_PRECISION_CONTROL,STATE_NAME,EXACT_NORMALIZED_GKG_ORGANIZATION,H3_PIT_ATTENTION_ALIAS_POLICY_V5,c18b1ce9c421f52afb3d0d2ea85fe4e1e4f282fa5d14a85cefd9ccf21da2bb40,0
DAY,,,DAY,MEDIUM,0,2021-09-20,2026-01-01,2021-09-20,2024-02-01,CERIDIAN HCM,LATEST_IN_MEMBERSHIP_SEC_NPORT_NAME,STAGE3C_EXACT_EVENT,ceridian hcm,ceridian hcm,ceridian hcm,CONSERVATIVE_LEGAL_CORE,STATE_NAME,EXACT_NORMALIZED_GKG_ORGANIZATION,H3_PIT_ATTENTION_ALIAS_POLICY_V5,c18b1ce9c421f52afb3d0d2ea85fe4e1e4f282fa5d14a85cefd9ccf21da2bb40,0
DAY,,,DAY,MEDIUM,0,2021-09-20,2026-01-01,2024-02-01,2026-01-01,DAYFORCE,LATEST_IN_MEMBERSHIP_SEC_NPORT_NAME,POST_TRANSITION,dayforce,dayforce,dayforce,CONSERVATIVE_LEGAL_CORE,STATE_NAME,EXACT_NORMALIZED_GKG_ORGANIZATION,H3_PIT_ATTENTION_ALIAS_POLICY_V5,c18b1ce9c421f52afb3d0d2ea85fe4e1e4f282fa5d14a85cefd9ccf21da2bb40,0
DD,0001666700,STAGE3B2_CANDIDATE_CIK,DD,LOW,0,2021-01-01,2026-01-01,2021-01-01,2026-01-01,DuPont de Nemours Inc,LATEST_IN_MEMBERSHIP_SEC_NPORT_NAME,STABLE,dupont de nemours inc,dupont de nemours,dupont de nemours,CONSERVATIVE_LEGAL_CORE,STATE_NAME,EXACT_NORMALIZED_GKG_ORGANIZATION,H3_PIT_ATTENTION_ALIAS_POLICY_V5,c18b1ce9c421f52afb3d0d2ea85fe4e1e4f282fa5d14a85cefd9ccf21da2bb40,0
DDOG,0001561550,STAGE3B2_CANDIDATE_CIK,DDOG,HIGH,0,2025-07-09,2026-01-01,2025-07-09,2026-01-01,Datadog Inc,LATEST_IN_MEMBERSHIP_SEC_NPORT_NAME,STABLE,datadog inc,datadog,datadog inc,FULL_AUTHORITATIVE_NAME_PRECISION_CONTROL,STATE_NAME,EXACT_NORMALIZED_GKG_ORGANIZATION,H3_PIT_ATTENTION_ALIAS_POLICY_V5,c18b1ce9c421f52afb3d0d2ea85fe4e1e4f282fa5d14a85cefd9ccf21da2bb40,0
DE,0000315189,STAGE3B2_CANDIDATE_CIK,DE,HIGH,0,2021-01-01,2026-01-01,2021-01-01,2026-01-01,Deere & Co,LATEST_IN_MEMBERSHIP_SEC_NPORT_NAME,STABLE,deere and co,deere and,deere and co,FULL_AUTHORITATIVE_NAME_PRECISION_CONTROL,STATE_NAME,EXACT_NORMALIZED_GKG_ORGANIZATION,H3_PIT_ATTENTION_ALIAS_POLICY_V5,c18b1ce9c421f52afb3d0d2ea85fe4e1e4f282fa5d14a85cefd9ccf21da2bb40,0
DECK,0000910521,STAGE3B2_CANDIDATE_CIK,DECK,MEDIUM,0,2024-03-18,2026-01-01,2024-03-18,2026-01-01,Deckers Outdoor Corp,LATEST_IN_MEMBERSHIP_SEC_NPORT_NAME,STABLE,deckers outdoor corp,deckers outdoor,deckers outdoor,CONSERVATIVE_LEGAL_CORE,STATE_NAME,EXACT_NORMALIZED_GKG_ORGANIZATION,H3_PIT_ATTENTION_ALIAS_POLICY_V5,c18b1ce9c421f52afb3d0d2ea85fe4e1e4f282fa5d14a85cefd9ccf21da2bb40,0
DELL,0001571996,STAGE3B2_CANDIDATE_CIK,DELL,MEDIUM,0,2024-09-23,2026-01-01,2024-09-23,2026-01-01,Dell Technologies Inc,LATEST_IN_MEMBERSHIP_SEC_NPORT_NAME,STABLE,dell technologies inc,dell technologies,dell technologies,CONSERVATIVE_LEGAL_CORE,STATE_NAME,EXACT_NORMALIZED_GKG_ORGANIZATION,H3_PIT_ATTENTION_ALIAS_POLICY_V5,c18b1ce9c421f52afb3d0d2ea85fe4e1e4f282fa5d14a85cefd9ccf21da2bb40,0
DFS,0001393612,STAGE3I_RESOLVED_CIK,DFS,LOW,0,2021-01-01,2025-05-19,2021-01-01,2025-05-19,Discover Financial Services,STAGE3I_MEMBERSHIP_NAME,STABLE,discover financial services,discover financial services,discover financial services,CONSERVATIVE_LEGAL_CORE,STATE_NAME,EXACT_NORMALIZED_GKG_ORGANIZATION,H3_PIT_ATTENTION_ALIAS_POLICY_V5,c18b1ce9c421f52afb3d0d2ea85fe4e1e4f282fa5d14a85cefd9ccf21da2bb40,0
DG,0000029534,STAGE3B2_CANDIDATE_CIK,DG,MEDIUM,0,2021-01-01,2026-01-01,2021-01-01,2026-01-01,Dollar General Corp,LATEST_IN_MEMBERSHIP_SEC_NPORT_NAME,STABLE,dollar general corp,dollar general,dollar general,CONSERVATIVE_LEGAL_CORE,STATE_NAME,EXACT_NORMALIZED_GKG_ORGANIZATION,H3_PIT_ATTENTION_ALIAS_POLICY_V5,c18b1ce9c421f52afb3d0d2ea85fe4e1e4f282fa5d14a85cefd9ccf21da2bb40,0
DGX,0001022079,STAGE3B2_CANDIDATE_CIK,DGX,MEDIUM,0,2021-01-01,2026-01-01,2021-01-01,2026-01-01,Quest Diagnostics Inc,LATEST_IN_MEMBERSHIP_SEC_NPORT_NAME,STABLE,quest diagnostics inc,quest diagnostics,quest diagnostics,CONSERVATIVE_LEGAL_CORE,STATE_NAME,EXACT_NORMALIZED_GKG_ORGANIZATION,H3_PIT_ATTENTION_ALIAS_POLICY_V5,c18b1ce9c421f52afb3d0d2ea85fe4e1e4f282fa5d14a85cefd9ccf21da2bb40,0
DHI,0000882184,STAGE3B2_CANDIDATE_CIK,DHI,MEDIUM,0,2021-01-01,2026-01-01,2021-01-01,2026-01-01,DR Horton Inc,LATEST_IN_MEMBERSHIP_SEC_NPORT_NAME,STABLE,dr horton inc,dr horton,dr horton,CONSERVATIVE_LEGAL_CORE,STATE_NAME,EXACT_NORMALIZED_GKG_ORGANIZATION,H3_PIT_ATTENTION_ALIAS_POLICY_V5,c18b1ce9c421f52afb3d0d2ea85fe4e1e4f282fa5d14a85cefd9ccf21da2bb40,0
DHR,,,DHR,HIGH,0,2021-01-01,2026-01-01,2021-01-01,2026-01-01,Danaher Corp,LATEST_IN_MEMBERSHIP_SEC_NPORT_NAME,STABLE,danaher corp,danaher,danaher corp,FULL_AUTHORITATIVE_NAME_PRECISION_CONTROL,STATE_NAME,EXACT_NORMALIZED_GKG_ORGANIZATION,H3_PIT_ATTENTION_ALIAS_POLICY_V5,c18b1ce9c421f52afb3d0d2ea85fe4e1e4f282fa5d14a85cefd9ccf21da2bb40,0
DIS,0001744489,STAGE3B2_CANDIDATE_CIK,DIS,LOW,0,2021-01-01,2026-01-01,2021-01-01,2026-01-01,Walt Disney Co/The,LATEST_IN_MEMBERSHIP_SEC_NPORT_NAME,STABLE,walt disney co,walt disney,walt disney,CONSERVATIVE_LEGAL_CORE,STATE_NAME,EXACT_NORMALIZED_GKG_ORGANIZATION,H3_PIT_ATTENTION_ALIAS_POLICY_V5,c18b1ce9c421f52afb3d0d2ea85fe4e1e4f282fa5d14a85cefd9ccf21da2bb40,0
DISCA,0001437107,STAGE3I_RESOLVED_CIK,DISCA,LOW,0,2021-01-01,2022-04-11,2021-01-01,2022-04-11,Discovery Inc Class A,STAGE3I_MEMBERSHIP_NAME,STABLE,discovery inc,discovery,discovery,CONSERVATIVE_LEGAL_CORE,STATE_NAME,EXACT_NORMALIZED_GKG_ORGANIZATION,H3_PIT_ATTENTION_ALIAS_POLICY_V5,c18b1ce9c421f52afb3d0d2ea85fe4e1e4f282fa5d14a85cefd9ccf21da2bb40,0
DISCK,0001437107,STAGE3I_RESOLVED_CIK,DISCK,LOW,0,2021-01-01,2022-04-11,2021-01-01,2022-04-11,Discovery Inc Class C,STAGE3I_MEMBERSHIP_NAME,STABLE,discovery inc,discovery,discovery,CONSERVATIVE_LEGAL_CORE,STATE_NAME,EXACT_NORMALIZED_GKG_ORGANIZATION,H3_PIT_ATTENTION_ALIAS_POLICY_V5,c18b1ce9c421f52afb3d0d2ea85fe4e1e4f282fa5d14a85cefd9ccf21da2bb40,0
DISH,,,DISH,MEDIUM,0,2021-01-01,2023-06-20,2021-01-01,2023-06-20,DISH Network,STAGE3I_MEMBERSHIP_NAME,STABLE,dish network,dish network,dish network,CONSERVATIVE_LEGAL_CORE,STATE_NAME,EXACT_NORMALIZED_GKG_ORGANIZATION,H3_PIT_ATTENTION_ALIAS_POLICY_V5,c18b1ce9c421f52afb3d0d2ea85fe4e1e4f282fa5d14a85cefd9ccf21da2bb40,0
DLR,0001297996,STAGE3B2_CANDIDATE_CIK,DLR,LOW,0,2021-01-01,2026-01-01,2021-01-01,2026-01-01,Digital Realty Trust Inc,LATEST_IN_MEMBERSHIP_SEC_NPORT_NAME,STABLE,digital realty trust inc,digital realty trust,digital realty trust,CONSERVATIVE_LEGAL_CORE,STATE_NAME,EXACT_NORMALIZED_GKG_ORGANIZATION,H3_PIT_ATTENTION_ALIAS_POLICY_V5,c18b1ce9c421f52afb3d0d2ea85fe4e1e4f282fa5d14a85cefd9ccf21da2bb40,0
DLTR,0000935703,STAGE3B2_CANDIDATE_CIK,DLTR,MEDIUM,0,2021-01-01,2026-01-01,2021-01-01,2026-01-01,Dollar Tree Inc,LATEST_IN_MEMBERSHIP_SEC_NPORT_NAME,STABLE,dollar tree inc,dollar tree,dollar tree,CONSERVATIVE_LEGAL_CORE,STATE_NAME,EXACT_NORMALIZED_GKG_ORGANIZATION,H3_PIT_ATTENTION_ALIAS_POLICY_V5,c18b1ce9c421f52afb3d0d2ea85fe4e1e4f282fa5d14a85cefd9ccf21da2bb40,0
DOC,0000765880,STAGE3B2_CANDIDATE_CIK,DOC,MEDIUM,0,2021-01-01,2026-01-01,2021-01-01,2026-01-01,Healthpeak Properties Inc,LATEST_IN_MEMBERSHIP_SEC_NPORT_NAME,STABLE,healthpeak properties inc,healthpeak properties,healthpeak properties,CONSERVATIVE_LEGAL_CORE,STATE_NAME,EXACT_NORMALIZED_GKG_ORGANIZATION,H3_PIT_ATTENTION_ALIAS_POLICY_V5,c18b1ce9c421f52afb3d0d2ea85fe4e1e4f282fa5d14a85cefd9ccf21da2bb40,0
DOV,0000029905,STAGE3B2_CANDIDATE_CIK,DOV,HIGH,0,2021-01-01,2026-01-01,2021-01-01,2026-01-01,Dover Corp,LATEST_IN_MEMBERSHIP_SEC_NPORT_NAME,STABLE,dover corp,dover,dover corp,FULL_AUTHORITATIVE_NAME_PRECISION_CONTROL,STATE_NAME,EXACT_NORMALIZED_GKG_ORGANIZATION,H3_PIT_ATTENTION_ALIAS_POLICY_V5,c18b1ce9c421f52afb3d0d2ea85fe4e1e4f282fa5d14a85cefd9ccf21da2bb40,0
DOW,0001751788,STAGE3B2_CANDIDATE_CIK,DOW,HIGH,0,2021-01-01,2026-01-01,2021-01-01,2026-01-01,Dow Inc,LATEST_IN_MEMBERSHIP_SEC_NPORT_NAME,STABLE,dow inc,dow,dow inc,FULL_AUTHORITATIVE_NAME_PRECISION_CONTROL,STATE_NAME,EXACT_NORMALIZED_GKG_ORGANIZATION,H3_PIT_ATTENTION_ALIAS_POLICY_V5,c18b1ce9c421f52afb3d0d2ea85fe4e1e4f282fa5d14a85cefd9ccf21da2bb40,0
DPZ,0001286681,STAGE3B2_CANDIDATE_CIK,DPZ,LOW,0,2021-01-01,2026-01-01,2021-01-01,2026-01-01,Domino's Pizza Inc,LATEST_IN_MEMBERSHIP_SEC_NPORT_NAME,STABLE,dominos pizza inc,dominos pizza,dominos pizza,CONSERVATIVE_LEGAL_CORE,STATE_NAME,EXACT_NORMALIZED_GKG_ORGANIZATION,H3_PIT_ATTENTION_ALIAS_POLICY_V5,c18b1ce9c421f52afb3d0d2ea85fe4e1e4f282fa5d14a85cefd9ccf21da2bb40,0
DRE,0000783280,STAGE3I_RESOLVED_CIK,DRE,MEDIUM,0,2021-01-01,2022-10-03,2021-01-01,2022-10-03,Duke Realty,STAGE3I_MEMBERSHIP_NAME,STABLE,duke realty,duke realty,duke realty,CONSERVATIVE_LEGAL_CORE,STATE_NAME,EXACT_NORMALIZED_GKG_ORGANIZATION,H3_PIT_ATTENTION_ALIAS_POLICY_V5,c18b1ce9c421f52afb3d0d2ea85fe4e1e4f282fa5d14a85cefd9ccf21da2bb40,0
DRI,0000940944,STAGE3B2_CANDIDATE_CIK,DRI,MEDIUM,0,2021-01-01,2026-01-01,2021-01-01,2026-01-01,Darden Restaurants Inc,LATEST_IN_MEMBERSHIP_SEC_NPORT_NAME,STABLE,darden restaurants inc,darden restaurants,darden restaurants,CONSERVATIVE_LEGAL_CORE,STATE_NAME,EXACT_NORMALIZED_GKG_ORGANIZATION,H3_PIT_ATTENTION_ALIAS_POLICY_V5,c18b1ce9c421f52afb3d0d2ea85fe4e1e4f282fa5d14a85cefd9ccf21da2bb40,0
DTE,0000936340,STAGE3B2_CANDIDATE_CIK,DTE,MEDIUM,0,2021-01-01,2026-01-01,2021-01-01,2026-01-01,DTE Energy Co,LATEST_IN_MEMBERSHIP_SEC_NPORT_NAME,STABLE,dte energy co,dte energy,dte energy,CONSERVATIVE_LEGAL_CORE,STATE_NAME,EXACT_NORMALIZED_GKG_ORGANIZATION,H3_PIT_ATTENTION_ALIAS_POLICY_V5,c18b1ce9c421f52afb3d0d2ea85fe4e1e4f282fa5d14a85cefd9ccf21da2bb40,0
DUK,0001326160,STAGE3B2_CANDIDATE_CIK,DUK,MEDIUM,0,2021-01-01,2026-01-01,2021-01-01,2026-01-01,Duke Energy Corp,LATEST_IN_MEMBERSHIP_SEC_NPORT_NAME,STABLE,duke energy corp,duke energy,duke energy,CONSERVATIVE_LEGAL_CORE,STATE_NAME,EXACT_NORMALIZED_GKG_ORGANIZATION,H3_PIT_ATTENTION_ALIAS_POLICY_V5,c18b1ce9c421f52afb3d0d2ea85fe4e1e4f282fa5d14a85cefd9ccf21da2bb40,0
DVA,0000927066,STAGE3B2_CANDIDATE_CIK,DVA,HIGH,0,2021-01-01,2026-01-01,2021-01-01,2026-01-01,DaVita Inc,LATEST_IN_MEMBERSHIP_SEC_NPORT_NAME,STABLE,davita inc,davita,davita inc,FULL_AUTHORITATIVE_NAME_PRECISION_CONTROL,STATE_NAME,EXACT_NORMALIZED_GKG_ORGANIZATION,H3_PIT_ATTENTION_ALIAS_POLICY_V5,c18b1ce9c421f52afb3d0d2ea85fe4e1e4f282fa5d14a85cefd9ccf21da2bb40,0
DVN,0001090012,STAGE3B2_CANDIDATE_CIK,DVN,MEDIUM,0,2021-01-01,2026-01-01,2021-01-01,2026-01-01,Devon Energy Corp,LATEST_IN_MEMBERSHIP_SEC_NPORT_NAME,STABLE,devon energy corp,devon energy,devon energy,CONSERVATIVE_LEGAL_CORE,STATE_NAME,EXACT_NORMALIZED_GKG_ORGANIZATION,H3_PIT_ATTENTION_ALIAS_POLICY_V5,c18b1ce9c421f52afb3d0d2ea85fe4e1e4f282fa5d14a85cefd9ccf21da2bb40,0
DXC,0001688568,STAGE3I_RESOLVED_CIK,DXC,MEDIUM,0,2021-01-01,2023-10-03,2021-01-01,2023-10-03,DXC Technologies,STAGE3I_MEMBERSHIP_NAME,STABLE,dxc technologies,dxc technologies,dxc technologies,CONSERVATIVE_LEGAL_CORE,STATE_NAME,EXACT_NORMALIZED_GKG_ORGANIZATION,H3_PIT_ATTENTION_ALIAS_POLICY_V5,c18b1ce9c421f52afb3d0d2ea85fe4e1e4f282fa5d14a85cefd9ccf21da2bb40,0
DXCM,0001093557,STAGE3B2_CANDIDATE_CIK,DXCM,HIGH,0,2021-01-01,2026-01-01,2021-01-01,2026-01-01,Dexcom Inc,LATEST_IN_MEMBERSHIP_SEC_NPORT_NAME,STABLE,dexcom inc,dexcom,dexcom inc,FULL_AUTHORITATIVE_NAME_PRECISION_CONTROL,STATE_NAME,EXACT_NORMALIZED_GKG_ORGANIZATION,H3_PIT_ATTENTION_ALIAS_POLICY_V5,c18b1ce9c421f52afb3d0d2ea85fe4e1e4f282fa5d14a85cefd9ccf21da2bb40,0
EA,,,EA,MEDIUM,0,2021-01-01,2026-01-01,2021-01-01,2026-01-01,Electronic Arts Inc,LATEST_IN_MEMBERSHIP_SEC_NPORT_NAME,STABLE,electronic arts inc,electronic arts,electronic arts,CONSERVATIVE_LEGAL_CORE,STATE_NAME,EXACT_NORMALIZED_GKG_ORGANIZATION,H3_PIT_ATTENTION_ALIAS_POLICY_V5,c18b1ce9c421f52afb3d0d2ea85fe4e1e4f282fa5d14a85cefd9ccf21da2bb40,0
EBAY,0001065088,STAGE3B2_CANDIDATE_CIK,EBAY,HIGH,0,2021-01-01,2026-01-01,2021-01-01,2026-01-01,eBay Inc,LATEST_IN_MEMBERSHIP_SEC_NPORT_NAME,STABLE,ebay inc,ebay,ebay inc,FULL_AUTHORITATIVE_NAME_PRECISION_CONTROL,STATE_NAME,EXACT_NORMALIZED_GKG_ORGANIZATION,H3_PIT_ATTENTION_ALIAS_POLICY_V5,c18b1ce9c421f52afb3d0d2ea85fe4e1e4f282fa5d14a85cefd9ccf21da2bb40,0
ECL,0000031462,STAGE3B2_CANDIDATE_CIK,ECL,HIGH,0,2021-01-01,2026-01-01,2021-01-01,2026-01-01,Ecolab Inc,LATEST_IN_MEMBERSHIP_SEC_NPORT_NAME,STABLE,ecolab inc,ecolab,ecolab inc,FULL_AUTHORITATIVE_NAME_PRECISION_CONTROL,STATE_NAME,EXACT_NORMALIZED_GKG_ORGANIZATION,H3_PIT_ATTENTION_ALIAS_POLICY_V5,c18b1ce9c421f52afb3d0d2ea85fe4e1e4f282fa5d14a85cefd9ccf21da2bb40,0
ED,0001047862,STAGE3B2_CANDIDATE_CIK,ED,MEDIUM,0,2021-01-01,2026-01-01,2021-01-01,2026-01-01,Consolidated Edison Inc,LATEST_IN_MEMBERSHIP_SEC_NPORT_NAME,STABLE,consolidated edison inc,consolidated edison,consolidated edison,CONSERVATIVE_LEGAL_CORE,STATE_NAME,EXACT_NORMALIZED_GKG_ORGANIZATION,H3_PIT_ATTENTION_ALIAS_POLICY_V5,c18b1ce9c421f52afb3d0d2ea85fe4e1e4f282fa5d14a85cefd9ccf21da2bb40,0
EFX,0000033185,STAGE3B2_CANDIDATE_CIK,EFX,HIGH,0,2021-01-01,2026-01-01,2021-01-01,2026-01-01,Equifax Inc,LATEST_IN_MEMBERSHIP_SEC_NPORT_NAME,STABLE,equifax inc,equifax,equifax inc,FULL_AUTHORITATIVE_NAME_PRECISION_CONTROL,STATE_NAME,EXACT_NORMALIZED_GKG_ORGANIZATION,H3_PIT_ATTENTION_ALIAS_POLICY_V5,c18b1ce9c421f52afb3d0d2ea85fe4e1e4f282fa5d14a85cefd9ccf21da2bb40,0
EG,0001095073,STAGE3B2_CANDIDATE_CIK,EG,MEDIUM,0,2021-01-01,2026-01-01,2021-01-01,2023-07-10,EVEREST RE GROUP,LATEST_IN_MEMBERSHIP_SEC_NPORT_NAME,STAGE3D_AUTHORITATIVE_RENAME,everest re group,everest re group,everest re group,CONSERVATIVE_LEGAL_CORE,STATE_NAME,EXACT_NORMALIZED_GKG_ORGANIZATION,H3_PIT_ATTENTION_ALIAS_POLICY_V5,c18b1ce9c421f52afb3d0d2ea85fe4e1e4f282fa5d14a85cefd9ccf21da2bb40,0
EG,0001095073,STAGE3B2_CANDIDATE_CIK,EG,MEDIUM,0,2021-01-01,2026-01-01,2023-07-10,2026-01-01,EVEREST GROUP,LATEST_IN_MEMBERSHIP_SEC_NPORT_NAME,POST_TRANSITION,everest group,everest group,everest group,CONSERVATIVE_LEGAL_CORE,STATE_NAME,EXACT_NORMALIZED_GKG_ORGANIZATION,H3_PIT_ATTENTION_ALIAS_POLICY_V5,c18b1ce9c421f52afb3d0d2ea85fe4e1e4f282fa5d14a85cefd9ccf21da2bb40,0
EIX,0000827052,STAGE3B2_CANDIDATE_CIK,EIX,MEDIUM,0,2021-01-01,2026-01-01,2021-01-01,2026-01-01,Edison International,LATEST_IN_MEMBERSHIP_SEC_NPORT_NAME,STABLE,edison international,edison international,edison international,CONSERVATIVE_LEGAL_CORE,STATE_NAME,EXACT_NORMALIZED_GKG_ORGANIZATION,H3_PIT_ATTENTION_ALIAS_POLICY_V5,c18b1ce9c421f52afb3d0d2ea85fe4e1e4f282fa5d14a85cefd9ccf21da2bb40,0
EL,0001001250,STAGE3G_SAMPLE_CIK,EL,LOW,0,2021-01-01,2026-01-01,2021-01-01,2026-01-01,The Estée Lauder Companies Inc.,STAGE3G_AUTHORITATIVE_SAMPLE_NAME,STABLE,est e lauder companies inc,est e lauder companies,est e lauder companies,CONSERVATIVE_LEGAL_CORE,STATE_NAME,EXACT_NORMALIZED_GKG_ORGANIZATION,H3_PIT_ATTENTION_ALIAS_POLICY_V5,c18b1ce9c421f52afb3d0d2ea85fe4e1e4f282fa5d14a85cefd9ccf21da2bb40,0
ELV,0001156039,STAGE3B2_CANDIDATE_CIK,ELV,MEDIUM,0,2021-01-01,2026-01-01,2021-01-01,2022-06-28,ANTHEM,LATEST_IN_MEMBERSHIP_SEC_NPORT_NAME,STAGE3D_AUTHORITATIVE_RENAME,anthem,anthem,anthem,CONSERVATIVE_LEGAL_CORE,STATE_NAME,EXACT_NORMALIZED_GKG_ORGANIZATION,H3_PIT_ATTENTION_ALIAS_POLICY_V5,c18b1ce9c421f52afb3d0d2ea85fe4e1e4f282fa5d14a85cefd9ccf21da2bb40,0
ELV,0001156039,STAGE3B2_CANDIDATE_CIK,ELV,MEDIUM,0,2021-01-01,2026-01-01,2022-06-28,2026-01-01,ELEVANCE HEALTH,LATEST_IN_MEMBERSHIP_SEC_NPORT_NAME,POST_TRANSITION,elevance health,elevance health,elevance health,CONSERVATIVE_LEGAL_CORE,STATE_NAME,EXACT_NORMALIZED_GKG_ORGANIZATION,H3_PIT_ATTENTION_ALIAS_POLICY_V5,c18b1ce9c421f52afb3d0d2ea85fe4e1e4f282fa5d14a85cefd9ccf21da2bb40,0
EME,0000105634,STAGE3B2_CANDIDATE_CIK,EME,MEDIUM,0,2025-09-22,2026-01-01,2025-09-22,2026-01-01,EMCOR Group Inc,LATEST_IN_MEMBERSHIP_SEC_NPORT_NAME,STABLE,emcor group inc,emcor group,emcor group,CONSERVATIVE_LEGAL_CORE,STATE_NAME,EXACT_NORMALIZED_GKG_ORGANIZATION,H3_PIT_ATTENTION_ALIAS_POLICY_V5,c18b1ce9c421f52afb3d0d2ea85fe4e1e4f282fa5d14a85cefd9ccf21da2bb40,0
EMN,0000915389,STAGE3I_RESOLVED_CIK,EMN,MEDIUM,0,2021-01-01,2025-11-04,2021-01-01,2025-11-04,Eastman Chemical Co,STAGE3I_MEMBERSHIP_NAME,STABLE,eastman chemical co,eastman chemical,eastman chemical,CONSERVATIVE_LEGAL_CORE,STATE_NAME,EXACT_NORMALIZED_GKG_ORGANIZATION,H3_PIT_ATTENTION_ALIAS_POLICY_V5,c18b1ce9c421f52afb3d0d2ea85fe4e1e4f282fa5d14a85cefd9ccf21da2bb40,0
EMR,0000032604,STAGE3B2_CANDIDATE_CIK,EMR,MEDIUM,0,2021-01-01,2026-01-01,2021-01-01,2026-01-01,Emerson Electric Co,LATEST_IN_MEMBERSHIP_SEC_NPORT_NAME,STABLE,emerson electric co,emerson electric,emerson electric,CONSERVATIVE_LEGAL_CORE,STATE_NAME,EXACT_NORMALIZED_GKG_ORGANIZATION,H3_PIT_ATTENTION_ALIAS_POLICY_V5,c18b1ce9c421f52afb3d0d2ea85fe4e1e4f282fa5d14a85cefd9ccf21da2bb40,0
ENPH,0001463101,STAGE3I_RESOLVED_CIK,ENPH,MEDIUM,0,2021-01-07,2025-09-22,2021-01-07,2025-09-22,Enphase Energy,STAGE3I_MEMBERSHIP_NAME,STABLE,enphase energy,enphase energy,enphase energy,CONSERVATIVE_LEGAL_CORE,STATE_NAME,EXACT_NORMALIZED_GKG_ORGANIZATION,H3_PIT_ATTENTION_ALIAS_POLICY_V5,c18b1ce9c421f52afb3d0d2ea85fe4e1e4f282fa5d14a85cefd9ccf21da2bb40,0
EOG,0000821189,STAGE3B2_CANDIDATE_CIK,EOG,MEDIUM,0,2021-01-01,2026-01-01,2021-01-01,2026-01-01,EOG Resources Inc,LATEST_IN_MEMBERSHIP_SEC_NPORT_NAME,STABLE,eog resources inc,eog resources,eog resources,CONSERVATIVE_LEGAL_CORE,STATE_NAME,EXACT_NORMALIZED_GKG_ORGANIZATION,H3_PIT_ATTENTION_ALIAS_POLICY_V5,c18b1ce9c421f52afb3d0d2ea85fe4e1e4f282fa5d14a85cefd9ccf21da2bb40,0
EPAM,0001352010,STAGE3I_RESOLVED_CIK,EPAM,MEDIUM,0,2021-12-14,2026-01-01,2021-12-14,2026-01-01,EPAM Systems,STAGE3I_MEMBERSHIP_NAME,STABLE,epam systems,epam systems,epam systems,CONSERVATIVE_LEGAL_CORE,STATE_NAME,EXACT_NORMALIZED_GKG_ORGANIZATION,H3_PIT_ATTENTION_ALIAS_POLICY_V5,c18b1ce9c421f52afb3d0d2ea85fe4e1e4f282fa5d14a85cefd9ccf21da2bb40,0
EQIX,0001101239,STAGE3B2_CANDIDATE_CIK,EQIX,HIGH,0,2021-01-01,2026-01-01,2021-01-01,2026-01-01,Equinix Inc,LATEST_IN_MEMBERSHIP_SEC_NPORT_NAME,STABLE,equinix inc,equinix,equinix inc,FULL_AUTHORITATIVE_NAME_PRECISION_CONTROL,STATE_NAME,EXACT_NORMALIZED_GKG_ORGANIZATION,H3_PIT_ATTENTION_ALIAS_POLICY_V5,c18b1ce9c421f52afb3d0d2ea85fe4e1e4f282fa5d14a85cefd9ccf21da2bb40,0
EQR,,,EQR,MEDIUM,0,2021-01-01,2026-01-01,2021-01-01,2026-01-01,Equity Residential,LATEST_IN_MEMBERSHIP_SEC_NPORT_NAME,STABLE,equity residential,equity residential,equity residential,CONSERVATIVE_LEGAL_CORE,STATE_NAME,EXACT_NORMALIZED_GKG_ORGANIZATION,H3_PIT_ATTENTION_ALIAS_POLICY_V5,c18b1ce9c421f52afb3d0d2ea85fe4e1e4f282fa5d14a85cefd9ccf21da2bb40,0
EQT,0000033213,STAGE3B2_CANDIDATE_CIK,EQT,HIGH,1,2022-10-03,2026-01-01,2022-10-03,2026-01-01,EQT Corp,LATEST_IN_MEMBERSHIP_SEC_NPORT_NAME,STABLE,eqt corp,eqt,eqt corp,FULL_AUTHORITATIVE_NAME_PRECISION_CONTROL,STATE_NAME,EXACT_NORMALIZED_GKG_ORGANIZATION,H3_PIT_ATTENTION_ALIAS_POLICY_V5,c18b1ce9c421f52afb3d0d2ea85fe4e1e4f282fa5d14a85cefd9ccf21da2bb40,0
ERIE,0000922621,STAGE3B2_CANDIDATE_CIK,ERIE,MEDIUM,0,2024-09-23,2026-01-01,2024-09-23,2026-01-01,Erie Indemnity Co,LATEST_IN_MEMBERSHIP_SEC_NPORT_NAME,STABLE,erie indemnity co,erie indemnity,erie indemnity,CONSERVATIVE_LEGAL_CORE,STATE_NAME,EXACT_NORMALIZED_GKG_ORGANIZATION,H3_PIT_ATTENTION_ALIAS_POLICY_V5,c18b1ce9c421f52afb3d0d2ea85fe4e1e4f282fa5d14a85cefd9ccf21da2bb40,0
ES,0000072741,STAGE3B2_CANDIDATE_CIK,ES,MEDIUM,0,2021-01-01,2026-01-01,2021-01-01,2026-01-01,Eversource Energy,LATEST_IN_MEMBERSHIP_SEC_NPORT_NAME,STABLE,eversource energy,eversource energy,eversource energy,CONSERVATIVE_LEGAL_CORE,STATE_NAME,EXACT_NORMALIZED_GKG_ORGANIZATION,H3_PIT_ATTENTION_ALIAS_POLICY_V5,c18b1ce9c421f52afb3d0d2ea85fe4e1e4f282fa5d14a85cefd9ccf21da2bb40,0
ESS,0000920522,STAGE3B2_CANDIDATE_CIK,ESS,LOW,0,2021-01-01,2026-01-01,2021-01-01,2026-01-01,Essex Property Trust Inc,LATEST_IN_MEMBERSHIP_SEC_NPORT_NAME,STABLE,essex property trust inc,essex property trust,essex property trust,CONSERVATIVE_LEGAL_CORE,STATE_NAME,EXACT_NORMALIZED_GKG_ORGANIZATION,H3_PIT_ATTENTION_ALIAS_POLICY_V5,c18b1ce9c421f52afb3d0d2ea85fe4e1e4f282fa5d14a85cefd9ccf21da2bb40,0
ETN,0001551182,STAGE3B2_CANDIDATE_CIK,ETN,HIGH,0,2021-01-01,2026-01-01,2021-01-01,2026-01-01,Eaton Corp PLC,LATEST_IN_MEMBERSHIP_SEC_NPORT_NAME,STABLE,eaton corp plc,eaton,eaton corp plc,FULL_AUTHORITATIVE_NAME_PRECISION_CONTROL,STATE_NAME,EXACT_NORMALIZED_GKG_ORGANIZATION,H3_PIT_ATTENTION_ALIAS_POLICY_V5,c18b1ce9c421f52afb3d0d2ea85fe4e1e4f282fa5d14a85cefd9ccf21da2bb40,0
ETR,0000065984,STAGE3B2_CANDIDATE_CIK,ETR,HIGH,0,2021-01-01,2026-01-01,2021-01-01,2026-01-01,Entergy Corp,LATEST_IN_MEMBERSHIP_SEC_NPORT_NAME,STABLE,entergy corp,entergy,entergy corp,FULL_AUTHORITATIVE_NAME_PRECISION_CONTROL,STATE_NAME,EXACT_NORMALIZED_GKG_ORGANIZATION,H3_PIT_ATTENTION_ALIAS_POLICY_V5,c18b1ce9c421f52afb3d0d2ea85fe4e1e4f282fa5d14a85cefd9ccf21da2bb40,0
ETSY,0001370637,STAGE3I_RESOLVED_CIK,ETSY,HIGH,1,2021-01-01,2024-09-23,2021-01-01,2024-09-23,Etsy,STAGE3I_MEMBERSHIP_NAME,STABLE,etsy,etsy,etsy inc,QUALIFIED_FULL_AUTHORITATIVE_NAME_BARE_TICKER_CONTROL,SEC_CURRENT_FILER_NAME,EXACT_NORMALIZED_GKG_ORGANIZATION,H3_PIT_ATTENTION_ALIAS_POLICY_V5,c18b1ce9c421f52afb3d0d2ea85fe4e1e4f282fa5d14a85cefd9ccf21da2bb40,0
EVRG,0001711269,STAGE3B2_CANDIDATE_CIK,EVRG,HIGH,0,2021-01-01,2026-01-01,2021-01-01,2026-01-01,Evergy Inc,LATEST_IN_MEMBERSHIP_SEC_NPORT_NAME,STABLE,evergy inc,evergy,evergy inc,FULL_AUTHORITATIVE_NAME_PRECISION_CONTROL,STATE_NAME,EXACT_NORMALIZED_GKG_ORGANIZATION,H3_PIT_ATTENTION_ALIAS_POLICY_V5,c18b1ce9c421f52afb3d0d2ea85fe4e1e4f282fa5d14a85cefd9ccf21da2bb40,0
EW,0001099800,STAGE3B2_CANDIDATE_CIK,EW,MEDIUM,0,2021-01-01,2026-01-01,2021-01-01,2026-01-01,Edwards Lifesciences Corp,LATEST_IN_MEMBERSHIP_SEC_NPORT_NAME,STABLE,edwards lifesciences corp,edwards lifesciences,edwards lifesciences,CONSERVATIVE_LEGAL_CORE,STATE_NAME,EXACT_NORMALIZED_GKG_ORGANIZATION,H3_PIT_ATTENTION_ALIAS_POLICY_V5,c18b1ce9c421f52afb3d0d2ea85fe4e1e4f282fa5d14a85cefd9ccf21da2bb40,0
EXC,0001109357,STAGE3B2_CANDIDATE_CIK,EXC,HIGH,0,2021-01-01,2026-01-01,2021-01-01,2026-01-01,Exelon Corp,LATEST_IN_MEMBERSHIP_SEC_NPORT_NAME,STABLE,exelon corp,exelon,exelon corp,FULL_AUTHORITATIVE_NAME_PRECISION_CONTROL,STATE_NAME,EXACT_NORMALIZED_GKG_ORGANIZATION,H3_PIT_ATTENTION_ALIAS_POLICY_V5,c18b1ce9c421f52afb3d0d2ea85fe4e1e4f282fa5d14a85cefd9ccf21da2bb40,0
EXE,0000895126,STAGE3G_SAMPLE_CIK,EXE,MEDIUM,0,2025-03-24,2026-01-01,2025-03-24,2026-01-01,Expand Energy Corporation,STAGE3G_AUTHORITATIVE_SAMPLE_NAME,STABLE,expand energy corporation,expand energy,expand energy,CONSERVATIVE_LEGAL_CORE,STATE_NAME,EXACT_NORMALIZED_GKG_ORGANIZATION,H3_PIT_ATTENTION_ALIAS_POLICY_V5,c18b1ce9c421f52afb3d0d2ea85fe4e1e4f282fa5d14a85cefd9ccf21da2bb40,0
EXPD,0000746515,STAGE3B2_CANDIDATE_CIK,EXPD,LOW,0,2021-01-01,2026-01-01,2021-01-01,2026-01-01,Expeditors International of Washington Inc,LATEST_IN_MEMBERSHIP_SEC_NPORT_NAME,STABLE,expeditors international of washington inc,expeditors international of washington,expeditors international of washington,CONSERVATIVE_LEGAL_CORE,STATE_NAME,EXACT_NORMALIZED_GKG_ORGANIZATION,H3_PIT_ATTENTION_ALIAS_POLICY_V5,c18b1ce9c421f52afb3d0d2ea85fe4e1e4f282fa5d14a85cefd9ccf21da2bb40,0
EXPE,0001324424,STAGE3B2_CANDIDATE_CIK,EXPE,MEDIUM,0,2021-01-01,2026-01-01,2021-01-01,2026-01-01,Expedia Group Inc,LATEST_IN_MEMBERSHIP_SEC_NPORT_NAME,STABLE,expedia group inc,expedia group,expedia group,CONSERVATIVE_LEGAL_CORE,STATE_NAME,EXACT_NORMALIZED_GKG_ORGANIZATION,H3_PIT_ATTENTION_ALIAS_POLICY_V5,c18b1ce9c421f52afb3d0d2ea85fe4e1e4f282fa5d14a85cefd9ccf21da2bb40,0
EXR,0001289490,STAGE3B2_CANDIDATE_CIK,EXR,LOW,0,2021-01-01,2026-01-01,2021-01-01,2026-01-01,Extra Space Storage Inc,LATEST_IN_MEMBERSHIP_SEC_NPORT_NAME,STABLE,extra space storage inc,extra space storage,extra space storage,CONSERVATIVE_LEGAL_CORE,STATE_NAME,EXACT_NORMALIZED_GKG_ORGANIZATION,H3_PIT_ATTENTION_ALIAS_POLICY_V5,c18b1ce9c421f52afb3d0d2ea85fe4e1e4f282fa5d14a85cefd9ccf21da2bb40,0
F,0000037996,STAGE3B2_CANDIDATE_CIK,F,MEDIUM,0,2021-01-01,2026-01-01,2021-01-01,2026-01-01,Ford Motor Co,LATEST_IN_MEMBERSHIP_SEC_NPORT_NAME,STABLE,ford motor co,ford motor,ford motor,CONSERVATIVE_LEGAL_CORE,STATE_NAME,EXACT_NORMALIZED_GKG_ORGANIZATION,H3_PIT_ATTENTION_ALIAS_POLICY_V5,c18b1ce9c421f52afb3d0d2ea85fe4e1e4f282fa5d14a85cefd9ccf21da2bb40,0
FANG,0001539838,STAGE3B2_CANDIDATE_CIK,FANG,MEDIUM,0,2021-01-01,2026-01-01,2021-01-01,2026-01-01,Diamondback Energy Inc,LATEST_IN_MEMBERSHIP_SEC_NPORT_NAME,STABLE,diamondback energy inc,diamondback energy,diamondback energy,CONSERVATIVE_LEGAL_CORE,STATE_NAME,EXACT_NORMALIZED_GKG_ORGANIZATION,H3_PIT_ATTENTION_ALIAS_POLICY_V5,c18b1ce9c421f52afb3d0d2ea85fe4e1e4f282fa5d14a85cefd9ccf21da2bb40,0
FAST,0000815556,STAGE3B2_CANDIDATE_CIK,FAST,HIGH,0,2021-01-01,2026-01-01,2021-01-01,2026-01-01,Fastenal Co,LATEST_IN_MEMBERSHIP_SEC_NPORT_NAME,STABLE,fastenal co,fastenal,fastenal co,FULL_AUTHORITATIVE_NAME_PRECISION_CONTROL,STATE_NAME,EXACT_NORMALIZED_GKG_ORGANIZATION,H3_PIT_ATTENTION_ALIAS_POLICY_V5,c18b1ce9c421f52afb3d0d2ea85fe4e1e4f282fa5d14a85cefd9ccf21da2bb40,0
FBHS,0001519751,STAGE3I_RESOLVED_CIK,FBHS,LOW,0,2021-01-01,2022-12-19,2021-01-01,2022-12-15,"Fortune Brands Home & Security, Inc.",STAGE3I_MEMBERSHIP_NAME,STAGE3I_KNOWN_PRIMARY_EVENT,fortune brands home and security inc,fortune brands home and security,fortune brands home and security,CONSERVATIVE_LEGAL_CORE,STATE_NAME,EXACT_NORMALIZED_GKG_ORGANIZATION,H3_PIT_ATTENTION_ALIAS_POLICY_V5,c18b1ce9c421f52afb3d0d2ea85fe4e1e4f282fa5d14a85cefd9ccf21da2bb40,0
FBHS,0001519751,STAGE3I_RESOLVED_CIK,FBHS,LOW,0,2021-01-01,2022-12-19,2022-12-15,2022-12-19,"Fortune Brands Innovations, Inc.",STAGE3I_MEMBERSHIP_NAME,POST_TRANSITION,fortune brands innovations inc,fortune brands innovations,fortune brands innovations,CONSERVATIVE_LEGAL_CORE,STATE_NAME,EXACT_NORMALIZED_GKG_ORGANIZATION,H3_PIT_ATTENTION_ALIAS_POLICY_V5,c18b1ce9c421f52afb3d0d2ea85fe4e1e4f282fa5d14a85cefd9ccf21da2bb40,0
FCX,0000831259,STAGE3B2_CANDIDATE_CIK,FCX,MEDIUM,0,2021-01-01,2026-01-01,2021-01-01,2026-01-01,Freeport-McMoRan Inc,LATEST_IN_MEMBERSHIP_SEC_NPORT_NAME,STABLE,freeport mcmoran inc,freeport mcmoran,freeport mcmoran,CONSERVATIVE_LEGAL_CORE,STATE_NAME,EXACT_NORMALIZED_GKG_ORGANIZATION,H3_PIT_ATTENTION_ALIAS_POLICY_V5,c18b1ce9c421f52afb3d0d2ea85fe4e1e4f282fa5d14a85cefd9ccf21da2bb40,0
FDS,0001013237,STAGE3B2_CANDIDATE_CIK,FDS,LOW,0,2021-12-20,2026-01-01,2021-12-20,2026-01-01,FactSet Research Systems Inc,LATEST_IN_MEMBERSHIP_SEC_NPORT_NAME,STABLE,factset research systems inc,factset research systems,factset research systems,CONSERVATIVE_LEGAL_CORE,STATE_NAME,EXACT_NORMALIZED_GKG_ORGANIZATION,H3_PIT_ATTENTION_ALIAS_POLICY_V5,c18b1ce9c421f52afb3d0d2ea85fe4e1e4f282fa5d14a85cefd9ccf21da2bb40,0
FDX,0001048911,STAGE3B2_CANDIDATE_CIK,FDX,HIGH,0,2021-01-01,2026-01-01,2021-01-01,2026-01-01,FedEx Corp,LATEST_IN_MEMBERSHIP_SEC_NPORT_NAME,STABLE,fedex corp,fedex,fedex corp,FULL_AUTHORITATIVE_NAME_PRECISION_CONTROL,STATE_NAME,EXACT_NORMALIZED_GKG_ORGANIZATION,H3_PIT_ATTENTION_ALIAS_POLICY_V5,c18b1ce9c421f52afb3d0d2ea85fe4e1e4f282fa5d14a85cefd9ccf21da2bb40,0
FE,0001031296,STAGE3B2_CANDIDATE_CIK,FE,HIGH,0,2021-01-01,2026-01-01,2021-01-01,2026-01-01,FirstEnergy Corp,LATEST_IN_MEMBERSHIP_SEC_NPORT_NAME,STABLE,firstenergy corp,firstenergy,firstenergy corp,FULL_AUTHORITATIVE_NAME_PRECISION_CONTROL,STATE_NAME,EXACT_NORMALIZED_GKG_ORGANIZATION,H3_PIT_ATTENTION_ALIAS_POLICY_V5,c18b1ce9c421f52afb3d0d2ea85fe4e1e4f282fa5d14a85cefd9ccf21da2bb40,0
FFIV,0001048695,STAGE3B2_CANDIDATE_CIK,FFIV,HIGH,0,2021-01-01,2026-01-01,2021-01-01,2021-11-12,F5 NETWORKS,LATEST_IN_MEMBERSHIP_SEC_NPORT_NAME,STAGE3D_AUTHORITATIVE_RENAME,f5 networks,f5 networks,f5 networks,FULL_AUTHORITATIVE_NAME_PRECISION_CONTROL,STATE_NAME,EXACT_NORMALIZED_GKG_ORGANIZATION,H3_PIT_ATTENTION_ALIAS_POLICY_V5,c18b1ce9c421f52afb3d0d2ea85fe4e1e4f282fa5d14a85cefd9ccf21da2bb40,0
FFIV,0001048695,STAGE3B2_CANDIDATE_CIK,FFIV,HIGH,0,2021-01-01,2026-01-01,2021-11-12,2026-01-01,F5,LATEST_IN_MEMBERSHIP_SEC_NPORT_NAME,POST_TRANSITION,f5,f5,f5,FULL_AUTHORITATIVE_NAME_PRECISION_CONTROL,STATE_NAME,EXACT_NORMALIZED_GKG_ORGANIZATION,H3_PIT_ATTENTION_ALIAS_POLICY_V5,c18b1ce9c421f52afb3d0d2ea85fe4e1e4f282fa5d14a85cefd9ccf21da2bb40,0
FICO,0000814547,STAGE3B2_CANDIDATE_CIK,FICO,LOW,0,2023-03-20,2026-01-01,2023-03-20,2026-01-01,Fair Isaac Corp,LATEST_IN_MEMBERSHIP_SEC_NPORT_NAME,STABLE,fair isaac corp,fair isaac,fair isaac,CONSERVATIVE_LEGAL_CORE,STATE_NAME,EXACT_NORMALIZED_GKG_ORGANIZATION,H3_PIT_ATTENTION_ALIAS_POLICY_V5,c18b1ce9c421f52afb3d0d2ea85fe4e1e4f282fa5d14a85cefd9ccf21da2bb40,0
FIS,0001136893,STAGE3B2_CANDIDATE_CIK,FIS,LOW,0,2021-01-01,2026-01-01,2021-01-01,2026-01-01,Fidelity National Information Services Inc,LATEST_IN_MEMBERSHIP_SEC_NPORT_NAME,STABLE,fidelity national information services inc,fidelity national information services,fidelity national information services,CONSERVATIVE_LEGAL_CORE,STATE_NAME,EXACT_NORMALIZED_GKG_ORGANIZATION,H3_PIT_ATTENTION_ALIAS_POLICY_V5,c18b1ce9c421f52afb3d0d2ea85fe4e1e4f282fa5d14a85cefd9ccf21da2bb40,0
FISV,0000798354,STAGE3B2_CANDIDATE_CIK,FISV,HIGH,0,2021-01-01,2026-01-01,2021-01-01,2026-01-01,Fiserv Inc,LATEST_IN_MEMBERSHIP_SEC_NPORT_NAME,STABLE,fiserv inc,fiserv,fiserv inc,FULL_AUTHORITATIVE_NAME_PRECISION_CONTROL,STATE_NAME,EXACT_NORMALIZED_GKG_ORGANIZATION,H3_PIT_ATTENTION_ALIAS_POLICY_V5,c18b1ce9c421f52afb3d0d2ea85fe4e1e4f282fa5d14a85cefd9ccf21da2bb40,0
FITB,0000035527,STAGE3B2_CANDIDATE_CIK,FITB,LOW,0,2021-01-01,2026-01-01,2021-01-01,2026-01-01,Fifth Third Bancorp,LATEST_IN_MEMBERSHIP_SEC_NPORT_NAME,STABLE,fifth third bancorp,fifth third bancorp,fifth third bancorp,CONSERVATIVE_LEGAL_CORE,STATE_NAME,EXACT_NORMALIZED_GKG_ORGANIZATION,H3_PIT_ATTENTION_ALIAS_POLICY_V5,c18b1ce9c421f52afb3d0d2ea85fe4e1e4f282fa5d14a85cefd9ccf21da2bb40,0
FIX,0001035983,STAGE3B2_CANDIDATE_CIK,FIX,LOW,0,2025-12-22,2026-01-01,2025-12-22,2026-01-01,Comfort Systems USA Inc,LATEST_IN_MEMBERSHIP_SEC_NPORT_NAME,STABLE,comfort systems usa inc,comfort systems usa,comfort systems usa,CONSERVATIVE_LEGAL_CORE,STATE_NAME,EXACT_NORMALIZED_GKG_ORGANIZATION,H3_PIT_ATTENTION_ALIAS_POLICY_V5,c18b1ce9c421f52afb3d0d2ea85fe4e1e4f282fa5d14a85cefd9ccf21da2bb40,0
FLIR,0000354908,STAGE3I_RESOLVED_CIK,FLIR,MEDIUM,0,2021-01-01,2021-05-14,2021-01-01,2021-05-14,FLIR Systems,STAGE3I_MEMBERSHIP_NAME,STABLE,flir systems,flir systems,flir systems,CONSERVATIVE_LEGAL_CORE,STATE_NAME,EXACT_NORMALIZED_GKG_ORGANIZATION,H3_PIT_ATTENTION_ALIAS_POLICY_V5,c18b1ce9c421f52afb3d0d2ea85fe4e1e4f282fa5d14a85cefd9ccf21da2bb40,0
FLS,0000030625,STAGE3I_RESOLVED_CIK,FLS,HIGH,0,2021-01-01,2021-03-22,2021-01-01,2021-03-22,Flowserve,STAGE3I_MEMBERSHIP_NAME,STABLE,flowserve,flowserve,flowserve,FULL_AUTHORITATIVE_NAME_PRECISION_CONTROL,STATE_NAME,EXACT_NORMALIZED_GKG_ORGANIZATION,H3_PIT_ATTENTION_ALIAS_POLICY_V5,c18b1ce9c421f52afb3d0d2ea85fe4e1e4f282fa5d14a85cefd9ccf21da2bb40,0
FMC,0000037785,STAGE3I_RESOLVED_CIK,FMC,HIGH,1,2021-01-01,2025-03-24,2021-01-01,2025-03-24,FMC,STAGE3I_MEMBERSHIP_NAME,STABLE,fmc,fmc,fmc corp,QUALIFIED_FULL_AUTHORITATIVE_NAME_BARE_TICKER_CONTROL,SEC_CURRENT_FILER_NAME,EXACT_NORMALIZED_GKG_ORGANIZATION,H3_PIT_ATTENTION_ALIAS_POLICY_V5,c18b1ce9c421f52afb3d0d2ea85fe4e1e4f282fa5d14a85cefd9ccf21da2bb40,0
FOX,0001754301,STAGE3B2_CANDIDATE_CIK,FOX,LOW,0,2021-01-01,2026-01-01,2021-01-01,2026-01-01,Fox Corp,LATEST_IN_MEMBERSHIP_SEC_NPORT_NAME,STABLE,fox corp,fox,fox corp,FULL_AUTHORITATIVE_NAME_PRECISION_CONTROL,STATE_NAME,EXACT_NORMALIZED_GKG_ORGANIZATION,H3_PIT_ATTENTION_ALIAS_POLICY_V5,c18b1ce9c421f52afb3d0d2ea85fe4e1e4f282fa5d14a85cefd9ccf21da2bb40,0
FOXA,0001754301,STAGE3B2_CANDIDATE_CIK,FOXA,LOW,0,2021-01-01,2026-01-01,2021-01-01,2026-01-01,Fox Corp,LATEST_IN_MEMBERSHIP_SEC_NPORT_NAME,STABLE,fox corp,fox,fox corp,FULL_AUTHORITATIVE_NAME_PRECISION_CONTROL,STATE_NAME,EXACT_NORMALIZED_GKG_ORGANIZATION,H3_PIT_ATTENTION_ALIAS_POLICY_V5,c18b1ce9c421f52afb3d0d2ea85fe4e1e4f282fa5d14a85cefd9ccf21da2bb40,0
FRC,0001132979,STAGE3I_RESOLVED_CIK,FRC,LOW,0,2021-01-01,2023-05-04,2021-01-01,2023-05-04,First Republic Bank,STAGE3I_MEMBERSHIP_NAME,STABLE,first republic bank,first republic bank,first republic bank,CONSERVATIVE_LEGAL_CORE,STATE_NAME,EXACT_NORMALIZED_GKG_ORGANIZATION,H3_PIT_ATTENTION_ALIAS_POLICY_V5,c18b1ce9c421f52afb3d0d2ea85fe4e1e4f282fa5d14a85cefd9ccf21da2bb40,0
FRT,0000034903,STAGE3B2_CANDIDATE_CIK,FRT,LOW,0,2021-01-01,2026-01-01,2021-01-01,2026-01-01,Federal Realty Investment Trust,LATEST_IN_MEMBERSHIP_SEC_NPORT_NAME,STABLE,federal realty investment trust,federal realty investment trust,federal realty investment trust,CONSERVATIVE_LEGAL_CORE,STATE_NAME,EXACT_NORMALIZED_GKG_ORGANIZATION,H3_PIT_ATTENTION_ALIAS_POLICY_V5,c18b1ce9c421f52afb3d0d2ea85fe4e1e4f282fa5d14a85cefd9ccf21da2bb40,0
FSLR,0001274494,STAGE3B2_CANDIDATE_CIK,FSLR,MEDIUM,0,2022-12-19,2026-01-01,2022-12-19,2026-01-01,First Solar Inc,LATEST_IN_MEMBERSHIP_SEC_NPORT_NAME,STABLE,first solar inc,first solar,first solar,CONSERVATIVE_LEGAL_CORE,STATE_NAME,EXACT_NORMALIZED_GKG_ORGANIZATION,H3_PIT_ATTENTION_ALIAS_POLICY_V5,c18b1ce9c421f52afb3d0d2ea85fe4e1e4f282fa5d14a85cefd9ccf21da2bb40,0
FTI,0001681459,STAGE3I_RESOLVED_CIK,FTI,HIGH,0,2021-01-01,2021-02-12,2021-01-01,2021-02-12,TechnipFMC,STAGE3I_MEMBERSHIP_NAME,STABLE,technipfmc,technipfmc,technipfmc,FULL_AUTHORITATIVE_NAME_PRECISION_CONTROL,STATE_NAME,EXACT_NORMALIZED_GKG_ORGANIZATION,H3_PIT_ATTENTION_ALIAS_POLICY_V5,c18b1ce9c421f52afb3d0d2ea85fe4e1e4f282fa5d14a85cefd9ccf21da2bb40,0
FTNT,0001262039,STAGE3B2_CANDIDATE_CIK,FTNT,HIGH,0,2021-01-01,2026-01-01,2021-01-01,2026-01-01,Fortinet Inc,LATEST_IN_MEMBERSHIP_SEC_NPORT_NAME,STABLE,fortinet inc,fortinet,fortinet inc,FULL_AUTHORITATIVE_NAME_PRECISION_CONTROL,STATE_NAME,EXACT_NORMALIZED_GKG_ORGANIZATION,H3_PIT_ATTENTION_ALIAS_POLICY_V5,c18b1ce9c421f52afb3d0d2ea85fe4e1e4f282fa5d14a85cefd9ccf21da2bb40,0
FTRE,0001965040,STAGE3I_RESOLVED_CIK,FTRE,HIGH,0,2023-07-03,2023-07-06,2023-07-03,2023-07-06,Fortrea Holdings,STAGE3I_MEMBERSHIP_NAME,STABLE,fortrea holdings,fortrea holdings,fortrea holdings,FULL_AUTHORITATIVE_NAME_PRECISION_CONTROL,STATE_NAME,EXACT_NORMALIZED_GKG_ORGANIZATION,H3_PIT_ATTENTION_ALIAS_POLICY_V5,c18b1ce9c421f52afb3d0d2ea85fe4e1e4f282fa5d14a85cefd9ccf21da2bb40,0
FTV,0001659166,STAGE3B2_CANDIDATE_CIK,FTV,HIGH,0,2021-01-01,2026-01-01,2021-01-01,2026-01-01,Fortive Corp,LATEST_IN_MEMBERSHIP_SEC_NPORT_NAME,STABLE,fortive corp,fortive,fortive corp,FULL_AUTHORITATIVE_NAME_PRECISION_CONTROL,STATE_NAME,EXACT_NORMALIZED_GKG_ORGANIZATION,H3_PIT_ATTENTION_ALIAS_POLICY_V5,c18b1ce9c421f52afb3d0d2ea85fe4e1e4f282fa5d14a85cefd9ccf21da2bb40,0
GD,0000040533,STAGE3B2_CANDIDATE_CIK,GD,MEDIUM,0,2021-01-01,2026-01-01,2021-01-01,2026-01-01,General Dynamics Corp,LATEST_IN_MEMBERSHIP_SEC_NPORT_NAME,STABLE,general dynamics corp,general dynamics,general dynamics,CONSERVATIVE_LEGAL_CORE,STATE_NAME,EXACT_NORMALIZED_GKG_ORGANIZATION,H3_PIT_ATTENTION_ALIAS_POLICY_V5,c18b1ce9c421f52afb3d0d2ea85fe4e1e4f282fa5d14a85cefd9ccf21da2bb40,0
GDDY,0001609711,STAGE3B2_CANDIDATE_CIK,GDDY,HIGH,0,2024-06-24,2026-01-01,2024-06-24,2026-01-01,GoDaddy Inc,LATEST_IN_MEMBERSHIP_SEC_NPORT_NAME,STABLE,godaddy inc,godaddy,godaddy inc,FULL_AUTHORITATIVE_NAME_PRECISION_CONTROL,STATE_NAME,EXACT_NORMALIZED_GKG_ORGANIZATION,H3_PIT_ATTENTION_ALIAS_POLICY_V5,c18b1ce9c421f52afb3d0d2ea85fe4e1e4f282fa5d14a85cefd9ccf21da2bb40,0
GE,0000040545,STAGE3B2_CANDIDATE_CIK,GE,MEDIUM,0,2021-01-01,2026-01-01,2021-01-01,2026-01-01,General Electric Co,LATEST_IN_MEMBERSHIP_SEC_NPORT_NAME,STABLE,general electric co,general electric,general electric,CONSERVATIVE_LEGAL_CORE,STATE_NAME,EXACT_NORMALIZED_GKG_ORGANIZATION,H3_PIT_ATTENTION_ALIAS_POLICY_V5,c18b1ce9c421f52afb3d0d2ea85fe4e1e4f282fa5d14a85cefd9ccf21da2bb40,0
GEHC,0001932393,STAGE3G_SAMPLE_CIK,GEHC,LOW,0,2023-01-04,2026-01-01,2023-01-04,2026-01-01,GE HealthCare Technologies Inc.,STAGE3G_AUTHORITATIVE_SAMPLE_NAME,STABLE,ge healthcare technologies inc,ge healthcare technologies,ge healthcare technologies,CONSERVATIVE_LEGAL_CORE,STATE_NAME,EXACT_NORMALIZED_GKG_ORGANIZATION,H3_PIT_ATTENTION_ALIAS_POLICY_V5,c18b1ce9c421f52afb3d0d2ea85fe4e1e4f282fa5d14a85cefd9ccf21da2bb40,0
GEN,0000849399,STAGE3B2_CANDIDATE_CIK,GEN,MEDIUM,0,2021-01-01,2026-01-01,2021-01-01,2022-11-08,NORTONLIFELOCK,LATEST_IN_MEMBERSHIP_SEC_NPORT_NAME,STAGE3D_AUTHORITATIVE_RENAME,nortonlifelock,nortonlifelock,nortonlifelock,CONSERVATIVE_LEGAL_CORE,STATE_NAME,EXACT_NORMALIZED_GKG_ORGANIZATION,H3_PIT_ATTENTION_ALIAS_POLICY_V5,c18b1ce9c421f52afb3d0d2ea85fe4e1e4f282fa5d14a85cefd9ccf21da2bb40,0
GEN,0000849399,STAGE3B2_CANDIDATE_CIK,GEN,MEDIUM,0,2021-01-01,2026-01-01,2022-11-08,2026-01-01,GEN DIGITAL,LATEST_IN_MEMBERSHIP_SEC_NPORT_NAME,POST_TRANSITION,gen digital,gen digital,gen digital,CONSERVATIVE_LEGAL_CORE,STATE_NAME,EXACT_NORMALIZED_GKG_ORGANIZATION,H3_PIT_ATTENTION_ALIAS_POLICY_V5,c18b1ce9c421f52afb3d0d2ea85fe4e1e4f282fa5d14a85cefd9ccf21da2bb40,0
GEV,0001996810,STAGE3B2_CANDIDATE_CIK,GEV,MEDIUM,0,2024-04-02,2026-01-01,2024-04-02,2026-01-01,GE Vernova Inc,LATEST_IN_MEMBERSHIP_SEC_NPORT_NAME,STABLE,ge vernova inc,ge vernova,ge vernova,CONSERVATIVE_LEGAL_CORE,STATE_NAME,EXACT_NORMALIZED_GKG_ORGANIZATION,H3_PIT_ATTENTION_ALIAS_POLICY_V5,c18b1ce9c421f52afb3d0d2ea85fe4e1e4f282fa5d14a85cefd9ccf21da2bb40,0
GILD,0000882095,STAGE3B2_CANDIDATE_CIK,GILD,MEDIUM,0,2021-01-01,2026-01-01,2021-01-01,2026-01-01,Gilead Sciences Inc,LATEST_IN_MEMBERSHIP_SEC_NPORT_NAME,STABLE,gilead sciences inc,gilead sciences,gilead sciences,CONSERVATIVE_LEGAL_CORE,STATE_NAME,EXACT_NORMALIZED_GKG_ORGANIZATION,H3_PIT_ATTENTION_ALIAS_POLICY_V5,c18b1ce9c421f52afb3d0d2ea85fe4e1e4f282fa5d14a85cefd9ccf21da2bb40,0
GIS,0000040704,STAGE3B2_CANDIDATE_CIK,GIS,MEDIUM,0,2021-01-01,2026-01-01,2021-01-01,2026-01-01,General Mills Inc,LATEST_IN_MEMBERSHIP_SEC_NPORT_NAME,STABLE,general mills inc,general mills,general mills,CONSERVATIVE_LEGAL_CORE,STATE_NAME,EXACT_NORMALIZED_GKG_ORGANIZATION,H3_PIT_ATTENTION_ALIAS_POLICY_V5,c18b1ce9c421f52afb3d0d2ea85fe4e1e4f282fa5d14a85cefd9ccf21da2bb40,0
GL,0000320335,STAGE3B2_CANDIDATE_CIK,GL,MEDIUM,0,2021-01-01,2026-01-01,2021-01-01,2026-01-01,Globe Life Inc,LATEST_IN_MEMBERSHIP_SEC_NPORT_NAME,STABLE,globe life inc,globe life,globe life,CONSERVATIVE_LEGAL_CORE,STATE_NAME,EXACT_NORMALIZED_GKG_ORGANIZATION,H3_PIT_ATTENTION_ALIAS_POLICY_V5,c18b1ce9c421f52afb3d0d2ea85fe4e1e4f282fa5d14a85cefd9ccf21da2bb40,0
GLW,0000024741,STAGE3B2_CANDIDATE_CIK,GLW,HIGH,0,2021-01-01,2026-01-01,2021-01-01,2026-01-01,Corning Inc,LATEST_IN_MEMBERSHIP_SEC_NPORT_NAME,STABLE,corning inc,corning,corning inc,FULL_AUTHORITATIVE_NAME_PRECISION_CONTROL,STATE_NAME,EXACT_NORMALIZED_GKG_ORGANIZATION,H3_PIT_ATTENTION_ALIAS_POLICY_V5,c18b1ce9c421f52afb3d0d2ea85fe4e1e4f282fa5d14a85cefd9ccf21da2bb40,0
GM,0001467858,STAGE3B2_CANDIDATE_CIK,GM,MEDIUM,0,2021-01-01,2026-01-01,2021-01-01,2026-01-01,General Motors Co,LATEST_IN_MEMBERSHIP_SEC_NPORT_NAME,STABLE,general motors co,general motors,general motors,CONSERVATIVE_LEGAL_CORE,STATE_NAME,EXACT_NORMALIZED_GKG_ORGANIZATION,H3_PIT_ATTENTION_ALIAS_POLICY_V5,c18b1ce9c421f52afb3d0d2ea85fe4e1e4f282fa5d14a85cefd9ccf21da2bb40,0
GNRC,0001474735,STAGE3B2_CANDIDATE_CIK,GNRC,HIGH,0,2021-03-22,2026-01-01,2021-03-22,2026-01-01,Generac Holdings Inc,LATEST_IN_MEMBERSHIP_SEC_NPORT_NAME,STABLE,generac holdings inc,generac holdings,generac holdings inc,FULL_AUTHORITATIVE_NAME_PRECISION_CONTROL,STATE_NAME,EXACT_NORMALIZED_GKG_ORGANIZATION,H3_PIT_ATTENTION_ALIAS_POLICY_V5,c18b1ce9c421f52afb3d0d2ea85fe4e1e4f282fa5d14a85cefd9ccf21da2bb40,0
GOOG,0001652044,STAGE3B2_CANDIDATE_CIK,GOOG,LOW,0,2021-01-01,2026-01-01,2021-01-01,2026-01-01,Alphabet Inc,LATEST_IN_MEMBERSHIP_SEC_NPORT_NAME,STABLE,alphabet inc,alphabet,alphabet,CONSERVATIVE_LEGAL_CORE,STATE_NAME,EXACT_NORMALIZED_GKG_ORGANIZATION,H3_PIT_ATTENTION_ALIAS_POLICY_V5,c18b1ce9c421f52afb3d0d2ea85fe4e1e4f282fa5d14a85cefd9ccf21da2bb40,0
GOOGL,0001652044,STAGE3B2_CANDIDATE_CIK,GOOGL,LOW,0,2021-01-01,2026-01-01,2021-01-01,2026-01-01,Alphabet Inc,LATEST_IN_MEMBERSHIP_SEC_NPORT_NAME,STABLE,alphabet inc,alphabet,alphabet,CONSERVATIVE_LEGAL_CORE,STATE_NAME,EXACT_NORMALIZED_GKG_ORGANIZATION,H3_PIT_ATTENTION_ALIAS_POLICY_V5,c18b1ce9c421f52afb3d0d2ea85fe4e1e4f282fa5d14a85cefd9ccf21da2bb40,0
GPC,0000040987,STAGE3B2_CANDIDATE_CIK,GPC,MEDIUM,0,2021-01-01,2026-01-01,2021-01-01,2026-01-01,Genuine Parts Co,LATEST_IN_MEMBERSHIP_SEC_NPORT_NAME,STABLE,genuine parts co,genuine parts,genuine parts,CONSERVATIVE_LEGAL_CORE,STATE_NAME,EXACT_NORMALIZED_GKG_ORGANIZATION,H3_PIT_ATTENTION_ALIAS_POLICY_V5,c18b1ce9c421f52afb3d0d2ea85fe4e1e4f282fa5d14a85cefd9ccf21da2bb40,0
GPN,0001123360,STAGE3B2_CANDIDATE_CIK,GPN,MEDIUM,0,2021-01-01,2026-01-01,2021-01-01,2026-01-01,Global Payments Inc,LATEST_IN_MEMBERSHIP_SEC_NPORT_NAME,STABLE,global payments inc,global payments,global payments,CONSERVATIVE_LEGAL_CORE,STATE_NAME,EXACT_NORMALIZED_GKG_ORGANIZATION,H3_PIT_ATTENTION_ALIAS_POLICY_V5,c18b1ce9c421f52afb3d0d2ea85fe4e1e4f282fa5d14a85cefd9ccf21da2bb40,0
GPS,0000039911,STAGE3I_RESOLVED_CIK,GPS,HIGH,0,2021-01-01,2022-02-03,2021-01-01,2022-02-03,Gap,STAGE3I_MEMBERSHIP_NAME,STABLE,gap,gap,gap,FULL_AUTHORITATIVE_NAME_PRECISION_CONTROL,STATE_NAME,EXACT_NORMALIZED_GKG_ORGANIZATION,H3_PIT_ATTENTION_ALIAS_POLICY_V5,c18b1ce9c421f52afb3d0d2ea85fe4e1e4f282fa5d14a85cefd9ccf21da2bb40,0
GRMN,0001121788,STAGE3B2_CANDIDATE_CIK,GRMN,HIGH,0,2021-01-01,2026-01-01,2021-01-01,2026-01-01,Garmin Ltd,LATEST_IN_MEMBERSHIP_SEC_NPORT_NAME,STABLE,garmin ltd,garmin,garmin ltd,FULL_AUTHORITATIVE_NAME_PRECISION_CONTROL,STATE_NAME,EXACT_NORMALIZED_GKG_ORGANIZATION,H3_PIT_ATTENTION_ALIAS_POLICY_V5,c18b1ce9c421f52afb3d0d2ea85fe4e1e4f282fa5d14a85cefd9ccf21da2bb40,0
GS,0000886982,STAGE3B2_CANDIDATE_CIK,GS,LOW,0,2021-01-01,2026-01-01,2021-01-01,2026-01-01,Goldman Sachs Group Inc/The,LATEST_IN_MEMBERSHIP_SEC_NPORT_NAME,STABLE,goldman sachs group inc,goldman sachs group,goldman sachs group,CONSERVATIVE_LEGAL_CORE,STATE_NAME,EXACT_NORMALIZED_GKG_ORGANIZATION,H3_PIT_ATTENTION_ALIAS_POLICY_V5,c18b1ce9c421f52afb3d0d2ea85fe4e1e4f282fa5d14a85cefd9ccf21da2bb40,0
GWW,,,GWW,MEDIUM,0,2021-01-01,2026-01-01,2021-01-01,2026-01-01,WW Grainger Inc,LATEST_IN_MEMBERSHIP_SEC_NPORT_NAME,STABLE,ww grainger inc,ww grainger,ww grainger,CONSERVATIVE_LEGAL_CORE,STATE_NAME,EXACT_NORMALIZED_GKG_ORGANIZATION,H3_PIT_ATTENTION_ALIAS_POLICY_V5,c18b1ce9c421f52afb3d0d2ea85fe4e1e4f282fa5d14a85cefd9ccf21da2bb40,0
HAL,0000045012,STAGE3B2_CANDIDATE_CIK,HAL,HIGH,0,2021-01-01,2026-01-01,2021-01-01,2026-01-01,Halliburton Co,LATEST_IN_MEMBERSHIP_SEC_NPORT_NAME,STABLE,halliburton co,halliburton,halliburton co,FULL_AUTHORITATIVE_NAME_PRECISION_CONTROL,STATE_NAME,EXACT_NORMALIZED_GKG_ORGANIZATION,H3_PIT_ATTENTION_ALIAS_POLICY_V5,c18b1ce9c421f52afb3d0d2ea85fe4e1e4f282fa5d14a85cefd9ccf21da2bb40,0
HAS,0000046080,STAGE3B2_CANDIDATE_CIK,HAS,HIGH,0,2021-01-01,2026-01-01,2021-01-01,2026-01-01,Hasbro Inc,LATEST_IN_MEMBERSHIP_SEC_NPORT_NAME,STABLE,hasbro inc,hasbro,hasbro inc,FULL_AUTHORITATIVE_NAME_PRECISION_CONTROL,STATE_NAME,EXACT_NORMALIZED_GKG_ORGANIZATION,H3_PIT_ATTENTION_ALIAS_POLICY_V5,c18b1ce9c421f52afb3d0d2ea85fe4e1e4f282fa5d14a85cefd9ccf21da2bb40,0
HBAN,0000049196,STAGE3G_SAMPLE_CIK,HBAN,MEDIUM,0,2021-01-01,2026-01-01,2021-01-01,2026-01-01,Huntington Bancshares Incorporated,STAGE3G_AUTHORITATIVE_SAMPLE_NAME,STABLE,huntington bancshares incorporated,huntington bancshares,huntington bancshares,CONSERVATIVE_LEGAL_CORE,STATE_NAME,EXACT_NORMALIZED_GKG_ORGANIZATION,H3_PIT_ATTENTION_ALIAS_POLICY_V5,c18b1ce9c421f52afb3d0d2ea85fe4e1e4f282fa5d14a85cefd9ccf21da2bb40,0
HBI,0001359841,STAGE3I_RESOLVED_CIK,HBI,HIGH,0,2021-01-01,2021-12-20,2021-01-01,2021-12-20,Hanesbrands,STAGE3I_MEMBERSHIP_NAME,STABLE,hanesbrands,hanesbrands,hanesbrands,FULL_AUTHORITATIVE_NAME_PRECISION_CONTROL,STATE_NAME,EXACT_NORMALIZED_GKG_ORGANIZATION,H3_PIT_ATTENTION_ALIAS_POLICY_V5,c18b1ce9c421f52afb3d0d2ea85fe4e1e4f282fa5d14a85cefd9ccf21da2bb40,0
HCA,0000860730,STAGE3B2_CANDIDATE_CIK,HCA,MEDIUM,0,2021-01-01,2026-01-01,2021-01-01,2026-01-01,HCA Healthcare Inc,LATEST_IN_MEMBERSHIP_SEC_NPORT_NAME,STABLE,hca healthcare inc,hca healthcare,hca healthcare,CONSERVATIVE_LEGAL_CORE,STATE_NAME,EXACT_NORMALIZED_GKG_ORGANIZATION,H3_PIT_ATTENTION_ALIAS_POLICY_V5,c18b1ce9c421f52afb3d0d2ea85fe4e1e4f282fa5d14a85cefd9ccf21da2bb40,0
HD,0000354950,STAGE3B2_CANDIDATE_CIK,HD,MEDIUM,0,2021-01-01,2026-01-01,2021-01-01,2026-01-01,Home Depot Inc/The,LATEST_IN_MEMBERSHIP_SEC_NPORT_NAME,STABLE,home depot inc,home depot,home depot,CONSERVATIVE_LEGAL_CORE,STATE_NAME,EXACT_NORMALIZED_GKG_ORGANIZATION,H3_PIT_ATTENTION_ALIAS_POLICY_V5,c18b1ce9c421f52afb3d0d2ea85fe4e1e4f282fa5d14a85cefd9ccf21da2bb40,0
HES,0000004447,STAGE3I_RESOLVED_CIK,HES,HIGH,0,2021-01-01,2025-07-23,2021-01-01,2025-07-23,Hess,STAGE3I_MEMBERSHIP_NAME,STABLE,hess,hess,hess,FULL_AUTHORITATIVE_NAME_PRECISION_CONTROL,STATE_NAME,EXACT_NORMALIZED_GKG_ORGANIZATION,H3_PIT_ATTENTION_ALIAS_POLICY_V5,c18b1ce9c421f52afb3d0d2ea85fe4e1e4f282fa5d14a85cefd9ccf21da2bb40,0
HFC,0000048039,STAGE3I_RESOLVED_CIK,HFC,HIGH,0,2021-01-01,2021-06-04,2021-01-01,2021-06-04,HollyFrontier,STAGE3I_MEMBERSHIP_NAME,STABLE,hollyfrontier,hollyfrontier,hollyfrontier,FULL_AUTHORITATIVE_NAME_PRECISION_CONTROL,STATE_NAME,EXACT_NORMALIZED_GKG_ORGANIZATION,H3_PIT_ATTENTION_ALIAS_POLICY_V5,c18b1ce9c421f52afb3d0d2ea85fe4e1e4f282fa5d14a85cefd9ccf21da2bb40,0
HIG,0000874766,STAGE3B2_CANDIDATE_CIK,HIG,LOW,0,2021-01-01,2026-01-01,2021-01-01,2025-02-18,HARTFORD FINANCIAL SERVICES GROUP,LATEST_IN_MEMBERSHIP_SEC_NPORT_NAME,STAGE3D_AUTHORITATIVE_RENAME,hartford financial services group,hartford financial services group,hartford financial services group,CONSERVATIVE_LEGAL_CORE,STATE_NAME,EXACT_NORMALIZED_GKG_ORGANIZATION,H3_PIT_ATTENTION_ALIAS_POLICY_V5,c18b1ce9c421f52afb3d0d2ea85fe4e1e4f282fa5d14a85cefd9ccf21da2bb40,0
HIG,0000874766,STAGE3B2_CANDIDATE_CIK,HIG,LOW,0,2021-01-01,2026-01-01,2025-02-18,2026-01-01,HARTFORD INSURANCE GROUP,LATEST_IN_MEMBERSHIP_SEC_NPORT_NAME,POST_TRANSITION,hartford insurance group,hartford insurance group,hartford insurance group,CONSERVATIVE_LEGAL_CORE,STATE_NAME,EXACT_NORMALIZED_GKG_ORGANIZATION,H3_PIT_ATTENTION_ALIAS_POLICY_V5,c18b1ce9c421f52afb3d0d2ea85fe4e1e4f282fa5d14a85cefd9ccf21da2bb40,0
HII,0001501585,STAGE3B2_CANDIDATE_CIK,HII,LOW,0,2021-01-01,2026-01-01,2021-01-01,2026-01-01,Huntington Ingalls Industries Inc,LATEST_IN_MEMBERSHIP_SEC_NPORT_NAME,STABLE,huntington ingalls industries inc,huntington ingalls industries,huntington ingalls industries,CONSERVATIVE_LEGAL_CORE,STATE_NAME,EXACT_NORMALIZED_GKG_ORGANIZATION,H3_PIT_ATTENTION_ALIAS_POLICY_V5,c18b1ce9c421f52afb3d0d2ea85fe4e1e4f282fa5d14a85cefd9ccf21da2bb40,0
HLT,0001585689,STAGE3B2_CANDIDATE_CIK,HLT,LOW,0,2021-01-01,2026-01-01,2021-01-01,2026-01-01,Hilton Worldwide Holdings Inc,LATEST_IN_MEMBERSHIP_SEC_NPORT_NAME,STABLE,hilton worldwide holdings inc,hilton worldwide holdings,hilton worldwide holdings,CONSERVATIVE_LEGAL_CORE,STATE_NAME,EXACT_NORMALIZED_GKG_ORGANIZATION,H3_PIT_ATTENTION_ALIAS_POLICY_V5,c18b1ce9c421f52afb3d0d2ea85fe4e1e4f282fa5d14a85cefd9ccf21da2bb40,0
HOLX,,,HOLX,HIGH,0,2021-01-01,2026-01-01,2021-01-01,2026-01-01,Hologic Inc,LATEST_IN_MEMBERSHIP_SEC_NPORT_NAME,STABLE,hologic inc,hologic,hologic inc,FULL_AUTHORITATIVE_NAME_PRECISION_CONTROL,STATE_NAME,EXACT_NORMALIZED_GKG_ORGANIZATION,H3_PIT_ATTENTION_ALIAS_POLICY_V5,c18b1ce9c421f52afb3d0d2ea85fe4e1e4f282fa5d14a85cefd9ccf21da2bb40,0
HON,0000773840,STAGE3B2_CANDIDATE_CIK,HON,MEDIUM,0,2021-01-01,2026-01-01,2021-01-01,2026-01-01,Honeywell International Inc,LATEST_IN_MEMBERSHIP_SEC_NPORT_NAME,STABLE,honeywell international inc,honeywell international,honeywell international,CONSERVATIVE_LEGAL_CORE,STATE_NAME,EXACT_NORMALIZED_GKG_ORGANIZATION,H3_PIT_ATTENTION_ALIAS_POLICY_V5,c18b1ce9c421f52afb3d0d2ea85fe4e1e4f282fa5d14a85cefd9ccf21da2bb40,0
HOOD,0001783879,STAGE3B2_CANDIDATE_CIK,HOOD,MEDIUM,0,2025-09-22,2026-01-01,2025-09-22,2026-01-01,Robinhood Markets Inc,LATEST_IN_MEMBERSHIP_SEC_NPORT_NAME,STABLE,robinhood markets inc,robinhood markets,robinhood markets,CONSERVATIVE_LEGAL_CORE,STATE_NAME,EXACT_NORMALIZED_GKG_ORGANIZATION,H3_PIT_ATTENTION_ALIAS_POLICY_V5,c18b1ce9c421f52afb3d0d2ea85fe4e1e4f282fa5d14a85cefd9ccf21da2bb40,0
HPE,0001645590,STAGE3B2_CANDIDATE_CIK,HPE,LOW,0,2021-01-01,2026-01-01,2021-01-01,2026-01-01,Hewlett Packard Enterprise Co,LATEST_IN_MEMBERSHIP_SEC_NPORT_NAME,STABLE,hewlett packard enterprise co,hewlett packard enterprise,hewlett packard enterprise,CONSERVATIVE_LEGAL_CORE,STATE_NAME,EXACT_NORMALIZED_GKG_ORGANIZATION,H3_PIT_ATTENTION_ALIAS_POLICY_V5,c18b1ce9c421f52afb3d0d2ea85fe4e1e4f282fa5d14a85cefd9ccf21da2bb40,0
HPQ,0000047217,STAGE3B2_CANDIDATE_CIK,HPQ,HIGH,0,2021-01-01,2026-01-01,2021-01-01,2026-01-01,HP Inc,LATEST_IN_MEMBERSHIP_SEC_NPORT_NAME,STABLE,hp inc,hp,hp inc,FULL_AUTHORITATIVE_NAME_PRECISION_CONTROL,STATE_NAME,EXACT_NORMALIZED_GKG_ORGANIZATION,H3_PIT_ATTENTION_ALIAS_POLICY_V5,c18b1ce9c421f52afb3d0d2ea85fe4e1e4f282fa5d14a85cefd9ccf21da2bb40,0
HRL,0000048465,STAGE3B2_CANDIDATE_CIK,HRL,MEDIUM,0,2021-01-01,2026-01-01,2021-01-01,2026-01-01,Hormel Foods Corp,LATEST_IN_MEMBERSHIP_SEC_NPORT_NAME,STABLE,hormel foods corp,hormel foods,hormel foods,CONSERVATIVE_LEGAL_CORE,STATE_NAME,EXACT_NORMALIZED_GKG_ORGANIZATION,H3_PIT_ATTENTION_ALIAS_POLICY_V5,c18b1ce9c421f52afb3d0d2ea85fe4e1e4f282fa5d14a85cefd9ccf21da2bb40,0
HSIC,0001000228,STAGE3B2_CANDIDATE_CIK,HSIC,MEDIUM,0,2021-01-01,2026-01-01,2021-01-01,2026-01-01,Henry Schein Inc,LATEST_IN_MEMBERSHIP_SEC_NPORT_NAME,STABLE,henry schein inc,henry schein,henry schein,CONSERVATIVE_LEGAL_CORE,STATE_NAME,EXACT_NORMALIZED_GKG_ORGANIZATION,H3_PIT_ATTENTION_ALIAS_POLICY_V5,c18b1ce9c421f52afb3d0d2ea85fe4e1e4f282fa5d14a85cefd9ccf21da2bb40,0
HST,0001070750,STAGE3B2_CANDIDATE_CIK,HST,LOW,0,2021-01-01,2026-01-01,2021-01-01,2026-01-01,Host Hotels & Resorts Inc,LATEST_IN_MEMBERSHIP_SEC_NPORT_NAME,STABLE,host hotels and resorts inc,host hotels and resorts,host hotels and resorts,CONSERVATIVE_LEGAL_CORE,STATE_NAME,EXACT_NORMALIZED_GKG_ORGANIZATION,H3_PIT_ATTENTION_ALIAS_POLICY_V5,c18b1ce9c421f52afb3d0d2ea85fe4e1e4f282fa5d14a85cefd9ccf21da2bb40,0
HSY,0000047111,STAGE3B2_CANDIDATE_CIK,HSY,LOW,0,2021-01-01,2026-01-01,2021-01-01,2026-01-01,Hershey Co/The,LATEST_IN_MEMBERSHIP_SEC_NPORT_NAME,STABLE,hershey co,hershey,hershey,CONSERVATIVE_LEGAL_CORE,STATE_NAME,EXACT_NORMALIZED_GKG_ORGANIZATION,H3_PIT_ATTENTION_ALIAS_POLICY_V5,c18b1ce9c421f52afb3d0d2ea85fe4e1e4f282fa5d14a85cefd9ccf21da2bb40,0
HUBB,0000048898,STAGE3B2_CANDIDATE_CIK,HUBB,HIGH,0,2023-10-18,2026-01-01,2023-10-18,2026-01-01,Hubbell Inc,LATEST_IN_MEMBERSHIP_SEC_NPORT_NAME,STABLE,hubbell inc,hubbell,hubbell inc,FULL_AUTHORITATIVE_NAME_PRECISION_CONTROL,STATE_NAME,EXACT_NORMALIZED_GKG_ORGANIZATION,H3_PIT_ATTENTION_ALIAS_POLICY_V5,c18b1ce9c421f52afb3d0d2ea85fe4e1e4f282fa5d14a85cefd9ccf21da2bb40,0
HUM,0000049071,STAGE3B2_CANDIDATE_CIK,HUM,HIGH,0,2021-01-01,2026-01-01,2021-01-01,2026-01-01,Humana Inc,LATEST_IN_MEMBERSHIP_SEC_NPORT_NAME,STABLE,humana inc,humana,humana inc,FULL_AUTHORITATIVE_NAME_PRECISION_CONTROL,STATE_NAME,EXACT_NORMALIZED_GKG_ORGANIZATION,H3_PIT_ATTENTION_ALIAS_POLICY_V5,c18b1ce9c421f52afb3d0d2ea85fe4e1e4f282fa5d14a85cefd9ccf21da2bb40,0
HWM,0000004281,STAGE3B2_CANDIDATE_CIK,HWM,MEDIUM,0,2021-01-01,2026-01-01,2021-01-01,2026-01-01,Howmet Aerospace Inc,LATEST_IN_MEMBERSHIP_SEC_NPORT_NAME,STABLE,howmet aerospace inc,howmet aerospace,howmet aerospace,CONSERVATIVE_LEGAL_CORE,STATE_NAME,EXACT_NORMALIZED_GKG_ORGANIZATION,H3_PIT_ATTENTION_ALIAS_POLICY_V5,c18b1ce9c421f52afb3d0d2ea85fe4e1e4f282fa5d14a85cefd9ccf21da2bb40,0
IBKR,0001381197,STAGE3B2_CANDIDATE_CIK,IBKR,LOW,0,2025-08-28,2026-01-01,2025-08-28,2026-01-01,Interactive Brokers Group Inc,LATEST_IN_MEMBERSHIP_SEC_NPORT_NAME,STABLE,interactive brokers group inc,interactive brokers group,interactive brokers group,CONSERVATIVE_LEGAL_CORE,STATE_NAME,EXACT_NORMALIZED_GKG_ORGANIZATION,H3_PIT_ATTENTION_ALIAS_POLICY_V5,c18b1ce9c421f52afb3d0d2ea85fe4e1e4f282fa5d14a85cefd9ccf21da2bb40,0
IBM,0000051143,STAGE3B2_CANDIDATE_CIK,IBM,LOW,0,2021-01-01,2026-01-01,2021-01-01,2026-01-01,International Business Machines Corp,LATEST_IN_MEMBERSHIP_SEC_NPORT_NAME,STABLE,international business machines corp,international business machines,international business machines,CONSERVATIVE_LEGAL_CORE,STATE_NAME,EXACT_NORMALIZED_GKG_ORGANIZATION,H3_PIT_ATTENTION_ALIAS_POLICY_V5,c18b1ce9c421f52afb3d0d2ea85fe4e1e4f282fa5d14a85cefd9ccf21da2bb40,0
ICE,0001571949,STAGE3B2_CANDIDATE_CIK,ICE,LOW,0,2021-01-01,2026-01-01,2021-01-01,2026-01-01,Intercontinental Exchange Inc,LATEST_IN_MEMBERSHIP_SEC_NPORT_NAME,STABLE,intercontinental exchange inc,intercontinental exchange,intercontinental exchange,CONSERVATIVE_LEGAL_CORE,STATE_NAME,EXACT_NORMALIZED_GKG_ORGANIZATION,H3_PIT_ATTENTION_ALIAS_POLICY_V5,c18b1ce9c421f52afb3d0d2ea85fe4e1e4f282fa5d14a85cefd9ccf21da2bb40,0
IDXX,0000874716,STAGE3B2_CANDIDATE_CIK,IDXX,MEDIUM,0,2021-01-01,2026-01-01,2021-01-01,2026-01-01,IDEXX Laboratories Inc,LATEST_IN_MEMBERSHIP_SEC_NPORT_NAME,STABLE,idexx laboratories inc,idexx laboratories,idexx laboratories,CONSERVATIVE_LEGAL_CORE,STATE_NAME,EXACT_NORMALIZED_GKG_ORGANIZATION,H3_PIT_ATTENTION_ALIAS_POLICY_V5,c18b1ce9c421f52afb3d0d2ea85fe4e1e4f282fa5d14a85cefd9ccf21da2bb40,0
IEX,0000832101,STAGE3B2_CANDIDATE_CIK,IEX,HIGH,0,2021-01-01,2026-01-01,2021-01-01,2026-01-01,IDEX Corp,LATEST_IN_MEMBERSHIP_SEC_NPORT_NAME,STABLE,idex corp,idex,idex corp,FULL_AUTHORITATIVE_NAME_PRECISION_CONTROL,STATE_NAME,EXACT_NORMALIZED_GKG_ORGANIZATION,H3_PIT_ATTENTION_ALIAS_POLICY_V5,c18b1ce9c421f52afb3d0d2ea85fe4e1e4f282fa5d14a85cefd9ccf21da2bb40,0
IFF,0000051253,STAGE3B2_CANDIDATE_CIK,IFF,LOW,0,2021-01-01,2026-01-01,2021-01-01,2026-01-01,International Flavors & Fragrances Inc,LATEST_IN_MEMBERSHIP_SEC_NPORT_NAME,STABLE,international flavors and fragrances inc,international flavors and fragrances,international flavors and fragrances,CONSERVATIVE_LEGAL_CORE,STATE_NAME,EXACT_NORMALIZED_GKG_ORGANIZATION,H3_PIT_ATTENTION_ALIAS_POLICY_V5,c18b1ce9c421f52afb3d0d2ea85fe4e1e4f282fa5d14a85cefd9ccf21da2bb40,0
ILMN,0001110803,STAGE3I_RESOLVED_CIK,ILMN,HIGH,0,2021-01-01,2024-06-24,2021-01-01,2024-06-24,Illumina,STAGE3I_MEMBERSHIP_NAME,STABLE,illumina,illumina,illumina,FULL_AUTHORITATIVE_NAME_PRECISION_CONTROL,STATE_NAME,EXACT_NORMALIZED_GKG_ORGANIZATION,H3_PIT_ATTENTION_ALIAS_POLICY_V5,c18b1ce9c421f52afb3d0d2ea85fe4e1e4f282fa5d14a85cefd9ccf21da2bb40,0
INCY,0000879169,STAGE3B2_CANDIDATE_CIK,INCY,HIGH,0,2021-01-01,2026-01-01,2021-01-01,2026-01-01,Incyte Corp,LATEST_IN_MEMBERSHIP_SEC_NPORT_NAME,STABLE,incyte corp,incyte,incyte corp,FULL_AUTHORITATIVE_NAME_PRECISION_CONTROL,STATE_NAME,EXACT_NORMALIZED_GKG_ORGANIZATION,H3_PIT_ATTENTION_ALIAS_POLICY_V5,c18b1ce9c421f52afb3d0d2ea85fe4e1e4f282fa5d14a85cefd9ccf21da2bb40,0
INFO,0001598014,STAGE3I_RESOLVED_CIK,INFO,MEDIUM,0,2021-01-01,2022-03-02,2021-01-01,2022-03-02,IHS Markit,STAGE3I_MEMBERSHIP_NAME,STABLE,ihs markit,ihs markit,ihs markit,CONSERVATIVE_LEGAL_CORE,STATE_NAME,EXACT_NORMALIZED_GKG_ORGANIZATION,H3_PIT_ATTENTION_ALIAS_POLICY_V5,c18b1ce9c421f52afb3d0d2ea85fe4e1e4f282fa5d14a85cefd9ccf21da2bb40,0
INTC,0000050863,STAGE3B2_CANDIDATE_CIK,INTC,HIGH,0,2021-01-01,2026-01-01,2021-01-01,2026-01-01,Intel Corp,LATEST_IN_MEMBERSHIP_SEC_NPORT_NAME,STABLE,intel corp,intel,intel corp,FULL_AUTHORITATIVE_NAME_PRECISION_CONTROL,STATE_NAME,EXACT_NORMALIZED_GKG_ORGANIZATION,H3_PIT_ATTENTION_ALIAS_POLICY_V5,c18b1ce9c421f52afb3d0d2ea85fe4e1e4f282fa5d14a85cefd9ccf21da2bb40,0
INTU,0000896878,STAGE3B2_CANDIDATE_CIK,INTU,HIGH,0,2021-01-01,2026-01-01,2021-01-01,2026-01-01,Intuit Inc,LATEST_IN_MEMBERSHIP_SEC_NPORT_NAME,STABLE,intuit inc,intuit,intuit inc,FULL_AUTHORITATIVE_NAME_PRECISION_CONTROL,STATE_NAME,EXACT_NORMALIZED_GKG_ORGANIZATION,H3_PIT_ATTENTION_ALIAS_POLICY_V5,c18b1ce9c421f52afb3d0d2ea85fe4e1e4f282fa5d14a85cefd9ccf21da2bb40,0
INVH,,,INVH,MEDIUM,0,2022-09-19,2026-01-01,2022-09-19,2026-01-01,Invitation Homes Inc,LATEST_IN_MEMBERSHIP_SEC_NPORT_NAME,STABLE,invitation homes inc,invitation homes,invitation homes,CONSERVATIVE_LEGAL_CORE,STATE_NAME,EXACT_NORMALIZED_GKG_ORGANIZATION,H3_PIT_ATTENTION_ALIAS_POLICY_V5,c18b1ce9c421f52afb3d0d2ea85fe4e1e4f282fa5d14a85cefd9ccf21da2bb40,0
IP,,,IP,MEDIUM,0,2021-01-01,2026-01-01,2021-01-01,2026-01-01,International Paper Co,LATEST_IN_MEMBERSHIP_SEC_NPORT_NAME,STABLE,international paper co,international paper,international paper,CONSERVATIVE_LEGAL_CORE,STATE_NAME,EXACT_NORMALIZED_GKG_ORGANIZATION,H3_PIT_ATTENTION_ALIAS_POLICY_V5,c18b1ce9c421f52afb3d0d2ea85fe4e1e4f282fa5d14a85cefd9ccf21da2bb40,0
IPG,,,IPG,MEDIUM,0,2021-01-01,2025-11-28,2021-01-01,2025-11-28,Interpublic Group,STAGE3I_MEMBERSHIP_NAME,STABLE,interpublic group,interpublic group,interpublic group,CONSERVATIVE_LEGAL_CORE,STATE_NAME,EXACT_NORMALIZED_GKG_ORGANIZATION,H3_PIT_ATTENTION_ALIAS_POLICY_V5,c18b1ce9c421f52afb3d0d2ea85fe4e1e4f282fa5d14a85cefd9ccf21da2bb40,0
IPGP,0001111928,STAGE3I_RESOLVED_CIK,IPGP,MEDIUM,0,2021-01-01,2022-06-21,2021-01-01,2022-06-21,IPG Photonics,STAGE3I_MEMBERSHIP_NAME,STABLE,ipg photonics,ipg photonics,ipg photonics,CONSERVATIVE_LEGAL_CORE,STATE_NAME,EXACT_NORMALIZED_GKG_ORGANIZATION,H3_PIT_ATTENTION_ALIAS_POLICY_V5,c18b1ce9c421f52afb3d0d2ea85fe4e1e4f282fa5d14a85cefd9ccf21da2bb40,0
IQV,0001478242,STAGE3B2_CANDIDATE_CIK,IQV,HIGH,0,2021-01-01,2026-01-01,2021-01-01,2026-01-01,IQVIA Holdings Inc,LATEST_IN_MEMBERSHIP_SEC_NPORT_NAME,STABLE,iqvia holdings inc,iqvia holdings,iqvia holdings inc,FULL_AUTHORITATIVE_NAME_PRECISION_CONTROL,STATE_NAME,EXACT_NORMALIZED_GKG_ORGANIZATION,H3_PIT_ATTENTION_ALIAS_POLICY_V5,c18b1ce9c421f52afb3d0d2ea85fe4e1e4f282fa5d14a85cefd9ccf21da2bb40,0
IR,0001699150,STAGE3B2_CANDIDATE_CIK,IR,MEDIUM,0,2021-01-01,2026-01-01,2021-01-01,2026-01-01,Ingersoll Rand Inc,LATEST_IN_MEMBERSHIP_SEC_NPORT_NAME,STABLE,ingersoll rand inc,ingersoll rand,ingersoll rand,CONSERVATIVE_LEGAL_CORE,STATE_NAME,EXACT_NORMALIZED_GKG_ORGANIZATION,H3_PIT_ATTENTION_ALIAS_POLICY_V5,c18b1ce9c421f52afb3d0d2ea85fe4e1e4f282fa5d14a85cefd9ccf21da2bb40,0
IRM,0001020569,STAGE3B2_CANDIDATE_CIK,IRM,MEDIUM,0,2021-01-01,2026-01-01,2021-01-01,2026-01-01,Iron Mountain Inc,LATEST_IN_MEMBERSHIP_SEC_NPORT_NAME,STABLE,iron mountain inc,iron mountain,iron mountain,CONSERVATIVE_LEGAL_CORE,STATE_NAME,EXACT_NORMALIZED_GKG_ORGANIZATION,H3_PIT_ATTENTION_ALIAS_POLICY_V5,c18b1ce9c421f52afb3d0d2ea85fe4e1e4f282fa5d14a85cefd9ccf21da2bb40,0
ISRG,0001035267,STAGE3B2_CANDIDATE_CIK,ISRG,MEDIUM,0,2021-01-01,2026-01-01,2021-01-01,2026-01-01,Intuitive Surgical Inc,LATEST_IN_MEMBERSHIP_SEC_NPORT_NAME,STABLE,intuitive surgical inc,intuitive surgical,intuitive surgical,CONSERVATIVE_LEGAL_CORE,STATE_NAME,EXACT_NORMALIZED_GKG_ORGANIZATION,H3_PIT_ATTENTION_ALIAS_POLICY_V5,c18b1ce9c421f52afb3d0d2ea85fe4e1e4f282fa5d14a85cefd9ccf21da2bb40,0
IT,0000749251,STAGE3B2_CANDIDATE_CIK,IT,HIGH,0,2021-01-01,2026-01-01,2021-01-01,2026-01-01,Gartner Inc,LATEST_IN_MEMBERSHIP_SEC_NPORT_NAME,STABLE,gartner inc,gartner,gartner inc,FULL_AUTHORITATIVE_NAME_PRECISION_CONTROL,STATE_NAME,EXACT_NORMALIZED_GKG_ORGANIZATION,H3_PIT_ATTENTION_ALIAS_POLICY_V5,c18b1ce9c421f52afb3d0d2ea85fe4e1e4f282fa5d14a85cefd9ccf21da2bb40,0
ITW,0000049826,STAGE3B2_CANDIDATE_CIK,ITW,LOW,0,2021-01-01,2026-01-01,2021-01-01,2026-01-01,Illinois Tool Works Inc,LATEST_IN_MEMBERSHIP_SEC_NPORT_NAME,STABLE,illinois tool works inc,illinois tool works,illinois tool works,CONSERVATIVE_LEGAL_CORE,STATE_NAME,EXACT_NORMALIZED_GKG_ORGANIZATION,H3_PIT_ATTENTION_ALIAS_POLICY_V5,c18b1ce9c421f52afb3d0d2ea85fe4e1e4f282fa5d14a85cefd9ccf21da2bb40,0
IVZ,0000914208,STAGE3G_SAMPLE_CIK,IVZ,HIGH,0,2021-01-01,2026-01-01,2021-01-01,2026-01-01,Invesco Ltd.,STAGE3G_AUTHORITATIVE_SAMPLE_NAME,STABLE,invesco ltd,invesco,invesco ltd,FULL_AUTHORITATIVE_NAME_PRECISION_CONTROL,STATE_NAME,EXACT_NORMALIZED_GKG_ORGANIZATION,H3_PIT_ATTENTION_ALIAS_POLICY_V5,c18b1ce9c421f52afb3d0d2ea85fe4e1e4f282fa5d14a85cefd9ccf21da2bb40,0
J,0000052988,STAGE3G_SAMPLE_CIK,J,MEDIUM,0,2021-01-01,2026-01-01,2021-01-01,2022-08-29,Jacobs Engineering Group Inc.,STAGE3G_AUTHORITATIVE_SAMPLE_NAME,STAGE3G_AUTHORITATIVE_NAME_STATE,jacobs engineering group inc,jacobs engineering group,jacobs engineering group,CONSERVATIVE_LEGAL_CORE,STATE_NAME,EXACT_NORMALIZED_GKG_ORGANIZATION,H3_PIT_ATTENTION_ALIAS_POLICY_V5,c18b1ce9c421f52afb3d0d2ea85fe4e1e4f282fa5d14a85cefd9ccf21da2bb40,0
J,0000052988,STAGE3G_SAMPLE_CIK,J,MEDIUM,0,2021-01-01,2026-01-01,2022-08-29,2026-01-01,Jacobs Solutions Inc.,STAGE3G_AUTHORITATIVE_SAMPLE_NAME,POST_TRANSITION,jacobs solutions inc,jacobs solutions,jacobs solutions,CONSERVATIVE_LEGAL_CORE,STATE_NAME,EXACT_NORMALIZED_GKG_ORGANIZATION,H3_PIT_ATTENTION_ALIAS_POLICY_V5,c18b1ce9c421f52afb3d0d2ea85fe4e1e4f282fa5d14a85cefd9ccf21da2bb40,0
JBHT,0000728535,STAGE3G_SAMPLE_CIK,JBHT,LOW,0,2021-01-01,2026-01-01,2021-01-01,2026-01-01,"J.B. Hunt Transport Services, Inc.",STAGE3G_AUTHORITATIVE_SAMPLE_NAME,STABLE,j b hunt transport services inc,j b hunt transport services,j b hunt transport services,CONSERVATIVE_LEGAL_CORE,STATE_NAME,EXACT_NORMALIZED_GKG_ORGANIZATION,H3_PIT_ATTENTION_ALIAS_POLICY_V5,c18b1ce9c421f52afb3d0d2ea85fe4e1e4f282fa5d14a85cefd9ccf21da2bb40,0
JBL,0000898293,STAGE3B2_CANDIDATE_CIK,JBL,HIGH,0,2023-12-18,2026-01-01,2023-12-18,2026-01-01,Jabil Inc,LATEST_IN_MEMBERSHIP_SEC_NPORT_NAME,STABLE,jabil inc,jabil,jabil inc,FULL_AUTHORITATIVE_NAME_PRECISION_CONTROL,STATE_NAME,EXACT_NORMALIZED_GKG_ORGANIZATION,H3_PIT_ATTENTION_ALIAS_POLICY_V5,c18b1ce9c421f52afb3d0d2ea85fe4e1e4f282fa5d14a85cefd9ccf21da2bb40,0
JCI,0000833444,STAGE3B2_CANDIDATE_CIK,JCI,LOW,0,2021-01-01,2026-01-01,2021-01-01,2026-01-01,Johnson Controls International plc,LATEST_IN_MEMBERSHIP_SEC_NPORT_NAME,STABLE,johnson controls international plc,johnson controls international,johnson controls international,CONSERVATIVE_LEGAL_CORE,STATE_NAME,EXACT_NORMALIZED_GKG_ORGANIZATION,H3_PIT_ATTENTION_ALIAS_POLICY_V5,c18b1ce9c421f52afb3d0d2ea85fe4e1e4f282fa5d14a85cefd9ccf21da2bb40,0
JKHY,0000779152,STAGE3G_SAMPLE_CIK,JKHY,LOW,0,2021-01-01,2026-01-01,2021-01-01,2026-01-01,"Jack Henry & Associates, Inc.",STAGE3G_AUTHORITATIVE_SAMPLE_NAME,STABLE,jack henry and associates inc,jack henry and associates,jack henry and associates,CONSERVATIVE_LEGAL_CORE,STATE_NAME,EXACT_NORMALIZED_GKG_ORGANIZATION,H3_PIT_ATTENTION_ALIAS_POLICY_V5,c18b1ce9c421f52afb3d0d2ea85fe4e1e4f282fa5d14a85cefd9ccf21da2bb40,0
JNJ,0000200406,STAGE3B2_CANDIDATE_CIK,JNJ,MEDIUM,0,2021-01-01,2026-01-01,2021-01-01,2026-01-01,Johnson & Johnson,LATEST_IN_MEMBERSHIP_SEC_NPORT_NAME,STABLE,johnson and johnson,johnson and johnson,johnson and johnson,CONSERVATIVE_LEGAL_CORE,STATE_NAME,EXACT_NORMALIZED_GKG_ORGANIZATION,H3_PIT_ATTENTION_ALIAS_POLICY_V5,c18b1ce9c421f52afb3d0d2ea85fe4e1e4f282fa5d14a85cefd9ccf21da2bb40,0
JNPR,0001043604,STAGE3I_RESOLVED_CIK,JNPR,MEDIUM,0,2021-01-01,2025-07-09,2021-01-01,2025-07-09,Juniper Networks,STAGE3I_MEMBERSHIP_NAME,STABLE,juniper networks,juniper networks,juniper networks,CONSERVATIVE_LEGAL_CORE,STATE_NAME,EXACT_NORMALIZED_GKG_ORGANIZATION,H3_PIT_ATTENTION_ALIAS_POLICY_V5,c18b1ce9c421f52afb3d0d2ea85fe4e1e4f282fa5d14a85cefd9ccf21da2bb40,0
JPM,0000019617,STAGE3B2_CANDIDATE_CIK,JPM,MEDIUM,0,2021-01-01,2026-01-01,2021-01-01,2026-01-01,JPMorgan Chase & Co,LATEST_IN_MEMBERSHIP_SEC_NPORT_NAME,STABLE,jpmorgan chase and co,jpmorgan chase and,jpmorgan chase and,CONSERVATIVE_LEGAL_CORE,STATE_NAME,EXACT_NORMALIZED_GKG_ORGANIZATION,H3_PIT_ATTENTION_ALIAS_POLICY_V5,c18b1ce9c421f52afb3d0d2ea85fe4e1e4f282fa5d14a85cefd9ccf21da2bb40,0
K,0000055067,STAGE3I_RESOLVED_CIK,K,HIGH,0,2021-01-01,2025-12-11,2021-01-01,2023-10-02,Kellogg Company,STAGE3I_MEMBERSHIP_NAME,STAGE3I_KNOWN_PRIMARY_EVENT,kellogg company,kellogg,kellogg company,FULL_AUTHORITATIVE_NAME_PRECISION_CONTROL,STATE_NAME,EXACT_NORMALIZED_GKG_ORGANIZATION,H3_PIT_ATTENTION_ALIAS_POLICY_V5,c18b1ce9c421f52afb3d0d2ea85fe4e1e4f282fa5d14a85cefd9ccf21da2bb40,0
K,0000055067,STAGE3I_RESOLVED_CIK,K,HIGH,0,2021-01-01,2025-12-11,2023-10-02,2025-12-11,Kellanova,STAGE3I_MEMBERSHIP_NAME,POST_TRANSITION,kellanova,kellanova,kellanova,FULL_AUTHORITATIVE_NAME_PRECISION_CONTROL,STATE_NAME,EXACT_NORMALIZED_GKG_ORGANIZATION,H3_PIT_ATTENTION_ALIAS_POLICY_V5,c18b1ce9c421f52afb3d0d2ea85fe4e1e4f282fa5d14a85cefd9ccf21da2bb40,0
KDP,0001418135,STAGE3B2_CANDIDATE_CIK,KDP,LOW,0,2022-06-21,2026-01-01,2022-06-21,2026-01-01,Keurig Dr Pepper Inc,LATEST_IN_MEMBERSHIP_SEC_NPORT_NAME,STABLE,keurig dr pepper inc,keurig dr pepper,keurig dr pepper,CONSERVATIVE_LEGAL_CORE,STATE_NAME,EXACT_NORMALIZED_GKG_ORGANIZATION,H3_PIT_ATTENTION_ALIAS_POLICY_V5,c18b1ce9c421f52afb3d0d2ea85fe4e1e4f282fa5d14a85cefd9ccf21da2bb40,0
KEY,,,KEY,HIGH,0,2021-01-01,2026-01-01,2021-01-01,2026-01-01,KeyCorp,LATEST_IN_MEMBERSHIP_SEC_NPORT_NAME,STABLE,keycorp,keycorp,keycorp,FULL_AUTHORITATIVE_NAME_PRECISION_CONTROL,STATE_NAME,EXACT_NORMALIZED_GKG_ORGANIZATION,H3_PIT_ATTENTION_ALIAS_POLICY_V5,c18b1ce9c421f52afb3d0d2ea85fe4e1e4f282fa5d14a85cefd9ccf21da2bb40,0
KEYS,0001601046,STAGE3B2_CANDIDATE_CIK,KEYS,LOW,0,2021-01-01,2026-01-01,2021-01-01,2026-01-01,Keysight Technologies Inc,LATEST_IN_MEMBERSHIP_SEC_NPORT_NAME,STABLE,keysight technologies inc,keysight technologies,keysight technologies,CONSERVATIVE_LEGAL_CORE,STATE_NAME,EXACT_NORMALIZED_GKG_ORGANIZATION,H3_PIT_ATTENTION_ALIAS_POLICY_V5,c18b1ce9c421f52afb3d0d2ea85fe4e1e4f282fa5d14a85cefd9ccf21da2bb40,0
KHC,0001637459,STAGE3B2_CANDIDATE_CIK,KHC,LOW,0,2021-01-01,2026-01-01,2021-01-01,2026-01-01,Kraft Heinz Co/The,LATEST_IN_MEMBERSHIP_SEC_NPORT_NAME,STABLE,kraft heinz co,kraft heinz,kraft heinz,CONSERVATIVE_LEGAL_CORE,STATE_NAME,EXACT_NORMALIZED_GKG_ORGANIZATION,H3_PIT_ATTENTION_ALIAS_POLICY_V5,c18b1ce9c421f52afb3d0d2ea85fe4e1e4f282fa5d14a85cefd9ccf21da2bb40,0
KIM,0000879101,STAGE3B2_CANDIDATE_CIK,KIM,MEDIUM,0,2021-01-01,2026-01-01,2021-01-01,2026-01-01,Kimco Realty Corp,LATEST_IN_MEMBERSHIP_SEC_NPORT_NAME,STABLE,kimco realty corp,kimco realty,kimco realty,CONSERVATIVE_LEGAL_CORE,STATE_NAME,EXACT_NORMALIZED_GKG_ORGANIZATION,H3_PIT_ATTENTION_ALIAS_POLICY_V5,c18b1ce9c421f52afb3d0d2ea85fe4e1e4f282fa5d14a85cefd9ccf21da2bb40,0
KKR,0001404912,STAGE3B2_CANDIDATE_CIK,KKR,HIGH,0,2024-06-24,2026-01-01,2024-06-24,2026-01-01,KKR & Co Inc,LATEST_IN_MEMBERSHIP_SEC_NPORT_NAME,STABLE,kkr and co inc,kkr and,kkr and co inc,FULL_AUTHORITATIVE_NAME_PRECISION_CONTROL,STATE_NAME,EXACT_NORMALIZED_GKG_ORGANIZATION,H3_PIT_ATTENTION_ALIAS_POLICY_V5,c18b1ce9c421f52afb3d0d2ea85fe4e1e4f282fa5d14a85cefd9ccf21da2bb40,0
KLAC,0000319201,STAGE3B2_CANDIDATE_CIK,KLAC,HIGH,0,2021-01-01,2026-01-01,2021-01-01,2026-01-01,KLA Corp,LATEST_IN_MEMBERSHIP_SEC_NPORT_NAME,STABLE,kla corp,kla,kla corp,FULL_AUTHORITATIVE_NAME_PRECISION_CONTROL,STATE_NAME,EXACT_NORMALIZED_GKG_ORGANIZATION,H3_PIT_ATTENTION_ALIAS_POLICY_V5,c18b1ce9c421f52afb3d0d2ea85fe4e1e4f282fa5d14a85cefd9ccf21da2bb40,0
KMB,0000055785,STAGE3B2_CANDIDATE_CIK,KMB,MEDIUM,0,2021-01-01,2026-01-01,2021-01-01,2026-01-01,Kimberly-Clark Corp,LATEST_IN_MEMBERSHIP_SEC_NPORT_NAME,STABLE,kimberly clark corp,kimberly clark,kimberly clark,CONSERVATIVE_LEGAL_CORE,STATE_NAME,EXACT_NORMALIZED_GKG_ORGANIZATION,H3_PIT_ATTENTION_ALIAS_POLICY_V5,c18b1ce9c421f52afb3d0d2ea85fe4e1e4f282fa5d14a85cefd9ccf21da2bb40,0
KMI,0001506307,STAGE3B2_CANDIDATE_CIK,KMI,MEDIUM,0,2021-01-01,2026-01-01,2021-01-01,2026-01-01,Kinder Morgan Inc,LATEST_IN_MEMBERSHIP_SEC_NPORT_NAME,STABLE,kinder morgan inc,kinder morgan,kinder morgan,CONSERVATIVE_LEGAL_CORE,STATE_NAME,EXACT_NORMALIZED_GKG_ORGANIZATION,H3_PIT_ATTENTION_ALIAS_POLICY_V5,c18b1ce9c421f52afb3d0d2ea85fe4e1e4f282fa5d14a85cefd9ccf21da2bb40,0
KMX,0001170010,STAGE3I_RESOLVED_CIK,KMX,HIGH,0,2021-01-01,2025-10-31,2021-01-01,2025-10-31,CarMax,STAGE3I_MEMBERSHIP_NAME,STABLE,carmax,carmax,carmax,FULL_AUTHORITATIVE_NAME_PRECISION_CONTROL,STATE_NAME,EXACT_NORMALIZED_GKG_ORGANIZATION,H3_PIT_ATTENTION_ALIAS_POLICY_V5,c18b1ce9c421f52afb3d0d2ea85fe4e1e4f282fa5d14a85cefd9ccf21da2bb40,0
KO,0000021344,STAGE3B2_CANDIDATE_CIK,KO,LOW,0,2021-01-01,2026-01-01,2021-01-01,2026-01-01,Coca-Cola Co/The,LATEST_IN_MEMBERSHIP_SEC_NPORT_NAME,STABLE,coca cola co,coca cola,coca cola,CONSERVATIVE_LEGAL_CORE,STATE_NAME,EXACT_NORMALIZED_GKG_ORGANIZATION,H3_PIT_ATTENTION_ALIAS_POLICY_V5,c18b1ce9c421f52afb3d0d2ea85fe4e1e4f282fa5d14a85cefd9ccf21da2bb40,0
KR,0000056873,STAGE3B2_CANDIDATE_CIK,KR,HIGH,0,2021-01-01,2026-01-01,2021-01-01,2026-01-01,Kroger Co/The,LATEST_IN_MEMBERSHIP_SEC_NPORT_NAME,STABLE,kroger co,kroger,kroger co,FULL_AUTHORITATIVE_NAME_PRECISION_CONTROL,STATE_NAME,EXACT_NORMALIZED_GKG_ORGANIZATION,H3_PIT_ATTENTION_ALIAS_POLICY_V5,c18b1ce9c421f52afb3d0d2ea85fe4e1e4f282fa5d14a85cefd9ccf21da2bb40,0
KSU,0000054480,STAGE3I_RESOLVED_CIK,KSU,LOW,0,2021-01-01,2021-12-14,2021-01-01,2021-12-14,Kansas City Southern,STAGE3I_MEMBERSHIP_NAME,STABLE,kansas city southern,kansas city southern,kansas city southern,CONSERVATIVE_LEGAL_CORE,STATE_NAME,EXACT_NORMALIZED_GKG_ORGANIZATION,H3_PIT_ATTENTION_ALIAS_POLICY_V5,c18b1ce9c421f52afb3d0d2ea85fe4e1e4f282fa5d14a85cefd9ccf21da2bb40,0
KVUE,0001944048,STAGE3G_SAMPLE_CIK,KVUE,HIGH,0,2023-08-25,2026-01-01,2023-08-25,2026-01-01,Kenvue Inc.,STAGE3G_AUTHORITATIVE_SAMPLE_NAME,STABLE,kenvue inc,kenvue,kenvue inc,FULL_AUTHORITATIVE_NAME_PRECISION_CONTROL,STATE_NAME,EXACT_NORMALIZED_GKG_ORGANIZATION,H3_PIT_ATTENTION_ALIAS_POLICY_V5,c18b1ce9c421f52afb3d0d2ea85fe4e1e4f282fa5d14a85cefd9ccf21da2bb40,0
L,0000060086,STAGE3B2_CANDIDATE_CIK,L,HIGH,0,2021-01-01,2026-01-01,2021-01-01,2026-01-01,Loews Corp,LATEST_IN_MEMBERSHIP_SEC_NPORT_NAME,STABLE,loews corp,loews,loews corp,FULL_AUTHORITATIVE_NAME_PRECISION_CONTROL,STATE_NAME,EXACT_NORMALIZED_GKG_ORGANIZATION,H3_PIT_ATTENTION_ALIAS_POLICY_V5,c18b1ce9c421f52afb3d0d2ea85fe4e1e4f282fa5d14a85cefd9ccf21da2bb40,0
LDOS,0001336920,STAGE3B2_CANDIDATE_CIK,LDOS,HIGH,0,2021-01-01,2026-01-01,2021-01-01,2026-01-01,Leidos Holdings Inc,LATEST_IN_MEMBERSHIP_SEC_NPORT_NAME,STABLE,leidos holdings inc,leidos holdings,leidos holdings inc,FULL_AUTHORITATIVE_NAME_PRECISION_CONTROL,STATE_NAME,EXACT_NORMALIZED_GKG_ORGANIZATION,H3_PIT_ATTENTION_ALIAS_POLICY_V5,c18b1ce9c421f52afb3d0d2ea85fe4e1e4f282fa5d14a85cefd9ccf21da2bb40,0
LEG,0000058492,STAGE3I_RESOLVED_CIK,LEG,LOW,0,2021-01-01,2021-12-20,2021-01-01,2021-12-20,Leggett & Platt,STAGE3I_MEMBERSHIP_NAME,STABLE,leggett and platt,leggett and platt,leggett and platt,CONSERVATIVE_LEGAL_CORE,STATE_NAME,EXACT_NORMALIZED_GKG_ORGANIZATION,H3_PIT_ATTENTION_ALIAS_POLICY_V5,c18b1ce9c421f52afb3d0d2ea85fe4e1e4f282fa5d14a85cefd9ccf21da2bb40,0
LEN,0000920760,STAGE3B2_CANDIDATE_CIK,LEN,LOW,0,2021-01-01,2026-01-01,2021-01-01,2026-01-01,Lennar Corp,LATEST_IN_MEMBERSHIP_SEC_NPORT_NAME,STABLE,lennar corp,lennar,lennar,CONSERVATIVE_LEGAL_CORE,STATE_NAME,EXACT_NORMALIZED_GKG_ORGANIZATION,H3_PIT_ATTENTION_ALIAS_POLICY_V5,c18b1ce9c421f52afb3d0d2ea85fe4e1e4f282fa5d14a85cefd9ccf21da2bb40,0
LH,0000920148,STAGE3G_SAMPLE_CIK,LH,HIGH,0,2021-01-01,2026-01-01,2021-01-01,2024-05-17,Laboratory Corporation of America Holdings,STAGE3G_AUTHORITATIVE_SAMPLE_NAME,STAGE3G_AUTHORITATIVE_NAME_STATE,laboratory corporation of america holdings,laboratory corporation of america holdings,laboratory corporation of america holdings,FULL_AUTHORITATIVE_NAME_PRECISION_CONTROL,STATE_NAME,EXACT_NORMALIZED_GKG_ORGANIZATION,H3_PIT_ATTENTION_ALIAS_POLICY_V5,c18b1ce9c421f52afb3d0d2ea85fe4e1e4f282fa5d14a85cefd9ccf21da2bb40,0
LH,0000920148,STAGE3G_SAMPLE_CIK,LH,HIGH,0,2021-01-01,2026-01-01,2024-05-17,2026-01-01,Labcorp Holdings Inc.,STAGE3G_AUTHORITATIVE_SAMPLE_NAME,POST_TRANSITION,labcorp holdings inc,labcorp holdings,labcorp holdings inc,FULL_AUTHORITATIVE_NAME_PRECISION_CONTROL,STATE_NAME,EXACT_NORMALIZED_GKG_ORGANIZATION,H3_PIT_ATTENTION_ALIAS_POLICY_V5,c18b1ce9c421f52afb3d0d2ea85fe4e1e4f282fa5d14a85cefd9ccf21da2bb40,0
LHX,0000202058,STAGE3B2_CANDIDATE_CIK,LHX,MEDIUM,0,2021-01-01,2026-01-01,2021-01-01,2026-01-01,L3Harris Technologies Inc,LATEST_IN_MEMBERSHIP_SEC_NPORT_NAME,STABLE,l3harris technologies inc,l3harris technologies,l3harris technologies,CONSERVATIVE_LEGAL_CORE,STATE_NAME,EXACT_NORMALIZED_GKG_ORGANIZATION,H3_PIT_ATTENTION_ALIAS_POLICY_V5,c18b1ce9c421f52afb3d0d2ea85fe4e1e4f282fa5d14a85cefd9ccf21da2bb40,0
LII,0001069202,STAGE3B2_CANDIDATE_CIK,LII,MEDIUM,0,2024-12-23,2026-01-01,2024-12-23,2026-01-01,Lennox International Inc,LATEST_IN_MEMBERSHIP_SEC_NPORT_NAME,STABLE,lennox international inc,lennox international,lennox international,CONSERVATIVE_LEGAL_CORE,STATE_NAME,EXACT_NORMALIZED_GKG_ORGANIZATION,H3_PIT_ATTENTION_ALIAS_POLICY_V5,c18b1ce9c421f52afb3d0d2ea85fe4e1e4f282fa5d14a85cefd9ccf21da2bb40,0
LIN,0001707925,STAGE3B2_CANDIDATE_CIK,LIN,HIGH,0,2021-01-01,2026-01-01,2021-01-01,2026-01-01,Linde PLC,LATEST_IN_MEMBERSHIP_SEC_NPORT_NAME,STABLE,linde plc,linde,linde plc,FULL_AUTHORITATIVE_NAME_PRECISION_CONTROL,STATE_NAME,EXACT_NORMALIZED_GKG_ORGANIZATION,H3_PIT_ATTENTION_ALIAS_POLICY_V5,c18b1ce9c421f52afb3d0d2ea85fe4e1e4f282fa5d14a85cefd9ccf21da2bb40,0
LKQ,0001065696,STAGE3I_RESOLVED_CIK,LKQ,HIGH,1,2021-01-01,2025-12-22,2021-01-01,2025-12-22,LKQ,STAGE3I_MEMBERSHIP_NAME,STABLE,lkq,lkq,lkq corp,QUALIFIED_FULL_AUTHORITATIVE_NAME_BARE_TICKER_CONTROL,SEC_CURRENT_FILER_NAME,EXACT_NORMALIZED_GKG_ORGANIZATION,H3_PIT_ATTENTION_ALIAS_POLICY_V5,c18b1ce9c421f52afb3d0d2ea85fe4e1e4f282fa5d14a85cefd9ccf21da2bb40,0
LLY,0000059478,STAGE3B2_CANDIDATE_CIK,LLY,MEDIUM,0,2021-01-01,2026-01-01,2021-01-01,2026-01-01,Eli Lilly & Co,LATEST_IN_MEMBERSHIP_SEC_NPORT_NAME,STABLE,eli lilly and co,eli lilly and,eli lilly and,CONSERVATIVE_LEGAL_CORE,STATE_NAME,EXACT_NORMALIZED_GKG_ORGANIZATION,H3_PIT_ATTENTION_ALIAS_POLICY_V5,c18b1ce9c421f52afb3d0d2ea85fe4e1e4f282fa5d14a85cefd9ccf21da2bb40,0
LMT,0000936468,STAGE3B2_CANDIDATE_CIK,LMT,MEDIUM,0,2021-01-01,2026-01-01,2021-01-01,2026-01-01,Lockheed Martin Corp,LATEST_IN_MEMBERSHIP_SEC_NPORT_NAME,STABLE,lockheed martin corp,lockheed martin,lockheed martin,CONSERVATIVE_LEGAL_CORE,STATE_NAME,EXACT_NORMALIZED_GKG_ORGANIZATION,H3_PIT_ATTENTION_ALIAS_POLICY_V5,c18b1ce9c421f52afb3d0d2ea85fe4e1e4f282fa5d14a85cefd9ccf21da2bb40,0
LNC,0000059558,STAGE3I_RESOLVED_CIK,LNC,MEDIUM,0,2021-01-01,2023-09-18,2021-01-01,2023-09-18,Lincoln National,STAGE3I_MEMBERSHIP_NAME,STABLE,lincoln national,lincoln national,lincoln national,CONSERVATIVE_LEGAL_CORE,STATE_NAME,EXACT_NORMALIZED_GKG_ORGANIZATION,H3_PIT_ATTENTION_ALIAS_POLICY_V5,c18b1ce9c421f52afb3d0d2ea85fe4e1e4f282fa5d14a85cefd9ccf21da2bb40,0
LNT,0000352541,STAGE3B2_CANDIDATE_CIK,LNT,MEDIUM,0,2021-01-01,2026-01-01,2021-01-01,2026-01-01,Alliant Energy Corp,LATEST_IN_MEMBERSHIP_SEC_NPORT_NAME,STABLE,alliant energy corp,alliant energy,alliant energy,CONSERVATIVE_LEGAL_CORE,STATE_NAME,EXACT_NORMALIZED_GKG_ORGANIZATION,H3_PIT_ATTENTION_ALIAS_POLICY_V5,c18b1ce9c421f52afb3d0d2ea85fe4e1e4f282fa5d14a85cefd9ccf21da2bb40,0
LOW,0000060667,STAGE3B2_CANDIDATE_CIK,LOW,LOW,0,2021-01-01,2026-01-01,2021-01-01,2026-01-01,Lowe's Cos Inc,LATEST_IN_MEMBERSHIP_SEC_NPORT_NAME,STABLE,lowes cos inc,lowes cos,lowes cos,CONSERVATIVE_LEGAL_CORE,STATE_NAME,EXACT_NORMALIZED_GKG_ORGANIZATION,H3_PIT_ATTENTION_ALIAS_POLICY_V5,c18b1ce9c421f52afb3d0d2ea85fe4e1e4f282fa5d14a85cefd9ccf21da2bb40,0
LRCX,0000707549,STAGE3B2_CANDIDATE_CIK,LRCX,MEDIUM,0,2021-01-01,2026-01-01,2021-01-01,2026-01-01,Lam Research Corp,LATEST_IN_MEMBERSHIP_SEC_NPORT_NAME,STABLE,lam research corp,lam research,lam research,CONSERVATIVE_LEGAL_CORE,STATE_NAME,EXACT_NORMALIZED_GKG_ORGANIZATION,H3_PIT_ATTENTION_ALIAS_POLICY_V5,c18b1ce9c421f52afb3d0d2ea85fe4e1e4f282fa5d14a85cefd9ccf21da2bb40,0
LULU,0001397187,STAGE3B2_CANDIDATE_CIK,LULU,MEDIUM,0,2023-10-18,2026-01-01,2023-10-18,2026-01-01,Lululemon Athletica Inc,LATEST_IN_MEMBERSHIP_SEC_NPORT_NAME,STABLE,lululemon athletica inc,lululemon athletica,lululemon athletica,CONSERVATIVE_LEGAL_CORE,STATE_NAME,EXACT_NORMALIZED_GKG_ORGANIZATION,H3_PIT_ATTENTION_ALIAS_POLICY_V5,c18b1ce9c421f52afb3d0d2ea85fe4e1e4f282fa5d14a85cefd9ccf21da2bb40,0
LUMN,0000018926,STAGE3I_RESOLVED_CIK,LUMN,MEDIUM,0,2021-01-01,2023-03-20,2021-01-01,2023-03-20,Lumen Technologies,STAGE3I_MEMBERSHIP_NAME,STABLE,lumen technologies,lumen technologies,lumen technologies,CONSERVATIVE_LEGAL_CORE,STATE_NAME,EXACT_NORMALIZED_GKG_ORGANIZATION,H3_PIT_ATTENTION_ALIAS_POLICY_V5,c18b1ce9c421f52afb3d0d2ea85fe4e1e4f282fa5d14a85cefd9ccf21da2bb40,0
LUV,0000092380,STAGE3B2_CANDIDATE_CIK,LUV,MEDIUM,0,2021-01-01,2026-01-01,2021-01-01,2026-01-01,Southwest Airlines Co,LATEST_IN_MEMBERSHIP_SEC_NPORT_NAME,STABLE,southwest airlines co,southwest airlines,southwest airlines,CONSERVATIVE_LEGAL_CORE,STATE_NAME,EXACT_NORMALIZED_GKG_ORGANIZATION,H3_PIT_ATTENTION_ALIAS_POLICY_V5,c18b1ce9c421f52afb3d0d2ea85fe4e1e4f282fa5d14a85cefd9ccf21da2bb40,0
LVS,0001300514,STAGE3B2_CANDIDATE_CIK,LVS,LOW,0,2021-01-01,2026-01-01,2021-01-01,2026-01-01,Las Vegas Sands Corp,LATEST_IN_MEMBERSHIP_SEC_NPORT_NAME,STABLE,las vegas sands corp,las vegas sands,las vegas sands,CONSERVATIVE_LEGAL_CORE,STATE_NAME,EXACT_NORMALIZED_GKG_ORGANIZATION,H3_PIT_ATTENTION_ALIAS_POLICY_V5,c18b1ce9c421f52afb3d0d2ea85fe4e1e4f282fa5d14a85cefd9ccf21da2bb40,0
LW,0001679273,STAGE3B2_CANDIDATE_CIK,LW,MEDIUM,0,2021-01-01,2026-01-01,2021-01-01,2026-01-01,Lamb Weston Holdings Inc,LATEST_IN_MEMBERSHIP_SEC_NPORT_NAME,STABLE,lamb weston holdings inc,lamb weston holdings,lamb weston holdings,CONSERVATIVE_LEGAL_CORE,STATE_NAME,EXACT_NORMALIZED_GKG_ORGANIZATION,H3_PIT_ATTENTION_ALIAS_POLICY_V5,c18b1ce9c421f52afb3d0d2ea85fe4e1e4f282fa5d14a85cefd9ccf21da2bb40,0
LYB,0001489393,STAGE3G_SAMPLE_CIK,LYB,LOW,0,2021-01-01,2026-01-01,2021-01-01,2026-01-01,LyondellBasell Industries N.V.,STAGE3G_AUTHORITATIVE_SAMPLE_NAME,STABLE,lyondellbasell industries n v,lyondellbasell industries n v,lyondellbasell industries n v,CONSERVATIVE_LEGAL_CORE,STATE_NAME,EXACT_NORMALIZED_GKG_ORGANIZATION,H3_PIT_ATTENTION_ALIAS_POLICY_V5,c18b1ce9c421f52afb3d0d2ea85fe4e1e4f282fa5d14a85cefd9ccf21da2bb40,0
LYV,0001335258,STAGE3B2_CANDIDATE_CIK,LYV,LOW,0,2021-01-01,2026-01-01,2021-01-01,2026-01-01,Live Nation Entertainment Inc,LATEST_IN_MEMBERSHIP_SEC_NPORT_NAME,STABLE,live nation entertainment inc,live nation entertainment,live nation entertainment,CONSERVATIVE_LEGAL_CORE,STATE_NAME,EXACT_NORMALIZED_GKG_ORGANIZATION,H3_PIT_ATTENTION_ALIAS_POLICY_V5,c18b1ce9c421f52afb3d0d2ea85fe4e1e4f282fa5d14a85cefd9ccf21da2bb40,0
MA,0001141391,STAGE3B2_CANDIDATE_CIK,MA,LOW,0,2021-01-01,2026-01-01,2021-01-01,2026-01-01,Mastercard Inc,LATEST_IN_MEMBERSHIP_SEC_NPORT_NAME,STABLE,mastercard inc,mastercard,mastercard,CONSERVATIVE_LEGAL_CORE,STATE_NAME,EXACT_NORMALIZED_GKG_ORGANIZATION,H3_PIT_ATTENTION_ALIAS_POLICY_V5,c18b1ce9c421f52afb3d0d2ea85fe4e1e4f282fa5d14a85cefd9ccf21da2bb40,0
MAA,0000912595,STAGE3B2_CANDIDATE_CIK,MAA,LOW,0,2021-01-01,2026-01-01,2021-01-01,2026-01-01,Mid-America Apartment Communities Inc,LATEST_IN_MEMBERSHIP_SEC_NPORT_NAME,STABLE,mid america apartment communities inc,mid america apartment communities,mid america apartment communities,CONSERVATIVE_LEGAL_CORE,STATE_NAME,EXACT_NORMALIZED_GKG_ORGANIZATION,H3_PIT_ATTENTION_ALIAS_POLICY_V5,c18b1ce9c421f52afb3d0d2ea85fe4e1e4f282fa5d14a85cefd9ccf21da2bb40,0
MAR,0001048286,STAGE3G_SAMPLE_CIK,MAR,LOW,0,2021-01-01,2026-01-01,2021-01-01,2026-01-01,"Marriott International, Inc.",STAGE3G_AUTHORITATIVE_SAMPLE_NAME,STABLE,marriott international inc,marriott international,marriott international,CONSERVATIVE_LEGAL_CORE,STATE_NAME,EXACT_NORMALIZED_GKG_ORGANIZATION,H3_PIT_ATTENTION_ALIAS_POLICY_V5,c18b1ce9c421f52afb3d0d2ea85fe4e1e4f282fa5d14a85cefd9ccf21da2bb40,0
MAS,0000062996,STAGE3B2_CANDIDATE_CIK,MAS,HIGH,0,2021-01-01,2026-01-01,2021-01-01,2026-01-01,Masco Corp,LATEST_IN_MEMBERSHIP_SEC_NPORT_NAME,STABLE,masco corp,masco,masco corp,FULL_AUTHORITATIVE_NAME_PRECISION_CONTROL,STATE_NAME,EXACT_NORMALIZED_GKG_ORGANIZATION,H3_PIT_ATTENTION_ALIAS_POLICY_V5,c18b1ce9c421f52afb3d0d2ea85fe4e1e4f282fa5d14a85cefd9ccf21da2bb40,0
MBC,0001941365,STAGE3I_RESOLVED_CIK,MBC,HIGH,0,2022-12-15,2022-12-19,2022-12-15,2022-12-19,MasterBrand,STAGE3I_MEMBERSHIP_NAME,STABLE,masterbrand,masterbrand,masterbrand,FULL_AUTHORITATIVE_NAME_PRECISION_CONTROL,STATE_NAME,EXACT_NORMALIZED_GKG_ORGANIZATION,H3_PIT_ATTENTION_ALIAS_POLICY_V5,c18b1ce9c421f52afb3d0d2ea85fe4e1e4f282fa5d14a85cefd9ccf21da2bb40,0
MCD,0000063908,STAGE3B2_CANDIDATE_CIK,MCD,MEDIUM,0,2021-01-01,2026-01-01,2021-01-01,2026-01-01,McDonald's Corp,LATEST_IN_MEMBERSHIP_SEC_NPORT_NAME,STABLE,mcdonalds corp,mcdonalds,mcdonalds,CONSERVATIVE_LEGAL_CORE,STATE_NAME,EXACT_NORMALIZED_GKG_ORGANIZATION,H3_PIT_ATTENTION_ALIAS_POLICY_V5,c18b1ce9c421f52afb3d0d2ea85fe4e1e4f282fa5d14a85cefd9ccf21da2bb40,0
MCHP,0000827054,STAGE3B2_CANDIDATE_CIK,MCHP,MEDIUM,0,2021-01-01,2026-01-01,2021-01-01,2026-01-01,Microchip Technology Inc,LATEST_IN_MEMBERSHIP_SEC_NPORT_NAME,STABLE,microchip technology inc,microchip technology,microchip technology,CONSERVATIVE_LEGAL_CORE,STATE_NAME,EXACT_NORMALIZED_GKG_ORGANIZATION,H3_PIT_ATTENTION_ALIAS_POLICY_V5,c18b1ce9c421f52afb3d0d2ea85fe4e1e4f282fa5d14a85cefd9ccf21da2bb40,0
MCK,0000927653,STAGE3B2_CANDIDATE_CIK,MCK,HIGH,0,2021-01-01,2026-01-01,2021-01-01,2026-01-01,McKesson Corp,LATEST_IN_MEMBERSHIP_SEC_NPORT_NAME,STABLE,mckesson corp,mckesson,mckesson corp,FULL_AUTHORITATIVE_NAME_PRECISION_CONTROL,STATE_NAME,EXACT_NORMALIZED_GKG_ORGANIZATION,H3_PIT_ATTENTION_ALIAS_POLICY_V5,c18b1ce9c421f52afb3d0d2ea85fe4e1e4f282fa5d14a85cefd9ccf21da2bb40,0
MCO,0001059556,STAGE3B2_CANDIDATE_CIK,MCO,HIGH,0,2021-01-01,2026-01-01,2021-01-01,2026-01-01,Moody's Corp,LATEST_IN_MEMBERSHIP_SEC_NPORT_NAME,STABLE,moodys corp,moodys,moodys corp,FULL_AUTHORITATIVE_NAME_PRECISION_CONTROL,STATE_NAME,EXACT_NORMALIZED_GKG_ORGANIZATION,H3_PIT_ATTENTION_ALIAS_POLICY_V5,c18b1ce9c421f52afb3d0d2ea85fe4e1e4f282fa5d14a85cefd9ccf21da2bb40,0
MDLZ,0001103982,STAGE3B2_CANDIDATE_CIK,MDLZ,LOW,0,2021-01-01,2026-01-01,2021-01-01,2026-01-01,Mondelez International Inc,LATEST_IN_MEMBERSHIP_SEC_NPORT_NAME,STABLE,mondelez international inc,mondelez international,mondelez international,CONSERVATIVE_LEGAL_CORE,STATE_NAME,EXACT_NORMALIZED_GKG_ORGANIZATION,H3_PIT_ATTENTION_ALIAS_POLICY_V5,c18b1ce9c421f52afb3d0d2ea85fe4e1e4f282fa5d14a85cefd9ccf21da2bb40,0
MDT,0001613103,STAGE3B2_CANDIDATE_CIK,MDT,HIGH,0,2021-01-01,2026-01-01,2021-01-01,2026-01-01,Medtronic PLC,LATEST_IN_MEMBERSHIP_SEC_NPORT_NAME,STABLE,medtronic plc,medtronic,medtronic plc,FULL_AUTHORITATIVE_NAME_PRECISION_CONTROL,STATE_NAME,EXACT_NORMALIZED_GKG_ORGANIZATION,H3_PIT_ATTENTION_ALIAS_POLICY_V5,c18b1ce9c421f52afb3d0d2ea85fe4e1e4f282fa5d14a85cefd9ccf21da2bb40,0
MET,0001099219,STAGE3B2_CANDIDATE_CIK,MET,HIGH,0,2021-01-01,2026-01-01,2021-01-01,2026-01-01,MetLife Inc,LATEST_IN_MEMBERSHIP_SEC_NPORT_NAME,STABLE,metlife inc,metlife,metlife inc,FULL_AUTHORITATIVE_NAME_PRECISION_CONTROL,STATE_NAME,EXACT_NORMALIZED_GKG_ORGANIZATION,H3_PIT_ATTENTION_ALIAS_POLICY_V5,c18b1ce9c421f52afb3d0d2ea85fe4e1e4f282fa5d14a85cefd9ccf21da2bb40,0
META,0001326801,STAGE3B2_CANDIDATE_CIK,META,LOW,0,2021-01-01,2026-01-01,2021-01-01,2021-10-28,FACEBOOK,LATEST_IN_MEMBERSHIP_SEC_NPORT_NAME,STAGE3D_AUTHORITATIVE_RENAME,facebook,facebook,facebook,CONSERVATIVE_LEGAL_CORE,STATE_NAME,EXACT_NORMALIZED_GKG_ORGANIZATION,H3_PIT_ATTENTION_ALIAS_POLICY_V5,c18b1ce9c421f52afb3d0d2ea85fe4e1e4f282fa5d14a85cefd9ccf21da2bb40,0
META,0001326801,STAGE3B2_CANDIDATE_CIK,META,LOW,0,2021-01-01,2026-01-01,2021-10-28,2026-01-01,META PLATFORMS,LATEST_IN_MEMBERSHIP_SEC_NPORT_NAME,POST_TRANSITION,meta platforms,meta platforms,meta platforms,CONSERVATIVE_LEGAL_CORE,STATE_NAME,EXACT_NORMALIZED_GKG_ORGANIZATION,H3_PIT_ATTENTION_ALIAS_POLICY_V5,c18b1ce9c421f52afb3d0d2ea85fe4e1e4f282fa5d14a85cefd9ccf21da2bb40,0
MGM,0000789570,STAGE3B2_CANDIDATE_CIK,MGM,LOW,0,2021-01-01,2026-01-01,2021-01-01,2026-01-01,MGM Resorts International,LATEST_IN_MEMBERSHIP_SEC_NPORT_NAME,STABLE,mgm resorts international,mgm resorts international,mgm resorts international,CONSERVATIVE_LEGAL_CORE,STATE_NAME,EXACT_NORMALIZED_GKG_ORGANIZATION,H3_PIT_ATTENTION_ALIAS_POLICY_V5,c18b1ce9c421f52afb3d0d2ea85fe4e1e4f282fa5d14a85cefd9ccf21da2bb40,0
MHK,0000851968,STAGE3I_RESOLVED_CIK,MHK,MEDIUM,0,2021-01-01,2025-12-22,2021-01-01,2025-12-22,Mohawk Industries,STAGE3I_MEMBERSHIP_NAME,STABLE,mohawk industries,mohawk industries,mohawk industries,CONSERVATIVE_LEGAL_CORE,STATE_NAME,EXACT_NORMALIZED_GKG_ORGANIZATION,H3_PIT_ATTENTION_ALIAS_POLICY_V5,c18b1ce9c421f52afb3d0d2ea85fe4e1e4f282fa5d14a85cefd9ccf21da2bb40,0
MKC,0000063754,STAGE3G_SAMPLE_CIK,MKC,LOW,0,2021-01-01,2026-01-01,2021-01-01,2026-01-01,"McCormick & Company, Incorporated",STAGE3G_AUTHORITATIVE_SAMPLE_NAME,STABLE,mccormick and company incorporated,mccormick and,mccormick and,CONSERVATIVE_LEGAL_CORE,STATE_NAME,EXACT_NORMALIZED_GKG_ORGANIZATION,H3_PIT_ATTENTION_ALIAS_POLICY_V5,c18b1ce9c421f52afb3d0d2ea85fe4e1e4f282fa5d14a85cefd9ccf21da2bb40,0
MKTX,0001278021,STAGE3I_RESOLVED_CIK,MKTX,HIGH,0,2021-01-01,2025-09-22,2021-01-01,2025-09-22,MarketAxess Holdings,STAGE3I_MEMBERSHIP_NAME,STABLE,marketaxess holdings,marketaxess holdings,marketaxess holdings,FULL_AUTHORITATIVE_NAME_PRECISION_CONTROL,STATE_NAME,EXACT_NORMALIZED_GKG_ORGANIZATION,H3_PIT_ATTENTION_ALIAS_POLICY_V5,c18b1ce9c421f52afb3d0d2ea85fe4e1e4f282fa5d14a85cefd9ccf21da2bb40,0
MLM,0000916076,STAGE3B2_CANDIDATE_CIK,MLM,LOW,0,2021-01-01,2026-01-01,2021-01-01,2026-01-01,Martin Marietta Materials Inc,LATEST_IN_MEMBERSHIP_SEC_NPORT_NAME,STABLE,martin marietta materials inc,martin marietta materials,martin marietta materials,CONSERVATIVE_LEGAL_CORE,STATE_NAME,EXACT_NORMALIZED_GKG_ORGANIZATION,H3_PIT_ATTENTION_ALIAS_POLICY_V5,c18b1ce9c421f52afb3d0d2ea85fe4e1e4f282fa5d14a85cefd9ccf21da2bb40,0
MMM,0000066740,STAGE3B2_CANDIDATE_CIK,MMM,HIGH,0,2021-01-01,2026-01-01,2021-01-01,2026-01-01,3M Co,LATEST_IN_MEMBERSHIP_SEC_NPORT_NAME,STABLE,3m co,3m,3m co,FULL_AUTHORITATIVE_NAME_PRECISION_CONTROL,STATE_NAME,EXACT_NORMALIZED_GKG_ORGANIZATION,H3_PIT_ATTENTION_ALIAS_POLICY_V5,c18b1ce9c421f52afb3d0d2ea85fe4e1e4f282fa5d14a85cefd9ccf21da2bb40,0
MNST,0000865752,STAGE3B2_CANDIDATE_CIK,MNST,MEDIUM,0,2021-01-01,2026-01-01,2021-01-01,2026-01-01,Monster Beverage Corp,LATEST_IN_MEMBERSHIP_SEC_NPORT_NAME,STABLE,monster beverage corp,monster beverage,monster beverage,CONSERVATIVE_LEGAL_CORE,STATE_NAME,EXACT_NORMALIZED_GKG_ORGANIZATION,H3_PIT_ATTENTION_ALIAS_POLICY_V5,c18b1ce9c421f52afb3d0d2ea85fe4e1e4f282fa5d14a85cefd9ccf21da2bb40,0
MO,0000764180,STAGE3B2_CANDIDATE_CIK,MO,MEDIUM,0,2021-01-01,2026-01-01,2021-01-01,2026-01-01,Altria Group Inc,LATEST_IN_MEMBERSHIP_SEC_NPORT_NAME,STABLE,altria group inc,altria group,altria group,CONSERVATIVE_LEGAL_CORE,STATE_NAME,EXACT_NORMALIZED_GKG_ORGANIZATION,H3_PIT_ATTENTION_ALIAS_POLICY_V5,c18b1ce9c421f52afb3d0d2ea85fe4e1e4f282fa5d14a85cefd9ccf21da2bb40,0
MOH,0001179929,STAGE3I_RESOLVED_CIK,MOH,MEDIUM,0,2022-03-02,2026-01-01,2022-03-02,2026-01-01,Molina Healthcare,STAGE3I_MEMBERSHIP_NAME,STABLE,molina healthcare,molina healthcare,molina healthcare,CONSERVATIVE_LEGAL_CORE,STATE_NAME,EXACT_NORMALIZED_GKG_ORGANIZATION,H3_PIT_ATTENTION_ALIAS_POLICY_V5,c18b1ce9c421f52afb3d0d2ea85fe4e1e4f282fa5d14a85cefd9ccf21da2bb40,0
MOS,0001285785,STAGE3B2_CANDIDATE_CIK,MOS,LOW,0,2021-01-01,2026-01-01,2021-01-01,2026-01-01,Mosaic Co/The,LATEST_IN_MEMBERSHIP_SEC_NPORT_NAME,STABLE,mosaic co,mosaic,mosaic,CONSERVATIVE_LEGAL_CORE,STATE_NAME,EXACT_NORMALIZED_GKG_ORGANIZATION,H3_PIT_ATTENTION_ALIAS_POLICY_V5,c18b1ce9c421f52afb3d0d2ea85fe4e1e4f282fa5d14a85cefd9ccf21da2bb40,0
MPC,0001510295,STAGE3B2_CANDIDATE_CIK,MPC,MEDIUM,0,2021-01-01,2026-01-01,2021-01-01,2026-01-01,Marathon Petroleum Corp,LATEST_IN_MEMBERSHIP_SEC_NPORT_NAME,STABLE,marathon petroleum corp,marathon petroleum,marathon petroleum,CONSERVATIVE_LEGAL_CORE,STATE_NAME,EXACT_NORMALIZED_GKG_ORGANIZATION,H3_PIT_ATTENTION_ALIAS_POLICY_V5,c18b1ce9c421f52afb3d0d2ea85fe4e1e4f282fa5d14a85cefd9ccf21da2bb40,0
MPWR,0001280452,STAGE3B2_CANDIDATE_CIK,MPWR,LOW,0,2021-02-12,2026-01-01,2021-02-12,2026-01-01,Monolithic Power Systems Inc,LATEST_IN_MEMBERSHIP_SEC_NPORT_NAME,STABLE,monolithic power systems inc,monolithic power systems,monolithic power systems,CONSERVATIVE_LEGAL_CORE,STATE_NAME,EXACT_NORMALIZED_GKG_ORGANIZATION,H3_PIT_ATTENTION_ALIAS_POLICY_V5,c18b1ce9c421f52afb3d0d2ea85fe4e1e4f282fa5d14a85cefd9ccf21da2bb40,0
MRK,0000310158,STAGE3B2_CANDIDATE_CIK,MRK,HIGH,0,2021-01-01,2026-01-01,2021-01-01,2026-01-01,Merck & Co Inc,LATEST_IN_MEMBERSHIP_SEC_NPORT_NAME,STABLE,merck and co inc,merck and,merck and co inc,FULL_AUTHORITATIVE_NAME_PRECISION_CONTROL,STATE_NAME,EXACT_NORMALIZED_GKG_ORGANIZATION,H3_PIT_ATTENTION_ALIAS_POLICY_V5,c18b1ce9c421f52afb3d0d2ea85fe4e1e4f282fa5d14a85cefd9ccf21da2bb40,0
MRNA,0001682852,STAGE3B2_CANDIDATE_CIK,MRNA,HIGH,0,2021-07-21,2026-01-01,2021-07-21,2026-01-01,Moderna Inc,LATEST_IN_MEMBERSHIP_SEC_NPORT_NAME,STABLE,moderna inc,moderna,moderna inc,FULL_AUTHORITATIVE_NAME_PRECISION_CONTROL,STATE_NAME,EXACT_NORMALIZED_GKG_ORGANIZATION,H3_PIT_ATTENTION_ALIAS_POLICY_V5,c18b1ce9c421f52afb3d0d2ea85fe4e1e4f282fa5d14a85cefd9ccf21da2bb40,0
MRO,0000101778,STAGE3I_RESOLVED_CIK,MRO,MEDIUM,0,2021-01-01,2024-11-26,2021-01-01,2024-11-26,Marathon Oil,STAGE3I_MEMBERSHIP_NAME,STABLE,marathon oil,marathon oil,marathon oil,CONSERVATIVE_LEGAL_CORE,STATE_NAME,EXACT_NORMALIZED_GKG_ORGANIZATION,H3_PIT_ATTENTION_ALIAS_POLICY_V5,c18b1ce9c421f52afb3d0d2ea85fe4e1e4f282fa5d14a85cefd9ccf21da2bb40,0
MRSH,0000062709,STAGE3G_SAMPLE_CIK,MRSH,LOW,0,2021-01-01,2026-01-01,2021-01-01,2026-01-01,"Marsh & McLennan Companies, Inc.",STAGE3G_AUTHORITATIVE_SAMPLE_NAME,STABLE,marsh and mclennan companies inc,marsh and mclennan companies,marsh and mclennan companies,CONSERVATIVE_LEGAL_CORE,STATE_NAME,EXACT_NORMALIZED_GKG_ORGANIZATION,H3_PIT_ATTENTION_ALIAS_POLICY_V5,c18b1ce9c421f52afb3d0d2ea85fe4e1e4f282fa5d14a85cefd9ccf21da2bb40,0
MS,0000895421,STAGE3B2_CANDIDATE_CIK,MS,MEDIUM,0,2021-01-01,2026-01-01,2021-01-01,2026-01-01,Morgan Stanley,LATEST_IN_MEMBERSHIP_SEC_NPORT_NAME,STABLE,morgan stanley,morgan stanley,morgan stanley,CONSERVATIVE_LEGAL_CORE,STATE_NAME,EXACT_NORMALIZED_GKG_ORGANIZATION,H3_PIT_ATTENTION_ALIAS_POLICY_V5,c18b1ce9c421f52afb3d0d2ea85fe4e1e4f282fa5d14a85cefd9ccf21da2bb40,0
MSCI,0001408198,STAGE3B2_CANDIDATE_CIK,MSCI,HIGH,0,2021-01-01,2026-01-01,2021-01-01,2026-01-01,MSCI Inc,LATEST_IN_MEMBERSHIP_SEC_NPORT_NAME,STABLE,msci inc,msci,msci inc,FULL_AUTHORITATIVE_NAME_PRECISION_CONTROL,STATE_NAME,EXACT_NORMALIZED_GKG_ORGANIZATION,H3_PIT_ATTENTION_ALIAS_POLICY_V5,c18b1ce9c421f52afb3d0d2ea85fe4e1e4f282fa5d14a85cefd9ccf21da2bb40,0
MSFT,0000789019,STAGE3B2_CANDIDATE_CIK,MSFT,HIGH,0,2021-01-01,2026-01-01,2021-01-01,2026-01-01,Microsoft Corp,LATEST_IN_MEMBERSHIP_SEC_NPORT_NAME,STABLE,microsoft corp,microsoft,microsoft corp,FULL_AUTHORITATIVE_NAME_PRECISION_CONTROL,STATE_NAME,EXACT_NORMALIZED_GKG_ORGANIZATION,H3_PIT_ATTENTION_ALIAS_POLICY_V5,c18b1ce9c421f52afb3d0d2ea85fe4e1e4f282fa5d14a85cefd9ccf21da2bb40,0
MSI,0000068505,STAGE3B2_CANDIDATE_CIK,MSI,MEDIUM,0,2021-01-01,2026-01-01,2021-01-01,2026-01-01,Motorola Solutions Inc,LATEST_IN_MEMBERSHIP_SEC_NPORT_NAME,STABLE,motorola solutions inc,motorola solutions,motorola solutions,CONSERVATIVE_LEGAL_CORE,STATE_NAME,EXACT_NORMALIZED_GKG_ORGANIZATION,H3_PIT_ATTENTION_ALIAS_POLICY_V5,c18b1ce9c421f52afb3d0d2ea85fe4e1e4f282fa5d14a85cefd9ccf21da2bb40,0
MTB,0000036270,STAGE3B2_CANDIDATE_CIK,MTB,HIGH,0,2021-01-01,2026-01-01,2021-01-01,2026-01-01,M&T Bank Corp,LATEST_IN_MEMBERSHIP_SEC_NPORT_NAME,STABLE,m and t bank corp,m and t bank,m and t bank corp,FULL_AUTHORITATIVE_NAME_PRECISION_CONTROL,STATE_NAME,EXACT_NORMALIZED_GKG_ORGANIZATION,H3_PIT_ATTENTION_ALIAS_POLICY_V5,c18b1ce9c421f52afb3d0d2ea85fe4e1e4f282fa5d14a85cefd9ccf21da2bb40,0
MTCH,0000891103,STAGE3I_RESOLVED_CIK,MTCH,MEDIUM,0,2021-09-20,2026-01-01,2021-09-20,2026-01-01,Match Group,STAGE3I_MEMBERSHIP_NAME,STABLE,match group,match group,match group,CONSERVATIVE_LEGAL_CORE,STATE_NAME,EXACT_NORMALIZED_GKG_ORGANIZATION,H3_PIT_ATTENTION_ALIAS_POLICY_V5,c18b1ce9c421f52afb3d0d2ea85fe4e1e4f282fa5d14a85cefd9ccf21da2bb40,0
MTD,0001037646,STAGE3B2_CANDIDATE_CIK,MTD,LOW,0,2021-01-01,2026-01-01,2021-01-01,2026-01-01,Mettler-Toledo International Inc,LATEST_IN_MEMBERSHIP_SEC_NPORT_NAME,STABLE,mettler toledo international inc,mettler toledo international,mettler toledo international,CONSERVATIVE_LEGAL_CORE,STATE_NAME,EXACT_NORMALIZED_GKG_ORGANIZATION,H3_PIT_ATTENTION_ALIAS_POLICY_V5,c18b1ce9c421f52afb3d0d2ea85fe4e1e4f282fa5d14a85cefd9ccf21da2bb40,0
MU,0000723125,STAGE3B2_CANDIDATE_CIK,MU,MEDIUM,0,2021-01-01,2026-01-01,2021-01-01,2026-01-01,Micron Technology Inc,LATEST_IN_MEMBERSHIP_SEC_NPORT_NAME,STABLE,micron technology inc,micron technology,micron technology,CONSERVATIVE_LEGAL_CORE,STATE_NAME,EXACT_NORMALIZED_GKG_ORGANIZATION,H3_PIT_ATTENTION_ALIAS_POLICY_V5,c18b1ce9c421f52afb3d0d2ea85fe4e1e4f282fa5d14a85cefd9ccf21da2bb40,0
MXIM,0000743316,STAGE3I_RESOLVED_CIK,MXIM,LOW,0,2021-01-01,2021-08-30,2021-01-01,2021-08-30,Maxim Integrated Products,STAGE3I_MEMBERSHIP_NAME,STABLE,maxim integrated products,maxim integrated products,maxim integrated products,CONSERVATIVE_LEGAL_CORE,STATE_NAME,EXACT_NORMALIZED_GKG_ORGANIZATION,H3_PIT_ATTENTION_ALIAS_POLICY_V5,c18b1ce9c421f52afb3d0d2ea85fe4e1e4f282fa5d14a85cefd9ccf21da2bb40,0
NCLH,0001513761,STAGE3B2_CANDIDATE_CIK,NCLH,LOW,0,2021-01-01,2026-01-01,2021-01-01,2026-01-01,Norwegian Cruise Line Holdings Ltd,LATEST_IN_MEMBERSHIP_SEC_NPORT_NAME,STABLE,norwegian cruise line holdings ltd,norwegian cruise line holdings,norwegian cruise line holdings,CONSERVATIVE_LEGAL_CORE,STATE_NAME,EXACT_NORMALIZED_GKG_ORGANIZATION,H3_PIT_ATTENTION_ALIAS_POLICY_V5,c18b1ce9c421f52afb3d0d2ea85fe4e1e4f282fa5d14a85cefd9ccf21da2bb40,0
NDAQ,0001120193,STAGE3B2_CANDIDATE_CIK,NDAQ,HIGH,0,2021-01-01,2026-01-01,2021-01-01,2026-01-01,Nasdaq Inc,LATEST_IN_MEMBERSHIP_SEC_NPORT_NAME,STABLE,nasdaq inc,nasdaq,nasdaq inc,FULL_AUTHORITATIVE_NAME_PRECISION_CONTROL,STATE_NAME,EXACT_NORMALIZED_GKG_ORGANIZATION,H3_PIT_ATTENTION_ALIAS_POLICY_V5,c18b1ce9c421f52afb3d0d2ea85fe4e1e4f282fa5d14a85cefd9ccf21da2bb40,0
NDSN,0000072331,STAGE3B2_CANDIDATE_CIK,NDSN,HIGH,0,2022-02-15,2026-01-01,2022-02-15,2026-01-01,Nordson Corp,LATEST_IN_MEMBERSHIP_SEC_NPORT_NAME,STABLE,nordson corp,nordson,nordson corp,FULL_AUTHORITATIVE_NAME_PRECISION_CONTROL,STATE_NAME,EXACT_NORMALIZED_GKG_ORGANIZATION,H3_PIT_ATTENTION_ALIAS_POLICY_V5,c18b1ce9c421f52afb3d0d2ea85fe4e1e4f282fa5d14a85cefd9ccf21da2bb40,0
NEE,0000753308,STAGE3B2_CANDIDATE_CIK,NEE,MEDIUM,0,2021-01-01,2026-01-01,2021-01-01,2026-01-01,NextEra Energy Inc,LATEST_IN_MEMBERSHIP_SEC_NPORT_NAME,STABLE,nextera energy inc,nextera energy,nextera energy,CONSERVATIVE_LEGAL_CORE,STATE_NAME,EXACT_NORMALIZED_GKG_ORGANIZATION,H3_PIT_ATTENTION_ALIAS_POLICY_V5,c18b1ce9c421f52afb3d0d2ea85fe4e1e4f282fa5d14a85cefd9ccf21da2bb40,0
NEM,0001164727,STAGE3B2_CANDIDATE_CIK,NEM,HIGH,0,2021-01-01,2026-01-01,2021-01-01,2026-01-01,Newmont Corp,LATEST_IN_MEMBERSHIP_SEC_NPORT_NAME,STABLE,newmont corp,newmont,newmont corp,FULL_AUTHORITATIVE_NAME_PRECISION_CONTROL,STATE_NAME,EXACT_NORMALIZED_GKG_ORGANIZATION,H3_PIT_ATTENTION_ALIAS_POLICY_V5,c18b1ce9c421f52afb3d0d2ea85fe4e1e4f282fa5d14a85cefd9ccf21da2bb40,0
NFLX,0001065280,STAGE3B2_CANDIDATE_CIK,NFLX,HIGH,0,2021-01-01,2026-01-01,2021-01-01,2026-01-01,Netflix Inc,LATEST_IN_MEMBERSHIP_SEC_NPORT_NAME,STABLE,netflix inc,netflix,netflix inc,FULL_AUTHORITATIVE_NAME_PRECISION_CONTROL,STATE_NAME,EXACT_NORMALIZED_GKG_ORGANIZATION,H3_PIT_ATTENTION_ALIAS_POLICY_V5,c18b1ce9c421f52afb3d0d2ea85fe4e1e4f282fa5d14a85cefd9ccf21da2bb40,0
NI,0001111711,STAGE3B2_CANDIDATE_CIK,NI,HIGH,0,2021-01-01,2026-01-01,2021-01-01,2026-01-01,NiSource Inc,LATEST_IN_MEMBERSHIP_SEC_NPORT_NAME,STABLE,nisource inc,nisource,nisource inc,FULL_AUTHORITATIVE_NAME_PRECISION_CONTROL,STATE_NAME,EXACT_NORMALIZED_GKG_ORGANIZATION,H3_PIT_ATTENTION_ALIAS_POLICY_V5,c18b1ce9c421f52afb3d0d2ea85fe4e1e4f282fa5d14a85cefd9ccf21da2bb40,0
NKE,0000320187,STAGE3B2_CANDIDATE_CIK,NKE,LOW,0,2021-01-01,2026-01-01,2021-01-01,2026-01-01,NIKE Inc,LATEST_IN_MEMBERSHIP_SEC_NPORT_NAME,STABLE,nike inc,nike,nike,CONSERVATIVE_LEGAL_CORE,STATE_NAME,EXACT_NORMALIZED_GKG_ORGANIZATION,H3_PIT_ATTENTION_ALIAS_POLICY_V5,c18b1ce9c421f52afb3d0d2ea85fe4e1e4f282fa5d14a85cefd9ccf21da2bb40,0
NLSN,,,NLSN,HIGH,0,2021-01-01,2022-10-12,2021-01-01,2022-10-12,Nielsen Holdings,STAGE3I_MEMBERSHIP_NAME,STABLE,nielsen holdings,nielsen holdings,nielsen holdings,FULL_AUTHORITATIVE_NAME_PRECISION_CONTROL,STATE_NAME,EXACT_NORMALIZED_GKG_ORGANIZATION,H3_PIT_ATTENTION_ALIAS_POLICY_V5,c18b1ce9c421f52afb3d0d2ea85fe4e1e4f282fa5d14a85cefd9ccf21da2bb40,0
NOC,,,NOC,MEDIUM,0,2021-01-01,2026-01-01,2021-01-01,2026-01-01,Northrop Grumman Corp,LATEST_IN_MEMBERSHIP_SEC_NPORT_NAME,STABLE,northrop grumman corp,northrop grumman,northrop grumman,CONSERVATIVE_LEGAL_CORE,STATE_NAME,EXACT_NORMALIZED_GKG_ORGANIZATION,H3_PIT_ATTENTION_ALIAS_POLICY_V5,c18b1ce9c421f52afb3d0d2ea85fe4e1e4f282fa5d14a85cefd9ccf21da2bb40,0
NOV,0001021860,STAGE3I_RESOLVED_CIK,NOV,HIGH,1,2021-01-01,2021-09-20,2021-01-01,2021-09-20,NOV,STAGE3I_MEMBERSHIP_NAME,STABLE,nov,nov,nov inc,QUALIFIED_FULL_AUTHORITATIVE_NAME_BARE_TICKER_CONTROL,SEC_CURRENT_FILER_NAME,EXACT_NORMALIZED_GKG_ORGANIZATION,H3_PIT_ATTENTION_ALIAS_POLICY_V5,c18b1ce9c421f52afb3d0d2ea85fe4e1e4f282fa5d14a85cefd9ccf21da2bb40,0
NOW,0001373715,STAGE3B2_CANDIDATE_CIK,NOW,HIGH,0,2021-01-01,2026-01-01,2021-01-01,2026-01-01,ServiceNow Inc,LATEST_IN_MEMBERSHIP_SEC_NPORT_NAME,STABLE,servicenow inc,servicenow,servicenow inc,FULL_AUTHORITATIVE_NAME_PRECISION_CONTROL,STATE_NAME,EXACT_NORMALIZED_GKG_ORGANIZATION,H3_PIT_ATTENTION_ALIAS_POLICY_V5,c18b1ce9c421f52afb3d0d2ea85fe4e1e4f282fa5d14a85cefd9ccf21da2bb40,0
NRG,0001013871,STAGE3B2_CANDIDATE_CIK,NRG,MEDIUM,0,2021-01-01,2026-01-01,2021-01-01,2026-01-01,NRG Energy Inc,LATEST_IN_MEMBERSHIP_SEC_NPORT_NAME,STABLE,nrg energy inc,nrg energy,nrg energy,CONSERVATIVE_LEGAL_CORE,STATE_NAME,EXACT_NORMALIZED_GKG_ORGANIZATION,H3_PIT_ATTENTION_ALIAS_POLICY_V5,c18b1ce9c421f52afb3d0d2ea85fe4e1e4f282fa5d14a85cefd9ccf21da2bb40,0
NSC,0000702165,STAGE3B2_CANDIDATE_CIK,NSC,MEDIUM,0,2021-01-01,2026-01-01,2021-01-01,2026-01-01,Norfolk Southern Corp,LATEST_IN_MEMBERSHIP_SEC_NPORT_NAME,STABLE,norfolk southern corp,norfolk southern,norfolk southern,CONSERVATIVE_LEGAL_CORE,STATE_NAME,EXACT_NORMALIZED_GKG_ORGANIZATION,H3_PIT_ATTENTION_ALIAS_POLICY_V5,c18b1ce9c421f52afb3d0d2ea85fe4e1e4f282fa5d14a85cefd9ccf21da2bb40,0
NTAP,0001002047,STAGE3B2_CANDIDATE_CIK,NTAP,HIGH,0,2021-01-01,2026-01-01,2021-01-01,2026-01-01,NetApp Inc,LATEST_IN_MEMBERSHIP_SEC_NPORT_NAME,STABLE,netapp inc,netapp,netapp inc,FULL_AUTHORITATIVE_NAME_PRECISION_CONTROL,STATE_NAME,EXACT_NORMALIZED_GKG_ORGANIZATION,H3_PIT_ATTENTION_ALIAS_POLICY_V5,c18b1ce9c421f52afb3d0d2ea85fe4e1e4f282fa5d14a85cefd9ccf21da2bb40,0
NTRS,0000073124,STAGE3B2_CANDIDATE_CIK,NTRS,MEDIUM,0,2021-01-01,2026-01-01,2021-01-01,2026-01-01,Northern Trust Corp,LATEST_IN_MEMBERSHIP_SEC_NPORT_NAME,STABLE,northern trust corp,northern trust,northern trust,CONSERVATIVE_LEGAL_CORE,STATE_NAME,EXACT_NORMALIZED_GKG_ORGANIZATION,H3_PIT_ATTENTION_ALIAS_POLICY_V5,c18b1ce9c421f52afb3d0d2ea85fe4e1e4f282fa5d14a85cefd9ccf21da2bb40,0
NUE,0000073309,STAGE3B2_CANDIDATE_CIK,NUE,HIGH,0,2021-01-01,2026-01-01,2021-01-01,2026-01-01,Nucor Corp,LATEST_IN_MEMBERSHIP_SEC_NPORT_NAME,STABLE,nucor corp,nucor,nucor corp,FULL_AUTHORITATIVE_NAME_PRECISION_CONTROL,STATE_NAME,EXACT_NORMALIZED_GKG_ORGANIZATION,H3_PIT_ATTENTION_ALIAS_POLICY_V5,c18b1ce9c421f52afb3d0d2ea85fe4e1e4f282fa5d14a85cefd9ccf21da2bb40,0
NVDA,0001045810,STAGE3B2_CANDIDATE_CIK,NVDA,HIGH,0,2021-01-01,2026-01-01,2021-01-01,2026-01-01,NVIDIA Corp,LATEST_IN_MEMBERSHIP_SEC_NPORT_NAME,STABLE,nvidia corp,nvidia,nvidia corp,FULL_AUTHORITATIVE_NAME_PRECISION_CONTROL,STATE_NAME,EXACT_NORMALIZED_GKG_ORGANIZATION,H3_PIT_ATTENTION_ALIAS_POLICY_V5,c18b1ce9c421f52afb3d0d2ea85fe4e1e4f282fa5d14a85cefd9ccf21da2bb40,0
NVR,0000906163,STAGE3B2_CANDIDATE_CIK,NVR,HIGH,0,2021-01-01,2026-01-01,2021-01-01,2026-01-01,NVR Inc,LATEST_IN_MEMBERSHIP_SEC_NPORT_NAME,STABLE,nvr inc,nvr,nvr inc,FULL_AUTHORITATIVE_NAME_PRECISION_CONTROL,STATE_NAME,EXACT_NORMALIZED_GKG_ORGANIZATION,H3_PIT_ATTENTION_ALIAS_POLICY_V5,c18b1ce9c421f52afb3d0d2ea85fe4e1e4f282fa5d14a85cefd9ccf21da2bb40,0
NWL,0000814453,STAGE3I_RESOLVED_CIK,NWL,MEDIUM,0,2021-01-01,2023-09-18,2021-01-01,2023-09-18,Newell Brands,STAGE3I_MEMBERSHIP_NAME,STABLE,newell brands,newell brands,newell brands,CONSERVATIVE_LEGAL_CORE,STATE_NAME,EXACT_NORMALIZED_GKG_ORGANIZATION,H3_PIT_ATTENTION_ALIAS_POLICY_V5,c18b1ce9c421f52afb3d0d2ea85fe4e1e4f282fa5d14a85cefd9ccf21da2bb40,0
NWS,0001564708,STAGE3B2_CANDIDATE_CIK,NWS,LOW,0,2021-01-01,2026-01-01,2021-01-01,2026-01-01,News Corp,LATEST_IN_MEMBERSHIP_SEC_NPORT_NAME,STABLE,news corp,news,news,CONSERVATIVE_LEGAL_CORE,STATE_NAME,EXACT_NORMALIZED_GKG_ORGANIZATION,H3_PIT_ATTENTION_ALIAS_POLICY_V5,c18b1ce9c421f52afb3d0d2ea85fe4e1e4f282fa5d14a85cefd9ccf21da2bb40,0
NWSA,0001564708,STAGE3B2_CANDIDATE_CIK,NWSA,LOW,0,2021-01-01,2026-01-01,2021-01-01,2026-01-01,News Corp,LATEST_IN_MEMBERSHIP_SEC_NPORT_NAME,STABLE,news corp,news,news,CONSERVATIVE_LEGAL_CORE,STATE_NAME,EXACT_NORMALIZED_GKG_ORGANIZATION,H3_PIT_ATTENTION_ALIAS_POLICY_V5,c18b1ce9c421f52afb3d0d2ea85fe4e1e4f282fa5d14a85cefd9ccf21da2bb40,0
NXPI,0001413447,STAGE3B2_CANDIDATE_CIK,NXPI,MEDIUM,0,2021-03-22,2026-01-01,2021-03-22,2026-01-01,NXP Semiconductors NV,LATEST_IN_MEMBERSHIP_SEC_NPORT_NAME,STABLE,nxp semiconductors nv,nxp semiconductors,nxp semiconductors,CONSERVATIVE_LEGAL_CORE,STATE_NAME,EXACT_NORMALIZED_GKG_ORGANIZATION,H3_PIT_ATTENTION_ALIAS_POLICY_V5,c18b1ce9c421f52afb3d0d2ea85fe4e1e4f282fa5d14a85cefd9ccf21da2bb40,0
O,0000726728,STAGE3B2_CANDIDATE_CIK,O,MEDIUM,0,2021-01-01,2026-01-01,2021-01-01,2026-01-01,Realty Income Corp,LATEST_IN_MEMBERSHIP_SEC_NPORT_NAME,STABLE,realty income corp,realty income,realty income,CONSERVATIVE_LEGAL_CORE,STATE_NAME,EXACT_NORMALIZED_GKG_ORGANIZATION,H3_PIT_ATTENTION_ALIAS_POLICY_V5,c18b1ce9c421f52afb3d0d2ea85fe4e1e4f282fa5d14a85cefd9ccf21da2bb40,0
ODFL,0000878927,STAGE3B2_CANDIDATE_CIK,ODFL,LOW,0,2021-01-01,2026-01-01,2021-01-01,2026-01-01,Old Dominion Freight Line Inc,LATEST_IN_MEMBERSHIP_SEC_NPORT_NAME,STABLE,old dominion freight line inc,old dominion freight line,old dominion freight line,CONSERVATIVE_LEGAL_CORE,STATE_NAME,EXACT_NORMALIZED_GKG_ORGANIZATION,H3_PIT_ATTENTION_ALIAS_POLICY_V5,c18b1ce9c421f52afb3d0d2ea85fe4e1e4f282fa5d14a85cefd9ccf21da2bb40,0
OGN,0001821825,STAGE3I_RESOLVED_CIK,OGN,HIGH,0,2021-06-03,2023-10-18,2021-06-03,2023-10-18,Organon,STAGE3I_MEMBERSHIP_NAME,STABLE,organon,organon,organon,FULL_AUTHORITATIVE_NAME_PRECISION_CONTROL,STATE_NAME,EXACT_NORMALIZED_GKG_ORGANIZATION,H3_PIT_ATTENTION_ALIAS_POLICY_V5,c18b1ce9c421f52afb3d0d2ea85fe4e1e4f282fa5d14a85cefd9ccf21da2bb40,0
OKE,,,OKE,HIGH,0,2021-01-01,2026-01-01,2021-01-01,2026-01-01,ONEOK Inc,LATEST_IN_MEMBERSHIP_SEC_NPORT_NAME,STABLE,oneok inc,oneok,oneok inc,FULL_AUTHORITATIVE_NAME_PRECISION_CONTROL,STATE_NAME,EXACT_NORMALIZED_GKG_ORGANIZATION,H3_PIT_ATTENTION_ALIAS_POLICY_V5,c18b1ce9c421f52afb3d0d2ea85fe4e1e4f282fa5d14a85cefd9ccf21da2bb40,0
OMC,0000029989,STAGE3B2_CANDIDATE_CIK,OMC,MEDIUM,0,2021-01-01,2026-01-01,2021-01-01,2026-01-01,Omnicom Group Inc,LATEST_IN_MEMBERSHIP_SEC_NPORT_NAME,STABLE,omnicom group inc,omnicom group,omnicom group,CONSERVATIVE_LEGAL_CORE,STATE_NAME,EXACT_NORMALIZED_GKG_ORGANIZATION,H3_PIT_ATTENTION_ALIAS_POLICY_V5,c18b1ce9c421f52afb3d0d2ea85fe4e1e4f282fa5d14a85cefd9ccf21da2bb40,0
ON,0001097864,STAGE3B2_CANDIDATE_CIK,ON,MEDIUM,0,2022-06-21,2026-01-01,2022-06-21,2026-01-01,ON Semiconductor Corp,LATEST_IN_MEMBERSHIP_SEC_NPORT_NAME,STABLE,on semiconductor corp,on semiconductor,on semiconductor,CONSERVATIVE_LEGAL_CORE,STATE_NAME,EXACT_NORMALIZED_GKG_ORGANIZATION,H3_PIT_ATTENTION_ALIAS_POLICY_V5,c18b1ce9c421f52afb3d0d2ea85fe4e1e4f282fa5d14a85cefd9ccf21da2bb40,0
ORCL,0001341439,STAGE3B2_CANDIDATE_CIK,ORCL,HIGH,0,2021-01-01,2026-01-01,2021-01-01,2026-01-01,Oracle Corp,LATEST_IN_MEMBERSHIP_SEC_NPORT_NAME,STABLE,oracle corp,oracle,oracle corp,FULL_AUTHORITATIVE_NAME_PRECISION_CONTROL,STATE_NAME,EXACT_NORMALIZED_GKG_ORGANIZATION,H3_PIT_ATTENTION_ALIAS_POLICY_V5,c18b1ce9c421f52afb3d0d2ea85fe4e1e4f282fa5d14a85cefd9ccf21da2bb40,0
ORLY,0000898173,STAGE3B2_CANDIDATE_CIK,ORLY,LOW,0,2021-01-01,2026-01-01,2021-01-01,2026-01-01,O'Reilly Automotive Inc,LATEST_IN_MEMBERSHIP_SEC_NPORT_NAME,STABLE,oreilly automotive inc,oreilly automotive,oreilly automotive,CONSERVATIVE_LEGAL_CORE,STATE_NAME,EXACT_NORMALIZED_GKG_ORGANIZATION,H3_PIT_ATTENTION_ALIAS_POLICY_V5,c18b1ce9c421f52afb3d0d2ea85fe4e1e4f282fa5d14a85cefd9ccf21da2bb40,0
OTIS,0001781335,STAGE3B2_CANDIDATE_CIK,OTIS,MEDIUM,0,2021-01-01,2026-01-01,2021-01-01,2026-01-01,Otis Worldwide Corp,LATEST_IN_MEMBERSHIP_SEC_NPORT_NAME,STABLE,otis worldwide corp,otis worldwide,otis worldwide,CONSERVATIVE_LEGAL_CORE,STATE_NAME,EXACT_NORMALIZED_GKG_ORGANIZATION,H3_PIT_ATTENTION_ALIAS_POLICY_V5,c18b1ce9c421f52afb3d0d2ea85fe4e1e4f282fa5d14a85cefd9ccf21da2bb40,0
OXY,0000797468,STAGE3B2_CANDIDATE_CIK,OXY,MEDIUM,0,2021-01-01,2026-01-01,2021-01-01,2026-01-01,Occidental Petroleum Corp,LATEST_IN_MEMBERSHIP_SEC_NPORT_NAME,STABLE,occidental petroleum corp,occidental petroleum,occidental petroleum,CONSERVATIVE_LEGAL_CORE,STATE_NAME,EXACT_NORMALIZED_GKG_ORGANIZATION,H3_PIT_ATTENTION_ALIAS_POLICY_V5,c18b1ce9c421f52afb3d0d2ea85fe4e1e4f282fa5d14a85cefd9ccf21da2bb40,0
PANW,0001327567,STAGE3B2_CANDIDATE_CIK,PANW,LOW,0,2023-06-20,2026-01-01,2023-06-20,2026-01-01,Palo Alto Networks Inc,LATEST_IN_MEMBERSHIP_SEC_NPORT_NAME,STABLE,palo alto networks inc,palo alto networks,palo alto networks,CONSERVATIVE_LEGAL_CORE,STATE_NAME,EXACT_NORMALIZED_GKG_ORGANIZATION,H3_PIT_ATTENTION_ALIAS_POLICY_V5,c18b1ce9c421f52afb3d0d2ea85fe4e1e4f282fa5d14a85cefd9ccf21da2bb40,0
PAYC,0001590955,STAGE3B2_CANDIDATE_CIK,PAYC,MEDIUM,0,2021-01-01,2026-01-01,2021-01-01,2026-01-01,Paycom Software Inc,LATEST_IN_MEMBERSHIP_SEC_NPORT_NAME,STABLE,paycom software inc,paycom software,paycom software,CONSERVATIVE_LEGAL_CORE,STATE_NAME,EXACT_NORMALIZED_GKG_ORGANIZATION,H3_PIT_ATTENTION_ALIAS_POLICY_V5,c18b1ce9c421f52afb3d0d2ea85fe4e1e4f282fa5d14a85cefd9ccf21da2bb40,0
PAYX,0000723531,STAGE3B2_CANDIDATE_CIK,PAYX,HIGH,0,2021-01-01,2026-01-01,2021-01-01,2026-01-01,Paychex Inc,LATEST_IN_MEMBERSHIP_SEC_NPORT_NAME,STABLE,paychex inc,paychex,paychex inc,FULL_AUTHORITATIVE_NAME_PRECISION_CONTROL,STATE_NAME,EXACT_NORMALIZED_GKG_ORGANIZATION,H3_PIT_ATTENTION_ALIAS_POLICY_V5,c18b1ce9c421f52afb3d0d2ea85fe4e1e4f282fa5d14a85cefd9ccf21da2bb40,0
PBCT,0001378946,STAGE3I_RESOLVED_CIK,PBCT,LOW,0,2021-01-01,2022-04-04,2021-01-01,2022-04-04,People's United Financial,STAGE3I_MEMBERSHIP_NAME,STABLE,peoples united financial,peoples united financial,peoples united financial,CONSERVATIVE_LEGAL_CORE,STATE_NAME,EXACT_NORMALIZED_GKG_ORGANIZATION,H3_PIT_ATTENTION_ALIAS_POLICY_V5,c18b1ce9c421f52afb3d0d2ea85fe4e1e4f282fa5d14a85cefd9ccf21da2bb40,0
PCAR,0000075362,STAGE3B2_CANDIDATE_CIK,PCAR,HIGH,0,2021-01-01,2026-01-01,2021-01-01,2026-01-01,PACCAR Inc,LATEST_IN_MEMBERSHIP_SEC_NPORT_NAME,STABLE,paccar inc,paccar,paccar inc,FULL_AUTHORITATIVE_NAME_PRECISION_CONTROL,STATE_NAME,EXACT_NORMALIZED_GKG_ORGANIZATION,H3_PIT_ATTENTION_ALIAS_POLICY_V5,c18b1ce9c421f52afb3d0d2ea85fe4e1e4f282fa5d14a85cefd9ccf21da2bb40,0
PCG,0001004980,STAGE3B2_CANDIDATE_CIK,PCG,HIGH,0,2022-10-03,2026-01-01,2022-10-03,2026-01-01,PG&E Corp,LATEST_IN_MEMBERSHIP_SEC_NPORT_NAME,STABLE,pg and e corp,pg and e,pg and e corp,FULL_AUTHORITATIVE_NAME_PRECISION_CONTROL,STATE_NAME,EXACT_NORMALIZED_GKG_ORGANIZATION,H3_PIT_ATTENTION_ALIAS_POLICY_V5,c18b1ce9c421f52afb3d0d2ea85fe4e1e4f282fa5d14a85cefd9ccf21da2bb40,0
PEG,0000788784,STAGE3B2_CANDIDATE_CIK,PEG,LOW,0,2021-01-01,2026-01-01,2021-01-01,2026-01-01,Public Service Enterprise Group Inc,LATEST_IN_MEMBERSHIP_SEC_NPORT_NAME,STABLE,public service enterprise group inc,public service enterprise group,public service enterprise group,CONSERVATIVE_LEGAL_CORE,STATE_NAME,EXACT_NORMALIZED_GKG_ORGANIZATION,H3_PIT_ATTENTION_ALIAS_POLICY_V5,c18b1ce9c421f52afb3d0d2ea85fe4e1e4f282fa5d14a85cefd9ccf21da2bb40,0
PENN,0000921738,STAGE3I_RESOLVED_CIK,PENN,LOW,0,2021-03-22,2022-09-19,2021-03-22,2022-08-04,"Penn National Gaming, Inc.",STAGE3I_MEMBERSHIP_NAME,STAGE3I_KNOWN_PRIMARY_EVENT,penn national gaming inc,penn national gaming,penn national gaming,CONSERVATIVE_LEGAL_CORE,STATE_NAME,EXACT_NORMALIZED_GKG_ORGANIZATION,H3_PIT_ATTENTION_ALIAS_POLICY_V5,c18b1ce9c421f52afb3d0d2ea85fe4e1e4f282fa5d14a85cefd9ccf21da2bb40,0
PENN,0000921738,STAGE3I_RESOLVED_CIK,PENN,LOW,0,2021-03-22,2022-09-19,2022-08-04,2022-09-19,"PENN Entertainment, Inc.",STAGE3I_MEMBERSHIP_NAME,POST_TRANSITION,penn entertainment inc,penn entertainment,penn entertainment,CONSERVATIVE_LEGAL_CORE,STATE_NAME,EXACT_NORMALIZED_GKG_ORGANIZATION,H3_PIT_ATTENTION_ALIAS_POLICY_V5,c18b1ce9c421f52afb3d0d2ea85fe4e1e4f282fa5d14a85cefd9ccf21da2bb40,0
PEP,0000077476,STAGE3B2_CANDIDATE_CIK,PEP,HIGH,0,2021-01-01,2026-01-01,2021-01-01,2026-01-01,PepsiCo Inc,LATEST_IN_MEMBERSHIP_SEC_NPORT_NAME,STABLE,pepsico inc,pepsico,pepsico inc,FULL_AUTHORITATIVE_NAME_PRECISION_CONTROL,STATE_NAME,EXACT_NORMALIZED_GKG_ORGANIZATION,H3_PIT_ATTENTION_ALIAS_POLICY_V5,c18b1ce9c421f52afb3d0d2ea85fe4e1e4f282fa5d14a85cefd9ccf21da2bb40,0
PFE,0000078003,STAGE3B2_CANDIDATE_CIK,PFE,HIGH,0,2021-01-01,2026-01-01,2021-01-01,2026-01-01,Pfizer Inc,LATEST_IN_MEMBERSHIP_SEC_NPORT_NAME,STABLE,pfizer inc,pfizer,pfizer inc,FULL_AUTHORITATIVE_NAME_PRECISION_CONTROL,STATE_NAME,EXACT_NORMALIZED_GKG_ORGANIZATION,H3_PIT_ATTENTION_ALIAS_POLICY_V5,c18b1ce9c421f52afb3d0d2ea85fe4e1e4f282fa5d14a85cefd9ccf21da2bb40,0
PFG,0001126328,STAGE3B2_CANDIDATE_CIK,PFG,LOW,0,2021-01-01,2026-01-01,2021-01-01,2026-01-01,Principal Financial Group Inc,LATEST_IN_MEMBERSHIP_SEC_NPORT_NAME,STABLE,principal financial group inc,principal financial group,principal financial group,CONSERVATIVE_LEGAL_CORE,STATE_NAME,EXACT_NORMALIZED_GKG_ORGANIZATION,H3_PIT_ATTENTION_ALIAS_POLICY_V5,c18b1ce9c421f52afb3d0d2ea85fe4e1e4f282fa5d14a85cefd9ccf21da2bb40,0
PG,0000080424,STAGE3B2_CANDIDATE_CIK,PG,LOW,0,2021-01-01,2026-01-01,2021-01-01,2026-01-01,Procter & Gamble Co/The,LATEST_IN_MEMBERSHIP_SEC_NPORT_NAME,STABLE,procter and gamble co,procter and gamble,procter and gamble,CONSERVATIVE_LEGAL_CORE,STATE_NAME,EXACT_NORMALIZED_GKG_ORGANIZATION,H3_PIT_ATTENTION_ALIAS_POLICY_V5,c18b1ce9c421f52afb3d0d2ea85fe4e1e4f282fa5d14a85cefd9ccf21da2bb40,0
PGR,0000080661,STAGE3B2_CANDIDATE_CIK,PGR,HIGH,0,2021-01-01,2026-01-01,2021-01-01,2026-01-01,Progressive Corp/The,LATEST_IN_MEMBERSHIP_SEC_NPORT_NAME,STABLE,progressive corp,progressive,progressive corp,FULL_AUTHORITATIVE_NAME_PRECISION_CONTROL,STATE_NAME,EXACT_NORMALIZED_GKG_ORGANIZATION,H3_PIT_ATTENTION_ALIAS_POLICY_V5,c18b1ce9c421f52afb3d0d2ea85fe4e1e4f282fa5d14a85cefd9ccf21da2bb40,0
PH,0000076334,STAGE3B2_CANDIDATE_CIK,PH,MEDIUM,0,2021-01-01,2026-01-01,2021-01-01,2026-01-01,Parker-Hannifin Corp,LATEST_IN_MEMBERSHIP_SEC_NPORT_NAME,STABLE,parker hannifin corp,parker hannifin,parker hannifin,CONSERVATIVE_LEGAL_CORE,STATE_NAME,EXACT_NORMALIZED_GKG_ORGANIZATION,H3_PIT_ATTENTION_ALIAS_POLICY_V5,c18b1ce9c421f52afb3d0d2ea85fe4e1e4f282fa5d14a85cefd9ccf21da2bb40,0
PHIN,0001968915,STAGE3I_RESOLVED_CIK,PHIN,HIGH,0,2023-07-05,2023-07-06,2023-07-05,2023-07-06,PHINIA,STAGE3I_MEMBERSHIP_NAME,STABLE,phinia,phinia,phinia,FULL_AUTHORITATIVE_NAME_PRECISION_CONTROL,STATE_NAME,EXACT_NORMALIZED_GKG_ORGANIZATION,H3_PIT_ATTENTION_ALIAS_POLICY_V5,c18b1ce9c421f52afb3d0d2ea85fe4e1e4f282fa5d14a85cefd9ccf21da2bb40,0
PHM,0000822416,STAGE3B2_CANDIDATE_CIK,PHM,HIGH,0,2021-01-01,2026-01-01,2021-01-01,2026-01-01,PulteGroup Inc,LATEST_IN_MEMBERSHIP_SEC_NPORT_NAME,STABLE,pultegroup inc,pultegroup,pultegroup inc,FULL_AUTHORITATIVE_NAME_PRECISION_CONTROL,STATE_NAME,EXACT_NORMALIZED_GKG_ORGANIZATION,H3_PIT_ATTENTION_ALIAS_POLICY_V5,c18b1ce9c421f52afb3d0d2ea85fe4e1e4f282fa5d14a85cefd9ccf21da2bb40,0
PKG,0000075677,STAGE3B2_CANDIDATE_CIK,PKG,LOW,0,2021-01-01,2026-01-01,2021-01-01,2026-01-01,Packaging Corp of America,LATEST_IN_MEMBERSHIP_SEC_NPORT_NAME,STABLE,packaging corp of america,packaging corp of america,packaging corp of america,CONSERVATIVE_LEGAL_CORE,STATE_NAME,EXACT_NORMALIZED_GKG_ORGANIZATION,H3_PIT_ATTENTION_ALIAS_POLICY_V5,c18b1ce9c421f52afb3d0d2ea85fe4e1e4f282fa5d14a85cefd9ccf21da2bb40,0
PLD,0001045609,STAGE3B2_CANDIDATE_CIK,PLD,HIGH,0,2021-01-01,2026-01-01,2021-01-01,2026-01-01,Prologis Inc,LATEST_IN_MEMBERSHIP_SEC_NPORT_NAME,STABLE,prologis inc,prologis,prologis inc,FULL_AUTHORITATIVE_NAME_PRECISION_CONTROL,STATE_NAME,EXACT_NORMALIZED_GKG_ORGANIZATION,H3_PIT_ATTENTION_ALIAS_POLICY_V5,c18b1ce9c421f52afb3d0d2ea85fe4e1e4f282fa5d14a85cefd9ccf21da2bb40,0
PLTR,0001321655,STAGE3B2_CANDIDATE_CIK,PLTR,MEDIUM,0,2024-09-23,2026-01-01,2024-09-23,2026-01-01,Palantir Technologies Inc,LATEST_IN_MEMBERSHIP_SEC_NPORT_NAME,STABLE,palantir technologies inc,palantir technologies,palantir technologies,CONSERVATIVE_LEGAL_CORE,STATE_NAME,EXACT_NORMALIZED_GKG_ORGANIZATION,H3_PIT_ATTENTION_ALIAS_POLICY_V5,c18b1ce9c421f52afb3d0d2ea85fe4e1e4f282fa5d14a85cefd9ccf21da2bb40,0
PM,0001413329,STAGE3B2_CANDIDATE_CIK,PM,LOW,0,2021-01-01,2026-01-01,2021-01-01,2026-01-01,Philip Morris International Inc,LATEST_IN_MEMBERSHIP_SEC_NPORT_NAME,STABLE,philip morris international inc,philip morris international,philip morris international,CONSERVATIVE_LEGAL_CORE,STATE_NAME,EXACT_NORMALIZED_GKG_ORGANIZATION,H3_PIT_ATTENTION_ALIAS_POLICY_V5,c18b1ce9c421f52afb3d0d2ea85fe4e1e4f282fa5d14a85cefd9ccf21da2bb40,0
PNC,0000713676,STAGE3B2_CANDIDATE_CIK,PNC,LOW,0,2021-01-01,2026-01-01,2021-01-01,2026-01-01,PNC Financial Services Group Inc/The,LATEST_IN_MEMBERSHIP_SEC_NPORT_NAME,STABLE,pnc financial services group inc,pnc financial services group,pnc financial services group,CONSERVATIVE_LEGAL_CORE,STATE_NAME,EXACT_NORMALIZED_GKG_ORGANIZATION,H3_PIT_ATTENTION_ALIAS_POLICY_V5,c18b1ce9c421f52afb3d0d2ea85fe4e1e4f282fa5d14a85cefd9ccf21da2bb40,0
PNR,0000077360,STAGE3B2_CANDIDATE_CIK,PNR,HIGH,0,2021-01-01,2026-01-01,2021-01-01,2026-01-01,Pentair PLC,LATEST_IN_MEMBERSHIP_SEC_NPORT_NAME,STABLE,pentair plc,pentair,pentair plc,FULL_AUTHORITATIVE_NAME_PRECISION_CONTROL,STATE_NAME,EXACT_NORMALIZED_GKG_ORGANIZATION,H3_PIT_ATTENTION_ALIAS_POLICY_V5,c18b1ce9c421f52afb3d0d2ea85fe4e1e4f282fa5d14a85cefd9ccf21da2bb40,0
PNW,0000764622,STAGE3B2_CANDIDATE_CIK,PNW,LOW,0,2021-01-01,2026-01-01,2021-01-01,2026-01-01,Pinnacle West Capital Corp,LATEST_IN_MEMBERSHIP_SEC_NPORT_NAME,STABLE,pinnacle west capital corp,pinnacle west capital,pinnacle west capital,CONSERVATIVE_LEGAL_CORE,STATE_NAME,EXACT_NORMALIZED_GKG_ORGANIZATION,H3_PIT_ATTENTION_ALIAS_POLICY_V5,c18b1ce9c421f52afb3d0d2ea85fe4e1e4f282fa5d14a85cefd9ccf21da2bb40,0
PODD,0001145197,STAGE3B2_CANDIDATE_CIK,PODD,HIGH,0,2023-03-15,2026-01-01,2023-03-15,2026-01-01,Insulet Corp,LATEST_IN_MEMBERSHIP_SEC_NPORT_NAME,STABLE,insulet corp,insulet,insulet corp,FULL_AUTHORITATIVE_NAME_PRECISION_CONTROL,STATE_NAME,EXACT_NORMALIZED_GKG_ORGANIZATION,H3_PIT_ATTENTION_ALIAS_POLICY_V5,c18b1ce9c421f52afb3d0d2ea85fe4e1e4f282fa5d14a85cefd9ccf21da2bb40,0
POOL,0000945841,STAGE3B2_CANDIDATE_CIK,POOL,HIGH,0,2021-01-01,2026-01-01,2021-01-01,2026-01-01,Pool Corp,LATEST_IN_MEMBERSHIP_SEC_NPORT_NAME,STABLE,pool corp,pool,pool corp,FULL_AUTHORITATIVE_NAME_PRECISION_CONTROL,STATE_NAME,EXACT_NORMALIZED_GKG_ORGANIZATION,H3_PIT_ATTENTION_ALIAS_POLICY_V5,c18b1ce9c421f52afb3d0d2ea85fe4e1e4f282fa5d14a85cefd9ccf21da2bb40,0
PPG,0000079879,STAGE3B2_CANDIDATE_CIK,PPG,MEDIUM,0,2021-01-01,2026-01-01,2021-01-01,2026-01-01,PPG Industries Inc,LATEST_IN_MEMBERSHIP_SEC_NPORT_NAME,STABLE,ppg industries inc,ppg industries,ppg industries,CONSERVATIVE_LEGAL_CORE,STATE_NAME,EXACT_NORMALIZED_GKG_ORGANIZATION,H3_PIT_ATTENTION_ALIAS_POLICY_V5,c18b1ce9c421f52afb3d0d2ea85fe4e1e4f282fa5d14a85cefd9ccf21da2bb40,0
PPL,0000922224,STAGE3B2_CANDIDATE_CIK,PPL,HIGH,0,2021-01-01,2026-01-01,2021-01-01,2026-01-01,PPL Corp,LATEST_IN_MEMBERSHIP_SEC_NPORT_NAME,STABLE,ppl corp,ppl,ppl corp,FULL_AUTHORITATIVE_NAME_PRECISION_CONTROL,STATE_NAME,EXACT_NORMALIZED_GKG_ORGANIZATION,H3_PIT_ATTENTION_ALIAS_POLICY_V5,c18b1ce9c421f52afb3d0d2ea85fe4e1e4f282fa5d14a85cefd9ccf21da2bb40,0
PRGO,0001585364,STAGE3I_RESOLVED_CIK,PRGO,HIGH,0,2021-01-01,2021-09-20,2021-01-01,2021-09-20,Perrigo Company,STAGE3I_MEMBERSHIP_NAME,STABLE,perrigo company,perrigo,perrigo company,FULL_AUTHORITATIVE_NAME_PRECISION_CONTROL,STATE_NAME,EXACT_NORMALIZED_GKG_ORGANIZATION,H3_PIT_ATTENTION_ALIAS_POLICY_V5,c18b1ce9c421f52afb3d0d2ea85fe4e1e4f282fa5d14a85cefd9ccf21da2bb40,0
PRU,0001137774,STAGE3B2_CANDIDATE_CIK,PRU,MEDIUM,0,2021-01-01,2026-01-01,2021-01-01,2026-01-01,Prudential Financial Inc,LATEST_IN_MEMBERSHIP_SEC_NPORT_NAME,STABLE,prudential financial inc,prudential financial,prudential financial,CONSERVATIVE_LEGAL_CORE,STATE_NAME,EXACT_NORMALIZED_GKG_ORGANIZATION,H3_PIT_ATTENTION_ALIAS_POLICY_V5,c18b1ce9c421f52afb3d0d2ea85fe4e1e4f282fa5d14a85cefd9ccf21da2bb40,0
PSA,0001393311,STAGE3B2_CANDIDATE_CIK,PSA,MEDIUM,0,2021-01-01,2026-01-01,2021-01-01,2026-01-01,Public Storage,LATEST_IN_MEMBERSHIP_SEC_NPORT_NAME,STABLE,public storage,public storage,public storage,CONSERVATIVE_LEGAL_CORE,STATE_NAME,EXACT_NORMALIZED_GKG_ORGANIZATION,H3_PIT_ATTENTION_ALIAS_POLICY_V5,c18b1ce9c421f52afb3d0d2ea85fe4e1e4f282fa5d14a85cefd9ccf21da2bb40,0
PSKY,0002041610,STAGE3G_SAMPLE_CIK,PSKY,LOW,0,2021-01-01,2026-01-01,2021-01-01,2026-01-01,Paramount Skydance Corporation,STAGE3G_AUTHORITATIVE_SAMPLE_NAME,STABLE,paramount skydance corporation,paramount skydance,paramount skydance,CONSERVATIVE_LEGAL_CORE,STATE_NAME,EXACT_NORMALIZED_GKG_ORGANIZATION,H3_PIT_ATTENTION_ALIAS_POLICY_V5,c18b1ce9c421f52afb3d0d2ea85fe4e1e4f282fa5d14a85cefd9ccf21da2bb40,0
PSX,0001534701,STAGE3B2_CANDIDATE_CIK,PSX,MEDIUM,0,2021-01-01,2026-01-01,2021-01-01,2026-01-01,Phillips 66,LATEST_IN_MEMBERSHIP_SEC_NPORT_NAME,STABLE,phillips 66,phillips 66,phillips 66,CONSERVATIVE_LEGAL_CORE,STATE_NAME,EXACT_NORMALIZED_GKG_ORGANIZATION,H3_PIT_ATTENTION_ALIAS_POLICY_V5,c18b1ce9c421f52afb3d0d2ea85fe4e1e4f282fa5d14a85cefd9ccf21da2bb40,0
PTC,0000857005,STAGE3B2_CANDIDATE_CIK,PTC,HIGH,1,2021-04-20,2026-01-01,2021-04-20,2026-01-01,PTC Inc,LATEST_IN_MEMBERSHIP_SEC_NPORT_NAME,STABLE,ptc inc,ptc,ptc inc,FULL_AUTHORITATIVE_NAME_PRECISION_CONTROL,STATE_NAME,EXACT_NORMALIZED_GKG_ORGANIZATION,H3_PIT_ATTENTION_ALIAS_POLICY_V5,c18b1ce9c421f52afb3d0d2ea85fe4e1e4f282fa5d14a85cefd9ccf21da2bb40,0
PVH,0000078239,STAGE3I_RESOLVED_CIK,PVH,HIGH,1,2021-01-01,2022-09-19,2021-01-01,2022-09-19,PVH,STAGE3I_MEMBERSHIP_NAME,STABLE,pvh,pvh,pvh corp,QUALIFIED_FULL_AUTHORITATIVE_NAME_BARE_TICKER_CONTROL,SEC_CURRENT_FILER_NAME,EXACT_NORMALIZED_GKG_ORGANIZATION,H3_PIT_ATTENTION_ALIAS_POLICY_V5,c18b1ce9c421f52afb3d0d2ea85fe4e1e4f282fa5d14a85cefd9ccf21da2bb40,0
PWR,0001050915,STAGE3B2_CANDIDATE_CIK,PWR,MEDIUM,0,2021-01-01,2026-01-01,2021-01-01,2026-01-01,Quanta Services Inc,LATEST_IN_MEMBERSHIP_SEC_NPORT_NAME,STABLE,quanta services inc,quanta services,quanta services,CONSERVATIVE_LEGAL_CORE,STATE_NAME,EXACT_NORMALIZED_GKG_ORGANIZATION,H3_PIT_ATTENTION_ALIAS_POLICY_V5,c18b1ce9c421f52afb3d0d2ea85fe4e1e4f282fa5d14a85cefd9ccf21da2bb40,0
PXD,0001038357,STAGE3I_RESOLVED_CIK,PXD,LOW,0,2021-01-01,2024-05-08,2021-01-01,2024-05-08,Pioneer Natural Resources,STAGE3I_MEMBERSHIP_NAME,STABLE,pioneer natural resources,pioneer natural resources,pioneer natural resources,CONSERVATIVE_LEGAL_CORE,STATE_NAME,EXACT_NORMALIZED_GKG_ORGANIZATION,H3_PIT_ATTENTION_ALIAS_POLICY_V5,c18b1ce9c421f52afb3d0d2ea85fe4e1e4f282fa5d14a85cefd9ccf21da2bb40,0
PYPL,0001633917,STAGE3B2_CANDIDATE_CIK,PYPL,HIGH,0,2021-01-01,2026-01-01,2021-01-01,2026-01-01,PayPal Holdings Inc,LATEST_IN_MEMBERSHIP_SEC_NPORT_NAME,STABLE,paypal holdings inc,paypal holdings,paypal holdings inc,FULL_AUTHORITATIVE_NAME_PRECISION_CONTROL,STATE_NAME,EXACT_NORMALIZED_GKG_ORGANIZATION,H3_PIT_ATTENTION_ALIAS_POLICY_V5,c18b1ce9c421f52afb3d0d2ea85fe4e1e4f282fa5d14a85cefd9ccf21da2bb40,0
Q,0002058873,STAGE3G_SAMPLE_CIK,Q,MEDIUM,0,2025-11-03,2026-01-01,2025-11-03,2026-01-01,"Qnity Electronics, Inc.",STAGE3G_AUTHORITATIVE_SAMPLE_NAME,STABLE,qnity electronics inc,qnity electronics,qnity electronics,CONSERVATIVE_LEGAL_CORE,STATE_NAME,EXACT_NORMALIZED_GKG_ORGANIZATION,H3_PIT_ATTENTION_ALIAS_POLICY_V5,c18b1ce9c421f52afb3d0d2ea85fe4e1e4f282fa5d14a85cefd9ccf21da2bb40,0
QCOM,0000804328,STAGE3B2_CANDIDATE_CIK,QCOM,HIGH,0,2021-01-01,2026-01-01,2021-01-01,2026-01-01,QUALCOMM Inc,LATEST_IN_MEMBERSHIP_SEC_NPORT_NAME,STABLE,qualcomm inc,qualcomm,qualcomm inc,FULL_AUTHORITATIVE_NAME_PRECISION_CONTROL,STATE_NAME,EXACT_NORMALIZED_GKG_ORGANIZATION,H3_PIT_ATTENTION_ALIAS_POLICY_V5,c18b1ce9c421f52afb3d0d2ea85fe4e1e4f282fa5d14a85cefd9ccf21da2bb40,0
QRVO,0001604778,STAGE3I_RESOLVED_CIK,QRVO,HIGH,0,2021-01-01,2024-12-23,2021-01-01,2024-12-23,Qorvo,STAGE3I_MEMBERSHIP_NAME,STABLE,qorvo,qorvo,qorvo,FULL_AUTHORITATIVE_NAME_PRECISION_CONTROL,STATE_NAME,EXACT_NORMALIZED_GKG_ORGANIZATION,H3_PIT_ATTENTION_ALIAS_POLICY_V5,c18b1ce9c421f52afb3d0d2ea85fe4e1e4f282fa5d14a85cefd9ccf21da2bb40,0
RCL,0000884887,STAGE3B2_CANDIDATE_CIK,RCL,LOW,0,2021-01-01,2026-01-01,2021-01-01,2026-01-01,Royal Caribbean Cruises Ltd,LATEST_IN_MEMBERSHIP_SEC_NPORT_NAME,STABLE,royal caribbean cruises ltd,royal caribbean cruises,royal caribbean cruises,CONSERVATIVE_LEGAL_CORE,STATE_NAME,EXACT_NORMALIZED_GKG_ORGANIZATION,H3_PIT_ATTENTION_ALIAS_POLICY_V5,c18b1ce9c421f52afb3d0d2ea85fe4e1e4f282fa5d14a85cefd9ccf21da2bb40,0
REG,0000910606,STAGE3B2_CANDIDATE_CIK,REG,MEDIUM,0,2021-01-01,2026-01-01,2021-01-01,2026-01-01,Regency Centers Corp,LATEST_IN_MEMBERSHIP_SEC_NPORT_NAME,STABLE,regency centers corp,regency centers,regency centers,CONSERVATIVE_LEGAL_CORE,STATE_NAME,EXACT_NORMALIZED_GKG_ORGANIZATION,H3_PIT_ATTENTION_ALIAS_POLICY_V5,c18b1ce9c421f52afb3d0d2ea85fe4e1e4f282fa5d14a85cefd9ccf21da2bb40,0
REGN,0000872589,STAGE3B2_CANDIDATE_CIK,REGN,MEDIUM,0,2021-01-01,2026-01-01,2021-01-01,2026-01-01,Regeneron Pharmaceuticals Inc,LATEST_IN_MEMBERSHIP_SEC_NPORT_NAME,STABLE,regeneron pharmaceuticals inc,regeneron pharmaceuticals,regeneron pharmaceuticals,CONSERVATIVE_LEGAL_CORE,STATE_NAME,EXACT_NORMALIZED_GKG_ORGANIZATION,H3_PIT_ATTENTION_ALIAS_POLICY_V5,c18b1ce9c421f52afb3d0d2ea85fe4e1e4f282fa5d14a85cefd9ccf21da2bb40,0
RF,0001281761,STAGE3B2_CANDIDATE_CIK,RF,MEDIUM,0,2021-01-01,2026-01-01,2021-01-01,2026-01-01,Regions Financial Corp,LATEST_IN_MEMBERSHIP_SEC_NPORT_NAME,STABLE,regions financial corp,regions financial,regions financial,CONSERVATIVE_LEGAL_CORE,STATE_NAME,EXACT_NORMALIZED_GKG_ORGANIZATION,H3_PIT_ATTENTION_ALIAS_POLICY_V5,c18b1ce9c421f52afb3d0d2ea85fe4e1e4f282fa5d14a85cefd9ccf21da2bb40,0
RHI,0000315213,STAGE3I_RESOLVED_CIK,RHI,MEDIUM,0,2021-01-01,2024-06-24,2021-01-01,2023-07-13,Robert Half International Inc.,STAGE3I_MEMBERSHIP_NAME,STAGE3I_KNOWN_PRIMARY_EVENT,robert half international inc,robert half international,robert half international,CONSERVATIVE_LEGAL_CORE,STATE_NAME,EXACT_NORMALIZED_GKG_ORGANIZATION,H3_PIT_ATTENTION_ALIAS_POLICY_V5,c18b1ce9c421f52afb3d0d2ea85fe4e1e4f282fa5d14a85cefd9ccf21da2bb40,0
RHI,0000315213,STAGE3I_RESOLVED_CIK,RHI,MEDIUM,0,2021-01-01,2024-06-24,2023-07-13,2024-06-24,Robert Half Inc.,STAGE3I_MEMBERSHIP_NAME,POST_TRANSITION,robert half inc,robert half,robert half,CONSERVATIVE_LEGAL_CORE,STATE_NAME,EXACT_NORMALIZED_GKG_ORGANIZATION,H3_PIT_ATTENTION_ALIAS_POLICY_V5,c18b1ce9c421f52afb3d0d2ea85fe4e1e4f282fa5d14a85cefd9ccf21da2bb40,0
RJF,0000720005,STAGE3B2_CANDIDATE_CIK,RJF,LOW,0,2021-01-01,2026-01-01,2021-01-01,2026-01-01,Raymond James Financial Inc,LATEST_IN_MEMBERSHIP_SEC_NPORT_NAME,STABLE,raymond james financial inc,raymond james financial,raymond james financial,CONSERVATIVE_LEGAL_CORE,STATE_NAME,EXACT_NORMALIZED_GKG_ORGANIZATION,H3_PIT_ATTENTION_ALIAS_POLICY_V5,c18b1ce9c421f52afb3d0d2ea85fe4e1e4f282fa5d14a85cefd9ccf21da2bb40,0
RL,0001037038,STAGE3B2_CANDIDATE_CIK,RL,MEDIUM,0,2021-01-01,2026-01-01,2021-01-01,2026-01-01,Ralph Lauren Corp,LATEST_IN_MEMBERSHIP_SEC_NPORT_NAME,STABLE,ralph lauren corp,ralph lauren,ralph lauren,CONSERVATIVE_LEGAL_CORE,STATE_NAME,EXACT_NORMALIZED_GKG_ORGANIZATION,H3_PIT_ATTENTION_ALIAS_POLICY_V5,c18b1ce9c421f52afb3d0d2ea85fe4e1e4f282fa5d14a85cefd9ccf21da2bb40,0
RMD,0000943819,STAGE3B2_CANDIDATE_CIK,RMD,HIGH,0,2021-01-01,2026-01-01,2021-01-01,2026-01-01,ResMed Inc,LATEST_IN_MEMBERSHIP_SEC_NPORT_NAME,STABLE,resmed inc,resmed,resmed inc,FULL_AUTHORITATIVE_NAME_PRECISION_CONTROL,STATE_NAME,EXACT_NORMALIZED_GKG_ORGANIZATION,H3_PIT_ATTENTION_ALIAS_POLICY_V5,c18b1ce9c421f52afb3d0d2ea85fe4e1e4f282fa5d14a85cefd9ccf21da2bb40,0
ROK,0001024478,STAGE3B2_CANDIDATE_CIK,ROK,MEDIUM,0,2021-01-01,2026-01-01,2021-01-01,2026-01-01,Rockwell Automation Inc,LATEST_IN_MEMBERSHIP_SEC_NPORT_NAME,STABLE,rockwell automation inc,rockwell automation,rockwell automation,CONSERVATIVE_LEGAL_CORE,STATE_NAME,EXACT_NORMALIZED_GKG_ORGANIZATION,H3_PIT_ATTENTION_ALIAS_POLICY_V5,c18b1ce9c421f52afb3d0d2ea85fe4e1e4f282fa5d14a85cefd9ccf21da2bb40,0
ROL,0000084839,STAGE3B2_CANDIDATE_CIK,ROL,HIGH,0,2021-01-01,2026-01-01,2021-01-01,2026-01-01,Rollins Inc,LATEST_IN_MEMBERSHIP_SEC_NPORT_NAME,STABLE,rollins inc,rollins,rollins inc,FULL_AUTHORITATIVE_NAME_PRECISION_CONTROL,STATE_NAME,EXACT_NORMALIZED_GKG_ORGANIZATION,H3_PIT_ATTENTION_ALIAS_POLICY_V5,c18b1ce9c421f52afb3d0d2ea85fe4e1e4f282fa5d14a85cefd9ccf21da2bb40,0
ROP,0000882835,STAGE3B2_CANDIDATE_CIK,ROP,MEDIUM,0,2021-01-01,2026-01-01,2021-01-01,2026-01-01,Roper Technologies Inc,LATEST_IN_MEMBERSHIP_SEC_NPORT_NAME,STABLE,roper technologies inc,roper technologies,roper technologies,CONSERVATIVE_LEGAL_CORE,STATE_NAME,EXACT_NORMALIZED_GKG_ORGANIZATION,H3_PIT_ATTENTION_ALIAS_POLICY_V5,c18b1ce9c421f52afb3d0d2ea85fe4e1e4f282fa5d14a85cefd9ccf21da2bb40,0
ROST,0000745732,STAGE3B2_CANDIDATE_CIK,ROST,MEDIUM,0,2021-01-01,2026-01-01,2021-01-01,2026-01-01,Ross Stores Inc,LATEST_IN_MEMBERSHIP_SEC_NPORT_NAME,STABLE,ross stores inc,ross stores,ross stores,CONSERVATIVE_LEGAL_CORE,STATE_NAME,EXACT_NORMALIZED_GKG_ORGANIZATION,H3_PIT_ATTENTION_ALIAS_POLICY_V5,c18b1ce9c421f52afb3d0d2ea85fe4e1e4f282fa5d14a85cefd9ccf21da2bb40,0
RSG,0001060391,STAGE3B2_CANDIDATE_CIK,RSG,MEDIUM,0,2021-01-01,2026-01-01,2021-01-01,2026-01-01,Republic Services Inc,LATEST_IN_MEMBERSHIP_SEC_NPORT_NAME,STABLE,republic services inc,republic services,republic services,CONSERVATIVE_LEGAL_CORE,STATE_NAME,EXACT_NORMALIZED_GKG_ORGANIZATION,H3_PIT_ATTENTION_ALIAS_POLICY_V5,c18b1ce9c421f52afb3d0d2ea85fe4e1e4f282fa5d14a85cefd9ccf21da2bb40,0
RTX,0000101829,STAGE3B2_CANDIDATE_CIK,RTX,HIGH,0,2021-01-01,2026-01-01,2021-01-01,2023-07-27,RAYTHEON TECHNOLOGIES,LATEST_IN_MEMBERSHIP_SEC_NPORT_NAME,STAGE3D_AUTHORITATIVE_RENAME,raytheon technologies,raytheon technologies,raytheon technologies,FULL_AUTHORITATIVE_NAME_PRECISION_CONTROL,STATE_NAME,EXACT_NORMALIZED_GKG_ORGANIZATION,H3_PIT_ATTENTION_ALIAS_POLICY_V5,c18b1ce9c421f52afb3d0d2ea85fe4e1e4f282fa5d14a85cefd9ccf21da2bb40,0
RTX,0000101829,STAGE3B2_CANDIDATE_CIK,RTX,HIGH,0,2021-01-01,2026-01-01,2023-07-27,2026-01-01,RTX,LATEST_IN_MEMBERSHIP_SEC_NPORT_NAME,POST_TRANSITION,rtx,rtx,rtx corp,QUALIFIED_FULL_AUTHORITATIVE_NAME_BARE_TICKER_CONTROL,INDEPENDENT_SOURCE_NAME,EXACT_NORMALIZED_GKG_ORGANIZATION,H3_PIT_ATTENTION_ALIAS_POLICY_V5,c18b1ce9c421f52afb3d0d2ea85fe4e1e4f282fa5d14a85cefd9ccf21da2bb40,0
RVTY,0000031791,STAGE3B2_CANDIDATE_CIK,RVTY,HIGH,0,2021-01-01,2026-01-01,2021-01-01,2023-05-16,PERKINELMER,LATEST_IN_MEMBERSHIP_SEC_NPORT_NAME,STAGE3D_AUTHORITATIVE_RENAME,perkinelmer,perkinelmer,perkinelmer,FULL_AUTHORITATIVE_NAME_PRECISION_CONTROL,STATE_NAME,EXACT_NORMALIZED_GKG_ORGANIZATION,H3_PIT_ATTENTION_ALIAS_POLICY_V5,c18b1ce9c421f52afb3d0d2ea85fe4e1e4f282fa5d14a85cefd9ccf21da2bb40,0
RVTY,0000031791,STAGE3B2_CANDIDATE_CIK,RVTY,HIGH,0,2021-01-01,2026-01-01,2023-05-16,2026-01-01,REVVITY,LATEST_IN_MEMBERSHIP_SEC_NPORT_NAME,POST_TRANSITION,revvity,revvity,revvity,FULL_AUTHORITATIVE_NAME_PRECISION_CONTROL,STATE_NAME,EXACT_NORMALIZED_GKG_ORGANIZATION,H3_PIT_ATTENTION_ALIAS_POLICY_V5,c18b1ce9c421f52afb3d0d2ea85fe4e1e4f282fa5d14a85cefd9ccf21da2bb40,0
SBAC,0001034054,STAGE3B2_CANDIDATE_CIK,SBAC,MEDIUM,0,2021-01-01,2026-01-01,2021-01-01,2026-01-01,SBA Communications Corp,LATEST_IN_MEMBERSHIP_SEC_NPORT_NAME,STABLE,sba communications corp,sba communications,sba communications,CONSERVATIVE_LEGAL_CORE,STATE_NAME,EXACT_NORMALIZED_GKG_ORGANIZATION,H3_PIT_ATTENTION_ALIAS_POLICY_V5,c18b1ce9c421f52afb3d0d2ea85fe4e1e4f282fa5d14a85cefd9ccf21da2bb40,0
SBNY,0001288784,STAGE3I_RESOLVED_CIK,SBNY,MEDIUM,0,2021-12-20,2023-03-15,2021-12-20,2023-03-15,Signature Bank,STAGE3I_MEMBERSHIP_NAME,STABLE,signature bank,signature bank,signature bank,CONSERVATIVE_LEGAL_CORE,STATE_NAME,EXACT_NORMALIZED_GKG_ORGANIZATION,H3_PIT_ATTENTION_ALIAS_POLICY_V5,c18b1ce9c421f52afb3d0d2ea85fe4e1e4f282fa5d14a85cefd9ccf21da2bb40,0
SBUX,0000829224,STAGE3B2_CANDIDATE_CIK,SBUX,HIGH,0,2021-01-01,2026-01-01,2021-01-01,2026-01-01,Starbucks Corp,LATEST_IN_MEMBERSHIP_SEC_NPORT_NAME,STABLE,starbucks corp,starbucks,starbucks corp,FULL_AUTHORITATIVE_NAME_PRECISION_CONTROL,STATE_NAME,EXACT_NORMALIZED_GKG_ORGANIZATION,H3_PIT_ATTENTION_ALIAS_POLICY_V5,c18b1ce9c421f52afb3d0d2ea85fe4e1e4f282fa5d14a85cefd9ccf21da2bb40,0
SCHW,0000316709,STAGE3G_SAMPLE_CIK,SCHW,MEDIUM,0,2021-01-01,2026-01-01,2021-01-01,2026-01-01,The Charles Schwab Corporation,STAGE3G_AUTHORITATIVE_SAMPLE_NAME,STABLE,charles schwab corporation,charles schwab,charles schwab,CONSERVATIVE_LEGAL_CORE,STATE_NAME,EXACT_NORMALIZED_GKG_ORGANIZATION,H3_PIT_ATTENTION_ALIAS_POLICY_V5,c18b1ce9c421f52afb3d0d2ea85fe4e1e4f282fa5d14a85cefd9ccf21da2bb40,0
SEDG,0001419612,STAGE3I_RESOLVED_CIK,SEDG,MEDIUM,0,2021-12-20,2023-12-18,2021-12-20,2023-12-18,SolarEdge Technologies,STAGE3I_MEMBERSHIP_NAME,STABLE,solaredge technologies,solaredge technologies,solaredge technologies,CONSERVATIVE_LEGAL_CORE,STATE_NAME,EXACT_NORMALIZED_GKG_ORGANIZATION,H3_PIT_ATTENTION_ALIAS_POLICY_V5,c18b1ce9c421f52afb3d0d2ea85fe4e1e4f282fa5d14a85cefd9ccf21da2bb40,0
SEE,0000088204,STAGE3I_RESOLVED_CIK,SEE,MEDIUM,0,2021-01-01,2023-12-18,2021-01-01,2023-12-18,Sealed Air,STAGE3I_MEMBERSHIP_NAME,STABLE,sealed air,sealed air,sealed air,CONSERVATIVE_LEGAL_CORE,STATE_NAME,EXACT_NORMALIZED_GKG_ORGANIZATION,H3_PIT_ATTENTION_ALIAS_POLICY_V5,c18b1ce9c421f52afb3d0d2ea85fe4e1e4f282fa5d14a85cefd9ccf21da2bb40,0
SHW,0000089800,STAGE3B2_CANDIDATE_CIK,SHW,LOW,0,2021-01-01,2026-01-01,2021-01-01,2026-01-01,Sherwin-Williams Co/The,LATEST_IN_MEMBERSHIP_SEC_NPORT_NAME,STABLE,sherwin williams co,sherwin williams,sherwin williams,CONSERVATIVE_LEGAL_CORE,STATE_NAME,EXACT_NORMALIZED_GKG_ORGANIZATION,H3_PIT_ATTENTION_ALIAS_POLICY_V5,c18b1ce9c421f52afb3d0d2ea85fe4e1e4f282fa5d14a85cefd9ccf21da2bb40,0
SIVB,0000719739,STAGE3I_RESOLVED_CIK,SIVB,LOW,0,2021-01-01,2023-03-15,2021-01-01,2023-03-15,SVB Financial Group,STAGE3I_MEMBERSHIP_NAME,STABLE,svb financial group,svb financial group,svb financial group,CONSERVATIVE_LEGAL_CORE,STATE_NAME,EXACT_NORMALIZED_GKG_ORGANIZATION,H3_PIT_ATTENTION_ALIAS_POLICY_V5,c18b1ce9c421f52afb3d0d2ea85fe4e1e4f282fa5d14a85cefd9ccf21da2bb40,0
SJM,0000091419,STAGE3B2_CANDIDATE_CIK,SJM,LOW,0,2021-01-01,2026-01-01,2021-01-01,2026-01-01,J M Smucker Co/The,LATEST_IN_MEMBERSHIP_SEC_NPORT_NAME,STABLE,j m smucker co,j m smucker,j m smucker,CONSERVATIVE_LEGAL_CORE,STATE_NAME,EXACT_NORMALIZED_GKG_ORGANIZATION,H3_PIT_ATTENTION_ALIAS_POLICY_V5,c18b1ce9c421f52afb3d0d2ea85fe4e1e4f282fa5d14a85cefd9ccf21da2bb40,0
SLB,0000087347,STAGE3B2_CANDIDATE_CIK,SLB,HIGH,0,2021-01-01,2026-01-01,2021-01-01,2025-10-07,SCHLUMBERGER NV,LATEST_IN_MEMBERSHIP_SEC_NPORT_NAME,STAGE3D_AUTHORITATIVE_RENAME,schlumberger nv,schlumberger,schlumberger nv,FULL_AUTHORITATIVE_NAME_PRECISION_CONTROL,STATE_NAME,EXACT_NORMALIZED_GKG_ORGANIZATION,H3_PIT_ATTENTION_ALIAS_POLICY_V5,c18b1ce9c421f52afb3d0d2ea85fe4e1e4f282fa5d14a85cefd9ccf21da2bb40,0
SLB,0000087347,STAGE3B2_CANDIDATE_CIK,SLB,HIGH,0,2021-01-01,2026-01-01,2025-10-07,2026-01-01,SLB,LATEST_IN_MEMBERSHIP_SEC_NPORT_NAME,POST_TRANSITION,slb,slb,slb ltd,QUALIFIED_FULL_AUTHORITATIVE_NAME_BARE_TICKER_CONTROL,INDEPENDENT_SOURCE_NAME,EXACT_NORMALIZED_GKG_ORGANIZATION,H3_PIT_ATTENTION_ALIAS_POLICY_V5,c18b1ce9c421f52afb3d0d2ea85fe4e1e4f282fa5d14a85cefd9ccf21da2bb40,0
SLG,0001040971,STAGE3I_RESOLVED_CIK,SLG,LOW,0,2021-01-01,2021-03-22,2021-01-01,2021-03-22,SL Green Realty,STAGE3I_MEMBERSHIP_NAME,STABLE,sl green realty,sl green realty,sl green realty,CONSERVATIVE_LEGAL_CORE,STATE_NAME,EXACT_NORMALIZED_GKG_ORGANIZATION,H3_PIT_ATTENTION_ALIAS_POLICY_V5,c18b1ce9c421f52afb3d0d2ea85fe4e1e4f282fa5d14a85cefd9ccf21da2bb40,0
SMCI,0001375365,STAGE3B2_CANDIDATE_CIK,SMCI,LOW,0,2024-03-18,2026-01-01,2024-03-18,2026-01-01,Super Micro Computer Inc,LATEST_IN_MEMBERSHIP_SEC_NPORT_NAME,STABLE,super micro computer inc,super micro computer,super micro computer,CONSERVATIVE_LEGAL_CORE,STATE_NAME,EXACT_NORMALIZED_GKG_ORGANIZATION,H3_PIT_ATTENTION_ALIAS_POLICY_V5,c18b1ce9c421f52afb3d0d2ea85fe4e1e4f282fa5d14a85cefd9ccf21da2bb40,0
SNA,0000091440,STAGE3B2_CANDIDATE_CIK,SNA,HIGH,0,2021-01-01,2026-01-01,2021-01-01,2026-01-01,Snap-on Inc,LATEST_IN_MEMBERSHIP_SEC_NPORT_NAME,STABLE,snap on inc,snap on,snap on inc,FULL_AUTHORITATIVE_NAME_PRECISION_CONTROL,STATE_NAME,EXACT_NORMALIZED_GKG_ORGANIZATION,H3_PIT_ATTENTION_ALIAS_POLICY_V5,c18b1ce9c421f52afb3d0d2ea85fe4e1e4f282fa5d14a85cefd9ccf21da2bb40,0
SNDK,0002023554,STAGE3G_SAMPLE_CIK,SNDK,HIGH,0,2025-11-28,2026-01-01,2025-11-28,2026-01-01,Sandisk Corporation,STAGE3G_AUTHORITATIVE_SAMPLE_NAME,STABLE,sandisk corporation,sandisk,sandisk corporation,FULL_AUTHORITATIVE_NAME_PRECISION_CONTROL,STATE_NAME,EXACT_NORMALIZED_GKG_ORGANIZATION,H3_PIT_ATTENTION_ALIAS_POLICY_V5,c18b1ce9c421f52afb3d0d2ea85fe4e1e4f282fa5d14a85cefd9ccf21da2bb40,0
SNPS,0000883241,STAGE3B2_CANDIDATE_CIK,SNPS,HIGH,0,2021-01-01,2026-01-01,2021-01-01,2026-01-01,Synopsys Inc,LATEST_IN_MEMBERSHIP_SEC_NPORT_NAME,STABLE,synopsys inc,synopsys,synopsys inc,FULL_AUTHORITATIVE_NAME_PRECISION_CONTROL,STATE_NAME,EXACT_NORMALIZED_GKG_ORGANIZATION,H3_PIT_ATTENTION_ALIAS_POLICY_V5,c18b1ce9c421f52afb3d0d2ea85fe4e1e4f282fa5d14a85cefd9ccf21da2bb40,0
SO,0000092122,STAGE3B2_CANDIDATE_CIK,SO,LOW,0,2021-01-01,2026-01-01,2021-01-01,2026-01-01,Southern Co/The,LATEST_IN_MEMBERSHIP_SEC_NPORT_NAME,STABLE,southern co,southern,southern,CONSERVATIVE_LEGAL_CORE,STATE_NAME,EXACT_NORMALIZED_GKG_ORGANIZATION,H3_PIT_ATTENTION_ALIAS_POLICY_V5,c18b1ce9c421f52afb3d0d2ea85fe4e1e4f282fa5d14a85cefd9ccf21da2bb40,0
SOLS,0002064953,STAGE3I_RESOLVED_CIK,SOLS,LOW,0,2025-10-30,2025-12-22,2025-10-30,2025-12-22,Solstice Advance Materials,STAGE3I_MEMBERSHIP_NAME,STABLE,solstice advance materials,solstice advance materials,solstice advance materials,CONSERVATIVE_LEGAL_CORE,STATE_NAME,EXACT_NORMALIZED_GKG_ORGANIZATION,H3_PIT_ATTENTION_ALIAS_POLICY_V5,c18b1ce9c421f52afb3d0d2ea85fe4e1e4f282fa5d14a85cefd9ccf21da2bb40,0
SOLV,0001964738,STAGE3G_SAMPLE_CIK,SOLV,HIGH,0,2024-04-01,2026-01-01,2024-04-01,2026-01-01,Solventum Corporation,STAGE3G_AUTHORITATIVE_SAMPLE_NAME,STABLE,solventum corporation,solventum,solventum corporation,FULL_AUTHORITATIVE_NAME_PRECISION_CONTROL,STATE_NAME,EXACT_NORMALIZED_GKG_ORGANIZATION,H3_PIT_ATTENTION_ALIAS_POLICY_V5,c18b1ce9c421f52afb3d0d2ea85fe4e1e4f282fa5d14a85cefd9ccf21da2bb40,0
SPG,0001063761,STAGE3B2_CANDIDATE_CIK,SPG,LOW,0,2021-01-01,2026-01-01,2021-01-01,2026-01-01,Simon Property Group Inc,LATEST_IN_MEMBERSHIP_SEC_NPORT_NAME,STABLE,simon property group inc,simon property group,simon property group,CONSERVATIVE_LEGAL_CORE,STATE_NAME,EXACT_NORMALIZED_GKG_ORGANIZATION,H3_PIT_ATTENTION_ALIAS_POLICY_V5,c18b1ce9c421f52afb3d0d2ea85fe4e1e4f282fa5d14a85cefd9ccf21da2bb40,0
SPGI,0000064040,STAGE3B2_CANDIDATE_CIK,SPGI,LOW,0,2021-01-01,2026-01-01,2021-01-01,2026-01-01,S&P Global Inc,LATEST_IN_MEMBERSHIP_SEC_NPORT_NAME,STABLE,s and p global inc,s and p global,s and p global,CONSERVATIVE_LEGAL_CORE,STATE_NAME,EXACT_NORMALIZED_GKG_ORGANIZATION,H3_PIT_ATTENTION_ALIAS_POLICY_V5,c18b1ce9c421f52afb3d0d2ea85fe4e1e4f282fa5d14a85cefd9ccf21da2bb40,0
SRE,0001032208,STAGE3B2_CANDIDATE_CIK,SRE,HIGH,0,2021-01-01,2026-01-01,2021-01-01,2023-05-12,SEMPRA ENERGY,LATEST_IN_MEMBERSHIP_SEC_NPORT_NAME,STAGE3D_AUTHORITATIVE_RENAME,sempra energy,sempra energy,sempra energy,FULL_AUTHORITATIVE_NAME_PRECISION_CONTROL,STATE_NAME,EXACT_NORMALIZED_GKG_ORGANIZATION,H3_PIT_ATTENTION_ALIAS_POLICY_V5,c18b1ce9c421f52afb3d0d2ea85fe4e1e4f282fa5d14a85cefd9ccf21da2bb40,0
SRE,0001032208,STAGE3B2_CANDIDATE_CIK,SRE,HIGH,0,2021-01-01,2026-01-01,2023-05-12,2026-01-01,SEMPRA,LATEST_IN_MEMBERSHIP_SEC_NPORT_NAME,POST_TRANSITION,sempra,sempra,sempra,FULL_AUTHORITATIVE_NAME_PRECISION_CONTROL,STATE_NAME,EXACT_NORMALIZED_GKG_ORGANIZATION,H3_PIT_ATTENTION_ALIAS_POLICY_V5,c18b1ce9c421f52afb3d0d2ea85fe4e1e4f282fa5d14a85cefd9ccf21da2bb40,0
STE,0001757898,STAGE3B2_CANDIDATE_CIK,STE,HIGH,0,2021-01-01,2026-01-01,2021-01-01,2026-01-01,STERIS PLC,LATEST_IN_MEMBERSHIP_SEC_NPORT_NAME,STABLE,steris plc,steris,steris plc,FULL_AUTHORITATIVE_NAME_PRECISION_CONTROL,STATE_NAME,EXACT_NORMALIZED_GKG_ORGANIZATION,H3_PIT_ATTENTION_ALIAS_POLICY_V5,c18b1ce9c421f52afb3d0d2ea85fe4e1e4f282fa5d14a85cefd9ccf21da2bb40,0
STLD,0001022671,STAGE3B2_CANDIDATE_CIK,STLD,MEDIUM,0,2022-12-22,2026-01-01,2022-12-22,2026-01-01,Steel Dynamics Inc,LATEST_IN_MEMBERSHIP_SEC_NPORT_NAME,STABLE,steel dynamics inc,steel dynamics,steel dynamics,CONSERVATIVE_LEGAL_CORE,STATE_NAME,EXACT_NORMALIZED_GKG_ORGANIZATION,H3_PIT_ATTENTION_ALIAS_POLICY_V5,c18b1ce9c421f52afb3d0d2ea85fe4e1e4f282fa5d14a85cefd9ccf21da2bb40,0
STT,0000093751,STAGE3B2_CANDIDATE_CIK,STT,MEDIUM,0,2021-01-01,2026-01-01,2021-01-01,2026-01-01,State Street Corp,LATEST_IN_MEMBERSHIP_SEC_NPORT_NAME,STABLE,state street corp,state street,state street,CONSERVATIVE_LEGAL_CORE,STATE_NAME,EXACT_NORMALIZED_GKG_ORGANIZATION,H3_PIT_ATTENTION_ALIAS_POLICY_V5,c18b1ce9c421f52afb3d0d2ea85fe4e1e4f282fa5d14a85cefd9ccf21da2bb40,0
STX,0001137789,STAGE3G_SAMPLE_CIK,STX,MEDIUM,0,2021-01-01,2026-01-01,2021-01-01,2026-01-01,Seagate Technology Holdings plc,STAGE3G_AUTHORITATIVE_SAMPLE_NAME,STABLE,seagate technology holdings plc,seagate technology holdings,seagate technology holdings,CONSERVATIVE_LEGAL_CORE,STATE_NAME,EXACT_NORMALIZED_GKG_ORGANIZATION,H3_PIT_ATTENTION_ALIAS_POLICY_V5,c18b1ce9c421f52afb3d0d2ea85fe4e1e4f282fa5d14a85cefd9ccf21da2bb40,0
STZ,0000016918,STAGE3B2_CANDIDATE_CIK,STZ,LOW,0,2021-01-01,2026-01-01,2021-01-01,2026-01-01,Constellation Brands Inc,LATEST_IN_MEMBERSHIP_SEC_NPORT_NAME,STABLE,constellation brands inc,constellation brands,constellation brands,CONSERVATIVE_LEGAL_CORE,STATE_NAME,EXACT_NORMALIZED_GKG_ORGANIZATION,H3_PIT_ATTENTION_ALIAS_POLICY_V5,c18b1ce9c421f52afb3d0d2ea85fe4e1e4f282fa5d14a85cefd9ccf21da2bb40,0
SW,0002005951,STAGE3B2_CANDIDATE_CIK,SW,MEDIUM,0,2021-01-01,2026-01-01,2021-01-01,2026-01-01,Smurfit WestRock PLC,LATEST_IN_MEMBERSHIP_SEC_NPORT_NAME,STABLE,smurfit westrock plc,smurfit westrock,smurfit westrock,CONSERVATIVE_LEGAL_CORE,STATE_NAME,EXACT_NORMALIZED_GKG_ORGANIZATION,H3_PIT_ATTENTION_ALIAS_POLICY_V5,c18b1ce9c421f52afb3d0d2ea85fe4e1e4f282fa5d14a85cefd9ccf21da2bb40,0
SWK,0000093556,STAGE3B2_CANDIDATE_CIK,SWK,LOW,0,2021-01-01,2026-01-01,2021-01-01,2026-01-01,Stanley Black & Decker Inc,LATEST_IN_MEMBERSHIP_SEC_NPORT_NAME,STABLE,stanley black and decker inc,stanley black and decker,stanley black and decker,CONSERVATIVE_LEGAL_CORE,STATE_NAME,EXACT_NORMALIZED_GKG_ORGANIZATION,H3_PIT_ATTENTION_ALIAS_POLICY_V5,c18b1ce9c421f52afb3d0d2ea85fe4e1e4f282fa5d14a85cefd9ccf21da2bb40,0
SWKS,0000004127,STAGE3B2_CANDIDATE_CIK,SWKS,MEDIUM,0,2021-01-01,2026-01-01,2021-01-01,2026-01-01,Skyworks Solutions Inc,LATEST_IN_MEMBERSHIP_SEC_NPORT_NAME,STABLE,skyworks solutions inc,skyworks solutions,skyworks solutions,CONSERVATIVE_LEGAL_CORE,STATE_NAME,EXACT_NORMALIZED_GKG_ORGANIZATION,H3_PIT_ATTENTION_ALIAS_POLICY_V5,c18b1ce9c421f52afb3d0d2ea85fe4e1e4f282fa5d14a85cefd9ccf21da2bb40,0
SYF,0001601712,STAGE3B2_CANDIDATE_CIK,SYF,MEDIUM,0,2021-01-01,2026-01-01,2021-01-01,2026-01-01,Synchrony Financial,LATEST_IN_MEMBERSHIP_SEC_NPORT_NAME,STABLE,synchrony financial,synchrony financial,synchrony financial,CONSERVATIVE_LEGAL_CORE,STATE_NAME,EXACT_NORMALIZED_GKG_ORGANIZATION,H3_PIT_ATTENTION_ALIAS_POLICY_V5,c18b1ce9c421f52afb3d0d2ea85fe4e1e4f282fa5d14a85cefd9ccf21da2bb40,0
SYK,0000310764,STAGE3B2_CANDIDATE_CIK,SYK,HIGH,0,2021-01-01,2026-01-01,2021-01-01,2026-01-01,Stryker Corp,LATEST_IN_MEMBERSHIP_SEC_NPORT_NAME,STABLE,stryker corp,stryker,stryker corp,FULL_AUTHORITATIVE_NAME_PRECISION_CONTROL,STATE_NAME,EXACT_NORMALIZED_GKG_ORGANIZATION,H3_PIT_ATTENTION_ALIAS_POLICY_V5,c18b1ce9c421f52afb3d0d2ea85fe4e1e4f282fa5d14a85cefd9ccf21da2bb40,0
SYY,0000096021,STAGE3B2_CANDIDATE_CIK,SYY,HIGH,0,2021-01-01,2026-01-01,2021-01-01,2026-01-01,Sysco Corp,LATEST_IN_MEMBERSHIP_SEC_NPORT_NAME,STABLE,sysco corp,sysco,sysco corp,FULL_AUTHORITATIVE_NAME_PRECISION_CONTROL,STATE_NAME,EXACT_NORMALIZED_GKG_ORGANIZATION,H3_PIT_ATTENTION_ALIAS_POLICY_V5,c18b1ce9c421f52afb3d0d2ea85fe4e1e4f282fa5d14a85cefd9ccf21da2bb40,0
T,0000732717,STAGE3B2_CANDIDATE_CIK,T,HIGH,0,2021-01-01,2026-01-01,2021-01-01,2026-01-01,AT&T Inc,LATEST_IN_MEMBERSHIP_SEC_NPORT_NAME,STABLE,at and t inc,at and t,at and t inc,FULL_AUTHORITATIVE_NAME_PRECISION_CONTROL,STATE_NAME,EXACT_NORMALIZED_GKG_ORGANIZATION,H3_PIT_ATTENTION_ALIAS_POLICY_V5,c18b1ce9c421f52afb3d0d2ea85fe4e1e4f282fa5d14a85cefd9ccf21da2bb40,0
TAP,0000024545,STAGE3B2_CANDIDATE_CIK,TAP,LOW,0,2021-01-01,2026-01-01,2021-01-01,2026-01-01,Molson Coors Beverage Co,LATEST_IN_MEMBERSHIP_SEC_NPORT_NAME,STABLE,molson coors beverage co,molson coors beverage,molson coors beverage,CONSERVATIVE_LEGAL_CORE,STATE_NAME,EXACT_NORMALIZED_GKG_ORGANIZATION,H3_PIT_ATTENTION_ALIAS_POLICY_V5,c18b1ce9c421f52afb3d0d2ea85fe4e1e4f282fa5d14a85cefd9ccf21da2bb40,0
TDG,0001260221,STAGE3B2_CANDIDATE_CIK,TDG,MEDIUM,0,2021-01-01,2026-01-01,2021-01-01,2026-01-01,TransDigm Group Inc,LATEST_IN_MEMBERSHIP_SEC_NPORT_NAME,STABLE,transdigm group inc,transdigm group,transdigm group,CONSERVATIVE_LEGAL_CORE,STATE_NAME,EXACT_NORMALIZED_GKG_ORGANIZATION,H3_PIT_ATTENTION_ALIAS_POLICY_V5,c18b1ce9c421f52afb3d0d2ea85fe4e1e4f282fa5d14a85cefd9ccf21da2bb40,0
TDY,0001094285,STAGE3B2_CANDIDATE_CIK,TDY,MEDIUM,0,2021-01-01,2026-01-01,2021-01-01,2026-01-01,Teledyne Technologies Inc,LATEST_IN_MEMBERSHIP_SEC_NPORT_NAME,STABLE,teledyne technologies inc,teledyne technologies,teledyne technologies,CONSERVATIVE_LEGAL_CORE,STATE_NAME,EXACT_NORMALIZED_GKG_ORGANIZATION,H3_PIT_ATTENTION_ALIAS_POLICY_V5,c18b1ce9c421f52afb3d0d2ea85fe4e1e4f282fa5d14a85cefd9ccf21da2bb40,0
TECH,0000842023,STAGE3B2_CANDIDATE_CIK,TECH,MEDIUM,0,2021-08-30,2026-01-01,2021-08-30,2026-01-01,Bio-Techne Corp,LATEST_IN_MEMBERSHIP_SEC_NPORT_NAME,STABLE,bio techne corp,bio techne,bio techne,CONSERVATIVE_LEGAL_CORE,STATE_NAME,EXACT_NORMALIZED_GKG_ORGANIZATION,H3_PIT_ATTENTION_ALIAS_POLICY_V5,c18b1ce9c421f52afb3d0d2ea85fe4e1e4f282fa5d14a85cefd9ccf21da2bb40,0
TEL,0001385157,STAGE3B2_CANDIDATE_CIK,TEL,MEDIUM,0,2021-01-01,2026-01-01,2021-01-01,2026-01-01,TE Connectivity PLC,LATEST_IN_MEMBERSHIP_SEC_NPORT_NAME,STABLE,te connectivity plc,te connectivity,te connectivity,CONSERVATIVE_LEGAL_CORE,STATE_NAME,EXACT_NORMALIZED_GKG_ORGANIZATION,H3_PIT_ATTENTION_ALIAS_POLICY_V5,c18b1ce9c421f52afb3d0d2ea85fe4e1e4f282fa5d14a85cefd9ccf21da2bb40,0
TER,0000097210,STAGE3B2_CANDIDATE_CIK,TER,HIGH,0,2021-01-01,2026-01-01,2021-01-01,2026-01-01,Teradyne Inc,LATEST_IN_MEMBERSHIP_SEC_NPORT_NAME,STABLE,teradyne inc,teradyne,teradyne inc,FULL_AUTHORITATIVE_NAME_PRECISION_CONTROL,STATE_NAME,EXACT_NORMALIZED_GKG_ORGANIZATION,H3_PIT_ATTENTION_ALIAS_POLICY_V5,c18b1ce9c421f52afb3d0d2ea85fe4e1e4f282fa5d14a85cefd9ccf21da2bb40,0
TFC,0000092230,STAGE3B2_CANDIDATE_CIK,TFC,MEDIUM,0,2021-01-01,2026-01-01,2021-01-01,2026-01-01,Truist Financial Corp,LATEST_IN_MEMBERSHIP_SEC_NPORT_NAME,STABLE,truist financial corp,truist financial,truist financial,CONSERVATIVE_LEGAL_CORE,STATE_NAME,EXACT_NORMALIZED_GKG_ORGANIZATION,H3_PIT_ATTENTION_ALIAS_POLICY_V5,c18b1ce9c421f52afb3d0d2ea85fe4e1e4f282fa5d14a85cefd9ccf21da2bb40,0
TFX,0000096943,STAGE3I_RESOLVED_CIK,TFX,HIGH,0,2021-01-01,2025-03-24,2021-01-01,2025-03-24,Teleflex,STAGE3I_MEMBERSHIP_NAME,STABLE,teleflex,teleflex,teleflex,FULL_AUTHORITATIVE_NAME_PRECISION_CONTROL,STATE_NAME,EXACT_NORMALIZED_GKG_ORGANIZATION,H3_PIT_ATTENTION_ALIAS_POLICY_V5,c18b1ce9c421f52afb3d0d2ea85fe4e1e4f282fa5d14a85cefd9ccf21da2bb40,0
TGT,0000027419,STAGE3B2_CANDIDATE_CIK,TGT,HIGH,0,2021-01-01,2026-01-01,2021-01-01,2026-01-01,Target Corp,LATEST_IN_MEMBERSHIP_SEC_NPORT_NAME,STABLE,target corp,target,target corp,FULL_AUTHORITATIVE_NAME_PRECISION_CONTROL,STATE_NAME,EXACT_NORMALIZED_GKG_ORGANIZATION,H3_PIT_ATTENTION_ALIAS_POLICY_V5,c18b1ce9c421f52afb3d0d2ea85fe4e1e4f282fa5d14a85cefd9ccf21da2bb40,0
TIF,0000098246,STAGE3I_RESOLVED_CIK,TIF,MEDIUM,0,2021-01-01,2021-01-07,2021-01-01,2021-01-07,Tiffany & Co,STAGE3I_MEMBERSHIP_NAME,STABLE,tiffany and co,tiffany and,tiffany and,CONSERVATIVE_LEGAL_CORE,STATE_NAME,EXACT_NORMALIZED_GKG_ORGANIZATION,H3_PIT_ATTENTION_ALIAS_POLICY_V5,c18b1ce9c421f52afb3d0d2ea85fe4e1e4f282fa5d14a85cefd9ccf21da2bb40,0
TJX,0000109198,STAGE3G_SAMPLE_CIK,TJX,MEDIUM,0,2021-01-01,2026-01-01,2021-01-01,2026-01-01,"The TJX Companies, Inc.",STAGE3G_AUTHORITATIVE_SAMPLE_NAME,STABLE,tjx companies inc,tjx companies,tjx companies,CONSERVATIVE_LEGAL_CORE,STATE_NAME,EXACT_NORMALIZED_GKG_ORGANIZATION,H3_PIT_ATTENTION_ALIAS_POLICY_V5,c18b1ce9c421f52afb3d0d2ea85fe4e1e4f282fa5d14a85cefd9ccf21da2bb40,0
TKO,0001973266,STAGE3G_SAMPLE_CIK,TKO,MEDIUM,0,2025-03-24,2026-01-01,2025-03-24,2026-01-01,"TKO Group Holdings, Inc.",STAGE3G_AUTHORITATIVE_SAMPLE_NAME,STABLE,tko group holdings inc,tko group holdings,tko group holdings,CONSERVATIVE_LEGAL_CORE,STATE_NAME,EXACT_NORMALIZED_GKG_ORGANIZATION,H3_PIT_ATTENTION_ALIAS_POLICY_V5,c18b1ce9c421f52afb3d0d2ea85fe4e1e4f282fa5d14a85cefd9ccf21da2bb40,0
TMO,0000097745,STAGE3B2_CANDIDATE_CIK,TMO,LOW,0,2021-01-01,2026-01-01,2021-01-01,2026-01-01,Thermo Fisher Scientific Inc,LATEST_IN_MEMBERSHIP_SEC_NPORT_NAME,STABLE,thermo fisher scientific inc,thermo fisher scientific,thermo fisher scientific,CONSERVATIVE_LEGAL_CORE,STATE_NAME,EXACT_NORMALIZED_GKG_ORGANIZATION,H3_PIT_ATTENTION_ALIAS_POLICY_V5,c18b1ce9c421f52afb3d0d2ea85fe4e1e4f282fa5d14a85cefd9ccf21da2bb40,0
TMUS,0001283699,STAGE3B2_CANDIDATE_CIK,TMUS,LOW,0,2021-01-01,2026-01-01,2021-01-01,2026-01-01,T-Mobile US Inc,LATEST_IN_MEMBERSHIP_SEC_NPORT_NAME,STABLE,t mobile us inc,t mobile us,t mobile us,CONSERVATIVE_LEGAL_CORE,STATE_NAME,EXACT_NORMALIZED_GKG_ORGANIZATION,H3_PIT_ATTENTION_ALIAS_POLICY_V5,c18b1ce9c421f52afb3d0d2ea85fe4e1e4f282fa5d14a85cefd9ccf21da2bb40,0
TPL,0001811074,STAGE3B2_CANDIDATE_CIK,TPL,LOW,0,2024-11-26,2026-01-01,2024-11-26,2026-01-01,Texas Pacific Land Corp,LATEST_IN_MEMBERSHIP_SEC_NPORT_NAME,STABLE,texas pacific land corp,texas pacific land,texas pacific land,CONSERVATIVE_LEGAL_CORE,STATE_NAME,EXACT_NORMALIZED_GKG_ORGANIZATION,H3_PIT_ATTENTION_ALIAS_POLICY_V5,c18b1ce9c421f52afb3d0d2ea85fe4e1e4f282fa5d14a85cefd9ccf21da2bb40,0
TPR,0001116132,STAGE3B2_CANDIDATE_CIK,TPR,HIGH,0,2021-01-01,2026-01-01,2021-01-01,2026-01-01,Tapestry Inc,LATEST_IN_MEMBERSHIP_SEC_NPORT_NAME,STABLE,tapestry inc,tapestry,tapestry inc,FULL_AUTHORITATIVE_NAME_PRECISION_CONTROL,STATE_NAME,EXACT_NORMALIZED_GKG_ORGANIZATION,H3_PIT_ATTENTION_ALIAS_POLICY_V5,c18b1ce9c421f52afb3d0d2ea85fe4e1e4f282fa5d14a85cefd9ccf21da2bb40,0
TRGP,0001389170,STAGE3B2_CANDIDATE_CIK,TRGP,MEDIUM,0,2022-10-12,2026-01-01,2022-10-12,2026-01-01,Targa Resources Corp,LATEST_IN_MEMBERSHIP_SEC_NPORT_NAME,STABLE,targa resources corp,targa resources,targa resources,CONSERVATIVE_LEGAL_CORE,STATE_NAME,EXACT_NORMALIZED_GKG_ORGANIZATION,H3_PIT_ATTENTION_ALIAS_POLICY_V5,c18b1ce9c421f52afb3d0d2ea85fe4e1e4f282fa5d14a85cefd9ccf21da2bb40,0
TRMB,0000864749,STAGE3B2_CANDIDATE_CIK,TRMB,HIGH,0,2021-01-21,2026-01-01,2021-01-21,2026-01-01,Trimble Inc,LATEST_IN_MEMBERSHIP_SEC_NPORT_NAME,STABLE,trimble inc,trimble,trimble inc,FULL_AUTHORITATIVE_NAME_PRECISION_CONTROL,STATE_NAME,EXACT_NORMALIZED_GKG_ORGANIZATION,H3_PIT_ATTENTION_ALIAS_POLICY_V5,c18b1ce9c421f52afb3d0d2ea85fe4e1e4f282fa5d14a85cefd9ccf21da2bb40,0
TROW,,,TROW,LOW,0,2021-01-01,2026-01-01,2021-01-01,2026-01-01,T Rowe Price Group Inc,LATEST_IN_MEMBERSHIP_SEC_NPORT_NAME,STABLE,t rowe price group inc,t rowe price group,t rowe price group,CONSERVATIVE_LEGAL_CORE,STATE_NAME,EXACT_NORMALIZED_GKG_ORGANIZATION,H3_PIT_ATTENTION_ALIAS_POLICY_V5,c18b1ce9c421f52afb3d0d2ea85fe4e1e4f282fa5d14a85cefd9ccf21da2bb40,0
TRV,0000086312,STAGE3B2_CANDIDATE_CIK,TRV,LOW,0,2021-01-01,2026-01-01,2021-01-01,2026-01-01,Travelers Cos Inc/The,LATEST_IN_MEMBERSHIP_SEC_NPORT_NAME,STABLE,travelers cos inc,travelers cos,travelers cos,CONSERVATIVE_LEGAL_CORE,STATE_NAME,EXACT_NORMALIZED_GKG_ORGANIZATION,H3_PIT_ATTENTION_ALIAS_POLICY_V5,c18b1ce9c421f52afb3d0d2ea85fe4e1e4f282fa5d14a85cefd9ccf21da2bb40,0
TSCO,0000916365,STAGE3B2_CANDIDATE_CIK,TSCO,MEDIUM,0,2021-01-01,2026-01-01,2021-01-01,2026-01-01,Tractor Supply Co,LATEST_IN_MEMBERSHIP_SEC_NPORT_NAME,STABLE,tractor supply co,tractor supply,tractor supply,CONSERVATIVE_LEGAL_CORE,STATE_NAME,EXACT_NORMALIZED_GKG_ORGANIZATION,H3_PIT_ATTENTION_ALIAS_POLICY_V5,c18b1ce9c421f52afb3d0d2ea85fe4e1e4f282fa5d14a85cefd9ccf21da2bb40,0
TSLA,0001318605,STAGE3B2_CANDIDATE_CIK,TSLA,HIGH,0,2021-01-01,2026-01-01,2021-01-01,2026-01-01,Tesla Inc,LATEST_IN_MEMBERSHIP_SEC_NPORT_NAME,STABLE,tesla inc,tesla,tesla inc,FULL_AUTHORITATIVE_NAME_PRECISION_CONTROL,STATE_NAME,EXACT_NORMALIZED_GKG_ORGANIZATION,H3_PIT_ATTENTION_ALIAS_POLICY_V5,c18b1ce9c421f52afb3d0d2ea85fe4e1e4f282fa5d14a85cefd9ccf21da2bb40,0
TSN,0000100493,STAGE3B2_CANDIDATE_CIK,TSN,LOW,0,2021-01-01,2026-01-01,2021-01-01,2026-01-01,Tyson Foods Inc,LATEST_IN_MEMBERSHIP_SEC_NPORT_NAME,STABLE,tyson foods inc,tyson foods,tyson foods,CONSERVATIVE_LEGAL_CORE,STATE_NAME,EXACT_NORMALIZED_GKG_ORGANIZATION,H3_PIT_ATTENTION_ALIAS_POLICY_V5,c18b1ce9c421f52afb3d0d2ea85fe4e1e4f282fa5d14a85cefd9ccf21da2bb40,0
TT,0001466258,STAGE3B2_CANDIDATE_CIK,TT,MEDIUM,0,2021-01-01,2026-01-01,2021-01-01,2026-01-01,Trane Technologies PLC,LATEST_IN_MEMBERSHIP_SEC_NPORT_NAME,STABLE,trane technologies plc,trane technologies,trane technologies,CONSERVATIVE_LEGAL_CORE,STATE_NAME,EXACT_NORMALIZED_GKG_ORGANIZATION,H3_PIT_ATTENTION_ALIAS_POLICY_V5,c18b1ce9c421f52afb3d0d2ea85fe4e1e4f282fa5d14a85cefd9ccf21da2bb40,0
TTD,0001671933,STAGE3B2_CANDIDATE_CIK,TTD,LOW,0,2025-07-18,2026-01-01,2025-07-18,2026-01-01,Trade Desk Inc/The,LATEST_IN_MEMBERSHIP_SEC_NPORT_NAME,STABLE,trade desk inc,trade desk,trade desk,CONSERVATIVE_LEGAL_CORE,STATE_NAME,EXACT_NORMALIZED_GKG_ORGANIZATION,H3_PIT_ATTENTION_ALIAS_POLICY_V5,c18b1ce9c421f52afb3d0d2ea85fe4e1e4f282fa5d14a85cefd9ccf21da2bb40,0
TTWO,0000946581,STAGE3B2_CANDIDATE_CIK,TTWO,LOW,0,2021-01-01,2026-01-01,2021-01-01,2026-01-01,Take-Two Interactive Software Inc,LATEST_IN_MEMBERSHIP_SEC_NPORT_NAME,STABLE,take two interactive software inc,take two interactive software,take two interactive software,CONSERVATIVE_LEGAL_CORE,STATE_NAME,EXACT_NORMALIZED_GKG_ORGANIZATION,H3_PIT_ATTENTION_ALIAS_POLICY_V5,c18b1ce9c421f52afb3d0d2ea85fe4e1e4f282fa5d14a85cefd9ccf21da2bb40,0
TWTR,0001418091,STAGE3I_RESOLVED_CIK,TWTR,HIGH,0,2021-01-01,2022-11-01,2021-01-01,2022-11-01,Twitter,STAGE3I_MEMBERSHIP_NAME,STABLE,twitter,twitter,twitter,FULL_AUTHORITATIVE_NAME_PRECISION_CONTROL,STATE_NAME,EXACT_NORMALIZED_GKG_ORGANIZATION,H3_PIT_ATTENTION_ALIAS_POLICY_V5,c18b1ce9c421f52afb3d0d2ea85fe4e1e4f282fa5d14a85cefd9ccf21da2bb40,0
TXN,0000097476,STAGE3B2_CANDIDATE_CIK,TXN,MEDIUM,0,2021-01-01,2026-01-01,2021-01-01,2026-01-01,Texas Instruments Inc,LATEST_IN_MEMBERSHIP_SEC_NPORT_NAME,STABLE,texas instruments inc,texas instruments,texas instruments,CONSERVATIVE_LEGAL_CORE,STATE_NAME,EXACT_NORMALIZED_GKG_ORGANIZATION,H3_PIT_ATTENTION_ALIAS_POLICY_V5,c18b1ce9c421f52afb3d0d2ea85fe4e1e4f282fa5d14a85cefd9ccf21da2bb40,0
TXT,0000217346,STAGE3B2_CANDIDATE_CIK,TXT,HIGH,0,2021-01-01,2026-01-01,2021-01-01,2026-01-01,Textron Inc,LATEST_IN_MEMBERSHIP_SEC_NPORT_NAME,STABLE,textron inc,textron,textron inc,FULL_AUTHORITATIVE_NAME_PRECISION_CONTROL,STATE_NAME,EXACT_NORMALIZED_GKG_ORGANIZATION,H3_PIT_ATTENTION_ALIAS_POLICY_V5,c18b1ce9c421f52afb3d0d2ea85fe4e1e4f282fa5d14a85cefd9ccf21da2bb40,0
TYL,0000860731,STAGE3B2_CANDIDATE_CIK,TYL,MEDIUM,0,2021-01-01,2026-01-01,2021-01-01,2026-01-01,Tyler Technologies Inc,LATEST_IN_MEMBERSHIP_SEC_NPORT_NAME,STABLE,tyler technologies inc,tyler technologies,tyler technologies,CONSERVATIVE_LEGAL_CORE,STATE_NAME,EXACT_NORMALIZED_GKG_ORGANIZATION,H3_PIT_ATTENTION_ALIAS_POLICY_V5,c18b1ce9c421f52afb3d0d2ea85fe4e1e4f282fa5d14a85cefd9ccf21da2bb40,0
UA,0001336917,STAGE3I_RESOLVED_CIK,UA,LOW,0,2021-01-01,2022-06-21,2021-01-01,2022-06-21,Under Armour Class C,STAGE3I_MEMBERSHIP_NAME,STABLE,under armour,under armour,under armour,CONSERVATIVE_LEGAL_CORE,STATE_NAME,EXACT_NORMALIZED_GKG_ORGANIZATION,H3_PIT_ATTENTION_ALIAS_POLICY_V5,c18b1ce9c421f52afb3d0d2ea85fe4e1e4f282fa5d14a85cefd9ccf21da2bb40,0
UAA,0001336917,STAGE3I_RESOLVED_CIK,UAA,LOW,0,2021-01-01,2022-06-21,2021-01-01,2022-06-21,Under Armour Class A,STAGE3I_MEMBERSHIP_NAME,STABLE,under armour,under armour,under armour,CONSERVATIVE_LEGAL_CORE,STATE_NAME,EXACT_NORMALIZED_GKG_ORGANIZATION,H3_PIT_ATTENTION_ALIAS_POLICY_V5,c18b1ce9c421f52afb3d0d2ea85fe4e1e4f282fa5d14a85cefd9ccf21da2bb40,0
UAL,0000100517,STAGE3B2_CANDIDATE_CIK,UAL,MEDIUM,0,2021-01-01,2026-01-01,2021-01-01,2026-01-01,United Airlines Holdings Inc,LATEST_IN_MEMBERSHIP_SEC_NPORT_NAME,STABLE,united airlines holdings inc,united airlines holdings,united airlines holdings,CONSERVATIVE_LEGAL_CORE,STATE_NAME,EXACT_NORMALIZED_GKG_ORGANIZATION,H3_PIT_ATTENTION_ALIAS_POLICY_V5,c18b1ce9c421f52afb3d0d2ea85fe4e1e4f282fa5d14a85cefd9ccf21da2bb40,0
UBER,0001543151,STAGE3B2_CANDIDATE_CIK,UBER,MEDIUM,0,2023-12-18,2026-01-01,2023-12-18,2026-01-01,Uber Technologies Inc,LATEST_IN_MEMBERSHIP_SEC_NPORT_NAME,STABLE,uber technologies inc,uber technologies,uber technologies,CONSERVATIVE_LEGAL_CORE,STATE_NAME,EXACT_NORMALIZED_GKG_ORGANIZATION,H3_PIT_ATTENTION_ALIAS_POLICY_V5,c18b1ce9c421f52afb3d0d2ea85fe4e1e4f282fa5d14a85cefd9ccf21da2bb40,0
UDR,0000074208,STAGE3B2_CANDIDATE_CIK,UDR,HIGH,0,2021-01-01,2026-01-01,2021-01-01,2026-01-01,UDR Inc,LATEST_IN_MEMBERSHIP_SEC_NPORT_NAME,STABLE,udr inc,udr,udr inc,FULL_AUTHORITATIVE_NAME_PRECISION_CONTROL,STATE_NAME,EXACT_NORMALIZED_GKG_ORGANIZATION,H3_PIT_ATTENTION_ALIAS_POLICY_V5,c18b1ce9c421f52afb3d0d2ea85fe4e1e4f282fa5d14a85cefd9ccf21da2bb40,0
UHS,0000352915,STAGE3B2_CANDIDATE_CIK,UHS,LOW,0,2021-01-01,2026-01-01,2021-01-01,2026-01-01,Universal Health Services Inc,LATEST_IN_MEMBERSHIP_SEC_NPORT_NAME,STABLE,universal health services inc,universal health services,universal health services,CONSERVATIVE_LEGAL_CORE,STATE_NAME,EXACT_NORMALIZED_GKG_ORGANIZATION,H3_PIT_ATTENTION_ALIAS_POLICY_V5,c18b1ce9c421f52afb3d0d2ea85fe4e1e4f282fa5d14a85cefd9ccf21da2bb40,0
ULTA,0001403568,STAGE3B2_CANDIDATE_CIK,ULTA,MEDIUM,0,2021-01-01,2026-01-01,2021-01-01,2026-01-01,Ulta Beauty Inc,LATEST_IN_MEMBERSHIP_SEC_NPORT_NAME,STABLE,ulta beauty inc,ulta beauty,ulta beauty,CONSERVATIVE_LEGAL_CORE,STATE_NAME,EXACT_NORMALIZED_GKG_ORGANIZATION,H3_PIT_ATTENTION_ALIAS_POLICY_V5,c18b1ce9c421f52afb3d0d2ea85fe4e1e4f282fa5d14a85cefd9ccf21da2bb40,0
UNH,0000731766,STAGE3B2_CANDIDATE_CIK,UNH,MEDIUM,0,2021-01-01,2026-01-01,2021-01-01,2026-01-01,UnitedHealth Group Inc,LATEST_IN_MEMBERSHIP_SEC_NPORT_NAME,STABLE,unitedhealth group inc,unitedhealth group,unitedhealth group,CONSERVATIVE_LEGAL_CORE,STATE_NAME,EXACT_NORMALIZED_GKG_ORGANIZATION,H3_PIT_ATTENTION_ALIAS_POLICY_V5,c18b1ce9c421f52afb3d0d2ea85fe4e1e4f282fa5d14a85cefd9ccf21da2bb40,0
UNM,0000005513,STAGE3I_RESOLVED_CIK,UNM,MEDIUM,0,2021-01-01,2021-09-20,2021-01-01,2021-09-20,Unum Group,STAGE3I_MEMBERSHIP_NAME,STABLE,unum group,unum group,unum group,CONSERVATIVE_LEGAL_CORE,STATE_NAME,EXACT_NORMALIZED_GKG_ORGANIZATION,H3_PIT_ATTENTION_ALIAS_POLICY_V5,c18b1ce9c421f52afb3d0d2ea85fe4e1e4f282fa5d14a85cefd9ccf21da2bb40,0
UNP,0000100885,STAGE3B2_CANDIDATE_CIK,UNP,MEDIUM,0,2021-01-01,2026-01-01,2021-01-01,2026-01-01,Union Pacific Corp,LATEST_IN_MEMBERSHIP_SEC_NPORT_NAME,STABLE,union pacific corp,union pacific,union pacific,CONSERVATIVE_LEGAL_CORE,STATE_NAME,EXACT_NORMALIZED_GKG_ORGANIZATION,H3_PIT_ATTENTION_ALIAS_POLICY_V5,c18b1ce9c421f52afb3d0d2ea85fe4e1e4f282fa5d14a85cefd9ccf21da2bb40,0
UPS,0001090727,STAGE3B2_CANDIDATE_CIK,UPS,LOW,0,2021-01-01,2026-01-01,2021-01-01,2026-01-01,United Parcel Service Inc,LATEST_IN_MEMBERSHIP_SEC_NPORT_NAME,STABLE,united parcel service inc,united parcel service,united parcel service,CONSERVATIVE_LEGAL_CORE,STATE_NAME,EXACT_NORMALIZED_GKG_ORGANIZATION,H3_PIT_ATTENTION_ALIAS_POLICY_V5,c18b1ce9c421f52afb3d0d2ea85fe4e1e4f282fa5d14a85cefd9ccf21da2bb40,0
URI,0001067701,STAGE3B2_CANDIDATE_CIK,URI,MEDIUM,0,2021-01-01,2026-01-01,2021-01-01,2026-01-01,United Rentals Inc,LATEST_IN_MEMBERSHIP_SEC_NPORT_NAME,STABLE,united rentals inc,united rentals,united rentals,CONSERVATIVE_LEGAL_CORE,STATE_NAME,EXACT_NORMALIZED_GKG_ORGANIZATION,H3_PIT_ATTENTION_ALIAS_POLICY_V5,c18b1ce9c421f52afb3d0d2ea85fe4e1e4f282fa5d14a85cefd9ccf21da2bb40,0
USB,0000036104,STAGE3B2_CANDIDATE_CIK,USB,MEDIUM,0,2021-01-01,2026-01-01,2021-01-01,2026-01-01,US Bancorp,LATEST_IN_MEMBERSHIP_SEC_NPORT_NAME,STABLE,us bancorp,us bancorp,us bancorp,CONSERVATIVE_LEGAL_CORE,STATE_NAME,EXACT_NORMALIZED_GKG_ORGANIZATION,H3_PIT_ATTENTION_ALIAS_POLICY_V5,c18b1ce9c421f52afb3d0d2ea85fe4e1e4f282fa5d14a85cefd9ccf21da2bb40,0
V,0001403161,STAGE3B2_CANDIDATE_CIK,V,LOW,0,2021-01-01,2026-01-01,2021-01-01,2026-01-01,Visa Inc,LATEST_IN_MEMBERSHIP_SEC_NPORT_NAME,STABLE,visa inc,visa,visa,CONSERVATIVE_LEGAL_CORE,STATE_NAME,EXACT_NORMALIZED_GKG_ORGANIZATION,H3_PIT_ATTENTION_ALIAS_POLICY_V5,c18b1ce9c421f52afb3d0d2ea85fe4e1e4f282fa5d14a85cefd9ccf21da2bb40,0
VAR,0000203527,STAGE3I_RESOLVED_CIK,VAR,LOW,0,2021-01-01,2021-04-20,2021-01-01,2021-04-20,Varian Medical Systems,STAGE3I_MEMBERSHIP_NAME,STABLE,varian medical systems,varian medical systems,varian medical systems,CONSERVATIVE_LEGAL_CORE,STATE_NAME,EXACT_NORMALIZED_GKG_ORGANIZATION,H3_PIT_ATTENTION_ALIAS_POLICY_V5,c18b1ce9c421f52afb3d0d2ea85fe4e1e4f282fa5d14a85cefd9ccf21da2bb40,0
VFC,0000103379,STAGE3I_RESOLVED_CIK,VFC,HIGH,0,2021-01-01,2024-04-03,2021-01-01,2024-04-03,V.F.,STAGE3I_MEMBERSHIP_NAME,STABLE,v f,v f,v f,FULL_AUTHORITATIVE_NAME_PRECISION_CONTROL,STATE_NAME,EXACT_NORMALIZED_GKG_ORGANIZATION,H3_PIT_ATTENTION_ALIAS_POLICY_V5,c18b1ce9c421f52afb3d0d2ea85fe4e1e4f282fa5d14a85cefd9ccf21da2bb40,0
VICI,0001705696,STAGE3B2_CANDIDATE_CIK,VICI,MEDIUM,0,2022-06-08,2026-01-01,2022-06-08,2026-01-01,VICI Properties Inc,LATEST_IN_MEMBERSHIP_SEC_NPORT_NAME,STABLE,vici properties inc,vici properties,vici properties,CONSERVATIVE_LEGAL_CORE,STATE_NAME,EXACT_NORMALIZED_GKG_ORGANIZATION,H3_PIT_ATTENTION_ALIAS_POLICY_V5,c18b1ce9c421f52afb3d0d2ea85fe4e1e4f282fa5d14a85cefd9ccf21da2bb40,0
VLO,,,VLO,MEDIUM,0,2021-01-01,2026-01-01,2021-01-01,2026-01-01,Valero Energy Corp,LATEST_IN_MEMBERSHIP_SEC_NPORT_NAME,STABLE,valero energy corp,valero energy,valero energy,CONSERVATIVE_LEGAL_CORE,STATE_NAME,EXACT_NORMALIZED_GKG_ORGANIZATION,H3_PIT_ATTENTION_ALIAS_POLICY_V5,c18b1ce9c421f52afb3d0d2ea85fe4e1e4f282fa5d14a85cefd9ccf21da2bb40,0
VLTO,0001967680,STAGE3B2_CANDIDATE_CIK,VLTO,HIGH,0,2023-10-02,2026-01-01,2023-10-02,2026-01-01,Veralto Corp,LATEST_IN_MEMBERSHIP_SEC_NPORT_NAME,STABLE,veralto corp,veralto,veralto corp,FULL_AUTHORITATIVE_NAME_PRECISION_CONTROL,STATE_NAME,EXACT_NORMALIZED_GKG_ORGANIZATION,H3_PIT_ATTENTION_ALIAS_POLICY_V5,c18b1ce9c421f52afb3d0d2ea85fe4e1e4f282fa5d14a85cefd9ccf21da2bb40,0
VMC,0001396009,STAGE3B2_CANDIDATE_CIK,VMC,MEDIUM,0,2021-01-01,2026-01-01,2021-01-01,2026-01-01,Vulcan Materials Co,LATEST_IN_MEMBERSHIP_SEC_NPORT_NAME,STABLE,vulcan materials co,vulcan materials,vulcan materials,CONSERVATIVE_LEGAL_CORE,STATE_NAME,EXACT_NORMALIZED_GKG_ORGANIZATION,H3_PIT_ATTENTION_ALIAS_POLICY_V5,c18b1ce9c421f52afb3d0d2ea85fe4e1e4f282fa5d14a85cefd9ccf21da2bb40,0
VNO,0000899689,STAGE3I_RESOLVED_CIK,VNO,LOW,0,2021-01-01,2023-01-05,2021-01-01,2023-01-05,Vornado Realty Trust,STAGE3I_MEMBERSHIP_NAME,STABLE,vornado realty trust,vornado realty trust,vornado realty trust,CONSERVATIVE_LEGAL_CORE,STATE_NAME,EXACT_NORMALIZED_GKG_ORGANIZATION,H3_PIT_ATTENTION_ALIAS_POLICY_V5,c18b1ce9c421f52afb3d0d2ea85fe4e1e4f282fa5d14a85cefd9ccf21da2bb40,0
VNT,0001786842,STAGE3I_RESOLVED_CIK,VNT,HIGH,0,2021-01-01,2021-03-22,2021-01-01,2021-03-22,Vontier,STAGE3I_MEMBERSHIP_NAME,STABLE,vontier,vontier,vontier,FULL_AUTHORITATIVE_NAME_PRECISION_CONTROL,STATE_NAME,EXACT_NORMALIZED_GKG_ORGANIZATION,H3_PIT_ATTENTION_ALIAS_POLICY_V5,c18b1ce9c421f52afb3d0d2ea85fe4e1e4f282fa5d14a85cefd9ccf21da2bb40,0
VRSK,0001442145,STAGE3B2_CANDIDATE_CIK,VRSK,MEDIUM,0,2021-01-01,2026-01-01,2021-01-01,2026-01-01,Verisk Analytics Inc,LATEST_IN_MEMBERSHIP_SEC_NPORT_NAME,STABLE,verisk analytics inc,verisk analytics,verisk analytics,CONSERVATIVE_LEGAL_CORE,STATE_NAME,EXACT_NORMALIZED_GKG_ORGANIZATION,H3_PIT_ATTENTION_ALIAS_POLICY_V5,c18b1ce9c421f52afb3d0d2ea85fe4e1e4f282fa5d14a85cefd9ccf21da2bb40,0
VRSN,0001014473,STAGE3B2_CANDIDATE_CIK,VRSN,HIGH,0,2021-01-01,2026-01-01,2021-01-01,2026-01-01,VeriSign Inc,LATEST_IN_MEMBERSHIP_SEC_NPORT_NAME,STABLE,verisign inc,verisign,verisign inc,FULL_AUTHORITATIVE_NAME_PRECISION_CONTROL,STATE_NAME,EXACT_NORMALIZED_GKG_ORGANIZATION,H3_PIT_ATTENTION_ALIAS_POLICY_V5,c18b1ce9c421f52afb3d0d2ea85fe4e1e4f282fa5d14a85cefd9ccf21da2bb40,0
VRTX,0000875320,STAGE3B2_CANDIDATE_CIK,VRTX,MEDIUM,0,2021-01-01,2026-01-01,2021-01-01,2026-01-01,Vertex Pharmaceuticals Inc,LATEST_IN_MEMBERSHIP_SEC_NPORT_NAME,STABLE,vertex pharmaceuticals inc,vertex pharmaceuticals,vertex pharmaceuticals,CONSERVATIVE_LEGAL_CORE,STATE_NAME,EXACT_NORMALIZED_GKG_ORGANIZATION,H3_PIT_ATTENTION_ALIAS_POLICY_V5,c18b1ce9c421f52afb3d0d2ea85fe4e1e4f282fa5d14a85cefd9ccf21da2bb40,0
VST,0001692819,STAGE3B2_CANDIDATE_CIK,VST,HIGH,0,2024-05-08,2026-01-01,2024-05-08,2026-01-01,Vistra Corp,LATEST_IN_MEMBERSHIP_SEC_NPORT_NAME,STABLE,vistra corp,vistra,vistra corp,FULL_AUTHORITATIVE_NAME_PRECISION_CONTROL,STATE_NAME,EXACT_NORMALIZED_GKG_ORGANIZATION,H3_PIT_ATTENTION_ALIAS_POLICY_V5,c18b1ce9c421f52afb3d0d2ea85fe4e1e4f282fa5d14a85cefd9ccf21da2bb40,0
VTR,0000740260,STAGE3B2_CANDIDATE_CIK,VTR,HIGH,0,2021-01-01,2026-01-01,2021-01-01,2026-01-01,Ventas Inc,LATEST_IN_MEMBERSHIP_SEC_NPORT_NAME,STABLE,ventas inc,ventas,ventas inc,FULL_AUTHORITATIVE_NAME_PRECISION_CONTROL,STATE_NAME,EXACT_NORMALIZED_GKG_ORGANIZATION,H3_PIT_ATTENTION_ALIAS_POLICY_V5,c18b1ce9c421f52afb3d0d2ea85fe4e1e4f282fa5d14a85cefd9ccf21da2bb40,0
VTRS,0001792044,STAGE3B2_CANDIDATE_CIK,VTRS,HIGH,0,2021-01-01,2026-01-01,2021-01-01,2026-01-01,Viatris Inc,LATEST_IN_MEMBERSHIP_SEC_NPORT_NAME,STABLE,viatris inc,viatris,viatris inc,FULL_AUTHORITATIVE_NAME_PRECISION_CONTROL,STATE_NAME,EXACT_NORMALIZED_GKG_ORGANIZATION,H3_PIT_ATTENTION_ALIAS_POLICY_V5,c18b1ce9c421f52afb3d0d2ea85fe4e1e4f282fa5d14a85cefd9ccf21da2bb40,0
VZ,0000732712,STAGE3B2_CANDIDATE_CIK,VZ,MEDIUM,0,2021-01-01,2026-01-01,2021-01-01,2026-01-01,Verizon Communications Inc,LATEST_IN_MEMBERSHIP_SEC_NPORT_NAME,STABLE,verizon communications inc,verizon communications,verizon communications,CONSERVATIVE_LEGAL_CORE,STATE_NAME,EXACT_NORMALIZED_GKG_ORGANIZATION,H3_PIT_ATTENTION_ALIAS_POLICY_V5,c18b1ce9c421f52afb3d0d2ea85fe4e1e4f282fa5d14a85cefd9ccf21da2bb40,0
WAB,0000943452,STAGE3B2_CANDIDATE_CIK,WAB,HIGH,0,2021-01-01,2026-01-01,2021-01-01,2026-01-01,Westinghouse Air Brake Technologies Corp,LATEST_IN_MEMBERSHIP_SEC_NPORT_NAME,STABLE,westinghouse air brake technologies corp,westinghouse air brake technologies,westinghouse air brake technologies corp,FULL_AUTHORITATIVE_NAME_PRECISION_CONTROL,STATE_NAME,EXACT_NORMALIZED_GKG_ORGANIZATION,H3_PIT_ATTENTION_ALIAS_POLICY_V5,c18b1ce9c421f52afb3d0d2ea85fe4e1e4f282fa5d14a85cefd9ccf21da2bb40,0
WAT,,,WAT,HIGH,0,2021-01-01,2026-01-01,2021-01-01,2026-01-01,Waters Corp,LATEST_IN_MEMBERSHIP_SEC_NPORT_NAME,STABLE,waters corp,waters,waters corp,FULL_AUTHORITATIVE_NAME_PRECISION_CONTROL,STATE_NAME,EXACT_NORMALIZED_GKG_ORGANIZATION,H3_PIT_ATTENTION_ALIAS_POLICY_V5,c18b1ce9c421f52afb3d0d2ea85fe4e1e4f282fa5d14a85cefd9ccf21da2bb40,0
WBA,0001618921,STAGE3I_RESOLVED_CIK,WBA,LOW,0,2021-01-01,2025-08-28,2021-01-01,2025-08-28,Walgreens Boots Alliance,STAGE3I_MEMBERSHIP_NAME,STABLE,walgreens boots alliance,walgreens boots alliance,walgreens boots alliance,CONSERVATIVE_LEGAL_CORE,STATE_NAME,EXACT_NORMALIZED_GKG_ORGANIZATION,H3_PIT_ATTENTION_ALIAS_POLICY_V5,c18b1ce9c421f52afb3d0d2ea85fe4e1e4f282fa5d14a85cefd9ccf21da2bb40,0
WBD,0001437107,STAGE3G_SAMPLE_CIK,WBD,LOW,0,2022-04-11,2026-01-01,2022-04-11,2026-01-01,"Warner Bros. Discovery, Inc.",STAGE3G_AUTHORITATIVE_SAMPLE_NAME,STABLE,warner bros discovery inc,warner bros discovery,warner bros discovery,CONSERVATIVE_LEGAL_CORE,STATE_NAME,EXACT_NORMALIZED_GKG_ORGANIZATION,H3_PIT_ATTENTION_ALIAS_POLICY_V5,c18b1ce9c421f52afb3d0d2ea85fe4e1e4f282fa5d14a85cefd9ccf21da2bb40,0
WDAY,0001327811,STAGE3B2_CANDIDATE_CIK,WDAY,HIGH,0,2024-12-23,2026-01-01,2024-12-23,2026-01-01,Workday Inc,LATEST_IN_MEMBERSHIP_SEC_NPORT_NAME,STABLE,workday inc,workday,workday inc,FULL_AUTHORITATIVE_NAME_PRECISION_CONTROL,STATE_NAME,EXACT_NORMALIZED_GKG_ORGANIZATION,H3_PIT_ATTENTION_ALIAS_POLICY_V5,c18b1ce9c421f52afb3d0d2ea85fe4e1e4f282fa5d14a85cefd9ccf21da2bb40,0
WDC,0000106040,STAGE3B2_CANDIDATE_CIK,WDC,MEDIUM,0,2021-01-01,2026-01-01,2021-01-01,2026-01-01,Western Digital Corp,LATEST_IN_MEMBERSHIP_SEC_NPORT_NAME,STABLE,western digital corp,western digital,western digital,CONSERVATIVE_LEGAL_CORE,STATE_NAME,EXACT_NORMALIZED_GKG_ORGANIZATION,H3_PIT_ATTENTION_ALIAS_POLICY_V5,c18b1ce9c421f52afb3d0d2ea85fe4e1e4f282fa5d14a85cefd9ccf21da2bb40,0
WEC,0000783325,STAGE3B2_CANDIDATE_CIK,WEC,LOW,0,2021-01-01,2026-01-01,2021-01-01,2026-01-01,WEC Energy Group Inc,LATEST_IN_MEMBERSHIP_SEC_NPORT_NAME,STABLE,wec energy group inc,wec energy group,wec energy group,CONSERVATIVE_LEGAL_CORE,STATE_NAME,EXACT_NORMALIZED_GKG_ORGANIZATION,H3_PIT_ATTENTION_ALIAS_POLICY_V5,c18b1ce9c421f52afb3d0d2ea85fe4e1e4f282fa5d14a85cefd9ccf21da2bb40,0
WELL,0000766704,STAGE3B2_CANDIDATE_CIK,WELL,HIGH,0,2021-01-01,2026-01-01,2021-01-01,2026-01-01,Welltower Inc,LATEST_IN_MEMBERSHIP_SEC_NPORT_NAME,STABLE,welltower inc,welltower,welltower inc,FULL_AUTHORITATIVE_NAME_PRECISION_CONTROL,STATE_NAME,EXACT_NORMALIZED_GKG_ORGANIZATION,H3_PIT_ATTENTION_ALIAS_POLICY_V5,c18b1ce9c421f52afb3d0d2ea85fe4e1e4f282fa5d14a85cefd9ccf21da2bb40,0
WFC,0000072971,STAGE3G_SAMPLE_CIK,WFC,MEDIUM,0,2021-01-01,2026-01-01,2021-01-01,2026-01-01,Wells Fargo & Company,STAGE3G_AUTHORITATIVE_SAMPLE_NAME,STABLE,wells fargo and company,wells fargo and,wells fargo and,CONSERVATIVE_LEGAL_CORE,STATE_NAME,EXACT_NORMALIZED_GKG_ORGANIZATION,H3_PIT_ATTENTION_ALIAS_POLICY_V5,c18b1ce9c421f52afb3d0d2ea85fe4e1e4f282fa5d14a85cefd9ccf21da2bb40,0
WHR,0000106640,STAGE3I_RESOLVED_CIK,WHR,HIGH,0,2021-01-01,2024-03-18,2021-01-01,2024-03-18,Whirlpool,STAGE3I_MEMBERSHIP_NAME,STABLE,whirlpool,whirlpool,whirlpool,FULL_AUTHORITATIVE_NAME_PRECISION_CONTROL,STATE_NAME,EXACT_NORMALIZED_GKG_ORGANIZATION,H3_PIT_ATTENTION_ALIAS_POLICY_V5,c18b1ce9c421f52afb3d0d2ea85fe4e1e4f282fa5d14a85cefd9ccf21da2bb40,0
WM,0000823768,STAGE3B2_CANDIDATE_CIK,WM,MEDIUM,0,2021-01-01,2026-01-01,2021-01-01,2026-01-01,Waste Management Inc,LATEST_IN_MEMBERSHIP_SEC_NPORT_NAME,STABLE,waste management inc,waste management,waste management,CONSERVATIVE_LEGAL_CORE,STATE_NAME,EXACT_NORMALIZED_GKG_ORGANIZATION,H3_PIT_ATTENTION_ALIAS_POLICY_V5,c18b1ce9c421f52afb3d0d2ea85fe4e1e4f282fa5d14a85cefd9ccf21da2bb40,0
WMB,,,WMB,MEDIUM,0,2021-01-01,2026-01-01,2021-01-01,2026-01-01,Williams Cos Inc/The,LATEST_IN_MEMBERSHIP_SEC_NPORT_NAME,STABLE,williams cos inc,williams cos,williams cos,CONSERVATIVE_LEGAL_CORE,STATE_NAME,EXACT_NORMALIZED_GKG_ORGANIZATION,H3_PIT_ATTENTION_ALIAS_POLICY_V5,c18b1ce9c421f52afb3d0d2ea85fe4e1e4f282fa5d14a85cefd9ccf21da2bb40,0
WMT,0000104169,STAGE3B2_CANDIDATE_CIK,WMT,HIGH,0,2021-01-01,2026-01-01,2021-01-01,2026-01-01,Walmart Inc,LATEST_IN_MEMBERSHIP_SEC_NPORT_NAME,STABLE,walmart inc,walmart,walmart inc,FULL_AUTHORITATIVE_NAME_PRECISION_CONTROL,STATE_NAME,EXACT_NORMALIZED_GKG_ORGANIZATION,H3_PIT_ATTENTION_ALIAS_POLICY_V5,c18b1ce9c421f52afb3d0d2ea85fe4e1e4f282fa5d14a85cefd9ccf21da2bb40,0
WRB,0000011544,STAGE3G_SAMPLE_CIK,WRB,MEDIUM,0,2021-01-01,2026-01-01,2021-01-01,2026-01-01,W. R. Berkley Corporation,STAGE3G_AUTHORITATIVE_SAMPLE_NAME,STABLE,w r berkley corporation,w r berkley,w r berkley,CONSERVATIVE_LEGAL_CORE,STATE_NAME,EXACT_NORMALIZED_GKG_ORGANIZATION,H3_PIT_ATTENTION_ALIAS_POLICY_V5,c18b1ce9c421f52afb3d0d2ea85fe4e1e4f282fa5d14a85cefd9ccf21da2bb40,0
WSM,0000719955,STAGE3B2_CANDIDATE_CIK,WSM,MEDIUM,0,2025-03-24,2026-01-01,2025-03-24,2026-01-01,Williams-Sonoma Inc,LATEST_IN_MEMBERSHIP_SEC_NPORT_NAME,STABLE,williams sonoma inc,williams sonoma,williams sonoma,CONSERVATIVE_LEGAL_CORE,STATE_NAME,EXACT_NORMALIZED_GKG_ORGANIZATION,H3_PIT_ATTENTION_ALIAS_POLICY_V5,c18b1ce9c421f52afb3d0d2ea85fe4e1e4f282fa5d14a85cefd9ccf21da2bb40,0
WST,0000105770,STAGE3B2_CANDIDATE_CIK,WST,LOW,0,2021-01-01,2026-01-01,2021-01-01,2026-01-01,West Pharmaceutical Services Inc,LATEST_IN_MEMBERSHIP_SEC_NPORT_NAME,STABLE,west pharmaceutical services inc,west pharmaceutical services,west pharmaceutical services,CONSERVATIVE_LEGAL_CORE,STATE_NAME,EXACT_NORMALIZED_GKG_ORGANIZATION,H3_PIT_ATTENTION_ALIAS_POLICY_V5,c18b1ce9c421f52afb3d0d2ea85fe4e1e4f282fa5d14a85cefd9ccf21da2bb40,0
WTW,0001140536,STAGE3B2_CANDIDATE_CIK,WTW,LOW,0,2021-01-01,2026-01-01,2021-01-01,2026-01-01,Willis Towers Watson PLC,LATEST_IN_MEMBERSHIP_SEC_NPORT_NAME,STABLE,willis towers watson plc,willis towers watson,willis towers watson,CONSERVATIVE_LEGAL_CORE,STATE_NAME,EXACT_NORMALIZED_GKG_ORGANIZATION,H3_PIT_ATTENTION_ALIAS_POLICY_V5,c18b1ce9c421f52afb3d0d2ea85fe4e1e4f282fa5d14a85cefd9ccf21da2bb40,0
WU,0001365135,STAGE3I_RESOLVED_CIK,WU,LOW,0,2021-01-01,2021-12-20,2021-01-01,2021-12-20,The Western Union,STAGE3I_MEMBERSHIP_NAME,STABLE,western union,western union,western union,CONSERVATIVE_LEGAL_CORE,STATE_NAME,EXACT_NORMALIZED_GKG_ORGANIZATION,H3_PIT_ATTENTION_ALIAS_POLICY_V5,c18b1ce9c421f52afb3d0d2ea85fe4e1e4f282fa5d14a85cefd9ccf21da2bb40,0
WY,0000106535,STAGE3B2_CANDIDATE_CIK,WY,HIGH,0,2021-01-01,2026-01-01,2021-01-01,2026-01-01,Weyerhaeuser Co,LATEST_IN_MEMBERSHIP_SEC_NPORT_NAME,STABLE,weyerhaeuser co,weyerhaeuser,weyerhaeuser co,FULL_AUTHORITATIVE_NAME_PRECISION_CONTROL,STATE_NAME,EXACT_NORMALIZED_GKG_ORGANIZATION,H3_PIT_ATTENTION_ALIAS_POLICY_V5,c18b1ce9c421f52afb3d0d2ea85fe4e1e4f282fa5d14a85cefd9ccf21da2bb40,0
WYNN,0001174922,STAGE3B2_CANDIDATE_CIK,WYNN,MEDIUM,0,2021-01-01,2026-01-01,2021-01-01,2026-01-01,Wynn Resorts Ltd,LATEST_IN_MEMBERSHIP_SEC_NPORT_NAME,STABLE,wynn resorts ltd,wynn resorts,wynn resorts,CONSERVATIVE_LEGAL_CORE,STATE_NAME,EXACT_NORMALIZED_GKG_ORGANIZATION,H3_PIT_ATTENTION_ALIAS_POLICY_V5,c18b1ce9c421f52afb3d0d2ea85fe4e1e4f282fa5d14a85cefd9ccf21da2bb40,0
XEL,0000072903,STAGE3B2_CANDIDATE_CIK,XEL,MEDIUM,0,2021-01-01,2026-01-01,2021-01-01,2026-01-01,Xcel Energy Inc,LATEST_IN_MEMBERSHIP_SEC_NPORT_NAME,STABLE,xcel energy inc,xcel energy,xcel energy,CONSERVATIVE_LEGAL_CORE,STATE_NAME,EXACT_NORMALIZED_GKG_ORGANIZATION,H3_PIT_ATTENTION_ALIAS_POLICY_V5,c18b1ce9c421f52afb3d0d2ea85fe4e1e4f282fa5d14a85cefd9ccf21da2bb40,0
XLNX,0000743988,STAGE3I_RESOLVED_CIK,XLNX,HIGH,0,2021-01-01,2022-02-15,2021-01-01,2022-02-15,Xilinx,STAGE3I_MEMBERSHIP_NAME,STABLE,xilinx,xilinx,xilinx,FULL_AUTHORITATIVE_NAME_PRECISION_CONTROL,STATE_NAME,EXACT_NORMALIZED_GKG_ORGANIZATION,H3_PIT_ATTENTION_ALIAS_POLICY_V5,c18b1ce9c421f52afb3d0d2ea85fe4e1e4f282fa5d14a85cefd9ccf21da2bb40,0
XOM,0000034088,STAGE3G_SAMPLE_CIK,XOM,HIGH,0,2021-01-01,2026-01-01,2021-01-01,2026-01-01,Exxon Mobil Corporation,STAGE3G_AUTHORITATIVE_SAMPLE_NAME,STABLE,exxon mobil corporation,exxon mobil,exxon mobil corporation,FULL_AUTHORITATIVE_NAME_PRECISION_CONTROL,STATE_NAME,EXACT_NORMALIZED_GKG_ORGANIZATION,H3_PIT_ATTENTION_ALIAS_POLICY_V5,c18b1ce9c421f52afb3d0d2ea85fe4e1e4f282fa5d14a85cefd9ccf21da2bb40,0
XRAY,0000818479,STAGE3I_RESOLVED_CIK,XRAY,MEDIUM,0,2021-01-01,2024-04-03,2021-01-01,2024-04-03,Dentsply Sirona,STAGE3I_MEMBERSHIP_NAME,STABLE,dentsply sirona,dentsply sirona,dentsply sirona,CONSERVATIVE_LEGAL_CORE,STATE_NAME,EXACT_NORMALIZED_GKG_ORGANIZATION,H3_PIT_ATTENTION_ALIAS_POLICY_V5,c18b1ce9c421f52afb3d0d2ea85fe4e1e4f282fa5d14a85cefd9ccf21da2bb40,0
XRX,0001770450,STAGE3I_RESOLVED_CIK,XRX,HIGH,0,2021-01-01,2021-03-22,2021-01-01,2021-03-22,Xerox Holdings,STAGE3I_MEMBERSHIP_NAME,STABLE,xerox holdings,xerox holdings,xerox holdings,FULL_AUTHORITATIVE_NAME_PRECISION_CONTROL,STATE_NAME,EXACT_NORMALIZED_GKG_ORGANIZATION,H3_PIT_ATTENTION_ALIAS_POLICY_V5,c18b1ce9c421f52afb3d0d2ea85fe4e1e4f282fa5d14a85cefd9ccf21da2bb40,0
XYL,0001524472,STAGE3G_SAMPLE_CIK,XYL,HIGH,0,2021-01-01,2026-01-01,2021-01-01,2026-01-01,Xylem Inc.,STAGE3G_AUTHORITATIVE_SAMPLE_NAME,STABLE,xylem inc,xylem,xylem inc,FULL_AUTHORITATIVE_NAME_PRECISION_CONTROL,STATE_NAME,EXACT_NORMALIZED_GKG_ORGANIZATION,H3_PIT_ATTENTION_ALIAS_POLICY_V5,c18b1ce9c421f52afb3d0d2ea85fe4e1e4f282fa5d14a85cefd9ccf21da2bb40,0
XYZ,0001512673,STAGE3G_SAMPLE_CIK,XYZ,HIGH,0,2025-07-23,2026-01-01,2025-07-23,2026-01-01,"Block, Inc.",STAGE3G_AUTHORITATIVE_SAMPLE_NAME,STABLE,block inc,block,block inc,FULL_AUTHORITATIVE_NAME_PRECISION_CONTROL,STATE_NAME,EXACT_NORMALIZED_GKG_ORGANIZATION,H3_PIT_ATTENTION_ALIAS_POLICY_V5,c18b1ce9c421f52afb3d0d2ea85fe4e1e4f282fa5d14a85cefd9ccf21da2bb40,0
YUM,0001041061,STAGE3B2_CANDIDATE_CIK,YUM,MEDIUM,0,2021-01-01,2026-01-01,2021-01-01,2026-01-01,Yum! Brands Inc,LATEST_IN_MEMBERSHIP_SEC_NPORT_NAME,STABLE,yum brands inc,yum brands,yum brands,CONSERVATIVE_LEGAL_CORE,STATE_NAME,EXACT_NORMALIZED_GKG_ORGANIZATION,H3_PIT_ATTENTION_ALIAS_POLICY_V5,c18b1ce9c421f52afb3d0d2ea85fe4e1e4f282fa5d14a85cefd9ccf21da2bb40,0
ZBH,0001136869,STAGE3B2_CANDIDATE_CIK,ZBH,MEDIUM,0,2021-01-01,2026-01-01,2021-01-01,2026-01-01,Zimmer Biomet Holdings Inc,LATEST_IN_MEMBERSHIP_SEC_NPORT_NAME,STABLE,zimmer biomet holdings inc,zimmer biomet holdings,zimmer biomet holdings,CONSERVATIVE_LEGAL_CORE,STATE_NAME,EXACT_NORMALIZED_GKG_ORGANIZATION,H3_PIT_ATTENTION_ALIAS_POLICY_V5,c18b1ce9c421f52afb3d0d2ea85fe4e1e4f282fa5d14a85cefd9ccf21da2bb40,0
ZBRA,0000877212,STAGE3B2_CANDIDATE_CIK,ZBRA,LOW,0,2021-01-01,2026-01-01,2021-01-01,2026-01-01,Zebra Technologies Corp,LATEST_IN_MEMBERSHIP_SEC_NPORT_NAME,STABLE,zebra technologies corp,zebra technologies,zebra technologies,CONSERVATIVE_LEGAL_CORE,STATE_NAME,EXACT_NORMALIZED_GKG_ORGANIZATION,H3_PIT_ATTENTION_ALIAS_POLICY_V5,c18b1ce9c421f52afb3d0d2ea85fe4e1e4f282fa5d14a85cefd9ccf21da2bb40,0
ZION,0001642140,STAGE3I_RESOLVED_CIK,ZION,MEDIUM,0,2021-01-01,2024-03-18,2021-01-01,2024-03-18,Zions Bancorporation,STAGE3I_MEMBERSHIP_NAME,STABLE,zions bancorporation,zions bancorporation,zions bancorporation,CONSERVATIVE_LEGAL_CORE,STATE_NAME,EXACT_NORMALIZED_GKG_ORGANIZATION,H3_PIT_ATTENTION_ALIAS_POLICY_V5,c18b1ce9c421f52afb3d0d2ea85fe4e1e4f282fa5d14a85cefd9ccf21da2bb40,0
ZTS,0001555280,STAGE3B2_CANDIDATE_CIK,ZTS,HIGH,0,2021-01-01,2026-01-01,2021-01-01,2026-01-01,Zoetis Inc,LATEST_IN_MEMBERSHIP_SEC_NPORT_NAME,STABLE,zoetis inc,zoetis,zoetis inc,FULL_AUTHORITATIVE_NAME_PRECISION_CONTROL,STATE_NAME,EXACT_NORMALIZED_GKG_ORGANIZATION,H3_PIT_ATTENTION_ALIAS_POLICY_V5,c18b1ce9c421f52afb3d0d2ea85fe4e1e4f282fa5d14a85cefd9ccf21da2bb40,0
