security_key,latest_project_ticker,canonical_company_name,exact_legal_name_alias,structural_ambiguity_tier,historical_name_review_flag,ticker_like_exact_name_flag,ticker_candidate_ciks_pipe,current_exact_name_ciks_pipe,historical_exact_name_ciks_pipe,candidate_sec_cik,mapping_status,mapping_rationale,sec_current_name,sec_current_name_normalized,sec_tickers_pipe,former_name_count,sec_current_name_exact_match_flag,former_name_evidence_flag,sec_resolution_review_flag,review_priority,review_reason
ABMD,ABMD,Abiomed,abiomed,HIGH,1,0,,,,,UNRESOLVED,No unique SEC ticker or exact-name mapping.,,,,,0,0,1,1,SEC CIK mapping not auto-resolved; Stage 3A PIT/name-history review flag; SEC current name differs from project exact name
ANSS,ANSS,ANSYS,ansys,HIGH,1,0,,,,,UNRESOLVED,No unique SEC ticker or exact-name mapping.,,,,,0,0,1,1,SEC CIK mapping not auto-resolved; Stage 3A PIT/name-history review flag; SEC current name differs from project exact name
CERN,CERN,Cerner,cerner,HIGH,1,0,,,,,UNRESOLVED,No unique SEC ticker or exact-name mapping.,,,,,0,0,1,1,SEC CIK mapping not auto-resolved; Stage 3A PIT/name-history review flag; SEC current name differs from project exact name
CMA,CMA,Comerica,comerica,HIGH,1,0,,,,,UNRESOLVED,No unique SEC ticker or exact-name mapping.,,,,,0,0,1,1,SEC CIK mapping not auto-resolved; Stage 3A PIT/name-history review flag; SEC current name differs from project exact name
CTLT,CTLT,Catalent,catalent,HIGH,1,0,,,,,UNRESOLVED,No unique SEC ticker or exact-name mapping.,,,,,0,0,1,1,SEC CIK mapping not auto-resolved; Stage 3A PIT/name-history review flag; SEC current name differs from project exact name
DHR,DHR,DANAHER CORP,danaher corp,HIGH,1,0,0000313616,,0000755230,,REVIEW_CONFLICT,Unique ticker candidate 0000313616 conflicts with unique exact-name candidate 0000755230.,,,,,0,0,1,1,SEC CIK mapping not auto-resolved; Stage 3A PIT/name-history review flag; SEC current name differs from project exact name
GPS,GPS,Gap,gap,HIGH,1,0,,,,,UNRESOLVED,No unique SEC ticker or exact-name mapping.,,,,,0,0,1,1,SEC CIK mapping not auto-resolved; Stage 3A PIT/name-history review flag; SEC current name differs from project exact name
HBI,HBI,Hanesbrands,hanesbrands,HIGH,1,0,,,,,UNRESOLVED,No unique SEC ticker or exact-name mapping.,,,,,0,0,1,1,SEC CIK mapping not auto-resolved; Stage 3A PIT/name-history review flag; SEC current name differs from project exact name
HES,HES,Hess,hess,HIGH,1,0,,,,,UNRESOLVED,No unique SEC ticker or exact-name mapping.,,,,,0,0,1,1,SEC CIK mapping not auto-resolved; Stage 3A PIT/name-history review flag; SEC current name differs from project exact name
HFC,HFC,HollyFrontier,hollyfrontier,HIGH,1,0,,,,,UNRESOLVED,No unique SEC ticker or exact-name mapping.,,,,,0,0,1,1,SEC CIK mapping not auto-resolved; Stage 3A PIT/name-history review flag; SEC current name differs from project exact name
HOLX,HOLX,Hologic,hologic,HIGH,1,0,,,,,UNRESOLVED,No unique SEC ticker or exact-name mapping.,,,,,0,0,1,1,SEC CIK mapping not auto-resolved; Stage 3A PIT/name-history review flag; SEC current name differs from project exact name
KEY,KEY,KEYCORP,keycorp,HIGH,1,0,0000091576,,0000036208,,REVIEW_CONFLICT,Unique ticker candidate 0000091576 conflicts with unique exact-name candidate 0000036208.,,,,,0,0,1,1,SEC CIK mapping not auto-resolved; Stage 3A PIT/name-history review flag; SEC current name differs from project exact name
NLSN,NLSN,Nielsen Holdings,nielsen holdings,HIGH,1,0,,,,,UNRESOLVED,No unique SEC ticker or exact-name mapping.,,,,,0,0,1,1,SEC CIK mapping not auto-resolved; Stage 3A PIT/name-history review flag; SEC current name differs from project exact name
OKE,OKE,ONEOK INC,oneok inc,HIGH,1,0,0001039684,,0000074154,,REVIEW_CONFLICT,Unique ticker candidate 0001039684 conflicts with unique exact-name candidate 0000074154.,,,,,0,0,1,1,SEC CIK mapping not auto-resolved; Stage 3A PIT/name-history review flag; SEC current name differs from project exact name
TWTR,TWTR,Twitter,twitter,HIGH,1,0,,,,,UNRESOLVED,No unique SEC ticker or exact-name mapping.,,,,,0,0,1,1,SEC CIK mapping not auto-resolved; Stage 3A PIT/name-history review flag; SEC current name differs from project exact name
WAT,WAT,WATERS CORP,waters corp,HIGH,1,0,0001000697,,0000930809,,REVIEW_CONFLICT,Unique ticker candidate 0001000697 conflicts with unique exact-name candidate 0000930809.,,,,,0,0,1,1,SEC CIK mapping not auto-resolved; Stage 3A PIT/name-history review flag; SEC current name differs from project exact name
XLNX,XLNX,Xilinx,xilinx,HIGH,1,0,,,,,UNRESOLVED,No unique SEC ticker or exact-name mapping.,,,,,0,0,1,1,SEC CIK mapping not auto-resolved; Stage 3A PIT/name-history review flag; SEC current name differs from project exact name
AWK,AWK,AMERICAN WATER WORKS CO INC,american water works co inc,LOW,0,0,0001410636,,0000318819,,REVIEW_CONFLICT,Unique ticker candidate 0001410636 conflicts with unique exact-name candidate 0000318819.,,,,,0,0,1,1,SEC CIK mapping not auto-resolved; SEC current name differs from project exact name
BAC,BAC,BANK OF AMERICA CORP,bank of america corp,LOW,0,0,0000070858,,0001085917,,REVIEW_CONFLICT,Unique ticker candidate 0000070858 conflicts with unique exact-name candidate 0001085917.,,,,,0,0,1,1,SEC CIK mapping not auto-resolved; SEC current name differs from project exact name
DISCA,DISCA,Discovery Inc Class A,discovery inc class a,LOW,0,0,,,,,UNRESOLVED,No unique SEC ticker or exact-name mapping.,,,,,0,0,1,1,SEC CIK mapping not auto-resolved; SEC current name differs from project exact name
DISCK,DISCK,Discovery Inc Class C,discovery inc class c,LOW,0,0,,,,,UNRESOLVED,No unique SEC ticker or exact-name mapping.,,,,,0,0,1,1,SEC CIK mapping not auto-resolved; SEC current name differs from project exact name
FBHS,FBHS,Fortune Brands Home & Security,fortune brands home and security,LOW,0,0,,,,,UNRESOLVED,No unique SEC ticker or exact-name mapping.,,,,,0,0,1,1,SEC CIK mapping not auto-resolved; SEC current name differs from project exact name
MXIM,MXIM,Maxim Integrated Products,maxim integrated products,LOW,0,0,,,,,UNRESOLVED,No unique SEC ticker or exact-name mapping.,,,,,0,0,1,1,SEC CIK mapping not auto-resolved; SEC current name differs from project exact name
PBCT,PBCT,People's United Financial,people s united financial,LOW,0,0,,,,,UNRESOLVED,No unique SEC ticker or exact-name mapping.,,,,,0,0,1,1,SEC CIK mapping not auto-resolved; SEC current name differs from project exact name
PXD,PXD,Pioneer Natural Resources,pioneer natural resources,LOW,0,0,,,,,UNRESOLVED,No unique SEC ticker or exact-name mapping.,,,,,0,0,1,1,SEC CIK mapping not auto-resolved; SEC current name differs from project exact name
TROW,TROW,T ROWE PRICE GROUP INC,t rowe price group inc,LOW,0,0,0001113169,,0001214556,,REVIEW_CONFLICT,Unique ticker candidate 0001113169 conflicts with unique exact-name candidate 0001214556.,,,,,0,0,1,1,SEC CIK mapping not auto-resolved; SEC current name differs from project exact name
VAR,VAR,Varian Medical Systems,varian medical systems,LOW,0,0,,,,,UNRESOLVED,No unique SEC ticker or exact-name mapping.,,,,,0,0,1,1,SEC CIK mapping not auto-resolved; SEC current name differs from project exact name
WBA,WBA,Walgreens Boots Alliance,walgreens boots alliance,LOW,0,0,,,,,UNRESOLVED,No unique SEC ticker or exact-name mapping.,,,,,0,0,1,1,SEC CIK mapping not auto-resolved; SEC current name differs from project exact name
ALXN,ALXN,Alexion Pharmaceuticals,alexion pharmaceuticals,MEDIUM,0,0,,,,,UNRESOLVED,No unique SEC ticker or exact-name mapping.,,,,,0,0,1,1,SEC CIK mapping not auto-resolved; SEC current name differs from project exact name
AMAT,AMAT,APPLIED MATERIALS INC,applied materials inc,MEDIUM,0,0,0000006951,,0001163976,,REVIEW_CONFLICT,Unique ticker candidate 0000006951 conflicts with unique exact-name candidate 0001163976.,,,,,0,0,1,1,SEC CIK mapping not auto-resolved; SEC current name differs from project exact name
AMT,AMT,AMERICAN TOWER CORP,american tower corp,MEDIUM,0,0,0001053507,,0000932455,,REVIEW_CONFLICT,Unique ticker candidate 0001053507 conflicts with unique exact-name candidate 0000932455.,,,,,0,0,1,1,SEC CIK mapping not auto-resolved; SEC current name differs from project exact name
ATVI,ATVI,Activision Blizzard,activision blizzard,MEDIUM,0,0,,,,,UNRESOLVED,No unique SEC ticker or exact-name mapping.,,,,,0,0,1,1,SEC CIK mapping not auto-resolved; SEC current name differs from project exact name
CTRA,CTRA,Coterra Energy,coterra energy,MEDIUM,0,0,,,,,UNRESOLVED,No unique SEC ticker or exact-name mapping.,,,,,0,0,1,1,SEC CIK mapping not auto-resolved; SEC current name differs from project exact name
CTXS,CTXS,Citrix Systems,citrix systems,MEDIUM,0,0,,,,,UNRESOLVED,No unique SEC ticker or exact-name mapping.,,,,,0,0,1,1,SEC CIK mapping not auto-resolved; SEC current name differs from project exact name
CXO,CXO,Concho Resources,concho resources,MEDIUM,0,0,,,,,UNRESOLVED,No unique SEC ticker or exact-name mapping.,,,,,0,0,1,1,SEC CIK mapping not auto-resolved; SEC current name differs from project exact name
DAY,DAY,Ceridian HCM Holding,ceridian hcm holding,MEDIUM,1,0,,,,,UNRESOLVED,No unique SEC ticker or exact-name mapping.,,,,,0,0,1,1,SEC CIK mapping not auto-resolved; Stage 3A PIT/name-history review flag; SEC current name differs from project exact name
DISH,DISH,DISH Network,dish network,MEDIUM,0,0,,,,,UNRESOLVED,No unique SEC ticker or exact-name mapping.,,,,,0,0,1,1,SEC CIK mapping not auto-resolved; SEC current name differs from project exact name
DRE,DRE,Duke Realty,duke realty,MEDIUM,0,0,,,,,UNRESOLVED,No unique SEC ticker or exact-name mapping.,,,,,0,0,1,1,SEC CIK mapping not auto-resolved; SEC current name differs from project exact name
EA,EA,Electronic Arts,electronic arts,MEDIUM,0,0,,,,,UNRESOLVED,No unique SEC ticker or exact-name mapping.,,,,,0,0,1,1,SEC CIK mapping not auto-resolved; SEC current name differs from project exact name
EQR,EQR,EQUITY RESIDENTIAL,equity residential,MEDIUM,0,0,0000931182,,0000906107,,REVIEW_CONFLICT,Unique ticker candidate 0000931182 conflicts with unique exact-name candidate 0000906107.,,,,,0,0,1,1,SEC CIK mapping not auto-resolved; SEC current name differs from project exact name
FLIR,FLIR,FLIR Systems,flir systems,MEDIUM,0,0,,,,,UNRESOLVED,No unique SEC ticker or exact-name mapping.,,,,,0,0,1,1,SEC CIK mapping not auto-resolved; SEC current name differs from project exact name
GWW,GWW,WW GRAINGER INC,ww grainger inc,MEDIUM,0,0,0000277135,,0000276172,,REVIEW_CONFLICT,Unique ticker candidate 0000277135 conflicts with unique exact-name candidate 0000276172.,,,,,0,0,1,1,SEC CIK mapping not auto-resolved; SEC current name differs from project exact name
INFO,INFO,IHS Markit,ihs markit,MEDIUM,0,0,,,,,UNRESOLVED,No unique SEC ticker or exact-name mapping.,,,,,0,0,1,1,SEC CIK mapping not auto-resolved; SEC current name differs from project exact name
INVH,INVH,Invitation Homes,invitation homes,MEDIUM,0,0,0001687229,,0001579471,,REVIEW_CONFLICT,Unique ticker candidate 0001687229 conflicts with unique exact-name candidate 0001579471.,,,,,0,0,1,1,SEC CIK mapping not auto-resolved; SEC current name differs from project exact name
IP,IP,INTERNATIONAL PAPER CO,international paper co,MEDIUM,0,0,0000051434,,0001283246,,REVIEW_CONFLICT,Unique ticker candidate 0000051434 conflicts with unique exact-name candidate 0001283246.,,,,,0,0,1,1,SEC CIK mapping not auto-resolved; SEC current name differs from project exact name
IPG,IPG,Interpublic Group,interpublic group,MEDIUM,0,0,,,,,UNRESOLVED,No unique SEC ticker or exact-name mapping.,,,,,0,0,1,1,SEC CIK mapping not auto-resolved; SEC current name differs from project exact name
JNPR,JNPR,Juniper Networks,juniper networks,MEDIUM,0,0,,,,,UNRESOLVED,No unique SEC ticker or exact-name mapping.,,,,,0,0,1,1,SEC CIK mapping not auto-resolved; SEC current name differs from project exact name
MRO,MRO,Marathon Oil,marathon oil,MEDIUM,0,0,,,,,UNRESOLVED,No unique SEC ticker or exact-name mapping.,,,,,0,0,1,1,SEC CIK mapping not auto-resolved; SEC current name differs from project exact name
NOC,NOC,NORTHROP GRUMMAN CORP,northrop grumman corp,MEDIUM,0,0,0001133421,,0000072945,,REVIEW_CONFLICT,Unique ticker candidate 0001133421 conflicts with unique exact-name candidate 0000072945.,,,,,0,0,1,1,SEC CIK mapping not auto-resolved; SEC current name differs from project exact name
SBNY,SBNY,Signature Bank,signature bank,MEDIUM,0,0,,,,,UNRESOLVED,No unique SEC ticker or exact-name mapping.,,,,,0,0,1,1,SEC CIK mapping not auto-resolved; SEC current name differs from project exact name
SEE,SEE,Sealed Air,sealed air,MEDIUM,0,0,,,,,UNRESOLVED,No unique SEC ticker or exact-name mapping.,,,,,0,0,1,1,SEC CIK mapping not auto-resolved; SEC current name differs from project exact name
TJX,TJX,TJX COMPANIES INC,tjx companies inc,MEDIUM,0,0,0000109198,,0000814445,,REVIEW_CONFLICT,Unique ticker candidate 0000109198 conflicts with unique exact-name candidate 0000814445.,,,,,0,0,1,1,SEC CIK mapping not auto-resolved; SEC current name differs from project exact name
VLO,VLO,VALERO ENERGY CORP,valero energy corp,MEDIUM,0,0,0001035002,,0000021271,,REVIEW_CONFLICT,Unique ticker candidate 0001035002 conflicts with unique exact-name candidate 0000021271.,,,,,0,0,1,1,SEC CIK mapping not auto-resolved; SEC current name differs from project exact name
WMB,WMB,WILLIAMS COS INC,williams cos inc,MEDIUM,0,0,0000107263,,0000905982,,REVIEW_CONFLICT,Unique ticker candidate 0000107263 conflicts with unique exact-name candidate 0000905982.,,,,,0,0,1,1,SEC CIK mapping not auto-resolved; SEC current name differs from project exact name
ZION,ZION,Zions Bancorporation,zions bancorporation,MEDIUM,0,0,0000109380,,0001642140,,REVIEW_CONFLICT,Unique ticker candidate 0000109380 conflicts with unique exact-name candidate 0001642140.,,,,,0,0,1,1,SEC CIK mapping not auto-resolved; SEC current name differs from project exact name
ABNB,ABNB,Airbnb,airbnb,HIGH,1,0,0001559720,,,0001559720,REVIEW_TICKER_ONLY,"Ticker maps uniquely, but exact normalized company name did not independently confirm the same CIK.","Airbnb, Inc.",airbnb inc,ABNB,1.0,0,1,1,2,SEC CIK mapping not auto-resolved; SEC former-name evidence present; Stage 3A PIT/name-history review flag; SEC current name differs from project exact name
AEE,AEE,AMEREN CORPORATION,ameren corporation,HIGH,1,0,0001002910,,,0001002910,REVIEW_TICKER_ONLY,"Ticker maps uniquely, but exact normalized company name did not independently confirm the same CIK.",AMEREN CORP,ameren corp,AEE,0.0,0,0,1,2,SEC CIK mapping not auto-resolved; Stage 3A PIT/name-history review flag; SEC current name differs from project exact name
AMTM,AMTM,Amentum,amentum,HIGH,1,0,0002011286,,,0002011286,REVIEW_TICKER_ONLY,"Ticker maps uniquely, but exact normalized company name did not independently confirm the same CIK.","Amentum Holdings, Inc.",amentum holdings inc,AMTM,1.0,0,1,1,2,SEC CIK mapping not auto-resolved; SEC former-name evidence present; Stage 3A PIT/name-history review flag; SEC current name differs from project exact name
APP,APP,AppLovin,applovin,HIGH,1,0,0001751008,,,0001751008,REVIEW_TICKER_ONLY,"Ticker maps uniquely, but exact normalized company name did not independently confirm the same CIK.",AppLovin Corp,applovin corp,APP,0.0,0,0,1,2,SEC CIK mapping not auto-resolved; Stage 3A PIT/name-history review flag; SEC current name differs from project exact name
BG,BG,Bunge,bunge,HIGH,1,0,0001996862,,,0001996862,REVIEW_TICKER_ONLY,"Ticker maps uniquely, but exact normalized company name did not independently confirm the same CIK.",Bunge Global SA,bunge global sa,BG,0.0,0,0,1,2,SEC CIK mapping not auto-resolved; Stage 3A PIT/name-history review flag; SEC current name differs from project exact name
BWA,BWA,Borgwarner,borgwarner,HIGH,1,0,0000908255,,,0000908255,REVIEW_TICKER_ONLY,"Ticker maps uniquely, but exact normalized company name did not independently confirm the same CIK.",BORGWARNER INC,borgwarner inc,BWA,1.0,0,1,1,2,SEC CIK mapping not auto-resolved; SEC former-name evidence present; Stage 3A PIT/name-history review flag; SEC current name differs from project exact name
BX,BX,Blackstone,blackstone,HIGH,1,0,0001393818,,,0001393818,REVIEW_TICKER_ONLY,"Ticker maps uniquely, but exact normalized company name did not independently confirm the same CIK.",Blackstone Inc.,blackstone inc,BX,3.0,0,1,1,2,SEC CIK mapping not auto-resolved; SEC former-name evidence present; Stage 3A PIT/name-history review flag; SEC current name differs from project exact name
CE,CE,Celanese,celanese,HIGH,1,0,0001306830,,,0001306830,REVIEW_TICKER_ONLY,"Ticker maps uniquely, but exact normalized company name did not independently confirm the same CIK.",Celanese Corp,celanese corp,CE,0.0,0,0,1,2,SEC CIK mapping not auto-resolved; Stage 3A PIT/name-history review flag; SEC current name differs from project exact name
CLX,CLX,CLOROX COMPANY,clorox company,HIGH,1,0,0000021076,,,0000021076,REVIEW_TICKER_ONLY,"Ticker maps uniquely, but exact normalized company name did not independently confirm the same CIK.",CLOROX CO /DE/,clorox co de,CLX,1.0,0,1,1,2,SEC CIK mapping not auto-resolved; SEC former-name evidence present; Stage 3A PIT/name-history review flag; SEC current name differs from project exact name
CRH,CRH,CRH,crh,HIGH,1,1,0000849395,,,0000849395,REVIEW_TICKER_ONLY,"Ticker maps uniquely, but exact normalized company name did not independently confirm the same CIK.",CRH PUBLIC LTD CO,crh public ltd co,CRH,0.0,0,0,1,2,SEC CIK mapping not auto-resolved; Stage 3A PIT/name-history review flag; ticker-like exact company name; SEC current name differs from project exact name
CRWD,CRWD,CrowdStrike Holdings,crowdstrike holdings,HIGH,1,0,0001535527,,,0001535527,REVIEW_TICKER_ONLY,"Ticker maps uniquely, but exact normalized company name did not independently confirm the same CIK.","CrowdStrike Holdings, Inc.",crowdstrike holdings inc,CRWD,0.0,0,0,1,2,SEC CIK mapping not auto-resolved; Stage 3A PIT/name-history review flag; SEC current name differs from project exact name
CVNA,CVNA,Carvana,carvana,HIGH,1,0,0001690820,,,0001690820,REVIEW_TICKER_ONLY,"Ticker maps uniquely, but exact normalized company name did not independently confirm the same CIK.",CARVANA CO.,carvana co,CVNA,0.0,0,0,1,2,SEC CIK mapping not auto-resolved; Stage 3A PIT/name-history review flag; SEC current name differs from project exact name
DASH,DASH,DoorDash,doordash,HIGH,1,0,0001792789,,,0001792789,REVIEW_TICKER_ONLY,"Ticker maps uniquely, but exact normalized company name did not independently confirm the same CIK.","DoorDash, Inc.",doordash inc,DASH,2.0,0,1,1,2,SEC CIK mapping not auto-resolved; SEC former-name evidence present; Stage 3A PIT/name-history review flag; SEC current name differs from project exact name
DDOG,DDOG,Datadog,datadog,HIGH,1,0,0001561550,,,0001561550,REVIEW_TICKER_ONLY,"Ticker maps uniquely, but exact normalized company name did not independently confirm the same CIK.","Datadog, Inc.",datadog inc,DDOG,0.0,0,0,1,2,SEC CIK mapping not auto-resolved; Stage 3A PIT/name-history review flag; SEC current name differs from project exact name
DE,DE,DEERE + CO,deere co,HIGH,1,0,0000315189,,,0000315189,REVIEW_TICKER_ONLY,"Ticker maps uniquely, but exact normalized company name did not independently confirm the same CIK.",DEERE & CO,deere and co,DE,0.0,0,0,1,2,SEC CIK mapping not auto-resolved; Stage 3A PIT/name-history review flag; SEC current name differs from project exact name
EQT,EQT,EQT,eqt,HIGH,1,1,0000033213,,,0000033213,REVIEW_TICKER_ONLY,"Ticker maps uniquely, but exact normalized company name did not independently confirm the same CIK.",EQT Corp,eqt corp,EQT,1.0,0,1,1,2,SEC CIK mapping not auto-resolved; SEC former-name evidence present; Stage 3A PIT/name-history review flag; ticker-like exact company name; SEC current name differs from project exact name
ETR,ETR,ENTERGY CORP,entergy corp,HIGH,1,0,0000065984,,0000893928|0001214615,0000065984,REVIEW_TICKER_ONLY,"Ticker maps uniquely, but exact normalized company name did not independently confirm the same CIK.",ENTERGY CORP /DE/,entergy corp de,ETR,1.0,0,1,1,2,SEC CIK mapping not auto-resolved; SEC former-name evidence present; Stage 3A PIT/name-history review flag; SEC current name differs from project exact name
ETSY,ETSY,Etsy,etsy,HIGH,1,1,0001370637,,,0001370637,REVIEW_TICKER_ONLY,"Ticker maps uniquely, but exact normalized company name did not independently confirm the same CIK.",ETSY INC,etsy inc,ETSY,0.0,0,0,1,2,SEC CIK mapping not auto-resolved; Stage 3A PIT/name-history review flag; ticker-like exact company name; SEC current name differs from project exact name
FLS,FLS,Flowserve,flowserve,HIGH,1,0,0000030625,,,0000030625,REVIEW_TICKER_ONLY,"Ticker maps uniquely, but exact normalized company name did not independently confirm the same CIK.",FLOWSERVE CORP,flowserve corp,FLS,2.0,0,1,1,2,SEC CIK mapping not auto-resolved; SEC former-name evidence present; Stage 3A PIT/name-history review flag; SEC current name differs from project exact name
FMC,FMC,FMC,fmc,HIGH,1,1,0000037785,,,0000037785,REVIEW_TICKER_ONLY,"Ticker maps uniquely, but exact normalized company name did not independently confirm the same CIK.",FMC CORP,fmc corp,FMC,0.0,0,0,1,2,SEC CIK mapping not auto-resolved; Stage 3A PIT/name-history review flag; ticker-like exact company name; SEC current name differs from project exact name
FTI,FTI,TechnipFMC,technipfmc,HIGH,1,0,0001681459,,,0001681459,REVIEW_TICKER_ONLY,"Ticker maps uniquely, but exact normalized company name did not independently confirm the same CIK.",TechnipFMC plc,technipfmc plc,FTI,1.0,0,1,1,2,SEC CIK mapping not auto-resolved; SEC former-name evidence present; Stage 3A PIT/name-history review flag; SEC current name differs from project exact name
FTRE,FTRE,Fortrea Holdings,fortrea holdings,HIGH,1,0,0001965040,,,0001965040,REVIEW_TICKER_ONLY,"Ticker maps uniquely, but exact normalized company name did not independently confirm the same CIK.",Fortrea Holdings Inc.,fortrea holdings inc,FTRE,1.0,0,1,1,2,SEC CIK mapping not auto-resolved; SEC former-name evidence present; Stage 3A PIT/name-history review flag; SEC current name differs from project exact name
GDDY,GDDY,GoDaddy,godaddy,HIGH,1,0,0001609711,,,0001609711,REVIEW_TICKER_ONLY,"Ticker maps uniquely, but exact normalized company name did not independently confirm the same CIK.",GoDaddy Inc.,godaddy inc,GDDY,0.0,0,0,1,2,SEC CIK mapping not auto-resolved; Stage 3A PIT/name-history review flag; SEC current name differs from project exact name
GLW,GLW,CORNING INC,corning inc,HIGH,1,0,0000024741,,,0000024741,REVIEW_TICKER_ONLY,"Ticker maps uniquely, but exact normalized company name did not independently confirm the same CIK.",CORNING INC /NY,corning inc ny,GLW,0.0,0,0,1,2,SEC CIK mapping not auto-resolved; Stage 3A PIT/name-history review flag; SEC current name differs from project exact name
GNRC,GNRC,Generac Holdings,generac holdings,HIGH,1,0,0001474735,,,0001474735,REVIEW_TICKER_ONLY,"Ticker maps uniquely, but exact normalized company name did not independently confirm the same CIK.",GENERAC HOLDINGS INC.,generac holdings inc,GNRC,0.0,0,0,1,2,SEC CIK mapping not auto-resolved; Stage 3A PIT/name-history review flag; SEC current name differs from project exact name
HUBB,HUBB,Hubbell,hubbell,HIGH,1,0,0000048898,,,0000048898,REVIEW_TICKER_ONLY,"Ticker maps uniquely, but exact normalized company name did not independently confirm the same CIK.",HUBBELL INC,hubbell inc,HUBB,0.0,0,0,1,2,SEC CIK mapping not auto-resolved; Stage 3A PIT/name-history review flag; SEC current name differs from project exact name
IEX,IEX,IDEX CORP,idex corp,HIGH,1,0,0000832101,,,0000832101,REVIEW_TICKER_ONLY,"Ticker maps uniquely, but exact normalized company name did not independently confirm the same CIK.",IDEX CORP /DE/,idex corp de,IEX,0.0,0,0,1,2,SEC CIK mapping not auto-resolved; Stage 3A PIT/name-history review flag; SEC current name differs from project exact name
ILMN,ILMN,Illumina,illumina,HIGH,1,0,0001110803,,,0001110803,REVIEW_TICKER_ONLY,"Ticker maps uniquely, but exact normalized company name did not independently confirm the same CIK.","ILLUMINA, INC.",illumina inc,ILMN,1.0,0,1,1,2,SEC CIK mapping not auto-resolved; SEC former-name evidence present; Stage 3A PIT/name-history review flag; SEC current name differs from project exact name
JBL,JBL,Jabil,jabil,HIGH,1,0,0000898293,,,0000898293,REVIEW_TICKER_ONLY,"Ticker maps uniquely, but exact normalized company name did not independently confirm the same CIK.",JABIL INC,jabil inc,JBL,1.0,0,1,1,2,SEC CIK mapping not auto-resolved; SEC former-name evidence present; Stage 3A PIT/name-history review flag; SEC current name differs from project exact name
KKR,KKR,KKR & Co,kkr and co,HIGH,1,0,0001404912,,,0001404912,REVIEW_TICKER_ONLY,"Ticker maps uniquely, but exact normalized company name did not independently confirm the same CIK.",KKR & Co. Inc.,kkr and co inc,KKR|KKR-PD|KKRS|KKRT,1.0,0,1,1,2,SEC CIK mapping not auto-resolved; SEC former-name evidence present; Stage 3A PIT/name-history review flag; SEC current name differs from project exact name
KMX,KMX,CarMax,carmax,HIGH,1,0,0001170010,,,0001170010,REVIEW_TICKER_ONLY,"Ticker maps uniquely, but exact normalized company name did not independently confirm the same CIK.",CARMAX INC,carmax inc,KMX,0.0,0,0,1,2,SEC CIK mapping not auto-resolved; Stage 3A PIT/name-history review flag; SEC current name differs from project exact name
KVUE,KVUE,Kenvue,kenvue,HIGH,1,0,0001944048,,,0001944048,REVIEW_TICKER_ONLY,"Ticker maps uniquely, but exact normalized company name did not independently confirm the same CIK.",Kenvue Inc.,kenvue inc,KVUE,1.0,0,1,1,2,SEC CIK mapping not auto-resolved; SEC former-name evidence present; Stage 3A PIT/name-history review flag; SEC current name differs from project exact name
LKQ,LKQ,LKQ,lkq,HIGH,1,1,0001065696,,,0001065696,REVIEW_TICKER_ONLY,"Ticker maps uniquely, but exact normalized company name did not independently confirm the same CIK.",LKQ CORP,lkq corp,LKQ,1.0,0,1,1,2,SEC CIK mapping not auto-resolved; SEC former-name evidence present; Stage 3A PIT/name-history review flag; ticker-like exact company name; SEC current name differs from project exact name
MAS,MAS,MASCO CORP,masco corp,HIGH,1,0,0000062996,,,0000062996,REVIEW_TICKER_ONLY,"Ticker maps uniquely, but exact normalized company name did not independently confirm the same CIK.",MASCO CORP /DE/,masco corp de,MAS,0.0,0,0,1,2,SEC CIK mapping not auto-resolved; Stage 3A PIT/name-history review flag; SEC current name differs from project exact name
MBC,MBC,MasterBrand,masterbrand,HIGH,1,0,0001941365,,,0001941365,REVIEW_TICKER_ONLY,"Ticker maps uniquely, but exact normalized company name did not independently confirm the same CIK.","MasterBrand, Inc.",masterbrand inc,MBC,0.0,0,0,1,2,SEC CIK mapping not auto-resolved; Stage 3A PIT/name-history review flag; SEC current name differs from project exact name
MCO,MCO,MOODY S CORP,moody s corp,HIGH,1,0,0001059556,,,0001059556,REVIEW_TICKER_ONLY,"Ticker maps uniquely, but exact normalized company name did not independently confirm the same CIK.",MOODYS CORP /DE/,moodys corp de,MCO,2.0,0,1,1,2,SEC CIK mapping not auto-resolved; SEC former-name evidence present; Stage 3A PIT/name-history review flag; SEC current name differs from project exact name
MKTX,MKTX,MarketAxess Holdings,marketaxess holdings,HIGH,1,0,0001278021,,,0001278021,REVIEW_TICKER_ONLY,"Ticker maps uniquely, but exact normalized company name did not independently confirm the same CIK.",MARKETAXESS HOLDINGS INC,marketaxess holdings inc,MKTX,2.0,0,1,1,2,SEC CIK mapping not auto-resolved; SEC former-name evidence present; Stage 3A PIT/name-history review flag; SEC current name differs from project exact name
MRK,MRK,MERCK + CO. INC.,merck co inc,HIGH,1,0,0000310158,,,0000310158,REVIEW_TICKER_ONLY,"Ticker maps uniquely, but exact normalized company name did not independently confirm the same CIK.","Merck & Co., Inc.",merck and co inc,MRK,2.0,0,1,1,2,SEC CIK mapping not auto-resolved; SEC former-name evidence present; Stage 3A PIT/name-history review flag; SEC current name differs from project exact name
MRNA,MRNA,Moderna,moderna,HIGH,1,0,0001682852,,,0001682852,REVIEW_TICKER_ONLY,"Ticker maps uniquely, but exact normalized company name did not independently confirm the same CIK.","Moderna, Inc.",moderna inc,MRNA,1.0,0,1,1,2,SEC CIK mapping not auto-resolved; SEC former-name evidence present; Stage 3A PIT/name-history review flag; SEC current name differs from project exact name
MTB,MTB,M + T BANK CORP,m t bank corp,HIGH,1,0,0000036270,,,0000036270,REVIEW_TICKER_ONLY,"Ticker maps uniquely, but exact normalized company name did not independently confirm the same CIK.",M&T BANK CORP,m and t bank corp,MTB|MTB-PH|MTB-PJ|MTB-PK|MTB-PL,1.0,0,1,1,2,SEC CIK mapping not auto-resolved; SEC former-name evidence present; Stage 3A PIT/name-history review flag; SEC current name differs from project exact name
NDSN,NDSN,Nordson,nordson,HIGH,1,0,0000072331,,,0000072331,REVIEW_TICKER_ONLY,"Ticker maps uniquely, but exact normalized company name did not independently confirm the same CIK.",NORDSON CORP,nordson corp,NDSN,0.0,0,0,1,2,SEC CIK mapping not auto-resolved; Stage 3A PIT/name-history review flag; SEC current name differs from project exact name
NEM,NEM,NEWMONT CORP,newmont corp,HIGH,1,0,0001164727,,,0001164727,REVIEW_TICKER_ONLY,"Ticker maps uniquely, but exact normalized company name did not independently confirm the same CIK.",NEWMONT Corp /DE/,newmont corp de,NEM|NEMCL,3.0,0,1,1,2,SEC CIK mapping not auto-resolved; SEC former-name evidence present; Stage 3A PIT/name-history review flag; SEC current name differs from project exact name
NOV,NOV,NOV,nov,HIGH,1,1,0001021860,,,0001021860,REVIEW_TICKER_ONLY,"Ticker maps uniquely, but exact normalized company name did not independently confirm the same CIK.",NOV Inc.,nov inc,NOV,2.0,0,1,1,2,SEC CIK mapping not auto-resolved; SEC former-name evidence present; Stage 3A PIT/name-history review flag; ticker-like exact company name; SEC current name differs from project exact name
OGN,OGN,Organon,organon,HIGH,1,0,0001821825,,,0001821825,REVIEW_TICKER_ONLY,"Ticker maps uniquely, but exact normalized company name did not independently confirm the same CIK.",Organon & Co.,organon and co,OGN,0.0,0,0,1,2,SEC CIK mapping not auto-resolved; Stage 3A PIT/name-history review flag; SEC current name differs from project exact name
PCG,PCG,PG&E,pg and e,HIGH,1,0,0001004980,,,0001004980,REVIEW_TICKER_ONLY,"Ticker maps uniquely, but exact normalized company name did not independently confirm the same CIK.",PG&E Corp,pg and e corp,PCG|PCG-PE|PCG-PD|PCG-PC|PCG-PH|PCG-PG|PCG-PI|PCG-PA|PCG-PB|PCG-PX,3.0,0,1,1,2,SEC CIK mapping not auto-resolved; SEC former-name evidence present; Stage 3A PIT/name-history review flag; SEC current name differs from project exact name
PGR,PGR,PROGRESSIVE CORP,progressive corp,HIGH,1,0,0000080661,,,0000080661,REVIEW_TICKER_ONLY,"Ticker maps uniquely, but exact normalized company name did not independently confirm the same CIK.",PROGRESSIVE CORP/OH/,progressive corp oh,PGR,0.0,0,0,1,2,SEC CIK mapping not auto-resolved; Stage 3A PIT/name-history review flag; SEC current name differs from project exact name
PHIN,PHIN,PHINIA,phinia,HIGH,1,0,0001968915,,,0001968915,REVIEW_TICKER_ONLY,"Ticker maps uniquely, but exact normalized company name did not independently confirm the same CIK.",PHINIA INC.,phinia inc,PHIN,0.0,0,0,1,2,SEC CIK mapping not auto-resolved; Stage 3A PIT/name-history review flag; SEC current name differs from project exact name
PHM,PHM,PULTEGROUP INC,pultegroup inc,HIGH,1,0,0000822416,,,0000822416,REVIEW_TICKER_ONLY,"Ticker maps uniquely, but exact normalized company name did not independently confirm the same CIK.",PULTEGROUP INC/MI/,pultegroup inc mi,PHM,2.0,0,1,1,2,SEC CIK mapping not auto-resolved; SEC former-name evidence present; Stage 3A PIT/name-history review flag; SEC current name differs from project exact name
PODD,PODD,Insulet,insulet,HIGH,1,0,0001145197,,,0001145197,REVIEW_TICKER_ONLY,"Ticker maps uniquely, but exact normalized company name did not independently confirm the same CIK.",INSULET CORP,insulet corp,PODD,0.0,0,0,1,2,SEC CIK mapping not auto-resolved; Stage 3A PIT/name-history review flag; SEC current name differs from project exact name
PRGO,PRGO,Perrigo Company,perrigo company,HIGH,1,0,0001585364,,,0001585364,REVIEW_TICKER_ONLY,"Ticker maps uniquely, but exact normalized company name did not independently confirm the same CIK.",PERRIGO Co plc,perrigo co plc,PRGO,1.0,0,1,1,2,SEC CIK mapping not auto-resolved; SEC former-name evidence present; Stage 3A PIT/name-history review flag; SEC current name differs from project exact name
PTC,PTC,PTC,ptc,HIGH,1,1,0000857005,,,0000857005,REVIEW_TICKER_ONLY,"Ticker maps uniquely, but exact normalized company name did not independently confirm the same CIK.",PTC INC.,ptc inc,PTC,1.0,0,1,1,2,SEC CIK mapping not auto-resolved; SEC former-name evidence present; Stage 3A PIT/name-history review flag; ticker-like exact company name; SEC current name differs from project exact name
PVH,PVH,PVH,pvh,HIGH,1,1,0000078239,,,0000078239,REVIEW_TICKER_ONLY,"Ticker maps uniquely, but exact normalized company name did not independently confirm the same CIK.",PVH CORP. /DE/,pvh corp de,PVH,1.0,0,1,1,2,SEC CIK mapping not auto-resolved; SEC former-name evidence present; Stage 3A PIT/name-history review flag; ticker-like exact company name; SEC current name differs from project exact name
QCOM,QCOM,QUALCOMM INC,qualcomm inc,HIGH,1,0,0000804328,,,0000804328,REVIEW_TICKER_ONLY,"Ticker maps uniquely, but exact normalized company name did not independently confirm the same CIK.",QUALCOMM INC/DE,qualcomm inc de,QCOM,0.0,0,0,1,2,SEC CIK mapping not auto-resolved; Stage 3A PIT/name-history review flag; SEC current name differs from project exact name
QRVO,QRVO,Qorvo,qorvo,HIGH,1,0,0001604778,,,0001604778,REVIEW_TICKER_ONLY,"Ticker maps uniquely, but exact normalized company name did not independently confirm the same CIK.","Qorvo, Inc.",qorvo inc,QRVO,1.0,0,1,1,2,SEC CIK mapping not auto-resolved; SEC former-name evidence present; Stage 3A PIT/name-history review flag; SEC current name differs from project exact name
SLB,SLB,SLB LTD,slb ltd,HIGH,1,0,0000087347,,,0000087347,REVIEW_TICKER_ONLY,"Ticker maps uniquely, but exact normalized company name did not independently confirm the same CIK.",SLB LIMITED/NV,slb limited nv,SLB,3.0,0,1,1,2,SEC CIK mapping not auto-resolved; SEC former-name evidence present; Stage 3A PIT/name-history review flag; SEC current name differs from project exact name
SNDK,SNDK,Sandisk,sandisk,HIGH,1,0,0002023554,,,0002023554,REVIEW_TICKER_ONLY,"Ticker maps uniquely, but exact normalized company name did not independently confirm the same CIK.",Sandisk Corp,sandisk corp,SNDK,0.0,0,0,1,2,SEC CIK mapping not auto-resolved; Stage 3A PIT/name-history review flag; SEC current name differs from project exact name
SOLV,SOLV,Solventum,solventum,HIGH,1,0,0001964738,,,0001964738,REVIEW_TICKER_ONLY,"Ticker maps uniquely, but exact normalized company name did not independently confirm the same CIK.",Solventum Corp,solventum corp,SOLV,1.0,0,1,1,2,SEC CIK mapping not auto-resolved; SEC former-name evidence present; Stage 3A PIT/name-history review flag; SEC current name differs from project exact name
T,T,AT+T INC,at t inc,HIGH,1,0,0000732717,,,0000732717,REVIEW_TICKER_ONLY,"Ticker maps uniquely, but exact normalized company name did not independently confirm the same CIK.",AT&T INC.,at and t inc,T|TBB|T-PA|T-PC,2.0,0,1,1,2,SEC CIK mapping not auto-resolved; SEC former-name evidence present; Stage 3A PIT/name-history review flag; SEC current name differs from project exact name
TFX,TFX,Teleflex,teleflex,HIGH,1,0,0000096943,,,0000096943,REVIEW_TICKER_ONLY,"Ticker maps uniquely, but exact normalized company name did not independently confirm the same CIK.",TELEFLEX INC,teleflex inc,TFX,0.0,0,0,1,2,SEC CIK mapping not auto-resolved; Stage 3A PIT/name-history review flag; SEC current name differs from project exact name
TRMB,TRMB,Trimble,trimble,HIGH,1,0,0000864749,,,0000864749,REVIEW_TICKER_ONLY,"Ticker maps uniquely, but exact normalized company name did not independently confirm the same CIK.",TRIMBLE INC.,trimble inc,TRMB,1.0,0,1,1,2,SEC CIK mapping not auto-resolved; SEC former-name evidence present; Stage 3A PIT/name-history review flag; SEC current name differs from project exact name
VFC,VFC,V.F.,v f,HIGH,1,0,0000103379,,,0000103379,REVIEW_TICKER_ONLY,"Ticker maps uniquely, but exact normalized company name did not independently confirm the same CIK.",V F CORP,v f corp,VFC,2.0,0,1,1,2,SEC CIK mapping not auto-resolved; SEC former-name evidence present; Stage 3A PIT/name-history review flag; SEC current name differs from project exact name
VLTO,VLTO,Veralto,veralto,HIGH,1,0,0001967680,,,0001967680,REVIEW_TICKER_ONLY,"Ticker maps uniquely, but exact normalized company name did not independently confirm the same CIK.",Veralto Corp,veralto corp,VLTO,0.0,0,0,1,2,SEC CIK mapping not auto-resolved; Stage 3A PIT/name-history review flag; SEC current name differs from project exact name
VNT,VNT,Vontier,vontier,HIGH,1,0,0001786842,,,0001786842,REVIEW_TICKER_ONLY,"Ticker maps uniquely, but exact normalized company name did not independently confirm the same CIK.",Vontier Corp,vontier corp,VNT,1.0,0,1,1,2,SEC CIK mapping not auto-resolved; SEC former-name evidence present; Stage 3A PIT/name-history review flag; SEC current name differs from project exact name
VRSN,VRSN,VERISIGN INC,verisign inc,HIGH,1,0,0001014473,,,0001014473,REVIEW_TICKER_ONLY,"Ticker maps uniquely, but exact normalized company name did not independently confirm the same CIK.",VERISIGN INC/CA,verisign inc ca,VRSN,0.0,0,0,1,2,SEC CIK mapping not auto-resolved; Stage 3A PIT/name-history review flag; SEC current name differs from project exact name
VST,VST,Vistra,vistra,HIGH,1,0,0001692819,,,0001692819,REVIEW_TICKER_ONLY,"Ticker maps uniquely, but exact normalized company name did not independently confirm the same CIK.",Vistra Corp.,vistra corp,VST,2.0,0,1,1,2,SEC CIK mapping not auto-resolved; SEC former-name evidence present; Stage 3A PIT/name-history review flag; SEC current name differs from project exact name
WDAY,WDAY,Workday,workday,HIGH,1,0,0001327811,,,0001327811,REVIEW_TICKER_ONLY,"Ticker maps uniquely, but exact normalized company name did not independently confirm the same CIK.","Workday, Inc.",workday inc,WDAY,2.0,0,1,1,2,SEC CIK mapping not auto-resolved; SEC former-name evidence present; Stage 3A PIT/name-history review flag; SEC current name differs from project exact name
WHR,WHR,Whirlpool,whirlpool,HIGH,1,0,0000106640,,,0000106640,REVIEW_TICKER_ONLY,"Ticker maps uniquely, but exact normalized company name did not independently confirm the same CIK.",WHIRLPOOL CORP /DE/,whirlpool corp de,WHR|WHR-PA,0.0,0,0,1,2,SEC CIK mapping not auto-resolved; Stage 3A PIT/name-history review flag; SEC current name differs from project exact name
XRX,XRX,Xerox Holdings,xerox holdings,HIGH,1,0,0001770450,,,0001770450,REVIEW_TICKER_ONLY,"Ticker maps uniquely, but exact normalized company name did not independently confirm the same CIK.",Xerox Holdings Corp,xerox holdings corp,XRX|XRXDW,0.0,0,0,1,2,SEC CIK mapping not auto-resolved; Stage 3A PIT/name-history review flag; SEC current name differs from project exact name
XYZ,XYZ,Block,block,HIGH,1,0,0001512673,,,0001512673,REVIEW_TICKER_ONLY,"Ticker maps uniquely, but exact normalized company name did not independently confirm the same CIK.","Block, Inc.",block inc,XYZ|BSQKZ,1.0,0,1,1,2,SEC CIK mapping not auto-resolved; SEC former-name evidence present; Stage 3A PIT/name-history review flag; SEC current name differs from project exact name
AAL,AAL,American Airlines Group,american airlines group,LOW,0,0,0000006201,,,0000006201,REVIEW_TICKER_ONLY,"Ticker maps uniquely, but exact normalized company name did not independently confirm the same CIK.",American Airlines Group Inc.,american airlines group inc,AAL,1.0,0,1,1,2,SEC CIK mapping not auto-resolved; SEC former-name evidence present; SEC current name differs from project exact name
AAP,AAP,Advance Auto Parts,advance auto parts,LOW,0,0,0001158449,,,0001158449,REVIEW_TICKER_ONLY,"Ticker maps uniquely, but exact normalized company name did not independently confirm the same CIK.",ADVANCE AUTO PARTS INC,advance auto parts inc,AAP,0.0,0,0,1,2,SEC CIK mapping not auto-resolved; SEC current name differs from project exact name
ACGL,ACGL,Arch Capital Group,arch capital group,LOW,0,0,0000947484,,,0000947484,REVIEW_TICKER_ONLY,"Ticker maps uniquely, but exact normalized company name did not independently confirm the same CIK.",ARCH CAPITAL GROUP LTD.,arch capital group ltd,ACGL|ACGLN|ACGLO,2.0,0,1,1,2,SEC CIK mapping not auto-resolved; SEC former-name evidence present; SEC current name differs from project exact name
ACN,ACN,ACCENTURE PLC CL A,accenture plc cl a,LOW,0,0,0001467373,,,0001467373,REVIEW_TICKER_ONLY,"Ticker maps uniquely, but exact normalized company name did not independently confirm the same CIK.",Accenture plc,accenture plc,ACN,1.0,0,1,1,2,SEC CIK mapping not auto-resolved; SEC former-name evidence present; SEC current name differs from project exact name
ADP,ADP,AUTOMATIC DATA PROCESSING,automatic data processing,LOW,0,0,0000008670,,,0000008670,REVIEW_TICKER_ONLY,"Ticker maps uniquely, but exact normalized company name did not independently confirm the same CIK.",AUTOMATIC DATA PROCESSING INC,automatic data processing inc,ADP,0.0,0,0,1,2,SEC CIK mapping not auto-resolved; SEC current name differs from project exact name
AEP,AEP,AMERICAN ELECTRIC POWER,american electric power,LOW,0,0,0000004904,,,0000004904,REVIEW_TICKER_ONLY,"Ticker maps uniquely, but exact normalized company name did not independently confirm the same CIK.",AMERICAN ELECTRIC POWER CO INC,american electric power co inc,,1.0,0,1,1,2,SEC CIK mapping not auto-resolved; SEC former-name evidence present; SEC current name differs from project exact name
AIG,AIG,AMERICAN INTERNATIONAL GROUP,american international group,LOW,0,0,0000005272,,,0000005272,REVIEW_TICKER_ONLY,"Ticker maps uniquely, but exact normalized company name did not independently confirm the same CIK.","AMERICAN INTERNATIONAL GROUP, INC.",american international group inc,AIG,1.0,0,1,1,2,SEC CIK mapping not auto-resolved; SEC former-name evidence present; SEC current name differs from project exact name
AJG,AJG,ARTHUR J GALLAGHER + CO,arthur j gallagher co,LOW,0,0,0000354190,,,0000354190,REVIEW_TICKER_ONLY,"Ticker maps uniquely, but exact normalized company name did not independently confirm the same CIK.",Arthur J. Gallagher & Co.,arthur j gallagher and co,AJG,1.0,0,1,1,2,SEC CIK mapping not auto-resolved; SEC former-name evidence present; SEC current name differs from project exact name
ALK,ALK,Alaska Air Group,alaska air group,LOW,0,0,0000766421,,,0000766421,REVIEW_TICKER_ONLY,"Ticker maps uniquely, but exact normalized company name did not independently confirm the same CIK.","ALASKA AIR GROUP, INC.",alaska air group inc,ALK,1.0,0,1,1,2,SEC CIK mapping not auto-resolved; SEC former-name evidence present; SEC current name differs from project exact name
AMD,AMD,ADVANCED MICRO DEVICES,advanced micro devices,LOW,0,0,0000002488,,,0000002488,REVIEW_TICKER_ONLY,"Ticker maps uniquely, but exact normalized company name did not independently confirm the same CIK.",ADVANCED MICRO DEVICES INC,advanced micro devices inc,AMD,0.0,0,0,1,2,SEC CIK mapping not auto-resolved; SEC current name differs from project exact name
AON,AON,AON PLC CLASS A,aon plc class a,LOW,0,0,0000315293,,,0000315293,REVIEW_TICKER_ONLY,"Ticker maps uniquely, but exact normalized company name did not independently confirm the same CIK.",Aon plc,aon plc,AON,1.0,0,1,1,2,SEC CIK mapping not auto-resolved; SEC former-name evidence present; SEC current name differs from project exact name
APD,APD,AIR PRODUCTS + CHEMICALS INC,air products chemicals inc,LOW,0,0,0000002969,,,0000002969,REVIEW_TICKER_ONLY,"Ticker maps uniquely, but exact normalized company name did not independently confirm the same CIK.","Air Products & Chemicals, Inc.",air products and chemicals inc,APD,1.0,0,1,1,2,SEC CIK mapping not auto-resolved; SEC former-name evidence present; SEC current name differs from project exact name
APH,APH,AMPHENOL CORP CL A,amphenol corp cl a,LOW,0,0,0000820313,,,0000820313,REVIEW_TICKER_ONLY,"Ticker maps uniquely, but exact normalized company name did not independently confirm the same CIK.",AMPHENOL CORP /DE/,amphenol corp de,APH,0.0,0,0,1,2,SEC CIK mapping not auto-resolved; SEC current name differs from project exact name
APO,APO,Apollo Global Mgt,apollo global mgt,LOW,0,0,0001858681,,,0001858681,REVIEW_TICKER_ONLY,"Ticker maps uniquely, but exact normalized company name did not independently confirm the same CIK.","Apollo Global Management, Inc.",apollo global management inc,APO|APOS,1.0,0,1,1,2,SEC CIK mapping not auto-resolved; SEC former-name evidence present; SEC current name differs from project exact name
ARE,ARE,ALEXANDRIA REAL ESTATE EQUIT,alexandria real estate equit,LOW,0,0,0001035443,,,0001035443,REVIEW_TICKER_ONLY,"Ticker maps uniquely, but exact normalized company name did not independently confirm the same CIK.","ALEXANDRIA REAL ESTATE EQUITIES, INC.",alexandria real estate equities inc,ARE,2.0,0,1,1,2,SEC CIK mapping not auto-resolved; SEC former-name evidence present; SEC current name differs from project exact name
BA,BA,BOEING CO/THE,boeing co the,LOW,0,0,0000012927,,,0000012927,REVIEW_TICKER_ONLY,"Ticker maps uniquely, but exact normalized company name did not independently confirm the same CIK.",BOEING CO,boeing co,BA|BA-PA,0.0,0,0,1,2,SEC CIK mapping not auto-resolved; SEC current name differs from project exact name
BBWI,BBWI,Bath & Body Works,bath and body works,LOW,0,0,0000701985,,,0000701985,REVIEW_TICKER_ONLY,"Ticker maps uniquely, but exact normalized company name did not independently confirm the same CIK.","Bath & Body Works, Inc.",bath and body works inc,BBWI,3.0,0,1,1,2,SEC CIK mapping not auto-resolved; SEC former-name evidence present; SEC current name differs from project exact name
BF.B,BF.B,BROWN FORMAN CORP CLASS B,brown forman corp class b,LOW,0,0,0000014693,,,0000014693,REVIEW_TICKER_ONLY,"Ticker maps uniquely, but exact normalized company name did not independently confirm the same CIK.",BROWN FORMAN CORP,brown forman corp,BF-A|BF-B,0.0,0,0,1,2,SEC CIK mapping not auto-resolved; SEC current name differs from project exact name
BIO,BIO,Bio-Rad Laboratories,bio rad laboratories,LOW,0,0,0000012208,,,0000012208,REVIEW_TICKER_ONLY,"Ticker maps uniquely, but exact normalized company name did not independently confirm the same CIK.","BIO-RAD LABORATORIES, INC.",bio rad laboratories inc,BIO|BIO-B,1.0,0,1,1,2,SEC CIK mapping not auto-resolved; SEC former-name evidence present; SEC current name differs from project exact name
BR,BR,BROADRIDGE FINANCIAL SOLUTIO,broadridge financial solutio,LOW,0,0,0001383312,,,0001383312,REVIEW_TICKER_ONLY,"Ticker maps uniquely, but exact normalized company name did not independently confirm the same CIK.","BROADRIDGE FINANCIAL SOLUTIONS, INC.",broadridge financial solutions inc,BR,3.0,0,1,1,2,SEC CIK mapping not auto-resolved; SEC former-name evidence present; SEC current name differs from project exact name
BRK.B,BRK.B,BERKSHIRE HATHAWAY INC CL B,berkshire hathaway inc cl b,LOW,0,0,0001067983,,,0001067983,REVIEW_TICKER_ONLY,"Ticker maps uniquely, but exact normalized company name did not independently confirm the same CIK.",BERKSHIRE HATHAWAY INC,berkshire hathaway inc,BRK-B|BRK-A,1.0,0,1,1,2,SEC CIK mapping not auto-resolved; SEC former-name evidence present; SEC current name differs from project exact name
BRO,BRO,Brown & Brown,brown and brown,LOW,0,0,0000079282,,,0000079282,REVIEW_TICKER_ONLY,"Ticker maps uniquely, but exact normalized company name did not independently confirm the same CIK.","BROWN & BROWN, INC.",brown and brown inc,BRO,3.0,0,1,1,2,SEC CIK mapping not auto-resolved; SEC former-name evidence present; SEC current name differs from project exact name
CBRE,CBRE,CBRE GROUP INC   A,cbre group inc a,LOW,0,0,0001138118,,,0001138118,REVIEW_TICKER_ONLY,"Ticker maps uniquely, but exact normalized company name did not independently confirm the same CIK.","CBRE GROUP, INC.",cbre group inc,CBRE,3.0,0,1,1,2,SEC CIK mapping not auto-resolved; SEC former-name evidence present; SEC current name differs from project exact name
CDNS,CDNS,CADENCE DESIGN SYS INC,cadence design sys inc,LOW,0,0,0000813672,,,0000813672,REVIEW_TICKER_ONLY,"Ticker maps uniquely, but exact normalized company name did not independently confirm the same CIK.",CADENCE DESIGN SYSTEMS INC,cadence design systems inc,CDNS,0.0,0,0,1,2,SEC CIK mapping not auto-resolved; SEC current name differs from project exact name
CDW,CDW,CDW CORP/DE,cdw corp de,LOW,0,0,0001402057,,,0001402057,REVIEW_TICKER_ONLY,"Ticker maps uniquely, but exact normalized company name did not independently confirm the same CIK.",CDW Corp,cdw corp,CDW,1.0,0,1,1,2,SEC CIK mapping not auto-resolved; SEC former-name evidence present; SEC current name differs from project exact name
CFG,CFG,CITIZENS FINANCIAL GROUP,citizens financial group,LOW,0,0,0000759944,,,0000759944,REVIEW_TICKER_ONLY,"Ticker maps uniquely, but exact normalized company name did not independently confirm the same CIK.",CITIZENS FINANCIAL GROUP INC/RI,citizens financial group inc ri,CFG|CFG-PE|CFG-PH|CFG-PI,1.0,0,1,1,2,SEC CIK mapping not auto-resolved; SEC former-name evidence present; SEC current name differs from project exact name
CHTR,CHTR,CHARTER COMMUNICATIONS INC A,charter communications inc a,LOW,0,0,0001091667,,,0001091667,REVIEW_TICKER_ONLY,"Ticker maps uniquely, but exact normalized company name did not independently confirm the same CIK.","CHARTER COMMUNICATIONS, INC. /MO/",charter communications inc mo,CHTR|CHTRP,1.0,0,1,1,2,SEC CIK mapping not auto-resolved; SEC former-name evidence present; SEC current name differs from project exact name
CI,CI,THE CIGNA GROUP,the cigna group,LOW,0,0,0001739940,,,0001739940,REVIEW_TICKER_ONLY,"Ticker maps uniquely, but exact normalized company name did not independently confirm the same CIK.",Cigna Group,cigna group,CI,2.0,0,1,1,2,SEC CIK mapping not auto-resolved; SEC former-name evidence present; SEC current name differs from project exact name
CMCSA,CMCSA,COMCAST CORP CLASS A,comcast corp class a,LOW,0,0,0001166691,,,0001166691,REVIEW_TICKER_ONLY,"Ticker maps uniquely, but exact normalized company name did not independently confirm the same CIK.",COMCAST CORP,comcast corp,CMCSA|CCZ,1.0,0,1,1,2,SEC CIK mapping not auto-resolved; SEC former-name evidence present; SEC current name differs from project exact name
COO,COO,COOPER COS INC/THE,cooper cos inc the,LOW,0,0,0000711404,,,0000711404,REVIEW_TICKER_ONLY,"Ticker maps uniquely, but exact normalized company name did not independently confirm the same CIK.","COOPER COMPANIES, INC.",cooper companies inc,COO,1.0,0,1,1,2,SEC CIK mapping not auto-resolved; SEC former-name evidence present; SEC current name differs from project exact name
CPB,CPB,The Campbell's Company,the campbell s company,LOW,0,0,0000016732,,,0000016732,REVIEW_TICKER_ONLY,"Ticker maps uniquely, but exact normalized company name did not independently confirm the same CIK.",CAMPBELL'S Co,campbell s co,CPB,1.0,0,1,1,2,SEC CIK mapping not auto-resolved; SEC former-name evidence present; SEC current name differs from project exact name
CRL,CRL,Charles River Laboratories Intl,charles river laboratories intl,LOW,0,0,0001100682,,,0001100682,REVIEW_TICKER_ONLY,"Ticker maps uniquely, but exact normalized company name did not independently confirm the same CIK.","CHARLES RIVER LABORATORIES INTERNATIONAL, INC.",charles river laboratories international inc,CRL,2.0,0,1,1,2,SEC CIK mapping not auto-resolved; SEC former-name evidence present; SEC current name differs from project exact name
CTSH,CTSH,COGNIZANT TECH SOLUTIONS A,cognizant tech solutions a,LOW,0,0,0001058290,,,0001058290,REVIEW_TICKER_ONLY,"Ticker maps uniquely, but exact normalized company name did not independently confirm the same CIK.",COGNIZANT TECHNOLOGY SOLUTIONS CORP,cognizant technology solutions corp,CTSH,0.0,0,0,1,2,SEC CIK mapping not auto-resolved; SEC current name differs from project exact name
DIS,DIS,WALT DISNEY CO/THE,walt disney co the,LOW,0,0,0001744489,,,0001744489,REVIEW_TICKER_ONLY,"Ticker maps uniquely, but exact normalized company name did not independently confirm the same CIK.",Walt Disney Co,walt disney co,DIS,2.0,0,1,1,2,SEC CIK mapping not auto-resolved; SEC former-name evidence present; SEC current name differs from project exact name
DPZ,DPZ,DOMINO S PIZZA INC,domino s pizza inc,LOW,0,0,0001286681,,,0001286681,REVIEW_TICKER_ONLY,"Ticker maps uniquely, but exact normalized company name did not independently confirm the same CIK.",DOMINOS PIZZA INC,dominos pizza inc,DPZ,0.0,0,0,1,2,SEC CIK mapping not auto-resolved; SEC current name differs from project exact name
EL,EL,ESTEE LAUDER COMPANIES CL A,estee lauder companies cl a,LOW,0,0,0001001250,,,0001001250,REVIEW_TICKER_ONLY,"Ticker maps uniquely, but exact normalized company name did not independently confirm the same CIK.",ESTEE LAUDER COMPANIES INC,estee lauder companies inc,EL,0.0,0,0,1,2,SEC CIK mapping not auto-resolved; SEC current name differs from project exact name
EXPD,EXPD,EXPEDITORS INTL WASH INC,expeditors intl wash inc,LOW,0,0,0000746515,,,0000746515,REVIEW_TICKER_ONLY,"Ticker maps uniquely, but exact normalized company name did not independently confirm the same CIK.",EXPEDITORS INTERNATIONAL OF WASHINGTON INC,expeditors international of washington inc,EXPD,0.0,0,0,1,2,SEC CIK mapping not auto-resolved; SEC current name differs from project exact name
FDS,FDS,FactSet Research Systems,factset research systems,LOW,0,0,0001013237,,,0001013237,REVIEW_TICKER_ONLY,"Ticker maps uniquely, but exact normalized company name did not independently confirm the same CIK.",FACTSET RESEARCH SYSTEMS INC,factset research systems inc,FDS,0.0,0,0,1,2,SEC CIK mapping not auto-resolved; SEC current name differs from project exact name
FICO,FICO,Fair Isaac & Co,fair isaac and co,LOW,0,0,0000814547,,,0000814547,REVIEW_TICKER_ONLY,"Ticker maps uniquely, but exact normalized company name did not independently confirm the same CIK.",FAIR ISAAC CORP,fair isaac corp,FICO,1.0,0,1,1,2,SEC CIK mapping not auto-resolved; SEC former-name evidence present; SEC current name differs from project exact name
FIS,FIS,FIDELITY NATIONAL INFO SERV,fidelity national info serv,LOW,0,0,0001136893,,,0001136893,REVIEW_TICKER_ONLY,"Ticker maps uniquely, but exact normalized company name did not independently confirm the same CIK.","Fidelity National Information Services, Inc.",fidelity national information services inc,FIS,2.0,0,1,1,2,SEC CIK mapping not auto-resolved; SEC former-name evidence present; SEC current name differs from project exact name
FIX,FIX,Comfort Systems USA,comfort systems usa,LOW,0,0,0001035983,,,0001035983,REVIEW_TICKER_ONLY,"Ticker maps uniquely, but exact normalized company name did not independently confirm the same CIK.",COMFORT SYSTEMS USA INC,comfort systems usa inc,FIX,1.0,0,1,1,2,SEC CIK mapping not auto-resolved; SEC former-name evidence present; SEC current name differs from project exact name
FOX,FOX,FOX CORP   CLASS B,fox corp class b,LOW,0,0,0001754301,,,0001754301,REVIEW_TICKER_ONLY,"Ticker maps uniquely, but exact normalized company name did not independently confirm the same CIK.",Fox Corp,fox corp,FOXA|FOX,1.0,0,1,1,2,SEC CIK mapping not auto-resolved; SEC former-name evidence present; SEC current name differs from project exact name
FOXA,FOXA,FOX CORP   CLASS A,fox corp class a,LOW,0,0,0001754301,,,0001754301,REVIEW_TICKER_ONLY,"Ticker maps uniquely, but exact normalized company name did not independently confirm the same CIK.",Fox Corp,fox corp,FOXA|FOX,1.0,0,1,1,2,SEC CIK mapping not auto-resolved; SEC former-name evidence present; SEC current name differs from project exact name
FRT,FRT,FEDERAL REALTY INVS TRUST,federal realty invs trust,LOW,0,0,0000034903,,,0000034903,REVIEW_TICKER_ONLY,"Ticker maps uniquely, but exact normalized company name did not independently confirm the same CIK.",FEDERAL REALTY INVESTMENT TRUST,federal realty investment trust,FRT|FRT-PC,0.0,0,0,1,2,SEC CIK mapping not auto-resolved; SEC current name differs from project exact name
GEHC,GEHC,GE HealthCare Technologies,ge healthcare technologies,LOW,0,0,0001932393,,,0001932393,REVIEW_TICKER_ONLY,"Ticker maps uniquely, but exact normalized company name did not independently confirm the same CIK.",GE HealthCare Technologies Inc.,ge healthcare technologies inc,GEHC,1.0,0,1,1,2,SEC CIK mapping not auto-resolved; SEC former-name evidence present; SEC current name differs from project exact name
GOOG,GOOG,ALPHABET INC CL C,alphabet inc cl c,LOW,0,0,0001652044,,,0001652044,REVIEW_TICKER_ONLY,"Ticker maps uniquely, but exact normalized company name did not independently confirm the same CIK.",Alphabet Inc.,alphabet inc,GOOGL|GOOG|GOOGM|GOOGN,0.0,0,0,1,2,SEC CIK mapping not auto-resolved; SEC current name differs from project exact name
GOOGL,GOOGL,ALPHABET INC CL A,alphabet inc cl a,LOW,0,0,0001652044,,,0001652044,REVIEW_TICKER_ONLY,"Ticker maps uniquely, but exact normalized company name did not independently confirm the same CIK.",Alphabet Inc.,alphabet inc,GOOGL|GOOG|GOOGM|GOOGN,0.0,0,0,1,2,SEC CIK mapping not auto-resolved; SEC current name differs from project exact name
HII,HII,HUNTINGTON INGALLS INDUSTRIE,huntington ingalls industrie,LOW,0,0,0001501585,,,0001501585,REVIEW_TICKER_ONLY,"Ticker maps uniquely, but exact normalized company name did not independently confirm the same CIK.","HUNTINGTON INGALLS INDUSTRIES, INC.",huntington ingalls industries inc,HII,2.0,0,1,1,2,SEC CIK mapping not auto-resolved; SEC former-name evidence present; SEC current name differs from project exact name
HLT,HLT,HILTON WORLDWIDE HOLDINGS IN,hilton worldwide holdings in,LOW,0,0,0001585689,,,0001585689,REVIEW_TICKER_ONLY,"Ticker maps uniquely, but exact normalized company name did not independently confirm the same CIK.",Hilton Worldwide Holdings Inc.,hilton worldwide holdings inc,HLT,0.0,0,0,1,2,SEC CIK mapping not auto-resolved; SEC current name differs from project exact name
HPE,HPE,HEWLETT PACKARD ENTERPRISE,hewlett packard enterprise,LOW,0,0,0001645590,,,0001645590,REVIEW_TICKER_ONLY,"Ticker maps uniquely, but exact normalized company name did not independently confirm the same CIK.",Hewlett Packard Enterprise Co,hewlett packard enterprise co,HPE|HPE-PC,0.0,0,0,1,2,SEC CIK mapping not auto-resolved; SEC current name differs from project exact name
HST,HST,HOST HOTELS + RESORTS INC,host hotels resorts inc,LOW,0,0,0001070750,,,0001070750,REVIEW_TICKER_ONLY,"Ticker maps uniquely, but exact normalized company name did not independently confirm the same CIK.","HOST HOTELS & RESORTS, INC.",host hotels and resorts inc,HST,2.0,0,1,1,2,SEC CIK mapping not auto-resolved; SEC former-name evidence present; SEC current name differs from project exact name
HSY,HSY,HERSHEY CO/THE,hershey co the,LOW,0,0,0000047111,,,0000047111,REVIEW_TICKER_ONLY,"Ticker maps uniquely, but exact normalized company name did not independently confirm the same CIK.",HERSHEY CO,hershey co,HSY,1.0,0,1,1,2,SEC CIK mapping not auto-resolved; SEC former-name evidence present; SEC current name differs from project exact name
IBKR,IBKR,Interactive Brokers Group,interactive brokers group,LOW,0,0,0001381197,,,0001381197,REVIEW_TICKER_ONLY,"Ticker maps uniquely, but exact normalized company name did not independently confirm the same CIK.","Interactive Brokers Group, Inc.",interactive brokers group inc,IBKR,0.0,0,0,1,2,SEC CIK mapping not auto-resolved; SEC current name differs from project exact name
IBM,IBM,INTL BUSINESS MACHINES CORP,intl business machines corp,LOW,0,0,0000051143,,,0000051143,REVIEW_TICKER_ONLY,"Ticker maps uniquely, but exact normalized company name did not independently confirm the same CIK.",INTERNATIONAL BUSINESS MACHINES CORP,international business machines corp,IBM,0.0,0,0,1,2,SEC CIK mapping not auto-resolved; SEC current name differs from project exact name
ICE,ICE,INTERCONTINENTAL EXCHANGE IN,intercontinental exchange in,LOW,0,0,0001571949,,,0001571949,REVIEW_TICKER_ONLY,"Ticker maps uniquely, but exact normalized company name did not independently confirm the same CIK.","Intercontinental Exchange, Inc.",intercontinental exchange inc,ICE,1.0,0,1,1,2,SEC CIK mapping not auto-resolved; SEC former-name evidence present; SEC current name differs from project exact name
IFF,IFF,INTL FLAVORS + FRAGRANCES,intl flavors fragrances,LOW,0,0,0000051253,,,0000051253,REVIEW_TICKER_ONLY,"Ticker maps uniquely, but exact normalized company name did not independently confirm the same CIK.",INTERNATIONAL FLAVORS & FRAGRANCES INC,international flavors and fragrances inc,IFF,0.0,0,0,1,2,SEC CIK mapping not auto-resolved; SEC current name differs from project exact name
ITW,ITW,ILLINOIS TOOL WORKS,illinois tool works,LOW,0,0,0000049826,,,0000049826,REVIEW_TICKER_ONLY,"Ticker maps uniquely, but exact normalized company name did not independently confirm the same CIK.",ILLINOIS TOOL WORKS INC,illinois tool works inc,ITW,0.0,0,0,1,2,SEC CIK mapping not auto-resolved; SEC current name differs from project exact name
JBHT,JBHT,HUNT (JB) TRANSPRT SVCS INC,hunt jb transprt svcs inc,LOW,0,0,0000728535,,,0000728535,REVIEW_TICKER_ONLY,"Ticker maps uniquely, but exact normalized company name did not independently confirm the same CIK.",HUNT J B TRANSPORT SERVICES INC,hunt j b transport services inc,JBHT,0.0,0,0,1,2,SEC CIK mapping not auto-resolved; SEC current name differs from project exact name
JCI,JCI,JOHNSON CONTROLS INTERNATION,johnson controls internation,LOW,0,0,0000833444,,,0000833444,REVIEW_TICKER_ONLY,"Ticker maps uniquely, but exact normalized company name did not independently confirm the same CIK.",Johnson Controls International plc,johnson controls international plc,JCI,4.0,0,1,1,2,SEC CIK mapping not auto-resolved; SEC former-name evidence present; SEC current name differs from project exact name
JKHY,JKHY,JACK HENRY + ASSOCIATES INC,jack henry associates inc,LOW,0,0,0000779152,,,0000779152,REVIEW_TICKER_ONLY,"Ticker maps uniquely, but exact normalized company name did not independently confirm the same CIK.",JACK HENRY & ASSOCIATES INC,jack henry and associates inc,JKHY,1.0,0,1,1,2,SEC CIK mapping not auto-resolved; SEC former-name evidence present; SEC current name differs from project exact name
KDP,KDP,Keurig Dr Pepper,keurig dr pepper,LOW,0,0,0001418135,,,0001418135,REVIEW_TICKER_ONLY,"Ticker maps uniquely, but exact normalized company name did not independently confirm the same CIK.",Keurig Dr Pepper Inc.,keurig dr pepper inc,KDP,2.0,0,1,1,2,SEC CIK mapping not auto-resolved; SEC former-name evidence present; SEC current name differs from project exact name
KEYS,KEYS,KEYSIGHT TECHNOLOGIES IN,keysight technologies in,LOW,0,0,0001601046,,,0001601046,REVIEW_TICKER_ONLY,"Ticker maps uniquely, but exact normalized company name did not independently confirm the same CIK.","Keysight Technologies, Inc.",keysight technologies inc,KEYS,0.0,0,0,1,2,SEC CIK mapping not auto-resolved; SEC current name differs from project exact name
KHC,KHC,KRAFT HEINZ CO/THE,kraft heinz co the,LOW,0,0,0001637459,,,0001637459,REVIEW_TICKER_ONLY,"Ticker maps uniquely, but exact normalized company name did not independently confirm the same CIK.",Kraft Heinz Co,kraft heinz co,KHC,1.0,0,1,1,2,SEC CIK mapping not auto-resolved; SEC former-name evidence present; SEC current name differs from project exact name
KO,KO,COCA COLA CO/THE,coca cola co the,LOW,0,0,0000021344,,,0000021344,REVIEW_TICKER_ONLY,"Ticker maps uniquely, but exact normalized company name did not independently confirm the same CIK.",COCA COLA CO,coca cola co,KO,0.0,0,0,1,2,SEC CIK mapping not auto-resolved; SEC current name differs from project exact name
LEG,LEG,Leggett & Platt,leggett and platt,LOW,0,0,0000058492,,,0000058492,REVIEW_TICKER_ONLY,"Ticker maps uniquely, but exact normalized company name did not independently confirm the same CIK.",LEGGETT & PLATT INC,leggett and platt inc,LEG,0.0,0,0,1,2,SEC CIK mapping not auto-resolved; SEC current name differs from project exact name
LEN,LEN,LENNAR CORP A,lennar corp a,LOW,0,0,0000920760,,,0000920760,REVIEW_TICKER_ONLY,"Ticker maps uniquely, but exact normalized company name did not independently confirm the same CIK.",LENNAR CORP /NEW/,lennar corp new,LEN|LEN-B,1.0,0,1,1,2,SEC CIK mapping not auto-resolved; SEC former-name evidence present; SEC current name differs from project exact name
LOW,LOW,LOWE S COS INC,lowe s cos inc,LOW,0,0,0000060667,,,0000060667,REVIEW_TICKER_ONLY,"Ticker maps uniquely, but exact normalized company name did not independently confirm the same CIK.",LOWES COMPANIES INC,lowes companies inc,LOW,0.0,0,0,1,2,SEC CIK mapping not auto-resolved; SEC current name differs from project exact name
LYB,LYB,LYONDELLBASELL INDU CL A,lyondellbasell indu cl a,LOW,0,0,0001489393,,,0001489393,REVIEW_TICKER_ONLY,"Ticker maps uniquely, but exact normalized company name did not independently confirm the same CIK.",LyondellBasell Industries N.V.,lyondellbasell industries n v,LYB,0.0,0,0,1,2,SEC CIK mapping not auto-resolved; SEC current name differs from project exact name
LYV,LYV,LIVE NATION ENTERTAINMENT IN,live nation entertainment in,LOW,0,0,0001335258,,,0001335258,REVIEW_TICKER_ONLY,"Ticker maps uniquely, but exact normalized company name did not independently confirm the same CIK.","Live Nation Entertainment, Inc.",live nation entertainment inc,LYV,2.0,0,1,1,2,SEC CIK mapping not auto-resolved; SEC former-name evidence present; SEC current name differs from project exact name
MA,MA,MASTERCARD INC   A,mastercard inc a,LOW,0,0,0001141391,,,0001141391,REVIEW_TICKER_ONLY,"Ticker maps uniquely, but exact normalized company name did not independently confirm the same CIK.",Mastercard Inc,mastercard inc,MA,0.0,0,0,1,2,SEC CIK mapping not auto-resolved; SEC current name differs from project exact name
MAA,MAA,MID AMERICA APARTMENT COMM,mid america apartment comm,LOW,0,0,0000912595,,,0000912595,REVIEW_TICKER_ONLY,"Ticker maps uniquely, but exact normalized company name did not independently confirm the same CIK.",MID AMERICA APARTMENT COMMUNITIES INC.,mid america apartment communities inc,MAAI|MAA|MAA-PI,1.0,0,1,1,2,SEC CIK mapping not auto-resolved; SEC former-name evidence present; SEC current name differs from project exact name
MAR,MAR,MARRIOTT INTERNATIONAL  CL A,marriott international cl a,LOW,0,0,0001048286,,,0001048286,REVIEW_TICKER_ONLY,"Ticker maps uniquely, but exact normalized company name did not independently confirm the same CIK.",MARRIOTT INTERNATIONAL INC /MD/,marriott international inc md,MAR,2.0,0,1,1,2,SEC CIK mapping not auto-resolved; SEC former-name evidence present; SEC current name differs from project exact name
MDLZ,MDLZ,MONDELEZ INTERNATIONAL INC A,mondelez international inc a,LOW,0,0,0001103982,,,0001103982,REVIEW_TICKER_ONLY,"Ticker maps uniquely, but exact normalized company name did not independently confirm the same CIK.","Mondelez International, Inc.",mondelez international inc,MDLZ,1.0,0,1,1,2,SEC CIK mapping not auto-resolved; SEC former-name evidence present; SEC current name differs from project exact name
META,META,META PLATFORMS INC CLASS A,meta platforms inc class a,LOW,0,0,0001326801,,,0001326801,REVIEW_TICKER_ONLY,"Ticker maps uniquely, but exact normalized company name did not independently confirm the same CIK.","Meta Platforms, Inc.",meta platforms inc,META,1.0,0,1,1,2,SEC CIK mapping not auto-resolved; SEC former-name evidence present; SEC current name differs from project exact name
MKC,MKC,MCCORMICK + CO NON VTG SHRS,mccormick co non vtg shrs,LOW,0,0,0000063754,,,0000063754,REVIEW_TICKER_ONLY,"Ticker maps uniquely, but exact normalized company name did not independently confirm the same CIK.",MCCORMICK & CO INC,mccormick and co inc,MKC|MKC-V,1.0,0,1,1,2,SEC CIK mapping not auto-resolved; SEC former-name evidence present; SEC current name differs from project exact name
MLM,MLM,MARTIN MARIETTA MATERIALS,martin marietta materials,LOW,0,0,0000916076,,,0000916076,REVIEW_TICKER_ONLY,"Ticker maps uniquely, but exact normalized company name did not independently confirm the same CIK.",MARTIN MARIETTA MATERIALS INC,martin marietta materials inc,MLM,0.0,0,0,1,2,SEC CIK mapping not auto-resolved; SEC current name differs from project exact name
MOS,MOS,MOSAIC CO/THE,mosaic co the,LOW,0,0,0001285785,,,0001285785,REVIEW_TICKER_ONLY,"Ticker maps uniquely, but exact normalized company name did not independently confirm the same CIK.",MOSAIC CO,mosaic co,MOS,1.0,0,1,1,2,SEC CIK mapping not auto-resolved; SEC former-name evidence present; SEC current name differs from project exact name
MPWR,MPWR,Monolithic Power Systems,monolithic power systems,LOW,0,0,0001280452,,,0001280452,REVIEW_TICKER_ONLY,"Ticker maps uniquely, but exact normalized company name did not independently confirm the same CIK.","MONOLITHIC POWER SYSTEMS, INC.",monolithic power systems inc,MPWR,1.0,0,1,1,2,SEC CIK mapping not auto-resolved; SEC former-name evidence present; SEC current name differs from project exact name
MRSH,MRSH,MARSH + MCLENNAN COS,marsh mclennan cos,LOW,0,0,0000062709,,,0000062709,REVIEW_TICKER_ONLY,"Ticker maps uniquely, but exact normalized company name did not independently confirm the same CIK.","MARSH & MCLENNAN COMPANIES, INC.",marsh and mclennan companies inc,MRSH,1.0,0,1,1,2,SEC CIK mapping not auto-resolved; SEC former-name evidence present; SEC current name differs from project exact name
MTD,MTD,METTLER TOLEDO INTERNATIONAL,mettler toledo international,LOW,0,0,0001037646,,,0001037646,REVIEW_TICKER_ONLY,"Ticker maps uniquely, but exact normalized company name did not independently confirm the same CIK.",METTLER TOLEDO INTERNATIONAL INC/,mettler toledo international inc,MTD,3.0,0,1,1,2,SEC CIK mapping not auto-resolved; SEC former-name evidence present; SEC current name differs from project exact name
NCLH,NCLH,NORWEGIAN CRUISE LINE HOLDIN,norwegian cruise line holdin,LOW,0,0,0001513761,,,0001513761,REVIEW_TICKER_ONLY,"Ticker maps uniquely, but exact normalized company name did not independently confirm the same CIK.",Norwegian Cruise Line Holdings Ltd.,norwegian cruise line holdings ltd,NCLH,0.0,0,0,1,2,SEC CIK mapping not auto-resolved; SEC current name differs from project exact name
NKE,NKE,NIKE INC  CL B,nike inc cl b,LOW,0,0,0000320187,,,0000320187,REVIEW_TICKER_ONLY,"Ticker maps uniquely, but exact normalized company name did not independently confirm the same CIK.","NIKE, Inc.",nike inc,NKE,1.0,0,1,1,2,SEC CIK mapping not auto-resolved; SEC former-name evidence present; SEC current name differs from project exact name
NWS,NWS,NEWS CORP   CLASS B,news corp class b,LOW,0,0,0001564708,,,0001564708,REVIEW_TICKER_ONLY,"Ticker maps uniquely, but exact normalized company name did not independently confirm the same CIK.",NEWS CORP,news corp,NWSA|NWS|NWSLL,2.0,0,1,1,2,SEC CIK mapping not auto-resolved; SEC former-name evidence present; SEC current name differs from project exact name
NWSA,NWSA,NEWS CORP   CLASS A,news corp class a,LOW,0,0,0001564708,,,0001564708,REVIEW_TICKER_ONLY,"Ticker maps uniquely, but exact normalized company name did not independently confirm the same CIK.",NEWS CORP,news corp,NWSA|NWS|NWSLL,2.0,0,1,1,2,SEC CIK mapping not auto-resolved; SEC former-name evidence present; SEC current name differs from project exact name
ODFL,ODFL,OLD DOMINION FREIGHT LINE,old dominion freight line,LOW,0,0,0000878927,,,0000878927,REVIEW_TICKER_ONLY,"Ticker maps uniquely, but exact normalized company name did not independently confirm the same CIK.","OLD DOMINION FREIGHT LINE, INC.",old dominion freight line inc,ODFL,1.0,0,1,1,2,SEC CIK mapping not auto-resolved; SEC former-name evidence present; SEC current name differs from project exact name
PANW,PANW,Palo Alto Networks,palo alto networks,LOW,0,0,0001327567,,,0001327567,REVIEW_TICKER_ONLY,"Ticker maps uniquely, but exact normalized company name did not independently confirm the same CIK.",Palo Alto Networks Inc,palo alto networks inc,PANW,1.0,0,1,1,2,SEC CIK mapping not auto-resolved; SEC former-name evidence present; SEC current name differs from project exact name
PEG,PEG,PUBLIC SERVICE ENTERPRISE GP,public service enterprise gp,LOW,0,0,0000788784,,,0000788784,REVIEW_TICKER_ONLY,"Ticker maps uniquely, but exact normalized company name did not independently confirm the same CIK.",PUBLIC SERVICE ENTERPRISE GROUP INC,public service enterprise group inc,PEG,0.0,0,0,1,2,SEC CIK mapping not auto-resolved; SEC current name differs from project exact name
PENN,PENN,Penn National Gaming,penn national gaming,LOW,0,0,0000921738,,,0000921738,REVIEW_TICKER_ONLY,"Ticker maps uniquely, but exact normalized company name did not independently confirm the same CIK.","PENN Entertainment, Inc.",penn entertainment inc,PENN,1.0,0,1,1,2,SEC CIK mapping not auto-resolved; SEC former-name evidence present; SEC current name differs from project exact name
PFG,PFG,PRINCIPAL FINANCIAL GROUP,principal financial group,LOW,0,0,0001126328,,,0001126328,REVIEW_TICKER_ONLY,"Ticker maps uniquely, but exact normalized company name did not independently confirm the same CIK.",PRINCIPAL FINANCIAL GROUP INC,principal financial group inc,PFG,0.0,0,0,1,2,SEC CIK mapping not auto-resolved; SEC current name differs from project exact name
PG,PG,PROCTER + GAMBLE CO/THE,procter gamble co the,LOW,0,0,0000080424,,,0000080424,REVIEW_TICKER_ONLY,"Ticker maps uniquely, but exact normalized company name did not independently confirm the same CIK.",PROCTER & GAMBLE Co,procter and gamble co,PG,0.0,0,0,1,2,SEC CIK mapping not auto-resolved; SEC current name differs from project exact name
PM,PM,PHILIP MORRIS INTERNATIONAL,philip morris international,LOW,0,0,0001413329,,,0001413329,REVIEW_TICKER_ONLY,"Ticker maps uniquely, but exact normalized company name did not independently confirm the same CIK.",Philip Morris International Inc.,philip morris international inc,PM,0.0,0,0,1,2,SEC CIK mapping not auto-resolved; SEC current name differs from project exact name
PNC,PNC,PNC FINANCIAL SERVICES GROUP,pnc financial services group,LOW,0,0,0000713676,,,0000713676,REVIEW_TICKER_ONLY,"Ticker maps uniquely, but exact normalized company name did not independently confirm the same CIK.","PNC FINANCIAL SERVICES GROUP, INC.",pnc financial services group inc,PNC,2.0,0,1,1,2,SEC CIK mapping not auto-resolved; SEC former-name evidence present; SEC current name differs from project exact name
PNW,PNW,PINNACLE WEST CAPITAL,pinnacle west capital,LOW,0,0,0000764622,,,0000764622,REVIEW_TICKER_ONLY,"Ticker maps uniquely, but exact normalized company name did not independently confirm the same CIK.",PINNACLE WEST CAPITAL CORP,pinnacle west capital corp,PNW,0.0,0,0,1,2,SEC CIK mapping not auto-resolved; SEC current name differs from project exact name
PSKY,PSKY,PARAMOUNT SKYDANCE CL B,paramount skydance cl b,LOW,0,0,0002041610,,,0002041610,REVIEW_TICKER_ONLY,"Ticker maps uniquely, but exact normalized company name did not independently confirm the same CIK.",Paramount Skydance Corp,paramount skydance corp,PSKY,1.0,0,1,1,2,SEC CIK mapping not auto-resolved; SEC former-name evidence present; SEC current name differs from project exact name
SHW,SHW,SHERWIN WILLIAMS CO/THE,sherwin williams co the,LOW,0,0,0000089800,,,0000089800,REVIEW_TICKER_ONLY,"Ticker maps uniquely, but exact normalized company name did not independently confirm the same CIK.",SHERWIN WILLIAMS CO,sherwin williams co,SHW,0.0,0,0,1,2,SEC CIK mapping not auto-resolved; SEC current name differs from project exact name
SJM,SJM,JM SMUCKER CO/THE,jm smucker co the,LOW,0,0,0000091419,,,0000091419,REVIEW_TICKER_ONLY,"Ticker maps uniquely, but exact normalized company name did not independently confirm the same CIK.",J M SMUCKER Co,j m smucker co,SJM,1.0,0,1,1,2,SEC CIK mapping not auto-resolved; SEC former-name evidence present; SEC current name differs from project exact name
SLG,SLG,SL Green Realty,sl green realty,LOW,0,0,0001040971,,,0001040971,REVIEW_TICKER_ONLY,"Ticker maps uniquely, but exact normalized company name did not independently confirm the same CIK.",SL GREEN REALTY CORP,sl green realty corp,SLG|SLG-PI,0.0,0,0,1,2,SEC CIK mapping not auto-resolved; SEC current name differs from project exact name
SMCI,SMCI,Super Micro Computer,super micro computer,LOW,0,0,0001375365,,,0001375365,REVIEW_TICKER_ONLY,"Ticker maps uniquely, but exact normalized company name did not independently confirm the same CIK.","Super Micro Computer, Inc.",super micro computer inc,SMCI|SMCIP,0.0,0,0,1,2,SEC CIK mapping not auto-resolved; SEC current name differs from project exact name
SO,SO,SOUTHERN CO/THE,southern co the,LOW,0,0,0000092122,,,0000092122,REVIEW_TICKER_ONLY,"Ticker maps uniquely, but exact normalized company name did not independently confirm the same CIK.",SOUTHERN CO,southern co,SO|SOJC|SOJD|SOJE|SOJF|SOMN,1.0,0,1,1,2,SEC CIK mapping not auto-resolved; SEC former-name evidence present; SEC current name differs from project exact name
SOLS,SOLS,Solstice Advance Materials,solstice advance materials,LOW,0,0,0002064953,,,0002064953,REVIEW_TICKER_ONLY,"Ticker maps uniquely, but exact normalized company name did not independently confirm the same CIK.",Solstice Advanced Materials Inc.,solstice advanced materials inc,SOLS,1.0,0,1,1,2,SEC CIK mapping not auto-resolved; SEC former-name evidence present; SEC current name differs from project exact name
SPGI,SPGI,S+P GLOBAL INC,s p global inc,LOW,0,0,0000064040,,,0000064040,REVIEW_TICKER_ONLY,"Ticker maps uniquely, but exact normalized company name did not independently confirm the same CIK.",S&P Global Inc.,s and p global inc,SPGI,3.0,0,1,1,2,SEC CIK mapping not auto-resolved; SEC former-name evidence present; SEC current name differs from project exact name
STZ,STZ,CONSTELLATION BRANDS INC A,constellation brands inc a,LOW,0,0,0000016918,,,0000016918,REVIEW_TICKER_ONLY,"Ticker maps uniquely, but exact normalized company name did not independently confirm the same CIK.","CONSTELLATION BRANDS, INC.",constellation brands inc,STZ,3.0,0,1,1,2,SEC CIK mapping not auto-resolved; SEC former-name evidence present; SEC current name differs from project exact name
SWK,SWK,STANLEY BLACK + DECKER INC,stanley black decker inc,LOW,0,0,0000093556,,,0000093556,REVIEW_TICKER_ONLY,"Ticker maps uniquely, but exact normalized company name did not independently confirm the same CIK.","STANLEY BLACK & DECKER, INC.",stanley black and decker inc,SWK,1.0,0,1,1,2,SEC CIK mapping not auto-resolved; SEC former-name evidence present; SEC current name differs from project exact name
TAP,TAP,MOLSON COORS BEVERAGE CO   B,molson coors beverage co b,LOW,0,0,0000024545,,,0000024545,REVIEW_TICKER_ONLY,"Ticker maps uniquely, but exact normalized company name did not independently confirm the same CIK.",MOLSON COORS BEVERAGE CO,molson coors beverage co,TAP-A|TAP,2.0,0,1,1,2,SEC CIK mapping not auto-resolved; SEC former-name evidence present; SEC current name differs from project exact name
TPL,TPL,Texas Pacific Land,texas pacific land,LOW,0,0,0001811074,,,0001811074,REVIEW_TICKER_ONLY,"Ticker maps uniquely, but exact normalized company name did not independently confirm the same CIK.",Texas Pacific Land Corp,texas pacific land corp,TPL,0.0,0,0,1,2,SEC CIK mapping not auto-resolved; SEC current name differs from project exact name
TRV,TRV,TRAVELERS COS INC/THE,travelers cos inc the,LOW,0,0,0000086312,,,0000086312,REVIEW_TICKER_ONLY,"Ticker maps uniquely, but exact normalized company name did not independently confirm the same CIK.","TRAVELERS COMPANIES, INC.",travelers companies inc,TRV,3.0,0,1,1,2,SEC CIK mapping not auto-resolved; SEC former-name evidence present; SEC current name differs from project exact name
TSN,TSN,TYSON FOODS INC CL A,tyson foods inc cl a,LOW,0,0,0000100493,,,0000100493,REVIEW_TICKER_ONLY,"Ticker maps uniquely, but exact normalized company name did not independently confirm the same CIK.","TYSON FOODS, INC.",tyson foods inc,TSN,1.0,0,1,1,2,SEC CIK mapping not auto-resolved; SEC former-name evidence present; SEC current name differs from project exact name
TTD,TTD,The Trade Desk,the trade desk,LOW,0,0,0001671933,,,0001671933,REVIEW_TICKER_ONLY,"Ticker maps uniquely, but exact normalized company name did not independently confirm the same CIK.","Trade Desk, Inc.",trade desk inc,TTD,0.0,0,0,1,2,SEC CIK mapping not auto-resolved; SEC current name differs from project exact name
TTWO,TTWO,TAKE TWO INTERACTIVE SOFTWRE,take two interactive softwre,LOW,0,0,0000946581,,,0000946581,REVIEW_TICKER_ONLY,"Ticker maps uniquely, but exact normalized company name did not independently confirm the same CIK.",TAKE TWO INTERACTIVE SOFTWARE INC,take two interactive software inc,TTWO,0.0,0,0,1,2,SEC CIK mapping not auto-resolved; SEC current name differs from project exact name
UA,UA,Under Armour Class C,under armour class c,LOW,0,0,0001336917,,,0001336917,REVIEW_TICKER_ONLY,"Ticker maps uniquely, but exact normalized company name did not independently confirm the same CIK.","Under Armour, Inc.",under armour inc,UAA|UA,0.0,0,0,1,2,SEC CIK mapping not auto-resolved; SEC current name differs from project exact name
UAA,UAA,Under Armour Class A,under armour class a,LOW,0,0,0001336917,,,0001336917,REVIEW_TICKER_ONLY,"Ticker maps uniquely, but exact normalized company name did not independently confirm the same CIK.","Under Armour, Inc.",under armour inc,UAA|UA,0.0,0,0,1,2,SEC CIK mapping not auto-resolved; SEC current name differs from project exact name
UHS,UHS,UNIVERSAL HEALTH SERVICES B,universal health services b,LOW,0,0,0000352915,,,0000352915,REVIEW_TICKER_ONLY,"Ticker maps uniquely, but exact normalized company name did not independently confirm the same CIK.",UNIVERSAL HEALTH SERVICES INC,universal health services inc,UHS,0.0,0,0,1,2,SEC CIK mapping not auto-resolved; SEC current name differs from project exact name
UPS,UPS,UNITED PARCEL SERVICE CL B,united parcel service cl b,LOW,0,0,0001090727,,,0001090727,REVIEW_TICKER_ONLY,"Ticker maps uniquely, but exact normalized company name did not independently confirm the same CIK.",UNITED PARCEL SERVICE INC,united parcel service inc,UPS,0.0,0,0,1,2,SEC CIK mapping not auto-resolved; SEC current name differs from project exact name
V,V,VISA INC CLASS A SHARES,visa inc class a shares,LOW,0,0,0001403161,,,0001403161,REVIEW_TICKER_ONLY,"Ticker maps uniquely, but exact normalized company name did not independently confirm the same CIK.",VISA INC.,visa inc,V,0.0,0,0,1,2,SEC CIK mapping not auto-resolved; SEC current name differs from project exact name
WBD,WBD,Warner Bros. Discovery,warner bros discovery,LOW,0,0,0001437107,,,0001437107,REVIEW_TICKER_ONLY,"Ticker maps uniquely, but exact normalized company name did not independently confirm the same CIK.","Warner Bros. Discovery, Inc.",warner bros discovery inc,WBD,2.0,0,1,1,2,SEC CIK mapping not auto-resolved; SEC former-name evidence present; SEC current name differs from project exact name
WST,WST,WEST PHARMACEUTICAL SERVICES,west pharmaceutical services,LOW,0,0,0000105770,,,0000105770,REVIEW_TICKER_ONLY,"Ticker maps uniquely, but exact normalized company name did not independently confirm the same CIK.",WEST PHARMACEUTICAL SERVICES INC,west pharmaceutical services inc,WST,1.0,0,1,1,2,SEC CIK mapping not auto-resolved; SEC former-name evidence present; SEC current name differs from project exact name
WU,WU,The Western Union,the western union,LOW,0,0,0001365135,,,0001365135,REVIEW_TICKER_ONLY,"Ticker maps uniquely, but exact normalized company name did not independently confirm the same CIK.",Western Union CO,western union co,WU,0.0,0,0,1,2,SEC CIK mapping not auto-resolved; SEC current name differs from project exact name
ZBRA,ZBRA,ZEBRA TECHNOLOGIES CORP CL A,zebra technologies corp cl a,LOW,0,0,0000877212,,,0000877212,REVIEW_TICKER_ONLY,"Ticker maps uniquely, but exact normalized company name did not independently confirm the same CIK.",ZEBRA TECHNOLOGIES CORP,zebra technologies corp,ZBRA,1.0,0,1,1,2,SEC CIK mapping not auto-resolved; SEC former-name evidence present; SEC current name differs from project exact name
ARES,ARES,Ares Management,ares management,MEDIUM,0,0,0001176948,,,0001176948,REVIEW_TICKER_ONLY,"Ticker maps uniquely, but exact normalized company name did not independently confirm the same CIK.",Ares Management Corp,ares management corp,ARES|ARES-PB,1.0,0,1,1,2,SEC CIK mapping not auto-resolved; SEC former-name evidence present; SEC current name differs from project exact name
AXON,AXON,Axon Enterprise,axon enterprise,MEDIUM,0,0,0001069183,,,0001069183,REVIEW_TICKER_ONLY,"Ticker maps uniquely, but exact normalized company name did not independently confirm the same CIK.","AXON ENTERPRISE, INC.",axon enterprise inc,AXON,1.0,0,1,1,2,SEC CIK mapping not auto-resolved; SEC former-name evidence present; SEC current name differs from project exact name
BLDR,BLDR,Builders FirstSource,builders firstsource,MEDIUM,0,0,0001316835,,,0001316835,REVIEW_TICKER_ONLY,"Ticker maps uniquely, but exact normalized company name did not independently confirm the same CIK.","Builders FirstSource, Inc.",builders firstsource inc,BLDR,0.0,0,0,1,2,SEC CIK mapping not auto-resolved; SEC current name differs from project exact name
CAG,CAG,Conagra Brands,conagra brands,MEDIUM,0,0,0000023217,,,0000023217,REVIEW_TICKER_ONLY,"Ticker maps uniquely, but exact normalized company name did not independently confirm the same CIK.",CONAGRA BRANDS INC.,conagra brands inc,CAG,2.0,0,1,1,2,SEC CIK mapping not auto-resolved; SEC former-name evidence present; SEC current name differs from project exact name
CEG,CEG,Constellation Energy,constellation energy,MEDIUM,0,0,0001868275,,,0001868275,REVIEW_TICKER_ONLY,"Ticker maps uniquely, but exact normalized company name did not independently confirm the same CIK.",Constellation Energy Corp,constellation energy corp,CEG,1.0,0,1,1,2,SEC CIK mapping not auto-resolved; SEC former-name evidence present; SEC current name differs from project exact name
CHD,CHD,CHURCH + DWIGHT CO INC,church dwight co inc,MEDIUM,0,0,0000313927,,,0000313927,REVIEW_TICKER_ONLY,"Ticker maps uniquely, but exact normalized company name did not independently confirm the same CIK.",CHURCH & DWIGHT CO INC /DE/,church and dwight co inc de,CHD,0.0,0,0,1,2,SEC CIK mapping not auto-resolved; SEC current name differs from project exact name
COIN,COIN,Coinbase Global,coinbase global,MEDIUM,0,0,0001679788,,,0001679788,REVIEW_TICKER_ONLY,"Ticker maps uniquely, but exact normalized company name did not independently confirm the same CIK.","Coinbase Global, Inc.",coinbase global inc,COIN,0.0,0,0,1,2,SEC CIK mapping not auto-resolved; SEC current name differs from project exact name
COST,COST,COSTCO WHOLESALE CORP,costco wholesale corp,MEDIUM,0,0,0000909832,,0000734198|0001393231,0000909832,REVIEW_TICKER_ONLY,"Ticker maps uniquely, but exact normalized company name did not independently confirm the same CIK.",COSTCO WHOLESALE CORP /NEW,costco wholesale corp new,COST,2.0,0,1,1,2,SEC CIK mapping not auto-resolved; SEC former-name evidence present; SEC current name differs from project exact name
CSGP,CSGP,CoStar Group,costar group,MEDIUM,0,0,0001057352,,,0001057352,REVIEW_TICKER_ONLY,"Ticker maps uniquely, but exact normalized company name did not independently confirm the same CIK.","COSTAR GROUP, INC.",costar group inc,CSGP,3.0,0,1,1,2,SEC CIK mapping not auto-resolved; SEC former-name evidence present; SEC current name differs from project exact name
CZR,CZR,Caesars Entertainment,caesars entertainment,MEDIUM,0,0,0001590895,,,0001590895,REVIEW_TICKER_ONLY,"Ticker maps uniquely, but exact normalized company name did not independently confirm the same CIK.","Caesars Entertainment, Inc.",caesars entertainment inc,CZR,2.0,0,1,1,2,SEC CIK mapping not auto-resolved; SEC former-name evidence present; SEC current name differs from project exact name
DECK,DECK,Deckers Outdoor,deckers outdoor,MEDIUM,0,0,0000910521,,,0000910521,REVIEW_TICKER_ONLY,"Ticker maps uniquely, but exact normalized company name did not independently confirm the same CIK.",DECKERS OUTDOOR CORP,deckers outdoor corp,DECK,0.0,0,0,1,2,SEC CIK mapping not auto-resolved; SEC current name differs from project exact name
DELL,DELL,Dell Technologies,dell technologies,MEDIUM,0,0,0001571996,,,0001571996,REVIEW_TICKER_ONLY,"Ticker maps uniquely, but exact normalized company name did not independently confirm the same CIK.",Dell Technologies Inc.,dell technologies inc,DELL,2.0,0,1,1,2,SEC CIK mapping not auto-resolved; SEC former-name evidence present; SEC current name differs from project exact name
DHI,DHI,DR HORTON INC,dr horton inc,MEDIUM,0,0,0000882184,,,0000882184,REVIEW_TICKER_ONLY,"Ticker maps uniquely, but exact normalized company name did not independently confirm the same CIK.",HORTON D R INC /DE/,horton d r inc de,DHI,0.0,0,0,1,2,SEC CIK mapping not auto-resolved; SEC current name differs from project exact name
DTE,DTE,DTE ENERGY COMPANY,dte energy company,MEDIUM,0,0,0000936340,,,0000936340,REVIEW_TICKER_ONLY,"Ticker maps uniquely, but exact normalized company name did not independently confirm the same CIK.",DTE ENERGY CO,dte energy co,DTE|DTW|DTB|DTG|DTK,1.0,0,1,1,2,SEC CIK mapping not auto-resolved; SEC former-name evidence present; SEC current name differs from project exact name
DXC,DXC,DXC Technologies,dxc technologies,MEDIUM,0,0,0001688568,,,0001688568,REVIEW_TICKER_ONLY,"Ticker maps uniquely, but exact normalized company name did not independently confirm the same CIK.",DXC Technology Co,dxc technology co,DXC,1.0,0,1,1,2,SEC CIK mapping not auto-resolved; SEC former-name evidence present; SEC current name differs from project exact name
EME,EME,Emcor Group,emcor group,MEDIUM,0,0,0000105634,,,0000105634,REVIEW_TICKER_ONLY,"Ticker maps uniquely, but exact normalized company name did not independently confirm the same CIK.","EMCOR Group, Inc.",emcor group inc,EME,2.0,0,1,1,2,SEC CIK mapping not auto-resolved; SEC former-name evidence present; SEC current name differs from project exact name
ENPH,ENPH,Enphase Energy,enphase energy,MEDIUM,0,0,0001463101,,,0001463101,REVIEW_TICKER_ONLY,"Ticker maps uniquely, but exact normalized company name did not independently confirm the same CIK.","Enphase Energy, Inc.",enphase energy inc,ENPH,0.0,0,0,1,2,SEC CIK mapping not auto-resolved; SEC current name differs from project exact name
EPAM,EPAM,EPAM Systems,epam systems,MEDIUM,0,0,0001352010,,,0001352010,REVIEW_TICKER_ONLY,"Ticker maps uniquely, but exact normalized company name did not independently confirm the same CIK.","EPAM Systems, Inc.",epam systems inc,EPAM,1.0,0,1,1,2,SEC CIK mapping not auto-resolved; SEC former-name evidence present; SEC current name differs from project exact name
ERIE,ERIE,Erie Indemnity,erie indemnity,MEDIUM,0,0,0000922621,,,0000922621,REVIEW_TICKER_ONLY,"Ticker maps uniquely, but exact normalized company name did not independently confirm the same CIK.",ERIE INDEMNITY CO,erie indemnity co,ERIE,0.0,0,0,1,2,SEC CIK mapping not auto-resolved; SEC current name differs from project exact name
EXE,EXE,Expand Energy,expand energy,MEDIUM,0,0,0000895126,,,0000895126,REVIEW_TICKER_ONLY,"Ticker maps uniquely, but exact normalized company name did not independently confirm the same CIK.",EXPAND ENERGY Corp,expand energy corp,EXE,1.0,0,1,1,2,SEC CIK mapping not auto-resolved; SEC former-name evidence present; SEC current name differs from project exact name
FSLR,FSLR,First Solar,first solar,MEDIUM,0,0,0001274494,,,0001274494,REVIEW_TICKER_ONLY,"Ticker maps uniquely, but exact normalized company name did not independently confirm the same CIK.","FIRST SOLAR, INC.",first solar inc,FSLR,1.0,0,1,1,2,SEC CIK mapping not auto-resolved; SEC former-name evidence present; SEC current name differs from project exact name
GE,GE,GENERAL ELECTRIC,general electric,MEDIUM,0,0,0000040545,,,0000040545,REVIEW_TICKER_ONLY,"Ticker maps uniquely, but exact normalized company name did not independently confirm the same CIK.",GENERAL ELECTRIC CO,general electric co,GE,0.0,0,0,1,2,SEC CIK mapping not auto-resolved; SEC current name differs from project exact name
GEV,GEV,GE Vernova,ge vernova,MEDIUM,0,0,0001996810,,,0001996810,REVIEW_TICKER_ONLY,"Ticker maps uniquely, but exact normalized company name did not independently confirm the same CIK.",GE Vernova Inc.,ge vernova inc,GEV,1.0,0,1,1,2,SEC CIK mapping not auto-resolved; SEC former-name evidence present; SEC current name differs from project exact name
HBAN,HBAN,HUNTINGTON BANCSHARES INC,huntington bancshares inc,MEDIUM,0,0,0000049196,,,0000049196,REVIEW_TICKER_ONLY,"Ticker maps uniquely, but exact normalized company name did not independently confirm the same CIK.",HUNTINGTON BANCSHARES INC /MD/,huntington bancshares inc md,HBAN|HBANL|HBANM|HBANP|HBANZ,2.0,0,1,1,2,SEC CIK mapping not auto-resolved; SEC former-name evidence present; SEC current name differs from project exact name
HOOD,HOOD,Robinhood Markets,robinhood markets,MEDIUM,0,0,0001783879,,,0001783879,REVIEW_TICKER_ONLY,"Ticker maps uniquely, but exact normalized company name did not independently confirm the same CIK.","Robinhood Markets, Inc.",robinhood markets inc,HOOD,0.0,0,0,1,2,SEC CIK mapping not auto-resolved; SEC current name differs from project exact name
HRL,HRL,HORMEL FOODS CORP,hormel foods corp,MEDIUM,0,0,0000048465,,,0000048465,REVIEW_TICKER_ONLY,"Ticker maps uniquely, but exact normalized company name did not independently confirm the same CIK.",HORMEL FOODS CORP /DE/,hormel foods corp de,HRL,1.0,0,1,1,2,SEC CIK mapping not auto-resolved; SEC former-name evidence present; SEC current name differs from project exact name
IDXX,IDXX,IDEXX LABORATORIES INC,idexx laboratories inc,MEDIUM,0,0,0000874716,,,0000874716,REVIEW_TICKER_ONLY,"Ticker maps uniquely, but exact normalized company name did not independently confirm the same CIK.",IDEXX LABORATORIES INC /DE,idexx laboratories inc de,IDXX,0.0,0,0,1,2,SEC CIK mapping not auto-resolved; SEC current name differs from project exact name
IPGP,IPGP,IPG Photonics,ipg photonics,MEDIUM,0,0,0001111928,,,0001111928,REVIEW_TICKER_ONLY,"Ticker maps uniquely, but exact normalized company name did not independently confirm the same CIK.",IPG PHOTONICS CORP,ipg photonics corp,IPGP,0.0,0,0,1,2,SEC CIK mapping not auto-resolved; SEC current name differs from project exact name
JNJ,JNJ,JOHNSON + JOHNSON,johnson johnson,MEDIUM,0,0,0000200406,,,0000200406,REVIEW_TICKER_ONLY,"Ticker maps uniquely, but exact normalized company name did not independently confirm the same CIK.",JOHNSON & JOHNSON,johnson and johnson,JNJ,1.0,0,1,1,2,SEC CIK mapping not auto-resolved; SEC former-name evidence present; SEC current name differs from project exact name
JPM,JPM,JPMORGAN CHASE + CO,jpmorgan chase co,MEDIUM,0,0,0000019617,,,0000019617,REVIEW_TICKER_ONLY,"Ticker maps uniquely, but exact normalized company name did not independently confirm the same CIK.",JPMORGAN CHASE & CO,jpmorgan chase and co,JPM|JPM-PC|AMJB|JPM-PD|JPM-PJ|JPM-PK|JPM-PL|JPM-PM|VYLD,4.0,0,1,1,2,SEC CIK mapping not auto-resolved; SEC former-name evidence present; SEC current name differs from project exact name
LHX,LHX,L3HARRIS TECHNOLOGIES INC,l3harris technologies inc,MEDIUM,0,0,0000202058,,,0000202058,REVIEW_TICKER_ONLY,"Ticker maps uniquely, but exact normalized company name did not independently confirm the same CIK.","L3HARRIS TECHNOLOGIES, INC. /DE/",l3harris technologies inc de,LHX,1.0,0,1,1,2,SEC CIK mapping not auto-resolved; SEC former-name evidence present; SEC current name differs from project exact name
LII,LII,Lennox International,lennox international,MEDIUM,0,0,0001069202,,,0001069202,REVIEW_TICKER_ONLY,"Ticker maps uniquely, but exact normalized company name did not independently confirm the same CIK.",LENNOX INTERNATIONAL INC,lennox international inc,LII,0.0,0,0,1,2,SEC CIK mapping not auto-resolved; SEC current name differs from project exact name
LLY,LLY,ELI LILLY + CO,eli lilly co,MEDIUM,0,0,0000059478,,,0000059478,REVIEW_TICKER_ONLY,"Ticker maps uniquely, but exact normalized company name did not independently confirm the same CIK.",ELI LILLY & Co,eli lilly and co,LLY,2.0,0,1,1,2,SEC CIK mapping not auto-resolved; SEC former-name evidence present; SEC current name differs from project exact name
LNC,LNC,Lincoln National,lincoln national,MEDIUM,0,0,0000059558,,,0000059558,REVIEW_TICKER_ONLY,"Ticker maps uniquely, but exact normalized company name did not independently confirm the same CIK.",LINCOLN NATIONAL CORP,lincoln national corp,LNC|LNC-PD,1.0,0,1,1,2,SEC CIK mapping not auto-resolved; SEC former-name evidence present; SEC current name differs from project exact name
LULU,LULU,Lululemon Athletica,lululemon athletica,MEDIUM,0,0,0001397187,,,0001397187,REVIEW_TICKER_ONLY,"Ticker maps uniquely, but exact normalized company name did not independently confirm the same CIK.",lululemon athletica inc.,lululemon athletica inc,LULU,1.0,0,1,1,2,SEC CIK mapping not auto-resolved; SEC former-name evidence present; SEC current name differs from project exact name
LUMN,LUMN,Lumen Technologies,lumen technologies,MEDIUM,0,0,0000018926,,,0000018926,REVIEW_TICKER_ONLY,"Ticker maps uniquely, but exact normalized company name did not independently confirm the same CIK.","Lumen Technologies, Inc.",lumen technologies inc,LUMN,3.0,0,1,1,2,SEC CIK mapping not auto-resolved; SEC former-name evidence present; SEC current name differs from project exact name
LW,LW,Lamb Weston Holdings,lamb weston holdings,MEDIUM,0,0,0001679273,,,0001679273,REVIEW_TICKER_ONLY,"Ticker maps uniquely, but exact normalized company name did not independently confirm the same CIK.","Lamb Weston Holdings, Inc.",lamb weston holdings inc,LW,0.0,0,0,1,2,SEC CIK mapping not auto-resolved; SEC current name differs from project exact name
MCD,MCD,MCDONALD S CORP,mcdonald s corp,MEDIUM,0,0,0000063908,,,0000063908,REVIEW_TICKER_ONLY,"Ticker maps uniquely, but exact normalized company name did not independently confirm the same CIK.",MCDONALDS CORP,mcdonalds corp,MCD,0.0,0,0,1,2,SEC CIK mapping not auto-resolved; SEC current name differs from project exact name
MHK,MHK,Mohawk Industries,mohawk industries,MEDIUM,0,0,0000851968,,,0000851968,REVIEW_TICKER_ONLY,"Ticker maps uniquely, but exact normalized company name did not independently confirm the same CIK.",MOHAWK INDUSTRIES INC,mohawk industries inc,MHK,1.0,0,1,1,2,SEC CIK mapping not auto-resolved; SEC former-name evidence present; SEC current name differs from project exact name
MOH,MOH,Molina Healthcare,molina healthcare,MEDIUM,0,0,0001179929,,,0001179929,REVIEW_TICKER_ONLY,"Ticker maps uniquely, but exact normalized company name did not independently confirm the same CIK.","MOLINA HEALTHCARE, INC.",molina healthcare inc,MOH,1.0,0,1,1,2,SEC CIK mapping not auto-resolved; SEC former-name evidence present; SEC current name differs from project exact name
MTCH,MTCH,Match Group,match group,MEDIUM,0,0,0000891103,,,0000891103,REVIEW_TICKER_ONLY,"Ticker maps uniquely, but exact normalized company name did not independently confirm the same CIK.","Match Group, Inc.",match group inc,MTCH,6.0,0,1,1,2,SEC CIK mapping not auto-resolved; SEC former-name evidence present; SEC current name differs from project exact name
NWL,NWL,Newell Brands,newell brands,MEDIUM,0,0,0000814453,,,0000814453,REVIEW_TICKER_ONLY,"Ticker maps uniquely, but exact normalized company name did not independently confirm the same CIK.",NEWELL BRANDS INC.,newell brands inc,NWL,4.0,0,1,1,2,SEC CIK mapping not auto-resolved; SEC former-name evidence present; SEC current name differs from project exact name
NXPI,NXPI,NXP Semiconductors,nxp semiconductors,MEDIUM,0,0,0001413447,,,0001413447,REVIEW_TICKER_ONLY,"Ticker maps uniquely, but exact normalized company name did not independently confirm the same CIK.",NXP Semiconductors N.V.,nxp semiconductors n v,NXPI,1.0,0,1,1,2,SEC CIK mapping not auto-resolved; SEC former-name evidence present; SEC current name differs from project exact name
OMC,OMC,OMNICOM GROUP,omnicom group,MEDIUM,0,0,0000029989,,,0000029989,REVIEW_TICKER_ONLY,"Ticker maps uniquely, but exact normalized company name did not independently confirm the same CIK.",OMNICOM GROUP INC.,omnicom group inc,OMC,1.0,0,1,1,2,SEC CIK mapping not auto-resolved; SEC former-name evidence present; SEC current name differs from project exact name
ON,ON,ON Semiconductor,on semiconductor,MEDIUM,0,0,0001097864,,,0001097864,REVIEW_TICKER_ONLY,"Ticker maps uniquely, but exact normalized company name did not independently confirm the same CIK.",ON SEMICONDUCTOR CORP,on semiconductor corp,ON,1.0,0,1,1,2,SEC CIK mapping not auto-resolved; SEC former-name evidence present; SEC current name differs from project exact name
OXY,OXY,OCCIDENTAL PETROLEUM CORP,occidental petroleum corp,MEDIUM,0,0,0000797468,,0001023422|0001409357,0000797468,REVIEW_TICKER_ONLY,"Ticker maps uniquely, but exact normalized company name did not independently confirm the same CIK.",OCCIDENTAL PETROLEUM CORP /DE/,occidental petroleum corp de,OXY|OXY-WT,0.0,0,0,1,2,SEC CIK mapping not auto-resolved; SEC current name differs from project exact name
PAYC,PAYC,Paycom Software,paycom software,MEDIUM,0,0,0001590955,,,0001590955,REVIEW_TICKER_ONLY,"Ticker maps uniquely, but exact normalized company name did not independently confirm the same CIK.","Paycom Software, Inc.",paycom software inc,PAYC,0.0,0,0,1,2,SEC CIK mapping not auto-resolved; SEC current name differs from project exact name
PLTR,PLTR,Palantir Technologies,palantir technologies,MEDIUM,0,0,0001321655,,,0001321655,REVIEW_TICKER_ONLY,"Ticker maps uniquely, but exact normalized company name did not independently confirm the same CIK.",Palantir Technologies Inc.,palantir technologies inc,PLTR,1.0,0,1,1,2,SEC CIK mapping not auto-resolved; SEC former-name evidence present; SEC current name differs from project exact name
Q,Q,Qnity Electronics,qnity electronics,MEDIUM,0,0,0002058873,,,0002058873,REVIEW_TICKER_ONLY,"Ticker maps uniquely, but exact normalized company name did not independently confirm the same CIK.","Qnity Electronics, Inc.",qnity electronics inc,Q,1.0,0,1,1,2,SEC CIK mapping not auto-resolved; SEC former-name evidence present; SEC current name differs from project exact name
REGN,REGN,REGENERON PHARMACEUTICALS,regeneron pharmaceuticals,MEDIUM,0,0,0000872589,,,0000872589,REVIEW_TICKER_ONLY,"Ticker maps uniquely, but exact normalized company name did not independently confirm the same CIK.","REGENERON PHARMACEUTICALS, INC.",regeneron pharmaceuticals inc,REGN,1.0,0,1,1,2,SEC CIK mapping not auto-resolved; SEC former-name evidence present; SEC current name differs from project exact name
RHI,RHI,Robert Half,robert half,MEDIUM,0,0,0000315213,,,0000315213,REVIEW_TICKER_ONLY,"Ticker maps uniquely, but exact normalized company name did not independently confirm the same CIK.",ROBERT HALF INC.,robert half inc,RHI,2.0,0,1,1,2,SEC CIK mapping not auto-resolved; SEC former-name evidence present; SEC current name differs from project exact name
SEDG,SEDG,SolarEdge Technologies,solaredge technologies,MEDIUM,0,0,0001419612,,,0001419612,REVIEW_TICKER_ONLY,"Ticker maps uniquely, but exact normalized company name did not independently confirm the same CIK.","SOLAREDGE TECHNOLOGIES, INC.",solaredge technologies inc,SEDG,1.0,0,1,1,2,SEC CIK mapping not auto-resolved; SEC former-name evidence present; SEC current name differs from project exact name
STLD,STLD,Steel Dynamics,steel dynamics,MEDIUM,0,0,0001022671,,,0001022671,REVIEW_TICKER_ONLY,"Ticker maps uniquely, but exact normalized company name did not independently confirm the same CIK.",STEEL DYNAMICS INC,steel dynamics inc,STLD,1.0,0,1,1,2,SEC CIK mapping not auto-resolved; SEC former-name evidence present; SEC current name differs from project exact name
TECH,TECH,Bio-Techne,bio techne,MEDIUM,0,0,0000842023,,,0000842023,REVIEW_TICKER_ONLY,"Ticker maps uniquely, but exact normalized company name did not independently confirm the same CIK.",BIO-TECHNE Corp,bio techne corp,TECH,1.0,0,1,1,2,SEC CIK mapping not auto-resolved; SEC former-name evidence present; SEC current name differs from project exact name
TKO,TKO,TKO Group Holdings,tko group holdings,MEDIUM,0,0,0001973266,,,0001973266,REVIEW_TICKER_ONLY,"Ticker maps uniquely, but exact normalized company name did not independently confirm the same CIK.","TKO Group Holdings, Inc.",tko group holdings inc,TKO,1.0,0,1,1,2,SEC CIK mapping not auto-resolved; SEC former-name evidence present; SEC current name differs from project exact name
TRGP,TRGP,Targa Resources,targa resources,MEDIUM,0,0,0001389170,,,0001389170,REVIEW_TICKER_ONLY,"Ticker maps uniquely, but exact normalized company name did not independently confirm the same CIK.",Targa Resources Corp.,targa resources corp,TRGP,2.0,0,1,1,2,SEC CIK mapping not auto-resolved; SEC former-name evidence present; SEC current name differs from project exact name
TSCO,TSCO,TRACTOR SUPPLY COMPANY,tractor supply company,MEDIUM,0,0,0000916365,,,0000916365,REVIEW_TICKER_ONLY,"Ticker maps uniquely, but exact normalized company name did not independently confirm the same CIK.",TRACTOR SUPPLY CO /DE/,tractor supply co de,TSCO,0.0,0,0,1,2,SEC CIK mapping not auto-resolved; SEC current name differs from project exact name
UBER,UBER,Uber Technologies,uber technologies,MEDIUM,0,0,0001543151,,,0001543151,REVIEW_TICKER_ONLY,"Ticker maps uniquely, but exact normalized company name did not independently confirm the same CIK.","Uber Technologies, Inc",uber technologies inc,UBER,0.0,0,0,1,2,SEC CIK mapping not auto-resolved; SEC current name differs from project exact name
USB,USB,US BANCORP,us bancorp,MEDIUM,0,0,0000036104,,,0000036104,REVIEW_TICKER_ONLY,"Ticker maps uniquely, but exact normalized company name did not independently confirm the same CIK.",US BANCORP \DE\,us bancorp de,USB|USB-PA|USB-PH|USB-PP|USB-PQ|USB-PR|USB-PS,1.0,0,1,1,2,SEC CIK mapping not auto-resolved; SEC former-name evidence present; SEC current name differs from project exact name
VICI,VICI,VICI Properties,vici properties,MEDIUM,0,0,0001705696,,,0001705696,REVIEW_TICKER_ONLY,"Ticker maps uniquely, but exact normalized company name did not independently confirm the same CIK.",VICI PROPERTIES INC.,vici properties inc,VICI,0.0,0,0,1,2,SEC CIK mapping not auto-resolved; SEC current name differs from project exact name
VRTX,VRTX,VERTEX PHARMACEUTICALS INC,vertex pharmaceuticals inc,MEDIUM,0,0,0000875320,,,0000875320,REVIEW_TICKER_ONLY,"Ticker maps uniquely, but exact normalized company name did not independently confirm the same CIK.",VERTEX PHARMACEUTICALS INC / MA,vertex pharmaceuticals inc ma,VRTX,0.0,0,0,1,2,SEC CIK mapping not auto-resolved; SEC current name differs from project exact name
WFC,WFC,WELLS FARGO + CO,wells fargo co,MEDIUM,0,0,0000072971,,,0000072971,REVIEW_TICKER_ONLY,"Ticker maps uniquely, but exact normalized company name did not independently confirm the same CIK.",WELLS FARGO & COMPANY/MN,wells fargo and company mn,WFC|WFC-PY|WFC-PL|WFC-PC|WFCNP|WFC-PA|WFC-PD|WFC-PZ,2.0,0,1,1,2,SEC CIK mapping not auto-resolved; SEC former-name evidence present; SEC current name differs from project exact name
WRB,WRB,WR BERKLEY CORP,wr berkley corp,MEDIUM,0,0,0000011544,,,0000011544,REVIEW_TICKER_ONLY,"Ticker maps uniquely, but exact normalized company name did not independently confirm the same CIK.",BERKLEY W R CORP,berkley w r corp,WRB|WRB-PE|WRB-PF|WRB-PG|WRB-PH,0.0,0,0,1,2,SEC CIK mapping not auto-resolved; SEC current name differs from project exact name
WSM,WSM,Williams-Sonoma,williams sonoma,MEDIUM,0,0,0000719955,,,0000719955,REVIEW_TICKER_ONLY,"Ticker maps uniquely, but exact normalized company name did not independently confirm the same CIK.",WILLIAMS SONOMA INC,williams sonoma inc,WSM,0.0,0,0,1,2,SEC CIK mapping not auto-resolved; SEC current name differs from project exact name
XRAY,XRAY,Dentsply Sirona,dentsply sirona,MEDIUM,0,0,0000818479,,,0000818479,REVIEW_TICKER_ONLY,"Ticker maps uniquely, but exact normalized company name did not independently confirm the same CIK.",DENTSPLY SIRONA Inc.,dentsply sirona inc,XRAY,1.0,0,1,1,2,SEC CIK mapping not auto-resolved; SEC former-name evidence present; SEC current name differs from project exact name
AAPL,AAPL,APPLE INC,apple inc,HIGH,1,0,0000320193,0000320193,0000320193,0000320193,AUTO_SOURCE_AGREEMENT,Project ticker and exact normalized company name agree on one SEC CIK.,Apple Inc.,apple inc,AAPL,3.0,1,1,1,3,SEC former-name evidence present; Stage 3A PIT/name-history review flag
ABBV,ABBV,ABBVIE INC,abbvie inc,HIGH,1,0,0001551152,0001551152,0001551152,0001551152,AUTO_SOURCE_AGREEMENT,Project ticker and exact normalized company name agree on one SEC CIK.,AbbVie Inc.,abbvie inc,ABBV,0.0,1,0,1,3,Stage 3A PIT/name-history review flag
ADBE,ADBE,ADOBE INC,adobe inc,HIGH,1,0,0000796343,0000796343,0000796343,0000796343,AUTO_SOURCE_AGREEMENT,Project ticker and exact normalized company name agree on one SEC CIK.,ADOBE INC.,adobe inc,ADBE,1.0,1,1,1,3,SEC former-name evidence present; Stage 3A PIT/name-history review flag
ADSK,ADSK,AUTODESK INC,autodesk inc,HIGH,1,0,0000769397,0000769397,0000769397,0000769397,AUTO_SOURCE_AGREEMENT,Project ticker and exact normalized company name agree on one SEC CIK.,"Autodesk, Inc.",autodesk inc,ADSK,1.0,1,1,1,3,SEC former-name evidence present; Stage 3A PIT/name-history review flag
AES,AES,AES CORP,aes corp,HIGH,1,0,0000874761,0000874761,0000874761,0000874761,AUTO_SOURCE_AGREEMENT,Project ticker and exact normalized company name agree on one SEC CIK.,AES CORP,aes corp,AES,1.0,1,1,1,3,SEC former-name evidence present; Stage 3A PIT/name-history review flag
AFL,AFL,AFLAC INC,aflac inc,HIGH,1,0,0000004977,0000004977,0000004977,0000004977,AUTO_SOURCE_AGREEMENT,Project ticker and exact normalized company name agree on one SEC CIK.,AFLAC INC,aflac inc,AFL,0.0,1,0,1,3,Stage 3A PIT/name-history review flag
AIZ,AIZ,ASSURANT INC,assurant inc,HIGH,1,0,0001267238,0001267238,0001267238,0001267238,AUTO_SOURCE_AGREEMENT,Project ticker and exact normalized company name agree on one SEC CIK.,"ASSURANT, INC.",assurant inc,AIZ|AIZN,1.0,1,1,1,3,SEC former-name evidence present; Stage 3A PIT/name-history review flag
ALB,ALB,ALBEMARLE CORP,albemarle corp,HIGH,1,0,0000915913,0000915913,0000915913,0000915913,AUTO_SOURCE_AGREEMENT,Project ticker and exact normalized company name agree on one SEC CIK.,ALBEMARLE CORP,albemarle corp,ALB|ALB-PA,0.0,1,0,1,3,Stage 3A PIT/name-history review flag
ALL,ALL,ALLSTATE CORP,allstate corp,HIGH,1,0,0000899051,0000899051,0000899051,0000899051,AUTO_SOURCE_AGREEMENT,Project ticker and exact normalized company name agree on one SEC CIK.,ALLSTATE CORP,allstate corp,ALL|ALL-PH|ALL-PB|ALL-PI|ALL-PJ,0.0,1,0,1,3,Stage 3A PIT/name-history review flag
ALLE,ALLE,ALLEGION PLC,allegion plc,HIGH,1,0,0001579241,0001579241,0001579241,0001579241,AUTO_SOURCE_AGREEMENT,Project ticker and exact normalized company name agree on one SEC CIK.,Allegion plc,allegion plc,ALLE,0.0,1,0,1,3,Stage 3A PIT/name-history review flag
AMCR,AMCR,AMCOR PLC,amcor plc,HIGH,1,0,0001748790,0001748790,0001748790,0001748790,AUTO_SOURCE_AGREEMENT,Project ticker and exact normalized company name agree on one SEC CIK.,Amcor plc,amcor plc,AMCR|AMCCF,1.0,1,1,1,3,SEC former-name evidence present; Stage 3A PIT/name-history review flag
AME,AME,AMETEK INC,ametek inc,HIGH,1,0,0001037868,0001037868,0000006082|0001037868,0001037868,AUTO_SOURCE_AGREEMENT,Project ticker and exact normalized company name agree on one SEC CIK.,AMETEK INC/,ametek inc,AME,0.0,1,0,1,3,Stage 3A PIT/name-history review flag
AMGN,AMGN,AMGEN INC,amgen inc,HIGH,1,0,0000318154,0000318154,0000318154,0000318154,AUTO_SOURCE_AGREEMENT,Project ticker and exact normalized company name agree on one SEC CIK.,AMGEN INC,amgen inc,AMGN,0.0,1,0,1,3,Stage 3A PIT/name-history review flag
APA,APA,APA CORP,apa corp,HIGH,1,0,0001841666,0001841666,0001841666,0001841666,AUTO_SOURCE_AGREEMENT,Project ticker and exact normalized company name agree on one SEC CIK.,APA Corp,apa corp,APA,0.0,1,0,1,3,Stage 3A PIT/name-history review flag
APTV,APTV,APTIV PLC,aptiv plc,HIGH,1,0,0001521332,0001521332,0001521332,0001521332,AUTO_SOURCE_AGREEMENT,Project ticker and exact normalized company name agree on one SEC CIK.,Aptiv PLC,aptiv plc,APTV,1.0,1,1,1,3,SEC former-name evidence present; Stage 3A PIT/name-history review flag
AVGO,AVGO,BROADCOM INC,broadcom inc,HIGH,1,0,0001730168,0001730168,0001730168,0001730168,AUTO_SOURCE_AGREEMENT,Project ticker and exact normalized company name agree on one SEC CIK.,Broadcom Inc.,broadcom inc,AVGO,1.0,1,1,1,3,SEC former-name evidence present; Stage 3A PIT/name-history review flag
AZO,AZO,AUTOZONE INC,autozone inc,HIGH,1,0,0000866787,0000866787,0000866787,0000866787,AUTO_SOURCE_AGREEMENT,Project ticker and exact normalized company name agree on one SEC CIK.,AUTOZONE INC,autozone inc,AZO,1.0,1,1,1,3,SEC former-name evidence present; Stage 3A PIT/name-history review flag
BALL,BALL,BALL CORP,ball corp,HIGH,1,0,0000009389,0000009389,0000009389|0001469975,0000009389,AUTO_SOURCE_AGREEMENT,Project ticker and exact normalized company name agree on one SEC CIK.,BALL Corp,ball corp,BALL,0.0,1,0,1,3,Stage 3A PIT/name-history review flag
BBY,BBY,BEST BUY CO INC,best buy co inc,HIGH,1,0,0000764478,0000764478,0000764478,0000764478,AUTO_SOURCE_AGREEMENT,Project ticker and exact normalized company name agree on one SEC CIK.,BEST BUY CO INC,best buy co inc,BBY,0.0,1,0,1,3,Stage 3A PIT/name-history review flag
BIIB,BIIB,BIOGEN INC,biogen inc,HIGH,1,0,0000875045,0000875045,0000714655|0000875045,0000875045,AUTO_SOURCE_AGREEMENT,Project ticker and exact normalized company name agree on one SEC CIK.,BIOGEN INC.,biogen inc,BIIB,4.0,1,1,1,3,SEC former-name evidence present; Stage 3A PIT/name-history review flag
BKNG,BKNG,BOOKING HOLDINGS INC,booking holdings inc,HIGH,1,0,0001075531,0001075531,0001075531,0001075531,AUTO_SOURCE_AGREEMENT,Project ticker and exact normalized company name agree on one SEC CIK.,Booking Holdings Inc.,booking holdings inc,BKNG,2.0,1,1,1,3,SEC former-name evidence present; Stage 3A PIT/name-history review flag
BLK,BLK,BLACKROCK INC,blackrock inc,HIGH,1,0,0002012383,0002012383,0001364742|0002012383,0002012383,AUTO_SOURCE_AGREEMENT,Project ticker and exact normalized company name agree on one SEC CIK.,"BlackRock, Inc.",blackrock inc,BLK,2.0,1,1,1,3,SEC former-name evidence present; Stage 3A PIT/name-history review flag
BXP,BXP,BXP INC,bxp inc,HIGH,1,0,0001037540,0001037540,0001037540,0001037540,AUTO_SOURCE_AGREEMENT,Project ticker and exact normalized company name agree on one SEC CIK.,"BXP, Inc.",bxp inc,BXP,1.0,1,1,1,3,SEC former-name evidence present; Stage 3A PIT/name-history review flag
C,C,CITIGROUP INC,citigroup inc,HIGH,1,0,0000831001,0000831001,0000831001,0000831001,AUTO_SOURCE_AGREEMENT,Project ticker and exact normalized company name agree on one SEC CIK.,CITIGROUP INC,citigroup inc,C|C-PN|C-PR,3.0,1,1,1,3,SEC former-name evidence present; Stage 3A PIT/name-history review flag
CAT,CAT,CATERPILLAR INC,caterpillar inc,HIGH,1,0,0000018230,0000018230,0000018230|0001368591,0000018230,AUTO_SOURCE_AGREEMENT,Project ticker and exact normalized company name agree on one SEC CIK.,CATERPILLAR INC,caterpillar inc,CAT,0.0,1,0,1,3,Stage 3A PIT/name-history review flag
CB,CB,CHUBB LTD,chubb ltd,HIGH,1,0,0000896159,0000896159,0000896159,0000896159,AUTO_SOURCE_AGREEMENT,Project ticker and exact normalized company name agree on one SEC CIK.,Chubb Ltd,chubb ltd,CB,2.0,1,1,1,3,SEC former-name evidence present; Stage 3A PIT/name-history review flag
CCL,CCL,CARNIVAL CORP LTD,carnival corp ltd,HIGH,1,0,0000815097,0000815097,0000815097,0000815097,AUTO_SOURCE_AGREEMENT,Project ticker and exact normalized company name agree on one SEC CIK.,Carnival Corp Ltd.,carnival corp ltd,CCL,2.0,1,1,1,3,SEC former-name evidence present; Stage 3A PIT/name-history review flag
CMI,CMI,CUMMINS INC,cummins inc,HIGH,1,0,0000026172,0000026172,0000026172,0000026172,AUTO_SOURCE_AGREEMENT,Project ticker and exact normalized company name agree on one SEC CIK.,CUMMINS INC,cummins inc,CMI,1.0,1,1,1,3,SEC former-name evidence present; Stage 3A PIT/name-history review flag
CNC,CNC,CENTENE CORP,centene corp,HIGH,1,0,0001071739,0001071739,0001071739,0001071739,AUTO_SOURCE_AGREEMENT,Project ticker and exact normalized company name agree on one SEC CIK.,CENTENE CORP,centene corp,CNC,0.0,1,0,1,3,Stage 3A PIT/name-history review flag
COP,COP,CONOCOPHILLIPS,conocophillips,HIGH,1,0,0001163165,0001163165,0001163165,0001163165,AUTO_SOURCE_AGREEMENT,Project ticker and exact normalized company name agree on one SEC CIK.,CONOCOPHILLIPS,conocophillips,COP,1.0,1,1,1,3,SEC former-name evidence present; Stage 3A PIT/name-history review flag
COR,COR,CENCORA INC,cencora inc,HIGH,1,0,0001140859,0001140859,0001140859,0001140859,AUTO_SOURCE_AGREEMENT,Project ticker and exact normalized company name agree on one SEC CIK.,"Cencora, Inc.",cencora inc,COR,2.0,1,1,1,3,SEC former-name evidence present; Stage 3A PIT/name-history review flag
CPAY,CPAY,CORPAY INC,corpay inc,HIGH,1,0,0001175454,0001175454,0001175454,0001175454,AUTO_SOURCE_AGREEMENT,Project ticker and exact normalized company name agree on one SEC CIK.,"CORPAY, INC.",corpay inc,CPAY,1.0,1,1,1,3,SEC former-name evidence present; Stage 3A PIT/name-history review flag
CPRT,CPRT,COPART INC,copart inc,HIGH,1,0,0000900075,0000900075,0000900075,0000900075,AUTO_SOURCE_AGREEMENT,Project ticker and exact normalized company name agree on one SEC CIK.,COPART INC,copart inc,CPRT,0.0,1,0,1,3,Stage 3A PIT/name-history review flag
CRM,CRM,SALESFORCE INC,salesforce inc,HIGH,1,0,0001108524,0001108524,0001108524,0001108524,AUTO_SOURCE_AGREEMENT,Project ticker and exact normalized company name agree on one SEC CIK.,"Salesforce, Inc.",salesforce inc,CRM,2.0,1,1,1,3,SEC former-name evidence present; Stage 3A PIT/name-history review flag
CSX,CSX,CSX CORP,csx corp,HIGH,1,0,0000277948,0000277948,0000277948,0000277948,AUTO_SOURCE_AGREEMENT,Project ticker and exact normalized company name agree on one SEC CIK.,CSX CORP,csx corp,CSX,0.0,1,0,1,3,Stage 3A PIT/name-history review flag
CTAS,CTAS,CINTAS CORP,cintas corp,HIGH,1,0,0000723254,0000723254,0000723254,0000723254,AUTO_SOURCE_AGREEMENT,Project ticker and exact normalized company name agree on one SEC CIK.,CINTAS CORP,cintas corp,CTAS,0.0,1,0,1,3,Stage 3A PIT/name-history review flag
CTVA,CTVA,CORTEVA INC,corteva inc,HIGH,1,0,0001755672,0001755672,0001755672,0001755672,AUTO_SOURCE_AGREEMENT,Project ticker and exact normalized company name agree on one SEC CIK.,"Corteva, Inc.",corteva inc,CTVA,0.0,1,0,1,3,Stage 3A PIT/name-history review flag
CVX,CVX,CHEVRON CORP,chevron corp,HIGH,1,0,0000093410,0000093410,0000093410,0000093410,AUTO_SOURCE_AGREEMENT,Project ticker and exact normalized company name agree on one SEC CIK.,CHEVRON CORP,chevron corp,CVX,1.0,1,1,1,3,SEC former-name evidence present; Stage 3A PIT/name-history review flag
DOV,DOV,DOVER CORP,dover corp,HIGH,1,0,0000029905,0000029905,0000029905,0000029905,AUTO_SOURCE_AGREEMENT,Project ticker and exact normalized company name agree on one SEC CIK.,DOVER Corp,dover corp,DOV,0.0,1,0,1,3,Stage 3A PIT/name-history review flag
DOW,DOW,DOW INC,dow inc,HIGH,1,0,0001751788,0001751788,0001751788,0001751788,AUTO_SOURCE_AGREEMENT,Project ticker and exact normalized company name agree on one SEC CIK.,DOW INC.,dow inc,DOW,1.0,1,1,1,3,SEC former-name evidence present; Stage 3A PIT/name-history review flag
DVA,DVA,DAVITA INC,davita inc,HIGH,1,0,0000927066,0000927066,0000927066,0000927066,AUTO_SOURCE_AGREEMENT,Project ticker and exact normalized company name agree on one SEC CIK.,DAVITA INC.,davita inc,DVA,3.0,1,1,1,3,SEC former-name evidence present; Stage 3A PIT/name-history review flag
DXCM,DXCM,DEXCOM INC,dexcom inc,HIGH,1,0,0001093557,0001093557,0001093557,0001093557,AUTO_SOURCE_AGREEMENT,Project ticker and exact normalized company name agree on one SEC CIK.,DEXCOM INC,dexcom inc,DXCM,0.0,1,0,1,3,Stage 3A PIT/name-history review flag
EBAY,EBAY,EBAY INC,ebay inc,HIGH,1,0,0001065088,0001065088,0001065088,0001065088,AUTO_SOURCE_AGREEMENT,Project ticker and exact normalized company name agree on one SEC CIK.,EBAY INC,ebay inc,EBAY,0.0,1,0,1,3,Stage 3A PIT/name-history review flag
ECL,ECL,ECOLAB INC,ecolab inc,HIGH,1,0,0000031462,0000031462,0000031462,0000031462,AUTO_SOURCE_AGREEMENT,Project ticker and exact normalized company name agree on one SEC CIK.,ECOLAB INC.,ecolab inc,ECL,1.0,1,1,1,3,SEC former-name evidence present; Stage 3A PIT/name-history review flag
EFX,EFX,EQUIFAX INC,equifax inc,HIGH,1,0,0000033185,0000033185,0000033185,0000033185,AUTO_SOURCE_AGREEMENT,Project ticker and exact normalized company name agree on one SEC CIK.,EQUIFAX INC,equifax inc,EFX,1.0,1,1,1,3,SEC former-name evidence present; Stage 3A PIT/name-history review flag
EQIX,EQIX,EQUINIX INC,equinix inc,HIGH,1,0,0001101239,0001101239,0001101239,0001101239,AUTO_SOURCE_AGREEMENT,Project ticker and exact normalized company name agree on one SEC CIK.,EQUINIX INC,equinix inc,EQIX,0.0,1,0,1,3,Stage 3A PIT/name-history review flag
ETN,ETN,EATON CORP PLC,eaton corp plc,HIGH,1,0,0001551182,0001551182,0001551182,0001551182,AUTO_SOURCE_AGREEMENT,Project ticker and exact normalized company name agree on one SEC CIK.,Eaton Corp plc,eaton corp plc,ETN,1.0,1,1,1,3,SEC former-name evidence present; Stage 3A PIT/name-history review flag
EVRG,EVRG,EVERGY INC,evergy inc,HIGH,1,0,0001711269,0001711269,0001711269,0001711269,AUTO_SOURCE_AGREEMENT,Project ticker and exact normalized company name agree on one SEC CIK.,"Evergy, Inc.",evergy inc,EVRG,1.0,1,1,1,3,SEC former-name evidence present; Stage 3A PIT/name-history review flag
EXC,EXC,EXELON CORP,exelon corp,HIGH,1,0,0001109357,0001109357,0001109357,0001109357,AUTO_SOURCE_AGREEMENT,Project ticker and exact normalized company name agree on one SEC CIK.,EXELON CORP,exelon corp,EXC,0.0,1,0,1,3,Stage 3A PIT/name-history review flag
FAST,FAST,FASTENAL CO,fastenal co,HIGH,1,0,0000815556,0000815556,0000815556,0000815556,AUTO_SOURCE_AGREEMENT,Project ticker and exact normalized company name agree on one SEC CIK.,FASTENAL CO,fastenal co,FAST,1.0,1,1,1,3,SEC former-name evidence present; Stage 3A PIT/name-history review flag
FDX,FDX,FEDEX CORP,fedex corp,HIGH,1,0,0001048911,0001048911,0001048911,0001048911,AUTO_SOURCE_AGREEMENT,Project ticker and exact normalized company name agree on one SEC CIK.,FEDEX CORP,fedex corp,FDX,1.0,1,1,1,3,SEC former-name evidence present; Stage 3A PIT/name-history review flag
FE,FE,FIRSTENERGY CORP,firstenergy corp,HIGH,1,0,0001031296,0001031296,0001031296,0001031296,AUTO_SOURCE_AGREEMENT,Project ticker and exact normalized company name agree on one SEC CIK.,FIRSTENERGY CORP,firstenergy corp,FE,0.0,1,0,1,3,Stage 3A PIT/name-history review flag
FFIV,FFIV,F5 INC,f5 inc,HIGH,1,0,0001048695,0001048695,0001048695,0001048695,AUTO_SOURCE_AGREEMENT,Project ticker and exact normalized company name agree on one SEC CIK.,"F5, INC.",f5 inc,FFIV,2.0,1,1,1,3,SEC former-name evidence present; Stage 3A PIT/name-history review flag
FISV,FISV,FISERV INC,fiserv inc,HIGH,1,0,0000798354,0000798354,0000798354,0000798354,AUTO_SOURCE_AGREEMENT,Project ticker and exact normalized company name agree on one SEC CIK.,FISERV INC,fiserv inc,FISV,0.0,1,0,1,3,Stage 3A PIT/name-history review flag
FTNT,FTNT,FORTINET INC,fortinet inc,HIGH,1,0,0001262039,0001262039,0001262039,0001262039,AUTO_SOURCE_AGREEMENT,Project ticker and exact normalized company name agree on one SEC CIK.,"Fortinet, Inc.",fortinet inc,FTNT,1.0,1,1,1,3,SEC former-name evidence present; Stage 3A PIT/name-history review flag
FTV,FTV,FORTIVE CORP,fortive corp,HIGH,1,0,0001659166,0001659166,0001659166,0001659166,AUTO_SOURCE_AGREEMENT,Project ticker and exact normalized company name agree on one SEC CIK.,Fortive Corp,fortive corp,FTV,0.0,1,0,1,3,Stage 3A PIT/name-history review flag
GRMN,GRMN,GARMIN LTD,garmin ltd,HIGH,1,0,0001121788,0001121788,0001121788,0001121788,AUTO_SOURCE_AGREEMENT,Project ticker and exact normalized company name agree on one SEC CIK.,GARMIN LTD,garmin ltd,GRMN,0.0,1,0,1,3,Stage 3A PIT/name-history review flag
HAL,HAL,HALLIBURTON CO,halliburton co,HIGH,1,0,0000045012,0000045012,0000045012,0000045012,AUTO_SOURCE_AGREEMENT,Project ticker and exact normalized company name agree on one SEC CIK.,HALLIBURTON CO,halliburton co,HAL,0.0,1,0,1,3,Stage 3A PIT/name-history review flag
HAS,HAS,HASBRO INC,hasbro inc,HIGH,1,0,0000046080,0000046080,0000046080,0000046080,AUTO_SOURCE_AGREEMENT,Project ticker and exact normalized company name agree on one SEC CIK.,"HASBRO, INC.",hasbro inc,HAS,1.0,1,1,1,3,SEC former-name evidence present; Stage 3A PIT/name-history review flag
HPQ,HPQ,HP INC,hp inc,HIGH,1,0,0000047217,0000047217,0000047217,0000047217,AUTO_SOURCE_AGREEMENT,Project ticker and exact normalized company name agree on one SEC CIK.,HP INC,hp inc,HPQ,1.0,1,1,1,3,SEC former-name evidence present; Stage 3A PIT/name-history review flag
HUM,HUM,HUMANA INC,humana inc,HIGH,1,0,0000049071,0000049071,0000049071,0000049071,AUTO_SOURCE_AGREEMENT,Project ticker and exact normalized company name agree on one SEC CIK.,HUMANA INC,humana inc,HUM,0.0,1,0,1,3,Stage 3A PIT/name-history review flag
INCY,INCY,INCYTE CORP,incyte corp,HIGH,1,0,0000879169,0000879169,0000879169,0000879169,AUTO_SOURCE_AGREEMENT,Project ticker and exact normalized company name agree on one SEC CIK.,INCYTE CORP,incyte corp,INCY,3.0,1,1,1,3,SEC former-name evidence present; Stage 3A PIT/name-history review flag
INTC,INTC,INTEL CORP,intel corp,HIGH,1,0,0000050863,0000050863,0000050863,0000050863,AUTO_SOURCE_AGREEMENT,Project ticker and exact normalized company name agree on one SEC CIK.,INTEL CORP,intel corp,INTC,0.0,1,0,1,3,Stage 3A PIT/name-history review flag
INTU,INTU,INTUIT INC,intuit inc,HIGH,1,0,0000896878,0000896878,0000896878,0000896878,AUTO_SOURCE_AGREEMENT,Project ticker and exact normalized company name agree on one SEC CIK.,INTUIT INC.,intuit inc,INTU,1.0,1,1,1,3,SEC former-name evidence present; Stage 3A PIT/name-history review flag
IQV,IQV,IQVIA HOLDINGS INC,iqvia holdings inc,HIGH,1,0,0001478242,0001478242,0001478242,0001478242,AUTO_SOURCE_AGREEMENT,Project ticker and exact normalized company name agree on one SEC CIK.,IQVIA HOLDINGS INC.,iqvia holdings inc,IQV,2.0,1,1,1,3,SEC former-name evidence present; Stage 3A PIT/name-history review flag
IT,IT,GARTNER INC,gartner inc,HIGH,1,0,0000749251,0000749251,0000749251,0000749251,AUTO_SOURCE_AGREEMENT,Project ticker and exact normalized company name agree on one SEC CIK.,GARTNER INC,gartner inc,IT,1.0,1,1,1,3,SEC former-name evidence present; Stage 3A PIT/name-history review flag
IVZ,IVZ,INVESCO LTD,invesco ltd,HIGH,1,0,0000914208,0000914208,0000914208,0000914208,AUTO_SOURCE_AGREEMENT,Project ticker and exact normalized company name agree on one SEC CIK.,Invesco Ltd.,invesco ltd,IVZ,6.0,1,1,1,3,SEC former-name evidence present; Stage 3A PIT/name-history review flag
K,K,Kellanova,kellanova,HIGH,1,0,,,0000055067,0000055067,AUTO_UNIQUE_EXACT_NAME,Exact normalized company name maps uniquely in official SEC current/historical name sources.,KELLANOVA,kellanova,,1.0,1,1,1,3,SEC former-name evidence present; Stage 3A PIT/name-history review flag
KLAC,KLAC,KLA CORP,kla corp,HIGH,1,0,0000319201,0000319201,0000319201,0000319201,AUTO_SOURCE_AGREEMENT,Project ticker and exact normalized company name agree on one SEC CIK.,KLA CORP,kla corp,KLAC,2.0,1,1,1,3,SEC former-name evidence present; Stage 3A PIT/name-history review flag
KR,KR,KROGER CO,kroger co,HIGH,1,0,0000056873,0000056873,0000056873,0000056873,AUTO_SOURCE_AGREEMENT,Project ticker and exact normalized company name agree on one SEC CIK.,KROGER CO,kroger co,KR,0.0,1,0,1,3,Stage 3A PIT/name-history review flag
L,L,LOEWS CORP,loews corp,HIGH,1,0,0000060086,0000060086,0000060086,0000060086,AUTO_SOURCE_AGREEMENT,Project ticker and exact normalized company name agree on one SEC CIK.,LOEWS CORP,loews corp,L,0.0,1,0,1,3,Stage 3A PIT/name-history review flag
LDOS,LDOS,LEIDOS HOLDINGS INC,leidos holdings inc,HIGH,1,0,0001336920,0001336920,0001336920,0001336920,AUTO_SOURCE_AGREEMENT,Project ticker and exact normalized company name agree on one SEC CIK.,"Leidos Holdings, Inc.",leidos holdings inc,LDOS,1.0,1,1,1,3,SEC former-name evidence present; Stage 3A PIT/name-history review flag
LH,LH,LABCORP HOLDINGS INC,labcorp holdings inc,HIGH,1,0,0000920148,0000920148,0000920148,0000920148,AUTO_SOURCE_AGREEMENT,Project ticker and exact normalized company name agree on one SEC CIK.,LABCORP HOLDINGS INC.,labcorp holdings inc,LH,2.0,1,1,1,3,SEC former-name evidence present; Stage 3A PIT/name-history review flag
LIN,LIN,LINDE PLC,linde plc,HIGH,1,0,0001707925,0001707925,0001707925,0001707925,AUTO_SOURCE_AGREEMENT,Project ticker and exact normalized company name agree on one SEC CIK.,LINDE PLC,linde plc,LIN,1.0,1,1,1,3,SEC former-name evidence present; Stage 3A PIT/name-history review flag
MCK,MCK,MCKESSON CORP,mckesson corp,HIGH,1,0,0000927653,0000927653,0000927653,0000927653,AUTO_SOURCE_AGREEMENT,Project ticker and exact normalized company name agree on one SEC CIK.,MCKESSON CORP,mckesson corp,MCK,1.0,1,1,1,3,SEC former-name evidence present; Stage 3A PIT/name-history review flag
MDT,MDT,MEDTRONIC PLC,medtronic plc,HIGH,1,0,0001613103,0001613103,0001613103,0001613103,AUTO_SOURCE_AGREEMENT,Project ticker and exact normalized company name agree on one SEC CIK.,Medtronic plc,medtronic plc,MDT,2.0,1,1,1,3,SEC former-name evidence present; Stage 3A PIT/name-history review flag
MET,MET,METLIFE INC,metlife inc,HIGH,1,0,0001099219,0001099219,0001099219,0001099219,AUTO_SOURCE_AGREEMENT,Project ticker and exact normalized company name agree on one SEC CIK.,METLIFE INC,metlife inc,MET|MET-PA|MET-PE|MET-PF,0.0,1,0,1,3,Stage 3A PIT/name-history review flag
MMM,MMM,3M CO,3m co,HIGH,1,0,0000066740,0000066740,0000066740,0000066740,AUTO_SOURCE_AGREEMENT,Project ticker and exact normalized company name agree on one SEC CIK.,3M CO,3m co,MMM,1.0,1,1,1,3,SEC former-name evidence present; Stage 3A PIT/name-history review flag
MSCI,MSCI,MSCI INC,msci inc,HIGH,1,0,0001408198,0001408198,0001408198,0001408198,AUTO_SOURCE_AGREEMENT,Project ticker and exact normalized company name agree on one SEC CIK.,MSCI Inc.,msci inc,MSCI,0.0,1,0,1,3,Stage 3A PIT/name-history review flag
MSFT,MSFT,MICROSOFT CORP,microsoft corp,HIGH,1,0,0000789019,0000789019,0000789019,0000789019,AUTO_SOURCE_AGREEMENT,Project ticker and exact normalized company name agree on one SEC CIK.,MICROSOFT CORP,microsoft corp,MSFT,0.0,1,0,1,3,Stage 3A PIT/name-history review flag
NDAQ,NDAQ,NASDAQ INC,nasdaq inc,HIGH,1,0,0001120193,0001120193,0001120193,0001120193,AUTO_SOURCE_AGREEMENT,Project ticker and exact normalized company name agree on one SEC CIK.,"NASDAQ, INC.",nasdaq inc,NDAQ,2.0,1,1,1,3,SEC former-name evidence present; Stage 3A PIT/name-history review flag
NFLX,NFLX,NETFLIX INC,netflix inc,HIGH,1,0,0001065280,0001065280,0001065280,0001065280,AUTO_SOURCE_AGREEMENT,Project ticker and exact normalized company name agree on one SEC CIK.,NETFLIX INC,netflix inc,NFLX,1.0,1,1,1,3,SEC former-name evidence present; Stage 3A PIT/name-history review flag
NI,NI,NISOURCE INC,nisource inc,HIGH,1,0,0001111711,0001111711,0000823392|0001111711,0001111711,AUTO_SOURCE_AGREEMENT,Project ticker and exact normalized company name agree on one SEC CIK.,NISOURCE INC.,nisource inc,NI,2.0,1,1,1,3,SEC former-name evidence present; Stage 3A PIT/name-history review flag
NOW,NOW,SERVICENOW INC,servicenow inc,HIGH,1,0,0001373715,0001373715,0001373715,0001373715,AUTO_SOURCE_AGREEMENT,Project ticker and exact normalized company name agree on one SEC CIK.,"ServiceNow, Inc.",servicenow inc,NOW,1.0,1,1,1,3,SEC former-name evidence present; Stage 3A PIT/name-history review flag
NTAP,NTAP,NETAPP INC,netapp inc,HIGH,1,0,0001002047,0001002047,0001002047,0001002047,AUTO_SOURCE_AGREEMENT,Project ticker and exact normalized company name agree on one SEC CIK.,"NetApp, Inc.",netapp inc,NTAP,1.0,1,1,1,3,SEC former-name evidence present; Stage 3A PIT/name-history review flag
NUE,NUE,NUCOR CORP,nucor corp,HIGH,1,0,0000073309,0000073309,0000073309,0000073309,AUTO_SOURCE_AGREEMENT,Project ticker and exact normalized company name agree on one SEC CIK.,NUCOR CORP,nucor corp,NUE,0.0,1,0,1,3,Stage 3A PIT/name-history review flag
NVDA,NVDA,NVIDIA CORP,nvidia corp,HIGH,1,0,0001045810,0001045810,0001045810,0001045810,AUTO_SOURCE_AGREEMENT,Project ticker and exact normalized company name agree on one SEC CIK.,NVIDIA CORP,nvidia corp,NVDA,1.0,1,1,1,3,SEC former-name evidence present; Stage 3A PIT/name-history review flag
NVR,NVR,NVR INC,nvr inc,HIGH,1,0,0000906163,0000906163,0000906163,0000906163,AUTO_SOURCE_AGREEMENT,Project ticker and exact normalized company name agree on one SEC CIK.,NVR INC,nvr inc,NVR,0.0,1,0,1,3,Stage 3A PIT/name-history review flag
ORCL,ORCL,ORACLE CORP,oracle corp,HIGH,1,0,0001341439,0001341439,0000727632|0001341439,0001341439,AUTO_SOURCE_AGREEMENT,Project ticker and exact normalized company name agree on one SEC CIK.,ORACLE CORP,oracle corp,ORCL|ORCL-PD,1.0,1,1,1,3,SEC former-name evidence present; Stage 3A PIT/name-history review flag
PAYX,PAYX,PAYCHEX INC,paychex inc,HIGH,1,0,0000723531,0000723531,0000723531,0000723531,AUTO_SOURCE_AGREEMENT,Project ticker and exact normalized company name agree on one SEC CIK.,PAYCHEX INC,paychex inc,PAYX,0.0,1,0,1,3,Stage 3A PIT/name-history review flag
PCAR,PCAR,PACCAR INC,paccar inc,HIGH,1,0,0000075362,0000075362,0000075362,0000075362,AUTO_SOURCE_AGREEMENT,Project ticker and exact normalized company name agree on one SEC CIK.,PACCAR INC,paccar inc,PCAR,0.0,1,0,1,3,Stage 3A PIT/name-history review flag
PEP,PEP,PEPSICO INC,pepsico inc,HIGH,1,0,0000077476,0000077476,0000077476,0000077476,AUTO_SOURCE_AGREEMENT,Project ticker and exact normalized company name agree on one SEC CIK.,PEPSICO INC,pepsico inc,PEP,0.0,1,0,1,3,Stage 3A PIT/name-history review flag
PFE,PFE,PFIZER INC,pfizer inc,HIGH,1,0,0000078003,0000078003,0000078003,0000078003,AUTO_SOURCE_AGREEMENT,Project ticker and exact normalized company name agree on one SEC CIK.,PFIZER INC,pfizer inc,PFE,1.0,1,1,1,3,SEC former-name evidence present; Stage 3A PIT/name-history review flag
PLD,PLD,PROLOGIS INC,prologis inc,HIGH,1,0,0001045609,0001045609,0001045609,0001045609,AUTO_SOURCE_AGREEMENT,Project ticker and exact normalized company name agree on one SEC CIK.,"Prologis, Inc.",prologis inc,PLD|PLDGP,1.0,1,1,1,3,SEC former-name evidence present; Stage 3A PIT/name-history review flag
PNR,PNR,PENTAIR PLC,pentair plc,HIGH,1,0,0000077360,0000077360,0000077360|0001594420,0000077360,AUTO_SOURCE_AGREEMENT,Project ticker and exact normalized company name agree on one SEC CIK.,PENTAIR plc,pentair plc,PNR,2.0,1,1,1,3,SEC former-name evidence present; Stage 3A PIT/name-history review flag
POOL,POOL,Pool Corp,pool corp,HIGH,1,0,0000945841,0000945841,0000945841,0000945841,AUTO_SOURCE_AGREEMENT,Project ticker and exact normalized company name agree on one SEC CIK.,POOL CORP,pool corp,POOL,1.0,1,1,1,3,SEC former-name evidence present; Stage 3A PIT/name-history review flag
PPL,PPL,PPL CORP,ppl corp,HIGH,1,0,0000922224,0000922224,0000922224,0000922224,AUTO_SOURCE_AGREEMENT,Project ticker and exact normalized company name agree on one SEC CIK.,PPL Corp,ppl corp,PPL|PPLC,1.0,1,1,1,3,SEC former-name evidence present; Stage 3A PIT/name-history review flag
PYPL,PYPL,PAYPAL HOLDINGS INC,paypal holdings inc,HIGH,1,0,0001633917,0001633917,0001633917,0001633917,AUTO_SOURCE_AGREEMENT,Project ticker and exact normalized company name agree on one SEC CIK.,"PayPal Holdings, Inc.",paypal holdings inc,PYPL,0.0,1,0,1,3,Stage 3A PIT/name-history review flag
RMD,RMD,RESMED INC,resmed inc,HIGH,1,0,0000943819,0000943819,0000943819,0000943819,AUTO_SOURCE_AGREEMENT,Project ticker and exact normalized company name agree on one SEC CIK.,RESMED INC,resmed inc,RMD|RSMDF,0.0,1,0,1,3,Stage 3A PIT/name-history review flag
ROL,ROL,ROLLINS INC,rollins inc,HIGH,1,0,0000084839,0000084839,0000084839,0000084839,AUTO_SOURCE_AGREEMENT,Project ticker and exact normalized company name agree on one SEC CIK.,ROLLINS INC,rollins inc,ROL,0.0,1,0,1,3,Stage 3A PIT/name-history review flag
RTX,RTX,RTX CORP,rtx corp,HIGH,1,0,0000101829,0000101829,0000101829,0000101829,AUTO_SOURCE_AGREEMENT,Project ticker and exact normalized company name agree on one SEC CIK.,RTX Corp,rtx corp,RTX,2.0,1,1,1,3,SEC former-name evidence present; Stage 3A PIT/name-history review flag
RVTY,RVTY,REVVITY INC,revvity inc,HIGH,1,0,0000031791,0000031791,0000031791,0000031791,AUTO_SOURCE_AGREEMENT,Project ticker and exact normalized company name agree on one SEC CIK.,"REVVITY, INC.",revvity inc,RVTY,2.0,1,1,1,3,SEC former-name evidence present; Stage 3A PIT/name-history review flag
SBUX,SBUX,STARBUCKS CORP,starbucks corp,HIGH,1,0,0000829224,0000829224,0000829224|0000887557,0000829224,AUTO_SOURCE_AGREEMENT,Project ticker and exact normalized company name agree on one SEC CIK.,STARBUCKS CORP,starbucks corp,SBUX,0.0,1,0,1,3,Stage 3A PIT/name-history review flag
SNA,SNA,SNAP ON INC,snap on inc,HIGH,1,0,0000091440,0000091440,0000091440,0000091440,AUTO_SOURCE_AGREEMENT,Project ticker and exact normalized company name agree on one SEC CIK.,Snap-on Inc,snap on inc,SNA,2.0,1,1,1,3,SEC former-name evidence present; Stage 3A PIT/name-history review flag
SNPS,SNPS,SYNOPSYS INC,synopsys inc,HIGH,1,0,0000883241,0000883241,0000883241,0000883241,AUTO_SOURCE_AGREEMENT,Project ticker and exact normalized company name agree on one SEC CIK.,SYNOPSYS INC,synopsys inc,SNPS,0.0,1,0,1,3,Stage 3A PIT/name-history review flag
SRE,SRE,SEMPRA,sempra,HIGH,1,0,0001032208,0001032208,0001032208,0001032208,AUTO_SOURCE_AGREEMENT,Project ticker and exact normalized company name agree on one SEC CIK.,SEMPRA,sempra,SRE|SREA,2.0,1,1,1,3,SEC former-name evidence present; Stage 3A PIT/name-history review flag
STE,STE,STERIS PLC,steris plc,HIGH,1,0,0001757898,0001757898,0001624899|0001757898,0001757898,AUTO_SOURCE_AGREEMENT,Project ticker and exact normalized company name agree on one SEC CIK.,STERIS plc,steris plc,STE,1.0,1,1,1,3,SEC former-name evidence present; Stage 3A PIT/name-history review flag
SYK,SYK,STRYKER CORP,stryker corp,HIGH,1,0,0000310764,0000310764,0000310764,0000310764,AUTO_SOURCE_AGREEMENT,Project ticker and exact normalized company name agree on one SEC CIK.,STRYKER CORP,stryker corp,SYK,0.0,1,0,1,3,Stage 3A PIT/name-history review flag
SYY,SYY,SYSCO CORP,sysco corp,HIGH,1,0,0000096021,0000096021,0000096021,0000096021,AUTO_SOURCE_AGREEMENT,Project ticker and exact normalized company name agree on one SEC CIK.,SYSCO CORP,sysco corp,SYY,0.0,1,0,1,3,Stage 3A PIT/name-history review flag
TER,TER,TERADYNE INC,teradyne inc,HIGH,1,0,0000097210,0000097210,0000097210,0000097210,AUTO_SOURCE_AGREEMENT,Project ticker and exact normalized company name agree on one SEC CIK.,"TERADYNE, INC",teradyne inc,TER,1.0,1,1,1,3,SEC former-name evidence present; Stage 3A PIT/name-history review flag
TGT,TGT,TARGET CORP,target corp,HIGH,1,0,0000027419,0000027419,0000027419,0000027419,AUTO_SOURCE_AGREEMENT,Project ticker and exact normalized company name agree on one SEC CIK.,TARGET CORP,target corp,TGT,1.0,1,1,1,3,SEC former-name evidence present; Stage 3A PIT/name-history review flag
TPR,TPR,TAPESTRY INC,tapestry inc,HIGH,1,0,0001116132,0001116132,0001116132,0001116132,AUTO_SOURCE_AGREEMENT,Project ticker and exact normalized company name agree on one SEC CIK.,"TAPESTRY, INC.",tapestry inc,TPR,1.0,1,1,1,3,SEC former-name evidence present; Stage 3A PIT/name-history review flag
TSLA,TSLA,TESLA INC,tesla inc,HIGH,1,0,0001318605,0001318605,0001318605,0001318605,AUTO_SOURCE_AGREEMENT,Project ticker and exact normalized company name agree on one SEC CIK.,"Tesla, Inc.",tesla inc,TSLA,1.0,1,1,1,3,SEC former-name evidence present; Stage 3A PIT/name-history review flag
TXT,TXT,TEXTRON INC,textron inc,HIGH,1,0,0000217346,0000217346,0000217346,0000217346,AUTO_SOURCE_AGREEMENT,Project ticker and exact normalized company name agree on one SEC CIK.,TEXTRON INC,textron inc,TXT,0.0,1,0,1,3,Stage 3A PIT/name-history review flag
UDR,UDR,UDR INC,udr inc,HIGH,1,0,0000074208,0000074208,0000074208,0000074208,AUTO_SOURCE_AGREEMENT,Project ticker and exact normalized company name agree on one SEC CIK.,"UDR, Inc.",udr inc,UDR,1.0,1,1,1,3,SEC former-name evidence present; Stage 3A PIT/name-history review flag
VTR,VTR,VENTAS INC,ventas inc,HIGH,1,0,0000740260,0000740260,0000740260,0000740260,AUTO_SOURCE_AGREEMENT,Project ticker and exact normalized company name agree on one SEC CIK.,"Ventas, Inc.",ventas inc,VTR,2.0,1,1,1,3,SEC former-name evidence present; Stage 3A PIT/name-history review flag
VTRS,VTRS,VIATRIS INC,viatris inc,HIGH,1,0,0001792044,0001792044,0001792044,0001792044,AUTO_SOURCE_AGREEMENT,Project ticker and exact normalized company name agree on one SEC CIK.,Viatris Inc,viatris inc,VTRS,1.0,1,1,1,3,SEC former-name evidence present; Stage 3A PIT/name-history review flag
WAB,WAB,WABTEC CORP,wabtec corp,HIGH,1,0,0000943452,,0000943452,0000943452,AUTO_SOURCE_AGREEMENT,Project ticker and exact normalized company name agree on one SEC CIK.,WESTINGHOUSE AIR BRAKE TECHNOLOGIES CORP,westinghouse air brake technologies corp,WAB,2.0,0,1,1,3,SEC former-name evidence present; Stage 3A PIT/name-history review flag; SEC current name differs from project exact name
WELL,WELL,WELLTOWER INC,welltower inc,HIGH,1,0,0000766704,0000766704,0000766704,0000766704,AUTO_SOURCE_AGREEMENT,Project ticker and exact normalized company name agree on one SEC CIK.,WELLTOWER INC.,welltower inc,WELL,1.0,1,1,1,3,SEC former-name evidence present; Stage 3A PIT/name-history review flag
WMT,WMT,WALMART INC,walmart inc,HIGH,1,0,0000104169,0000104169,0000104169,0000104169,AUTO_SOURCE_AGREEMENT,Project ticker and exact normalized company name agree on one SEC CIK.,Walmart Inc.,walmart inc,WMT,2.0,1,1,1,3,SEC former-name evidence present; Stage 3A PIT/name-history review flag
WY,WY,WEYERHAEUSER CO,weyerhaeuser co,HIGH,1,0,0000106535,0000106535,0000106535,0000106535,AUTO_SOURCE_AGREEMENT,Project ticker and exact normalized company name agree on one SEC CIK.,WEYERHAEUSER CO,weyerhaeuser co,WY,0.0,1,0,1,3,Stage 3A PIT/name-history review flag
XOM,XOM,EXXONMOBIL HOLDINGS CORP,exxonmobil holdings corp,HIGH,1,0,0002115436,0002115436,0002115436,0002115436,AUTO_SOURCE_AGREEMENT,Project ticker and exact normalized company name agree on one SEC CIK.,ExxonMobil Holdings Corp,exxonmobil holdings corp,XOM,0.0,1,0,1,3,Stage 3A PIT/name-history review flag
XYL,XYL,XYLEM INC,xylem inc,HIGH,1,0,0001524472,0001524472,0001524472,0001524472,AUTO_SOURCE_AGREEMENT,Project ticker and exact normalized company name agree on one SEC CIK.,Xylem Inc.,xylem inc,XYL,1.0,1,1,1,3,SEC former-name evidence present; Stage 3A PIT/name-history review flag
ZTS,ZTS,ZOETIS INC,zoetis inc,HIGH,1,0,0001555280,0001555280,0001555280,0001555280,AUTO_SOURCE_AGREEMENT,Project ticker and exact normalized company name agree on one SEC CIK.,Zoetis Inc.,zoetis inc,ZTS,0.0,1,0,1,3,Stage 3A PIT/name-history review flag
ADM,ADM,ARCHER DANIELS MIDLAND CO,archer daniels midland co,LOW,0,0,0000007084,0000007084,0000007084,0000007084,AUTO_SOURCE_AGREEMENT,Project ticker and exact normalized company name agree on one SEC CIK.,Archer-Daniels-Midland Co,archer daniels midland co,ADM,2.0,1,1,1,3,SEC former-name evidence present
CBOE,CBOE,CBOE GLOBAL MARKETS INC,cboe global markets inc,LOW,0,0,0001374310,0001374310,0001374310,0001374310,AUTO_SOURCE_AGREEMENT,Project ticker and exact normalized company name agree on one SEC CIK.,"Cboe Global Markets, Inc.",cboe global markets inc,CBOE,1.0,1,1,1,3,SEC former-name evidence present
CHRW,CHRW,C.H. ROBINSON WORLDWIDE INC,c h robinson worldwide inc,LOW,0,0,0001043277,0001043277,0001043277,0001043277,AUTO_SOURCE_AGREEMENT,Project ticker and exact normalized company name agree on one SEC CIK.,"C. H. ROBINSON WORLDWIDE, INC.",c h robinson worldwide inc,CHRW,1.0,1,1,1,3,SEC former-name evidence present
DAL,DAL,DELTA AIR LINES INC,delta air lines inc,LOW,0,0,0000027904,0000027904,0000027904,0000027904,AUTO_SOURCE_AGREEMENT,Project ticker and exact normalized company name agree on one SEC CIK.,"DELTA AIR LINES, INC.",delta air lines inc,DAL,1.0,1,1,1,3,SEC former-name evidence present
DD,DD,DUPONT DE NEMOURS INC,dupont de nemours inc,LOW,0,0,0001666700,0001666700,0001666700,0001666700,AUTO_SOURCE_AGREEMENT,Project ticker and exact normalized company name agree on one SEC CIK.,"DuPont de Nemours, Inc.",dupont de nemours inc,DD,1.0,1,1,1,3,SEC former-name evidence present
ESS,ESS,ESSEX PROPERTY TRUST INC,essex property trust inc,LOW,0,0,0000920522,0000920522,0000920522,0000920522,AUTO_SOURCE_AGREEMENT,Project ticker and exact normalized company name agree on one SEC CIK.,"ESSEX PROPERTY TRUST, INC.",essex property trust inc,ESS,2.0,1,1,1,3,SEC former-name evidence present
GS,GS,GOLDMAN SACHS GROUP INC,goldman sachs group inc,LOW,0,0,0000886982,0000886982,0000886982|0000904571,0000886982,AUTO_SOURCE_AGREEMENT,Project ticker and exact normalized company name agree on one SEC CIK.,GOLDMAN SACHS GROUP INC,goldman sachs group inc,GS|GSCE|GS-PA|GS-PC|GS-PD,1.0,1,1,1,3,SEC former-name evidence present
HIG,HIG,HARTFORD INSURANCE GROUP INC,hartford insurance group inc,LOW,0,0,0000874766,0000874766,0000874766,0000874766,AUTO_SOURCE_AGREEMENT,Project ticker and exact normalized company name agree on one SEC CIK.,"HARTFORD INSURANCE GROUP, INC.",hartford insurance group inc,HIG|HIG-PG,4.0,1,1,1,3,SEC former-name evidence present
KSU,KSU,Kansas City Southern,kansas city southern,LOW,0,0,,,0000054480,0000054480,AUTO_UNIQUE_EXACT_NAME,Exact normalized company name maps uniquely in official SEC current/historical name sources.,KANSAS CITY SOUTHERN,kansas city southern,,1.0,1,1,1,3,SEC former-name evidence present
MGM,MGM,MGM RESORTS INTERNATIONAL,mgm resorts international,LOW,0,0,0000789570,0000789570,0000789570,0000789570,AUTO_SOURCE_AGREEMENT,Project ticker and exact normalized company name agree on one SEC CIK.,MGM Resorts International,mgm resorts international,MGM,2.0,1,1,1,3,SEC former-name evidence present
ORLY,ORLY,O REILLY AUTOMOTIVE INC,o reilly automotive inc,LOW,0,0,0000898173,0000898173,0000898173|0001543589,0000898173,AUTO_SOURCE_AGREEMENT,Project ticker and exact normalized company name agree on one SEC CIK.,O REILLY AUTOMOTIVE INC,o reilly automotive inc,ORLY,1.0,1,1,1,3,SEC former-name evidence present
SIVB,SIVB,SVB Financial Group,svb financial group,LOW,0,0,,,0000719739,0000719739,AUTO_UNIQUE_EXACT_NAME,Exact normalized company name maps uniquely in official SEC current/historical name sources.,SVB FINANCIAL GROUP,svb financial group,,1.0,1,1,1,3,SEC former-name evidence present
SPG,SPG,SIMON PROPERTY GROUP INC,simon property group inc,LOW,0,0,0001063761,0001063761,0000912564|0001063761|0001070945,0001063761,AUTO_SOURCE_AGREEMENT,Project ticker and exact normalized company name agree on one SEC CIK.,SIMON PROPERTY GROUP INC.,simon property group inc,SPG|SPG-PJ,2.0,1,1,1,3,SEC former-name evidence present
TMO,TMO,THERMO FISHER SCIENTIFIC INC,thermo fisher scientific inc,LOW,0,0,0000097745,0000097745,0000097745,0000097745,AUTO_SOURCE_AGREEMENT,Project ticker and exact normalized company name agree on one SEC CIK.,THERMO FISHER SCIENTIFIC INC.,thermo fisher scientific inc,TMO,1.0,1,1,1,3,SEC former-name evidence present
TMUS,TMUS,T MOBILE US INC,t mobile us inc,LOW,0,0,0001283699,0001283699,0001283699,0001283699,AUTO_SOURCE_AGREEMENT,Project ticker and exact normalized company name agree on one SEC CIK.,"T-Mobile US, Inc.",t mobile us inc,TMUS|TMUSI|TMUSL|TMUSZ,1.0,1,1,1,3,SEC former-name evidence present
WEC,WEC,WEC ENERGY GROUP INC,wec energy group inc,LOW,0,0,0000783325,0000783325,0000783325,0000783325,AUTO_SOURCE_AGREEMENT,Project ticker and exact normalized company name agree on one SEC CIK.,"WEC ENERGY GROUP, INC.",wec energy group inc,WEC,1.0,1,1,1,3,SEC former-name evidence present
WTW,WTW,WILLIS TOWERS WATSON PLC,willis towers watson plc,LOW,0,0,0001140536,0001140536,0001140536,0001140536,AUTO_SOURCE_AGREEMENT,Project ticker and exact normalized company name agree on one SEC CIK.,WILLIS TOWERS WATSON PLC,willis towers watson plc,WTW,2.0,1,1,1,3,SEC former-name evidence present
A,A,AGILENT TECHNOLOGIES INC,agilent technologies inc,MEDIUM,0,0,0001090872,0001090872,0001090872,0001090872,AUTO_SOURCE_AGREEMENT,Project ticker and exact normalized company name agree on one SEC CIK.,"AGILENT TECHNOLOGIES, INC.",agilent technologies inc,A,1.0,1,1,1,3,SEC former-name evidence present
AMP,AMP,AMERIPRISE FINANCIAL INC,ameriprise financial inc,MEDIUM,0,0,0000820027,0000820027,0000734820|0000820027,0000820027,AUTO_SOURCE_AGREEMENT,Project ticker and exact normalized company name agree on one SEC CIK.,AMERIPRISE FINANCIAL INC,ameriprise financial inc,AMP,3.0,1,1,1,3,SEC former-name evidence present
AVB,AVB,AVALONBAY COMMUNITIES INC,avalonbay communities inc,MEDIUM,0,0,0000915912,0000915912,0000915912,0000915912,AUTO_SOURCE_AGREEMENT,Project ticker and exact normalized company name agree on one SEC CIK.,AVALONBAY COMMUNITIES INC,avalonbay communities inc,AVB,2.0,1,1,1,3,SEC former-name evidence present
AVY,AVY,AVERY DENNISON CORP,avery dennison corp,MEDIUM,0,0,0000008818,0000008818,0000008818,0000008818,AUTO_SOURCE_AGREEMENT,Project ticker and exact normalized company name agree on one SEC CIK.,Avery Dennison Corp,avery dennison corp,AVY,1.0,1,1,1,3,SEC former-name evidence present
BKR,BKR,BAKER HUGHES CO,baker hughes co,MEDIUM,0,0,0001701605,0001701605,0001701605,0001701605,AUTO_SOURCE_AGREEMENT,Project ticker and exact normalized company name agree on one SEC CIK.,Baker Hughes Co,baker hughes co,BKR,2.0,1,1,1,3,SEC former-name evidence present
CAH,CAH,CARDINAL HEALTH INC,cardinal health inc,MEDIUM,0,0,0000721371,0000721371,0000721371,0000721371,AUTO_SOURCE_AGREEMENT,Project ticker and exact normalized company name agree on one SEC CIK.,CARDINAL HEALTH INC,cardinal health inc,CAH,2.0,1,1,1,3,SEC former-name evidence present
CCI,CCI,CROWN CASTLE INC,crown castle inc,MEDIUM,0,0,0001051470,0001051470,0001051470,0001051470,AUTO_SOURCE_AGREEMENT,Project ticker and exact normalized company name agree on one SEC CIK.,CROWN CASTLE INC.,crown castle inc,CCI,1.0,1,1,1,3,SEC former-name evidence present
CL,CL,COLGATE PALMOLIVE CO,colgate palmolive co,MEDIUM,0,0,0000021665,0000021665,0000021665,0000021665,AUTO_SOURCE_AGREEMENT,Project ticker and exact normalized company name agree on one SEC CIK.,COLGATE PALMOLIVE CO,colgate palmolive co,CL,1.0,1,1,1,3,SEC former-name evidence present
CME,CME,CME GROUP INC,cme group inc,MEDIUM,0,0,0001156375,0001156375,0001156375,0001156375,AUTO_SOURCE_AGREEMENT,Project ticker and exact normalized company name agree on one SEC CIK.,CME GROUP INC.,cme group inc,CME,1.0,1,1,1,3,SEC former-name evidence present
CNP,CNP,CENTERPOINT ENERGY INC,centerpoint energy inc,MEDIUM,0,0,0001130310,0001130310,0001130310|0001166214,0001130310,AUTO_SOURCE_AGREEMENT,Project ticker and exact normalized company name agree on one SEC CIK.,CENTERPOINT ENERGY INC,centerpoint energy inc,CNP,2.0,1,1,1,3,SEC former-name evidence present
CSCO,CSCO,CISCO SYSTEMS INC,cisco systems inc,MEDIUM,0,0,0000858877,0000858877,0000858877,0000858877,AUTO_SOURCE_AGREEMENT,Project ticker and exact normalized company name agree on one SEC CIK.,"CISCO SYSTEMS, INC.",cisco systems inc,CSCO,2.0,1,1,1,3,SEC former-name evidence present
CVS,CVS,CVS HEALTH CORP,cvs health corp,MEDIUM,0,0,0000064803,0000064803,0000064803,0000064803,AUTO_SOURCE_AGREEMENT,Project ticker and exact normalized company name agree on one SEC CIK.,CVS HEALTH Corp,cvs health corp,CVS,4.0,1,1,1,3,SEC former-name evidence present
D,D,DOMINION ENERGY INC,dominion energy inc,MEDIUM,0,0,0000715957,0000715957,0000715957,0000715957,AUTO_SOURCE_AGREEMENT,Project ticker and exact normalized company name agree on one SEC CIK.,"DOMINION ENERGY, INC",dominion energy inc,D,2.0,1,1,1,3,SEC former-name evidence present
DGX,DGX,QUEST DIAGNOSTICS INC,quest diagnostics inc,MEDIUM,0,0,0001022079,0001022079,0001022079|0001264366,0001022079,AUTO_SOURCE_AGREEMENT,Project ticker and exact normalized company name agree on one SEC CIK.,QUEST DIAGNOSTICS INC,quest diagnostics inc,DGX,1.0,1,1,1,3,SEC former-name evidence present
DLTR,DLTR,DOLLAR TREE INC,dollar tree inc,MEDIUM,0,0,0000935703,0000935703,0000935703,0000935703,AUTO_SOURCE_AGREEMENT,Project ticker and exact normalized company name agree on one SEC CIK.,"DOLLAR TREE, INC.",dollar tree inc,DLTR,2.0,1,1,1,3,SEC former-name evidence present
DOC,DOC,HEALTHPEAK PROPERTIES INC,healthpeak properties inc,MEDIUM,0,0,0000765880,0000765880,0000765880,0000765880,AUTO_SOURCE_AGREEMENT,Project ticker and exact normalized company name agree on one SEC CIK.,"HEALTHPEAK PROPERTIES, INC.",healthpeak properties inc,DOC,2.0,1,1,1,3,SEC former-name evidence present
DUK,DUK,DUKE ENERGY CORP,duke energy corp,MEDIUM,0,0,0001326160,0001326160,0000030371|0001326160,0001326160,AUTO_SOURCE_AGREEMENT,Project ticker and exact normalized company name agree on one SEC CIK.,Duke Energy CORP,duke energy corp,DUK|DUKB|DUK-PA,2.0,1,1,1,3,SEC former-name evidence present
DVN,DVN,DEVON ENERGY CORP,devon energy corp,MEDIUM,0,0,0001090012,,0001090012,0001090012,AUTO_SOURCE_AGREEMENT,Project ticker and exact normalized company name agree on one SEC CIK.,DEVON ENERGY CORP/DE,devon energy corp de,DVN,2.0,0,1,1,3,SEC former-name evidence present; SEC current name differs from project exact name
EG,EG,EVEREST GROUP LTD,everest group ltd,MEDIUM,0,0,0001095073,0001095073,0001095073,0001095073,AUTO_SOURCE_AGREEMENT,Project ticker and exact normalized company name agree on one SEC CIK.,"EVEREST GROUP, LTD.",everest group ltd,EG,2.0,1,1,1,3,SEC former-name evidence present
EIX,EIX,EDISON INTERNATIONAL,edison international,MEDIUM,0,0,0000827052,0000827052,0000827052,0000827052,AUTO_SOURCE_AGREEMENT,Project ticker and exact normalized company name agree on one SEC CIK.,EDISON INTERNATIONAL,edison international,EIX,1.0,1,1,1,3,SEC former-name evidence present
ELV,ELV,ELEVANCE HEALTH INC,elevance health inc,MEDIUM,0,0,0001156039,0001156039,0001156039,0001156039,AUTO_SOURCE_AGREEMENT,Project ticker and exact normalized company name agree on one SEC CIK.,"Elevance Health, Inc.",elevance health inc,ELV,4.0,1,1,1,3,SEC former-name evidence present
EOG,EOG,EOG RESOURCES INC,eog resources inc,MEDIUM,0,0,0000821189,0000821189,0000821189,0000821189,AUTO_SOURCE_AGREEMENT,Project ticker and exact normalized company name agree on one SEC CIK.,EOG RESOURCES INC,eog resources inc,EOG,1.0,1,1,1,3,SEC former-name evidence present
ES,ES,EVERSOURCE ENERGY,eversource energy,MEDIUM,0,0,0000072741,0000072741,0000072741,0000072741,AUTO_SOURCE_AGREEMENT,Project ticker and exact normalized company name agree on one SEC CIK.,EVERSOURCE ENERGY,eversource energy,ES,2.0,1,1,1,3,SEC former-name evidence present
EW,EW,EDWARDS LIFESCIENCES CORP,edwards lifesciences corp,MEDIUM,0,0,0001099800,0001099800,0001099800,0001099800,AUTO_SOURCE_AGREEMENT,Project ticker and exact normalized company name agree on one SEC CIK.,Edwards Lifesciences Corp,edwards lifesciences corp,EW,1.0,1,1,1,3,SEC former-name evidence present
EXPE,EXPE,EXPEDIA GROUP INC,expedia group inc,MEDIUM,0,0,0001324424,0001324424,0001324424,0001324424,AUTO_SOURCE_AGREEMENT,Project ticker and exact normalized company name agree on one SEC CIK.,"Expedia Group, Inc.",expedia group inc,EXPE,1.0,1,1,1,3,SEC former-name evidence present
FANG,FANG,DIAMONDBACK ENERGY INC,diamondback energy inc,MEDIUM,0,0,0001539838,0001539838,0001539838,0001539838,AUTO_SOURCE_AGREEMENT,Project ticker and exact normalized company name agree on one SEC CIK.,"Diamondback Energy, Inc.",diamondback energy inc,FANG,1.0,1,1,1,3,SEC former-name evidence present
FCX,FCX,FREEPORT MCMORAN INC,freeport mcmoran inc,MEDIUM,0,0,0000831259,0000831259,0000351116|0000831259,0000831259,AUTO_SOURCE_AGREEMENT,Project ticker and exact normalized company name agree on one SEC CIK.,FREEPORT-MCMORAN INC,freeport mcmoran inc,FCX,1.0,1,1,1,3,SEC former-name evidence present
GEN,GEN,GEN DIGITAL INC,gen digital inc,MEDIUM,0,0,0000849399,0000849399,0000849399,0000849399,AUTO_SOURCE_AGREEMENT,Project ticker and exact normalized company name agree on one SEC CIK.,Gen Digital Inc.,gen digital inc,GEN|GENVR,2.0,1,1,1,3,SEC former-name evidence present
GILD,GILD,GILEAD SCIENCES INC,gilead sciences inc,MEDIUM,0,0,0000882095,0000882095,0000882095,0000882095,AUTO_SOURCE_AGREEMENT,Project ticker and exact normalized company name agree on one SEC CIK.,"GILEAD SCIENCES, INC.",gilead sciences inc,GILD,1.0,1,1,1,3,SEC former-name evidence present
GL,GL,GLOBE LIFE INC,globe life inc,MEDIUM,0,0,0000320335,0000320335,0000320335,0000320335,AUTO_SOURCE_AGREEMENT,Project ticker and exact normalized company name agree on one SEC CIK.,GLOBE LIFE INC.,globe life inc,GL|GL-PD,1.0,1,1,1,3,SEC former-name evidence present
HCA,HCA,HCA HEALTHCARE INC,hca healthcare inc,MEDIUM,0,0,0000860730,0000860730,0000860730,0000860730,AUTO_SOURCE_AGREEMENT,Project ticker and exact normalized company name agree on one SEC CIK.,"HCA Healthcare, Inc.",hca healthcare inc,HCA,7.0,1,1,1,3,SEC former-name evidence present
HD,HD,HOME DEPOT INC,home depot inc,MEDIUM,0,0,0000354950,0000354950,0000354950,0000354950,AUTO_SOURCE_AGREEMENT,Project ticker and exact normalized company name agree on one SEC CIK.,"HOME DEPOT, INC.",home depot inc,HD,1.0,1,1,1,3,SEC former-name evidence present
HON,HON,HONEYWELL INTERNATIONAL INC,honeywell international inc,MEDIUM,0,0,0000773840,0000773840,0000773840,0000773840,AUTO_SOURCE_AGREEMENT,Project ticker and exact normalized company name agree on one SEC CIK.,HONEYWELL INTERNATIONAL INC,honeywell international inc,HON,2.0,1,1,1,3,SEC former-name evidence present
HSIC,HSIC,HENRY SCHEIN INC,henry schein inc,MEDIUM,0,0,0001000228,0001000228,0001000228,0001000228,AUTO_SOURCE_AGREEMENT,Project ticker and exact normalized company name agree on one SEC CIK.,HENRY SCHEIN INC,henry schein inc,HSIC,1.0,1,1,1,3,SEC former-name evidence present
HWM,HWM,HOWMET AEROSPACE INC,howmet aerospace inc,MEDIUM,0,0,0000004281,0000004281,0000004281,0000004281,AUTO_SOURCE_AGREEMENT,Project ticker and exact normalized company name agree on one SEC CIK.,Howmet Aerospace Inc.,howmet aerospace inc,HWM,4.0,1,1,1,3,SEC former-name evidence present
IR,IR,INGERSOLL RAND INC,ingersoll rand inc,MEDIUM,0,0,0001699150,0001699150,0001699150,0001699150,AUTO_SOURCE_AGREEMENT,Project ticker and exact normalized company name agree on one SEC CIK.,Ingersoll Rand Inc.,ingersoll rand inc,IR,1.0,1,1,1,3,SEC former-name evidence present
IRM,IRM,IRON MOUNTAIN INC,iron mountain inc,MEDIUM,0,0,0001020569,0001020569,0001020569,0001020569,AUTO_SOURCE_AGREEMENT,Project ticker and exact normalized company name agree on one SEC CIK.,IRON MOUNTAIN INC,iron mountain inc,IRM,2.0,1,1,1,3,SEC former-name evidence present
J,J,JACOBS SOLUTIONS INC,jacobs solutions inc,MEDIUM,0,0,0000052988,0000052988,0000052988,0000052988,AUTO_SOURCE_AGREEMENT,Project ticker and exact normalized company name agree on one SEC CIK.,JACOBS SOLUTIONS INC.,jacobs solutions inc,J,1.0,1,1,1,3,SEC former-name evidence present
KMI,KMI,KINDER MORGAN INC,kinder morgan inc,MEDIUM,0,0,0001506307,0001506307,0000054502|0001031188|0001506307,0001506307,AUTO_SOURCE_AGREEMENT,Project ticker and exact normalized company name agree on one SEC CIK.,"KINDER MORGAN, INC.",kinder morgan inc,KMI|EP-PC,1.0,1,1,1,3,SEC former-name evidence present
LMT,LMT,LOCKHEED MARTIN CORP,lockheed martin corp,MEDIUM,0,0,0000936468,0000936468,0000936468,0000936468,AUTO_SOURCE_AGREEMENT,Project ticker and exact normalized company name agree on one SEC CIK.,LOCKHEED MARTIN CORP,lockheed martin corp,LMT,1.0,1,1,1,3,SEC former-name evidence present
LNT,LNT,ALLIANT ENERGY CORP,alliant energy corp,MEDIUM,0,0,0000352541,0000352541,0000352541,0000352541,AUTO_SOURCE_AGREEMENT,Project ticker and exact normalized company name agree on one SEC CIK.,ALLIANT ENERGY CORP,alliant energy corp,LNT,3.0,1,1,1,3,SEC former-name evidence present
MNST,MNST,MONSTER BEVERAGE CORP,monster beverage corp,MEDIUM,0,0,0000865752,0000865752,0000865752,0000865752,AUTO_SOURCE_AGREEMENT,Project ticker and exact normalized company name agree on one SEC CIK.,Monster Beverage Corp,monster beverage corp,MNST,1.0,1,1,1,3,SEC former-name evidence present
MO,MO,ALTRIA GROUP INC,altria group inc,MEDIUM,0,0,0000764180,0000764180,0000764180,0000764180,AUTO_SOURCE_AGREEMENT,Project ticker and exact normalized company name agree on one SEC CIK.,"ALTRIA GROUP, INC.",altria group inc,MO,2.0,1,1,1,3,SEC former-name evidence present
MS,MS,MORGAN STANLEY,morgan stanley,MEDIUM,0,0,0000895421,0000895421,0000895421,0000895421,AUTO_SOURCE_AGREEMENT,Project ticker and exact normalized company name agree on one SEC CIK.,MORGAN STANLEY,morgan stanley,MS|MS-PK|MS-PE|MS-PA|MS-PF|MS-PI|MS-PL|MS-PO|MS-PP|MS-PQ,5.0,1,1,1,3,SEC former-name evidence present
MSI,MSI,MOTOROLA SOLUTIONS INC,motorola solutions inc,MEDIUM,0,0,0000068505,0000068505,0000068505,0000068505,AUTO_SOURCE_AGREEMENT,Project ticker and exact normalized company name agree on one SEC CIK.,"Motorola Solutions, Inc.",motorola solutions inc,MSI,1.0,1,1,1,3,SEC former-name evidence present
NEE,NEE,NEXTERA ENERGY INC,nextera energy inc,MEDIUM,0,0,0000753308,0000753308,0000753308,0000753308,AUTO_SOURCE_AGREEMENT,Project ticker and exact normalized company name agree on one SEC CIK.,NEXTERA ENERGY INC,nextera energy inc,NEE|NEE-PN|NEE-PS|NEE-PT|NEE-PU|NEE-PV|NEE-PW,1.0,1,1,1,3,SEC former-name evidence present
NRG,NRG,NRG ENERGY INC,nrg energy inc,MEDIUM,0,0,0001013871,0001013871,0001013871,0001013871,AUTO_SOURCE_AGREEMENT,Project ticker and exact normalized company name agree on one SEC CIK.,"NRG ENERGY, INC.",nrg energy inc,NRG,2.0,1,1,1,3,SEC former-name evidence present
PH,PH,PARKER HANNIFIN CORP,parker hannifin corp,MEDIUM,0,0,0000076334,0000076334,0000076334,0000076334,AUTO_SOURCE_AGREEMENT,Project ticker and exact normalized company name agree on one SEC CIK.,Parker-Hannifin Corp,parker hannifin corp,PH,1.0,1,1,1,3,SEC former-name evidence present
PWR,PWR,QUANTA SERVICES INC,quanta services inc,MEDIUM,0,0,0001050915,0001050915,0001050915,0001050915,AUTO_SOURCE_AGREEMENT,Project ticker and exact normalized company name agree on one SEC CIK.,"QUANTA SERVICES, INC.",quanta services inc,PWR,1.0,1,1,1,3,SEC former-name evidence present
REG,REG,REGENCY CENTERS CORP,regency centers corp,MEDIUM,0,0,0000910606,0000910606,0000910606,0000910606,AUTO_SOURCE_AGREEMENT,Project ticker and exact normalized company name agree on one SEC CIK.,REGENCY CENTERS CORP,regency centers corp,REG|REGCO|REGCP,1.0,1,1,1,3,SEC former-name evidence present
RF,RF,REGIONS FINANCIAL CORP,regions financial corp,MEDIUM,0,0,0001281761,0001281761,0000036032|0001281761,0001281761,AUTO_SOURCE_AGREEMENT,Project ticker and exact normalized company name agree on one SEC CIK.,REGIONS FINANCIAL CORP,regions financial corp,RF|RF-PC|RF-PE|RF-PF,1.0,1,1,1,3,SEC former-name evidence present
RL,RL,RALPH LAUREN CORP,ralph lauren corp,MEDIUM,0,0,0001037038,0001037038,0001037038,0001037038,AUTO_SOURCE_AGREEMENT,Project ticker and exact normalized company name agree on one SEC CIK.,RALPH LAUREN CORP,ralph lauren corp,RL,1.0,1,1,1,3,SEC former-name evidence present
ROK,ROK,ROCKWELL AUTOMATION INC,rockwell automation inc,MEDIUM,0,0,0001024478,0001024478,0001024478,0001024478,AUTO_SOURCE_AGREEMENT,Project ticker and exact normalized company name agree on one SEC CIK.,"ROCKWELL AUTOMATION, INC",rockwell automation inc,ROK,4.0,1,1,1,3,SEC former-name evidence present
ROP,ROP,ROPER TECHNOLOGIES INC,roper technologies inc,MEDIUM,0,0,0000882835,0000882835,0000882835,0000882835,AUTO_SOURCE_AGREEMENT,Project ticker and exact normalized company name agree on one SEC CIK.,ROPER TECHNOLOGIES INC,roper technologies inc,ROP,3.0,1,1,1,3,SEC former-name evidence present
ROST,ROST,ROSS STORES INC,ross stores inc,MEDIUM,0,0,0000745732,0000745732,0000745732,0000745732,AUTO_SOURCE_AGREEMENT,Project ticker and exact normalized company name agree on one SEC CIK.,"ROSS STORES, INC.",ross stores inc,ROST,1.0,1,1,1,3,SEC former-name evidence present
RSG,RSG,REPUBLIC SERVICES INC,republic services inc,MEDIUM,0,0,0001060391,0001060391,0001060391,0001060391,AUTO_SOURCE_AGREEMENT,Project ticker and exact normalized company name agree on one SEC CIK.,"REPUBLIC SERVICES, INC.",republic services inc,RSG,1.0,1,1,1,3,SEC former-name evidence present
STT,STT,STATE STREET CORP,state street corp,MEDIUM,0,0,0000093751,0000093751,0000093751,0000093751,AUTO_SOURCE_AGREEMENT,Project ticker and exact normalized company name agree on one SEC CIK.,STATE STREET CORP,state street corp,STT|STT-PG,3.0,1,1,1,3,SEC former-name evidence present
STX,STX,SEAGATE TECHNOLOGY HOLDINGS,seagate technology holdings,MEDIUM,0,0,0001137789,,0001137789,0001137789,AUTO_SOURCE_AGREEMENT,Project ticker and exact normalized company name agree on one SEC CIK.,Seagate Technology Holdings plc,seagate technology holdings plc,STX,4.0,0,1,1,3,SEC former-name evidence present; SEC current name differs from project exact name
SW,SW,SMURFIT WESTROCK PLC,smurfit westrock plc,MEDIUM,0,0,0002005951,0002005951,0002005951,0002005951,AUTO_SOURCE_AGREEMENT,Project ticker and exact normalized company name agree on one SEC CIK.,Smurfit Westrock plc,smurfit westrock plc,SW,1.0,1,1,1,3,SEC former-name evidence present
SWKS,SWKS,SKYWORKS SOLUTIONS INC,skyworks solutions inc,MEDIUM,0,0,0000004127,0000004127,0000004127,0000004127,AUTO_SOURCE_AGREEMENT,Project ticker and exact normalized company name agree on one SEC CIK.,"SKYWORKS SOLUTIONS, INC.",skyworks solutions inc,SWKS,2.0,1,1,1,3,SEC former-name evidence present
SYF,SYF,SYNCHRONY FINANCIAL,synchrony financial,MEDIUM,0,0,0001601712,0001601712,0001601712,0001601712,AUTO_SOURCE_AGREEMENT,Project ticker and exact normalized company name agree on one SEC CIK.,Synchrony Financial,synchrony financial,SYF|SYF-PA|SYF-PB,1.0,1,1,1,3,SEC former-name evidence present
TDG,TDG,TRANSDIGM GROUP INC,transdigm group inc,MEDIUM,0,0,0001260221,0001260221,0001260221,0001260221,AUTO_SOURCE_AGREEMENT,Project ticker and exact normalized company name agree on one SEC CIK.,TransDigm Group INC,transdigm group inc,TDG,1.0,1,1,1,3,SEC former-name evidence present
TEL,TEL,TE CONNECTIVITY PLC,te connectivity plc,MEDIUM,0,0,0001385157,0001385157,0001385157|0002014917,0001385157,AUTO_SOURCE_AGREEMENT,Project ticker and exact normalized company name agree on one SEC CIK.,TE Connectivity plc,te connectivity plc,TEL,2.0,1,1,1,3,SEC former-name evidence present
TFC,TFC,TRUIST FINANCIAL CORP,truist financial corp,MEDIUM,0,0,0000092230,0000092230,0000092230,0000092230,AUTO_SOURCE_AGREEMENT,Project ticker and exact normalized company name agree on one SEC CIK.,TRUIST FINANCIAL CORP,truist financial corp,TFC|TFC-PI|TFC-PO|TFC-PR,2.0,1,1,1,3,SEC former-name evidence present
TT,TT,TRANE TECHNOLOGIES PLC,trane technologies plc,MEDIUM,0,0,0001466258,0001466258,0001466258,0001466258,AUTO_SOURCE_AGREEMENT,Project ticker and exact normalized company name agree on one SEC CIK.,Trane Technologies plc,trane technologies plc,TT,1.0,1,1,1,3,SEC former-name evidence present
TYL,TYL,TYLER TECHNOLOGIES INC,tyler technologies inc,MEDIUM,0,0,0000860731,0000860731,0000860731,0000860731,AUTO_SOURCE_AGREEMENT,Project ticker and exact normalized company name agree on one SEC CIK.,TYLER TECHNOLOGIES INC,tyler technologies inc,TYL,1.0,1,1,1,3,SEC former-name evidence present
UAL,UAL,UNITED AIRLINES HOLDINGS INC,united airlines holdings inc,MEDIUM,0,0,0000100517,0000100517,0000100517,0000100517,AUTO_SOURCE_AGREEMENT,Project ticker and exact normalized company name agree on one SEC CIK.,"United Airlines Holdings, Inc.",united airlines holdings inc,UAL,2.0,1,1,1,3,SEC former-name evidence present
ULTA,ULTA,ULTA BEAUTY INC,ulta beauty inc,MEDIUM,0,0,0001403568,0001403568,0001403568,0001403568,AUTO_SOURCE_AGREEMENT,Project ticker and exact normalized company name agree on one SEC CIK.,"Ulta Beauty, Inc.",ulta beauty inc,ULTA,1.0,1,1,1,3,SEC former-name evidence present
UNH,UNH,UNITEDHEALTH GROUP INC,unitedhealth group inc,MEDIUM,0,0,0000731766,0000731766,0000731766,0000731766,AUTO_SOURCE_AGREEMENT,Project ticker and exact normalized company name agree on one SEC CIK.,UNITEDHEALTH GROUP INC,unitedhealth group inc,UNH,1.0,1,1,1,3,SEC former-name evidence present
UNM,UNM,Unum Group,unum group,MEDIUM,0,0,0000005513,0000005513,0000005513,0000005513,AUTO_SOURCE_AGREEMENT,Project ticker and exact normalized company name agree on one SEC CIK.,Unum Group,unum group,UNM|UNMA,4.0,1,1,1,3,SEC former-name evidence present
URI,URI,UNITED RENTALS INC,united rentals inc,MEDIUM,0,0,0001067701,0001067701,0001047166|0001067701,0001067701,AUTO_SOURCE_AGREEMENT,Project ticker and exact normalized company name agree on one SEC CIK.,"UNITED RENTALS, INC.",united rentals inc,URI,1.0,1,1,1,3,SEC former-name evidence present
VMC,VMC,VULCAN MATERIALS CO,vulcan materials co,MEDIUM,0,0,0001396009,0001396009,0000103973|0001396009,0001396009,AUTO_SOURCE_AGREEMENT,Project ticker and exact normalized company name agree on one SEC CIK.,Vulcan Materials CO,vulcan materials co,VMC,1.0,1,1,1,3,SEC former-name evidence present
VZ,VZ,VERIZON COMMUNICATIONS INC,verizon communications inc,MEDIUM,0,0,0000732712,0000732712,0000732712,0000732712,AUTO_SOURCE_AGREEMENT,Project ticker and exact normalized company name agree on one SEC CIK.,VERIZON COMMUNICATIONS INC,verizon communications inc,VZ,1.0,1,1,1,3,SEC former-name evidence present
WM,WM,WASTE MANAGEMENT INC,waste management inc,MEDIUM,0,0,0000823768,0000823768,0000823768,0000823768,AUTO_SOURCE_AGREEMENT,Project ticker and exact normalized company name agree on one SEC CIK.,WASTE MANAGEMENT INC,waste management inc,WM,1.0,1,1,1,3,SEC former-name evidence present
XEL,XEL,XCEL ENERGY INC,xcel energy inc,MEDIUM,0,0,0000072903,0000072903,0000072903,0000072903,AUTO_SOURCE_AGREEMENT,Project ticker and exact normalized company name agree on one SEC CIK.,XCEL ENERGY INC,xcel energy inc,XEL|XELLL,1.0,1,1,1,3,SEC former-name evidence present
YUM,YUM,YUM  BRANDS INC,yum brands inc,MEDIUM,0,0,0001041061,0001041061,0001041061,0001041061,AUTO_SOURCE_AGREEMENT,Project ticker and exact normalized company name agree on one SEC CIK.,YUM BRANDS INC,yum brands inc,YUM,1.0,1,1,1,3,SEC former-name evidence present
ZBH,ZBH,ZIMMER BIOMET HOLDINGS INC,zimmer biomet holdings inc,MEDIUM,0,0,0001136869,0001136869,0001136869,0001136869,AUTO_SOURCE_AGREEMENT,Project ticker and exact normalized company name agree on one SEC CIK.,"ZIMMER BIOMET HOLDINGS, INC.",zimmer biomet holdings inc,ZBH,1.0,1,1,1,3,SEC former-name evidence present
