security_key,project_ticker,gics_sectors_seen,winner_return_months,cumulative_signed_commonality_contribution,cumulative_absolute_commonality_contribution,mean_signed_commonality_contribution,max_positive_month_contribution,max_negative_month_contribution,share_of_total_absolute_commonality_contribution,absolute_signed_contribution,cumulative_share_of_total_absolute_commonality_contribution
NUE,NUE,Materials,26,0.017466277848468655,0.04246732365884254,0.0006717799172487944,0.005458578605399364,-0.002891699462379278,0.013525585433294398,0.017466277848468655,0.013525585433294398
CEG,CEG,Utilities,31,0.011094799809901173,0.04149169232754904,0.00035789676806132815,0.005388006215628239,-0.0029448188267879277,0.013214852762010055,0.011094799809901173,0.02674043819530445
NFLX,NFLX,Communication Services,29,0.008338689548952068,0.04023388331490935,0.00028754101892938165,0.004750279089231227,-0.0028771284119383732,0.012814248207885215,0.008338689548952068,0.03955468640318967
META,META,Communication Services,23,0.007201412388960777,0.03889897063984752,0.0003131048864765555,0.005798560124005387,-0.0056106595284004,0.01238908660416412,0.007201412388960777,0.05194377300735379
NRG,NRG,Utilities,33,0.0017322129076359663,0.03693681381912724,5.249130023139292e-05,0.002480374415531714,-0.004069856586155105,0.01176415153819729,0.0017322129076359663,0.06370792454555108
MOS,MOS,Materials,26,-0.009689025423148026,0.03375873218235074,-0.0003726548239672318,0.003865111543721471,-0.0034490101742937957,0.010751951781096416,0.009689025423148026,0.0744598763266475
ALB,ALB,Materials,20,-0.0031706194681544557,0.03334935771402718,-0.0001585309734077228,0.0037188741213544253,-0.0037225024550464284,0.010621568491817323,0.0031706194681544557,0.08508144481846482
VST,VST,Utilities,17,0.004852032326114014,0.031090083202635822,0.00028541366624200085,0.00502263990220832,-0.0035471286085702433,0.00990200324050614,0.004852032326114014,0.09498344805897095
DVN,DVN,Energy,22,0.011910149428882879,0.029670126235105506,0.0005413704285855854,0.0031520119355943734,-0.0032688193520889293,0.009449755544601859,0.011910149428882879,0.1044332036035728
IRM,IRM,Real Estate,42,0.009705310921418879,0.02825460233620048,0.00023107883146235425,0.0021555774525203438,-0.001663365796901961,0.008998919754211208,0.009705310921418879,0.11343212335778402
TSLA,TSLA,Consumer Discretionary,31,-0.003558827142459961,0.027420978696877638,-0.00011480087556322456,0.002963691519798975,-0.0023622891730573485,0.00873341567292147,0.003558827142459961,0.12216553903070548
MPC,MPC,Energy,23,0.0016613793674659099,0.027288043530045804,7.223388554199608e-05,0.0030255775121637925,-0.003307435754972439,0.008691076627246788,0.0016613793674659099,0.13085661565795226
FCX,FCX,Materials,19,0.00026562469536769973,0.02680672971933152,1.3980247124615776e-05,0.00479295726532455,-0.0024521788602734997,0.008537781093029977,0.00026562469536769973,0.13939439675098222
CF,CF,Materials,19,0.007849674620540037,0.02553534598384318,0.0004131407695021072,0.0038331315617989624,-0.002640485842173443,0.008132853071876755,0.007849674620540037,0.14752724982285897
TRGP,TRGP,Energy,19,0.014536209675829108,0.024435687659299453,0.0007650636671489004,0.0027298590609863022,-0.002693711430974039,0.007782618554261878,0.014536209675829108,0.15530986837712085
LYV,LYV,Communication Services,20,0.0008953760088348563,0.024128613031154645,4.476880044174281e-05,0.002200622722510581,-0.0019498854452159509,0.007684817144624309,0.0008953760088348563,0.16299468552174518
LLY,LLY,Health Care,43,0.010347578930387099,0.024071682486316064,0.00024064137047411858,0.0018998598451718809,-0.0011856300788292958,0.007666685110824295,0.010347578930387099,0.17066137063256948
COST,COST,Consumer Staples,30,0.002114902150994869,0.02301933337975268,7.049673836649564e-05,0.0015266224646357852,-0.0016629219493311622,0.007331518292665027,0.002114902150994869,0.17799288892523452
TPL,TPL,Energy,8,-0.008474300361450679,0.022962493586363094,-0.0010592875451813349,0.002899554782297807,-0.004829241585234161,0.007313415162651993,0.008474300361450679,0.1853063040878865
NVDA,NVDA,Information Technology,39,0.009480392386302562,0.022613337034819513,0.00024308698426416824,0.002128077440926886,-0.001353470803120162,0.00720221091523025,0.009480392386302562,0.19250851500311675
WMB,WMB,Energy,17,0.0011226124345290326,0.021533996079062177,6.603602556053133e-05,0.0030497413480983673,-0.003892416722291075,0.006858447356546237,0.0011226124345290326,0.19936696235966297
SPG,SPG,Real Estate,37,0.00744249921170648,0.02065658616655319,0.00020114862734341838,0.0011316425069245438,-0.001126347943598953,0.006578997612385384,0.00744249921170648,0.20594595997204837
RCL,RCL,Consumer Discretionary,30,0.007444724438036927,0.02044739717932514,0.00024815748126789754,0.001674035532483596,-0.0010219262906412526,0.00651237218665366,0.007444724438036927,0.21245833215870202
WBD,WBD,Communication Services,3,0.020023555192114937,0.020023555192114937,0.006674518397371646,0.014108124335173543,0.0017721181679290251,0.006377381080214222,0.020023555192114937,0.21883571323891624
ADM,ADM,Consumer Staples,23,0.0016796651744564808,0.019571490371854402,7.302892062854264e-05,0.001993138445866018,-0.001964399256425262,0.006233401172345749,0.0016796651744564808,0.22506911441126198
NEM,NEM,Materials,11,0.012568206834418874,0.019390165042125953,0.0011425642576744432,0.003065260123906885,-0.002340187471004567,0.006175650152805064,0.012568206834418874,0.23124476456406703
ANET,ANET,Information Technology,39,0.007236012753731185,0.01922214413943125,0.00018553878855720988,0.001903740636490367,-0.0010631116893586709,0.006122136512712437,0.007236012753731185,0.23736690107677946
WMT,WMT,Consumer Staples,32,0.00703769959543227,0.018920481868378275,0.00021992811235725844,0.0014529493628974673,-0.0015059788470786829,0.006026058906035213,0.00703769959543227,0.24339295998281468
CBRE,CBRE,Real Estate,29,0.005708137492983266,0.018788278049542195,0.00019683232734425053,0.0016802324038972035,-0.001343837643483435,0.005983952790268653,0.005708137492983266,0.24937691277308333
WELL,WELL,Real Estate,26,0.0089927486201842,0.01839789557029284,0.0003458749469301615,0.002129777497019829,-0.0015282438439935054,0.005859618334507654,0.0089927486201842,0.255236531107591
EQT,EQT,Energy,12,-0.008723094303168283,0.01796947298456108,-0.0007269245252640236,0.0020689352385884446,-0.0034163548402791327,0.005723168335175961,0.008723094303168283,0.2609596994427669
KR,KR,Consumer Staples,24,0.001865593858751591,0.01791550641458168,7.773307744798296e-05,0.003134249397060396,-0.0013721647121396681,0.005705980309420863,0.001865593858751591,0.2666656797521878
IPG,IPG,Communication Services,21,4.499641895112352e-05,0.01772962299691781,2.1426866167201677e-06,0.0017167669381948976,-0.0031006924438045256,0.005646777566473301,4.499641895112352e-05,0.2723124573186611
TWTR,TWTR,Communication Services,7,0.007016590174757165,0.017587270263463496,0.0010023700249653094,0.007941070359912887,-0.0030453846760412056,0.005601439082855476,0.007016590174757165,0.2779138964015166
OXY,OXY,Energy,15,0.000265898902201124,0.017531977817783612,1.7726593480074935e-05,0.00338137856066756,-0.002205288172901607,0.005583828773718339,0.000265898902201124,0.2834977251752349
CTVA,CTVA,Materials,21,0.0021481114197850044,0.01750051225009912,0.00010229101998976211,0.0020411372848401204,-0.0015987773357621507,0.005573807180944031,0.0021481114197850044,0.28907153235617894
AES,AES,Utilities,17,-0.008237029807951704,0.017138031798449117,-0.0004845311651736296,0.0022456368039405904,-0.002192144577027837,0.005458359352018498,0.008237029807951704,0.29452989170819743
MRO,MRO,Energy,19,0.007601905809445207,0.017096244688893553,0.00040010030576027405,0.001941236488092682,-0.0017807349743313432,0.005445050410658203,0.007601905809445207,0.2999749421188556
OMC,OMC,Communication Services,15,0.0003586445253503927,0.016337062118879277,2.3909635023359513e-05,0.0020756641611768593,-0.0030532995786028906,0.0052032553591808296,0.0003586445253503927,0.30517819747803643
TPR,TPR,Consumer Discretionary,22,0.008524392968289149,0.01630553524006695,0.0003874724076495068,0.0021499437970167543,-0.0009380332185290563,0.005193214239183561,0.008524392968289149,0.31037141171722
ENPH,ENPH,Information Technology,21,-0.001116849254037534,0.01597221834907781,-5.3183297811311137e-05,0.003000218913774498,-0.0019183644600267774,0.005087054827734638,0.001116849254037534,0.31545846654495463
PWR,PWR,Industrials,46,0.005033999564921799,0.015745873565552897,0.0001094347731504739,0.0010822917164534861,-0.0008033160613145191,0.005014965384765719,0.005033999564921799,0.32047343192972033
STLD,STLD,Materials,13,0.00027182658781269774,0.015575173937817363,2.0909737524053672e-05,0.0021354566289810014,-0.0022409508209718905,0.004960598586968049,0.00027182658781269774,0.3254340305166884
AVGO,AVGO,Information Technology,35,0.006441200142073749,0.01554202747573006,0.00018403428977353567,0.0032609329954336446,-0.0010861010732429192,0.004950041639504751,0.006441200142073749,0.33038407215619314
PM,PM,Consumer Staples,22,0.0023695349181375564,0.015531901650439413,0.0001077061326426162,0.002110148418025748,-0.0014488737725179399,0.004946816625464509,0.0023695349181375564,0.3353308887816577
AXON,AXON,Industrials,25,0.004369633239810171,0.015081251313794468,0.00017478532959240686,0.0027277517593743065,-0.0015975759166551285,0.004803287222062491,0.004369633239810171,0.34013417600372015
PSKY,PSKY,Communication Services,6,-0.009350504609259503,0.014857660853592603,-0.0015584174348765838,0.0011709833315629067,-0.005751777307870198,0.004732075014393731,0.009350504609259503,0.34486625101811386
FANG,FANG,Energy,16,-0.003517864392005105,0.014619763392253467,-0.00021986652450031906,0.002645933734052547,-0.0026498745077948934,0.00465630611349582,0.003517864392005105,0.3495225571316097
EL,EL,Consumer Staples,14,0.0027803316302679737,0.01447106140548917,0.0001985951164477124,0.0031075803591956693,-0.0023199402755561833,0.004608945431145348,0.0027803316302679737,0.35413150256275505
HWM,HWM,Industrials,41,0.005923771803959545,0.014220911113921557,0.00014448223912096451,0.0015918755363631,-0.0007275184544096413,0.004529274078014133,0.005923771803959545,0.3586607766407692
T,T,Communication Services,16,-0.003522699048347052,0.014212450617525702,-0.00022016869052169074,0.002537302008499919,-0.0028314643954309615,0.00452657946114283,0.003522699048347052,0.363187356101912
PLTR,PLTR,Information Technology,15,0.011495350725708418,0.014111544045409478,0.0007663567150472279,0.003933251011581692,-0.0007804449945012971,0.0044944413289425755,0.011495350725708418,0.36768179743085455
KMI,KMI,Energy,12,0.0034762090982244542,0.013976738382058616,0.0002896840915187045,0.0024897395901123227,-0.0017627510625785596,0.004451506541452987,0.0034762090982244542,0.37213330397230754
MO,MO,Consumer Staples,20,-0.0016364663591767448,0.0136423353365173,-8.182331795883724e-05,0.0012198229935727002,-0.002982307214853099,0.004345001196356177,0.0016364663591767448,0.3764783051686637
RL,RL,Consumer Discretionary,21,0.005582584059247011,0.01357495867072399,0.00026583733615461954,0.0015247612552707088,-0.0009491104791390377,0.004323542136286396,0.005582584059247011,0.3808018473049501
TMUS,TMUS,Communication Services,15,-0.0037884511041442245,0.013523495665327425,-0.0002525634069429483,0.0016618550141565074,-0.0024861260888148673,0.0043071514806911175,0.0037884511041442245,0.3851089987856412
DLR,DLR,Real Estate,18,-0.005370345251416312,0.013342090288632294,-0.00029835251396757287,0.0011280617677190846,-0.001735245196270044,0.004249374966676252,0.005370345251416312,0.38935837375231747
CCL,CCL,Consumer Discretionary,17,-0.0059921984066182,0.013207779640448789,-0.00035248225921283527,0.0018941672738622345,-0.0013921464596898332,0.004206597838520005,0.0059921984066182,0.3935649715908375
GOOG,GOOG,Communication Services,16,-0.0027922565604685395,0.012840860660915132,-0.00017451603502928372,0.0018337069316425399,-0.0021716138298193176,0.0040897363653401115,0.0027922565604685395,0.3976547079561776
VTR,VTR,Real Estate,19,0.004721821657371806,0.012678895421583488,0.0002485169293353582,0.0017864325091764158,-0.0015915741334676487,0.004038151417359807,0.004721821657371806,0.4016928593735374
MCK,MCK,Health Care,34,0.0037578825576707617,0.012568878555638853,0.00011052595757855182,0.0010374200155762946,-0.000873967165248685,0.0040031117117406935,0.0037578825576707617,0.40569597108527805
CAH,CAH,Health Care,31,0.004806372051510057,0.012494225042190346,0.0001550442597261309,0.0014609212321078447,-0.0010133134552253375,0.00397933501975617,0.004806372051510057,0.4096753061050342
FICO,FICO,Information Technology,26,0.004162195881998381,0.0123869345212083,0.00016008445699993774,0.00108203160325262,-0.0015240686349736585,0.003945163638498826,0.004162195881998381,0.41362046974353306
DVA,DVA,Health Care,18,0.0040698894682132765,0.01224951972854098,0.00022610497045629313,0.0017669685769586456,-0.000995027448444318,0.003901397859120985,0.0040698894682132765,0.41752186760265403
GOOGL,GOOGL,Communication Services,14,-0.0023317811016134835,0.01207411255147701,-0.00016655579297239167,0.0017410586692820072,-0.0022229074767070936,0.0038455317353677937,0.0023317811016134835,0.4213673993380218
DLTR,DLTR,Consumer Discretionary | Consumer Staples,16,0.0028591171016690954,0.0120002893092792,0.00017869481885431847,0.001515036952907928,-0.0015475340010655848,0.0038220194797490823,0.0028591171016690954,0.4251894188177709
HST,HST,Real Estate,14,-0.004869406781848811,0.011981851855853702,-0.00034781477013205795,0.0013428245123568662,-0.0017549217674968573,0.003816147262477226,0.004869406781848811,0.4290055660802481
PHM,PHM,Consumer Discretionary,21,0.004320421129953657,0.011909782564207876,0.0002057343395216027,0.00167495362410455,-0.0013902948825717204,0.0037931936294886386,0.004320421129953657,0.43279875970973675
EXR,EXR,Real Estate,15,-0.0006480199486390911,0.011789269157831104,-4.320132990927274e-05,0.0014782213085999289,-0.0023892837690308367,0.003754810839301507,0.0006480199486390911,0.43655357054903826
MNST,MNST,Consumer Staples,21,0.0027192196407686414,0.011271067202567212,0.0001294866495604115,0.0012327434308477296,-0.0009661604752604079,0.003589766654414133,0.0027192196407686414,0.4401433372034524
FTNT,FTNT,Information Technology,23,-0.0009345351484112425,0.011210450647150323,-4.063196297440185e-05,0.0011795259687150611,-0.0014931399219423353,0.003570460648564799,0.0009345351484112425,0.4437137978520172
SW,SW,Materials,9,-0.003259222530960344,0.011142876373546376,-0.00036213583677337154,0.0014600761806374688,-0.002098892659153331,0.003548938651603903,0.003259222530960344,0.4472627365036211
MLM,MLM,Materials,15,-0.004829128067412262,0.011130258133567878,-0.00032194187116081743,0.0012236439099524222,-0.002183554997129394,0.0035449198185778796,0.004829128067412262,0.450807656322199
ULTA,ULTA,Consumer Discretionary,18,0.004008988418012983,0.011008218872487388,0.00022272157877849908,0.0012032586185524857,-0.0020263057362659887,0.0035060510529071097,0.004008988418012983,0.4543137073751061
EQIX,EQIX,Real Estate,16,-0.0030130774682813844,0.010949247287414093,-0.00018831734176758653,0.0010655794855170323,-0.00258346923449184,0.0034872689601514353,0.0030130774682813844,0.45780097633525757
ORLY,ORLY,Consumer Discretionary,20,0.0012036977314936312,0.010890707748624487,6.018488657468156e-05,0.0009458167662215554,-0.0014069079788039532,0.003468624471520949,0.0012036977314936312,0.46126960080677853
F,F,Consumer Discretionary,14,0.0025934404560550577,0.010840997084704172,0.00018524574686107554,0.001991190997597929,-0.0013188830566802957,0.003452791926074916,0.0025934404560550577,0.46472239273285343
PEG,PEG,Utilities,22,0.0010460130007204282,0.010772217879868762,4.754604548729219e-05,0.001221649392642154,-0.000918852642328901,0.0034308861658130098,0.0010460130007204282,0.4681532788986664
DG,DG,Consumer Discretionary | Consumer Staples,13,0.003144517064696619,0.010566524474733491,0.00024188592805358608,0.002846515665812621,-0.0013254238250674356,0.003365374061811065,0.003144517064696619,0.4715186529604775
ATVI,ATVI,Communication Services,9,-0.0016657759612778349,0.010561819747596414,-0.00018508621791975944,0.001869172098512648,-0.0022682017881786257,0.0033638756347064026,0.0016657759612778349,0.47488252859518393
PSX,PSX,Energy,9,0.0015534745573724835,0.010324093362716584,0.00017260828415249817,0.002986943949169363,-0.0023632352617198845,0.003288161220624863,0.0015534745573724835,0.4781706898158088
ETSY,ETSY,Consumer Discretionary,9,-0.0022853695967481264,0.01029767173869948,-0.0002539299551942363,0.0018309185705721333,-0.0018935224884728194,0.003279746093366065,0.0022853695967481264,0.48145043590917486
TAP,TAP,Consumer Staples,17,-0.00593265003111945,0.01027003954061647,-0.0003489794135952618,0.0006051794020210415,-0.0017022925012407616,0.0032709454055976557,0.00593265003111945,0.4847213813147725
VRTX,VRTX,Health Care,23,0.00042594533109312997,0.010177024463880004,1.8519362221440434e-05,0.0007286843728970563,-0.0009899959154977766,0.0032413206668905447,0.00042594533109312997,0.487962701981663
URI,URI,Industrials,31,0.0003170844755969453,0.010037872851501156,1.0228531470869204e-05,0.000977956079448323,-0.0009742565963099328,0.003197001720951533,0.0003170844755969453,0.4911597037026146
AMD,AMD,Information Technology,17,0.0006007145109468275,0.009903656225737158,3.5336147702754556e-05,0.0010388680381892513,-0.0008122811340430198,0.0031542545383665653,0.0006007145109468275,0.4943139582409811
AZO,AZO,Consumer Discretionary,17,0.0032335143395485944,0.009864937548982664,0.00019020672585579968,0.0012343322837469846,-0.0009962439438959642,0.003141922874273154,0.0032335143395485944,0.4974558811152543
ISRG,ISRG,Health Care,26,0.003333852756176847,0.009858090696016723,0.0001282251060068018,0.00084467753403564,-0.0008899183933015226,0.003139742193063196,0.003333852756176847,0.5005956233083175
GE,GE,Industrials,38,0.004556324927369403,0.009805536461419436,0.00011990328756235271,0.0012209423432399111,-0.0005111137116598732,0.0031230039875751988,0.004556324927369403,0.5037186272958927
HCA,HCA,Health Care,26,-0.0006488873944905671,0.0097557636738931,-2.4957207480406426e-05,0.0011544088473478904,-0.0008429418761639211,0.003107151656136825,0.0006488873944905671,0.5068257789520295
PGR,PGR,Financials,29,0.0007321002648015102,0.009676321566011645,2.5244836717293457e-05,0.0009597412489507376,-0.0007000066449994257,0.003081849825821745,0.0007321002648015102,0.5099076287778512
CNP,CNP,Utilities,22,0.004264066455328621,0.009659802154321382,0.0001938212025149373,0.0010187529742682966,-0.0007644054966411316,0.0030765884932282585,0.004264066455328621,0.5129842172710795
LW,LW,Consumer Staples,18,0.0011640811116060985,0.009614414279846903,6.467117286700546e-05,0.0016675876417145434,-0.0015830410999528777,0.0030621327300449715,0.0011640811116060985,0.5160463500011244
DISCA,DISCA,Communication Services,3,-0.009521250480021413,0.009521250480021413,-0.0031737501600071377,-0.002850752079439302,-0.0036017375127497158,0.003032460623934569,0.009521250480021413,0.519078810625059
HSY,HSY,Consumer Staples,18,0.0008588849969260424,0.009505442456733449,4.771583316255791e-05,0.0011416573686970509,-0.0012605842663615426,0.00302742586423955,0.0008588849969260424,0.5221062364892985
ON,ON,Information Technology,17,0.0015292690353530093,0.009469916858088403,8.995700207958879e-05,0.0010921050631949357,-0.0018736124306324062,0.003016111176188977,0.0015292690353530093,0.5251223476654875
VLO,VLO,Energy,7,-0.004357019071204135,0.009367389380735782,-0.0006224312958863049,0.0013955883437572613,-0.004664902289006359,0.002983456795485985,0.004357019071204135,0.5281058044609734
FOXA,FOXA,Communication Services,10,0.00124265493815796,0.009354648005413002,0.00012426549381579598,0.002523983338073478,-0.002381264220219006,0.0029793987445984283,0.00124265493815796,0.5310852032055718
DD,DD,Materials,7,-0.0013729555531900863,0.009298144644856851,-0.00019613650759858376,0.0017670327753257573,-0.0032191994480853816,0.002961402766405644,0.0013729555531900863,0.5340466059719775
COR,COR,Health Care,31,0.001715286120217134,0.009190545767655158,5.533181032958497e-05,0.0009341266537758249,-0.000533803544064721,0.0029271331755595293,0.001715286120217134,0.536973739147537
PKG,PKG,Materials,12,-0.0014814435878349559,0.009160364470431701,-0.00012345363231957966,0.0009715270411172479,-0.001990881210094688,0.0029175206151504274,0.0014814435878349559,0.5398912597626874
DECK,DECK,Consumer Discretionary,9,-0.0026332280869272333,0.009129554888734001,-0.00029258089854747034,0.002752258923970044,-0.001802071913228811,0.0029077079499407244,0.0026332280869272333,0.5427989677126281
STX,STX,Information Technology,20,0.004404229956675285,0.009083478626747639,0.00022021149783376425,0.0024130057605511396,-0.0008638866208336202,0.0028930329395032905,0.004404229956675285,0.5456920006521314
NWSA,NWSA,Communication Services,12,-0.0012520255300471194,0.009065836721985293,-0.00010433546083725995,0.0016001727381209808,-0.0019624214295487848,0.002887414099663369,0.0012520255300471194,0.5485794147517948
BSX,BSX,Health Care,28,0.00411782399533222,0.009030016115744523,0.00014706514269043641,0.0008340403074304358,-0.0006475035220198447,0.0028760054534799156,0.00411782399533222,0.5514554202052747
TTWO,TTWO,Communication Services,8,-0.007358826893557132,0.0088788372055883,-0.0009198533616946415,0.00043994111727567106,-0.0030553860350648627,0.00282785588602761,0.007358826893557132,0.5542832760913023
DXCM,DXCM,Health Care,11,-0.006988441749615924,0.008748076092376492,-0.0006353128863287203,0.0006076665711240221,-0.002096893082573178,0.0027862092632663774,0.006988441749615924,0.5570694853545687
DFS,DFS,Financials,21,0.0028659258994945657,0.008692986668797125,0.0001364726618806936,0.0010284521112973405,-0.000896432399854993,0.002768663615438897,0.0028659258994945657,0.5598381489700076
GRMN,GRMN,Consumer Discretionary,15,0.000507045022585305,0.008675565977205152,3.3803001505686995e-05,0.0013407962453898406,-0.0010984235348601849,0.002763115230654229,0.000507045022585305,0.5626012642006618
DHI,DHI,Consumer Discretionary,17,0.0002756572726397712,0.008661891709675216,1.6215133684692425e-05,0.0010907863019151865,-0.0008493227339986333,0.0027587600592476275,0.0002756572726397712,0.5653600242599094
CMG,CMG,Consumer Discretionary,16,-0.0016555652282496198,0.008582399211115881,-0.00010347282676560124,0.0014003807542734873,-0.0013420570258386086,0.002733442179806773,0.0016555652282496198,0.5680934664397161
SHW,SHW,Materials,11,-0.004404732921837832,0.008455406150967444,-0.0004004302656216211,0.001583632961597351,-0.0015546601306274262,0.0026929956591295622,0.004404732921837832,0.5707864620988458
AJG,AJG,Financials,25,0.0002284673395462843,0.008401320681375751,9.138693581851372e-06,0.000817369046269591,-0.0009892166591370648,0.0026757697645679217,0.0002284673395462843,0.5734622318634137
WDC,WDC,Information Technology,11,0.004969472650248221,0.008313155621990483,0.0004517702409316564,0.002983203024449724,-0.0007905080457659203,0.002647689727018896,0.004969472650248221,0.5761099215904326
SMCI,SMCI,Information Technology,8,-0.007327345995978729,0.008301710426584678,-0.0009159182494973411,0.00048718221530297414,-0.002659997398177731,0.002644044501586148,0.007327345995978729,0.5787539660920188
ORCL,ORCL,Information Technology,18,-0.0016887381667875037,0.00823359418979996,-9.38187870437502e-05,0.0012179655994390272,-0.0012787967055196204,0.002622349892633922,0.0016887381667875037,0.5813763159846527
ECL,ECL,Materials,13,0.001435029622281277,0.008211162376979112,0.00011038689402163669,0.0014027303049778364,-0.0010601458012411155,0.0026152054960816595,0.001435029622281277,0.5839915214807343
PCG,PCG,Utilities,17,0.0005453137822097691,0.008197970128262032,3.207728130645701e-05,0.0011316230903461457,-0.000834725887892701,0.002611003844748188,0.0005453137822097691,0.5866025253254825
NEE,NEE,Utilities,9,-0.007820634289676201,0.008173293201433928,-0.0008689593655195779,0.0001763294558788637,-0.002450414008367007,0.0026031443929794354,0.007820634289676201,0.589205669718462
OKE,OKE,Energy,8,0.001077135545858386,0.008161521929845407,0.00013464194323229824,0.0017848992851339902,-0.001760942245610786,0.0025993953142569785,0.001077135545858386,0.591805065032719
IDXX,IDXX,Health Care,17,0.0020880082442926258,0.008051513469257072,0.00012282401437015446,0.0009827719716857357,-0.000723903598329557,0.00256435828569295,0.0020880082442926258,0.5943694233184119
GDDY,GDDY,Information Technology,13,0.0005494132184547545,0.008035284862319901,4.226255526575035e-05,0.0010264674726926115,-0.0008277866519264646,0.0025591895726524154,0.0005494132184547545,0.5969286128910644
MPWR,MPWR,Information Technology,15,-0.0049480735844416686,0.008024460264761167,-0.00032987157229611124,0.0007120540561758894,-0.00212597011140177,0.0025557420038760576,0.0049480735844416686,0.5994843548949405
BBWI,BBWI,Consumer Discretionary,14,0.0027509573740256525,0.00801441318782651,0.0001964969552875466,0.002034768673691276,-0.0008968580488910639,0.0025525420707103543,0.0027509573740256525,0.6020368969656508
TKO,TKO,Communication Services,5,0.006192382116288966,0.00801429848297186,0.0012384764232577933,0.0022229879423212155,-0.0009109581833414474,0.00255250553790872,0.006192382116288966,0.6045894025035595
WST,WST,Health Care,18,-0.0012453197714110316,0.007985198803798383,-6.918443174505732e-05,0.0009266855069773803,-0.001194022332076615,0.002543237466299023,0.0012453197714110316,0.6071326399698586
PODD,PODD,Health Care,16,0.00045297914342690994,0.007983676862922019,2.831119646418187e-05,0.0021971536470482937,-0.0008880053073480111,0.0025427527373456976,0.00045297914342690994,0.6096753927072043
BKNG,BKNG,Consumer Discretionary,19,0.0004200364141813083,0.007968744687470953,2.210717969375307e-05,0.0011561304600516884,-0.0006989704912853041,0.0025379969298832167,0.0004200364141813083,0.6122133896370875
DASH,DASH,Consumer Discretionary,9,0.0009747001658887775,0.007928602022778633,0.0001083000184320864,0.0013939985152946431,-0.0023308172268229027,0.0025252117342542705,0.0009747001658887775,0.6147386013713417
APA,APA,Energy,9,0.002847524170922748,0.007920303583750595,0.00031639157454697197,0.002147813857346668,-0.0011635749318745345,0.002522568731673312,0.002847524170922748,0.6172611701030151
MRNA,MRNA,Health Care,7,-0.005063892023991542,0.007888779265573043,-0.000723413146284506,0.0005585038636694282,-0.002789219208229127,0.002512528427222715,0.005063892023991542,0.6197736985302378
CE,CE,Materials,9,-0.0012786872141171924,0.007886182690433698,-0.0001420763571241325,0.0019618776216229782,-0.001472457931879506,0.0025117014337638546,0.0012786872141171924,0.6222853999640017
ACGL,ACGL,Financials,15,0.00308700370935242,0.007856168952742534,0.00020580024729016134,0.0009784582659856508,-0.0010911056793465887,0.0025021422400511657,0.00308700370935242,0.6247875422040529
UBER,UBER,Industrials,16,-0.00046222092257623275,0.007842764706532921,-2.8888807661014547e-05,0.0008889803202918854,-0.0010701650682971647,0.0024978730688000293,0.00046222092257623275,0.6272854152728529
CZR,CZR,Consumer Discretionary,10,-0.0007824280565354675,0.007770224422476999,-7.824280565354675e-05,0.0011766369378078101,-0.0012450603873149517,0.0024747694275808227,0.0007824280565354675,0.6297601847004337
ALGN,ALGN,Health Care,13,-0.0023167008726883405,0.007657792127818763,-0.00017820775943756464,0.0007459777141756957,-0.0024940646512768955,0.0024389604225425535,0.0023167008726883405,0.6321991451229763
LIN,LIN,Materials,11,0.000869888031964063,0.007652972812638627,7.908073017855118e-05,0.0013635527519838266,-0.0013419272461538219,0.002437425499840041,0.000869888031964063,0.6346365706228163
EBAY,EBAY,Consumer Discretionary,15,0.002065581146205618,0.007645744258545728,0.00013770540974704118,0.0018643750474114417,-0.0008150314312104445,0.0024351232491324586,0.002065581146205618,0.6370716938719487
SYF,SYF,Financials,23,0.0011619858696549459,0.007545314836033235,5.052112476760634e-05,0.0010031446799055063,-0.0007348655087440841,0.0024031370861917127,0.0011619858696549459,0.6394748309581404
EXC,EXC,Utilities,14,0.003387940339552178,0.007533353645635549,0.00024199573853944128,0.0011805486012739226,-0.0006891651774224168,0.0023993275194785506,0.003387940339552178,0.641874158477619
LRCX,LRCX,Information Technology,21,0.003487179303820598,0.007504251820529317,0.00016605615732479039,0.001084112370404588,-0.0004334232792479612,0.002390058764402266,0.003487179303820598,0.6442642172420212
NCLH,NCLH,Consumer Discretionary,9,-0.00443424248308546,0.00739302450633273,-0.0004926936092317178,0.0005514278257465079,-0.0018855083448709694,0.002354633538344523,0.00443424248308546,0.6466188507803657
FOX,FOX,Communication Services,7,0.0009184319175720575,0.007284870497932552,0.00013120455965315108,0.002231072291698184,-0.002436471909676814,0.0023201871415731725,0.0009184319175720575,0.648939037921939
GNRC,GNRC,Industrials,12,-0.0005039714339183514,0.007281040918201816,-4.199761949319595e-05,0.001836009692010598,-0.0013894419096767705,0.002318967443618157,0.0005039714339183514,0.6512580053655571
BKR,BKR,Energy,10,-0.006461952790829435,0.0072617689445867075,-0.0006461952790829435,0.00027896505852781367,-0.0031611109129411454,0.002312829436719173,0.006461952790829435,0.6535708348022763
NWS,NWS,Communication Services,10,-0.0006619396758362603,0.007171638055906939,-6.619396758362602e-05,0.0015597739589389968,-0.0015124949085764728,0.00228412329444352,0.0006619396758362603,0.6558549580967198
GS,GS,Financials,25,0.0018045468588001568,0.007067728975982721,7.218187435200628e-05,0.000647538690807703,-0.0005963392941853625,0.0022510288816874812,0.0018045468588001568,0.6581059869784073
SNPS,SNPS,Information Technology,18,-1.7580170108474024e-05,0.00691404072929073,-9.766761171374457e-07,0.0010812146306176608,-0.0010702203247206844,0.002202080105743299,1.7580170108474024e-05,0.6603080670841506
EG,EG,Financials,17,0.0024186349767164857,0.006887354403583039,0.00014227264568920505,0.0010440102218679259,-0.0012612782801423158,0.002193580672598895,0.0024186349767164857,0.6625016477567495
VMC,VMC,Materials,9,-0.0030985933606490624,0.006858129690445674,-0.0003442881511832292,0.0013460677637808143,-0.001464454479430532,0.002184272778428817,0.0030985933606490624,0.6646859205351783
LVS,LVS,Consumer Discretionary,11,0.001274854028616081,0.00681886867905022,0.00011589582078328009,0.0012699572474002669,-0.0009334243375867049,0.0021717683840362548,0.001274854028616081,0.6668576889192145
UAL,UAL,Industrials,14,-0.0009586361680234398,0.00672993635611934,-6.847401200167427e-05,0.0010641787539846222,-0.0014055357387040752,0.0021434439776939567,0.0009586361680234398,0.6690011328969084
ABBV,ABBV,Health Care,20,0.0016707838925420645,0.006680324181374089,8.353919462710323e-05,0.0007160029677426711,-0.0008724715293416056,0.0021276428004538012,0.0016707838925420645,0.6711287756973623
GWW,GWW,Industrials,24,0.0025090111449596925,0.006648241243762801,0.00010454213103998719,0.0009247485974413785,-0.0005248921063228273,0.0021174245790961626,0.0025090111449596925,0.6732462002764584
GM,GM,Consumer Discretionary,9,0.0017713135307399143,0.006635711048580169,0.00019681261452665714,0.0013883259401173019,-0.0012033788684138818,0.0021134337878044858,0.0017713135307399143,0.6753596340642629
WRB,WRB,Financials,20,0.00014642949296781035,0.00659692914953022,7.321474648390517e-06,0.0005005674430104769,-0.0009356287044165715,0.0021010819877928014,0.00014642949296781035,0.6774607160520557
CRWD,CRWD,Information Technology,8,-0.0003859856947972119,0.006520379804326913,-4.8248211849651485e-05,0.0013369479358367967,-0.0027455811733658147,0.002076701484874189,0.0003859856947972119,0.6795374175369299
TSN,TSN,Consumer Staples,11,-0.0017324013513713198,0.006468198439812518,-0.00015749103194284727,0.0007190645754649373,-0.0019219463363099134,0.0020600820362497553,0.0017324013513713198,0.6815974995731796
CDNS,CDNS,Information Technology,20,0.0007317559839129023,0.006443268893908404,3.6587799195645115e-05,0.0005643175174869946,-0.0008812068123872761,0.002052142126834976,0.0007317559839129023,0.6836496417000146
FISV,FISV,Financials | Information Technology,17,-0.0013668636685212462,0.006395765744223991,-8.040374520713214e-05,0.0006163053911213164,-0.0010275593988575778,0.0020370126613059344,0.0013668636685212462,0.6856866543613206
CTRA,CTRA,Energy,3,-0.006319038263134926,0.006319038263134926,-0.002106346087711642,-0.00016508733378975814,-0.005392780061452455,0.002012575423186373,0.006319038263134926,0.6876992297845069
MGM,MGM,Consumer Discretionary,11,0.00023532065197761753,0.006245519458100023,2.1392786543419776e-05,0.00086768088783957,-0.0010577194160774049,0.001989160128960591,0.00023532065197761753,0.6896883899134675
MU,MU,Information Technology,12,-9.629803405005605e-05,0.006214352734236082,-8.024836170838004e-06,0.0013394904601646785,-0.0011348581397331756,0.001979233716133541,9.629803405005605e-05,0.691667623629601
PLD,PLD,Real Estate,8,-0.0016248996574770255,0.006134925430367593,-0.00020311245718462818,0.0009029001617126317,-0.002576364742556296,0.0019539366008069483,0.0016248996574770255,0.6936215602304079
COF,COF,Financials,22,0.0010251090631562185,0.0061321418499467335,4.6595866507100844e-05,0.0008296201393361145,-0.0008262878180084368,0.0019530500472982968,0.0010251090631562185,0.6955746102777062
MSI,MSI,Information Technology,18,-0.0003076486141883124,0.006122508612893149,-1.7091589677128466e-05,0.0006699916265349804,-0.000995449698863998,0.0019499819196287938,0.0003076486141883124,0.697524592197335
TT,TT,Industrials,24,0.0006118641319543837,0.006033995132178823,2.549433883143265e-05,0.0006143197233057706,-0.0005685434418999352,0.0019217909119962563,0.0006118641319543837,0.6994463831093313
XOM,XOM,Energy,5,-0.003627748933155709,0.006013197376250042,-0.0007255497866311418,0.0011927242215471665,-0.0027188104426306282,0.0019151669526694256,0.003627748933155709,0.7013615500620007
MAA,MAA,Real Estate,11,-0.0023517807487052626,0.0060085390296192275,-0.0002137982498822966,0.0006891581321527046,-0.0010791024093410291,0.0019136832974751604,0.0023517807487052626,0.703275233359476
IP,IP,Materials,9,-0.000589467605228632,0.005959209878913585,-6.549640058095911e-05,0.0009805079888421048,-0.0021211821828887385,0.001897972261677827,0.000589467605228632,0.7051732056211538
NOC,NOC,Industrials,11,0.00016316460020378667,0.005948179218462864,1.4833145473071515e-05,0.0006755440033813088,-0.0015840166090898141,0.0018944590631181427,0.00016316460020378667,0.707067664684272
RSG,RSG,Industrials,18,-0.0011381963972158847,0.005945407680068752,-6.323313317866026e-05,0.0004928730214994568,-0.0009498553562725425,0.0018935763449220923,0.0011381963972158847,0.708961241029194
GEV,GEV,Industrials,9,0.004309922897994851,0.00586079703769543,0.0004788803219994279,0.0013359402782846133,-0.0005155721184379082,0.0018666283676683389,0.004309922897994851,0.7108278693968624
KLAC,KLAC,Information Technology,25,0.0011243857221691904,0.005830361360166065,4.4975428886767615e-05,0.0005750554516892703,-0.000698405148558932,0.001856934788672152,0.0011243857221691904,0.7126848041855345
NI,NI,Utilities,17,-0.0007761074823478122,0.005741489567042627,-4.565338131457719e-05,0.0011032366763207224,-0.0005062024520900685,0.0018286296607069985,0.0007761074823478122,0.7145134338462414
ETR,ETR,Utilities,15,0.0016010183044021904,0.005694215022968179,0.00010673455362681269,0.0008359471222783526,-0.0005074994519136621,0.0018135730046804574,0.0016010183044021904,0.7163270068509219
HAL,HAL,Energy,4,0.0001453810405612364,0.005654998015600269,3.63452601403091e-05,0.0016643153764151675,-0.002568108830587636,0.0018010826253042104,0.0001453810405612364,0.7181280894762261
EXPE,EXPE,Consumer Discretionary,11,-0.001239551463776997,0.005650095717440165,-0.00011268649670699973,0.0013493447921328339,-0.0017383764202867733,0.0017995212730250645,0.001239551463776997,0.7199276107492512
BRO,BRO,Financials,17,-0.0013763721108096673,0.005644673446354077,-8.096306534174513e-05,0.0005179281003255423,-0.0007560261572841369,0.0017977943125175803,0.0013763721108096673,0.7217254050617687
CRL,CRL,Health Care,10,-0.0018737089354434952,0.005610220315012567,-0.00018737089354434953,0.0005567213372315782,-0.0010664083662933796,0.0017868211988090815,0.0018737089354434952,0.7235122262605779
FSLR,FSLR,Information Technology,10,-0.0005223959943955278,0.005609311394965856,-5.223959943955278e-05,0.0014053012518569351,-0.0008238204599700403,0.0017865317132779801,0.0005223959943955278,0.7252987579738559
WFC,WFC,Financials,21,0.0015236975613617853,0.005607255108240675,7.255702673151359e-05,0.0008907591707256334,-0.0006260880092959774,0.0017858767984074268,0.0015236975613617853,0.7270846347722634
IT,IT,Information Technology,18,0.00017522475232571816,0.005593233824232132,9.734708462539899e-06,0.0009780932708915724,-0.0007736204004657514,0.0017814111043536751,0.00017522475232571816,0.7288660458766171
GIS,GIS,Consumer Staples,11,-0.00015618217644022023,0.005567324902986283,-1.4198379676383657e-05,0.0009294537270593053,-0.0014654395366867261,0.001773159269822957,0.00015618217644022023,0.73063920514644
RTX,RTX,Industrials,22,0.000406932569272991,0.005410656020607374,1.8496934966954136e-05,0.0005960442800467569,-0.0008953895453548136,0.001723261179461111,0.000406932569272991,0.7323624663259011
AFL,AFL,Financials,17,0.001546542789892105,0.005410069615929107,9.097310528777088e-05,0.0005480576818689189,-0.0005342483603529289,0.0017230744131219345,0.001546542789892105,0.734085540739023
SYY,SYY,Consumer Staples,7,-0.002152892488389148,0.005405256872697931,-0.0003075560697698783,0.000899282149358288,-0.0013372277714275174,0.0017215415835453707,0.002152892488389148,0.7358070823225683
PSA,PSA,Real Estate,11,-8.46094595984382e-05,0.005400310205275618,-7.691769054403473e-06,0.0009470788164541305,-0.0015357251569881345,0.0017199660999248799,8.46094595984382e-05,0.7375270484224932
PH,PH,Industrials,25,0.0008516445387583252,0.005309662523790926,3.406578155033301e-05,0.0005255669938956367,-0.0003930406336157896,0.0016910953622701896,0.0008516445387583252,0.7392181437847634
SIVB,SIVB,Financials,13,0.0009097579644174805,0.005286689776080171,6.998138187826773e-05,0.0011939568320966003,-0.0009301896127947316,0.0016837786812310108,0.0009097579644174805,0.7409019224659944
ZBRA,ZBRA,Information Technology,15,0.00010963336054186355,0.0052685801862679075,7.3088907027909034e-06,0.001514733022628459,-0.00108893986776056,0.0016780108865346597,0.00010963336054186355,0.742579933352529
LEN,LEN,Consumer Discretionary,15,0.0009171417741820813,0.005231023499854365,6.114278494547208e-05,0.0008483846227032955,-0.0006221102764746994,0.0016660493093286508,0.0009171417741820813,0.7442459826618577
BA,BA,Industrials,11,-9.745489772978587e-05,0.00522991719210729,-8.859536157253261e-06,0.0008977842039577162,-0.0006396663021275552,0.0016656969570102238,9.745489772978587e-05,0.745911679618868
O,O,Real Estate,12,-0.001877171984192293,0.005225075704895865,-0.0001564309986826911,0.0009702057348982353,-0.0008530289737800971,0.0016641549726500039,0.001877171984192293,0.747575834591518
MS,MS,Financials,21,0.0013035846883295353,0.005221342052044509,6.207546134902549e-05,0.0004995822715255045,-0.0006052839446502118,0.0016629658268252055,0.0013035846883295353,0.7492388004183432
GPC,GPC,Consumer Discretionary,10,0.0009482246602345475,0.005216957238236778,9.482246602345475e-05,0.0007491998030994834,-0.0011718941203247792,0.0016615692901787713,0.0009482246602345475,0.750900369708522
ATO,ATO,Utilities,13,-0.0003079673430772424,0.005186346241459127,-2.368979562132634e-05,0.0010695717478830873,-0.001156752402015554,0.0016518198730636146,0.0003079673430772424,0.7525521895815857
CPB,CPB,Consumer Staples,9,-0.0003115722749333937,0.005159979708737431,-3.4619141659265964e-05,0.0011814067669398034,-0.0013128250069933383,0.0016434222920488101,0.0003115722749333937,0.7541956118736345
WY,WY,Real Estate,8,-0.003117637029592807,0.005138512705085587,-0.00038970462869910086,0.0005371014481934209,-0.0020191489890495867,0.0016365851813746743,0.003117637029592807,0.7558321970550091
DRE,DRE,Real Estate,8,-0.0019138423845158278,0.005121401136723342,-0.00023923029806447848,0.0008138546666470801,-0.0010842251265948042,0.001631135250466843,0.0019138423845158278,0.757463332305476
KKR,KKR,Financials,10,0.00034420298330657787,0.005118606983060628,3.4420298330657784e-05,0.000748774826042214,-0.0011912186522421951,0.0016302453294446849,0.00034420298330657787,0.7590935776349207
GLW,GLW,Information Technology,15,0.00231756840052448,0.005079461052989116,0.0001545045600349653,0.0013379095505227567,-0.0006924525037180276,0.0016177775877569472,0.00231756840052448,0.7607113552226776
ETN,ETN,Industrials,20,0.0010270055908763339,0.005053568437600886,5.135027954381669e-05,0.0009022547377719281,-0.0005548748309859281,0.0016095309465431436,0.0010270055908763339,0.7623208861692208
PANW,PANW,Information Technology,8,-0.0005574463020747546,0.005052576535463363,-6.968078775934433e-05,0.0011175274898969979,-0.0010160155213245414,0.0016092150317186,0.0005574463020747546,0.7639301012009394
VICI,VICI,Real Estate,13,-0.0011040938869538032,0.005051822706799058,-8.493029899644639e-05,0.0005016984321978403,-0.000826523288381625,0.0016089749418536712,0.0011040938869538032,0.765539076142793
JCI,JCI,Industrials,21,0.0017597708746631719,0.005050673736276643,8.379861307919865e-05,0.0007371800116264009,-0.000614506062192367,0.0016086090016996344,0.0017597708746631719,0.7671476851444927
WAT,WAT,Health Care,12,0.0017513956817048256,0.005046798454847618,0.0001459496401420688,0.0012672188278014453,-0.0006436711033724909,0.0016073747480304505,0.0017513956817048256,0.7687550598925231
GILD,GILD,Health Care,19,0.0011450166419829308,0.005030191154777531,6.02640337885753e-05,0.0015561465560354085,-0.0003708564173688525,0.0016020854235201797,0.0011450166419829308,0.7703571453160433
DE,DE,Industrials,20,-0.001005906561756462,0.005026241647050852,-5.02953280878231e-05,0.0008813893779704049,-0.0006097762649787804,0.0016008275292246552,0.001005906561756462,0.7719579728452679
TDG,TDG,Industrials,20,0.0015556047485215702,0.004950478646533935,7.77802374260785e-05,0.000689628293419809,-0.0006997011084837963,0.0015766974723271114,0.0015556047485215702,0.773534670317595
COIN,COIN,Financials,5,-0.002944071130546697,0.004941060789054158,-0.0005888142261093394,0.0006965058849779997,-0.0013998651752015418,0.0015736979417476796,0.002944071130546697,0.7751083682593427
RHI,RHI,Industrials,12,-5.262790464520897e-06,0.0048756985965748584,-4.385658720434081e-07,0.0005296437316777814,-0.0005707173549581794,0.0015528804792301868,5.262790464520897e-06,0.7766612487385729
EPAM,EPAM,Information Technology,3,-0.004851637447467058,0.004851637447467058,-0.0016172124824890193,-0.0004979311311500821,-0.0032007291761671094,0.0015452171489366369,0.004851637447467058,0.7782064658875095
PCAR,PCAR,Industrials,20,0.0023680740432654493,0.004817594752040527,0.00011840370216327247,0.0005510791729213446,-0.0006014956178534503,0.0015343747565817493,0.0023680740432654493,0.7797408406440913
PENN,PENN,Consumer Discretionary,5,-0.0023165501511925035,0.00481546772180666,-0.0004633100302385007,0.0012494587853070784,-0.001568871330789971,0.001533697310332052,0.0023165501511925035,0.7812745379544234
TSCO,TSCO,Consumer Discretionary,11,0.0029491156459363933,0.004813396090867065,0.00026810142235785396,0.00116766534927622,-0.00043081879578583476,0.0015330375084221214,0.0029491156459363933,0.7828075754628455
REGN,REGN,Health Care,12,-0.0009522538687795456,0.004808281317858582,-7.935448906496214e-05,0.0007391777247821814,-0.0011268594952886556,0.0015314084841903637,0.0009522538687795456,0.7843389839470358
ED,ED,Utilities,14,0.0027168653760701405,0.004782563230404817,0.0001940618125764386,0.0008759282149693975,-0.0003766098741721357,0.00152321742906687,0.0027168653760701405,0.7858622013761027
AMZN,AMZN,Consumer Discretionary,11,-0.0006562198100526291,0.0047614768860743985,-5.965634636842083e-05,0.0007415368930778415,-0.0008163571443820989,0.0015165015560816048,0.0006562198100526291,0.7873787029321844
SCHW,SCHW,Financials,15,0.000518269809507644,0.004757327632944318,3.455132063384293e-05,0.0008078309569798677,-0.000983126404126009,0.0015151800440846134,0.000518269809507644,0.788893882976269
NOW,NOW,Information Technology,10,-0.002087644440881252,0.004730505063890687,-0.00020876444408812522,0.0006931033595128825,-0.000656143309935401,0.001506637218259521,0.002087644440881252,0.7904005201945284
LMT,LMT,Industrials,11,0.0004658109915107047,0.00467437880157888,4.234645377370043e-05,0.0009009402026895898,-0.0009433616689344105,0.00148876134357412,0.0004658109915107047,0.7918892815381026
DPZ,DPZ,Consumer Discretionary,7,-0.003094426137012458,0.004652267465762416,-0.00044206087671606545,0.0007385381655501524,-0.0016762026470044224,0.001481719017007172,0.003094426137012458,0.7933710005551098
GD,GD,Industrials,16,-0.0005983261264656842,0.004581650199289177,-3.7395382904105263e-05,0.0004597073250562963,-0.0007840858554569889,0.0014592278452436169,0.0005983261264656842,0.7948302284003534
CMI,CMI,Industrials,14,-0.0014061109020779819,0.004563058742131092,-0.00010043649300557014,0.0008570927925353391,-0.0007069882198309937,0.0014533065787154693,0.0014061109020779819,0.7962835349790689
CI,CI,Health Care,12,-0.001643609270483221,0.004512666845432396,-0.00013696743920693508,0.0005593737145929998,-0.0010550740876945936,0.0014372570647545858,0.001643609270483221,0.7977207920438235
AAPL,AAPL,Information Technology,12,-0.0028439521820488754,0.004511285126821666,-0.00023699601517073962,0.0002512786054419461,-0.0009730267490730557,0.001436816995743778,0.0028439521820488754,0.7991576090395673
CLX,CLX,Consumer Staples,7,-0.0012780472121511417,0.004395890549869889,-0.00018257817316444882,0.0009825480258677313,-0.0021311705720021457,0.0014000645217325002,0.0012780472121511417,0.8005576735612998
FITB,FITB,Financials,18,0.0016523878427899285,0.004386992178522224,9.179932459944047e-05,0.0007990103945210672,-0.00042283230631549786,0.0013972304443405062,0.0016523878427899285,0.8019549040056403
HLT,HLT,Consumer Discretionary,11,0.0014791304739368344,0.004324882871726832,0.0001344664067215304,0.0007826210998627017,-0.0006770264988820924,0.001377449006216165,0.0014791304739368344,0.8033323530118565
PNW,PNW,Utilities,10,-0.0007272267133295614,0.004315575225225777,-7.272267133295614e-05,0.0006497067303555596,-0.0010553293980945315,0.0013744845771660966,0.0007272267133295614,0.8047068375890225
CMA,CMA,Financials,17,0.0007179853861997666,0.004303226147084679,4.223443448233921e-05,0.000797763534787567,-0.0003957547449383355,0.0013705514705554317,0.0007179853861997666,0.8060773890595779
SYK,SYK,Health Care,13,0.0017423034306240101,0.004268609535864212,0.00013402334081723155,0.0008383623411371457,-0.0005849441301782094,0.0013595262894954031,0.0017423034306240101,0.8074369153490734
AXP,AXP,Financials,15,-0.0021244987114391843,0.004264340242521217,-0.00014163324742927895,0.00034096444515587703,-0.0007132008722149491,0.0013581665454174773,0.0021244987114391843,0.8087950818944908
UHS,UHS,Health Care,13,-0.0011331897836908533,0.004213800282492112,-8.71684448992964e-05,0.0006706830077895263,-0.0009498161214538954,0.0013420698741824252,0.0011331897836908533,0.8101371517686732
REG,REG,Real Estate,14,-0.0007802068923077682,0.004207781752553007,-5.572906373626916e-05,0.0006272453008299559,-0.0007554989052608724,0.0013401530088407766,0.0007802068923077682,0.811477304777514
CSGP,CSGP,Industrials | Real Estate,9,-0.003480004554104572,0.0041631699326059425,-0.0003866671726782858,0.00030456492763662437,-0.002315232374074877,0.0013259444143252348,0.003480004554104572,0.8128032491918392
MTB,MTB,Financials,11,-0.0018101227579231463,0.004160958741282308,-0.00016455661435664967,0.00044375022881710526,-0.0008759245243700753,0.0013252401632780665,0.0018101227579231463,0.8141284893551173
KHC,KHC,Consumer Staples,6,-0.00028675519102018765,0.004153932744918141,-4.7792531836697944e-05,0.0012215720520864864,-0.0009010906895562785,0.001323002425980539,0.00028675519102018765,0.8154514917810978
SRE,SRE,Utilities,9,-0.0009145067030628721,0.004151975384710977,-0.00010161185589587467,0.0007645881606087494,-0.0007217698277043242,0.001322379018606945,0.0009145067030628721,0.8167738707997048
DAL,DAL,Industrials,8,-0.0028738122938296792,0.004132936362970063,-0.0003592265367287099,0.00043458961485866364,-0.0014712693228525879,0.0013163152054693008,0.0028738122938296792,0.818090186005174
IBM,IBM,Information Technology,12,-0.0016706126645133373,0.0041231585440053495,-0.0001392177220427781,0.00044561305664630053,-0.001065825025790399,0.0013132010293365889,0.0016706126645133373,0.8194033870345107
MCD,MCD,Consumer Discretionary,9,0.0005557331049573556,0.004111848212884209,6.174812277303952e-05,0.0007862446069911151,-0.0007795085048976711,0.0013095987573618637,0.0005557331049573556,0.8207129857918726
ADBE,ADBE,Information Technology,7,-0.0020738925813827054,0.004108717872381928,-0.0002962703687689579,0.0007106448373945033,-0.0010953933496427178,0.0013086017628670132,0.0020738925813827054,0.8220215875547396
MHK,MHK,Consumer Discretionary,9,-0.0036447134146355233,0.004083273417358295,-0.0004049681571817248,0.0002192800013613855,-0.0013061168504310018,0.0013004978580155918,0.0036447134146355233,0.8233220854127552
GL,GL,Financials,17,0.0017574447986656737,0.00407349891581009,0.00010337910580386316,0.0008474382409113845,-0.00042368815964848207,0.00129738473845995,0.0017574447986656737,0.8246194701512152
IQV,IQV,Health Care,10,0.0004529615790148686,0.004065938675472545,4.5296157901486856e-05,0.001295086997694226,-0.0005445260924103875,0.0012949768476919052,0.0004529615790148686,0.825914446998907
SLB,SLB,Energy,6,0.001410956899397651,0.004058771648137628,0.00023515948323294184,0.001549300459871704,-0.0005649011368321333,0.0012926941928841776,0.001410956899397651,0.8272071411917912
MOH,MOH,Health Care,10,-0.0028993689011306755,0.004045772341287326,-0.00028993689011306753,0.00023199699211526334,-0.0009140873712736018,0.0012885539923669558,0.0028993689011306755,0.8284956951841581
K,K,Consumer Staples,13,-0.0019504758348456905,0.004042131772236221,-0.00015003660268043774,0.00043677915103668163,-0.0013879052633843343,0.0012873944931688878,0.0019504758348456905,0.829783089677327
WYNN,WYNN,Consumer Discretionary,11,-0.003297951179244951,0.004016490818166663,-0.0002998137435677228,0.00017295351649497873,-0.001284120911391604,0.0012792280045611985,0.003297951179244951,0.8310623176818881
CHD,CHD,Consumer Staples,11,0.0011046639740338393,0.003994933972123031,0.00010042399763943994,0.0007191867654558723,-0.0008158456991830924,0.0012723622796293002,0.0011046639740338393,0.8323346799615174
EXE,EXE,Energy,2,-0.0006175689424325248,0.003981442315587908,-0.0003087844712162624,0.0016819366865776918,-0.0022995056290102166,0.0012680652687187838,0.0006175689424325248,0.8336027452302363
CARR,CARR,Industrials,13,0.0004247407062717774,0.003966485854931645,3.267236202090595e-05,0.0007853999686139649,-0.000599024965177779,0.0012633017265655012,0.0004247407062717774,0.8348660469568018
NTAP,NTAP,Information Technology,14,0.000991085132565585,0.003956466312278166,7.079179518325608e-05,0.000943702914456115,-0.00037408401376041225,0.0012601105629016249,0.000991085132565585,0.8361261575197034
BNY,BNY,Financials,18,0.002429268678456479,0.003944933216709709,0.00013495937102535994,0.0007610869191059692,-0.0004458681174763583,0.0012564373417993332,0.002429268678456479,0.8373825948615028
MRSH,MRSH,Financials,11,0.0014364694238793534,0.0039150375108026,0.00013058812944357758,0.0008387819566233232,-0.0006841992965312179,0.0012469157404951493,0.0014364694238793534,0.838629510601998
RJF,RJF,Financials,16,-0.00022294919578483814,0.0039008578788756352,-1.3934324736552384e-05,0.0008065618745492181,-0.0005065759694538584,0.0012423996135882231,0.00022294919578483814,0.8398719102155862
LYB,LYB,Materials,4,-0.0027466589008595314,0.003889681462217148,-0.0006866647252148829,0.0005715112806788085,-0.001413259684875305,0.001238839992558962,0.0027466589008595314,0.8411107502081451
HII,HII,Industrials,9,-0.00011096353430627701,0.0038583387695838222,-1.2329281589586335e-05,0.0006616607408738719,-0.001051109747398424,0.0012288575347444049,0.00011096353430627701,0.8423396077428895
EIX,EIX,Utilities,14,-0.0018964243823849465,0.003845829991373014,-0.0001354588844560676,0.0003639650261680704,-0.0005417471363983653,0.0012248735646285674,0.0018964243823849465,0.843564481307518
CPRT,CPRT,Industrials,11,0.0007754568141055865,0.003844718797138465,7.049607400959878e-05,0.0008226980566679935,-0.0005903862593981426,0.0012245196559934693,0.0007754568141055865,0.8447890009635115
AMAT,AMAT,Information Technology,20,8.424772171722783e-05,0.0038425503079739277,4.212386085861392e-06,0.00031164187638024933,-0.0005092216148170149,0.0012238290053253993,8.424772171722783e-05,0.8460128299688369
BG,BG,Consumer Staples,5,-0.0038367321607481984,0.0038367321607481984,-0.0007673464321496397,-3.770597639582136e-05,-0.0016617665558085635,0.0012219759606645851,0.0038367321607481984,0.8472348059295014
BX,BX,Financials,10,-0.0010090024518901158,0.0038281525200215783,-0.00010090024518901158,0.0008305579482824136,-0.0007118519039041795,0.0012192433970453869,0.0010090024518901158,0.8484540493265468
MRK,MRK,Health Care,13,0.0014250130149767114,0.0038035400217926356,0.00010961638576743934,0.0005301517331876629,-0.0006136130352651535,0.0012114044653953333,0.0014250130149767114,0.8496654537919421
PFG,PFG,Financials,11,0.0005788515908337632,0.0037863472006201323,5.2622871893978476e-05,0.0009882123743744425,-0.0004894363796575731,0.001205928655959444,0.0005788515908337632,0.8508713824479016
CFG,CFG,Financials,11,-0.00014305005235807668,0.003783167944197862,-1.3004550214370607e-05,0.0008973769396576045,-0.00048427858124236667,0.001204916082040277,0.00014305005235807668,0.8520762985299419
EFX,EFX,Industrials,9,-0.0021629795503643767,0.0037760979054014578,-0.00024033106115159742,0.0003665716824289121,-0.0008043032531764841,0.001202664317494772,0.0021629795503643767,0.8532789628474367
TGT,TGT,Consumer Discretionary | Consumer Staples,10,-0.003356922645819548,0.0037368940967102545,-0.0003356922645819548,0.00018998572544535328,-0.0018740665203114738,0.0011901781418171345,0.003356922645819548,0.8544691409892538
ESS,ESS,Real Estate,5,-0.00025163721607187304,0.003703961571429625,-5.0327443214374606e-05,0.0012762445296484184,-0.0010519820141149951,0.0011796893319313121,0.00025163721607187304,0.8556488303211851
PFE,PFE,Health Care,8,-0.00040123331788428327,0.0037026568855396376,-5.015416473553541e-05,0.0006342515637074987,-0.0008470273792977076,0.0011792737973756054,0.00040123331788428327,0.8568281041185607
JNPR,JNPR,Information Technology,9,0.0004212229407654371,0.003684715883929745,4.680254897393745e-05,0.0006047733485254823,-0.0009919038561308447,0.0011735596970008587,0.0004212229407654371,0.8580016638155615
APH,APH,Information Technology,11,0.0014105815926972792,0.0036789193934961707,0.0001282346902452072,0.0005590958715640649,-0.000383780254840522,0.0011717135498972079,0.0014105815926972792,0.8591733773654587
VRSN,VRSN,Information Technology,7,-0.003417297421355104,0.003664327600043556,-0.00048818534590787204,0.0001235150893442258,-0.0013166659563165523,0.0011670661520401208,0.003417297421355104,0.8603404435174988
NVR,NVR,Consumer Discretionary,8,-0.00040820780023729944,0.0036449348863358028,-5.102597502966243e-05,0.0005056903913816551,-0.0006719921894744075,0.0011608896901527464,0.00040820780023729944,0.8615013332076515
ODFL,ODFL,Industrials,13,-0.0012434288500202183,0.003635169532235433,-9.564837307847832e-05,0.00036657033865670764,-0.0006510222215465437,0.0011577794840038494,0.0012434288500202183,0.8626591126916554
CAT,CAT,Industrials,16,-0.0014264476704694926,0.003631425348876479,-8.915297940434329e-05,0.0006985322109479042,-0.0008082027772207937,0.0011565869842761463,0.0014264476704694926,0.8638156996759315
SEE,SEE,Materials,5,-0.0033641386450989747,0.0035919997142667033,-0.0006728277290197949,0.00011393053458386427,-0.0014078017261757694,0.0011440301583866643,0.0033641386450989747,0.8649597298343182
LH,LH,Health Care,14,-0.0011032798701407418,0.003582950557450909,-7.880570501005298e-05,0.00023699001816923323,-0.0010745473283393307,0.001141148056736121,0.0011032798701407418,0.8661008778910544
HPQ,HPQ,Information Technology,10,-0.0029482274562283874,0.0035806116568421363,-0.00029482274562283873,0.0002219294575828138,-0.0009052193024623279,0.001140403131054953,0.0029482274562283874,0.8672412810221093
CL,CL,Consumer Staples,9,0.0006539925618460995,0.003516135457824352,7.266584020512217e-05,0.0007407331893894901,-0.000855336254313185,0.0011198678520900035,0.0006539925618460995,0.8683611488741992
INCY,INCY,Health Care,8,-0.000975521503804758,0.003498942124442728,-0.00012194018797559475,0.0005734487655008204,-0.001195295446944816,0.001114391879518611,0.000975521503804758,0.8694755407537178
WAB,WAB,Industrials,16,0.0005065044223582239,0.0034831570175484564,3.165652639738899e-05,0.00034939457227742043,-0.0005085580393501183,0.0011093644185562177,0.0005065044223582239,0.870584905172274
KIM,KIM,Real Estate,11,0.00021248760062951132,0.0034665493040154432,1.9317054602682847e-05,0.0008331534508904521,-0.000652585982121762,0.0011040749623605086,0.00021248760062951132,0.8716889801346346
FE,FE,Utilities,10,0.0010181758340329886,0.0034223732614665696,0.00010181758340329886,0.0006793256784254846,-0.0007170120368970378,0.0010900051603075311,0.0010181758340329886,0.8727789852949421
IFF,IFF,Materials,4,-0.0022619810333109266,0.0033956094753054156,-0.0005654952583277317,0.0005668142209972444,-0.001886886422059029,0.001081481056477745,0.0022619810333109266,0.8738604663514199
ELV,ELV,Health Care,10,0.0009202448645805802,0.0033951416722171725,9.202448645805801e-05,0.000857832288787143,-0.0005475769266107861,0.001081332064026824,0.0009202448645805802,0.8749417984154467
MMM,MMM,Industrials,12,-0.0004301949414760119,0.003362128529796962,-3.584957845633433e-05,0.0008413874671987949,-0.0004999001419581778,0.0010708175780702054,0.0004301949414760119,0.876012615993517
TECH,TECH,Health Care,6,-0.00044222180026682744,0.003361805055505854,-7.370363337780457e-05,0.0008515145773393905,-0.0014913731014796648,0.0010707145534672188,0.00044222180026682744,0.8770833305469842
SBUX,SBUX,Consumer Discretionary,4,-0.0032236195725443804,0.0033598820788178635,-0.0008059048931360951,6.813125313674148e-05,-0.001487408068045447,0.0010701020970362793,0.0032236195725443804,0.8781534326440205
TJX,TJX,Consumer Discretionary,8,0.0014900170498970986,0.003355697768436144,0.00018625213123713732,0.0010426360754107345,-0.0006662292101945354,0.001068769419516923,0.0014900170498970986,0.8792222020635374
LDOS,LDOS,Industrials,11,-0.0005797456949809734,0.0033530296845328093,-5.27041540891794e-05,0.0007783891081724843,-0.0008147938052429853,0.001067919650949738,0.0005797456949809734,0.8802901217144872
TRV,TRV,Financials,10,-0.00034261766964110556,0.0033294176754202786,-3.426176696411056e-05,0.0008662802517213321,-0.0007798574078606106,0.0010603993690250079,0.00034261766964110556,0.8813505210835122
CHRW,CHRW,Industrials,11,-0.0011807611609414577,0.0033170653602451294,-0.0001073419237219507,0.00042799125915363184,-0.0007508799077659329,0.0010564652314385987,0.0011807611609414577,0.8824069863149508
DISH,DISH,Communication Services,1,-0.0032966605276275552,0.0032966605276275552,-0.0032966605276275552,-0.0032966605276275552,-0.0032966605276275552,0.0010499664158071219,0.0032966605276275552,0.883456952730758
PNR,PNR,Industrials,15,-0.0014233005621891628,0.0032901791696926344,-9.488670414594419e-05,0.0003240460318178683,-0.00043978917511116396,0.0010479021425513647,0.0014233005621891628,0.8845048548733093
FFIV,FFIV,Information Technology,8,-0.002495196911195389,0.0032463351427991136,-0.0003118996138994236,0.0003755691158018623,-0.0018395325113593518,0.0010339380854741654,0.002495196911195389,0.8855387929587835
PAYX,PAYX,Industrials | Information Technology,14,-0.00020721268939966398,0.0032428972502021973,-1.4800906385690283e-05,0.0007618770948295386,-0.0006213511136343232,0.0010328431374994913,0.00020721268939966398,0.886571636096283
ROL,ROL,Industrials,7,-0.0032375994352135777,0.0032375994352135777,-0.0004625142050305111,-0.00015516453381900957,-0.0009757834894003546,0.001031155815505433,0.0032375994352135777,0.8876027919117884
APD,APD,Materials,7,-0.0009617173354042826,0.0032330237232272895,-0.00013738819077204037,0.0005339505346844668,-0.0008742918391344217,0.0010296984789450723,0.0009617173354042826,0.8886324903907334
MDLZ,MDLZ,Consumer Staples,8,-0.001957870837433064,0.0032104880678080123,-0.000244733854679133,0.00032300928580662026,-0.0010116536421696733,0.0010225210091540074,0.001957870837433064,0.8896550113998875
QCOM,QCOM,Information Technology,7,-0.0030449486852695117,0.003178682922104221,-0.00043499266932421594,6.686711841735471e-05,-0.0011885552128086223,0.0010123912628367956,0.0030449486852695117,0.8906674026627243
A,A,Health Care,10,-0.00015964114446964488,0.0031720045905123864,-1.5964114446964487e-05,0.0009685542494434625,-0.0006542082255915923,0.0010102642546640445,0.00015964114446964488,0.8916776669173883
AMGN,AMGN,Health Care,10,-0.0022472700469219143,0.003170407634807162,-0.00022472700469219144,0.00019356257609397408,-0.0011027895236284599,0.0010097556339419636,0.0022472700469219143,0.8926874225513303
CTLT,CTLT,Health Care,9,0.00026803431363682853,0.0031639062984986873,2.978159040409206e-05,0.0007172212462556933,-0.0008340960113014499,0.0010076849976952045,0.00026803431363682853,0.8936951075490255
ADP,ADP,Industrials | Information Technology,14,-0.0009554224167552285,0.0031307326262970496,-6.824445833965917e-05,0.0004355570460352077,-0.0009848195916545297,0.000997119383975256,0.0009554224167552285,0.8946922269330008
RVTY,RVTY,Health Care,9,-0.002637118365351891,0.003118319798500434,-0.0002930131517057657,0.00012792461810039527,-0.0009364572702595778,0.0009931659734853315,0.002637118365351891,0.8956853929064861
ALL,ALL,Financials,11,3.183415568705107e-05,0.003085872876571349,2.894014153368279e-06,0.0005163186073545033,-0.0008209621858068054,0.000982831825326506,3.183415568705107e-05,0.8966682247318126
BMY,BMY,Health Care,9,-0.0006680200955652615,0.003072306090815517,-7.422445506280684e-05,0.0005798802216273591,-0.0006709083342199064,0.0009785108862141233,0.0006680200955652615,0.8976467356180268
FDX,FDX,Industrials,11,-0.001883184662297581,0.003052888483437489,-0.00017119860566341646,0.0003628157106885922,-0.0005523504487803361,0.0009723264958435047,0.001883184662297581,0.8986190621138703
IVZ,IVZ,Financials,11,-0.0002123530043320641,0.0030468245561148634,-1.930481857564219e-05,0.0005697968856578128,-0.0005888824299118112,0.0009703951717100994,0.0002123530043320641,0.8995894572855804
CBOE,CBOE,Financials,13,0.000100914122720877,0.0030253570292720143,7.762624824682846e-06,0.0004368105956904332,-0.0005599575583271143,0.0009635578944027963,0.000100914122720877,0.9005530151799832
SBNY,SBNY,Financials,4,-0.0011509430982643224,0.00300329940963049,-0.0002877357745660806,0.0009261781556830839,-0.001024927308173427,0.0009565326761122996,0.0011509430982643224,0.9015095478560955
JPM,JPM,Financials,19,0.0013781152172886318,0.0029902132340519226,7.253237985729642e-05,0.00043851750575250734,-0.0003077494024522426,0.0009523648084311405,0.0013781152172886318,0.9024619126645267
DGX,DGX,Health Care,9,0.0006497137212259368,0.002939410302083968,7.219041346954854e-05,0.0007079927338323479,-0.0007515103113335208,0.0009361843822259366,0.0006497137212259368,0.9033980970467527
HES,HES,Energy,7,-0.002136262502661093,0.0029348780623573902,-0.0003051803575230133,0.00036720185223267435,-0.0008695252925297811,0.0009347408913170567,0.002136262502661093,0.9043328379380697
NDAQ,NDAQ,Financials,8,-0.0010032638544584525,0.0029317495947011546,-0.00012540798180730656,0.0004794104806821952,-0.0009830888205254206,0.000933744493312331,0.0010032638544584525,0.905266582431382
EVRG,EVRG,Utilities,7,-0.0027844197857141385,0.0029166457354134717,-0.0003977742551020198,6.611297484966655e-05,-0.0010782772831601096,0.0009289340055874829,0.0027844197857141385,0.9061955164369695
CTAS,CTAS,Industrials,15,0.0005618328677304578,0.0029115709130237244,3.745552451536385e-05,0.00039282404996653623,-0.0006463596136899731,0.00092731770538588,0.0005618328677304578,0.9071228341423554
AIG,AIG,Financials,13,0.0006737007889443396,0.0029089522463896017,5.182313761110305e-05,0.00042583274533865794,-0.00034575284596124957,0.0009264836759197032,0.0006737007889443396,0.9080493178182751
WM,WM,Industrials,9,-0.00019530180363711824,0.0028961103862312006,-2.170020040412425e-05,0.00047268895660640674,-0.0008611864339327115,0.000922393621220466,0.00019530180363711824,0.9089717114394956
CB,CB,Financials,10,0.0004483877113396177,0.0028807737694070907,4.483877113396177e-05,0.0007085627138046992,-0.0006310614328113196,0.0009175090016296808,0.0004483877113396177,0.9098892204411253
INTU,INTU,Information Technology,8,-0.00014396988093719676,0.0028679534357805014,-1.7996235117149594e-05,0.000680597220396371,-0.0006671206130722954,0.0009134258030004764,0.00014396988093719676,0.9108026462441258
FMC,FMC,Materials,4,0.002156669942631366,0.0028604370916136186,0.0005391674856578415,0.001838457320533716,-0.0003518835744911262,0.0009110318928969831,0.002156669942631366,0.9117136781370228
HIG,HIG,Financials,13,-0.00038127286277181297,0.002858752854465728,-2.932868175167792e-05,0.0003018753689301291,-0.0005068270724285533,0.0009104954735639279,0.00038127286277181297,0.9126241736105867
BLDR,BLDR,Industrials,7,-0.0011579570478222132,0.0028376302062277834,-0.00016542243540317332,0.0003159494500160232,-0.0007683979906040725,0.0009037680380039462,0.0011579570478222132,0.9135279416485906
RMD,RMD,Health Care,10,0.0011322064116288167,0.0028040383375358196,0.00011322064116288167,0.0007164414655330873,-0.00024838179468699204,0.0008930692312341308,0.0011322064116288167,0.9144210108798247
CME,CME,Financials,10,-0.0017143968304755234,0.002792126813184318,-0.00017143968304755234,0.000318688841006392,-0.0004891404936562854,0.0008892754828559361,0.0017143968304755234,0.9153102863626806
EMN,EMN,Materials,4,-0.0011297281015222032,0.002764861877774141,-0.0002824320253805508,0.0008175668881259691,-0.0009831151456541397,0.0008805917660249412,0.0011297281015222032,0.9161908781287056
WBA,WBA,Consumer Staples,4,-0.00047626331153755724,0.002749674646063413,-0.00011906582788438931,0.0011367056672629279,-0.0007126996120192797,0.0008757547246881977,0.00047626331153755724,0.9170666328533937
EA,EA,Communication Services,4,-0.00040554119422601584,0.0027252786535164426,-0.00010138529855650396,0.0011255689431323346,-0.0013056817883658604,0.0008679847487868471,0.00040554119422601584,0.9179346176021805
BIIB,BIIB,Health Care,9,-0.00013462139970217232,0.0027202093492065997,-1.4957933300241368e-05,0.0005291148643383723,-0.0007501266946647625,0.0008663702060602802,0.00013462139970217232,0.9188009878082408
AMP,AMP,Financials,18,0.0008099106088609008,0.002681217146813411,4.49950338256056e-05,0.00040934814119777236,-0.0003036383126041125,0.0008539514257072223,0.0008099106088609008,0.919654939233948
JKHY,JKHY,Information Technology,9,-0.0009309810550112713,0.0026757488955855453,-0.0001034423394456968,0.0003617501898723117,-0.0007705784444680216,0.0008522098208030052,0.0009309810550112713,0.9205071490547511
DRI,DRI,Consumer Discretionary,9,-0.0014966895515137958,0.0026600384128842155,-0.00016629883905708843,0.0004239936963629421,-0.0008675434051973996,0.0008472061271941925,0.0014966895515137958,0.9213543551819453
HPE,HPE,Information Technology,6,-0.002249013412274684,0.002646955056632383,-0.0003748355687124473,0.00019897082217884947,-0.0009518513496941417,0.0008430391574515269,0.002249013412274684,0.9221973943393968
MKTX,MKTX,Financials,4,-0.0026307633345733043,0.0026307633345733043,-0.0006576908336433261,-0.00039590528586343405,-0.0010333660807749763,0.000837882192021316,0.0026307633345733043,0.9230352765314181
POOL,POOL,Consumer Discretionary,6,-0.0020105228151463764,0.002589571866252336,-0.0003350871358577294,0.00028952452555297976,-0.0009638895488139463,0.000824762958787458,0.0020105228151463764,0.9238600394902056
CMCSA,CMCSA,Communication Services,3,-0.002466663065874194,0.002582204757516915,-0.0008222210219580647,5.7770845821360153e-05,-0.0015533242950113337,0.0008224165792652213,0.002466663065874194,0.9246824560694707
NLSN,NLSN,Industrials,3,0.0011091978450519081,0.0025606046992168625,0.0003697326150173027,0.0012968461490494407,-0.0007257034270824771,0.0008155370914913157,0.0011091978450519081,0.925497993160962
DUK,DUK,Utilities,8,-0.00027502614376125295,0.002560407462900563,-3.437826797015662e-05,0.0005341489489984762,-0.0007200994587003459,0.0008154742729188978,0.00027502614376125295,0.926313467433881
AIZ,AIZ,Financials,10,-0.0010030038727260584,0.002557347199295787,-0.00010030038727260584,0.0004128690263024634,-0.0005719055536304428,0.0008144995974915664,0.0010030038727260584,0.9271279670313726
VTRS,VTRS,Health Care,5,-0.002000550860923098,0.002554429414884693,-0.00040011017218461955,0.00022541324368019624,-0.0011765466614604993,0.0008135703008246696,0.002000550860923098,0.9279415373321972
AVY,AVY,Materials,5,-0.0012161904078781278,0.0025446700316418434,-0.00024323808157562555,0.0006642398118818578,-0.0009660137058351663,0.0008104619963577378,0.0012161904078781278,0.9287519993285549
AWK,AWK,Utilities,4,-0.0019001292782772185,0.0025426755816433206,-0.00047503231956930463,0.0002534692432766925,-0.0012771530037978818,0.0008098267761101855,0.0019001292782772185,0.9295618261046651
LKQ,LKQ,Consumer Discretionary,11,1.802217882141949e-06,0.002537823677450096,1.6383798928563171e-07,0.0006535399451456388,-0.0008243238877425071,0.0008082814740043402,1.802217882141949e-06,0.9303701075786694
MAR,MAR,Consumer Discretionary,10,-0.0003740871592454909,0.002516114627217258,-3.7408715924549094e-05,0.0004348827970293155,-0.0006652732447428871,0.0008013672729598204,0.0003740871592454909,0.9311714748516293
CRM,CRM,Information Technology,6,-8.310671916915863e-05,0.0025030559598472296,-1.3851119861526439e-05,0.0005134065922471671,-0.0007544705166027506,0.0007972081664765111,8.310671916915863e-05,0.9319686830181059
APTV,APTV,Consumer Discretionary,6,-0.0013038588793292994,0.002493138774345613,-0.00021730981322154992,0.00037216725973556684,-0.0010178810955248244,0.0007940496029457005,0.0013038588793292994,0.9327627326210516
AON,AON,Financials,7,0.0006428439448636339,0.002482875123678524,9.183484926623342e-05,0.0004739172656438644,-0.00048422612355810015,0.0007907806923576349,0.0006428439448636339,0.9335535133134092
SO,SO,Utilities,8,-0.0017346661055413811,0.0024785708126374133,-0.00021683326319267264,0.0002679761065549849,-0.0007203371815397364,0.0007894097953549015,0.0017346661055413811,0.9343429231087641
GPS,GPS,Consumer Discretionary,5,-0.0012538866238071416,0.00242677497251166,-0.00025077732476142835,0.00047801840697155387,-0.0010324677362194563,0.0007729131339137877,0.0012538866238071416,0.9351158362426779
CPAY,CPAY,Financials,6,0.00012971785036314536,0.0024186974569503214,2.161964172719089e-05,0.0007767635244771775,-0.0006316491891141684,0.0007703404941192169,0.00012971785036314536,0.9358861767367971
JBL,JBL,Information Technology,8,-0.0006595714673087084,0.0023649748401924743,-8.244643341358855e-05,0.0007515122698661811,-0.0005863568198398389,0.0007532301659879763,0.0006595714673087084,0.936639406902785
BRK.B,BRK.B,Financials,10,-0.002202330025399342,0.0023626493084073054,-0.0002202330025399342,8.015964150398175e-05,-0.0006179702282459776,0.0007524894981961742,0.002202330025399342,0.9373918964009812
TRMB,TRMB,Information Technology,9,-0.00028041474907787676,0.0023278825035400203,-3.1157194341986304e-05,0.0005608435982443712,-0.000414479786018585,0.0007414164813691006,0.00028041474907787676,0.9381333128823502
DELL,DELL,Information Technology,5,-0.0006642809331416063,0.0023260779168318545,-0.00013285618662832124,0.0006046638148665252,-0.0009057785197135893,0.0007408417314298493,0.0006642809331416063,0.9388741546137801
TXT,TXT,Industrials,12,0.0007944510195599955,0.0023193271170642445,6.620425162999962e-05,0.0005581516326510686,-0.0003969934600019754,0.0007386916425819297,0.0007944510195599955,0.939612846256362
MTD,MTD,Health Care,9,-0.0009993106494319134,0.0023141710245491425,-0.00011103451660354593,0.00027572275837522953,-0.0004618673180341151,0.0007370494583375157,0.0009993106494319134,0.9403498957146995
LOW,LOW,Consumer Discretionary,6,-0.001206560214459488,0.0023084156965931784,-0.00020109336907658132,0.00046824776087058033,-0.0008710883789827356,0.0007352164212337326,0.001206560214459488,0.9410851121359333
IR,IR,Industrials,12,0.0001334144980771298,0.00227996509212562,1.1117874839760817e-05,0.0004381252624470798,-0.0006715695895975568,0.0007261550759875341,0.0001334144980771298,0.9418112672119208
INTC,INTC,Information Technology,4,-0.002135789977230288,0.0022633270869430303,-0.000533947494307572,6.376855485637119e-05,-0.0010843289372667883,0.0007208559720848596,0.002135789977230288,0.9425321231840056
PAYC,PAYC,Industrials,5,-0.002260827890538224,0.002260827890538224,-0.0004521655781076448,-0.0001769524807059457,-0.0007912401576803174,0.0007200599931632928,0.002260827890538224,0.9432521831771689
C,C,Financials,8,0.00038470290016879015,0.002244574673218471,4.808786252109877e-05,0.0006177143991834372,-0.0005310185959926748,0.000714883441864929,0.00038470290016879015,0.9439670666190337
SBAC,SBAC,Real Estate,3,-0.0022407734160669788,0.0022407734160669788,-0.0007469244720223262,-5.067266453230379e-05,-0.0015283761749620669,0.000713672764479901,0.0022407734160669788,0.9446807393835136
JBHT,JBHT,Industrials,8,0.0004776152547724487,0.0022332774595775996,5.970190684655609e-05,0.00043884911592382105,-0.0006130193071421882,0.0007112853477282393,0.0004776152547724487,0.9453920247312418
RF,RF,Financials,8,-0.000422497109163118,0.0022040688710081888,-5.281213864538975e-05,0.0004312845908837975,-0.0007429839945058095,0.0007019825891354159,0.000422497109163118,0.9460940073203773
HUM,HUM,Health Care,6,0.00083647463402513,0.0021590286834091495,0.00013941243900418833,0.0005179237959175851,-0.00039354086297694116,0.0006876375621166113,0.00083647463402513,0.946781644882494
DXC,DXC,Information Technology,6,-0.0020981401045440115,0.0020981401045440115,-0.0003496900174240019,-9.054662222783415e-06,-0.0006464424522584196,0.000668244918446192,0.0020981401045440115,0.9474498898009401
PG,PG,Consumer Staples,6,-0.001319650317850292,0.0020942941952075116,-0.00021994171964171533,0.0003873219386786097,-0.0011281048813709604,0.0006670200196106209,0.001319650317850292,0.9481169098205507
HOOD,HOOD,Financials,3,-0.0013944428239140954,0.00207727653321222,-0.0004648142746380318,0.0003414168546490623,-0.0008739657542194496,0.0006615999973120338,0.0013944428239140954,0.9487785098178628
LULU,LULU,Consumer Discretionary,2,-0.0020682420790801054,0.0020682420790801054,-0.0010341210395400527,-0.0003012925664847692,-0.001766949512595336,0.0006587225783772135,0.0020682420790801054,0.94943723239624
MSCI,MSCI,Financials,6,-0.00016291044392508874,0.0020675618951379593,-2.7151740654181457e-05,0.0007678202532569813,-0.0004345713543649218,0.0006585059439103523,0.00016291044392508874,0.9500957383401504
FDS,FDS,Financials,7,0.00010910565062267383,0.0020553018289992944,1.5586521517524833e-05,0.0005673833738570148,-0.0004973166420762916,0.0006546011870834685,0.00010910565062267383,0.9507503395272339
LHX,LHX,Industrials,6,-0.00037560514763978955,0.0020375356101298126,-6.260085793996492e-05,0.0005803818982382084,-0.000745934216159759,0.0006489427539531822,0.00037560514763978955,0.9513992822811871
PXD,PXD,Energy,2,-0.0018487014070019316,0.002023197785442956,-0.0009243507035009658,8.724818922051205e-05,-0.0019359495962224438,0.0006443762436101341,0.0018487014070019316,0.9520436585247972
ABMD,ABMD,Health Care,4,-0.0020218680311518246,0.0020218680311518246,-0.0005054670077879562,-0.00028714054002088713,-0.0009531005949972916,0.0006439527249204593,0.0020218680311518246,0.9526876112497177
UNH,UNH,Health Care,8,0.0008429341812579383,0.0020163165824019056,0.00010536677265724229,0.0006496228511058557,-0.0005485990282052717,0.0006421846221092535,0.0008429341812579383,0.953329795871827
ROK,ROK,Industrials,7,0.00044130107743722125,0.002003907190795219,6.304301106246018e-05,0.0004687121528896494,-0.000584373522026637,0.0006382323060250141,0.00044130107743722125,0.953968028177852
V,V,Financials | Information Technology,10,-0.00025729132280609716,0.0019915689351152196,-2.5729132280609715e-05,0.0002792966752002834,-0.00039716344992823623,0.0006343026463026758,0.00025729132280609716,0.9546023308241547
KVUE,KVUE,Consumer Staples,4,-0.0012323553393919237,0.001964531119581427,-0.00030808883484798093,0.000156797410040598,-0.0015984432294866755,0.0006256912657770319,0.0012323553393919237,0.9552280220899317
APP,APP,Information Technology,3,-0.0004346847665022886,0.001947375605148213,-0.00014489492216742953,0.0007563454193229622,-0.0011122371188162063,0.0006202273383117033,0.0004346847665022886,0.9558482494282434
MCHP,MCHP,Information Technology,5,-0.001865298867568818,0.0019422844565723813,-0.0003730597735137636,3.849279450178164e-05,-0.0007752931813179813,0.0006186058383186924,0.001865298867568818,0.9564668552665622
KEY,KEY,Financials,7,-6.354745482062588e-05,0.0019314927038163792,-9.078207831517983e-06,0.0005025599141287985,-0.0005439794658363394,0.0006151687304131203,6.354745482062588e-05,0.9570820239969753
ADI,ADI,Information Technology,5,-0.0005334709423183814,0.0019302936862146223,-0.00010669418846367628,0.0005535626560515446,-0.0007174626924692696,0.0006147868505673624,0.0005334709423183814,0.9576968108475427
FAST,FAST,Industrials,6,-0.0008433530425511073,0.0019179873568761438,-0.00014055884042518454,0.0004467790223251843,-0.0009175950054546952,0.0006108673591914751,0.0008433530425511073,0.9583076782067341
ERIE,ERIE,Financials,3,-0.0018920702120020507,0.0018920702120020507,-0.0006306900706673503,-8.871531249367062e-05,-0.001192647419710223,0.0006026129054849576,0.0018920702120020507,0.958910291112219
UPS,UPS,Industrials,5,-0.001800922903042883,0.001800922903042883,-0.0003601845806085766,-7.193718514523867e-05,-0.0006887639753214579,0.0005735830395050372,0.001800922903042883,0.9594838741517241
STZ,STZ,Consumer Staples,5,-0.0010101041482691443,0.0017960781719983843,-0.00020202082965382887,0.00039298701186461993,-0.0006476026960895163,0.0005720400220036256,0.0010101041482691443,0.9600559141737277
IBKR,IBKR,Financials,4,0.00023256709906229275,0.0017795900010461215,5.814177476557319e-05,0.0006805247503462384,-0.000566664964647412,0.0005667886393960203,0.00023256709906229275,0.9606227028131237
LUMN,LUMN,Communication Services,3,-0.0013995964929922893,0.0017662894417374221,-0.0004665321643307631,0.00018334647437256654,-0.0011907279572253998,0.0005625524917949704,0.0013995964929922893,0.9611852553049186
ZION,ZION,Financials,5,-2.5366595775519712e-05,0.001761444579438234,-5.073319155103942e-06,0.000558456544660293,-0.0004571173900393889,0.0005610094324897351,2.5366595775519712e-05,0.9617462647374083
NXPI,NXPI,Information Technology,5,-0.0002846632490587359,0.001746141229988622,-5.6932649811747186e-05,0.0005571756418679985,-0.00044347501823666666,0.0005561354083562838,0.0002846632490587359,0.9623024001457646
MA,MA,Financials | Information Technology,9,-0.0005240754199020712,0.001733343705001009,-5.823060221134124e-05,0.0003051096687010759,-0.000296791534160697,0.0005520594741404803,0.0005240754199020712,0.9628544596199051
PYPL,PYPL,Financials | Information Technology,5,-0.0002204821574872443,0.0017170231340952898,-4.409643149744886e-05,0.00039427738902324315,-0.000544779091183702,0.0005468614711328319,0.0002204821574872443,0.9634013210910379
CVS,CVS,Health Care,9,-0.0005017668591015108,0.0016993407710895391,-5.57518732335012e-05,0.0002245369321980512,-0.00042000494773499793,0.0005412297455873723,0.0005017668591015108,0.9639425508366253
DTE,DTE,Utilities,6,-0.0005781851865091425,0.001689759797816451,-9.636419775152375e-05,0.0005148202577926601,-0.000794435558152419,0.0005381782636154849,0.0005781851865091425,0.9644807291002407
EW,EW,Health Care,7,-0.0007768975964038939,0.0016859106285028386,-0.00011098537091484198,0.0002548796044169679,-0.00045915853013435805,0.0005369523264969437,0.0007768975964038939,0.9650176814267377
AOS,AOS,Industrials,4,-0.0014209918648438354,0.0016734586062122905,-0.00035524796621095884,0.00012623337068422768,-0.0006354277490133113,0.0005329864327980355,0.0014209918648438354,0.9655506678595358
BXP,BXP,Real Estate,4,-0.0015706649155033169,0.0016701279738456716,-0.0003926662288758292,4.9731529171177446e-05,-0.0008854957002890102,0.000531925646557219,0.0015706649155033169,0.966082593506093
PTC,PTC,Information Technology,7,-0.000263959191468395,0.0016694854461392571,-3.770845592405643e-05,0.00038630638777576023,-0.0004495585311141648,0.000531721005373419,0.000263959191468395,0.9666143145114665
ALK,ALK,Industrials,5,-0.0016555989597270468,0.0016555989597270468,-0.00033111979194540937,-0.0001716263115052315,-0.0007055296783297639,0.0005272982435378606,0.0016555989597270468,0.9671416127550043
HOLX,HOLX,Health Care,3,-0.001654839237947522,0.001654839237947522,-0.0005516130793158406,-3.380829081317606e-05,-0.0012340315383410803,0.0005270562767514192,0.001654839237947522,0.9676686690317557
ICE,ICE,Financials,6,-0.0003692638300260329,0.0016143516172040142,-6.154397167100549e-05,0.0004265108263896346,-0.0006030884624189732,0.0005141612147089796,0.0003692638300260329,0.9681828302464647
SEDG,SEDG,Information Technology,4,-0.001218752889390535,0.0015983431929562613,-0.00030468822234763375,0.00011353111141969137,-0.0010634606568630525,0.0005090626285217543,0.001218752889390535,0.9686918928749865
TER,TER,Information Technology,5,0.00021024309693796545,0.0015737732652110772,4.204861938759309e-05,0.0005172409755789448,-0.0004746135821840943,0.0005012372553130011,0.00021024309693796545,0.9691931301302995
UAA,UAA,Consumer Discretionary,4,-0.001277021008261868,0.00157253673027061,-0.000319255252065467,0.00014775786100437117,-0.0005863092788997164,0.0005008434264220425,0.001277021008261868,0.9696939735567216
MCO,MCO,Financials,7,-0.0002910786855524586,0.001571210479992309,-4.158266936463694e-05,0.0006400658972199252,-0.00033383460246264805,0.0005004210237392364,0.0002910786855524586,0.9701943945804609
VRSK,VRSK,Industrials,6,-0.00036894204310510985,0.0015636511552839618,-6.149034051751831e-05,0.00047286983777255765,-0.0004994120098475833,0.0004980134245935465,0.00036894204310510985,0.9706924080050544
ROST,ROST,Consumer Discretionary,5,-0.0015479863836332008,0.0015479863836332008,-0.0003095972767266402,-7.023174916042154e-05,-0.0007499258870369347,0.0004930242896775462,0.0015479863836332008,0.971185432294732
EOG,EOG,Energy,1,-0.0015252859636460871,0.0015252859636460871,-0.0015252859636460871,-0.0015252859636460871,-0.0015252859636460871,0.00048579434336932294,0.0015252859636460871,0.9716712266381013
SJM,SJM,Consumer Staples,6,-0.0004842970030861063,0.0015120768293183649,-8.071616718101772e-05,0.00045495369564240785,-0.0006552115870084722,0.0004815873140711094,0.0004842970030861063,0.9721528139521725
CAG,CAG,Consumer Staples,3,-0.0002897512969998694,0.0015095825133146076,-9.658376566662313e-05,0.0006099156081573691,-0.000742567855411128,0.00048079288952772455,0.0002897512969998694,0.9726336068417002
HUBB,HUBB,Industrials,5,0.0007435106493665032,0.001507397597602089,0.00014870212987330066,0.00040509606084512215,-0.00038194347411779297,0.00048009700710359014,0.0007435106493665032,0.9731137038488038
CHTR,CHTR,Communication Services,1,-0.0014596099839122164,0.0014596099839122164,-0.0014596099839122164,-0.0014596099839122164,-0.0014596099839122164,0.0004648769415113225,0.0014596099839122164,0.9735785807903151
WEC,WEC,Utilities,3,-0.0014480372440708045,0.0014480372440708045,-0.0004826790813569348,-4.124224465048531e-05,-0.0007959906566928154,0.0004611910939481523,0.0014480372440708045,0.9740397718842633
KEYS,KEYS,Information Technology,5,-0.0007188819298789095,0.0014442117234699024,-0.0001437763859757819,0.00028043998892430627,-0.0005559849923153994,0.0004599726888014094,0.0007188819298789095,0.9744997445730647
ARE,ARE,Real Estate,1,-0.0014375437630357653,0.0014375437630357653,-0.0014375437630357653,-0.0014375437630357653,-0.0014375437630357653,0.0004578489837795845,0.0014375437630357653,0.9749575935568442
AAP,AAP,Consumer Discretionary,4,0.0001739774092979571,0.0013999315729925372,4.349435232448927e-05,0.0003338050752246282,-0.0006129770818472901,0.0004458697290036113,0.0001739774092979571,0.9754034632858478
HD,HD,Consumer Discretionary,3,-0.0013976915083780776,0.0013976915083780776,-0.0004658971694593592,-0.00026954675015837483,-0.0007843840277036743,0.0004451562819881514,0.0013976915083780776,0.975848619567836
MET,MET,Financials,7,-0.0005289422681211988,0.0013853785271540995,-7.556318116017125e-05,0.00026600050288712887,-0.00039045468798726957,0.00044123467202701155,0.0005289422681211988,0.976289854239863
GEN,GEN,Information Technology,4,-0.000604568887188296,0.00138479758788524,-0.000151142221797074,0.0002493620361515014,-0.0006388181199715032,0.0004410496463876367,0.000604568887188296,0.9767309038862506
UA,UA,Consumer Discretionary,4,-0.001239956405307318,0.0013751601855750513,-0.0003099891013268295,6.76018901338667e-05,-0.000576484300915034,0.00043798019210912714,0.001239956405307318,0.9771688840783598
TMO,TMO,Health Care,3,-0.001309266369929386,0.001309266369929386,-0.0004364221233097954,-0.00016398116379619102,-0.0007418931851839682,0.0004169934108322802,0.001309266369929386,0.977585877489192
CDW,CDW,Information Technology,3,-0.0013059282680044034,0.0013059282680044034,-0.0004353094226681345,-0.00029994534047903795,-0.0005529822040408474,0.00041593024558235524,0.0013059282680044034,0.9780018077347744
AEE,AEE,Utilities,3,-0.001292471874689095,0.001292471874689095,-0.0004308239582296983,-0.00012137642573244849,-0.0009978318676159182,0.00041164446579382085,0.001292471874689095,0.9784134522005682
ABNB,ABNB,Consumer Discretionary,4,0.0005314871880406494,0.0012918153742069941,0.00013287179701016236,0.0006159677050044176,-0.0003429515577291244,0.0004114353743655739,0.0005314871880406494,0.9788248875749338
ZTS,ZTS,Health Care,4,-9.268990610664541e-05,0.0012604802352305,-2.3172476526661353e-05,0.00033930542621242736,-0.00042347150436749875,0.0004014553223449781,9.268990610664541e-05,0.9792263428972787
UNP,UNP,Industrials,3,-0.0008844247527881972,0.001248404387868917,-0.0002948082509293991,0.00018198981754035992,-0.0007092824688359274,0.00039760923808309636,0.0008844247527881972,0.9796239521353618
ALXN,ALXN,Health Care,4,-0.00011904316118711839,0.0012434869294693364,-2.9760790296779597e-05,0.0004466295972079494,-0.000414741716105004,0.00039604305735947665,0.00011904316118711839,0.9800199951927213
AAL,AAL,Industrials,3,-0.0012365576266438005,0.0012365576266438005,-0.0004121858755479335,-0.00023460909928895072,-0.0006830094166019637,0.00039383611636849573,0.0012365576266438005,0.9804138313090898
PVH,PVH,Consumer Discretionary,6,-0.0007562939423199683,0.0012326328224801836,-0.00012604899038666138,0.00023816944008010765,-0.000536718555639856,0.00039258609000821914,0.0007562939423199683,0.980806417399098
STE,STE,Health Care,3,-0.0006333683807871527,0.0012008469663714215,-0.00021112279359571757,0.00017562263523032538,-0.0009171076735792871,0.0003824624873102199,0.0006333683807871527,0.9811888798864082
BAC,BAC,Financials,4,-0.0005857930766860829,0.0011895015567376015,-0.00014644826917152072,0.0003018542400257593,-0.0004223262953087956,0.00037884904304161693,0.0005857930766860829,0.9815677289294499
CERN,CERN,Health Care,3,0.0007712076809170584,0.0011603267592716635,0.0002570692269723528,0.0005739588684560865,-0.00019455953917730262,0.00036955704671063456,0.0007712076809170584,0.9819372859761605
OGN,OGN,Health Care,2,-0.001156804450820427,0.001156804450820427,-0.0005784022254102135,-0.00023958743903696982,-0.0009172170117834573,0.000368435212797522,0.001156804450820427,0.982305721188958
L,L,Financials,3,-0.001148494905555152,0.001148494905555152,-0.0003828316351850507,-0.00025582462232376087,-0.00046779453733698903,0.0003657886729472553,0.001148494905555152,0.9826715098619052
CNC,CNC,Health Care,5,-0.000618994277146028,0.0011468541141484078,-0.0001237988554292056,0.0001983447438087194,-0.0006060325899143996,0.00036526609081967843,0.000618994277146028,0.9830367759527249
MSFT,MSFT,Information Technology,5,-0.0007352052621282988,0.0011406878866629206,-0.00014704105242565978,0.00013399548550130185,-0.0007326571954637421,0.00036330218470385895,0.0007352052621282988,0.9834000781374287
APO,APO,Financials,3,-0.001140007331092078,0.001140007331092078,-0.00038000244369735934,-1.768662543048196e-05,-0.0007826516424693737,0.0003630854318755083,0.001140007331092078,0.9837631635693042
CPT,CPT,Real Estate,2,-0.0004016902467863676,0.001136443778018261,-0.0002008451233931838,0.0003673767656159467,-0.0007690670124023143,0.00036195046179985214,0.0004016902467863676,0.984125114031104
DHR,DHR,Health Care,4,0.00012229546257402132,0.0011288333357549042,3.057386564350533e-05,0.00048605366689229005,-0.0004228181700667364,0.00035952658202242346,0.00012229546257402132,0.9844846406131265
BR,BR,Industrials,5,-0.0010991509002815968,0.0011114068930406958,-0.00021983018005631937,6.12799637954939e-06,-0.00045073907008310004,0.00035397636554014794,0.0010991509002815968,0.9848386169786666
XYL,XYL,Industrials,6,-0.000730817300693732,0.0010864489700540144,-0.00012180288344895533,0.00016396811769601102,-0.0005658981508542472,0.00034602741819640237,0.000730817300693732,0.985184644396863
FIS,FIS,Financials,3,-0.001049611756119686,0.0010696990606578098,-0.00034987058537322863,1.0043652269061934e-05,-0.0008115041608148036,0.00034069267347930425,0.001049611756119686,0.9855253370703424
AMT,AMT,Real Estate,1,-0.0010608564232539796,0.0010608564232539796,-0.0010608564232539796,-0.0010608564232539796,-0.0010608564232539796,0.00033787634701093624,0.0010608564232539796,0.9858632134173534
COO,COO,Health Care,3,-0.00032393998207761127,0.0010324141409874974,-0.00010797999402587042,0.00035242230520880904,-0.0006781770615325544,0.0003288176523353871,0.00032393998207761127,0.9861920310696888
FBHS,FBHS,Industrials,3,0.00046096349982453083,0.001024881469639723,0.00015365449994151029,0.0003860215262133397,-0.0002819589849075961,0.0003264185421236458,0.00046096349982453083,0.9865184496118125
AEP,AEP,Utilities,2,-0.0010140128343187164,0.0010140128343187164,-0.0005070064171593582,-0.0004649430172542858,-0.0005490698170644306,0.00032295694758666615,0.0010140128343187164,0.9868414065593991
TYL,TYL,Information Technology,3,-0.0008566327209709034,0.0010137552970765843,-0.00028554424032363446,7.856128805284053e-05,-0.0005756496452200995,0.00032287492353451027,0.0008566327209709034,0.9871642814829337
BLK,BLK,Financials,2,-0.0003278420638836967,0.0010080849937757316,-0.00016392103194184834,0.00034012146494601743,-0.0006679635288297141,0.00032106896626853115,0.0003278420638836967,0.9874853504492022
KSU,KSU,Industrials,4,-0.00099751680447858,0.00099751680447858,-0.000249379201119645,-6.363370836182383e-05,-0.00045990471787638927,0.0003177030619708609,0.00099751680447858,0.987803053511173
STT,STT,Financials,4,0.0008860626899184025,0.0009950377258801486,0.00022151567247960063,0.00036508236964511993,-5.4487517980873e-05,0.00031691349044880537,0.0008860626899184025,0.9881199670016219
DOV,DOV,Industrials,3,-0.00021206355446467786,0.0009772418812965989,-7.068785148822595e-05,0.00038258916341596047,-0.0004049499763005305,0.00031124562170798087,0.00021206355446467786,0.9884312126233299
KO,KO,Consumer Staples,4,0.000161022927035692,0.0009658873961013003,4.0255731758923e-05,0.0003413082534538049,-0.00031750682599451606,0.0003076292869280021,0.000161022927035692,0.9887388419102578
VZ,VZ,Communication Services,1,-0.0009591510007354711,0.0009591510007354711,-0.0009591510007354711,-0.0009591510007354711,-0.0009591510007354711,0.0003054837857948268,0.0009591510007354711,0.9890443256960527
EME,EME,Industrials,3,-0.00038517323959829557,0.0009416288172320427,-0.00012839107986609851,0.00027822778881687356,-0.000552129352573142,0.00029990307645092314,0.00038517323959829557,0.9893442287725036
BIO,BIO,Health Care,2,-0.000363200043971231,0.0009350441545632535,-0.0001816000219856155,0.00028592205529601124,-0.0006491220992672422,0.0002978059012629692,0.000363200043971231,0.9896420346737665
WTW,WTW,Financials,4,0.0007453884050935705,0.0008987980221390957,0.00018634710127339262,0.0006148731597188943,-7.670480852276256e-05,0.00028626172756679214,0.0007453884050935705,0.9899282964013333
FRC,FRC,Financials,3,-0.0001867231084775045,0.0008917062289569945,-6.224103615916816e-05,0.000352491560239745,-0.00032055696360598943,0.0002840030343811717,0.0001867231084775045,0.9902122994357144
ABT,ABT,Health Care,7,-1.0947923170827247e-05,0.0008654583455650332,-1.5639890244038924e-06,0.00019113915143995883,-0.0002083067249835476,0.00027564324245943144,1.0947923170827247e-05,0.9904879426781739
ZBH,ZBH,Health Care,2,-0.000861493284133252,0.000861493284133252,-0.000430746642066626,-3.71830167748603e-05,-0.0008243102673583917,0.00027438039440301406,0.000861493284133252,0.9907623230725768
SNA,SNA,Industrials,5,0.00017298745917624167,0.000854739197707161,3.459749183524833e-05,0.0003709691510395534,-0.0002576267649254064,0.00027222925877426983,0.00017298745917624167,0.9910345523313511
WSM,WSM,Consumer Discretionary,1,-0.000851877904008539,0.000851877904008539,-0.000851877904008539,-0.000851877904008539,-0.000851877904008539,0.00027131795405722773,0.000851877904008539,0.9913058702854083
HRL,HRL,Consumer Staples,1,-0.0008373393751256561,0.0008373393751256561,-0.0008373393751256561,-0.0008373393751256561,-0.0008373393751256561,0.0002666875206430677,0.0008373393751256561,0.9915725578060514
D,D,Utilities,1,-0.0008269718117261849,0.0008269718117261849,-0.0008269718117261849,-0.0008269718117261849,-0.0008269718117261849,0.0002633855144789603,0.0008269718117261849,0.9918359433205303
IPGP,IPGP,Information Technology,2,-0.0008253764156165464,0.0008253764156165464,-0.0004126882078082732,-0.00023987908353259843,-0.000585497332083948,0.0002628773904786298,0.0008253764156165464,0.9920988207110089
XRAY,XRAY,Health Care,2,-0.0007942970176530552,0.0007942970176530552,-0.0003971485088265276,-0.00016543331046256303,-0.0006288637071904922,0.000252978790422089,0.0007942970176530552,0.9923517995014309
IEX,IEX,Industrials,2,-0.0003756809971854104,0.0007934948344602627,-0.0001878404985927052,0.0002089069186374261,-0.0005845879158228365,0.000252723299932638,0.0003756809971854104,0.9926045228013636
INFO,INFO,Industrials,2,-0.0007863837377266292,0.0007863837377266292,-0.0003931918688633146,-0.000380377181711295,-0.00040600655601533424,0.00025045845868274327,0.0007863837377266292,0.9928549812600463
SPGI,SPGI,Financials,3,-0.0006956897328989442,0.0007844018658955249,-0.0002318965776329814,4.435606649829034e-05,-0.0004153693369948277,0.00024982724450534923,0.0006956897328989442,0.9931048085045517
CINF,CINF,Financials,3,-0.0004633481394730474,0.0007829951829177782,-0.00015444937982434914,0.00015982352172236541,-0.0005470091259274088,0.0002493792244948132,0.0004633481394730474,0.9933541877290466
ES,ES,Utilities,1,0.0007748506085955516,0.0007748506085955516,0.0007748506085955516,0.0007748506085955516,0.0007748506085955516,0.00024678522689096003,0.0007748506085955516,0.9936009729559375
NWL,NWL,Consumer Discretionary,1,0.0007661334725215671,0.0007661334725215671,0.0007661334725215671,0.0007661334725215671,0.0007661334725215671,0.00024400887183620068,0.0007661334725215671,0.9938449818277737
FRT,FRT,Real Estate,2,0.00023880580400219092,0.0007477499427499389,0.00011940290200109546,0.0004932778733760649,-0.000254472069373874,0.00023815382892157863,0.00023880580400219092,0.9940831356566953
LUV,LUV,Industrials,1,0.0007429819099478638,0.0007429819099478638,0.0007429819099478638,0.0007429819099478638,0.0007429819099478638,0.00023663523934594875,0.0007429819099478638,0.9943197708960412
ACN,ACN,Information Technology,2,-0.00014589120906128824,0.0007107051419124754,-7.294560453064412e-05,0.0002824069664255936,-0.00042829817548688183,0.00022635528417193416,0.00014589120906128824,0.9945461261802131
XLNX,XLNX,Information Technology,3,-3.562053929968243e-05,0.0006988462231951409,-1.1873513099894142e-05,0.0002692085994192681,-0.0003672333812474117,0.00022257829036967925,3.562053929968243e-05,0.9947687044705827
BWA,BWA,Consumer Discretionary,2,-0.0006820820816448621,0.0006820820816448621,-0.00034104104082243104,-0.0003030366318355582,-0.0003790454498093039,0.00021723901279768835,0.0006820820816448621,0.9949859434833804
LNC,LNC,Financials,5,-0.0003334814458727405,0.0006276860250414151,-6.669628917454809e-05,0.00011200855469547915,-0.00030545595298091136,0.0001999141981534991,0.0003334814458727405,0.9951858576815339
EXPD,EXPD,Industrials,1,-0.0005563166178802482,0.0005563166178802482,-0.0005563166178802482,-0.0005563166178802482,-0.0005563166178802482,0.00017718347413527057,0.0005563166178802482,0.9953630411556692
TDY,TDY,Information Technology,2,0.0003444625598047163,0.0005558280050410676,0.00017223127990235814,0.0004501452824228919,-0.00010568272261817567,0.00017702785390468498,0.0003444625598047163,0.9955400690095739
AMCR,AMCR,Materials,1,-0.0005530029465528174,0.0005530029465528174,-0.0005530029465528174,-0.0005530029465528174,-0.0005530029465528174,0.00017612808988273147,0.0005530029465528174,0.9957161970994567
UNM,UNM,Financials,2,-0.0005453823080205579,0.0005453823080205579,-0.00027269115401027896,-0.00014650154610746974,-0.00039888076191308823,0.0001737009626553987,0.0005453823080205579,0.995889898062112
KMB,KMB,Consumer Staples,1,0.0005423382244818306,0.0005423382244818306,0.0005423382244818306,0.0005423382244818306,0.0005423382244818306,0.00017273144048112886,0.0005423382244818306,0.9960626295025932
NTRS,NTRS,Financials,5,0.00022873947265954534,0.0005393187163673418,4.574789453190907e-05,0.00023267189949209262,-7.79756896929145e-05,0.0001717697454306676,0.00022873947265954534,0.9962343992480238
MAS,MAS,Industrials,1,-0.0005330820245600744,0.0005330820245600744,-0.0005330820245600744,-0.0005330820245600744,-0.0005330820245600744,0.00016978339685504322,0.0005330820245600744,0.9964041826448788
PRU,PRU,Financials,4,-0.0003585691148539067,0.0005099037481576584,-8.964227871347668e-05,7.56673166518758e-05,-0.00019800475539620297,0.00016240125617210635,0.0003585691148539067,0.9965665839010509
KMX,KMX,Consumer Discretionary,1,-0.0005015485986461021,0.0005015485986461021,-0.0005015485986461021,-0.0005015485986461021,-0.0005015485986461021,0.000159740191645546,0.0005015485986461021,0.9967263240926965
TROW,TROW,Financials,2,-0.000196855281975946,0.0004983663315136502,-9.8427640987973e-05,0.00015075552476885207,-0.00034761080674479807,0.0001587266588334169,0.000196855281975946,0.9968850507515299
NKE,NKE,Consumer Discretionary,1,-0.0004656911799283422,0.0004656911799283422,-0.0004656911799283422,-0.0004656911799283422,-0.0004656911799283422,0.00014831982091108165,0.0004656911799283422,0.997033370572441
PNC,PNC,Financials,2,0.000377121210372596,0.00046558481910027806,0.000188560605186298,0.000421353014736437,-4.423180436384106e-05,0.0001482859456313891,0.000377121210372596,0.9971816565180724
GEHC,GEHC,Health Care,1,-0.00045804402295721654,0.00045804402295721654,-0.00045804402295721654,-0.00045804402295721654,-0.00045804402295721654,0.00014588424772154688,0.00045804402295721654,0.997327540765794
QRVO,QRVO,Information Technology,3,2.8281068993979267e-05,0.00045564811048274975,9.427022997993089e-06,0.00017336283218944513,-0.00021368352074438524,0.00014512116410637894,2.8281068993979267e-05,0.9974726619299004
CTXS,CTXS,Information Technology,1,0.0004341411717476567,0.0004341411717476567,0.0004341411717476567,0.0004341411717476567,0.0004341411717476567,0.00013827133435004676,0.0004341411717476567,0.9976109332642504
YUM,YUM,Consumer Discretionary,2,-0.00016472886403479242,0.0004226233411473145,-8.236443201739621e-05,0.00012894723855626106,-0.0002936761025910535,0.0001346029750476657,0.00016472886403479242,0.9977455362392981
LNT,LNT,Utilities,1,-0.000414075454277977,0.000414075454277977,-0.000414075454277977,-0.000414075454277977,-0.000414075454277977,0.00013188052483973305,0.000414075454277977,0.9978774167641378
ITW,ITW,Industrials,1,-0.000413457033875995,0.000413457033875995,-0.000413457033875995,-0.000413457033875995,-0.000413457033875995,0.00013168356168641792,0.000413457033875995,0.9980091003258242
BEN,BEN,Financials,2,-0.0003919554737336253,0.0003919554737336253,-0.00019597773686681264,-2.516991620925376e-05,-0.0003667855575243715,0.00012483544497929916,0.0003919554737336253,0.9981339357708036
JNJ,JNJ,Health Care,2,0.0003823492397762952,0.0003823492397762952,0.0001911746198881476,0.00027479185278375136,0.00010755738699254385,0.00012177591763244156,0.0003823492397762952,0.998255711688436
PPG,PPG,Materials,1,0.000375983499890214,0.000375983499890214,0.000375983499890214,0.000375983499890214,0.000375983499890214,0.00011974846802513877,0.000375983499890214,0.9983754601564611
ADSK,ADSK,Information Technology,1,-0.00036447931694114,0.00036447931694114,-0.00036447931694114,-0.00036447931694114,-0.00036447931694114,0.00011608445541704615,0.00036447931694114,0.9984915446118781
SOLV,SOLV,Health Care,2,-0.00035794767476407,0.00035794767476407,-0.000178973837382035,-0.00014039570800499892,-0.0002175519667590711,0.00011400416693465023,0.00035794767476407,0.9986055487788127
TFC,TFC,Financials,2,-0.0003510876203965641,0.0003510876203965641,-0.00017554381019828206,-6.844644784916148e-05,-0.00028264117254740267,0.00011181928115823223,0.0003510876203965641,0.9987173680599709
BDX,BDX,Health Care,1,-0.0003274798316296017,0.0003274798316296017,-0.0003274798316296017,-0.0003274798316296017,-0.0003274798316296017,0.00010430034338801011,0.0003274798316296017,0.998821668403359
CSCO,CSCO,Information Technology,4,-1.2214751916225276e-05,0.00032380519304895706,-3.053687979056319e-06,8.970561817741079e-05,-0.00016800997248259117,0.00010312999325108455,1.2214751916225276e-05,0.9989247983966101
AVB,AVB,Real Estate,2,-0.0001907433027082202,0.000314100540787687,-9.53716513541101e-05,6.167861903973339e-05,-0.0002524219217479536,0.00010003912027037363,0.0001907433027082202,0.9990248375168804
VAR,VAR,Health Care,1,-0.00031150367166210726,0.00031150367166210726,-0.00031150367166210726,-0.00031150367166210726,-0.00031150367166210726,9.921203317867743e-05,0.00031150367166210726,0.9991240495500591
OTIS,OTIS,Industrials,1,-0.0003057591231328338,0.0003057591231328338,-0.0003057591231328338,-0.0003057591231328338,-0.0003057591231328338,9.738242925702283e-05,0.0003057591231328338,0.9992214319793161
PEP,PEP,Consumer Staples,2,4.996008285924739e-06,0.0002968076206600662,2.4980041429623697e-06,0.00015090181447299547,-0.00014590580618707073,9.453142992340802e-05,4.996008285924739e-06,0.9993159634092396
AKAM,AKAM,Information Technology,1,-0.00028085032432284497,0.00028085032432284497,-0.00028085032432284497,-0.00028085032432284497,-0.00028085032432284497,8.944912766609256e-05,0.00028085032432284497,0.9994054125369056
EMR,EMR,Industrials,2,-0.0002775638566888603,0.0002775638566888603,-0.00013878192834443015,-5.460115353532477e-05,-0.00022296270315353553,8.840240762518976e-05,0.0002775638566888603,0.9994938149445308
AME,AME,Industrials,1,-0.00026265314006313265,0.00026265314006313265,-0.00026265314006313265,-0.00026265314006313265,-0.00026265314006313265,8.365343466863921e-05,0.00026265314006313265,0.9995774683791995
LII,LII,Industrials,1,0.00023028534293980142,0.00023028534293980142,0.00023028534293980142,0.00023028534293980142,0.00023028534293980142,7.33444872813225e-05,0.00023028534293980142,0.9996508128664808
DOC,DOC,Real Estate,1,0.00022546416560951762,0.00022546416560951762,0.00022546416560951762,0.00022546416560951762,0.00022546416560951762,7.180897149526383e-05,0.00022546416560951762,0.9997226218379761
GPN,GPN,Information Technology,1,0.00020696241448845635,0.00020696241448845635,0.00020696241448845635,0.00020696241448845635,0.00020696241448845635,6.591627579671213e-05,0.00020696241448845635,0.9997885381137728
ANSS,ANSS,Information Technology,1,-0.00018704041858402616,0.00018704041858402616,-0.00018704041858402616,-0.00018704041858402616,-0.00018704041858402616,5.9571240734654355e-05,0.00018704041858402616,0.9998481093545074
J,J,Industrials,1,-0.0001678089658867308,0.0001678089658867308,-0.0001678089658867308,-0.0001678089658867308,-0.0001678089658867308,5.344613950262823e-05,0.0001678089658867308,0.99990155549401
PPL,PPL,Utilities,1,-0.00011981360803586341,0.00011981360803586341,-0.00011981360803586341,-0.00011981360803586341,-0.00011981360803586341,3.815990865303537e-05,0.00011981360803586341,0.9999397154026631
INVH,INVH,Real Estate,1,-5.808624926589739e-05,5.808624926589739e-05,-5.808624926589739e-05,-5.808624926589739e-05,-5.808624926589739e-05,1.8500118661985452e-05,5.808624926589739e-05,0.9999582155213251
SWKS,SWKS,Information Technology,1,4.486132339892417e-05,4.486132339892417e-05,4.486132339892417e-05,4.486132339892417e-05,4.486132339892417e-05,1.4288059854142827e-05,4.486132339892417e-05,0.9999725035811793
CTSH,CTSH,Information Technology,1,3.773994098071062e-05,3.773994098071062e-05,3.773994098071062e-05,3.773994098071062e-05,3.773994098071062e-05,1.2019942675992087e-05,3.773994098071062e-05,0.9999845235238553
XEL,XEL,Utilities,1,3.441730418890048e-05,3.441730418890048e-05,3.441730418890048e-05,3.441730418890048e-05,3.441730418890048e-05,1.0961702977336678e-05,3.441730418890048e-05,0.9999954852268326
DAY,CDAY,Industrials,1,1.2333328345304754e-05,1.2333328345304754e-05,1.2333328345304754e-05,1.2333328345304754e-05,1.2333328345304754e-05,3.9280903960745965e-06,1.2333328345304754e-05,0.9999994133172286
ALLE,ALLE,Industrials,1,1.8420531406356366e-06,1.8420531406356366e-06,1.8420531406356366e-06,1.8420531406356366e-06,1.8420531406356366e-06,5.866827711227288e-07,1.8420531406356366e-06,0.9999999999999998
