security_key,project_ticker,gics_sectors_seen,winner_return_months,cumulative_signed_commonality_contribution,cumulative_absolute_commonality_contribution,mean_signed_commonality_contribution,max_positive_month_contribution,max_negative_month_contribution,share_of_total_absolute_commonality_contribution,absolute_signed_contribution,cumulative_share_of_total_absolute_commonality_contribution,winner_months,eligible_months,winner_share_of_eligible_months,max_consecutive_winner_streak,winner_sector_count,latest_winner_sector,research_priority_rank,research_priority_band
NUE,NUE,Materials,26,0.0174662778484686,0.0424673236588425,0.0006717799172487,0.0054585786053993,-0.0028916994623792,0.0135255854332943,0.0174662778484686,0.0135255854332943,27,60,0.45,15,1,Materials,1,TIER_1_TOP_10
CEG,CEG,Utilities,31,0.0110947998099011,0.041491692327549,0.0003578967680613,0.0053880062156282,-0.0029448188267879,0.01321485276201,0.0110947998099011,0.0267404381953044,32,36,0.8888888888888888,26,1,Utilities,2,TIER_1_TOP_10
NFLX,NFLX,Communication Services,29,0.008338689548952,0.0402338833149093,0.0002875410189293,0.0047502790892312,-0.0028771284119383,0.0128142482078852,0.008338689548952,0.0395546864031896,29,60,0.4833333333333333,13,1,Communication Services,3,TIER_1_TOP_10
META,META,Communication Services,23,0.0072014123889607,0.0388989706398475,0.0003131048864765,0.0057985601240053,-0.0056106595284004,0.0123890866041641,0.0072014123889607,0.0519437730073537,23,60,0.3833333333333333,21,1,Communication Services,4,TIER_1_TOP_10
NRG,NRG,Utilities,33,0.0017322129076359,0.0369368138191272,5.249130023139292e-05,0.0024803744155317,-0.0040698565861551,0.0117641515381972,0.0017322129076359,0.063707924545551,34,60,0.5666666666666667,17,1,Utilities,5,TIER_1_TOP_10
MOS,MOS,Materials,26,-0.009689025423148,0.0337587321823507,-0.0003726548239672,0.0038651115437214,-0.0034490101742937,0.0107519517810964,0.009689025423148,0.0744598763266475,26,60,0.4333333333333333,11,1,Materials,6,TIER_1_TOP_10
ALB,ALB,Materials,20,-0.0031706194681544,0.0333493577140271,-0.0001585309734077,0.0037188741213544,-0.0037225024550464,0.0106215684918173,0.0031706194681544,0.0850814448184648,21,60,0.35,12,1,Materials,7,TIER_1_TOP_10
VST,VST,Utilities,17,0.004852032326114,0.0310900832026358,0.000285413666242,0.0050226399022083,-0.0035471286085702,0.0099020032405061,0.004852032326114,0.0949834480589709,18,20,0.9,12,1,Utilities,8,TIER_1_TOP_10
DVN,DVN,Energy,22,0.0119101494288828,0.0296701262351055,0.0005413704285855,0.0031520119355943,-0.0032688193520889,0.0094497555446018,0.0119101494288828,0.1044332036035728,22,60,0.3666666666666666,22,1,Energy,9,TIER_1_TOP_10
IRM,IRM,Real Estate,42,0.0097053109214188,0.0282546023362004,0.0002310788314623,0.0021555774525203,-0.0016633657969019,0.0089989197542112,0.0097053109214188,0.113432123357784,42,60,0.7,30,1,Real Estate,10,TIER_1_TOP_10
TSLA,TSLA,Consumer Discretionary,31,-0.0035588271424599,0.0274209786968776,-0.0001148008755632,0.0029636915197989,-0.0023622891730573,0.0087334156729214,0.0035588271424599,0.1221655390307054,31,60,0.5166666666666667,9,1,Consumer Discretionary,11,TIER_2_TOP_30
MPC,MPC,Energy,23,0.0016613793674659,0.0272880435300458,7.223388554199608e-05,0.0030255775121637,-0.0033074357549724,0.0086910766272467,0.0016613793674659,0.1308566156579522,24,60,0.4,20,1,Energy,12,TIER_2_TOP_30
FCX,FCX,Materials,19,0.0002656246953676,0.0268067297193315,1.3980247124615776e-05,0.0047929572653245,-0.0024521788602734,0.0085377810930299,0.0002656246953676,0.1393943967509822,19,60,0.3166666666666666,13,1,Materials,13,TIER_2_TOP_30
CF,CF,Materials,19,0.00784967462054,0.0255353459838431,0.0004131407695021,0.0038331315617989,-0.0026404858421734,0.0081328530718767,0.00784967462054,0.1475272498228589,19,60,0.3166666666666666,16,1,Materials,14,TIER_2_TOP_30
TRGP,TRGP,Energy,19,0.0145362096758291,0.0244356876592994,0.0007650636671489,0.0027298590609863,-0.002693711430974,0.0077826185542618,0.0145362096758291,0.1553098683771208,19,39,0.4871794871794871,15,1,Energy,15,TIER_2_TOP_30
LYV,LYV,Communication Services,20,0.0008953760088348,0.0241286130311546,4.476880044174281e-05,0.0022006227225105,-0.0019498854452159,0.0076848171446243,0.0008953760088348,0.1629946855217451,20,60,0.3333333333333333,13,1,Communication Services,16,TIER_2_TOP_30
LLY,LLY,Health Care,43,0.010347578930387,0.024071682486316,0.0002406413704741,0.0018998598451718,-0.0011856300788292,0.0076666851108242,0.010347578930387,0.1706613706325694,44,60,0.7333333333333333,35,1,Health Care,17,TIER_2_TOP_30
COST,COST,Consumer Staples,30,0.0021149021509948,0.0230193333797526,7.049673836649564e-05,0.0015266224646357,-0.0016629219493311,0.007331518292665,0.0021149021509948,0.1779928889252345,30,60,0.5,20,1,Consumer Staples,18,TIER_2_TOP_30
TPL,TPL,Energy,8,-0.0084743003614506,0.022962493586363,-0.0010592875451813,0.0028995547822978,-0.0048292415852341,0.0073134151626519,0.0084743003614506,0.1853063040878865,8,14,0.5714285714285714,8,1,Energy,19,TIER_2_TOP_30
NVDA,NVDA,Information Technology,39,0.0094803923863025,0.0226133370348195,0.0002430869842641,0.0021280774409268,-0.0013534708031201,0.0072022109152302,0.0094803923863025,0.1925085150031167,39,60,0.65,24,1,Information Technology,20,TIER_2_TOP_30
WMB,WMB,Energy,17,0.001122612434529,0.0215339960790621,6.603602556053133e-05,0.0030497413480983,-0.003892416722291,0.0068584473565462,0.001122612434529,0.1993669623596629,17,60,0.2833333333333333,14,1,Energy,21,TIER_2_TOP_30
SPG,SPG,Real Estate,37,0.0074424992117064,0.0206565861665531,0.0002011486273434,0.0011316425069245,-0.0011263479435989,0.0065789976123853,0.0074424992117064,0.2059459599720483,38,60,0.6333333333333333,13,1,Real Estate,22,TIER_2_TOP_30
RCL,RCL,Consumer Discretionary,30,0.0074447244380369,0.0204473971793251,0.0002481574812678,0.0016740355324835,-0.0010219262906412,0.0065123721866536,0.0074447244380369,0.212458332158702,30,60,0.5,29,1,Consumer Discretionary,23,TIER_2_TOP_30
WBD,WBD,Communication Services,3,0.0200235551921149,0.0200235551921149,0.0066745183973716,0.0141081243351735,0.001772118167929,0.0063773810802142,0.0200235551921149,0.2188357132389162,4,45,0.0888888888888888,3,1,Communication Services,24,TIER_2_TOP_30
ADM,ADM,Consumer Staples,23,0.0016796651744564,0.0195714903718544,7.302892062854264e-05,0.001993138445866,-0.0019643992564252,0.0062334011723457,0.0016796651744564,0.2250691144112619,24,60,0.4,15,1,Consumer Staples,25,TIER_2_TOP_30
NEM,NEM,Materials,11,0.0125682068344188,0.0193901650421259,0.0011425642576744,0.0030652601239068,-0.0023401874710045,0.006175650152805,0.0125682068344188,0.231244764564067,12,60,0.2,11,1,Materials,26,TIER_2_TOP_30
ANET,ANET,Information Technology,39,0.0072360127537311,0.0192221441394312,0.0001855387885572,0.0019037406364903,-0.0010631116893586,0.0061221365127124,0.0072360127537311,0.2373669010767794,39,60,0.65,18,1,Information Technology,27,TIER_2_TOP_30
WMT,WMT,Consumer Staples,32,0.0070376995954322,0.0189204818683782,0.0002199281123572,0.0014529493628974,-0.0015059788470786,0.0060260589060352,0.0070376995954322,0.2433929599828146,32,60,0.5333333333333333,30,1,Consumer Staples,28,TIER_2_TOP_30
CBRE,CBRE,Real Estate,29,0.0057081374929832,0.0187882780495421,0.0001968323273442,0.0016802324038972,-0.0013438376434834,0.0059839527902686,0.0057081374929832,0.2493769127730833,30,60,0.5,17,1,Real Estate,29,TIER_2_TOP_30
WELL,WELL,Real Estate,26,0.0089927486201842,0.0183978955702928,0.0003458749469301,0.0021297774970198,-0.0015282438439935,0.0058596183345076,0.0089927486201842,0.255236531107591,27,60,0.45,14,1,Real Estate,30,TIER_2_TOP_30
EQT,EQT,Energy,12,-0.0087230943031682,0.017969472984561,-0.000726924525264,0.0020689352385884,-0.0034163548402791,0.0057231683351759,0.0087230943031682,0.2609596994427669,13,39,0.3333333333333333,7,1,Energy,31,TIER_3_REMAINDER
KR,KR,Consumer Staples,24,0.0018655938587515,0.0179155064145816,7.773307744798296e-05,0.0031342493970603,-0.0013721647121396,0.0057059803094208,0.0018655938587515,0.2666656797521878,24,60,0.4,11,1,Consumer Staples,32,TIER_3_REMAINDER
IPG,IPG,Communication Services,21,4.499641895112352e-05,0.0177296229969178,2.142686616720168e-06,0.0017167669381948,-0.0031006924438045,0.0056467775664733,4.499641895112352e-05,0.2723124573186611,21,58,0.3620689655172414,14,1,Communication Services,33,TIER_3_REMAINDER
TWTR,TWTR,Communication Services,7,0.0070165901747571,0.0175872702634634,0.0010023700249653,0.0079410703599128,-0.0030453846760412,0.0056014390828554,0.0070165901747571,0.2779138964015166,7,21,0.3333333333333333,6,1,Communication Services,34,TIER_3_REMAINDER
OXY,OXY,Energy,15,0.0002658989022011,0.0175319778177836,1.7726593480074935e-05,0.0033813785606675,-0.0022052881729016,0.0055838287737183,0.0002658989022011,0.2834977251752349,15,60,0.25,10,1,Energy,35,TIER_3_REMAINDER
CTVA,CTVA,Materials,21,0.002148111419785,0.0175005122500991,0.0001022910199897,0.0020411372848401,-0.0015987773357621,0.005573807180944,0.002148111419785,0.2890715323561789,21,60,0.35,10,1,Materials,36,TIER_3_REMAINDER
AES,AES,Utilities,17,-0.0082370298079517,0.0171380317984491,-0.0004845311651736,0.0022456368039405,-0.0021921445770278,0.0054583593520184,0.0082370298079517,0.2945298917081974,17,60,0.2833333333333333,11,1,Utilities,37,TIER_3_REMAINDER
MRO,MRO,Energy,19,0.0076019058094452,0.0170962446888935,0.0004001003057602,0.0019412364880926,-0.0017807349743313,0.0054450504106582,0.0076019058094452,0.2999749421188556,19,46,0.4130434782608695,17,1,Energy,38,TIER_3_REMAINDER
OMC,OMC,Communication Services,15,0.0003586445253503,0.0163370621188792,2.3909635023359517e-05,0.0020756641611768,-0.0030532995786028,0.0052032553591808,0.0003586445253503,0.3051781974780364,15,60,0.25,13,1,Communication Services,39,TIER_3_REMAINDER
TPR,TPR,Consumer Discretionary,22,0.0085243929682891,0.0163055352400669,0.0003874724076495,0.0021499437970167,-0.000938033218529,0.0051932142391835,0.0085243929682891,0.31037141171722,23,60,0.3833333333333333,15,1,Consumer Discretionary,40,TIER_3_REMAINDER
ENPH,ENPH,Information Technology,21,-0.0011168492540375,0.0159722183490778,-5.3183297811311137e-05,0.0030002189137744,-0.0019183644600267,0.0050870548277346,0.0011168492540375,0.3154584665449546,21,56,0.375,9,1,Information Technology,41,TIER_3_REMAINDER
PWR,PWR,Industrials,46,0.0050339995649217,0.0157458735655528,0.0001094347731504,0.0010822917164534,-0.0008033160613145,0.0050149653847657,0.0050339995649217,0.3204734319297203,47,60,0.7833333333333333,17,1,Industrials,42,TIER_3_REMAINDER
STLD,STLD,Materials,13,0.0002718265878126,0.0155751739378173,2.0909737524053672e-05,0.002135456628981,-0.0022409508209718,0.004960598586968,0.0002718265878126,0.3254340305166884,14,37,0.3783783783783784,10,1,Materials,43,TIER_3_REMAINDER
AVGO,AVGO,Information Technology,35,0.0064412001420737,0.01554202747573,0.0001840342897735,0.0032609329954336,-0.0010861010732429,0.0049500416395047,0.0064412001420737,0.3303840721561931,36,60,0.6,11,1,Information Technology,44,TIER_3_REMAINDER
PM,PM,Consumer Staples,22,0.0023695349181375,0.0155319016504394,0.0001077061326426,0.0021101484180257,-0.0014488737725179,0.0049468166254645,0.0023695349181375,0.3353308887816577,23,60,0.3833333333333333,17,1,Consumer Staples,45,TIER_3_REMAINDER
AXON,AXON,Industrials,25,0.0043696332398101,0.0150812513137944,0.0001747853295924,0.0027277517593743,-0.0015975759166551,0.0048032872220624,0.0043696332398101,0.3401341760037201,25,32,0.78125,18,1,Industrials,46,TIER_3_REMAINDER
PSKY,PSKY,Communication Services,6,-0.0093505046092595,0.0148576608535926,-0.0015584174348765,0.0011709833315629,-0.0057517773078701,0.0047320750143937,0.0093505046092595,0.3448662510181138,7,60,0.1166666666666666,4,1,Communication Services,47,TIER_3_REMAINDER
FANG,FANG,Energy,16,-0.0035178643920051,0.0146197633922534,-0.0002198665245003,0.0026459337340525,-0.0026498745077948,0.0046563061134958,0.0035178643920051,0.3495225571316097,16,60,0.2666666666666666,7,1,Energy,48,TIER_3_REMAINDER
EL,EL,Consumer Staples,14,0.0027803316302679,0.0144710614054891,0.0001985951164477,0.0031075803591956,-0.0023199402755561,0.0046089454311453,0.0027803316302679,0.354131502562755,15,60,0.25,11,1,Consumer Staples,49,TIER_3_REMAINDER
HWM,HWM,Industrials,41,0.0059237718039595,0.0142209111139215,0.0001444822391209,0.0015918755363631,-0.0007275184544096,0.0045292740780141,0.0059237718039595,0.3586607766407692,42,60,0.7,22,1,Industrials,50,TIER_3_REMAINDER
T,T,Communication Services,16,-0.003522699048347,0.0142124506175257,-0.0002201686905216,0.0025373020084999,-0.0028314643954309,0.0045265794611428,0.003522699048347,0.363187356101912,16,60,0.2666666666666666,10,1,Communication Services,51,TIER_3_REMAINDER
PLTR,PLTR,Information Technology,15,0.0114953507257084,0.0141115440454094,0.0007663567150472,0.0039332510115816,-0.0007804449945012,0.0044944413289425,0.0114953507257084,0.3676817974308545,16,16,1.0,16,1,Information Technology,52,TIER_3_REMAINDER
KMI,KMI,Energy,12,0.0034762090982244,0.0139767383820586,0.0002896840915187,0.0024897395901123,-0.0017627510625785,0.0044515065414529,0.0034762090982244,0.3721333039723075,12,60,0.2,9,1,Energy,53,TIER_3_REMAINDER
MO,MO,Consumer Staples,20,-0.0016364663591767,0.0136423353365173,-8.182331795883724e-05,0.0012198229935727,-0.002982307214853,0.0043450011963561,0.0016364663591767,0.3764783051686637,20,60,0.3333333333333333,12,1,Consumer Staples,54,TIER_3_REMAINDER
RL,RL,Consumer Discretionary,21,0.005582584059247,0.0135749586707239,0.0002658373361546,0.0015247612552707,-0.000949110479139,0.0043235421362863,0.005582584059247,0.3808018473049501,22,60,0.3666666666666666,7,1,Consumer Discretionary,55,TIER_3_REMAINDER
TMUS,TMUS,Communication Services,15,-0.0037884511041442,0.0135234956653274,-0.0002525634069429,0.0016618550141565,-0.0024861260888148,0.0043071514806911,0.0037884511041442,0.3851089987856412,15,60,0.25,9,1,Communication Services,56,TIER_3_REMAINDER
DLR,DLR,Real Estate,18,-0.0053703452514163,0.0133420902886322,-0.0002983525139675,0.001128061767719,-0.00173524519627,0.0042493749666762,0.0053703452514163,0.3893583737523174,18,60,0.3,11,1,Real Estate,57,TIER_3_REMAINDER
CCL,CCL,Consumer Discretionary,17,-0.0059921984066182,0.0132077796404487,-0.0003524822592128,0.0018941672738622,-0.0013921464596898,0.00420659783852,0.0059921984066182,0.3935649715908375,17,60,0.2833333333333333,10,1,Consumer Discretionary,58,TIER_3_REMAINDER
GOOG,GOOG,Communication Services,16,-0.0027922565604685,0.0128408606609151,-0.0001745160350292,0.0018337069316425,-0.0021716138298193,0.0040897363653401,0.0027922565604685,0.3976547079561776,17,60,0.2833333333333333,6,1,Communication Services,59,TIER_3_REMAINDER
VTR,VTR,Real Estate,19,0.0047218216573718,0.0126788954215834,0.0002485169293353,0.0017864325091764,-0.0015915741334676,0.0040381514173598,0.0047218216573718,0.4016928593735374,20,60,0.3333333333333333,14,1,Real Estate,60,TIER_3_REMAINDER
MCK,MCK,Health Care,34,0.0037578825576707,0.0125688785556388,0.0001105259575785,0.0010374200155762,-0.0008739671652486,0.0040031117117406,0.0037578825576707,0.405695971085278,35,60,0.5833333333333334,14,1,Health Care,61,TIER_3_REMAINDER
CAH,CAH,Health Care,31,0.00480637205151,0.0124942250421903,0.0001550442597261,0.0014609212321078,-0.0010133134552253,0.0039793350197561,0.00480637205151,0.4096753061050342,32,60,0.5333333333333333,21,1,Health Care,62,TIER_3_REMAINDER
FICO,FICO,Information Technology,26,0.0041621958819983,0.0123869345212083,0.0001600844569999,0.0010820316032526,-0.0015240686349736,0.0039451636384988,0.0041621958819983,0.413620469743533,26,34,0.7647058823529411,14,1,Information Technology,63,TIER_3_REMAINDER
DVA,DVA,Health Care,18,0.0040698894682132,0.0122495197285409,0.0002261049704562,0.0017669685769586,-0.0009950274484443,0.0039013978591209,0.0040698894682132,0.417521867602654,18,60,0.3,17,1,Health Care,64,TIER_3_REMAINDER
GOOGL,GOOGL,Communication Services,14,-0.0023317811016134,0.012074112551477,-0.0001665557929723,0.001741058669282,-0.002222907476707,0.0038455317353677,0.0023317811016134,0.4213673993380218,15,60,0.25,7,1,Communication Services,65,TIER_3_REMAINDER
DLTR,DLTR,Consumer Discretionary | Consumer Staples,16,0.002859117101669,0.0120002893092792,0.0001786948188543,0.0015150369529079,-0.0015475340010655,0.003822019479749,0.002859117101669,0.4251894188177709,17,60,0.2833333333333333,12,2,Consumer Staples,66,TIER_3_REMAINDER
HST,HST,Real Estate,14,-0.0048694067818488,0.0119818518558537,-0.000347814770132,0.0013428245123568,-0.0017549217674968,0.0038161472624772,0.0048694067818488,0.4290055660802481,14,60,0.2333333333333333,5,1,Real Estate,67,TIER_3_REMAINDER
PHM,PHM,Consumer Discretionary,21,0.0043204211299536,0.0119097825642078,0.0002057343395216,0.0016749536241045,-0.0013902948825717,0.0037931936294886,0.0043204211299536,0.4327987597097367,21,60,0.35,21,1,Consumer Discretionary,68,TIER_3_REMAINDER
EXR,EXR,Real Estate,15,-0.000648019948639,0.0117892691578311,-4.320132990927274e-05,0.0014782213085999,-0.0023892837690308,0.0037548108393015,0.000648019948639,0.4365535705490382,15,60,0.25,7,1,Real Estate,69,TIER_3_REMAINDER
MNST,MNST,Consumer Staples,21,0.0027192196407686,0.0112710672025672,0.0001294866495604,0.0012327434308477,-0.0009661604752604,0.0035897666544141,0.0027192196407686,0.4401433372034524,22,60,0.3666666666666666,9,1,Consumer Staples,70,TIER_3_REMAINDER
FTNT,FTNT,Information Technology,23,-0.0009345351484112,0.0112104506471503,-4.063196297440185e-05,0.001179525968715,-0.0014931399219423,0.0035704606485647,0.0009345351484112,0.4437137978520172,23,60,0.3833333333333333,13,1,Information Technology,71,TIER_3_REMAINDER
SW,SW,Materials,9,-0.0032592225309603,0.0111428763735463,-0.0003621358367733,0.0014600761806374,-0.0020988926591533,0.0035489386516039,0.0032592225309603,0.4472627365036211,9,60,0.15,7,1,Materials,72,TIER_3_REMAINDER
MLM,MLM,Materials,15,-0.0048291280674122,0.0111302581335678,-0.0003219418711608,0.0012236439099524,-0.0021835549971293,0.0035449198185778,0.0048291280674122,0.450807656322199,15,60,0.25,7,1,Materials,73,TIER_3_REMAINDER
ULTA,ULTA,Consumer Discretionary,18,0.0040089884180129,0.0110082188724873,0.0002227215787784,0.0012032586185524,-0.0020263057362659,0.0035060510529071,0.0040089884180129,0.4543137073751061,18,60,0.3,9,1,Consumer Discretionary,74,TIER_3_REMAINDER
EQIX,EQIX,Real Estate,16,-0.0030130774682813,0.010949247287414,-0.0001883173417675,0.001065579485517,-0.0025834692344918,0.0034872689601514,0.0030130774682813,0.4578009763352575,16,60,0.2666666666666666,12,1,Real Estate,75,TIER_3_REMAINDER
ORLY,ORLY,Consumer Discretionary,20,0.0012036977314936,0.0108907077486244,6.018488657468156e-05,0.0009458167662215,-0.0014069079788039,0.0034686244715209,0.0012036977314936,0.4612696008067785,20,60,0.3333333333333333,14,1,Consumer Discretionary,76,TIER_3_REMAINDER
F,F,Consumer Discretionary,14,0.002593440456055,0.0108409970847041,0.000185245746861,0.0019911909975979,-0.0013188830566802,0.0034527919260749,0.002593440456055,0.4647223927328534,15,60,0.25,11,1,Consumer Discretionary,77,TIER_3_REMAINDER
PEG,PEG,Utilities,22,0.0010460130007204,0.0107722178798687,4.754604548729219e-05,0.0012216493926421,-0.0009188526423289,0.003430886165813,0.0010460130007204,0.4681532788986664,22,60,0.3666666666666666,12,1,Utilities,78,TIER_3_REMAINDER
DG,DG,Consumer Discretionary | Consumer Staples,13,0.0031445170646966,0.0105665244747334,0.0002418859280535,0.0028465156658126,-0.0013254238250674,0.003365374061811,0.0031445170646966,0.4715186529604775,14,60,0.2333333333333333,8,2,Consumer Staples,79,TIER_3_REMAINDER
ATVI,ATVI,Communication Services,9,-0.0016657759612778,0.0105618197475964,-0.0001850862179197,0.0018691720985126,-0.0022682017881786,0.0033638756347064,0.0016657759612778,0.4748825285951839,9,33,0.2727272727272727,7,1,Communication Services,80,TIER_3_REMAINDER
PSX,PSX,Energy,9,0.0015534745573724,0.0103240933627165,0.0001726082841524,0.0029869439491693,-0.0023632352617198,0.0032881612206248,0.0015534745573724,0.4781706898158088,9,60,0.15,8,1,Energy,81,TIER_3_REMAINDER
ETSY,ETSY,Consumer Discretionary,9,-0.0022853695967481,0.0102976717386994,-0.0002539299551942,0.0018309185705721,-0.0018935224884728,0.003279746093366,0.0022853695967481,0.4814504359091748,9,44,0.2045454545454545,5,1,Consumer Discretionary,82,TIER_3_REMAINDER
TAP,TAP,Consumer Staples,17,-0.0059326500311194,0.0102700395406164,-0.0003489794135952,0.000605179402021,-0.0017022925012407,0.0032709454055976,0.0059326500311194,0.4847213813147725,17,60,0.2833333333333333,9,1,Consumer Staples,83,TIER_3_REMAINDER
VRTX,VRTX,Health Care,23,0.0004259453310931,0.01017702446388,1.8519362221440437e-05,0.000728684372897,-0.0009899959154977,0.0032413206668905,0.0004259453310931,0.487962701981663,23,60,0.3833333333333333,11,1,Health Care,84,TIER_3_REMAINDER
URI,URI,Industrials,31,0.0003170844755969,0.0100378728515011,1.0228531470869204e-05,0.0009779560794483,-0.0009742565963099,0.0031970017209515,0.0003170844755969,0.4911597037026146,31,60,0.5166666666666667,12,1,Industrials,85,TIER_3_REMAINDER
AMD,AMD,Information Technology,17,0.0006007145109468,0.0099036562257371,3.533614770275456e-05,0.0010388680381892,-0.000812281134043,0.0031542545383665,0.0006007145109468,0.4943139582409811,18,60,0.3,8,1,Information Technology,86,TIER_3_REMAINDER
AZO,AZO,Consumer Discretionary,17,0.0032335143395485,0.0098649375489826,0.0001902067258557,0.0012343322837469,-0.0009962439438959,0.0031419228742731,0.0032335143395485,0.4974558811152543,17,60,0.2833333333333333,16,1,Consumer Discretionary,87,TIER_3_REMAINDER
ISRG,ISRG,Health Care,26,0.0033338527561768,0.0098580906960167,0.0001282251060068,0.0008446775340356,-0.0008899183933015,0.0031397421930631,0.0033338527561768,0.5005956233083175,26,60,0.4333333333333333,13,1,Health Care,88,TIER_3_REMAINDER
GE,GE,Industrials,38,0.0045563249273694,0.0098055364614194,0.0001199032875623,0.0012209423432399,-0.0005111137116598,0.0031230039875751,0.0045563249273694,0.5037186272958927,39,60,0.65,25,1,Industrials,89,TIER_3_REMAINDER
HCA,HCA,Health Care,26,-0.0006488873944905,0.0097557636738931,-2.4957207480406423e-05,0.0011544088473478,-0.0008429418761639,0.0031071516561368,0.0006488873944905,0.5068257789520295,27,60,0.45,13,1,Health Care,90,TIER_3_REMAINDER
PGR,PGR,Financials,29,0.0007321002648015,0.0096763215660116,2.5244836717293457e-05,0.0009597412489507,-0.0007000066449994,0.0030818498258217,0.0007321002648015,0.5099076287778512,29,60,0.4833333333333333,13,1,Financials,91,TIER_3_REMAINDER
CNP,CNP,Utilities,22,0.0042640664553286,0.0096598021543213,0.0001938212025149,0.0010187529742682,-0.0007644054966411,0.0030765884932282,0.0042640664553286,0.5129842172710795,22,60,0.3666666666666666,11,1,Utilities,92,TIER_3_REMAINDER
LW,LW,Consumer Staples,18,0.001164081111606,0.0096144142798469,6.467117286700546e-05,0.0016675876417145,-0.0015830410999528,0.0030621327300449,0.001164081111606,0.5160463500011244,18,60,0.3,14,1,Consumer Staples,93,TIER_3_REMAINDER
DISCA,DISCA,Communication Services,3,-0.0095212504800214,0.0095212504800214,-0.0031737501600071,-0.0028507520794393,-0.0036017375127497,0.0030324606239345,0.0095212504800214,0.519078810625059,3,15,0.2,3,1,Communication Services,94,TIER_3_REMAINDER
HSY,HSY,Consumer Staples,18,0.000858884996926,0.0095054424567334,4.771583316255791e-05,0.001141657368697,-0.0012605842663615,0.0030274258642395,0.000858884996926,0.5221062364892985,18,60,0.3,15,1,Consumer Staples,95,TIER_3_REMAINDER
ON,ON,Information Technology,17,0.001529269035353,0.0094699168580884,8.995700207958879e-05,0.0010921050631949,-0.0018736124306324,0.0030161111761889,0.001529269035353,0.5251223476654875,17,43,0.3953488372093023,17,1,Information Technology,96,TIER_3_REMAINDER
VLO,VLO,Energy,7,-0.0043570190712041,0.0093673893807357,-0.0006224312958863,0.0013955883437572,-0.0046649022890063,0.0029834567954859,0.0043570190712041,0.5281058044609734,8,60,0.1333333333333333,4,1,Energy,97,TIER_3_REMAINDER
FOXA,FOXA,Communication Services,10,0.0012426549381579,0.009354648005413,0.0001242654938157,0.0025239833380734,-0.002381264220219,0.0029793987445984,0.0012426549381579,0.5310852032055718,10,60,0.1666666666666666,5,1,Communication Services,98,TIER_3_REMAINDER
DD,DD,Materials,7,-0.00137295555319,0.0092981446448568,-0.0001961365075985,0.0017670327753257,-0.0032191994480853,0.0029614027664056,0.00137295555319,0.5340466059719775,7,60,0.1166666666666666,3,1,Materials,99,TIER_3_REMAINDER
COR,COR,Health Care,31,0.0017152861202171,0.0091905457676551,5.533181032958497e-05,0.0009341266537758,-0.0005338035440647,0.0029271331755595,0.0017152861202171,0.536973739147537,32,60,0.5333333333333333,11,1,Health Care,100,TIER_3_REMAINDER
PKG,PKG,Materials,12,-0.0014814435878349,0.0091603644704317,-0.0001234536323195,0.0009715270411172,-0.0019908812100946,0.0029175206151504,0.0014814435878349,0.5398912597626874,12,60,0.2,5,1,Materials,101,TIER_3_REMAINDER
DECK,DECK,Consumer Discretionary,9,-0.0026332280869272,0.009129554888734,-0.0002925808985474,0.00275225892397,-0.0018020719132288,0.0029077079499407,0.0026332280869272,0.5427989677126281,9,22,0.4090909090909091,7,1,Consumer Discretionary,102,TIER_3_REMAINDER
STX,STX,Information Technology,20,0.0044042299566752,0.0090834786267476,0.0002202114978337,0.0024130057605511,-0.0008638866208336,0.0028930329395032,0.0044042299566752,0.5456920006521314,21,60,0.35,11,1,Information Technology,103,TIER_3_REMAINDER
NWSA,NWSA,Communication Services,12,-0.0012520255300471,0.0090658367219852,-0.0001043354608372,0.0016001727381209,-0.0019624214295487,0.0028874140996633,0.0012520255300471,0.5485794147517948,12,60,0.2,9,1,Communication Services,104,TIER_3_REMAINDER
BSX,BSX,Health Care,28,0.0041178239953322,0.0090300161157445,0.0001470651426904,0.0008340403074304,-0.0006475035220198,0.0028760054534799,0.0041178239953322,0.5514554202052747,28,60,0.4666666666666667,25,1,Health Care,105,TIER_3_REMAINDER
TTWO,TTWO,Communication Services,8,-0.0073588268935571,0.0088788372055883,-0.0009198533616946,0.0004399411172756,-0.0030553860350648,0.0028278558860276,0.0073588268935571,0.5542832760913023,8,60,0.1333333333333333,3,1,Communication Services,106,TIER_3_REMAINDER
DXCM,DXCM,Health Care,11,-0.0069884417496159,0.0087480760923764,-0.0006353128863287,0.000607666571124,-0.0020968930825731,0.0027862092632663,0.0069884417496159,0.5570694853545687,11,60,0.1833333333333333,4,1,Health Care,107,TIER_3_REMAINDER
DFS,DFS,Financials,21,0.0028659258994945,0.0086929866687971,0.0001364726618806,0.0010284521112973,-0.0008964323998549,0.0027686636154388,0.0028659258994945,0.5598381489700076,21,52,0.4038461538461538,10,1,Financials,108,TIER_3_REMAINDER
GRMN,GRMN,Consumer Discretionary,15,0.0005070450225853,0.0086755659772051,3.3803001505686995e-05,0.0013407962453898,-0.0010984235348601,0.0027631152306542,0.0005070450225853,0.5626012642006618,15,60,0.25,13,1,Consumer Discretionary,109,TIER_3_REMAINDER
DHI,DHI,Consumer Discretionary,17,0.0002756572726397,0.0086618917096752,1.6215133684692425e-05,0.0010907863019151,-0.0008493227339986,0.0027587600592476,0.0002756572726397,0.5653600242599094,17,60,0.2833333333333333,13,1,Consumer Discretionary,110,TIER_3_REMAINDER
CMG,CMG,Consumer Discretionary,16,-0.0016555652282496,0.0085823992111158,-0.0001034728267656,0.0014003807542734,-0.0013420570258386,0.0027334421798067,0.0016555652282496,0.5680934664397161,16,60,0.2666666666666666,5,1,Consumer Discretionary,111,TIER_3_REMAINDER
SHW,SHW,Materials,11,-0.0044047329218378,0.0084554061509674,-0.0004004302656216,0.0015836329615973,-0.0015546601306274,0.0026929956591295,0.0044047329218378,0.5707864620988458,11,60,0.1833333333333333,4,1,Materials,112,TIER_3_REMAINDER
AJG,AJG,Financials,25,0.0002284673395462,0.0084013206813757,9.138693581851372e-06,0.0008173690462695,-0.000989216659137,0.0026757697645679,0.0002284673395462,0.5734622318634137,25,60,0.4166666666666667,11,1,Financials,113,TIER_3_REMAINDER
WDC,WDC,Information Technology,11,0.0049694726502482,0.0083131556219904,0.0004517702409316,0.0029832030244497,-0.0007905080457659,0.0026476897270188,0.0049694726502482,0.5761099215904326,12,60,0.2,6,1,Information Technology,114,TIER_3_REMAINDER
SMCI,SMCI,Information Technology,8,-0.0073273459959787,0.0083017104265846,-0.0009159182494973,0.0004871822153029,-0.0026599973981777,0.0026440445015861,0.0073273459959787,0.5787539660920188,8,22,0.3636363636363636,6,1,Information Technology,115,TIER_3_REMAINDER
ORCL,ORCL,Information Technology,18,-0.0016887381667875,0.0082335941897999,-9.38187870437502e-05,0.001217965599439,-0.0012787967055196,0.0026223498926339,0.0016887381667875,0.5813763159846527,18,60,0.3,5,1,Information Technology,116,TIER_3_REMAINDER
ECL,ECL,Materials,13,0.0014350296222812,0.0082111623769791,0.0001103868940216,0.0014027303049778,-0.0010601458012411,0.0026152054960816,0.0014350296222812,0.5839915214807343,13,60,0.2166666666666666,5,1,Materials,117,TIER_3_REMAINDER
PCG,PCG,Utilities,17,0.0005453137822097,0.008197970128262,3.207728130645701e-05,0.0011316230903461,-0.0008347258878927,0.0026110038447481,0.0005453137822097,0.5866025253254825,17,39,0.4358974358974359,17,1,Utilities,118,TIER_3_REMAINDER
NEE,NEE,Utilities,9,-0.0078206342896762,0.0081732932014339,-0.0008689593655195,0.0001763294558788,-0.002450414008367,0.0026031443929794,0.0078206342896762,0.589205669718462,9,60,0.15,4,1,Utilities,119,TIER_3_REMAINDER
OKE,OKE,Energy,8,0.0010771355458583,0.0081615219298454,0.0001346419432322,0.0017848992851339,-0.0017609422456107,0.0025993953142569,0.0010771355458583,0.591805065032719,8,60,0.1333333333333333,3,1,Energy,120,TIER_3_REMAINDER
IDXX,IDXX,Health Care,17,0.0020880082442926,0.008051513469257,0.0001228240143701,0.0009827719716857,-0.0007239035983295,0.0025643582856929,0.0020880082442926,0.5943694233184119,18,60,0.3,9,1,Health Care,121,TIER_3_REMAINDER
GDDY,GDDY,Information Technology,13,0.0005494132184547,0.0080352848623199,4.226255526575035e-05,0.0010264674726926,-0.0008277866519264,0.0025591895726524,0.0005494132184547,0.5969286128910644,13,19,0.6842105263157895,13,1,Information Technology,122,TIER_3_REMAINDER
MPWR,MPWR,Information Technology,15,-0.0049480735844416,0.0080244602647611,-0.0003298715722961,0.0007120540561758,-0.0021259701114017,0.002555742003876,0.0049480735844416,0.5994843548949405,15,59,0.2542372881355932,4,1,Information Technology,123,TIER_3_REMAINDER
BBWI,BBWI,Consumer Discretionary,14,0.0027509573740256,0.0080144131878265,0.0001964969552875,0.0020347686736912,-0.000896858048891,0.0025525420707103,0.0027509573740256,0.6020368969656508,14,45,0.3111111111111111,13,1,Consumer Discretionary,124,TIER_3_REMAINDER
TKO,TKO,Communication Services,5,0.0061923821162889,0.0080142984829718,0.0012384764232577,0.0022229879423212,-0.0009109581833414,0.0025525055379087,0.0061923821162889,0.6045894025035595,5,10,0.5,2,1,Communication Services,125,TIER_3_REMAINDER
WST,WST,Health Care,18,-0.001245319771411,0.0079851988037983,-6.918443174505732e-05,0.0009266855069773,-0.0011940223320766,0.002543237466299,0.001245319771411,0.6071326399698586,18,60,0.3,7,1,Health Care,126,TIER_3_REMAINDER
PODD,PODD,Health Care,16,0.0004529791434269,0.007983676862922,2.831119646418187e-05,0.0021971536470482,-0.000888005307348,0.0025427527373456,0.0004529791434269,0.6096753927072043,16,34,0.4705882352941176,12,1,Health Care,127,TIER_3_REMAINDER
BKNG,BKNG,Consumer Discretionary,19,0.0004200364141813,0.0079687446874709,2.210717969375307e-05,0.0011561304600516,-0.0006989704912853,0.0025379969298832,0.0004200364141813,0.6122133896370875,19,60,0.3166666666666666,9,1,Consumer Discretionary,128,TIER_3_REMAINDER
DASH,DASH,Consumer Discretionary,9,0.0009747001658887,0.0079286020227786,0.000108300018432,0.0013939985152946,-0.0023308172268229,0.0025252117342542,0.0009747001658887,0.6147386013713417,9,10,0.9,9,1,Consumer Discretionary,129,TIER_3_REMAINDER
APA,APA,Energy,9,0.0028475241709227,0.0079203035837505,0.0003163915745469,0.0021478138573466,-0.0011635749318745,0.0025225687316733,0.0028475241709227,0.6172611701030151,9,60,0.15,5,1,Energy,130,TIER_3_REMAINDER
MRNA,MRNA,Health Care,7,-0.0050638920239915,0.007888779265573,-0.0007234131462845,0.0005585038636694,-0.0027892192082291,0.0025125284272227,0.0050638920239915,0.6197736985302378,7,54,0.1296296296296296,7,1,Health Care,131,TIER_3_REMAINDER
CE,CE,Materials,9,-0.0012786872141171,0.0078861826904336,-0.0001420763571241,0.0019618776216229,-0.0014724579318795,0.0025117014337638,0.0012786872141171,0.6222853999640017,9,50,0.18,7,1,Materials,132,TIER_3_REMAINDER
ACGL,ACGL,Financials,15,0.0030870037093524,0.0078561689527425,0.0002058002472901,0.0009784582659856,-0.0010911056793465,0.0025021422400511,0.0030870037093524,0.6247875422040529,15,38,0.3947368421052631,14,1,Financials,133,TIER_3_REMAINDER
UBER,UBER,Industrials,16,-0.0004622209225762,0.0078427647065329,-2.8888807661014547e-05,0.0008889803202918,-0.0010701650682971,0.0024978730688,0.0004622209225762,0.6272854152728529,17,25,0.68,11,1,Industrials,134,TIER_3_REMAINDER
CZR,CZR,Consumer Discretionary,10,-0.0007824280565354,0.0077702244224769,-7.824280565354675e-05,0.0011766369378078,-0.0012450603873149,0.0024747694275808,0.0007824280565354,0.6297601847004337,10,54,0.1851851851851851,9,1,Consumer Discretionary,135,TIER_3_REMAINDER
ALGN,ALGN,Health Care,13,-0.0023167008726883,0.0076577921278187,-0.0001782077594375,0.0007459777141756,-0.0024940646512768,0.0024389604225425,0.0023167008726883,0.6321991451229763,13,60,0.2166666666666666,10,1,Health Care,136,TIER_3_REMAINDER
LIN,LIN,Materials,11,0.000869888031964,0.0076529728126386,7.908073017855118e-05,0.0013635527519838,-0.0013419272461538,0.00243742549984,0.000869888031964,0.6346365706228163,11,60,0.1833333333333333,9,1,Materials,137,TIER_3_REMAINDER
EBAY,EBAY,Consumer Discretionary,15,0.0020655811462056,0.0076457442585457,0.000137705409747,0.0018643750474114,-0.0008150314312104,0.0024351232491324,0.0020655811462056,0.6370716938719487,16,60,0.2666666666666666,9,1,Consumer Discretionary,138,TIER_3_REMAINDER
SYF,SYF,Financials,23,0.0011619858696549,0.0075453148360332,5.052112476760634e-05,0.0010031446799055,-0.000734865508744,0.0024031370861917,0.0011619858696549,0.6394748309581404,23,60,0.3833333333333333,9,1,Financials,139,TIER_3_REMAINDER
EXC,EXC,Utilities,14,0.0033879403395521,0.0075333536456355,0.0002419957385394,0.0011805486012739,-0.0006891651774224,0.0023993275194785,0.0033879403395521,0.641874158477619,14,60,0.2333333333333333,14,1,Utilities,140,TIER_3_REMAINDER
LRCX,LRCX,Information Technology,21,0.0034871793038205,0.0075042518205293,0.0001660561573247,0.0010841123704045,-0.0004334232792479,0.0023900587644022,0.0034871793038205,0.6442642172420212,22,60,0.3666666666666666,8,1,Information Technology,141,TIER_3_REMAINDER
NCLH,NCLH,Consumer Discretionary,9,-0.0044342424830854,0.0073930245063327,-0.0004926936092317,0.0005514278257465,-0.0018855083448709,0.0023546335383445,0.0044342424830854,0.6466188507803657,9,60,0.15,2,1,Consumer Discretionary,142,TIER_3_REMAINDER
FOX,FOX,Communication Services,7,0.000918431917572,0.0072848704979325,0.0001312045596531,0.0022310722916981,-0.0024364719096768,0.0023201871415731,0.000918431917572,0.648939037921939,7,60,0.1166666666666666,7,1,Communication Services,143,TIER_3_REMAINDER
GNRC,GNRC,Industrials,12,-0.0005039714339183,0.0072810409182018,-4.199761949319595e-05,0.0018360096920105,-0.0013894419096767,0.0023189674436181,0.0005039714339183,0.6512580053655571,12,58,0.2068965517241379,10,1,Industrials,144,TIER_3_REMAINDER
BKR,BKR,Energy,10,-0.0064619527908294,0.0072617689445867,-0.0006461952790829,0.0002789650585278,-0.0031611109129411,0.0023128294367191,0.0064619527908294,0.6535708348022763,10,60,0.1666666666666666,5,1,Energy,145,TIER_3_REMAINDER
NWS,NWS,Communication Services,10,-0.0006619396758362,0.0071716380559069,-6.619396758362602e-05,0.0015597739589389,-0.0015124949085764,0.0022841232944435,0.0006619396758362,0.6558549580967198,10,60,0.1666666666666666,5,1,Communication Services,146,TIER_3_REMAINDER
GS,GS,Financials,25,0.0018045468588001,0.0070677289759827,7.218187435200628e-05,0.0006475386908077,-0.0005963392941853,0.0022510288816874,0.0018045468588001,0.6581059869784073,26,60,0.4333333333333333,10,1,Financials,147,TIER_3_REMAINDER
SNPS,SNPS,Information Technology,18,-1.7580170108474024e-05,0.0069140407292907,-9.766761171374457e-07,0.0010812146306176,-0.0010702203247206,0.0022020801057432,1.7580170108474024e-05,0.6603080670841506,18,60,0.3,6,1,Information Technology,148,TIER_3_REMAINDER
EG,EG,Financials,17,0.0024186349767164,0.006887354403583,0.0001422726456892,0.0010440102218679,-0.0012612782801423,0.0021935806725988,0.0024186349767164,0.6625016477567495,17,60,0.2833333333333333,16,1,Financials,149,TIER_3_REMAINDER
VMC,VMC,Materials,9,-0.003098593360649,0.0068581296904456,-0.0003442881511832,0.0013460677637808,-0.0014644544794305,0.0021842727784288,0.003098593360649,0.6646859205351783,9,60,0.15,3,1,Materials,150,TIER_3_REMAINDER
LVS,LVS,Consumer Discretionary,11,0.001274854028616,0.0068188686790502,0.0001158958207832,0.0012699572474002,-0.0009334243375867,0.0021717683840362,0.001274854028616,0.6668576889192145,11,60,0.1833333333333333,11,1,Consumer Discretionary,151,TIER_3_REMAINDER
UAL,UAL,Industrials,14,-0.0009586361680234,0.0067299363561193,-6.847401200167427e-05,0.0010641787539846,-0.001405535738704,0.0021434439776939,0.0009586361680234,0.6690011328969084,14,60,0.2333333333333333,11,1,Industrials,152,TIER_3_REMAINDER
ABBV,ABBV,Health Care,20,0.001670783892542,0.006680324181374,8.353919462710323e-05,0.0007160029677426,-0.0008724715293416,0.0021276428004538,0.001670783892542,0.6711287756973623,20,60,0.3333333333333333,12,1,Health Care,153,TIER_3_REMAINDER
GWW,GWW,Industrials,24,0.0025090111449596,0.0066482412437628,0.0001045421310399,0.0009247485974413,-0.0005248921063228,0.0021174245790961,0.0025090111449596,0.6732462002764584,24,60,0.4,18,1,Industrials,154,TIER_3_REMAINDER
GM,GM,Consumer Discretionary,9,0.0017713135307399,0.0066357110485801,0.0001968126145266,0.0013883259401173,-0.0012033788684138,0.0021134337878044,0.0017713135307399,0.6753596340642629,10,60,0.1666666666666666,3,1,Consumer Discretionary,155,TIER_3_REMAINDER
WRB,WRB,Financials,20,0.0001464294929678,0.0065969291495302,7.321474648390517e-06,0.0005005674430104,-0.0009356287044165,0.0021010819877928,0.0001464294929678,0.6774607160520557,21,60,0.35,11,1,Financials,156,TIER_3_REMAINDER
CRWD,CRWD,Information Technology,8,-0.0003859856947972,0.0065203798043269,-4.8248211849651485e-05,0.0013369479358367,-0.0027455811733658,0.0020767014848741,0.0003859856947972,0.6795374175369299,8,19,0.4210526315789473,4,1,Information Technology,157,TIER_3_REMAINDER
TSN,TSN,Consumer Staples,11,-0.0017324013513713,0.0064681984398125,-0.0001574910319428,0.0007190645754649,-0.0019219463363099,0.0020600820362497,0.0017324013513713,0.6815974995731796,11,60,0.1833333333333333,6,1,Consumer Staples,158,TIER_3_REMAINDER
CDNS,CDNS,Information Technology,20,0.0007317559839129,0.0064432688939084,3.658779919564512e-05,0.0005643175174869,-0.0008812068123872,0.0020521421268349,0.0007317559839129,0.6836496417000146,20,60,0.3333333333333333,7,1,Information Technology,159,TIER_3_REMAINDER
FISV,FISV,Financials | Information Technology,17,-0.0013668636685212,0.0063957657442239,-8.040374520713214e-05,0.0006163053911213,-0.0010275593988575,0.0020370126613059,0.0013668636685212,0.6856866543613206,17,60,0.2833333333333333,6,2,Financials,160,TIER_3_REMAINDER
CTRA,CTRA,Energy,3,-0.0063190382631349,0.0063190382631349,-0.0021063460877116,-0.0001650873337897,-0.0053927800614524,0.0020125754231863,0.0063190382631349,0.6876992297845069,3,60,0.05,2,1,Energy,161,TIER_3_REMAINDER
MGM,MGM,Consumer Discretionary,11,0.0002353206519776,0.0062455194581,2.1392786543419776e-05,0.0008676808878395,-0.0010577194160774,0.0019891601289605,0.0002353206519776,0.6896883899134675,11,60,0.1833333333333333,5,1,Consumer Discretionary,162,TIER_3_REMAINDER
MU,MU,Information Technology,12,-9.629803405005603e-05,0.006214352734236,-8.024836170838004e-06,0.0013394904601646,-0.0011348581397331,0.0019792337161335,9.629803405005603e-05,0.691667623629601,13,60,0.2166666666666666,5,1,Information Technology,163,TIER_3_REMAINDER
PLD,PLD,Real Estate,8,-0.001624899657477,0.0061349254303675,-0.0002031124571846,0.0009029001617126,-0.0025763647425562,0.0019539366008069,0.001624899657477,0.6936215602304079,9,60,0.15,4,1,Real Estate,164,TIER_3_REMAINDER
COF,COF,Financials,22,0.0010251090631562,0.0061321418499467,4.659586650710085e-05,0.0008296201393361,-0.0008262878180084,0.0019530500472982,0.0010251090631562,0.6955746102777062,22,60,0.3666666666666666,10,1,Financials,165,TIER_3_REMAINDER
MSI,MSI,Information Technology,18,-0.0003076486141883,0.0061225086128931,-1.7091589677128466e-05,0.0006699916265349,-0.0009954496988639,0.0019499819196287,0.0003076486141883,0.697524592197335,18,60,0.3,9,1,Information Technology,166,TIER_3_REMAINDER
TT,TT,Industrials,24,0.0006118641319543,0.0060339951321788,2.549433883143265e-05,0.0006143197233057,-0.0005685434418999,0.0019217909119962,0.0006118641319543,0.6994463831093313,24,60,0.4,13,1,Industrials,167,TIER_3_REMAINDER
XOM,XOM,Energy,5,-0.0036277489331557,0.00601319737625,-0.0007255497866311,0.0011927242215471,-0.0027188104426306,0.0019151669526694,0.0036277489331557,0.7013615500620007,5,60,0.0833333333333333,5,1,Energy,168,TIER_3_REMAINDER
MAA,MAA,Real Estate,11,-0.0023517807487052,0.0060085390296192,-0.0002137982498822,0.0006891581321527,-0.001079102409341,0.0019136832974751,0.0023517807487052,0.703275233359476,11,60,0.1833333333333333,7,1,Real Estate,169,TIER_3_REMAINDER
IP,IP,Materials,9,-0.0005894676052286,0.0059592098789135,-6.549640058095911e-05,0.0009805079888421,-0.0021211821828887,0.0018979722616778,0.0005894676052286,0.7051732056211538,9,60,0.15,6,1,Materials,170,TIER_3_REMAINDER
NOC,NOC,Industrials,11,0.0001631646002037,0.0059481792184628,1.4833145473071516e-05,0.0006755440033813,-0.0015840166090898,0.0018944590631181,0.0001631646002037,0.707067664684272,11,60,0.1833333333333333,11,1,Industrials,171,TIER_3_REMAINDER
RSG,RSG,Industrials,18,-0.0011381963972158,0.0059454076800687,-6.323313317866026e-05,0.0004928730214994,-0.0009498553562725,0.001893576344922,0.0011381963972158,0.708961241029194,18,60,0.3,12,1,Industrials,172,TIER_3_REMAINDER
GEV,GEV,Industrials,9,0.0043099228979948,0.0058607970376954,0.0004788803219994,0.0013359402782846,-0.0005155721184379,0.0018666283676683,0.0043099228979948,0.7108278693968624,10,10,1.0,10,1,Industrials,173,TIER_3_REMAINDER
KLAC,KLAC,Information Technology,25,0.0011243857221691,0.005830361360166,4.4975428886767615e-05,0.0005750554516892,-0.0006984051485589,0.0018569347886721,0.0011243857221691,0.7126848041855345,26,60,0.4333333333333333,7,1,Information Technology,174,TIER_3_REMAINDER
NI,NI,Utilities,17,-0.0007761074823478,0.0057414895670426,-4.565338131457719e-05,0.0011032366763207,-0.00050620245209,0.0018286296607069,0.0007761074823478,0.7145134338462414,17,60,0.2833333333333333,11,1,Utilities,175,TIER_3_REMAINDER
ETR,ETR,Utilities,15,0.0016010183044021,0.0056942150229681,0.0001067345536268,0.0008359471222783,-0.0005074994519136,0.0018135730046804,0.0016010183044021,0.7163270068509219,16,60,0.2666666666666666,11,1,Utilities,176,TIER_3_REMAINDER
HAL,HAL,Energy,4,0.0001453810405612,0.0056549980156002,3.63452601403091e-05,0.0016643153764151,-0.0025681088305876,0.0018010826253042,0.0001453810405612,0.7181280894762261,4,60,0.0666666666666666,2,1,Energy,177,TIER_3_REMAINDER
EXPE,EXPE,Consumer Discretionary,11,-0.0012395514637769,0.0056500957174401,-0.0001126864967069,0.0013493447921328,-0.0017383764202867,0.001799521273025,0.0012395514637769,0.7199276107492512,12,60,0.2,3,1,Consumer Discretionary,178,TIER_3_REMAINDER
BRO,BRO,Financials,17,-0.0013763721108096,0.005644673446354,-8.096306534174513e-05,0.0005179281003255,-0.0007560261572841,0.0017977943125175,0.0013763721108096,0.7217254050617687,17,52,0.3269230769230769,6,1,Financials,179,TIER_3_REMAINDER
CRL,CRL,Health Care,10,-0.0018737089354434,0.0056102203150125,-0.0001873708935443,0.0005567213372315,-0.0010664083662933,0.001786821198809,0.0018737089354434,0.7235122262605779,10,56,0.1785714285714285,9,1,Health Care,180,TIER_3_REMAINDER
FSLR,FSLR,Information Technology,10,-0.0005223959943955,0.0056093113949658,-5.223959943955278e-05,0.0014053012518569,-0.00082382045997,0.0017865317132779,0.0005223959943955,0.7252987579738559,10,37,0.2702702702702703,9,1,Information Technology,181,TIER_3_REMAINDER
WFC,WFC,Financials,21,0.0015236975613617,0.0056072551082406,7.255702673151359e-05,0.0008907591707256,-0.0006260880092959,0.0017858767984074,0.0015236975613617,0.7270846347722634,21,60,0.35,8,1,Financials,182,TIER_3_REMAINDER
IT,IT,Information Technology,18,0.0001752247523257,0.0055932338242321,9.7347084625399e-06,0.0009780932708915,-0.0007736204004657,0.0017814111043536,0.0001752247523257,0.7288660458766171,18,60,0.3,12,1,Information Technology,183,TIER_3_REMAINDER
GIS,GIS,Consumer Staples,11,-0.0001561821764402,0.0055673249029862,-1.4198379676383656e-05,0.0009294537270593,-0.0014654395366867,0.0017731592698229,0.0001561821764402,0.73063920514644,11,60,0.1833333333333333,11,1,Consumer Staples,184,TIER_3_REMAINDER
RTX,RTX,Industrials,22,0.0004069325692729,0.0054106560206073,1.8496934966954136e-05,0.0005960442800467,-0.0008953895453548,0.0017232611794611,0.0004069325692729,0.7323624663259011,23,60,0.3833333333333333,7,1,Industrials,185,TIER_3_REMAINDER
AFL,AFL,Financials,17,0.0015465427898921,0.0054100696159291,9.097310528777088e-05,0.0005480576818689,-0.0005342483603529,0.0017230744131219,0.0015465427898921,0.734085540739023,17,60,0.2833333333333333,15,1,Financials,186,TIER_3_REMAINDER
SYY,SYY,Consumer Staples,7,-0.0021528924883891,0.0054052568726979,-0.0003075560697698,0.0008992821493582,-0.0013372277714275,0.0017215415835453,0.0021528924883891,0.7358070823225683,7,60,0.1166666666666666,5,1,Consumer Staples,187,TIER_3_REMAINDER
PSA,PSA,Real Estate,11,-8.46094595984382e-05,0.0054003102052756,-7.691769054403473e-06,0.0009470788164541,-0.0015357251569881,0.0017199660999248,8.46094595984382e-05,0.7375270484224932,11,60,0.1833333333333333,10,1,Real Estate,188,TIER_3_REMAINDER
PH,PH,Industrials,25,0.0008516445387583,0.0053096625237909,3.406578155033301e-05,0.0005255669938956,-0.0003930406336157,0.0016910953622701,0.0008516445387583,0.7392181437847634,26,60,0.4333333333333333,8,1,Industrials,189,TIER_3_REMAINDER
SIVB,SIVB,Financials,13,0.0009097579644174,0.0052866897760801,6.998138187826773e-05,0.0011939568320966,-0.0009301896127947,0.001683778681231,0.0009097579644174,0.7409019224659944,13,26,0.5,13,1,Financials,190,TIER_3_REMAINDER
ZBRA,ZBRA,Information Technology,15,0.0001096333605418,0.0052685801862679,7.308890702790903e-06,0.0015147330226284,-0.0010889398677605,0.0016780108865346,0.0001096333605418,0.742579933352529,15,60,0.25,10,1,Information Technology,191,TIER_3_REMAINDER
LEN,LEN,Consumer Discretionary,15,0.000917141774182,0.0052310234998543,6.114278494547208e-05,0.0008483846227032,-0.0006221102764746,0.0016660493093286,0.000917141774182,0.7442459826618577,15,60,0.25,8,1,Consumer Discretionary,192,TIER_3_REMAINDER
BA,BA,Industrials,11,-9.745489772978587e-05,0.0052299171921072,-8.859536157253261e-06,0.0008977842039577,-0.0006396663021275,0.0016656969570102,9.745489772978587e-05,0.745911679618868,11,60,0.1833333333333333,7,1,Industrials,193,TIER_3_REMAINDER
O,O,Real Estate,12,-0.0018771719841922,0.0052250757048958,-0.0001564309986826,0.0009702057348982,-0.00085302897378,0.00166415497265,0.0018771719841922,0.747575834591518,13,60,0.2166666666666666,11,1,Real Estate,194,TIER_3_REMAINDER
MS,MS,Financials,21,0.0013035846883295,0.0052213420520445,6.207546134902549e-05,0.0004995822715255,-0.0006052839446502,0.0016629658268252,0.0013035846883295,0.7492388004183432,22,60,0.3666666666666666,7,1,Financials,195,TIER_3_REMAINDER
GPC,GPC,Consumer Discretionary,10,0.0009482246602345,0.0052169572382367,9.482246602345477e-05,0.0007491998030994,-0.0011718941203247,0.0016615692901787,0.0009482246602345,0.750900369708522,10,60,0.1666666666666666,10,1,Consumer Discretionary,196,TIER_3_REMAINDER
ATO,ATO,Utilities,13,-0.0003079673430772,0.0051863462414591,-2.368979562132634e-05,0.001069571747883,-0.0011567524020155,0.0016518198730636,0.0003079673430772,0.7525521895815857,13,60,0.2166666666666666,4,1,Utilities,197,TIER_3_REMAINDER
CPB,CPB,Consumer Staples,9,-0.0003115722749333,0.0051599797087374,-3.4619141659265964e-05,0.0011814067669398,-0.0013128250069933,0.0016434222920488,0.0003115722749333,0.7541956118736345,9,60,0.15,9,1,Consumer Staples,198,TIER_3_REMAINDER
WY,WY,Real Estate,8,-0.0031176370295928,0.0051385127050855,-0.0003897046286991,0.0005371014481934,-0.0020191489890495,0.0016365851813746,0.0031176370295928,0.7558321970550091,8,60,0.1333333333333333,3,1,Real Estate,199,TIER_3_REMAINDER
DRE,DRE,Real Estate,8,-0.0019138423845158,0.0051214011367233,-0.0002392302980644,0.000813854666647,-0.0010842251265948,0.0016311352504668,0.0019138423845158,0.757463332305476,8,21,0.3809523809523809,4,1,Real Estate,200,TIER_3_REMAINDER
KKR,KKR,Financials,10,0.0003442029833065,0.0051186069830606,3.4420298330657784e-05,0.0007487748260422,-0.0011912186522421,0.0016302453294446,0.0003442029833065,0.7590935776349207,10,19,0.5263157894736842,10,1,Financials,201,TIER_3_REMAINDER
GLW,GLW,Information Technology,15,0.0023175684005244,0.0050794610529891,0.0001545045600349,0.0013379095505227,-0.000692452503718,0.0016177775877569,0.0023175684005244,0.7607113552226776,16,60,0.2666666666666666,7,1,Information Technology,202,TIER_3_REMAINDER
ETN,ETN,Industrials,20,0.0010270055908763,0.0050535684376008,5.135027954381669e-05,0.0009022547377719,-0.0005548748309859,0.0016095309465431,0.0010270055908763,0.7623208861692208,20,60,0.3333333333333333,15,1,Industrials,203,TIER_3_REMAINDER
PANW,PANW,Information Technology,8,-0.0005574463020747,0.0050525765354633,-6.968078775934433e-05,0.0011175274898969,-0.0010160155213245,0.0016092150317186,0.0005574463020747,0.7639301012009394,8,31,0.2580645161290322,5,1,Information Technology,204,TIER_3_REMAINDER
VICI,VICI,Real Estate,13,-0.0011040938869538,0.005051822706799,-8.493029899644639e-05,0.0005016984321978,-0.0008265232883816,0.0016089749418536,0.0011040938869538,0.765539076142793,13,43,0.3023255813953488,11,1,Real Estate,205,TIER_3_REMAINDER
JCI,JCI,Industrials,21,0.0017597708746631,0.0050506737362766,8.379861307919865e-05,0.0007371800116264,-0.0006145060621923,0.0016086090016996,0.0017597708746631,0.7671476851444927,22,60,0.3666666666666666,12,1,Industrials,206,TIER_3_REMAINDER
WAT,WAT,Health Care,12,0.0017513956817048,0.0050467984548476,0.000145949640142,0.0012672188278014,-0.0006436711033724,0.0016073747480304,0.0017513956817048,0.7687550598925231,12,60,0.2,8,1,Health Care,207,TIER_3_REMAINDER
GILD,GILD,Health Care,19,0.0011450166419829,0.0050301911547775,6.02640337885753e-05,0.0015561465560354,-0.0003708564173688,0.0016020854235201,0.0011450166419829,0.7703571453160433,20,60,0.3333333333333333,12,1,Health Care,208,TIER_3_REMAINDER
DE,DE,Industrials,20,-0.0010059065617564,0.0050262416470508,-5.02953280878231e-05,0.0008813893779704,-0.0006097762649787,0.0016008275292246,0.0010059065617564,0.7719579728452679,20,60,0.3333333333333333,9,1,Industrials,209,TIER_3_REMAINDER
TDG,TDG,Industrials,20,0.0015556047485215,0.0049504786465339,7.77802374260785e-05,0.0006896282934198,-0.0006997011084837,0.0015766974723271,0.0015556047485215,0.773534670317595,20,60,0.3333333333333333,20,1,Industrials,210,TIER_3_REMAINDER
COIN,COIN,Financials,5,-0.0029440711305466,0.0049410607890541,-0.0005888142261093,0.0006965058849779,-0.0013998651752015,0.0015736979417476,0.0029440711305466,0.7751083682593427,5,8,0.625,5,1,Financials,211,TIER_3_REMAINDER
RHI,RHI,Industrials,12,-5.262790464520897e-06,0.0048756985965748,-4.385658720434081e-07,0.0005296437316777,-0.0005707173549581,0.0015528804792301,5.262790464520897e-06,0.7766612487385729,12,41,0.2926829268292683,11,1,Industrials,212,TIER_3_REMAINDER
EPAM,EPAM,Information Technology,3,-0.004851637447467,0.004851637447467,-0.001617212482489,-0.00049793113115,-0.0032007291761671,0.0015452171489366,0.004851637447467,0.7782064658875095,3,49,0.0612244897959183,2,1,Information Technology,213,TIER_3_REMAINDER
PCAR,PCAR,Industrials,20,0.0023680740432654,0.0048175947520405,0.0001184037021632,0.0005510791729213,-0.0006014956178534,0.0015343747565817,0.0023680740432654,0.7797408406440913,20,60,0.3333333333333333,8,1,Industrials,214,TIER_3_REMAINDER
PENN,PENN,Consumer Discretionary,5,-0.0023165501511925,0.0048154677218066,-0.0004633100302385,0.001249458785307,-0.0015688713307899,0.001533697310332,0.0023165501511925,0.7812745379544234,5,18,0.2777777777777778,5,1,Consumer Discretionary,215,TIER_3_REMAINDER
TSCO,TSCO,Consumer Discretionary,11,0.0029491156459363,0.004813396090867,0.0002681014223578,0.0011676653492762,-0.0004308187957858,0.0015330375084221,0.0029491156459363,0.7828075754628455,11,60,0.1833333333333333,7,1,Consumer Discretionary,216,TIER_3_REMAINDER
REGN,REGN,Health Care,12,-0.0009522538687795,0.0048082813178585,-7.935448906496214e-05,0.0007391777247821,-0.0011268594952886,0.0015314084841903,0.0009522538687795,0.7843389839470358,12,60,0.2,5,1,Health Care,217,TIER_3_REMAINDER
ED,ED,Utilities,14,0.0027168653760701,0.0047825632304048,0.0001940618125764,0.0008759282149693,-0.0003766098741721,0.0015232174290668,0.0027168653760701,0.7858622013761027,14,60,0.2333333333333333,14,1,Utilities,218,TIER_3_REMAINDER
AMZN,AMZN,Consumer Discretionary,11,-0.0006562198100526,0.0047614768860743,-5.965634636842083e-05,0.0007415368930778,-0.000816357144382,0.0015165015560816,0.0006562198100526,0.7873787029321844,11,60,0.1833333333333333,7,1,Consumer Discretionary,219,TIER_3_REMAINDER
SCHW,SCHW,Financials,15,0.0005182698095076,0.0047573276329443,3.455132063384293e-05,0.0008078309569798,-0.000983126404126,0.0015151800440846,0.0005182698095076,0.788893882976269,16,60,0.2666666666666666,5,1,Financials,220,TIER_3_REMAINDER
NOW,NOW,Information Technology,10,-0.0020876444408812,0.0047305050638906,-0.0002087644440881,0.0006931033595128,-0.0006561433099354,0.0015066372182595,0.0020876444408812,0.7904005201945284,10,60,0.1666666666666666,5,1,Information Technology,221,TIER_3_REMAINDER
LMT,LMT,Industrials,11,0.0004658109915107,0.0046743788015788,4.234645377370043e-05,0.0009009402026895,-0.0009433616689344,0.0014887613435741,0.0004658109915107,0.7918892815381026,11,60,0.1833333333333333,11,1,Industrials,222,TIER_3_REMAINDER
DPZ,DPZ,Consumer Discretionary,7,-0.0030944261370124,0.0046522674657624,-0.000442060876716,0.0007385381655501,-0.0016762026470044,0.0014817190170071,0.0030944261370124,0.7933710005551098,7,60,0.1166666666666666,4,1,Consumer Discretionary,223,TIER_3_REMAINDER
GD,GD,Industrials,16,-0.0005983261264656,0.0045816501992891,-3.7395382904105263e-05,0.0004597073250562,-0.0007840858554569,0.0014592278452436,0.0005983261264656,0.7948302284003534,16,60,0.2666666666666666,12,1,Industrials,224,TIER_3_REMAINDER
CMI,CMI,Industrials,14,-0.0014061109020779,0.004563058742131,-0.0001004364930055,0.0008570927925353,-0.0007069882198309,0.0014533065787154,0.0014061109020779,0.7962835349790689,15,60,0.25,4,1,Industrials,225,TIER_3_REMAINDER
CI,CI,Health Care,12,-0.0016436092704832,0.0045126668454323,-0.0001369674392069,0.0005593737145929,-0.0010550740876945,0.0014372570647545,0.0016436092704832,0.7977207920438235,12,60,0.2,8,1,Health Care,226,TIER_3_REMAINDER
AAPL,AAPL,Information Technology,12,-0.0028439521820488,0.0045112851268216,-0.0002369960151707,0.0002512786054419,-0.000973026749073,0.0014368169957437,0.0028439521820488,0.7991576090395673,12,60,0.2,5,1,Information Technology,227,TIER_3_REMAINDER
CLX,CLX,Consumer Staples,7,-0.0012780472121511,0.0043958905498698,-0.0001825781731644,0.0009825480258677,-0.0021311705720021,0.0014000645217325,0.0012780472121511,0.8005576735612998,7,60,0.1166666666666666,2,1,Consumer Staples,228,TIER_3_REMAINDER
FITB,FITB,Financials,18,0.0016523878427899,0.0043869921785222,9.179932459944049e-05,0.000799010394521,-0.0004228323063154,0.0013972304443405,0.0016523878427899,0.8019549040056403,18,60,0.3,8,1,Financials,229,TIER_3_REMAINDER
HLT,HLT,Consumer Discretionary,11,0.0014791304739368,0.0043248828717268,0.0001344664067215,0.0007826210998627,-0.000677026498882,0.0013774490062161,0.0014791304739368,0.8033323530118565,11,60,0.1833333333333333,4,1,Consumer Discretionary,230,TIER_3_REMAINDER
PNW,PNW,Utilities,10,-0.0007272267133295,0.0043155752252257,-7.272267133295614e-05,0.0006497067303555,-0.0010553293980945,0.001374484577166,0.0007272267133295,0.8047068375890225,10,60,0.1666666666666666,9,1,Utilities,231,TIER_3_REMAINDER
CMA,CMA,Financials,17,0.0007179853861997,0.0043032261470846,4.223443448233921e-05,0.0007977635347875,-0.0003957547449383,0.0013705514705554,0.0007179853861997,0.8060773890595779,17,41,0.4146341463414634,7,1,Financials,232,TIER_3_REMAINDER
SYK,SYK,Health Care,13,0.001742303430624,0.0042686095358642,0.0001340233408172,0.0008383623411371,-0.0005849441301782,0.0013595262894954,0.001742303430624,0.8074369153490734,13,60,0.2166666666666666,11,1,Health Care,233,TIER_3_REMAINDER
AXP,AXP,Financials,15,-0.0021244987114391,0.0042643402425212,-0.0001416332474292,0.0003409644451558,-0.0007132008722149,0.0013581665454174,0.0021244987114391,0.8087950818944908,15,60,0.25,7,1,Financials,234,TIER_3_REMAINDER
UHS,UHS,Health Care,13,-0.0011331897836908,0.0042138002824921,-8.71684448992964e-05,0.0006706830077895,-0.0009498161214538,0.0013420698741824,0.0011331897836908,0.8101371517686732,14,60,0.2333333333333333,6,1,Health Care,235,TIER_3_REMAINDER
REG,REG,Real Estate,14,-0.0007802068923077,0.004207781752553,-5.572906373626916e-05,0.0006272453008299,-0.0007554989052608,0.0013401530088407,0.0007802068923077,0.811477304777514,14,60,0.2333333333333333,4,1,Real Estate,236,TIER_3_REMAINDER
CSGP,CSGP,Industrials | Real Estate,9,-0.0034800045541045,0.0041631699326059,-0.0003866671726782,0.0003045649276366,-0.0023152323740748,0.0013259444143252,0.0034800045541045,0.8128032491918392,9,40,0.225,3,2,Real Estate,237,TIER_3_REMAINDER
MTB,MTB,Financials,11,-0.0018101227579231,0.0041609587412823,-0.0001645566143566,0.0004437502288171,-0.00087592452437,0.001325240163278,0.0018101227579231,0.8141284893551173,11,60,0.1833333333333333,6,1,Financials,238,TIER_3_REMAINDER
KHC,KHC,Consumer Staples,6,-0.0002867551910201,0.0041539327449181,-4.779253183669794e-05,0.0012215720520864,-0.0009010906895562,0.0013230024259805,0.0002867551910201,0.8154514917810978,6,60,0.1,3,1,Consumer Staples,239,TIER_3_REMAINDER
SRE,SRE,Utilities,9,-0.0009145067030628,0.0041519753847109,-0.0001016118558958,0.0007645881606087,-0.0007217698277043,0.0013223790186069,0.0009145067030628,0.8167738707997048,9,60,0.15,7,1,Utilities,240,TIER_3_REMAINDER
DAL,DAL,Industrials,8,-0.0028738122938296,0.00413293636297,-0.0003592265367287,0.0004345896148586,-0.0014712693228525,0.0013163152054693,0.0028738122938296,0.818090186005174,8,60,0.1333333333333333,5,1,Industrials,241,TIER_3_REMAINDER
IBM,IBM,Information Technology,12,-0.0016706126645133,0.0041231585440053,-0.0001392177220427,0.0004456130566463,-0.0010658250257903,0.0013132010293365,0.0016706126645133,0.8194033870345107,12,60,0.2,6,1,Information Technology,242,TIER_3_REMAINDER
MCD,MCD,Consumer Discretionary,9,0.0005557331049573,0.0041118482128842,6.174812277303952e-05,0.0007862446069911,-0.0007795085048976,0.0013095987573618,0.0005557331049573,0.8207129857918726,9,60,0.15,9,1,Consumer Discretionary,243,TIER_3_REMAINDER
ADBE,ADBE,Information Technology,7,-0.0020738925813827,0.0041087178723819,-0.0002962703687689,0.0007106448373945,-0.0010953933496427,0.001308601762867,0.0020738925813827,0.8220215875547396,7,60,0.1166666666666666,7,1,Information Technology,244,TIER_3_REMAINDER
MHK,MHK,Consumer Discretionary,9,-0.0036447134146355,0.0040832734173582,-0.0004049681571817,0.0002192800013613,-0.001306116850431,0.0013004978580155,0.0036447134146355,0.8233220854127552,9,59,0.1525423728813559,4,1,Consumer Discretionary,245,TIER_3_REMAINDER
GL,GL,Financials,17,0.0017574447986656,0.00407349891581,0.0001033791058038,0.0008474382409113,-0.0004236881596484,0.0012973847384599,0.0017574447986656,0.8246194701512152,17,60,0.2833333333333333,10,1,Financials,246,TIER_3_REMAINDER
IQV,IQV,Health Care,10,0.0004529615790148,0.0040659386754725,4.5296157901486856e-05,0.0012950869976942,-0.0005445260924103,0.0012949768476919,0.0004529615790148,0.825914446998907,10,60,0.1666666666666666,5,1,Health Care,247,TIER_3_REMAINDER
SLB,SLB,Energy,6,0.0014109568993976,0.0040587716481376,0.0002351594832329,0.0015493004598717,-0.0005649011368321,0.0012926941928841,0.0014109568993976,0.8272071411917912,6,60,0.1,5,1,Energy,248,TIER_3_REMAINDER
MOH,MOH,Health Care,10,-0.0028993689011306,0.0040457723412873,-0.000289936890113,0.0002319969921152,-0.0009140873712736,0.0012885539923669,0.0028993689011306,0.8284956951841581,10,46,0.217391304347826,4,1,Health Care,249,TIER_3_REMAINDER
K,K,Consumer Staples,13,-0.0019504758348456,0.0040421317722362,-0.0001500366026804,0.0004367791510366,-0.0013879052633843,0.0012873944931688,0.0019504758348456,0.829783089677327,13,59,0.2203389830508474,11,1,Consumer Staples,250,TIER_3_REMAINDER
WYNN,WYNN,Consumer Discretionary,11,-0.0032979511792449,0.0040164908181666,-0.0002998137435677,0.0001729535164949,-0.0012841209113916,0.0012792280045611,0.0032979511792449,0.8310623176818881,12,60,0.2,9,1,Consumer Discretionary,251,TIER_3_REMAINDER
CHD,CHD,Consumer Staples,11,0.0011046639740338,0.003994933972123,0.0001004239976394,0.0007191867654558,-0.000815845699183,0.0012723622796293,0.0011046639740338,0.8323346799615174,11,60,0.1833333333333333,9,1,Consumer Staples,252,TIER_3_REMAINDER
EXE,EXE,Energy,2,-0.0006175689424325,0.0039814423155879,-0.0003087844712162,0.0016819366865776,-0.0022995056290102,0.0012680652687187,0.0006175689424325,0.8336027452302363,3,10,0.3,2,1,Energy,253,TIER_3_REMAINDER
CARR,CARR,Industrials,13,0.0004247407062717,0.0039664858549316,3.267236202090595e-05,0.0007853999686139,-0.0005990249651777,0.0012633017265655,0.0004247407062717,0.8348660469568018,13,58,0.2241379310344827,8,1,Industrials,254,TIER_3_REMAINDER
NTAP,NTAP,Information Technology,14,0.0009910851325655,0.0039564663122781,7.079179518325608e-05,0.0009437029144561,-0.0003740840137604,0.0012601105629016,0.0009910851325655,0.8361261575197034,14,60,0.2333333333333333,7,1,Information Technology,255,TIER_3_REMAINDER
BNY,BNY,Financials,18,0.0024292686784564,0.0039449332167097,0.0001349593710253,0.0007610869191059,-0.0004458681174763,0.0012564373417993,0.0024292686784564,0.8373825948615028,19,60,0.3166666666666666,16,1,Financials,256,TIER_3_REMAINDER
MRSH,MRSH,Financials,11,0.0014364694238793,0.0039150375108026,0.0001305881294435,0.0008387819566233,-0.0006841992965312,0.0012469157404951,0.0014364694238793,0.838629510601998,11,60,0.1833333333333333,3,1,Financials,257,TIER_3_REMAINDER
RJF,RJF,Financials,16,-0.0002229491957848,0.0039008578788756,-1.3934324736552384e-05,0.0008065618745492,-0.0005065759694538,0.0012423996135882,0.0002229491957848,0.8398719102155862,16,60,0.2666666666666666,5,1,Financials,258,TIER_3_REMAINDER
LYB,LYB,Materials,4,-0.0027466589008595,0.0038896814622171,-0.0006866647252148,0.0005715112806788,-0.0014132596848753,0.0012388399925589,0.0027466589008595,0.8411107502081451,4,60,0.0666666666666666,2,1,Materials,259,TIER_3_REMAINDER
HII,HII,Industrials,9,-0.0001109635343062,0.0038583387695838,-1.2329281589586336e-05,0.0006616607408738,-0.0010511097473984,0.0012288575347444,0.0001109635343062,0.8423396077428895,10,60,0.1666666666666666,7,1,Industrials,260,TIER_3_REMAINDER
EIX,EIX,Utilities,14,-0.0018964243823849,0.003845829991373,-0.000135458884456,0.000363965026168,-0.0005417471363983,0.0012248735646285,0.0018964243823849,0.843564481307518,14,60,0.2333333333333333,8,1,Utilities,261,TIER_3_REMAINDER
CPRT,CPRT,Industrials,11,0.0007754568141055,0.0038447187971384,7.049607400959878e-05,0.0008226980566679,-0.0005903862593981,0.0012245196559934,0.0007754568141055,0.8447890009635115,11,60,0.1833333333333333,11,1,Industrials,262,TIER_3_REMAINDER
AMAT,AMAT,Information Technology,20,8.424772171722783e-05,0.0038425503079739,4.212386085861392e-06,0.0003116418763802,-0.000509221614817,0.0012238290053253,8.424772171722783e-05,0.8460128299688369,20,60,0.3333333333333333,11,1,Information Technology,263,TIER_3_REMAINDER
BG,BG,Consumer Staples,5,-0.0038367321607481,0.0038367321607481,-0.0007673464321496,-3.770597639582136e-05,-0.0016617665558085,0.0012219759606645,0.0038367321607481,0.8472348059295014,6,34,0.1764705882352941,4,1,Consumer Staples,264,TIER_3_REMAINDER
BX,BX,Financials,10,-0.0010090024518901,0.0038281525200215,-0.000100900245189,0.0008305579482824,-0.0007118519039041,0.0012192433970453,0.0010090024518901,0.8484540493265468,10,28,0.3571428571428571,5,1,Financials,265,TIER_3_REMAINDER
MRK,MRK,Health Care,13,0.0014250130149767,0.0038035400217926,0.0001096163857674,0.0005301517331876,-0.0006136130352651,0.0012114044653953,0.0014250130149767,0.8496654537919421,13,60,0.2166666666666666,7,1,Health Care,266,TIER_3_REMAINDER
PFG,PFG,Financials,11,0.0005788515908337,0.0037863472006201,5.262287189397848e-05,0.0009882123743744,-0.0004894363796575,0.0012059286559594,0.0005788515908337,0.8508713824479016,11,60,0.1833333333333333,8,1,Financials,267,TIER_3_REMAINDER
CFG,CFG,Financials,11,-0.000143050052358,0.0037831679441978,-1.3004550214370607e-05,0.0008973769396576,-0.0004842785812423,0.0012049160820402,0.000143050052358,0.8520762985299419,12,60,0.2,5,1,Financials,268,TIER_3_REMAINDER
EFX,EFX,Industrials,9,-0.0021629795503643,0.0037760979054014,-0.0002403310611515,0.0003665716824289,-0.0008043032531764,0.0012026643174947,0.0021629795503643,0.8532789628474367,9,60,0.15,7,1,Industrials,269,TIER_3_REMAINDER
TGT,TGT,Consumer Discretionary | Consumer Staples,10,-0.0033569226458195,0.0037368940967102,-0.0003356922645819,0.0001899857254453,-0.0018740665203114,0.0011901781418171,0.0033569226458195,0.8544691409892538,10,60,0.1666666666666666,7,2,Consumer Staples,270,TIER_3_REMAINDER
ESS,ESS,Real Estate,5,-0.0002516372160718,0.0037039615714296,-5.0327443214374606e-05,0.0012762445296484,-0.0010519820141149,0.0011796893319313,0.0002516372160718,0.8556488303211851,5,60,0.0833333333333333,2,1,Real Estate,271,TIER_3_REMAINDER
PFE,PFE,Health Care,8,-0.0004012333178842,0.0037026568855396,-5.015416473553541e-05,0.0006342515637074,-0.0008470273792977,0.0011792737973756,0.0004012333178842,0.8568281041185607,8,60,0.1333333333333333,8,1,Health Care,272,TIER_3_REMAINDER
JNPR,JNPR,Information Technology,9,0.0004212229407654,0.0036847158839297,4.680254897393745e-05,0.0006047733485254,-0.0009919038561308,0.0011735596970008,0.0004212229407654,0.8580016638155615,9,54,0.1666666666666666,6,1,Information Technology,273,TIER_3_REMAINDER
APH,APH,Information Technology,11,0.0014105815926972,0.0036789193934961,0.0001282346902452,0.000559095871564,-0.0003837802548405,0.0011717135498972,0.0014105815926972,0.8591733773654587,12,60,0.2,7,1,Information Technology,274,TIER_3_REMAINDER
VRSN,VRSN,Information Technology,7,-0.0034172974213551,0.0036643276000435,-0.0004881853459078,0.0001235150893442,-0.0013166659563165,0.0011670661520401,0.0034172974213551,0.8603404435174988,7,60,0.1166666666666666,6,1,Information Technology,275,TIER_3_REMAINDER
NVR,NVR,Consumer Discretionary,8,-0.0004082078002372,0.0036449348863358,-5.102597502966243e-05,0.0005056903913816,-0.0006719921894744,0.0011608896901527,0.0004082078002372,0.8615013332076515,8,60,0.1333333333333333,3,1,Consumer Discretionary,276,TIER_3_REMAINDER
ODFL,ODFL,Industrials,13,-0.0012434288500202,0.0036351695322354,-9.564837307847832e-05,0.0003665703386567,-0.0006510222215465,0.0011577794840038,0.0012434288500202,0.8626591126916554,13,60,0.2166666666666666,5,1,Industrials,277,TIER_3_REMAINDER
CAT,CAT,Industrials,16,-0.0014264476704694,0.0036314253488764,-8.915297940434329e-05,0.0006985322109479,-0.0008082027772207,0.0011565869842761,0.0014264476704694,0.8638156996759315,17,60,0.2833333333333333,4,1,Industrials,278,TIER_3_REMAINDER
SEE,SEE,Materials,5,-0.0033641386450989,0.0035919997142667,-0.0006728277290197,0.0001139305345838,-0.0014078017261757,0.0011440301583866,0.0033641386450989,0.8649597298343182,5,35,0.1428571428571428,4,1,Materials,279,TIER_3_REMAINDER
LH,LH,Health Care,14,-0.0011032798701407,0.0035829505574509,-7.880570501005298e-05,0.0002369900181692,-0.0010745473283393,0.0011411480567361,0.0011032798701407,0.8661008778910544,14,60,0.2333333333333333,6,1,Health Care,280,TIER_3_REMAINDER
HPQ,HPQ,Information Technology,10,-0.0029482274562283,0.0035806116568421,-0.0002948227456228,0.0002219294575828,-0.0009052193024623,0.0011404031310549,0.0029482274562283,0.8672412810221093,10,60,0.1666666666666666,5,1,Information Technology,281,TIER_3_REMAINDER
CL,CL,Consumer Staples,9,0.000653992561846,0.0035161354578243,7.266584020512217e-05,0.0007407331893894,-0.0008553362543131,0.00111986785209,0.000653992561846,0.8683611488741992,9,60,0.15,9,1,Consumer Staples,282,TIER_3_REMAINDER
INCY,INCY,Health Care,8,-0.0009755215038047,0.0034989421244427,-0.0001219401879755,0.0005734487655008,-0.0011952954469448,0.0011143918795186,0.0009755215038047,0.8694755407537178,9,60,0.15,3,1,Health Care,283,TIER_3_REMAINDER
WAB,WAB,Industrials,16,0.0005065044223582,0.0034831570175484,3.165652639738899e-05,0.0003493945722774,-0.0005085580393501,0.0011093644185562,0.0005065044223582,0.870584905172274,16,60,0.2666666666666666,11,1,Industrials,284,TIER_3_REMAINDER
KIM,KIM,Real Estate,11,0.0002124876006295,0.0034665493040154,1.9317054602682847e-05,0.0008331534508904,-0.0006525859821217,0.0011040749623605,0.0002124876006295,0.8716889801346346,11,60,0.1833333333333333,8,1,Real Estate,285,TIER_3_REMAINDER
FE,FE,Utilities,10,0.0010181758340329,0.0034223732614665,0.0001018175834032,0.0006793256784254,-0.000717012036897,0.0010900051603075,0.0010181758340329,0.8727789852949421,10,60,0.1666666666666666,7,1,Utilities,286,TIER_3_REMAINDER
IFF,IFF,Materials,4,-0.0022619810333109,0.0033956094753054,-0.0005654952583277,0.0005668142209972,-0.001886886422059,0.0010814810564777,0.0022619810333109,0.8738604663514199,4,60,0.0666666666666666,4,1,Materials,287,TIER_3_REMAINDER
ELV,ELV,Health Care,10,0.0009202448645805,0.0033951416722171,9.2024486458058e-05,0.0008578322887871,-0.0005475769266107,0.0010813320640268,0.0009202448645805,0.8749417984154467,10,60,0.1666666666666666,6,1,Health Care,288,TIER_3_REMAINDER
MMM,MMM,Industrials,12,-0.000430194941476,0.0033621285297969,-3.584957845633433e-05,0.0008413874671987,-0.0004999001419581,0.0010708175780702,0.000430194941476,0.876012615993517,13,60,0.2166666666666666,11,1,Industrials,289,TIER_3_REMAINDER
TECH,TECH,Health Care,6,-0.0004422218002668,0.0033618050555058,-7.370363337780457e-05,0.0008515145773393,-0.0014913731014796,0.0010707145534672,0.0004422218002668,0.8770833305469842,6,53,0.1132075471698113,6,1,Health Care,290,TIER_3_REMAINDER
SBUX,SBUX,Consumer Discretionary,4,-0.0032236195725443,0.0033598820788178,-0.000805904893136,6.813125313674148e-05,-0.0014874080680454,0.0010701020970362,0.0032236195725443,0.8781534326440205,4,60,0.0666666666666666,2,1,Consumer Discretionary,291,TIER_3_REMAINDER
TJX,TJX,Consumer Discretionary,8,0.001490017049897,0.0033556977684361,0.0001862521312371,0.0010426360754107,-0.0006662292101945,0.0010687694195169,0.001490017049897,0.8792222020635374,8,60,0.1333333333333333,6,1,Consumer Discretionary,292,TIER_3_REMAINDER
LDOS,LDOS,Industrials,11,-0.0005797456949809,0.0033530296845328,-5.27041540891794e-05,0.0007783891081724,-0.0008147938052429,0.0010679196509497,0.0005797456949809,0.8802901217144872,11,60,0.1833333333333333,5,1,Industrials,293,TIER_3_REMAINDER
TRV,TRV,Financials,10,-0.0003426176696411,0.0033294176754202,-3.426176696411056e-05,0.0008662802517213,-0.0007798574078606,0.001060399369025,0.0003426176696411,0.8813505210835122,10,60,0.1666666666666666,6,1,Financials,294,TIER_3_REMAINDER
CHRW,CHRW,Industrials,11,-0.0011807611609414,0.0033170653602451,-0.0001073419237219,0.0004279912591536,-0.0007508799077659,0.0010564652314385,0.0011807611609414,0.8824069863149508,12,60,0.2,6,1,Industrials,295,TIER_3_REMAINDER
DISH,DISH,Communication Services,1,-0.0032966605276275,0.0032966605276275,-0.0032966605276275,-0.0032966605276275,-0.0032966605276275,0.0010499664158071,0.0032966605276275,0.883456952730758,1,29,0.0344827586206896,1,1,Communication Services,296,TIER_3_REMAINDER
PNR,PNR,Industrials,15,-0.0014233005621891,0.0032901791696926,-9.48867041459442e-05,0.0003240460318178,-0.0004397891751111,0.0010479021425513,0.0014233005621891,0.8845048548733093,15,60,0.25,6,1,Industrials,297,TIER_3_REMAINDER
FFIV,FFIV,Information Technology,8,-0.0024951969111953,0.0032463351427991,-0.0003118996138994,0.0003755691158018,-0.0018395325113593,0.0010339380854741,0.0024951969111953,0.8855387929587835,8,60,0.1333333333333333,8,1,Information Technology,298,TIER_3_REMAINDER
PAYX,PAYX,Industrials | Information Technology,14,-0.0002072126893996,0.0032428972502021,-1.4800906385690283e-05,0.0007618770948295,-0.0006213511136343,0.0010328431374994,0.0002072126893996,0.886571636096283,14,60,0.2333333333333333,8,2,Industrials,299,TIER_3_REMAINDER
ROL,ROL,Industrials,7,-0.0032375994352135,0.0032375994352135,-0.0004625142050305,-0.000155164533819,-0.0009757834894003,0.0010311558155054,0.0032375994352135,0.8876027919117884,7,60,0.1166666666666666,4,1,Industrials,300,TIER_3_REMAINDER
APD,APD,Materials,7,-0.0009617173354042,0.0032330237232272,-0.000137388190772,0.0005339505346844,-0.0008742918391344,0.001029698478945,0.0009617173354042,0.8886324903907334,7,60,0.1166666666666666,4,1,Materials,301,TIER_3_REMAINDER
MDLZ,MDLZ,Consumer Staples,8,-0.001957870837433,0.003210488067808,-0.0002447338546791,0.0003230092858066,-0.0010116536421696,0.001022521009154,0.001957870837433,0.8896550113998875,8,60,0.1333333333333333,6,1,Consumer Staples,302,TIER_3_REMAINDER
QCOM,QCOM,Information Technology,7,-0.0030449486852695,0.0031786829221042,-0.0004349926693242,6.686711841735471e-05,-0.0011885552128086,0.0010123912628367,0.0030449486852695,0.8906674026627243,7,60,0.1166666666666666,2,1,Information Technology,303,TIER_3_REMAINDER
A,A,Health Care,10,-0.0001596411444696,0.0031720045905123,-1.5964114446964487e-05,0.0009685542494434,-0.0006542082255915,0.001010264254664,0.0001596411444696,0.8916776669173883,10,60,0.1666666666666666,8,1,Health Care,304,TIER_3_REMAINDER
AMGN,AMGN,Health Care,10,-0.0022472700469219,0.0031704076348071,-0.0002247270046921,0.0001935625760939,-0.0011027895236284,0.0010097556339419,0.0022472700469219,0.8926874225513303,11,60,0.1833333333333333,4,1,Health Care,305,TIER_3_REMAINDER
CTLT,CTLT,Health Care,9,0.0002680343136368,0.0031639062984986,2.978159040409206e-05,0.0007172212462556,-0.0008340960113014,0.0010076849976952,0.0002680343136368,0.8936951075490255,9,47,0.1914893617021276,4,1,Health Care,306,TIER_3_REMAINDER
ADP,ADP,Industrials | Information Technology,14,-0.0009554224167552,0.003130732626297,-6.824445833965917e-05,0.0004355570460352,-0.0009848195916545,0.0009971193839752,0.0009554224167552,0.8946922269330008,14,60,0.2333333333333333,10,2,Industrials,307,TIER_3_REMAINDER
RVTY,RVTY,Health Care,9,-0.0026371183653518,0.0031183197985004,-0.0002930131517057,0.0001279246181003,-0.0009364572702595,0.0009931659734853,0.0026371183653518,0.8956853929064861,9,60,0.15,3,1,Health Care,308,TIER_3_REMAINDER
ALL,ALL,Financials,11,3.183415568705107e-05,0.0030858728765713,2.894014153368279e-06,0.0005163186073545,-0.0008209621858068,0.0009828318253265,3.183415568705107e-05,0.8966682247318126,11,60,0.1833333333333333,7,1,Financials,309,TIER_3_REMAINDER
BMY,BMY,Health Care,9,-0.0006680200955652,0.0030723060908155,-7.422445506280684e-05,0.0005798802216273,-0.0006709083342199,0.0009785108862141,0.0006680200955652,0.8976467356180268,9,60,0.15,3,1,Health Care,310,TIER_3_REMAINDER
FDX,FDX,Industrials,11,-0.0018831846622975,0.0030528884834374,-0.0001711986056634,0.0003628157106885,-0.0005523504487803,0.0009723264958435,0.0018831846622975,0.8986190621138703,11,60,0.1833333333333333,7,1,Industrials,311,TIER_3_REMAINDER
IVZ,IVZ,Financials,11,-0.000212353004332,0.0030468245561148,-1.930481857564219e-05,0.0005697968856578,-0.0005888824299118,0.00097039517171,0.000212353004332,0.8995894572855804,12,60,0.2,9,1,Financials,312,TIER_3_REMAINDER
CBOE,CBOE,Financials,13,0.0001009141227208,0.003025357029272,7.762624824682846e-06,0.0004368105956904,-0.0005599575583271,0.0009635578944027,0.0001009141227208,0.9005530151799832,14,60,0.2333333333333333,6,1,Financials,313,TIER_3_REMAINDER
SBNY,SBNY,Financials,4,-0.0011509430982643,0.0030032994096304,-0.000287735774566,0.000926178155683,-0.0010249273081734,0.0009565326761122,0.0011509430982643,0.9015095478560956,4,15,0.2666666666666666,4,1,Financials,314,TIER_3_REMAINDER
JPM,JPM,Financials,19,0.0013781152172886,0.0029902132340519,7.253237985729642e-05,0.0004385175057525,-0.0003077494024522,0.0009523648084311,0.0013781152172886,0.9024619126645268,20,60,0.3333333333333333,5,1,Financials,315,TIER_3_REMAINDER
DGX,DGX,Health Care,9,0.0006497137212259,0.0029394103020839,7.219041346954854e-05,0.0007079927338323,-0.0007515103113335,0.0009361843822259,0.0006497137212259,0.9033980970467528,9,60,0.15,7,1,Health Care,316,TIER_3_REMAINDER
HES,HES,Energy,7,-0.002136262502661,0.0029348780623573,-0.000305180357523,0.0003672018522326,-0.0008695252925297,0.000934740891317,0.002136262502661,0.9043328379380696,7,54,0.1296296296296296,4,1,Energy,317,TIER_3_REMAINDER
NDAQ,NDAQ,Financials,8,-0.0010032638544584,0.0029317495947011,-0.0001254079818073,0.0004794104806821,-0.0009830888205254,0.0009337444933123,0.0010032638544584,0.905266582431382,8,60,0.1333333333333333,3,1,Financials,318,TIER_3_REMAINDER
EVRG,EVRG,Utilities,7,-0.0027844197857141,0.0029166457354134,-0.000397774255102,6.611297484966655e-05,-0.0010782772831601,0.0009289340055874,0.0027844197857141,0.9061955164369696,8,60,0.1333333333333333,3,1,Utilities,319,TIER_3_REMAINDER
CTAS,CTAS,Industrials,15,0.0005618328677304,0.0029115709130237,3.745552451536385e-05,0.0003928240499665,-0.0006463596136899,0.0009273177053858,0.0005618328677304,0.9071228341423554,15,60,0.25,3,1,Industrials,320,TIER_3_REMAINDER
AIG,AIG,Financials,13,0.0006737007889443,0.0029089522463896,5.182313761110305e-05,0.0004258327453386,-0.0003457528459612,0.0009264836759197,0.0006737007889443,0.9080493178182752,13,60,0.2166666666666666,5,1,Financials,321,TIER_3_REMAINDER
WM,WM,Industrials,9,-0.0001953018036371,0.0028961103862312,-2.170020040412425e-05,0.0004726889566064,-0.0008611864339327,0.0009223936212204,0.0001953018036371,0.9089717114394956,9,60,0.15,4,1,Industrials,322,TIER_3_REMAINDER
CB,CB,Financials,10,0.0004483877113396,0.002880773769407,4.483877113396177e-05,0.0007085627138046,-0.0006310614328113,0.0009175090016296,0.0004483877113396,0.9098892204411252,10,60,0.1666666666666666,5,1,Financials,323,TIER_3_REMAINDER
INTU,INTU,Information Technology,8,-0.0001439698809371,0.0028679534357805,-1.7996235117149594e-05,0.0006805972203963,-0.0006671206130722,0.0009134258030004,0.0001439698809371,0.9108026462441258,8,60,0.1333333333333333,7,1,Information Technology,324,TIER_3_REMAINDER
FMC,FMC,Materials,4,0.0021566699426313,0.0028604370916136,0.0005391674856578,0.0018384573205337,-0.0003518835744911,0.0009110318928969,0.0021566699426313,0.9117136781370228,4,50,0.08,2,1,Materials,325,TIER_3_REMAINDER
HIG,HIG,Financials,13,-0.0003812728627718,0.0028587528544657,-2.932868175167792e-05,0.0003018753689301,-0.0005068270724285,0.0009104954735639,0.0003812728627718,0.9126241736105868,14,60,0.2333333333333333,4,1,Financials,326,TIER_3_REMAINDER
BLDR,BLDR,Industrials,7,-0.0011579570478222,0.0028376302062277,-0.0001654224354031,0.000315949450016,-0.000768397990604,0.0009037680380039,0.0011579570478222,0.9135279416485906,7,25,0.28,6,1,Industrials,327,TIER_3_REMAINDER
RMD,RMD,Health Care,10,0.0011322064116288,0.0028040383375358,0.0001132206411628,0.000716441465533,-0.0002483817946869,0.0008930692312341,0.0011322064116288,0.9144210108798247,10,60,0.1666666666666666,8,1,Health Care,328,TIER_3_REMAINDER
CME,CME,Financials,10,-0.0017143968304755,0.0027921268131843,-0.0001714396830475,0.0003186888410063,-0.0004891404936562,0.0008892754828559,0.0017143968304755,0.9153102863626806,10,60,0.1666666666666666,5,1,Financials,329,TIER_3_REMAINDER
EMN,EMN,Materials,4,-0.0011297281015222,0.0027648618777741,-0.0002824320253805,0.0008175668881259,-0.0009831151456541,0.0008805917660249,0.0011297281015222,0.9161908781287056,4,58,0.0689655172413793,3,1,Materials,330,TIER_3_REMAINDER
WBA,WBA,Consumer Staples,4,-0.0004762633115375,0.0027496746460634,-0.0001190658278843,0.0011367056672629,-0.0007126996120192,0.0008757547246881,0.0004762633115375,0.9170666328533936,4,55,0.0727272727272727,4,1,Consumer Staples,331,TIER_3_REMAINDER
EA,EA,Communication Services,4,-0.000405541194226,0.0027252786535164,-0.0001013852985565,0.0011255689431323,-0.0013056817883658,0.0008679847487868,0.000405541194226,0.9179346176021804,4,60,0.0666666666666666,3,1,Communication Services,332,TIER_3_REMAINDER
BIIB,BIIB,Health Care,9,-0.0001346213997021,0.0027202093492065,-1.4957933300241368e-05,0.0005291148643383,-0.0007501266946647,0.0008663702060602,0.0001346213997021,0.9188009878082408,9,60,0.15,9,1,Health Care,333,TIER_3_REMAINDER
AMP,AMP,Financials,18,0.0008099106088609,0.0026812171468134,4.49950338256056e-05,0.0004093481411977,-0.0003036383126041,0.0008539514257072,0.0008099106088609,0.919654939233948,18,60,0.3,8,1,Financials,334,TIER_3_REMAINDER
JKHY,JKHY,Information Technology,9,-0.0009309810550112,0.0026757488955855,-0.0001034423394456,0.0003617501898723,-0.000770578444468,0.000852209820803,0.0009309810550112,0.9205071490547512,9,60,0.15,9,1,Information Technology,335,TIER_3_REMAINDER
DRI,DRI,Consumer Discretionary,9,-0.0014966895515137,0.0026600384128842,-0.000166298839057,0.0004239936963629,-0.0008675434051973,0.0008472061271941,0.0014966895515137,0.9213543551819452,9,60,0.15,4,1,Consumer Discretionary,336,TIER_3_REMAINDER
HPE,HPE,Information Technology,6,-0.0022490134122746,0.0026469550566323,-0.0003748355687124,0.0001989708221788,-0.0009518513496941,0.0008430391574515,0.0022490134122746,0.9221973943393968,6,60,0.1,2,1,Information Technology,337,TIER_3_REMAINDER
MKTX,MKTX,Financials,4,-0.0026307633345733,0.0026307633345733,-0.0006576908336433,-0.0003959052858634,-0.0010333660807749,0.0008378821920213,0.0026307633345733,0.923035276531418,4,56,0.0714285714285714,2,1,Financials,338,TIER_3_REMAINDER
POOL,POOL,Consumer Discretionary,6,-0.0020105228151463,0.0025895718662523,-0.0003350871358577,0.0002895245255529,-0.0009638895488139,0.0008247629587874,0.0020105228151463,0.9238600394902056,6,60,0.1,4,1,Consumer Discretionary,339,TIER_3_REMAINDER
CMCSA,CMCSA,Communication Services,3,-0.0024666630658741,0.0025822047575169,-0.000822221021958,5.7770845821360153e-05,-0.0015533242950113,0.0008224165792652,0.0024666630658741,0.9246824560694707,3,60,0.05,3,1,Communication Services,340,TIER_3_REMAINDER
NLSN,NLSN,Industrials,3,0.0011091978450519,0.0025606046992168,0.0003697326150173,0.0012968461490494,-0.0007257034270824,0.0008155370914913,0.0011091978450519,0.925497993160962,3,21,0.1428571428571428,3,1,Industrials,341,TIER_3_REMAINDER
DUK,DUK,Utilities,8,-0.0002750261437612,0.0025604074629005,-3.437826797015662e-05,0.0005341489489984,-0.0007200994587003,0.0008154742729188,0.0002750261437612,0.926313467433881,8,60,0.1333333333333333,4,1,Utilities,342,TIER_3_REMAINDER
AIZ,AIZ,Financials,10,-0.001003003872726,0.0025573471992957,-0.0001003003872726,0.0004128690263024,-0.0005719055536304,0.0008144995974915,0.001003003872726,0.9271279670313726,10,60,0.1666666666666666,7,1,Financials,343,TIER_3_REMAINDER
VTRS,VTRS,Health Care,5,-0.002000550860923,0.0025544294148846,-0.0004001101721846,0.0002254132436801,-0.0011765466614604,0.0008135703008246,0.002000550860923,0.9279415373321972,5,60,0.0833333333333333,3,1,Health Care,344,TIER_3_REMAINDER
AVY,AVY,Materials,5,-0.0012161904078781,0.0025446700316418,-0.0002432380815756,0.0006642398118818,-0.0009660137058351,0.0008104619963577,0.0012161904078781,0.9287519993285548,5,60,0.0833333333333333,3,1,Materials,345,TIER_3_REMAINDER
AWK,AWK,Utilities,4,-0.0019001292782772,0.0025426755816433,-0.0004750323195693,0.0002534692432766,-0.0012771530037978,0.0008098267761101,0.0019001292782772,0.9295618261046652,4,60,0.0666666666666666,2,1,Utilities,346,TIER_3_REMAINDER
LKQ,LKQ,Consumer Discretionary,11,1.802217882141949e-06,0.00253782367745,1.6383798928563174e-07,0.0006535399451456,-0.0008243238877425,0.0008082814740043,1.802217882141949e-06,0.9303701075786694,11,59,0.1864406779661017,4,1,Consumer Discretionary,347,TIER_3_REMAINDER
MAR,MAR,Consumer Discretionary,10,-0.0003740871592454,0.0025161146272172,-3.740871592454909e-05,0.0004348827970293,-0.0006652732447428,0.0008013672729598,0.0003740871592454,0.9311714748516292,10,60,0.1666666666666666,8,1,Consumer Discretionary,348,TIER_3_REMAINDER
CRM,CRM,Information Technology,6,-8.310671916915863e-05,0.0025030559598472,-1.385111986152644e-05,0.0005134065922471,-0.0007544705166027,0.0007972081664765,8.310671916915863e-05,0.931968683018106,6,60,0.1,3,1,Information Technology,349,TIER_3_REMAINDER
APTV,APTV,Consumer Discretionary,6,-0.0013038588793292,0.0024931387743456,-0.0002173098132215,0.0003721672597355,-0.0010178810955248,0.0007940496029457,0.0013038588793292,0.9327627326210516,6,60,0.1,3,1,Consumer Discretionary,350,TIER_3_REMAINDER
AON,AON,Financials,7,0.0006428439448636,0.0024828751236785,9.183484926623342e-05,0.0004739172656438,-0.0004842261235581,0.0007907806923576,0.0006428439448636,0.9335535133134092,7,60,0.1166666666666666,3,1,Financials,351,TIER_3_REMAINDER
SO,SO,Utilities,8,-0.0017346661055413,0.0024785708126374,-0.0002168332631926,0.0002679761065549,-0.0007203371815397,0.0007894097953549,0.0017346661055413,0.934342923108764,8,60,0.1333333333333333,2,1,Utilities,352,TIER_3_REMAINDER
GPS,GPS,Consumer Discretionary,5,-0.0012538866238071,0.0024267749725116,-0.0002507773247614,0.0004780184069715,-0.0010324677362194,0.0007729131339137,0.0012538866238071,0.935115836242678,5,13,0.3846153846153846,5,1,Consumer Discretionary,353,TIER_3_REMAINDER
CPAY,CPAY,Financials,6,0.0001297178503631,0.0024186974569503,2.161964172719089e-05,0.0007767635244771,-0.0006316491891141,0.0007703404941192,0.0001297178503631,0.9358861767367972,6,60,0.1,6,1,Financials,354,TIER_3_REMAINDER
JBL,JBL,Information Technology,8,-0.0006595714673087,0.0023649748401924,-8.244643341358855e-05,0.0007515122698661,-0.0005863568198398,0.0007532301659879,0.0006595714673087,0.936639406902785,8,25,0.32,5,1,Information Technology,355,TIER_3_REMAINDER
BRK.B,BRK.B,Financials,10,-0.0022023300253993,0.0023626493084073,-0.0002202330025399,8.015964150398175e-05,-0.0006179702282459,0.0007524894981961,0.0022023300253993,0.9373918964009812,10,60,0.1666666666666666,3,1,Financials,356,TIER_3_REMAINDER
TRMB,TRMB,Information Technology,9,-0.0002804147490778,0.00232788250354,-3.1157194341986304e-05,0.0005608435982443,-0.0004144797860185,0.0007414164813691,0.0002804147490778,0.9381333128823502,9,60,0.15,5,1,Information Technology,357,TIER_3_REMAINDER
DELL,DELL,Information Technology,5,-0.0006642809331416,0.0023260779168318,-0.0001328561866283,0.0006046638148665,-0.0009057785197135,0.0007408417314298,0.0006642809331416,0.93887415461378,5,16,0.3125,5,1,Information Technology,358,TIER_3_REMAINDER
TXT,TXT,Industrials,12,0.0007944510195599,0.0023193271170642,6.620425162999962e-05,0.000558151632651,-0.0003969934600019,0.0007386916425819,0.0007944510195599,0.939612846256362,12,60,0.2,12,1,Industrials,359,TIER_3_REMAINDER
MTD,MTD,Health Care,9,-0.0009993106494319,0.0023141710245491,-0.0001110345166035,0.0002757227583752,-0.0004618673180341,0.0007370494583375,0.0009993106494319,0.9403498957146996,9,60,0.15,5,1,Health Care,360,TIER_3_REMAINDER
LOW,LOW,Consumer Discretionary,6,-0.0012065602144594,0.0023084156965931,-0.0002010933690765,0.0004682477608705,-0.0008710883789827,0.0007352164212337,0.0012065602144594,0.9410851121359332,6,60,0.1,5,1,Consumer Discretionary,361,TIER_3_REMAINDER
IR,IR,Industrials,12,0.0001334144980771,0.0022799650921256,1.1117874839760817e-05,0.000438125262447,-0.0006715695895975,0.0007261550759875,0.0001334144980771,0.9418112672119208,12,60,0.2,8,1,Industrials,362,TIER_3_REMAINDER
INTC,INTC,Information Technology,4,-0.0021357899772302,0.002263327086943,-0.0005339474943075,6.376855485637119e-05,-0.0010843289372667,0.0007208559720848,0.0021357899772302,0.9425321231840056,5,60,0.0833333333333333,3,1,Information Technology,363,TIER_3_REMAINDER
PAYC,PAYC,Industrials,5,-0.0022608278905382,0.0022608278905382,-0.0004521655781076,-0.0001769524807059,-0.0007912401576803,0.0007200599931632,0.0022608278905382,0.9432521831771687,5,60,0.0833333333333333,5,1,Industrials,364,TIER_3_REMAINDER
C,C,Financials,8,0.0003847029001687,0.0022445746732184,4.808786252109877e-05,0.0006177143991834,-0.0005310185959926,0.0007148834418649,0.0003847029001687,0.9439670666190336,9,60,0.15,6,1,Financials,365,TIER_3_REMAINDER
SBAC,SBAC,Real Estate,3,-0.0022407734160669,0.0022407734160669,-0.0007469244720223,-5.067266453230379e-05,-0.001528376174962,0.0007136727644799,0.0022407734160669,0.9446807393835136,3,60,0.05,2,1,Real Estate,366,TIER_3_REMAINDER
JBHT,JBHT,Industrials,8,0.0004776152547724,0.0022332774595775,5.970190684655609e-05,0.0004388491159238,-0.0006130193071421,0.0007112853477282,0.0004776152547724,0.9453920247312418,8,60,0.1333333333333333,6,1,Industrials,367,TIER_3_REMAINDER
RF,RF,Financials,8,-0.0004224971091631,0.0022040688710081,-5.281213864538975e-05,0.0004312845908837,-0.0007429839945058,0.0007019825891354,0.0004224971091631,0.9460940073203772,8,60,0.1333333333333333,6,1,Financials,368,TIER_3_REMAINDER
HUM,HUM,Health Care,6,0.0008364746340251,0.0021590286834091,0.0001394124390041,0.0005179237959175,-0.0003935408629769,0.0006876375621166,0.0008364746340251,0.946781644882494,6,60,0.1,3,1,Health Care,369,TIER_3_REMAINDER
DXC,DXC,Information Technology,6,-0.002098140104544,0.002098140104544,-0.000349690017424,-9.054662222783417e-06,-0.0006464424522584,0.0006682449184461,0.002098140104544,0.94744988980094,6,33,0.1818181818181818,6,1,Information Technology,370,TIER_3_REMAINDER
PG,PG,Consumer Staples,6,-0.0013196503178502,0.0020942941952075,-0.0002199417196417,0.0003873219386786,-0.0011281048813709,0.0006670200196106,0.0013196503178502,0.9481169098205507,6,60,0.1,2,1,Consumer Staples,371,TIER_3_REMAINDER
HOOD,HOOD,Financials,3,-0.001394442823914,0.0020772765332122,-0.000464814274638,0.000341416854649,-0.0008739657542194,0.000661599997312,0.001394442823914,0.9487785098178628,4,4,1.0,4,1,Financials,372,TIER_3_REMAINDER
LULU,LULU,Consumer Discretionary,2,-0.0020682420790801,0.0020682420790801,-0.00103412103954,-0.0003012925664847,-0.0017669495125953,0.0006587225783772,0.0020682420790801,0.94943723239624,2,27,0.074074074074074,2,1,Consumer Discretionary,373,TIER_3_REMAINDER
MSCI,MSCI,Financials,6,-0.000162910443925,0.0020675618951379,-2.7151740654181457e-05,0.0007678202532569,-0.0004345713543649,0.0006585059439103,0.000162910443925,0.9500957383401504,6,60,0.1,2,1,Financials,374,TIER_3_REMAINDER
FDS,FDS,Financials,7,0.0001091056506226,0.0020553018289992,1.5586521517524833e-05,0.000567383373857,-0.0004973166420762,0.0006546011870834,0.0001091056506226,0.950750339527234,7,49,0.1428571428571428,5,1,Financials,375,TIER_3_REMAINDER
LHX,LHX,Industrials,6,-0.0003756051476397,0.0020375356101298,-6.260085793996492e-05,0.0005803818982382,-0.0007459342161597,0.0006489427539531,0.0003756051476397,0.9513992822811872,6,60,0.1,5,1,Industrials,376,TIER_3_REMAINDER
PXD,PXD,Energy,2,-0.0018487014070019,0.0020231977854429,-0.0009243507035009,8.724818922051205e-05,-0.0019359495962224,0.0006443762436101,0.0018487014070019,0.9520436585247972,2,40,0.05,1,1,Energy,377,TIER_3_REMAINDER
ABMD,ABMD,Health Care,4,-0.0020218680311518,0.0020218680311518,-0.0005054670077879,-0.0002871405400208,-0.0009531005949972,0.0006439527249204,0.0020218680311518,0.9526876112497176,4,23,0.1739130434782608,4,1,Health Care,378,TIER_3_REMAINDER
UNH,UNH,Health Care,8,0.0008429341812579,0.0020163165824019,0.0001053667726572,0.0006496228511058,-0.0005485990282052,0.0006421846221092,0.0008429341812579,0.953329795871827,8,60,0.1333333333333333,6,1,Health Care,379,TIER_3_REMAINDER
ROK,ROK,Industrials,7,0.0004413010774372,0.0020039071907952,6.304301106246018e-05,0.0004687121528896,-0.0005843735220266,0.000638232306025,0.0004413010774372,0.953968028177852,8,60,0.1333333333333333,5,1,Industrials,380,TIER_3_REMAINDER
V,V,Financials | Information Technology,10,-0.000257291322806,0.0019915689351152,-2.5729132280609715e-05,0.0002792966752002,-0.0003971634499282,0.0006343026463026,0.000257291322806,0.9546023308241548,10,60,0.1666666666666666,3,2,Financials,381,TIER_3_REMAINDER
KVUE,KVUE,Consumer Staples,4,-0.0012323553393919,0.0019645311195814,-0.0003080888348479,0.0001567974100405,-0.0015984432294866,0.000625691265777,0.0012323553393919,0.9552280220899316,4,20,0.2,3,1,Consumer Staples,382,TIER_3_REMAINDER
APP,APP,Information Technology,3,-0.0004346847665022,0.0019473756051482,-0.0001448949221674,0.0007563454193229,-0.0011122371188162,0.0006202273383117,0.0004346847665022,0.9558482494282434,4,4,1.0,4,1,Information Technology,383,TIER_3_REMAINDER
MCHP,MCHP,Information Technology,5,-0.0018652988675688,0.0019422844565723,-0.0003730597735137,3.849279450178164e-05,-0.0007752931813179,0.0006186058383186,0.0018652988675688,0.9564668552665622,5,60,0.0833333333333333,2,1,Information Technology,384,TIER_3_REMAINDER
KEY,KEY,Financials,7,-6.354745482062588e-05,0.0019314927038163,-9.078207831517983e-06,0.0005025599141287,-0.0005439794658363,0.0006151687304131,6.354745482062588e-05,0.9570820239969752,7,60,0.1166666666666666,3,1,Financials,385,TIER_3_REMAINDER
ADI,ADI,Information Technology,5,-0.0005334709423183,0.0019302936862146,-0.0001066941884636,0.0005535626560515,-0.0007174626924692,0.0006147868505673,0.0005334709423183,0.9576968108475428,5,60,0.0833333333333333,2,1,Information Technology,386,TIER_3_REMAINDER
FAST,FAST,Industrials,6,-0.0008433530425511,0.0019179873568761,-0.0001405588404251,0.0004467790223251,-0.0009175950054546,0.0006108673591914,0.0008433530425511,0.958307678206734,6,60,0.1,2,1,Industrials,387,TIER_3_REMAINDER
ERIE,ERIE,Financials,3,-0.001892070212002,0.001892070212002,-0.0006306900706673,-8.871531249367062e-05,-0.0011926474197102,0.0006026129054849,0.001892070212002,0.958910291112219,3,16,0.1875,3,1,Financials,388,TIER_3_REMAINDER
UPS,UPS,Industrials,5,-0.0018009229030428,0.0018009229030428,-0.0003601845806085,-7.193718514523867e-05,-0.0006887639753214,0.000573583039505,0.0018009229030428,0.959483874151724,5,60,0.0833333333333333,2,1,Industrials,389,TIER_3_REMAINDER
STZ,STZ,Consumer Staples,5,-0.0010101041482691,0.0017960781719983,-0.0002020208296538,0.0003929870118646,-0.0006476026960895,0.0005720400220036,0.0010101041482691,0.9600559141737276,5,60,0.0833333333333333,3,1,Consumer Staples,390,TIER_3_REMAINDER
IBKR,IBKR,Financials,4,0.0002325670990622,0.0017795900010461,5.814177476557319e-05,0.0006805247503462,-0.0005666649646474,0.000566788639396,0.0002325670990622,0.9606227028131236,5,5,1.0,5,1,Financials,391,TIER_3_REMAINDER
LUMN,LUMN,Communication Services,3,-0.0013995964929922,0.0017662894417374,-0.0004665321643307,0.0001833464743725,-0.0011907279572253,0.0005625524917949,0.0013995964929922,0.9611852553049186,3,26,0.1153846153846153,2,1,Communication Services,392,TIER_3_REMAINDER
ZION,ZION,Financials,5,-2.5366595775519712e-05,0.0017614445794382,-5.073319155103942e-06,0.0005584565446602,-0.0004571173900393,0.0005610094324897,2.5366595775519712e-05,0.9617462647374084,5,38,0.131578947368421,4,1,Financials,393,TIER_3_REMAINDER
NXPI,NXPI,Information Technology,5,-0.0002846632490587,0.0017461412299886,-5.693264981174719e-05,0.0005571756418679,-0.0004434750182366,0.0005561354083562,0.0002846632490587,0.9623024001457646,5,58,0.0862068965517241,5,1,Information Technology,394,TIER_3_REMAINDER
MA,MA,Financials | Information Technology,9,-0.000524075419902,0.001733343705001,-5.823060221134124e-05,0.000305109668701,-0.0002967915341606,0.0005520594741404,0.000524075419902,0.9628544596199052,9,60,0.15,3,2,Financials,395,TIER_3_REMAINDER
PYPL,PYPL,Financials | Information Technology,5,-0.0002204821574872,0.0017170231340952,-4.409643149744886e-05,0.0003942773890232,-0.0005447790911837,0.0005468614711328,0.0002204821574872,0.963401321091038,5,60,0.0833333333333333,4,2,Financials,396,TIER_3_REMAINDER
CVS,CVS,Health Care,9,-0.0005017668591015,0.0016993407710895,-5.57518732335012e-05,0.000224536932198,-0.0004200049477349,0.0005412297455873,0.0005017668591015,0.9639425508366252,10,60,0.1666666666666666,5,1,Health Care,397,TIER_3_REMAINDER
DTE,DTE,Utilities,6,-0.0005781851865091,0.0016897597978164,-9.636419775152376e-05,0.0005148202577926,-0.0007944355581524,0.0005381782636154,0.0005781851865091,0.9644807291002409,6,60,0.1,4,1,Utilities,398,TIER_3_REMAINDER
EW,EW,Health Care,7,-0.0007768975964038,0.0016859106285028,-0.0001109853709148,0.0002548796044169,-0.0004591585301343,0.0005369523264969,0.0007768975964038,0.9650176814267376,7,60,0.1166666666666666,3,1,Health Care,399,TIER_3_REMAINDER
AOS,AOS,Industrials,4,-0.0014209918648438,0.0016734586062122,-0.0003552479662109,0.0001262333706842,-0.0006354277490133,0.000532986432798,0.0014209918648438,0.9655506678595358,4,60,0.0666666666666666,3,1,Industrials,400,TIER_3_REMAINDER
BXP,BXP,Real Estate,4,-0.0015706649155033,0.0016701279738456,-0.0003926662288758,4.9731529171177446e-05,-0.000885495700289,0.0005319256465572,0.0015706649155033,0.966082593506093,4,60,0.0666666666666666,2,1,Real Estate,401,TIER_3_REMAINDER
PTC,PTC,Information Technology,7,-0.0002639591914683,0.0016694854461392,-3.770845592405643e-05,0.0003863063877757,-0.0004495585311141,0.0005317210053734,0.0002639591914683,0.9666143145114664,7,57,0.1228070175438596,5,1,Information Technology,402,TIER_3_REMAINDER
ALK,ALK,Industrials,5,-0.001655598959727,0.001655598959727,-0.0003311197919454,-0.0001716263115052,-0.0007055296783297,0.0005272982435378,0.001655598959727,0.9671416127550044,5,35,0.1428571428571428,3,1,Industrials,403,TIER_3_REMAINDER
HOLX,HOLX,Health Care,3,-0.0016548392379475,0.0016548392379475,-0.0005516130793158,-3.380829081317606e-05,-0.001234031538341,0.0005270562767514,0.0016548392379475,0.9676686690317556,3,60,0.05,3,1,Health Care,404,TIER_3_REMAINDER
ICE,ICE,Financials,6,-0.000369263830026,0.001614351617204,-6.154397167100549e-05,0.0004265108263896,-0.0006030884624189,0.0005141612147089,0.000369263830026,0.9681828302464648,6,60,0.1,2,1,Financials,405,TIER_3_REMAINDER
SEDG,SEDG,Information Technology,4,-0.0012187528893905,0.0015983431929562,-0.0003046882223476,0.0001135311114196,-0.001063460656863,0.0005090626285217,0.0012187528893905,0.9686918928749864,4,24,0.1666666666666666,2,1,Information Technology,406,TIER_3_REMAINDER
TER,TER,Information Technology,5,0.0002102430969379,0.001573773265211,4.204861938759309e-05,0.0005172409755789,-0.000474613582184,0.000501237255313,0.0002102430969379,0.9691931301302996,5,60,0.0833333333333333,5,1,Information Technology,407,TIER_3_REMAINDER
UAA,UAA,Consumer Discretionary,4,-0.0012770210082618,0.0015725367302706,-0.0003192552520654,0.0001477578610043,-0.0005863092788997,0.000500843426422,0.0012770210082618,0.9696939735567216,4,17,0.2352941176470588,2,1,Consumer Discretionary,408,TIER_3_REMAINDER
MCO,MCO,Financials,7,-0.0002910786855524,0.0015712104799923,-4.158266936463694e-05,0.0006400658972199,-0.0003338346024626,0.0005004210237392,0.0002910786855524,0.9701943945804608,7,60,0.1166666666666666,3,1,Financials,409,TIER_3_REMAINDER
VRSK,VRSK,Industrials,6,-0.0003689420431051,0.0015636511552839,-6.149034051751831e-05,0.0004728698377725,-0.0004994120098475,0.0004980134245935,0.0003689420431051,0.9706924080050544,6,60,0.1,2,1,Industrials,410,TIER_3_REMAINDER
ROST,ROST,Consumer Discretionary,5,-0.0015479863836332,0.0015479863836332,-0.0003095972767266,-7.023174916042154e-05,-0.0007499258870369,0.0004930242896775,0.0015479863836332,0.971185432294732,5,60,0.0833333333333333,4,1,Consumer Discretionary,411,TIER_3_REMAINDER
EOG,EOG,Energy,1,-0.001525285963646,0.001525285963646,-0.001525285963646,-0.001525285963646,-0.001525285963646,0.0004857943433693,0.001525285963646,0.9716712266381012,1,60,0.0166666666666666,1,1,Energy,412,TIER_3_REMAINDER
SJM,SJM,Consumer Staples,6,-0.0004842970030861,0.0015120768293183,-8.071616718101772e-05,0.0004549536956424,-0.0006552115870084,0.0004815873140711,0.0004842970030861,0.9721528139521723,6,60,0.1,6,1,Consumer Staples,413,TIER_3_REMAINDER
CAG,CAG,Consumer Staples,3,-0.0002897512969998,0.0015095825133146,-9.658376566662311e-05,0.0006099156081573,-0.0007425678554111,0.0004807928895277,0.0002897512969998,0.9726336068417002,3,60,0.05,1,1,Consumer Staples,414,TIER_3_REMAINDER
HUBB,HUBB,Industrials,5,0.0007435106493665,0.001507397597602,0.0001487021298733,0.0004050960608451,-0.0003819434741177,0.0004800970071035,0.0007435106493665,0.9731137038488038,5,27,0.1851851851851851,4,1,Industrials,415,TIER_3_REMAINDER
CHTR,CHTR,Communication Services,1,-0.0014596099839122,0.0014596099839122,-0.0014596099839122,-0.0014596099839122,-0.0014596099839122,0.0004648769415113,0.0014596099839122,0.9735785807903152,1,60,0.0166666666666666,1,1,Communication Services,416,TIER_3_REMAINDER
WEC,WEC,Utilities,3,-0.0014480372440708,0.0014480372440708,-0.0004826790813569,-4.124224465048531e-05,-0.0007959906566928,0.0004611910939481,0.0014480372440708,0.9740397718842632,3,60,0.05,3,1,Utilities,417,TIER_3_REMAINDER
KEYS,KEYS,Information Technology,5,-0.0007188819298789,0.0014442117234699,-0.0001437763859757,0.0002804399889243,-0.0005559849923153,0.0004599726888014,0.0007188819298789,0.9744997445730648,5,60,0.0833333333333333,2,1,Information Technology,418,TIER_3_REMAINDER
ARE,ARE,Real Estate,1,-0.0014375437630357,0.0014375437630357,-0.0014375437630357,-0.0014375437630357,-0.0014375437630357,0.0004578489837795,0.0014375437630357,0.9749575935568442,1,60,0.0166666666666666,1,1,Real Estate,419,TIER_3_REMAINDER
AAP,AAP,Consumer Discretionary,4,0.0001739774092979,0.0013999315729925,4.349435232448927e-05,0.0003338050752246,-0.0006129770818472,0.0004458697290036,0.0001739774092979,0.9754034632858478,4,31,0.1290322580645161,2,1,Consumer Discretionary,420,TIER_3_REMAINDER
HD,HD,Consumer Discretionary,3,-0.001397691508378,0.001397691508378,-0.0004658971694593,-0.0002695467501583,-0.0007843840277036,0.0004451562819881,0.001397691508378,0.975848619567836,3,60,0.05,3,1,Consumer Discretionary,421,TIER_3_REMAINDER
MET,MET,Financials,7,-0.0005289422681211,0.001385378527154,-7.556318116017125e-05,0.0002660005028871,-0.0003904546879872,0.000441234672027,0.0005289422681211,0.976289854239863,7,60,0.1166666666666666,4,1,Financials,422,TIER_3_REMAINDER
GEN,GEN,Information Technology,4,-0.0006045688871882,0.0013847975878852,-0.000151142221797,0.0002493620361515,-0.0006388181199715,0.0004410496463876,0.0006045688871882,0.9767309038862506,4,60,0.0666666666666666,3,1,Information Technology,423,TIER_3_REMAINDER
UA,UA,Consumer Discretionary,4,-0.0012399564053073,0.001375160185575,-0.0003099891013268,6.76018901338667e-05,-0.000576484300915,0.0004379801921091,0.0012399564053073,0.9771688840783598,4,17,0.2352941176470588,2,1,Consumer Discretionary,424,TIER_3_REMAINDER
TMO,TMO,Health Care,3,-0.0013092663699293,0.0013092663699293,-0.0004364221233097,-0.0001639811637961,-0.0007418931851839,0.0004169934108322,0.0013092663699293,0.977585877489192,3,60,0.05,2,1,Health Care,425,TIER_3_REMAINDER
CDW,CDW,Information Technology,3,-0.0013059282680044,0.0013059282680044,-0.0004353094226681,-0.000299945340479,-0.0005529822040408,0.0004159302455823,0.0013059282680044,0.9780018077347744,3,60,0.05,2,1,Information Technology,426,TIER_3_REMAINDER
AEE,AEE,Utilities,3,-0.001292471874689,0.001292471874689,-0.0004308239582296,-0.0001213764257324,-0.0009978318676159,0.0004116444657938,0.001292471874689,0.9784134522005682,3,60,0.05,3,1,Utilities,427,TIER_3_REMAINDER
ABNB,ABNB,Consumer Discretionary,4,0.0005314871880406,0.0012918153742069,0.0001328717970101,0.0006159677050044,-0.0003429515577291,0.0004114353743655,0.0005314871880406,0.9788248875749338,4,28,0.1428571428571428,3,1,Consumer Discretionary,428,TIER_3_REMAINDER
ZTS,ZTS,Health Care,4,-9.26899061066454e-05,0.0012604802352305,-2.3172476526661356e-05,0.0003393054262124,-0.0004234715043674,0.0004014553223449,9.26899061066454e-05,0.9792263428972788,4,60,0.0666666666666666,2,1,Health Care,429,TIER_3_REMAINDER
UNP,UNP,Industrials,3,-0.0008844247527881,0.0012484043878689,-0.0002948082509293,0.0001819898175403,-0.0007092824688359,0.000397609238083,0.0008844247527881,0.9796239521353618,3,60,0.05,1,1,Industrials,430,TIER_3_REMAINDER
ALXN,ALXN,Health Care,4,-0.0001190431611871,0.0012434869294693,-2.97607902967796e-05,0.0004466295972079,-0.000414741716105,0.0003960430573594,0.0001190431611871,0.9800199951927212,4,6,0.6666666666666666,3,1,Health Care,431,TIER_3_REMAINDER
AAL,AAL,Industrials,3,-0.0012365576266438,0.0012365576266438,-0.0004121858755479,-0.0002346090992889,-0.0006830094166019,0.0003938361163684,0.0012365576266438,0.9804138313090898,3,44,0.0681818181818181,1,1,Industrials,432,TIER_3_REMAINDER
PVH,PVH,Consumer Discretionary,6,-0.0007562939423199,0.0012326328224801,-0.0001260489903866,0.0002381694400801,-0.0005367185556398,0.0003925860900082,0.0007562939423199,0.980806417399098,6,20,0.3,6,1,Consumer Discretionary,433,TIER_3_REMAINDER
STE,STE,Health Care,3,-0.0006333683807871,0.0012008469663714,-0.0002111227935957,0.0001756226352303,-0.0009171076735792,0.0003824624873102,0.0006333683807871,0.9811888798864082,3,60,0.05,3,1,Health Care,434,TIER_3_REMAINDER
BAC,BAC,Financials,4,-0.000585793076686,0.0011895015567376,-0.0001464482691715,0.0003018542400257,-0.0004223262953087,0.0003788490430416,0.000585793076686,0.98156772892945,4,60,0.0666666666666666,2,1,Financials,435,TIER_3_REMAINDER
CERN,CERN,Health Care,3,0.000771207680917,0.0011603267592716,0.0002570692269723,0.000573958868456,-0.0001945595391773,0.0003695570467106,0.000771207680917,0.9819372859761604,3,17,0.1764705882352941,2,1,Health Care,436,TIER_3_REMAINDER
OGN,OGN,Health Care,2,-0.0011568044508204,0.0011568044508204,-0.0005784022254102,-0.0002395874390369,-0.0009172170117834,0.0003684352127975,0.0011568044508204,0.982305721188958,2,17,0.1176470588235294,2,1,Health Care,437,TIER_3_REMAINDER
L,L,Financials,3,-0.0011484949055551,0.0011484949055551,-0.000382831635185,-0.0002558246223237,-0.0004677945373369,0.0003657886729472,0.0011484949055551,0.9826715098619052,4,60,0.0666666666666666,2,1,Financials,438,TIER_3_REMAINDER
CNC,CNC,Health Care,5,-0.000618994277146,0.0011468541141484,-0.0001237988554292,0.0001983447438087,-0.0006060325899143,0.0003652660908196,0.000618994277146,0.9830367759527248,5,60,0.0833333333333333,4,1,Health Care,439,TIER_3_REMAINDER
MSFT,MSFT,Information Technology,5,-0.0007352052621282,0.0011406878866629,-0.0001470410524256,0.0001339954855013,-0.0007326571954637,0.0003633021847038,0.0007352052621282,0.9834000781374288,5,60,0.0833333333333333,2,1,Information Technology,440,TIER_3_REMAINDER
APO,APO,Financials,3,-0.001140007331092,0.001140007331092,-0.0003800024436973,-1.768662543048196e-05,-0.0007826516424693,0.0003630854318755,0.001140007331092,0.9837631635693042,3,13,0.2307692307692307,3,1,Financials,441,TIER_3_REMAINDER
CPT,CPT,Real Estate,2,-0.0004016902467863,0.0011364437780182,-0.0002008451233931,0.0003673767656159,-0.0007690670124023,0.0003619504617998,0.0004016902467863,0.984125114031104,2,45,0.0444444444444444,2,1,Real Estate,442,TIER_3_REMAINDER
DHR,DHR,Health Care,4,0.000122295462574,0.0011288333357549,3.057386564350533e-05,0.0004860536668922,-0.0004228181700667,0.0003595265820224,0.000122295462574,0.9844846406131263,4,60,0.0666666666666666,1,1,Health Care,443,TIER_3_REMAINDER
BR,BR,Industrials,5,-0.0010991509002815,0.0011114068930406,-0.0002198301800563,6.12799637954939e-06,-0.0004507390700831,0.0003539763655401,0.0010991509002815,0.9848386169786666,5,60,0.0833333333333333,4,1,Industrials,444,TIER_3_REMAINDER
XYL,XYL,Industrials,6,-0.0007308173006937,0.001086448970054,-0.0001218028834489,0.000163968117696,-0.0005658981508542,0.0003460274181964,0.0007308173006937,0.985184644396863,6,60,0.1,4,1,Industrials,445,TIER_3_REMAINDER
FIS,FIS,Financials,3,-0.0010496117561196,0.0010696990606578,-0.0003498705853732,1.0043652269061934e-05,-0.0008115041608148,0.0003406926734793,0.0010496117561196,0.9855253370703424,3,60,0.05,2,1,Financials,446,TIER_3_REMAINDER
AMT,AMT,Real Estate,1,-0.0010608564232539,0.0010608564232539,-0.0010608564232539,-0.0010608564232539,-0.0010608564232539,0.0003378763470109,0.0010608564232539,0.9858632134173534,1,60,0.0166666666666666,1,1,Real Estate,447,TIER_3_REMAINDER
COO,COO,Health Care,3,-0.0003239399820776,0.0010324141409874,-0.0001079799940258,0.0003524223052088,-0.0006781770615325,0.0003288176523353,0.0003239399820776,0.9861920310696888,3,60,0.05,3,1,Health Care,448,TIER_3_REMAINDER
FBHS,FBHS,Industrials,3,0.0004609634998245,0.0010248814696397,0.0001536544999415,0.0003860215262133,-0.0002819589849075,0.0003264185421236,0.0004609634998245,0.9865184496118125,3,23,0.1304347826086956,3,1,Industrials,449,TIER_3_REMAINDER
AEP,AEP,Utilities,2,-0.0010140128343187,0.0010140128343187,-0.0005070064171593,-0.0004649430172542,-0.0005490698170644,0.0003229569475866,0.0010140128343187,0.9868414065593992,3,60,0.05,2,1,Utilities,450,TIER_3_REMAINDER
TYL,TYL,Information Technology,3,-0.0008566327209709,0.0010137552970765,-0.0002855442403236,7.856128805284053e-05,-0.00057564964522,0.0003228749235345,0.0008566327209709,0.9871642814829336,3,60,0.05,2,1,Information Technology,451,TIER_3_REMAINDER
BLK,BLK,Financials,2,-0.0003278420638836,0.0010080849937757,-0.0001639210319418,0.000340121464946,-0.0006679635288297,0.0003210689662685,0.0003278420638836,0.9874853504492022,2,60,0.0333333333333333,2,1,Financials,452,TIER_3_REMAINDER
KSU,KSU,Industrials,4,-0.0009975168044785,0.0009975168044785,-0.0002493792011196,-6.363370836182383e-05,-0.0004599047178763,0.0003177030619708,0.0009975168044785,0.987803053511173,4,11,0.3636363636363636,2,1,Industrials,453,TIER_3_REMAINDER
STT,STT,Financials,4,0.0008860626899184,0.0009950377258801,0.0002215156724796,0.0003650823696451,-5.4487517980873e-05,0.0003169134904488,0.0008860626899184,0.988119967001622,4,60,0.0666666666666666,1,1,Financials,454,TIER_3_REMAINDER
DOV,DOV,Industrials,3,-0.0002120635544646,0.0009772418812965,-7.068785148822595e-05,0.0003825891634159,-0.0004049499763005,0.0003112456217079,0.0002120635544646,0.98843121262333,3,60,0.05,2,1,Industrials,455,TIER_3_REMAINDER
KO,KO,Consumer Staples,4,0.0001610229270356,0.0009658873961013,4.0255731758923e-05,0.0003413082534538,-0.0003175068259945,0.000307629286928,0.0001610229270356,0.9887388419102578,4,60,0.0666666666666666,2,1,Consumer Staples,456,TIER_3_REMAINDER
VZ,VZ,Communication Services,1,-0.0009591510007354,0.0009591510007354,-0.0009591510007354,-0.0009591510007354,-0.0009591510007354,0.0003054837857948,0.0009591510007354,0.9890443256960528,1,60,0.0166666666666666,1,1,Communication Services,457,TIER_3_REMAINDER
EME,EME,Industrials,3,-0.0003851732395982,0.000941628817232,-0.000128391079866,0.0002782277888168,-0.0005521293525731,0.0002999030764509,0.0003851732395982,0.9893442287725036,4,4,1.0,4,1,Industrials,458,TIER_3_REMAINDER
BIO,BIO,Health Care,2,-0.0003632000439712,0.0009350441545632,-0.0001816000219856,0.000285922055296,-0.0006491220992672,0.0002978059012629,0.0003632000439712,0.9896420346737664,2,44,0.0454545454545454,1,1,Health Care,459,TIER_3_REMAINDER
WTW,WTW,Financials,4,0.0007453884050935,0.000898798022139,0.0001863471012733,0.0006148731597188,-7.670480852276256e-05,0.0002862617275667,0.0007453884050935,0.9899282964013332,4,60,0.0666666666666666,1,1,Financials,460,TIER_3_REMAINDER
FRC,FRC,Financials,3,-0.0001867231084775,0.0008917062289569,-6.224103615916816e-05,0.0003524915602397,-0.0003205569636059,0.0002840030343811,0.0001867231084775,0.9902122994357144,3,28,0.1071428571428571,2,1,Financials,461,TIER_3_REMAINDER
ABT,ABT,Health Care,7,-1.0947923170827249e-05,0.000865458345565,-1.5639890244038924e-06,0.0001911391514399,-0.0002083067249835,0.0002756432424594,1.0947923170827249e-05,0.990487942678174,7,60,0.1166666666666666,6,1,Health Care,462,TIER_3_REMAINDER
ZBH,ZBH,Health Care,2,-0.0008614932841332,0.0008614932841332,-0.0004307466420666,-3.71830167748603e-05,-0.0008243102673583,0.000274380394403,0.0008614932841332,0.9907623230725768,2,60,0.0333333333333333,2,1,Health Care,463,TIER_3_REMAINDER
SNA,SNA,Industrials,5,0.0001729874591762,0.0008547391977071,3.459749183524833e-05,0.0003709691510395,-0.0002576267649254,0.0002722292587742,0.0001729874591762,0.9910345523313512,5,60,0.0833333333333333,2,1,Industrials,464,TIER_3_REMAINDER
WSM,WSM,Consumer Discretionary,1,-0.0008518779040085,0.0008518779040085,-0.0008518779040085,-0.0008518779040085,-0.0008518779040085,0.0002713179540572,0.0008518779040085,0.9913058702854084,1,10,0.1,1,1,Consumer Discretionary,465,TIER_3_REMAINDER
HRL,HRL,Consumer Staples,1,-0.0008373393751256,0.0008373393751256,-0.0008373393751256,-0.0008373393751256,-0.0008373393751256,0.000266687520643,0.0008373393751256,0.9915725578060514,1,60,0.0166666666666666,1,1,Consumer Staples,466,TIER_3_REMAINDER
D,D,Utilities,1,-0.0008269718117261,0.0008269718117261,-0.0008269718117261,-0.0008269718117261,-0.0008269718117261,0.0002633855144789,0.0008269718117261,0.9918359433205304,1,60,0.0166666666666666,1,1,Utilities,467,TIER_3_REMAINDER
IPGP,IPGP,Information Technology,2,-0.0008253764156165,0.0008253764156165,-0.0004126882078082,-0.0002398790835325,-0.0005854973320839,0.0002628773904786,0.0008253764156165,0.9920988207110089,2,17,0.1176470588235294,2,1,Information Technology,468,TIER_3_REMAINDER
XRAY,XRAY,Health Care,2,-0.000794297017653,0.000794297017653,-0.0003971485088265,-0.0001654333104625,-0.0006288637071904,0.000252978790422,0.000794297017653,0.9923517995014308,2,39,0.0512820512820512,1,1,Health Care,469,TIER_3_REMAINDER
IEX,IEX,Industrials,2,-0.0003756809971854,0.0007934948344602,-0.0001878404985927,0.0002089069186374,-0.0005845879158228,0.0002527232999326,0.0003756809971854,0.9926045228013636,2,60,0.0333333333333333,2,1,Industrials,470,TIER_3_REMAINDER
INFO,INFO,Industrials,2,-0.0007863837377266,0.0007863837377266,-0.0003931918688633,-0.0003803771817112,-0.0004060065560153,0.0002504584586827,0.0007863837377266,0.9928549812600465,2,13,0.1538461538461538,2,1,Industrials,471,TIER_3_REMAINDER
SPGI,SPGI,Financials,3,-0.0006956897328989,0.0007844018658955,-0.0002318965776329,4.435606649829034e-05,-0.0004153693369948,0.0002498272445053,0.0006956897328989,0.9931048085045516,3,60,0.05,3,1,Financials,472,TIER_3_REMAINDER
CINF,CINF,Financials,3,-0.000463348139473,0.0007829951829177,-0.0001544493798243,0.0001598235217223,-0.0005470091259274,0.0002493792244948,0.000463348139473,0.9933541877290466,3,60,0.05,1,1,Financials,473,TIER_3_REMAINDER
ES,ES,Utilities,1,0.0007748506085955,0.0007748506085955,0.0007748506085955,0.0007748506085955,0.0007748506085955,0.0002467852268909,0.0007748506085955,0.9936009729559376,1,60,0.0166666666666666,1,1,Utilities,474,TIER_3_REMAINDER
NWL,NWL,Consumer Discretionary,1,0.0007661334725215,0.0007661334725215,0.0007661334725215,0.0007661334725215,0.0007661334725215,0.0002440088718362,0.0007661334725215,0.9938449818277736,1,32,0.03125,1,1,Consumer Discretionary,475,TIER_3_REMAINDER
FRT,FRT,Real Estate,2,0.0002388058040021,0.0007477499427499,0.000119402902001,0.000493277873376,-0.0002544720693738,0.0002381538289215,0.0002388058040021,0.9940831356566951,2,60,0.0333333333333333,1,1,Real Estate,476,TIER_3_REMAINDER
LUV,LUV,Industrials,1,0.0007429819099478,0.0007429819099478,0.0007429819099478,0.0007429819099478,0.0007429819099478,0.0002366352393459,0.0007429819099478,0.9943197708960412,1,60,0.0166666666666666,1,1,Industrials,477,TIER_3_REMAINDER
ACN,ACN,Information Technology,2,-0.0001458912090612,0.0007107051419124,-7.294560453064412e-05,0.0002824069664255,-0.0004282981754868,0.0002263552841719,0.0001458912090612,0.9945461261802132,2,60,0.0333333333333333,2,1,Information Technology,478,TIER_3_REMAINDER
XLNX,XLNX,Information Technology,3,-3.562053929968243e-05,0.0006988462231951,-1.1873513099894142e-05,0.0002692085994192,-0.0003672333812474,0.0002225782903696,3.562053929968243e-05,0.9947687044705829,3,13,0.2307692307692307,2,1,Information Technology,479,TIER_3_REMAINDER
BWA,BWA,Consumer Discretionary,2,-0.0006820820816448,0.0006820820816448,-0.0003410410408224,-0.0003030366318355,-0.0003790454498093,0.0002172390127976,0.0006820820816448,0.9949859434833804,2,50,0.04,2,1,Consumer Discretionary,480,TIER_3_REMAINDER
LNC,LNC,Financials,5,-0.0003334814458727,0.0006276860250414,-6.669628917454809e-05,0.0001120085546954,-0.0003054559529809,0.0001999141981534,0.0003334814458727,0.995185857681534,5,32,0.15625,3,1,Financials,481,TIER_3_REMAINDER
EXPD,EXPD,Industrials,1,-0.0005563166178802,0.0005563166178802,-0.0005563166178802,-0.0005563166178802,-0.0005563166178802,0.0001771834741352,0.0005563166178802,0.9953630411556692,1,60,0.0166666666666666,1,1,Industrials,482,TIER_3_REMAINDER
TDY,TDY,Information Technology,2,0.0003444625598047,0.000555828005041,0.0001722312799023,0.0004501452824228,-0.0001056827226181,0.0001770278539046,0.0003444625598047,0.995540069009574,2,60,0.0333333333333333,1,1,Information Technology,483,TIER_3_REMAINDER
AMCR,AMCR,Materials,1,-0.0005530029465528,0.0005530029465528,-0.0005530029465528,-0.0005530029465528,-0.0005530029465528,0.0001761280898827,0.0005530029465528,0.9957161970994568,1,60,0.0166666666666666,1,1,Materials,484,TIER_3_REMAINDER
UNM,UNM,Financials,2,-0.0005453823080205,0.0005453823080205,-0.0002726911540102,-0.0001465015461074,-0.000398880761913,0.0001737009626553,0.0005453823080205,0.995889898062112,2,8,0.25,2,1,Financials,485,TIER_3_REMAINDER
KMB,KMB,Consumer Staples,1,0.0005423382244818,0.0005423382244818,0.0005423382244818,0.0005423382244818,0.0005423382244818,0.0001727314404811,0.0005423382244818,0.9960626295025932,1,60,0.0166666666666666,1,1,Consumer Staples,486,TIER_3_REMAINDER
NTRS,NTRS,Financials,5,0.0002287394726595,0.0005393187163673,4.574789453190907e-05,0.000232671899492,-7.79756896929145e-05,0.0001717697454306,0.0002287394726595,0.9962343992480238,6,60,0.1,6,1,Financials,487,TIER_3_REMAINDER
MAS,MAS,Industrials,1,-0.00053308202456,0.00053308202456,-0.00053308202456,-0.00053308202456,-0.00053308202456,0.000169783396855,0.00053308202456,0.9964041826448788,1,60,0.0166666666666666,1,1,Industrials,488,TIER_3_REMAINDER
PRU,PRU,Financials,4,-0.0003585691148539,0.0005099037481576,-8.964227871347668e-05,7.56673166518758e-05,-0.0001980047553962,0.0001624012561721,0.0003585691148539,0.9965665839010508,4,60,0.0666666666666666,2,1,Financials,489,TIER_3_REMAINDER
KMX,KMX,Consumer Discretionary,1,-0.0005015485986461,0.0005015485986461,-0.0005015485986461,-0.0005015485986461,-0.0005015485986461,0.0001597401916455,0.0005015485986461,0.9967263240926963,1,57,0.0175438596491228,1,1,Consumer Discretionary,490,TIER_3_REMAINDER
TROW,TROW,Financials,2,-0.0001968552819759,0.0004983663315136,-9.8427640987973e-05,0.0001507555247688,-0.0003476108067447,0.0001587266588334,0.0001968552819759,0.99688505075153,2,60,0.0333333333333333,2,1,Financials,491,TIER_3_REMAINDER
NKE,NKE,Consumer Discretionary,1,-0.0004656911799283,0.0004656911799283,-0.0004656911799283,-0.0004656911799283,-0.0004656911799283,0.000148319820911,0.0004656911799283,0.997033370572441,1,60,0.0166666666666666,1,1,Consumer Discretionary,492,TIER_3_REMAINDER
PNC,PNC,Financials,2,0.0003771212103725,0.0004655848191002,0.0001885606051862,0.0004213530147364,-4.423180436384106e-05,0.0001482859456313,0.0003771212103725,0.9971816565180724,2,60,0.0333333333333333,1,1,Financials,493,TIER_3_REMAINDER
GEHC,GEHC,Health Care,1,-0.0004580440229572,0.0004580440229572,-0.0004580440229572,-0.0004580440229572,-0.0004580440229572,0.0001458842477215,0.0004580440229572,0.997327540765794,1,25,0.04,1,1,Health Care,494,TIER_3_REMAINDER
QRVO,QRVO,Information Technology,3,2.8281068993979267e-05,0.0004556481104827,9.427022997993089e-06,0.0001733628321894,-0.0002136835207443,0.0001451211641063,2.8281068993979267e-05,0.9974726619299004,3,47,0.0638297872340425,3,1,Information Technology,495,TIER_3_REMAINDER
CTXS,CTXS,Information Technology,1,0.0004341411717476,0.0004341411717476,0.0004341411717476,0.0004341411717476,0.0004341411717476,0.00013827133435,0.0004341411717476,0.9976109332642504,1,21,0.0476190476190476,1,1,Information Technology,496,TIER_3_REMAINDER
YUM,YUM,Consumer Discretionary,2,-0.0001647288640347,0.0004226233411473,-8.236443201739621e-05,0.0001289472385562,-0.000293676102591,0.0001346029750476,0.0001647288640347,0.997745536239298,2,60,0.0333333333333333,1,1,Consumer Discretionary,497,TIER_3_REMAINDER
LNT,LNT,Utilities,1,-0.0004140754542779,0.0004140754542779,-0.0004140754542779,-0.0004140754542779,-0.0004140754542779,0.0001318805248397,0.0004140754542779,0.9978774167641378,1,60,0.0166666666666666,1,1,Utilities,498,TIER_3_REMAINDER
ITW,ITW,Industrials,1,-0.0004134570338759,0.0004134570338759,-0.0004134570338759,-0.0004134570338759,-0.0004134570338759,0.0001316835616864,0.0004134570338759,0.9980091003258242,1,60,0.0166666666666666,1,1,Industrials,499,TIER_3_REMAINDER
BEN,BEN,Financials,2,-0.0003919554737336,0.0003919554737336,-0.0001959777368668,-2.516991620925376e-05,-0.0003667855575243,0.0001248354449792,0.0003919554737336,0.9981339357708036,2,60,0.0333333333333333,2,1,Financials,500,TIER_3_REMAINDER
JNJ,JNJ,Health Care,2,0.0003823492397762,0.0003823492397762,0.0001911746198881,0.0002747918527837,0.0001075573869925,0.0001217759176324,0.0003823492397762,0.998255711688436,3,60,0.05,3,1,Health Care,501,TIER_3_REMAINDER
PPG,PPG,Materials,1,0.0003759834998902,0.0003759834998902,0.0003759834998902,0.0003759834998902,0.0003759834998902,0.0001197484680251,0.0003759834998902,0.9983754601564612,1,60,0.0166666666666666,1,1,Materials,502,TIER_3_REMAINDER
ADSK,ADSK,Information Technology,1,-0.0003644793169411,0.0003644793169411,-0.0003644793169411,-0.0003644793169411,-0.0003644793169411,0.000116084455417,0.0003644793169411,0.998491544611878,1,60,0.0166666666666666,1,1,Information Technology,503,TIER_3_REMAINDER
SOLV,SOLV,Health Care,2,-0.000357947674764,0.000357947674764,-0.000178973837382,-0.0001403957080049,-0.000217551966759,0.0001140041669346,0.000357947674764,0.9986055487788128,2,10,0.2,2,1,Health Care,504,TIER_3_REMAINDER
TFC,TFC,Financials,2,-0.0003510876203965,0.0003510876203965,-0.0001755438101982,-6.844644784916148e-05,-0.0002826411725474,0.0001118192811582,0.0003510876203965,0.9987173680599708,2,60,0.0333333333333333,2,1,Financials,505,TIER_3_REMAINDER
BDX,BDX,Health Care,1,-0.0003274798316296,0.0003274798316296,-0.0003274798316296,-0.0003274798316296,-0.0003274798316296,0.000104300343388,0.0003274798316296,0.998821668403359,1,60,0.0166666666666666,1,1,Health Care,506,TIER_3_REMAINDER
CSCO,CSCO,Information Technology,4,-1.2214751916225276e-05,0.0003238051930489,-3.053687979056319e-06,8.970561817741079e-05,-0.0001680099724825,0.000103129993251,1.2214751916225276e-05,0.99892479839661,4,60,0.0666666666666666,4,1,Information Technology,507,TIER_3_REMAINDER
AVB,AVB,Real Estate,2,-0.0001907433027082,0.0003141005407876,-9.53716513541101e-05,6.167861903973339e-05,-0.0002524219217479,0.0001000391202703,0.0001907433027082,0.9990248375168804,2,60,0.0333333333333333,1,1,Real Estate,508,TIER_3_REMAINDER
VAR,VAR,Health Care,1,-0.0003115036716621,0.0003115036716621,-0.0003115036716621,-0.0003115036716621,-0.0003115036716621,9.921203317867744e-05,0.0003115036716621,0.9991240495500592,1,3,0.3333333333333333,1,1,Health Care,509,TIER_3_REMAINDER
OTIS,OTIS,Industrials,1,-0.0003057591231328,0.0003057591231328,-0.0003057591231328,-0.0003057591231328,-0.0003057591231328,9.738242925702284e-05,0.0003057591231328,0.999221431979316,1,58,0.0172413793103448,1,1,Industrials,510,TIER_3_REMAINDER
PEP,PEP,Consumer Staples,2,4.996008285924739e-06,0.00029680762066,2.4980041429623697e-06,0.0001509018144729,-0.000145905806187,9.453142992340802e-05,4.996008285924739e-06,0.9993159634092396,2,60,0.0333333333333333,1,1,Consumer Staples,511,TIER_3_REMAINDER
AKAM,AKAM,Information Technology,1,-0.0002808503243228,0.0002808503243228,-0.0002808503243228,-0.0002808503243228,-0.0002808503243228,8.944912766609256e-05,0.0002808503243228,0.9994054125369056,1,60,0.0166666666666666,1,1,Information Technology,512,TIER_3_REMAINDER
EMR,EMR,Industrials,2,-0.0002775638566888,0.0002775638566888,-0.0001387819283444,-5.460115353532477e-05,-0.0002229627031535,8.840240762518976e-05,0.0002775638566888,0.9994938149445308,2,60,0.0333333333333333,1,1,Industrials,513,TIER_3_REMAINDER
AME,AME,Industrials,1,-0.0002626531400631,0.0002626531400631,-0.0002626531400631,-0.0002626531400631,-0.0002626531400631,8.365343466863921e-05,0.0002626531400631,0.9995774683791996,1,60,0.0166666666666666,1,1,Industrials,514,TIER_3_REMAINDER
LII,LII,Industrials,1,0.0002302853429398,0.0002302853429398,0.0002302853429398,0.0002302853429398,0.0002302853429398,7.33444872813225e-05,0.0002302853429398,0.9996508128664808,1,13,0.0769230769230769,1,1,Industrials,515,TIER_3_REMAINDER
DOC,DOC,Real Estate,1,0.0002254641656095,0.0002254641656095,0.0002254641656095,0.0002254641656095,0.0002254641656095,7.180897149526383e-05,0.0002254641656095,0.999722621837976,1,60,0.0166666666666666,1,1,Real Estate,516,TIER_3_REMAINDER
GPN,GPN,Information Technology,1,0.0002069624144884,0.0002069624144884,0.0002069624144884,0.0002069624144884,0.0002069624144884,6.591627579671213e-05,0.0002069624144884,0.9997885381137728,1,60,0.0166666666666666,1,1,Information Technology,517,TIER_3_REMAINDER
ANSS,ANSS,Information Technology,1,-0.000187040418584,0.000187040418584,-0.000187040418584,-0.000187040418584,-0.000187040418584,5.957124073465436e-05,0.000187040418584,0.9998481093545074,1,54,0.0185185185185185,1,1,Information Technology,518,TIER_3_REMAINDER
J,J,Industrials,1,-0.0001678089658867,0.0001678089658867,-0.0001678089658867,-0.0001678089658867,-0.0001678089658867,5.344613950262823e-05,0.0001678089658867,0.99990155549401,1,60,0.0166666666666666,1,1,Industrials,519,TIER_3_REMAINDER
PPL,PPL,Utilities,1,-0.0001198136080358,0.0001198136080358,-0.0001198136080358,-0.0001198136080358,-0.0001198136080358,3.815990865303537e-05,0.0001198136080358,0.9999397154026632,1,60,0.0166666666666666,1,1,Utilities,520,TIER_3_REMAINDER
INVH,INVH,Real Estate,1,-5.808624926589739e-05,5.808624926589739e-05,-5.808624926589739e-05,-5.808624926589739e-05,-5.808624926589739e-05,1.850011866198545e-05,5.808624926589739e-05,0.9999582155213252,1,40,0.025,1,1,Real Estate,521,TIER_3_REMAINDER
SWKS,SWKS,Information Technology,1,4.486132339892417e-05,4.486132339892417e-05,4.486132339892417e-05,4.486132339892417e-05,4.486132339892417e-05,1.4288059854142827e-05,4.486132339892417e-05,0.9999725035811792,1,60,0.0166666666666666,1,1,Information Technology,522,TIER_3_REMAINDER
CTSH,CTSH,Information Technology,1,3.773994098071062e-05,3.773994098071062e-05,3.773994098071062e-05,3.773994098071062e-05,3.773994098071062e-05,1.2019942675992089e-05,3.773994098071062e-05,0.9999845235238553,1,60,0.0166666666666666,1,1,Information Technology,523,TIER_3_REMAINDER
XEL,XEL,Utilities,1,3.441730418890048e-05,3.441730418890048e-05,3.441730418890048e-05,3.441730418890048e-05,3.441730418890048e-05,1.0961702977336678e-05,3.441730418890048e-05,0.9999954852268326,1,60,0.0166666666666666,1,1,Utilities,524,TIER_3_REMAINDER
DAY,CDAY,Industrials,1,1.2333328345304754e-05,1.2333328345304754e-05,1.2333328345304754e-05,1.2333328345304754e-05,1.2333328345304754e-05,3.9280903960745965e-06,1.2333328345304754e-05,0.9999994133172286,1,29,0.0344827586206896,1,1,Industrials,525,TIER_3_REMAINDER
ALLE,ALLE,Industrials,1,1.8420531406356368e-06,1.8420531406356368e-06,1.8420531406356368e-06,1.8420531406356368e-06,1.8420531406356368e-06,5.866827711227288e-07,1.8420531406356368e-06,0.9999999999999998,1,60,0.0166666666666666,1,1,Industrials,526,TIER_3_REMAINDER
