analysis_month_number,ranking_month_end_date,security_key,project_ticker,gics_sector,sector_momentum_quintile,sector_neutral_leg_weight
1,2021-01-29,ATVI,ATVI,Communication Services,5,0.018181818181818184
1,2021-01-29,NFLX,NFLX,Communication Services,5,0.018181818181818184
1,2021-01-29,TMUS,TMUS,Communication Services,5,0.018181818181818184
1,2021-01-29,TTWO,TTWO,Communication Services,5,0.018181818181818184
1,2021-01-29,TWTR,TWTR,Communication Services,5,0.018181818181818184
1,2021-01-29,AMZN,AMZN,Consumer Discretionary,5,0.007575757575757576
1,2021-01-29,APTV,APTV,Consumer Discretionary,5,0.007575757575757576
1,2021-01-29,BBWI,BBWI,Consumer Discretionary,5,0.007575757575757576
1,2021-01-29,CMG,CMG,Consumer Discretionary,5,0.007575757575757576
1,2021-01-29,EBAY,EBAY,Consumer Discretionary,5,0.007575757575757576
1,2021-01-29,ETSY,ETSY,Consumer Discretionary,5,0.007575757575757576
1,2021-01-29,LOW,LOW,Consumer Discretionary,5,0.007575757575757576
1,2021-01-29,NKE,NKE,Consumer Discretionary,5,0.007575757575757576
1,2021-01-29,POOL,POOL,Consumer Discretionary,5,0.007575757575757576
1,2021-01-29,TGT,TGT,Consumer Discretionary,5,0.007575757575757576
1,2021-01-29,TSCO,TSCO,Consumer Discretionary,5,0.007575757575757576
1,2021-01-29,TSLA,TSLA,Consumer Discretionary,5,0.007575757575757576
1,2021-01-29,CLX,CLX,Consumer Staples,5,0.015151515151515152
1,2021-01-29,COST,COST,Consumer Staples,5,0.015151515151515152
1,2021-01-29,EL,EL,Consumer Staples,5,0.015151515151515152
1,2021-01-29,KHC,KHC,Consumer Staples,5,0.015151515151515152
1,2021-01-29,MNST,MNST,Consumer Staples,5,0.015151515151515152
1,2021-01-29,WMT,WMT,Consumer Staples,5,0.015151515151515152
1,2021-01-29,BKR,BKR,Energy,5,0.022727272727272728
1,2021-01-29,CTRA,CTRA,Energy,5,0.022727272727272728
1,2021-01-29,HES,HES,Energy,5,0.022727272727272728
1,2021-01-29,WMB,WMB,Energy,5,0.022727272727272728
1,2021-01-29,AJG,AJG,Financials,5,0.006993006993006994
1,2021-01-29,AMP,AMP,Financials,5,0.006993006993006994
1,2021-01-29,BLK,BLK,Financials,5,0.006993006993006994
1,2021-01-29,DFS,DFS,Financials,5,0.006993006993006994
1,2021-01-29,FRC,FRC,Financials,5,0.006993006993006994
1,2021-01-29,ICE,ICE,Financials,5,0.006993006993006994
1,2021-01-29,MKTX,MKTX,Financials,5,0.006993006993006994
1,2021-01-29,MS,MS,Financials,5,0.006993006993006994
1,2021-01-29,MSCI,MSCI,Financials,5,0.006993006993006994
1,2021-01-29,PGR,PGR,Financials,5,0.006993006993006994
1,2021-01-29,SCHW,SCHW,Financials,5,0.006993006993006994
1,2021-01-29,SIVB,SIVB,Financials,5,0.006993006993006994
1,2021-01-29,TROW,TROW,Financials,5,0.006993006993006994
1,2021-01-29,ABMD,ABMD,Health Care,5,0.007575757575757576
1,2021-01-29,ALGN,ALGN,Health Care,5,0.007575757575757576
1,2021-01-29,ALXN,ALXN,Health Care,5,0.007575757575757576
1,2021-01-29,BIO,BIO,Health Care,5,0.007575757575757576
1,2021-01-29,CTLT,CTLT,Health Care,5,0.007575757575757576
1,2021-01-29,DVA,DVA,Health Care,5,0.007575757575757576
1,2021-01-29,DXCM,DXCM,Health Care,5,0.007575757575757576
1,2021-01-29,IDXX,IDXX,Health Care,5,0.007575757575757576
1,2021-01-29,MTD,MTD,Health Care,5,0.007575757575757576
1,2021-01-29,RVTY,RVTY,Health Care,5,0.007575757575757576
1,2021-01-29,TMO,TMO,Health Care,5,0.007575757575757576
1,2021-01-29,WST,WST,Health Care,5,0.007575757575757576
1,2021-01-29,CAT,CAT,Industrials,5,0.006493506493506493
1,2021-01-29,CMI,CMI,Industrials,5,0.006493506493506493
1,2021-01-29,DE,DE,Industrials,5,0.006493506493506493
1,2021-01-29,FAST,FAST,Industrials,5,0.006493506493506493
1,2021-01-29,FDX,FDX,Industrials,5,0.006493506493506493
1,2021-01-29,GWW,GWW,Industrials,5,0.006493506493506493
1,2021-01-29,ODFL,ODFL,Industrials,5,0.006493506493506493
1,2021-01-29,PH,PH,Industrials,5,0.006493506493506493
1,2021-01-29,PWR,PWR,Industrials,5,0.006493506493506493
1,2021-01-29,ROK,ROK,Industrials,5,0.006493506493506493
1,2021-01-29,ROL,ROL,Industrials,5,0.006493506493506493
1,2021-01-29,TT,TT,Industrials,5,0.006493506493506493
1,2021-01-29,UPS,UPS,Industrials,5,0.006493506493506493
1,2021-01-29,URI,URI,Industrials,5,0.006493506493506493
1,2021-01-29,AAPL,AAPL,Information Technology,5,0.006493506493506493
1,2021-01-29,AMD,AMD,Information Technology,5,0.006493506493506493
1,2021-01-29,CDNS,CDNS,Information Technology,5,0.006493506493506493
1,2021-01-29,ENPH,ENPH,Information Technology,5,0.006493506493506493
1,2021-01-29,IPGP,IPGP,Information Technology,5,0.006493506493506493
1,2021-01-29,LRCX,LRCX,Information Technology,5,0.006493506493506493
1,2021-01-29,NOW,NOW,Information Technology,5,0.006493506493506493
1,2021-01-29,NVDA,NVDA,Information Technology,5,0.006493506493506493
1,2021-01-29,PYPL,PYPL,Information Technology,5,0.006493506493506493
1,2021-01-29,QCOM,QCOM,Information Technology,5,0.006493506493506493
1,2021-01-29,SNPS,SNPS,Information Technology,5,0.006493506493506493
1,2021-01-29,TER,TER,Information Technology,5,0.006493506493506493
1,2021-01-29,XLNX,XLNX,Information Technology,5,0.006493506493506493
1,2021-01-29,ZBRA,ZBRA,Information Technology,5,0.006493506493506493
1,2021-01-29,ALB,ALB,Materials,5,0.018181818181818184
1,2021-01-29,DD,DD,Materials,5,0.018181818181818184
1,2021-01-29,EMN,EMN,Materials,5,0.018181818181818184
1,2021-01-29,FCX,FCX,Materials,5,0.018181818181818184
1,2021-01-29,PKG,PKG,Materials,5,0.018181818181818184
1,2021-01-29,ARE,ARE,Real Estate,5,0.015151515151515152
1,2021-01-29,DLR,DLR,Real Estate,5,0.015151515151515152
1,2021-01-29,DRE,DRE,Real Estate,5,0.015151515151515152
1,2021-01-29,EQIX,EQIX,Real Estate,5,0.015151515151515152
1,2021-01-29,SBAC,SBAC,Real Estate,5,0.015151515151515152
1,2021-01-29,WY,WY,Real Estate,5,0.015151515151515152
1,2021-01-29,AES,AES,Utilities,5,0.018181818181818184
1,2021-01-29,AWK,AWK,Utilities,5,0.018181818181818184
1,2021-01-29,NEE,NEE,Utilities,5,0.018181818181818184
1,2021-01-29,NRG,NRG,Utilities,5,0.018181818181818184
1,2021-01-29,PEG,PEG,Utilities,5,0.018181818181818184
2,2021-02-26,ATVI,ATVI,Communication Services,5,0.018181818181818184
2,2021-02-26,DISCA,DISCA,Communication Services,5,0.018181818181818184
2,2021-02-26,NWSA,NWSA,Communication Services,5,0.018181818181818184
2,2021-02-26,PSKY,PSKY,Communication Services,5,0.018181818181818184
2,2021-02-26,TTWO,TTWO,Communication Services,5,0.018181818181818184
2,2021-02-26,AMZN,AMZN,Consumer Discretionary,5,0.007575757575757576
2,2021-02-26,APTV,APTV,Consumer Discretionary,5,0.007575757575757576
2,2021-02-26,BBWI,BBWI,Consumer Discretionary,5,0.007575757575757576
2,2021-02-26,CMG,CMG,Consumer Discretionary,5,0.007575757575757576
2,2021-02-26,EBAY,EBAY,Consumer Discretionary,5,0.007575757575757576
2,2021-02-26,ETSY,ETSY,Consumer Discretionary,5,0.007575757575757576
2,2021-02-26,GM,GM,Consumer Discretionary,5,0.007575757575757576
2,2021-02-26,NWL,NWL,Consumer Discretionary,5,0.007575757575757576
2,2021-02-26,POOL,POOL,Consumer Discretionary,5,0.007575757575757576
2,2021-02-26,TGT,TGT,Consumer Discretionary,5,0.007575757575757576
2,2021-02-26,TSCO,TSCO,Consumer Discretionary,5,0.007575757575757576
2,2021-02-26,TSLA,TSLA,Consumer Discretionary,5,0.007575757575757576
2,2021-02-26,ADM,ADM,Consumer Staples,5,0.015151515151515152
2,2021-02-26,CAG,CAG,Consumer Staples,5,0.015151515151515152
2,2021-02-26,CLX,CLX,Consumer Staples,5,0.015151515151515152
2,2021-02-26,KHC,KHC,Consumer Staples,5,0.015151515151515152
2,2021-02-26,MNST,MNST,Consumer Staples,5,0.015151515151515152
2,2021-02-26,WMT,WMT,Consumer Staples,5,0.015151515151515152
2,2021-02-26,BKR,BKR,Energy,5,0.022727272727272728
2,2021-02-26,CTRA,CTRA,Energy,5,0.022727272727272728
2,2021-02-26,DVN,DVN,Energy,5,0.022727272727272728
2,2021-02-26,WMB,WMB,Energy,5,0.022727272727272728
2,2021-02-26,AMP,AMP,Financials,5,0.006993006993006994
2,2021-02-26,BLK,BLK,Financials,5,0.006993006993006994
2,2021-02-26,DFS,DFS,Financials,5,0.006993006993006994
2,2021-02-26,FRC,FRC,Financials,5,0.006993006993006994
2,2021-02-26,GS,GS,Financials,5,0.006993006993006994
2,2021-02-26,IVZ,IVZ,Financials,5,0.006993006993006994
2,2021-02-26,MKTX,MKTX,Financials,5,0.006993006993006994
2,2021-02-26,MS,MS,Financials,5,0.006993006993006994
2,2021-02-26,MSCI,MSCI,Financials,5,0.006993006993006994
2,2021-02-26,NDAQ,NDAQ,Financials,5,0.006993006993006994
2,2021-02-26,RF,RF,Financials,5,0.006993006993006994
2,2021-02-26,SIVB,SIVB,Financials,5,0.006993006993006994
2,2021-02-26,TROW,TROW,Financials,5,0.006993006993006994
2,2021-02-26,ABMD,ABMD,Health Care,5,0.007575757575757576
2,2021-02-26,ALGN,ALGN,Health Care,5,0.007575757575757576
2,2021-02-26,ALXN,ALXN,Health Care,5,0.007575757575757576
2,2021-02-26,CTLT,CTLT,Health Care,5,0.007575757575757576
2,2021-02-26,DHR,DHR,Health Care,5,0.007575757575757576
2,2021-02-26,HOLX,HOLX,Health Care,5,0.007575757575757576
2,2021-02-26,IDXX,IDXX,Health Care,5,0.007575757575757576
2,2021-02-26,LLY,LLY,Health Care,5,0.007575757575757576
2,2021-02-26,MTD,MTD,Health Care,5,0.007575757575757576
2,2021-02-26,RVTY,RVTY,Health Care,5,0.007575757575757576
2,2021-02-26,TMO,TMO,Health Care,5,0.007575757575757576
2,2021-02-26,WST,WST,Health Care,5,0.007575757575757576
2,2021-02-26,CAT,CAT,Industrials,5,0.006493506493506493
2,2021-02-26,CMI,CMI,Industrials,5,0.006493506493506493
2,2021-02-26,DE,DE,Industrials,5,0.006493506493506493
2,2021-02-26,FBHS,FBHS,Industrials,5,0.006493506493506493
2,2021-02-26,FDX,FDX,Industrials,5,0.006493506493506493
2,2021-02-26,JBHT,JBHT,Industrials,5,0.006493506493506493
2,2021-02-26,ODFL,ODFL,Industrials,5,0.006493506493506493
2,2021-02-26,PH,PH,Industrials,5,0.006493506493506493
2,2021-02-26,PNR,PNR,Industrials,5,0.006493506493506493
2,2021-02-26,PWR,PWR,Industrials,5,0.006493506493506493
2,2021-02-26,ROL,ROL,Industrials,5,0.006493506493506493
2,2021-02-26,TT,TT,Industrials,5,0.006493506493506493
2,2021-02-26,UPS,UPS,Industrials,5,0.006493506493506493
2,2021-02-26,URI,URI,Industrials,5,0.006493506493506493
2,2021-02-26,AAPL,AAPL,Information Technology,5,0.006060606060606061
2,2021-02-26,AMD,AMD,Information Technology,5,0.006060606060606061
2,2021-02-26,AVGO,AVGO,Information Technology,5,0.006060606060606061
2,2021-02-26,CDNS,CDNS,Information Technology,5,0.006060606060606061
2,2021-02-26,ENPH,ENPH,Information Technology,5,0.006060606060606061
2,2021-02-26,IPGP,IPGP,Information Technology,5,0.006060606060606061
2,2021-02-26,KLAC,KLAC,Information Technology,5,0.006060606060606061
2,2021-02-26,MPWR,MPWR,Information Technology,5,0.006060606060606061
2,2021-02-26,NVDA,NVDA,Information Technology,5,0.006060606060606061
2,2021-02-26,PYPL,PYPL,Information Technology,5,0.006060606060606061
2,2021-02-26,QCOM,QCOM,Information Technology,5,0.006060606060606061
2,2021-02-26,SNPS,SNPS,Information Technology,5,0.006060606060606061
2,2021-02-26,SWKS,SWKS,Information Technology,5,0.006060606060606061
2,2021-02-26,TER,TER,Information Technology,5,0.006060606060606061
2,2021-02-26,ZBRA,ZBRA,Information Technology,5,0.006060606060606061
2,2021-02-26,ALB,ALB,Materials,5,0.018181818181818184
2,2021-02-26,DD,DD,Materials,5,0.018181818181818184
2,2021-02-26,EMN,EMN,Materials,5,0.018181818181818184
2,2021-02-26,FCX,FCX,Materials,5,0.018181818181818184
2,2021-02-26,SW,SW,Materials,5,0.018181818181818184
2,2021-02-26,DLR,DLR,Real Estate,5,0.015151515151515152
2,2021-02-26,DRE,DRE,Real Estate,5,0.015151515151515152
2,2021-02-26,EQIX,EQIX,Real Estate,5,0.015151515151515152
2,2021-02-26,IRM,IRM,Real Estate,5,0.015151515151515152
2,2021-02-26,PLD,PLD,Real Estate,5,0.015151515151515152
2,2021-02-26,WY,WY,Real Estate,5,0.015151515151515152
2,2021-02-26,AES,AES,Utilities,5,0.018181818181818184
2,2021-02-26,AWK,AWK,Utilities,5,0.018181818181818184
2,2021-02-26,NEE,NEE,Utilities,5,0.018181818181818184
2,2021-02-26,NRG,NRG,Utilities,5,0.018181818181818184
2,2021-02-26,PEG,PEG,Utilities,5,0.018181818181818184
3,2021-03-31,DISCA,DISCA,Communication Services,5,0.018181818181818184
3,2021-03-31,NWS,NWS,Communication Services,5,0.018181818181818184
3,2021-03-31,NWSA,NWSA,Communication Services,5,0.018181818181818184
3,2021-03-31,PSKY,PSKY,Communication Services,5,0.018181818181818184
3,2021-03-31,TWTR,TWTR,Communication Services,5,0.018181818181818184
3,2021-03-31,APTV,APTV,Consumer Discretionary,5,0.007575757575757576
3,2021-03-31,BBWI,BBWI,Consumer Discretionary,5,0.007575757575757576
3,2021-03-31,CZR,CZR,Consumer Discretionary,5,0.007575757575757576
3,2021-03-31,ETSY,ETSY,Consumer Discretionary,5,0.007575757575757576
3,2021-03-31,EXPE,EXPE,Consumer Discretionary,5,0.007575757575757576
3,2021-03-31,GPS,GPS,Consumer Discretionary,5,0.007575757575757576
3,2021-03-31,MGM,MGM,Consumer Discretionary,5,0.007575757575757576
3,2021-03-31,NCLH,NCLH,Consumer Discretionary,5,0.007575757575757576
3,2021-03-31,PENN,PENN,Consumer Discretionary,5,0.007575757575757576
3,2021-03-31,RCL,RCL,Consumer Discretionary,5,0.007575757575757576
3,2021-03-31,TPR,TPR,Consumer Discretionary,5,0.007575757575757576
3,2021-03-31,TSLA,TSLA,Consumer Discretionary,5,0.007575757575757576
3,2021-03-31,ADM,ADM,Consumer Staples,5,0.015151515151515152
3,2021-03-31,EL,EL,Consumer Staples,5,0.015151515151515152
3,2021-03-31,KHC,KHC,Consumer Staples,5,0.015151515151515152
3,2021-03-31,MNST,MNST,Consumer Staples,5,0.015151515151515152
3,2021-03-31,STZ,STZ,Consumer Staples,5,0.015151515151515152
3,2021-03-31,SYY,SYY,Consumer Staples,5,0.015151515151515152
3,2021-03-31,APA,APA,Energy,5,0.022727272727272728
3,2021-03-31,DVN,DVN,Energy,5,0.022727272727272728
3,2021-03-31,HAL,HAL,Energy,5,0.022727272727272728
3,2021-03-31,MRO,MRO,Energy,5,0.022727272727272728
3,2021-03-31,AMP,AMP,Financials,5,0.006993006993006994
3,2021-03-31,CFG,CFG,Financials,5,0.006993006993006994
3,2021-03-31,CMA,CMA,Financials,5,0.006993006993006994
3,2021-03-31,COF,COF,Financials,5,0.006993006993006994
3,2021-03-31,DFS,DFS,Financials,5,0.006993006993006994
3,2021-03-31,FITB,FITB,Financials,5,0.006993006993006994
3,2021-03-31,GS,GS,Financials,5,0.006993006993006994
3,2021-03-31,IVZ,IVZ,Financials,5,0.006993006993006994
3,2021-03-31,LNC,LNC,Financials,5,0.006993006993006994
3,2021-03-31,MS,MS,Financials,5,0.006993006993006994
3,2021-03-31,RF,RF,Financials,5,0.006993006993006994
3,2021-03-31,SIVB,SIVB,Financials,5,0.006993006993006994
3,2021-03-31,SYF,SYF,Financials,5,0.006993006993006994
3,2021-03-31,A,A,Health Care,5,0.007575757575757576
3,2021-03-31,ABMD,ABMD,Health Care,5,0.007575757575757576
3,2021-03-31,ALGN,ALGN,Health Care,5,0.007575757575757576
3,2021-03-31,ALXN,ALXN,Health Care,5,0.007575757575757576
3,2021-03-31,CTLT,CTLT,Health Care,5,0.007575757575757576
3,2021-03-31,HCA,HCA,Health Care,5,0.007575757575757576
3,2021-03-31,HOLX,HOLX,Health Care,5,0.007575757575757576
3,2021-03-31,IDXX,IDXX,Health Care,5,0.007575757575757576
3,2021-03-31,IQV,IQV,Health Care,5,0.007575757575757576
3,2021-03-31,LH,LH,Health Care,5,0.007575757575757576
3,2021-03-31,VAR,VAR,Health Care,5,0.007575757575757576
3,2021-03-31,WST,WST,Health Care,5,0.007575757575757576
3,2021-03-31,ALK,ALK,Industrials,5,0.006493506493506493
3,2021-03-31,CARR,CARR,Industrials,5,0.006493506493506493
3,2021-03-31,CMI,CMI,Industrials,5,0.006493506493506493
3,2021-03-31,DE,DE,Industrials,5,0.006493506493506493
3,2021-03-31,FBHS,FBHS,Industrials,5,0.006493506493506493
3,2021-03-31,FDX,FDX,Industrials,5,0.006493506493506493
3,2021-03-31,GNRC,GNRC,Industrials,5,0.006493506493506493
3,2021-03-31,HWM,HWM,Industrials,5,0.006493506493506493
3,2021-03-31,JCI,JCI,Industrials,5,0.006493506493506493
3,2021-03-31,PH,PH,Industrials,5,0.006493506493506493
3,2021-03-31,PWR,PWR,Industrials,5,0.006493506493506493
3,2021-03-31,RHI,RHI,Industrials,5,0.006493506493506493
3,2021-03-31,SNA,SNA,Industrials,5,0.006493506493506493
3,2021-03-31,URI,URI,Industrials,5,0.006493506493506493
3,2021-03-31,AMAT,AMAT,Information Technology,5,0.006493506493506493
3,2021-03-31,CDNS,CDNS,Information Technology,5,0.006493506493506493
3,2021-03-31,ENPH,ENPH,Information Technology,5,0.006493506493506493
3,2021-03-31,KLAC,KLAC,Information Technology,5,0.006493506493506493
3,2021-03-31,LRCX,LRCX,Information Technology,5,0.006493506493506493
3,2021-03-31,MCHP,MCHP,Information Technology,5,0.006493506493506493
3,2021-03-31,MPWR,MPWR,Information Technology,5,0.006493506493506493
3,2021-03-31,MU,MU,Information Technology,5,0.006493506493506493
3,2021-03-31,NXPI,NXPI,Information Technology,5,0.006493506493506493
3,2021-03-31,PYPL,PYPL,Information Technology,5,0.006493506493506493
3,2021-03-31,QRVO,QRVO,Information Technology,5,0.006493506493506493
3,2021-03-31,TER,TER,Information Technology,5,0.006493506493506493
3,2021-03-31,TRMB,TRMB,Information Technology,5,0.006493506493506493
3,2021-03-31,ZBRA,ZBRA,Information Technology,5,0.006493506493506493
3,2021-03-31,ALB,ALB,Materials,5,0.018181818181818184
3,2021-03-31,EMN,EMN,Materials,5,0.018181818181818184
3,2021-03-31,FCX,FCX,Materials,5,0.018181818181818184
3,2021-03-31,LYB,LYB,Materials,5,0.018181818181818184
3,2021-03-31,MOS,MOS,Materials,5,0.018181818181818184
3,2021-03-31,CBRE,CBRE,Real Estate,5,0.018181818181818184
3,2021-03-31,KIM,KIM,Real Estate,5,0.018181818181818184
3,2021-03-31,SPG,SPG,Real Estate,5,0.018181818181818184
3,2021-03-31,VTR,VTR,Real Estate,5,0.018181818181818184
3,2021-03-31,WY,WY,Real Estate,5,0.018181818181818184
3,2021-03-31,AES,AES,Utilities,5,0.018181818181818184
3,2021-03-31,CNP,CNP,Utilities,5,0.018181818181818184
3,2021-03-31,DTE,DTE,Utilities,5,0.018181818181818184
3,2021-03-31,NEE,NEE,Utilities,5,0.018181818181818184
3,2021-03-31,NRG,NRG,Utilities,5,0.018181818181818184
4,2021-04-30,DISCA,DISCA,Communication Services,5,0.018181818181818184
4,2021-04-30,NWS,NWS,Communication Services,5,0.018181818181818184
4,2021-04-30,NWSA,NWSA,Communication Services,5,0.018181818181818184
4,2021-04-30,PSKY,PSKY,Communication Services,5,0.018181818181818184
4,2021-04-30,TWTR,TWTR,Communication Services,5,0.018181818181818184
4,2021-04-30,BBWI,BBWI,Consumer Discretionary,5,0.007575757575757576
4,2021-04-30,CZR,CZR,Consumer Discretionary,5,0.007575757575757576
4,2021-04-30,ETSY,ETSY,Consumer Discretionary,5,0.007575757575757576
4,2021-04-30,EXPE,EXPE,Consumer Discretionary,5,0.007575757575757576
4,2021-04-30,F,F,Consumer Discretionary,5,0.007575757575757576
4,2021-04-30,GM,GM,Consumer Discretionary,5,0.007575757575757576
4,2021-04-30,GPS,GPS,Consumer Discretionary,5,0.007575757575757576
4,2021-04-30,MGM,MGM,Consumer Discretionary,5,0.007575757575757576
4,2021-04-30,MHK,MHK,Consumer Discretionary,5,0.007575757575757576
4,2021-04-30,PENN,PENN,Consumer Discretionary,5,0.007575757575757576
4,2021-04-30,TPR,TPR,Consumer Discretionary,5,0.007575757575757576
4,2021-04-30,TSLA,TSLA,Consumer Discretionary,5,0.007575757575757576
4,2021-04-30,ADM,ADM,Consumer Staples,5,0.015151515151515152
4,2021-04-30,EL,EL,Consumer Staples,5,0.015151515151515152
4,2021-04-30,MNST,MNST,Consumer Staples,5,0.015151515151515152
4,2021-04-30,MO,MO,Consumer Staples,5,0.015151515151515152
4,2021-04-30,STZ,STZ,Consumer Staples,5,0.015151515151515152
4,2021-04-30,SYY,SYY,Consumer Staples,5,0.015151515151515152
4,2021-04-30,DVN,DVN,Energy,5,0.022727272727272728
4,2021-04-30,HAL,HAL,Energy,5,0.022727272727272728
4,2021-04-30,OKE,OKE,Energy,5,0.022727272727272728
4,2021-04-30,PXD,PXD,Energy,5,0.022727272727272728
4,2021-04-30,AIG,AIG,Financials,5,0.006993006993006994
4,2021-04-30,AMP,AMP,Financials,5,0.006993006993006994
4,2021-04-30,CFG,CFG,Financials,5,0.006993006993006994
4,2021-04-30,CMA,CMA,Financials,5,0.006993006993006994
4,2021-04-30,COF,COF,Financials,5,0.006993006993006994
4,2021-04-30,DFS,DFS,Financials,5,0.006993006993006994
4,2021-04-30,FITB,FITB,Financials,5,0.006993006993006994
4,2021-04-30,IVZ,IVZ,Financials,5,0.006993006993006994
4,2021-04-30,MS,MS,Financials,5,0.006993006993006994
4,2021-04-30,RF,RF,Financials,5,0.006993006993006994
4,2021-04-30,RJF,RJF,Financials,5,0.006993006993006994
4,2021-04-30,SIVB,SIVB,Financials,5,0.006993006993006994
4,2021-04-30,SYF,SYF,Financials,5,0.006993006993006994
4,2021-04-30,A,A,Health Care,5,0.007575757575757576
4,2021-04-30,ABMD,ABMD,Health Care,5,0.007575757575757576
4,2021-04-30,ALGN,ALGN,Health Care,5,0.007575757575757576
4,2021-04-30,CTLT,CTLT,Health Care,5,0.007575757575757576
4,2021-04-30,HCA,HCA,Health Care,5,0.007575757575757576
4,2021-04-30,HOLX,HOLX,Health Care,5,0.007575757575757576
4,2021-04-30,IDXX,IDXX,Health Care,5,0.007575757575757576
4,2021-04-30,LH,LH,Health Care,5,0.007575757575757576
4,2021-04-30,MTD,MTD,Health Care,5,0.007575757575757576
4,2021-04-30,WAT,WAT,Health Care,5,0.007575757575757576
4,2021-04-30,WST,WST,Health Care,5,0.007575757575757576
4,2021-04-30,XRAY,XRAY,Health Care,5,0.007575757575757576
4,2021-04-30,ALK,ALK,Industrials,5,0.006493506493506493
4,2021-04-30,CARR,CARR,Industrials,5,0.006493506493506493
4,2021-04-30,CAT,CAT,Industrials,5,0.006493506493506493
4,2021-04-30,DE,DE,Industrials,5,0.006493506493506493
4,2021-04-30,FBHS,FBHS,Industrials,5,0.006493506493506493
4,2021-04-30,FDX,FDX,Industrials,5,0.006493506493506493
4,2021-04-30,GNRC,GNRC,Industrials,5,0.006493506493506493
4,2021-04-30,HWM,HWM,Industrials,5,0.006493506493506493
4,2021-04-30,JCI,JCI,Industrials,5,0.006493506493506493
4,2021-04-30,KSU,KSU,Industrials,5,0.006493506493506493
4,2021-04-30,PH,PH,Industrials,5,0.006493506493506493
4,2021-04-30,PWR,PWR,Industrials,5,0.006493506493506493
4,2021-04-30,TXT,TXT,Industrials,5,0.006493506493506493
4,2021-04-30,URI,URI,Industrials,5,0.006493506493506493
4,2021-04-30,AMAT,AMAT,Information Technology,5,0.006060606060606061
4,2021-04-30,ENPH,ENPH,Information Technology,5,0.006060606060606061
4,2021-04-30,GLW,GLW,Information Technology,5,0.006060606060606061
4,2021-04-30,HPQ,HPQ,Information Technology,5,0.006060606060606061
4,2021-04-30,KLAC,KLAC,Information Technology,5,0.006060606060606061
4,2021-04-30,LRCX,LRCX,Information Technology,5,0.006060606060606061
4,2021-04-30,MU,MU,Information Technology,5,0.006060606060606061
4,2021-04-30,NVDA,NVDA,Information Technology,5,0.006060606060606061
4,2021-04-30,NXPI,NXPI,Information Technology,5,0.006060606060606061
4,2021-04-30,PTC,PTC,Information Technology,5,0.006060606060606061
4,2021-04-30,PYPL,PYPL,Information Technology,5,0.006060606060606061
4,2021-04-30,QRVO,QRVO,Information Technology,5,0.006060606060606061
4,2021-04-30,TER,TER,Information Technology,5,0.006060606060606061
4,2021-04-30,TRMB,TRMB,Information Technology,5,0.006060606060606061
4,2021-04-30,ZBRA,ZBRA,Information Technology,5,0.006060606060606061
4,2021-04-30,ALB,ALB,Materials,5,0.018181818181818184
4,2021-04-30,FCX,FCX,Materials,5,0.018181818181818184
4,2021-04-30,LYB,LYB,Materials,5,0.018181818181818184
4,2021-04-30,MOS,MOS,Materials,5,0.018181818181818184
4,2021-04-30,NUE,NUE,Materials,5,0.018181818181818184
4,2021-04-30,CBRE,CBRE,Real Estate,5,0.018181818181818184
4,2021-04-30,IRM,IRM,Real Estate,5,0.018181818181818184
4,2021-04-30,KIM,KIM,Real Estate,5,0.018181818181818184
4,2021-04-30,SPG,SPG,Real Estate,5,0.018181818181818184
4,2021-04-30,VTR,VTR,Real Estate,5,0.018181818181818184
4,2021-04-30,AES,AES,Utilities,5,0.018181818181818184
4,2021-04-30,AWK,AWK,Utilities,5,0.018181818181818184
4,2021-04-30,CNP,CNP,Utilities,5,0.018181818181818184
4,2021-04-30,DTE,DTE,Utilities,5,0.018181818181818184
4,2021-04-30,NEE,NEE,Utilities,5,0.018181818181818184
5,2021-05-28,IPG,IPG,Communication Services,5,0.018181818181818184
5,2021-05-28,NWS,NWS,Communication Services,5,0.018181818181818184
5,2021-05-28,NWSA,NWSA,Communication Services,5,0.018181818181818184
5,2021-05-28,PSKY,PSKY,Communication Services,5,0.018181818181818184
5,2021-05-28,TWTR,TWTR,Communication Services,5,0.018181818181818184
5,2021-05-28,BBWI,BBWI,Consumer Discretionary,5,0.007575757575757576
5,2021-05-28,CZR,CZR,Consumer Discretionary,5,0.007575757575757576
5,2021-05-28,ETSY,ETSY,Consumer Discretionary,5,0.007575757575757576
5,2021-05-28,EXPE,EXPE,Consumer Discretionary,5,0.007575757575757576
5,2021-05-28,GPS,GPS,Consumer Discretionary,5,0.007575757575757576
5,2021-05-28,MGM,MGM,Consumer Discretionary,5,0.007575757575757576
5,2021-05-28,PENN,PENN,Consumer Discretionary,5,0.007575757575757576
5,2021-05-28,PVH,PVH,Consumer Discretionary,5,0.007575757575757576
5,2021-05-28,TPR,TPR,Consumer Discretionary,5,0.007575757575757576
5,2021-05-28,TSLA,TSLA,Consumer Discretionary,5,0.007575757575757576
5,2021-05-28,UA,UA,Consumer Discretionary,5,0.007575757575757576
5,2021-05-28,UAA,UAA,Consumer Discretionary,5,0.007575757575757576
5,2021-05-28,ADM,ADM,Consumer Staples,5,0.015151515151515152
5,2021-05-28,EL,EL,Consumer Staples,5,0.015151515151515152
5,2021-05-28,KHC,KHC,Consumer Staples,5,0.015151515151515152
5,2021-05-28,STZ,STZ,Consumer Staples,5,0.015151515151515152
5,2021-05-28,SYY,SYY,Consumer Staples,5,0.015151515151515152
5,2021-05-28,TAP,TAP,Consumer Staples,5,0.015151515151515152
5,2021-05-28,DVN,DVN,Energy,5,0.022727272727272728
5,2021-05-28,FANG,FANG,Energy,5,0.022727272727272728
5,2021-05-28,MRO,MRO,Energy,5,0.022727272727272728
5,2021-05-28,OXY,OXY,Energy,5,0.022727272727272728
5,2021-05-28,CFG,CFG,Financials,5,0.006993006993006994
5,2021-05-28,CINF,CINF,Financials,5,0.006993006993006994
5,2021-05-28,CMA,CMA,Financials,5,0.006993006993006994
5,2021-05-28,COF,COF,Financials,5,0.006993006993006994
5,2021-05-28,DFS,DFS,Financials,5,0.006993006993006994
5,2021-05-28,FITB,FITB,Financials,5,0.006993006993006994
5,2021-05-28,IVZ,IVZ,Financials,5,0.006993006993006994
5,2021-05-28,KEY,KEY,Financials,5,0.006993006993006994
5,2021-05-28,RF,RF,Financials,5,0.006993006993006994
5,2021-05-28,SCHW,SCHW,Financials,5,0.006993006993006994
5,2021-05-28,SIVB,SIVB,Financials,5,0.006993006993006994
5,2021-05-28,SYF,SYF,Financials,5,0.006993006993006994
5,2021-05-28,UNM,UNM,Financials,5,0.006993006993006994
5,2021-05-28,A,A,Health Care,5,0.007575757575757576
5,2021-05-28,ALGN,ALGN,Health Care,5,0.007575757575757576
5,2021-05-28,CRL,CRL,Health Care,5,0.007575757575757576
5,2021-05-28,DHR,DHR,Health Care,5,0.007575757575757576
5,2021-05-28,HCA,HCA,Health Care,5,0.007575757575757576
5,2021-05-28,IDXX,IDXX,Health Care,5,0.007575757575757576
5,2021-05-28,IQV,IQV,Health Care,5,0.007575757575757576
5,2021-05-28,ISRG,ISRG,Health Care,5,0.007575757575757576
5,2021-05-28,LH,LH,Health Care,5,0.007575757575757576
5,2021-05-28,MTD,MTD,Health Care,5,0.007575757575757576
5,2021-05-28,WAT,WAT,Health Care,5,0.007575757575757576
5,2021-05-28,WST,WST,Health Care,5,0.007575757575757576
5,2021-05-28,AAL,AAL,Industrials,5,0.006493506493506493
5,2021-05-28,ALK,ALK,Industrials,5,0.006493506493506493
5,2021-05-28,CARR,CARR,Industrials,5,0.006493506493506493
5,2021-05-28,DE,DE,Industrials,5,0.006493506493506493
5,2021-05-28,FDX,FDX,Industrials,5,0.006493506493506493
5,2021-05-28,GE,GE,Industrials,5,0.006493506493506493
5,2021-05-28,GNRC,GNRC,Industrials,5,0.006493506493506493
5,2021-05-28,HWM,HWM,Industrials,5,0.006493506493506493
5,2021-05-28,JCI,JCI,Industrials,5,0.006493506493506493
5,2021-05-28,PWR,PWR,Industrials,5,0.006493506493506493
5,2021-05-28,TT,TT,Industrials,5,0.006493506493506493
5,2021-05-28,TXT,TXT,Industrials,5,0.006493506493506493
5,2021-05-28,UPS,UPS,Industrials,5,0.006493506493506493
5,2021-05-28,URI,URI,Industrials,5,0.006493506493506493
5,2021-05-28,AMAT,AMAT,Information Technology,5,0.006493506493506493
5,2021-05-28,DXC,DXC,Information Technology,5,0.006493506493506493
5,2021-05-28,ENPH,ENPH,Information Technology,5,0.006493506493506493
5,2021-05-28,GLW,GLW,Information Technology,5,0.006493506493506493
5,2021-05-28,HPQ,HPQ,Information Technology,5,0.006493506493506493
5,2021-05-28,KLAC,KLAC,Information Technology,5,0.006493506493506493
5,2021-05-28,LRCX,LRCX,Information Technology,5,0.006493506493506493
5,2021-05-28,MU,MU,Information Technology,5,0.006493506493506493
5,2021-05-28,NXPI,NXPI,Information Technology,5,0.006493506493506493
5,2021-05-28,QRVO,QRVO,Information Technology,5,0.006493506493506493
5,2021-05-28,STX,STX,Information Technology,5,0.006493506493506493
5,2021-05-28,TER,TER,Information Technology,5,0.006493506493506493
5,2021-05-28,TRMB,TRMB,Information Technology,5,0.006493506493506493
5,2021-05-28,ZBRA,ZBRA,Information Technology,5,0.006493506493506493
5,2021-05-28,ALB,ALB,Materials,5,0.018181818181818184
5,2021-05-28,AVY,AVY,Materials,5,0.018181818181818184
5,2021-05-28,FCX,FCX,Materials,5,0.018181818181818184
5,2021-05-28,MOS,MOS,Materials,5,0.018181818181818184
5,2021-05-28,NUE,NUE,Materials,5,0.018181818181818184
5,2021-05-28,CBRE,CBRE,Real Estate,5,0.018181818181818184
5,2021-05-28,IRM,IRM,Real Estate,5,0.018181818181818184
5,2021-05-28,KIM,KIM,Real Estate,5,0.018181818181818184
5,2021-05-28,SPG,SPG,Real Estate,5,0.018181818181818184
5,2021-05-28,WY,WY,Real Estate,5,0.018181818181818184
5,2021-05-28,AES,AES,Utilities,5,0.018181818181818184
5,2021-05-28,AWK,AWK,Utilities,5,0.018181818181818184
5,2021-05-28,CNP,CNP,Utilities,5,0.018181818181818184
5,2021-05-28,DTE,DTE,Utilities,5,0.018181818181818184
5,2021-05-28,PEG,PEG,Utilities,5,0.018181818181818184
6,2021-06-30,IPG,IPG,Communication Services,5,0.018181818181818184
6,2021-06-30,LYV,LYV,Communication Services,5,0.018181818181818184
6,2021-06-30,NWS,NWS,Communication Services,5,0.018181818181818184
6,2021-06-30,NWSA,NWSA,Communication Services,5,0.018181818181818184
6,2021-06-30,TWTR,TWTR,Communication Services,5,0.018181818181818184
6,2021-06-30,BBWI,BBWI,Consumer Discretionary,5,0.007575757575757576
6,2021-06-30,CZR,CZR,Consumer Discretionary,5,0.007575757575757576
6,2021-06-30,F,F,Consumer Discretionary,5,0.007575757575757576
6,2021-06-30,GM,GM,Consumer Discretionary,5,0.007575757575757576
6,2021-06-30,GPS,GPS,Consumer Discretionary,5,0.007575757575757576
6,2021-06-30,MGM,MGM,Consumer Discretionary,5,0.007575757575757576
6,2021-06-30,PENN,PENN,Consumer Discretionary,5,0.007575757575757576
6,2021-06-30,PVH,PVH,Consumer Discretionary,5,0.007575757575757576
6,2021-06-30,TPR,TPR,Consumer Discretionary,5,0.007575757575757576
6,2021-06-30,TSLA,TSLA,Consumer Discretionary,5,0.007575757575757576
6,2021-06-30,UA,UA,Consumer Discretionary,5,0.007575757575757576
6,2021-06-30,UAA,UAA,Consumer Discretionary,5,0.007575757575757576
6,2021-06-30,ADM,ADM,Consumer Staples,5,0.015151515151515152
6,2021-06-30,EL,EL,Consumer Staples,5,0.015151515151515152
6,2021-06-30,KHC,KHC,Consumer Staples,5,0.015151515151515152
6,2021-06-30,PM,PM,Consumer Staples,5,0.015151515151515152
6,2021-06-30,SYY,SYY,Consumer Staples,5,0.015151515151515152
6,2021-06-30,TAP,TAP,Consumer Staples,5,0.015151515151515152
6,2021-06-30,DVN,DVN,Energy,5,0.022727272727272728
6,2021-06-30,FANG,FANG,Energy,5,0.022727272727272728
6,2021-06-30,MRO,MRO,Energy,5,0.022727272727272728
6,2021-06-30,OKE,OKE,Energy,5,0.022727272727272728
6,2021-06-30,CFG,CFG,Financials,5,0.006993006993006994
6,2021-06-30,CMA,CMA,Financials,5,0.006993006993006994
6,2021-06-30,COF,COF,Financials,5,0.006993006993006994
6,2021-06-30,DFS,DFS,Financials,5,0.006993006993006994
6,2021-06-30,FITB,FITB,Financials,5,0.006993006993006994
6,2021-06-30,IVZ,IVZ,Financials,5,0.006993006993006994
6,2021-06-30,KEY,KEY,Financials,5,0.006993006993006994
6,2021-06-30,LNC,LNC,Financials,5,0.006993006993006994
6,2021-06-30,RF,RF,Financials,5,0.006993006993006994
6,2021-06-30,SCHW,SCHW,Financials,5,0.006993006993006994
6,2021-06-30,SIVB,SIVB,Financials,5,0.006993006993006994
6,2021-06-30,SYF,SYF,Financials,5,0.006993006993006994
6,2021-06-30,UNM,UNM,Financials,5,0.006993006993006994
6,2021-06-30,A,A,Health Care,5,0.007575757575757576
6,2021-06-30,ALGN,ALGN,Health Care,5,0.007575757575757576
6,2021-06-30,ALXN,ALXN,Health Care,5,0.007575757575757576
6,2021-06-30,CRL,CRL,Health Care,5,0.007575757575757576
6,2021-06-30,HCA,HCA,Health Care,5,0.007575757575757576
6,2021-06-30,IDXX,IDXX,Health Care,5,0.007575757575757576
6,2021-06-30,IQV,IQV,Health Care,5,0.007575757575757576
6,2021-06-30,LH,LH,Health Care,5,0.007575757575757576
6,2021-06-30,MTD,MTD,Health Care,5,0.007575757575757576
6,2021-06-30,UHS,UHS,Health Care,5,0.007575757575757576
6,2021-06-30,WAT,WAT,Health Care,5,0.007575757575757576
6,2021-06-30,WST,WST,Health Care,5,0.007575757575757576
6,2021-06-30,CARR,CARR,Industrials,5,0.006493506493506493
6,2021-06-30,CAT,CAT,Industrials,5,0.006493506493506493
6,2021-06-30,DE,DE,Industrials,5,0.006493506493506493
6,2021-06-30,FDX,FDX,Industrials,5,0.006493506493506493
6,2021-06-30,GE,GE,Industrials,5,0.006493506493506493
6,2021-06-30,GNRC,GNRC,Industrials,5,0.006493506493506493
6,2021-06-30,HWM,HWM,Industrials,5,0.006493506493506493
6,2021-06-30,JCI,JCI,Industrials,5,0.006493506493506493
6,2021-06-30,KSU,KSU,Industrials,5,0.006493506493506493
6,2021-06-30,PWR,PWR,Industrials,5,0.006493506493506493
6,2021-06-30,TT,TT,Industrials,5,0.006493506493506493
6,2021-06-30,TXT,TXT,Industrials,5,0.006493506493506493
6,2021-06-30,UPS,UPS,Industrials,5,0.006493506493506493
6,2021-06-30,URI,URI,Industrials,5,0.006493506493506493
6,2021-06-30,AMAT,AMAT,Information Technology,5,0.006493506493506493
6,2021-06-30,DXC,DXC,Information Technology,5,0.006493506493506493
6,2021-06-30,ENPH,ENPH,Information Technology,5,0.006493506493506493
6,2021-06-30,GLW,GLW,Information Technology,5,0.006493506493506493
6,2021-06-30,HPQ,HPQ,Information Technology,5,0.006493506493506493
6,2021-06-30,IT,IT,Information Technology,5,0.006493506493506493
6,2021-06-30,LRCX,LRCX,Information Technology,5,0.006493506493506493
6,2021-06-30,NTAP,NTAP,Information Technology,5,0.006493506493506493
6,2021-06-30,NVDA,NVDA,Information Technology,5,0.006493506493506493
6,2021-06-30,NXPI,NXPI,Information Technology,5,0.006493506493506493
6,2021-06-30,PTC,PTC,Information Technology,5,0.006493506493506493
6,2021-06-30,STX,STX,Information Technology,5,0.006493506493506493
6,2021-06-30,TRMB,TRMB,Information Technology,5,0.006493506493506493
6,2021-06-30,ZBRA,ZBRA,Information Technology,5,0.006493506493506493
6,2021-06-30,ALB,ALB,Materials,5,0.018181818181818184
6,2021-06-30,CE,CE,Materials,5,0.018181818181818184
6,2021-06-30,FCX,FCX,Materials,5,0.018181818181818184
6,2021-06-30,MOS,MOS,Materials,5,0.018181818181818184
6,2021-06-30,NUE,NUE,Materials,5,0.018181818181818184
6,2021-06-30,CBRE,CBRE,Real Estate,5,0.018181818181818184
6,2021-06-30,IRM,IRM,Real Estate,5,0.018181818181818184
6,2021-06-30,KIM,KIM,Real Estate,5,0.018181818181818184
6,2021-06-30,SPG,SPG,Real Estate,5,0.018181818181818184
6,2021-06-30,WY,WY,Real Estate,5,0.018181818181818184
6,2021-06-30,AES,AES,Utilities,5,0.018181818181818184
6,2021-06-30,CNP,CNP,Utilities,5,0.018181818181818184
6,2021-06-30,DTE,DTE,Utilities,5,0.018181818181818184
6,2021-06-30,DUK,DUK,Utilities,5,0.018181818181818184
6,2021-06-30,PEG,PEG,Utilities,5,0.018181818181818184
7,2021-07-30,IPG,IPG,Communication Services,5,0.018181818181818184
7,2021-07-30,LYV,LYV,Communication Services,5,0.018181818181818184
7,2021-07-30,NWS,NWS,Communication Services,5,0.018181818181818184
7,2021-07-30,NWSA,NWSA,Communication Services,5,0.018181818181818184
7,2021-07-30,TWTR,TWTR,Communication Services,5,0.018181818181818184
7,2021-07-30,BBWI,BBWI,Consumer Discretionary,5,0.007575757575757576
7,2021-07-30,CZR,CZR,Consumer Discretionary,5,0.007575757575757576
7,2021-07-30,F,F,Consumer Discretionary,5,0.007575757575757576
7,2021-07-30,GM,GM,Consumer Discretionary,5,0.007575757575757576
7,2021-07-30,GPS,GPS,Consumer Discretionary,5,0.007575757575757576
7,2021-07-30,MGM,MGM,Consumer Discretionary,5,0.007575757575757576
7,2021-07-30,MHK,MHK,Consumer Discretionary,5,0.007575757575757576
7,2021-07-30,NCLH,NCLH,Consumer Discretionary,5,0.007575757575757576
7,2021-07-30,PENN,PENN,Consumer Discretionary,5,0.007575757575757576
7,2021-07-30,PVH,PVH,Consumer Discretionary,5,0.007575757575757576
7,2021-07-30,TPR,TPR,Consumer Discretionary,5,0.007575757575757576
7,2021-07-30,TSLA,TSLA,Consumer Discretionary,5,0.007575757575757576
7,2021-07-30,ADM,ADM,Consumer Staples,5,0.015151515151515152
7,2021-07-30,EL,EL,Consumer Staples,5,0.015151515151515152
7,2021-07-30,LW,LW,Consumer Staples,5,0.015151515151515152
7,2021-07-30,PM,PM,Consumer Staples,5,0.015151515151515152
7,2021-07-30,SYY,SYY,Consumer Staples,5,0.015151515151515152
7,2021-07-30,TAP,TAP,Consumer Staples,5,0.015151515151515152
7,2021-07-30,DVN,DVN,Energy,5,0.022727272727272728
7,2021-07-30,FANG,FANG,Energy,5,0.022727272727272728
7,2021-07-30,MRO,MRO,Energy,5,0.022727272727272728
7,2021-07-30,OKE,OKE,Energy,5,0.022727272727272728
7,2021-07-30,CFG,CFG,Financials,5,0.006993006993006994
7,2021-07-30,CMA,CMA,Financials,5,0.006993006993006994
7,2021-07-30,COF,COF,Financials,5,0.006993006993006994
7,2021-07-30,DFS,DFS,Financials,5,0.006993006993006994
7,2021-07-30,FITB,FITB,Financials,5,0.006993006993006994
7,2021-07-30,GS,GS,Financials,5,0.006993006993006994
7,2021-07-30,IVZ,IVZ,Financials,5,0.006993006993006994
7,2021-07-30,MS,MS,Financials,5,0.006993006993006994
7,2021-07-30,RF,RF,Financials,5,0.006993006993006994
7,2021-07-30,RJF,RJF,Financials,5,0.006993006993006994
7,2021-07-30,SCHW,SCHW,Financials,5,0.006993006993006994
7,2021-07-30,SIVB,SIVB,Financials,5,0.006993006993006994
7,2021-07-30,SYF,SYF,Financials,5,0.006993006993006994
7,2021-07-30,A,A,Health Care,5,0.007575757575757576
7,2021-07-30,ALGN,ALGN,Health Care,5,0.007575757575757576
7,2021-07-30,CRL,CRL,Health Care,5,0.007575757575757576
7,2021-07-30,HCA,HCA,Health Care,5,0.007575757575757576
7,2021-07-30,IDXX,IDXX,Health Care,5,0.007575757575757576
7,2021-07-30,IQV,IQV,Health Care,5,0.007575757575757576
7,2021-07-30,LH,LH,Health Care,5,0.007575757575757576
7,2021-07-30,LLY,LLY,Health Care,5,0.007575757575757576
7,2021-07-30,MRNA,MRNA,Health Care,5,0.007575757575757576
7,2021-07-30,MTD,MTD,Health Care,5,0.007575757575757576
7,2021-07-30,WAT,WAT,Health Care,5,0.007575757575757576
7,2021-07-30,XRAY,XRAY,Health Care,5,0.007575757575757576
7,2021-07-30,AAL,AAL,Industrials,5,0.006493506493506493
7,2021-07-30,ALK,ALK,Industrials,5,0.006493506493506493
7,2021-07-30,CARR,CARR,Industrials,5,0.006493506493506493
7,2021-07-30,DE,DE,Industrials,5,0.006493506493506493
7,2021-07-30,FDX,FDX,Industrials,5,0.006493506493506493
7,2021-07-30,GE,GE,Industrials,5,0.006493506493506493
7,2021-07-30,GNRC,GNRC,Industrials,5,0.006493506493506493
7,2021-07-30,HWM,HWM,Industrials,5,0.006493506493506493
7,2021-07-30,JCI,JCI,Industrials,5,0.006493506493506493
7,2021-07-30,PH,PH,Industrials,5,0.006493506493506493
7,2021-07-30,PWR,PWR,Industrials,5,0.006493506493506493
7,2021-07-30,RHI,RHI,Industrials,5,0.006493506493506493
7,2021-07-30,TXT,TXT,Industrials,5,0.006493506493506493
7,2021-07-30,URI,URI,Industrials,5,0.006493506493506493
7,2021-07-30,AMAT,AMAT,Information Technology,5,0.006493506493506493
7,2021-07-30,DXC,DXC,Information Technology,5,0.006493506493506493
7,2021-07-30,ENPH,ENPH,Information Technology,5,0.006493506493506493
7,2021-07-30,FTNT,FTNT,Information Technology,5,0.006493506493506493
7,2021-07-30,HPQ,HPQ,Information Technology,5,0.006493506493506493
7,2021-07-30,IT,IT,Information Technology,5,0.006493506493506493
7,2021-07-30,LRCX,LRCX,Information Technology,5,0.006493506493506493
7,2021-07-30,MU,MU,Information Technology,5,0.006493506493506493
7,2021-07-30,NTAP,NTAP,Information Technology,5,0.006493506493506493
7,2021-07-30,NVDA,NVDA,Information Technology,5,0.006493506493506493
7,2021-07-30,NXPI,NXPI,Information Technology,5,0.006493506493506493
7,2021-07-30,STX,STX,Information Technology,5,0.006493506493506493
7,2021-07-30,TRMB,TRMB,Information Technology,5,0.006493506493506493
7,2021-07-30,ZBRA,ZBRA,Information Technology,5,0.006493506493506493
7,2021-07-30,ALB,ALB,Materials,5,0.018181818181818184
7,2021-07-30,AVY,AVY,Materials,5,0.018181818181818184
7,2021-07-30,FCX,FCX,Materials,5,0.018181818181818184
7,2021-07-30,MOS,MOS,Materials,5,0.018181818181818184
7,2021-07-30,NUE,NUE,Materials,5,0.018181818181818184
7,2021-07-30,CBRE,CBRE,Real Estate,5,0.018181818181818184
7,2021-07-30,EXR,EXR,Real Estate,5,0.018181818181818184
7,2021-07-30,KIM,KIM,Real Estate,5,0.018181818181818184
7,2021-07-30,REG,REG,Real Estate,5,0.018181818181818184
7,2021-07-30,SPG,SPG,Real Estate,5,0.018181818181818184
7,2021-07-30,AES,AES,Utilities,5,0.018181818181818184
7,2021-07-30,CNP,CNP,Utilities,5,0.018181818181818184
7,2021-07-30,DUK,DUK,Utilities,5,0.018181818181818184
7,2021-07-30,FE,FE,Utilities,5,0.018181818181818184
7,2021-07-30,NRG,NRG,Utilities,5,0.018181818181818184
8,2021-08-31,GOOG,GOOG,Communication Services,5,0.018181818181818184
8,2021-08-31,GOOGL,GOOGL,Communication Services,5,0.018181818181818184
8,2021-08-31,IPG,IPG,Communication Services,5,0.018181818181818184
8,2021-08-31,NWSA,NWSA,Communication Services,5,0.018181818181818184
8,2021-08-31,TWTR,TWTR,Communication Services,5,0.018181818181818184
8,2021-08-31,APTV,APTV,Consumer Discretionary,5,0.007575757575757576
8,2021-08-31,BBWI,BBWI,Consumer Discretionary,5,0.007575757575757576
8,2021-08-31,CZR,CZR,Consumer Discretionary,5,0.007575757575757576
8,2021-08-31,DRI,DRI,Consumer Discretionary,5,0.007575757575757576
8,2021-08-31,F,F,Consumer Discretionary,5,0.007575757575757576
8,2021-08-31,GM,GM,Consumer Discretionary,5,0.007575757575757576
8,2021-08-31,MHK,MHK,Consumer Discretionary,5,0.007575757575757576
8,2021-08-31,PVH,PVH,Consumer Discretionary,5,0.007575757575757576
8,2021-08-31,TGT,TGT,Consumer Discretionary,5,0.007575757575757576
8,2021-08-31,TPR,TPR,Consumer Discretionary,5,0.007575757575757576
8,2021-08-31,UA,UA,Consumer Discretionary,5,0.007575757575757576
8,2021-08-31,UAA,UAA,Consumer Discretionary,5,0.007575757575757576
8,2021-08-31,ADM,ADM,Consumer Staples,5,0.015151515151515152
8,2021-08-31,COST,COST,Consumer Staples,5,0.015151515151515152
8,2021-08-31,EL,EL,Consumer Staples,5,0.015151515151515152
8,2021-08-31,PM,PM,Consumer Staples,5,0.015151515151515152
8,2021-08-31,TAP,TAP,Consumer Staples,5,0.015151515151515152
8,2021-08-31,WBA,WBA,Consumer Staples,5,0.015151515151515152
8,2021-08-31,DVN,DVN,Energy,5,0.022727272727272728
8,2021-08-31,MRO,MRO,Energy,5,0.022727272727272728
8,2021-08-31,OKE,OKE,Energy,5,0.022727272727272728
8,2021-08-31,OXY,OXY,Energy,5,0.022727272727272728
8,2021-08-31,CMA,CMA,Financials,5,0.006993006993006994
8,2021-08-31,COF,COF,Financials,5,0.006993006993006994
8,2021-08-31,DFS,DFS,Financials,5,0.006993006993006994
8,2021-08-31,FITB,FITB,Financials,5,0.006993006993006994
8,2021-08-31,GS,GS,Financials,5,0.006993006993006994
8,2021-08-31,IVZ,IVZ,Financials,5,0.006993006993006994
8,2021-08-31,LNC,LNC,Financials,5,0.006993006993006994
8,2021-08-31,MS,MS,Financials,5,0.006993006993006994
8,2021-08-31,RJF,RJF,Financials,5,0.006993006993006994
8,2021-08-31,SCHW,SCHW,Financials,5,0.006993006993006994
8,2021-08-31,SIVB,SIVB,Financials,5,0.006993006993006994
8,2021-08-31,SYF,SYF,Financials,5,0.006993006993006994
8,2021-08-31,WFC,WFC,Financials,5,0.006993006993006994
8,2021-08-31,A,A,Health Care,5,0.007575757575757576
8,2021-08-31,ALGN,ALGN,Health Care,5,0.007575757575757576
8,2021-08-31,CRL,CRL,Health Care,5,0.007575757575757576
8,2021-08-31,HCA,HCA,Health Care,5,0.007575757575757576
8,2021-08-31,IDXX,IDXX,Health Care,5,0.007575757575757576
8,2021-08-31,LH,LH,Health Care,5,0.007575757575757576
8,2021-08-31,LLY,LLY,Health Care,5,0.007575757575757576
8,2021-08-31,MRNA,MRNA,Health Care,5,0.007575757575757576
8,2021-08-31,MTD,MTD,Health Care,5,0.007575757575757576
8,2021-08-31,RVTY,RVTY,Health Care,5,0.007575757575757576
8,2021-08-31,TECH,TECH,Health Care,5,0.007575757575757576
8,2021-08-31,WAT,WAT,Health Care,5,0.007575757575757576
8,2021-08-31,CARR,CARR,Industrials,5,0.006493506493506493
8,2021-08-31,DE,DE,Industrials,5,0.006493506493506493
8,2021-08-31,ETN,ETN,Industrials,5,0.006493506493506493
8,2021-08-31,GE,GE,Industrials,5,0.006493506493506493
8,2021-08-31,GNRC,GNRC,Industrials,5,0.006493506493506493
8,2021-08-31,HWM,HWM,Industrials,5,0.006493506493506493
8,2021-08-31,JCI,JCI,Industrials,5,0.006493506493506493
8,2021-08-31,PNR,PNR,Industrials,5,0.006493506493506493
8,2021-08-31,PWR,PWR,Industrials,5,0.006493506493506493
8,2021-08-31,RHI,RHI,Industrials,5,0.006493506493506493
8,2021-08-31,TT,TT,Industrials,5,0.006493506493506493
8,2021-08-31,TXT,TXT,Industrials,5,0.006493506493506493
8,2021-08-31,URI,URI,Industrials,5,0.006493506493506493
8,2021-08-31,XYL,XYL,Industrials,5,0.006493506493506493
8,2021-08-31,AMAT,AMAT,Information Technology,5,0.006493506493506493
8,2021-08-31,ANET,ANET,Information Technology,5,0.006493506493506493
8,2021-08-31,DXC,DXC,Information Technology,5,0.006493506493506493
8,2021-08-31,ENPH,ENPH,Information Technology,5,0.006493506493506493
8,2021-08-31,FTNT,FTNT,Information Technology,5,0.006493506493506493
8,2021-08-31,IT,IT,Information Technology,5,0.006493506493506493
8,2021-08-31,KLAC,KLAC,Information Technology,5,0.006493506493506493
8,2021-08-31,LRCX,LRCX,Information Technology,5,0.006493506493506493
8,2021-08-31,MPWR,MPWR,Information Technology,5,0.006493506493506493
8,2021-08-31,MU,MU,Information Technology,5,0.006493506493506493
8,2021-08-31,NTAP,NTAP,Information Technology,5,0.006493506493506493
8,2021-08-31,STX,STX,Information Technology,5,0.006493506493506493
8,2021-08-31,WDC,WDC,Information Technology,5,0.006493506493506493
8,2021-08-31,ZBRA,ZBRA,Information Technology,5,0.006493506493506493
8,2021-08-31,ALB,ALB,Materials,5,0.018181818181818184
8,2021-08-31,AVY,AVY,Materials,5,0.018181818181818184
8,2021-08-31,FCX,FCX,Materials,5,0.018181818181818184
8,2021-08-31,MLM,MLM,Materials,5,0.018181818181818184
8,2021-08-31,NUE,NUE,Materials,5,0.018181818181818184
8,2021-08-31,CBRE,CBRE,Real Estate,5,0.018181818181818184
8,2021-08-31,KIM,KIM,Real Estate,5,0.018181818181818184
8,2021-08-31,MAA,MAA,Real Estate,5,0.018181818181818184
8,2021-08-31,REG,REG,Real Estate,5,0.018181818181818184
8,2021-08-31,SPG,SPG,Real Estate,5,0.018181818181818184
8,2021-08-31,AES,AES,Utilities,5,0.018181818181818184
8,2021-08-31,CNP,CNP,Utilities,5,0.018181818181818184
8,2021-08-31,DUK,DUK,Utilities,5,0.018181818181818184
8,2021-08-31,EXC,EXC,Utilities,5,0.018181818181818184
8,2021-08-31,FE,FE,Utilities,5,0.018181818181818184
9,2021-09-30,GOOG,GOOG,Communication Services,5,0.018181818181818184
9,2021-09-30,GOOGL,GOOGL,Communication Services,5,0.018181818181818184
9,2021-09-30,IPG,IPG,Communication Services,5,0.018181818181818184
9,2021-09-30,LYV,LYV,Communication Services,5,0.018181818181818184
9,2021-09-30,NWSA,NWSA,Communication Services,5,0.018181818181818184
9,2021-09-30,BBWI,BBWI,Consumer Discretionary,5,0.007575757575757576
9,2021-09-30,CZR,CZR,Consumer Discretionary,5,0.007575757575757576
9,2021-09-30,ETSY,ETSY,Consumer Discretionary,5,0.007575757575757576
9,2021-09-30,F,F,Consumer Discretionary,5,0.007575757575757576
9,2021-09-30,GRMN,GRMN,Consumer Discretionary,5,0.007575757575757576
9,2021-09-30,LKQ,LKQ,Consumer Discretionary,5,0.007575757575757576
9,2021-09-30,MGM,MGM,Consumer Discretionary,5,0.007575757575757576
9,2021-09-30,MHK,MHK,Consumer Discretionary,5,0.007575757575757576
9,2021-09-30,PVH,PVH,Consumer Discretionary,5,0.007575757575757576
9,2021-09-30,TPR,TPR,Consumer Discretionary,5,0.007575757575757576
9,2021-09-30,UA,UA,Consumer Discretionary,5,0.007575757575757576
9,2021-09-30,UAA,UAA,Consumer Discretionary,5,0.007575757575757576
9,2021-09-30,EL,EL,Consumer Staples,5,0.015151515151515152
9,2021-09-30,KR,KR,Consumer Staples,5,0.015151515151515152
9,2021-09-30,MO,MO,Consumer Staples,5,0.015151515151515152
9,2021-09-30,PM,PM,Consumer Staples,5,0.015151515151515152
9,2021-09-30,TAP,TAP,Consumer Staples,5,0.015151515151515152
9,2021-09-30,WBA,WBA,Consumer Staples,5,0.015151515151515152
9,2021-09-30,DVN,DVN,Energy,5,0.022727272727272728
9,2021-09-30,FANG,FANG,Energy,5,0.022727272727272728
9,2021-09-30,MRO,MRO,Energy,5,0.022727272727272728
9,2021-09-30,OXY,OXY,Energy,5,0.022727272727272728
9,2021-09-30,AIG,AIG,Financials,5,0.006993006993006994
9,2021-09-30,CMA,CMA,Financials,5,0.006993006993006994
9,2021-09-30,COF,COF,Financials,5,0.006993006993006994
9,2021-09-30,DFS,DFS,Financials,5,0.006993006993006994
9,2021-09-30,GS,GS,Financials,5,0.006993006993006994
9,2021-09-30,IVZ,IVZ,Financials,5,0.006993006993006994
9,2021-09-30,LNC,LNC,Financials,5,0.006993006993006994
9,2021-09-30,MS,MS,Financials,5,0.006993006993006994
9,2021-09-30,SCHW,SCHW,Financials,5,0.006993006993006994
9,2021-09-30,SIVB,SIVB,Financials,5,0.006993006993006994
9,2021-09-30,SYF,SYF,Financials,5,0.006993006993006994
9,2021-09-30,WFC,WFC,Financials,5,0.006993006993006994
9,2021-09-30,ZION,ZION,Financials,5,0.006993006993006994
9,2021-09-30,A,A,Health Care,5,0.007575757575757576
9,2021-09-30,ALGN,ALGN,Health Care,5,0.007575757575757576
9,2021-09-30,CRL,CRL,Health Care,5,0.007575757575757576
9,2021-09-30,HCA,HCA,Health Care,5,0.007575757575757576
9,2021-09-30,IDXX,IDXX,Health Care,5,0.007575757575757576
9,2021-09-30,IQV,IQV,Health Care,5,0.007575757575757576
9,2021-09-30,LLY,LLY,Health Care,5,0.007575757575757576
9,2021-09-30,MRNA,MRNA,Health Care,5,0.007575757575757576
9,2021-09-30,RMD,RMD,Health Care,5,0.007575757575757576
9,2021-09-30,TECH,TECH,Health Care,5,0.007575757575757576
9,2021-09-30,WAT,WAT,Health Care,5,0.007575757575757576
9,2021-09-30,WST,WST,Health Care,5,0.007575757575757576
9,2021-09-30,CARR,CARR,Industrials,5,0.006493506493506493
9,2021-09-30,DE,DE,Industrials,5,0.006493506493506493
9,2021-09-30,EFX,EFX,Industrials,5,0.006493506493506493
9,2021-09-30,ETN,ETN,Industrials,5,0.006493506493506493
9,2021-09-30,GE,GE,Industrials,5,0.006493506493506493
9,2021-09-30,GNRC,GNRC,Industrials,5,0.006493506493506493
9,2021-09-30,HWM,HWM,Industrials,5,0.006493506493506493
9,2021-09-30,JCI,JCI,Industrials,5,0.006493506493506493
9,2021-09-30,PNR,PNR,Industrials,5,0.006493506493506493
9,2021-09-30,PWR,PWR,Industrials,5,0.006493506493506493
9,2021-09-30,RHI,RHI,Industrials,5,0.006493506493506493
9,2021-09-30,TT,TT,Industrials,5,0.006493506493506493
9,2021-09-30,TXT,TXT,Industrials,5,0.006493506493506493
9,2021-09-30,URI,URI,Industrials,5,0.006493506493506493
9,2021-09-30,AMAT,AMAT,Information Technology,5,0.006060606060606061
9,2021-09-30,ANET,ANET,Information Technology,5,0.006060606060606061
9,2021-09-30,DXC,DXC,Information Technology,5,0.006060606060606061
9,2021-09-30,ENPH,ENPH,Information Technology,5,0.006060606060606061
9,2021-09-30,FTNT,FTNT,Information Technology,5,0.006060606060606061
9,2021-09-30,INTU,INTU,Information Technology,5,0.006060606060606061
9,2021-09-30,IT,IT,Information Technology,5,0.006060606060606061
9,2021-09-30,KEYS,KEYS,Information Technology,5,0.006060606060606061
9,2021-09-30,KLAC,KLAC,Information Technology,5,0.006060606060606061
9,2021-09-30,LRCX,LRCX,Information Technology,5,0.006060606060606061
9,2021-09-30,MPWR,MPWR,Information Technology,5,0.006060606060606061
9,2021-09-30,NTAP,NTAP,Information Technology,5,0.006060606060606061
9,2021-09-30,STX,STX,Information Technology,5,0.006060606060606061
9,2021-09-30,TRMB,TRMB,Information Technology,5,0.006060606060606061
9,2021-09-30,ZBRA,ZBRA,Information Technology,5,0.006060606060606061
9,2021-09-30,ALB,ALB,Materials,5,0.018181818181818184
9,2021-09-30,AVY,AVY,Materials,5,0.018181818181818184
9,2021-09-30,FCX,FCX,Materials,5,0.018181818181818184
9,2021-09-30,MOS,MOS,Materials,5,0.018181818181818184
9,2021-09-30,NUE,NUE,Materials,5,0.018181818181818184
9,2021-09-30,CBRE,CBRE,Real Estate,5,0.018181818181818184
9,2021-09-30,IRM,IRM,Real Estate,5,0.018181818181818184
9,2021-09-30,KIM,KIM,Real Estate,5,0.018181818181818184
9,2021-09-30,REG,REG,Real Estate,5,0.018181818181818184
9,2021-09-30,SPG,SPG,Real Estate,5,0.018181818181818184
9,2021-09-30,AES,AES,Utilities,5,0.018181818181818184
9,2021-09-30,EVRG,EVRG,Utilities,5,0.018181818181818184
9,2021-09-30,EXC,EXC,Utilities,5,0.018181818181818184
9,2021-09-30,FE,FE,Utilities,5,0.018181818181818184
9,2021-09-30,NRG,NRG,Utilities,5,0.018181818181818184
10,2021-10-29,DISH,DISH,Communication Services,5,0.018181818181818184
10,2021-10-29,IPG,IPG,Communication Services,5,0.018181818181818184
10,2021-10-29,LYV,LYV,Communication Services,5,0.018181818181818184
10,2021-10-29,NWS,NWS,Communication Services,5,0.018181818181818184
10,2021-10-29,NWSA,NWSA,Communication Services,5,0.018181818181818184
10,2021-10-29,BBWI,BBWI,Consumer Discretionary,5,0.007575757575757576
10,2021-10-29,CCL,CCL,Consumer Discretionary,5,0.007575757575757576
10,2021-10-29,CZR,CZR,Consumer Discretionary,5,0.007575757575757576
10,2021-10-29,ETSY,ETSY,Consumer Discretionary,5,0.007575757575757576
10,2021-10-29,EXPE,EXPE,Consumer Discretionary,5,0.007575757575757576
10,2021-10-29,F,F,Consumer Discretionary,5,0.007575757575757576
10,2021-10-29,MGM,MGM,Consumer Discretionary,5,0.007575757575757576
10,2021-10-29,MHK,MHK,Consumer Discretionary,5,0.007575757575757576
10,2021-10-29,PVH,PVH,Consumer Discretionary,5,0.007575757575757576
10,2021-10-29,RL,RL,Consumer Discretionary,5,0.007575757575757576
10,2021-10-29,TSLA,TSLA,Consumer Discretionary,5,0.007575757575757576
10,2021-10-29,ULTA,ULTA,Consumer Discretionary,5,0.007575757575757576
10,2021-10-29,EL,EL,Consumer Staples,5,0.015151515151515152
10,2021-10-29,MO,MO,Consumer Staples,5,0.015151515151515152
10,2021-10-29,PM,PM,Consumer Staples,5,0.015151515151515152
10,2021-10-29,SYY,SYY,Consumer Staples,5,0.015151515151515152
10,2021-10-29,TSN,TSN,Consumer Staples,5,0.015151515151515152
10,2021-10-29,WBA,WBA,Consumer Staples,5,0.015151515151515152
10,2021-10-29,DVN,DVN,Energy,5,0.022727272727272728
10,2021-10-29,FANG,FANG,Energy,5,0.022727272727272728
10,2021-10-29,MRO,MRO,Energy,5,0.022727272727272728
10,2021-10-29,OXY,OXY,Energy,5,0.022727272727272728
10,2021-10-29,AXP,AXP,Financials,5,0.006993006993006994
10,2021-10-29,COF,COF,Financials,5,0.006993006993006994
10,2021-10-29,DFS,DFS,Financials,5,0.006993006993006994
10,2021-10-29,FITB,FITB,Financials,5,0.006993006993006994
10,2021-10-29,GS,GS,Financials,5,0.006993006993006994
10,2021-10-29,HIG,HIG,Financials,5,0.006993006993006994
10,2021-10-29,IVZ,IVZ,Financials,5,0.006993006993006994
10,2021-10-29,LNC,LNC,Financials,5,0.006993006993006994
10,2021-10-29,MS,MS,Financials,5,0.006993006993006994
10,2021-10-29,SIVB,SIVB,Financials,5,0.006993006993006994
10,2021-10-29,SYF,SYF,Financials,5,0.006993006993006994
10,2021-10-29,WFC,WFC,Financials,5,0.006993006993006994
10,2021-10-29,ZION,ZION,Financials,5,0.006993006993006994
10,2021-10-29,A,A,Health Care,5,0.007575757575757576
10,2021-10-29,ALGN,ALGN,Health Care,5,0.007575757575757576
10,2021-10-29,CRL,CRL,Health Care,5,0.007575757575757576
10,2021-10-29,DXCM,DXCM,Health Care,5,0.007575757575757576
10,2021-10-29,EW,EW,Health Care,5,0.007575757575757576
10,2021-10-29,HCA,HCA,Health Care,5,0.007575757575757576
10,2021-10-29,IQV,IQV,Health Care,5,0.007575757575757576
10,2021-10-29,LLY,LLY,Health Care,5,0.007575757575757576
10,2021-10-29,MRNA,MRNA,Health Care,5,0.007575757575757576
10,2021-10-29,TECH,TECH,Health Care,5,0.007575757575757576
10,2021-10-29,WAT,WAT,Health Care,5,0.007575757575757576
10,2021-10-29,WST,WST,Health Care,5,0.007575757575757576
10,2021-10-29,AAL,AAL,Industrials,5,0.006493506493506493
10,2021-10-29,ALK,ALK,Industrials,5,0.006493506493506493
10,2021-10-29,CARR,CARR,Industrials,5,0.006493506493506493
10,2021-10-29,EFX,EFX,Industrials,5,0.006493506493506493
10,2021-10-29,GE,GE,Industrials,5,0.006493506493506493
10,2021-10-29,GNRC,GNRC,Industrials,5,0.006493506493506493
10,2021-10-29,HWM,HWM,Industrials,5,0.006493506493506493
10,2021-10-29,JCI,JCI,Industrials,5,0.006493506493506493
10,2021-10-29,KSU,KSU,Industrials,5,0.006493506493506493
10,2021-10-29,PWR,PWR,Industrials,5,0.006493506493506493
10,2021-10-29,RHI,RHI,Industrials,5,0.006493506493506493
10,2021-10-29,RTX,RTX,Industrials,5,0.006493506493506493
10,2021-10-29,TXT,TXT,Industrials,5,0.006493506493506493
10,2021-10-29,URI,URI,Industrials,5,0.006493506493506493
10,2021-10-29,AMAT,AMAT,Information Technology,5,0.006060606060606061
10,2021-10-29,ANET,ANET,Information Technology,5,0.006060606060606061
10,2021-10-29,DXC,DXC,Information Technology,5,0.006060606060606061
10,2021-10-29,FTNT,FTNT,Information Technology,5,0.006060606060606061
10,2021-10-29,HPE,HPE,Information Technology,5,0.006060606060606061
10,2021-10-29,INTU,INTU,Information Technology,5,0.006060606060606061
10,2021-10-29,IT,IT,Information Technology,5,0.006060606060606061
10,2021-10-29,KLAC,KLAC,Information Technology,5,0.006060606060606061
10,2021-10-29,LRCX,LRCX,Information Technology,5,0.006060606060606061
10,2021-10-29,NTAP,NTAP,Information Technology,5,0.006060606060606061
10,2021-10-29,NVDA,NVDA,Information Technology,5,0.006060606060606061
10,2021-10-29,ORCL,ORCL,Information Technology,5,0.006060606060606061
10,2021-10-29,STX,STX,Information Technology,5,0.006060606060606061
10,2021-10-29,TRMB,TRMB,Information Technology,5,0.006060606060606061
10,2021-10-29,ZBRA,ZBRA,Information Technology,5,0.006060606060606061
10,2021-10-29,ALB,ALB,Materials,5,0.018181818181818184
10,2021-10-29,CF,CF,Materials,5,0.018181818181818184
10,2021-10-29,FCX,FCX,Materials,5,0.018181818181818184
10,2021-10-29,MOS,MOS,Materials,5,0.018181818181818184
10,2021-10-29,NUE,NUE,Materials,5,0.018181818181818184
10,2021-10-29,CBRE,CBRE,Real Estate,5,0.018181818181818184
10,2021-10-29,FRT,FRT,Real Estate,5,0.018181818181818184
10,2021-10-29,KIM,KIM,Real Estate,5,0.018181818181818184
10,2021-10-29,REG,REG,Real Estate,5,0.018181818181818184
10,2021-10-29,SPG,SPG,Real Estate,5,0.018181818181818184
10,2021-10-29,AES,AES,Utilities,5,0.018181818181818184
10,2021-10-29,CNP,CNP,Utilities,5,0.018181818181818184
10,2021-10-29,EXC,EXC,Utilities,5,0.018181818181818184
10,2021-10-29,FE,FE,Utilities,5,0.018181818181818184
10,2021-10-29,NRG,NRG,Utilities,5,0.018181818181818184
11,2021-11-30,GOOG,GOOG,Communication Services,5,0.018181818181818184
11,2021-11-30,GOOGL,GOOGL,Communication Services,5,0.018181818181818184
11,2021-11-30,IPG,IPG,Communication Services,5,0.018181818181818184
11,2021-11-30,LYV,LYV,Communication Services,5,0.018181818181818184
11,2021-11-30,NFLX,NFLX,Communication Services,5,0.018181818181818184
11,2021-11-30,AAP,AAP,Consumer Discretionary,5,0.007575757575757576
11,2021-11-30,AZO,AZO,Consumer Discretionary,5,0.007575757575757576
11,2021-11-30,BBWI,BBWI,Consumer Discretionary,5,0.007575757575757576
11,2021-11-30,CZR,CZR,Consumer Discretionary,5,0.007575757575757576
11,2021-11-30,EBAY,EBAY,Consumer Discretionary,5,0.007575757575757576
11,2021-11-30,ETSY,ETSY,Consumer Discretionary,5,0.007575757575757576
11,2021-11-30,F,F,Consumer Discretionary,5,0.007575757575757576
11,2021-11-30,LKQ,LKQ,Consumer Discretionary,5,0.007575757575757576
11,2021-11-30,LOW,LOW,Consumer Discretionary,5,0.007575757575757576
11,2021-11-30,MGM,MGM,Consumer Discretionary,5,0.007575757575757576
11,2021-11-30,TSCO,TSCO,Consumer Discretionary,5,0.007575757575757576
11,2021-11-30,TSLA,TSLA,Consumer Discretionary,5,0.007575757575757576
11,2021-11-30,ADM,ADM,Consumer Staples,5,0.015151515151515152
11,2021-11-30,COST,COST,Consumer Staples,5,0.015151515151515152
11,2021-11-30,EL,EL,Consumer Staples,5,0.015151515151515152
11,2021-11-30,PM,PM,Consumer Staples,5,0.015151515151515152
11,2021-11-30,TSN,TSN,Consumer Staples,5,0.015151515151515152
11,2021-11-30,WBA,WBA,Consumer Staples,5,0.015151515151515152
11,2021-11-30,DVN,DVN,Energy,5,0.022727272727272728
11,2021-11-30,FANG,FANG,Energy,5,0.022727272727272728
11,2021-11-30,MRO,MRO,Energy,5,0.022727272727272728
11,2021-11-30,OXY,OXY,Energy,5,0.022727272727272728
11,2021-11-30,BAC,BAC,Financials,5,0.006993006993006994
11,2021-11-30,CMA,CMA,Financials,5,0.006993006993006994
11,2021-11-30,COF,COF,Financials,5,0.006993006993006994
11,2021-11-30,FITB,FITB,Financials,5,0.006993006993006994
11,2021-11-30,FRC,FRC,Financials,5,0.006993006993006994
11,2021-11-30,GS,GS,Financials,5,0.006993006993006994
11,2021-11-30,HIG,HIG,Financials,5,0.006993006993006994
11,2021-11-30,MS,MS,Financials,5,0.006993006993006994
11,2021-11-30,NDAQ,NDAQ,Financials,5,0.006993006993006994
11,2021-11-30,SCHW,SCHW,Financials,5,0.006993006993006994
11,2021-11-30,SIVB,SIVB,Financials,5,0.006993006993006994
11,2021-11-30,WFC,WFC,Financials,5,0.006993006993006994
11,2021-11-30,ZION,ZION,Financials,5,0.006993006993006994
11,2021-11-30,BIO,BIO,Health Care,5,0.007575757575757576
11,2021-11-30,CRL,CRL,Health Care,5,0.007575757575757576
11,2021-11-30,DXCM,DXCM,Health Care,5,0.007575757575757576
11,2021-11-30,HCA,HCA,Health Care,5,0.007575757575757576
11,2021-11-30,IDXX,IDXX,Health Care,5,0.007575757575757576
11,2021-11-30,IQV,IQV,Health Care,5,0.007575757575757576
11,2021-11-30,ISRG,ISRG,Health Care,5,0.007575757575757576
11,2021-11-30,LLY,LLY,Health Care,5,0.007575757575757576
11,2021-11-30,MRNA,MRNA,Health Care,5,0.007575757575757576
11,2021-11-30,TECH,TECH,Health Care,5,0.007575757575757576
11,2021-11-30,WAT,WAT,Health Care,5,0.007575757575757576
11,2021-11-30,WST,WST,Health Care,5,0.007575757575757576
11,2021-11-30,DOV,DOV,Industrials,5,0.006493506493506493
11,2021-11-30,EFX,EFX,Industrials,5,0.006493506493506493
11,2021-11-30,GD,GD,Industrials,5,0.006493506493506493
11,2021-11-30,GNRC,GNRC,Industrials,5,0.006493506493506493
11,2021-11-30,JBHT,JBHT,Industrials,5,0.006493506493506493
11,2021-11-30,JCI,JCI,Industrials,5,0.006493506493506493
11,2021-11-30,KSU,KSU,Industrials,5,0.006493506493506493
11,2021-11-30,ODFL,ODFL,Industrials,5,0.006493506493506493
11,2021-11-30,PNR,PNR,Industrials,5,0.006493506493506493
11,2021-11-30,PWR,PWR,Industrials,5,0.006493506493506493
11,2021-11-30,RHI,RHI,Industrials,5,0.006493506493506493
11,2021-11-30,RSG,RSG,Industrials,5,0.006493506493506493
11,2021-11-30,TXT,TXT,Industrials,5,0.006493506493506493
11,2021-11-30,URI,URI,Industrials,5,0.006493506493506493
11,2021-11-30,AMAT,AMAT,Information Technology,5,0.006060606060606061
11,2021-11-30,ANET,ANET,Information Technology,5,0.006060606060606061
11,2021-11-30,CDNS,CDNS,Information Technology,5,0.006060606060606061
11,2021-11-30,ENPH,ENPH,Information Technology,5,0.006060606060606061
11,2021-11-30,FTNT,FTNT,Information Technology,5,0.006060606060606061
11,2021-11-30,INTU,INTU,Information Technology,5,0.006060606060606061
11,2021-11-30,IT,IT,Information Technology,5,0.006060606060606061
11,2021-11-30,KEYS,KEYS,Information Technology,5,0.006060606060606061
11,2021-11-30,KLAC,KLAC,Information Technology,5,0.006060606060606061
11,2021-11-30,MPWR,MPWR,Information Technology,5,0.006060606060606061
11,2021-11-30,MSFT,MSFT,Information Technology,5,0.006060606060606061
11,2021-11-30,NTAP,NTAP,Information Technology,5,0.006060606060606061
11,2021-11-30,NVDA,NVDA,Information Technology,5,0.006060606060606061
11,2021-11-30,ORCL,ORCL,Information Technology,5,0.006060606060606061
11,2021-11-30,STX,STX,Information Technology,5,0.006060606060606061
11,2021-11-30,ALB,ALB,Materials,5,0.018181818181818184
11,2021-11-30,CF,CF,Materials,5,0.018181818181818184
11,2021-11-30,FCX,FCX,Materials,5,0.018181818181818184
11,2021-11-30,MOS,MOS,Materials,5,0.018181818181818184
11,2021-11-30,NUE,NUE,Materials,5,0.018181818181818184
11,2021-11-30,CBRE,CBRE,Real Estate,5,0.018181818181818184
11,2021-11-30,EXR,EXR,Real Estate,5,0.018181818181818184
11,2021-11-30,IRM,IRM,Real Estate,5,0.018181818181818184
11,2021-11-30,MAA,MAA,Real Estate,5,0.018181818181818184
11,2021-11-30,SPG,SPG,Real Estate,5,0.018181818181818184
11,2021-11-30,AES,AES,Utilities,5,0.018181818181818184
11,2021-11-30,EVRG,EVRG,Utilities,5,0.018181818181818184
11,2021-11-30,EXC,EXC,Utilities,5,0.018181818181818184
11,2021-11-30,FE,FE,Utilities,5,0.018181818181818184
11,2021-11-30,NRG,NRG,Utilities,5,0.018181818181818184
12,2021-12-31,GOOG,GOOG,Communication Services,5,0.018181818181818184
12,2021-12-31,GOOGL,GOOGL,Communication Services,5,0.018181818181818184
12,2021-12-31,IPG,IPG,Communication Services,5,0.018181818181818184
12,2021-12-31,LUMN,LUMN,Communication Services,5,0.018181818181818184
12,2021-12-31,LYV,LYV,Communication Services,5,0.018181818181818184
12,2021-12-31,AZO,AZO,Consumer Discretionary,5,0.007575757575757576
12,2021-12-31,BBWI,BBWI,Consumer Discretionary,5,0.007575757575757576
12,2021-12-31,DHI,DHI,Consumer Discretionary,5,0.007575757575757576
12,2021-12-31,ETSY,ETSY,Consumer Discretionary,5,0.007575757575757576
12,2021-12-31,F,F,Consumer Discretionary,5,0.007575757575757576
12,2021-12-31,HD,HD,Consumer Discretionary,5,0.007575757575757576
12,2021-12-31,KMX,KMX,Consumer Discretionary,5,0.007575757575757576
12,2021-12-31,LKQ,LKQ,Consumer Discretionary,5,0.007575757575757576
12,2021-12-31,LOW,LOW,Consumer Discretionary,5,0.007575757575757576
12,2021-12-31,POOL,POOL,Consumer Discretionary,5,0.007575757575757576
12,2021-12-31,TSCO,TSCO,Consumer Discretionary,5,0.007575757575757576
12,2021-12-31,TSLA,TSLA,Consumer Discretionary,5,0.007575757575757576
12,2021-12-31,ADM,ADM,Consumer Staples,5,0.015151515151515152
12,2021-12-31,COST,COST,Consumer Staples,5,0.015151515151515152
12,2021-12-31,EL,EL,Consumer Staples,5,0.015151515151515152
12,2021-12-31,HSY,HSY,Consumer Staples,5,0.015151515151515152
12,2021-12-31,KR,KR,Consumer Staples,5,0.015151515151515152
12,2021-12-31,TSN,TSN,Consumer Staples,5,0.015151515151515152
12,2021-12-31,APA,APA,Energy,5,0.022727272727272728
12,2021-12-31,DVN,DVN,Energy,5,0.022727272727272728
12,2021-12-31,FANG,FANG,Energy,5,0.022727272727272728
12,2021-12-31,MRO,MRO,Energy,5,0.022727272727272728
12,2021-12-31,AMP,AMP,Financials,5,0.006993006993006994
12,2021-12-31,BAC,BAC,Financials,5,0.006993006993006994
12,2021-12-31,CMA,CMA,Financials,5,0.006993006993006994
12,2021-12-31,COF,COF,Financials,5,0.006993006993006994
12,2021-12-31,FITB,FITB,Financials,5,0.006993006993006994
12,2021-12-31,GS,GS,Financials,5,0.006993006993006994
12,2021-12-31,NDAQ,NDAQ,Financials,5,0.006993006993006994
12,2021-12-31,RJF,RJF,Financials,5,0.006993006993006994
12,2021-12-31,SBNY,SBNY,Financials,5,0.006993006993006994
12,2021-12-31,SCHW,SCHW,Financials,5,0.006993006993006994
12,2021-12-31,SIVB,SIVB,Financials,5,0.006993006993006994
12,2021-12-31,WFC,WFC,Financials,5,0.006993006993006994
12,2021-12-31,ZION,ZION,Financials,5,0.006993006993006994
12,2021-12-31,CRL,CRL,Health Care,5,0.007575757575757576
12,2021-12-31,DHR,DHR,Health Care,5,0.007575757575757576
12,2021-12-31,DXCM,DXCM,Health Care,5,0.007575757575757576
12,2021-12-31,HCA,HCA,Health Care,5,0.007575757575757576
12,2021-12-31,IQV,IQV,Health Care,5,0.007575757575757576
12,2021-12-31,LH,LH,Health Care,5,0.007575757575757576
12,2021-12-31,LLY,LLY,Health Care,5,0.007575757575757576
12,2021-12-31,MRNA,MRNA,Health Care,5,0.007575757575757576
12,2021-12-31,PFE,PFE,Health Care,5,0.007575757575757576
12,2021-12-31,TECH,TECH,Health Care,5,0.007575757575757576
12,2021-12-31,TMO,TMO,Health Care,5,0.007575757575757576
12,2021-12-31,WST,WST,Health Care,5,0.007575757575757576
12,2021-12-31,AOS,AOS,Industrials,5,0.006493506493506493
12,2021-12-31,CARR,CARR,Industrials,5,0.006493506493506493
12,2021-12-31,EFX,EFX,Industrials,5,0.006493506493506493
12,2021-12-31,GNRC,GNRC,Industrials,5,0.006493506493506493
12,2021-12-31,INFO,INFO,Industrials,5,0.006493506493506493
12,2021-12-31,JBHT,JBHT,Industrials,5,0.006493506493506493
12,2021-12-31,JCI,JCI,Industrials,5,0.006493506493506493
12,2021-12-31,ODFL,ODFL,Industrials,5,0.006493506493506493
12,2021-12-31,PNR,PNR,Industrials,5,0.006493506493506493
12,2021-12-31,PWR,PWR,Industrials,5,0.006493506493506493
12,2021-12-31,RHI,RHI,Industrials,5,0.006493506493506493
12,2021-12-31,RSG,RSG,Industrials,5,0.006493506493506493
12,2021-12-31,TXT,TXT,Industrials,5,0.006493506493506493
12,2021-12-31,URI,URI,Industrials,5,0.006493506493506493
12,2021-12-31,AMAT,AMAT,Information Technology,5,0.006060606060606061
12,2021-12-31,AMD,AMD,Information Technology,5,0.006060606060606061
12,2021-12-31,ANET,ANET,Information Technology,5,0.006060606060606061
12,2021-12-31,EPAM,EPAM,Information Technology,5,0.006060606060606061
12,2021-12-31,FTNT,FTNT,Information Technology,5,0.006060606060606061
12,2021-12-31,INTU,INTU,Information Technology,5,0.006060606060606061
12,2021-12-31,IT,IT,Information Technology,5,0.006060606060606061
12,2021-12-31,KLAC,KLAC,Information Technology,5,0.006060606060606061
12,2021-12-31,MPWR,MPWR,Information Technology,5,0.006060606060606061
12,2021-12-31,MSFT,MSFT,Information Technology,5,0.006060606060606061
12,2021-12-31,MSI,MSI,Information Technology,5,0.006060606060606061
12,2021-12-31,NVDA,NVDA,Information Technology,5,0.006060606060606061
12,2021-12-31,STX,STX,Information Technology,5,0.006060606060606061
12,2021-12-31,XLNX,XLNX,Information Technology,5,0.006060606060606061
12,2021-12-31,ZBRA,ZBRA,Information Technology,5,0.006060606060606061
12,2021-12-31,ALB,ALB,Materials,5,0.018181818181818184
12,2021-12-31,CF,CF,Materials,5,0.018181818181818184
12,2021-12-31,FCX,FCX,Materials,5,0.018181818181818184
12,2021-12-31,MOS,MOS,Materials,5,0.018181818181818184
12,2021-12-31,NUE,NUE,Materials,5,0.018181818181818184
12,2021-12-31,EXR,EXR,Real Estate,5,0.018181818181818184
12,2021-12-31,IRM,IRM,Real Estate,5,0.018181818181818184
12,2021-12-31,MAA,MAA,Real Estate,5,0.018181818181818184
12,2021-12-31,REG,REG,Real Estate,5,0.018181818181818184
12,2021-12-31,SPG,SPG,Real Estate,5,0.018181818181818184
12,2021-12-31,CNP,CNP,Utilities,5,0.018181818181818184
12,2021-12-31,EVRG,EVRG,Utilities,5,0.018181818181818184
12,2021-12-31,EXC,EXC,Utilities,5,0.018181818181818184
12,2021-12-31,FE,FE,Utilities,5,0.018181818181818184
12,2021-12-31,NEE,NEE,Utilities,5,0.018181818181818184
13,2022-01-31,GOOG,GOOG,Communication Services,5,0.018181818181818184
13,2022-01-31,GOOGL,GOOGL,Communication Services,5,0.018181818181818184
13,2022-01-31,IPG,IPG,Communication Services,5,0.018181818181818184
13,2022-01-31,LYV,LYV,Communication Services,5,0.018181818181818184
13,2022-01-31,META,META,Communication Services,5,0.018181818181818184
13,2022-01-31,AAP,AAP,Consumer Discretionary,5,0.007575757575757576
13,2022-01-31,AZO,AZO,Consumer Discretionary,5,0.007575757575757576
13,2022-01-31,BBWI,BBWI,Consumer Discretionary,5,0.007575757575757576
13,2022-01-31,F,F,Consumer Discretionary,5,0.007575757575757576
13,2022-01-31,HD,HD,Consumer Discretionary,5,0.007575757575757576
13,2022-01-31,HLT,HLT,Consumer Discretionary,5,0.007575757575757576
13,2022-01-31,LKQ,LKQ,Consumer Discretionary,5,0.007575757575757576
13,2022-01-31,LOW,LOW,Consumer Discretionary,5,0.007575757575757576
13,2022-01-31,MGM,MGM,Consumer Discretionary,5,0.007575757575757576
13,2022-01-31,ORLY,ORLY,Consumer Discretionary,5,0.007575757575757576
13,2022-01-31,POOL,POOL,Consumer Discretionary,5,0.007575757575757576
13,2022-01-31,TSCO,TSCO,Consumer Discretionary,5,0.007575757575757576
13,2022-01-31,ADM,ADM,Consumer Staples,5,0.015151515151515152
13,2022-01-31,COST,COST,Consumer Staples,5,0.015151515151515152
13,2022-01-31,EL,EL,Consumer Staples,5,0.015151515151515152
13,2022-01-31,HSY,HSY,Consumer Staples,5,0.015151515151515152
13,2022-01-31,KR,KR,Consumer Staples,5,0.015151515151515152
13,2022-01-31,TSN,TSN,Consumer Staples,5,0.015151515151515152
13,2022-01-31,APA,APA,Energy,5,0.022727272727272728
13,2022-01-31,DVN,DVN,Energy,5,0.022727272727272728
13,2022-01-31,FANG,FANG,Energy,5,0.022727272727272728
13,2022-01-31,MRO,MRO,Energy,5,0.022727272727272728
13,2022-01-31,AIG,AIG,Financials,5,0.006993006993006994
13,2022-01-31,AMP,AMP,Financials,5,0.006993006993006994
13,2022-01-31,BRO,BRO,Financials,5,0.006993006993006994
13,2022-01-31,CMA,CMA,Financials,5,0.006993006993006994
13,2022-01-31,FDS,FDS,Financials,5,0.006993006993006994
13,2022-01-31,FITB,FITB,Financials,5,0.006993006993006994
13,2022-01-31,MRSH,MRSH,Financials,5,0.006993006993006994
13,2022-01-31,MSCI,MSCI,Financials,5,0.006993006993006994
13,2022-01-31,NDAQ,NDAQ,Financials,5,0.006993006993006994
13,2022-01-31,SBNY,SBNY,Financials,5,0.006993006993006994
13,2022-01-31,SCHW,SCHW,Financials,5,0.006993006993006994
13,2022-01-31,SIVB,SIVB,Financials,5,0.006993006993006994
13,2022-01-31,WFC,WFC,Financials,5,0.006993006993006994
13,2022-01-31,CRL,CRL,Health Care,5,0.007575757575757576
13,2022-01-31,CVS,CVS,Health Care,5,0.007575757575757576
13,2022-01-31,ELV,ELV,Health Care,5,0.007575757575757576
13,2022-01-31,EW,EW,Health Care,5,0.007575757575757576
13,2022-01-31,HCA,HCA,Health Care,5,0.007575757575757576
13,2022-01-31,IQV,IQV,Health Care,5,0.007575757575757576
13,2022-01-31,MRNA,MRNA,Health Care,5,0.007575757575757576
13,2022-01-31,PFE,PFE,Health Care,5,0.007575757575757576
13,2022-01-31,TECH,TECH,Health Care,5,0.007575757575757576
13,2022-01-31,UNH,UNH,Health Care,5,0.007575757575757576
13,2022-01-31,WST,WST,Health Care,5,0.007575757575757576
13,2022-01-31,ZTS,ZTS,Health Care,5,0.007575757575757576
13,2022-01-31,AOS,AOS,Industrials,5,0.006493506493506493
13,2022-01-31,DOV,DOV,Industrials,5,0.006493506493506493
13,2022-01-31,EFX,EFX,Industrials,5,0.006493506493506493
13,2022-01-31,ETN,ETN,Industrials,5,0.006493506493506493
13,2022-01-31,EXPD,EXPD,Industrials,5,0.006493506493506493
13,2022-01-31,INFO,INFO,Industrials,5,0.006493506493506493
13,2022-01-31,JBHT,JBHT,Industrials,5,0.006493506493506493
13,2022-01-31,JCI,JCI,Industrials,5,0.006493506493506493
13,2022-01-31,ODFL,ODFL,Industrials,5,0.006493506493506493
13,2022-01-31,PWR,PWR,Industrials,5,0.006493506493506493
13,2022-01-31,RHI,RHI,Industrials,5,0.006493506493506493
13,2022-01-31,RSG,RSG,Industrials,5,0.006493506493506493
13,2022-01-31,TXT,TXT,Industrials,5,0.006493506493506493
13,2022-01-31,WM,WM,Industrials,5,0.006493506493506493
13,2022-01-31,ACN,ACN,Information Technology,5,0.006060606060606061
13,2022-01-31,AMAT,AMAT,Information Technology,5,0.006060606060606061
13,2022-01-31,AMD,AMD,Information Technology,5,0.006060606060606061
13,2022-01-31,ANET,ANET,Information Technology,5,0.006060606060606061
13,2022-01-31,CDW,CDW,Information Technology,5,0.006060606060606061
13,2022-01-31,EPAM,EPAM,Information Technology,5,0.006060606060606061
13,2022-01-31,FTNT,FTNT,Information Technology,5,0.006060606060606061
13,2022-01-31,HPQ,HPQ,Information Technology,5,0.006060606060606061
13,2022-01-31,INTU,INTU,Information Technology,5,0.006060606060606061
13,2022-01-31,IT,IT,Information Technology,5,0.006060606060606061
13,2022-01-31,MSI,MSI,Information Technology,5,0.006060606060606061
13,2022-01-31,NVDA,NVDA,Information Technology,5,0.006060606060606061
13,2022-01-31,PAYX,PAYX,Information Technology,5,0.006060606060606061
13,2022-01-31,STX,STX,Information Technology,5,0.006060606060606061
13,2022-01-31,XLNX,XLNX,Information Technology,5,0.006060606060606061
13,2022-01-31,CF,CF,Materials,5,0.018181818181818184
13,2022-01-31,FCX,FCX,Materials,5,0.018181818181818184
13,2022-01-31,MLM,MLM,Materials,5,0.018181818181818184
13,2022-01-31,NUE,NUE,Materials,5,0.018181818181818184
13,2022-01-31,SEE,SEE,Materials,5,0.018181818181818184
13,2022-01-31,CBRE,CBRE,Real Estate,5,0.018181818181818184
13,2022-01-31,DRE,DRE,Real Estate,5,0.018181818181818184
13,2022-01-31,EXR,EXR,Real Estate,5,0.018181818181818184
13,2022-01-31,MAA,MAA,Real Estate,5,0.018181818181818184
13,2022-01-31,SPG,SPG,Real Estate,5,0.018181818181818184
13,2022-01-31,CNP,CNP,Utilities,5,0.018181818181818184
13,2022-01-31,EVRG,EVRG,Utilities,5,0.018181818181818184
13,2022-01-31,EXC,EXC,Utilities,5,0.018181818181818184
13,2022-01-31,FE,FE,Utilities,5,0.018181818181818184
13,2022-01-31,NI,NI,Utilities,5,0.018181818181818184
14,2022-02-28,FOXA,FOXA,Communication Services,5,0.018181818181818184
14,2022-02-28,GOOG,GOOG,Communication Services,5,0.018181818181818184
14,2022-02-28,GOOGL,GOOGL,Communication Services,5,0.018181818181818184
14,2022-02-28,IPG,IPG,Communication Services,5,0.018181818181818184
14,2022-02-28,LYV,LYV,Communication Services,5,0.018181818181818184
14,2022-02-28,AAP,AAP,Consumer Discretionary,5,0.007575757575757576
14,2022-02-28,AZO,AZO,Consumer Discretionary,5,0.007575757575757576
14,2022-02-28,DLTR,DLTR,Consumer Discretionary,5,0.007575757575757576
14,2022-02-28,DPZ,DPZ,Consumer Discretionary,5,0.007575757575757576
14,2022-02-28,F,F,Consumer Discretionary,5,0.007575757575757576
14,2022-02-28,HD,HD,Consumer Discretionary,5,0.007575757575757576
14,2022-02-28,LKQ,LKQ,Consumer Discretionary,5,0.007575757575757576
14,2022-02-28,LOW,LOW,Consumer Discretionary,5,0.007575757575757576
14,2022-02-28,ORLY,ORLY,Consumer Discretionary,5,0.007575757575757576
14,2022-02-28,POOL,POOL,Consumer Discretionary,5,0.007575757575757576
14,2022-02-28,TSCO,TSCO,Consumer Discretionary,5,0.007575757575757576
14,2022-02-28,TSLA,TSLA,Consumer Discretionary,5,0.007575757575757576
14,2022-02-28,ADM,ADM,Consumer Staples,5,0.015151515151515152
14,2022-02-28,COST,COST,Consumer Staples,5,0.015151515151515152
14,2022-02-28,HSY,HSY,Consumer Staples,5,0.015151515151515152
14,2022-02-28,KR,KR,Consumer Staples,5,0.015151515151515152
14,2022-02-28,PEP,PEP,Consumer Staples,5,0.015151515151515152
14,2022-02-28,TSN,TSN,Consumer Staples,5,0.015151515151515152
14,2022-02-28,DVN,DVN,Energy,5,0.022727272727272728
14,2022-02-28,EOG,EOG,Energy,5,0.022727272727272728
14,2022-02-28,FANG,FANG,Energy,5,0.022727272727272728
14,2022-02-28,MRO,MRO,Energy,5,0.022727272727272728
14,2022-02-28,AMP,AMP,Financials,5,0.006993006993006994
14,2022-02-28,BAC,BAC,Financials,5,0.006993006993006994
14,2022-02-28,BNY,BNY,Financials,5,0.006993006993006994
14,2022-02-28,BRO,BRO,Financials,5,0.006993006993006994
14,2022-02-28,CMA,CMA,Financials,5,0.006993006993006994
14,2022-02-28,FDS,FDS,Financials,5,0.006993006993006994
14,2022-02-28,HIG,HIG,Financials,5,0.006993006993006994
14,2022-02-28,MRSH,MRSH,Financials,5,0.006993006993006994
14,2022-02-28,MS,MS,Financials,5,0.006993006993006994
14,2022-02-28,RJF,RJF,Financials,5,0.006993006993006994
14,2022-02-28,SBNY,SBNY,Financials,5,0.006993006993006994
14,2022-02-28,SCHW,SCHW,Financials,5,0.006993006993006994
14,2022-02-28,WFC,WFC,Financials,5,0.006993006993006994
14,2022-02-28,ABBV,ABBV,Health Care,5,0.007575757575757576
14,2022-02-28,CERN,CERN,Health Care,5,0.007575757575757576
14,2022-02-28,COR,COR,Health Care,5,0.007575757575757576
14,2022-02-28,CVS,CVS,Health Care,5,0.007575757575757576
14,2022-02-28,ELV,ELV,Health Care,5,0.007575757575757576
14,2022-02-28,HCA,HCA,Health Care,5,0.007575757575757576
14,2022-02-28,MCK,MCK,Health Care,5,0.007575757575757576
14,2022-02-28,PFE,PFE,Health Care,5,0.007575757575757576
14,2022-02-28,REGN,REGN,Health Care,5,0.007575757575757576
14,2022-02-28,RVTY,RVTY,Health Care,5,0.007575757575757576
14,2022-02-28,UNH,UNH,Health Care,5,0.007575757575757576
14,2022-02-28,WST,WST,Health Care,5,0.007575757575757576
14,2022-02-28,AOS,AOS,Industrials,5,0.006493506493506493
14,2022-02-28,CARR,CARR,Industrials,5,0.006493506493506493
14,2022-02-28,DOV,DOV,Industrials,5,0.006493506493506493
14,2022-02-28,EFX,EFX,Industrials,5,0.006493506493506493
14,2022-02-28,GD,GD,Industrials,5,0.006493506493506493
14,2022-02-28,GWW,GWW,Industrials,5,0.006493506493506493
14,2022-02-28,JBHT,JBHT,Industrials,5,0.006493506493506493
14,2022-02-28,JCI,JCI,Industrials,5,0.006493506493506493
14,2022-02-28,ODFL,ODFL,Industrials,5,0.006493506493506493
14,2022-02-28,OTIS,OTIS,Industrials,5,0.006493506493506493
14,2022-02-28,RHI,RHI,Industrials,5,0.006493506493506493
14,2022-02-28,RSG,RSG,Industrials,5,0.006493506493506493
14,2022-02-28,TXT,TXT,Industrials,5,0.006493506493506493
14,2022-02-28,WM,WM,Industrials,5,0.006493506493506493
14,2022-02-28,AAPL,AAPL,Information Technology,5,0.006060606060606061
14,2022-02-28,ACN,ACN,Information Technology,5,0.006060606060606061
14,2022-02-28,AMD,AMD,Information Technology,5,0.006060606060606061
14,2022-02-28,ANET,ANET,Information Technology,5,0.006060606060606061
14,2022-02-28,FTNT,FTNT,Information Technology,5,0.006060606060606061
14,2022-02-28,GEN,GEN,Information Technology,5,0.006060606060606061
14,2022-02-28,INTU,INTU,Information Technology,5,0.006060606060606061
14,2022-02-28,IT,IT,Information Technology,5,0.006060606060606061
14,2022-02-28,JNPR,JNPR,Information Technology,5,0.006060606060606061
14,2022-02-28,MSFT,MSFT,Information Technology,5,0.006060606060606061
14,2022-02-28,MSI,MSI,Information Technology,5,0.006060606060606061
14,2022-02-28,NTAP,NTAP,Information Technology,5,0.006060606060606061
14,2022-02-28,NVDA,NVDA,Information Technology,5,0.006060606060606061
14,2022-02-28,PAYX,PAYX,Information Technology,5,0.006060606060606061
14,2022-02-28,STX,STX,Information Technology,5,0.006060606060606061
14,2022-02-28,ALB,ALB,Materials,5,0.018181818181818184
14,2022-02-28,CF,CF,Materials,5,0.018181818181818184
14,2022-02-28,MOS,MOS,Materials,5,0.018181818181818184
14,2022-02-28,NUE,NUE,Materials,5,0.018181818181818184
14,2022-02-28,SEE,SEE,Materials,5,0.018181818181818184
14,2022-02-28,DRE,DRE,Real Estate,5,0.018181818181818184
14,2022-02-28,EXR,EXR,Real Estate,5,0.018181818181818184
14,2022-02-28,MAA,MAA,Real Estate,5,0.018181818181818184
14,2022-02-28,PLD,PLD,Real Estate,5,0.018181818181818184
14,2022-02-28,PSA,PSA,Real Estate,5,0.018181818181818184
14,2022-02-28,CNP,CNP,Utilities,5,0.018181818181818184
14,2022-02-28,ED,ED,Utilities,5,0.018181818181818184
14,2022-02-28,EXC,EXC,Utilities,5,0.018181818181818184
14,2022-02-28,LNT,LNT,Utilities,5,0.018181818181818184
14,2022-02-28,NI,NI,Utilities,5,0.018181818181818184
15,2022-03-31,FOXA,FOXA,Communication Services,5,0.018181818181818184
15,2022-03-31,GOOG,GOOG,Communication Services,5,0.018181818181818184
15,2022-03-31,GOOGL,GOOGL,Communication Services,5,0.018181818181818184
15,2022-03-31,IPG,IPG,Communication Services,5,0.018181818181818184
15,2022-03-31,LYV,LYV,Communication Services,5,0.018181818181818184
15,2022-03-31,AZO,AZO,Consumer Discretionary,5,0.007575757575757576
15,2022-03-31,DLTR,DLTR,Consumer Discretionary,5,0.007575757575757576
15,2022-03-31,DPZ,DPZ,Consumer Discretionary,5,0.007575757575757576
15,2022-03-31,F,F,Consumer Discretionary,5,0.007575757575757576
15,2022-03-31,HLT,HLT,Consumer Discretionary,5,0.007575757575757576
15,2022-03-31,LOW,LOW,Consumer Discretionary,5,0.007575757575757576
15,2022-03-31,MGM,MGM,Consumer Discretionary,5,0.007575757575757576
15,2022-03-31,ORLY,ORLY,Consumer Discretionary,5,0.007575757575757576
15,2022-03-31,POOL,POOL,Consumer Discretionary,5,0.007575757575757576
15,2022-03-31,TSCO,TSCO,Consumer Discretionary,5,0.007575757575757576
15,2022-03-31,TSLA,TSLA,Consumer Discretionary,5,0.007575757575757576
15,2022-03-31,ULTA,ULTA,Consumer Discretionary,5,0.007575757575757576
15,2022-03-31,ADM,ADM,Consumer Staples,5,0.015151515151515152
15,2022-03-31,COST,COST,Consumer Staples,5,0.015151515151515152
15,2022-03-31,HSY,HSY,Consumer Staples,5,0.015151515151515152
15,2022-03-31,KO,KO,Consumer Staples,5,0.015151515151515152
15,2022-03-31,KR,KR,Consumer Staples,5,0.015151515151515152
15,2022-03-31,TSN,TSN,Consumer Staples,5,0.015151515151515152
15,2022-03-31,APA,APA,Energy,5,0.022727272727272728
15,2022-03-31,DVN,DVN,Energy,5,0.022727272727272728
15,2022-03-31,FANG,FANG,Energy,5,0.022727272727272728
15,2022-03-31,MRO,MRO,Energy,5,0.022727272727272728
15,2022-03-31,AIG,AIG,Financials,5,0.006993006993006994
15,2022-03-31,AMP,AMP,Financials,5,0.006993006993006994
15,2022-03-31,AXP,AXP,Financials,5,0.006993006993006994
15,2022-03-31,BRO,BRO,Financials,5,0.006993006993006994
15,2022-03-31,CB,CB,Financials,5,0.006993006993006994
15,2022-03-31,CMA,CMA,Financials,5,0.006993006993006994
15,2022-03-31,DFS,DFS,Financials,5,0.006993006993006994
15,2022-03-31,FDS,FDS,Financials,5,0.006993006993006994
15,2022-03-31,RJF,RJF,Financials,5,0.006993006993006994
15,2022-03-31,SBNY,SBNY,Financials,5,0.006993006993006994
15,2022-03-31,SCHW,SCHW,Financials,5,0.006993006993006994
15,2022-03-31,WFC,WFC,Financials,5,0.006993006993006994
15,2022-03-31,ZION,ZION,Financials,5,0.006993006993006994
15,2022-03-31,ABBV,ABBV,Health Care,5,0.007575757575757576
15,2022-03-31,CERN,CERN,Health Care,5,0.007575757575757576
15,2022-03-31,CVS,CVS,Health Care,5,0.007575757575757576
15,2022-03-31,EW,EW,Health Care,5,0.007575757575757576
15,2022-03-31,HCA,HCA,Health Care,5,0.007575757575757576
15,2022-03-31,LLY,LLY,Health Care,5,0.007575757575757576
15,2022-03-31,MCK,MCK,Health Care,5,0.007575757575757576
15,2022-03-31,MOH,MOH,Health Care,5,0.007575757575757576
15,2022-03-31,PFE,PFE,Health Care,5,0.007575757575757576
15,2022-03-31,REGN,REGN,Health Care,5,0.007575757575757576
15,2022-03-31,RVTY,RVTY,Health Care,5,0.007575757575757576
15,2022-03-31,WST,WST,Health Care,5,0.007575757575757576
15,2022-03-31,EFX,EFX,Industrials,5,0.006493506493506493
15,2022-03-31,GD,GD,Industrials,5,0.006493506493506493
15,2022-03-31,GWW,GWW,Industrials,5,0.006493506493506493
15,2022-03-31,JBHT,JBHT,Industrials,5,0.006493506493506493
15,2022-03-31,LHX,LHX,Industrials,5,0.006493506493506493
15,2022-03-31,LMT,LMT,Industrials,5,0.006493506493506493
15,2022-03-31,NOC,NOC,Industrials,5,0.006493506493506493
15,2022-03-31,ODFL,ODFL,Industrials,5,0.006493506493506493
15,2022-03-31,PWR,PWR,Industrials,5,0.006493506493506493
15,2022-03-31,RHI,RHI,Industrials,5,0.006493506493506493
15,2022-03-31,RSG,RSG,Industrials,5,0.006493506493506493
15,2022-03-31,RTX,RTX,Industrials,5,0.006493506493506493
15,2022-03-31,TXT,TXT,Industrials,5,0.006493506493506493
15,2022-03-31,UPS,UPS,Industrials,5,0.006493506493506493
15,2022-03-31,AAPL,AAPL,Information Technology,5,0.006060606060606061
15,2022-03-31,AMD,AMD,Information Technology,5,0.006060606060606061
15,2022-03-31,ANET,ANET,Information Technology,5,0.006060606060606061
15,2022-03-31,AVGO,AVGO,Information Technology,5,0.006060606060606061
15,2022-03-31,FTNT,FTNT,Information Technology,5,0.006060606060606061
15,2022-03-31,GEN,GEN,Information Technology,5,0.006060606060606061
15,2022-03-31,INTU,INTU,Information Technology,5,0.006060606060606061
15,2022-03-31,IT,IT,Information Technology,5,0.006060606060606061
15,2022-03-31,JNPR,JNPR,Information Technology,5,0.006060606060606061
15,2022-03-31,MPWR,MPWR,Information Technology,5,0.006060606060606061
15,2022-03-31,MSFT,MSFT,Information Technology,5,0.006060606060606061
15,2022-03-31,NVDA,NVDA,Information Technology,5,0.006060606060606061
15,2022-03-31,QCOM,QCOM,Information Technology,5,0.006060606060606061
15,2022-03-31,SNPS,SNPS,Information Technology,5,0.006060606060606061
15,2022-03-31,STX,STX,Information Technology,5,0.006060606060606061
15,2022-03-31,CF,CF,Materials,5,0.018181818181818184
15,2022-03-31,FCX,FCX,Materials,5,0.018181818181818184
15,2022-03-31,MOS,MOS,Materials,5,0.018181818181818184
15,2022-03-31,NUE,NUE,Materials,5,0.018181818181818184
15,2022-03-31,SEE,SEE,Materials,5,0.018181818181818184
15,2022-03-31,EXR,EXR,Real Estate,5,0.018181818181818184
15,2022-03-31,IRM,IRM,Real Estate,5,0.018181818181818184
15,2022-03-31,MAA,MAA,Real Estate,5,0.018181818181818184
15,2022-03-31,PLD,PLD,Real Estate,5,0.018181818181818184
15,2022-03-31,PSA,PSA,Real Estate,5,0.018181818181818184
15,2022-03-31,CNP,CNP,Utilities,5,0.018181818181818184
15,2022-03-31,ED,ED,Utilities,5,0.018181818181818184
15,2022-03-31,EXC,EXC,Utilities,5,0.018181818181818184
15,2022-03-31,FE,FE,Utilities,5,0.018181818181818184
15,2022-03-31,NI,NI,Utilities,5,0.018181818181818184
16,2022-04-29,GOOG,GOOG,Communication Services,5,0.018181818181818184
16,2022-04-29,GOOGL,GOOGL,Communication Services,5,0.018181818181818184
16,2022-04-29,IPG,IPG,Communication Services,5,0.018181818181818184
16,2022-04-29,LYV,LYV,Communication Services,5,0.018181818181818184
16,2022-04-29,OMC,OMC,Communication Services,5,0.018181818181818184
16,2022-04-29,AZO,AZO,Consumer Discretionary,5,0.007575757575757576
16,2022-04-29,CMG,CMG,Consumer Discretionary,5,0.007575757575757576
16,2022-04-29,DLTR,DLTR,Consumer Discretionary,5,0.007575757575757576
16,2022-04-29,EXPE,EXPE,Consumer Discretionary,5,0.007575757575757576
16,2022-04-29,F,F,Consumer Discretionary,5,0.007575757575757576
16,2022-04-29,HLT,HLT,Consumer Discretionary,5,0.007575757575757576
16,2022-04-29,MAR,MAR,Consumer Discretionary,5,0.007575757575757576
16,2022-04-29,MCD,MCD,Consumer Discretionary,5,0.007575757575757576
16,2022-04-29,ORLY,ORLY,Consumer Discretionary,5,0.007575757575757576
16,2022-04-29,TSCO,TSCO,Consumer Discretionary,5,0.007575757575757576
16,2022-04-29,TSLA,TSLA,Consumer Discretionary,5,0.007575757575757576
16,2022-04-29,ULTA,ULTA,Consumer Discretionary,5,0.007575757575757576
16,2022-04-29,ADM,ADM,Consumer Staples,5,0.015151515151515152
16,2022-04-29,COST,COST,Consumer Staples,5,0.015151515151515152
16,2022-04-29,HSY,HSY,Consumer Staples,5,0.015151515151515152
16,2022-04-29,KO,KO,Consumer Staples,5,0.015151515151515152
16,2022-04-29,KR,KR,Consumer Staples,5,0.015151515151515152
16,2022-04-29,PEP,PEP,Consumer Staples,5,0.015151515151515152
16,2022-04-29,APA,APA,Energy,5,0.022727272727272728
16,2022-04-29,DVN,DVN,Energy,5,0.022727272727272728
16,2022-04-29,MRO,MRO,Energy,5,0.022727272727272728
16,2022-04-29,OXY,OXY,Energy,5,0.022727272727272728
16,2022-04-29,AIG,AIG,Financials,5,0.006993006993006994
16,2022-04-29,AON,AON,Financials,5,0.006993006993006994
16,2022-04-29,AXP,AXP,Financials,5,0.006993006993006994
16,2022-04-29,BRK.B,BRK.B,Financials,5,0.006993006993006994
16,2022-04-29,BRO,BRO,Financials,5,0.006993006993006994
16,2022-04-29,CB,CB,Financials,5,0.006993006993006994
16,2022-04-29,CINF,CINF,Financials,5,0.006993006993006994
16,2022-04-29,CMA,CMA,Financials,5,0.006993006993006994
16,2022-04-29,FDS,FDS,Financials,5,0.006993006993006994
16,2022-04-29,MRSH,MRSH,Financials,5,0.006993006993006994
16,2022-04-29,PRU,PRU,Financials,5,0.006993006993006994
16,2022-04-29,RJF,RJF,Financials,5,0.006993006993006994
16,2022-04-29,WRB,WRB,Financials,5,0.006993006993006994
16,2022-04-29,ABBV,ABBV,Health Care,5,0.007575757575757576
16,2022-04-29,CNC,CNC,Health Care,5,0.007575757575757576
16,2022-04-29,COR,COR,Health Care,5,0.007575757575757576
16,2022-04-29,CVS,CVS,Health Care,5,0.007575757575757576
16,2022-04-29,DXCM,DXCM,Health Care,5,0.007575757575757576
16,2022-04-29,ELV,ELV,Health Care,5,0.007575757575757576
16,2022-04-29,LLY,LLY,Health Care,5,0.007575757575757576
16,2022-04-29,MCK,MCK,Health Care,5,0.007575757575757576
16,2022-04-29,MOH,MOH,Health Care,5,0.007575757575757576
16,2022-04-29,PFE,PFE,Health Care,5,0.007575757575757576
16,2022-04-29,REGN,REGN,Health Care,5,0.007575757575757576
16,2022-04-29,RVTY,RVTY,Health Care,5,0.007575757575757576
16,2022-04-29,CTAS,CTAS,Industrials,5,0.006493506493506493
16,2022-04-29,GD,GD,Industrials,5,0.006493506493506493
16,2022-04-29,GWW,GWW,Industrials,5,0.006493506493506493
16,2022-04-29,JBHT,JBHT,Industrials,5,0.006493506493506493
16,2022-04-29,LHX,LHX,Industrials,5,0.006493506493506493
16,2022-04-29,LMT,LMT,Industrials,5,0.006493506493506493
16,2022-04-29,NOC,NOC,Industrials,5,0.006493506493506493
16,2022-04-29,PWR,PWR,Industrials,5,0.006493506493506493
16,2022-04-29,RHI,RHI,Industrials,5,0.006493506493506493
16,2022-04-29,RSG,RSG,Industrials,5,0.006493506493506493
16,2022-04-29,RTX,RTX,Industrials,5,0.006493506493506493
16,2022-04-29,UNP,UNP,Industrials,5,0.006493506493506493
16,2022-04-29,WAB,WAB,Industrials,5,0.006493506493506493
16,2022-04-29,WM,WM,Industrials,5,0.006493506493506493
16,2022-04-29,AAPL,AAPL,Information Technology,5,0.006060606060606061
16,2022-04-29,AMD,AMD,Information Technology,5,0.006060606060606061
16,2022-04-29,ANET,ANET,Information Technology,5,0.006060606060606061
16,2022-04-29,AVGO,AVGO,Information Technology,5,0.006060606060606061
16,2022-04-29,CDNS,CDNS,Information Technology,5,0.006060606060606061
16,2022-04-29,ENPH,ENPH,Information Technology,5,0.006060606060606061
16,2022-04-29,FTNT,FTNT,Information Technology,5,0.006060606060606061
16,2022-04-29,GEN,GEN,Information Technology,5,0.006060606060606061
16,2022-04-29,IT,IT,Information Technology,5,0.006060606060606061
16,2022-04-29,JNPR,JNPR,Information Technology,5,0.006060606060606061
16,2022-04-29,MPWR,MPWR,Information Technology,5,0.006060606060606061
16,2022-04-29,MSI,MSI,Information Technology,5,0.006060606060606061
16,2022-04-29,NVDA,NVDA,Information Technology,5,0.006060606060606061
16,2022-04-29,PAYX,PAYX,Information Technology,5,0.006060606060606061
16,2022-04-29,SNPS,SNPS,Information Technology,5,0.006060606060606061
16,2022-04-29,CF,CF,Materials,5,0.018181818181818184
16,2022-04-29,FCX,FCX,Materials,5,0.018181818181818184
16,2022-04-29,MOS,MOS,Materials,5,0.018181818181818184
16,2022-04-29,NUE,NUE,Materials,5,0.018181818181818184
16,2022-04-29,SEE,SEE,Materials,5,0.018181818181818184
16,2022-04-29,CPT,CPT,Real Estate,5,0.015151515151515152
16,2022-04-29,EXR,EXR,Real Estate,5,0.015151515151515152
16,2022-04-29,IRM,IRM,Real Estate,5,0.015151515151515152
16,2022-04-29,MAA,MAA,Real Estate,5,0.015151515151515152
16,2022-04-29,PLD,PLD,Real Estate,5,0.015151515151515152
16,2022-04-29,PSA,PSA,Real Estate,5,0.015151515151515152
16,2022-04-29,CNP,CNP,Utilities,5,0.018181818181818184
16,2022-04-29,ED,ED,Utilities,5,0.018181818181818184
16,2022-04-29,EXC,EXC,Utilities,5,0.018181818181818184
16,2022-04-29,FE,FE,Utilities,5,0.018181818181818184
16,2022-04-29,SRE,SRE,Utilities,5,0.018181818181818184
17,2022-05-31,FOXA,FOXA,Communication Services,5,0.018181818181818184
17,2022-05-31,GOOGL,GOOGL,Communication Services,5,0.018181818181818184
17,2022-05-31,IPG,IPG,Communication Services,5,0.018181818181818184
17,2022-05-31,LYV,LYV,Communication Services,5,0.018181818181818184
17,2022-05-31,OMC,OMC,Communication Services,5,0.018181818181818184
17,2022-05-31,AAP,AAP,Consumer Discretionary,5,0.007575757575757576
17,2022-05-31,AZO,AZO,Consumer Discretionary,5,0.007575757575757576
17,2022-05-31,CMG,CMG,Consumer Discretionary,5,0.007575757575757576
17,2022-05-31,DG,DG,Consumer Discretionary,5,0.007575757575757576
17,2022-05-31,DLTR,DLTR,Consumer Discretionary,5,0.007575757575757576
17,2022-05-31,HLT,HLT,Consumer Discretionary,5,0.007575757575757576
17,2022-05-31,MAR,MAR,Consumer Discretionary,5,0.007575757575757576
17,2022-05-31,MCD,MCD,Consumer Discretionary,5,0.007575757575757576
17,2022-05-31,ORLY,ORLY,Consumer Discretionary,5,0.007575757575757576
17,2022-05-31,TSCO,TSCO,Consumer Discretionary,5,0.007575757575757576
17,2022-05-31,TSLA,TSLA,Consumer Discretionary,5,0.007575757575757576
17,2022-05-31,ULTA,ULTA,Consumer Discretionary,5,0.007575757575757576
17,2022-05-31,ADM,ADM,Consumer Staples,5,0.015151515151515152
17,2022-05-31,COST,COST,Consumer Staples,5,0.015151515151515152
17,2022-05-31,HSY,HSY,Consumer Staples,5,0.015151515151515152
17,2022-05-31,KR,KR,Consumer Staples,5,0.015151515151515152
17,2022-05-31,MO,MO,Consumer Staples,5,0.015151515151515152
17,2022-05-31,PG,PG,Consumer Staples,5,0.015151515151515152
17,2022-05-31,APA,APA,Energy,5,0.022727272727272728
17,2022-05-31,DVN,DVN,Energy,5,0.022727272727272728
17,2022-05-31,MRO,MRO,Energy,5,0.022727272727272728
17,2022-05-31,OXY,OXY,Energy,5,0.022727272727272728
17,2022-05-31,AIG,AIG,Financials,5,0.006993006993006994
17,2022-05-31,AIZ,AIZ,Financials,5,0.006993006993006994
17,2022-05-31,AJG,AJG,Financials,5,0.006993006993006994
17,2022-05-31,AON,AON,Financials,5,0.006993006993006994
17,2022-05-31,AXP,AXP,Financials,5,0.006993006993006994
17,2022-05-31,BRK.B,BRK.B,Financials,5,0.006993006993006994
17,2022-05-31,BRO,BRO,Financials,5,0.006993006993006994
17,2022-05-31,CB,CB,Financials,5,0.006993006993006994
17,2022-05-31,FDS,FDS,Financials,5,0.006993006993006994
17,2022-05-31,MRSH,MRSH,Financials,5,0.006993006993006994
17,2022-05-31,PGR,PGR,Financials,5,0.006993006993006994
17,2022-05-31,RJF,RJF,Financials,5,0.006993006993006994
17,2022-05-31,WRB,WRB,Financials,5,0.006993006993006994
17,2022-05-31,ABBV,ABBV,Health Care,5,0.006993006993006994
17,2022-05-31,BMY,BMY,Health Care,5,0.006993006993006994
17,2022-05-31,CERN,CERN,Health Care,5,0.006993006993006994
17,2022-05-31,COR,COR,Health Care,5,0.006993006993006994
17,2022-05-31,ELV,ELV,Health Care,5,0.006993006993006994
17,2022-05-31,LLY,LLY,Health Care,5,0.006993006993006994
17,2022-05-31,MCK,MCK,Health Care,5,0.006993006993006994
17,2022-05-31,MOH,MOH,Health Care,5,0.006993006993006994
17,2022-05-31,MRK,MRK,Health Care,5,0.006993006993006994
17,2022-05-31,PFE,PFE,Health Care,5,0.006993006993006994
17,2022-05-31,REGN,REGN,Health Care,5,0.006993006993006994
17,2022-05-31,UNH,UNH,Health Care,5,0.006993006993006994
17,2022-05-31,VRTX,VRTX,Health Care,5,0.006993006993006994
17,2022-05-31,CHRW,CHRW,Industrials,5,0.006493506493506493
17,2022-05-31,CTAS,CTAS,Industrials,5,0.006493506493506493
17,2022-05-31,GD,GD,Industrials,5,0.006493506493506493
17,2022-05-31,GWW,GWW,Industrials,5,0.006493506493506493
17,2022-05-31,LHX,LHX,Industrials,5,0.006493506493506493
17,2022-05-31,LMT,LMT,Industrials,5,0.006493506493506493
17,2022-05-31,NOC,NOC,Industrials,5,0.006493506493506493
17,2022-05-31,PWR,PWR,Industrials,5,0.006493506493506493
17,2022-05-31,RHI,RHI,Industrials,5,0.006493506493506493
17,2022-05-31,RSG,RSG,Industrials,5,0.006493506493506493
17,2022-05-31,RTX,RTX,Industrials,5,0.006493506493506493
17,2022-05-31,VRSK,VRSK,Industrials,5,0.006493506493506493
17,2022-05-31,WAB,WAB,Industrials,5,0.006493506493506493
17,2022-05-31,WM,WM,Industrials,5,0.006493506493506493
17,2022-05-31,AAPL,AAPL,Information Technology,5,0.006060606060606061
17,2022-05-31,ADP,ADP,Information Technology,5,0.006060606060606061
17,2022-05-31,ANET,ANET,Information Technology,5,0.006060606060606061
17,2022-05-31,AVGO,AVGO,Information Technology,5,0.006060606060606061
17,2022-05-31,CDNS,CDNS,Information Technology,5,0.006060606060606061
17,2022-05-31,CTSH,CTSH,Information Technology,5,0.006060606060606061
17,2022-05-31,ENPH,ENPH,Information Technology,5,0.006060606060606061
17,2022-05-31,FTNT,FTNT,Information Technology,5,0.006060606060606061
17,2022-05-31,HPQ,HPQ,Information Technology,5,0.006060606060606061
17,2022-05-31,IT,IT,Information Technology,5,0.006060606060606061
17,2022-05-31,JKHY,JKHY,Information Technology,5,0.006060606060606061
17,2022-05-31,JNPR,JNPR,Information Technology,5,0.006060606060606061
17,2022-05-31,MPWR,MPWR,Information Technology,5,0.006060606060606061
17,2022-05-31,NVDA,NVDA,Information Technology,5,0.006060606060606061
17,2022-05-31,PAYX,PAYX,Information Technology,5,0.006060606060606061
17,2022-05-31,ALB,ALB,Materials,5,0.018181818181818184
17,2022-05-31,CF,CF,Materials,5,0.018181818181818184
17,2022-05-31,CTVA,CTVA,Materials,5,0.018181818181818184
17,2022-05-31,MOS,MOS,Materials,5,0.018181818181818184
17,2022-05-31,NUE,NUE,Materials,5,0.018181818181818184
17,2022-05-31,CPT,CPT,Real Estate,5,0.015151515151515152
17,2022-05-31,EXR,EXR,Real Estate,5,0.015151515151515152
17,2022-05-31,IRM,IRM,Real Estate,5,0.015151515151515152
17,2022-05-31,MAA,MAA,Real Estate,5,0.015151515151515152
17,2022-05-31,PLD,PLD,Real Estate,5,0.015151515151515152
17,2022-05-31,PSA,PSA,Real Estate,5,0.015151515151515152
17,2022-05-31,CNP,CNP,Utilities,5,0.018181818181818184
17,2022-05-31,ED,ED,Utilities,5,0.018181818181818184
17,2022-05-31,EIX,EIX,Utilities,5,0.018181818181818184
17,2022-05-31,EXC,EXC,Utilities,5,0.018181818181818184
17,2022-05-31,SRE,SRE,Utilities,5,0.018181818181818184
18,2022-06-30,FOXA,FOXA,Communication Services,5,0.018181818181818184
18,2022-06-30,IPG,IPG,Communication Services,5,0.018181818181818184
18,2022-06-30,LUMN,LUMN,Communication Services,5,0.018181818181818184
18,2022-06-30,LYV,LYV,Communication Services,5,0.018181818181818184
18,2022-06-30,T,T,Communication Services,5,0.018181818181818184
18,2022-06-30,AZO,AZO,Consumer Discretionary,5,0.008264462809917356
18,2022-06-30,DLTR,DLTR,Consumer Discretionary,5,0.008264462809917356
18,2022-06-30,GPC,GPC,Consumer Discretionary,5,0.008264462809917356
18,2022-06-30,HLT,HLT,Consumer Discretionary,5,0.008264462809917356
18,2022-06-30,LKQ,LKQ,Consumer Discretionary,5,0.008264462809917356
18,2022-06-30,MAR,MAR,Consumer Discretionary,5,0.008264462809917356
18,2022-06-30,MCD,MCD,Consumer Discretionary,5,0.008264462809917356
18,2022-06-30,ORLY,ORLY,Consumer Discretionary,5,0.008264462809917356
18,2022-06-30,TSLA,TSLA,Consumer Discretionary,5,0.008264462809917356
18,2022-06-30,ULTA,ULTA,Consumer Discretionary,5,0.008264462809917356
18,2022-06-30,YUM,YUM,Consumer Discretionary,5,0.008264462809917356
18,2022-06-30,ADM,ADM,Consumer Staples,5,0.015151515151515152
18,2022-06-30,HSY,HSY,Consumer Staples,5,0.015151515151515152
18,2022-06-30,KO,KO,Consumer Staples,5,0.015151515151515152
18,2022-06-30,KR,KR,Consumer Staples,5,0.015151515151515152
18,2022-06-30,MO,MO,Consumer Staples,5,0.015151515151515152
18,2022-06-30,TSN,TSN,Consumer Staples,5,0.015151515151515152
18,2022-06-30,APA,APA,Energy,5,0.022727272727272728
18,2022-06-30,DVN,DVN,Energy,5,0.022727272727272728
18,2022-06-30,MRO,MRO,Energy,5,0.022727272727272728
18,2022-06-30,OXY,OXY,Energy,5,0.022727272727272728
18,2022-06-30,AIG,AIG,Financials,5,0.006993006993006994
18,2022-06-30,AJG,AJG,Financials,5,0.006993006993006994
18,2022-06-30,AON,AON,Financials,5,0.006993006993006994
18,2022-06-30,CB,CB,Financials,5,0.006993006993006994
18,2022-06-30,CMA,CMA,Financials,5,0.006993006993006994
18,2022-06-30,HIG,HIG,Financials,5,0.006993006993006994
18,2022-06-30,L,L,Financials,5,0.006993006993006994
18,2022-06-30,MET,MET,Financials,5,0.006993006993006994
18,2022-06-30,MTB,MTB,Financials,5,0.006993006993006994
18,2022-06-30,PFG,PFG,Financials,5,0.006993006993006994
18,2022-06-30,PGR,PGR,Financials,5,0.006993006993006994
18,2022-06-30,TRV,TRV,Financials,5,0.006993006993006994
18,2022-06-30,WRB,WRB,Financials,5,0.006993006993006994
18,2022-06-30,ABBV,ABBV,Health Care,5,0.007575757575757576
18,2022-06-30,COR,COR,Health Care,5,0.007575757575757576
18,2022-06-30,CVS,CVS,Health Care,5,0.007575757575757576
18,2022-06-30,ELV,ELV,Health Care,5,0.007575757575757576
18,2022-06-30,LLY,LLY,Health Care,5,0.007575757575757576
18,2022-06-30,MCK,MCK,Health Care,5,0.007575757575757576
18,2022-06-30,MRK,MRK,Health Care,5,0.007575757575757576
18,2022-06-30,OGN,OGN,Health Care,5,0.007575757575757576
18,2022-06-30,PFE,PFE,Health Care,5,0.007575757575757576
18,2022-06-30,REGN,REGN,Health Care,5,0.007575757575757576
18,2022-06-30,UNH,UNH,Health Care,5,0.007575757575757576
18,2022-06-30,VRTX,VRTX,Health Care,5,0.007575757575757576
18,2022-06-30,CHRW,CHRW,Industrials,5,0.006493506493506493
18,2022-06-30,CTAS,CTAS,Industrials,5,0.006493506493506493
18,2022-06-30,GD,GD,Industrials,5,0.006493506493506493
18,2022-06-30,GWW,GWW,Industrials,5,0.006493506493506493
18,2022-06-30,J,J,Industrials,5,0.006493506493506493
18,2022-06-30,JBHT,JBHT,Industrials,5,0.006493506493506493
18,2022-06-30,LHX,LHX,Industrials,5,0.006493506493506493
18,2022-06-30,LMT,LMT,Industrials,5,0.006493506493506493
18,2022-06-30,NOC,NOC,Industrials,5,0.006493506493506493
18,2022-06-30,PWR,PWR,Industrials,5,0.006493506493506493
18,2022-06-30,RSG,RSG,Industrials,5,0.006493506493506493
18,2022-06-30,RTX,RTX,Industrials,5,0.006493506493506493
18,2022-06-30,WAB,WAB,Industrials,5,0.006493506493506493
18,2022-06-30,WM,WM,Industrials,5,0.006493506493506493
18,2022-06-30,AAPL,AAPL,Information Technology,5,0.006060606060606061
18,2022-06-30,ADP,ADP,Information Technology,5,0.006060606060606061
18,2022-06-30,ANET,ANET,Information Technology,5,0.006060606060606061
18,2022-06-30,AVGO,AVGO,Information Technology,5,0.006060606060606061
18,2022-06-30,CDNS,CDNS,Information Technology,5,0.006060606060606061
18,2022-06-30,FTNT,FTNT,Information Technology,5,0.006060606060606061
18,2022-06-30,HPE,HPE,Information Technology,5,0.006060606060606061
18,2022-06-30,HPQ,HPQ,Information Technology,5,0.006060606060606061
18,2022-06-30,JKHY,JKHY,Information Technology,5,0.006060606060606061
18,2022-06-30,JNPR,JNPR,Information Technology,5,0.006060606060606061
18,2022-06-30,KLAC,KLAC,Information Technology,5,0.006060606060606061
18,2022-06-30,MPWR,MPWR,Information Technology,5,0.006060606060606061
18,2022-06-30,ON,ON,Information Technology,5,0.006060606060606061
18,2022-06-30,PAYX,PAYX,Information Technology,5,0.006060606060606061
18,2022-06-30,SNPS,SNPS,Information Technology,5,0.006060606060606061
18,2022-06-30,ALB,ALB,Materials,5,0.018181818181818184
18,2022-06-30,CF,CF,Materials,5,0.018181818181818184
18,2022-06-30,CTVA,CTVA,Materials,5,0.018181818181818184
18,2022-06-30,MOS,MOS,Materials,5,0.018181818181818184
18,2022-06-30,NUE,NUE,Materials,5,0.018181818181818184
18,2022-06-30,DRE,DRE,Real Estate,5,0.015151515151515152
18,2022-06-30,HST,HST,Real Estate,5,0.015151515151515152
18,2022-06-30,IRM,IRM,Real Estate,5,0.015151515151515152
18,2022-06-30,KIM,KIM,Real Estate,5,0.015151515151515152
18,2022-06-30,PSA,PSA,Real Estate,5,0.015151515151515152
18,2022-06-30,WY,WY,Real Estate,5,0.015151515151515152
18,2022-06-30,CNP,CNP,Utilities,5,0.018181818181818184
18,2022-06-30,ED,ED,Utilities,5,0.018181818181818184
18,2022-06-30,EXC,EXC,Utilities,5,0.018181818181818184
18,2022-06-30,NI,NI,Utilities,5,0.018181818181818184
18,2022-06-30,SO,SO,Utilities,5,0.018181818181818184
19,2022-07-29,ATVI,ATVI,Communication Services,5,0.018181818181818184
19,2022-07-29,LUMN,LUMN,Communication Services,5,0.018181818181818184
19,2022-07-29,LYV,LYV,Communication Services,5,0.018181818181818184
19,2022-07-29,T,T,Communication Services,5,0.018181818181818184
19,2022-07-29,VZ,VZ,Communication Services,5,0.018181818181818184
19,2022-07-29,AZO,AZO,Consumer Discretionary,5,0.008264462809917356
19,2022-07-29,DG,DG,Consumer Discretionary,5,0.008264462809917356
19,2022-07-29,DLTR,DLTR,Consumer Discretionary,5,0.008264462809917356
19,2022-07-29,GPC,GPC,Consumer Discretionary,5,0.008264462809917356
19,2022-07-29,LKQ,LKQ,Consumer Discretionary,5,0.008264462809917356
19,2022-07-29,MAR,MAR,Consumer Discretionary,5,0.008264462809917356
19,2022-07-29,MCD,MCD,Consumer Discretionary,5,0.008264462809917356
19,2022-07-29,ORLY,ORLY,Consumer Discretionary,5,0.008264462809917356
19,2022-07-29,TSCO,TSCO,Consumer Discretionary,5,0.008264462809917356
19,2022-07-29,TSLA,TSLA,Consumer Discretionary,5,0.008264462809917356
19,2022-07-29,ULTA,ULTA,Consumer Discretionary,5,0.008264462809917356
19,2022-07-29,ADM,ADM,Consumer Staples,5,0.015151515151515152
19,2022-07-29,GIS,GIS,Consumer Staples,5,0.015151515151515152
19,2022-07-29,HSY,HSY,Consumer Staples,5,0.015151515151515152
19,2022-07-29,KR,KR,Consumer Staples,5,0.015151515151515152
19,2022-07-29,SYY,SYY,Consumer Staples,5,0.015151515151515152
19,2022-07-29,TSN,TSN,Consumer Staples,5,0.015151515151515152
19,2022-07-29,APA,APA,Energy,5,0.022727272727272728
19,2022-07-29,DVN,DVN,Energy,5,0.022727272727272728
19,2022-07-29,MRO,MRO,Energy,5,0.022727272727272728
19,2022-07-29,OXY,OXY,Energy,5,0.022727272727272728
19,2022-07-29,AIG,AIG,Financials,5,0.006993006993006994
19,2022-07-29,AIZ,AIZ,Financials,5,0.006993006993006994
19,2022-07-29,AJG,AJG,Financials,5,0.006993006993006994
19,2022-07-29,CB,CB,Financials,5,0.006993006993006994
19,2022-07-29,CMA,CMA,Financials,5,0.006993006993006994
19,2022-07-29,EG,EG,Financials,5,0.006993006993006994
19,2022-07-29,L,L,Financials,5,0.006993006993006994
19,2022-07-29,MET,MET,Financials,5,0.006993006993006994
19,2022-07-29,MTB,MTB,Financials,5,0.006993006993006994
19,2022-07-29,PFG,PFG,Financials,5,0.006993006993006994
19,2022-07-29,PGR,PGR,Financials,5,0.006993006993006994
19,2022-07-29,TRV,TRV,Financials,5,0.006993006993006994
19,2022-07-29,WRB,WRB,Financials,5,0.006993006993006994
19,2022-07-29,ABBV,ABBV,Health Care,5,0.007575757575757576
19,2022-07-29,BMY,BMY,Health Care,5,0.007575757575757576
19,2022-07-29,CNC,CNC,Health Care,5,0.007575757575757576
19,2022-07-29,COR,COR,Health Care,5,0.007575757575757576
19,2022-07-29,ELV,ELV,Health Care,5,0.007575757575757576
19,2022-07-29,LLY,LLY,Health Care,5,0.007575757575757576
19,2022-07-29,MCK,MCK,Health Care,5,0.007575757575757576
19,2022-07-29,MRK,MRK,Health Care,5,0.007575757575757576
19,2022-07-29,OGN,OGN,Health Care,5,0.007575757575757576
19,2022-07-29,PFE,PFE,Health Care,5,0.007575757575757576
19,2022-07-29,UNH,UNH,Health Care,5,0.007575757575757576
19,2022-07-29,VRTX,VRTX,Health Care,5,0.007575757575757576
19,2022-07-29,CHRW,CHRW,Industrials,5,0.006493506493506493
19,2022-07-29,GD,GD,Industrials,5,0.006493506493506493
19,2022-07-29,GWW,GWW,Industrials,5,0.006493506493506493
19,2022-07-29,HII,HII,Industrials,5,0.006493506493506493
19,2022-07-29,LHX,LHX,Industrials,5,0.006493506493506493
19,2022-07-29,LMT,LMT,Industrials,5,0.006493506493506493
19,2022-07-29,NLSN,NLSN,Industrials,5,0.006493506493506493
19,2022-07-29,NOC,NOC,Industrials,5,0.006493506493506493
19,2022-07-29,PCAR,PCAR,Industrials,5,0.006493506493506493
19,2022-07-29,PWR,PWR,Industrials,5,0.006493506493506493
19,2022-07-29,RSG,RSG,Industrials,5,0.006493506493506493
19,2022-07-29,RTX,RTX,Industrials,5,0.006493506493506493
19,2022-07-29,UNP,UNP,Industrials,5,0.006493506493506493
19,2022-07-29,WM,WM,Industrials,5,0.006493506493506493
19,2022-07-29,ADP,ADP,Information Technology,5,0.006060606060606061
19,2022-07-29,ANET,ANET,Information Technology,5,0.006060606060606061
19,2022-07-29,AVGO,AVGO,Information Technology,5,0.006060606060606061
19,2022-07-29,CDNS,CDNS,Information Technology,5,0.006060606060606061
19,2022-07-29,CTXS,CTXS,Information Technology,5,0.006060606060606061
19,2022-07-29,ENPH,ENPH,Information Technology,5,0.006060606060606061
19,2022-07-29,FTNT,FTNT,Information Technology,5,0.006060606060606061
19,2022-07-29,HPQ,HPQ,Information Technology,5,0.006060606060606061
19,2022-07-29,IBM,IBM,Information Technology,5,0.006060606060606061
19,2022-07-29,JKHY,JKHY,Information Technology,5,0.006060606060606061
19,2022-07-29,JNPR,JNPR,Information Technology,5,0.006060606060606061
19,2022-07-29,ON,ON,Information Technology,5,0.006060606060606061
19,2022-07-29,PAYX,PAYX,Information Technology,5,0.006060606060606061
19,2022-07-29,SEDG,SEDG,Information Technology,5,0.006060606060606061
19,2022-07-29,SNPS,SNPS,Information Technology,5,0.006060606060606061
19,2022-07-29,AMCR,AMCR,Materials,5,0.018181818181818184
19,2022-07-29,CF,CF,Materials,5,0.018181818181818184
19,2022-07-29,CTVA,CTVA,Materials,5,0.018181818181818184
19,2022-07-29,MOS,MOS,Materials,5,0.018181818181818184
19,2022-07-29,SEE,SEE,Materials,5,0.018181818181818184
19,2022-07-29,DRE,DRE,Real Estate,5,0.015151515151515152
19,2022-07-29,EXR,EXR,Real Estate,5,0.015151515151515152
19,2022-07-29,IRM,IRM,Real Estate,5,0.015151515151515152
19,2022-07-29,O,O,Real Estate,5,0.015151515151515152
19,2022-07-29,PSA,PSA,Real Estate,5,0.015151515151515152
19,2022-07-29,WY,WY,Real Estate,5,0.015151515151515152
19,2022-07-29,CNP,CNP,Utilities,5,0.018181818181818184
19,2022-07-29,ED,ED,Utilities,5,0.018181818181818184
19,2022-07-29,EIX,EIX,Utilities,5,0.018181818181818184
19,2022-07-29,EXC,EXC,Utilities,5,0.018181818181818184
19,2022-07-29,NI,NI,Utilities,5,0.018181818181818184
20,2022-08-31,ATVI,ATVI,Communication Services,5,0.018181818181818184
20,2022-08-31,LYV,LYV,Communication Services,5,0.018181818181818184
20,2022-08-31,OMC,OMC,Communication Services,5,0.018181818181818184
20,2022-08-31,T,T,Communication Services,5,0.018181818181818184
20,2022-08-31,TMUS,TMUS,Communication Services,5,0.018181818181818184
20,2022-08-31,AZO,AZO,Consumer Discretionary,5,0.008264462809917356
20,2022-08-31,DG,DG,Consumer Discretionary,5,0.008264462809917356
20,2022-08-31,DLTR,DLTR,Consumer Discretionary,5,0.008264462809917356
20,2022-08-31,F,F,Consumer Discretionary,5,0.008264462809917356
20,2022-08-31,GPC,GPC,Consumer Discretionary,5,0.008264462809917356
20,2022-08-31,HLT,HLT,Consumer Discretionary,5,0.008264462809917356
20,2022-08-31,LKQ,LKQ,Consumer Discretionary,5,0.008264462809917356
20,2022-08-31,MAR,MAR,Consumer Discretionary,5,0.008264462809917356
20,2022-08-31,MCD,MCD,Consumer Discretionary,5,0.008264462809917356
20,2022-08-31,ORLY,ORLY,Consumer Discretionary,5,0.008264462809917356
20,2022-08-31,TSLA,TSLA,Consumer Discretionary,5,0.008264462809917356
20,2022-08-31,ADM,ADM,Consumer Staples,5,0.015151515151515152
20,2022-08-31,CPB,CPB,Consumer Staples,5,0.015151515151515152
20,2022-08-31,GIS,GIS,Consumer Staples,5,0.015151515151515152
20,2022-08-31,HSY,HSY,Consumer Staples,5,0.015151515151515152
20,2022-08-31,LW,LW,Consumer Staples,5,0.015151515151515152
20,2022-08-31,TAP,TAP,Consumer Staples,5,0.015151515151515152
20,2022-08-31,CTRA,CTRA,Energy,5,0.022727272727272728
20,2022-08-31,DVN,DVN,Energy,5,0.022727272727272728
20,2022-08-31,MRO,MRO,Energy,5,0.022727272727272728
20,2022-08-31,OXY,OXY,Energy,5,0.022727272727272728
20,2022-08-31,AIZ,AIZ,Financials,5,0.006993006993006994
20,2022-08-31,AJG,AJG,Financials,5,0.006993006993006994
20,2022-08-31,BRK.B,BRK.B,Financials,5,0.006993006993006994
20,2022-08-31,BRO,BRO,Financials,5,0.006993006993006994
20,2022-08-31,CMA,CMA,Financials,5,0.006993006993006994
20,2022-08-31,FDS,FDS,Financials,5,0.006993006993006994
20,2022-08-31,GL,GL,Financials,5,0.006993006993006994
20,2022-08-31,MRSH,MRSH,Financials,5,0.006993006993006994
20,2022-08-31,MTB,MTB,Financials,5,0.006993006993006994
20,2022-08-31,PGR,PGR,Financials,5,0.006993006993006994
20,2022-08-31,RF,RF,Financials,5,0.006993006993006994
20,2022-08-31,RJF,RJF,Financials,5,0.006993006993006994
20,2022-08-31,WRB,WRB,Financials,5,0.006993006993006994
20,2022-08-31,ABBV,ABBV,Health Care,5,0.007575757575757576
20,2022-08-31,CI,CI,Health Care,5,0.007575757575757576
20,2022-08-31,CNC,CNC,Health Care,5,0.007575757575757576
20,2022-08-31,COR,COR,Health Care,5,0.007575757575757576
20,2022-08-31,ELV,ELV,Health Care,5,0.007575757575757576
20,2022-08-31,HUM,HUM,Health Care,5,0.007575757575757576
20,2022-08-31,LLY,LLY,Health Care,5,0.007575757575757576
20,2022-08-31,MCK,MCK,Health Care,5,0.007575757575757576
20,2022-08-31,MOH,MOH,Health Care,5,0.007575757575757576
20,2022-08-31,MRK,MRK,Health Care,5,0.007575757575757576
20,2022-08-31,UNH,UNH,Health Care,5,0.007575757575757576
20,2022-08-31,VRTX,VRTX,Health Care,5,0.007575757575757576
20,2022-08-31,CHRW,CHRW,Industrials,5,0.006493506493506493
20,2022-08-31,CTAS,CTAS,Industrials,5,0.006493506493506493
20,2022-08-31,GD,GD,Industrials,5,0.006493506493506493
20,2022-08-31,GWW,GWW,Industrials,5,0.006493506493506493
20,2022-08-31,HII,HII,Industrials,5,0.006493506493506493
20,2022-08-31,HWM,HWM,Industrials,5,0.006493506493506493
20,2022-08-31,LDOS,LDOS,Industrials,5,0.006493506493506493
20,2022-08-31,LMT,LMT,Industrials,5,0.006493506493506493
20,2022-08-31,NLSN,NLSN,Industrials,5,0.006493506493506493
20,2022-08-31,NOC,NOC,Industrials,5,0.006493506493506493
20,2022-08-31,PCAR,PCAR,Industrials,5,0.006493506493506493
20,2022-08-31,PWR,PWR,Industrials,5,0.006493506493506493
20,2022-08-31,RSG,RSG,Industrials,5,0.006493506493506493
20,2022-08-31,RTX,RTX,Industrials,5,0.006493506493506493
20,2022-08-31,AAPL,AAPL,Information Technology,5,0.006060606060606061
20,2022-08-31,ADI,ADI,Information Technology,5,0.006060606060606061
20,2022-08-31,ADP,ADP,Information Technology,5,0.006060606060606061
20,2022-08-31,ANET,ANET,Information Technology,5,0.006060606060606061
20,2022-08-31,AVGO,AVGO,Information Technology,5,0.006060606060606061
20,2022-08-31,CDNS,CDNS,Information Technology,5,0.006060606060606061
20,2022-08-31,ENPH,ENPH,Information Technology,5,0.006060606060606061
20,2022-08-31,HPQ,HPQ,Information Technology,5,0.006060606060606061
20,2022-08-31,JKHY,JKHY,Information Technology,5,0.006060606060606061
20,2022-08-31,KLAC,KLAC,Information Technology,5,0.006060606060606061
20,2022-08-31,MA,MA,Information Technology,5,0.006060606060606061
20,2022-08-31,ON,ON,Information Technology,5,0.006060606060606061
20,2022-08-31,PAYX,PAYX,Information Technology,5,0.006060606060606061
20,2022-08-31,SEDG,SEDG,Information Technology,5,0.006060606060606061
20,2022-08-31,SNPS,SNPS,Information Technology,5,0.006060606060606061
20,2022-08-31,CF,CF,Materials,5,0.018181818181818184
20,2022-08-31,CTVA,CTVA,Materials,5,0.018181818181818184
20,2022-08-31,FMC,FMC,Materials,5,0.018181818181818184
20,2022-08-31,MOS,MOS,Materials,5,0.018181818181818184
20,2022-08-31,NUE,NUE,Materials,5,0.018181818181818184
20,2022-08-31,DRE,DRE,Real Estate,5,0.015151515151515152
20,2022-08-31,HST,HST,Real Estate,5,0.015151515151515152
20,2022-08-31,O,O,Real Estate,5,0.015151515151515152
20,2022-08-31,PSA,PSA,Real Estate,5,0.015151515151515152
20,2022-08-31,VICI,VICI,Real Estate,5,0.015151515151515152
20,2022-08-31,WY,WY,Real Estate,5,0.015151515151515152
20,2022-08-31,CNP,CNP,Utilities,5,0.018181818181818184
20,2022-08-31,ED,ED,Utilities,5,0.018181818181818184
20,2022-08-31,EXC,EXC,Utilities,5,0.018181818181818184
20,2022-08-31,NI,NI,Utilities,5,0.018181818181818184
20,2022-08-31,SRE,SRE,Utilities,5,0.018181818181818184
21,2022-09-30,ATVI,ATVI,Communication Services,5,0.018181818181818184
21,2022-09-30,LYV,LYV,Communication Services,5,0.018181818181818184
21,2022-09-30,OMC,OMC,Communication Services,5,0.018181818181818184
21,2022-09-30,T,T,Communication Services,5,0.018181818181818184
21,2022-09-30,TMUS,TMUS,Communication Services,5,0.018181818181818184
21,2022-09-30,AZO,AZO,Consumer Discretionary,5,0.008264462809917356
21,2022-09-30,DG,DG,Consumer Discretionary,5,0.008264462809917356
21,2022-09-30,DLTR,DLTR,Consumer Discretionary,5,0.008264462809917356
21,2022-09-30,F,F,Consumer Discretionary,5,0.008264462809917356
21,2022-09-30,GPC,GPC,Consumer Discretionary,5,0.008264462809917356
21,2022-09-30,LKQ,LKQ,Consumer Discretionary,5,0.008264462809917356
21,2022-09-30,MAR,MAR,Consumer Discretionary,5,0.008264462809917356
21,2022-09-30,MCD,MCD,Consumer Discretionary,5,0.008264462809917356
21,2022-09-30,ORLY,ORLY,Consumer Discretionary,5,0.008264462809917356
21,2022-09-30,TSLA,TSLA,Consumer Discretionary,5,0.008264462809917356
21,2022-09-30,ULTA,ULTA,Consumer Discretionary,5,0.008264462809917356
21,2022-09-30,ADM,ADM,Consumer Staples,5,0.015151515151515152
21,2022-09-30,CPB,CPB,Consumer Staples,5,0.015151515151515152
21,2022-09-30,GIS,GIS,Consumer Staples,5,0.015151515151515152
21,2022-09-30,HRL,HRL,Consumer Staples,5,0.015151515151515152
21,2022-09-30,HSY,HSY,Consumer Staples,5,0.015151515151515152
21,2022-09-30,LW,LW,Consumer Staples,5,0.015151515151515152
21,2022-09-30,APA,APA,Energy,5,0.022727272727272728
21,2022-09-30,DVN,DVN,Energy,5,0.022727272727272728
21,2022-09-30,MRO,MRO,Energy,5,0.022727272727272728
21,2022-09-30,OXY,OXY,Energy,5,0.022727272727272728
21,2022-09-30,AFL,AFL,Financials,5,0.006993006993006994
21,2022-09-30,AJG,AJG,Financials,5,0.006993006993006994
21,2022-09-30,BRO,BRO,Financials,5,0.006993006993006994
21,2022-09-30,CB,CB,Financials,5,0.006993006993006994
21,2022-09-30,EG,EG,Financials,5,0.006993006993006994
21,2022-09-30,FDS,FDS,Financials,5,0.006993006993006994
21,2022-09-30,GL,GL,Financials,5,0.006993006993006994
21,2022-09-30,MTB,MTB,Financials,5,0.006993006993006994
21,2022-09-30,PFG,PFG,Financials,5,0.006993006993006994
21,2022-09-30,PGR,PGR,Financials,5,0.006993006993006994
21,2022-09-30,RJF,RJF,Financials,5,0.006993006993006994
21,2022-09-30,TRV,TRV,Financials,5,0.006993006993006994
21,2022-09-30,WRB,WRB,Financials,5,0.006993006993006994
21,2022-09-30,ABBV,ABBV,Health Care,5,0.007575757575757576
21,2022-09-30,CAH,CAH,Health Care,5,0.007575757575757576
21,2022-09-30,CI,CI,Health Care,5,0.007575757575757576
21,2022-09-30,CNC,CNC,Health Care,5,0.007575757575757576
21,2022-09-30,COR,COR,Health Care,5,0.007575757575757576
21,2022-09-30,ELV,ELV,Health Care,5,0.007575757575757576
21,2022-09-30,HUM,HUM,Health Care,5,0.007575757575757576
21,2022-09-30,LLY,LLY,Health Care,5,0.007575757575757576
21,2022-09-30,MCK,MCK,Health Care,5,0.007575757575757576
21,2022-09-30,MOH,MOH,Health Care,5,0.007575757575757576
21,2022-09-30,UNH,UNH,Health Care,5,0.007575757575757576
21,2022-09-30,VRTX,VRTX,Health Care,5,0.007575757575757576
21,2022-09-30,CHRW,CHRW,Industrials,5,0.006493506493506493
21,2022-09-30,DE,DE,Industrials,5,0.006493506493506493
21,2022-09-30,GD,GD,Industrials,5,0.006493506493506493
21,2022-09-30,GWW,GWW,Industrials,5,0.006493506493506493
21,2022-09-30,HII,HII,Industrials,5,0.006493506493506493
21,2022-09-30,HWM,HWM,Industrials,5,0.006493506493506493
21,2022-09-30,LMT,LMT,Industrials,5,0.006493506493506493
21,2022-09-30,NLSN,NLSN,Industrials,5,0.006493506493506493
21,2022-09-30,NOC,NOC,Industrials,5,0.006493506493506493
21,2022-09-30,PCAR,PCAR,Industrials,5,0.006493506493506493
21,2022-09-30,PWR,PWR,Industrials,5,0.006493506493506493
21,2022-09-30,RSG,RSG,Industrials,5,0.006493506493506493
21,2022-09-30,UNP,UNP,Industrials,5,0.006493506493506493
21,2022-09-30,WM,WM,Industrials,5,0.006493506493506493
21,2022-09-30,AAPL,AAPL,Information Technology,5,0.006060606060606061
21,2022-09-30,ADP,ADP,Information Technology,5,0.006060606060606061
21,2022-09-30,ANET,ANET,Information Technology,5,0.006060606060606061
21,2022-09-30,AVGO,AVGO,Information Technology,5,0.006060606060606061
21,2022-09-30,CDNS,CDNS,Information Technology,5,0.006060606060606061
21,2022-09-30,ENPH,ENPH,Information Technology,5,0.006060606060606061
21,2022-09-30,HPQ,HPQ,Information Technology,5,0.006060606060606061
21,2022-09-30,JKHY,JKHY,Information Technology,5,0.006060606060606061
21,2022-09-30,JNPR,JNPR,Information Technology,5,0.006060606060606061
21,2022-09-30,KLAC,KLAC,Information Technology,5,0.006060606060606061
21,2022-09-30,MSI,MSI,Information Technology,5,0.006060606060606061
21,2022-09-30,ON,ON,Information Technology,5,0.006060606060606061
21,2022-09-30,PAYX,PAYX,Information Technology,5,0.006060606060606061
21,2022-09-30,QCOM,QCOM,Information Technology,5,0.006060606060606061
21,2022-09-30,SNPS,SNPS,Information Technology,5,0.006060606060606061
21,2022-09-30,ALB,ALB,Materials,5,0.018181818181818184
21,2022-09-30,CF,CF,Materials,5,0.018181818181818184
21,2022-09-30,CTVA,CTVA,Materials,5,0.018181818181818184
21,2022-09-30,MOS,MOS,Materials,5,0.018181818181818184
21,2022-09-30,NUE,NUE,Materials,5,0.018181818181818184
21,2022-09-30,DRE,DRE,Real Estate,5,0.015151515151515152
21,2022-09-30,EXR,EXR,Real Estate,5,0.015151515151515152
21,2022-09-30,IRM,IRM,Real Estate,5,0.015151515151515152
21,2022-09-30,O,O,Real Estate,5,0.015151515151515152
21,2022-09-30,PSA,PSA,Real Estate,5,0.015151515151515152
21,2022-09-30,VICI,VICI,Real Estate,5,0.015151515151515152
21,2022-09-30,ATO,ATO,Utilities,5,0.018181818181818184
21,2022-09-30,CNP,CNP,Utilities,5,0.018181818181818184
21,2022-09-30,ED,ED,Utilities,5,0.018181818181818184
21,2022-09-30,EXC,EXC,Utilities,5,0.018181818181818184
21,2022-09-30,SRE,SRE,Utilities,5,0.018181818181818184
22,2022-10-31,ATVI,ATVI,Communication Services,5,0.018181818181818184
22,2022-10-31,EA,EA,Communication Services,5,0.018181818181818184
22,2022-10-31,OMC,OMC,Communication Services,5,0.018181818181818184
22,2022-10-31,T,T,Communication Services,5,0.018181818181818184
22,2022-10-31,TMUS,TMUS,Communication Services,5,0.018181818181818184
22,2022-10-31,AZO,AZO,Consumer Discretionary,5,0.008264462809917356
22,2022-10-31,DG,DG,Consumer Discretionary,5,0.008264462809917356
22,2022-10-31,DLTR,DLTR,Consumer Discretionary,5,0.008264462809917356
22,2022-10-31,DRI,DRI,Consumer Discretionary,5,0.008264462809917356
22,2022-10-31,GPC,GPC,Consumer Discretionary,5,0.008264462809917356
22,2022-10-31,LVS,LVS,Consumer Discretionary,5,0.008264462809917356
22,2022-10-31,MAR,MAR,Consumer Discretionary,5,0.008264462809917356
22,2022-10-31,MCD,MCD,Consumer Discretionary,5,0.008264462809917356
22,2022-10-31,ORLY,ORLY,Consumer Discretionary,5,0.008264462809917356
22,2022-10-31,TJX,TJX,Consumer Discretionary,5,0.008264462809917356
22,2022-10-31,ULTA,ULTA,Consumer Discretionary,5,0.008264462809917356
22,2022-10-31,ADM,ADM,Consumer Staples,5,0.015151515151515152
22,2022-10-31,CPB,CPB,Consumer Staples,5,0.015151515151515152
22,2022-10-31,GIS,GIS,Consumer Staples,5,0.015151515151515152
22,2022-10-31,HSY,HSY,Consumer Staples,5,0.015151515151515152
22,2022-10-31,K,K,Consumer Staples,5,0.015151515151515152
22,2022-10-31,LW,LW,Consumer Staples,5,0.015151515151515152
22,2022-10-31,DVN,DVN,Energy,5,0.022727272727272728
22,2022-10-31,EQT,EQT,Energy,5,0.022727272727272728
22,2022-10-31,MPC,MPC,Energy,5,0.022727272727272728
22,2022-10-31,OXY,OXY,Energy,5,0.022727272727272728
22,2022-10-31,AFL,AFL,Financials,5,0.006993006993006994
22,2022-10-31,AJG,AJG,Financials,5,0.006993006993006994
22,2022-10-31,ALL,ALL,Financials,5,0.006993006993006994
22,2022-10-31,BRO,BRO,Financials,5,0.006993006993006994
22,2022-10-31,EG,EG,Financials,5,0.006993006993006994
22,2022-10-31,GL,GL,Financials,5,0.006993006993006994
22,2022-10-31,MET,MET,Financials,5,0.006993006993006994
22,2022-10-31,MTB,MTB,Financials,5,0.006993006993006994
22,2022-10-31,PFG,PFG,Financials,5,0.006993006993006994
22,2022-10-31,PGR,PGR,Financials,5,0.006993006993006994
22,2022-10-31,RJF,RJF,Financials,5,0.006993006993006994
22,2022-10-31,TRV,TRV,Financials,5,0.006993006993006994
22,2022-10-31,WRB,WRB,Financials,5,0.006993006993006994
22,2022-10-31,ABBV,ABBV,Health Care,5,0.007575757575757576
22,2022-10-31,AMGN,AMGN,Health Care,5,0.007575757575757576
22,2022-10-31,BMY,BMY,Health Care,5,0.007575757575757576
22,2022-10-31,CAH,CAH,Health Care,5,0.007575757575757576
22,2022-10-31,CI,CI,Health Care,5,0.007575757575757576
22,2022-10-31,CNC,CNC,Health Care,5,0.007575757575757576
22,2022-10-31,COR,COR,Health Care,5,0.007575757575757576
22,2022-10-31,LLY,LLY,Health Care,5,0.007575757575757576
22,2022-10-31,MCK,MCK,Health Care,5,0.007575757575757576
22,2022-10-31,MOH,MOH,Health Care,5,0.007575757575757576
22,2022-10-31,UNH,UNH,Health Care,5,0.007575757575757576
22,2022-10-31,VRTX,VRTX,Health Care,5,0.007575757575757576
22,2022-10-31,CHRW,CHRW,Industrials,5,0.006493506493506493
22,2022-10-31,DE,DE,Industrials,5,0.006493506493506493
22,2022-10-31,GD,GD,Industrials,5,0.006493506493506493
22,2022-10-31,GWW,GWW,Industrials,5,0.006493506493506493
22,2022-10-31,HII,HII,Industrials,5,0.006493506493506493
22,2022-10-31,HWM,HWM,Industrials,5,0.006493506493506493
22,2022-10-31,LMT,LMT,Industrials,5,0.006493506493506493
22,2022-10-31,NOC,NOC,Industrials,5,0.006493506493506493
22,2022-10-31,PCAR,PCAR,Industrials,5,0.006493506493506493
22,2022-10-31,PWR,PWR,Industrials,5,0.006493506493506493
22,2022-10-31,ROL,ROL,Industrials,5,0.006493506493506493
22,2022-10-31,RSG,RSG,Industrials,5,0.006493506493506493
22,2022-10-31,SNA,SNA,Industrials,5,0.006493506493506493
22,2022-10-31,WM,WM,Industrials,5,0.006493506493506493
22,2022-10-31,AAPL,AAPL,Information Technology,5,0.006060606060606061
22,2022-10-31,ADP,ADP,Information Technology,5,0.006060606060606061
22,2022-10-31,ANET,ANET,Information Technology,5,0.006060606060606061
22,2022-10-31,APH,APH,Information Technology,5,0.006060606060606061
22,2022-10-31,CDNS,CDNS,Information Technology,5,0.006060606060606061
22,2022-10-31,ENPH,ENPH,Information Technology,5,0.006060606060606061
22,2022-10-31,FISV,FISV,Information Technology,5,0.006060606060606061
22,2022-10-31,IBM,IBM,Information Technology,5,0.006060606060606061
22,2022-10-31,JKHY,JKHY,Information Technology,5,0.006060606060606061
22,2022-10-31,JNPR,JNPR,Information Technology,5,0.006060606060606061
22,2022-10-31,KEYS,KEYS,Information Technology,5,0.006060606060606061
22,2022-10-31,MSI,MSI,Information Technology,5,0.006060606060606061
22,2022-10-31,ON,ON,Information Technology,5,0.006060606060606061
22,2022-10-31,PAYX,PAYX,Information Technology,5,0.006060606060606061
22,2022-10-31,SNPS,SNPS,Information Technology,5,0.006060606060606061
22,2022-10-31,ALB,ALB,Materials,5,0.018181818181818184
22,2022-10-31,CF,CF,Materials,5,0.018181818181818184
22,2022-10-31,CTVA,CTVA,Materials,5,0.018181818181818184
22,2022-10-31,FMC,FMC,Materials,5,0.018181818181818184
22,2022-10-31,MOS,MOS,Materials,5,0.018181818181818184
22,2022-10-31,EXR,EXR,Real Estate,5,0.015151515151515152
22,2022-10-31,HST,HST,Real Estate,5,0.015151515151515152
22,2022-10-31,IRM,IRM,Real Estate,5,0.015151515151515152
22,2022-10-31,O,O,Real Estate,5,0.015151515151515152
22,2022-10-31,PSA,PSA,Real Estate,5,0.015151515151515152
22,2022-10-31,VICI,VICI,Real Estate,5,0.015151515151515152
22,2022-10-31,ATO,ATO,Utilities,5,0.018181818181818184
22,2022-10-31,CNP,CNP,Utilities,5,0.018181818181818184
22,2022-10-31,ED,ED,Utilities,5,0.018181818181818184
22,2022-10-31,SO,SO,Utilities,5,0.018181818181818184
22,2022-10-31,SRE,SRE,Utilities,5,0.018181818181818184
23,2022-11-30,ATVI,ATVI,Communication Services,5,0.018181818181818184
23,2022-11-30,EA,EA,Communication Services,5,0.018181818181818184
23,2022-11-30,OMC,OMC,Communication Services,5,0.018181818181818184
23,2022-11-30,T,T,Communication Services,5,0.018181818181818184
23,2022-11-30,TMUS,TMUS,Communication Services,5,0.018181818181818184
23,2022-11-30,AZO,AZO,Consumer Discretionary,5,0.008264462809917356
23,2022-11-30,DG,DG,Consumer Discretionary,5,0.008264462809917356
23,2022-11-30,DLTR,DLTR,Consumer Discretionary,5,0.008264462809917356
23,2022-11-30,DRI,DRI,Consumer Discretionary,5,0.008264462809917356
23,2022-11-30,GPC,GPC,Consumer Discretionary,5,0.008264462809917356
23,2022-11-30,LVS,LVS,Consumer Discretionary,5,0.008264462809917356
23,2022-11-30,MAR,MAR,Consumer Discretionary,5,0.008264462809917356
23,2022-11-30,MCD,MCD,Consumer Discretionary,5,0.008264462809917356
23,2022-11-30,ORLY,ORLY,Consumer Discretionary,5,0.008264462809917356
23,2022-11-30,TJX,TJX,Consumer Discretionary,5,0.008264462809917356
23,2022-11-30,ULTA,ULTA,Consumer Discretionary,5,0.008264462809917356
23,2022-11-30,ADM,ADM,Consumer Staples,5,0.015151515151515152
23,2022-11-30,CPB,CPB,Consumer Staples,5,0.015151515151515152
23,2022-11-30,GIS,GIS,Consumer Staples,5,0.015151515151515152
23,2022-11-30,HSY,HSY,Consumer Staples,5,0.015151515151515152
23,2022-11-30,K,K,Consumer Staples,5,0.015151515151515152
23,2022-11-30,LW,LW,Consumer Staples,5,0.015151515151515152
23,2022-11-30,DVN,DVN,Energy,5,0.022727272727272728
23,2022-11-30,EQT,EQT,Energy,5,0.022727272727272728
23,2022-11-30,MRO,MRO,Energy,5,0.022727272727272728
23,2022-11-30,OXY,OXY,Energy,5,0.022727272727272728
23,2022-11-30,ACGL,ACGL,Financials,5,0.006993006993006994
23,2022-11-30,AFL,AFL,Financials,5,0.006993006993006994
23,2022-11-30,ALL,ALL,Financials,5,0.006993006993006994
23,2022-11-30,CB,CB,Financials,5,0.006993006993006994
23,2022-11-30,EG,EG,Financials,5,0.006993006993006994
23,2022-11-30,GL,GL,Financials,5,0.006993006993006994
23,2022-11-30,MET,MET,Financials,5,0.006993006993006994
23,2022-11-30,MTB,MTB,Financials,5,0.006993006993006994
23,2022-11-30,PFG,PFG,Financials,5,0.006993006993006994
23,2022-11-30,PGR,PGR,Financials,5,0.006993006993006994
23,2022-11-30,RJF,RJF,Financials,5,0.006993006993006994
23,2022-11-30,TRV,TRV,Financials,5,0.006993006993006994
23,2022-11-30,WRB,WRB,Financials,5,0.006993006993006994
23,2022-11-30,ABBV,ABBV,Health Care,5,0.007575757575757576
23,2022-11-30,AMGN,AMGN,Health Care,5,0.007575757575757576
23,2022-11-30,BMY,BMY,Health Care,5,0.007575757575757576
23,2022-11-30,CAH,CAH,Health Care,5,0.007575757575757576
23,2022-11-30,CI,CI,Health Care,5,0.007575757575757576
23,2022-11-30,COR,COR,Health Care,5,0.007575757575757576
23,2022-11-30,ELV,ELV,Health Care,5,0.007575757575757576
23,2022-11-30,HUM,HUM,Health Care,5,0.007575757575757576
23,2022-11-30,LLY,LLY,Health Care,5,0.007575757575757576
23,2022-11-30,MCK,MCK,Health Care,5,0.007575757575757576
23,2022-11-30,MRK,MRK,Health Care,5,0.007575757575757576
23,2022-11-30,VRTX,VRTX,Health Care,5,0.007575757575757576
23,2022-11-30,CMI,CMI,Industrials,5,0.006493506493506493
23,2022-11-30,DE,DE,Industrials,5,0.006493506493506493
23,2022-11-30,GD,GD,Industrials,5,0.006493506493506493
23,2022-11-30,GWW,GWW,Industrials,5,0.006493506493506493
23,2022-11-30,HII,HII,Industrials,5,0.006493506493506493
23,2022-11-30,HWM,HWM,Industrials,5,0.006493506493506493
23,2022-11-30,LDOS,LDOS,Industrials,5,0.006493506493506493
23,2022-11-30,LHX,LHX,Industrials,5,0.006493506493506493
23,2022-11-30,LMT,LMT,Industrials,5,0.006493506493506493
23,2022-11-30,NOC,NOC,Industrials,5,0.006493506493506493
23,2022-11-30,PCAR,PCAR,Industrials,5,0.006493506493506493
23,2022-11-30,PWR,PWR,Industrials,5,0.006493506493506493
23,2022-11-30,ROL,ROL,Industrials,5,0.006493506493506493
23,2022-11-30,RTX,RTX,Industrials,5,0.006493506493506493
23,2022-11-30,ADP,ADP,Information Technology,5,0.006060606060606061
23,2022-11-30,ANET,ANET,Information Technology,5,0.006060606060606061
23,2022-11-30,ENPH,ENPH,Information Technology,5,0.006060606060606061
23,2022-11-30,FISV,FISV,Information Technology,5,0.006060606060606061
23,2022-11-30,GPN,GPN,Information Technology,5,0.006060606060606061
23,2022-11-30,HPE,HPE,Information Technology,5,0.006060606060606061
23,2022-11-30,IBM,IBM,Information Technology,5,0.006060606060606061
23,2022-11-30,JKHY,JKHY,Information Technology,5,0.006060606060606061
23,2022-11-30,JNPR,JNPR,Information Technology,5,0.006060606060606061
23,2022-11-30,MA,MA,Information Technology,5,0.006060606060606061
23,2022-11-30,MSI,MSI,Information Technology,5,0.006060606060606061
23,2022-11-30,ON,ON,Information Technology,5,0.006060606060606061
23,2022-11-30,PAYX,PAYX,Information Technology,5,0.006060606060606061
23,2022-11-30,PTC,PTC,Information Technology,5,0.006060606060606061
23,2022-11-30,V,V,Information Technology,5,0.006060606060606061
23,2022-11-30,CF,CF,Materials,5,0.018181818181818184
23,2022-11-30,CTVA,CTVA,Materials,5,0.018181818181818184
23,2022-11-30,FMC,FMC,Materials,5,0.018181818181818184
23,2022-11-30,MOS,MOS,Materials,5,0.018181818181818184
23,2022-11-30,NUE,NUE,Materials,5,0.018181818181818184
23,2022-11-30,HST,HST,Real Estate,5,0.015151515151515152
23,2022-11-30,IRM,IRM,Real Estate,5,0.015151515151515152
23,2022-11-30,KIM,KIM,Real Estate,5,0.015151515151515152
23,2022-11-30,O,O,Real Estate,5,0.015151515151515152
23,2022-11-30,PSA,PSA,Real Estate,5,0.015151515151515152
23,2022-11-30,VICI,VICI,Real Estate,5,0.015151515151515152
23,2022-11-30,ATO,ATO,Utilities,5,0.018181818181818184
23,2022-11-30,ED,ED,Utilities,5,0.018181818181818184
23,2022-11-30,NRG,NRG,Utilities,5,0.018181818181818184
23,2022-11-30,PCG,PCG,Utilities,5,0.018181818181818184
23,2022-11-30,SRE,SRE,Utilities,5,0.018181818181818184
24,2022-12-30,ATVI,ATVI,Communication Services,5,0.018181818181818184
24,2022-12-30,EA,EA,Communication Services,5,0.018181818181818184
24,2022-12-30,OMC,OMC,Communication Services,5,0.018181818181818184
24,2022-12-30,T,T,Communication Services,5,0.018181818181818184
24,2022-12-30,TMUS,TMUS,Communication Services,5,0.018181818181818184
24,2022-12-30,AZO,AZO,Consumer Discretionary,5,0.008264462809917356
24,2022-12-30,DG,DG,Consumer Discretionary,5,0.008264462809917356
24,2022-12-30,DLTR,DLTR,Consumer Discretionary,5,0.008264462809917356
24,2022-12-30,DRI,DRI,Consumer Discretionary,5,0.008264462809917356
24,2022-12-30,GPC,GPC,Consumer Discretionary,5,0.008264462809917356
24,2022-12-30,LVS,LVS,Consumer Discretionary,5,0.008264462809917356
24,2022-12-30,MCD,MCD,Consumer Discretionary,5,0.008264462809917356
24,2022-12-30,ORLY,ORLY,Consumer Discretionary,5,0.008264462809917356
24,2022-12-30,ROST,ROST,Consumer Discretionary,5,0.008264462809917356
24,2022-12-30,TJX,TJX,Consumer Discretionary,5,0.008264462809917356
24,2022-12-30,ULTA,ULTA,Consumer Discretionary,5,0.008264462809917356
24,2022-12-30,ADM,ADM,Consumer Staples,5,0.015151515151515152
24,2022-12-30,CPB,CPB,Consumer Staples,5,0.015151515151515152
24,2022-12-30,GIS,GIS,Consumer Staples,5,0.015151515151515152
24,2022-12-30,HSY,HSY,Consumer Staples,5,0.015151515151515152
24,2022-12-30,LW,LW,Consumer Staples,5,0.015151515151515152
24,2022-12-30,TAP,TAP,Consumer Staples,5,0.015151515151515152
24,2022-12-30,EQT,EQT,Energy,5,0.022727272727272728
24,2022-12-30,HES,HES,Energy,5,0.022727272727272728
24,2022-12-30,MPC,MPC,Energy,5,0.022727272727272728
24,2022-12-30,OXY,OXY,Energy,5,0.022727272727272728
24,2022-12-30,ACGL,ACGL,Financials,5,0.006993006993006994
24,2022-12-30,AFL,AFL,Financials,5,0.006993006993006994
24,2022-12-30,AJG,AJG,Financials,5,0.006993006993006994
24,2022-12-30,ALL,ALL,Financials,5,0.006993006993006994
24,2022-12-30,CB,CB,Financials,5,0.006993006993006994
24,2022-12-30,EG,EG,Financials,5,0.006993006993006994
24,2022-12-30,GL,GL,Financials,5,0.006993006993006994
24,2022-12-30,MET,MET,Financials,5,0.006993006993006994
24,2022-12-30,PFG,PFG,Financials,5,0.006993006993006994
24,2022-12-30,PGR,PGR,Financials,5,0.006993006993006994
24,2022-12-30,RJF,RJF,Financials,5,0.006993006993006994
24,2022-12-30,TRV,TRV,Financials,5,0.006993006993006994
24,2022-12-30,WRB,WRB,Financials,5,0.006993006993006994
24,2022-12-30,ABBV,ABBV,Health Care,5,0.007575757575757576
24,2022-12-30,AMGN,AMGN,Health Care,5,0.007575757575757576
24,2022-12-30,BIIB,BIIB,Health Care,5,0.007575757575757576
24,2022-12-30,BMY,BMY,Health Care,5,0.007575757575757576
24,2022-12-30,CAH,CAH,Health Care,5,0.007575757575757576
24,2022-12-30,CI,CI,Health Care,5,0.007575757575757576
24,2022-12-30,COR,COR,Health Care,5,0.007575757575757576
24,2022-12-30,GILD,GILD,Health Care,5,0.007575757575757576
24,2022-12-30,LLY,LLY,Health Care,5,0.007575757575757576
24,2022-12-30,MCK,MCK,Health Care,5,0.007575757575757576
24,2022-12-30,MRK,MRK,Health Care,5,0.007575757575757576
24,2022-12-30,VRTX,VRTX,Health Care,5,0.007575757575757576
24,2022-12-30,CAT,CAT,Industrials,5,0.006493506493506493
24,2022-12-30,CMI,CMI,Industrials,5,0.006493506493506493
24,2022-12-30,DE,DE,Industrials,5,0.006493506493506493
24,2022-12-30,GD,GD,Industrials,5,0.006493506493506493
24,2022-12-30,GWW,GWW,Industrials,5,0.006493506493506493
24,2022-12-30,HII,HII,Industrials,5,0.006493506493506493
24,2022-12-30,HWM,HWM,Industrials,5,0.006493506493506493
24,2022-12-30,LDOS,LDOS,Industrials,5,0.006493506493506493
24,2022-12-30,LMT,LMT,Industrials,5,0.006493506493506493
24,2022-12-30,NOC,NOC,Industrials,5,0.006493506493506493
24,2022-12-30,PCAR,PCAR,Industrials,5,0.006493506493506493
24,2022-12-30,PWR,PWR,Industrials,5,0.006493506493506493
24,2022-12-30,ROL,ROL,Industrials,5,0.006493506493506493
24,2022-12-30,RTX,RTX,Industrials,5,0.006493506493506493
24,2022-12-30,ADI,ADI,Information Technology,5,0.006060606060606061
24,2022-12-30,ADP,ADP,Information Technology,5,0.006060606060606061
24,2022-12-30,ENPH,ENPH,Information Technology,5,0.006060606060606061
24,2022-12-30,FISV,FISV,Information Technology,5,0.006060606060606061
24,2022-12-30,FSLR,FSLR,Information Technology,5,0.006060606060606061
24,2022-12-30,HPE,HPE,Information Technology,5,0.006060606060606061
24,2022-12-30,IBM,IBM,Information Technology,5,0.006060606060606061
24,2022-12-30,IT,IT,Information Technology,5,0.006060606060606061
24,2022-12-30,JKHY,JKHY,Information Technology,5,0.006060606060606061
24,2022-12-30,MA,MA,Information Technology,5,0.006060606060606061
24,2022-12-30,MSI,MSI,Information Technology,5,0.006060606060606061
24,2022-12-30,ON,ON,Information Technology,5,0.006060606060606061
24,2022-12-30,PTC,PTC,Information Technology,5,0.006060606060606061
24,2022-12-30,SEDG,SEDG,Information Technology,5,0.006060606060606061
24,2022-12-30,V,V,Information Technology,5,0.006060606060606061
24,2022-12-30,CF,CF,Materials,5,0.018181818181818184
24,2022-12-30,CTVA,CTVA,Materials,5,0.018181818181818184
24,2022-12-30,MOS,MOS,Materials,5,0.018181818181818184
24,2022-12-30,NUE,NUE,Materials,5,0.018181818181818184
24,2022-12-30,STLD,STLD,Materials,5,0.018181818181818184
24,2022-12-30,HST,HST,Real Estate,5,0.015151515151515152
24,2022-12-30,IRM,IRM,Real Estate,5,0.015151515151515152
24,2022-12-30,KIM,KIM,Real Estate,5,0.015151515151515152
24,2022-12-30,O,O,Real Estate,5,0.015151515151515152
24,2022-12-30,VICI,VICI,Real Estate,5,0.015151515151515152
24,2022-12-30,VTR,VTR,Real Estate,5,0.015151515151515152
24,2022-12-30,AES,AES,Utilities,5,0.018181818181818184
24,2022-12-30,ATO,ATO,Utilities,5,0.018181818181818184
24,2022-12-30,ED,ED,Utilities,5,0.018181818181818184
24,2022-12-30,PCG,PCG,Utilities,5,0.018181818181818184
24,2022-12-30,SRE,SRE,Utilities,5,0.018181818181818184
25,2023-01-31,ATVI,ATVI,Communication Services,5,0.018181818181818184
25,2023-01-31,IPG,IPG,Communication Services,5,0.018181818181818184
25,2023-01-31,OMC,OMC,Communication Services,5,0.018181818181818184
25,2023-01-31,T,T,Communication Services,5,0.018181818181818184
25,2023-01-31,TMUS,TMUS,Communication Services,5,0.018181818181818184
25,2023-01-31,AZO,AZO,Consumer Discretionary,5,0.008264462809917356
25,2023-01-31,DG,DG,Consumer Discretionary,5,0.008264462809917356
25,2023-01-31,DLTR,DLTR,Consumer Discretionary,5,0.008264462809917356
25,2023-01-31,GPC,GPC,Consumer Discretionary,5,0.008264462809917356
25,2023-01-31,LVS,LVS,Consumer Discretionary,5,0.008264462809917356
25,2023-01-31,ORLY,ORLY,Consumer Discretionary,5,0.008264462809917356
25,2023-01-31,ROST,ROST,Consumer Discretionary,5,0.008264462809917356
25,2023-01-31,TJX,TJX,Consumer Discretionary,5,0.008264462809917356
25,2023-01-31,TSCO,TSCO,Consumer Discretionary,5,0.008264462809917356
25,2023-01-31,ULTA,ULTA,Consumer Discretionary,5,0.008264462809917356
25,2023-01-31,YUM,YUM,Consumer Discretionary,5,0.008264462809917356
25,2023-01-31,ADM,ADM,Consumer Staples,5,0.015151515151515152
25,2023-01-31,CPB,CPB,Consumer Staples,5,0.015151515151515152
25,2023-01-31,GIS,GIS,Consumer Staples,5,0.015151515151515152
25,2023-01-31,HSY,HSY,Consumer Staples,5,0.015151515151515152
25,2023-01-31,KHC,KHC,Consumer Staples,5,0.015151515151515152
25,2023-01-31,LW,LW,Consumer Staples,5,0.015151515151515152
25,2023-01-31,EQT,EQT,Energy,5,0.022727272727272728
25,2023-01-31,MPC,MPC,Energy,5,0.022727272727272728
25,2023-01-31,OXY,OXY,Energy,5,0.022727272727272728
25,2023-01-31,VLO,VLO,Energy,5,0.022727272727272728
25,2023-01-31,ACGL,ACGL,Financials,5,0.006993006993006994
25,2023-01-31,AFL,AFL,Financials,5,0.006993006993006994
25,2023-01-31,AIG,AIG,Financials,5,0.006993006993006994
25,2023-01-31,AJG,AJG,Financials,5,0.006993006993006994
25,2023-01-31,ALL,ALL,Financials,5,0.006993006993006994
25,2023-01-31,CB,CB,Financials,5,0.006993006993006994
25,2023-01-31,EG,EG,Financials,5,0.006993006993006994
25,2023-01-31,GL,GL,Financials,5,0.006993006993006994
25,2023-01-31,MET,MET,Financials,5,0.006993006993006994
25,2023-01-31,PFG,PFG,Financials,5,0.006993006993006994
25,2023-01-31,PGR,PGR,Financials,5,0.006993006993006994
25,2023-01-31,TRV,TRV,Financials,5,0.006993006993006994
25,2023-01-31,WRB,WRB,Financials,5,0.006993006993006994
25,2023-01-31,ABBV,ABBV,Health Care,5,0.007575757575757576
25,2023-01-31,AMGN,AMGN,Health Care,5,0.007575757575757576
25,2023-01-31,BIIB,BIIB,Health Care,5,0.007575757575757576
25,2023-01-31,CAH,CAH,Health Care,5,0.007575757575757576
25,2023-01-31,CI,CI,Health Care,5,0.007575757575757576
25,2023-01-31,COR,COR,Health Care,5,0.007575757575757576
25,2023-01-31,GILD,GILD,Health Care,5,0.007575757575757576
25,2023-01-31,HUM,HUM,Health Care,5,0.007575757575757576
25,2023-01-31,LLY,LLY,Health Care,5,0.007575757575757576
25,2023-01-31,MCK,MCK,Health Care,5,0.007575757575757576
25,2023-01-31,MRK,MRK,Health Care,5,0.007575757575757576
25,2023-01-31,VRTX,VRTX,Health Care,5,0.007575757575757576
25,2023-01-31,CAT,CAT,Industrials,5,0.006493506493506493
25,2023-01-31,CTAS,CTAS,Industrials,5,0.006493506493506493
25,2023-01-31,DE,DE,Industrials,5,0.006493506493506493
25,2023-01-31,GD,GD,Industrials,5,0.006493506493506493
25,2023-01-31,GWW,GWW,Industrials,5,0.006493506493506493
25,2023-01-31,HII,HII,Industrials,5,0.006493506493506493
25,2023-01-31,HWM,HWM,Industrials,5,0.006493506493506493
25,2023-01-31,LDOS,LDOS,Industrials,5,0.006493506493506493
25,2023-01-31,LMT,LMT,Industrials,5,0.006493506493506493
25,2023-01-31,NOC,NOC,Industrials,5,0.006493506493506493
25,2023-01-31,PWR,PWR,Industrials,5,0.006493506493506493
25,2023-01-31,ROL,ROL,Industrials,5,0.006493506493506493
25,2023-01-31,RTX,RTX,Industrials,5,0.006493506493506493
25,2023-01-31,WAB,WAB,Industrials,5,0.006493506493506493
25,2023-01-31,ADI,ADI,Information Technology,5,0.006060606060606061
25,2023-01-31,ADP,ADP,Information Technology,5,0.006060606060606061
25,2023-01-31,CDNS,CDNS,Information Technology,5,0.006060606060606061
25,2023-01-31,ENPH,ENPH,Information Technology,5,0.006060606060606061
25,2023-01-31,FSLR,FSLR,Information Technology,5,0.006060606060606061
25,2023-01-31,IBM,IBM,Information Technology,5,0.006060606060606061
25,2023-01-31,IT,IT,Information Technology,5,0.006060606060606061
25,2023-01-31,JKHY,JKHY,Information Technology,5,0.006060606060606061
25,2023-01-31,KEYS,KEYS,Information Technology,5,0.006060606060606061
25,2023-01-31,MSI,MSI,Information Technology,5,0.006060606060606061
25,2023-01-31,ON,ON,Information Technology,5,0.006060606060606061
25,2023-01-31,ORCL,ORCL,Information Technology,5,0.006060606060606061
25,2023-01-31,PTC,PTC,Information Technology,5,0.006060606060606061
25,2023-01-31,SEDG,SEDG,Information Technology,5,0.006060606060606061
25,2023-01-31,SNPS,SNPS,Information Technology,5,0.006060606060606061
25,2023-01-31,CF,CF,Materials,5,0.018181818181818184
25,2023-01-31,CTVA,CTVA,Materials,5,0.018181818181818184
25,2023-01-31,FMC,FMC,Materials,5,0.018181818181818184
25,2023-01-31,NUE,NUE,Materials,5,0.018181818181818184
25,2023-01-31,STLD,STLD,Materials,5,0.018181818181818184
25,2023-01-31,EQIX,EQIX,Real Estate,5,0.015151515151515152
25,2023-01-31,HST,HST,Real Estate,5,0.015151515151515152
25,2023-01-31,IRM,IRM,Real Estate,5,0.015151515151515152
25,2023-01-31,O,O,Real Estate,5,0.015151515151515152
25,2023-01-31,REG,REG,Real Estate,5,0.015151515151515152
25,2023-01-31,VICI,VICI,Real Estate,5,0.015151515151515152
25,2023-01-31,AES,AES,Utilities,5,0.015151515151515152
25,2023-01-31,CEG,CEG,Utilities,5,0.015151515151515152
25,2023-01-31,ED,ED,Utilities,5,0.015151515151515152
25,2023-01-31,PCG,PCG,Utilities,5,0.015151515151515152
25,2023-01-31,PNW,PNW,Utilities,5,0.015151515151515152
25,2023-01-31,SRE,SRE,Utilities,5,0.015151515151515152
26,2023-02-28,EA,EA,Communication Services,5,0.018181818181818184
26,2023-02-28,IPG,IPG,Communication Services,5,0.018181818181818184
26,2023-02-28,OMC,OMC,Communication Services,5,0.018181818181818184
26,2023-02-28,T,T,Communication Services,5,0.018181818181818184
26,2023-02-28,TMUS,TMUS,Communication Services,5,0.018181818181818184
26,2023-02-28,AZO,AZO,Consumer Discretionary,5,0.008264462809917356
26,2023-02-28,DG,DG,Consumer Discretionary,5,0.008264462809917356
26,2023-02-28,GPC,GPC,Consumer Discretionary,5,0.008264462809917356
26,2023-02-28,LKQ,LKQ,Consumer Discretionary,5,0.008264462809917356
26,2023-02-28,LVS,LVS,Consumer Discretionary,5,0.008264462809917356
26,2023-02-28,ORLY,ORLY,Consumer Discretionary,5,0.008264462809917356
26,2023-02-28,ROST,ROST,Consumer Discretionary,5,0.008264462809917356
26,2023-02-28,SBUX,SBUX,Consumer Discretionary,5,0.008264462809917356
26,2023-02-28,TJX,TJX,Consumer Discretionary,5,0.008264462809917356
26,2023-02-28,ULTA,ULTA,Consumer Discretionary,5,0.008264462809917356
26,2023-02-28,WYNN,WYNN,Consumer Discretionary,5,0.008264462809917356
26,2023-02-28,CPB,CPB,Consumer Staples,5,0.015151515151515152
26,2023-02-28,GIS,GIS,Consumer Staples,5,0.015151515151515152
26,2023-02-28,HSY,HSY,Consumer Staples,5,0.015151515151515152
26,2023-02-28,LW,LW,Consumer Staples,5,0.015151515151515152
26,2023-02-28,MNST,MNST,Consumer Staples,5,0.015151515151515152
26,2023-02-28,SJM,SJM,Consumer Staples,5,0.015151515151515152
26,2023-02-28,HES,HES,Energy,5,0.022727272727272728
26,2023-02-28,MPC,MPC,Energy,5,0.022727272727272728
26,2023-02-28,VLO,VLO,Energy,5,0.022727272727272728
26,2023-02-28,XOM,XOM,Energy,5,0.022727272727272728
26,2023-02-28,ACGL,ACGL,Financials,5,0.006993006993006994
26,2023-02-28,AFL,AFL,Financials,5,0.006993006993006994
26,2023-02-28,AJG,AJG,Financials,5,0.006993006993006994
26,2023-02-28,AMP,AMP,Financials,5,0.006993006993006994
26,2023-02-28,EG,EG,Financials,5,0.006993006993006994
26,2023-02-28,GL,GL,Financials,5,0.006993006993006994
26,2023-02-28,HIG,HIG,Financials,5,0.006993006993006994
26,2023-02-28,MRSH,MRSH,Financials,5,0.006993006993006994
26,2023-02-28,PFG,PFG,Financials,5,0.006993006993006994
26,2023-02-28,PGR,PGR,Financials,5,0.006993006993006994
26,2023-02-28,TRV,TRV,Financials,5,0.006993006993006994
26,2023-02-28,WRB,WRB,Financials,5,0.006993006993006994
26,2023-02-28,WTW,WTW,Financials,5,0.006993006993006994
26,2023-02-28,BIIB,BIIB,Health Care,5,0.007575757575757576
26,2023-02-28,CAH,CAH,Health Care,5,0.007575757575757576
26,2023-02-28,CI,CI,Health Care,5,0.007575757575757576
26,2023-02-28,COR,COR,Health Care,5,0.007575757575757576
26,2023-02-28,GILD,GILD,Health Care,5,0.007575757575757576
26,2023-02-28,HUM,HUM,Health Care,5,0.007575757575757576
26,2023-02-28,INCY,INCY,Health Care,5,0.007575757575757576
26,2023-02-28,LLY,LLY,Health Care,5,0.007575757575757576
26,2023-02-28,MCK,MCK,Health Care,5,0.007575757575757576
26,2023-02-28,MRK,MRK,Health Care,5,0.007575757575757576
26,2023-02-28,REGN,REGN,Health Care,5,0.007575757575757576
26,2023-02-28,VRTX,VRTX,Health Care,5,0.007575757575757576
26,2023-02-28,CAT,CAT,Industrials,5,0.006493506493506493
26,2023-02-28,CMI,CMI,Industrials,5,0.006493506493506493
26,2023-02-28,CSGP,CSGP,Industrials,5,0.006493506493506493
26,2023-02-28,CTAS,CTAS,Industrials,5,0.006493506493506493
26,2023-02-28,DE,DE,Industrials,5,0.006493506493506493
26,2023-02-28,GWW,GWW,Industrials,5,0.006493506493506493
26,2023-02-28,HWM,HWM,Industrials,5,0.006493506493506493
26,2023-02-28,IEX,IEX,Industrials,5,0.006493506493506493
26,2023-02-28,PCAR,PCAR,Industrials,5,0.006493506493506493
26,2023-02-28,PWR,PWR,Industrials,5,0.006493506493506493
26,2023-02-28,SNA,SNA,Industrials,5,0.006493506493506493
26,2023-02-28,TT,TT,Industrials,5,0.006493506493506493
26,2023-02-28,URI,URI,Industrials,5,0.006493506493506493
26,2023-02-28,XYL,XYL,Industrials,5,0.006493506493506493
26,2023-02-28,ADP,ADP,Information Technology,5,0.006060606060606061
26,2023-02-28,CDNS,CDNS,Information Technology,5,0.006060606060606061
26,2023-02-28,CDW,CDW,Information Technology,5,0.006060606060606061
26,2023-02-28,ENPH,ENPH,Information Technology,5,0.006060606060606061
26,2023-02-28,EPAM,EPAM,Information Technology,5,0.006060606060606061
26,2023-02-28,FSLR,FSLR,Information Technology,5,0.006060606060606061
26,2023-02-28,IBM,IBM,Information Technology,5,0.006060606060606061
26,2023-02-28,IT,IT,Information Technology,5,0.006060606060606061
26,2023-02-28,KEYS,KEYS,Information Technology,5,0.006060606060606061
26,2023-02-28,KLAC,KLAC,Information Technology,5,0.006060606060606061
26,2023-02-28,MSI,MSI,Information Technology,5,0.006060606060606061
26,2023-02-28,ON,ON,Information Technology,5,0.006060606060606061
26,2023-02-28,ORCL,ORCL,Information Technology,5,0.006060606060606061
26,2023-02-28,PTC,PTC,Information Technology,5,0.006060606060606061
26,2023-02-28,SNPS,SNPS,Information Technology,5,0.006060606060606061
26,2023-02-28,ALB,ALB,Materials,5,0.018181818181818184
26,2023-02-28,APD,APD,Materials,5,0.018181818181818184
26,2023-02-28,CTVA,CTVA,Materials,5,0.018181818181818184
26,2023-02-28,NUE,NUE,Materials,5,0.018181818181818184
26,2023-02-28,STLD,STLD,Materials,5,0.018181818181818184
26,2023-02-28,EQIX,EQIX,Real Estate,5,0.015151515151515152
26,2023-02-28,HST,HST,Real Estate,5,0.015151515151515152
26,2023-02-28,IRM,IRM,Real Estate,5,0.015151515151515152
26,2023-02-28,O,O,Real Estate,5,0.015151515151515152
26,2023-02-28,REG,REG,Real Estate,5,0.015151515151515152
26,2023-02-28,VICI,VICI,Real Estate,5,0.015151515151515152
26,2023-02-28,AES,AES,Utilities,5,0.015151515151515152
26,2023-02-28,CEG,CEG,Utilities,5,0.015151515151515152
26,2023-02-28,ED,ED,Utilities,5,0.015151515151515152
26,2023-02-28,PCG,PCG,Utilities,5,0.015151515151515152
26,2023-02-28,PPL,PPL,Utilities,5,0.015151515151515152
26,2023-02-28,SRE,SRE,Utilities,5,0.015151515151515152
27,2023-03-31,IPG,IPG,Communication Services,5,0.022727272727272728
27,2023-03-31,OMC,OMC,Communication Services,5,0.022727272727272728
27,2023-03-31,T,T,Communication Services,5,0.022727272727272728
27,2023-03-31,TMUS,TMUS,Communication Services,5,0.022727272727272728
27,2023-03-31,BWA,BWA,Consumer Discretionary,5,0.009090909090909092
27,2023-03-31,DHI,DHI,Consumer Discretionary,5,0.009090909090909092
27,2023-03-31,GPC,GPC,Consumer Discretionary,5,0.009090909090909092
27,2023-03-31,LKQ,LKQ,Consumer Discretionary,5,0.009090909090909092
27,2023-03-31,LVS,LVS,Consumer Discretionary,5,0.009090909090909092
27,2023-03-31,PHM,PHM,Consumer Discretionary,5,0.009090909090909092
27,2023-03-31,ROST,ROST,Consumer Discretionary,5,0.009090909090909092
27,2023-03-31,TJX,TJX,Consumer Discretionary,5,0.009090909090909092
27,2023-03-31,ULTA,ULTA,Consumer Discretionary,5,0.009090909090909092
27,2023-03-31,WYNN,WYNN,Consumer Discretionary,5,0.009090909090909092
27,2023-03-31,CAG,CAG,Consumer Staples,5,0.012987012987012986
27,2023-03-31,CLX,CLX,Consumer Staples,5,0.012987012987012986
27,2023-03-31,CPB,CPB,Consumer Staples,5,0.012987012987012986
27,2023-03-31,GIS,GIS,Consumer Staples,5,0.012987012987012986
27,2023-03-31,LW,LW,Consumer Staples,5,0.012987012987012986
27,2023-03-31,MNST,MNST,Consumer Staples,5,0.012987012987012986
27,2023-03-31,SJM,SJM,Consumer Staples,5,0.012987012987012986
27,2023-03-31,MPC,MPC,Energy,5,0.022727272727272728
27,2023-03-31,SLB,SLB,Energy,5,0.022727272727272728
27,2023-03-31,VLO,VLO,Energy,5,0.022727272727272728
27,2023-03-31,XOM,XOM,Energy,5,0.022727272727272728
27,2023-03-31,ACGL,ACGL,Financials,5,0.006493506493506493
27,2023-03-31,AFL,AFL,Financials,5,0.006493506493506493
27,2023-03-31,AMP,AMP,Financials,5,0.006493506493506493
27,2023-03-31,BEN,BEN,Financials,5,0.006493506493506493
27,2023-03-31,CBOE,CBOE,Financials,5,0.006493506493506493
27,2023-03-31,EG,EG,Financials,5,0.006493506493506493
27,2023-03-31,FISV,FISV,Financials,5,0.006493506493506493
27,2023-03-31,GL,GL,Financials,5,0.006493506493506493
27,2023-03-31,GS,GS,Financials,5,0.006493506493506493
27,2023-03-31,HIG,HIG,Financials,5,0.006493506493506493
27,2023-03-31,JPM,JPM,Financials,5,0.006493506493506493
27,2023-03-31,MS,MS,Financials,5,0.006493506493506493
27,2023-03-31,PFG,PFG,Financials,5,0.006493506493506493
27,2023-03-31,PGR,PGR,Financials,5,0.006493506493506493
27,2023-03-31,A,A,Health Care,5,0.007575757575757576
27,2023-03-31,BIIB,BIIB,Health Care,5,0.007575757575757576
27,2023-03-31,CAH,CAH,Health Care,5,0.007575757575757576
27,2023-03-31,CI,CI,Health Care,5,0.007575757575757576
27,2023-03-31,GILD,GILD,Health Care,5,0.007575757575757576
27,2023-03-31,HUM,HUM,Health Care,5,0.007575757575757576
27,2023-03-31,LLY,LLY,Health Care,5,0.007575757575757576
27,2023-03-31,MCK,MCK,Health Care,5,0.007575757575757576
27,2023-03-31,MRK,MRK,Health Care,5,0.007575757575757576
27,2023-03-31,REGN,REGN,Health Care,5,0.007575757575757576
27,2023-03-31,VRTX,VRTX,Health Care,5,0.007575757575757576
27,2023-03-31,VTRS,VTRS,Health Care,5,0.007575757575757576
27,2023-03-31,CMI,CMI,Industrials,5,0.006060606060606061
27,2023-03-31,ETN,ETN,Industrials,5,0.006060606060606061
27,2023-03-31,GE,GE,Industrials,5,0.006060606060606061
27,2023-03-31,GWW,GWW,Industrials,5,0.006060606060606061
27,2023-03-31,HWM,HWM,Industrials,5,0.006060606060606061
27,2023-03-31,IEX,IEX,Industrials,5,0.006060606060606061
27,2023-03-31,IR,IR,Industrials,5,0.006060606060606061
27,2023-03-31,PCAR,PCAR,Industrials,5,0.006060606060606061
27,2023-03-31,PH,PH,Industrials,5,0.006060606060606061
27,2023-03-31,PWR,PWR,Industrials,5,0.006060606060606061
27,2023-03-31,SNA,SNA,Industrials,5,0.006060606060606061
27,2023-03-31,TDG,TDG,Industrials,5,0.006060606060606061
27,2023-03-31,TT,TT,Industrials,5,0.006060606060606061
27,2023-03-31,URI,URI,Industrials,5,0.006060606060606061
27,2023-03-31,XYL,XYL,Industrials,5,0.006060606060606061
27,2023-03-31,ADI,ADI,Information Technology,5,0.007575757575757576
27,2023-03-31,CDNS,CDNS,Information Technology,5,0.007575757575757576
27,2023-03-31,CDW,CDW,Information Technology,5,0.007575757575757576
27,2023-03-31,FICO,FICO,Information Technology,5,0.007575757575757576
27,2023-03-31,FSLR,FSLR,Information Technology,5,0.007575757575757576
27,2023-03-31,IT,IT,Information Technology,5,0.007575757575757576
27,2023-03-31,MCHP,MCHP,Information Technology,5,0.007575757575757576
27,2023-03-31,MSI,MSI,Information Technology,5,0.007575757575757576
27,2023-03-31,ON,ON,Information Technology,5,0.007575757575757576
27,2023-03-31,ORCL,ORCL,Information Technology,5,0.007575757575757576
27,2023-03-31,PTC,PTC,Information Technology,5,0.007575757575757576
27,2023-03-31,SNPS,SNPS,Information Technology,5,0.007575757575757576
27,2023-03-31,ALB,ALB,Materials,5,0.018181818181818184
27,2023-03-31,APD,APD,Materials,5,0.018181818181818184
27,2023-03-31,LIN,LIN,Materials,5,0.018181818181818184
27,2023-03-31,NUE,NUE,Materials,5,0.018181818181818184
27,2023-03-31,STLD,STLD,Materials,5,0.018181818181818184
27,2023-03-31,CBRE,CBRE,Real Estate,5,0.015151515151515152
27,2023-03-31,EQIX,EQIX,Real Estate,5,0.015151515151515152
27,2023-03-31,IRM,IRM,Real Estate,5,0.015151515151515152
27,2023-03-31,O,O,Real Estate,5,0.015151515151515152
27,2023-03-31,SPG,SPG,Real Estate,5,0.015151515151515152
27,2023-03-31,VICI,VICI,Real Estate,5,0.015151515151515152
27,2023-03-31,AES,AES,Utilities,5,0.015151515151515152
27,2023-03-31,CEG,CEG,Utilities,5,0.015151515151515152
27,2023-03-31,ED,ED,Utilities,5,0.015151515151515152
27,2023-03-31,EIX,EIX,Utilities,5,0.015151515151515152
27,2023-03-31,PCG,PCG,Utilities,5,0.015151515151515152
27,2023-03-31,PNW,PNW,Utilities,5,0.015151515151515152
28,2023-04-28,IPG,IPG,Communication Services,5,0.022727272727272728
28,2023-04-28,NFLX,NFLX,Communication Services,5,0.022727272727272728
28,2023-04-28,OMC,OMC,Communication Services,5,0.022727272727272728
28,2023-04-28,TMUS,TMUS,Communication Services,5,0.022727272727272728
28,2023-04-28,BWA,BWA,Consumer Discretionary,5,0.009090909090909092
28,2023-04-28,DHI,DHI,Consumer Discretionary,5,0.009090909090909092
28,2023-04-28,LEN,LEN,Consumer Discretionary,5,0.009090909090909092
28,2023-04-28,LVS,LVS,Consumer Discretionary,5,0.009090909090909092
28,2023-04-28,ORLY,ORLY,Consumer Discretionary,5,0.009090909090909092
28,2023-04-28,PHM,PHM,Consumer Discretionary,5,0.009090909090909092
28,2023-04-28,SBUX,SBUX,Consumer Discretionary,5,0.009090909090909092
28,2023-04-28,TPR,TPR,Consumer Discretionary,5,0.009090909090909092
28,2023-04-28,ULTA,ULTA,Consumer Discretionary,5,0.009090909090909092
28,2023-04-28,WYNN,WYNN,Consumer Discretionary,5,0.009090909090909092
28,2023-04-28,CLX,CLX,Consumer Staples,5,0.012987012987012986
28,2023-04-28,CPB,CPB,Consumer Staples,5,0.012987012987012986
28,2023-04-28,GIS,GIS,Consumer Staples,5,0.012987012987012986
28,2023-04-28,HSY,HSY,Consumer Staples,5,0.012987012987012986
28,2023-04-28,LW,LW,Consumer Staples,5,0.012987012987012986
28,2023-04-28,MNST,MNST,Consumer Staples,5,0.012987012987012986
28,2023-04-28,SJM,SJM,Consumer Staples,5,0.012987012987012986
28,2023-04-28,HES,HES,Energy,5,0.022727272727272728
28,2023-04-28,MPC,MPC,Energy,5,0.022727272727272728
28,2023-04-28,VLO,VLO,Energy,5,0.022727272727272728
28,2023-04-28,XOM,XOM,Energy,5,0.022727272727272728
28,2023-04-28,ACGL,ACGL,Financials,5,0.006493506493506493
28,2023-04-28,AFL,AFL,Financials,5,0.006493506493506493
28,2023-04-28,AJG,AJG,Financials,5,0.006493506493506493
28,2023-04-28,AMP,AMP,Financials,5,0.006493506493506493
28,2023-04-28,BEN,BEN,Financials,5,0.006493506493506493
28,2023-04-28,CBOE,CBOE,Financials,5,0.006493506493506493
28,2023-04-28,EG,EG,Financials,5,0.006493506493506493
28,2023-04-28,FISV,FISV,Financials,5,0.006493506493506493
28,2023-04-28,GL,GL,Financials,5,0.006493506493506493
28,2023-04-28,MKTX,MKTX,Financials,5,0.006493506493506493
28,2023-04-28,MSCI,MSCI,Financials,5,0.006493506493506493
28,2023-04-28,PFG,PFG,Financials,5,0.006493506493506493
28,2023-04-28,PGR,PGR,Financials,5,0.006493506493506493
28,2023-04-28,STT,STT,Financials,5,0.006493506493506493
28,2023-04-28,A,A,Health Care,5,0.007575757575757576
28,2023-04-28,BIIB,BIIB,Health Care,5,0.007575757575757576
28,2023-04-28,BSX,BSX,Health Care,5,0.007575757575757576
28,2023-04-28,CAH,CAH,Health Care,5,0.007575757575757576
28,2023-04-28,GILD,GILD,Health Care,5,0.007575757575757576
28,2023-04-28,HCA,HCA,Health Care,5,0.007575757575757576
28,2023-04-28,LLY,LLY,Health Care,5,0.007575757575757576
28,2023-04-28,MRK,MRK,Health Care,5,0.007575757575757576
28,2023-04-28,MTD,MTD,Health Care,5,0.007575757575757576
28,2023-04-28,PODD,PODD,Health Care,5,0.007575757575757576
28,2023-04-28,REGN,REGN,Health Care,5,0.007575757575757576
28,2023-04-28,SYK,SYK,Health Care,5,0.007575757575757576
28,2023-04-28,BA,BA,Industrials,5,0.006060606060606061
28,2023-04-28,CMI,CMI,Industrials,5,0.006060606060606061
28,2023-04-28,CPRT,CPRT,Industrials,5,0.006060606060606061
28,2023-04-28,DAY,CDAY,Industrials,5,0.006060606060606061
28,2023-04-28,GE,GE,Industrials,5,0.006060606060606061
28,2023-04-28,GWW,GWW,Industrials,5,0.006060606060606061
28,2023-04-28,IR,IR,Industrials,5,0.006060606060606061
28,2023-04-28,ITW,ITW,Industrials,5,0.006060606060606061
28,2023-04-28,PCAR,PCAR,Industrials,5,0.006060606060606061
28,2023-04-28,PH,PH,Industrials,5,0.006060606060606061
28,2023-04-28,PWR,PWR,Industrials,5,0.006060606060606061
28,2023-04-28,TDG,TDG,Industrials,5,0.006060606060606061
28,2023-04-28,TT,TT,Industrials,5,0.006060606060606061
28,2023-04-28,URI,URI,Industrials,5,0.006060606060606061
28,2023-04-28,XYL,XYL,Industrials,5,0.006060606060606061
28,2023-04-28,ADI,ADI,Information Technology,5,0.007575757575757576
28,2023-04-28,ANET,ANET,Information Technology,5,0.007575757575757576
28,2023-04-28,CDNS,CDNS,Information Technology,5,0.007575757575757576
28,2023-04-28,ENPH,ENPH,Information Technology,5,0.007575757575757576
28,2023-04-28,FICO,FICO,Information Technology,5,0.007575757575757576
28,2023-04-28,FSLR,FSLR,Information Technology,5,0.007575757575757576
28,2023-04-28,MCHP,MCHP,Information Technology,5,0.007575757575757576
28,2023-04-28,MPWR,MPWR,Information Technology,5,0.007575757575757576
28,2023-04-28,MSI,MSI,Information Technology,5,0.007575757575757576
28,2023-04-28,NVDA,NVDA,Information Technology,5,0.007575757575757576
28,2023-04-28,ON,ON,Information Technology,5,0.007575757575757576
28,2023-04-28,SNPS,SNPS,Information Technology,5,0.007575757575757576
28,2023-04-28,ALB,ALB,Materials,5,0.018181818181818184
28,2023-04-28,APD,APD,Materials,5,0.018181818181818184
28,2023-04-28,DD,DD,Materials,5,0.018181818181818184
28,2023-04-28,LIN,LIN,Materials,5,0.018181818181818184
28,2023-04-28,STLD,STLD,Materials,5,0.018181818181818184
28,2023-04-28,EQIX,EQIX,Real Estate,5,0.015151515151515152
28,2023-04-28,IRM,IRM,Real Estate,5,0.015151515151515152
28,2023-04-28,O,O,Real Estate,5,0.015151515151515152
28,2023-04-28,REG,REG,Real Estate,5,0.015151515151515152
28,2023-04-28,SPG,SPG,Real Estate,5,0.015151515151515152
28,2023-04-28,VICI,VICI,Real Estate,5,0.015151515151515152
28,2023-04-28,AES,AES,Utilities,5,0.015151515151515152
28,2023-04-28,CEG,CEG,Utilities,5,0.015151515151515152
28,2023-04-28,EIX,EIX,Utilities,5,0.015151515151515152
28,2023-04-28,NEE,NEE,Utilities,5,0.015151515151515152
28,2023-04-28,PCG,PCG,Utilities,5,0.015151515151515152
28,2023-04-28,PNW,PNW,Utilities,5,0.015151515151515152
29,2023-05-31,IPG,IPG,Communication Services,5,0.022727272727272728
29,2023-05-31,META,META,Communication Services,5,0.022727272727272728
29,2023-05-31,NFLX,NFLX,Communication Services,5,0.022727272727272728
29,2023-05-31,OMC,OMC,Communication Services,5,0.022727272727272728
29,2023-05-31,CMG,CMG,Consumer Discretionary,5,0.009090909090909092
29,2023-05-31,DHI,DHI,Consumer Discretionary,5,0.009090909090909092
29,2023-05-31,LEN,LEN,Consumer Discretionary,5,0.009090909090909092
29,2023-05-31,LVS,LVS,Consumer Discretionary,5,0.009090909090909092
29,2023-05-31,NVR,NVR,Consumer Discretionary,5,0.009090909090909092
29,2023-05-31,ORLY,ORLY,Consumer Discretionary,5,0.009090909090909092
29,2023-05-31,PHM,PHM,Consumer Discretionary,5,0.009090909090909092
29,2023-05-31,SBUX,SBUX,Consumer Discretionary,5,0.009090909090909092
29,2023-05-31,ULTA,ULTA,Consumer Discretionary,5,0.009090909090909092
29,2023-05-31,WYNN,WYNN,Consumer Discretionary,5,0.009090909090909092
29,2023-05-31,CAG,CAG,Consumer Staples,5,0.012987012987012986
29,2023-05-31,GIS,GIS,Consumer Staples,5,0.012987012987012986
29,2023-05-31,HSY,HSY,Consumer Staples,5,0.012987012987012986
29,2023-05-31,LW,LW,Consumer Staples,5,0.012987012987012986
29,2023-05-31,MDLZ,MDLZ,Consumer Staples,5,0.012987012987012986
29,2023-05-31,MNST,MNST,Consumer Staples,5,0.012987012987012986
29,2023-05-31,SJM,SJM,Consumer Staples,5,0.012987012987012986
29,2023-05-31,HES,HES,Energy,5,0.022727272727272728
29,2023-05-31,MPC,MPC,Energy,5,0.022727272727272728
29,2023-05-31,SLB,SLB,Energy,5,0.022727272727272728
29,2023-05-31,XOM,XOM,Energy,5,0.022727272727272728
29,2023-05-31,ACGL,ACGL,Financials,5,0.006493506493506493
29,2023-05-31,AFL,AFL,Financials,5,0.006493506493506493
29,2023-05-31,AJG,AJG,Financials,5,0.006493506493506493
29,2023-05-31,AMP,AMP,Financials,5,0.006493506493506493
29,2023-05-31,AON,AON,Financials,5,0.006493506493506493
29,2023-05-31,CBOE,CBOE,Financials,5,0.006493506493506493
29,2023-05-31,EG,EG,Financials,5,0.006493506493506493
29,2023-05-31,FISV,FISV,Financials,5,0.006493506493506493
29,2023-05-31,GL,GL,Financials,5,0.006493506493506493
29,2023-05-31,MKTX,MKTX,Financials,5,0.006493506493506493
29,2023-05-31,MRSH,MRSH,Financials,5,0.006493506493506493
29,2023-05-31,PGR,PGR,Financials,5,0.006493506493506493
29,2023-05-31,V,V,Financials,5,0.006493506493506493
29,2023-05-31,WTW,WTW,Financials,5,0.006493506493506493
29,2023-05-31,BIIB,BIIB,Health Care,5,0.007575757575757576
29,2023-05-31,BSX,BSX,Health Care,5,0.007575757575757576
29,2023-05-31,CAH,CAH,Health Care,5,0.007575757575757576
29,2023-05-31,DXCM,DXCM,Health Care,5,0.007575757575757576
29,2023-05-31,GILD,GILD,Health Care,5,0.007575757575757576
29,2023-05-31,HCA,HCA,Health Care,5,0.007575757575757576
29,2023-05-31,ISRG,ISRG,Health Care,5,0.007575757575757576
29,2023-05-31,LLY,LLY,Health Care,5,0.007575757575757576
29,2023-05-31,MRK,MRK,Health Care,5,0.007575757575757576
29,2023-05-31,PODD,PODD,Health Care,5,0.007575757575757576
29,2023-05-31,SYK,SYK,Health Care,5,0.007575757575757576
29,2023-05-31,VRTX,VRTX,Health Care,5,0.007575757575757576
29,2023-05-31,AXON,AXON,Industrials,5,0.006060606060606061
29,2023-05-31,BA,BA,Industrials,5,0.006060606060606061
29,2023-05-31,CPRT,CPRT,Industrials,5,0.006060606060606061
29,2023-05-31,CSGP,CSGP,Industrials,5,0.006060606060606061
29,2023-05-31,ETN,ETN,Industrials,5,0.006060606060606061
29,2023-05-31,GE,GE,Industrials,5,0.006060606060606061
29,2023-05-31,GWW,GWW,Industrials,5,0.006060606060606061
29,2023-05-31,HWM,HWM,Industrials,5,0.006060606060606061
29,2023-05-31,ODFL,ODFL,Industrials,5,0.006060606060606061
29,2023-05-31,PCAR,PCAR,Industrials,5,0.006060606060606061
29,2023-05-31,PWR,PWR,Industrials,5,0.006060606060606061
29,2023-05-31,ROK,ROK,Industrials,5,0.006060606060606061
29,2023-05-31,TDG,TDG,Industrials,5,0.006060606060606061
29,2023-05-31,TT,TT,Industrials,5,0.006060606060606061
29,2023-05-31,XYL,XYL,Industrials,5,0.006060606060606061
29,2023-05-31,ANET,ANET,Information Technology,5,0.007575757575757576
29,2023-05-31,ANSS,ANSS,Information Technology,5,0.007575757575757576
29,2023-05-31,CDNS,CDNS,Information Technology,5,0.007575757575757576
29,2023-05-31,CRM,CRM,Information Technology,5,0.007575757575757576
29,2023-05-31,FICO,FICO,Information Technology,5,0.007575757575757576
29,2023-05-31,FSLR,FSLR,Information Technology,5,0.007575757575757576
29,2023-05-31,MSI,MSI,Information Technology,5,0.007575757575757576
29,2023-05-31,NVDA,NVDA,Information Technology,5,0.007575757575757576
29,2023-05-31,ON,ON,Information Technology,5,0.007575757575757576
29,2023-05-31,ORCL,ORCL,Information Technology,5,0.007575757575757576
29,2023-05-31,SNPS,SNPS,Information Technology,5,0.007575757575757576
29,2023-05-31,VRSN,VRSN,Information Technology,5,0.007575757575757576
29,2023-05-31,APD,APD,Materials,5,0.018181818181818184
29,2023-05-31,LIN,LIN,Materials,5,0.018181818181818184
29,2023-05-31,NUE,NUE,Materials,5,0.018181818181818184
29,2023-05-31,PPG,PPG,Materials,5,0.018181818181818184
29,2023-05-31,STLD,STLD,Materials,5,0.018181818181818184
29,2023-05-31,EQIX,EQIX,Real Estate,5,0.015151515151515152
29,2023-05-31,IRM,IRM,Real Estate,5,0.015151515151515152
29,2023-05-31,O,O,Real Estate,5,0.015151515151515152
29,2023-05-31,PLD,PLD,Real Estate,5,0.015151515151515152
29,2023-05-31,SPG,SPG,Real Estate,5,0.015151515151515152
29,2023-05-31,VICI,VICI,Real Estate,5,0.015151515151515152
29,2023-05-31,AES,AES,Utilities,5,0.015151515151515152
29,2023-05-31,CEG,CEG,Utilities,5,0.015151515151515152
29,2023-05-31,EIX,EIX,Utilities,5,0.015151515151515152
29,2023-05-31,NEE,NEE,Utilities,5,0.015151515151515152
29,2023-05-31,PCG,PCG,Utilities,5,0.015151515151515152
29,2023-05-31,PNW,PNW,Utilities,5,0.015151515151515152
30,2023-06-30,IPG,IPG,Communication Services,5,0.022727272727272728
30,2023-06-30,META,META,Communication Services,5,0.022727272727272728
30,2023-06-30,NFLX,NFLX,Communication Services,5,0.022727272727272728
30,2023-06-30,OMC,OMC,Communication Services,5,0.022727272727272728
30,2023-06-30,BKNG,BKNG,Consumer Discretionary,5,0.009090909090909092
30,2023-06-30,CMG,CMG,Consumer Discretionary,5,0.009090909090909092
30,2023-06-30,DHI,DHI,Consumer Discretionary,5,0.009090909090909092
30,2023-06-30,DRI,DRI,Consumer Discretionary,5,0.009090909090909092
30,2023-06-30,LEN,LEN,Consumer Discretionary,5,0.009090909090909092
30,2023-06-30,LVS,LVS,Consumer Discretionary,5,0.009090909090909092
30,2023-06-30,PHM,PHM,Consumer Discretionary,5,0.009090909090909092
30,2023-06-30,RCL,RCL,Consumer Discretionary,5,0.009090909090909092
30,2023-06-30,ROST,ROST,Consumer Discretionary,5,0.009090909090909092
30,2023-06-30,WYNN,WYNN,Consumer Discretionary,5,0.009090909090909092
30,2023-06-30,HSY,HSY,Consumer Staples,5,0.012987012987012986
30,2023-06-30,LW,LW,Consumer Staples,5,0.012987012987012986
30,2023-06-30,MDLZ,MDLZ,Consumer Staples,5,0.012987012987012986
30,2023-06-30,MNST,MNST,Consumer Staples,5,0.012987012987012986
30,2023-06-30,SJM,SJM,Consumer Staples,5,0.012987012987012986
30,2023-06-30,TAP,TAP,Consumer Staples,5,0.012987012987012986
30,2023-06-30,WMT,WMT,Consumer Staples,5,0.012987012987012986
30,2023-06-30,HES,HES,Energy,5,0.022727272727272728
30,2023-06-30,MPC,MPC,Energy,5,0.022727272727272728
30,2023-06-30,SLB,SLB,Energy,5,0.022727272727272728
30,2023-06-30,XOM,XOM,Energy,5,0.022727272727272728
30,2023-06-30,ACGL,ACGL,Financials,5,0.006493506493506493
30,2023-06-30,AFL,AFL,Financials,5,0.006493506493506493
30,2023-06-30,AJG,AJG,Financials,5,0.006493506493506493
30,2023-06-30,AMP,AMP,Financials,5,0.006493506493506493
30,2023-06-30,AXP,AXP,Financials,5,0.006493506493506493
30,2023-06-30,BRK.B,BRK.B,Financials,5,0.006493506493506493
30,2023-06-30,CBOE,CBOE,Financials,5,0.006493506493506493
30,2023-06-30,EG,EG,Financials,5,0.006493506493506493
30,2023-06-30,FISV,FISV,Financials,5,0.006493506493506493
30,2023-06-30,JPM,JPM,Financials,5,0.006493506493506493
30,2023-06-30,MA,MA,Financials,5,0.006493506493506493
30,2023-06-30,MCO,MCO,Financials,5,0.006493506493506493
30,2023-06-30,MSCI,MSCI,Financials,5,0.006493506493506493
30,2023-06-30,SYF,SYF,Financials,5,0.006493506493506493
30,2023-06-30,BIIB,BIIB,Health Care,5,0.007575757575757576
30,2023-06-30,BSX,BSX,Health Care,5,0.007575757575757576
30,2023-06-30,CAH,CAH,Health Care,5,0.007575757575757576
30,2023-06-30,DXCM,DXCM,Health Care,5,0.007575757575757576
30,2023-06-30,GILD,GILD,Health Care,5,0.007575757575757576
30,2023-06-30,HCA,HCA,Health Care,5,0.007575757575757576
30,2023-06-30,IDXX,IDXX,Health Care,5,0.007575757575757576
30,2023-06-30,ISRG,ISRG,Health Care,5,0.007575757575757576
30,2023-06-30,LLY,LLY,Health Care,5,0.007575757575757576
30,2023-06-30,PODD,PODD,Health Care,5,0.007575757575757576
30,2023-06-30,SYK,SYK,Health Care,5,0.007575757575757576
30,2023-06-30,UHS,UHS,Health Care,5,0.007575757575757576
30,2023-06-30,AME,AME,Industrials,5,0.006060606060606061
30,2023-06-30,AXON,AXON,Industrials,5,0.006060606060606061
30,2023-06-30,BA,BA,Industrials,5,0.006060606060606061
30,2023-06-30,CPRT,CPRT,Industrials,5,0.006060606060606061
30,2023-06-30,ETN,ETN,Industrials,5,0.006060606060606061
30,2023-06-30,GE,GE,Industrials,5,0.006060606060606061
30,2023-06-30,GWW,GWW,Industrials,5,0.006060606060606061
30,2023-06-30,HWM,HWM,Industrials,5,0.006060606060606061
30,2023-06-30,IR,IR,Industrials,5,0.006060606060606061
30,2023-06-30,PH,PH,Industrials,5,0.006060606060606061
30,2023-06-30,PWR,PWR,Industrials,5,0.006060606060606061
30,2023-06-30,ROK,ROK,Industrials,5,0.006060606060606061
30,2023-06-30,TDG,TDG,Industrials,5,0.006060606060606061
30,2023-06-30,UAL,UAL,Industrials,5,0.006060606060606061
30,2023-06-30,URI,URI,Industrials,5,0.006060606060606061
30,2023-06-30,AMAT,AMAT,Information Technology,5,0.006993006993006994
30,2023-06-30,AMD,AMD,Information Technology,5,0.006993006993006994
30,2023-06-30,ANET,ANET,Information Technology,5,0.006993006993006994
30,2023-06-30,AVGO,AVGO,Information Technology,5,0.006993006993006994
30,2023-06-30,CDNS,CDNS,Information Technology,5,0.006993006993006994
30,2023-06-30,FICO,FICO,Information Technology,5,0.006993006993006994
30,2023-06-30,FSLR,FSLR,Information Technology,5,0.006993006993006994
30,2023-06-30,IT,IT,Information Technology,5,0.006993006993006994
30,2023-06-30,LRCX,LRCX,Information Technology,5,0.006993006993006994
30,2023-06-30,NVDA,NVDA,Information Technology,5,0.006993006993006994
30,2023-06-30,ON,ON,Information Technology,5,0.006993006993006994
30,2023-06-30,ORCL,ORCL,Information Technology,5,0.006993006993006994
30,2023-06-30,SNPS,SNPS,Information Technology,5,0.006993006993006994
30,2023-06-30,LIN,LIN,Materials,5,0.018181818181818184
30,2023-06-30,MLM,MLM,Materials,5,0.018181818181818184
30,2023-06-30,NUE,NUE,Materials,5,0.018181818181818184
30,2023-06-30,STLD,STLD,Materials,5,0.018181818181818184
30,2023-06-30,VMC,VMC,Materials,5,0.018181818181818184
30,2023-06-30,EQIX,EQIX,Real Estate,5,0.015151515151515152
30,2023-06-30,HST,HST,Real Estate,5,0.015151515151515152
30,2023-06-30,IRM,IRM,Real Estate,5,0.015151515151515152
30,2023-06-30,PLD,PLD,Real Estate,5,0.015151515151515152
30,2023-06-30,SPG,SPG,Real Estate,5,0.015151515151515152
30,2023-06-30,VICI,VICI,Real Estate,5,0.015151515151515152
30,2023-06-30,ATO,ATO,Utilities,5,0.015151515151515152
30,2023-06-30,CEG,CEG,Utilities,5,0.015151515151515152
30,2023-06-30,EIX,EIX,Utilities,5,0.015151515151515152
30,2023-06-30,PCG,PCG,Utilities,5,0.015151515151515152
30,2023-06-30,PNW,PNW,Utilities,5,0.015151515151515152
30,2023-06-30,SO,SO,Utilities,5,0.015151515151515152
31,2023-07-31,IPG,IPG,Communication Services,5,0.022727272727272728
31,2023-07-31,META,META,Communication Services,5,0.022727272727272728
31,2023-07-31,NFLX,NFLX,Communication Services,5,0.022727272727272728
31,2023-07-31,OMC,OMC,Communication Services,5,0.022727272727272728
31,2023-07-31,CCL,CCL,Consumer Discretionary,5,0.009090909090909092
31,2023-07-31,DHI,DHI,Consumer Discretionary,5,0.009090909090909092
31,2023-07-31,LEN,LEN,Consumer Discretionary,5,0.009090909090909092
31,2023-07-31,LVS,LVS,Consumer Discretionary,5,0.009090909090909092
31,2023-07-31,NCLH,NCLH,Consumer Discretionary,5,0.009090909090909092
31,2023-07-31,NVR,NVR,Consumer Discretionary,5,0.009090909090909092
31,2023-07-31,PHM,PHM,Consumer Discretionary,5,0.009090909090909092
31,2023-07-31,RCL,RCL,Consumer Discretionary,5,0.009090909090909092
31,2023-07-31,TJX,TJX,Consumer Discretionary,5,0.009090909090909092
31,2023-07-31,WYNN,WYNN,Consumer Discretionary,5,0.009090909090909092
31,2023-07-31,CHD,CHD,Consumer Staples,5,0.012987012987012986
31,2023-07-31,CLX,CLX,Consumer Staples,5,0.012987012987012986
31,2023-07-31,LW,LW,Consumer Staples,5,0.012987012987012986
31,2023-07-31,MDLZ,MDLZ,Consumer Staples,5,0.012987012987012986
31,2023-07-31,MNST,MNST,Consumer Staples,5,0.012987012987012986
31,2023-07-31,SJM,SJM,Consumer Staples,5,0.012987012987012986
31,2023-07-31,WMT,WMT,Consumer Staples,5,0.012987012987012986
31,2023-07-31,BKR,BKR,Energy,5,0.022727272727272728
31,2023-07-31,HES,HES,Energy,5,0.022727272727272728
31,2023-07-31,MPC,MPC,Energy,5,0.022727272727272728
31,2023-07-31,SLB,SLB,Energy,5,0.022727272727272728
31,2023-07-31,ACGL,ACGL,Financials,5,0.006493506493506493
31,2023-07-31,AFL,AFL,Financials,5,0.006493506493506493
31,2023-07-31,AJG,AJG,Financials,5,0.006493506493506493
31,2023-07-31,AMP,AMP,Financials,5,0.006493506493506493
31,2023-07-31,AON,AON,Financials,5,0.006493506493506493
31,2023-07-31,AXP,AXP,Financials,5,0.006493506493506493
31,2023-07-31,DFS,DFS,Financials,5,0.006493506493506493
31,2023-07-31,EG,EG,Financials,5,0.006493506493506493
31,2023-07-31,FISV,FISV,Financials,5,0.006493506493506493
31,2023-07-31,JPM,JPM,Financials,5,0.006493506493506493
31,2023-07-31,MRSH,MRSH,Financials,5,0.006493506493506493
31,2023-07-31,PFG,PFG,Financials,5,0.006493506493506493
31,2023-07-31,PGR,PGR,Financials,5,0.006493506493506493
31,2023-07-31,WTW,WTW,Financials,5,0.006493506493506493
31,2023-07-31,BIIB,BIIB,Health Care,5,0.007575757575757576
31,2023-07-31,CAH,CAH,Health Care,5,0.007575757575757576
31,2023-07-31,COR,COR,Health Care,5,0.007575757575757576
31,2023-07-31,DXCM,DXCM,Health Care,5,0.007575757575757576
31,2023-07-31,GILD,GILD,Health Care,5,0.007575757575757576
31,2023-07-31,HCA,HCA,Health Care,5,0.007575757575757576
31,2023-07-31,ISRG,ISRG,Health Care,5,0.007575757575757576
31,2023-07-31,LLY,LLY,Health Care,5,0.007575757575757576
31,2023-07-31,MRK,MRK,Health Care,5,0.007575757575757576
31,2023-07-31,SYK,SYK,Health Care,5,0.007575757575757576
31,2023-07-31,UHS,UHS,Health Care,5,0.007575757575757576
31,2023-07-31,ZBH,ZBH,Health Care,5,0.007575757575757576
31,2023-07-31,AXON,AXON,Industrials,5,0.006060606060606061
31,2023-07-31,BA,BA,Industrials,5,0.006060606060606061
31,2023-07-31,CPRT,CPRT,Industrials,5,0.006060606060606061
31,2023-07-31,DAL,DAL,Industrials,5,0.006060606060606061
31,2023-07-31,ETN,ETN,Industrials,5,0.006060606060606061
31,2023-07-31,GE,GE,Industrials,5,0.006060606060606061
31,2023-07-31,GWW,GWW,Industrials,5,0.006060606060606061
31,2023-07-31,HWM,HWM,Industrials,5,0.006060606060606061
31,2023-07-31,PCAR,PCAR,Industrials,5,0.006060606060606061
31,2023-07-31,PH,PH,Industrials,5,0.006060606060606061
31,2023-07-31,PNR,PNR,Industrials,5,0.006060606060606061
31,2023-07-31,PWR,PWR,Industrials,5,0.006060606060606061
31,2023-07-31,TDG,TDG,Industrials,5,0.006060606060606061
31,2023-07-31,UAL,UAL,Industrials,5,0.006060606060606061
31,2023-07-31,URI,URI,Industrials,5,0.006060606060606061
31,2023-07-31,AMAT,AMAT,Information Technology,5,0.006993006993006994
31,2023-07-31,ANET,ANET,Information Technology,5,0.006993006993006994
31,2023-07-31,AVGO,AVGO,Information Technology,5,0.006993006993006994
31,2023-07-31,FICO,FICO,Information Technology,5,0.006993006993006994
31,2023-07-31,FSLR,FSLR,Information Technology,5,0.006993006993006994
31,2023-07-31,IT,IT,Information Technology,5,0.006993006993006994
31,2023-07-31,KLAC,KLAC,Information Technology,5,0.006993006993006994
31,2023-07-31,LRCX,LRCX,Information Technology,5,0.006993006993006994
31,2023-07-31,MCHP,MCHP,Information Technology,5,0.006993006993006994
31,2023-07-31,NVDA,NVDA,Information Technology,5,0.006993006993006994
31,2023-07-31,ON,ON,Information Technology,5,0.006993006993006994
31,2023-07-31,ORCL,ORCL,Information Technology,5,0.006993006993006994
31,2023-07-31,PANW,PANW,Information Technology,5,0.006993006993006994
31,2023-07-31,FCX,FCX,Materials,5,0.018181818181818184
31,2023-07-31,LIN,LIN,Materials,5,0.018181818181818184
31,2023-07-31,MLM,MLM,Materials,5,0.018181818181818184
31,2023-07-31,STLD,STLD,Materials,5,0.018181818181818184
31,2023-07-31,VMC,VMC,Materials,5,0.018181818181818184
31,2023-07-31,CSGP,CSGP,Real Estate,5,0.015151515151515152
31,2023-07-31,EQIX,EQIX,Real Estate,5,0.015151515151515152
31,2023-07-31,HST,HST,Real Estate,5,0.015151515151515152
31,2023-07-31,IRM,IRM,Real Estate,5,0.015151515151515152
31,2023-07-31,REG,REG,Real Estate,5,0.015151515151515152
31,2023-07-31,SPG,SPG,Real Estate,5,0.015151515151515152
31,2023-07-31,CEG,CEG,Utilities,5,0.015151515151515152
31,2023-07-31,EIX,EIX,Utilities,5,0.015151515151515152
31,2023-07-31,NRG,NRG,Utilities,5,0.015151515151515152
31,2023-07-31,PCG,PCG,Utilities,5,0.015151515151515152
31,2023-07-31,PEG,PEG,Utilities,5,0.015151515151515152
31,2023-07-31,PNW,PNW,Utilities,5,0.015151515151515152
32,2023-08-31,CMCSA,CMCSA,Communication Services,5,0.022727272727272728
32,2023-08-31,META,META,Communication Services,5,0.022727272727272728
32,2023-08-31,NFLX,NFLX,Communication Services,5,0.022727272727272728
32,2023-08-31,OMC,OMC,Communication Services,5,0.022727272727272728
32,2023-08-31,BKNG,BKNG,Consumer Discretionary,5,0.009090909090909092
32,2023-08-31,CCL,CCL,Consumer Discretionary,5,0.009090909090909092
32,2023-08-31,DHI,DHI,Consumer Discretionary,5,0.009090909090909092
32,2023-08-31,LEN,LEN,Consumer Discretionary,5,0.009090909090909092
32,2023-08-31,LVS,LVS,Consumer Discretionary,5,0.009090909090909092
32,2023-08-31,MGM,MGM,Consumer Discretionary,5,0.009090909090909092
32,2023-08-31,NCLH,NCLH,Consumer Discretionary,5,0.009090909090909092
32,2023-08-31,PHM,PHM,Consumer Discretionary,5,0.009090909090909092
32,2023-08-31,RCL,RCL,Consumer Discretionary,5,0.009090909090909092
32,2023-08-31,WYNN,WYNN,Consumer Discretionary,5,0.009090909090909092
32,2023-08-31,CHD,CHD,Consumer Staples,5,0.012987012987012986
32,2023-08-31,LW,LW,Consumer Staples,5,0.012987012987012986
32,2023-08-31,MDLZ,MDLZ,Consumer Staples,5,0.012987012987012986
32,2023-08-31,MNST,MNST,Consumer Staples,5,0.012987012987012986
32,2023-08-31,PG,PG,Consumer Staples,5,0.012987012987012986
32,2023-08-31,TAP,TAP,Consumer Staples,5,0.012987012987012986
32,2023-08-31,WMT,WMT,Consumer Staples,5,0.012987012987012986
32,2023-08-31,BKR,BKR,Energy,5,0.022727272727272728
32,2023-08-31,HAL,HAL,Energy,5,0.022727272727272728
32,2023-08-31,MPC,MPC,Energy,5,0.022727272727272728
32,2023-08-31,SLB,SLB,Energy,5,0.022727272727272728
32,2023-08-31,ACGL,ACGL,Financials,5,0.006493506493506493
32,2023-08-31,AFL,AFL,Financials,5,0.006493506493506493
32,2023-08-31,AIG,AIG,Financials,5,0.006493506493506493
32,2023-08-31,AJG,AJG,Financials,5,0.006493506493506493
32,2023-08-31,AMP,AMP,Financials,5,0.006493506493506493
32,2023-08-31,BRK.B,BRK.B,Financials,5,0.006493506493506493
32,2023-08-31,CBOE,CBOE,Financials,5,0.006493506493506493
32,2023-08-31,EG,EG,Financials,5,0.006493506493506493
32,2023-08-31,FISV,FISV,Financials,5,0.006493506493506493
32,2023-08-31,JPM,JPM,Financials,5,0.006493506493506493
32,2023-08-31,MA,MA,Financials,5,0.006493506493506493
32,2023-08-31,MCO,MCO,Financials,5,0.006493506493506493
32,2023-08-31,MSCI,MSCI,Financials,5,0.006493506493506493
32,2023-08-31,V,V,Financials,5,0.006493506493506493
32,2023-08-31,ALGN,ALGN,Health Care,5,0.007575757575757576
32,2023-08-31,BIIB,BIIB,Health Care,5,0.007575757575757576
32,2023-08-31,CAH,CAH,Health Care,5,0.007575757575757576
32,2023-08-31,COO,COO,Health Care,5,0.007575757575757576
32,2023-08-31,DXCM,DXCM,Health Care,5,0.007575757575757576
32,2023-08-31,HCA,HCA,Health Care,5,0.007575757575757576
32,2023-08-31,IDXX,IDXX,Health Care,5,0.007575757575757576
32,2023-08-31,ISRG,ISRG,Health Care,5,0.007575757575757576
32,2023-08-31,LLY,LLY,Health Care,5,0.007575757575757576
32,2023-08-31,SYK,SYK,Health Care,5,0.007575757575757576
32,2023-08-31,UHS,UHS,Health Care,5,0.007575757575757576
32,2023-08-31,ZBH,ZBH,Health Care,5,0.007575757575757576
32,2023-08-31,AXON,AXON,Industrials,5,0.006060606060606061
32,2023-08-31,BA,BA,Industrials,5,0.006060606060606061
32,2023-08-31,CARR,CARR,Industrials,5,0.006060606060606061
32,2023-08-31,CAT,CAT,Industrials,5,0.006060606060606061
32,2023-08-31,CPRT,CPRT,Industrials,5,0.006060606060606061
32,2023-08-31,DAL,DAL,Industrials,5,0.006060606060606061
32,2023-08-31,ETN,ETN,Industrials,5,0.006060606060606061
32,2023-08-31,GE,GE,Industrials,5,0.006060606060606061
32,2023-08-31,ODFL,ODFL,Industrials,5,0.006060606060606061
32,2023-08-31,PCAR,PCAR,Industrials,5,0.006060606060606061
32,2023-08-31,PH,PH,Industrials,5,0.006060606060606061
32,2023-08-31,PNR,PNR,Industrials,5,0.006060606060606061
32,2023-08-31,TDG,TDG,Industrials,5,0.006060606060606061
32,2023-08-31,UAL,UAL,Industrials,5,0.006060606060606061
32,2023-08-31,URI,URI,Industrials,5,0.006060606060606061
32,2023-08-31,ADBE,ADBE,Information Technology,5,0.006993006993006994
32,2023-08-31,AMAT,AMAT,Information Technology,5,0.006993006993006994
32,2023-08-31,AVGO,AVGO,Information Technology,5,0.006993006993006994
32,2023-08-31,CRM,CRM,Information Technology,5,0.006993006993006994
32,2023-08-31,FICO,FICO,Information Technology,5,0.006993006993006994
32,2023-08-31,FSLR,FSLR,Information Technology,5,0.006993006993006994
32,2023-08-31,FTNT,FTNT,Information Technology,5,0.006993006993006994
32,2023-08-31,KLAC,KLAC,Information Technology,5,0.006993006993006994
32,2023-08-31,LRCX,LRCX,Information Technology,5,0.006993006993006994
32,2023-08-31,MCHP,MCHP,Information Technology,5,0.006993006993006994
32,2023-08-31,NVDA,NVDA,Information Technology,5,0.006993006993006994
32,2023-08-31,ON,ON,Information Technology,5,0.006993006993006994
32,2023-08-31,ORCL,ORCL,Information Technology,5,0.006993006993006994
32,2023-08-31,DD,DD,Materials,5,0.018181818181818184
32,2023-08-31,FCX,FCX,Materials,5,0.018181818181818184
32,2023-08-31,LIN,LIN,Materials,5,0.018181818181818184
32,2023-08-31,STLD,STLD,Materials,5,0.018181818181818184
32,2023-08-31,VMC,VMC,Materials,5,0.018181818181818184
32,2023-08-31,CSGP,CSGP,Real Estate,5,0.015151515151515152
32,2023-08-31,EQIX,EQIX,Real Estate,5,0.015151515151515152
32,2023-08-31,IRM,IRM,Real Estate,5,0.015151515151515152
32,2023-08-31,REG,REG,Real Estate,5,0.015151515151515152
32,2023-08-31,SPG,SPG,Real Estate,5,0.015151515151515152
32,2023-08-31,WELL,WELL,Real Estate,5,0.015151515151515152
32,2023-08-31,ATO,ATO,Utilities,5,0.015151515151515152
32,2023-08-31,CEG,CEG,Utilities,5,0.015151515151515152
32,2023-08-31,EIX,EIX,Utilities,5,0.015151515151515152
32,2023-08-31,FE,FE,Utilities,5,0.015151515151515152
32,2023-08-31,PCG,PCG,Utilities,5,0.015151515151515152
32,2023-08-31,PNW,PNW,Utilities,5,0.015151515151515152
33,2023-09-29,CHTR,CHTR,Communication Services,5,0.022727272727272728
33,2023-09-29,CMCSA,CMCSA,Communication Services,5,0.022727272727272728
33,2023-09-29,META,META,Communication Services,5,0.022727272727272728
33,2023-09-29,NFLX,NFLX,Communication Services,5,0.022727272727272728
33,2023-09-29,BKNG,BKNG,Consumer Discretionary,5,0.009090909090909092
33,2023-09-29,CCL,CCL,Consumer Discretionary,5,0.009090909090909092
33,2023-09-29,CZR,CZR,Consumer Discretionary,5,0.009090909090909092
33,2023-09-29,DHI,DHI,Consumer Discretionary,5,0.009090909090909092
33,2023-09-29,LEN,LEN,Consumer Discretionary,5,0.009090909090909092
33,2023-09-29,NVR,NVR,Consumer Discretionary,5,0.009090909090909092
33,2023-09-29,PHM,PHM,Consumer Discretionary,5,0.009090909090909092
33,2023-09-29,RCL,RCL,Consumer Discretionary,5,0.009090909090909092
33,2023-09-29,TJX,TJX,Consumer Discretionary,5,0.009090909090909092
33,2023-09-29,WYNN,WYNN,Consumer Discretionary,5,0.009090909090909092
33,2023-09-29,BG,BG,Consumer Staples,5,0.012987012987012986
33,2023-09-29,CHD,CHD,Consumer Staples,5,0.012987012987012986
33,2023-09-29,LW,LW,Consumer Staples,5,0.012987012987012986
33,2023-09-29,MDLZ,MDLZ,Consumer Staples,5,0.012987012987012986
33,2023-09-29,MNST,MNST,Consumer Staples,5,0.012987012987012986
33,2023-09-29,TAP,TAP,Consumer Staples,5,0.012987012987012986
33,2023-09-29,WMT,WMT,Consumer Staples,5,0.012987012987012986
33,2023-09-29,BKR,BKR,Energy,5,0.022727272727272728
33,2023-09-29,HAL,HAL,Energy,5,0.022727272727272728
33,2023-09-29,MPC,MPC,Energy,5,0.022727272727272728
33,2023-09-29,SLB,SLB,Energy,5,0.022727272727272728
33,2023-09-29,ACGL,ACGL,Financials,5,0.006493506493506493
33,2023-09-29,AFL,AFL,Financials,5,0.006493506493506493
33,2023-09-29,AJG,AJG,Financials,5,0.006493506493506493
33,2023-09-29,AMP,AMP,Financials,5,0.006493506493506493
33,2023-09-29,BRK.B,BRK.B,Financials,5,0.006493506493506493
33,2023-09-29,BX,BX,Financials,5,0.006493506493506493
33,2023-09-29,CPAY,CPAY,Financials,5,0.006493506493506493
33,2023-09-29,EG,EG,Financials,5,0.006493506493506493
33,2023-09-29,ICE,ICE,Financials,5,0.006493506493506493
33,2023-09-29,JPM,JPM,Financials,5,0.006493506493506493
33,2023-09-29,MA,MA,Financials,5,0.006493506493506493
33,2023-09-29,MCO,MCO,Financials,5,0.006493506493506493
33,2023-09-29,MRSH,MRSH,Financials,5,0.006493506493506493
33,2023-09-29,V,V,Financials,5,0.006493506493506493
33,2023-09-29,ALGN,ALGN,Health Care,5,0.007575757575757576
33,2023-09-29,BSX,BSX,Health Care,5,0.007575757575757576
33,2023-09-29,CAH,CAH,Health Care,5,0.007575757575757576
33,2023-09-29,COO,COO,Health Care,5,0.007575757575757576
33,2023-09-29,HCA,HCA,Health Care,5,0.007575757575757576
33,2023-09-29,IDXX,IDXX,Health Care,5,0.007575757575757576
33,2023-09-29,ISRG,ISRG,Health Care,5,0.007575757575757576
33,2023-09-29,LLY,LLY,Health Care,5,0.007575757575757576
33,2023-09-29,STE,STE,Health Care,5,0.007575757575757576
33,2023-09-29,SYK,SYK,Health Care,5,0.007575757575757576
33,2023-09-29,UHS,UHS,Health Care,5,0.007575757575757576
33,2023-09-29,WST,WST,Health Care,5,0.007575757575757576
33,2023-09-29,AXON,AXON,Industrials,5,0.006060606060606061
33,2023-09-29,BA,BA,Industrials,5,0.006060606060606061
33,2023-09-29,CARR,CARR,Industrials,5,0.006060606060606061
33,2023-09-29,CAT,CAT,Industrials,5,0.006060606060606061
33,2023-09-29,CPRT,CPRT,Industrials,5,0.006060606060606061
33,2023-09-29,ETN,ETN,Industrials,5,0.006060606060606061
33,2023-09-29,FDX,FDX,Industrials,5,0.006060606060606061
33,2023-09-29,GE,GE,Industrials,5,0.006060606060606061
33,2023-09-29,IR,IR,Industrials,5,0.006060606060606061
33,2023-09-29,ODFL,ODFL,Industrials,5,0.006060606060606061
33,2023-09-29,PH,PH,Industrials,5,0.006060606060606061
33,2023-09-29,PNR,PNR,Industrials,5,0.006060606060606061
33,2023-09-29,PWR,PWR,Industrials,5,0.006060606060606061
33,2023-09-29,TDG,TDG,Industrials,5,0.006060606060606061
33,2023-09-29,URI,URI,Industrials,5,0.006060606060606061
33,2023-09-29,ADBE,ADBE,Information Technology,5,0.006993006993006994
33,2023-09-29,AMAT,AMAT,Information Technology,5,0.006993006993006994
33,2023-09-29,AMD,AMD,Information Technology,5,0.006993006993006994
33,2023-09-29,ANET,ANET,Information Technology,5,0.006993006993006994
33,2023-09-29,AVGO,AVGO,Information Technology,5,0.006993006993006994
33,2023-09-29,CRM,CRM,Information Technology,5,0.006993006993006994
33,2023-09-29,FICO,FICO,Information Technology,5,0.006993006993006994
33,2023-09-29,KLAC,KLAC,Information Technology,5,0.006993006993006994
33,2023-09-29,LRCX,LRCX,Information Technology,5,0.006993006993006994
33,2023-09-29,NOW,NOW,Information Technology,5,0.006993006993006994
33,2023-09-29,NVDA,NVDA,Information Technology,5,0.006993006993006994
33,2023-09-29,ON,ON,Information Technology,5,0.006993006993006994
33,2023-09-29,ORCL,ORCL,Information Technology,5,0.006993006993006994
33,2023-09-29,DD,DD,Materials,5,0.018181818181818184
33,2023-09-29,FCX,FCX,Materials,5,0.018181818181818184
33,2023-09-29,LIN,LIN,Materials,5,0.018181818181818184
33,2023-09-29,NUE,NUE,Materials,5,0.018181818181818184
33,2023-09-29,STLD,STLD,Materials,5,0.018181818181818184
33,2023-09-29,CBRE,CBRE,Real Estate,5,0.015151515151515152
33,2023-09-29,DLR,DLR,Real Estate,5,0.015151515151515152
33,2023-09-29,EQIX,EQIX,Real Estate,5,0.015151515151515152
33,2023-09-29,IRM,IRM,Real Estate,5,0.015151515151515152
33,2023-09-29,SPG,SPG,Real Estate,5,0.015151515151515152
33,2023-09-29,WELL,WELL,Real Estate,5,0.015151515151515152
33,2023-09-29,ATO,ATO,Utilities,5,0.015151515151515152
33,2023-09-29,CEG,CEG,Utilities,5,0.015151515151515152
33,2023-09-29,EIX,EIX,Utilities,5,0.015151515151515152
33,2023-09-29,PCG,PCG,Utilities,5,0.015151515151515152
33,2023-09-29,PEG,PEG,Utilities,5,0.015151515151515152
33,2023-09-29,PNW,PNW,Utilities,5,0.015151515151515152
34,2023-10-31,CMCSA,CMCSA,Communication Services,5,0.022727272727272728
34,2023-10-31,GOOG,GOOG,Communication Services,5,0.022727272727272728
34,2023-10-31,GOOGL,GOOGL,Communication Services,5,0.022727272727272728
34,2023-10-31,META,META,Communication Services,5,0.022727272727272728
34,2023-10-31,ABNB,ABNB,Consumer Discretionary,5,0.009090909090909092
34,2023-10-31,BKNG,BKNG,Consumer Discretionary,5,0.009090909090909092
34,2023-10-31,CCL,CCL,Consumer Discretionary,5,0.009090909090909092
34,2023-10-31,DHI,DHI,Consumer Discretionary,5,0.009090909090909092
34,2023-10-31,LEN,LEN,Consumer Discretionary,5,0.009090909090909092
34,2023-10-31,NVR,NVR,Consumer Discretionary,5,0.009090909090909092
34,2023-10-31,PHM,PHM,Consumer Discretionary,5,0.009090909090909092
34,2023-10-31,RCL,RCL,Consumer Discretionary,5,0.009090909090909092
34,2023-10-31,RL,RL,Consumer Discretionary,5,0.009090909090909092
34,2023-10-31,WYNN,WYNN,Consumer Discretionary,5,0.009090909090909092
34,2023-10-31,BG,BG,Consumer Staples,5,0.012987012987012986
34,2023-10-31,CHD,CHD,Consumer Staples,5,0.012987012987012986
34,2023-10-31,COST,COST,Consumer Staples,5,0.012987012987012986
34,2023-10-31,MDLZ,MDLZ,Consumer Staples,5,0.012987012987012986
34,2023-10-31,MNST,MNST,Consumer Staples,5,0.012987012987012986
34,2023-10-31,TAP,TAP,Consumer Staples,5,0.012987012987012986
34,2023-10-31,WMT,WMT,Consumer Staples,5,0.012987012987012986
34,2023-10-31,BKR,BKR,Energy,5,0.022727272727272728
34,2023-10-31,MPC,MPC,Energy,5,0.022727272727272728
34,2023-10-31,PSX,PSX,Energy,5,0.022727272727272728
34,2023-10-31,TRGP,TRGP,Energy,5,0.022727272727272728
34,2023-10-31,ACGL,ACGL,Financials,5,0.006493506493506493
34,2023-10-31,AFL,AFL,Financials,5,0.006493506493506493
34,2023-10-31,AJG,AJG,Financials,5,0.006493506493506493
34,2023-10-31,BRK.B,BRK.B,Financials,5,0.006493506493506493
34,2023-10-31,BRO,BRO,Financials,5,0.006493506493506493
34,2023-10-31,BX,BX,Financials,5,0.006493506493506493
34,2023-10-31,CBOE,CBOE,Financials,5,0.006493506493506493
34,2023-10-31,CME,CME,Financials,5,0.006493506493506493
34,2023-10-31,CPAY,CPAY,Financials,5,0.006493506493506493
34,2023-10-31,EG,EG,Financials,5,0.006493506493506493
34,2023-10-31,JPM,JPM,Financials,5,0.006493506493506493
34,2023-10-31,MA,MA,Financials,5,0.006493506493506493
34,2023-10-31,MCO,MCO,Financials,5,0.006493506493506493
34,2023-10-31,MRSH,MRSH,Financials,5,0.006493506493506493
34,2023-10-31,ALGN,ALGN,Health Care,5,0.007575757575757576
34,2023-10-31,BSX,BSX,Health Care,5,0.007575757575757576
34,2023-10-31,CAH,CAH,Health Care,5,0.007575757575757576
34,2023-10-31,COO,COO,Health Care,5,0.007575757575757576
34,2023-10-31,DVA,DVA,Health Care,5,0.007575757575757576
34,2023-10-31,IDXX,IDXX,Health Care,5,0.007575757575757576
34,2023-10-31,ISRG,ISRG,Health Care,5,0.007575757575757576
34,2023-10-31,LLY,LLY,Health Care,5,0.007575757575757576
34,2023-10-31,STE,STE,Health Care,5,0.007575757575757576
34,2023-10-31,SYK,SYK,Health Care,5,0.007575757575757576
34,2023-10-31,WST,WST,Health Care,5,0.007575757575757576
34,2023-10-31,ZTS,ZTS,Health Care,5,0.007575757575757576
34,2023-10-31,AXON,AXON,Industrials,5,0.006060606060606061
34,2023-10-31,BA,BA,Industrials,5,0.006060606060606061
34,2023-10-31,CARR,CARR,Industrials,5,0.006060606060606061
34,2023-10-31,CPRT,CPRT,Industrials,5,0.006060606060606061
34,2023-10-31,ETN,ETN,Industrials,5,0.006060606060606061
34,2023-10-31,FDX,FDX,Industrials,5,0.006060606060606061
34,2023-10-31,GE,GE,Industrials,5,0.006060606060606061
34,2023-10-31,HUBB,HUBB,Industrials,5,0.006060606060606061
34,2023-10-31,ODFL,ODFL,Industrials,5,0.006060606060606061
34,2023-10-31,PCAR,PCAR,Industrials,5,0.006060606060606061
34,2023-10-31,PH,PH,Industrials,5,0.006060606060606061
34,2023-10-31,PNR,PNR,Industrials,5,0.006060606060606061
34,2023-10-31,PWR,PWR,Industrials,5,0.006060606060606061
34,2023-10-31,TDG,TDG,Industrials,5,0.006060606060606061
34,2023-10-31,URI,URI,Industrials,5,0.006060606060606061
34,2023-10-31,ADBE,ADBE,Information Technology,5,0.007575757575757576
34,2023-10-31,AMAT,AMAT,Information Technology,5,0.007575757575757576
34,2023-10-31,AMD,AMD,Information Technology,5,0.007575757575757576
34,2023-10-31,ANET,ANET,Information Technology,5,0.007575757575757576
34,2023-10-31,AVGO,AVGO,Information Technology,5,0.007575757575757576
34,2023-10-31,CDNS,CDNS,Information Technology,5,0.007575757575757576
34,2023-10-31,FICO,FICO,Information Technology,5,0.007575757575757576
34,2023-10-31,KLAC,KLAC,Information Technology,5,0.007575757575757576
34,2023-10-31,LRCX,LRCX,Information Technology,5,0.007575757575757576
34,2023-10-31,NVDA,NVDA,Information Technology,5,0.007575757575757576
34,2023-10-31,ON,ON,Information Technology,5,0.007575757575757576
34,2023-10-31,SNPS,SNPS,Information Technology,5,0.007575757575757576
34,2023-10-31,CE,CE,Materials,5,0.018181818181818184
34,2023-10-31,DD,DD,Materials,5,0.018181818181818184
34,2023-10-31,LIN,LIN,Materials,5,0.018181818181818184
34,2023-10-31,LYB,LYB,Materials,5,0.018181818181818184
34,2023-10-31,PKG,PKG,Materials,5,0.018181818181818184
34,2023-10-31,DLR,DLR,Real Estate,5,0.015151515151515152
34,2023-10-31,EQIX,EQIX,Real Estate,5,0.015151515151515152
34,2023-10-31,IRM,IRM,Real Estate,5,0.015151515151515152
34,2023-10-31,SPG,SPG,Real Estate,5,0.015151515151515152
34,2023-10-31,VTR,VTR,Real Estate,5,0.015151515151515152
34,2023-10-31,WELL,WELL,Real Estate,5,0.015151515151515152
34,2023-10-31,CEG,CEG,Utilities,5,0.015151515151515152
34,2023-10-31,EIX,EIX,Utilities,5,0.015151515151515152
34,2023-10-31,PCG,PCG,Utilities,5,0.015151515151515152
34,2023-10-31,PEG,PEG,Utilities,5,0.015151515151515152
34,2023-10-31,PNW,PNW,Utilities,5,0.015151515151515152
34,2023-10-31,SO,SO,Utilities,5,0.015151515151515152
35,2023-11-30,GOOG,GOOG,Communication Services,5,0.022727272727272728
35,2023-11-30,META,META,Communication Services,5,0.022727272727272728
35,2023-11-30,NFLX,NFLX,Communication Services,5,0.022727272727272728
35,2023-11-30,TTWO,TTWO,Communication Services,5,0.022727272727272728
35,2023-11-30,ABNB,ABNB,Consumer Discretionary,5,0.009090909090909092
35,2023-11-30,AMZN,AMZN,Consumer Discretionary,5,0.009090909090909092
35,2023-11-30,BKNG,BKNG,Consumer Discretionary,5,0.009090909090909092
35,2023-11-30,CCL,CCL,Consumer Discretionary,5,0.009090909090909092
35,2023-11-30,CMG,CMG,Consumer Discretionary,5,0.009090909090909092
35,2023-11-30,DHI,DHI,Consumer Discretionary,5,0.009090909090909092
35,2023-11-30,LEN,LEN,Consumer Discretionary,5,0.009090909090909092
35,2023-11-30,NVR,NVR,Consumer Discretionary,5,0.009090909090909092
35,2023-11-30,PHM,PHM,Consumer Discretionary,5,0.009090909090909092
35,2023-11-30,RCL,RCL,Consumer Discretionary,5,0.009090909090909092
35,2023-11-30,BG,BG,Consumer Staples,5,0.012987012987012986
35,2023-11-30,CHD,CHD,Consumer Staples,5,0.012987012987012986
35,2023-11-30,COST,COST,Consumer Staples,5,0.012987012987012986
35,2023-11-30,LW,LW,Consumer Staples,5,0.012987012987012986
35,2023-11-30,PG,PG,Consumer Staples,5,0.012987012987012986
35,2023-11-30,TAP,TAP,Consumer Staples,5,0.012987012987012986
35,2023-11-30,WMT,WMT,Consumer Staples,5,0.012987012987012986
35,2023-11-30,BKR,BKR,Energy,5,0.022727272727272728
35,2023-11-30,FANG,FANG,Energy,5,0.022727272727272728
35,2023-11-30,MPC,MPC,Energy,5,0.022727272727272728
35,2023-11-30,TRGP,TRGP,Energy,5,0.022727272727272728
35,2023-11-30,ACGL,ACGL,Financials,5,0.006493506493506493
35,2023-11-30,AFL,AFL,Financials,5,0.006493506493506493
35,2023-11-30,AIZ,AIZ,Financials,5,0.006493506493506493
35,2023-11-30,AJG,AJG,Financials,5,0.006493506493506493
35,2023-11-30,BRO,BRO,Financials,5,0.006493506493506493
35,2023-11-30,CBOE,CBOE,Financials,5,0.006493506493506493
35,2023-11-30,CME,CME,Financials,5,0.006493506493506493
35,2023-11-30,CPAY,CPAY,Financials,5,0.006493506493506493
35,2023-11-30,EG,EG,Financials,5,0.006493506493506493
35,2023-11-30,FISV,FISV,Financials,5,0.006493506493506493
35,2023-11-30,L,L,Financials,5,0.006493506493506493
35,2023-11-30,MRSH,MRSH,Financials,5,0.006493506493506493
35,2023-11-30,PGR,PGR,Financials,5,0.006493506493506493
35,2023-11-30,V,V,Financials,5,0.006493506493506493
35,2023-11-30,BDX,BDX,Health Care,5,0.007575757575757576
35,2023-11-30,BSX,BSX,Health Care,5,0.007575757575757576
35,2023-11-30,CAH,CAH,Health Care,5,0.007575757575757576
35,2023-11-30,COR,COR,Health Care,5,0.007575757575757576
35,2023-11-30,DVA,DVA,Health Care,5,0.007575757575757576
35,2023-11-30,LLY,LLY,Health Care,5,0.007575757575757576
35,2023-11-30,MCK,MCK,Health Care,5,0.007575757575757576
35,2023-11-30,REGN,REGN,Health Care,5,0.007575757575757576
35,2023-11-30,STE,STE,Health Care,5,0.007575757575757576
35,2023-11-30,SYK,SYK,Health Care,5,0.007575757575757576
35,2023-11-30,VRTX,VRTX,Health Care,5,0.007575757575757576
35,2023-11-30,WST,WST,Health Care,5,0.007575757575757576
35,2023-11-30,AOS,AOS,Industrials,5,0.006060606060606061
35,2023-11-30,BR,BR,Industrials,5,0.006060606060606061
35,2023-11-30,CPRT,CPRT,Industrials,5,0.006060606060606061
35,2023-11-30,ETN,ETN,Industrials,5,0.006060606060606061
35,2023-11-30,FDX,FDX,Industrials,5,0.006060606060606061
35,2023-11-30,GE,GE,Industrials,5,0.006060606060606061
35,2023-11-30,GWW,GWW,Industrials,5,0.006060606060606061
35,2023-11-30,HWM,HWM,Industrials,5,0.006060606060606061
35,2023-11-30,ODFL,ODFL,Industrials,5,0.006060606060606061
35,2023-11-30,PCAR,PCAR,Industrials,5,0.006060606060606061
35,2023-11-30,PH,PH,Industrials,5,0.006060606060606061
35,2023-11-30,PNR,PNR,Industrials,5,0.006060606060606061
35,2023-11-30,TDG,TDG,Industrials,5,0.006060606060606061
35,2023-11-30,URI,URI,Industrials,5,0.006060606060606061
35,2023-11-30,VRSK,VRSK,Industrials,5,0.006060606060606061
35,2023-11-30,ADBE,ADBE,Information Technology,5,0.007575757575757576
35,2023-11-30,AMD,AMD,Information Technology,5,0.007575757575757576
35,2023-11-30,ANET,ANET,Information Technology,5,0.007575757575757576
35,2023-11-30,AVGO,AVGO,Information Technology,5,0.007575757575757576
35,2023-11-30,CDNS,CDNS,Information Technology,5,0.007575757575757576
35,2023-11-30,FICO,FICO,Information Technology,5,0.007575757575757576
35,2023-11-30,MSFT,MSFT,Information Technology,5,0.007575757575757576
35,2023-11-30,NOW,NOW,Information Technology,5,0.007575757575757576
35,2023-11-30,NVDA,NVDA,Information Technology,5,0.007575757575757576
35,2023-11-30,PANW,PANW,Information Technology,5,0.007575757575757576
35,2023-11-30,SNPS,SNPS,Information Technology,5,0.007575757575757576
35,2023-11-30,STX,STX,Information Technology,5,0.007575757575757576
35,2023-11-30,ECL,ECL,Materials,5,0.018181818181818184
35,2023-11-30,LIN,LIN,Materials,5,0.018181818181818184
35,2023-11-30,LYB,LYB,Materials,5,0.018181818181818184
35,2023-11-30,MLM,MLM,Materials,5,0.018181818181818184
35,2023-11-30,PKG,PKG,Materials,5,0.018181818181818184
35,2023-11-30,AVB,AVB,Real Estate,5,0.015151515151515152
35,2023-11-30,DLR,DLR,Real Estate,5,0.015151515151515152
35,2023-11-30,EQIX,EQIX,Real Estate,5,0.015151515151515152
35,2023-11-30,ESS,ESS,Real Estate,5,0.015151515151515152
35,2023-11-30,IRM,IRM,Real Estate,5,0.015151515151515152
35,2023-11-30,WELL,WELL,Real Estate,5,0.015151515151515152
35,2023-11-30,CEG,CEG,Utilities,5,0.015151515151515152
35,2023-11-30,NRG,NRG,Utilities,5,0.015151515151515152
35,2023-11-30,PCG,PCG,Utilities,5,0.015151515151515152
35,2023-11-30,PEG,PEG,Utilities,5,0.015151515151515152
35,2023-11-30,PNW,PNW,Utilities,5,0.015151515151515152
35,2023-11-30,SO,SO,Utilities,5,0.015151515151515152
36,2023-12-29,GOOG,GOOG,Communication Services,5,0.022727272727272728
36,2023-12-29,META,META,Communication Services,5,0.022727272727272728
36,2023-12-29,NFLX,NFLX,Communication Services,5,0.022727272727272728
36,2023-12-29,TTWO,TTWO,Communication Services,5,0.022727272727272728
36,2023-12-29,ABNB,ABNB,Consumer Discretionary,5,0.009090909090909092
36,2023-12-29,AMZN,AMZN,Consumer Discretionary,5,0.009090909090909092
36,2023-12-29,BKNG,BKNG,Consumer Discretionary,5,0.009090909090909092
36,2023-12-29,CCL,CCL,Consumer Discretionary,5,0.009090909090909092
36,2023-12-29,CMG,CMG,Consumer Discretionary,5,0.009090909090909092
36,2023-12-29,DHI,DHI,Consumer Discretionary,5,0.009090909090909092
36,2023-12-29,EXPE,EXPE,Consumer Discretionary,5,0.009090909090909092
36,2023-12-29,PHM,PHM,Consumer Discretionary,5,0.009090909090909092
36,2023-12-29,RCL,RCL,Consumer Discretionary,5,0.009090909090909092
36,2023-12-29,TSLA,TSLA,Consumer Discretionary,5,0.009090909090909092
36,2023-12-29,BG,BG,Consumer Staples,5,0.012987012987012986
36,2023-12-29,CHD,CHD,Consumer Staples,5,0.012987012987012986
36,2023-12-29,COST,COST,Consumer Staples,5,0.012987012987012986
36,2023-12-29,LW,LW,Consumer Staples,5,0.012987012987012986
36,2023-12-29,MNST,MNST,Consumer Staples,5,0.012987012987012986
36,2023-12-29,TAP,TAP,Consumer Staples,5,0.012987012987012986
36,2023-12-29,WMT,WMT,Consumer Staples,5,0.012987012987012986
36,2023-12-29,EQT,EQT,Energy,5,0.022727272727272728
36,2023-12-29,MPC,MPC,Energy,5,0.022727272727272728
36,2023-12-29,PSX,PSX,Energy,5,0.022727272727272728
36,2023-12-29,TRGP,TRGP,Energy,5,0.022727272727272728
36,2023-12-29,ACGL,ACGL,Financials,5,0.006493506493506493
36,2023-12-29,AIZ,AIZ,Financials,5,0.006493506493506493
36,2023-12-29,AJG,AJG,Financials,5,0.006493506493506493
36,2023-12-29,BRO,BRO,Financials,5,0.006493506493506493
36,2023-12-29,BX,BX,Financials,5,0.006493506493506493
36,2023-12-29,CBOE,CBOE,Financials,5,0.006493506493506493
36,2023-12-29,CME,CME,Financials,5,0.006493506493506493
36,2023-12-29,CPAY,CPAY,Financials,5,0.006493506493506493
36,2023-12-29,EG,EG,Financials,5,0.006493506493506493
36,2023-12-29,FISV,FISV,Financials,5,0.006493506493506493
36,2023-12-29,MCO,MCO,Financials,5,0.006493506493506493
36,2023-12-29,PGR,PGR,Financials,5,0.006493506493506493
36,2023-12-29,SPGI,SPGI,Financials,5,0.006493506493506493
36,2023-12-29,V,V,Financials,5,0.006493506493506493
36,2023-12-29,BSX,BSX,Health Care,5,0.007575757575757576
36,2023-12-29,CAH,CAH,Health Care,5,0.007575757575757576
36,2023-12-29,COR,COR,Health Care,5,0.007575757575757576
36,2023-12-29,DVA,DVA,Health Care,5,0.007575757575757576
36,2023-12-29,GEHC,GEHC,Health Care,5,0.007575757575757576
36,2023-12-29,ISRG,ISRG,Health Care,5,0.007575757575757576
36,2023-12-29,LLY,LLY,Health Care,5,0.007575757575757576
36,2023-12-29,MCK,MCK,Health Care,5,0.007575757575757576
36,2023-12-29,SYK,SYK,Health Care,5,0.007575757575757576
36,2023-12-29,VRTX,VRTX,Health Care,5,0.007575757575757576
36,2023-12-29,WST,WST,Health Care,5,0.007575757575757576
36,2023-12-29,ZTS,ZTS,Health Care,5,0.007575757575757576
36,2023-12-29,AXON,AXON,Industrials,5,0.006060606060606061
36,2023-12-29,BLDR,BLDR,Industrials,5,0.006060606060606061
36,2023-12-29,BR,BR,Industrials,5,0.006060606060606061
36,2023-12-29,CPRT,CPRT,Industrials,5,0.006060606060606061
36,2023-12-29,ETN,ETN,Industrials,5,0.006060606060606061
36,2023-12-29,FDX,FDX,Industrials,5,0.006060606060606061
36,2023-12-29,GE,GE,Industrials,5,0.006060606060606061
36,2023-12-29,GWW,GWW,Industrials,5,0.006060606060606061
36,2023-12-29,ODFL,ODFL,Industrials,5,0.006060606060606061
36,2023-12-29,PCAR,PCAR,Industrials,5,0.006060606060606061
36,2023-12-29,PH,PH,Industrials,5,0.006060606060606061
36,2023-12-29,PNR,PNR,Industrials,5,0.006060606060606061
36,2023-12-29,TDG,TDG,Industrials,5,0.006060606060606061
36,2023-12-29,UBER,UBER,Industrials,5,0.006060606060606061
36,2023-12-29,VRSK,VRSK,Industrials,5,0.006060606060606061
36,2023-12-29,ADBE,ADBE,Information Technology,5,0.007575757575757576
36,2023-12-29,AMD,AMD,Information Technology,5,0.007575757575757576
36,2023-12-29,ANET,ANET,Information Technology,5,0.007575757575757576
36,2023-12-29,CDNS,CDNS,Information Technology,5,0.007575757575757576
36,2023-12-29,CRM,CRM,Information Technology,5,0.007575757575757576
36,2023-12-29,FICO,FICO,Information Technology,5,0.007575757575757576
36,2023-12-29,INTC,INTC,Information Technology,5,0.007575757575757576
36,2023-12-29,LRCX,LRCX,Information Technology,5,0.007575757575757576
36,2023-12-29,NOW,NOW,Information Technology,5,0.007575757575757576
36,2023-12-29,NVDA,NVDA,Information Technology,5,0.007575757575757576
36,2023-12-29,PANW,PANW,Information Technology,5,0.007575757575757576
36,2023-12-29,SNPS,SNPS,Information Technology,5,0.007575757575757576
36,2023-12-29,CE,CE,Materials,5,0.018181818181818184
36,2023-12-29,ECL,ECL,Materials,5,0.018181818181818184
36,2023-12-29,MLM,MLM,Materials,5,0.018181818181818184
36,2023-12-29,NUE,NUE,Materials,5,0.018181818181818184
36,2023-12-29,PKG,PKG,Materials,5,0.018181818181818184
36,2023-12-29,DLR,DLR,Real Estate,5,0.015151515151515152
36,2023-12-29,EQIX,EQIX,Real Estate,5,0.015151515151515152
36,2023-12-29,HST,HST,Real Estate,5,0.015151515151515152
36,2023-12-29,INVH,INVH,Real Estate,5,0.015151515151515152
36,2023-12-29,IRM,IRM,Real Estate,5,0.015151515151515152
36,2023-12-29,WELL,WELL,Real Estate,5,0.015151515151515152
36,2023-12-29,ATO,ATO,Utilities,5,0.015151515151515152
36,2023-12-29,CEG,CEG,Utilities,5,0.015151515151515152
36,2023-12-29,EIX,EIX,Utilities,5,0.015151515151515152
36,2023-12-29,NRG,NRG,Utilities,5,0.015151515151515152
36,2023-12-29,PCG,PCG,Utilities,5,0.015151515151515152
36,2023-12-29,PEG,PEG,Utilities,5,0.015151515151515152
37,2024-01-31,GOOG,GOOG,Communication Services,5,0.022727272727272728
37,2024-01-31,GOOGL,GOOGL,Communication Services,5,0.022727272727272728
37,2024-01-31,META,META,Communication Services,5,0.022727272727272728
37,2024-01-31,TTWO,TTWO,Communication Services,5,0.022727272727272728
37,2024-01-31,AMZN,AMZN,Consumer Discretionary,5,0.009090909090909092
37,2024-01-31,BKNG,BKNG,Consumer Discretionary,5,0.009090909090909092
37,2024-01-31,CCL,CCL,Consumer Discretionary,5,0.009090909090909092
37,2024-01-31,CMG,CMG,Consumer Discretionary,5,0.009090909090909092
37,2024-01-31,DHI,DHI,Consumer Discretionary,5,0.009090909090909092
37,2024-01-31,LEN,LEN,Consumer Discretionary,5,0.009090909090909092
37,2024-01-31,LULU,LULU,Consumer Discretionary,5,0.009090909090909092
37,2024-01-31,PHM,PHM,Consumer Discretionary,5,0.009090909090909092
37,2024-01-31,RCL,RCL,Consumer Discretionary,5,0.009090909090909092
37,2024-01-31,TSLA,TSLA,Consumer Discretionary,5,0.009090909090909092
37,2024-01-31,CHD,CHD,Consumer Staples,5,0.012987012987012986
37,2024-01-31,COST,COST,Consumer Staples,5,0.012987012987012986
37,2024-01-31,LW,LW,Consumer Staples,5,0.012987012987012986
37,2024-01-31,MDLZ,MDLZ,Consumer Staples,5,0.012987012987012986
37,2024-01-31,MNST,MNST,Consumer Staples,5,0.012987012987012986
37,2024-01-31,TAP,TAP,Consumer Staples,5,0.012987012987012986
37,2024-01-31,WMT,WMT,Consumer Staples,5,0.012987012987012986
37,2024-01-31,EQT,EQT,Energy,5,0.022727272727272728
37,2024-01-31,MPC,MPC,Energy,5,0.022727272727272728
37,2024-01-31,PSX,PSX,Energy,5,0.022727272727272728
37,2024-01-31,TRGP,TRGP,Energy,5,0.022727272727272728
37,2024-01-31,AIZ,AIZ,Financials,5,0.006493506493506493
37,2024-01-31,AJG,AJG,Financials,5,0.006493506493506493
37,2024-01-31,BRO,BRO,Financials,5,0.006493506493506493
37,2024-01-31,BX,BX,Financials,5,0.006493506493506493
37,2024-01-31,CBOE,CBOE,Financials,5,0.006493506493506493
37,2024-01-31,CME,CME,Financials,5,0.006493506493506493
37,2024-01-31,CPAY,CPAY,Financials,5,0.006493506493506493
37,2024-01-31,FISV,FISV,Financials,5,0.006493506493506493
37,2024-01-31,ICE,ICE,Financials,5,0.006493506493506493
37,2024-01-31,JPM,JPM,Financials,5,0.006493506493506493
37,2024-01-31,MA,MA,Financials,5,0.006493506493506493
37,2024-01-31,MCO,MCO,Financials,5,0.006493506493506493
37,2024-01-31,PGR,PGR,Financials,5,0.006493506493506493
37,2024-01-31,SPGI,SPGI,Financials,5,0.006493506493506493
37,2024-01-31,AMGN,AMGN,Health Care,5,0.007575757575757576
37,2024-01-31,BSX,BSX,Health Care,5,0.007575757575757576
37,2024-01-31,CAH,CAH,Health Care,5,0.007575757575757576
37,2024-01-31,COR,COR,Health Care,5,0.007575757575757576
37,2024-01-31,DVA,DVA,Health Care,5,0.007575757575757576
37,2024-01-31,ISRG,ISRG,Health Care,5,0.007575757575757576
37,2024-01-31,LLY,LLY,Health Care,5,0.007575757575757576
37,2024-01-31,MCK,MCK,Health Care,5,0.007575757575757576
37,2024-01-31,SYK,SYK,Health Care,5,0.007575757575757576
37,2024-01-31,VRTX,VRTX,Health Care,5,0.007575757575757576
37,2024-01-31,WST,WST,Health Care,5,0.007575757575757576
37,2024-01-31,ZTS,ZTS,Health Care,5,0.007575757575757576
37,2024-01-31,BLDR,BLDR,Industrials,5,0.006060606060606061
37,2024-01-31,BR,BR,Industrials,5,0.006060606060606061
37,2024-01-31,CPRT,CPRT,Industrials,5,0.006060606060606061
37,2024-01-31,CTAS,CTAS,Industrials,5,0.006060606060606061
37,2024-01-31,ETN,ETN,Industrials,5,0.006060606060606061
37,2024-01-31,GE,GE,Industrials,5,0.006060606060606061
37,2024-01-31,GWW,GWW,Industrials,5,0.006060606060606061
37,2024-01-31,HUBB,HUBB,Industrials,5,0.006060606060606061
37,2024-01-31,IR,IR,Industrials,5,0.006060606060606061
37,2024-01-31,PCAR,PCAR,Industrials,5,0.006060606060606061
37,2024-01-31,PH,PH,Industrials,5,0.006060606060606061
37,2024-01-31,PWR,PWR,Industrials,5,0.006060606060606061
37,2024-01-31,TDG,TDG,Industrials,5,0.006060606060606061
37,2024-01-31,TT,TT,Industrials,5,0.006060606060606061
37,2024-01-31,UBER,UBER,Industrials,5,0.006060606060606061
37,2024-01-31,ADBE,ADBE,Information Technology,5,0.007575757575757576
37,2024-01-31,AMD,AMD,Information Technology,5,0.007575757575757576
37,2024-01-31,ANET,ANET,Information Technology,5,0.007575757575757576
37,2024-01-31,AVGO,AVGO,Information Technology,5,0.007575757575757576
37,2024-01-31,CRM,CRM,Information Technology,5,0.007575757575757576
37,2024-01-31,FICO,FICO,Information Technology,5,0.007575757575757576
37,2024-01-31,INTC,INTC,Information Technology,5,0.007575757575757576
37,2024-01-31,JBL,JBL,Information Technology,5,0.007575757575757576
37,2024-01-31,LRCX,LRCX,Information Technology,5,0.007575757575757576
37,2024-01-31,NOW,NOW,Information Technology,5,0.007575757575757576
37,2024-01-31,NVDA,NVDA,Information Technology,5,0.007575757575757576
37,2024-01-31,PANW,PANW,Information Technology,5,0.007575757575757576
37,2024-01-31,CE,CE,Materials,5,0.018181818181818184
37,2024-01-31,ECL,ECL,Materials,5,0.018181818181818184
37,2024-01-31,LIN,LIN,Materials,5,0.018181818181818184
37,2024-01-31,MLM,MLM,Materials,5,0.018181818181818184
37,2024-01-31,SHW,SHW,Materials,5,0.018181818181818184
37,2024-01-31,CSGP,CSGP,Real Estate,5,0.015151515151515152
37,2024-01-31,DLR,DLR,Real Estate,5,0.015151515151515152
37,2024-01-31,ESS,ESS,Real Estate,5,0.015151515151515152
37,2024-01-31,IRM,IRM,Real Estate,5,0.015151515151515152
37,2024-01-31,SPG,SPG,Real Estate,5,0.015151515151515152
37,2024-01-31,WELL,WELL,Real Estate,5,0.015151515151515152
37,2024-01-31,CEG,CEG,Utilities,5,0.015151515151515152
37,2024-01-31,EIX,EIX,Utilities,5,0.015151515151515152
37,2024-01-31,NRG,NRG,Utilities,5,0.015151515151515152
37,2024-01-31,PCG,PCG,Utilities,5,0.015151515151515152
37,2024-01-31,PEG,PEG,Utilities,5,0.015151515151515152
37,2024-01-31,SO,SO,Utilities,5,0.015151515151515152
38,2024-02-29,GOOG,GOOG,Communication Services,5,0.022727272727272728
38,2024-02-29,GOOGL,GOOGL,Communication Services,5,0.022727272727272728
38,2024-02-29,META,META,Communication Services,5,0.022727272727272728
38,2024-02-29,NFLX,NFLX,Communication Services,5,0.022727272727272728
38,2024-02-29,AMZN,AMZN,Consumer Discretionary,5,0.009090909090909092
38,2024-02-29,CCL,CCL,Consumer Discretionary,5,0.009090909090909092
38,2024-02-29,CMG,CMG,Consumer Discretionary,5,0.009090909090909092
38,2024-02-29,DHI,DHI,Consumer Discretionary,5,0.009090909090909092
38,2024-02-29,DPZ,DPZ,Consumer Discretionary,5,0.009090909090909092
38,2024-02-29,LEN,LEN,Consumer Discretionary,5,0.009090909090909092
38,2024-02-29,LULU,LULU,Consumer Discretionary,5,0.009090909090909092
38,2024-02-29,MAR,MAR,Consumer Discretionary,5,0.009090909090909092
38,2024-02-29,PHM,PHM,Consumer Discretionary,5,0.009090909090909092
38,2024-02-29,RCL,RCL,Consumer Discretionary,5,0.009090909090909092
38,2024-02-29,CHD,CHD,Consumer Staples,5,0.012987012987012986
38,2024-02-29,CL,CL,Consumer Staples,5,0.012987012987012986
38,2024-02-29,COST,COST,Consumer Staples,5,0.012987012987012986
38,2024-02-29,MDLZ,MDLZ,Consumer Staples,5,0.012987012987012986
38,2024-02-29,PG,PG,Consumer Staples,5,0.012987012987012986
38,2024-02-29,TAP,TAP,Consumer Staples,5,0.012987012987012986
38,2024-02-29,WMT,WMT,Consumer Staples,5,0.012987012987012986
38,2024-02-29,MPC,MPC,Energy,5,0.022727272727272728
38,2024-02-29,PSX,PSX,Energy,5,0.022727272727272728
38,2024-02-29,PXD,PXD,Energy,5,0.022727272727272728
38,2024-02-29,WMB,WMB,Energy,5,0.022727272727272728
38,2024-02-29,AFL,AFL,Financials,5,0.006493506493506493
38,2024-02-29,AIZ,AIZ,Financials,5,0.006493506493506493
38,2024-02-29,AJG,AJG,Financials,5,0.006493506493506493
38,2024-02-29,BRK.B,BRK.B,Financials,5,0.006493506493506493
38,2024-02-29,BRO,BRO,Financials,5,0.006493506493506493
38,2024-02-29,BX,BX,Financials,5,0.006493506493506493
38,2024-02-29,CBOE,CBOE,Financials,5,0.006493506493506493
38,2024-02-29,COF,COF,Financials,5,0.006493506493506493
38,2024-02-29,CPAY,CPAY,Financials,5,0.006493506493506493
38,2024-02-29,ICE,ICE,Financials,5,0.006493506493506493
38,2024-02-29,MA,MA,Financials,5,0.006493506493506493
38,2024-02-29,MCO,MCO,Financials,5,0.006493506493506493
38,2024-02-29,SPGI,SPGI,Financials,5,0.006493506493506493
38,2024-02-29,WRB,WRB,Financials,5,0.006493506493506493
38,2024-02-29,AMGN,AMGN,Health Care,5,0.007575757575757576
38,2024-02-29,BSX,BSX,Health Care,5,0.007575757575757576
38,2024-02-29,CAH,CAH,Health Care,5,0.007575757575757576
38,2024-02-29,COR,COR,Health Care,5,0.007575757575757576
38,2024-02-29,DVA,DVA,Health Care,5,0.007575757575757576
38,2024-02-29,HCA,HCA,Health Care,5,0.007575757575757576
38,2024-02-29,ISRG,ISRG,Health Care,5,0.007575757575757576
38,2024-02-29,LLY,LLY,Health Care,5,0.007575757575757576
38,2024-02-29,MCK,MCK,Health Care,5,0.007575757575757576
38,2024-02-29,MOH,MOH,Health Care,5,0.007575757575757576
38,2024-02-29,SYK,SYK,Health Care,5,0.007575757575757576
38,2024-02-29,VRTX,VRTX,Health Care,5,0.007575757575757576
38,2024-02-29,BLDR,BLDR,Industrials,5,0.006060606060606061
38,2024-02-29,BR,BR,Industrials,5,0.006060606060606061
38,2024-02-29,CPRT,CPRT,Industrials,5,0.006060606060606061
38,2024-02-29,CTAS,CTAS,Industrials,5,0.006060606060606061
38,2024-02-29,ETN,ETN,Industrials,5,0.006060606060606061
38,2024-02-29,FAST,FAST,Industrials,5,0.006060606060606061
38,2024-02-29,GE,GE,Industrials,5,0.006060606060606061
38,2024-02-29,GWW,GWW,Industrials,5,0.006060606060606061
38,2024-02-29,HUBB,HUBB,Industrials,5,0.006060606060606061
38,2024-02-29,IR,IR,Industrials,5,0.006060606060606061
38,2024-02-29,PCAR,PCAR,Industrials,5,0.006060606060606061
38,2024-02-29,TDG,TDG,Industrials,5,0.006060606060606061
38,2024-02-29,TT,TT,Industrials,5,0.006060606060606061
38,2024-02-29,UBER,UBER,Industrials,5,0.006060606060606061
38,2024-02-29,VRSK,VRSK,Industrials,5,0.006060606060606061
38,2024-02-29,ADBE,ADBE,Information Technology,5,0.007575757575757576
38,2024-02-29,AKAM,AKAM,Information Technology,5,0.007575757575757576
38,2024-02-29,AMD,AMD,Information Technology,5,0.007575757575757576
38,2024-02-29,ANET,ANET,Information Technology,5,0.007575757575757576
38,2024-02-29,AVGO,AVGO,Information Technology,5,0.007575757575757576
38,2024-02-29,CRM,CRM,Information Technology,5,0.007575757575757576
38,2024-02-29,FICO,FICO,Information Technology,5,0.007575757575757576
38,2024-02-29,INTC,INTC,Information Technology,5,0.007575757575757576
38,2024-02-29,LRCX,LRCX,Information Technology,5,0.007575757575757576
38,2024-02-29,NOW,NOW,Information Technology,5,0.007575757575757576
38,2024-02-29,NVDA,NVDA,Information Technology,5,0.007575757575757576
38,2024-02-29,PANW,PANW,Information Technology,5,0.007575757575757576
38,2024-02-29,CE,CE,Materials,5,0.018181818181818184
38,2024-02-29,ECL,ECL,Materials,5,0.018181818181818184
38,2024-02-29,MLM,MLM,Materials,5,0.018181818181818184
38,2024-02-29,SHW,SHW,Materials,5,0.018181818181818184
38,2024-02-29,VMC,VMC,Materials,5,0.018181818181818184
38,2024-02-29,DLR,DLR,Real Estate,5,0.015151515151515152
38,2024-02-29,EQIX,EQIX,Real Estate,5,0.015151515151515152
38,2024-02-29,HST,HST,Real Estate,5,0.015151515151515152
38,2024-02-29,IRM,IRM,Real Estate,5,0.015151515151515152
38,2024-02-29,SPG,SPG,Real Estate,5,0.015151515151515152
38,2024-02-29,WELL,WELL,Real Estate,5,0.015151515151515152
38,2024-02-29,CEG,CEG,Utilities,5,0.015151515151515152
38,2024-02-29,DUK,DUK,Utilities,5,0.015151515151515152
38,2024-02-29,EIX,EIX,Utilities,5,0.015151515151515152
38,2024-02-29,NRG,NRG,Utilities,5,0.015151515151515152
38,2024-02-29,PCG,PCG,Utilities,5,0.015151515151515152
38,2024-02-29,SO,SO,Utilities,5,0.015151515151515152
39,2024-03-28,META,META,Communication Services,5,0.022727272727272728
39,2024-03-28,NFLX,NFLX,Communication Services,5,0.022727272727272728
39,2024-03-28,NWS,NWS,Communication Services,5,0.022727272727272728
39,2024-03-28,NWSA,NWSA,Communication Services,5,0.022727272727272728
39,2024-03-28,AMZN,AMZN,Consumer Discretionary,5,0.009090909090909092
39,2024-03-28,CCL,CCL,Consumer Discretionary,5,0.009090909090909092
39,2024-03-28,CMG,CMG,Consumer Discretionary,5,0.009090909090909092
39,2024-03-28,DECK,DECK,Consumer Discretionary,5,0.009090909090909092
39,2024-03-28,DHI,DHI,Consumer Discretionary,5,0.009090909090909092
39,2024-03-28,LEN,LEN,Consumer Discretionary,5,0.009090909090909092
39,2024-03-28,MAR,MAR,Consumer Discretionary,5,0.009090909090909092
39,2024-03-28,PHM,PHM,Consumer Discretionary,5,0.009090909090909092
39,2024-03-28,RCL,RCL,Consumer Discretionary,5,0.009090909090909092
39,2024-03-28,RL,RL,Consumer Discretionary,5,0.009090909090909092
39,2024-03-28,CHD,CHD,Consumer Staples,5,0.012987012987012986
39,2024-03-28,CL,CL,Consumer Staples,5,0.012987012987012986
39,2024-03-28,COST,COST,Consumer Staples,5,0.012987012987012986
39,2024-03-28,PG,PG,Consumer Staples,5,0.012987012987012986
39,2024-03-28,STZ,STZ,Consumer Staples,5,0.012987012987012986
39,2024-03-28,TAP,TAP,Consumer Staples,5,0.012987012987012986
39,2024-03-28,WMT,WMT,Consumer Staples,5,0.012987012987012986
39,2024-03-28,FANG,FANG,Energy,5,0.022727272727272728
39,2024-03-28,MPC,MPC,Energy,5,0.022727272727272728
39,2024-03-28,PSX,PSX,Energy,5,0.022727272727272728
39,2024-03-28,TRGP,TRGP,Energy,5,0.022727272727272728
39,2024-03-28,AIG,AIG,Financials,5,0.006493506493506493
39,2024-03-28,AIZ,AIZ,Financials,5,0.006493506493506493
39,2024-03-28,ALL,ALL,Financials,5,0.006493506493506493
39,2024-03-28,AMP,AMP,Financials,5,0.006493506493506493
39,2024-03-28,BRO,BRO,Financials,5,0.006493506493506493
39,2024-03-28,BX,BX,Financials,5,0.006493506493506493
39,2024-03-28,CBOE,CBOE,Financials,5,0.006493506493506493
39,2024-03-28,COF,COF,Financials,5,0.006493506493506493
39,2024-03-28,HIG,HIG,Financials,5,0.006493506493506493
39,2024-03-28,JPM,JPM,Financials,5,0.006493506493506493
39,2024-03-28,PRU,PRU,Financials,5,0.006493506493506493
39,2024-03-28,SYF,SYF,Financials,5,0.006493506493506493
39,2024-03-28,WFC,WFC,Financials,5,0.006493506493506493
39,2024-03-28,WRB,WRB,Financials,5,0.006493506493506493
39,2024-03-28,BSX,BSX,Health Care,5,0.007575757575757576
39,2024-03-28,CAH,CAH,Health Care,5,0.007575757575757576
39,2024-03-28,CI,CI,Health Care,5,0.007575757575757576
39,2024-03-28,COR,COR,Health Care,5,0.007575757575757576
39,2024-03-28,DVA,DVA,Health Care,5,0.007575757575757576
39,2024-03-28,ISRG,ISRG,Health Care,5,0.007575757575757576
39,2024-03-28,LLY,LLY,Health Care,5,0.007575757575757576
39,2024-03-28,MCK,MCK,Health Care,5,0.007575757575757576
39,2024-03-28,MOH,MOH,Health Care,5,0.007575757575757576
39,2024-03-28,UHS,UHS,Health Care,5,0.007575757575757576
39,2024-03-28,VRTX,VRTX,Health Care,5,0.007575757575757576
39,2024-03-28,VTRS,VTRS,Health Care,5,0.007575757575757576
39,2024-03-28,BLDR,BLDR,Industrials,5,0.006060606060606061
39,2024-03-28,CAT,CAT,Industrials,5,0.006060606060606061
39,2024-03-28,ETN,ETN,Industrials,5,0.006060606060606061
39,2024-03-28,GE,GE,Industrials,5,0.006060606060606061
39,2024-03-28,HUBB,HUBB,Industrials,5,0.006060606060606061
39,2024-03-28,HWM,HWM,Industrials,5,0.006060606060606061
39,2024-03-28,IR,IR,Industrials,5,0.006060606060606061
39,2024-03-28,MAS,MAS,Industrials,5,0.006060606060606061
39,2024-03-28,PCAR,PCAR,Industrials,5,0.006060606060606061
39,2024-03-28,PH,PH,Industrials,5,0.006060606060606061
39,2024-03-28,PWR,PWR,Industrials,5,0.006060606060606061
39,2024-03-28,TDG,TDG,Industrials,5,0.006060606060606061
39,2024-03-28,TT,TT,Industrials,5,0.006060606060606061
39,2024-03-28,UBER,UBER,Industrials,5,0.006060606060606061
39,2024-03-28,URI,URI,Industrials,5,0.006060606060606061
39,2024-03-28,AMAT,AMAT,Information Technology,5,0.006993006993006994
39,2024-03-28,AMD,AMD,Information Technology,5,0.006993006993006994
39,2024-03-28,ANET,ANET,Information Technology,5,0.006993006993006994
39,2024-03-28,AVGO,AVGO,Information Technology,5,0.006993006993006994
39,2024-03-28,FICO,FICO,Information Technology,5,0.006993006993006994
39,2024-03-28,JBL,JBL,Information Technology,5,0.006993006993006994
39,2024-03-28,KLAC,KLAC,Information Technology,5,0.006993006993006994
39,2024-03-28,LRCX,LRCX,Information Technology,5,0.006993006993006994
39,2024-03-28,NOW,NOW,Information Technology,5,0.006993006993006994
39,2024-03-28,NVDA,NVDA,Information Technology,5,0.006993006993006994
39,2024-03-28,PANW,PANW,Information Technology,5,0.006993006993006994
39,2024-03-28,SMCI,SMCI,Information Technology,5,0.006993006993006994
39,2024-03-28,WDC,WDC,Information Technology,5,0.006993006993006994
39,2024-03-28,CE,CE,Materials,5,0.018181818181818184
39,2024-03-28,ECL,ECL,Materials,5,0.018181818181818184
39,2024-03-28,MLM,MLM,Materials,5,0.018181818181818184
39,2024-03-28,SHW,SHW,Materials,5,0.018181818181818184
39,2024-03-28,VMC,VMC,Materials,5,0.018181818181818184
39,2024-03-28,CSGP,CSGP,Real Estate,5,0.015151515151515152
39,2024-03-28,DLR,DLR,Real Estate,5,0.015151515151515152
39,2024-03-28,HST,HST,Real Estate,5,0.015151515151515152
39,2024-03-28,IRM,IRM,Real Estate,5,0.015151515151515152
39,2024-03-28,SPG,SPG,Real Estate,5,0.015151515151515152
39,2024-03-28,WELL,WELL,Real Estate,5,0.015151515151515152
39,2024-03-28,ATO,ATO,Utilities,5,0.015151515151515152
39,2024-03-28,CEG,CEG,Utilities,5,0.015151515151515152
39,2024-03-28,DTE,DTE,Utilities,5,0.015151515151515152
39,2024-03-28,NRG,NRG,Utilities,5,0.015151515151515152
39,2024-03-28,PCG,PCG,Utilities,5,0.015151515151515152
39,2024-03-28,PEG,PEG,Utilities,5,0.015151515151515152
40,2024-04-30,LYV,LYV,Communication Services,5,0.022727272727272728
40,2024-04-30,META,META,Communication Services,5,0.022727272727272728
40,2024-04-30,NFLX,NFLX,Communication Services,5,0.022727272727272728
40,2024-04-30,NWS,NWS,Communication Services,5,0.022727272727272728
40,2024-04-30,AMZN,AMZN,Consumer Discretionary,5,0.009090909090909092
40,2024-04-30,CCL,CCL,Consumer Discretionary,5,0.009090909090909092
40,2024-04-30,DECK,DECK,Consumer Discretionary,5,0.009090909090909092
40,2024-04-30,DPZ,DPZ,Consumer Discretionary,5,0.009090909090909092
40,2024-04-30,GRMN,GRMN,Consumer Discretionary,5,0.009090909090909092
40,2024-04-30,LEN,LEN,Consumer Discretionary,5,0.009090909090909092
40,2024-04-30,NCLH,NCLH,Consumer Discretionary,5,0.009090909090909092
40,2024-04-30,PHM,PHM,Consumer Discretionary,5,0.009090909090909092
40,2024-04-30,RCL,RCL,Consumer Discretionary,5,0.009090909090909092
40,2024-04-30,RL,RL,Consumer Discretionary,5,0.009090909090909092
40,2024-04-30,CL,CL,Consumer Staples,5,0.012987012987012986
40,2024-04-30,COST,COST,Consumer Staples,5,0.012987012987012986
40,2024-04-30,KR,KR,Consumer Staples,5,0.012987012987012986
40,2024-04-30,STZ,STZ,Consumer Staples,5,0.012987012987012986
40,2024-04-30,TAP,TAP,Consumer Staples,5,0.012987012987012986
40,2024-04-30,TGT,TGT,Consumer Staples,5,0.012987012987012986
40,2024-04-30,WMT,WMT,Consumer Staples,5,0.012987012987012986
40,2024-04-30,MPC,MPC,Energy,5,0.022727272727272728
40,2024-04-30,PSX,PSX,Energy,5,0.022727272727272728
40,2024-04-30,TRGP,TRGP,Energy,5,0.022727272727272728
40,2024-04-30,VLO,VLO,Energy,5,0.022727272727272728
40,2024-04-30,AIG,AIG,Financials,5,0.006493506493506493
40,2024-04-30,AIZ,AIZ,Financials,5,0.006493506493506493
40,2024-04-30,ALL,ALL,Financials,5,0.006493506493506493
40,2024-04-30,AMP,AMP,Financials,5,0.006493506493506493
40,2024-04-30,BX,BX,Financials,5,0.006493506493506493
40,2024-04-30,COF,COF,Financials,5,0.006493506493506493
40,2024-04-30,FITB,FITB,Financials,5,0.006493506493506493
40,2024-04-30,HIG,HIG,Financials,5,0.006493506493506493
40,2024-04-30,JPM,JPM,Financials,5,0.006493506493506493
40,2024-04-30,KEY,KEY,Financials,5,0.006493506493506493
40,2024-04-30,PGR,PGR,Financials,5,0.006493506493506493
40,2024-04-30,SYF,SYF,Financials,5,0.006493506493506493
40,2024-04-30,WFC,WFC,Financials,5,0.006493506493506493
40,2024-04-30,WRB,WRB,Financials,5,0.006493506493506493
40,2024-04-30,BSX,BSX,Health Care,5,0.007575757575757576
40,2024-04-30,CAH,CAH,Health Care,5,0.007575757575757576
40,2024-04-30,CI,CI,Health Care,5,0.007575757575757576
40,2024-04-30,COR,COR,Health Care,5,0.007575757575757576
40,2024-04-30,CRL,CRL,Health Care,5,0.007575757575757576
40,2024-04-30,DVA,DVA,Health Care,5,0.007575757575757576
40,2024-04-30,IQV,IQV,Health Care,5,0.007575757575757576
40,2024-04-30,ISRG,ISRG,Health Care,5,0.007575757575757576
40,2024-04-30,LLY,LLY,Health Care,5,0.007575757575757576
40,2024-04-30,MCK,MCK,Health Care,5,0.007575757575757576
40,2024-04-30,MOH,MOH,Health Care,5,0.007575757575757576
40,2024-04-30,VTRS,VTRS,Health Care,5,0.007575757575757576
40,2024-04-30,BLDR,BLDR,Industrials,5,0.006060606060606061
40,2024-04-30,CAT,CAT,Industrials,5,0.006060606060606061
40,2024-04-30,CTAS,CTAS,Industrials,5,0.006060606060606061
40,2024-04-30,ETN,ETN,Industrials,5,0.006060606060606061
40,2024-04-30,GE,GE,Industrials,5,0.006060606060606061
40,2024-04-30,HUBB,HUBB,Industrials,5,0.006060606060606061
40,2024-04-30,HWM,HWM,Industrials,5,0.006060606060606061
40,2024-04-30,IR,IR,Industrials,5,0.006060606060606061
40,2024-04-30,PCAR,PCAR,Industrials,5,0.006060606060606061
40,2024-04-30,PH,PH,Industrials,5,0.006060606060606061
40,2024-04-30,PWR,PWR,Industrials,5,0.006060606060606061
40,2024-04-30,TDG,TDG,Industrials,5,0.006060606060606061
40,2024-04-30,TT,TT,Industrials,5,0.006060606060606061
40,2024-04-30,UBER,UBER,Industrials,5,0.006060606060606061
40,2024-04-30,URI,URI,Industrials,5,0.006060606060606061
40,2024-04-30,AMAT,AMAT,Information Technology,5,0.006993006993006994
40,2024-04-30,AMD,AMD,Information Technology,5,0.006993006993006994
40,2024-04-30,ANET,ANET,Information Technology,5,0.006993006993006994
40,2024-04-30,AVGO,AVGO,Information Technology,5,0.006993006993006994
40,2024-04-30,FICO,FICO,Information Technology,5,0.006993006993006994
40,2024-04-30,JBL,JBL,Information Technology,5,0.006993006993006994
40,2024-04-30,KLAC,KLAC,Information Technology,5,0.006993006993006994
40,2024-04-30,LRCX,LRCX,Information Technology,5,0.006993006993006994
40,2024-04-30,MU,MU,Information Technology,5,0.006993006993006994
40,2024-04-30,NTAP,NTAP,Information Technology,5,0.006993006993006994
40,2024-04-30,NVDA,NVDA,Information Technology,5,0.006993006993006994
40,2024-04-30,SMCI,SMCI,Information Technology,5,0.006993006993006994
40,2024-04-30,WDC,WDC,Information Technology,5,0.006993006993006994
40,2024-04-30,CE,CE,Materials,5,0.018181818181818184
40,2024-04-30,MLM,MLM,Materials,5,0.018181818181818184
40,2024-04-30,PKG,PKG,Materials,5,0.018181818181818184
40,2024-04-30,SHW,SHW,Materials,5,0.018181818181818184
40,2024-04-30,VMC,VMC,Materials,5,0.018181818181818184
40,2024-04-30,BXP,BXP,Real Estate,5,0.015151515151515152
40,2024-04-30,CBRE,CBRE,Real Estate,5,0.015151515151515152
40,2024-04-30,DLR,DLR,Real Estate,5,0.015151515151515152
40,2024-04-30,HST,HST,Real Estate,5,0.015151515151515152
40,2024-04-30,IRM,IRM,Real Estate,5,0.015151515151515152
40,2024-04-30,SPG,SPG,Real Estate,5,0.015151515151515152
40,2024-04-30,ATO,ATO,Utilities,5,0.015151515151515152
40,2024-04-30,CEG,CEG,Utilities,5,0.015151515151515152
40,2024-04-30,DTE,DTE,Utilities,5,0.015151515151515152
40,2024-04-30,ETR,ETR,Utilities,5,0.015151515151515152
40,2024-04-30,NRG,NRG,Utilities,5,0.015151515151515152
40,2024-04-30,PEG,PEG,Utilities,5,0.015151515151515152
41,2024-05-31,GOOG,GOOG,Communication Services,5,0.022727272727272728
41,2024-05-31,META,META,Communication Services,5,0.022727272727272728
41,2024-05-31,NFLX,NFLX,Communication Services,5,0.022727272727272728
41,2024-05-31,NWS,NWS,Communication Services,5,0.022727272727272728
41,2024-05-31,ABNB,ABNB,Consumer Discretionary,5,0.009090909090909092
41,2024-05-31,AMZN,AMZN,Consumer Discretionary,5,0.009090909090909092
41,2024-05-31,CMG,CMG,Consumer Discretionary,5,0.009090909090909092
41,2024-05-31,DECK,DECK,Consumer Discretionary,5,0.009090909090909092
41,2024-05-31,DPZ,DPZ,Consumer Discretionary,5,0.009090909090909092
41,2024-05-31,GRMN,GRMN,Consumer Discretionary,5,0.009090909090909092
41,2024-05-31,HLT,HLT,Consumer Discretionary,5,0.009090909090909092
41,2024-05-31,PHM,PHM,Consumer Discretionary,5,0.009090909090909092
41,2024-05-31,RCL,RCL,Consumer Discretionary,5,0.009090909090909092
41,2024-05-31,RL,RL,Consumer Discretionary,5,0.009090909090909092
41,2024-05-31,CHD,CHD,Consumer Staples,5,0.012987012987012986
41,2024-05-31,CL,CL,Consumer Staples,5,0.012987012987012986
41,2024-05-31,COST,COST,Consumer Staples,5,0.012987012987012986
41,2024-05-31,KR,KR,Consumer Staples,5,0.012987012987012986
41,2024-05-31,TGT,TGT,Consumer Staples,5,0.012987012987012986
41,2024-05-31,TSN,TSN,Consumer Staples,5,0.012987012987012986
41,2024-05-31,WMT,WMT,Consumer Staples,5,0.012987012987012986
41,2024-05-31,FANG,FANG,Energy,5,0.022727272727272728
41,2024-05-31,MPC,MPC,Energy,5,0.022727272727272728
41,2024-05-31,PSX,PSX,Energy,5,0.022727272727272728
41,2024-05-31,TRGP,TRGP,Energy,5,0.022727272727272728
41,2024-05-31,AIG,AIG,Financials,5,0.006493506493506493
41,2024-05-31,AIZ,AIZ,Financials,5,0.006493506493506493
41,2024-05-31,ALL,ALL,Financials,5,0.006493506493506493
41,2024-05-31,AXP,AXP,Financials,5,0.006493506493506493
41,2024-05-31,BNY,BNY,Financials,5,0.006493506493506493
41,2024-05-31,CMA,CMA,Financials,5,0.006493506493506493
41,2024-05-31,FITB,FITB,Financials,5,0.006493506493506493
41,2024-05-31,JPM,JPM,Financials,5,0.006493506493506493
41,2024-05-31,KEY,KEY,Financials,5,0.006493506493506493
41,2024-05-31,MET,MET,Financials,5,0.006493506493506493
41,2024-05-31,PGR,PGR,Financials,5,0.006493506493506493
41,2024-05-31,PRU,PRU,Financials,5,0.006493506493506493
41,2024-05-31,SYF,SYF,Financials,5,0.006493506493506493
41,2024-05-31,WFC,WFC,Financials,5,0.006493506493506493
41,2024-05-31,AMGN,AMGN,Health Care,5,0.007575757575757576
41,2024-05-31,BSX,BSX,Health Care,5,0.007575757575757576
41,2024-05-31,CAH,CAH,Health Care,5,0.007575757575757576
41,2024-05-31,CI,CI,Health Care,5,0.007575757575757576
41,2024-05-31,COR,COR,Health Care,5,0.007575757575757576
41,2024-05-31,CTLT,CTLT,Health Care,5,0.007575757575757576
41,2024-05-31,DVA,DVA,Health Care,5,0.007575757575757576
41,2024-05-31,LLY,LLY,Health Care,5,0.007575757575757576
41,2024-05-31,MCK,MCK,Health Care,5,0.007575757575757576
41,2024-05-31,MOH,MOH,Health Care,5,0.007575757575757576
41,2024-05-31,UHS,UHS,Health Care,5,0.007575757575757576
41,2024-05-31,VTRS,VTRS,Health Care,5,0.007575757575757576
41,2024-05-31,AXON,AXON,Industrials,5,0.006060606060606061
41,2024-05-31,BLDR,BLDR,Industrials,5,0.006060606060606061
41,2024-05-31,CAT,CAT,Industrials,5,0.006060606060606061
41,2024-05-31,ETN,ETN,Industrials,5,0.006060606060606061
41,2024-05-31,GE,GE,Industrials,5,0.006060606060606061
41,2024-05-31,HWM,HWM,Industrials,5,0.006060606060606061
41,2024-05-31,IR,IR,Industrials,5,0.006060606060606061
41,2024-05-31,LDOS,LDOS,Industrials,5,0.006060606060606061
41,2024-05-31,PCAR,PCAR,Industrials,5,0.006060606060606061
41,2024-05-31,PH,PH,Industrials,5,0.006060606060606061
41,2024-05-31,TDG,TDG,Industrials,5,0.006060606060606061
41,2024-05-31,TT,TT,Industrials,5,0.006060606060606061
41,2024-05-31,UBER,UBER,Industrials,5,0.006060606060606061
41,2024-05-31,URI,URI,Industrials,5,0.006060606060606061
41,2024-05-31,WAB,WAB,Industrials,5,0.006060606060606061
41,2024-05-31,AMAT,AMAT,Information Technology,5,0.006993006993006994
41,2024-05-31,ANET,ANET,Information Technology,5,0.006993006993006994
41,2024-05-31,APH,APH,Information Technology,5,0.006993006993006994
41,2024-05-31,AVGO,AVGO,Information Technology,5,0.006993006993006994
41,2024-05-31,INTU,INTU,Information Technology,5,0.006993006993006994
41,2024-05-31,KLAC,KLAC,Information Technology,5,0.006993006993006994
41,2024-05-31,MU,MU,Information Technology,5,0.006993006993006994
41,2024-05-31,NTAP,NTAP,Information Technology,5,0.006993006993006994
41,2024-05-31,NVDA,NVDA,Information Technology,5,0.006993006993006994
41,2024-05-31,QCOM,QCOM,Information Technology,5,0.006993006993006994
41,2024-05-31,SMCI,SMCI,Information Technology,5,0.006993006993006994
41,2024-05-31,STX,STX,Information Technology,5,0.006993006993006994
41,2024-05-31,WDC,WDC,Information Technology,5,0.006993006993006994
41,2024-05-31,CE,CE,Materials,5,0.018181818181818184
41,2024-05-31,FCX,FCX,Materials,5,0.018181818181818184
41,2024-05-31,MLM,MLM,Materials,5,0.018181818181818184
41,2024-05-31,PKG,PKG,Materials,5,0.018181818181818184
41,2024-05-31,STLD,STLD,Materials,5,0.018181818181818184
41,2024-05-31,BXP,BXP,Real Estate,5,0.015151515151515152
41,2024-05-31,DLR,DLR,Real Estate,5,0.015151515151515152
41,2024-05-31,FRT,FRT,Real Estate,5,0.015151515151515152
41,2024-05-31,IRM,IRM,Real Estate,5,0.015151515151515152
41,2024-05-31,SPG,SPG,Real Estate,5,0.015151515151515152
41,2024-05-31,WELL,WELL,Real Estate,5,0.015151515151515152
41,2024-05-31,CEG,CEG,Utilities,5,0.015151515151515152
41,2024-05-31,DUK,DUK,Utilities,5,0.015151515151515152
41,2024-05-31,ETR,ETR,Utilities,5,0.015151515151515152
41,2024-05-31,NRG,NRG,Utilities,5,0.015151515151515152
41,2024-05-31,PEG,PEG,Utilities,5,0.015151515151515152
41,2024-05-31,VST,VST,Utilities,5,0.015151515151515152
42,2024-06-28,GOOG,GOOG,Communication Services,5,0.022727272727272728
42,2024-06-28,GOOGL,GOOGL,Communication Services,5,0.022727272727272728
42,2024-06-28,META,META,Communication Services,5,0.022727272727272728
42,2024-06-28,NFLX,NFLX,Communication Services,5,0.022727272727272728
42,2024-06-28,BBWI,BBWI,Consumer Discretionary,5,0.009090909090909092
42,2024-06-28,BKNG,BKNG,Consumer Discretionary,5,0.009090909090909092
42,2024-06-28,CMG,CMG,Consumer Discretionary,5,0.009090909090909092
42,2024-06-28,DECK,DECK,Consumer Discretionary,5,0.009090909090909092
42,2024-06-28,DPZ,DPZ,Consumer Discretionary,5,0.009090909090909092
42,2024-06-28,GRMN,GRMN,Consumer Discretionary,5,0.009090909090909092
42,2024-06-28,HLT,HLT,Consumer Discretionary,5,0.009090909090909092
42,2024-06-28,PHM,PHM,Consumer Discretionary,5,0.009090909090909092
42,2024-06-28,RCL,RCL,Consumer Discretionary,5,0.009090909090909092
42,2024-06-28,RL,RL,Consumer Discretionary,5,0.009090909090909092
42,2024-06-28,BG,BG,Consumer Staples,5,0.012987012987012986
42,2024-06-28,CL,CL,Consumer Staples,5,0.012987012987012986
42,2024-06-28,COST,COST,Consumer Staples,5,0.012987012987012986
42,2024-06-28,KR,KR,Consumer Staples,5,0.012987012987012986
42,2024-06-28,TGT,TGT,Consumer Staples,5,0.012987012987012986
42,2024-06-28,TSN,TSN,Consumer Staples,5,0.012987012987012986
42,2024-06-28,WMT,WMT,Consumer Staples,5,0.012987012987012986
42,2024-06-28,FANG,FANG,Energy,5,0.022727272727272728
42,2024-06-28,MPC,MPC,Energy,5,0.022727272727272728
42,2024-06-28,PSX,PSX,Energy,5,0.022727272727272728
42,2024-06-28,TRGP,TRGP,Energy,5,0.022727272727272728
42,2024-06-28,ALL,ALL,Financials,5,0.006493506493506493
42,2024-06-28,BAC,BAC,Financials,5,0.006493506493506493
42,2024-06-28,CB,CB,Financials,5,0.006493506493506493
42,2024-06-28,CFG,CFG,Financials,5,0.006493506493506493
42,2024-06-28,FIS,FIS,Financials,5,0.006493506493506493
42,2024-06-28,FITB,FITB,Financials,5,0.006493506493506493
42,2024-06-28,GS,GS,Financials,5,0.006493506493506493
42,2024-06-28,HIG,HIG,Financials,5,0.006493506493506493
42,2024-06-28,JPM,JPM,Financials,5,0.006493506493506493
42,2024-06-28,KEY,KEY,Financials,5,0.006493506493506493
42,2024-06-28,KKR,KKR,Financials,5,0.006493506493506493
42,2024-06-28,PGR,PGR,Financials,5,0.006493506493506493
42,2024-06-28,PRU,PRU,Financials,5,0.006493506493506493
42,2024-06-28,WFC,WFC,Financials,5,0.006493506493506493
42,2024-06-28,ABBV,ABBV,Health Care,5,0.007575757575757576
42,2024-06-28,AMGN,AMGN,Health Care,5,0.007575757575757576
42,2024-06-28,BSX,BSX,Health Care,5,0.007575757575757576
42,2024-06-28,CI,CI,Health Care,5,0.007575757575757576
42,2024-06-28,CTLT,CTLT,Health Care,5,0.007575757575757576
42,2024-06-28,DHR,DHR,Health Care,5,0.007575757575757576
42,2024-06-28,DVA,DVA,Health Care,5,0.007575757575757576
42,2024-06-28,ELV,ELV,Health Care,5,0.007575757575757576
42,2024-06-28,LLY,LLY,Health Care,5,0.007575757575757576
42,2024-06-28,MCK,MCK,Health Care,5,0.007575757575757576
42,2024-06-28,REGN,REGN,Health Care,5,0.007575757575757576
42,2024-06-28,VRTX,VRTX,Health Care,5,0.007575757575757576
42,2024-06-28,AXON,AXON,Industrials,5,0.006060606060606061
42,2024-06-28,CAT,CAT,Industrials,5,0.006060606060606061
42,2024-06-28,ETN,ETN,Industrials,5,0.006060606060606061
42,2024-06-28,GD,GD,Industrials,5,0.006060606060606061
42,2024-06-28,GE,GE,Industrials,5,0.006060606060606061
42,2024-06-28,HWM,HWM,Industrials,5,0.006060606060606061
42,2024-06-28,IR,IR,Industrials,5,0.006060606060606061
42,2024-06-28,LDOS,LDOS,Industrials,5,0.006060606060606061
42,2024-06-28,PH,PH,Industrials,5,0.006060606060606061
42,2024-06-28,PWR,PWR,Industrials,5,0.006060606060606061
42,2024-06-28,TDG,TDG,Industrials,5,0.006060606060606061
42,2024-06-28,TT,TT,Industrials,5,0.006060606060606061
42,2024-06-28,UBER,UBER,Industrials,5,0.006060606060606061
42,2024-06-28,URI,URI,Industrials,5,0.006060606060606061
42,2024-06-28,WAB,WAB,Industrials,5,0.006060606060606061
42,2024-06-28,ANET,ANET,Information Technology,5,0.006993006993006994
42,2024-06-28,APH,APH,Information Technology,5,0.006993006993006994
42,2024-06-28,AVGO,AVGO,Information Technology,5,0.006993006993006994
42,2024-06-28,CRWD,CRWD,Information Technology,5,0.006993006993006994
42,2024-06-28,FICO,FICO,Information Technology,5,0.006993006993006994
42,2024-06-28,GDDY,GDDY,Information Technology,5,0.006993006993006994
42,2024-06-28,KLAC,KLAC,Information Technology,5,0.006993006993006994
42,2024-06-28,MU,MU,Information Technology,5,0.006993006993006994
42,2024-06-28,NTAP,NTAP,Information Technology,5,0.006993006993006994
42,2024-06-28,NVDA,NVDA,Information Technology,5,0.006993006993006994
42,2024-06-28,QCOM,QCOM,Information Technology,5,0.006993006993006994
42,2024-06-28,SMCI,SMCI,Information Technology,5,0.006993006993006994
42,2024-06-28,WDC,WDC,Information Technology,5,0.006993006993006994
42,2024-06-28,AVY,AVY,Materials,5,0.018181818181818184
42,2024-06-28,CE,CE,Materials,5,0.018181818181818184
42,2024-06-28,IP,IP,Materials,5,0.018181818181818184
42,2024-06-28,PKG,PKG,Materials,5,0.018181818181818184
42,2024-06-28,SW,SW,Materials,5,0.018181818181818184
42,2024-06-28,DLR,DLR,Real Estate,5,0.015151515151515152
42,2024-06-28,ESS,ESS,Real Estate,5,0.015151515151515152
42,2024-06-28,HST,HST,Real Estate,5,0.015151515151515152
42,2024-06-28,IRM,IRM,Real Estate,5,0.015151515151515152
42,2024-06-28,SPG,SPG,Real Estate,5,0.015151515151515152
42,2024-06-28,WELL,WELL,Real Estate,5,0.015151515151515152
42,2024-06-28,CEG,CEG,Utilities,5,0.015151515151515152
42,2024-06-28,DUK,DUK,Utilities,5,0.015151515151515152
42,2024-06-28,ETR,ETR,Utilities,5,0.015151515151515152
42,2024-06-28,NRG,NRG,Utilities,5,0.015151515151515152
42,2024-06-28,PEG,PEG,Utilities,5,0.015151515151515152
42,2024-06-28,VST,VST,Utilities,5,0.015151515151515152
43,2024-07-31,META,META,Communication Services,5,0.022727272727272728
43,2024-07-31,NFLX,NFLX,Communication Services,5,0.022727272727272728
43,2024-07-31,NWS,NWS,Communication Services,5,0.022727272727272728
43,2024-07-31,NWSA,NWSA,Communication Services,5,0.022727272727272728
43,2024-07-31,AMZN,AMZN,Consumer Discretionary,5,0.009090909090909092
43,2024-07-31,BKNG,BKNG,Consumer Discretionary,5,0.009090909090909092
43,2024-07-31,CMG,CMG,Consumer Discretionary,5,0.009090909090909092
43,2024-07-31,DECK,DECK,Consumer Discretionary,5,0.009090909090909092
43,2024-07-31,DPZ,DPZ,Consumer Discretionary,5,0.009090909090909092
43,2024-07-31,GRMN,GRMN,Consumer Discretionary,5,0.009090909090909092
43,2024-07-31,HLT,HLT,Consumer Discretionary,5,0.009090909090909092
43,2024-07-31,PHM,PHM,Consumer Discretionary,5,0.009090909090909092
43,2024-07-31,RCL,RCL,Consumer Discretionary,5,0.009090909090909092
43,2024-07-31,RL,RL,Consumer Discretionary,5,0.009090909090909092
43,2024-07-31,CHD,CHD,Consumer Staples,5,0.012987012987012986
43,2024-07-31,CL,CL,Consumer Staples,5,0.012987012987012986
43,2024-07-31,COST,COST,Consumer Staples,5,0.012987012987012986
43,2024-07-31,KMB,KMB,Consumer Staples,5,0.012987012987012986
43,2024-07-31,MO,MO,Consumer Staples,5,0.012987012987012986
43,2024-07-31,TGT,TGT,Consumer Staples,5,0.012987012987012986
43,2024-07-31,WMT,WMT,Consumer Staples,5,0.012987012987012986
43,2024-07-31,FANG,FANG,Energy,5,0.022727272727272728
43,2024-07-31,MPC,MPC,Energy,5,0.022727272727272728
43,2024-07-31,PSX,PSX,Energy,5,0.022727272727272728
43,2024-07-31,TRGP,TRGP,Energy,5,0.022727272727272728
43,2024-07-31,ACGL,ACGL,Financials,5,0.006493506493506493
43,2024-07-31,ALL,ALL,Financials,5,0.006493506493506493
43,2024-07-31,AXP,AXP,Financials,5,0.006493506493506493
43,2024-07-31,BNY,BNY,Financials,5,0.006493506493506493
43,2024-07-31,C,C,Financials,5,0.006493506493506493
43,2024-07-31,FITB,FITB,Financials,5,0.006493506493506493
43,2024-07-31,GS,GS,Financials,5,0.006493506493506493
43,2024-07-31,HIG,HIG,Financials,5,0.006493506493506493
43,2024-07-31,JPM,JPM,Financials,5,0.006493506493506493
43,2024-07-31,KKR,KKR,Financials,5,0.006493506493506493
43,2024-07-31,PGR,PGR,Financials,5,0.006493506493506493
43,2024-07-31,SYF,SYF,Financials,5,0.006493506493506493
43,2024-07-31,WFC,WFC,Financials,5,0.006493506493506493
43,2024-07-31,WRB,WRB,Financials,5,0.006493506493506493
43,2024-07-31,AMGN,AMGN,Health Care,5,0.007575757575757576
43,2024-07-31,BSX,BSX,Health Care,5,0.007575757575757576
43,2024-07-31,COR,COR,Health Care,5,0.007575757575757576
43,2024-07-31,DVA,DVA,Health Care,5,0.007575757575757576
43,2024-07-31,ISRG,ISRG,Health Care,5,0.007575757575757576
43,2024-07-31,LLY,LLY,Health Care,5,0.007575757575757576
43,2024-07-31,MCK,MCK,Health Care,5,0.007575757575757576
43,2024-07-31,MRK,MRK,Health Care,5,0.007575757575757576
43,2024-07-31,REGN,REGN,Health Care,5,0.007575757575757576
43,2024-07-31,SYK,SYK,Health Care,5,0.007575757575757576
43,2024-07-31,UHS,UHS,Health Care,5,0.007575757575757576
43,2024-07-31,VRTX,VRTX,Health Care,5,0.007575757575757576
43,2024-07-31,AXON,AXON,Industrials,5,0.006060606060606061
43,2024-07-31,CTAS,CTAS,Industrials,5,0.006060606060606061
43,2024-07-31,ETN,ETN,Industrials,5,0.006060606060606061
43,2024-07-31,GD,GD,Industrials,5,0.006060606060606061
43,2024-07-31,GE,GE,Industrials,5,0.006060606060606061
43,2024-07-31,HWM,HWM,Industrials,5,0.006060606060606061
43,2024-07-31,IR,IR,Industrials,5,0.006060606060606061
43,2024-07-31,LDOS,LDOS,Industrials,5,0.006060606060606061
43,2024-07-31,RSG,RSG,Industrials,5,0.006060606060606061
43,2024-07-31,TDG,TDG,Industrials,5,0.006060606060606061
43,2024-07-31,TT,TT,Industrials,5,0.006060606060606061
43,2024-07-31,UBER,UBER,Industrials,5,0.006060606060606061
43,2024-07-31,URI,URI,Industrials,5,0.006060606060606061
43,2024-07-31,WAB,WAB,Industrials,5,0.006060606060606061
43,2024-07-31,WM,WM,Industrials,5,0.006060606060606061
43,2024-07-31,AMAT,AMAT,Information Technology,5,0.006993006993006994
43,2024-07-31,ANET,ANET,Information Technology,5,0.006993006993006994
43,2024-07-31,AVGO,AVGO,Information Technology,5,0.006993006993006994
43,2024-07-31,CRWD,CRWD,Information Technology,5,0.006993006993006994
43,2024-07-31,FICO,FICO,Information Technology,5,0.006993006993006994
43,2024-07-31,GDDY,GDDY,Information Technology,5,0.006993006993006994
43,2024-07-31,KLAC,KLAC,Information Technology,5,0.006993006993006994
43,2024-07-31,MU,MU,Information Technology,5,0.006993006993006994
43,2024-07-31,NTAP,NTAP,Information Technology,5,0.006993006993006994
43,2024-07-31,NVDA,NVDA,Information Technology,5,0.006993006993006994
43,2024-07-31,SMCI,SMCI,Information Technology,5,0.006993006993006994
43,2024-07-31,STX,STX,Information Technology,5,0.006993006993006994
43,2024-07-31,WDC,WDC,Information Technology,5,0.006993006993006994
43,2024-07-31,ECL,ECL,Materials,5,0.018181818181818184
43,2024-07-31,IP,IP,Materials,5,0.018181818181818184
43,2024-07-31,MLM,MLM,Materials,5,0.018181818181818184
43,2024-07-31,PKG,PKG,Materials,5,0.018181818181818184
43,2024-07-31,STLD,STLD,Materials,5,0.018181818181818184
43,2024-07-31,DLR,DLR,Real Estate,5,0.015151515151515152
43,2024-07-31,ESS,ESS,Real Estate,5,0.015151515151515152
43,2024-07-31,EXR,EXR,Real Estate,5,0.015151515151515152
43,2024-07-31,IRM,IRM,Real Estate,5,0.015151515151515152
43,2024-07-31,SPG,SPG,Real Estate,5,0.015151515151515152
43,2024-07-31,WELL,WELL,Real Estate,5,0.015151515151515152
43,2024-07-31,CEG,CEG,Utilities,5,0.015151515151515152
43,2024-07-31,DUK,DUK,Utilities,5,0.015151515151515152
43,2024-07-31,NRG,NRG,Utilities,5,0.015151515151515152
43,2024-07-31,PEG,PEG,Utilities,5,0.015151515151515152
43,2024-07-31,SO,SO,Utilities,5,0.015151515151515152
43,2024-07-31,VST,VST,Utilities,5,0.015151515151515152
44,2024-08-30,META,META,Communication Services,5,0.022727272727272728
44,2024-08-30,NFLX,NFLX,Communication Services,5,0.022727272727272728
44,2024-08-30,T,T,Communication Services,5,0.022727272727272728
44,2024-08-30,TMUS,TMUS,Communication Services,5,0.022727272727272728
44,2024-08-30,CMG,CMG,Consumer Discretionary,5,0.009090909090909092
44,2024-08-30,DECK,DECK,Consumer Discretionary,5,0.009090909090909092
44,2024-08-30,DHI,DHI,Consumer Discretionary,5,0.009090909090909092
44,2024-08-30,GRMN,GRMN,Consumer Discretionary,5,0.009090909090909092
44,2024-08-30,HLT,HLT,Consumer Discretionary,5,0.009090909090909092
44,2024-08-30,LEN,LEN,Consumer Discretionary,5,0.009090909090909092
44,2024-08-30,MHK,MHK,Consumer Discretionary,5,0.009090909090909092
44,2024-08-30,PHM,PHM,Consumer Discretionary,5,0.009090909090909092
44,2024-08-30,RCL,RCL,Consumer Discretionary,5,0.009090909090909092
44,2024-08-30,RL,RL,Consumer Discretionary,5,0.009090909090909092
44,2024-08-30,CL,CL,Consumer Staples,5,0.012987012987012986
44,2024-08-30,COST,COST,Consumer Staples,5,0.012987012987012986
44,2024-08-30,KR,KR,Consumer Staples,5,0.012987012987012986
44,2024-08-30,MO,MO,Consumer Staples,5,0.012987012987012986
44,2024-08-30,PM,PM,Consumer Staples,5,0.012987012987012986
44,2024-08-30,TGT,TGT,Consumer Staples,5,0.012987012987012986
44,2024-08-30,WMT,WMT,Consumer Staples,5,0.012987012987012986
44,2024-08-30,FANG,FANG,Energy,5,0.022727272727272728
44,2024-08-30,OKE,OKE,Energy,5,0.022727272727272728
44,2024-08-30,TRGP,TRGP,Energy,5,0.022727272727272728
44,2024-08-30,WMB,WMB,Energy,5,0.022727272727272728
44,2024-08-30,ALL,ALL,Financials,5,0.006493506493506493
44,2024-08-30,AXP,AXP,Financials,5,0.006493506493506493
44,2024-08-30,C,C,Financials,5,0.006493506493506493
44,2024-08-30,CFG,CFG,Financials,5,0.006493506493506493
44,2024-08-30,COF,COF,Financials,5,0.006493506493506493
44,2024-08-30,DFS,DFS,Financials,5,0.006493506493506493
44,2024-08-30,FITB,FITB,Financials,5,0.006493506493506493
44,2024-08-30,GS,GS,Financials,5,0.006493506493506493
44,2024-08-30,HIG,HIG,Financials,5,0.006493506493506493
44,2024-08-30,KKR,KKR,Financials,5,0.006493506493506493
44,2024-08-30,PGR,PGR,Financials,5,0.006493506493506493
44,2024-08-30,PNC,PNC,Financials,5,0.006493506493506493
44,2024-08-30,SYF,SYF,Financials,5,0.006493506493506493
44,2024-08-30,TFC,TFC,Financials,5,0.006493506493506493
44,2024-08-30,ABBV,ABBV,Health Care,5,0.007575757575757576
44,2024-08-30,AMGN,AMGN,Health Care,5,0.007575757575757576
44,2024-08-30,BSX,BSX,Health Care,5,0.007575757575757576
44,2024-08-30,COR,COR,Health Care,5,0.007575757575757576
44,2024-08-30,DVA,DVA,Health Care,5,0.007575757575757576
44,2024-08-30,HCA,HCA,Health Care,5,0.007575757575757576
44,2024-08-30,ISRG,ISRG,Health Care,5,0.007575757575757576
44,2024-08-30,LLY,LLY,Health Care,5,0.007575757575757576
44,2024-08-30,MCK,MCK,Health Care,5,0.007575757575757576
44,2024-08-30,RMD,RMD,Health Care,5,0.007575757575757576
44,2024-08-30,UHS,UHS,Health Care,5,0.007575757575757576
44,2024-08-30,VRTX,VRTX,Health Care,5,0.007575757575757576
44,2024-08-30,AXON,AXON,Industrials,5,0.006060606060606061
44,2024-08-30,CTAS,CTAS,Industrials,5,0.006060606060606061
44,2024-08-30,GE,GE,Industrials,5,0.006060606060606061
44,2024-08-30,GWW,GWW,Industrials,5,0.006060606060606061
44,2024-08-30,HWM,HWM,Industrials,5,0.006060606060606061
44,2024-08-30,IR,IR,Industrials,5,0.006060606060606061
44,2024-08-30,LDOS,LDOS,Industrials,5,0.006060606060606061
44,2024-08-30,MMM,MMM,Industrials,5,0.006060606060606061
44,2024-08-30,RSG,RSG,Industrials,5,0.006060606060606061
44,2024-08-30,RTX,RTX,Industrials,5,0.006060606060606061
44,2024-08-30,TDG,TDG,Industrials,5,0.006060606060606061
44,2024-08-30,TT,TT,Industrials,5,0.006060606060606061
44,2024-08-30,UBER,UBER,Industrials,5,0.006060606060606061
44,2024-08-30,URI,URI,Industrials,5,0.006060606060606061
44,2024-08-30,WAB,WAB,Industrials,5,0.006060606060606061
44,2024-08-30,ANET,ANET,Information Technology,5,0.006993006993006994
44,2024-08-30,AVGO,AVGO,Information Technology,5,0.006993006993006994
44,2024-08-30,FICO,FICO,Information Technology,5,0.006993006993006994
44,2024-08-30,GDDY,GDDY,Information Technology,5,0.006993006993006994
44,2024-08-30,KLAC,KLAC,Information Technology,5,0.006993006993006994
44,2024-08-30,MPWR,MPWR,Information Technology,5,0.006993006993006994
44,2024-08-30,MU,MU,Information Technology,5,0.006993006993006994
44,2024-08-30,NTAP,NTAP,Information Technology,5,0.006993006993006994
44,2024-08-30,NVDA,NVDA,Information Technology,5,0.006993006993006994
44,2024-08-30,QCOM,QCOM,Information Technology,5,0.006993006993006994
44,2024-08-30,SMCI,SMCI,Information Technology,5,0.006993006993006994
44,2024-08-30,STX,STX,Information Technology,5,0.006993006993006994
44,2024-08-30,WDC,WDC,Information Technology,5,0.006993006993006994
44,2024-08-30,IFF,IFF,Materials,5,0.018181818181818184
44,2024-08-30,IP,IP,Materials,5,0.018181818181818184
44,2024-08-30,MLM,MLM,Materials,5,0.018181818181818184
44,2024-08-30,PKG,PKG,Materials,5,0.018181818181818184
44,2024-08-30,SHW,SHW,Materials,5,0.018181818181818184
44,2024-08-30,CBRE,CBRE,Real Estate,5,0.015151515151515152
44,2024-08-30,EXR,EXR,Real Estate,5,0.015151515151515152
44,2024-08-30,IRM,IRM,Real Estate,5,0.015151515151515152
44,2024-08-30,SPG,SPG,Real Estate,5,0.015151515151515152
44,2024-08-30,VTR,VTR,Real Estate,5,0.015151515151515152
44,2024-08-30,WELL,WELL,Real Estate,5,0.015151515151515152
44,2024-08-30,AEP,AEP,Utilities,5,0.015151515151515152
44,2024-08-30,CEG,CEG,Utilities,5,0.015151515151515152
44,2024-08-30,DUK,DUK,Utilities,5,0.015151515151515152
44,2024-08-30,NRG,NRG,Utilities,5,0.015151515151515152
44,2024-08-30,PEG,PEG,Utilities,5,0.015151515151515152
44,2024-08-30,VST,VST,Utilities,5,0.015151515151515152
45,2024-09-30,META,META,Communication Services,5,0.022727272727272728
45,2024-09-30,NFLX,NFLX,Communication Services,5,0.022727272727272728
45,2024-09-30,NWSA,NWSA,Communication Services,5,0.022727272727272728
45,2024-09-30,TMUS,TMUS,Communication Services,5,0.022727272727272728
45,2024-09-30,CMG,CMG,Consumer Discretionary,5,0.009090909090909092
45,2024-09-30,DECK,DECK,Consumer Discretionary,5,0.009090909090909092
45,2024-09-30,DHI,DHI,Consumer Discretionary,5,0.009090909090909092
45,2024-09-30,GM,GM,Consumer Discretionary,5,0.009090909090909092
45,2024-09-30,GRMN,GRMN,Consumer Discretionary,5,0.009090909090909092
45,2024-09-30,LEN,LEN,Consumer Discretionary,5,0.009090909090909092
45,2024-09-30,MHK,MHK,Consumer Discretionary,5,0.009090909090909092
45,2024-09-30,NVR,NVR,Consumer Discretionary,5,0.009090909090909092
45,2024-09-30,PHM,PHM,Consumer Discretionary,5,0.009090909090909092
45,2024-09-30,RCL,RCL,Consumer Discretionary,5,0.009090909090909092
45,2024-09-30,CL,CL,Consumer Staples,5,0.012987012987012986
45,2024-09-30,COST,COST,Consumer Staples,5,0.012987012987012986
45,2024-09-30,K,K,Consumer Staples,5,0.012987012987012986
45,2024-09-30,MO,MO,Consumer Staples,5,0.012987012987012986
45,2024-09-30,PM,PM,Consumer Staples,5,0.012987012987012986
45,2024-09-30,TGT,TGT,Consumer Staples,5,0.012987012987012986
45,2024-09-30,WMT,WMT,Consumer Staples,5,0.012987012987012986
45,2024-09-30,KMI,KMI,Energy,5,0.022727272727272728
45,2024-09-30,OKE,OKE,Energy,5,0.022727272727272728
45,2024-09-30,TRGP,TRGP,Energy,5,0.022727272727272728
45,2024-09-30,WMB,WMB,Energy,5,0.022727272727272728
45,2024-09-30,ALL,ALL,Financials,5,0.006493506493506493
45,2024-09-30,AXP,AXP,Financials,5,0.006493506493506493
45,2024-09-30,BNY,BNY,Financials,5,0.006493506493506493
45,2024-09-30,CFG,CFG,Financials,5,0.006493506493506493
45,2024-09-30,DFS,DFS,Financials,5,0.006493506493506493
45,2024-09-30,ERIE,ERIE,Financials,5,0.006493506493506493
45,2024-09-30,FITB,FITB,Financials,5,0.006493506493506493
45,2024-09-30,GS,GS,Financials,5,0.006493506493506493
45,2024-09-30,HIG,HIG,Financials,5,0.006493506493506493
45,2024-09-30,KEY,KEY,Financials,5,0.006493506493506493
45,2024-09-30,KKR,KKR,Financials,5,0.006493506493506493
45,2024-09-30,PGR,PGR,Financials,5,0.006493506493506493
45,2024-09-30,SYF,SYF,Financials,5,0.006493506493506493
45,2024-09-30,TFC,TFC,Financials,5,0.006493506493506493
45,2024-09-30,ABBV,ABBV,Health Care,5,0.007575757575757576
45,2024-09-30,BSX,BSX,Health Care,5,0.007575757575757576
45,2024-09-30,COR,COR,Health Care,5,0.007575757575757576
45,2024-09-30,CTLT,CTLT,Health Care,5,0.007575757575757576
45,2024-09-30,DVA,DVA,Health Care,5,0.007575757575757576
45,2024-09-30,HCA,HCA,Health Care,5,0.007575757575757576
45,2024-09-30,ISRG,ISRG,Health Care,5,0.007575757575757576
45,2024-09-30,LLY,LLY,Health Care,5,0.007575757575757576
45,2024-09-30,REGN,REGN,Health Care,5,0.007575757575757576
45,2024-09-30,RMD,RMD,Health Care,5,0.007575757575757576
45,2024-09-30,UHS,UHS,Health Care,5,0.007575757575757576
45,2024-09-30,VRTX,VRTX,Health Care,5,0.007575757575757576
45,2024-09-30,AXON,AXON,Industrials,5,0.006060606060606061
45,2024-09-30,CTAS,CTAS,Industrials,5,0.006060606060606061
45,2024-09-30,EFX,EFX,Industrials,5,0.006060606060606061
45,2024-09-30,GE,GE,Industrials,5,0.006060606060606061
45,2024-09-30,HWM,HWM,Industrials,5,0.006060606060606061
45,2024-09-30,LDOS,LDOS,Industrials,5,0.006060606060606061
45,2024-09-30,MMM,MMM,Industrials,5,0.006060606060606061
45,2024-09-30,PH,PH,Industrials,5,0.006060606060606061
45,2024-09-30,RTX,RTX,Industrials,5,0.006060606060606061
45,2024-09-30,TDG,TDG,Industrials,5,0.006060606060606061
45,2024-09-30,TT,TT,Industrials,5,0.006060606060606061
45,2024-09-30,UBER,UBER,Industrials,5,0.006060606060606061
45,2024-09-30,URI,URI,Industrials,5,0.006060606060606061
45,2024-09-30,WAB,WAB,Industrials,5,0.006060606060606061
45,2024-09-30,XYL,XYL,Industrials,5,0.006060606060606061
45,2024-09-30,ANET,ANET,Information Technology,5,0.006993006993006994
45,2024-09-30,APH,APH,Information Technology,5,0.006993006993006994
45,2024-09-30,AVGO,AVGO,Information Technology,5,0.006993006993006994
45,2024-09-30,CRWD,CRWD,Information Technology,5,0.006993006993006994
45,2024-09-30,DELL,DELL,Information Technology,5,0.006993006993006994
45,2024-09-30,FICO,FICO,Information Technology,5,0.006993006993006994
45,2024-09-30,GDDY,GDDY,Information Technology,5,0.006993006993006994
45,2024-09-30,KLAC,KLAC,Information Technology,5,0.006993006993006994
45,2024-09-30,MPWR,MPWR,Information Technology,5,0.006993006993006994
45,2024-09-30,MSI,MSI,Information Technology,5,0.006993006993006994
45,2024-09-30,NTAP,NTAP,Information Technology,5,0.006993006993006994
45,2024-09-30,NVDA,NVDA,Information Technology,5,0.006993006993006994
45,2024-09-30,PLTR,PLTR,Information Technology,5,0.006993006993006994
45,2024-09-30,ECL,ECL,Materials,5,0.018181818181818184
45,2024-09-30,IFF,IFF,Materials,5,0.018181818181818184
45,2024-09-30,NEM,NEM,Materials,5,0.018181818181818184
45,2024-09-30,SHW,SHW,Materials,5,0.018181818181818184
45,2024-09-30,SW,SW,Materials,5,0.018181818181818184
45,2024-09-30,CBRE,CBRE,Real Estate,5,0.015151515151515152
45,2024-09-30,EXR,EXR,Real Estate,5,0.015151515151515152
45,2024-09-30,IRM,IRM,Real Estate,5,0.015151515151515152
45,2024-09-30,SPG,SPG,Real Estate,5,0.015151515151515152
45,2024-09-30,VTR,VTR,Real Estate,5,0.015151515151515152
45,2024-09-30,WELL,WELL,Real Estate,5,0.015151515151515152
45,2024-09-30,CEG,CEG,Utilities,5,0.015151515151515152
45,2024-09-30,EIX,EIX,Utilities,5,0.015151515151515152
45,2024-09-30,NEE,NEE,Utilities,5,0.015151515151515152
45,2024-09-30,NRG,NRG,Utilities,5,0.015151515151515152
45,2024-09-30,PEG,PEG,Utilities,5,0.015151515151515152
45,2024-09-30,VST,VST,Utilities,5,0.015151515151515152
46,2024-10-31,META,META,Communication Services,5,0.022727272727272728
46,2024-10-31,NFLX,NFLX,Communication Services,5,0.022727272727272728
46,2024-10-31,T,T,Communication Services,5,0.022727272727272728
46,2024-10-31,TMUS,TMUS,Communication Services,5,0.022727272727272728
46,2024-10-31,DHI,DHI,Consumer Discretionary,5,0.009090909090909092
46,2024-10-31,EBAY,EBAY,Consumer Discretionary,5,0.009090909090909092
46,2024-10-31,GRMN,GRMN,Consumer Discretionary,5,0.009090909090909092
46,2024-10-31,LEN,LEN,Consumer Discretionary,5,0.009090909090909092
46,2024-10-31,MHK,MHK,Consumer Discretionary,5,0.009090909090909092
46,2024-10-31,NVR,NVR,Consumer Discretionary,5,0.009090909090909092
46,2024-10-31,PHM,PHM,Consumer Discretionary,5,0.009090909090909092
46,2024-10-31,RCL,RCL,Consumer Discretionary,5,0.009090909090909092
46,2024-10-31,RL,RL,Consumer Discretionary,5,0.009090909090909092
46,2024-10-31,TPR,TPR,Consumer Discretionary,5,0.009090909090909092
46,2024-10-31,CL,CL,Consumer Staples,5,0.012987012987012986
46,2024-10-31,CLX,CLX,Consumer Staples,5,0.012987012987012986
46,2024-10-31,COST,COST,Consumer Staples,5,0.012987012987012986
46,2024-10-31,K,K,Consumer Staples,5,0.012987012987012986
46,2024-10-31,PM,PM,Consumer Staples,5,0.012987012987012986
46,2024-10-31,TGT,TGT,Consumer Staples,5,0.012987012987012986
46,2024-10-31,WMT,WMT,Consumer Staples,5,0.012987012987012986
46,2024-10-31,KMI,KMI,Energy,5,0.022727272727272728
46,2024-10-31,OKE,OKE,Energy,5,0.022727272727272728
46,2024-10-31,TRGP,TRGP,Energy,5,0.022727272727272728
46,2024-10-31,WMB,WMB,Energy,5,0.022727272727272728
46,2024-10-31,AXP,AXP,Financials,5,0.006493506493506493
46,2024-10-31,BNY,BNY,Financials,5,0.006493506493506493
46,2024-10-31,BX,BX,Financials,5,0.006493506493506493
46,2024-10-31,CFG,CFG,Financials,5,0.006493506493506493
46,2024-10-31,DFS,DFS,Financials,5,0.006493506493506493
46,2024-10-31,ERIE,ERIE,Financials,5,0.006493506493506493
46,2024-10-31,FIS,FIS,Financials,5,0.006493506493506493
46,2024-10-31,FITB,FITB,Financials,5,0.006493506493506493
46,2024-10-31,GS,GS,Financials,5,0.006493506493506493
46,2024-10-31,KEY,KEY,Financials,5,0.006493506493506493
46,2024-10-31,KKR,KKR,Financials,5,0.006493506493506493
46,2024-10-31,PNC,PNC,Financials,5,0.006493506493506493
46,2024-10-31,RF,RF,Financials,5,0.006493506493506493
46,2024-10-31,SYF,SYF,Financials,5,0.006493506493506493
46,2024-10-31,BSX,BSX,Health Care,5,0.007575757575757576
46,2024-10-31,CTLT,CTLT,Health Care,5,0.007575757575757576
46,2024-10-31,DVA,DVA,Health Care,5,0.007575757575757576
46,2024-10-31,HCA,HCA,Health Care,5,0.007575757575757576
46,2024-10-31,ISRG,ISRG,Health Care,5,0.007575757575757576
46,2024-10-31,LLY,LLY,Health Care,5,0.007575757575757576
46,2024-10-31,MTD,MTD,Health Care,5,0.007575757575757576
46,2024-10-31,PODD,PODD,Health Care,5,0.007575757575757576
46,2024-10-31,RMD,RMD,Health Care,5,0.007575757575757576
46,2024-10-31,RVTY,RVTY,Health Care,5,0.007575757575757576
46,2024-10-31,UHS,UHS,Health Care,5,0.007575757575757576
46,2024-10-31,WAT,WAT,Health Care,5,0.007575757575757576
46,2024-10-31,AXON,AXON,Industrials,5,0.006060606060606061
46,2024-10-31,BLDR,BLDR,Industrials,5,0.006060606060606061
46,2024-10-31,CAT,CAT,Industrials,5,0.006060606060606061
46,2024-10-31,EFX,EFX,Industrials,5,0.006060606060606061
46,2024-10-31,GE,GE,Industrials,5,0.006060606060606061
46,2024-10-31,GNRC,GNRC,Industrials,5,0.006060606060606061
46,2024-10-31,HWM,HWM,Industrials,5,0.006060606060606061
46,2024-10-31,MMM,MMM,Industrials,5,0.006060606060606061
46,2024-10-31,PH,PH,Industrials,5,0.006060606060606061
46,2024-10-31,PWR,PWR,Industrials,5,0.006060606060606061
46,2024-10-31,TDG,TDG,Industrials,5,0.006060606060606061
46,2024-10-31,TT,TT,Industrials,5,0.006060606060606061
46,2024-10-31,UBER,UBER,Industrials,5,0.006060606060606061
46,2024-10-31,URI,URI,Industrials,5,0.006060606060606061
46,2024-10-31,WAB,WAB,Industrials,5,0.006060606060606061
46,2024-10-31,ANET,ANET,Information Technology,5,0.006993006993006994
46,2024-10-31,AVGO,AVGO,Information Technology,5,0.006993006993006994
46,2024-10-31,DELL,DELL,Information Technology,5,0.006993006993006994
46,2024-10-31,FICO,FICO,Information Technology,5,0.006993006993006994
46,2024-10-31,FSLR,FSLR,Information Technology,5,0.006993006993006994
46,2024-10-31,GDDY,GDDY,Information Technology,5,0.006993006993006994
46,2024-10-31,GLW,GLW,Information Technology,5,0.006993006993006994
46,2024-10-31,MPWR,MPWR,Information Technology,5,0.006993006993006994
46,2024-10-31,NTAP,NTAP,Information Technology,5,0.006993006993006994
46,2024-10-31,NVDA,NVDA,Information Technology,5,0.006993006993006994
46,2024-10-31,PLTR,PLTR,Information Technology,5,0.006993006993006994
46,2024-10-31,SMCI,SMCI,Information Technology,5,0.006993006993006994
46,2024-10-31,ZBRA,ZBRA,Information Technology,5,0.006993006993006994
46,2024-10-31,ECL,ECL,Materials,5,0.018181818181818184
46,2024-10-31,EMN,EMN,Materials,5,0.018181818181818184
46,2024-10-31,IFF,IFF,Materials,5,0.018181818181818184
46,2024-10-31,SHW,SHW,Materials,5,0.018181818181818184
46,2024-10-31,SW,SW,Materials,5,0.018181818181818184
46,2024-10-31,BXP,BXP,Real Estate,5,0.015151515151515152
46,2024-10-31,CBRE,CBRE,Real Estate,5,0.015151515151515152
46,2024-10-31,EXR,EXR,Real Estate,5,0.015151515151515152
46,2024-10-31,IRM,IRM,Real Estate,5,0.015151515151515152
46,2024-10-31,PSA,PSA,Real Estate,5,0.015151515151515152
46,2024-10-31,SPG,SPG,Real Estate,5,0.015151515151515152
46,2024-10-31,CEG,CEG,Utilities,5,0.015151515151515152
46,2024-10-31,D,D,Utilities,5,0.015151515151515152
46,2024-10-31,NEE,NEE,Utilities,5,0.015151515151515152
46,2024-10-31,NRG,NRG,Utilities,5,0.015151515151515152
46,2024-10-31,PEG,PEG,Utilities,5,0.015151515151515152
46,2024-10-31,VST,VST,Utilities,5,0.015151515151515152
47,2024-11-29,META,META,Communication Services,5,0.022727272727272728
47,2024-11-29,NFLX,NFLX,Communication Services,5,0.022727272727272728
47,2024-11-29,T,T,Communication Services,5,0.022727272727272728
47,2024-11-29,TMUS,TMUS,Communication Services,5,0.022727272727272728
47,2024-11-29,BKNG,BKNG,Consumer Discretionary,5,0.009090909090909092
47,2024-11-29,GM,GM,Consumer Discretionary,5,0.009090909090909092
47,2024-11-29,GRMN,GRMN,Consumer Discretionary,5,0.009090909090909092
47,2024-11-29,MHK,MHK,Consumer Discretionary,5,0.009090909090909092
47,2024-11-29,NCLH,NCLH,Consumer Discretionary,5,0.009090909090909092
47,2024-11-29,NVR,NVR,Consumer Discretionary,5,0.009090909090909092
47,2024-11-29,PHM,PHM,Consumer Discretionary,5,0.009090909090909092
47,2024-11-29,RCL,RCL,Consumer Discretionary,5,0.009090909090909092
47,2024-11-29,RL,RL,Consumer Discretionary,5,0.009090909090909092
47,2024-11-29,TPR,TPR,Consumer Discretionary,5,0.009090909090909092
47,2024-11-29,COST,COST,Consumer Staples,5,0.012987012987012986
47,2024-11-29,K,K,Consumer Staples,5,0.012987012987012986
47,2024-11-29,KR,KR,Consumer Staples,5,0.012987012987012986
47,2024-11-29,MO,MO,Consumer Staples,5,0.012987012987012986
47,2024-11-29,PM,PM,Consumer Staples,5,0.012987012987012986
47,2024-11-29,TSN,TSN,Consumer Staples,5,0.012987012987012986
47,2024-11-29,WMT,WMT,Consumer Staples,5,0.012987012987012986
47,2024-11-29,KMI,KMI,Energy,5,0.022727272727272728
47,2024-11-29,TPL,TPL,Energy,5,0.022727272727272728
47,2024-11-29,TRGP,TRGP,Energy,5,0.022727272727272728
47,2024-11-29,WMB,WMB,Energy,5,0.022727272727272728
47,2024-11-29,AXP,AXP,Financials,5,0.006493506493506493
47,2024-11-29,BNY,BNY,Financials,5,0.006493506493506493
47,2024-11-29,BX,BX,Financials,5,0.006493506493506493
47,2024-11-29,CFG,CFG,Financials,5,0.006493506493506493
47,2024-11-29,DFS,DFS,Financials,5,0.006493506493506493
47,2024-11-29,ERIE,ERIE,Financials,5,0.006493506493506493
47,2024-11-29,FIS,FIS,Financials,5,0.006493506493506493
47,2024-11-29,FISV,FISV,Financials,5,0.006493506493506493
47,2024-11-29,FITB,FITB,Financials,5,0.006493506493506493
47,2024-11-29,GS,GS,Financials,5,0.006493506493506493
47,2024-11-29,KKR,KKR,Financials,5,0.006493506493506493
47,2024-11-29,MS,MS,Financials,5,0.006493506493506493
47,2024-11-29,MTB,MTB,Financials,5,0.006493506493506493
47,2024-11-29,SYF,SYF,Financials,5,0.006493506493506493
47,2024-11-29,ABBV,ABBV,Health Care,5,0.007575757575757576
47,2024-11-29,BSX,BSX,Health Care,5,0.007575757575757576
47,2024-11-29,CTLT,CTLT,Health Care,5,0.007575757575757576
47,2024-11-29,DVA,DVA,Health Care,5,0.007575757575757576
47,2024-11-29,HCA,HCA,Health Care,5,0.007575757575757576
47,2024-11-29,INCY,INCY,Health Care,5,0.007575757575757576
47,2024-11-29,ISRG,ISRG,Health Care,5,0.007575757575757576
47,2024-11-29,LLY,LLY,Health Care,5,0.007575757575757576
47,2024-11-29,RMD,RMD,Health Care,5,0.007575757575757576
47,2024-11-29,RVTY,RVTY,Health Care,5,0.007575757575757576
47,2024-11-29,UHS,UHS,Health Care,5,0.007575757575757576
47,2024-11-29,VRTX,VRTX,Health Care,5,0.007575757575757576
47,2024-11-29,AXON,AXON,Industrials,5,0.006060606060606061
47,2024-11-29,CAT,CAT,Industrials,5,0.006060606060606061
47,2024-11-29,CTAS,CTAS,Industrials,5,0.006060606060606061
47,2024-11-29,DAL,DAL,Industrials,5,0.006060606060606061
47,2024-11-29,GE,GE,Industrials,5,0.006060606060606061
47,2024-11-29,HWM,HWM,Industrials,5,0.006060606060606061
47,2024-11-29,LDOS,LDOS,Industrials,5,0.006060606060606061
47,2024-11-29,MMM,MMM,Industrials,5,0.006060606060606061
47,2024-11-29,PNR,PNR,Industrials,5,0.006060606060606061
47,2024-11-29,PWR,PWR,Industrials,5,0.006060606060606061
47,2024-11-29,RTX,RTX,Industrials,5,0.006060606060606061
47,2024-11-29,TT,TT,Industrials,5,0.006060606060606061
47,2024-11-29,UAL,UAL,Industrials,5,0.006060606060606061
47,2024-11-29,URI,URI,Industrials,5,0.006060606060606061
47,2024-11-29,WAB,WAB,Industrials,5,0.006060606060606061
47,2024-11-29,ANET,ANET,Information Technology,5,0.006993006993006994
47,2024-11-29,APH,APH,Information Technology,5,0.006993006993006994
47,2024-11-29,AVGO,AVGO,Information Technology,5,0.006993006993006994
47,2024-11-29,DELL,DELL,Information Technology,5,0.006993006993006994
47,2024-11-29,FICO,FICO,Information Technology,5,0.006993006993006994
47,2024-11-29,FTNT,FTNT,Information Technology,5,0.006993006993006994
47,2024-11-29,GDDY,GDDY,Information Technology,5,0.006993006993006994
47,2024-11-29,GLW,GLW,Information Technology,5,0.006993006993006994
47,2024-11-29,NVDA,NVDA,Information Technology,5,0.006993006993006994
47,2024-11-29,ORCL,ORCL,Information Technology,5,0.006993006993006994
47,2024-11-29,PLTR,PLTR,Information Technology,5,0.006993006993006994
47,2024-11-29,TYL,TYL,Information Technology,5,0.006993006993006994
47,2024-11-29,ZBRA,ZBRA,Information Technology,5,0.006993006993006994
47,2024-11-29,CTVA,CTVA,Materials,5,0.018181818181818184
47,2024-11-29,IFF,IFF,Materials,5,0.018181818181818184
47,2024-11-29,IP,IP,Materials,5,0.018181818181818184
47,2024-11-29,PKG,PKG,Materials,5,0.018181818181818184
47,2024-11-29,SW,SW,Materials,5,0.018181818181818184
47,2024-11-29,BXP,BXP,Real Estate,5,0.015151515151515152
47,2024-11-29,CBRE,CBRE,Real Estate,5,0.015151515151515152
47,2024-11-29,IRM,IRM,Real Estate,5,0.015151515151515152
47,2024-11-29,SPG,SPG,Real Estate,5,0.015151515151515152
47,2024-11-29,VTR,VTR,Real Estate,5,0.015151515151515152
47,2024-11-29,WELL,WELL,Real Estate,5,0.015151515151515152
47,2024-11-29,CEG,CEG,Utilities,5,0.015151515151515152
47,2024-11-29,ETR,ETR,Utilities,5,0.015151515151515152
47,2024-11-29,NI,NI,Utilities,5,0.015151515151515152
47,2024-11-29,NRG,NRG,Utilities,5,0.015151515151515152
47,2024-11-29,PEG,PEG,Utilities,5,0.015151515151515152
47,2024-11-29,VST,VST,Utilities,5,0.015151515151515152
48,2024-12-31,FOX,FOX,Communication Services,5,0.022727272727272728
48,2024-12-31,FOXA,FOXA,Communication Services,5,0.022727272727272728
48,2024-12-31,META,META,Communication Services,5,0.022727272727272728
48,2024-12-31,NFLX,NFLX,Communication Services,5,0.022727272727272728
48,2024-12-31,BKNG,BKNG,Consumer Discretionary,5,0.009090909090909092
48,2024-12-31,DECK,DECK,Consumer Discretionary,5,0.009090909090909092
48,2024-12-31,EBAY,EBAY,Consumer Discretionary,5,0.009090909090909092
48,2024-12-31,GM,GM,Consumer Discretionary,5,0.009090909090909092
48,2024-12-31,GRMN,GRMN,Consumer Discretionary,5,0.009090909090909092
48,2024-12-31,HLT,HLT,Consumer Discretionary,5,0.009090909090909092
48,2024-12-31,RCL,RCL,Consumer Discretionary,5,0.009090909090909092
48,2024-12-31,RL,RL,Consumer Discretionary,5,0.009090909090909092
48,2024-12-31,TPR,TPR,Consumer Discretionary,5,0.009090909090909092
48,2024-12-31,TSLA,TSLA,Consumer Discretionary,5,0.009090909090909092
48,2024-12-31,COST,COST,Consumer Staples,5,0.012987012987012986
48,2024-12-31,K,K,Consumer Staples,5,0.012987012987012986
48,2024-12-31,KR,KR,Consumer Staples,5,0.012987012987012986
48,2024-12-31,MO,MO,Consumer Staples,5,0.012987012987012986
48,2024-12-31,PG,PG,Consumer Staples,5,0.012987012987012986
48,2024-12-31,PM,PM,Consumer Staples,5,0.012987012987012986
48,2024-12-31,WMT,WMT,Consumer Staples,5,0.012987012987012986
48,2024-12-31,OKE,OKE,Energy,5,0.022727272727272728
48,2024-12-31,TPL,TPL,Energy,5,0.022727272727272728
48,2024-12-31,TRGP,TRGP,Energy,5,0.022727272727272728
48,2024-12-31,WMB,WMB,Energy,5,0.022727272727272728
48,2024-12-31,APO,APO,Financials,5,0.006493506493506493
48,2024-12-31,AXP,AXP,Financials,5,0.006493506493506493
48,2024-12-31,BNY,BNY,Financials,5,0.006493506493506493
48,2024-12-31,BRO,BRO,Financials,5,0.006493506493506493
48,2024-12-31,CINF,CINF,Financials,5,0.006493506493506493
48,2024-12-31,DFS,DFS,Financials,5,0.006493506493506493
48,2024-12-31,FISV,FISV,Financials,5,0.006493506493506493
48,2024-12-31,GS,GS,Financials,5,0.006493506493506493
48,2024-12-31,HIG,HIG,Financials,5,0.006493506493506493
48,2024-12-31,KKR,KKR,Financials,5,0.006493506493506493
48,2024-12-31,MTB,MTB,Financials,5,0.006493506493506493
48,2024-12-31,PGR,PGR,Financials,5,0.006493506493506493
48,2024-12-31,SYF,SYF,Financials,5,0.006493506493506493
48,2024-12-31,WFC,WFC,Financials,5,0.006493506493506493
48,2024-12-31,BSX,BSX,Health Care,5,0.007575757575757576
48,2024-12-31,CAH,CAH,Health Care,5,0.007575757575757576
48,2024-12-31,COR,COR,Health Care,5,0.007575757575757576
48,2024-12-31,DVA,DVA,Health Care,5,0.007575757575757576
48,2024-12-31,ISRG,ISRG,Health Care,5,0.007575757575757576
48,2024-12-31,LLY,LLY,Health Care,5,0.007575757575757576
48,2024-12-31,MCK,MCK,Health Care,5,0.007575757575757576
48,2024-12-31,PODD,PODD,Health Care,5,0.007575757575757576
48,2024-12-31,RMD,RMD,Health Care,5,0.007575757575757576
48,2024-12-31,SYK,SYK,Health Care,5,0.007575757575757576
48,2024-12-31,UHS,UHS,Health Care,5,0.007575757575757576
48,2024-12-31,VTRS,VTRS,Health Care,5,0.007575757575757576
48,2024-12-31,AXON,AXON,Industrials,5,0.006060606060606061
48,2024-12-31,CMI,CMI,Industrials,5,0.006060606060606061
48,2024-12-31,DAL,DAL,Industrials,5,0.006060606060606061
48,2024-12-31,ETN,ETN,Industrials,5,0.006060606060606061
48,2024-12-31,GE,GE,Industrials,5,0.006060606060606061
48,2024-12-31,HWM,HWM,Industrials,5,0.006060606060606061
48,2024-12-31,LDOS,LDOS,Industrials,5,0.006060606060606061
48,2024-12-31,MMM,MMM,Industrials,5,0.006060606060606061
48,2024-12-31,PH,PH,Industrials,5,0.006060606060606061
48,2024-12-31,PNR,PNR,Industrials,5,0.006060606060606061
48,2024-12-31,PWR,PWR,Industrials,5,0.006060606060606061
48,2024-12-31,TT,TT,Industrials,5,0.006060606060606061
48,2024-12-31,UAL,UAL,Industrials,5,0.006060606060606061
48,2024-12-31,URI,URI,Industrials,5,0.006060606060606061
48,2024-12-31,WAB,WAB,Industrials,5,0.006060606060606061
48,2024-12-31,ANET,ANET,Information Technology,5,0.006993006993006994
48,2024-12-31,DELL,DELL,Information Technology,5,0.006993006993006994
48,2024-12-31,FICO,FICO,Information Technology,5,0.006993006993006994
48,2024-12-31,FTNT,FTNT,Information Technology,5,0.006993006993006994
48,2024-12-31,GDDY,GDDY,Information Technology,5,0.006993006993006994
48,2024-12-31,GLW,GLW,Information Technology,5,0.006993006993006994
48,2024-12-31,MSI,MSI,Information Technology,5,0.006993006993006994
48,2024-12-31,NOW,NOW,Information Technology,5,0.006993006993006994
48,2024-12-31,NVDA,NVDA,Information Technology,5,0.006993006993006994
48,2024-12-31,ORCL,ORCL,Information Technology,5,0.006993006993006994
48,2024-12-31,PLTR,PLTR,Information Technology,5,0.006993006993006994
48,2024-12-31,TYL,TYL,Information Technology,5,0.006993006993006994
48,2024-12-31,ZBRA,ZBRA,Information Technology,5,0.006993006993006994
48,2024-12-31,CTVA,CTVA,Materials,5,0.018181818181818184
48,2024-12-31,IP,IP,Materials,5,0.018181818181818184
48,2024-12-31,PKG,PKG,Materials,5,0.018181818181818184
48,2024-12-31,SHW,SHW,Materials,5,0.018181818181818184
48,2024-12-31,SW,SW,Materials,5,0.018181818181818184
48,2024-12-31,CBRE,CBRE,Real Estate,5,0.015151515151515152
48,2024-12-31,DLR,DLR,Real Estate,5,0.015151515151515152
48,2024-12-31,IRM,IRM,Real Estate,5,0.015151515151515152
48,2024-12-31,SPG,SPG,Real Estate,5,0.015151515151515152
48,2024-12-31,VTR,VTR,Real Estate,5,0.015151515151515152
48,2024-12-31,WELL,WELL,Real Estate,5,0.015151515151515152
48,2024-12-31,CEG,CEG,Utilities,5,0.015151515151515152
48,2024-12-31,ETR,ETR,Utilities,5,0.015151515151515152
48,2024-12-31,NI,NI,Utilities,5,0.015151515151515152
48,2024-12-31,NRG,NRG,Utilities,5,0.015151515151515152
48,2024-12-31,PEG,PEG,Utilities,5,0.015151515151515152
48,2024-12-31,VST,VST,Utilities,5,0.015151515151515152
49,2025-01-31,FOX,FOX,Communication Services,5,0.022727272727272728
49,2025-01-31,FOXA,FOXA,Communication Services,5,0.022727272727272728
49,2025-01-31,META,META,Communication Services,5,0.022727272727272728
49,2025-01-31,NFLX,NFLX,Communication Services,5,0.022727272727272728
49,2025-01-31,BKNG,BKNG,Consumer Discretionary,5,0.009090909090909092
49,2025-01-31,CCL,CCL,Consumer Discretionary,5,0.009090909090909092
49,2025-01-31,DECK,DECK,Consumer Discretionary,5,0.009090909090909092
49,2025-01-31,EBAY,EBAY,Consumer Discretionary,5,0.009090909090909092
49,2025-01-31,GRMN,GRMN,Consumer Discretionary,5,0.009090909090909092
49,2025-01-31,NCLH,NCLH,Consumer Discretionary,5,0.009090909090909092
49,2025-01-31,RCL,RCL,Consumer Discretionary,5,0.009090909090909092
49,2025-01-31,RL,RL,Consumer Discretionary,5,0.009090909090909092
49,2025-01-31,TPR,TPR,Consumer Discretionary,5,0.009090909090909092
49,2025-01-31,TSLA,TSLA,Consumer Discretionary,5,0.009090909090909092
49,2025-01-31,CLX,CLX,Consumer Staples,5,0.012987012987012986
49,2025-01-31,COST,COST,Consumer Staples,5,0.012987012987012986
49,2025-01-31,K,K,Consumer Staples,5,0.012987012987012986
49,2025-01-31,KR,KR,Consumer Staples,5,0.012987012987012986
49,2025-01-31,MO,MO,Consumer Staples,5,0.012987012987012986
49,2025-01-31,PM,PM,Consumer Staples,5,0.012987012987012986
49,2025-01-31,WMT,WMT,Consumer Staples,5,0.012987012987012986
49,2025-01-31,KMI,KMI,Energy,5,0.022727272727272728
49,2025-01-31,TPL,TPL,Energy,5,0.022727272727272728
49,2025-01-31,TRGP,TRGP,Energy,5,0.022727272727272728
49,2025-01-31,WMB,WMB,Energy,5,0.022727272727272728
49,2025-01-31,APO,APO,Financials,5,0.006493506493506493
49,2025-01-31,AXP,AXP,Financials,5,0.006493506493506493
49,2025-01-31,BNY,BNY,Financials,5,0.006493506493506493
49,2025-01-31,BX,BX,Financials,5,0.006493506493506493
49,2025-01-31,DFS,DFS,Financials,5,0.006493506493506493
49,2025-01-31,FISV,FISV,Financials,5,0.006493506493506493
49,2025-01-31,GS,GS,Financials,5,0.006493506493506493
49,2025-01-31,JPM,JPM,Financials,5,0.006493506493506493
49,2025-01-31,KKR,KKR,Financials,5,0.006493506493506493
49,2025-01-31,MS,MS,Financials,5,0.006493506493506493
49,2025-01-31,MTB,MTB,Financials,5,0.006493506493506493
49,2025-01-31,RJF,RJF,Financials,5,0.006493506493506493
49,2025-01-31,SYF,SYF,Financials,5,0.006493506493506493
49,2025-01-31,WFC,WFC,Financials,5,0.006493506493506493
49,2025-01-31,BMY,BMY,Health Care,5,0.007575757575757576
49,2025-01-31,BSX,BSX,Health Care,5,0.007575757575757576
49,2025-01-31,DGX,DGX,Health Care,5,0.007575757575757576
49,2025-01-31,DVA,DVA,Health Care,5,0.007575757575757576
49,2025-01-31,GILD,GILD,Health Care,5,0.007575757575757576
49,2025-01-31,INCY,INCY,Health Care,5,0.007575757575757576
49,2025-01-31,ISRG,ISRG,Health Care,5,0.007575757575757576
49,2025-01-31,LLY,LLY,Health Care,5,0.007575757575757576
49,2025-01-31,MCK,MCK,Health Care,5,0.007575757575757576
49,2025-01-31,PODD,PODD,Health Care,5,0.007575757575757576
49,2025-01-31,RMD,RMD,Health Care,5,0.007575757575757576
49,2025-01-31,WAT,WAT,Health Care,5,0.007575757575757576
49,2025-01-31,AXON,AXON,Industrials,5,0.006060606060606061
49,2025-01-31,CMI,CMI,Industrials,5,0.006060606060606061
49,2025-01-31,DAL,DAL,Industrials,5,0.006060606060606061
49,2025-01-31,EMR,EMR,Industrials,5,0.006060606060606061
49,2025-01-31,GE,GE,Industrials,5,0.006060606060606061
49,2025-01-31,HWM,HWM,Industrials,5,0.006060606060606061
49,2025-01-31,JCI,JCI,Industrials,5,0.006060606060606061
49,2025-01-31,LII,LII,Industrials,5,0.006060606060606061
49,2025-01-31,MMM,MMM,Industrials,5,0.006060606060606061
49,2025-01-31,PH,PH,Industrials,5,0.006060606060606061
49,2025-01-31,PNR,PNR,Industrials,5,0.006060606060606061
49,2025-01-31,PWR,PWR,Industrials,5,0.006060606060606061
49,2025-01-31,TT,TT,Industrials,5,0.006060606060606061
49,2025-01-31,UAL,UAL,Industrials,5,0.006060606060606061
49,2025-01-31,WAB,WAB,Industrials,5,0.006060606060606061
49,2025-01-31,ANET,ANET,Information Technology,5,0.006993006993006994
49,2025-01-31,AVGO,AVGO,Information Technology,5,0.006993006993006994
49,2025-01-31,DELL,DELL,Information Technology,5,0.006993006993006994
49,2025-01-31,FICO,FICO,Information Technology,5,0.006993006993006994
49,2025-01-31,FTNT,FTNT,Information Technology,5,0.006993006993006994
49,2025-01-31,GDDY,GDDY,Information Technology,5,0.006993006993006994
49,2025-01-31,GLW,GLW,Information Technology,5,0.006993006993006994
49,2025-01-31,HPE,HPE,Information Technology,5,0.006993006993006994
49,2025-01-31,MSI,MSI,Information Technology,5,0.006993006993006994
49,2025-01-31,NVDA,NVDA,Information Technology,5,0.006993006993006994
49,2025-01-31,ORCL,ORCL,Information Technology,5,0.006993006993006994
49,2025-01-31,PLTR,PLTR,Information Technology,5,0.006993006993006994
49,2025-01-31,ZBRA,ZBRA,Information Technology,5,0.006993006993006994
49,2025-01-31,CTVA,CTVA,Materials,5,0.018181818181818184
49,2025-01-31,DD,DD,Materials,5,0.018181818181818184
49,2025-01-31,IP,IP,Materials,5,0.018181818181818184
49,2025-01-31,PKG,PKG,Materials,5,0.018181818181818184
49,2025-01-31,SW,SW,Materials,5,0.018181818181818184
49,2025-01-31,CBRE,CBRE,Real Estate,5,0.015151515151515152
49,2025-01-31,DLR,DLR,Real Estate,5,0.015151515151515152
49,2025-01-31,IRM,IRM,Real Estate,5,0.015151515151515152
49,2025-01-31,SPG,SPG,Real Estate,5,0.015151515151515152
49,2025-01-31,VTR,VTR,Real Estate,5,0.015151515151515152
49,2025-01-31,WELL,WELL,Real Estate,5,0.015151515151515152
49,2025-01-31,CEG,CEG,Utilities,5,0.015151515151515152
49,2025-01-31,ETR,ETR,Utilities,5,0.015151515151515152
49,2025-01-31,NI,NI,Utilities,5,0.015151515151515152
49,2025-01-31,NRG,NRG,Utilities,5,0.015151515151515152
49,2025-01-31,PEG,PEG,Utilities,5,0.015151515151515152
49,2025-01-31,VST,VST,Utilities,5,0.015151515151515152
50,2025-02-28,FOX,FOX,Communication Services,5,0.022727272727272728
50,2025-02-28,FOXA,FOXA,Communication Services,5,0.022727272727272728
50,2025-02-28,LYV,LYV,Communication Services,5,0.022727272727272728
50,2025-02-28,NFLX,NFLX,Communication Services,5,0.022727272727272728
50,2025-02-28,AMZN,AMZN,Consumer Discretionary,5,0.009090909090909092
50,2025-02-28,BKNG,BKNG,Consumer Discretionary,5,0.009090909090909092
50,2025-02-28,CCL,CCL,Consumer Discretionary,5,0.009090909090909092
50,2025-02-28,EBAY,EBAY,Consumer Discretionary,5,0.009090909090909092
50,2025-02-28,GRMN,GRMN,Consumer Discretionary,5,0.009090909090909092
50,2025-02-28,NCLH,NCLH,Consumer Discretionary,5,0.009090909090909092
50,2025-02-28,RCL,RCL,Consumer Discretionary,5,0.009090909090909092
50,2025-02-28,RL,RL,Consumer Discretionary,5,0.009090909090909092
50,2025-02-28,TPR,TPR,Consumer Discretionary,5,0.009090909090909092
50,2025-02-28,TSLA,TSLA,Consumer Discretionary,5,0.009090909090909092
50,2025-02-28,COST,COST,Consumer Staples,5,0.012987012987012986
50,2025-02-28,K,K,Consumer Staples,5,0.012987012987012986
50,2025-02-28,KR,KR,Consumer Staples,5,0.012987012987012986
50,2025-02-28,KVUE,KVUE,Consumer Staples,5,0.012987012987012986
50,2025-02-28,MO,MO,Consumer Staples,5,0.012987012987012986
50,2025-02-28,PM,PM,Consumer Staples,5,0.012987012987012986
50,2025-02-28,WMT,WMT,Consumer Staples,5,0.012987012987012986
50,2025-02-28,KMI,KMI,Energy,5,0.022727272727272728
50,2025-02-28,TPL,TPL,Energy,5,0.022727272727272728
50,2025-02-28,TRGP,TRGP,Energy,5,0.022727272727272728
50,2025-02-28,WMB,WMB,Energy,5,0.022727272727272728
50,2025-02-28,APO,APO,Financials,5,0.006493506493506493
50,2025-02-28,BNY,BNY,Financials,5,0.006493506493506493
50,2025-02-28,C,C,Financials,5,0.006493506493506493
50,2025-02-28,CFG,CFG,Financials,5,0.006493506493506493
50,2025-02-28,COF,COF,Financials,5,0.006493506493506493
50,2025-02-28,DFS,DFS,Financials,5,0.006493506493506493
50,2025-02-28,GS,GS,Financials,5,0.006493506493506493
50,2025-02-28,JPM,JPM,Financials,5,0.006493506493506493
50,2025-02-28,KKR,KKR,Financials,5,0.006493506493506493
50,2025-02-28,MS,MS,Financials,5,0.006493506493506493
50,2025-02-28,MTB,MTB,Financials,5,0.006493506493506493
50,2025-02-28,NDAQ,NDAQ,Financials,5,0.006493506493506493
50,2025-02-28,PYPL,PYPL,Financials,5,0.006493506493506493
50,2025-02-28,SYF,SYF,Financials,5,0.006493506493506493
50,2025-02-28,BMY,BMY,Health Care,5,0.007575757575757576
50,2025-02-28,BSX,BSX,Health Care,5,0.007575757575757576
50,2025-02-28,DGX,DGX,Health Care,5,0.007575757575757576
50,2025-02-28,DVA,DVA,Health Care,5,0.007575757575757576
50,2025-02-28,GILD,GILD,Health Care,5,0.007575757575757576
50,2025-02-28,INCY,INCY,Health Care,5,0.007575757575757576
50,2025-02-28,ISRG,ISRG,Health Care,5,0.007575757575757576
50,2025-02-28,LH,LH,Health Care,5,0.007575757575757576
50,2025-02-28,PODD,PODD,Health Care,5,0.007575757575757576
50,2025-02-28,RMD,RMD,Health Care,5,0.007575757575757576
50,2025-02-28,RVTY,RVTY,Health Care,5,0.007575757575757576
50,2025-02-28,WAT,WAT,Health Care,5,0.007575757575757576
50,2025-02-28,AXON,AXON,Industrials,5,0.006060606060606061
50,2025-02-28,CHRW,CHRW,Industrials,5,0.006060606060606061
50,2025-02-28,CMI,CMI,Industrials,5,0.006060606060606061
50,2025-02-28,DAL,DAL,Industrials,5,0.006060606060606061
50,2025-02-28,DE,DE,Industrials,5,0.006060606060606061
50,2025-02-28,GE,GE,Industrials,5,0.006060606060606061
50,2025-02-28,GNRC,GNRC,Industrials,5,0.006060606060606061
50,2025-02-28,HWM,HWM,Industrials,5,0.006060606060606061
50,2025-02-28,JCI,JCI,Industrials,5,0.006060606060606061
50,2025-02-28,MMM,MMM,Industrials,5,0.006060606060606061
50,2025-02-28,PH,PH,Industrials,5,0.006060606060606061
50,2025-02-28,PNR,PNR,Industrials,5,0.006060606060606061
50,2025-02-28,RTX,RTX,Industrials,5,0.006060606060606061
50,2025-02-28,UAL,UAL,Industrials,5,0.006060606060606061
50,2025-02-28,WAB,WAB,Industrials,5,0.006060606060606061
50,2025-02-28,ANET,ANET,Information Technology,5,0.006993006993006994
50,2025-02-28,AVGO,AVGO,Information Technology,5,0.006993006993006994
50,2025-02-28,FFIV,FFIV,Information Technology,5,0.006993006993006994
50,2025-02-28,FICO,FICO,Information Technology,5,0.006993006993006994
50,2025-02-28,FTNT,FTNT,Information Technology,5,0.006993006993006994
50,2025-02-28,GDDY,GDDY,Information Technology,5,0.006993006993006994
50,2025-02-28,GLW,GLW,Information Technology,5,0.006993006993006994
50,2025-02-28,HPE,HPE,Information Technology,5,0.006993006993006994
50,2025-02-28,IBM,IBM,Information Technology,5,0.006993006993006994
50,2025-02-28,MSI,MSI,Information Technology,5,0.006993006993006994
50,2025-02-28,NVDA,NVDA,Information Technology,5,0.006993006993006994
50,2025-02-28,ORCL,ORCL,Information Technology,5,0.006993006993006994
50,2025-02-28,PLTR,PLTR,Information Technology,5,0.006993006993006994
50,2025-02-28,APD,APD,Materials,5,0.018181818181818184
50,2025-02-28,CTVA,CTVA,Materials,5,0.018181818181818184
50,2025-02-28,IP,IP,Materials,5,0.018181818181818184
50,2025-02-28,NEM,NEM,Materials,5,0.018181818181818184
50,2025-02-28,SW,SW,Materials,5,0.018181818181818184
50,2025-02-28,AVB,AVB,Real Estate,5,0.015151515151515152
50,2025-02-28,CBRE,CBRE,Real Estate,5,0.015151515151515152
50,2025-02-28,DOC,DOC,Real Estate,5,0.015151515151515152
50,2025-02-28,IRM,IRM,Real Estate,5,0.015151515151515152
50,2025-02-28,VTR,VTR,Real Estate,5,0.015151515151515152
50,2025-02-28,WELL,WELL,Real Estate,5,0.015151515151515152
50,2025-02-28,CEG,CEG,Utilities,5,0.015151515151515152
50,2025-02-28,ETR,ETR,Utilities,5,0.015151515151515152
50,2025-02-28,NI,NI,Utilities,5,0.015151515151515152
50,2025-02-28,NRG,NRG,Utilities,5,0.015151515151515152
50,2025-02-28,PEG,PEG,Utilities,5,0.015151515151515152
50,2025-02-28,VST,VST,Utilities,5,0.015151515151515152
51,2025-03-31,FOX,FOX,Communication Services,5,0.022727272727272728
51,2025-03-31,FOXA,FOXA,Communication Services,5,0.022727272727272728
51,2025-03-31,TKO,TKO,Communication Services,5,0.022727272727272728
51,2025-03-31,TMUS,TMUS,Communication Services,5,0.022727272727272728
51,2025-03-31,BKNG,BKNG,Consumer Discretionary,5,0.009090909090909092
51,2025-03-31,CCL,CCL,Consumer Discretionary,5,0.009090909090909092
51,2025-03-31,DASH,DASH,Consumer Discretionary,5,0.009090909090909092
51,2025-03-31,EXPE,EXPE,Consumer Discretionary,5,0.009090909090909092
51,2025-03-31,GRMN,GRMN,Consumer Discretionary,5,0.009090909090909092
51,2025-03-31,RCL,RCL,Consumer Discretionary,5,0.009090909090909092
51,2025-03-31,RL,RL,Consumer Discretionary,5,0.009090909090909092
51,2025-03-31,SBUX,SBUX,Consumer Discretionary,5,0.009090909090909092
51,2025-03-31,TPR,TPR,Consumer Discretionary,5,0.009090909090909092
51,2025-03-31,TSLA,TSLA,Consumer Discretionary,5,0.009090909090909092
51,2025-03-31,COST,COST,Consumer Staples,5,0.012987012987012986
51,2025-03-31,K,K,Consumer Staples,5,0.012987012987012986
51,2025-03-31,KO,KO,Consumer Staples,5,0.012987012987012986
51,2025-03-31,KR,KR,Consumer Staples,5,0.012987012987012986
51,2025-03-31,MO,MO,Consumer Staples,5,0.012987012987012986
51,2025-03-31,PM,PM,Consumer Staples,5,0.012987012987012986
51,2025-03-31,WMT,WMT,Consumer Staples,5,0.012987012987012986
51,2025-03-31,KMI,KMI,Energy,5,0.022727272727272728
51,2025-03-31,TPL,TPL,Energy,5,0.022727272727272728
51,2025-03-31,TRGP,TRGP,Energy,5,0.022727272727272728
51,2025-03-31,WMB,WMB,Energy,5,0.022727272727272728
51,2025-03-31,AJG,AJG,Financials,5,0.006493506493506493
51,2025-03-31,BNY,BNY,Financials,5,0.006493506493506493
51,2025-03-31,BRO,BRO,Financials,5,0.006493506493506493
51,2025-03-31,COF,COF,Financials,5,0.006493506493506493
51,2025-03-31,DFS,DFS,Financials,5,0.006493506493506493
51,2025-03-31,FISV,FISV,Financials,5,0.006493506493506493
51,2025-03-31,GS,GS,Financials,5,0.006493506493506493
51,2025-03-31,JPM,JPM,Financials,5,0.006493506493506493
51,2025-03-31,KKR,KKR,Financials,5,0.006493506493506493
51,2025-03-31,MS,MS,Financials,5,0.006493506493506493
51,2025-03-31,MTB,MTB,Financials,5,0.006493506493506493
51,2025-03-31,PGR,PGR,Financials,5,0.006493506493506493
51,2025-03-31,SYF,SYF,Financials,5,0.006493506493506493
51,2025-03-31,WFC,WFC,Financials,5,0.006493506493506493
51,2025-03-31,ABBV,ABBV,Health Care,5,0.007575757575757576
51,2025-03-31,ABT,ABT,Health Care,5,0.007575757575757576
51,2025-03-31,BSX,BSX,Health Care,5,0.007575757575757576
51,2025-03-31,CAH,CAH,Health Care,5,0.007575757575757576
51,2025-03-31,DGX,DGX,Health Care,5,0.007575757575757576
51,2025-03-31,GILD,GILD,Health Care,5,0.007575757575757576
51,2025-03-31,INCY,INCY,Health Care,5,0.007575757575757576
51,2025-03-31,ISRG,ISRG,Health Care,5,0.007575757575757576
51,2025-03-31,LLY,LLY,Health Care,5,0.007575757575757576
51,2025-03-31,MCK,MCK,Health Care,5,0.007575757575757576
51,2025-03-31,PODD,PODD,Health Care,5,0.007575757575757576
51,2025-03-31,RMD,RMD,Health Care,5,0.007575757575757576
51,2025-03-31,ADP,ADP,Industrials,5,0.006060606060606061
51,2025-03-31,AXON,AXON,Industrials,5,0.006060606060606061
51,2025-03-31,CHRW,CHRW,Industrials,5,0.006060606060606061
51,2025-03-31,CMI,CMI,Industrials,5,0.006060606060606061
51,2025-03-31,DAL,DAL,Industrials,5,0.006060606060606061
51,2025-03-31,GE,GE,Industrials,5,0.006060606060606061
51,2025-03-31,GEV,GEV,Industrials,5,0.006060606060606061
51,2025-03-31,HWM,HWM,Industrials,5,0.006060606060606061
51,2025-03-31,JCI,JCI,Industrials,5,0.006060606060606061
51,2025-03-31,MMM,MMM,Industrials,5,0.006060606060606061
51,2025-03-31,PAYX,PAYX,Industrials,5,0.006060606060606061
51,2025-03-31,RTX,RTX,Industrials,5,0.006060606060606061
51,2025-03-31,UAL,UAL,Industrials,5,0.006060606060606061
51,2025-03-31,VRSK,VRSK,Industrials,5,0.006060606060606061
51,2025-03-31,WAB,WAB,Industrials,5,0.006060606060606061
51,2025-03-31,AAPL,AAPL,Information Technology,5,0.006993006993006994
51,2025-03-31,AVGO,AVGO,Information Technology,5,0.006993006993006994
51,2025-03-31,FFIV,FFIV,Information Technology,5,0.006993006993006994
51,2025-03-31,FICO,FICO,Information Technology,5,0.006993006993006994
51,2025-03-31,FTNT,FTNT,Information Technology,5,0.006993006993006994
51,2025-03-31,GDDY,GDDY,Information Technology,5,0.006993006993006994
51,2025-03-31,GLW,GLW,Information Technology,5,0.006993006993006994
51,2025-03-31,IBM,IBM,Information Technology,5,0.006993006993006994
51,2025-03-31,NVDA,NVDA,Information Technology,5,0.006993006993006994
51,2025-03-31,ORCL,ORCL,Information Technology,5,0.006993006993006994
51,2025-03-31,PANW,PANW,Information Technology,5,0.006993006993006994
51,2025-03-31,PLTR,PLTR,Information Technology,5,0.006993006993006994
51,2025-03-31,TYL,TYL,Information Technology,5,0.006993006993006994
51,2025-03-31,APD,APD,Materials,5,0.018181818181818184
51,2025-03-31,ECL,ECL,Materials,5,0.018181818181818184
51,2025-03-31,IP,IP,Materials,5,0.018181818181818184
51,2025-03-31,NEM,NEM,Materials,5,0.018181818181818184
51,2025-03-31,SW,SW,Materials,5,0.018181818181818184
51,2025-03-31,CBRE,CBRE,Real Estate,5,0.015151515151515152
51,2025-03-31,ESS,ESS,Real Estate,5,0.015151515151515152
51,2025-03-31,MAA,MAA,Real Estate,5,0.015151515151515152
51,2025-03-31,REG,REG,Real Estate,5,0.015151515151515152
51,2025-03-31,VTR,VTR,Real Estate,5,0.015151515151515152
51,2025-03-31,WELL,WELL,Real Estate,5,0.015151515151515152
51,2025-03-31,AEE,AEE,Utilities,5,0.015151515151515152
51,2025-03-31,ETR,ETR,Utilities,5,0.015151515151515152
51,2025-03-31,NI,NI,Utilities,5,0.015151515151515152
51,2025-03-31,NRG,NRG,Utilities,5,0.015151515151515152
51,2025-03-31,VST,VST,Utilities,5,0.015151515151515152
51,2025-03-31,XEL,XEL,Utilities,5,0.015151515151515152
52,2025-04-30,FOX,FOX,Communication Services,5,0.022727272727272728
52,2025-04-30,FOXA,FOXA,Communication Services,5,0.022727272727272728
52,2025-04-30,NFLX,NFLX,Communication Services,5,0.022727272727272728
52,2025-04-30,T,T,Communication Services,5,0.022727272727272728
52,2025-04-30,BKNG,BKNG,Consumer Discretionary,5,0.009090909090909092
52,2025-04-30,DASH,DASH,Consumer Discretionary,5,0.009090909090909092
52,2025-04-30,DRI,DRI,Consumer Discretionary,5,0.009090909090909092
52,2025-04-30,EBAY,EBAY,Consumer Discretionary,5,0.009090909090909092
52,2025-04-30,GRMN,GRMN,Consumer Discretionary,5,0.009090909090909092
52,2025-04-30,ORLY,ORLY,Consumer Discretionary,5,0.009090909090909092
52,2025-04-30,RCL,RCL,Consumer Discretionary,5,0.009090909090909092
52,2025-04-30,RL,RL,Consumer Discretionary,5,0.009090909090909092
52,2025-04-30,TPR,TPR,Consumer Discretionary,5,0.009090909090909092
52,2025-04-30,TSLA,TSLA,Consumer Discretionary,5,0.009090909090909092
52,2025-04-30,COST,COST,Consumer Staples,5,0.012987012987012986
52,2025-04-30,K,K,Consumer Staples,5,0.012987012987012986
52,2025-04-30,KR,KR,Consumer Staples,5,0.012987012987012986
52,2025-04-30,KVUE,KVUE,Consumer Staples,5,0.012987012987012986
52,2025-04-30,MO,MO,Consumer Staples,5,0.012987012987012986
52,2025-04-30,PM,PM,Consumer Staples,5,0.012987012987012986
52,2025-04-30,WMT,WMT,Consumer Staples,5,0.012987012987012986
52,2025-04-30,KMI,KMI,Energy,5,0.022727272727272728
52,2025-04-30,TPL,TPL,Energy,5,0.022727272727272728
52,2025-04-30,TRGP,TRGP,Energy,5,0.022727272727272728
52,2025-04-30,WMB,WMB,Energy,5,0.022727272727272728
52,2025-04-30,AFL,AFL,Financials,5,0.006493506493506493
52,2025-04-30,AJG,AJG,Financials,5,0.006493506493506493
52,2025-04-30,AON,AON,Financials,5,0.006493506493506493
52,2025-04-30,BNY,BNY,Financials,5,0.006493506493506493
52,2025-04-30,BRK.B,BRK.B,Financials,5,0.006493506493506493
52,2025-04-30,BRO,BRO,Financials,5,0.006493506493506493
52,2025-04-30,CME,CME,Financials,5,0.006493506493506493
52,2025-04-30,DFS,DFS,Financials,5,0.006493506493506493
52,2025-04-30,FISV,FISV,Financials,5,0.006493506493506493
52,2025-04-30,GL,GL,Financials,5,0.006493506493506493
52,2025-04-30,ICE,ICE,Financials,5,0.006493506493506493
52,2025-04-30,PGR,PGR,Financials,5,0.006493506493506493
52,2025-04-30,WRB,WRB,Financials,5,0.006493506493506493
52,2025-04-30,WTW,WTW,Financials,5,0.006493506493506493
52,2025-04-30,ABBV,ABBV,Health Care,5,0.007575757575757576
52,2025-04-30,ABT,ABT,Health Care,5,0.007575757575757576
52,2025-04-30,BMY,BMY,Health Care,5,0.007575757575757576
52,2025-04-30,BSX,BSX,Health Care,5,0.007575757575757576
52,2025-04-30,CAH,CAH,Health Care,5,0.007575757575757576
52,2025-04-30,DGX,DGX,Health Care,5,0.007575757575757576
52,2025-04-30,GILD,GILD,Health Care,5,0.007575757575757576
52,2025-04-30,ISRG,ISRG,Health Care,5,0.007575757575757576
52,2025-04-30,MCK,MCK,Health Care,5,0.007575757575757576
52,2025-04-30,PODD,PODD,Health Care,5,0.007575757575757576
52,2025-04-30,VRTX,VRTX,Health Care,5,0.007575757575757576
52,2025-04-30,WAT,WAT,Health Care,5,0.007575757575757576
52,2025-04-30,ADP,ADP,Industrials,5,0.006060606060606061
52,2025-04-30,AXON,AXON,Industrials,5,0.006060606060606061
52,2025-04-30,BR,BR,Industrials,5,0.006060606060606061
52,2025-04-30,CHRW,CHRW,Industrials,5,0.006060606060606061
52,2025-04-30,CTAS,CTAS,Industrials,5,0.006060606060606061
52,2025-04-30,GEV,GEV,Industrials,5,0.006060606060606061
52,2025-04-30,HWM,HWM,Industrials,5,0.006060606060606061
52,2025-04-30,LUV,LUV,Industrials,5,0.006060606060606061
52,2025-04-30,MMM,MMM,Industrials,5,0.006060606060606061
52,2025-04-30,PAYX,PAYX,Industrials,5,0.006060606060606061
52,2025-04-30,RSG,RSG,Industrials,5,0.006060606060606061
52,2025-04-30,RTX,RTX,Industrials,5,0.006060606060606061
52,2025-04-30,SNA,SNA,Industrials,5,0.006060606060606061
52,2025-04-30,UAL,UAL,Industrials,5,0.006060606060606061
52,2025-04-30,VRSK,VRSK,Industrials,5,0.006060606060606061
52,2025-04-30,AAPL,AAPL,Information Technology,5,0.006993006993006994
52,2025-04-30,CSCO,CSCO,Information Technology,5,0.006993006993006994
52,2025-04-30,FFIV,FFIV,Information Technology,5,0.006993006993006994
52,2025-04-30,FICO,FICO,Information Technology,5,0.006993006993006994
52,2025-04-30,FTNT,FTNT,Information Technology,5,0.006993006993006994
52,2025-04-30,GDDY,GDDY,Information Technology,5,0.006993006993006994
52,2025-04-30,GEN,GEN,Information Technology,5,0.006993006993006994
52,2025-04-30,GLW,GLW,Information Technology,5,0.006993006993006994
52,2025-04-30,IBM,IBM,Information Technology,5,0.006993006993006994
52,2025-04-30,MSI,MSI,Information Technology,5,0.006993006993006994
52,2025-04-30,PLTR,PLTR,Information Technology,5,0.006993006993006994
52,2025-04-30,TDY,TDY,Information Technology,5,0.006993006993006994
52,2025-04-30,VRSN,VRSN,Information Technology,5,0.006993006993006994
52,2025-04-30,APD,APD,Materials,5,0.018181818181818184
52,2025-04-30,CTVA,CTVA,Materials,5,0.018181818181818184
52,2025-04-30,IP,IP,Materials,5,0.018181818181818184
52,2025-04-30,NEM,NEM,Materials,5,0.018181818181818184
52,2025-04-30,SHW,SHW,Materials,5,0.018181818181818184
52,2025-04-30,AMT,AMT,Real Estate,5,0.015151515151515152
52,2025-04-30,CBRE,CBRE,Real Estate,5,0.015151515151515152
52,2025-04-30,MAA,MAA,Real Estate,5,0.015151515151515152
52,2025-04-30,REG,REG,Real Estate,5,0.015151515151515152
52,2025-04-30,VTR,VTR,Real Estate,5,0.015151515151515152
52,2025-04-30,WELL,WELL,Real Estate,5,0.015151515151515152
52,2025-04-30,AEE,AEE,Utilities,5,0.015151515151515152
52,2025-04-30,ETR,ETR,Utilities,5,0.015151515151515152
52,2025-04-30,EVRG,EVRG,Utilities,5,0.015151515151515152
52,2025-04-30,NI,NI,Utilities,5,0.015151515151515152
52,2025-04-30,VST,VST,Utilities,5,0.015151515151515152
52,2025-04-30,WEC,WEC,Utilities,5,0.015151515151515152
53,2025-05-30,FOX,FOX,Communication Services,5,0.022727272727272728
53,2025-05-30,NFLX,NFLX,Communication Services,5,0.022727272727272728
53,2025-05-30,T,T,Communication Services,5,0.022727272727272728
53,2025-05-30,TKO,TKO,Communication Services,5,0.022727272727272728
53,2025-05-30,AZO,AZO,Consumer Discretionary,5,0.009090909090909092
53,2025-05-30,BKNG,BKNG,Consumer Discretionary,5,0.009090909090909092
53,2025-05-30,DASH,DASH,Consumer Discretionary,5,0.009090909090909092
53,2025-05-30,DRI,DRI,Consumer Discretionary,5,0.009090909090909092
53,2025-05-30,EBAY,EBAY,Consumer Discretionary,5,0.009090909090909092
53,2025-05-30,EXPE,EXPE,Consumer Discretionary,5,0.009090909090909092
53,2025-05-30,ORLY,ORLY,Consumer Discretionary,5,0.009090909090909092
53,2025-05-30,RCL,RCL,Consumer Discretionary,5,0.009090909090909092
53,2025-05-30,TPR,TPR,Consumer Discretionary,5,0.009090909090909092
53,2025-05-30,TSLA,TSLA,Consumer Discretionary,5,0.009090909090909092
53,2025-05-30,COST,COST,Consumer Staples,5,0.012987012987012986
53,2025-05-30,K,K,Consumer Staples,5,0.012987012987012986
53,2025-05-30,KR,KR,Consumer Staples,5,0.012987012987012986
53,2025-05-30,KVUE,KVUE,Consumer Staples,5,0.012987012987012986
53,2025-05-30,MO,MO,Consumer Staples,5,0.012987012987012986
53,2025-05-30,PM,PM,Consumer Staples,5,0.012987012987012986
53,2025-05-30,WMT,WMT,Consumer Staples,5,0.012987012987012986
53,2025-05-30,KMI,KMI,Energy,5,0.022727272727272728
53,2025-05-30,TPL,TPL,Energy,5,0.022727272727272728
53,2025-05-30,TRGP,TRGP,Energy,5,0.022727272727272728
53,2025-05-30,WMB,WMB,Energy,5,0.022727272727272728
53,2025-05-30,AJG,AJG,Financials,5,0.006493506493506493
53,2025-05-30,AON,AON,Financials,5,0.006493506493506493
53,2025-05-30,BNY,BNY,Financials,5,0.006493506493506493
53,2025-05-30,BRK.B,BRK.B,Financials,5,0.006493506493506493
53,2025-05-30,CBOE,CBOE,Financials,5,0.006493506493506493
53,2025-05-30,CME,CME,Financials,5,0.006493506493506493
53,2025-05-30,COF,COF,Financials,5,0.006493506493506493
53,2025-05-30,GL,GL,Financials,5,0.006493506493506493
53,2025-05-30,ICE,ICE,Financials,5,0.006493506493506493
53,2025-05-30,NDAQ,NDAQ,Financials,5,0.006493506493506493
53,2025-05-30,PGR,PGR,Financials,5,0.006493506493506493
53,2025-05-30,TRV,TRV,Financials,5,0.006493506493506493
53,2025-05-30,V,V,Financials,5,0.006493506493506493
53,2025-05-30,WRB,WRB,Financials,5,0.006493506493506493
53,2025-05-30,ABBV,ABBV,Health Care,5,0.007575757575757576
53,2025-05-30,ABT,ABT,Health Care,5,0.007575757575757576
53,2025-05-30,BMY,BMY,Health Care,5,0.007575757575757576
53,2025-05-30,BSX,BSX,Health Care,5,0.007575757575757576
53,2025-05-30,CAH,CAH,Health Care,5,0.007575757575757576
53,2025-05-30,COR,COR,Health Care,5,0.007575757575757576
53,2025-05-30,DGX,DGX,Health Care,5,0.007575757575757576
53,2025-05-30,GILD,GILD,Health Care,5,0.007575757575757576
53,2025-05-30,ISRG,ISRG,Health Care,5,0.007575757575757576
53,2025-05-30,LH,LH,Health Care,5,0.007575757575757576
53,2025-05-30,MCK,MCK,Health Care,5,0.007575757575757576
53,2025-05-30,PODD,PODD,Health Care,5,0.007575757575757576
53,2025-05-30,ADP,ADP,Industrials,5,0.006060606060606061
53,2025-05-30,AXON,AXON,Industrials,5,0.006060606060606061
53,2025-05-30,CTAS,CTAS,Industrials,5,0.006060606060606061
53,2025-05-30,DE,DE,Industrials,5,0.006060606060606061
53,2025-05-30,FAST,FAST,Industrials,5,0.006060606060606061
53,2025-05-30,GE,GE,Industrials,5,0.006060606060606061
53,2025-05-30,GEV,GEV,Industrials,5,0.006060606060606061
53,2025-05-30,HWM,HWM,Industrials,5,0.006060606060606061
53,2025-05-30,MMM,MMM,Industrials,5,0.006060606060606061
53,2025-05-30,PAYC,PAYC,Industrials,5,0.006060606060606061
53,2025-05-30,PAYX,PAYX,Industrials,5,0.006060606060606061
53,2025-05-30,ROL,ROL,Industrials,5,0.006060606060606061
53,2025-05-30,RSG,RSG,Industrials,5,0.006060606060606061
53,2025-05-30,UAL,UAL,Industrials,5,0.006060606060606061
53,2025-05-30,UBER,UBER,Industrials,5,0.006060606060606061
53,2025-05-30,ADSK,ADSK,Information Technology,5,0.006993006993006994
53,2025-05-30,AVGO,AVGO,Information Technology,5,0.006993006993006994
53,2025-05-30,CRWD,CRWD,Information Technology,5,0.006993006993006994
53,2025-05-30,CSCO,CSCO,Information Technology,5,0.006993006993006994
53,2025-05-30,FFIV,FFIV,Information Technology,5,0.006993006993006994
53,2025-05-30,FICO,FICO,Information Technology,5,0.006993006993006994
53,2025-05-30,FTNT,FTNT,Information Technology,5,0.006993006993006994
53,2025-05-30,GDDY,GDDY,Information Technology,5,0.006993006993006994
53,2025-05-30,IBM,IBM,Information Technology,5,0.006993006993006994
53,2025-05-30,NOW,NOW,Information Technology,5,0.006993006993006994
53,2025-05-30,PANW,PANW,Information Technology,5,0.006993006993006994
53,2025-05-30,PLTR,PLTR,Information Technology,5,0.006993006993006994
53,2025-05-30,VRSN,VRSN,Information Technology,5,0.006993006993006994
53,2025-05-30,CTVA,CTVA,Materials,5,0.018181818181818184
53,2025-05-30,ECL,ECL,Materials,5,0.018181818181818184
53,2025-05-30,LIN,LIN,Materials,5,0.018181818181818184
53,2025-05-30,NEM,NEM,Materials,5,0.018181818181818184
53,2025-05-30,SHW,SHW,Materials,5,0.018181818181818184
53,2025-05-30,CBRE,CBRE,Real Estate,5,0.015151515151515152
53,2025-05-30,MAA,MAA,Real Estate,5,0.015151515151515152
53,2025-05-30,REG,REG,Real Estate,5,0.015151515151515152
53,2025-05-30,SBAC,SBAC,Real Estate,5,0.015151515151515152
53,2025-05-30,VTR,VTR,Real Estate,5,0.015151515151515152
53,2025-05-30,WELL,WELL,Real Estate,5,0.015151515151515152
53,2025-05-30,AEE,AEE,Utilities,5,0.015151515151515152
53,2025-05-30,ATO,ATO,Utilities,5,0.015151515151515152
53,2025-05-30,ETR,ETR,Utilities,5,0.015151515151515152
53,2025-05-30,NI,NI,Utilities,5,0.015151515151515152
53,2025-05-30,NRG,NRG,Utilities,5,0.015151515151515152
53,2025-05-30,WEC,WEC,Utilities,5,0.015151515151515152
54,2025-06-30,FOX,FOX,Communication Services,5,0.022727272727272728
54,2025-06-30,FOXA,FOXA,Communication Services,5,0.022727272727272728
54,2025-06-30,NFLX,NFLX,Communication Services,5,0.022727272727272728
54,2025-06-30,T,T,Communication Services,5,0.022727272727272728
54,2025-06-30,BKNG,BKNG,Consumer Discretionary,5,0.009090909090909092
54,2025-06-30,DASH,DASH,Consumer Discretionary,5,0.009090909090909092
54,2025-06-30,DRI,DRI,Consumer Discretionary,5,0.009090909090909092
54,2025-06-30,EBAY,EBAY,Consumer Discretionary,5,0.009090909090909092
54,2025-06-30,EXPE,EXPE,Consumer Discretionary,5,0.009090909090909092
54,2025-06-30,ORLY,ORLY,Consumer Discretionary,5,0.009090909090909092
54,2025-06-30,RCL,RCL,Consumer Discretionary,5,0.009090909090909092
54,2025-06-30,RL,RL,Consumer Discretionary,5,0.009090909090909092
54,2025-06-30,TPR,TPR,Consumer Discretionary,5,0.009090909090909092
54,2025-06-30,TSLA,TSLA,Consumer Discretionary,5,0.009090909090909092
54,2025-06-30,K,K,Consumer Staples,5,0.012987012987012986
54,2025-06-30,KR,KR,Consumer Staples,5,0.012987012987012986
54,2025-06-30,KVUE,KVUE,Consumer Staples,5,0.012987012987012986
54,2025-06-30,MNST,MNST,Consumer Staples,5,0.012987012987012986
54,2025-06-30,MO,MO,Consumer Staples,5,0.012987012987012986
54,2025-06-30,PM,PM,Consumer Staples,5,0.012987012987012986
54,2025-06-30,WMT,WMT,Consumer Staples,5,0.012987012987012986
54,2025-06-30,EQT,EQT,Energy,5,0.022727272727272728
54,2025-06-30,KMI,KMI,Energy,5,0.022727272727272728
54,2025-06-30,TPL,TPL,Energy,5,0.022727272727272728
54,2025-06-30,WMB,WMB,Energy,5,0.022727272727272728
54,2025-06-30,AJG,AJG,Financials,5,0.006493506493506493
54,2025-06-30,BNY,BNY,Financials,5,0.006493506493506493
54,2025-06-30,CBOE,CBOE,Financials,5,0.006493506493506493
54,2025-06-30,CME,CME,Financials,5,0.006493506493506493
54,2025-06-30,COF,COF,Financials,5,0.006493506493506493
54,2025-06-30,GL,GL,Financials,5,0.006493506493506493
54,2025-06-30,GS,GS,Financials,5,0.006493506493506493
54,2025-06-30,MS,MS,Financials,5,0.006493506493506493
54,2025-06-30,NDAQ,NDAQ,Financials,5,0.006493506493506493
54,2025-06-30,PGR,PGR,Financials,5,0.006493506493506493
54,2025-06-30,STT,STT,Financials,5,0.006493506493506493
54,2025-06-30,TRV,TRV,Financials,5,0.006493506493506493
54,2025-06-30,V,V,Financials,5,0.006493506493506493
54,2025-06-30,WRB,WRB,Financials,5,0.006493506493506493
54,2025-06-30,ABT,ABT,Health Care,5,0.007575757575757576
54,2025-06-30,BSX,BSX,Health Care,5,0.007575757575757576
54,2025-06-30,CAH,CAH,Health Care,5,0.007575757575757576
54,2025-06-30,COR,COR,Health Care,5,0.007575757575757576
54,2025-06-30,DGX,DGX,Health Care,5,0.007575757575757576
54,2025-06-30,GILD,GILD,Health Care,5,0.007575757575757576
54,2025-06-30,ISRG,ISRG,Health Care,5,0.007575757575757576
54,2025-06-30,LH,LH,Health Care,5,0.007575757575757576
54,2025-06-30,MCK,MCK,Health Care,5,0.007575757575757576
54,2025-06-30,PODD,PODD,Health Care,5,0.007575757575757576
54,2025-06-30,RMD,RMD,Health Care,5,0.007575757575757576
54,2025-06-30,SOLV,SOLV,Health Care,5,0.007575757575757576
54,2025-06-30,ADP,ADP,Industrials,5,0.006060606060606061
54,2025-06-30,AXON,AXON,Industrials,5,0.006060606060606061
54,2025-06-30,DE,DE,Industrials,5,0.006060606060606061
54,2025-06-30,FAST,FAST,Industrials,5,0.006060606060606061
54,2025-06-30,GE,GE,Industrials,5,0.006060606060606061
54,2025-06-30,GEV,GEV,Industrials,5,0.006060606060606061
54,2025-06-30,HWM,HWM,Industrials,5,0.006060606060606061
54,2025-06-30,JCI,JCI,Industrials,5,0.006060606060606061
54,2025-06-30,MMM,MMM,Industrials,5,0.006060606060606061
54,2025-06-30,PAYC,PAYC,Industrials,5,0.006060606060606061
54,2025-06-30,PAYX,PAYX,Industrials,5,0.006060606060606061
54,2025-06-30,PWR,PWR,Industrials,5,0.006060606060606061
54,2025-06-30,RSG,RSG,Industrials,5,0.006060606060606061
54,2025-06-30,RTX,RTX,Industrials,5,0.006060606060606061
54,2025-06-30,UAL,UAL,Industrials,5,0.006060606060606061
54,2025-06-30,APH,APH,Information Technology,5,0.006993006993006994
54,2025-06-30,AVGO,AVGO,Information Technology,5,0.006993006993006994
54,2025-06-30,CSCO,CSCO,Information Technology,5,0.006993006993006994
54,2025-06-30,FFIV,FFIV,Information Technology,5,0.006993006993006994
54,2025-06-30,FTNT,FTNT,Information Technology,5,0.006993006993006994
54,2025-06-30,GDDY,GDDY,Information Technology,5,0.006993006993006994
54,2025-06-30,GLW,GLW,Information Technology,5,0.006993006993006994
54,2025-06-30,IBM,IBM,Information Technology,5,0.006993006993006994
54,2025-06-30,JBL,JBL,Information Technology,5,0.006993006993006994
54,2025-06-30,NOW,NOW,Information Technology,5,0.006993006993006994
54,2025-06-30,PLTR,PLTR,Information Technology,5,0.006993006993006994
54,2025-06-30,TDY,TDY,Information Technology,5,0.006993006993006994
54,2025-06-30,VRSN,VRSN,Information Technology,5,0.006993006993006994
54,2025-06-30,CF,CF,Materials,5,0.018181818181818184
54,2025-06-30,CTVA,CTVA,Materials,5,0.018181818181818184
54,2025-06-30,MOS,MOS,Materials,5,0.018181818181818184
54,2025-06-30,NEM,NEM,Materials,5,0.018181818181818184
54,2025-06-30,SHW,SHW,Materials,5,0.018181818181818184
54,2025-06-30,CBRE,CBRE,Real Estate,5,0.015151515151515152
54,2025-06-30,EQIX,EQIX,Real Estate,5,0.015151515151515152
54,2025-06-30,REG,REG,Real Estate,5,0.015151515151515152
54,2025-06-30,SBAC,SBAC,Real Estate,5,0.015151515151515152
54,2025-06-30,VTR,VTR,Real Estate,5,0.015151515151515152
54,2025-06-30,WELL,WELL,Real Estate,5,0.015151515151515152
54,2025-06-30,CEG,CEG,Utilities,5,0.015151515151515152
54,2025-06-30,ETR,ETR,Utilities,5,0.015151515151515152
54,2025-06-30,NI,NI,Utilities,5,0.015151515151515152
54,2025-06-30,NRG,NRG,Utilities,5,0.015151515151515152
54,2025-06-30,VST,VST,Utilities,5,0.015151515151515152
54,2025-06-30,WEC,WEC,Utilities,5,0.015151515151515152
55,2025-07-31,LYV,LYV,Communication Services,5,0.022727272727272728
55,2025-07-31,NFLX,NFLX,Communication Services,5,0.022727272727272728
55,2025-07-31,TKO,TKO,Communication Services,5,0.022727272727272728
55,2025-07-31,TTWO,TTWO,Communication Services,5,0.022727272727272728
55,2025-07-31,BKNG,BKNG,Consumer Discretionary,5,0.009090909090909092
55,2025-07-31,CCL,CCL,Consumer Discretionary,5,0.009090909090909092
55,2025-07-31,DASH,DASH,Consumer Discretionary,5,0.009090909090909092
55,2025-07-31,DRI,DRI,Consumer Discretionary,5,0.009090909090909092
55,2025-07-31,EBAY,EBAY,Consumer Discretionary,5,0.009090909090909092
55,2025-07-31,EXPE,EXPE,Consumer Discretionary,5,0.009090909090909092
55,2025-07-31,RCL,RCL,Consumer Discretionary,5,0.009090909090909092
55,2025-07-31,RL,RL,Consumer Discretionary,5,0.009090909090909092
55,2025-07-31,TPR,TPR,Consumer Discretionary,5,0.009090909090909092
55,2025-07-31,TSLA,TSLA,Consumer Discretionary,5,0.009090909090909092
55,2025-07-31,COST,COST,Consumer Staples,5,0.012987012987012986
55,2025-07-31,K,K,Consumer Staples,5,0.012987012987012986
55,2025-07-31,KR,KR,Consumer Staples,5,0.012987012987012986
55,2025-07-31,MNST,MNST,Consumer Staples,5,0.012987012987012986
55,2025-07-31,MO,MO,Consumer Staples,5,0.012987012987012986
55,2025-07-31,PM,PM,Consumer Staples,5,0.012987012987012986
55,2025-07-31,WMT,WMT,Consumer Staples,5,0.012987012987012986
55,2025-07-31,EQT,EQT,Energy,5,0.022727272727272728
55,2025-07-31,EXE,EXE,Energy,5,0.022727272727272728
55,2025-07-31,KMI,KMI,Energy,5,0.022727272727272728
55,2025-07-31,WMB,WMB,Energy,5,0.022727272727272728
55,2025-07-31,BNY,BNY,Financials,5,0.006493506493506493
55,2025-07-31,C,C,Financials,5,0.006493506493506493
55,2025-07-31,CME,CME,Financials,5,0.006493506493506493
55,2025-07-31,COF,COF,Financials,5,0.006493506493506493
55,2025-07-31,COIN,COIN,Financials,5,0.006493506493506493
55,2025-07-31,GL,GL,Financials,5,0.006493506493506493
55,2025-07-31,GS,GS,Financials,5,0.006493506493506493
55,2025-07-31,JPM,JPM,Financials,5,0.006493506493506493
55,2025-07-31,MS,MS,Financials,5,0.006493506493506493
55,2025-07-31,NTRS,NTRS,Financials,5,0.006493506493506493
55,2025-07-31,SCHW,SCHW,Financials,5,0.006493506493506493
55,2025-07-31,V,V,Financials,5,0.006493506493506493
55,2025-07-31,WFC,WFC,Financials,5,0.006493506493506493
55,2025-07-31,WRB,WRB,Financials,5,0.006493506493506493
55,2025-07-31,ABT,ABT,Health Care,5,0.007575757575757576
55,2025-07-31,BSX,BSX,Health Care,5,0.007575757575757576
55,2025-07-31,CAH,CAH,Health Care,5,0.007575757575757576
55,2025-07-31,COR,COR,Health Care,5,0.007575757575757576
55,2025-07-31,DGX,DGX,Health Care,5,0.007575757575757576
55,2025-07-31,DXCM,DXCM,Health Care,5,0.007575757575757576
55,2025-07-31,EW,EW,Health Care,5,0.007575757575757576
55,2025-07-31,GILD,GILD,Health Care,5,0.007575757575757576
55,2025-07-31,ISRG,ISRG,Health Care,5,0.007575757575757576
55,2025-07-31,LH,LH,Health Care,5,0.007575757575757576
55,2025-07-31,PODD,PODD,Health Care,5,0.007575757575757576
55,2025-07-31,SOLV,SOLV,Health Care,5,0.007575757575757576
55,2025-07-31,AXON,AXON,Industrials,5,0.006060606060606061
55,2025-07-31,DE,DE,Industrials,5,0.006060606060606061
55,2025-07-31,GE,GE,Industrials,5,0.006060606060606061
55,2025-07-31,GEV,GEV,Industrials,5,0.006060606060606061
55,2025-07-31,HWM,HWM,Industrials,5,0.006060606060606061
55,2025-07-31,JCI,JCI,Industrials,5,0.006060606060606061
55,2025-07-31,PAYC,PAYC,Industrials,5,0.006060606060606061
55,2025-07-31,PH,PH,Industrials,5,0.006060606060606061
55,2025-07-31,PWR,PWR,Industrials,5,0.006060606060606061
55,2025-07-31,RSG,RSG,Industrials,5,0.006060606060606061
55,2025-07-31,RTX,RTX,Industrials,5,0.006060606060606061
55,2025-07-31,TT,TT,Industrials,5,0.006060606060606061
55,2025-07-31,UAL,UAL,Industrials,5,0.006060606060606061
55,2025-07-31,UBER,UBER,Industrials,5,0.006060606060606061
55,2025-07-31,WAB,WAB,Industrials,5,0.006060606060606061
55,2025-07-31,APH,APH,Information Technology,5,0.006993006993006994
55,2025-07-31,AVGO,AVGO,Information Technology,5,0.006993006993006994
55,2025-07-31,CRWD,CRWD,Information Technology,5,0.006993006993006994
55,2025-07-31,CSCO,CSCO,Information Technology,5,0.006993006993006994
55,2025-07-31,FFIV,FFIV,Information Technology,5,0.006993006993006994
55,2025-07-31,FTNT,FTNT,Information Technology,5,0.006993006993006994
55,2025-07-31,IBM,IBM,Information Technology,5,0.006993006993006994
55,2025-07-31,JBL,JBL,Information Technology,5,0.006993006993006994
55,2025-07-31,ORCL,ORCL,Information Technology,5,0.006993006993006994
55,2025-07-31,PLTR,PLTR,Information Technology,5,0.006993006993006994
55,2025-07-31,STX,STX,Information Technology,5,0.006993006993006994
55,2025-07-31,TRMB,TRMB,Information Technology,5,0.006993006993006994
55,2025-07-31,VRSN,VRSN,Information Technology,5,0.006993006993006994
55,2025-07-31,CF,CF,Materials,5,0.018181818181818184
55,2025-07-31,CTVA,CTVA,Materials,5,0.018181818181818184
55,2025-07-31,ECL,ECL,Materials,5,0.018181818181818184
55,2025-07-31,MOS,MOS,Materials,5,0.018181818181818184
55,2025-07-31,NEM,NEM,Materials,5,0.018181818181818184
55,2025-07-31,CBRE,CBRE,Real Estate,5,0.015151515151515152
55,2025-07-31,DLR,DLR,Real Estate,5,0.015151515151515152
55,2025-07-31,SPG,SPG,Real Estate,5,0.015151515151515152
55,2025-07-31,VICI,VICI,Real Estate,5,0.015151515151515152
55,2025-07-31,VTR,VTR,Real Estate,5,0.015151515151515152
55,2025-07-31,WELL,WELL,Real Estate,5,0.015151515151515152
55,2025-07-31,CEG,CEG,Utilities,5,0.015151515151515152
55,2025-07-31,CNP,CNP,Utilities,5,0.015151515151515152
55,2025-07-31,ETR,ETR,Utilities,5,0.015151515151515152
55,2025-07-31,NI,NI,Utilities,5,0.015151515151515152
55,2025-07-31,NRG,NRG,Utilities,5,0.015151515151515152
55,2025-07-31,VST,VST,Utilities,5,0.015151515151515152
56,2025-08-29,LYV,LYV,Communication Services,5,0.022727272727272728
56,2025-08-29,META,META,Communication Services,5,0.022727272727272728
56,2025-08-29,NFLX,NFLX,Communication Services,5,0.022727272727272728
56,2025-08-29,WBD,WBD,Communication Services,5,0.022727272727272728
56,2025-08-29,CCL,CCL,Consumer Discretionary,5,0.009090909090909092
56,2025-08-29,DASH,DASH,Consumer Discretionary,5,0.009090909090909092
56,2025-08-29,EBAY,EBAY,Consumer Discretionary,5,0.009090909090909092
56,2025-08-29,NCLH,NCLH,Consumer Discretionary,5,0.009090909090909092
56,2025-08-29,RCL,RCL,Consumer Discretionary,5,0.009090909090909092
56,2025-08-29,RL,RL,Consumer Discretionary,5,0.009090909090909092
56,2025-08-29,TPR,TPR,Consumer Discretionary,5,0.009090909090909092
56,2025-08-29,TSLA,TSLA,Consumer Discretionary,5,0.009090909090909092
56,2025-08-29,ULTA,ULTA,Consumer Discretionary,5,0.009090909090909092
56,2025-08-29,WYNN,WYNN,Consumer Discretionary,5,0.009090909090909092
56,2025-08-29,DG,DG,Consumer Staples,5,0.012987012987012986
56,2025-08-29,DLTR,DLTR,Consumer Staples,5,0.012987012987012986
56,2025-08-29,KR,KR,Consumer Staples,5,0.012987012987012986
56,2025-08-29,MNST,MNST,Consumer Staples,5,0.012987012987012986
56,2025-08-29,MO,MO,Consumer Staples,5,0.012987012987012986
56,2025-08-29,PM,PM,Consumer Staples,5,0.012987012987012986
56,2025-08-29,WMT,WMT,Consumer Staples,5,0.012987012987012986
56,2025-08-29,EQT,EQT,Energy,5,0.022727272727272728
56,2025-08-29,EXE,EXE,Energy,5,0.022727272727272728
56,2025-08-29,KMI,KMI,Energy,5,0.022727272727272728
56,2025-08-29,WMB,WMB,Energy,5,0.022727272727272728
56,2025-08-29,BNY,BNY,Financials,5,0.006060606060606061
56,2025-08-29,C,C,Financials,5,0.006060606060606061
56,2025-08-29,CME,CME,Financials,5,0.006060606060606061
56,2025-08-29,COF,COF,Financials,5,0.006060606060606061
56,2025-08-29,COIN,COIN,Financials,5,0.006060606060606061
56,2025-08-29,GL,GL,Financials,5,0.006060606060606061
56,2025-08-29,GS,GS,Financials,5,0.006060606060606061
56,2025-08-29,IBKR,IBKR,Financials,5,0.006060606060606061
56,2025-08-29,MS,MS,Financials,5,0.006060606060606061
56,2025-08-29,NDAQ,NDAQ,Financials,5,0.006060606060606061
56,2025-08-29,NTRS,NTRS,Financials,5,0.006060606060606061
56,2025-08-29,RJF,RJF,Financials,5,0.006060606060606061
56,2025-08-29,SCHW,SCHW,Financials,5,0.006060606060606061
56,2025-08-29,SYF,SYF,Financials,5,0.006060606060606061
56,2025-08-29,WFC,WFC,Financials,5,0.006060606060606061
56,2025-08-29,ABT,ABT,Health Care,5,0.007575757575757576
56,2025-08-29,BSX,BSX,Health Care,5,0.007575757575757576
56,2025-08-29,CAH,CAH,Health Care,5,0.007575757575757576
56,2025-08-29,COR,COR,Health Care,5,0.007575757575757576
56,2025-08-29,CVS,CVS,Health Care,5,0.007575757575757576
56,2025-08-29,DXCM,DXCM,Health Care,5,0.007575757575757576
56,2025-08-29,EW,EW,Health Care,5,0.007575757575757576
56,2025-08-29,GILD,GILD,Health Care,5,0.007575757575757576
56,2025-08-29,INCY,INCY,Health Care,5,0.007575757575757576
56,2025-08-29,LH,LH,Health Care,5,0.007575757575757576
56,2025-08-29,MCK,MCK,Health Care,5,0.007575757575757576
56,2025-08-29,PODD,PODD,Health Care,5,0.007575757575757576
56,2025-08-29,AXON,AXON,Industrials,5,0.006060606060606061
56,2025-08-29,BA,BA,Industrials,5,0.006060606060606061
56,2025-08-29,DAL,DAL,Industrials,5,0.006060606060606061
56,2025-08-29,DE,DE,Industrials,5,0.006060606060606061
56,2025-08-29,EMR,EMR,Industrials,5,0.006060606060606061
56,2025-08-29,FAST,FAST,Industrials,5,0.006060606060606061
56,2025-08-29,GE,GE,Industrials,5,0.006060606060606061
56,2025-08-29,GEV,GEV,Industrials,5,0.006060606060606061
56,2025-08-29,HWM,HWM,Industrials,5,0.006060606060606061
56,2025-08-29,JCI,JCI,Industrials,5,0.006060606060606061
56,2025-08-29,PAYC,PAYC,Industrials,5,0.006060606060606061
56,2025-08-29,PWR,PWR,Industrials,5,0.006060606060606061
56,2025-08-29,ROK,ROK,Industrials,5,0.006060606060606061
56,2025-08-29,RTX,RTX,Industrials,5,0.006060606060606061
56,2025-08-29,UAL,UAL,Industrials,5,0.006060606060606061
56,2025-08-29,APH,APH,Information Technology,5,0.006993006993006994
56,2025-08-29,AVGO,AVGO,Information Technology,5,0.006993006993006994
56,2025-08-29,CRWD,CRWD,Information Technology,5,0.006993006993006994
56,2025-08-29,FFIV,FFIV,Information Technology,5,0.006993006993006994
56,2025-08-29,GLW,GLW,Information Technology,5,0.006993006993006994
56,2025-08-29,JBL,JBL,Information Technology,5,0.006993006993006994
56,2025-08-29,NVDA,NVDA,Information Technology,5,0.006993006993006994
56,2025-08-29,ORCL,ORCL,Information Technology,5,0.006993006993006994
56,2025-08-29,PLTR,PLTR,Information Technology,5,0.006993006993006994
56,2025-08-29,STX,STX,Information Technology,5,0.006993006993006994
56,2025-08-29,TRMB,TRMB,Information Technology,5,0.006993006993006994
56,2025-08-29,VRSN,VRSN,Information Technology,5,0.006993006993006994
56,2025-08-29,WDC,WDC,Information Technology,5,0.006993006993006994
56,2025-08-29,CF,CF,Materials,5,0.018181818181818184
56,2025-08-29,CTVA,CTVA,Materials,5,0.018181818181818184
56,2025-08-29,MOS,MOS,Materials,5,0.018181818181818184
56,2025-08-29,NEM,NEM,Materials,5,0.018181818181818184
56,2025-08-29,VMC,VMC,Materials,5,0.018181818181818184
56,2025-08-29,CBRE,CBRE,Real Estate,5,0.015151515151515152
56,2025-08-29,CSGP,CSGP,Real Estate,5,0.015151515151515152
56,2025-08-29,DLR,DLR,Real Estate,5,0.015151515151515152
56,2025-08-29,SPG,SPG,Real Estate,5,0.015151515151515152
56,2025-08-29,VTR,VTR,Real Estate,5,0.015151515151515152
56,2025-08-29,WELL,WELL,Real Estate,5,0.015151515151515152
56,2025-08-29,CEG,CEG,Utilities,5,0.015151515151515152
56,2025-08-29,CNP,CNP,Utilities,5,0.015151515151515152
56,2025-08-29,ETR,ETR,Utilities,5,0.015151515151515152
56,2025-08-29,NI,NI,Utilities,5,0.015151515151515152
56,2025-08-29,NRG,NRG,Utilities,5,0.015151515151515152
56,2025-08-29,VST,VST,Utilities,5,0.015151515151515152
57,2025-09-30,LYV,LYV,Communication Services,5,0.022727272727272728
57,2025-09-30,NFLX,NFLX,Communication Services,5,0.022727272727272728
57,2025-09-30,TKO,TKO,Communication Services,5,0.022727272727272728
57,2025-09-30,TTWO,TTWO,Communication Services,5,0.022727272727272728
57,2025-09-30,BKNG,BKNG,Consumer Discretionary,5,0.009090909090909092
57,2025-09-30,CCL,CCL,Consumer Discretionary,5,0.009090909090909092
57,2025-09-30,DASH,DASH,Consumer Discretionary,5,0.009090909090909092
57,2025-09-30,EBAY,EBAY,Consumer Discretionary,5,0.009090909090909092
57,2025-09-30,EXPE,EXPE,Consumer Discretionary,5,0.009090909090909092
57,2025-09-30,GRMN,GRMN,Consumer Discretionary,5,0.009090909090909092
57,2025-09-30,ORLY,ORLY,Consumer Discretionary,5,0.009090909090909092
57,2025-09-30,RCL,RCL,Consumer Discretionary,5,0.009090909090909092
57,2025-09-30,RL,RL,Consumer Discretionary,5,0.009090909090909092
57,2025-09-30,TPR,TPR,Consumer Discretionary,5,0.009090909090909092
57,2025-09-30,DG,DG,Consumer Staples,5,0.012987012987012986
57,2025-09-30,DLTR,DLTR,Consumer Staples,5,0.012987012987012986
57,2025-09-30,KR,KR,Consumer Staples,5,0.012987012987012986
57,2025-09-30,MNST,MNST,Consumer Staples,5,0.012987012987012986
57,2025-09-30,MO,MO,Consumer Staples,5,0.012987012987012986
57,2025-09-30,PM,PM,Consumer Staples,5,0.012987012987012986
57,2025-09-30,WMT,WMT,Consumer Staples,5,0.012987012987012986
57,2025-09-30,BKR,BKR,Energy,5,0.022727272727272728
57,2025-09-30,EQT,EQT,Energy,5,0.022727272727272728
57,2025-09-30,KMI,KMI,Energy,5,0.022727272727272728
57,2025-09-30,WMB,WMB,Energy,5,0.022727272727272728
57,2025-09-30,BNY,BNY,Financials,5,0.006060606060606061
57,2025-09-30,C,C,Financials,5,0.006060606060606061
57,2025-09-30,COF,COF,Financials,5,0.006060606060606061
57,2025-09-30,COIN,COIN,Financials,5,0.006060606060606061
57,2025-09-30,GS,GS,Financials,5,0.006060606060606061
57,2025-09-30,HOOD,HOOD,Financials,5,0.006060606060606061
57,2025-09-30,IBKR,IBKR,Financials,5,0.006060606060606061
57,2025-09-30,JPM,JPM,Financials,5,0.006060606060606061
57,2025-09-30,MS,MS,Financials,5,0.006060606060606061
57,2025-09-30,NTRS,NTRS,Financials,5,0.006060606060606061
57,2025-09-30,RJF,RJF,Financials,5,0.006060606060606061
57,2025-09-30,SCHW,SCHW,Financials,5,0.006060606060606061
57,2025-09-30,STT,STT,Financials,5,0.006060606060606061
57,2025-09-30,SYF,SYF,Financials,5,0.006060606060606061
57,2025-09-30,WFC,WFC,Financials,5,0.006060606060606061
57,2025-09-30,BSX,BSX,Health Care,5,0.007575757575757576
57,2025-09-30,CAH,CAH,Health Care,5,0.007575757575757576
57,2025-09-30,COR,COR,Health Care,5,0.007575757575757576
57,2025-09-30,CVS,CVS,Health Care,5,0.007575757575757576
57,2025-09-30,DGX,DGX,Health Care,5,0.007575757575757576
57,2025-09-30,EW,EW,Health Care,5,0.007575757575757576
57,2025-09-30,GILD,GILD,Health Care,5,0.007575757575757576
57,2025-09-30,IDXX,IDXX,Health Care,5,0.007575757575757576
57,2025-09-30,INCY,INCY,Health Care,5,0.007575757575757576
57,2025-09-30,LH,LH,Health Care,5,0.007575757575757576
57,2025-09-30,MCK,MCK,Health Care,5,0.007575757575757576
57,2025-09-30,PODD,PODD,Health Care,5,0.007575757575757576
57,2025-09-30,AXON,AXON,Industrials,5,0.006060606060606061
57,2025-09-30,BA,BA,Industrials,5,0.006060606060606061
57,2025-09-30,CMI,CMI,Industrials,5,0.006060606060606061
57,2025-09-30,EME,EME,Industrials,5,0.006060606060606061
57,2025-09-30,FAST,FAST,Industrials,5,0.006060606060606061
57,2025-09-30,GE,GE,Industrials,5,0.006060606060606061
57,2025-09-30,GEV,GEV,Industrials,5,0.006060606060606061
57,2025-09-30,HWM,HWM,Industrials,5,0.006060606060606061
57,2025-09-30,JCI,JCI,Industrials,5,0.006060606060606061
57,2025-09-30,PAYC,PAYC,Industrials,5,0.006060606060606061
57,2025-09-30,PWR,PWR,Industrials,5,0.006060606060606061
57,2025-09-30,ROK,ROK,Industrials,5,0.006060606060606061
57,2025-09-30,RTX,RTX,Industrials,5,0.006060606060606061
57,2025-09-30,UAL,UAL,Industrials,5,0.006060606060606061
57,2025-09-30,UBER,UBER,Industrials,5,0.006060606060606061
57,2025-09-30,ANET,ANET,Information Technology,5,0.006993006993006994
57,2025-09-30,APH,APH,Information Technology,5,0.006993006993006994
57,2025-09-30,APP,APP,Information Technology,5,0.006993006993006994
57,2025-09-30,AVGO,AVGO,Information Technology,5,0.006993006993006994
57,2025-09-30,CRWD,CRWD,Information Technology,5,0.006993006993006994
57,2025-09-30,FFIV,FFIV,Information Technology,5,0.006993006993006994
57,2025-09-30,GLW,GLW,Information Technology,5,0.006993006993006994
57,2025-09-30,JBL,JBL,Information Technology,5,0.006993006993006994
57,2025-09-30,NVDA,NVDA,Information Technology,5,0.006993006993006994
57,2025-09-30,PLTR,PLTR,Information Technology,5,0.006993006993006994
57,2025-09-30,STX,STX,Information Technology,5,0.006993006993006994
57,2025-09-30,VRSN,VRSN,Information Technology,5,0.006993006993006994
57,2025-09-30,WDC,WDC,Information Technology,5,0.006993006993006994
57,2025-09-30,CTVA,CTVA,Materials,5,0.018181818181818184
57,2025-09-30,MLM,MLM,Materials,5,0.018181818181818184
57,2025-09-30,MOS,MOS,Materials,5,0.018181818181818184
57,2025-09-30,NEM,NEM,Materials,5,0.018181818181818184
57,2025-09-30,VMC,VMC,Materials,5,0.018181818181818184
57,2025-09-30,CBRE,CBRE,Real Estate,5,0.015151515151515152
57,2025-09-30,CSGP,CSGP,Real Estate,5,0.015151515151515152
57,2025-09-30,DLR,DLR,Real Estate,5,0.015151515151515152
57,2025-09-30,SPG,SPG,Real Estate,5,0.015151515151515152
57,2025-09-30,VTR,VTR,Real Estate,5,0.015151515151515152
57,2025-09-30,WELL,WELL,Real Estate,5,0.015151515151515152
57,2025-09-30,ATO,ATO,Utilities,5,0.015151515151515152
57,2025-09-30,CNP,CNP,Utilities,5,0.015151515151515152
57,2025-09-30,ETR,ETR,Utilities,5,0.015151515151515152
57,2025-09-30,NI,NI,Utilities,5,0.015151515151515152
57,2025-09-30,NRG,NRG,Utilities,5,0.015151515151515152
57,2025-09-30,VST,VST,Utilities,5,0.015151515151515152
58,2025-10-31,PSKY,PSKY,Communication Services,5,0.022727272727272728
58,2025-10-31,TKO,TKO,Communication Services,5,0.022727272727272728
58,2025-10-31,TTWO,TTWO,Communication Services,5,0.022727272727272728
58,2025-10-31,WBD,WBD,Communication Services,5,0.022727272727272728
58,2025-10-31,APTV,APTV,Consumer Discretionary,5,0.0101010101010101
58,2025-10-31,DASH,DASH,Consumer Discretionary,5,0.0101010101010101
58,2025-10-31,EBAY,EBAY,Consumer Discretionary,5,0.0101010101010101
58,2025-10-31,RCL,RCL,Consumer Discretionary,5,0.0101010101010101
58,2025-10-31,RL,RL,Consumer Discretionary,5,0.0101010101010101
58,2025-10-31,TPR,TPR,Consumer Discretionary,5,0.0101010101010101
58,2025-10-31,TSLA,TSLA,Consumer Discretionary,5,0.0101010101010101
58,2025-10-31,ULTA,ULTA,Consumer Discretionary,5,0.0101010101010101
58,2025-10-31,WSM,WSM,Consumer Discretionary,5,0.0101010101010101
58,2025-10-31,DG,DG,Consumer Staples,5,0.012987012987012986
58,2025-10-31,DLTR,DLTR,Consumer Staples,5,0.012987012987012986
58,2025-10-31,EL,EL,Consumer Staples,5,0.012987012987012986
58,2025-10-31,MNST,MNST,Consumer Staples,5,0.012987012987012986
58,2025-10-31,MO,MO,Consumer Staples,5,0.012987012987012986
58,2025-10-31,PM,PM,Consumer Staples,5,0.012987012987012986
58,2025-10-31,WMT,WMT,Consumer Staples,5,0.012987012987012986
58,2025-10-31,BKR,BKR,Energy,5,0.022727272727272728
58,2025-10-31,EQT,EQT,Energy,5,0.022727272727272728
58,2025-10-31,MPC,MPC,Energy,5,0.022727272727272728
58,2025-10-31,VLO,VLO,Energy,5,0.022727272727272728
58,2025-10-31,BNY,BNY,Financials,5,0.006060606060606061
58,2025-10-31,C,C,Financials,5,0.006060606060606061
58,2025-10-31,COF,COF,Financials,5,0.006060606060606061
58,2025-10-31,COIN,COIN,Financials,5,0.006060606060606061
58,2025-10-31,GL,GL,Financials,5,0.006060606060606061
58,2025-10-31,GS,GS,Financials,5,0.006060606060606061
58,2025-10-31,HOOD,HOOD,Financials,5,0.006060606060606061
58,2025-10-31,IBKR,IBKR,Financials,5,0.006060606060606061
58,2025-10-31,IVZ,IVZ,Financials,5,0.006060606060606061
58,2025-10-31,JPM,JPM,Financials,5,0.006060606060606061
58,2025-10-31,MS,MS,Financials,5,0.006060606060606061
58,2025-10-31,NTRS,NTRS,Financials,5,0.006060606060606061
58,2025-10-31,SCHW,SCHW,Financials,5,0.006060606060606061
58,2025-10-31,WFC,WFC,Financials,5,0.006060606060606061
58,2025-10-31,WRB,WRB,Financials,5,0.006060606060606061
58,2025-10-31,ABT,ABT,Health Care,5,0.007575757575757576
58,2025-10-31,CAH,CAH,Health Care,5,0.007575757575757576
58,2025-10-31,COR,COR,Health Care,5,0.007575757575757576
58,2025-10-31,CVS,CVS,Health Care,5,0.007575757575757576
58,2025-10-31,DGX,DGX,Health Care,5,0.007575757575757576
58,2025-10-31,GILD,GILD,Health Care,5,0.007575757575757576
58,2025-10-31,HCA,HCA,Health Care,5,0.007575757575757576
58,2025-10-31,IDXX,IDXX,Health Care,5,0.007575757575757576
58,2025-10-31,JNJ,JNJ,Health Care,5,0.007575757575757576
58,2025-10-31,LH,LH,Health Care,5,0.007575757575757576
58,2025-10-31,MCK,MCK,Health Care,5,0.007575757575757576
58,2025-10-31,PODD,PODD,Health Care,5,0.007575757575757576
58,2025-10-31,ALLE,ALLE,Industrials,5,0.006060606060606061
58,2025-10-31,AXON,AXON,Industrials,5,0.006060606060606061
58,2025-10-31,BA,BA,Industrials,5,0.006060606060606061
58,2025-10-31,CHRW,CHRW,Industrials,5,0.006060606060606061
58,2025-10-31,CMI,CMI,Industrials,5,0.006060606060606061
58,2025-10-31,EME,EME,Industrials,5,0.006060606060606061
58,2025-10-31,GE,GE,Industrials,5,0.006060606060606061
58,2025-10-31,GEV,GEV,Industrials,5,0.006060606060606061
58,2025-10-31,HII,HII,Industrials,5,0.006060606060606061
58,2025-10-31,HWM,HWM,Industrials,5,0.006060606060606061
58,2025-10-31,JCI,JCI,Industrials,5,0.006060606060606061
58,2025-10-31,PWR,PWR,Industrials,5,0.006060606060606061
58,2025-10-31,ROK,ROK,Industrials,5,0.006060606060606061
58,2025-10-31,RTX,RTX,Industrials,5,0.006060606060606061
58,2025-10-31,UBER,UBER,Industrials,5,0.006060606060606061
58,2025-10-31,APH,APH,Information Technology,5,0.006993006993006994
58,2025-10-31,APP,APP,Information Technology,5,0.006993006993006994
58,2025-10-31,AVGO,AVGO,Information Technology,5,0.006993006993006994
58,2025-10-31,CRWD,CRWD,Information Technology,5,0.006993006993006994
58,2025-10-31,GLW,GLW,Information Technology,5,0.006993006993006994
58,2025-10-31,JBL,JBL,Information Technology,5,0.006993006993006994
58,2025-10-31,LRCX,LRCX,Information Technology,5,0.006993006993006994
58,2025-10-31,MU,MU,Information Technology,5,0.006993006993006994
58,2025-10-31,ORCL,ORCL,Information Technology,5,0.006993006993006994
58,2025-10-31,PLTR,PLTR,Information Technology,5,0.006993006993006994
58,2025-10-31,SMCI,SMCI,Information Technology,5,0.006993006993006994
58,2025-10-31,STX,STX,Information Technology,5,0.006993006993006994
58,2025-10-31,WDC,WDC,Information Technology,5,0.006993006993006994
58,2025-10-31,CTVA,CTVA,Materials,5,0.018181818181818184
58,2025-10-31,ECL,ECL,Materials,5,0.018181818181818184
58,2025-10-31,MOS,MOS,Materials,5,0.018181818181818184
58,2025-10-31,NEM,NEM,Materials,5,0.018181818181818184
58,2025-10-31,VMC,VMC,Materials,5,0.018181818181818184
58,2025-10-31,CBRE,CBRE,Real Estate,5,0.015151515151515152
58,2025-10-31,CSGP,CSGP,Real Estate,5,0.015151515151515152
58,2025-10-31,SPG,SPG,Real Estate,5,0.015151515151515152
58,2025-10-31,VICI,VICI,Real Estate,5,0.015151515151515152
58,2025-10-31,VTR,VTR,Real Estate,5,0.015151515151515152
58,2025-10-31,WELL,WELL,Real Estate,5,0.015151515151515152
58,2025-10-31,ATO,ATO,Utilities,5,0.015151515151515152
58,2025-10-31,CEG,CEG,Utilities,5,0.015151515151515152
58,2025-10-31,CNP,CNP,Utilities,5,0.015151515151515152
58,2025-10-31,EVRG,EVRG,Utilities,5,0.015151515151515152
58,2025-10-31,NRG,NRG,Utilities,5,0.015151515151515152
58,2025-10-31,VST,VST,Utilities,5,0.015151515151515152
59,2025-11-28,GOOG,GOOG,Communication Services,5,0.022727272727272728
59,2025-11-28,GOOGL,GOOGL,Communication Services,5,0.022727272727272728
59,2025-11-28,PSKY,PSKY,Communication Services,5,0.022727272727272728
59,2025-11-28,WBD,WBD,Communication Services,5,0.022727272727272728
59,2025-11-28,APTV,APTV,Consumer Discretionary,5,0.0101010101010101
59,2025-11-28,DASH,DASH,Consumer Discretionary,5,0.0101010101010101
59,2025-11-28,EBAY,EBAY,Consumer Discretionary,5,0.0101010101010101
59,2025-11-28,GM,GM,Consumer Discretionary,5,0.0101010101010101
59,2025-11-28,RL,RL,Consumer Discretionary,5,0.0101010101010101
59,2025-11-28,TPR,TPR,Consumer Discretionary,5,0.0101010101010101
59,2025-11-28,TSLA,TSLA,Consumer Discretionary,5,0.0101010101010101
59,2025-11-28,ULTA,ULTA,Consumer Discretionary,5,0.0101010101010101
59,2025-11-28,WYNN,WYNN,Consumer Discretionary,5,0.0101010101010101
59,2025-11-28,ADM,ADM,Consumer Staples,5,0.012987012987012986
59,2025-11-28,DG,DG,Consumer Staples,5,0.012987012987012986
59,2025-11-28,DLTR,DLTR,Consumer Staples,5,0.012987012987012986
59,2025-11-28,EL,EL,Consumer Staples,5,0.012987012987012986
59,2025-11-28,MNST,MNST,Consumer Staples,5,0.012987012987012986
59,2025-11-28,PM,PM,Consumer Staples,5,0.012987012987012986
59,2025-11-28,WMT,WMT,Consumer Staples,5,0.012987012987012986
59,2025-11-28,BKR,BKR,Energy,5,0.022727272727272728
59,2025-11-28,EQT,EQT,Energy,5,0.022727272727272728
59,2025-11-28,MPC,MPC,Energy,5,0.022727272727272728
59,2025-11-28,VLO,VLO,Energy,5,0.022727272727272728
59,2025-11-28,AXP,AXP,Financials,5,0.006060606060606061
59,2025-11-28,BNY,BNY,Financials,5,0.006060606060606061
59,2025-11-28,C,C,Financials,5,0.006060606060606061
59,2025-11-28,CME,CME,Financials,5,0.006060606060606061
59,2025-11-28,COIN,COIN,Financials,5,0.006060606060606061
59,2025-11-28,GL,GL,Financials,5,0.006060606060606061
59,2025-11-28,GS,GS,Financials,5,0.006060606060606061
59,2025-11-28,HOOD,HOOD,Financials,5,0.006060606060606061
59,2025-11-28,IBKR,IBKR,Financials,5,0.006060606060606061
59,2025-11-28,IVZ,IVZ,Financials,5,0.006060606060606061
59,2025-11-28,JPM,JPM,Financials,5,0.006060606060606061
59,2025-11-28,MS,MS,Financials,5,0.006060606060606061
59,2025-11-28,NTRS,NTRS,Financials,5,0.006060606060606061
59,2025-11-28,STT,STT,Financials,5,0.006060606060606061
59,2025-11-28,WFC,WFC,Financials,5,0.006060606060606061
59,2025-11-28,ABBV,ABBV,Health Care,5,0.007575757575757576
59,2025-11-28,CAH,CAH,Health Care,5,0.007575757575757576
59,2025-11-28,COR,COR,Health Care,5,0.007575757575757576
59,2025-11-28,CVS,CVS,Health Care,5,0.007575757575757576
59,2025-11-28,EW,EW,Health Care,5,0.007575757575757576
59,2025-11-28,GILD,GILD,Health Care,5,0.007575757575757576
59,2025-11-28,HCA,HCA,Health Care,5,0.007575757575757576
59,2025-11-28,IDXX,IDXX,Health Care,5,0.007575757575757576
59,2025-11-28,INCY,INCY,Health Care,5,0.007575757575757576
59,2025-11-28,JNJ,JNJ,Health Care,5,0.007575757575757576
59,2025-11-28,MCK,MCK,Health Care,5,0.007575757575757576
59,2025-11-28,PODD,PODD,Health Care,5,0.007575757575757576
59,2025-11-28,BA,BA,Industrials,5,0.006060606060606061
59,2025-11-28,CAT,CAT,Industrials,5,0.006060606060606061
59,2025-11-28,CHRW,CHRW,Industrials,5,0.006060606060606061
59,2025-11-28,EME,EME,Industrials,5,0.006060606060606061
59,2025-11-28,GD,GD,Industrials,5,0.006060606060606061
59,2025-11-28,GE,GE,Industrials,5,0.006060606060606061
59,2025-11-28,GEV,GEV,Industrials,5,0.006060606060606061
59,2025-11-28,HII,HII,Industrials,5,0.006060606060606061
59,2025-11-28,HWM,HWM,Industrials,5,0.006060606060606061
59,2025-11-28,JCI,JCI,Industrials,5,0.006060606060606061
59,2025-11-28,MMM,MMM,Industrials,5,0.006060606060606061
59,2025-11-28,PWR,PWR,Industrials,5,0.006060606060606061
59,2025-11-28,ROK,ROK,Industrials,5,0.006060606060606061
59,2025-11-28,RTX,RTX,Industrials,5,0.006060606060606061
59,2025-11-28,UBER,UBER,Industrials,5,0.006060606060606061
59,2025-11-28,AMD,AMD,Information Technology,5,0.006993006993006994
59,2025-11-28,APH,APH,Information Technology,5,0.006993006993006994
59,2025-11-28,APP,APP,Information Technology,5,0.006993006993006994
59,2025-11-28,AVGO,AVGO,Information Technology,5,0.006993006993006994
59,2025-11-28,GLW,GLW,Information Technology,5,0.006993006993006994
59,2025-11-28,INTC,INTC,Information Technology,5,0.006993006993006994
59,2025-11-28,KLAC,KLAC,Information Technology,5,0.006993006993006994
59,2025-11-28,LRCX,LRCX,Information Technology,5,0.006993006993006994
59,2025-11-28,MPWR,MPWR,Information Technology,5,0.006993006993006994
59,2025-11-28,MU,MU,Information Technology,5,0.006993006993006994
59,2025-11-28,PLTR,PLTR,Information Technology,5,0.006993006993006994
59,2025-11-28,STX,STX,Information Technology,5,0.006993006993006994
59,2025-11-28,WDC,WDC,Information Technology,5,0.006993006993006994
59,2025-11-28,ECL,ECL,Materials,5,0.018181818181818184
59,2025-11-28,MLM,MLM,Materials,5,0.018181818181818184
59,2025-11-28,MOS,MOS,Materials,5,0.018181818181818184
59,2025-11-28,NEM,NEM,Materials,5,0.018181818181818184
59,2025-11-28,STLD,STLD,Materials,5,0.018181818181818184
59,2025-11-28,CBRE,CBRE,Real Estate,5,0.015151515151515152
59,2025-11-28,O,O,Real Estate,5,0.015151515151515152
59,2025-11-28,PLD,PLD,Real Estate,5,0.015151515151515152
59,2025-11-28,SPG,SPG,Real Estate,5,0.015151515151515152
59,2025-11-28,VTR,VTR,Real Estate,5,0.015151515151515152
59,2025-11-28,WELL,WELL,Real Estate,5,0.015151515151515152
59,2025-11-28,AEP,AEP,Utilities,5,0.015151515151515152
59,2025-11-28,CEG,CEG,Utilities,5,0.015151515151515152
59,2025-11-28,ES,ES,Utilities,5,0.015151515151515152
59,2025-11-28,ETR,ETR,Utilities,5,0.015151515151515152
59,2025-11-28,EVRG,EVRG,Utilities,5,0.015151515151515152
59,2025-11-28,NRG,NRG,Utilities,5,0.015151515151515152
60,2025-12-31,GOOG,GOOG,Communication Services,5,0.022727272727272728
60,2025-12-31,GOOGL,GOOGL,Communication Services,5,0.022727272727272728
60,2025-12-31,PSKY,PSKY,Communication Services,5,0.022727272727272728
60,2025-12-31,WBD,WBD,Communication Services,5,0.022727272727272728
60,2025-12-31,CVNA,CVNA,Consumer Discretionary,5,0.0101010101010101
60,2025-12-31,EBAY,EBAY,Consumer Discretionary,5,0.0101010101010101
60,2025-12-31,EXPE,EXPE,Consumer Discretionary,5,0.0101010101010101
60,2025-12-31,F,F,Consumer Discretionary,5,0.0101010101010101
60,2025-12-31,GM,GM,Consumer Discretionary,5,0.0101010101010101
60,2025-12-31,HAS,HAS,Consumer Discretionary,5,0.0101010101010101
60,2025-12-31,RL,RL,Consumer Discretionary,5,0.0101010101010101
60,2025-12-31,TPR,TPR,Consumer Discretionary,5,0.0101010101010101
60,2025-12-31,WYNN,WYNN,Consumer Discretionary,5,0.0101010101010101
60,2025-12-31,ADM,ADM,Consumer Staples,5,0.012987012987012986
60,2025-12-31,BG,BG,Consumer Staples,5,0.012987012987012986
60,2025-12-31,DG,DG,Consumer Staples,5,0.012987012987012986
60,2025-12-31,DLTR,DLTR,Consumer Staples,5,0.012987012987012986
60,2025-12-31,EL,EL,Consumer Staples,5,0.012987012987012986
60,2025-12-31,MNST,MNST,Consumer Staples,5,0.012987012987012986
60,2025-12-31,PM,PM,Consumer Staples,5,0.012987012987012986
60,2025-12-31,EQT,EQT,Energy,5,0.022727272727272728
60,2025-12-31,EXE,EXE,Energy,5,0.022727272727272728
60,2025-12-31,MPC,MPC,Energy,5,0.022727272727272728
60,2025-12-31,VLO,VLO,Energy,5,0.022727272727272728
60,2025-12-31,BNY,BNY,Financials,5,0.006060606060606061
60,2025-12-31,C,C,Financials,5,0.006060606060606061
60,2025-12-31,CBOE,CBOE,Financials,5,0.006060606060606061
60,2025-12-31,CFG,CFG,Financials,5,0.006060606060606061
60,2025-12-31,GS,GS,Financials,5,0.006060606060606061
60,2025-12-31,HIG,HIG,Financials,5,0.006060606060606061
60,2025-12-31,HOOD,HOOD,Financials,5,0.006060606060606061
60,2025-12-31,IBKR,IBKR,Financials,5,0.006060606060606061
60,2025-12-31,IVZ,IVZ,Financials,5,0.006060606060606061
60,2025-12-31,JPM,JPM,Financials,5,0.006060606060606061
60,2025-12-31,L,L,Financials,5,0.006060606060606061
60,2025-12-31,MS,MS,Financials,5,0.006060606060606061
60,2025-12-31,NTRS,NTRS,Financials,5,0.006060606060606061
60,2025-12-31,SCHW,SCHW,Financials,5,0.006060606060606061
60,2025-12-31,WRB,WRB,Financials,5,0.006060606060606061
60,2025-12-31,AMGN,AMGN,Health Care,5,0.007575757575757576
60,2025-12-31,CAH,CAH,Health Care,5,0.007575757575757576
60,2025-12-31,COR,COR,Health Care,5,0.007575757575757576
60,2025-12-31,CVS,CVS,Health Care,5,0.007575757575757576
60,2025-12-31,GILD,GILD,Health Care,5,0.007575757575757576
60,2025-12-31,HCA,HCA,Health Care,5,0.007575757575757576
60,2025-12-31,IDXX,IDXX,Health Care,5,0.007575757575757576
60,2025-12-31,INCY,INCY,Health Care,5,0.007575757575757576
60,2025-12-31,JNJ,JNJ,Health Care,5,0.007575757575757576
60,2025-12-31,LLY,LLY,Health Care,5,0.007575757575757576
60,2025-12-31,MCK,MCK,Health Care,5,0.007575757575757576
60,2025-12-31,UHS,UHS,Health Care,5,0.007575757575757576
60,2025-12-31,CAT,CAT,Industrials,5,0.005681818181818182
60,2025-12-31,CHRW,CHRW,Industrials,5,0.005681818181818182
60,2025-12-31,CMI,CMI,Industrials,5,0.005681818181818182
60,2025-12-31,EME,EME,Industrials,5,0.005681818181818182
60,2025-12-31,FIX,FIX,Industrials,5,0.005681818181818182
60,2025-12-31,GE,GE,Industrials,5,0.005681818181818182
60,2025-12-31,GEV,GEV,Industrials,5,0.005681818181818182
60,2025-12-31,HII,HII,Industrials,5,0.005681818181818182
60,2025-12-31,HWM,HWM,Industrials,5,0.005681818181818182
60,2025-12-31,JCI,JCI,Industrials,5,0.005681818181818182
60,2025-12-31,MMM,MMM,Industrials,5,0.005681818181818182
60,2025-12-31,PH,PH,Industrials,5,0.005681818181818182
60,2025-12-31,PWR,PWR,Industrials,5,0.005681818181818182
60,2025-12-31,ROK,ROK,Industrials,5,0.005681818181818182
60,2025-12-31,RTX,RTX,Industrials,5,0.005681818181818182
60,2025-12-31,UBER,UBER,Industrials,5,0.005681818181818182
60,2025-12-31,AMD,AMD,Information Technology,5,0.006993006993006994
60,2025-12-31,APH,APH,Information Technology,5,0.006993006993006994
60,2025-12-31,APP,APP,Information Technology,5,0.006993006993006994
60,2025-12-31,AVGO,AVGO,Information Technology,5,0.006993006993006994
60,2025-12-31,GLW,GLW,Information Technology,5,0.006993006993006994
60,2025-12-31,INTC,INTC,Information Technology,5,0.006993006993006994
60,2025-12-31,KLAC,KLAC,Information Technology,5,0.006993006993006994
60,2025-12-31,LRCX,LRCX,Information Technology,5,0.006993006993006994
60,2025-12-31,MU,MU,Information Technology,5,0.006993006993006994
60,2025-12-31,PLTR,PLTR,Information Technology,5,0.006993006993006994
60,2025-12-31,STX,STX,Information Technology,5,0.006993006993006994
60,2025-12-31,TEL,TEL,Information Technology,5,0.006993006993006994
60,2025-12-31,WDC,WDC,Information Technology,5,0.006993006993006994
60,2025-12-31,ALB,ALB,Materials,5,0.018181818181818184
60,2025-12-31,CRH,CRH,Materials,5,0.018181818181818184
60,2025-12-31,NEM,NEM,Materials,5,0.018181818181818184
60,2025-12-31,NUE,NUE,Materials,5,0.018181818181818184
60,2025-12-31,STLD,STLD,Materials,5,0.018181818181818184
60,2025-12-31,CBRE,CBRE,Real Estate,5,0.015151515151515152
60,2025-12-31,O,O,Real Estate,5,0.015151515151515152
60,2025-12-31,PLD,PLD,Real Estate,5,0.015151515151515152
60,2025-12-31,SPG,SPG,Real Estate,5,0.015151515151515152
60,2025-12-31,VTR,VTR,Real Estate,5,0.015151515151515152
60,2025-12-31,WELL,WELL,Real Estate,5,0.015151515151515152
60,2025-12-31,AEP,AEP,Utilities,5,0.015151515151515152
60,2025-12-31,CEG,CEG,Utilities,5,0.015151515151515152
60,2025-12-31,ETR,ETR,Utilities,5,0.015151515151515152
60,2025-12-31,EVRG,EVRG,Utilities,5,0.015151515151515152
60,2025-12-31,NRG,NRG,Utilities,5,0.015151515151515152
60,2025-12-31,VST,VST,Utilities,5,0.015151515151515152
